timestamp,index,memory_used_mib,memory_total_mib,utilization_gpu_percent,power_watts
2026/09/26 00:47:16.761, 0, 0, 97871, 0, 95.85
2026/09/26 00:47:16.765, 1, 0, 97871, 0, 77.77
2026/09/26 00:47:16.768, 2, 0, 97871, 0, 78.03
2026/09/26 00:47:16.772, 3, 0, 97871, 0, 78.35
2026/09/26 00:47:16.975, 0, 0, 97871, 0, 87.37
2026/09/26 00:47:16.975, 1, 0, 97871, 0, 77.52
2026/09/26 00:47:16.975, 2, 0, 97871, 0, 77.64
2026/09/26 00:47:16.976, 3, 0, 97871, 0, 78.09
2026/09/26 00:47:17.176, 0, 0, 97871, 0, 77.38
2026/09/26 00:47:17.176, 1, 0, 97871, 0, 77.30
2026/09/26 00:47:17.176, 2, 0, 97871, 0, 77.27
2026/09/26 00:47:17.176, 3, 0, 97871, 0, 77.84
2026/09/26 00:47:17.376, 0, 0, 97871, 0, 75.74
2026/09/26 00:47:17.376, 1, 0, 97871, 0, 77.11
2026/09/26 00:47:17.376, 2, 0, 97871, 0, 76.93
2026/09/26 00:47:17.376, 3, 0, 97871, 0, 77.66
2026/09/26 00:47:17.576, 0, 0, 97871, 0, 75.38
2026/09/26 00:47:17.576, 1, 0, 97871, 0, 76.97
2026/09/26 00:47:17.576, 2, 0, 97871, 0, 76.67
2026/09/26 00:47:17.576, 3, 0, 97871, 0, 77.48
2026/09/26 00:47:17.776, 0, 0, 97871, 0, 75.09
2026/09/26 00:47:17.776, 1, 0, 97871, 0, 76.92
2026/09/26 00:47:17.776, 2, 0, 97871, 0, 76.48
2026/09/26 00:47:17.776, 3, 0, 97871, 0, 77.42
2026/09/26 00:47:17.976, 0, 0, 97871, 0, 74.80
2026/09/26 00:47:17.976, 1, 0, 97871, 0, 76.85
2026/09/26 00:47:17.976, 2, 0, 97871, 0, 76.22
2026/09/26 00:47:17.976, 3, 0, 97871, 0, 77.33
2026/09/26 00:47:18.176, 0, 0, 97871, 0, 74.68
2026/09/26 00:47:18.177, 1, 0, 97871, 0, 76.81
2026/09/26 00:47:18.177, 2, 0, 97871, 0, 76.00
2026/09/26 00:47:18.177, 3, 0, 97871, 0, 77.32
2026/09/26 00:47:18.377, 0, 0, 97871, 0, 74.36
2026/09/26 00:47:18.377, 1, 0, 97871, 0, 76.80
2026/09/26 00:47:18.377, 2, 0, 97871, 0, 75.85
2026/09/26 00:47:18.377, 3, 0, 97871, 0, 77.25
2026/09/26 00:47:18.577, 0, 0, 97871, 0, 74.17
2026/09/26 00:47:18.577, 1, 0, 97871, 0, 76.77
2026/09/26 00:47:18.577, 2, 0, 97871, 0, 75.77
2026/09/26 00:47:18.577, 3, 0, 97871, 0, 77.24
2026/09/26 00:47:18.777, 0, 0, 97871, 0, 74.06
2026/09/26 00:47:18.777, 1, 0, 97871, 0, 76.75
2026/09/26 00:47:18.777, 2, 0, 97871, 0, 75.64
2026/09/26 00:47:18.777, 3, 0, 97871, 0, 77.21
2026/09/26 00:47:18.978, 0, 0, 97871, 0, 73.97
2026/09/26 00:47:18.978, 1, 0, 97871, 0, 76.74
2026/09/26 00:47:18.978, 2, 0, 97871, 0, 75.59
2026/09/26 00:47:18.978, 3, 0, 97871, 0, 77.19
2026/09/26 00:47:19.178, 0, 0, 97871, 0, 73.95
2026/09/26 00:47:19.178, 1, 0, 97871, 0, 76.71
2026/09/26 00:47:19.178, 2, 0, 97871, 0, 75.61
2026/09/26 00:47:19.178, 3, 0, 97871, 0, 77.15
2026/09/26 00:47:19.378, 0, 0, 97871, 0, 73.91
2026/09/26 00:47:19.378, 1, 0, 97871, 0, 76.71
2026/09/26 00:47:19.378, 2, 0, 97871, 0, 75.57
2026/09/26 00:47:19.378, 3, 0, 97871, 0, 77.15
2026/09/26 00:47:19.578, 0, 0, 97871, 0, 73.90
2026/09/26 00:47:19.578, 1, 0, 97871, 0, 76.72
2026/09/26 00:47:19.578, 2, 0, 97871, 0, 75.51
2026/09/26 00:47:19.578, 3, 0, 97871, 0, 77.13
2026/09/26 00:47:19.778, 0, 0, 97871, 0, 73.90
2026/09/26 00:47:19.778, 1, 0, 97871, 0, 76.71
2026/09/26 00:47:19.778, 2, 0, 97871, 0, 75.53
2026/09/26 00:47:19.778, 3, 0, 97871, 0, 77.11
2026/09/26 00:47:19.978, 0, 0, 97871, 0, 73.89
2026/09/26 00:47:19.978, 1, 0, 97871, 0, 76.69
2026/09/26 00:47:19.978, 2, 0, 97871, 0, 75.51
2026/09/26 00:47:19.978, 3, 0, 97871, 0, 77.08
2026/09/26 00:47:20.178, 0, 0, 97871, 0, 73.89
2026/09/26 00:47:20.178, 1, 0, 97871, 0, 76.69
2026/09/26 00:47:20.178, 2, 0, 97871, 0, 75.45
2026/09/26 00:47:20.178, 3, 0, 97871, 0, 77.08
2026/09/26 00:47:20.379, 0, 0, 97871, 0, 73.86
2026/09/26 00:47:20.379, 1, 0, 97871, 0, 76.69
2026/09/26 00:47:20.379, 2, 0, 97871, 0, 75.45
2026/09/26 00:47:20.379, 3, 0, 97871, 0, 77.05
2026/09/26 00:47:20.579, 0, 0, 97871, 0, 73.85
2026/09/26 00:47:20.579, 1, 0, 97871, 0, 76.69
2026/09/26 00:47:20.579, 2, 0, 97871, 0, 75.46
2026/09/26 00:47:20.579, 3, 0, 97871, 0, 77.05
2026/09/26 00:47:20.779, 0, 0, 97871, 0, 73.85
2026/09/26 00:47:20.779, 1, 0, 97871, 0, 76.65
2026/09/26 00:47:20.779, 2, 0, 97871, 0, 75.43
2026/09/26 00:47:20.779, 3, 0, 97871, 0, 77.04
2026/09/26 00:47:20.979, 0, 0, 97871, 0, 73.85
2026/09/26 00:47:20.979, 1, 0, 97871, 0, 76.64
2026/09/26 00:47:20.979, 2, 0, 97871, 0, 75.40
2026/09/26 00:47:20.979, 3, 0, 97871, 0, 77.05
2026/09/26 00:47:21.179, 0, 0, 97871, 0, 73.84
2026/09/26 00:47:21.179, 1, 0, 97871, 0, 76.61
2026/09/26 00:47:21.179, 2, 0, 97871, 0, 75.44
2026/09/26 00:47:21.179, 3, 0, 97871, 0, 77.02
2026/09/26 00:47:21.379, 0, 0, 97871, 0, 73.82
2026/09/26 00:47:21.379, 1, 0, 97871, 0, 76.58
2026/09/26 00:47:21.379, 2, 0, 97871, 0, 75.44
2026/09/26 00:47:21.379, 3, 0, 97871, 0, 77.03
2026/09/26 00:47:21.580, 0, 0, 97871, 0, 73.82
2026/09/26 00:47:21.580, 1, 0, 97871, 0, 76.54
2026/09/26 00:47:21.580, 2, 0, 97871, 0, 75.37
2026/09/26 00:47:21.580, 3, 0, 97871, 0, 77.02
2026/09/26 00:47:21.780, 0, 0, 97871, 0, 73.78
2026/09/26 00:47:21.780, 1, 0, 97871, 0, 76.54
2026/09/26 00:47:21.780, 2, 0, 97871, 0, 75.37
2026/09/26 00:47:21.780, 3, 0, 97871, 0, 77.00
2026/09/26 00:47:21.980, 0, 0, 97871, 0, 73.78
2026/09/26 00:47:21.980, 1, 0, 97871, 0, 76.50
2026/09/26 00:47:21.980, 2, 0, 97871, 0, 75.40
2026/09/26 00:47:21.980, 3, 0, 97871, 0, 77.00
2026/09/26 00:47:22.180, 0, 0, 97871, 0, 73.75
2026/09/26 00:47:22.180, 1, 0, 97871, 0, 76.51
2026/09/26 00:47:22.180, 2, 0, 97871, 0, 75.36
2026/09/26 00:47:22.180, 3, 0, 97871, 0, 77.00
2026/09/26 00:47:22.380, 0, 0, 97871, 0, 73.75
2026/09/26 00:47:22.380, 1, 0, 97871, 0, 76.51
2026/09/26 00:47:22.380, 2, 0, 97871, 0, 75.33
2026/09/26 00:47:22.380, 3, 0, 97871, 0, 76.98
2026/09/26 00:47:22.580, 0, 0, 97871, 0, 73.72
2026/09/26 00:47:22.580, 1, 0, 97871, 0, 76.55
2026/09/26 00:47:22.580, 2, 0, 97871, 0, 75.36
2026/09/26 00:47:22.580, 3, 0, 97871, 0, 76.97
2026/09/26 00:47:22.780, 0, 0, 97871, 0, 73.71
2026/09/26 00:47:22.780, 1, 0, 97871, 0, 76.60
2026/09/26 00:47:22.780, 2, 0, 97871, 0, 75.37
2026/09/26 00:47:22.780, 3, 0, 97871, 0, 76.97
2026/09/26 00:47:22.981, 0, 0, 97871, 0, 73.71
2026/09/26 00:47:22.981, 1, 0, 97871, 0, 76.67
2026/09/26 00:47:22.981, 2, 0, 97871, 0, 75.32
2026/09/26 00:47:22.981, 3, 0, 97871, 0, 76.97
2026/09/26 00:47:23.181, 0, 0, 97871, 0, 73.69
2026/09/26 00:47:23.181, 1, 0, 97871, 0, 76.73
2026/09/26 00:47:23.181, 2, 0, 97871, 0, 75.32
2026/09/26 00:47:23.181, 3, 0, 97871, 0, 76.95
2026/09/26 00:47:23.381, 0, 0, 97871, 0, 73.68
2026/09/26 00:47:23.381, 1, 0, 97871, 0, 76.76
2026/09/26 00:47:23.381, 2, 0, 97871, 0, 75.33
2026/09/26 00:47:23.381, 3, 0, 97871, 0, 76.94
2026/09/26 00:47:23.581, 0, 0, 97871, 0, 73.68
2026/09/26 00:47:23.581, 1, 0, 97871, 0, 76.75
2026/09/26 00:47:23.581, 2, 0, 97871, 0, 75.33
2026/09/26 00:47:23.581, 3, 0, 97871, 0, 76.93
2026/09/26 00:47:23.781, 0, 0, 97871, 0, 73.64
2026/09/26 00:47:23.781, 1, 0, 97871, 0, 76.75
2026/09/26 00:47:23.781, 2, 0, 97871, 0, 75.29
2026/09/26 00:47:23.781, 3, 0, 97871, 0, 76.91
2026/09/26 00:47:23.981, 0, 0, 97871, 0, 73.63
2026/09/26 00:47:23.981, 1, 0, 97871, 0, 76.74
2026/09/26 00:47:23.981, 2, 0, 97871, 0, 75.31
2026/09/26 00:47:23.981, 3, 0, 97871, 0, 76.89
2026/09/26 00:47:24.181, 0, 0, 97871, 0, 73.63
2026/09/26 00:47:24.181, 1, 0, 97871, 0, 76.71
2026/09/26 00:47:24.181, 2, 0, 97871, 0, 75.33
2026/09/26 00:47:24.181, 3, 0, 97871, 0, 76.87
2026/09/26 00:47:24.382, 0, 0, 97871, 0, 73.61
2026/09/26 00:47:24.382, 1, 0, 97871, 0, 76.71
2026/09/26 00:47:24.382, 2, 0, 97871, 0, 75.28
2026/09/26 00:47:24.382, 3, 0, 97871, 0, 76.86
2026/09/26 00:47:24.582, 0, 0, 97871, 0, 73.60
2026/09/26 00:47:24.582, 1, 0, 97871, 0, 76.70
2026/09/26 00:47:24.582, 2, 0, 97871, 0, 75.26
2026/09/26 00:47:24.582, 3, 0, 97871, 0, 76.82
2026/09/26 00:47:24.782, 0, 0, 97871, 0, 73.61
2026/09/26 00:47:24.782, 1, 0, 97871, 0, 76.68
2026/09/26 00:47:24.782, 2, 0, 97871, 0, 75.27
2026/09/26 00:47:24.782, 3, 0, 97871, 0, 76.80
2026/09/26 00:47:24.982, 0, 0, 97871, 0, 73.60
2026/09/26 00:47:24.982, 1, 0, 97871, 0, 76.68
2026/09/26 00:47:24.982, 2, 0, 97871, 0, 75.23
2026/09/26 00:47:24.982, 3, 0, 97871, 0, 76.79
2026/09/26 00:47:25.182, 0, 0, 97871, 0, 73.61
2026/09/26 00:47:25.182, 1, 0, 97871, 0, 76.67
2026/09/26 00:47:25.182, 2, 0, 97871, 0, 75.18
2026/09/26 00:47:25.182, 3, 0, 97871, 0, 76.78
2026/09/26 00:47:25.382, 0, 0, 97871, 0, 73.58
2026/09/26 00:47:25.382, 1, 0, 97871, 0, 76.65
2026/09/26 00:47:25.383, 2, 0, 97871, 0, 75.20
2026/09/26 00:47:25.383, 3, 0, 97871, 0, 76.75
2026/09/26 00:47:25.583, 0, 0, 97871, 0, 73.60
2026/09/26 00:47:25.583, 1, 0, 97871, 0, 76.65
2026/09/26 00:47:25.583, 2, 0, 97871, 0, 75.21
2026/09/26 00:47:25.583, 3, 0, 97871, 0, 76.75
2026/09/26 00:47:25.783, 0, 0, 97871, 0, 73.57
2026/09/26 00:47:25.783, 1, 0, 97871, 0, 76.65
2026/09/26 00:47:25.783, 2, 0, 97871, 0, 75.15
2026/09/26 00:47:25.783, 3, 0, 97871, 0, 76.73
2026/09/26 00:47:25.983, 0, 0, 97871, 0, 73.59
2026/09/26 00:47:25.983, 1, 0, 97871, 0, 76.65
2026/09/26 00:47:25.983, 2, 0, 97871, 0, 75.14
2026/09/26 00:47:25.983, 3, 0, 97871, 0, 76.72
2026/09/26 00:47:26.183, 0, 0, 97871, 0, 73.57
2026/09/26 00:47:26.183, 1, 0, 97871, 0, 76.62
2026/09/26 00:47:26.183, 2, 0, 97871, 0, 75.17
2026/09/26 00:47:26.183, 3, 0, 97871, 0, 76.69
2026/09/26 00:47:26.383, 0, 0, 97871, 0, 73.57
2026/09/26 00:47:26.383, 1, 0, 97871, 0, 76.60
2026/09/26 00:47:26.383, 2, 0, 97871, 0, 75.16
2026/09/26 00:47:26.383, 3, 0, 97871, 0, 76.69
2026/09/26 00:47:26.583, 0, 0, 97871, 0, 73.57
2026/09/26 00:47:26.583, 1, 0, 97871, 0, 76.60
2026/09/26 00:47:26.583, 2, 0, 97871, 0, 75.11
2026/09/26 00:47:26.583, 3, 0, 97871, 0, 76.67
2026/09/26 00:47:26.783, 0, 0, 97871, 0, 73.57
2026/09/26 00:47:26.784, 1, 0, 97871, 0, 76.56
2026/09/26 00:47:26.784, 2, 0, 97871, 0, 75.14
2026/09/26 00:47:26.784, 3, 0, 97871, 0, 76.66
2026/09/26 00:47:26.984, 0, 0, 97871, 0, 73.55
2026/09/26 00:47:26.984, 1, 0, 97871, 0, 76.52
2026/09/26 00:47:26.984, 2, 0, 97871, 0, 75.16
2026/09/26 00:47:26.984, 3, 0, 97871, 0, 76.63
2026/09/26 00:47:27.184, 0, 0, 97871, 0, 73.57
2026/09/26 00:47:27.184, 1, 0, 97871, 0, 76.52
2026/09/26 00:47:27.184, 2, 0, 97871, 0, 75.10
2026/09/26 00:47:27.184, 3, 0, 97871, 0, 76.62
2026/09/26 00:47:27.384, 0, 0, 97871, 0, 73.56
2026/09/26 00:47:27.384, 1, 0, 97871, 0, 76.52
2026/09/26 00:47:27.384, 2, 0, 97871, 0, 75.10
2026/09/26 00:47:27.384, 3, 0, 97871, 0, 76.60
2026/09/26 00:47:27.584, 0, 0, 97871, 0, 73.56
2026/09/26 00:47:27.584, 1, 0, 97871, 0, 76.50
2026/09/26 00:47:27.584, 2, 0, 97871, 0, 75.12
2026/09/26 00:47:27.584, 3, 0, 97871, 0, 76.61
2026/09/26 00:47:27.784, 0, 0, 97871, 0, 73.54
2026/09/26 00:47:27.784, 1, 0, 97871, 0, 76.49
2026/09/26 00:47:27.784, 2, 0, 97871, 0, 75.12
2026/09/26 00:47:27.784, 3, 0, 97871, 0, 76.62
2026/09/26 00:47:27.984, 0, 0, 97871, 0, 73.54
2026/09/26 00:47:27.984, 1, 0, 97871, 0, 76.49
2026/09/26 00:47:27.984, 2, 0, 97871, 0, 75.09
2026/09/26 00:47:27.984, 3, 0, 97871, 0, 76.63
2026/09/26 00:47:28.185, 0, 0, 97871, 0, 73.51
2026/09/26 00:47:28.185, 1, 0, 97871, 0, 76.47
2026/09/26 00:47:28.185, 2, 0, 97871, 0, 75.12
2026/09/26 00:47:28.185, 3, 0, 97871, 0, 76.63
2026/09/26 00:47:28.385, 0, 0, 97871, 0, 73.52
2026/09/26 00:47:28.385, 1, 0, 97871, 0, 76.45
2026/09/26 00:47:28.385, 2, 0, 97871, 0, 75.14
2026/09/26 00:47:28.385, 3, 0, 97871, 0, 76.63
2026/09/26 00:47:28.585, 0, 0, 97871, 0, 73.51
2026/09/26 00:47:28.585, 1, 0, 97871, 0, 76.42
2026/09/26 00:47:28.585, 2, 0, 97871, 0, 75.12
2026/09/26 00:47:28.585, 3, 0, 97871, 0, 76.62
2026/09/26 00:47:28.785, 0, 0, 97871, 0, 73.51
2026/09/26 00:47:28.785, 1, 0, 97871, 0, 76.40
2026/09/26 00:47:28.785, 2, 0, 97871, 0, 75.08
2026/09/26 00:47:28.785, 3, 0, 97871, 0, 76.61
2026/09/26 00:47:28.985, 0, 0, 97871, 0, 73.48
2026/09/26 00:47:28.985, 1, 0, 97871, 0, 76.39
2026/09/26 00:47:28.985, 2, 0, 97871, 0, 75.10
2026/09/26 00:47:28.985, 3, 0, 97871, 0, 76.59
2026/09/26 00:47:29.185, 0, 0, 97871, 0, 73.48
2026/09/26 00:47:29.185, 1, 0, 97871, 0, 76.39
2026/09/26 00:47:29.185, 2, 0, 97871, 0, 75.11
2026/09/26 00:47:29.185, 3, 0, 97871, 0, 76.64
2026/09/26 00:47:29.385, 0, 0, 97871, 0, 73.46
2026/09/26 00:47:29.385, 1, 0, 97871, 0, 76.39
2026/09/26 00:47:29.385, 2, 0, 97871, 0, 75.06
2026/09/26 00:47:29.385, 3, 0, 97871, 0, 76.69
2026/09/26 00:47:29.586, 0, 0, 97871, 0, 73.43
2026/09/26 00:47:29.586, 1, 0, 97871, 0, 76.38
2026/09/26 00:47:29.586, 2, 0, 97871, 0, 75.05
2026/09/26 00:47:29.586, 3, 0, 97871, 0, 76.74
2026/09/26 00:47:29.786, 0, 0, 97871, 0, 73.42
2026/09/26 00:47:29.786, 1, 0, 97871, 0, 76.37
2026/09/26 00:47:29.786, 2, 0, 97871, 0, 75.07
2026/09/26 00:47:29.786, 3, 0, 97871, 0, 76.78
2026/09/26 00:47:29.986, 0, 0, 97871, 0, 73.40
2026/09/26 00:47:29.986, 1, 0, 97871, 0, 76.35
2026/09/26 00:47:29.986, 2, 0, 97871, 0, 75.06
2026/09/26 00:47:29.986, 3, 0, 97871, 0, 76.83
2026/09/26 00:47:30.187, 0, 0, 97871, 0, 73.38
2026/09/26 00:47:30.187, 1, 0, 97871, 0, 76.36
2026/09/26 00:47:30.187, 2, 0, 97871, 0, 75.02
2026/09/26 00:47:30.187, 3, 0, 97871, 0, 76.83
2026/09/26 00:47:30.387, 0, 0, 97871, 0, 73.36
2026/09/26 00:47:30.387, 1, 0, 97871, 0, 76.34
2026/09/26 00:47:30.387, 2, 0, 97871, 0, 75.07
2026/09/26 00:47:30.387, 3, 0, 97871, 0, 76.82
2026/09/26 00:47:30.587, 0, 0, 97871, 0, 73.37
2026/09/26 00:47:30.587, 1, 0, 97871, 0, 76.34
2026/09/26 00:47:30.587, 2, 0, 97871, 0, 75.01
2026/09/26 00:47:30.587, 3, 0, 97871, 0, 76.77
2026/09/26 00:47:30.787, 0, 0, 97871, 0, 73.39
2026/09/26 00:47:30.787, 1, 0, 97871, 0, 76.32
2026/09/26 00:47:30.787, 2, 0, 97871, 0, 75.02
2026/09/26 00:47:30.787, 3, 0, 97871, 0, 76.77
2026/09/26 00:47:30.987, 0, 0, 97871, 0, 73.37
2026/09/26 00:47:30.987, 1, 0, 97871, 0, 76.32
2026/09/26 00:47:30.987, 2, 0, 97871, 0, 75.03
2026/09/26 00:47:30.987, 3, 0, 97871, 0, 76.75
2026/09/26 00:47:31.187, 0, 0, 97871, 0, 73.38
2026/09/26 00:47:31.187, 1, 0, 97871, 0, 76.32
2026/09/26 00:47:31.187, 2, 0, 97871, 0, 74.99
2026/09/26 00:47:31.187, 3, 0, 97871, 0, 76.73
2026/09/26 00:47:31.387, 0, 0, 97871, 0, 73.38
2026/09/26 00:47:31.387, 1, 0, 97871, 0, 76.32
2026/09/26 00:47:31.387, 2, 0, 97871, 0, 74.96
2026/09/26 00:47:31.387, 3, 0, 97871, 0, 76.71
2026/09/26 00:47:31.588, 0, 0, 97871, 0, 73.37
2026/09/26 00:47:31.588, 1, 0, 97871, 0, 76.27
2026/09/26 00:47:31.588, 2, 0, 97871, 0, 74.98
2026/09/26 00:47:31.588, 3, 0, 97871, 0, 76.71
2026/09/26 00:47:31.788, 0, 0, 97871, 0, 73.35
2026/09/26 00:47:31.788, 1, 0, 97871, 0, 76.25
2026/09/26 00:47:31.788, 2, 0, 97871, 0, 74.99
2026/09/26 00:47:31.788, 3, 0, 97871, 0, 76.69
2026/09/26 00:47:31.988, 0, 0, 97871, 0, 73.36
2026/09/26 00:47:31.988, 1, 0, 97871, 0, 76.26
2026/09/26 00:47:31.988, 2, 0, 97871, 0, 74.93
2026/09/26 00:47:31.988, 3, 0, 97871, 0, 76.68
2026/09/26 00:47:32.188, 0, 0, 97871, 0, 73.37
2026/09/26 00:47:32.188, 1, 0, 97871, 0, 76.25
2026/09/26 00:47:32.188, 2, 0, 97871, 0, 74.95
2026/09/26 00:47:32.188, 3, 0, 97871, 0, 76.66
2026/09/26 00:47:32.388, 0, 0, 97871, 0, 73.36
2026/09/26 00:47:32.388, 1, 0, 97871, 0, 76.23
2026/09/26 00:47:32.388, 2, 0, 97871, 0, 74.95
2026/09/26 00:47:32.388, 3, 0, 97871, 0, 76.65
2026/09/26 00:47:32.588, 0, 0, 97871, 0, 73.36
2026/09/26 00:47:32.588, 1, 0, 97871, 0, 76.24
2026/09/26 00:47:32.588, 2, 0, 97871, 0, 74.95
2026/09/26 00:47:32.588, 3, 0, 97871, 0, 76.64
2026/09/26 00:47:32.788, 0, 0, 97871, 0, 73.36
2026/09/26 00:47:32.788, 1, 0, 97871, 0, 76.23
2026/09/26 00:47:32.788, 2, 0, 97871, 0, 74.89
2026/09/26 00:47:32.788, 3, 0, 97871, 0, 76.64
2026/09/26 00:47:32.989, 0, 0, 97871, 0, 73.33
2026/09/26 00:47:32.989, 1, 0, 97871, 0, 76.20
2026/09/26 00:47:32.989, 2, 0, 97871, 0, 74.93
2026/09/26 00:47:32.989, 3, 0, 97871, 0, 76.64
2026/09/26 00:47:33.189, 0, 0, 97871, 0, 73.35
2026/09/26 00:47:33.189, 1, 0, 97871, 0, 76.16
2026/09/26 00:47:33.189, 2, 0, 97871, 0, 74.94
2026/09/26 00:47:33.189, 3, 0, 97871, 0, 76.62
2026/09/26 00:47:33.389, 0, 0, 97871, 0, 73.33
2026/09/26 00:47:33.389, 1, 0, 97871, 0, 76.14
2026/09/26 00:47:33.389, 2, 0, 97871, 0, 74.91
2026/09/26 00:47:33.389, 3, 0, 97871, 0, 76.62
2026/09/26 00:47:33.589, 0, 0, 97871, 0, 73.33
2026/09/26 00:47:33.589, 1, 0, 97871, 0, 76.11
2026/09/26 00:47:33.589, 2, 0, 97871, 0, 74.90
2026/09/26 00:47:33.589, 3, 0, 97871, 0, 76.61
2026/09/26 00:47:33.789, 0, 0, 97871, 0, 73.34
2026/09/26 00:47:33.789, 1, 0, 97871, 0, 76.10
2026/09/26 00:47:33.789, 2, 0, 97871, 0, 74.93
2026/09/26 00:47:33.789, 3, 0, 97871, 0, 76.61
2026/09/26 00:47:33.989, 0, 0, 97871, 0, 73.33
2026/09/26 00:47:33.989, 1, 0, 97871, 0, 76.08
2026/09/26 00:47:33.989, 2, 0, 97871, 0, 74.94
2026/09/26 00:47:33.989, 3, 0, 97871, 0, 76.61
2026/09/26 00:47:34.189, 0, 0, 97871, 0, 73.30
2026/09/26 00:47:34.190, 1, 0, 97871, 0, 76.09
2026/09/26 00:47:34.190, 2, 0, 97871, 0, 74.90
2026/09/26 00:47:34.190, 3, 0, 97871, 0, 76.61
2026/09/26 00:47:34.390, 0, 0, 97871, 0, 73.30
2026/09/26 00:47:34.390, 1, 0, 97871, 0, 76.08
2026/09/26 00:47:34.390, 2, 0, 97871, 0, 74.92
2026/09/26 00:47:34.390, 3, 0, 97871, 0, 76.60
2026/09/26 00:47:34.590, 0, 0, 97871, 0, 73.30
2026/09/26 00:47:34.590, 1, 0, 97871, 0, 76.07
2026/09/26 00:47:34.590, 2, 0, 97871, 0, 74.95
2026/09/26 00:47:34.590, 3, 0, 97871, 0, 76.60
2026/09/26 00:47:34.790, 0, 0, 97871, 0, 73.29
2026/09/26 00:47:34.791, 1, 0, 97871, 0, 76.06
2026/09/26 00:47:34.791, 2, 0, 97871, 0, 74.95
2026/09/26 00:47:34.791, 3, 0, 97871, 0, 76.58
2026/09/26 00:47:34.991, 0, 0, 97871, 0, 73.28
2026/09/26 00:47:34.991, 1, 0, 97871, 0, 76.06
2026/09/26 00:47:34.991, 2, 0, 97871, 0, 74.89
2026/09/26 00:47:34.991, 3, 0, 97871, 0, 76.56
2026/09/26 00:47:35.191, 0, 0, 97871, 0, 73.28
2026/09/26 00:47:35.191, 1, 0, 97871, 0, 76.05
2026/09/26 00:47:35.191, 2, 0, 97871, 0, 74.90
2026/09/26 00:47:35.191, 3, 0, 97871, 0, 76.57
2026/09/26 00:47:35.391, 0, 0, 97871, 0, 73.26
2026/09/26 00:47:35.391, 1, 0, 97871, 0, 76.03
2026/09/26 00:47:35.391, 2, 0, 97871, 0, 74.91
2026/09/26 00:47:35.391, 3, 0, 97871, 0, 76.57
2026/09/26 00:47:35.591, 0, 0, 97871, 0, 73.24
2026/09/26 00:47:35.591, 1, 0, 97871, 0, 76.01
2026/09/26 00:47:35.591, 2, 0, 97871, 0, 74.89
2026/09/26 00:47:35.591, 3, 0, 97871, 0, 76.56
2026/09/26 00:47:35.791, 0, 0, 97871, 0, 73.22
2026/09/26 00:47:35.791, 1, 0, 97871, 0, 76.03
2026/09/26 00:47:35.791, 2, 0, 97871, 0, 74.85
2026/09/26 00:47:35.792, 3, 0, 97871, 0, 76.54
2026/09/26 00:47:35.992, 0, 0, 97871, 0, 73.22
2026/09/26 00:47:35.992, 1, 0, 97871, 0, 76.02
2026/09/26 00:47:35.992, 2, 0, 97871, 0, 74.90
2026/09/26 00:47:35.992, 3, 0, 97871, 0, 76.54
2026/09/26 00:47:36.192, 0, 0, 97871, 0, 73.22
2026/09/26 00:47:36.192, 1, 0, 97871, 0, 76.00
2026/09/26 00:47:36.192, 2, 0, 97871, 0, 74.91
2026/09/26 00:47:36.192, 3, 0, 97871, 0, 76.50
2026/09/26 00:47:36.392, 0, 0, 97871, 0, 73.18
2026/09/26 00:47:36.392, 1, 0, 97871, 0, 76.00
2026/09/26 00:47:36.392, 2, 0, 97871, 0, 74.85
2026/09/26 00:47:36.392, 3, 0, 97871, 0, 76.47
2026/09/26 00:47:36.592, 0, 0, 97871, 0, 73.18
2026/09/26 00:47:36.592, 1, 0, 97871, 0, 76.01
2026/09/26 00:47:36.592, 2, 0, 97871, 0, 74.86
2026/09/26 00:47:36.592, 3, 0, 97871, 0, 76.46
2026/09/26 00:47:36.792, 0, 0, 97871, 0, 73.16
2026/09/26 00:47:36.792, 1, 0, 97871, 0, 76.00
2026/09/26 00:47:36.792, 2, 0, 97871, 0, 74.88
2026/09/26 00:47:36.792, 3, 0, 97871, 0, 76.44
2026/09/26 00:47:36.992, 0, 0, 97871, 0, 73.16
2026/09/26 00:47:36.992, 1, 0, 97871, 0, 75.99
2026/09/26 00:47:36.992, 2, 0, 97871, 0, 74.85
2026/09/26 00:47:36.992, 3, 0, 97871, 0, 76.43
2026/09/26 00:47:37.192, 0, 0, 97871, 0, 73.17
2026/09/26 00:47:37.192, 1, 0, 97871, 0, 75.98
2026/09/26 00:47:37.193, 2, 0, 97871, 0, 74.79
2026/09/26 00:47:37.193, 3, 0, 97871, 0, 76.41
2026/09/26 00:47:37.393, 0, 1, 97871, 0, 73.17
2026/09/26 00:47:37.416, 1, 1, 97871, 0, 75.98
2026/09/26 00:47:37.421, 2, 1, 97871, 0, 74.78
2026/09/26 00:47:37.422, 3, 1, 97871, 0, 76.42
2026/09/26 00:47:37.622, 0, 1, 97871, 0, 73.21
2026/09/26 00:47:37.630, 1, 1, 97871, 0, 75.97
2026/09/26 00:47:37.630, 2, 1, 97871, 0, 74.79
2026/09/26 00:47:37.632, 3, 1, 97871, 0, 76.39
2026/09/26 00:47:37.833, 0, 4, 97871, 0, 73.23
2026/09/26 00:47:37.872, 1, 1, 97871, 0, 75.97
2026/09/26 00:47:37.872, 2, 1, 97871, 0, 74.81
2026/09/26 00:47:37.872, 3, 1, 97871, 0, 76.39
2026/09/26 00:47:38.072, 0, 4, 97871, 0, 73.22
2026/09/26 00:47:38.079, 1, 4, 97871, 0, 76.03
2026/09/26 00:47:38.079, 2, 1, 97871, 0, 74.78
2026/09/26 00:47:38.079, 3, 1, 97871, 0, 76.36
2026/09/26 00:47:38.279, 0, 4, 97871, 0, 73.24
2026/09/26 00:47:38.318, 1, 4, 97871, 0, 76.76
2026/09/26 00:47:38.318, 2, 4, 97871, 0, 74.86
2026/09/26 00:47:38.318, 3, 1, 97871, 0, 76.36
2026/09/26 00:47:38.518, 0, 4, 97871, 0, 73.25
2026/09/26 00:47:38.520, 1, 4, 97871, 0, 77.24
2026/09/26 00:47:38.520, 2, 4, 97871, 0, 74.84
2026/09/26 00:47:38.522, 3, 4, 97871, 0, 76.40
2026/09/26 00:47:38.722, 0, 4, 97871, 0, 73.22
2026/09/26 00:47:38.722, 1, 4, 97871, 0, 77.69
2026/09/26 00:47:38.722, 2, 4, 97871, 0, 74.88
2026/09/26 00:47:38.722, 3, 4, 97871, 0, 76.39
2026/09/26 00:47:38.922, 0, 4, 97871, 0, 73.21
2026/09/26 00:47:38.922, 1, 4, 97871, 0, 78.14
2026/09/26 00:47:38.922, 2, 4, 97871, 0, 74.87
2026/09/26 00:47:38.922, 3, 4, 97871, 0, 76.41
2026/09/26 00:47:39.122, 0, 4, 97871, 0, 73.18
2026/09/26 00:47:39.123, 1, 8, 97871, 0, 78.36
2026/09/26 00:47:39.124, 2, 20, 97871, 0, 76.36
2026/09/26 00:47:39.124, 3, 8, 97871, 0, 77.08
2026/09/26 00:47:39.324, 0, 21, 97871, 0, 81.25
2026/09/26 00:47:39.337, 1, 21, 97871, 0, 87.45
2026/09/26 00:47:39.347, 2, 21, 97871, 0, 85.54
2026/09/26 00:47:39.352, 3, 21, 97871, 0, 86.55
2026/09/26 00:47:39.555, 0, 385, 97871, 0, 90.08
2026/09/26 00:47:39.555, 1, 385, 97871, 0, 97.23
2026/09/26 00:47:39.555, 2, 385, 97871, 0, 94.26
2026/09/26 00:47:39.555, 3, 385, 97871, 0, 96.43
2026/09/26 00:47:39.755, 0, 385, 97871, 1, 99.05
2026/09/26 00:47:39.755, 1, 385, 97871, 3, 105.86
2026/09/26 00:47:39.755, 2, 385, 97871, 1, 103.41
2026/09/26 00:47:39.755, 3, 385, 97871, 1, 105.13
2026/09/26 00:47:39.955, 0, 385, 97871, 0, 107.68
2026/09/26 00:47:39.955, 1, 385, 97871, 0, 114.83
2026/09/26 00:47:39.955, 2, 385, 97871, 0, 111.42
2026/09/26 00:47:39.955, 3, 385, 97871, 0, 114.21
2026/09/26 00:47:40.155, 0, 385, 97871, 0, 115.48
2026/09/26 00:47:40.157, 1, 385, 97871, 0, 123.81
2026/09/26 00:47:40.158, 2, 385, 97871, 0, 119.33
2026/09/26 00:47:40.158, 3, 385, 97871, 0, 123.57
2026/09/26 00:47:40.359, 0, 483, 97871, 0, 116.71
2026/09/26 00:47:40.360, 1, 483, 97871, 0, 124.62
2026/09/26 00:47:40.360, 2, 483, 97871, 0, 118.90
2026/09/26 00:47:40.361, 3, 483, 97871, 0, 123.18
2026/09/26 00:47:40.562, 0, 727, 97871, 6, 116.32
2026/09/26 00:47:40.562, 1, 725, 97871, 5, 124.16
2026/09/26 00:47:40.603, 2, 727, 97871, 7, 118.58
2026/09/26 00:47:40.603, 3, 727, 97871, 8, 122.74
2026/09/26 00:47:40.804, 0, 1019, 97871, 0, 116.38
2026/09/26 00:47:40.804, 1, 1019, 97871, 0, 124.36
2026/09/26 00:47:40.804, 2, 1019, 97871, 0, 118.52
2026/09/26 00:47:40.804, 3, 1019, 97871, 1, 122.76
2026/09/26 00:47:41.004, 0, 1163, 97871, 0, 116.38
2026/09/26 00:47:41.004, 1, 1163, 97871, 0, 124.40
2026/09/26 00:47:41.004, 2, 1163, 97871, 0, 118.53
2026/09/26 00:47:41.004, 3, 1163, 97871, 0, 122.77
2026/09/26 00:47:41.237, 0, 1207, 97871, 0, 116.58
2026/09/26 00:47:41.237, 1, 1209, 97871, 1, 124.67
2026/09/26 00:47:41.237, 2, 1211, 97871, 0, 118.93
2026/09/26 00:47:41.238, 3, 1209, 97871, 1, 123.16
2026/09/26 00:47:41.438, 0, 1735, 97871, 1, 116.58
2026/09/26 00:47:41.439, 1, 1735, 97871, 1, 124.82
2026/09/26 00:47:41.439, 2, 1735, 97871, 1, 119.00
2026/09/26 00:47:41.440, 3, 1735, 97871, 1, 123.16
2026/09/26 00:47:41.640, 0, 1735, 97871, 0, 116.61
2026/09/26 00:47:41.641, 1, 1735, 97871, 0, 124.85
2026/09/26 00:47:41.641, 2, 1735, 97871, 0, 119.02
2026/09/26 00:47:41.642, 3, 1735, 97871, 1, 123.19
2026/09/26 00:47:41.842, 0, 1735, 97871, 0, 116.76
2026/09/26 00:47:41.843, 1, 1735, 97871, 0, 124.93
2026/09/26 00:47:41.843, 2, 1735, 97871, 0, 119.31
2026/09/26 00:47:41.843, 3, 1735, 97871, 0, 123.49
2026/09/26 00:47:42.043, 0, 1805, 97871, 0, 116.71
2026/09/26 00:47:42.043, 1, 1805, 97871, 0, 124.91
2026/09/26 00:47:42.043, 2, 1805, 97871, 0, 119.30
2026/09/26 00:47:42.043, 3, 1805, 97871, 0, 123.46
2026/09/26 00:47:42.243, 0, 1805, 97871, 0, 116.63
2026/09/26 00:47:42.243, 1, 1805, 97871, 0, 124.61
2026/09/26 00:47:42.243, 2, 1805, 97871, 0, 118.96
2026/09/26 00:47:42.243, 3, 1805, 97871, 0, 123.06
2026/09/26 00:47:42.443, 0, 2831, 97871, 0, 116.74
2026/09/26 00:47:42.443, 1, 2831, 97871, 3, 124.49
2026/09/26 00:47:42.443, 2, 2831, 97871, 0, 118.94
2026/09/26 00:47:42.443, 3, 2831, 97871, 0, 123.05
2026/09/26 00:47:42.643, 0, 2831, 97871, 0, 116.83
2026/09/26 00:47:42.643, 1, 2831, 97871, 0, 124.40
2026/09/26 00:47:42.643, 2, 2831, 97871, 0, 118.86
2026/09/26 00:47:42.643, 3, 2831, 97871, 0, 123.00
2026/09/26 00:47:42.843, 0, 4281, 97871, 3, 117.73
2026/09/26 00:47:42.843, 1, 4281, 97871, 2, 124.40
2026/09/26 00:47:42.843, 2, 4281, 97871, 3, 118.82
2026/09/26 00:47:42.843, 3, 4281, 97871, 0, 122.66
2026/09/26 00:47:43.043, 0, 8965, 97871, 6, 117.81
2026/09/26 00:47:43.043, 1, 7903, 97871, 3, 124.55
2026/09/26 00:47:43.043, 2, 8545, 97871, 6, 118.80
2026/09/26 00:47:43.044, 3, 7373, 97871, 0, 123.16
2026/09/26 00:47:43.244, 0, 16099, 97871, 4, 117.74
2026/09/26 00:47:43.244, 1, 15709, 97871, 4, 124.54
2026/09/26 00:47:43.244, 2, 15633, 97871, 4, 118.76
2026/09/26 00:47:43.244, 3, 15553, 97871, 4, 123.16
2026/09/26 00:47:43.444, 0, 18361, 97871, 2, 117.65
2026/09/26 00:47:43.444, 1, 18127, 97871, 3, 124.52
2026/09/26 00:47:43.444, 2, 17577, 97871, 2, 118.75
2026/09/26 00:47:43.444, 3, 17323, 97871, 4, 123.16
2026/09/26 00:47:43.644, 0, 18361, 97871, 2, 117.57
2026/09/26 00:47:43.644, 1, 18127, 97871, 2, 124.50
2026/09/26 00:47:43.644, 2, 17577, 97871, 2, 118.77
2026/09/26 00:47:43.644, 3, 17323, 97871, 1, 123.15
2026/09/26 00:47:43.844, 0, 18361, 97871, 2, 116.51
2026/09/26 00:47:43.844, 1, 18127, 97871, 2, 124.21
2026/09/26 00:47:43.844, 2, 17577, 97871, 3, 118.49
2026/09/26 00:47:43.844, 3, 17323, 97871, 3, 123.16
2026/09/26 00:47:44.044, 0, 18361, 97871, 2, 116.55
2026/09/26 00:47:44.044, 1, 18127, 97871, 3, 124.04
2026/09/26 00:47:44.044, 2, 17577, 97871, 2, 118.44
2026/09/26 00:47:44.044, 3, 17323, 97871, 3, 122.61
2026/09/26 00:47:44.244, 0, 18361, 97871, 3, 116.64
2026/09/26 00:47:44.244, 1, 18127, 97871, 2, 124.02
2026/09/26 00:47:44.244, 2, 17577, 97871, 3, 118.42
2026/09/26 00:47:44.244, 3, 17323, 97871, 2, 122.60
2026/09/26 00:47:44.445, 0, 18361, 97871, 2, 116.74
2026/09/26 00:47:44.445, 1, 18127, 97871, 2, 124.02
2026/09/26 00:47:44.445, 2, 17577, 97871, 2, 118.40
2026/09/26 00:47:44.445, 3, 17323, 97871, 3, 122.55
2026/09/26 00:47:44.645, 0, 18361, 97871, 2, 116.78
2026/09/26 00:47:44.645, 1, 18127, 97871, 2, 124.01
2026/09/26 00:47:44.645, 2, 17577, 97871, 2, 118.41
2026/09/26 00:47:44.645, 3, 17323, 97871, 2, 122.57
2026/09/26 00:47:44.845, 0, 18361, 97871, 2, 116.81
2026/09/26 00:47:44.845, 1, 18127, 97871, 2, 123.98
2026/09/26 00:47:44.845, 2, 17577, 97871, 2, 118.36
2026/09/26 00:47:44.845, 3, 17323, 97871, 2, 122.55
2026/09/26 00:47:45.045, 0, 18361, 97871, 2, 116.80
2026/09/26 00:47:45.045, 1, 18127, 97871, 3, 123.98
2026/09/26 00:47:45.045, 2, 17577, 97871, 2, 118.38
2026/09/26 00:47:45.045, 3, 17323, 97871, 2, 122.53
2026/09/26 00:47:45.245, 0, 18361, 97871, 3, 116.79
2026/09/26 00:47:45.245, 1, 18127, 97871, 2, 123.96
2026/09/26 00:47:45.245, 2, 17577, 97871, 2, 118.41
2026/09/26 00:47:45.245, 3, 17323, 97871, 2, 122.50
2026/09/26 00:47:45.445, 0, 18361, 97871, 2, 116.79
2026/09/26 00:47:45.445, 1, 18127, 97871, 2, 123.93
2026/09/26 00:47:45.445, 2, 17577, 97871, 2, 118.42
2026/09/26 00:47:45.445, 3, 17323, 97871, 2, 122.51
2026/09/26 00:47:45.646, 0, 18361, 97871, 2, 116.77
2026/09/26 00:47:45.646, 1, 18127, 97871, 2, 123.91
2026/09/26 00:47:45.646, 2, 17577, 97871, 2, 118.36
2026/09/26 00:47:45.646, 3, 17323, 97871, 2, 122.50
2026/09/26 00:47:45.846, 0, 18361, 97871, 2, 116.76
2026/09/26 00:47:45.846, 1, 18127, 97871, 2, 123.89
2026/09/26 00:47:45.846, 2, 17577, 97871, 2, 118.42
2026/09/26 00:47:45.846, 3, 17323, 97871, 2, 122.48
2026/09/26 00:47:46.046, 0, 18361, 97871, 2, 116.74
2026/09/26 00:47:46.046, 1, 18127, 97871, 3, 123.87
2026/09/26 00:47:46.046, 2, 17577, 97871, 2, 118.43
2026/09/26 00:47:46.046, 3, 17323, 97871, 2, 122.49
2026/09/26 00:47:46.246, 0, 18361, 97871, 2, 116.74
2026/09/26 00:47:46.246, 1, 18127, 97871, 2, 123.86
2026/09/26 00:47:46.246, 2, 17577, 97871, 2, 118.39
2026/09/26 00:47:46.246, 3, 17323, 97871, 3, 122.49
2026/09/26 00:47:46.446, 0, 18361, 97871, 2, 116.74
2026/09/26 00:47:46.446, 1, 18127, 97871, 2, 123.84
2026/09/26 00:47:46.446, 2, 17577, 97871, 2, 118.36
2026/09/26 00:47:46.446, 3, 17323, 97871, 2, 122.48
2026/09/26 00:47:46.646, 0, 18361, 97871, 2, 116.75
2026/09/26 00:47:46.646, 1, 18127, 97871, 2, 123.84
2026/09/26 00:47:46.646, 2, 17577, 97871, 2, 118.39
2026/09/26 00:47:46.646, 3, 17323, 97871, 2, 122.47
2026/09/26 00:47:46.846, 0, 18361, 97871, 2, 116.74
2026/09/26 00:47:46.847, 1, 18127, 97871, 2, 123.86
2026/09/26 00:47:46.847, 2, 17577, 97871, 2, 118.42
2026/09/26 00:47:46.847, 3, 17323, 97871, 2, 122.46
2026/09/26 00:47:47.047, 0, 18361, 97871, 2, 116.70
2026/09/26 00:47:47.047, 1, 18127, 97871, 2, 123.85
2026/09/26 00:47:47.047, 2, 17577, 97871, 3, 118.38
2026/09/26 00:47:47.047, 3, 17323, 97871, 2, 122.46
2026/09/26 00:47:47.247, 0, 18361, 97871, 3, 116.73
2026/09/26 00:47:47.247, 1, 18127, 97871, 2, 123.83
2026/09/26 00:47:47.247, 2, 17577, 97871, 2, 118.38
2026/09/26 00:47:47.247, 3, 17323, 97871, 2, 122.45
2026/09/26 00:47:47.447, 0, 18361, 97871, 2, 116.67
2026/09/26 00:47:47.447, 1, 18127, 97871, 2, 123.81
2026/09/26 00:47:47.447, 2, 17577, 97871, 2, 118.40
2026/09/26 00:47:47.447, 3, 17323, 97871, 3, 122.43
2026/09/26 00:47:47.647, 0, 18361, 97871, 2, 116.66
2026/09/26 00:47:47.647, 1, 18127, 97871, 3, 123.78
2026/09/26 00:47:47.647, 2, 17577, 97871, 3, 118.41
2026/09/26 00:47:47.647, 3, 17323, 97871, 2, 122.41
2026/09/26 00:47:47.847, 0, 18361, 97871, 3, 116.65
2026/09/26 00:47:47.847, 1, 18127, 97871, 2, 123.75
2026/09/26 00:47:47.847, 2, 17577, 97871, 2, 118.35
2026/09/26 00:47:47.847, 3, 17323, 97871, 2, 122.42
2026/09/26 00:47:48.047, 0, 18361, 97871, 2, 116.64
2026/09/26 00:47:48.047, 1, 18127, 97871, 2, 123.74
2026/09/26 00:47:48.047, 2, 17577, 97871, 2, 118.36
2026/09/26 00:47:48.047, 3, 17323, 97871, 3, 122.37
2026/09/26 00:47:48.248, 0, 18361, 97871, 2, 116.64
2026/09/26 00:47:48.248, 1, 18127, 97871, 2, 123.72
2026/09/26 00:47:48.248, 2, 17577, 97871, 3, 118.36
2026/09/26 00:47:48.248, 3, 17323, 97871, 2, 122.38
2026/09/26 00:47:48.448, 0, 18361, 97871, 2, 116.62
2026/09/26 00:47:48.448, 1, 18127, 97871, 2, 123.72
2026/09/26 00:47:48.448, 2, 17577, 97871, 2, 118.30
2026/09/26 00:47:48.448, 3, 17323, 97871, 2, 122.35
2026/09/26 00:47:48.648, 0, 18361, 97871, 2, 116.64
2026/09/26 00:47:48.648, 1, 18127, 97871, 3, 123.71
2026/09/26 00:47:48.648, 2, 17577, 97871, 2, 118.28
2026/09/26 00:47:48.648, 3, 17323, 97871, 3, 122.35
2026/09/26 00:47:48.848, 0, 18361, 97871, 2, 116.65
2026/09/26 00:47:48.848, 1, 18127, 97871, 2, 123.71
2026/09/26 00:47:48.848, 2, 17577, 97871, 2, 118.27
2026/09/26 00:47:48.848, 3, 17323, 97871, 2, 122.28
2026/09/26 00:47:49.048, 0, 18361, 97871, 2, 116.64
2026/09/26 00:47:49.048, 1, 18127, 97871, 3, 123.71
2026/09/26 00:47:49.048, 2, 17577, 97871, 2, 118.26
2026/09/26 00:47:49.048, 3, 17323, 97871, 2, 122.29
2026/09/26 00:47:49.248, 0, 18361, 97871, 2, 116.62
2026/09/26 00:47:49.248, 1, 18127, 97871, 2, 123.71
2026/09/26 00:47:49.248, 2, 17577, 97871, 3, 118.21
2026/09/26 00:47:49.248, 3, 17323, 97871, 2, 122.27
2026/09/26 00:47:49.448, 0, 18361, 97871, 2, 116.58
2026/09/26 00:47:49.449, 1, 18127, 97871, 2, 123.71
2026/09/26 00:47:49.449, 2, 17577, 97871, 2, 118.19
2026/09/26 00:47:49.449, 3, 17323, 97871, 2, 122.25
2026/09/26 00:47:49.649, 0, 18361, 97871, 2, 116.58
2026/09/26 00:47:49.649, 1, 18127, 97871, 2, 123.72
2026/09/26 00:47:49.649, 2, 17577, 97871, 2, 118.20
2026/09/26 00:47:49.649, 3, 17323, 97871, 2, 122.22
2026/09/26 00:47:49.849, 0, 18361, 97871, 2, 116.57
2026/09/26 00:47:49.849, 1, 18127, 97871, 2, 123.69
2026/09/26 00:47:49.849, 2, 17577, 97871, 3, 118.21
2026/09/26 00:47:49.849, 3, 17323, 97871, 3, 122.21
2026/09/26 00:47:50.049, 0, 18361, 97871, 2, 116.56
2026/09/26 00:47:50.050, 1, 18127, 97871, 2, 123.68
2026/09/26 00:47:50.050, 2, 17577, 97871, 2, 118.18
2026/09/26 00:47:50.050, 3, 17323, 97871, 2, 122.18
2026/09/26 00:47:50.250, 0, 18361, 97871, 3, 116.58
2026/09/26 00:47:50.250, 1, 18127, 97871, 2, 123.67
2026/09/26 00:47:50.250, 2, 17577, 97871, 2, 118.18
2026/09/26 00:47:50.250, 3, 17323, 97871, 2, 122.16
2026/09/26 00:47:50.450, 0, 18361, 97871, 2, 116.58
2026/09/26 00:47:50.450, 1, 18127, 97871, 2, 123.65
2026/09/26 00:47:50.450, 2, 17577, 97871, 3, 118.21
2026/09/26 00:47:50.450, 3, 17323, 97871, 3, 122.15
2026/09/26 00:47:50.650, 0, 18361, 97871, 2, 116.58
2026/09/26 00:47:50.650, 1, 18127, 97871, 3, 123.63
2026/09/26 00:47:50.650, 2, 17577, 97871, 2, 118.20
2026/09/26 00:47:50.650, 3, 17323, 97871, 3, 122.17
2026/09/26 00:47:50.850, 0, 18361, 97871, 3, 116.54
2026/09/26 00:47:50.850, 1, 18127, 97871, 3, 123.63
2026/09/26 00:47:50.850, 2, 17577, 97871, 5, 118.20
2026/09/26 00:47:50.850, 3, 17323, 97871, 4, 122.22
2026/09/26 00:47:51.050, 0, 18361, 97871, 2, 116.56
2026/09/26 00:47:51.050, 1, 18127, 97871, 2, 123.63
2026/09/26 00:47:51.050, 2, 17577, 97871, 2, 118.24
2026/09/26 00:47:51.050, 3, 17323, 97871, 3, 122.22
2026/09/26 00:47:51.250, 0, 18361, 97871, 5, 116.55
2026/09/26 00:47:51.250, 1, 18127, 97871, 3, 123.61
2026/09/26 00:47:51.250, 2, 17577, 97871, 2, 118.24
2026/09/26 00:47:51.250, 3, 17323, 97871, 2, 122.21
2026/09/26 00:47:51.451, 0, 18361, 97871, 2, 116.56
2026/09/26 00:47:51.451, 1, 18127, 97871, 2, 123.60
2026/09/26 00:47:51.451, 2, 17577, 97871, 2, 118.22
2026/09/26 00:47:51.451, 3, 17323, 97871, 2, 122.20
2026/09/26 00:47:51.651, 0, 18361, 97871, 2, 116.58
2026/09/26 00:47:51.651, 1, 18127, 97871, 2, 123.58
2026/09/26 00:47:51.651, 2, 17577, 97871, 2, 118.22
2026/09/26 00:47:51.651, 3, 17323, 97871, 2, 122.20
2026/09/26 00:47:51.851, 0, 18361, 97871, 2, 116.57
2026/09/26 00:47:51.851, 1, 18127, 97871, 2, 123.56
2026/09/26 00:47:51.851, 2, 17577, 97871, 5, 118.24
2026/09/26 00:47:51.851, 3, 17323, 97871, 4, 122.17
2026/09/26 00:47:52.051, 0, 18361, 97871, 2, 116.57
2026/09/26 00:47:52.051, 1, 18127, 97871, 2, 123.53
2026/09/26 00:47:52.051, 2, 17577, 97871, 3, 118.24
2026/09/26 00:47:52.051, 3, 17323, 97871, 2, 122.15
2026/09/26 00:47:52.251, 0, 18361, 97871, 2, 116.53
2026/09/26 00:47:52.251, 1, 18127, 97871, 2, 123.53
2026/09/26 00:47:52.251, 2, 17577, 97871, 2, 118.19
2026/09/26 00:47:52.251, 3, 17323, 97871, 2, 122.13
2026/09/26 00:47:52.451, 0, 18361, 97871, 2, 116.56
2026/09/26 00:47:52.451, 1, 18127, 97871, 2, 123.53
2026/09/26 00:47:52.451, 2, 17577, 97871, 3, 118.19
2026/09/26 00:47:52.451, 3, 17323, 97871, 2, 122.16
2026/09/26 00:47:52.651, 0, 18361, 97871, 2, 116.55
2026/09/26 00:47:52.652, 1, 18127, 97871, 2, 123.52
2026/09/26 00:47:52.652, 2, 17577, 97871, 3, 118.20
2026/09/26 00:47:52.652, 3, 17323, 97871, 3, 122.14
2026/09/26 00:47:52.852, 0, 18361, 97871, 2, 116.54
2026/09/26 00:47:52.852, 1, 18127, 97871, 2, 123.52
2026/09/26 00:47:52.852, 2, 17577, 97871, 2, 118.18
2026/09/26 00:47:52.852, 3, 17323, 97871, 3, 122.10
2026/09/26 00:47:53.052, 0, 18361, 97871, 2, 116.56
2026/09/26 00:47:53.052, 1, 18127, 97871, 2, 123.52
2026/09/26 00:47:53.052, 2, 17577, 97871, 3, 118.15
2026/09/26 00:47:53.052, 3, 17323, 97871, 2, 122.11
2026/09/26 00:47:53.252, 0, 18361, 97871, 3, 116.55
2026/09/26 00:47:53.252, 1, 18127, 97871, 3, 123.50
2026/09/26 00:47:53.252, 2, 17577, 97871, 3, 118.19
2026/09/26 00:47:53.252, 3, 17323, 97871, 2, 122.11
2026/09/26 00:47:53.452, 0, 18361, 97871, 2, 116.51
2026/09/26 00:47:53.452, 1, 18127, 97871, 2, 123.48
2026/09/26 00:47:53.452, 2, 17577, 97871, 2, 118.20
2026/09/26 00:47:53.452, 3, 17323, 97871, 2, 122.11
2026/09/26 00:47:53.652, 0, 18361, 97871, 2, 116.48
2026/09/26 00:47:53.652, 1, 18127, 97871, 2, 123.49
2026/09/26 00:47:53.652, 2, 17577, 97871, 2, 118.21
2026/09/26 00:47:53.652, 3, 17323, 97871, 2, 122.11
2026/09/26 00:47:53.852, 0, 18361, 97871, 2, 116.50
2026/09/26 00:47:53.852, 1, 18127, 97871, 2, 123.49
2026/09/26 00:47:53.852, 2, 17577, 97871, 2, 118.15
2026/09/26 00:47:53.852, 3, 17323, 97871, 2, 122.10
2026/09/26 00:47:54.053, 0, 18361, 97871, 2, 116.50
2026/09/26 00:47:54.053, 1, 18127, 97871, 2, 123.47
2026/09/26 00:47:54.053, 2, 17577, 97871, 2, 118.19
2026/09/26 00:47:54.053, 3, 17323, 97871, 2, 122.10
2026/09/26 00:47:54.253, 0, 18361, 97871, 2, 116.49
2026/09/26 00:47:54.253, 1, 18127, 97871, 2, 123.48
2026/09/26 00:47:54.253, 2, 17577, 97871, 3, 118.19
2026/09/26 00:47:54.253, 3, 17323, 97871, 2, 122.09
2026/09/26 00:47:54.453, 0, 18361, 97871, 2, 116.51
2026/09/26 00:47:54.453, 1, 18127, 97871, 2, 123.47
2026/09/26 00:47:54.453, 2, 17577, 97871, 2, 118.18
2026/09/26 00:47:54.453, 3, 17323, 97871, 2, 122.08
2026/09/26 00:47:54.653, 0, 18361, 97871, 2, 116.46
2026/09/26 00:47:54.653, 1, 18127, 97871, 2, 123.48
2026/09/26 00:47:54.653, 2, 17577, 97871, 2, 118.12
2026/09/26 00:47:54.653, 3, 17323, 97871, 2, 122.07
2026/09/26 00:47:54.853, 0, 18361, 97871, 2, 116.47
2026/09/26 00:47:54.853, 1, 18127, 97871, 2, 123.46
2026/09/26 00:47:54.853, 2, 17577, 97871, 2, 118.15
2026/09/26 00:47:54.853, 3, 17323, 97871, 2, 122.07
2026/09/26 00:47:55.053, 0, 18361, 97871, 2, 116.47
2026/09/26 00:47:55.053, 1, 18127, 97871, 2, 123.46
2026/09/26 00:47:55.053, 2, 17577, 97871, 2, 118.14
2026/09/26 00:47:55.053, 3, 17323, 97871, 3, 122.06
2026/09/26 00:47:55.253, 0, 18361, 97871, 3, 116.47
2026/09/26 00:47:55.254, 1, 18127, 97871, 2, 123.45
2026/09/26 00:47:55.254, 2, 17577, 97871, 2, 118.12
2026/09/26 00:47:55.254, 3, 17323, 97871, 2, 122.06
2026/09/26 00:47:55.454, 0, 18361, 97871, 2, 116.47
2026/09/26 00:47:55.454, 1, 18127, 97871, 2, 123.45
2026/09/26 00:47:55.454, 2, 17577, 97871, 2, 118.10
2026/09/26 00:47:55.454, 3, 17323, 97871, 2, 122.02
2026/09/26 00:47:55.654, 0, 18361, 97871, 2, 116.48
2026/09/26 00:47:55.654, 1, 18127, 97871, 2, 123.44
2026/09/26 00:47:55.654, 2, 17577, 97871, 2, 118.11
2026/09/26 00:47:55.654, 3, 17323, 97871, 2, 122.02
2026/09/26 00:47:55.854, 0, 18361, 97871, 2, 116.50
2026/09/26 00:47:55.854, 1, 18127, 97871, 2, 123.47
2026/09/26 00:47:55.854, 2, 17577, 97871, 2, 118.11
2026/09/26 00:47:55.854, 3, 17323, 97871, 2, 121.99
2026/09/26 00:47:56.054, 0, 18361, 97871, 2, 116.46
2026/09/26 00:47:56.054, 1, 18127, 97871, 2, 123.45
2026/09/26 00:47:56.054, 2, 17577, 97871, 2, 118.04
2026/09/26 00:47:56.054, 3, 17323, 97871, 1, 121.96
2026/09/26 00:47:56.254, 0, 18361, 97871, 2, 116.46
2026/09/26 00:47:56.254, 1, 18127, 97871, 2, 123.44
2026/09/26 00:47:56.254, 2, 17577, 97871, 2, 118.05
2026/09/26 00:47:56.254, 3, 17323, 97871, 2, 121.96
2026/09/26 00:47:56.454, 0, 18361, 97871, 2, 116.47
2026/09/26 00:47:56.454, 1, 18127, 97871, 2, 123.41
2026/09/26 00:47:56.454, 2, 17577, 97871, 2, 118.04
2026/09/26 00:47:56.454, 3, 17323, 97871, 2, 121.97
2026/09/26 00:47:56.655, 0, 18361, 97871, 2, 116.46
2026/09/26 00:47:56.655, 1, 18127, 97871, 2, 123.41
2026/09/26 00:47:56.655, 2, 17577, 97871, 2, 118.06
2026/09/26 00:47:56.655, 3, 17323, 97871, 2, 121.98
2026/09/26 00:47:56.855, 0, 18361, 97871, 2, 116.46
2026/09/26 00:47:56.855, 1, 18127, 97871, 2, 123.37
2026/09/26 00:47:56.855, 2, 17577, 97871, 2, 118.02
2026/09/26 00:47:56.855, 3, 17323, 97871, 2, 121.95
2026/09/26 00:47:57.055, 0, 18361, 97871, 2, 116.46
2026/09/26 00:47:57.055, 1, 18127, 97871, 2, 123.36
2026/09/26 00:47:57.055, 2, 17577, 97871, 2, 118.08
2026/09/26 00:47:57.055, 3, 17323, 97871, 2, 121.93
2026/09/26 00:47:57.255, 0, 18361, 97871, 2, 116.50
2026/09/26 00:47:57.255, 1, 18127, 97871, 2, 123.32
2026/09/26 00:47:57.255, 2, 17577, 97871, 2, 118.09
2026/09/26 00:47:57.255, 3, 17323, 97871, 2, 121.94
2026/09/26 00:47:57.455, 0, 18361, 97871, 2, 116.44
2026/09/26 00:47:57.455, 1, 18127, 97871, 2, 123.27
2026/09/26 00:47:57.455, 2, 17577, 97871, 2, 118.08
2026/09/26 00:47:57.455, 3, 17323, 97871, 3, 121.93
2026/09/26 00:47:57.655, 0, 18361, 97871, 2, 116.46
2026/09/26 00:47:57.655, 1, 18127, 97871, 2, 123.31
2026/09/26 00:47:57.655, 2, 17577, 97871, 3, 118.09
2026/09/26 00:47:57.655, 3, 17323, 97871, 2, 121.93
2026/09/26 00:47:57.855, 0, 18361, 97871, 2, 116.44
2026/09/26 00:47:57.855, 1, 18127, 97871, 2, 123.29
2026/09/26 00:47:57.855, 2, 17577, 97871, 2, 118.14
2026/09/26 00:47:57.855, 3, 17323, 97871, 2, 121.93
2026/09/26 00:47:58.056, 0, 18361, 97871, 2, 116.44
2026/09/26 00:47:58.056, 1, 18127, 97871, 2, 123.25
2026/09/26 00:47:58.056, 2, 17577, 97871, 2, 118.15
2026/09/26 00:47:58.056, 3, 17323, 97871, 2, 121.94
2026/09/26 00:47:58.256, 0, 18361, 97871, 2, 116.44
2026/09/26 00:47:58.256, 1, 18127, 97871, 2, 123.27
2026/09/26 00:47:58.256, 2, 17577, 97871, 2, 118.11
2026/09/26 00:47:58.256, 3, 17323, 97871, 2, 121.91
2026/09/26 00:47:58.456, 0, 18361, 97871, 2, 116.44
2026/09/26 00:47:58.456, 1, 18127, 97871, 2, 123.31
2026/09/26 00:47:58.456, 2, 17577, 97871, 2, 118.13
2026/09/26 00:47:58.456, 3, 17323, 97871, 2, 121.92
2026/09/26 00:47:58.656, 0, 18361, 97871, 2, 116.45
2026/09/26 00:47:58.656, 1, 18127, 97871, 3, 123.26
2026/09/26 00:47:58.656, 2, 17577, 97871, 2, 118.11
2026/09/26 00:47:58.656, 3, 17323, 97871, 0, 121.89
2026/09/26 00:47:58.856, 0, 18361, 97871, 2, 116.44
2026/09/26 00:47:58.856, 1, 18127, 97871, 2, 123.28
2026/09/26 00:47:58.856, 2, 17577, 97871, 0, 118.13
2026/09/26 00:47:58.856, 3, 17323, 97871, 0, 121.92
2026/09/26 00:47:59.056, 0, 18361, 97871, 2, 116.45
2026/09/26 00:47:59.056, 1, 18127, 97871, 2, 123.31
2026/09/26 00:47:59.056, 2, 17577, 97871, 0, 118.07
2026/09/26 00:47:59.056, 3, 17323, 97871, 0, 121.92
2026/09/26 00:47:59.256, 0, 18361, 97871, 2, 116.43
2026/09/26 00:47:59.257, 1, 18127, 97871, 2, 123.31
2026/09/26 00:47:59.257, 2, 17577, 97871, 0, 118.08
2026/09/26 00:47:59.257, 3, 17323, 97871, 0, 121.92
2026/09/26 00:47:59.457, 0, 18361, 97871, 2, 116.42
2026/09/26 00:47:59.457, 1, 18127, 97871, 2, 123.31
2026/09/26 00:47:59.457, 2, 17577, 97871, 0, 118.10
2026/09/26 00:47:59.457, 3, 17323, 97871, 0, 121.93
2026/09/26 00:47:59.657, 0, 18361, 97871, 2, 116.41
2026/09/26 00:47:59.657, 1, 18127, 97871, 0, 123.31
2026/09/26 00:47:59.657, 2, 17577, 97871, 0, 118.13
2026/09/26 00:47:59.657, 3, 17323, 97871, 0, 121.93
2026/09/26 00:47:59.857, 0, 18361, 97871, 0, 116.37
2026/09/26 00:47:59.857, 1, 18127, 97871, 0, 123.29
2026/09/26 00:47:59.857, 2, 17577, 97871, 0, 118.07
2026/09/26 00:47:59.857, 3, 17323, 97871, 0, 121.93
2026/09/26 00:48:00.057, 0, 18361, 97871, 0, 116.39
2026/09/26 00:48:00.057, 1, 18127, 97871, 0, 123.27
2026/09/26 00:48:00.057, 2, 17577, 97871, 0, 118.12
2026/09/26 00:48:00.057, 3, 17323, 97871, 0, 121.93
2026/09/26 00:48:00.257, 0, 18361, 97871, 0, 116.36
2026/09/26 00:48:00.257, 1, 18127, 97871, 0, 123.28
2026/09/26 00:48:00.257, 2, 17577, 97871, 0, 118.16
2026/09/26 00:48:00.257, 3, 17323, 97871, 0, 121.94
2026/09/26 00:48:00.457, 0, 18361, 97871, 0, 116.39
2026/09/26 00:48:00.457, 1, 18127, 97871, 0, 123.27
2026/09/26 00:48:00.457, 2, 17577, 97871, 0, 118.15
2026/09/26 00:48:00.457, 3, 17323, 97871, 0, 121.94
2026/09/26 00:48:00.658, 0, 18361, 97871, 0, 116.41
2026/09/26 00:48:00.658, 1, 18127, 97871, 0, 123.29
2026/09/26 00:48:00.658, 2, 17577, 97871, 0, 118.11
2026/09/26 00:48:00.658, 3, 17323, 97871, 0, 121.93
2026/09/26 00:48:00.858, 0, 18361, 97871, 0, 116.42
2026/09/26 00:48:00.858, 1, 18127, 97871, 0, 123.31
2026/09/26 00:48:00.858, 2, 17577, 97871, 0, 118.14
2026/09/26 00:48:00.858, 3, 17323, 97871, 0, 121.92
2026/09/26 00:48:01.058, 0, 18361, 97871, 0, 116.45
2026/09/26 00:48:01.058, 1, 18127, 97871, 0, 123.31
2026/09/26 00:48:01.058, 2, 17577, 97871, 0, 118.11
2026/09/26 00:48:01.058, 3, 17323, 97871, 0, 121.92
2026/09/26 00:48:01.258, 0, 18361, 97871, 0, 116.45
2026/09/26 00:48:01.258, 1, 18127, 97871, 0, 123.29
2026/09/26 00:48:01.258, 2, 17577, 97871, 0, 118.07
2026/09/26 00:48:01.258, 3, 17323, 97871, 0, 121.92
2026/09/26 00:48:01.458, 0, 18361, 97871, 0, 116.45
2026/09/26 00:48:01.458, 1, 18127, 97871, 0, 123.31
2026/09/26 00:48:01.458, 2, 17577, 97871, 0, 118.06
2026/09/26 00:48:01.458, 3, 17323, 97871, 0, 121.91
2026/09/26 00:48:01.658, 0, 18361, 97871, 0, 116.44
2026/09/26 00:48:01.659, 1, 18127, 97871, 0, 123.31
2026/09/26 00:48:01.659, 2, 17577, 97871, 0, 118.08
2026/09/26 00:48:01.659, 3, 17323, 97871, 0, 121.89
2026/09/26 00:48:01.859, 0, 18361, 97871, 0, 116.45
2026/09/26 00:48:01.859, 1, 18127, 97871, 0, 123.30
2026/09/26 00:48:01.859, 2, 17577, 97871, 0, 118.11
2026/09/26 00:48:01.859, 3, 17323, 97871, 0, 121.88
2026/09/26 00:48:02.059, 0, 18361, 97871, 0, 116.45
2026/09/26 00:48:02.059, 1, 18127, 97871, 0, 123.28
2026/09/26 00:48:02.059, 2, 17577, 97871, 0, 118.09
2026/09/26 00:48:02.059, 3, 17323, 97871, 0, 121.85
2026/09/26 00:48:02.259, 0, 18361, 97871, 0, 116.43
2026/09/26 00:48:02.259, 1, 18127, 97871, 0, 123.29
2026/09/26 00:48:02.259, 2, 17577, 97871, 0, 118.12
2026/09/26 00:48:02.259, 3, 17323, 97871, 0, 121.85
2026/09/26 00:48:02.459, 0, 18361, 97871, 0, 116.46
2026/09/26 00:48:02.459, 1, 18127, 97871, 0, 123.29
2026/09/26 00:48:02.459, 2, 17577, 97871, 0, 118.12
2026/09/26 00:48:02.459, 3, 17323, 97871, 0, 121.82
2026/09/26 00:48:02.659, 0, 18361, 97871, 0, 116.46
2026/09/26 00:48:02.659, 1, 18127, 97871, 0, 123.29
2026/09/26 00:48:02.659, 2, 17577, 97871, 0, 118.15
2026/09/26 00:48:02.659, 3, 17323, 97871, 0, 121.83
2026/09/26 00:48:02.859, 0, 18361, 97871, 0, 116.48
2026/09/26 00:48:02.859, 1, 18127, 97871, 0, 123.27
2026/09/26 00:48:02.859, 2, 17577, 97871, 0, 118.10
2026/09/26 00:48:02.859, 3, 17323, 97871, 0, 121.82
2026/09/26 00:48:03.060, 0, 18361, 97871, 0, 116.47
2026/09/26 00:48:03.060, 1, 18127, 97871, 0, 123.26
2026/09/26 00:48:03.060, 2, 17577, 97871, 0, 118.12
2026/09/26 00:48:03.060, 3, 17323, 97871, 0, 121.84
2026/09/26 00:48:03.260, 0, 18361, 97871, 0, 116.48
2026/09/26 00:48:03.260, 1, 18127, 97871, 0, 123.22
2026/09/26 00:48:03.260, 2, 17577, 97871, 0, 118.12
2026/09/26 00:48:03.260, 3, 17323, 97871, 0, 121.82
2026/09/26 00:48:03.460, 0, 18361, 97871, 0, 116.48
2026/09/26 00:48:03.460, 1, 18127, 97871, 0, 123.22
2026/09/26 00:48:03.460, 2, 17577, 97871, 0, 118.13
2026/09/26 00:48:03.460, 3, 17323, 97871, 0, 121.83
2026/09/26 00:48:03.660, 0, 18361, 97871, 0, 116.47
2026/09/26 00:48:03.660, 1, 18127, 97871, 0, 123.19
2026/09/26 00:48:03.660, 2, 17577, 97871, 0, 118.07
2026/09/26 00:48:03.660, 3, 17323, 97871, 0, 121.81
2026/09/26 00:48:03.860, 0, 18361, 97871, 0, 116.46
2026/09/26 00:48:03.860, 1, 18127, 97871, 0, 123.18
2026/09/26 00:48:03.860, 2, 17577, 97871, 0, 118.11
2026/09/26 00:48:03.860, 3, 17323, 97871, 0, 121.80
2026/09/26 00:48:04.060, 0, 18361, 97871, 0, 116.46
2026/09/26 00:48:04.060, 1, 18127, 97871, 0, 123.17
2026/09/26 00:48:04.060, 2, 17577, 97871, 0, 118.12
2026/09/26 00:48:04.060, 3, 17323, 97871, 0, 121.79
2026/09/26 00:48:04.260, 0, 18361, 97871, 0, 116.48
2026/09/26 00:48:04.261, 1, 18127, 97871, 0, 123.17
2026/09/26 00:48:04.261, 2, 17577, 97871, 0, 118.13
2026/09/26 00:48:04.261, 3, 17323, 97871, 0, 121.79
2026/09/26 00:48:04.461, 0, 18361, 97871, 0, 116.45
2026/09/26 00:48:04.461, 1, 18127, 97871, 0, 123.15
2026/09/26 00:48:04.461, 2, 17577, 97871, 0, 118.10
2026/09/26 00:48:04.461, 3, 17323, 97871, 0, 121.81
2026/09/26 00:48:04.661, 0, 18361, 97871, 0, 116.44
2026/09/26 00:48:04.661, 1, 18127, 97871, 0, 123.14
2026/09/26 00:48:04.661, 2, 17577, 97871, 0, 118.11
2026/09/26 00:48:04.661, 3, 17323, 97871, 0, 121.81
2026/09/26 00:48:04.861, 0, 18361, 97871, 0, 116.42
2026/09/26 00:48:04.861, 1, 18127, 97871, 0, 123.14
2026/09/26 00:48:04.861, 2, 17577, 97871, 0, 118.13
2026/09/26 00:48:04.861, 3, 17323, 97871, 0, 121.83
2026/09/26 00:48:05.061, 0, 18361, 97871, 0, 116.42
2026/09/26 00:48:05.061, 1, 18127, 97871, 0, 123.15
2026/09/26 00:48:05.061, 2, 17577, 97871, 0, 118.11
2026/09/26 00:48:05.061, 3, 17323, 97871, 0, 121.81
2026/09/26 00:48:05.261, 0, 18361, 97871, 0, 116.40
2026/09/26 00:48:05.261, 1, 18127, 97871, 0, 123.14
2026/09/26 00:48:05.261, 2, 17577, 97871, 0, 118.08
2026/09/26 00:48:05.261, 3, 17323, 97871, 0, 121.82
2026/09/26 00:48:05.461, 0, 18361, 97871, 0, 116.38
2026/09/26 00:48:05.461, 1, 18127, 97871, 0, 123.15
2026/09/26 00:48:05.461, 2, 17577, 97871, 0, 118.10
2026/09/26 00:48:05.461, 3, 17323, 97871, 0, 121.79
2026/09/26 00:48:05.662, 0, 18361, 97871, 0, 116.38
2026/09/26 00:48:05.662, 1, 18127, 97871, 0, 123.16
2026/09/26 00:48:05.662, 2, 17577, 97871, 0, 118.11
2026/09/26 00:48:05.662, 3, 17323, 97871, 0, 121.81
2026/09/26 00:48:05.862, 0, 18361, 97871, 0, 116.36
2026/09/26 00:48:05.862, 1, 18127, 97871, 0, 123.16
2026/09/26 00:48:05.862, 2, 17577, 97871, 0, 118.13
2026/09/26 00:48:05.862, 3, 17323, 97871, 0, 121.79
2026/09/26 00:48:06.062, 0, 18361, 97871, 0, 116.36
2026/09/26 00:48:06.062, 1, 18127, 97871, 0, 123.17
2026/09/26 00:48:06.062, 2, 17577, 97871, 0, 118.09
2026/09/26 00:48:06.062, 3, 17323, 97871, 0, 121.80
2026/09/26 00:48:06.262, 0, 18361, 97871, 0, 116.36
2026/09/26 00:48:06.262, 1, 18127, 97871, 0, 123.19
2026/09/26 00:48:06.262, 2, 17577, 97871, 0, 118.11
2026/09/26 00:48:06.262, 3, 17323, 97871, 0, 121.78
2026/09/26 00:48:06.462, 0, 18361, 97871, 0, 116.36
2026/09/26 00:48:06.462, 1, 18127, 97871, 0, 123.18
2026/09/26 00:48:06.462, 2, 17577, 97871, 0, 118.13
2026/09/26 00:48:06.462, 3, 17323, 97871, 0, 121.79
2026/09/26 00:48:06.662, 0, 18361, 97871, 0, 116.38
2026/09/26 00:48:06.662, 1, 18127, 97871, 0, 123.20
2026/09/26 00:48:06.662, 2, 17577, 97871, 0, 118.10
2026/09/26 00:48:06.662, 3, 17323, 97871, 0, 121.75
2026/09/26 00:48:06.862, 0, 18361, 97871, 0, 116.36
2026/09/26 00:48:06.863, 1, 18127, 97871, 0, 123.19
2026/09/26 00:48:06.863, 2, 17577, 97871, 0, 118.06
2026/09/26 00:48:06.863, 3, 17323, 97871, 0, 121.73
2026/09/26 00:48:07.063, 0, 18361, 97871, 0, 116.39
2026/09/26 00:48:07.063, 1, 18127, 97871, 0, 123.17
2026/09/26 00:48:07.063, 2, 17577, 97871, 0, 118.07
2026/09/26 00:48:07.063, 3, 17323, 97871, 0, 121.72
2026/09/26 00:48:07.263, 0, 18361, 97871, 0, 116.36
2026/09/26 00:48:07.263, 1, 18127, 97871, 0, 124.07
2026/09/26 00:48:07.263, 2, 19625, 97871, 0, 120.81
2026/09/26 00:48:07.263, 3, 17323, 97871, 0, 123.09
2026/09/26 00:48:07.463, 0, 18361, 97871, 0, 116.38
2026/09/26 00:48:07.463, 1, 18127, 97871, 0, 124.13
2026/09/26 00:48:07.463, 2, 19625, 97871, 59, 121.21
2026/09/26 00:48:07.463, 3, 17323, 97871, 0, 123.18
2026/09/26 00:48:07.663, 0, 18361, 97871, 0, 116.36
2026/09/26 00:48:07.663, 1, 18127, 97871, 0, 124.10
2026/09/26 00:48:07.663, 2, 19625, 97871, 100, 121.69
2026/09/26 00:48:07.663, 3, 17323, 97871, 0, 123.17
2026/09/26 00:48:07.863, 0, 18361, 97871, 0, 116.37
2026/09/26 00:48:07.863, 1, 18127, 97871, 0, 124.13
2026/09/26 00:48:07.863, 2, 19625, 97871, 100, 122.18
2026/09/26 00:48:07.863, 3, 17323, 97871, 0, 123.21
2026/09/26 00:48:08.064, 0, 18361, 97871, 0, 116.38
2026/09/26 00:48:08.064, 1, 18127, 97871, 0, 124.12
2026/09/26 00:48:08.064, 2, 19625, 97871, 100, 122.57
2026/09/26 00:48:08.064, 3, 17323, 97871, 0, 123.18
2026/09/26 00:48:08.264, 0, 18361, 97871, 0, 116.38
2026/09/26 00:48:08.264, 1, 18127, 97871, 0, 123.17
2026/09/26 00:48:08.264, 2, 19625, 97871, 100, 120.37
2026/09/26 00:48:08.264, 3, 17323, 97871, 0, 122.27
2026/09/26 00:48:08.464, 0, 18361, 97871, 0, 116.39
2026/09/26 00:48:08.464, 1, 18127, 97871, 0, 123.12
2026/09/26 00:48:08.464, 2, 19625, 97871, 100, 120.37
2026/09/26 00:48:08.464, 3, 17323, 97871, 0, 121.64
2026/09/26 00:48:08.664, 0, 18361, 97871, 0, 116.39
2026/09/26 00:48:08.664, 1, 18127, 97871, 0, 123.13
2026/09/26 00:48:08.664, 2, 19625, 97871, 100, 120.34
2026/09/26 00:48:08.664, 3, 17323, 97871, 0, 121.66
2026/09/26 00:48:08.864, 0, 18361, 97871, 0, 116.39
2026/09/26 00:48:08.864, 1, 18127, 97871, 0, 123.12
2026/09/26 00:48:08.864, 2, 19625, 97871, 100, 120.36
2026/09/26 00:48:08.864, 3, 17323, 97871, 0, 121.67
2026/09/26 00:48:09.064, 0, 18361, 97871, 0, 116.38
2026/09/26 00:48:09.064, 1, 18127, 97871, 0, 123.10
2026/09/26 00:48:09.064, 2, 19625, 97871, 100, 120.31
2026/09/26 00:48:09.064, 3, 17323, 97871, 0, 121.70
2026/09/26 00:48:09.264, 0, 18361, 97871, 0, 116.40
2026/09/26 00:48:09.264, 1, 18127, 97871, 0, 123.09
2026/09/26 00:48:09.265, 2, 19625, 97871, 100, 120.34
2026/09/26 00:48:09.265, 3, 17323, 97871, 0, 121.70
2026/09/26 00:48:09.465, 0, 18361, 97871, 0, 117.34
2026/09/26 00:48:09.465, 1, 20175, 97871, 0, 125.29
2026/09/26 00:48:09.465, 2, 19625, 97871, 100, 121.88
2026/09/26 00:48:09.465, 3, 17323, 97871, 0, 123.05
2026/09/26 00:48:09.665, 0, 18361, 97871, 0, 117.36
2026/09/26 00:48:09.665, 1, 20175, 97871, 100, 125.69
2026/09/26 00:48:09.665, 2, 19625, 97871, 100, 121.98
2026/09/26 00:48:09.665, 3, 17323, 97871, 0, 123.05
2026/09/26 00:48:09.865, 0, 18361, 97871, 0, 117.39
2026/09/26 00:48:09.865, 1, 20175, 97871, 100, 126.18
2026/09/26 00:48:09.865, 2, 19625, 97871, 100, 122.05
2026/09/26 00:48:09.865, 3, 17323, 97871, 0, 123.00
2026/09/26 00:48:10.065, 0, 18361, 97871, 0, 117.37
2026/09/26 00:48:10.066, 1, 20175, 97871, 100, 126.56
2026/09/26 00:48:10.066, 2, 19625, 97871, 100, 122.17
2026/09/26 00:48:10.066, 3, 17323, 97871, 0, 123.01
2026/09/26 00:48:10.266, 0, 18361, 97871, 0, 117.35
2026/09/26 00:48:10.266, 1, 20175, 97871, 100, 127.02
2026/09/26 00:48:10.266, 2, 19625, 97871, 100, 122.29
2026/09/26 00:48:10.266, 3, 17323, 97871, 0, 123.03
2026/09/26 00:48:10.466, 0, 18361, 97871, 0, 116.44
2026/09/26 00:48:10.466, 1, 20175, 97871, 100, 125.34
2026/09/26 00:48:10.466, 2, 19625, 97871, 100, 120.82
2026/09/26 00:48:10.466, 3, 17323, 97871, 0, 121.68
2026/09/26 00:48:10.666, 0, 18361, 97871, 0, 116.38
2026/09/26 00:48:10.666, 1, 20175, 97871, 100, 125.33
2026/09/26 00:48:10.666, 2, 19625, 97871, 100, 120.79
2026/09/26 00:48:10.666, 3, 17323, 97871, 0, 121.64
2026/09/26 00:48:10.866, 0, 18361, 97871, 0, 116.36
2026/09/26 00:48:10.866, 1, 20175, 97871, 100, 125.33
2026/09/26 00:48:10.866, 2, 19625, 97871, 100, 120.81
2026/09/26 00:48:10.866, 3, 17323, 97871, 0, 121.66
2026/09/26 00:48:11.066, 0, 18361, 97871, 0, 116.35
2026/09/26 00:48:11.066, 1, 20175, 97871, 100, 125.32
2026/09/26 00:48:11.066, 2, 19625, 97871, 100, 120.82
2026/09/26 00:48:11.067, 3, 17323, 97871, 0, 121.65
2026/09/26 00:48:11.267, 0, 18361, 97871, 0, 116.37
2026/09/26 00:48:11.267, 1, 20175, 97871, 100, 125.32
2026/09/26 00:48:11.267, 2, 19625, 97871, 100, 120.79
2026/09/26 00:48:11.267, 3, 17323, 97871, 0, 121.63
2026/09/26 00:48:11.467, 0, 20409, 97871, 0, 116.36
2026/09/26 00:48:11.467, 1, 20175, 97871, 100, 125.32
2026/09/26 00:48:11.467, 2, 19625, 97871, 100, 120.95
2026/09/26 00:48:11.467, 3, 17323, 97871, 0, 121.64
2026/09/26 00:48:11.667, 0, 20409, 97871, 0, 118.38
2026/09/26 00:48:11.667, 1, 20175, 97871, 100, 126.96
2026/09/26 00:48:11.667, 2, 19625, 97871, 100, 122.17
2026/09/26 00:48:11.667, 3, 17323, 97871, 0, 122.64
2026/09/26 00:48:11.867, 0, 20409, 97871, 100, 118.75
2026/09/26 00:48:11.867, 1, 20175, 97871, 100, 126.96
2026/09/26 00:48:11.867, 2, 19625, 97871, 100, 122.11
2026/09/26 00:48:11.867, 3, 17323, 97871, 0, 122.60
2026/09/26 00:48:12.067, 0, 20409, 97871, 100, 119.07
2026/09/26 00:48:12.067, 1, 20175, 97871, 100, 126.97
2026/09/26 00:48:12.067, 2, 19625, 97871, 100, 122.00
2026/09/26 00:48:12.067, 3, 17323, 97871, 0, 122.62
2026/09/26 00:48:12.267, 0, 20409, 97871, 100, 119.48
2026/09/26 00:48:12.267, 1, 20175, 97871, 100, 126.99
2026/09/26 00:48:12.267, 2, 19625, 97871, 100, 121.92
2026/09/26 00:48:12.267, 3, 17323, 97871, 0, 122.61
2026/09/26 00:48:12.468, 0, 20409, 97871, 100, 119.92
2026/09/26 00:48:12.468, 1, 20175, 97871, 100, 127.00
2026/09/26 00:48:12.468, 2, 19625, 97871, 100, 121.67
2026/09/26 00:48:12.468, 3, 17323, 97871, 0, 122.60
2026/09/26 00:48:12.668, 0, 20409, 97871, 100, 118.34
2026/09/26 00:48:12.668, 1, 20175, 97871, 100, 125.39
2026/09/26 00:48:12.668, 2, 19625, 97871, 100, 120.40
2026/09/26 00:48:12.668, 3, 17323, 97871, 0, 121.58
2026/09/26 00:48:12.868, 0, 20409, 97871, 100, 118.43
2026/09/26 00:48:12.868, 1, 20175, 97871, 100, 125.38
2026/09/26 00:48:12.868, 2, 19625, 97871, 100, 120.35
2026/09/26 00:48:12.868, 3, 17323, 97871, 0, 121.60
2026/09/26 00:48:13.068, 0, 20409, 97871, 100, 118.54
2026/09/26 00:48:13.068, 1, 20175, 97871, 100, 125.39
2026/09/26 00:48:13.068, 2, 19625, 97871, 100, 120.34
2026/09/26 00:48:13.068, 3, 17323, 97871, 0, 121.59
2026/09/26 00:48:13.268, 0, 20409, 97871, 100, 118.65
2026/09/26 00:48:13.268, 1, 20175, 97871, 100, 125.36
2026/09/26 00:48:13.268, 2, 19625, 97871, 100, 120.35
2026/09/26 00:48:13.268, 3, 17323, 97871, 0, 121.59
2026/09/26 00:48:13.468, 0, 20409, 97871, 100, 118.64
2026/09/26 00:48:13.468, 1, 20175, 97871, 100, 125.36
2026/09/26 00:48:13.468, 2, 19625, 97871, 100, 120.37
2026/09/26 00:48:13.468, 3, 17323, 97871, 0, 121.60
2026/09/26 00:48:13.668, 0, 21147, 97871, 100, 119.98
2026/09/26 00:48:13.668, 1, 20913, 97871, 100, 127.50
2026/09/26 00:48:13.668, 2, 20363, 97871, 100, 122.32
2026/09/26 00:48:13.668, 3, 20109, 97871, 10, 123.82
2026/09/26 00:48:13.869, 0, 27803, 97871, 61, 130.83
2026/09/26 00:48:13.869, 1, 27569, 97871, 28, 145.05
2026/09/26 00:48:13.869, 2, 27019, 97871, 70, 150.89
2026/09/26 00:48:13.869, 3, 26765, 97871, 58, 140.73
2026/09/26 00:48:14.069, 0, 27803, 97871, 77, 171.07
2026/09/26 00:48:14.069, 1, 27569, 97871, 89, 196.83
2026/09/26 00:48:14.069, 2, 27019, 97871, 67, 200.65
2026/09/26 00:48:14.069, 3, 26765, 97871, 100, 191.07
2026/09/26 00:48:14.269, 0, 27803, 97871, 100, 219.61
2026/09/26 00:48:14.269, 1, 27569, 97871, 100, 237.95
2026/09/26 00:48:14.269, 2, 27019, 97871, 100, 242.88
2026/09/26 00:48:14.269, 3, 26765, 97871, 100, 236.15
2026/09/26 00:48:14.469, 0, 27803, 97871, 100, 259.90
2026/09/26 00:48:14.469, 1, 27569, 97871, 100, 279.53
2026/09/26 00:48:14.469, 2, 27019, 97871, 100, 279.37
2026/09/26 00:48:14.469, 3, 26765, 97871, 100, 282.39
2026/09/26 00:48:14.669, 0, 27803, 97871, 100, 305.43
2026/09/26 00:48:14.669, 1, 27569, 97871, 100, 321.86
2026/09/26 00:48:14.669, 2, 27019, 97871, 100, 324.27
2026/09/26 00:48:14.669, 3, 26765, 97871, 100, 322.83
2026/09/26 00:48:14.869, 0, 27803, 97871, 100, 338.02
2026/09/26 00:48:14.869, 1, 27569, 97871, 100, 352.04
2026/09/26 00:48:14.869, 2, 27019, 97871, 100, 334.21
2026/09/26 00:48:14.869, 3, 26765, 97871, 100, 355.88
2026/09/26 00:48:15.069, 0, 27803, 97871, 100, 347.76
2026/09/26 00:48:15.069, 1, 27569, 97871, 100, 346.48
2026/09/26 00:48:15.069, 2, 27019, 97871, 100, 327.99
2026/09/26 00:48:15.069, 3, 26765, 97871, 100, 347.88
2026/09/26 00:48:15.270, 0, 27803, 97871, 100, 347.11
2026/09/26 00:48:15.270, 1, 27569, 97871, 100, 350.38
2026/09/26 00:48:15.270, 2, 27019, 97871, 100, 337.38
2026/09/26 00:48:15.270, 3, 26765, 97871, 100, 339.29
2026/09/26 00:48:15.470, 0, 27803, 97871, 100, 358.58
2026/09/26 00:48:15.470, 1, 27569, 97871, 100, 350.85
2026/09/26 00:48:15.470, 2, 27019, 97871, 100, 340.79
2026/09/26 00:48:15.470, 3, 26765, 97871, 100, 336.32
2026/09/26 00:48:15.670, 0, 27803, 97871, 100, 354.49
2026/09/26 00:48:15.670, 1, 27569, 97871, 100, 354.04
2026/09/26 00:48:15.670, 2, 27019, 97871, 100, 337.02
2026/09/26 00:48:15.670, 3, 26765, 97871, 100, 341.53
2026/09/26 00:48:15.870, 0, 27803, 97871, 100, 358.67
2026/09/26 00:48:15.870, 1, 27569, 97871, 100, 355.83
2026/09/26 00:48:15.870, 2, 27019, 97871, 100, 345.31
2026/09/26 00:48:15.870, 3, 26765, 97871, 100, 339.79
2026/09/26 00:48:16.070, 0, 27803, 97871, 100, 350.26
2026/09/26 00:48:16.070, 1, 27569, 97871, 100, 357.73
2026/09/26 00:48:16.070, 2, 27019, 97871, 100, 349.42
2026/09/26 00:48:16.070, 3, 26765, 97871, 100, 345.32
2026/09/26 00:48:16.270, 0, 27803, 97871, 100, 353.73
2026/09/26 00:48:16.270, 1, 27569, 97871, 100, 353.98
2026/09/26 00:48:16.270, 2, 27019, 97871, 100, 342.57
2026/09/26 00:48:16.270, 3, 26765, 97871, 100, 346.20
2026/09/26 00:48:16.470, 0, 27803, 97871, 100, 347.29
2026/09/26 00:48:16.470, 1, 27569, 97871, 100, 355.00
2026/09/26 00:48:16.470, 2, 27019, 97871, 100, 346.21
2026/09/26 00:48:16.470, 3, 26765, 97871, 100, 352.44
2026/09/26 00:48:16.671, 0, 27803, 97871, 100, 352.00
2026/09/26 00:48:16.671, 1, 27569, 97871, 100, 352.58
2026/09/26 00:48:16.671, 2, 27019, 97871, 100, 351.41
2026/09/26 00:48:16.671, 3, 26765, 97871, 100, 348.49
2026/09/26 00:48:16.871, 0, 27803, 97871, 100, 339.82
2026/09/26 00:48:16.871, 1, 27569, 97871, 100, 350.07
2026/09/26 00:48:16.871, 2, 27019, 97871, 100, 348.42
2026/09/26 00:48:16.871, 3, 26765, 97871, 100, 347.67
2026/09/26 00:48:17.071, 0, 27803, 97871, 100, 341.61
2026/09/26 00:48:17.071, 1, 27569, 97871, 100, 348.63
2026/09/26 00:48:17.071, 2, 27019, 97871, 100, 340.54
2026/09/26 00:48:17.071, 3, 26765, 97871, 100, 350.88
2026/09/26 00:48:17.271, 0, 27803, 97871, 100, 337.61
2026/09/26 00:48:17.271, 1, 27569, 97871, 100, 353.16
2026/09/26 00:48:17.271, 2, 27019, 97871, 100, 344.02
2026/09/26 00:48:17.271, 3, 26765, 97871, 100, 357.12
2026/09/26 00:48:17.471, 0, 27803, 97871, 100, 336.36
2026/09/26 00:48:17.471, 1, 27569, 97871, 100, 350.37
2026/09/26 00:48:17.471, 2, 27019, 97871, 100, 345.36
2026/09/26 00:48:17.471, 3, 26765, 97871, 100, 350.84
2026/09/26 00:48:17.671, 0, 27803, 97871, 100, 331.97
2026/09/26 00:48:17.671, 1, 27569, 97871, 100, 352.94
2026/09/26 00:48:17.671, 2, 27019, 97871, 100, 347.92
2026/09/26 00:48:17.671, 3, 26765, 97871, 100, 358.52
2026/09/26 00:48:17.871, 0, 27803, 97871, 100, 338.02
2026/09/26 00:48:17.871, 1, 27569, 97871, 100, 351.59
2026/09/26 00:48:17.871, 2, 27019, 97871, 100, 351.83
2026/09/26 00:48:17.871, 3, 26765, 97871, 100, 352.43
2026/09/26 00:48:18.072, 0, 27803, 97871, 100, 338.37
2026/09/26 00:48:18.072, 1, 27569, 97871, 100, 350.46
2026/09/26 00:48:18.072, 2, 27019, 97871, 100, 357.38
2026/09/26 00:48:18.072, 3, 26765, 97871, 100, 345.12
2026/09/26 00:48:18.272, 0, 27803, 97871, 100, 332.14
2026/09/26 00:48:18.272, 1, 27569, 97871, 100, 352.13
2026/09/26 00:48:18.272, 2, 27019, 97871, 100, 355.36
2026/09/26 00:48:18.272, 3, 26765, 97871, 100, 348.23
2026/09/26 00:48:18.472, 0, 27803, 97871, 100, 331.64
2026/09/26 00:48:18.472, 1, 27569, 97871, 100, 356.70
2026/09/26 00:48:18.472, 2, 27019, 97871, 100, 360.74
2026/09/26 00:48:18.472, 3, 26765, 97871, 100, 349.66
2026/09/26 00:48:18.672, 0, 27803, 97871, 100, 330.57
2026/09/26 00:48:18.672, 1, 27569, 97871, 100, 353.55
2026/09/26 00:48:18.672, 2, 27019, 97871, 100, 362.96
2026/09/26 00:48:18.672, 3, 26765, 97871, 100, 342.03
2026/09/26 00:48:18.872, 0, 27803, 97871, 100, 333.26
2026/09/26 00:48:18.872, 1, 27569, 97871, 100, 356.61
2026/09/26 00:48:18.872, 2, 27019, 97871, 100, 361.82
2026/09/26 00:48:18.872, 3, 26765, 97871, 100, 347.13
2026/09/26 00:48:19.072, 0, 27803, 97871, 100, 329.74
2026/09/26 00:48:19.072, 1, 27569, 97871, 100, 361.97
2026/09/26 00:48:19.072, 2, 27019, 97871, 100, 361.80
2026/09/26 00:48:19.072, 3, 26765, 97871, 100, 349.80
2026/09/26 00:48:19.272, 0, 27803, 97871, 100, 329.68
2026/09/26 00:48:19.272, 1, 27569, 97871, 100, 356.83
2026/09/26 00:48:19.272, 2, 27019, 97871, 100, 357.98
2026/09/26 00:48:19.272, 3, 26765, 97871, 100, 350.11
2026/09/26 00:48:19.473, 0, 27803, 97871, 100, 332.95
2026/09/26 00:48:19.473, 1, 27569, 97871, 100, 353.30
2026/09/26 00:48:19.473, 2, 27019, 97871, 100, 351.72
2026/09/26 00:48:19.473, 3, 26765, 97871, 100, 353.88
2026/09/26 00:48:19.673, 0, 27803, 97871, 100, 338.90
2026/09/26 00:48:19.673, 1, 27569, 97871, 100, 361.67
2026/09/26 00:48:19.673, 2, 27019, 97871, 100, 345.26
2026/09/26 00:48:19.673, 3, 26765, 97871, 100, 357.10
2026/09/26 00:48:19.873, 0, 27803, 97871, 100, 338.70
2026/09/26 00:48:19.873, 1, 27569, 97871, 100, 365.20
2026/09/26 00:48:19.873, 2, 27019, 97871, 100, 341.30
2026/09/26 00:48:19.873, 3, 26765, 97871, 100, 362.28
2026/09/26 00:48:20.073, 0, 27803, 97871, 100, 352.11
2026/09/26 00:48:20.073, 1, 27569, 97871, 100, 358.93
2026/09/26 00:48:20.073, 2, 27019, 97871, 100, 341.86
2026/09/26 00:48:20.073, 3, 26765, 97871, 100, 355.79
2026/09/26 00:48:20.273, 0, 27803, 97871, 100, 350.78
2026/09/26 00:48:20.273, 1, 27569, 97871, 100, 360.93
2026/09/26 00:48:20.273, 2, 27019, 97871, 100, 346.23
2026/09/26 00:48:20.273, 3, 26765, 97871, 100, 361.54
2026/09/26 00:48:20.473, 0, 27803, 97871, 100, 348.47
2026/09/26 00:48:20.473, 1, 27569, 97871, 100, 366.52
2026/09/26 00:48:20.473, 2, 27019, 97871, 100, 343.50
2026/09/26 00:48:20.473, 3, 26765, 97871, 100, 357.18
2026/09/26 00:48:20.673, 0, 27803, 97871, 100, 349.43
2026/09/26 00:48:20.673, 1, 27569, 97871, 100, 360.70
2026/09/26 00:48:20.673, 2, 27019, 97871, 100, 355.80
2026/09/26 00:48:20.674, 3, 26765, 97871, 100, 351.49
2026/09/26 00:48:20.874, 0, 27803, 97871, 100, 346.01
2026/09/26 00:48:20.874, 1, 27569, 97871, 100, 351.73
2026/09/26 00:48:20.874, 2, 27019, 97871, 100, 358.22
2026/09/26 00:48:20.874, 3, 26765, 97871, 100, 348.46
2026/09/26 00:48:21.074, 0, 27803, 97871, 100, 336.30
2026/09/26 00:48:21.074, 1, 27569, 97871, 100, 351.50
2026/09/26 00:48:21.074, 2, 27019, 97871, 100, 363.01
2026/09/26 00:48:21.074, 3, 26765, 97871, 100, 356.38
2026/09/26 00:48:21.274, 0, 27803, 97871, 100, 340.73
2026/09/26 00:48:21.274, 1, 27569, 97871, 100, 356.02
2026/09/26 00:48:21.274, 2, 27019, 97871, 100, 363.91
2026/09/26 00:48:21.274, 3, 26765, 97871, 100, 353.19
2026/09/26 00:48:21.474, 0, 27803, 97871, 100, 338.01
2026/09/26 00:48:21.474, 1, 27569, 97871, 100, 351.42
2026/09/26 00:48:21.474, 2, 27019, 97871, 100, 366.11
2026/09/26 00:48:21.474, 3, 26765, 97871, 100, 358.43
2026/09/26 00:48:21.674, 0, 27803, 97871, 100, 338.23
2026/09/26 00:48:21.674, 1, 27569, 97871, 100, 358.16
2026/09/26 00:48:21.674, 2, 27019, 97871, 100, 354.96
2026/09/26 00:48:21.674, 3, 26765, 97871, 100, 361.99
2026/09/26 00:48:21.874, 0, 28023, 97871, 100, 343.99
2026/09/26 00:48:21.874, 1, 27779, 97871, 100, 365.07
2026/09/26 00:48:21.874, 2, 27237, 97871, 100, 341.96
2026/09/26 00:48:21.875, 3, 27003, 97871, 100, 359.15
2026/09/26 00:48:22.075, 0, 28339, 97871, 1, 308.41
2026/09/26 00:48:22.077, 1, 28105, 97871, 1, 308.42
2026/09/26 00:48:22.078, 2, 27555, 97871, 88, 295.03
2026/09/26 00:48:22.079, 3, 27301, 97871, 0, 312.68
2026/09/26 00:48:22.280, 0, 28339, 97871, 1, 260.30
2026/09/26 00:48:22.281, 1, 28105, 97871, 0, 259.69
2026/09/26 00:48:22.283, 2, 27555, 97871, 0, 247.14
2026/09/26 00:48:22.283, 3, 27301, 97871, 0, 267.19
2026/09/26 00:48:22.483, 0, 28341, 97871, 0, 221.96
2026/09/26 00:48:22.483, 1, 28107, 97871, 1, 219.31
2026/09/26 00:48:22.483, 2, 27557, 97871, 0, 211.57
2026/09/26 00:48:22.483, 3, 27303, 97871, 6, 218.67
2026/09/26 00:48:22.683, 0, 28341, 97871, 0, 178.02
2026/09/26 00:48:22.683, 1, 28107, 97871, 0, 170.01
2026/09/26 00:48:22.683, 2, 27557, 97871, 16, 161.97
2026/09/26 00:48:22.683, 3, 27303, 97871, 0, 178.81
2026/09/26 00:48:22.883, 0, 29365, 97871, 15, 144.63
2026/09/26 00:48:22.883, 1, 29131, 97871, 48, 170.97
2026/09/26 00:48:22.883, 2, 28581, 97871, 0, 160.59
2026/09/26 00:48:22.883, 3, 28327, 97871, 78, 156.39
2026/09/26 00:48:23.083, 0, 29365, 97871, 100, 176.76
2026/09/26 00:48:23.083, 1, 29131, 97871, 100, 217.24
2026/09/26 00:48:23.083, 2, 28581, 97871, 100, 208.26
2026/09/26 00:48:23.084, 3, 28327, 97871, 100, 202.50
2026/09/26 00:48:23.284, 0, 29365, 97871, 100, 224.02
2026/09/26 00:48:23.284, 1, 29131, 97871, 100, 268.27
2026/09/26 00:48:23.284, 2, 28581, 97871, 100, 243.47
2026/09/26 00:48:23.284, 3, 28327, 97871, 100, 247.33
2026/09/26 00:48:23.484, 0, 29365, 97871, 100, 262.76
2026/09/26 00:48:23.484, 1, 29131, 97871, 100, 303.83
2026/09/26 00:48:23.484, 2, 28581, 97871, 100, 286.05
2026/09/26 00:48:23.484, 3, 28327, 97871, 100, 291.66
2026/09/26 00:48:23.684, 0, 29365, 97871, 100, 302.96
2026/09/26 00:48:23.684, 1, 29131, 97871, 100, 343.18
2026/09/26 00:48:23.684, 2, 28581, 97871, 100, 329.16
2026/09/26 00:48:23.684, 3, 28327, 97871, 100, 338.58
2026/09/26 00:48:23.884, 0, 29365, 97871, 100, 337.62
2026/09/26 00:48:23.884, 1, 29131, 97871, 100, 348.81
2026/09/26 00:48:23.884, 2, 28581, 97871, 100, 332.18
2026/09/26 00:48:23.884, 3, 28327, 97871, 100, 363.88
2026/09/26 00:48:24.084, 0, 29365, 97871, 100, 351.48
2026/09/26 00:48:24.084, 1, 29131, 97871, 100, 352.33
2026/09/26 00:48:24.084, 2, 28581, 97871, 100, 329.54
2026/09/26 00:48:24.084, 3, 28327, 97871, 100, 356.09
2026/09/26 00:48:24.284, 0, 29365, 97871, 100, 350.99
2026/09/26 00:48:24.284, 1, 29131, 97871, 100, 347.87
2026/09/26 00:48:24.284, 2, 28581, 97871, 100, 340.30
2026/09/26 00:48:24.284, 3, 28327, 97871, 100, 349.10
2026/09/26 00:48:24.484, 0, 29365, 97871, 100, 363.12
2026/09/26 00:48:24.484, 1, 29131, 97871, 100, 351.54
2026/09/26 00:48:24.484, 2, 28581, 97871, 100, 340.07
2026/09/26 00:48:24.485, 3, 28327, 97871, 100, 345.70
2026/09/26 00:48:24.685, 0, 29365, 97871, 100, 358.97
2026/09/26 00:48:24.685, 1, 29131, 97871, 100, 359.21
2026/09/26 00:48:24.685, 2, 28581, 97871, 100, 337.79
2026/09/26 00:48:24.685, 3, 28327, 97871, 100, 350.59
2026/09/26 00:48:24.885, 0, 29365, 97871, 100, 360.10
2026/09/26 00:48:24.885, 1, 29131, 97871, 100, 366.64
2026/09/26 00:48:24.885, 2, 28581, 97871, 100, 348.28
2026/09/26 00:48:24.885, 3, 28327, 97871, 100, 346.88
2026/09/26 00:48:25.085, 0, 29365, 97871, 100, 354.10
2026/09/26 00:48:25.085, 1, 29131, 97871, 100, 365.06
2026/09/26 00:48:25.085, 2, 28581, 97871, 100, 345.86
2026/09/26 00:48:25.085, 3, 28327, 97871, 100, 350.01
2026/09/26 00:48:25.285, 0, 29365, 97871, 100, 360.70
2026/09/26 00:48:25.285, 1, 29131, 97871, 100, 359.18
2026/09/26 00:48:25.285, 2, 28581, 97871, 100, 342.14
2026/09/26 00:48:25.285, 3, 28327, 97871, 100, 350.22
2026/09/26 00:48:25.485, 0, 29365, 97871, 100, 352.11
2026/09/26 00:48:25.485, 1, 29131, 97871, 100, 359.74
2026/09/26 00:48:25.485, 2, 28581, 97871, 100, 344.11
2026/09/26 00:48:25.485, 3, 28327, 97871, 100, 354.71
2026/09/26 00:48:25.685, 0, 29365, 97871, 100, 355.23
2026/09/26 00:48:25.685, 1, 29131, 97871, 100, 355.38
2026/09/26 00:48:25.685, 2, 28581, 97871, 100, 351.33
2026/09/26 00:48:25.685, 3, 28327, 97871, 100, 349.73
2026/09/26 00:48:25.885, 0, 29365, 97871, 100, 344.45
2026/09/26 00:48:25.885, 1, 29131, 97871, 100, 350.96
2026/09/26 00:48:25.885, 2, 28581, 97871, 100, 343.39
2026/09/26 00:48:25.885, 3, 28327, 97871, 100, 348.32
2026/09/26 00:48:26.086, 0, 29365, 97871, 100, 346.74
2026/09/26 00:48:26.086, 1, 29131, 97871, 100, 350.82
2026/09/26 00:48:26.086, 2, 28581, 97871, 100, 341.93
2026/09/26 00:48:26.086, 3, 28327, 97871, 100, 350.99
2026/09/26 00:48:26.286, 0, 29365, 97871, 100, 340.01
2026/09/26 00:48:26.286, 1, 29131, 97871, 100, 357.15
2026/09/26 00:48:26.286, 2, 28581, 97871, 100, 346.93
2026/09/26 00:48:26.286, 3, 28327, 97871, 100, 357.97
2026/09/26 00:48:26.486, 0, 29365, 97871, 100, 339.46
2026/09/26 00:48:26.486, 1, 29131, 97871, 100, 354.01
2026/09/26 00:48:26.486, 2, 28581, 97871, 100, 347.53
2026/09/26 00:48:26.486, 3, 28327, 97871, 100, 351.27
2026/09/26 00:48:26.686, 0, 29365, 97871, 100, 335.08
2026/09/26 00:48:26.686, 1, 29131, 97871, 100, 355.66
2026/09/26 00:48:26.686, 2, 28581, 97871, 100, 352.67
2026/09/26 00:48:26.686, 3, 28327, 97871, 100, 359.27
2026/09/26 00:48:26.886, 0, 29365, 97871, 100, 342.54
2026/09/26 00:48:26.886, 1, 29131, 97871, 100, 351.10
2026/09/26 00:48:26.886, 2, 28581, 97871, 100, 363.71
2026/09/26 00:48:26.886, 3, 28327, 97871, 100, 353.11
2026/09/26 00:48:27.086, 0, 29365, 97871, 100, 341.89
2026/09/26 00:48:27.086, 1, 29131, 97871, 100, 348.05
2026/09/26 00:48:27.086, 2, 28581, 97871, 100, 363.26
2026/09/26 00:48:27.086, 3, 28327, 97871, 100, 348.92
2026/09/26 00:48:27.286, 0, 29365, 97871, 100, 338.03
2026/09/26 00:48:27.286, 1, 29131, 97871, 100, 356.42
2026/09/26 00:48:27.286, 2, 28581, 97871, 100, 362.17
2026/09/26 00:48:27.286, 3, 28327, 97871, 100, 347.74
2026/09/26 00:48:27.487, 0, 29365, 97871, 100, 336.72
2026/09/26 00:48:27.487, 1, 29131, 97871, 100, 358.37
2026/09/26 00:48:27.487, 2, 28581, 97871, 100, 365.55
2026/09/26 00:48:27.487, 3, 28327, 97871, 100, 353.77
2026/09/26 00:48:27.687, 0, 29365, 97871, 100, 335.04
2026/09/26 00:48:27.687, 1, 29131, 97871, 100, 353.83
2026/09/26 00:48:27.687, 2, 28581, 97871, 100, 367.23
2026/09/26 00:48:27.687, 3, 28327, 97871, 100, 345.29
2026/09/26 00:48:27.887, 0, 29365, 97871, 100, 336.09
2026/09/26 00:48:27.887, 1, 29131, 97871, 100, 359.67
2026/09/26 00:48:27.887, 2, 28581, 97871, 100, 363.92
2026/09/26 00:48:27.887, 3, 28327, 97871, 100, 350.70
2026/09/26 00:48:28.087, 0, 29365, 97871, 100, 331.90
2026/09/26 00:48:28.087, 1, 29131, 97871, 100, 365.89
2026/09/26 00:48:28.087, 2, 28581, 97871, 100, 363.38
2026/09/26 00:48:28.087, 3, 28327, 97871, 100, 353.30
2026/09/26 00:48:28.287, 0, 29365, 97871, 100, 331.31
2026/09/26 00:48:28.287, 1, 29131, 97871, 100, 351.48
2026/09/26 00:48:28.287, 2, 28581, 97871, 100, 360.26
2026/09/26 00:48:28.287, 3, 28327, 97871, 100, 357.81
2026/09/26 00:48:28.487, 0, 29365, 97871, 100, 336.59
2026/09/26 00:48:28.487, 1, 29131, 97871, 100, 355.09
2026/09/26 00:48:28.487, 2, 28581, 97871, 100, 354.85
2026/09/26 00:48:28.487, 3, 28327, 97871, 100, 356.36
2026/09/26 00:48:28.687, 0, 29365, 97871, 100, 342.54
2026/09/26 00:48:28.687, 1, 29131, 97871, 100, 359.58
2026/09/26 00:48:28.687, 2, 28581, 97871, 100, 346.62
2026/09/26 00:48:28.687, 3, 28327, 97871, 100, 359.93
2026/09/26 00:48:28.888, 0, 29365, 97871, 100, 344.27
2026/09/26 00:48:28.888, 1, 29131, 97871, 100, 368.74
2026/09/26 00:48:28.888, 2, 28581, 97871, 100, 345.27
2026/09/26 00:48:28.888, 3, 28327, 97871, 100, 363.94
2026/09/26 00:48:29.088, 0, 29365, 97871, 100, 355.02
2026/09/26 00:48:29.088, 1, 29131, 97871, 100, 361.95
2026/09/26 00:48:29.088, 2, 28581, 97871, 100, 345.61
2026/09/26 00:48:29.088, 3, 28327, 97871, 100, 361.02
2026/09/26 00:48:29.288, 0, 29365, 97871, 100, 353.52
2026/09/26 00:48:29.288, 1, 29131, 97871, 100, 369.14
2026/09/26 00:48:29.288, 2, 28581, 97871, 100, 348.95
2026/09/26 00:48:29.288, 3, 28327, 97871, 100, 360.60
2026/09/26 00:48:29.488, 0, 29365, 97871, 100, 349.72
2026/09/26 00:48:29.488, 1, 29131, 97871, 100, 374.02
2026/09/26 00:48:29.489, 2, 28581, 97871, 100, 348.18
2026/09/26 00:48:29.489, 3, 28327, 97871, 100, 360.02
2026/09/26 00:48:29.689, 0, 29365, 97871, 100, 347.15
2026/09/26 00:48:29.689, 1, 29131, 97871, 100, 368.84
2026/09/26 00:48:29.689, 2, 28581, 97871, 100, 358.83
2026/09/26 00:48:29.689, 3, 28327, 97871, 100, 353.24
2026/09/26 00:48:29.889, 0, 29365, 97871, 100, 344.44
2026/09/26 00:48:29.889, 1, 29131, 97871, 100, 352.33
2026/09/26 00:48:29.889, 2, 28581, 97871, 100, 360.08
2026/09/26 00:48:29.889, 3, 28327, 97871, 100, 355.71
2026/09/26 00:48:30.089, 0, 29365, 97871, 100, 337.90
2026/09/26 00:48:30.089, 1, 29131, 97871, 100, 356.34
2026/09/26 00:48:30.089, 2, 28581, 97871, 100, 371.51
2026/09/26 00:48:30.089, 3, 28327, 97871, 100, 359.12
2026/09/26 00:48:30.289, 0, 29365, 97871, 100, 343.95
2026/09/26 00:48:30.289, 1, 29131, 97871, 100, 355.63
2026/09/26 00:48:30.289, 2, 28581, 97871, 100, 368.70
2026/09/26 00:48:30.289, 3, 28327, 97871, 100, 359.57
2026/09/26 00:48:30.489, 0, 29365, 97871, 100, 345.54
2026/09/26 00:48:30.489, 1, 29131, 97871, 100, 352.73
2026/09/26 00:48:30.489, 2, 28581, 97871, 100, 368.45
2026/09/26 00:48:30.489, 3, 28327, 97871, 100, 359.13
2026/09/26 00:48:30.689, 0, 29365, 97871, 100, 345.94
2026/09/26 00:48:30.689, 1, 29131, 97871, 100, 364.28
2026/09/26 00:48:30.689, 2, 28581, 97871, 100, 361.72
2026/09/26 00:48:30.689, 3, 28327, 97871, 100, 362.06
2026/09/26 00:48:30.889, 0, 29367, 97871, 100, 343.16
2026/09/26 00:48:30.889, 1, 29133, 97871, 100, 351.19
2026/09/26 00:48:30.889, 2, 28583, 97871, 100, 340.04
2026/09/26 00:48:30.890, 3, 28329, 97871, 88, 351.36
2026/09/26 00:48:31.090, 0, 29367, 97871, 17, 310.54
2026/09/26 00:48:31.090, 1, 29133, 97871, 97, 316.44
2026/09/26 00:48:31.090, 2, 28583, 97871, 69, 299.27
2026/09/26 00:48:31.090, 3, 28329, 97871, 87, 316.26
2026/09/26 00:48:31.290, 0, 29367, 97871, 0, 264.71
2026/09/26 00:48:31.290, 1, 29133, 97871, 0, 265.44
2026/09/26 00:48:31.290, 2, 28583, 97871, 58, 254.13
2026/09/26 00:48:31.290, 3, 28329, 97871, 0, 271.20
2026/09/26 00:48:31.490, 0, 29367, 97871, 0, 218.79
2026/09/26 00:48:31.490, 1, 29133, 97871, 0, 219.95
2026/09/26 00:48:31.490, 2, 28583, 97871, 0, 209.02
2026/09/26 00:48:31.490, 3, 28329, 97871, 0, 220.44
2026/09/26 00:48:31.690, 0, 29367, 97871, 0, 177.72
2026/09/26 00:48:31.690, 1, 29133, 97871, 0, 163.91
2026/09/26 00:48:31.690, 2, 28583, 97871, 0, 158.46
2026/09/26 00:48:31.690, 3, 28329, 97871, 0, 174.67
2026/09/26 00:48:31.890, 0, 29367, 97871, 0, 132.89
2026/09/26 00:48:31.890, 1, 29133, 97871, 0, 137.22
2026/09/26 00:48:31.890, 2, 28583, 97871, 0, 131.78
2026/09/26 00:48:31.890, 3, 28329, 97871, 0, 137.01
2026/09/26 00:48:32.090, 0, 29367, 97871, 0, 119.64
2026/09/26 00:48:32.090, 1, 29133, 97871, 0, 126.67
2026/09/26 00:48:32.090, 2, 28583, 97871, 0, 121.22
2026/09/26 00:48:32.090, 3, 28329, 97871, 0, 124.21
2026/09/26 00:48:32.291, 0, 29367, 97871, 0, 119.26
2026/09/26 00:48:32.291, 1, 29133, 97871, 0, 126.55
2026/09/26 00:48:32.291, 2, 28583, 97871, 0, 121.07
2026/09/26 00:48:32.291, 3, 28329, 97871, 0, 124.01
2026/09/26 00:48:32.491, 0, 29367, 97871, 0, 119.17
2026/09/26 00:48:32.491, 1, 29133, 97871, 0, 126.48
2026/09/26 00:48:32.491, 2, 28583, 97871, 0, 121.01
2026/09/26 00:48:32.491, 3, 28329, 97871, 0, 123.92
2026/09/26 00:48:32.691, 0, 29367, 97871, 0, 121.78
2026/09/26 00:48:32.691, 1, 29133, 97871, 0, 132.62
2026/09/26 00:48:32.691, 2, 28583, 97871, 0, 128.34
2026/09/26 00:48:32.691, 3, 28329, 97871, 18, 128.37
2026/09/26 00:48:32.891, 0, 29367, 97871, 48, 151.72
2026/09/26 00:48:32.891, 1, 29133, 97871, 75, 183.71
2026/09/26 00:48:32.891, 2, 28583, 97871, 47, 171.49
2026/09/26 00:48:32.891, 3, 28329, 97871, 99, 160.14
2026/09/26 00:48:33.091, 0, 29367, 97871, 100, 194.69
2026/09/26 00:48:33.091, 1, 29133, 97871, 100, 228.71
2026/09/26 00:48:33.091, 2, 28583, 97871, 100, 216.30
2026/09/26 00:48:33.091, 3, 28329, 97871, 100, 205.23
2026/09/26 00:48:33.291, 0, 29367, 97871, 100, 243.79
2026/09/26 00:48:33.291, 1, 29133, 97871, 100, 279.41
2026/09/26 00:48:33.291, 2, 28583, 97871, 100, 261.11
2026/09/26 00:48:33.291, 3, 28329, 97871, 100, 251.87
2026/09/26 00:48:33.491, 0, 29367, 97871, 100, 284.95
2026/09/26 00:48:33.491, 1, 29133, 97871, 100, 324.54
2026/09/26 00:48:33.491, 2, 28583, 97871, 100, 310.29
2026/09/26 00:48:33.491, 3, 28329, 97871, 100, 296.82
2026/09/26 00:48:33.692, 0, 29367, 97871, 100, 330.52
2026/09/26 00:48:33.692, 1, 29133, 97871, 100, 366.44
2026/09/26 00:48:33.692, 2, 28583, 97871, 100, 352.23
2026/09/26 00:48:33.692, 3, 28329, 97871, 100, 339.81
2026/09/26 00:48:33.892, 0, 29367, 97871, 100, 349.27
2026/09/26 00:48:33.892, 1, 29133, 97871, 100, 361.10
2026/09/26 00:48:33.892, 2, 28583, 97871, 100, 357.39
2026/09/26 00:48:33.892, 3, 28329, 97871, 100, 355.83
2026/09/26 00:48:34.092, 0, 29367, 97871, 100, 348.44
2026/09/26 00:48:34.092, 1, 29133, 97871, 100, 362.57
2026/09/26 00:48:34.092, 2, 28583, 97871, 100, 363.58
2026/09/26 00:48:34.092, 3, 28329, 97871, 100, 353.29
2026/09/26 00:48:34.292, 0, 29367, 97871, 100, 352.17
2026/09/26 00:48:34.292, 1, 29133, 97871, 100, 359.75
2026/09/26 00:48:34.292, 2, 28583, 97871, 100, 360.99
2026/09/26 00:48:34.292, 3, 28329, 97871, 100, 346.41
2026/09/26 00:48:34.492, 0, 29367, 97871, 100, 348.78
2026/09/26 00:48:34.492, 1, 29133, 97871, 100, 360.64
2026/09/26 00:48:34.492, 2, 28583, 97871, 100, 358.04
2026/09/26 00:48:34.492, 3, 28329, 97871, 100, 347.45
2026/09/26 00:48:34.692, 0, 29367, 97871, 100, 348.94
2026/09/26 00:48:34.692, 1, 29133, 97871, 100, 364.82
2026/09/26 00:48:34.692, 2, 28583, 97871, 100, 351.77
2026/09/26 00:48:34.692, 3, 28329, 97871, 100, 346.18
2026/09/26 00:48:34.892, 0, 29367, 97871, 100, 345.10
2026/09/26 00:48:34.892, 1, 29133, 97871, 100, 371.09
2026/09/26 00:48:34.892, 2, 28583, 97871, 100, 348.44
2026/09/26 00:48:34.892, 3, 28329, 97871, 100, 344.78
2026/09/26 00:48:35.093, 0, 29367, 97871, 100, 351.98
2026/09/26 00:48:35.093, 1, 29133, 97871, 100, 364.09
2026/09/26 00:48:35.093, 2, 28583, 97871, 100, 345.32
2026/09/26 00:48:35.093, 3, 28329, 97871, 100, 350.97
2026/09/26 00:48:35.293, 0, 29367, 97871, 100, 344.85
2026/09/26 00:48:35.293, 1, 29133, 97871, 100, 365.19
2026/09/26 00:48:35.293, 2, 28583, 97871, 100, 347.17
2026/09/26 00:48:35.293, 3, 28329, 97871, 100, 355.62
2026/09/26 00:48:35.493, 0, 29367, 97871, 100, 351.93
2026/09/26 00:48:35.493, 1, 29133, 97871, 100, 366.36
2026/09/26 00:48:35.493, 2, 28583, 97871, 100, 344.75
2026/09/26 00:48:35.493, 3, 28329, 97871, 100, 352.05
2026/09/26 00:48:35.693, 0, 29367, 97871, 84, 353.34
2026/09/26 00:48:35.693, 1, 29133, 97871, 77, 362.01
2026/09/26 00:48:35.693, 2, 28583, 97871, 100, 342.30
2026/09/26 00:48:35.693, 3, 28329, 97871, 76, 346.53
2026/09/26 00:48:35.893, 0, 29367, 97871, 100, 353.65
2026/09/26 00:48:35.893, 1, 29133, 97871, 100, 359.06
2026/09/26 00:48:35.893, 2, 28583, 97871, 84, 345.18
2026/09/26 00:48:35.893, 3, 28329, 97871, 100, 347.38
2026/09/26 00:48:36.093, 0, 29367, 97871, 100, 348.22
2026/09/26 00:48:36.093, 1, 29133, 97871, 100, 365.77
2026/09/26 00:48:36.093, 2, 28583, 97871, 100, 343.86
2026/09/26 00:48:36.093, 3, 28329, 97871, 100, 343.68
2026/09/26 00:48:36.293, 0, 29367, 97871, 100, 352.17
2026/09/26 00:48:36.293, 1, 29133, 97871, 100, 367.29
2026/09/26 00:48:36.293, 2, 28583, 97871, 100, 345.99
2026/09/26 00:48:36.293, 3, 28329, 97871, 100, 342.74
2026/09/26 00:48:36.494, 0, 29367, 97871, 100, 347.88
2026/09/26 00:48:36.494, 1, 29133, 97871, 100, 364.22
2026/09/26 00:48:36.494, 2, 28583, 97871, 100, 348.73
2026/09/26 00:48:36.494, 3, 28329, 97871, 100, 344.66
2026/09/26 00:48:36.694, 0, 29367, 97871, 100, 350.78
2026/09/26 00:48:36.694, 1, 29133, 97871, 100, 365.15
2026/09/26 00:48:36.694, 2, 28583, 97871, 100, 356.04
2026/09/26 00:48:36.694, 3, 28329, 97871, 100, 352.79
2026/09/26 00:48:36.894, 0, 29367, 97871, 100, 350.60
2026/09/26 00:48:36.894, 1, 29133, 97871, 100, 366.43
2026/09/26 00:48:36.894, 2, 28583, 97871, 100, 357.31
2026/09/26 00:48:36.894, 3, 28329, 97871, 100, 348.13
2026/09/26 00:48:37.094, 0, 29367, 97871, 100, 352.08
2026/09/26 00:48:37.094, 1, 29133, 97871, 100, 361.70
2026/09/26 00:48:37.094, 2, 28583, 97871, 100, 359.07
2026/09/26 00:48:37.094, 3, 28329, 97871, 100, 346.33
2026/09/26 00:48:37.294, 0, 29367, 97871, 100, 353.11
2026/09/26 00:48:37.294, 1, 29133, 97871, 100, 364.04
2026/09/26 00:48:37.294, 2, 28583, 97871, 100, 356.87
2026/09/26 00:48:37.294, 3, 28329, 97871, 100, 346.38
2026/09/26 00:48:37.494, 0, 29367, 97871, 100, 349.83
2026/09/26 00:48:37.494, 1, 29133, 97871, 100, 367.15
2026/09/26 00:48:37.494, 2, 28583, 97871, 100, 353.35
2026/09/26 00:48:37.494, 3, 28329, 97871, 100, 345.55
2026/09/26 00:48:37.694, 0, 29367, 97871, 100, 349.92
2026/09/26 00:48:37.694, 1, 29133, 97871, 100, 369.35
2026/09/26 00:48:37.694, 2, 28583, 97871, 100, 346.62
2026/09/26 00:48:37.694, 3, 28329, 97871, 100, 349.44
2026/09/26 00:48:37.894, 0, 29367, 97871, 100, 356.77
2026/09/26 00:48:37.895, 1, 29133, 97871, 100, 367.40
2026/09/26 00:48:37.895, 2, 28583, 97871, 100, 346.58
2026/09/26 00:48:37.895, 3, 28329, 97871, 100, 355.42
2026/09/26 00:48:38.095, 0, 29367, 97871, 100, 350.46
2026/09/26 00:48:38.095, 1, 29133, 97871, 100, 368.89
2026/09/26 00:48:38.095, 2, 28583, 97871, 100, 348.29
2026/09/26 00:48:38.095, 3, 28329, 97871, 100, 358.64
2026/09/26 00:48:38.295, 0, 29367, 97871, 100, 352.79
2026/09/26 00:48:38.295, 1, 29133, 97871, 100, 367.52
2026/09/26 00:48:38.295, 2, 28583, 97871, 100, 347.08
2026/09/26 00:48:38.295, 3, 28329, 97871, 100, 356.44
2026/09/26 00:48:38.495, 0, 29367, 97871, 100, 356.36
2026/09/26 00:48:38.495, 1, 29133, 97871, 95, 364.37
2026/09/26 00:48:38.495, 2, 28583, 97871, 100, 345.35
2026/09/26 00:48:38.495, 3, 28329, 97871, 77, 350.57
2026/09/26 00:48:38.695, 0, 29367, 97871, 100, 354.58
2026/09/26 00:48:38.695, 1, 29133, 97871, 100, 362.48
2026/09/26 00:48:38.695, 2, 28583, 97871, 77, 347.29
2026/09/26 00:48:38.695, 3, 28329, 97871, 100, 349.34
2026/09/26 00:48:38.895, 0, 29367, 97871, 100, 351.77
2026/09/26 00:48:38.895, 1, 29133, 97871, 100, 364.51
2026/09/26 00:48:38.895, 2, 28583, 97871, 100, 351.06
2026/09/26 00:48:38.895, 3, 28329, 97871, 100, 349.43
2026/09/26 00:48:39.095, 0, 29367, 97871, 100, 355.45
2026/09/26 00:48:39.095, 1, 29133, 97871, 100, 369.02
2026/09/26 00:48:39.095, 2, 28583, 97871, 100, 348.22
2026/09/26 00:48:39.095, 3, 28329, 97871, 100, 345.30
2026/09/26 00:48:39.295, 0, 29367, 97871, 100, 352.74
2026/09/26 00:48:39.296, 1, 29133, 97871, 100, 368.43
2026/09/26 00:48:39.296, 2, 28583, 97871, 100, 352.03
2026/09/26 00:48:39.296, 3, 28329, 97871, 100, 348.44
2026/09/26 00:48:39.496, 0, 29367, 97871, 100, 355.58
2026/09/26 00:48:39.496, 1, 29133, 97871, 100, 366.12
2026/09/26 00:48:39.496, 2, 28583, 97871, 100, 356.20
2026/09/26 00:48:39.496, 3, 28329, 97871, 100, 352.65
2026/09/26 00:48:39.696, 0, 29367, 97871, 100, 357.04
2026/09/26 00:48:39.696, 1, 29133, 97871, 100, 365.39
2026/09/26 00:48:39.696, 2, 28583, 97871, 100, 359.84
2026/09/26 00:48:39.696, 3, 28329, 97871, 100, 349.79
2026/09/26 00:48:39.896, 0, 29367, 97871, 100, 355.19
2026/09/26 00:48:39.896, 1, 29133, 97871, 100, 358.17
2026/09/26 00:48:39.896, 2, 28583, 97871, 100, 358.21
2026/09/26 00:48:39.896, 3, 28329, 97871, 100, 346.61
2026/09/26 00:48:40.096, 0, 29367, 97871, 100, 356.12
2026/09/26 00:48:40.096, 1, 29133, 97871, 100, 358.61
2026/09/26 00:48:40.096, 2, 28583, 97871, 100, 357.04
2026/09/26 00:48:40.096, 3, 28329, 97871, 100, 348.29
2026/09/26 00:48:40.296, 0, 29367, 97871, 100, 354.61
2026/09/26 00:48:40.296, 1, 29133, 97871, 100, 360.03
2026/09/26 00:48:40.296, 2, 28583, 97871, 100, 353.58
2026/09/26 00:48:40.296, 3, 28329, 97871, 100, 345.99
2026/09/26 00:48:40.496, 0, 29367, 97871, 100, 350.88
2026/09/26 00:48:40.496, 1, 29133, 97871, 100, 363.33
2026/09/26 00:48:40.496, 2, 28583, 97871, 100, 345.78
2026/09/26 00:48:40.496, 3, 28329, 97871, 100, 354.06
2026/09/26 00:48:40.696, 0, 29367, 97871, 100, 352.36
2026/09/26 00:48:40.696, 1, 29133, 97871, 100, 362.29
2026/09/26 00:48:40.696, 2, 28583, 97871, 100, 344.48
2026/09/26 00:48:40.697, 3, 28329, 97871, 100, 358.50
2026/09/26 00:48:40.897, 0, 29367, 97871, 100, 350.38
2026/09/26 00:48:40.897, 1, 29133, 97871, 100, 365.49
2026/09/26 00:48:40.897, 2, 28583, 97871, 100, 346.19
2026/09/26 00:48:40.897, 3, 28329, 97871, 100, 362.72
2026/09/26 00:48:41.097, 0, 29367, 97871, 100, 349.87
2026/09/26 00:48:41.097, 1, 29133, 97871, 100, 367.25
2026/09/26 00:48:41.097, 2, 28583, 97871, 100, 351.02
2026/09/26 00:48:41.097, 3, 28329, 97871, 100, 363.54
2026/09/26 00:48:41.297, 0, 29367, 97871, 100, 358.26
2026/09/26 00:48:41.297, 1, 29133, 97871, 100, 353.51
2026/09/26 00:48:41.297, 2, 28583, 97871, 100, 337.51
2026/09/26 00:48:41.297, 3, 28329, 97871, 100, 355.68
2026/09/26 00:48:41.497, 0, 29367, 97871, 69, 325.84
2026/09/26 00:48:41.497, 1, 29133, 97871, 88, 331.99
2026/09/26 00:48:41.497, 2, 28583, 97871, 87, 321.34
2026/09/26 00:48:41.497, 3, 28329, 97871, 88, 321.49
2026/09/26 00:48:41.697, 0, 29367, 97871, 95, 318.89
2026/09/26 00:48:41.697, 1, 29133, 97871, 100, 336.63
2026/09/26 00:48:41.697, 2, 28583, 97871, 75, 321.04
2026/09/26 00:48:41.697, 3, 28329, 97871, 100, 316.27
2026/09/26 00:48:41.897, 0, 29367, 97871, 100, 318.99
2026/09/26 00:48:41.897, 1, 29133, 97871, 100, 337.80
2026/09/26 00:48:41.897, 2, 28583, 97871, 100, 318.37
2026/09/26 00:48:41.897, 3, 28329, 97871, 100, 314.51
2026/09/26 00:48:42.097, 0, 29367, 97871, 100, 318.96
2026/09/26 00:48:42.097, 1, 29133, 97871, 100, 338.42
2026/09/26 00:48:42.097, 2, 28583, 97871, 100, 315.60
2026/09/26 00:48:42.098, 3, 28329, 97871, 100, 313.16
2026/09/26 00:48:42.298, 0, 29367, 97871, 100, 313.60
2026/09/26 00:48:42.298, 1, 29133, 97871, 100, 350.83
2026/09/26 00:48:42.298, 2, 28583, 97871, 100, 331.89
2026/09/26 00:48:42.298, 3, 28329, 97871, 100, 324.14
2026/09/26 00:48:42.498, 0, 29367, 97871, 100, 343.51
2026/09/26 00:48:42.498, 1, 29133, 97871, 100, 368.88
2026/09/26 00:48:42.498, 2, 28583, 97871, 100, 359.58
2026/09/26 00:48:42.498, 3, 28329, 97871, 100, 352.73
2026/09/26 00:48:42.698, 0, 29367, 97871, 100, 352.46
2026/09/26 00:48:42.698, 1, 29133, 97871, 100, 360.97
2026/09/26 00:48:42.698, 2, 28583, 97871, 100, 357.21
2026/09/26 00:48:42.698, 3, 28329, 97871, 100, 357.60
2026/09/26 00:48:42.898, 0, 29367, 97871, 100, 351.82
2026/09/26 00:48:42.898, 1, 29133, 97871, 100, 363.95
2026/09/26 00:48:42.898, 2, 28583, 97871, 100, 359.73
2026/09/26 00:48:42.898, 3, 28329, 97871, 100, 350.72
2026/09/26 00:48:43.098, 0, 29367, 97871, 100, 354.21
2026/09/26 00:48:43.098, 1, 29133, 97871, 100, 364.19
2026/09/26 00:48:43.098, 2, 28583, 97871, 100, 360.16
2026/09/26 00:48:43.098, 3, 28329, 97871, 100, 346.17
2026/09/26 00:48:43.298, 0, 29367, 97871, 100, 350.81
2026/09/26 00:48:43.298, 1, 29133, 97871, 100, 364.94
2026/09/26 00:48:43.298, 2, 28583, 97871, 100, 352.68
2026/09/26 00:48:43.298, 3, 28329, 97871, 100, 347.18
2026/09/26 00:48:43.498, 0, 29367, 97871, 100, 351.37
2026/09/26 00:48:43.498, 1, 29133, 97871, 100, 370.51
2026/09/26 00:48:43.498, 2, 28583, 97871, 100, 348.73
2026/09/26 00:48:43.498, 3, 28329, 97871, 100, 350.25
2026/09/26 00:48:43.699, 0, 29367, 97871, 100, 349.65
2026/09/26 00:48:43.699, 1, 29133, 97871, 100, 371.88
2026/09/26 00:48:43.699, 2, 28583, 97871, 100, 347.75
2026/09/26 00:48:43.699, 3, 28329, 97871, 100, 349.25
2026/09/26 00:48:43.899, 0, 29367, 97871, 100, 352.82
2026/09/26 00:48:43.899, 1, 29133, 97871, 100, 368.79
2026/09/26 00:48:43.899, 2, 28583, 97871, 100, 346.33
2026/09/26 00:48:43.899, 3, 28329, 97871, 100, 356.05
2026/09/26 00:48:44.099, 0, 29367, 97871, 100, 346.48
2026/09/26 00:48:44.099, 1, 29133, 97871, 100, 366.14
2026/09/26 00:48:44.099, 2, 28583, 97871, 100, 348.21
2026/09/26 00:48:44.099, 3, 28329, 97871, 100, 359.61
2026/09/26 00:48:44.299, 0, 29367, 97871, 100, 357.80
2026/09/26 00:48:44.300, 1, 29133, 97871, 100, 362.65
2026/09/26 00:48:44.300, 2, 28583, 97871, 100, 343.78
2026/09/26 00:48:44.300, 3, 28329, 97871, 100, 355.84
2026/09/26 00:48:44.500, 0, 29367, 97871, 76, 353.31
2026/09/26 00:48:44.500, 1, 29133, 97871, 84, 366.14
2026/09/26 00:48:44.500, 2, 28583, 97871, 76, 343.89
2026/09/26 00:48:44.500, 3, 28329, 97871, 100, 349.13
2026/09/26 00:48:44.700, 0, 29367, 97871, 100, 354.02
2026/09/26 00:48:44.700, 1, 29133, 97871, 100, 364.86
2026/09/26 00:48:44.700, 2, 28583, 97871, 100, 347.17
2026/09/26 00:48:44.700, 3, 28329, 97871, 100, 347.70
2026/09/26 00:48:44.900, 0, 29367, 97871, 100, 354.03
2026/09/26 00:48:44.900, 1, 29133, 97871, 100, 367.98
2026/09/26 00:48:44.900, 2, 28583, 97871, 100, 345.72
2026/09/26 00:48:44.900, 3, 28329, 97871, 100, 347.14
2026/09/26 00:48:45.100, 0, 29367, 97871, 100, 357.06
2026/09/26 00:48:45.100, 1, 29133, 97871, 100, 369.36
2026/09/26 00:48:45.100, 2, 28583, 97871, 100, 346.54
2026/09/26 00:48:45.100, 3, 28329, 97871, 100, 348.59
2026/09/26 00:48:45.300, 0, 29367, 97871, 100, 350.35
2026/09/26 00:48:45.300, 1, 29133, 97871, 100, 366.75
2026/09/26 00:48:45.300, 2, 28583, 97871, 100, 357.11
2026/09/26 00:48:45.300, 3, 28329, 97871, 100, 348.69
2026/09/26 00:48:45.500, 0, 29367, 97871, 100, 357.39
2026/09/26 00:48:45.500, 1, 29133, 97871, 100, 365.57
2026/09/26 00:48:45.500, 2, 28583, 97871, 100, 360.82
2026/09/26 00:48:45.500, 3, 28329, 97871, 100, 356.10
2026/09/26 00:48:45.701, 0, 29367, 97871, 100, 353.78
2026/09/26 00:48:45.701, 1, 29133, 97871, 100, 365.22
2026/09/26 00:48:45.701, 2, 28583, 97871, 100, 362.71
2026/09/26 00:48:45.701, 3, 28329, 97871, 100, 353.23
2026/09/26 00:48:45.901, 0, 29367, 97871, 100, 355.02
2026/09/26 00:48:45.901, 1, 29133, 97871, 100, 362.94
2026/09/26 00:48:45.901, 2, 28583, 97871, 100, 356.37
2026/09/26 00:48:45.901, 3, 28329, 97871, 100, 347.53
2026/09/26 00:48:46.101, 0, 29367, 97871, 100, 352.43
2026/09/26 00:48:46.101, 1, 29133, 97871, 100, 367.55
2026/09/26 00:48:46.101, 2, 28583, 97871, 100, 355.07
2026/09/26 00:48:46.101, 3, 28329, 97871, 100, 343.98
2026/09/26 00:48:46.301, 0, 29367, 97871, 100, 350.55
2026/09/26 00:48:46.301, 1, 29133, 97871, 100, 370.48
2026/09/26 00:48:46.301, 2, 28583, 97871, 100, 350.27
2026/09/26 00:48:46.301, 3, 28329, 97871, 100, 347.81
2026/09/26 00:48:46.501, 0, 29367, 97871, 100, 347.58
2026/09/26 00:48:46.501, 1, 29133, 97871, 100, 371.04
2026/09/26 00:48:46.501, 2, 28583, 97871, 100, 346.97
2026/09/26 00:48:46.501, 3, 28329, 97871, 100, 349.82
2026/09/26 00:48:46.701, 0, 29367, 97871, 100, 354.53
2026/09/26 00:48:46.701, 1, 29133, 97871, 100, 369.29
2026/09/26 00:48:46.701, 2, 28583, 97871, 100, 344.54
2026/09/26 00:48:46.701, 3, 28329, 97871, 100, 355.39
2026/09/26 00:48:46.901, 0, 29367, 97871, 100, 349.79
2026/09/26 00:48:46.901, 1, 29133, 97871, 100, 370.38
2026/09/26 00:48:46.901, 2, 28583, 97871, 100, 351.05
2026/09/26 00:48:46.901, 3, 28329, 97871, 100, 361.14
2026/09/26 00:48:47.102, 0, 29367, 97871, 100, 356.83
2026/09/26 00:48:47.102, 1, 29133, 97871, 100, 368.79
2026/09/26 00:48:47.102, 2, 28583, 97871, 100, 348.49
2026/09/26 00:48:47.102, 3, 28329, 97871, 100, 359.77
2026/09/26 00:48:47.302, 0, 29367, 97871, 78, 358.51
2026/09/26 00:48:47.302, 1, 29133, 97871, 78, 365.38
2026/09/26 00:48:47.302, 2, 28583, 97871, 78, 345.67
2026/09/26 00:48:47.302, 3, 28329, 97871, 77, 352.68
2026/09/26 00:48:47.502, 0, 29367, 97871, 100, 357.94
2026/09/26 00:48:47.502, 1, 29133, 97871, 100, 364.12
2026/09/26 00:48:47.502, 2, 28583, 97871, 100, 348.34
2026/09/26 00:48:47.502, 3, 28329, 97871, 100, 351.12
2026/09/26 00:48:47.702, 0, 29367, 97871, 100, 352.51
2026/09/26 00:48:47.702, 1, 29133, 97871, 100, 368.52
2026/09/26 00:48:47.702, 2, 28583, 97871, 100, 345.25
2026/09/26 00:48:47.702, 3, 28329, 97871, 100, 351.36
2026/09/26 00:48:47.902, 0, 29367, 97871, 100, 353.76
2026/09/26 00:48:47.902, 1, 29133, 97871, 100, 368.96
2026/09/26 00:48:47.902, 2, 28583, 97871, 100, 348.49
2026/09/26 00:48:47.902, 3, 28329, 97871, 100, 348.86
2026/09/26 00:48:48.102, 0, 29367, 97871, 100, 350.07
2026/09/26 00:48:48.102, 1, 29133, 97871, 100, 366.69
2026/09/26 00:48:48.102, 2, 28583, 97871, 100, 353.23
2026/09/26 00:48:48.102, 3, 28329, 97871, 100, 350.36
2026/09/26 00:48:48.302, 0, 29367, 97871, 100, 354.72
2026/09/26 00:48:48.302, 1, 29133, 97871, 100, 368.54
2026/09/26 00:48:48.302, 2, 28583, 97871, 100, 359.05
2026/09/26 00:48:48.302, 3, 28329, 97871, 100, 355.98
2026/09/26 00:48:48.503, 0, 29367, 97871, 100, 353.42
2026/09/26 00:48:48.503, 1, 29133, 97871, 100, 367.15
2026/09/26 00:48:48.503, 2, 28583, 97871, 100, 358.86
2026/09/26 00:48:48.503, 3, 28329, 97871, 100, 351.01
2026/09/26 00:48:48.703, 0, 29367, 97871, 100, 357.51
2026/09/26 00:48:48.703, 1, 29133, 97871, 100, 362.45
2026/09/26 00:48:48.703, 2, 28583, 97871, 100, 357.82
2026/09/26 00:48:48.703, 3, 28329, 97871, 100, 348.31
2026/09/26 00:48:48.903, 0, 29367, 97871, 100, 359.34
2026/09/26 00:48:48.903, 1, 29133, 97871, 100, 365.33
2026/09/26 00:48:48.903, 2, 28583, 97871, 100, 357.18
2026/09/26 00:48:48.903, 3, 28329, 97871, 100, 351.11
2026/09/26 00:48:49.103, 0, 29367, 97871, 100, 357.60
2026/09/26 00:48:49.103, 1, 29133, 97871, 100, 366.64
2026/09/26 00:48:49.103, 2, 28583, 97871, 100, 351.37
2026/09/26 00:48:49.103, 3, 28329, 97871, 100, 351.80
2026/09/26 00:48:49.303, 0, 29367, 97871, 100, 357.06
2026/09/26 00:48:49.303, 1, 29133, 97871, 100, 368.00
2026/09/26 00:48:49.303, 2, 28583, 97871, 100, 347.25
2026/09/26 00:48:49.303, 3, 28329, 97871, 100, 353.81
2026/09/26 00:48:49.503, 0, 29367, 97871, 100, 361.29
2026/09/26 00:48:49.503, 1, 29133, 97871, 100, 363.97
2026/09/26 00:48:49.503, 2, 28583, 97871, 100, 346.14
2026/09/26 00:48:49.503, 3, 28329, 97871, 100, 362.95
2026/09/26 00:48:49.703, 0, 29367, 97871, 100, 356.28
2026/09/26 00:48:49.703, 1, 29133, 97871, 100, 367.66
2026/09/26 00:48:49.703, 2, 28583, 97871, 100, 352.72
2026/09/26 00:48:49.703, 3, 28329, 97871, 100, 361.78
2026/09/26 00:48:49.904, 0, 29367, 97871, 100, 357.64
2026/09/26 00:48:49.904, 1, 29133, 97871, 100, 367.33
2026/09/26 00:48:49.904, 2, 28583, 97871, 100, 350.64
2026/09/26 00:48:49.904, 3, 28329, 97871, 100, 359.98
2026/09/26 00:48:50.104, 0, 29367, 97871, 100, 347.13
2026/09/26 00:48:50.104, 1, 29133, 97871, 84, 344.02
2026/09/26 00:48:50.104, 2, 28583, 97871, 100, 329.61
2026/09/26 00:48:50.104, 3, 28329, 97871, 78, 344.15
2026/09/26 00:48:50.304, 0, 29367, 97871, 67, 336.96
2026/09/26 00:48:50.304, 1, 29133, 97871, 94, 347.43
2026/09/26 00:48:50.304, 2, 28583, 97871, 81, 335.40
2026/09/26 00:48:50.304, 3, 28329, 97871, 100, 336.61
2026/09/26 00:48:50.504, 0, 29367, 97871, 100, 333.82
2026/09/26 00:48:50.504, 1, 29133, 97871, 100, 347.01
2026/09/26 00:48:50.504, 2, 28583, 97871, 100, 334.10
2026/09/26 00:48:50.504, 3, 28329, 97871, 100, 335.89
2026/09/26 00:48:50.704, 0, 29367, 97871, 100, 338.64
2026/09/26 00:48:50.704, 1, 29133, 97871, 100, 348.78
2026/09/26 00:48:50.704, 2, 28583, 97871, 100, 332.08
2026/09/26 00:48:50.704, 3, 28329, 97871, 100, 335.45
2026/09/26 00:48:50.904, 0, 29367, 97871, 100, 333.34
2026/09/26 00:48:50.904, 1, 29133, 97871, 100, 350.37
2026/09/26 00:48:50.904, 2, 28583, 97871, 100, 334.69
2026/09/26 00:48:50.904, 3, 28329, 97871, 100, 334.31
2026/09/26 00:48:51.104, 0, 29367, 97871, 100, 346.87
2026/09/26 00:48:51.104, 1, 29133, 97871, 100, 365.49
2026/09/26 00:48:51.104, 2, 28583, 97871, 100, 360.30
2026/09/26 00:48:51.104, 3, 28329, 97871, 100, 352.64
2026/09/26 00:48:51.305, 0, 29367, 97871, 100, 358.23
2026/09/26 00:48:51.305, 1, 29133, 97871, 100, 359.65
2026/09/26 00:48:51.305, 2, 28583, 97871, 100, 356.73
2026/09/26 00:48:51.305, 3, 28329, 97871, 100, 358.93
2026/09/26 00:48:51.505, 0, 29367, 97871, 100, 357.15
2026/09/26 00:48:51.505, 1, 29133, 97871, 100, 358.95
2026/09/26 00:48:51.505, 2, 28583, 97871, 100, 360.62
2026/09/26 00:48:51.505, 3, 28329, 97871, 100, 354.62
2026/09/26 00:48:51.705, 0, 29367, 97871, 100, 354.15
2026/09/26 00:48:51.705, 1, 29133, 97871, 100, 360.12
2026/09/26 00:48:51.705, 2, 28583, 97871, 100, 359.75
2026/09/26 00:48:51.705, 3, 28329, 97871, 100, 347.91
2026/09/26 00:48:51.905, 0, 29367, 97871, 100, 352.85
2026/09/26 00:48:51.905, 1, 29133, 97871, 100, 361.10
2026/09/26 00:48:51.905, 2, 28583, 97871, 100, 354.50
2026/09/26 00:48:51.905, 3, 28329, 97871, 100, 349.48
2026/09/26 00:48:52.105, 0, 29367, 97871, 100, 351.71
2026/09/26 00:48:52.105, 1, 29133, 97871, 100, 366.04
2026/09/26 00:48:52.105, 2, 28583, 97871, 100, 349.21
2026/09/26 00:48:52.105, 3, 28329, 97871, 100, 350.62
2026/09/26 00:48:52.305, 0, 29367, 97871, 100, 347.10
2026/09/26 00:48:52.305, 1, 29133, 97871, 100, 368.03
2026/09/26 00:48:52.305, 2, 28583, 97871, 100, 349.42
2026/09/26 00:48:52.305, 3, 28329, 97871, 100, 353.34
2026/09/26 00:48:52.505, 0, 29367, 97871, 100, 351.19
2026/09/26 00:48:52.505, 1, 29133, 97871, 100, 367.87
2026/09/26 00:48:52.505, 2, 28583, 97871, 100, 346.91
2026/09/26 00:48:52.505, 3, 28329, 97871, 100, 357.39
2026/09/26 00:48:52.705, 0, 29367, 97871, 100, 348.22
2026/09/26 00:48:52.706, 1, 29133, 97871, 100, 364.96
2026/09/26 00:48:52.706, 2, 28583, 97871, 100, 351.42
2026/09/26 00:48:52.706, 3, 28329, 97871, 100, 364.85
2026/09/26 00:48:52.906, 0, 29367, 97871, 100, 357.42
2026/09/26 00:48:52.906, 1, 29133, 97871, 100, 363.61
2026/09/26 00:48:52.906, 2, 28583, 97871, 100, 345.40
2026/09/26 00:48:52.906, 3, 28329, 97871, 100, 360.53
2026/09/26 00:48:53.106, 0, 29367, 97871, 78, 352.62
2026/09/26 00:48:53.106, 1, 29133, 97871, 78, 366.74
2026/09/26 00:48:53.106, 2, 28583, 97871, 78, 346.20
2026/09/26 00:48:53.106, 3, 28329, 97871, 82, 352.19
2026/09/26 00:48:53.306, 0, 29367, 97871, 100, 354.08
2026/09/26 00:48:53.306, 1, 29133, 97871, 100, 364.20
2026/09/26 00:48:53.306, 2, 28583, 97871, 100, 345.96
2026/09/26 00:48:53.306, 3, 28329, 97871, 100, 350.91
2026/09/26 00:48:53.506, 0, 29367, 97871, 100, 352.36
2026/09/26 00:48:53.506, 1, 29133, 97871, 100, 369.24
2026/09/26 00:48:53.506, 2, 28583, 97871, 100, 348.28
2026/09/26 00:48:53.506, 3, 28329, 97871, 100, 349.54
2026/09/26 00:48:53.706, 0, 29367, 97871, 100, 352.01
2026/09/26 00:48:53.706, 1, 29133, 97871, 100, 372.06
2026/09/26 00:48:53.706, 2, 28583, 97871, 100, 347.71
2026/09/26 00:48:53.706, 3, 28329, 97871, 100, 344.44
2026/09/26 00:48:53.906, 0, 29367, 97871, 100, 345.46
2026/09/26 00:48:53.906, 1, 29133, 97871, 100, 367.74
2026/09/26 00:48:53.906, 2, 28583, 97871, 100, 354.55
2026/09/26 00:48:53.906, 3, 28329, 97871, 100, 350.59
2026/09/26 00:48:54.106, 0, 29367, 97871, 100, 354.61
2026/09/26 00:48:54.106, 1, 29133, 97871, 100, 361.70
2026/09/26 00:48:54.107, 2, 28583, 97871, 100, 358.71
2026/09/26 00:48:54.107, 3, 28329, 97871, 100, 357.41
2026/09/26 00:48:54.307, 0, 29367, 97871, 100, 352.95
2026/09/26 00:48:54.307, 1, 29133, 97871, 100, 361.44
2026/09/26 00:48:54.307, 2, 28583, 97871, 100, 364.28
2026/09/26 00:48:54.307, 3, 28329, 97871, 100, 354.39
2026/09/26 00:48:54.507, 0, 29367, 97871, 100, 357.82
2026/09/26 00:48:54.507, 1, 29133, 97871, 100, 360.08
2026/09/26 00:48:54.507, 2, 28583, 97871, 100, 362.58
2026/09/26 00:48:54.507, 3, 28329, 97871, 100, 349.62
2026/09/26 00:48:54.707, 0, 29367, 97871, 100, 356.82
2026/09/26 00:48:54.707, 1, 29133, 97871, 100, 361.29
2026/09/26 00:48:54.707, 2, 28583, 97871, 100, 359.33
2026/09/26 00:48:54.707, 3, 28329, 97871, 100, 352.50
2026/09/26 00:48:54.907, 0, 29367, 97871, 100, 356.93
2026/09/26 00:48:54.907, 1, 29133, 97871, 100, 366.07
2026/09/26 00:48:54.907, 2, 28583, 97871, 100, 352.95
2026/09/26 00:48:54.907, 3, 28329, 97871, 100, 349.49
2026/09/26 00:48:55.107, 0, 29367, 97871, 100, 352.82
2026/09/26 00:48:55.107, 1, 29133, 97871, 100, 369.92
2026/09/26 00:48:55.107, 2, 28583, 97871, 100, 352.15
2026/09/26 00:48:55.107, 3, 28329, 97871, 100, 353.04
2026/09/26 00:48:55.307, 0, 29367, 97871, 100, 357.66
2026/09/26 00:48:55.307, 1, 29133, 97871, 100, 367.18
2026/09/26 00:48:55.307, 2, 28583, 97871, 100, 347.05
2026/09/26 00:48:55.307, 3, 28329, 97871, 100, 356.11
2026/09/26 00:48:55.507, 0, 29367, 97871, 100, 348.22
2026/09/26 00:48:55.507, 1, 29133, 97871, 100, 364.76
2026/09/26 00:48:55.507, 2, 28583, 97871, 100, 347.24
2026/09/26 00:48:55.508, 3, 28329, 97871, 100, 360.27
2026/09/26 00:48:55.708, 0, 29367, 97871, 100, 355.34
2026/09/26 00:48:55.708, 1, 29133, 97871, 100, 365.53
2026/09/26 00:48:55.708, 2, 28583, 97871, 100, 346.20
2026/09/26 00:48:55.708, 3, 28329, 97871, 100, 358.05
2026/09/26 00:48:55.908, 0, 29367, 97871, 100, 354.51
2026/09/26 00:48:55.908, 1, 29133, 97871, 78, 362.61
2026/09/26 00:48:55.908, 2, 28583, 97871, 100, 344.18
2026/09/26 00:48:55.908, 3, 28329, 97871, 78, 350.28
2026/09/26 00:48:56.108, 0, 29367, 97871, 100, 354.59
2026/09/26 00:48:56.108, 1, 29133, 97871, 100, 361.95
2026/09/26 00:48:56.108, 2, 28583, 97871, 100, 347.05
2026/09/26 00:48:56.108, 3, 28329, 97871, 100, 349.29
2026/09/26 00:48:56.308, 0, 29367, 97871, 100, 351.54
2026/09/26 00:48:56.308, 1, 29133, 97871, 100, 368.67
2026/09/26 00:48:56.308, 2, 28583, 97871, 100, 343.76
2026/09/26 00:48:56.308, 3, 28329, 97871, 100, 347.55
2026/09/26 00:48:56.508, 0, 29367, 97871, 100, 352.96
2026/09/26 00:48:56.508, 1, 29133, 97871, 100, 373.14
2026/09/26 00:48:56.508, 2, 28583, 97871, 100, 348.89
2026/09/26 00:48:56.508, 3, 28329, 97871, 100, 345.57
2026/09/26 00:48:56.708, 0, 29367, 97871, 100, 349.29
2026/09/26 00:48:56.708, 1, 29133, 97871, 100, 368.44
2026/09/26 00:48:56.708, 2, 28583, 97871, 100, 353.39
2026/09/26 00:48:56.708, 3, 28329, 97871, 100, 350.44
2026/09/26 00:48:56.908, 0, 29367, 97871, 100, 352.74
2026/09/26 00:48:56.908, 1, 29133, 97871, 100, 366.22
2026/09/26 00:48:56.908, 2, 28583, 97871, 100, 357.65
2026/09/26 00:48:56.909, 3, 28329, 97871, 100, 357.83
2026/09/26 00:48:57.109, 0, 29367, 97871, 100, 353.49
2026/09/26 00:48:57.109, 1, 29133, 97871, 100, 367.01
2026/09/26 00:48:57.109, 2, 28583, 97871, 100, 360.08
2026/09/26 00:48:57.109, 3, 28329, 97871, 100, 357.32
2026/09/26 00:48:57.309, 0, 29367, 97871, 100, 353.38
2026/09/26 00:48:57.309, 1, 29133, 97871, 100, 361.82
2026/09/26 00:48:57.309, 2, 28583, 97871, 100, 365.43
2026/09/26 00:48:57.309, 3, 28329, 97871, 100, 352.06
2026/09/26 00:48:57.509, 0, 29367, 97871, 100, 355.23
2026/09/26 00:48:57.509, 1, 29133, 97871, 100, 363.34
2026/09/26 00:48:57.509, 2, 28583, 97871, 100, 360.48
2026/09/26 00:48:57.509, 3, 28329, 97871, 100, 351.96
2026/09/26 00:48:57.709, 0, 29367, 97871, 100, 353.44
2026/09/26 00:48:57.709, 1, 29133, 97871, 100, 366.59
2026/09/26 00:48:57.709, 2, 28583, 97871, 100, 357.21
2026/09/26 00:48:57.709, 3, 28329, 97871, 100, 348.51
2026/09/26 00:48:57.909, 0, 29367, 97871, 100, 353.10
2026/09/26 00:48:57.909, 1, 29133, 97871, 100, 373.98
2026/09/26 00:48:57.909, 2, 28583, 97871, 100, 354.03
2026/09/26 00:48:57.909, 3, 28329, 97871, 100, 351.47
2026/09/26 00:48:58.109, 0, 29367, 97871, 100, 358.61
2026/09/26 00:48:58.109, 1, 29133, 97871, 100, 369.25
2026/09/26 00:48:58.109, 2, 28583, 97871, 100, 352.39
2026/09/26 00:48:58.109, 3, 28329, 97871, 100, 355.52
2026/09/26 00:48:58.309, 0, 29367, 97871, 100, 353.62
2026/09/26 00:48:58.309, 1, 29133, 97871, 100, 369.02
2026/09/26 00:48:58.309, 2, 28583, 97871, 100, 348.77
2026/09/26 00:48:58.309, 3, 28329, 97871, 100, 361.36
2026/09/26 00:48:58.510, 0, 29367, 97871, 100, 353.11
2026/09/26 00:48:58.510, 1, 29133, 97871, 100, 369.05
2026/09/26 00:48:58.510, 2, 28583, 97871, 100, 347.94
2026/09/26 00:48:58.510, 3, 28329, 97871, 100, 360.59
2026/09/26 00:48:58.710, 0, 29367, 97871, 100, 350.55
2026/09/26 00:48:58.710, 1, 29133, 97871, 100, 346.74
2026/09/26 00:48:58.710, 2, 28583, 97871, 100, 325.99
2026/09/26 00:48:58.710, 3, 28329, 97871, 88, 344.05
2026/09/26 00:48:58.910, 0, 29367, 97871, 41, 321.40
2026/09/26 00:48:58.910, 1, 29133, 97871, 78, 329.14
2026/09/26 00:48:58.910, 2, 28583, 97871, 68, 311.54
2026/09/26 00:48:58.910, 3, 28329, 97871, 87, 318.92
2026/09/26 00:48:59.110, 0, 29367, 97871, 100, 315.29
2026/09/26 00:48:59.110, 1, 29133, 97871, 100, 332.29
2026/09/26 00:48:59.110, 2, 28583, 97871, 100, 311.40
2026/09/26 00:48:59.110, 3, 28329, 97871, 100, 316.12
2026/09/26 00:48:59.310, 0, 29367, 97871, 100, 318.11
2026/09/26 00:48:59.310, 1, 29133, 97871, 100, 335.46
2026/09/26 00:48:59.310, 2, 28583, 97871, 100, 313.22
2026/09/26 00:48:59.310, 3, 28329, 97871, 100, 314.54
2026/09/26 00:48:59.510, 0, 29367, 97871, 100, 317.64
2026/09/26 00:48:59.510, 1, 29133, 97871, 100, 335.49
2026/09/26 00:48:59.510, 2, 28583, 97871, 100, 315.68
2026/09/26 00:48:59.510, 3, 28329, 97871, 100, 316.42
2026/09/26 00:48:59.710, 0, 29367, 97871, 100, 322.22
2026/09/26 00:48:59.710, 1, 29133, 97871, 100, 356.89
2026/09/26 00:48:59.710, 2, 28583, 97871, 100, 337.55
2026/09/26 00:48:59.710, 3, 28329, 97871, 100, 334.02
2026/09/26 00:48:59.911, 0, 29367, 97871, 100, 353.81
2026/09/26 00:48:59.911, 1, 29133, 97871, 100, 368.47
2026/09/26 00:48:59.911, 2, 28583, 97871, 100, 360.39
2026/09/26 00:48:59.911, 3, 28329, 97871, 100, 354.83
2026/09/26 00:49:00.111, 0, 29367, 97871, 100, 356.02
2026/09/26 00:49:00.111, 1, 29133, 97871, 100, 367.47
2026/09/26 00:49:00.111, 2, 28583, 97871, 100, 363.20
2026/09/26 00:49:00.111, 3, 28329, 97871, 100, 353.61
2026/09/26 00:49:00.311, 0, 29367, 97871, 100, 355.40
2026/09/26 00:49:00.311, 1, 29133, 97871, 100, 362.96
2026/09/26 00:49:00.311, 2, 28583, 97871, 100, 365.12
2026/09/26 00:49:00.311, 3, 28329, 97871, 100, 350.86
2026/09/26 00:49:00.511, 0, 29367, 97871, 100, 355.30
2026/09/26 00:49:00.511, 1, 29133, 97871, 100, 364.91
2026/09/26 00:49:00.511, 2, 28583, 97871, 100, 361.44
2026/09/26 00:49:00.511, 3, 28329, 97871, 100, 350.86
2026/09/26 00:49:00.711, 0, 29367, 97871, 100, 354.00
2026/09/26 00:49:00.711, 1, 29133, 97871, 100, 368.74
2026/09/26 00:49:00.711, 2, 28583, 97871, 100, 356.29
2026/09/26 00:49:00.711, 3, 28329, 97871, 100, 348.21
2026/09/26 00:49:00.911, 0, 29367, 97871, 100, 349.27
2026/09/26 00:49:00.911, 1, 29133, 97871, 100, 372.09
2026/09/26 00:49:00.911, 2, 28583, 97871, 100, 349.23
2026/09/26 00:49:00.911, 3, 28329, 97871, 100, 354.11
2026/09/26 00:49:01.111, 0, 29367, 97871, 100, 351.61
2026/09/26 00:49:01.111, 1, 29133, 97871, 100, 370.35
2026/09/26 00:49:01.111, 2, 28583, 97871, 100, 347.54
2026/09/26 00:49:01.111, 3, 28329, 97871, 100, 356.68
2026/09/26 00:49:01.312, 0, 29367, 97871, 100, 351.04
2026/09/26 00:49:01.312, 1, 29133, 97871, 100, 371.95
2026/09/26 00:49:01.312, 2, 28583, 97871, 100, 345.97
2026/09/26 00:49:01.312, 3, 28329, 97871, 100, 362.21
2026/09/26 00:49:01.512, 0, 29367, 97871, 100, 349.19
2026/09/26 00:49:01.512, 1, 29133, 97871, 100, 371.41
2026/09/26 00:49:01.512, 2, 28583, 97871, 100, 352.19
2026/09/26 00:49:01.512, 3, 28329, 97871, 100, 361.29
2026/09/26 00:49:01.712, 0, 29367, 97871, 100, 356.10
2026/09/26 00:49:01.712, 1, 29133, 97871, 100, 365.18
2026/09/26 00:49:01.712, 2, 28583, 97871, 100, 348.56
2026/09/26 00:49:01.712, 3, 28329, 97871, 100, 355.13
2026/09/26 00:49:01.912, 0, 29367, 97871, 88, 354.32
2026/09/26 00:49:01.912, 1, 29133, 97871, 100, 367.02
2026/09/26 00:49:01.912, 2, 28583, 97871, 79, 349.50
2026/09/26 00:49:01.912, 3, 28329, 97871, 100, 353.58
2026/09/26 00:49:02.112, 0, 29367, 97871, 100, 350.79
2026/09/26 00:49:02.112, 1, 29133, 97871, 100, 366.79
2026/09/26 00:49:02.112, 2, 28583, 97871, 100, 348.95
2026/09/26 00:49:02.112, 3, 28329, 97871, 100, 353.45
2026/09/26 00:49:02.312, 0, 29367, 97871, 100, 352.50
2026/09/26 00:49:02.312, 1, 29133, 97871, 100, 372.30
2026/09/26 00:49:02.312, 2, 28583, 97871, 100, 346.20
2026/09/26 00:49:02.312, 3, 28329, 97871, 100, 352.81
2026/09/26 00:49:02.512, 0, 29367, 97871, 100, 351.83
2026/09/26 00:49:02.512, 1, 29133, 97871, 100, 370.73
2026/09/26 00:49:02.512, 2, 28583, 97871, 100, 348.12
2026/09/26 00:49:02.512, 3, 28329, 97871, 100, 356.42
2026/09/26 00:49:02.712, 0, 29367, 97871, 100, 351.86
2026/09/26 00:49:02.713, 1, 29133, 97871, 100, 368.16
2026/09/26 00:49:02.713, 2, 28583, 97871, 100, 358.75
2026/09/26 00:49:02.713, 3, 28329, 97871, 100, 358.15
2026/09/26 00:49:02.913, 0, 29367, 97871, 100, 356.30
2026/09/26 00:49:02.913, 1, 29133, 97871, 100, 363.96
2026/09/26 00:49:02.913, 2, 28583, 97871, 100, 360.33
2026/09/26 00:49:02.913, 3, 28329, 97871, 100, 359.92
2026/09/26 00:49:03.113, 0, 29367, 97871, 100, 356.63
2026/09/26 00:49:03.113, 1, 29133, 97871, 100, 361.47
2026/09/26 00:49:03.113, 2, 28583, 97871, 100, 361.15
2026/09/26 00:49:03.113, 3, 28329, 97871, 100, 357.18
2026/09/26 00:49:03.313, 0, 29367, 97871, 100, 360.17
2026/09/26 00:49:03.313, 1, 29133, 97871, 100, 359.98
2026/09/26 00:49:03.313, 2, 28583, 97871, 100, 360.01
2026/09/26 00:49:03.313, 3, 28329, 97871, 100, 354.28
2026/09/26 00:49:03.513, 0, 29367, 97871, 100, 358.09
2026/09/26 00:49:03.513, 1, 29133, 97871, 100, 362.15
2026/09/26 00:49:03.513, 2, 28583, 97871, 100, 355.42
2026/09/26 00:49:03.513, 3, 28329, 97871, 100, 349.71
2026/09/26 00:49:03.713, 0, 29367, 97871, 100, 356.21
2026/09/26 00:49:03.713, 1, 29133, 97871, 100, 366.62
2026/09/26 00:49:03.713, 2, 28583, 97871, 100, 345.93
2026/09/26 00:49:03.713, 3, 28329, 97871, 100, 356.13
2026/09/26 00:49:03.913, 0, 29367, 97871, 100, 354.93
2026/09/26 00:49:03.913, 1, 29133, 97871, 100, 366.12
2026/09/26 00:49:03.913, 2, 28583, 97871, 100, 345.03
2026/09/26 00:49:03.913, 3, 28329, 97871, 100, 358.47
2026/09/26 00:49:04.113, 0, 29367, 97871, 100, 355.91
2026/09/26 00:49:04.113, 1, 29133, 97871, 100, 369.13
2026/09/26 00:49:04.114, 2, 28583, 97871, 100, 344.61
2026/09/26 00:49:04.114, 3, 28329, 97871, 100, 364.43
2026/09/26 00:49:04.314, 0, 29367, 97871, 100, 353.92
2026/09/26 00:49:04.314, 1, 29133, 97871, 100, 368.91
2026/09/26 00:49:04.314, 2, 28583, 97871, 100, 351.55
2026/09/26 00:49:04.314, 3, 28329, 97871, 100, 366.99
2026/09/26 00:49:04.514, 0, 29367, 97871, 100, 364.80
2026/09/26 00:49:04.514, 1, 29133, 97871, 100, 366.54
2026/09/26 00:49:04.514, 2, 28583, 97871, 100, 345.88
2026/09/26 00:49:04.514, 3, 28329, 97871, 100, 363.75
2026/09/26 00:49:04.714, 0, 29367, 97871, 77, 360.08
2026/09/26 00:49:04.714, 1, 29133, 97871, 77, 372.41
2026/09/26 00:49:04.714, 2, 28583, 97871, 77, 350.06
2026/09/26 00:49:04.714, 3, 28329, 97871, 100, 356.45
2026/09/26 00:49:04.914, 0, 29367, 97871, 100, 357.19
2026/09/26 00:49:04.914, 1, 29133, 97871, 100, 368.51
2026/09/26 00:49:04.914, 2, 28583, 97871, 100, 350.55
2026/09/26 00:49:04.914, 3, 28329, 97871, 100, 358.12
2026/09/26 00:49:05.114, 0, 29367, 97871, 100, 355.31
2026/09/26 00:49:05.114, 1, 29133, 97871, 100, 369.36
2026/09/26 00:49:05.114, 2, 28583, 97871, 100, 350.42
2026/09/26 00:49:05.114, 3, 28329, 97871, 100, 355.80
2026/09/26 00:49:05.314, 0, 29367, 97871, 100, 352.69
2026/09/26 00:49:05.314, 1, 29133, 97871, 100, 372.64
2026/09/26 00:49:05.314, 2, 28583, 97871, 100, 349.40
2026/09/26 00:49:05.314, 3, 28329, 97871, 100, 352.08
2026/09/26 00:49:05.514, 0, 29367, 97871, 100, 346.99
2026/09/26 00:49:05.514, 1, 29133, 97871, 100, 368.20
2026/09/26 00:49:05.514, 2, 28583, 97871, 100, 359.05
2026/09/26 00:49:05.515, 3, 28329, 97871, 100, 355.82
2026/09/26 00:49:05.715, 0, 29367, 97871, 100, 354.64
2026/09/26 00:49:05.715, 1, 29133, 97871, 100, 362.71
2026/09/26 00:49:05.715, 2, 28583, 97871, 100, 356.13
2026/09/26 00:49:05.715, 3, 28329, 97871, 100, 360.64
2026/09/26 00:49:05.915, 0, 29367, 97871, 100, 356.08
2026/09/26 00:49:05.915, 1, 29133, 97871, 100, 361.30
2026/09/26 00:49:05.915, 2, 28583, 97871, 100, 358.30
2026/09/26 00:49:05.915, 3, 28329, 97871, 100, 354.91
2026/09/26 00:49:06.115, 0, 29367, 97871, 100, 358.63
2026/09/26 00:49:06.115, 1, 29133, 97871, 100, 360.88
2026/09/26 00:49:06.115, 2, 28583, 97871, 100, 353.89
2026/09/26 00:49:06.115, 3, 28329, 97871, 100, 349.78
2026/09/26 00:49:06.315, 0, 29367, 97871, 100, 357.99
2026/09/26 00:49:06.315, 1, 29133, 97871, 100, 361.81
2026/09/26 00:49:06.315, 2, 28583, 97871, 100, 351.39
2026/09/26 00:49:06.315, 3, 28329, 97871, 100, 352.46
2026/09/26 00:49:06.515, 0, 29367, 97871, 100, 357.10
2026/09/26 00:49:06.515, 1, 29133, 97871, 100, 364.74
2026/09/26 00:49:06.515, 2, 28583, 97871, 100, 346.92
2026/09/26 00:49:06.515, 3, 28329, 97871, 100, 353.74
2026/09/26 00:49:06.715, 0, 29367, 97871, 100, 351.60
2026/09/26 00:49:06.715, 1, 29133, 97871, 100, 367.68
2026/09/26 00:49:06.715, 2, 28583, 97871, 100, 345.60
2026/09/26 00:49:06.715, 3, 28329, 97871, 100, 360.63
2026/09/26 00:49:06.915, 0, 29367, 97871, 100, 357.60
2026/09/26 00:49:06.915, 1, 29133, 97871, 100, 371.93
2026/09/26 00:49:06.915, 2, 28583, 97871, 100, 344.13
2026/09/26 00:49:06.915, 3, 28329, 97871, 100, 363.93
2026/09/26 00:49:07.116, 0, 29367, 97871, 100, 352.78
2026/09/26 00:49:07.116, 1, 29133, 97871, 100, 371.38
2026/09/26 00:49:07.116, 2, 28583, 97871, 100, 350.19
2026/09/26 00:49:07.116, 3, 28329, 97871, 100, 368.95
2026/09/26 00:49:07.316, 0, 29367, 97871, 100, 361.02
2026/09/26 00:49:07.316, 1, 29133, 97871, 100, 372.89
2026/09/26 00:49:07.316, 2, 28583, 97871, 100, 348.84
2026/09/26 00:49:07.316, 3, 28329, 97871, 100, 365.25
2026/09/26 00:49:07.516, 0, 29367, 97871, 82, 338.75
2026/09/26 00:49:07.516, 1, 29133, 97871, 82, 336.49
2026/09/26 00:49:07.516, 2, 28583, 97871, 88, 315.44
2026/09/26 00:49:07.516, 3, 28329, 97871, 81, 336.43
2026/09/26 00:49:07.716, 0, 29367, 97871, 17, 313.72
2026/09/26 00:49:07.716, 1, 29133, 97871, 64, 325.39
2026/09/26 00:49:07.716, 2, 28583, 97871, 87, 307.81
2026/09/26 00:49:07.716, 3, 28329, 97871, 63, 312.59
2026/09/26 00:49:07.916, 0, 29367, 97871, 100, 308.24
2026/09/26 00:49:07.916, 1, 29133, 97871, 100, 327.59
2026/09/26 00:49:07.916, 2, 28583, 97871, 100, 308.96
2026/09/26 00:49:07.916, 3, 28329, 97871, 100, 305.41
2026/09/26 00:49:08.116, 0, 29367, 97871, 100, 308.91
2026/09/26 00:49:08.116, 1, 29133, 97871, 100, 324.47
2026/09/26 00:49:08.116, 2, 28583, 97871, 100, 304.09
2026/09/26 00:49:08.116, 3, 28329, 97871, 100, 302.56
2026/09/26 00:49:08.316, 0, 29367, 97871, 68, 284.38
2026/09/26 00:49:08.316, 1, 29133, 97871, 75, 286.67
2026/09/26 00:49:08.316, 2, 28583, 97871, 74, 273.20
2026/09/26 00:49:08.316, 3, 28329, 97871, 77, 277.70
2026/09/26 00:49:08.517, 0, 29367, 97871, 34, 271.46
2026/09/26 00:49:08.517, 1, 29133, 97871, 62, 286.39
2026/09/26 00:49:08.517, 2, 28583, 97871, 72, 269.24
2026/09/26 00:49:08.517, 3, 28329, 97871, 71, 268.85
2026/09/26 00:49:08.717, 0, 29367, 97871, 32, 263.60
2026/09/26 00:49:08.717, 1, 29133, 97871, 75, 266.09
2026/09/26 00:49:08.717, 2, 28583, 97871, 88, 252.85
2026/09/26 00:49:08.717, 3, 28329, 97871, 77, 259.16
2026/09/26 00:49:08.917, 0, 29367, 97871, 62, 232.00
2026/09/26 00:49:08.917, 1, 29133, 97871, 78, 232.16
2026/09/26 00:49:08.917, 2, 28583, 97871, 33, 217.26
2026/09/26 00:49:08.917, 3, 28329, 97871, 84, 229.31
2026/09/26 00:49:09.117, 0, 29367, 97871, 32, 200.81
2026/09/26 00:49:09.117, 1, 29133, 97871, 87, 198.16
2026/09/26 00:49:09.117, 2, 28583, 97871, 63, 186.72
2026/09/26 00:49:09.117, 3, 28329, 97871, 86, 196.32
2026/09/26 00:49:09.317, 0, 29367, 97871, 50, 187.71
2026/09/26 00:49:09.317, 1, 29133, 97871, 87, 196.74
2026/09/26 00:49:09.317, 2, 28583, 97871, 39, 186.98
2026/09/26 00:49:09.317, 3, 28329, 97871, 79, 192.25
2026/09/26 00:49:09.517, 0, 29367, 97871, 49, 185.55
2026/09/26 00:49:09.517, 1, 29133, 97871, 88, 196.39
2026/09/26 00:49:09.517, 2, 28583, 97871, 45, 189.35
2026/09/26 00:49:09.517, 3, 28329, 97871, 84, 192.57
2026/09/26 00:49:09.717, 0, 29367, 97871, 32, 185.90
2026/09/26 00:49:09.717, 1, 29133, 97871, 86, 195.33
2026/09/26 00:49:09.717, 2, 28583, 97871, 84, 185.74
2026/09/26 00:49:09.717, 3, 28329, 97871, 91, 191.91
2026/09/26 00:49:09.918, 0, 29367, 97871, 32, 182.18
2026/09/26 00:49:09.918, 1, 29133, 97871, 68, 197.01
2026/09/26 00:49:09.918, 2, 28583, 97871, 52, 185.32
2026/09/26 00:49:09.918, 3, 28329, 97871, 81, 192.14
2026/09/26 00:49:10.118, 0, 29367, 97871, 34, 181.81
2026/09/26 00:49:10.118, 1, 29133, 97871, 88, 197.84
2026/09/26 00:49:10.118, 2, 28583, 97871, 54, 186.51
2026/09/26 00:49:10.118, 3, 28329, 97871, 79, 191.79
2026/09/26 00:49:10.318, 0, 29367, 97871, 61, 181.65
2026/09/26 00:49:10.318, 1, 29133, 97871, 87, 197.59
2026/09/26 00:49:10.318, 2, 28583, 97871, 47, 185.58
2026/09/26 00:49:10.318, 3, 28329, 97871, 86, 192.59
2026/09/26 00:49:10.518, 0, 29367, 97871, 35, 182.40
2026/09/26 00:49:10.518, 1, 29133, 97871, 78, 197.42
2026/09/26 00:49:10.518, 2, 28583, 97871, 44, 185.43
2026/09/26 00:49:10.518, 3, 28329, 97871, 86, 192.21
2026/09/26 00:49:10.718, 0, 29367, 97871, 33, 181.36
2026/09/26 00:49:10.718, 1, 29133, 97871, 86, 196.77
2026/09/26 00:49:10.718, 2, 28583, 97871, 59, 187.57
2026/09/26 00:49:10.718, 3, 28329, 97871, 88, 192.99
2026/09/26 00:49:10.918, 0, 29367, 97871, 54, 184.15
2026/09/26 00:49:10.918, 1, 29133, 97871, 86, 196.15
2026/09/26 00:49:10.918, 2, 28583, 97871, 60, 186.19
2026/09/26 00:49:10.918, 3, 28329, 97871, 88, 192.77
2026/09/26 00:49:11.118, 0, 29367, 97871, 42, 185.07
2026/09/26 00:49:11.118, 1, 29133, 97871, 54, 196.52
2026/09/26 00:49:11.118, 2, 28583, 97871, 45, 184.96
2026/09/26 00:49:11.118, 3, 28329, 97871, 91, 193.40
2026/09/26 00:49:11.319, 0, 29367, 97871, 38, 185.04
2026/09/26 00:49:11.319, 1, 29133, 97871, 84, 197.41
2026/09/26 00:49:11.319, 2, 28583, 97871, 42, 185.33
2026/09/26 00:49:11.319, 3, 28329, 97871, 85, 192.62
2026/09/26 00:49:11.519, 0, 29367, 97871, 40, 187.37
2026/09/26 00:49:11.519, 1, 29133, 97871, 73, 198.72
2026/09/26 00:49:11.519, 2, 28583, 97871, 38, 184.30
2026/09/26 00:49:11.519, 3, 28329, 97871, 81, 192.68
2026/09/26 00:49:11.719, 0, 29367, 97871, 32, 188.29
2026/09/26 00:49:11.719, 1, 29133, 97871, 86, 199.60
2026/09/26 00:49:11.719, 2, 28583, 97871, 93, 184.07
2026/09/26 00:49:11.719, 3, 28329, 97871, 63, 192.88
2026/09/26 00:49:11.919, 0, 29367, 97871, 35, 186.99
2026/09/26 00:49:11.919, 1, 29133, 97871, 78, 198.85
2026/09/26 00:49:11.919, 2, 28583, 97871, 48, 187.08
2026/09/26 00:49:11.919, 3, 28329, 97871, 79, 193.27
2026/09/26 00:49:12.119, 0, 29367, 97871, 32, 187.37
2026/09/26 00:49:12.119, 1, 29133, 97871, 89, 199.07
2026/09/26 00:49:12.119, 2, 28583, 97871, 73, 185.88
2026/09/26 00:49:12.119, 3, 28329, 97871, 85, 191.96
2026/09/26 00:49:12.319, 0, 29367, 97871, 31, 187.21
2026/09/26 00:49:12.319, 1, 29133, 97871, 88, 198.15
2026/09/26 00:49:12.319, 2, 28583, 97871, 57, 185.27
2026/09/26 00:49:12.319, 3, 28329, 97871, 78, 191.82
2026/09/26 00:49:12.519, 0, 29367, 97871, 82, 186.46
2026/09/26 00:49:12.519, 1, 29133, 97871, 70, 196.74
2026/09/26 00:49:12.519, 2, 28583, 97871, 58, 186.12
2026/09/26 00:49:12.519, 3, 28329, 97871, 31, 192.39
2026/09/26 00:49:12.720, 0, 29367, 97871, 33, 187.94
2026/09/26 00:49:12.720, 1, 29133, 97871, 76, 196.29
2026/09/26 00:49:12.720, 2, 28583, 97871, 56, 185.07
2026/09/26 00:49:12.720, 3, 28329, 97871, 88, 192.59
2026/09/26 00:49:12.920, 0, 29367, 97871, 49, 187.49
2026/09/26 00:49:12.920, 1, 29133, 97871, 71, 196.61
2026/09/26 00:49:12.920, 2, 28583, 97871, 31, 183.22
2026/09/26 00:49:12.920, 3, 28329, 97871, 86, 191.74
2026/09/26 00:49:13.120, 0, 29367, 97871, 50, 187.82
2026/09/26 00:49:13.120, 1, 29133, 97871, 68, 196.62
2026/09/26 00:49:13.120, 2, 28583, 97871, 46, 184.64
2026/09/26 00:49:13.120, 3, 28329, 97871, 87, 192.22
2026/09/26 00:49:13.320, 0, 29367, 97871, 33, 188.29
2026/09/26 00:49:13.320, 1, 29133, 97871, 75, 196.18
2026/09/26 00:49:13.320, 2, 28583, 97871, 83, 183.95
2026/09/26 00:49:13.320, 3, 28329, 97871, 79, 193.09
2026/09/26 00:49:13.520, 0, 29367, 97871, 49, 188.15
2026/09/26 00:49:13.520, 1, 29133, 97871, 72, 195.89
2026/09/26 00:49:13.520, 2, 28583, 97871, 42, 184.04
2026/09/26 00:49:13.520, 3, 28329, 97871, 82, 193.35
2026/09/26 00:49:13.720, 0, 29367, 97871, 54, 187.03
2026/09/26 00:49:13.720, 1, 29133, 97871, 86, 197.38
2026/09/26 00:49:13.720, 2, 28583, 97871, 54, 184.38
2026/09/26 00:49:13.720, 3, 28329, 97871, 85, 193.14
2026/09/26 00:49:13.920, 0, 29367, 97871, 57, 188.50
2026/09/26 00:49:13.920, 1, 29133, 97871, 86, 197.44
2026/09/26 00:49:13.920, 2, 28583, 97871, 44, 186.38
2026/09/26 00:49:13.920, 3, 28329, 97871, 86, 193.71
2026/09/26 00:49:14.120, 0, 29367, 97871, 35, 187.97
2026/09/26 00:49:14.120, 1, 29133, 97871, 47, 196.57
2026/09/26 00:49:14.121, 2, 28583, 97871, 79, 187.31
2026/09/26 00:49:14.121, 3, 28329, 97871, 95, 193.72
2026/09/26 00:49:14.321, 0, 29367, 97871, 37, 186.17
2026/09/26 00:49:14.321, 1, 29133, 97871, 78, 196.97
2026/09/26 00:49:14.321, 2, 28583, 97871, 51, 189.29
2026/09/26 00:49:14.321, 3, 28329, 97871, 87, 193.78
2026/09/26 00:49:14.521, 0, 29367, 97871, 32, 185.46
2026/09/26 00:49:14.521, 1, 29133, 97871, 76, 196.87
2026/09/26 00:49:14.521, 2, 28583, 97871, 86, 190.41
2026/09/26 00:49:14.521, 3, 28329, 97871, 86, 193.88
2026/09/26 00:49:14.721, 0, 29367, 97871, 51, 184.52
2026/09/26 00:49:14.721, 1, 29133, 97871, 51, 195.32
2026/09/26 00:49:14.721, 2, 28583, 97871, 50, 190.80
2026/09/26 00:49:14.721, 3, 28329, 97871, 85, 193.49
2026/09/26 00:49:14.921, 0, 29367, 97871, 31, 185.02
2026/09/26 00:49:14.921, 1, 29133, 97871, 78, 195.61
2026/09/26 00:49:14.921, 2, 28583, 97871, 81, 187.63
2026/09/26 00:49:14.921, 3, 28329, 97871, 88, 193.53
2026/09/26 00:49:15.121, 0, 29367, 97871, 32, 184.49
2026/09/26 00:49:15.121, 1, 29133, 97871, 55, 196.02
2026/09/26 00:49:15.121, 2, 28583, 97871, 71, 186.09
2026/09/26 00:49:15.121, 3, 28329, 97871, 82, 193.34
2026/09/26 00:49:15.321, 0, 29367, 97871, 36, 186.14
2026/09/26 00:49:15.321, 1, 29133, 97871, 62, 196.58
2026/09/26 00:49:15.321, 2, 28583, 97871, 46, 184.38
2026/09/26 00:49:15.321, 3, 28329, 97871, 88, 192.89
2026/09/26 00:49:15.521, 0, 29367, 97871, 33, 185.33
2026/09/26 00:49:15.521, 1, 29133, 97871, 65, 196.87
2026/09/26 00:49:15.522, 2, 28583, 97871, 67, 185.43
2026/09/26 00:49:15.522, 3, 28329, 97871, 82, 192.48
2026/09/26 00:49:15.722, 0, 29367, 97871, 31, 185.43
2026/09/26 00:49:15.722, 1, 29133, 97871, 72, 196.02
2026/09/26 00:49:15.722, 2, 28583, 97871, 83, 184.83
2026/09/26 00:49:15.722, 3, 28329, 97871, 89, 192.92
2026/09/26 00:49:15.922, 0, 29367, 97871, 59, 185.13
2026/09/26 00:49:15.922, 1, 29133, 97871, 53, 195.70
2026/09/26 00:49:15.922, 2, 28583, 97871, 37, 184.96
2026/09/26 00:49:15.922, 3, 28329, 97871, 89, 192.74
2026/09/26 00:49:16.122, 0, 29367, 97871, 31, 184.96
2026/09/26 00:49:16.122, 1, 29133, 97871, 87, 196.02
2026/09/26 00:49:16.122, 2, 28583, 97871, 88, 186.29
2026/09/26 00:49:16.122, 3, 28329, 97871, 89, 193.39
2026/09/26 00:49:16.322, 0, 29367, 97871, 35, 183.67
2026/09/26 00:49:16.322, 1, 29133, 97871, 50, 195.09
2026/09/26 00:49:16.322, 2, 28583, 97871, 84, 186.66
2026/09/26 00:49:16.322, 3, 28329, 97871, 88, 192.82
2026/09/26 00:49:16.522, 0, 29367, 97871, 31, 184.91
2026/09/26 00:49:16.522, 1, 29133, 97871, 86, 195.16
2026/09/26 00:49:16.522, 2, 28583, 97871, 83, 186.01
2026/09/26 00:49:16.522, 3, 28329, 97871, 87, 192.12
2026/09/26 00:49:16.722, 0, 29367, 97871, 37, 184.34
2026/09/26 00:49:16.722, 1, 29133, 97871, 59, 195.97
2026/09/26 00:49:16.722, 2, 28583, 97871, 75, 185.33
2026/09/26 00:49:16.722, 3, 28329, 97871, 87, 191.51
2026/09/26 00:49:16.922, 0, 29367, 97871, 32, 183.30
2026/09/26 00:49:16.922, 1, 29133, 97871, 73, 196.99
2026/09/26 00:49:16.922, 2, 28583, 97871, 53, 188.07
2026/09/26 00:49:16.923, 3, 28329, 97871, 89, 192.34
2026/09/26 00:49:17.123, 0, 29367, 97871, 34, 184.36
2026/09/26 00:49:17.123, 1, 29133, 97871, 68, 196.56
2026/09/26 00:49:17.123, 2, 28583, 97871, 68, 187.26
2026/09/26 00:49:17.123, 3, 28329, 97871, 96, 192.31
2026/09/26 00:49:17.323, 0, 29367, 97871, 32, 184.63
2026/09/26 00:49:17.323, 1, 29133, 97871, 56, 197.78
2026/09/26 00:49:17.323, 2, 28583, 97871, 82, 188.50
2026/09/26 00:49:17.323, 3, 28329, 97871, 87, 191.98
2026/09/26 00:49:17.523, 0, 29367, 97871, 70, 183.14
2026/09/26 00:49:17.523, 1, 29133, 97871, 32, 196.63
2026/09/26 00:49:17.523, 2, 28583, 97871, 66, 188.58
2026/09/26 00:49:17.523, 3, 28329, 97871, 86, 192.32
2026/09/26 00:49:17.723, 0, 29367, 97871, 51, 185.43
2026/09/26 00:49:17.723, 1, 29133, 97871, 45, 197.15
2026/09/26 00:49:17.723, 2, 28583, 97871, 78, 189.84
2026/09/26 00:49:17.723, 3, 28329, 97871, 86, 192.72
2026/09/26 00:49:17.923, 0, 29367, 97871, 53, 186.63
2026/09/26 00:49:17.923, 1, 29133, 97871, 52, 196.54
2026/09/26 00:49:17.923, 2, 28583, 97871, 40, 187.14
2026/09/26 00:49:17.923, 3, 28329, 97871, 87, 192.08
2026/09/26 00:49:18.123, 0, 29367, 97871, 42, 186.43
2026/09/26 00:49:18.123, 1, 29133, 97871, 59, 196.60
2026/09/26 00:49:18.123, 2, 28583, 97871, 66, 188.71
2026/09/26 00:49:18.123, 3, 28329, 97871, 83, 192.05
2026/09/26 00:49:18.323, 0, 29367, 97871, 32, 187.61
2026/09/26 00:49:18.323, 1, 29133, 97871, 64, 196.51
2026/09/26 00:49:18.323, 2, 28583, 97871, 61, 188.94
2026/09/26 00:49:18.323, 3, 28329, 97871, 85, 192.91
2026/09/26 00:49:18.524, 0, 29367, 97871, 34, 191.16
2026/09/26 00:49:18.524, 1, 29133, 97871, 79, 197.71
2026/09/26 00:49:18.524, 2, 28583, 97871, 42, 188.12
2026/09/26 00:49:18.524, 3, 28329, 97871, 89, 193.37
2026/09/26 00:49:18.724, 0, 29367, 97871, 34, 190.17
2026/09/26 00:49:18.724, 1, 29133, 97871, 77, 197.05
2026/09/26 00:49:18.724, 2, 28583, 97871, 77, 187.44
2026/09/26 00:49:18.724, 3, 28329, 97871, 86, 194.21
2026/09/26 00:49:18.924, 0, 29367, 97871, 35, 189.21
2026/09/26 00:49:18.924, 1, 29133, 97871, 82, 197.12
2026/09/26 00:49:18.924, 2, 28583, 97871, 85, 188.31
2026/09/26 00:49:18.924, 3, 28329, 97871, 83, 195.33
2026/09/26 00:49:19.124, 0, 29367, 97871, 32, 189.10
2026/09/26 00:49:19.124, 1, 29133, 97871, 84, 197.21
2026/09/26 00:49:19.124, 2, 28583, 97871, 92, 189.01
2026/09/26 00:49:19.124, 3, 28329, 97871, 88, 195.84
2026/09/26 00:49:19.324, 0, 29367, 97871, 36, 187.79
2026/09/26 00:49:19.324, 1, 29133, 97871, 69, 197.16
2026/09/26 00:49:19.324, 2, 28583, 97871, 66, 187.76
2026/09/26 00:49:19.324, 3, 28329, 97871, 86, 196.19
2026/09/26 00:49:19.524, 0, 29367, 97871, 32, 185.29
2026/09/26 00:49:19.524, 1, 29133, 97871, 88, 197.41
2026/09/26 00:49:19.524, 2, 28583, 97871, 88, 189.77
2026/09/26 00:49:19.524, 3, 28329, 97871, 77, 195.97
2026/09/26 00:49:19.724, 0, 29367, 97871, 38, 186.13
2026/09/26 00:49:19.724, 1, 29133, 97871, 95, 198.83
2026/09/26 00:49:19.724, 2, 28583, 97871, 86, 188.50
2026/09/26 00:49:19.724, 3, 28329, 97871, 74, 194.13
2026/09/26 00:49:19.925, 0, 29367, 97871, 34, 184.80
2026/09/26 00:49:19.925, 1, 29133, 97871, 41, 198.82
2026/09/26 00:49:19.925, 2, 28583, 97871, 70, 187.64
2026/09/26 00:49:19.925, 3, 28329, 97871, 81, 193.74
2026/09/26 00:49:20.125, 0, 29367, 97871, 47, 183.35
2026/09/26 00:49:20.125, 1, 29133, 97871, 66, 198.61
2026/09/26 00:49:20.125, 2, 28583, 97871, 66, 186.66
2026/09/26 00:49:20.125, 3, 28329, 97871, 86, 193.38
2026/09/26 00:49:20.325, 0, 29367, 97871, 33, 183.26
2026/09/26 00:49:20.325, 1, 29133, 97871, 58, 198.79
2026/09/26 00:49:20.325, 2, 28583, 97871, 83, 187.62
2026/09/26 00:49:20.325, 3, 28329, 97871, 81, 193.01
2026/09/26 00:49:20.525, 0, 29367, 97871, 34, 184.48
2026/09/26 00:49:20.525, 1, 29133, 97871, 88, 198.42
2026/09/26 00:49:20.525, 2, 28583, 97871, 91, 186.16
2026/09/26 00:49:20.525, 3, 28329, 97871, 75, 193.58
2026/09/26 00:49:20.725, 0, 29367, 97871, 34, 183.91
2026/09/26 00:49:20.725, 1, 29133, 97871, 75, 198.23
2026/09/26 00:49:20.725, 2, 28583, 97871, 85, 188.08
2026/09/26 00:49:20.725, 3, 28329, 97871, 82, 194.66
2026/09/26 00:49:20.925, 0, 29367, 97871, 33, 185.10
2026/09/26 00:49:20.925, 1, 29133, 97871, 87, 198.98
2026/09/26 00:49:20.925, 2, 28583, 97871, 44, 190.72
2026/09/26 00:49:20.925, 3, 28329, 97871, 79, 194.61
2026/09/26 00:49:21.125, 0, 29367, 97871, 32, 187.26
2026/09/26 00:49:21.125, 1, 29133, 97871, 90, 199.25
2026/09/26 00:49:21.125, 2, 28583, 97871, 74, 191.39
2026/09/26 00:49:21.125, 3, 28329, 97871, 79, 194.63
2026/09/26 00:49:21.326, 0, 29367, 97871, 54, 188.70
2026/09/26 00:49:21.326, 1, 29133, 97871, 66, 198.57
2026/09/26 00:49:21.326, 2, 28583, 97871, 74, 189.23
2026/09/26 00:49:21.326, 3, 28329, 97871, 86, 193.74
2026/09/26 00:49:21.526, 0, 29367, 97871, 59, 188.32
2026/09/26 00:49:21.526, 1, 29133, 97871, 33, 198.83
2026/09/26 00:49:21.526, 2, 28583, 97871, 46, 190.18
2026/09/26 00:49:21.526, 3, 28329, 97871, 87, 194.62
2026/09/26 00:49:21.726, 0, 29367, 97871, 36, 186.74
2026/09/26 00:49:21.726, 1, 29133, 97871, 50, 198.12
2026/09/26 00:49:21.726, 2, 28583, 97871, 77, 188.86
2026/09/26 00:49:21.726, 3, 28329, 97871, 91, 195.23
2026/09/26 00:49:21.926, 0, 29367, 97871, 28, 182.81
2026/09/26 00:49:21.926, 1, 29133, 97871, 52, 202.05
2026/09/26 00:49:21.926, 2, 28583, 97871, 78, 194.86
2026/09/26 00:49:21.926, 3, 28329, 97871, 72, 191.93
2026/09/26 00:49:22.126, 0, 29367, 97871, 75, 212.21
2026/09/26 00:49:22.126, 1, 29133, 97871, 100, 234.71
2026/09/26 00:49:22.126, 2, 28583, 97871, 68, 226.86
2026/09/26 00:49:22.126, 3, 28329, 97871, 100, 221.96
2026/09/26 00:49:22.326, 0, 29367, 97871, 100, 245.38
2026/09/26 00:49:22.326, 1, 29133, 97871, 100, 268.31
2026/09/26 00:49:22.326, 2, 28583, 97871, 100, 261.37
2026/09/26 00:49:22.326, 3, 28329, 97871, 100, 254.32
2026/09/26 00:49:22.526, 0, 29367, 97871, 100, 266.14
2026/09/26 00:49:22.526, 1, 29133, 97871, 100, 281.09
2026/09/26 00:49:22.526, 2, 28583, 97871, 100, 270.11
2026/09/26 00:49:22.526, 3, 28329, 97871, 90, 272.96
2026/09/26 00:49:22.727, 0, 29367, 97871, 31, 268.58
2026/09/26 00:49:22.727, 1, 29133, 97871, 82, 283.21
2026/09/26 00:49:22.727, 2, 28583, 97871, 78, 270.23
2026/09/26 00:49:22.727, 3, 28329, 97871, 81, 270.35
2026/09/26 00:49:22.927, 0, 29367, 97871, 32, 273.16
2026/09/26 00:49:22.927, 1, 29133, 97871, 55, 279.96
2026/09/26 00:49:22.927, 2, 28583, 97871, 88, 263.82
2026/09/26 00:49:22.927, 3, 28329, 97871, 88, 274.47
2026/09/26 00:49:23.127, 0, 29367, 97871, 32, 244.81
2026/09/26 00:49:23.127, 1, 29133, 97871, 76, 244.75
2026/09/26 00:49:23.127, 2, 28583, 97871, 95, 230.36
2026/09/26 00:49:23.127, 3, 28329, 97871, 72, 243.01
2026/09/26 00:49:23.327, 0, 29367, 97871, 40, 212.32
2026/09/26 00:49:23.327, 1, 29133, 97871, 79, 212.14
2026/09/26 00:49:23.327, 2, 28583, 97871, 38, 196.70
2026/09/26 00:49:23.327, 3, 28329, 97871, 77, 214.02
2026/09/26 00:49:23.527, 0, 29367, 97871, 34, 186.70
2026/09/26 00:49:23.527, 1, 29133, 97871, 61, 195.58
2026/09/26 00:49:23.527, 2, 28583, 97871, 64, 186.72
2026/09/26 00:49:23.527, 3, 28329, 97871, 83, 191.35
2026/09/26 00:49:23.727, 0, 29367, 97871, 36, 186.01
2026/09/26 00:49:23.727, 1, 29133, 97871, 75, 195.78
2026/09/26 00:49:23.727, 2, 28583, 97871, 53, 186.22
2026/09/26 00:49:23.727, 3, 28329, 97871, 85, 192.35
2026/09/26 00:49:23.927, 0, 29367, 97871, 37, 184.46
2026/09/26 00:49:23.927, 1, 29133, 97871, 81, 195.66
2026/09/26 00:49:23.927, 2, 28583, 97871, 67, 186.26
2026/09/26 00:49:23.927, 3, 28329, 97871, 89, 192.69
2026/09/26 00:49:24.128, 0, 29367, 97871, 33, 184.61
2026/09/26 00:49:24.128, 1, 29133, 97871, 64, 195.13
2026/09/26 00:49:24.128, 2, 28583, 97871, 76, 184.64
2026/09/26 00:49:24.128, 3, 28329, 97871, 90, 192.83
2026/09/26 00:49:24.328, 0, 29367, 97871, 72, 183.17
2026/09/26 00:49:24.328, 1, 29133, 97871, 60, 195.63
2026/09/26 00:49:24.328, 2, 28583, 97871, 35, 186.44
2026/09/26 00:49:24.328, 3, 28329, 97871, 58, 192.63
2026/09/26 00:49:24.528, 0, 29367, 97871, 51, 183.02
2026/09/26 00:49:24.528, 1, 29133, 97871, 62, 194.84
2026/09/26 00:49:24.528, 2, 28583, 97871, 34, 185.23
2026/09/26 00:49:24.528, 3, 28329, 97871, 87, 192.54
2026/09/26 00:49:24.728, 0, 29367, 97871, 31, 183.26
2026/09/26 00:49:24.728, 1, 29133, 97871, 88, 194.52
2026/09/26 00:49:24.728, 2, 28583, 97871, 94, 185.54
2026/09/26 00:49:24.728, 3, 28329, 97871, 89, 191.29
2026/09/26 00:49:24.928, 0, 29367, 97871, 36, 185.72
2026/09/26 00:49:24.928, 1, 29133, 97871, 85, 193.58
2026/09/26 00:49:24.928, 2, 28583, 97871, 37, 185.20
2026/09/26 00:49:24.928, 3, 28329, 97871, 86, 191.12
2026/09/26 00:49:25.128, 0, 29367, 97871, 39, 186.36
2026/09/26 00:49:25.128, 1, 29133, 97871, 74, 194.54
2026/09/26 00:49:25.128, 2, 28583, 97871, 61, 186.40
2026/09/26 00:49:25.128, 3, 28329, 97871, 79, 190.86
2026/09/26 00:49:25.328, 0, 29367, 97871, 66, 187.83
2026/09/26 00:49:25.328, 1, 29133, 97871, 87, 194.70
2026/09/26 00:49:25.328, 2, 28583, 97871, 33, 183.86
2026/09/26 00:49:25.328, 3, 28329, 97871, 86, 191.36
2026/09/26 00:49:25.528, 0, 29367, 97871, 44, 188.17
2026/09/26 00:49:25.528, 1, 29133, 97871, 81, 194.76
2026/09/26 00:49:25.529, 2, 28583, 97871, 40, 185.58
2026/09/26 00:49:25.529, 3, 28329, 97871, 88, 191.70
2026/09/26 00:49:25.729, 0, 29367, 97871, 41, 186.76
2026/09/26 00:49:25.729, 1, 29133, 97871, 42, 194.34
2026/09/26 00:49:25.729, 2, 28583, 97871, 54, 183.79
2026/09/26 00:49:25.729, 3, 28329, 97871, 89, 191.36
2026/09/26 00:49:25.929, 0, 29367, 97871, 32, 185.24
2026/09/26 00:49:25.929, 1, 29133, 97871, 67, 194.83
2026/09/26 00:49:25.929, 2, 28583, 97871, 80, 183.44
2026/09/26 00:49:25.929, 3, 28329, 97871, 58, 191.88
2026/09/26 00:49:26.129, 0, 29367, 97871, 44, 183.63
2026/09/26 00:49:26.129, 1, 29133, 97871, 70, 194.12
2026/09/26 00:49:26.129, 2, 28583, 97871, 48, 184.17
2026/09/26 00:49:26.129, 3, 28329, 97871, 70, 192.03
2026/09/26 00:49:26.329, 0, 29367, 97871, 40, 183.74
2026/09/26 00:49:26.329, 1, 29133, 97871, 81, 194.13
2026/09/26 00:49:26.329, 2, 28583, 97871, 36, 185.70
2026/09/26 00:49:26.329, 3, 28329, 97871, 83, 191.16
2026/09/26 00:49:26.529, 0, 29367, 97871, 72, 184.42
2026/09/26 00:49:26.529, 1, 29133, 97871, 79, 193.43
2026/09/26 00:49:26.529, 2, 28583, 97871, 33, 183.39
2026/09/26 00:49:26.529, 3, 28329, 97871, 75, 190.96
2026/09/26 00:49:26.729, 0, 29367, 97871, 55, 185.41
2026/09/26 00:49:26.729, 1, 29133, 97871, 33, 192.79
2026/09/26 00:49:26.729, 2, 28583, 97871, 63, 185.89
2026/09/26 00:49:26.729, 3, 28329, 97871, 84, 191.79
2026/09/26 00:49:26.929, 0, 29367, 97871, 31, 185.45
2026/09/26 00:49:26.929, 1, 29133, 97871, 84, 193.53
2026/09/26 00:49:26.929, 2, 28583, 97871, 80, 185.46
2026/09/26 00:49:26.930, 3, 28329, 97871, 88, 191.44
2026/09/26 00:49:27.130, 0, 29367, 97871, 35, 186.38
2026/09/26 00:49:27.130, 1, 29133, 97871, 62, 193.30
2026/09/26 00:49:27.130, 2, 28583, 97871, 51, 184.97
2026/09/26 00:49:27.130, 3, 28329, 97871, 88, 191.25
2026/09/26 00:49:27.330, 0, 29367, 97871, 35, 185.43
2026/09/26 00:49:27.330, 1, 29133, 97871, 85, 193.06
2026/09/26 00:49:27.330, 2, 28583, 97871, 47, 185.28
2026/09/26 00:49:27.330, 3, 28329, 97871, 31, 190.96
2026/09/26 00:49:27.530, 0, 29367, 97871, 73, 184.43
2026/09/26 00:49:27.530, 1, 29133, 97871, 78, 194.50
2026/09/26 00:49:27.530, 2, 28583, 97871, 77, 184.82
2026/09/26 00:49:27.530, 3, 28329, 97871, 87, 190.60
2026/09/26 00:49:27.730, 0, 29367, 97871, 31, 185.36
2026/09/26 00:49:27.730, 1, 29133, 97871, 86, 195.74
2026/09/26 00:49:27.730, 2, 28583, 97871, 75, 186.39
2026/09/26 00:49:27.730, 3, 28329, 97871, 86, 190.93
2026/09/26 00:49:27.930, 0, 29367, 97871, 52, 186.70
2026/09/26 00:49:27.930, 1, 29133, 97871, 87, 195.54
2026/09/26 00:49:27.930, 2, 28583, 97871, 35, 185.92
2026/09/26 00:49:27.930, 3, 28329, 97871, 79, 190.36
2026/09/26 00:49:28.130, 0, 29367, 97871, 37, 186.61
2026/09/26 00:49:28.130, 1, 29133, 97871, 86, 197.01
2026/09/26 00:49:28.130, 2, 28583, 97871, 49, 185.65
2026/09/26 00:49:28.130, 3, 28329, 97871, 86, 190.70
2026/09/26 00:49:28.330, 0, 29367, 97871, 34, 187.68
2026/09/26 00:49:28.330, 1, 29133, 97871, 57, 198.07
2026/09/26 00:49:28.330, 2, 28583, 97871, 54, 184.69
2026/09/26 00:49:28.330, 3, 28329, 97871, 58, 191.52
2026/09/26 00:49:28.531, 0, 29367, 97871, 36, 187.63
2026/09/26 00:49:28.531, 1, 29133, 97871, 44, 197.68
2026/09/26 00:49:28.531, 2, 28583, 97871, 43, 184.28
2026/09/26 00:49:28.531, 3, 28329, 97871, 87, 191.64
2026/09/26 00:49:28.731, 0, 29367, 97871, 33, 188.52
2026/09/26 00:49:28.731, 1, 29133, 97871, 84, 197.65
2026/09/26 00:49:28.731, 2, 28583, 97871, 48, 181.13
2026/09/26 00:49:28.731, 3, 28329, 97871, 94, 191.67
2026/09/26 00:49:28.931, 0, 29367, 97871, 47, 186.42
2026/09/26 00:49:28.931, 1, 29133, 97871, 82, 197.11
2026/09/26 00:49:28.931, 2, 28583, 97871, 36, 181.46
2026/09/26 00:49:28.931, 3, 28329, 97871, 53, 192.37
2026/09/26 00:49:29.131, 0, 29367, 97871, 50, 186.78
2026/09/26 00:49:29.131, 1, 29133, 97871, 67, 195.87
2026/09/26 00:49:29.131, 2, 28583, 97871, 33, 181.65
2026/09/26 00:49:29.131, 3, 28329, 97871, 87, 192.04
2026/09/26 00:49:29.331, 0, 29367, 97871, 31, 186.68
2026/09/26 00:49:29.332, 1, 29133, 97871, 75, 194.77
2026/09/26 00:49:29.332, 2, 28583, 97871, 94, 180.60
2026/09/26 00:49:29.332, 3, 28329, 97871, 65, 192.39
2026/09/26 00:49:29.532, 0, 29367, 97871, 48, 187.80
2026/09/26 00:49:29.532, 1, 29133, 97871, 67, 194.29
2026/09/26 00:49:29.532, 2, 28583, 97871, 32, 181.46
2026/09/26 00:49:29.532, 3, 28329, 97871, 71, 192.56
2026/09/26 00:49:29.732, 0, 29367, 97871, 66, 187.26
2026/09/26 00:49:29.732, 1, 29133, 97871, 86, 193.56
2026/09/26 00:49:29.732, 2, 28583, 97871, 32, 182.88
2026/09/26 00:49:29.732, 3, 28329, 97871, 86, 193.02
2026/09/26 00:49:29.932, 0, 29367, 97871, 40, 186.74
2026/09/26 00:49:29.932, 1, 29133, 97871, 90, 193.59
2026/09/26 00:49:29.932, 2, 28583, 97871, 61, 184.23
2026/09/26 00:49:29.932, 3, 28329, 97871, 87, 192.45
2026/09/26 00:49:30.132, 0, 29367, 97871, 42, 187.13
2026/09/26 00:49:30.132, 1, 29133, 97871, 84, 193.94
2026/09/26 00:49:30.132, 2, 28583, 97871, 38, 184.05
2026/09/26 00:49:30.132, 3, 28329, 97871, 84, 193.31
2026/09/26 00:49:30.332, 0, 29367, 97871, 40, 185.22
2026/09/26 00:49:30.332, 1, 29133, 97871, 88, 193.09
2026/09/26 00:49:30.332, 2, 28583, 97871, 50, 186.64
2026/09/26 00:49:30.332, 3, 28329, 97871, 86, 192.90
2026/09/26 00:49:30.532, 0, 29367, 97871, 38, 184.26
2026/09/26 00:49:30.532, 1, 29133, 97871, 72, 194.55
2026/09/26 00:49:30.532, 2, 28583, 97871, 49, 187.79
2026/09/26 00:49:30.532, 3, 28329, 97871, 88, 192.77
2026/09/26 00:49:30.733, 0, 29367, 97871, 32, 184.43
2026/09/26 00:49:30.733, 1, 29133, 97871, 86, 196.05
2026/09/26 00:49:30.733, 2, 28583, 97871, 87, 187.98
2026/09/26 00:49:30.733, 3, 28329, 97871, 75, 192.98
2026/09/26 00:49:30.933, 0, 29367, 97871, 53, 184.35
2026/09/26 00:49:30.933, 1, 29133, 97871, 81, 196.60
2026/09/26 00:49:30.933, 2, 28583, 97871, 36, 185.85
2026/09/26 00:49:30.933, 3, 28329, 97871, 83, 193.49
2026/09/26 00:49:31.133, 0, 29367, 97871, 76, 183.37
2026/09/26 00:49:31.133, 1, 29133, 97871, 80, 197.21
2026/09/26 00:49:31.133, 2, 28583, 97871, 33, 187.75
2026/09/26 00:49:31.133, 3, 28329, 97871, 83, 193.75
2026/09/26 00:49:31.333, 0, 29367, 97871, 32, 183.96
2026/09/26 00:49:31.333, 1, 29133, 97871, 79, 198.75
2026/09/26 00:49:31.333, 2, 28583, 97871, 55, 186.43
2026/09/26 00:49:31.333, 3, 28329, 97871, 82, 192.89
2026/09/26 00:49:31.533, 0, 29367, 97871, 57, 184.28
2026/09/26 00:49:31.533, 1, 29133, 97871, 74, 197.65
2026/09/26 00:49:31.533, 2, 28583, 97871, 64, 185.05
2026/09/26 00:49:31.533, 3, 28329, 97871, 87, 192.98
2026/09/26 00:49:31.733, 0, 29367, 97871, 39, 184.94
2026/09/26 00:49:31.733, 1, 29133, 97871, 78, 196.51
2026/09/26 00:49:31.733, 2, 28583, 97871, 37, 186.15
2026/09/26 00:49:31.733, 3, 28329, 97871, 83, 192.63
2026/09/26 00:49:31.933, 0, 29367, 97871, 33, 186.50
2026/09/26 00:49:31.933, 1, 29133, 97871, 62, 195.70
2026/09/26 00:49:31.933, 2, 28583, 97871, 82, 187.68
2026/09/26 00:49:31.933, 3, 28329, 97871, 87, 191.34
2026/09/26 00:49:32.134, 0, 29367, 97871, 33, 187.37
2026/09/26 00:49:32.134, 1, 29133, 97871, 75, 196.75
2026/09/26 00:49:32.134, 2, 28583, 97871, 50, 184.85
2026/09/26 00:49:32.134, 3, 28329, 97871, 86, 191.09
2026/09/26 00:49:32.334, 0, 29367, 97871, 55, 189.14
2026/09/26 00:49:32.334, 1, 29133, 97871, 85, 196.04
2026/09/26 00:49:32.334, 2, 28583, 97871, 34, 184.23
2026/09/26 00:49:32.334, 3, 28329, 97871, 86, 192.02
2026/09/26 00:49:32.534, 0, 29367, 97871, 76, 188.76
2026/09/26 00:49:32.534, 1, 29133, 97871, 81, 196.38
2026/09/26 00:49:32.534, 2, 28583, 97871, 31, 184.59
2026/09/26 00:49:32.534, 3, 28329, 97871, 87, 192.06
2026/09/26 00:49:32.734, 0, 29367, 97871, 33, 187.26
2026/09/26 00:49:32.734, 1, 29133, 97871, 64, 196.53
2026/09/26 00:49:32.734, 2, 28583, 97871, 71, 183.73
2026/09/26 00:49:32.734, 3, 28329, 97871, 87, 192.51
2026/09/26 00:49:32.934, 0, 29367, 97871, 68, 187.48
2026/09/26 00:49:32.934, 1, 29133, 97871, 82, 196.66
2026/09/26 00:49:32.934, 2, 28583, 97871, 30, 183.26
2026/09/26 00:49:32.934, 3, 28329, 97871, 89, 193.30
2026/09/26 00:49:33.134, 0, 29367, 97871, 33, 186.81
2026/09/26 00:49:33.134, 1, 29133, 97871, 69, 196.37
2026/09/26 00:49:33.134, 2, 28583, 97871, 63, 184.44
2026/09/26 00:49:33.134, 3, 28329, 97871, 93, 192.73
2026/09/26 00:49:33.334, 0, 29367, 97871, 32, 184.86
2026/09/26 00:49:33.334, 1, 29133, 97871, 88, 195.94
2026/09/26 00:49:33.334, 2, 28583, 97871, 85, 183.49
2026/09/26 00:49:33.334, 3, 28329, 97871, 87, 192.96
2026/09/26 00:49:33.534, 0, 29367, 97871, 32, 185.89
2026/09/26 00:49:33.535, 1, 29133, 97871, 88, 196.52
2026/09/26 00:49:33.535, 2, 28583, 97871, 76, 184.55
2026/09/26 00:49:33.535, 3, 28329, 97871, 89, 193.18
2026/09/26 00:49:33.735, 0, 29367, 97871, 33, 187.66
2026/09/26 00:49:33.735, 1, 29133, 97871, 85, 196.06
2026/09/26 00:49:33.735, 2, 28583, 97871, 90, 184.01
2026/09/26 00:49:33.735, 3, 28329, 97871, 88, 193.12
2026/09/26 00:49:33.935, 0, 29367, 97871, 82, 190.24
2026/09/26 00:49:33.935, 1, 29133, 97871, 81, 196.44
2026/09/26 00:49:33.935, 2, 28583, 97871, 31, 184.78
2026/09/26 00:49:33.935, 3, 28329, 97871, 85, 193.88
2026/09/26 00:49:34.135, 0, 29367, 97871, 54, 189.59
2026/09/26 00:49:34.135, 1, 29133, 97871, 47, 195.49
2026/09/26 00:49:34.135, 2, 28583, 97871, 53, 184.47
2026/09/26 00:49:34.135, 3, 28329, 97871, 89, 194.82
2026/09/26 00:49:34.335, 0, 29367, 97871, 32, 188.35
2026/09/26 00:49:34.335, 1, 29133, 97871, 84, 196.34
2026/09/26 00:49:34.335, 2, 28583, 97871, 82, 185.57
2026/09/26 00:49:34.335, 3, 28329, 97871, 89, 195.11
2026/09/26 00:49:34.535, 0, 29367, 97871, 34, 186.65
2026/09/26 00:49:34.535, 1, 29133, 97871, 77, 195.97
2026/09/26 00:49:34.535, 2, 28583, 97871, 79, 186.73
2026/09/26 00:49:34.535, 3, 28329, 97871, 93, 195.35
2026/09/26 00:49:34.735, 0, 29367, 97871, 32, 185.68
2026/09/26 00:49:34.735, 1, 29133, 97871, 73, 196.71
2026/09/26 00:49:34.735, 2, 28583, 97871, 77, 186.90
2026/09/26 00:49:34.736, 3, 28329, 97871, 88, 195.09
2026/09/26 00:49:34.936, 0, 29367, 97871, 32, 184.60
2026/09/26 00:49:34.936, 1, 29133, 97871, 86, 196.77
2026/09/26 00:49:34.936, 2, 28583, 97871, 89, 187.45
2026/09/26 00:49:34.936, 3, 28329, 97871, 87, 194.79
2026/09/26 00:49:35.136, 0, 29367, 97871, 53, 186.00
2026/09/26 00:49:35.136, 1, 29133, 97871, 87, 198.16
2026/09/26 00:49:35.136, 2, 28583, 97871, 43, 187.12
2026/09/26 00:49:35.136, 3, 28329, 97871, 86, 194.04
2026/09/26 00:49:35.336, 0, 29367, 97871, 36, 186.51
2026/09/26 00:49:35.336, 1, 29133, 97871, 70, 198.24
2026/09/26 00:49:35.336, 2, 28583, 97871, 58, 187.36
2026/09/26 00:49:35.336, 3, 28329, 97871, 88, 193.96
2026/09/26 00:49:35.536, 0, 29367, 97871, 43, 187.94
2026/09/26 00:49:35.536, 1, 29133, 97871, 90, 198.40
2026/09/26 00:49:35.536, 2, 28583, 97871, 40, 186.57
2026/09/26 00:49:35.536, 3, 28329, 97871, 88, 193.84
2026/09/26 00:49:35.736, 0, 29367, 97871, 51, 189.94
2026/09/26 00:49:35.736, 1, 29133, 97871, 81, 197.89
2026/09/26 00:49:35.736, 2, 28583, 97871, 46, 186.57
2026/09/26 00:49:35.736, 3, 28329, 97871, 89, 194.42
2026/09/26 00:49:35.936, 0, 29367, 97871, 32, 188.92
2026/09/26 00:49:35.936, 1, 29133, 97871, 87, 198.43
2026/09/26 00:49:35.936, 2, 28583, 97871, 74, 187.13
2026/09/26 00:49:35.936, 3, 28329, 97871, 90, 194.38
2026/09/26 00:49:36.136, 0, 29367, 97871, 49, 185.87
2026/09/26 00:49:36.136, 1, 29133, 97871, 63, 194.41
2026/09/26 00:49:36.136, 2, 28583, 97871, 41, 184.84
2026/09/26 00:49:36.136, 3, 28329, 97871, 72, 192.67
2026/09/26 00:49:36.337, 0, 29367, 97871, 67, 205.83
2026/09/26 00:49:36.337, 1, 29133, 97871, 72, 223.62
2026/09/26 00:49:36.337, 2, 28583, 97871, 18, 213.65
2026/09/26 00:49:36.337, 3, 28329, 97871, 100, 211.77
2026/09/26 00:49:36.537, 0, 29367, 97871, 100, 237.62
2026/09/26 00:49:36.537, 1, 29133, 97871, 100, 257.42
2026/09/26 00:49:36.537, 2, 28583, 97871, 100, 244.45
2026/09/26 00:49:36.537, 3, 28329, 97871, 100, 240.80
2026/09/26 00:49:36.737, 0, 29367, 97871, 100, 269.83
2026/09/26 00:49:36.737, 1, 29133, 97871, 100, 283.38
2026/09/26 00:49:36.737, 2, 28583, 97871, 100, 269.14
2026/09/26 00:49:36.737, 3, 28329, 97871, 83, 269.91
2026/09/26 00:49:36.937, 0, 29367, 97871, 59, 269.34
2026/09/26 00:49:36.937, 1, 29133, 97871, 70, 282.58
2026/09/26 00:49:36.937, 2, 28583, 97871, 78, 267.06
2026/09/26 00:49:36.937, 3, 28329, 97871, 91, 269.32
2026/09/26 00:49:37.137, 0, 29367, 97871, 45, 270.08
2026/09/26 00:49:37.137, 1, 29133, 97871, 72, 286.96
2026/09/26 00:49:37.137, 2, 28583, 97871, 42, 269.66
2026/09/26 00:49:37.137, 3, 28329, 97871, 83, 271.78
2026/09/26 00:49:37.337, 0, 29367, 97871, 31, 253.71
2026/09/26 00:49:37.337, 1, 29133, 97871, 73, 258.28
2026/09/26 00:49:37.337, 2, 28583, 97871, 87, 243.83
2026/09/26 00:49:37.337, 3, 28329, 97871, 85, 251.83
2026/09/26 00:49:37.537, 0, 29367, 97871, 33, 218.86
2026/09/26 00:49:37.537, 1, 29133, 97871, 61, 226.74
2026/09/26 00:49:37.537, 2, 28583, 97871, 70, 212.62
2026/09/26 00:49:37.537, 3, 28329, 97871, 90, 221.09
2026/09/26 00:49:37.738, 0, 29367, 97871, 31, 187.45
2026/09/26 00:49:37.738, 1, 29133, 97871, 82, 197.25
2026/09/26 00:49:37.738, 2, 28583, 97871, 86, 184.79
2026/09/26 00:49:37.738, 3, 28329, 97871, 83, 192.85
2026/09/26 00:49:37.938, 0, 29367, 97871, 34, 185.26
2026/09/26 00:49:37.938, 1, 29133, 97871, 84, 196.53
2026/09/26 00:49:37.938, 2, 28583, 97871, 48, 185.30
2026/09/26 00:49:37.938, 3, 28329, 97871, 88, 191.74
2026/09/26 00:49:38.138, 0, 29367, 97871, 54, 185.14
2026/09/26 00:49:38.138, 1, 29133, 97871, 63, 197.41
2026/09/26 00:49:38.138, 2, 28583, 97871, 35, 183.84
2026/09/26 00:49:38.138, 3, 28329, 97871, 88, 191.81
2026/09/26 00:49:38.338, 0, 29367, 97871, 32, 184.72
2026/09/26 00:49:38.338, 1, 29133, 97871, 87, 197.09
2026/09/26 00:49:38.338, 2, 28583, 97871, 54, 182.88
2026/09/26 00:49:38.338, 3, 28329, 97871, 87, 192.67
2026/09/26 00:49:38.538, 0, 29367, 97871, 72, 184.48
2026/09/26 00:49:38.538, 1, 29133, 97871, 66, 196.25
2026/09/26 00:49:38.538, 2, 28583, 97871, 31, 184.35
2026/09/26 00:49:38.538, 3, 28329, 97871, 82, 192.80
2026/09/26 00:49:38.738, 0, 29367, 97871, 31, 183.83
2026/09/26 00:49:38.738, 1, 29133, 97871, 88, 196.70
2026/09/26 00:49:38.738, 2, 28583, 97871, 82, 184.26
2026/09/26 00:49:38.738, 3, 28329, 97871, 89, 192.85
2026/09/26 00:49:38.938, 0, 29367, 97871, 33, 183.27
2026/09/26 00:49:38.938, 1, 29133, 97871, 79, 197.35
2026/09/26 00:49:38.938, 2, 28583, 97871, 70, 185.56
2026/09/26 00:49:38.938, 3, 28329, 97871, 89, 192.18
2026/09/26 00:49:39.139, 0, 29367, 97871, 34, 184.23
2026/09/26 00:49:39.139, 1, 29133, 97871, 85, 196.59
2026/09/26 00:49:39.139, 2, 28583, 97871, 58, 187.58
2026/09/26 00:49:39.139, 3, 28329, 97871, 90, 192.65
2026/09/26 00:49:39.339, 0, 29367, 97871, 33, 184.45
2026/09/26 00:49:39.339, 1, 29133, 97871, 52, 196.64
2026/09/26 00:49:39.339, 2, 28583, 97871, 69, 186.46
2026/09/26 00:49:39.339, 3, 28329, 97871, 80, 191.39
2026/09/26 00:49:39.539, 0, 29367, 97871, 31, 184.69
2026/09/26 00:49:39.539, 1, 29133, 97871, 81, 196.11
2026/09/26 00:49:39.539, 2, 28583, 97871, 83, 185.43
2026/09/26 00:49:39.539, 3, 28329, 97871, 86, 190.74
2026/09/26 00:49:39.739, 0, 29367, 97871, 31, 186.19
2026/09/26 00:49:39.739, 1, 29133, 97871, 79, 195.83
2026/09/26 00:49:39.739, 2, 28583, 97871, 82, 185.77
2026/09/26 00:49:39.739, 3, 28329, 97871, 89, 191.16
2026/09/26 00:49:39.940, 0, 29367, 97871, 31, 185.21
2026/09/26 00:49:39.940, 1, 29133, 97871, 74, 193.89
2026/09/26 00:49:39.940, 2, 28583, 97871, 85, 182.81
2026/09/26 00:49:39.940, 3, 28329, 97871, 74, 190.62
2026/09/26 00:49:40.140, 0, 29367, 97871, 33, 184.79
2026/09/26 00:49:40.140, 1, 29133, 97871, 67, 194.31
2026/09/26 00:49:40.140, 2, 28583, 97871, 75, 180.22
2026/09/26 00:49:40.140, 3, 28329, 97871, 89, 190.51
2026/09/26 00:49:40.340, 0, 29367, 97871, 31, 184.51
2026/09/26 00:49:40.340, 1, 29133, 97871, 68, 194.66
2026/09/26 00:49:40.340, 2, 28583, 97871, 89, 181.56
2026/09/26 00:49:40.340, 3, 28329, 97871, 82, 191.09
2026/09/26 00:49:40.540, 0, 29367, 97871, 37, 184.35
2026/09/26 00:49:40.540, 1, 29133, 97871, 63, 194.39
2026/09/26 00:49:40.540, 2, 28583, 97871, 52, 181.74
2026/09/26 00:49:40.540, 3, 28329, 97871, 91, 191.08
2026/09/26 00:49:40.740, 0, 29367, 97871, 31, 185.96
2026/09/26 00:49:40.740, 1, 29133, 97871, 88, 195.09
2026/09/26 00:49:40.740, 2, 28583, 97871, 90, 181.49
2026/09/26 00:49:40.740, 3, 28329, 97871, 86, 191.34
2026/09/26 00:49:40.940, 0, 29367, 97871, 44, 185.81
2026/09/26 00:49:40.940, 1, 29133, 97871, 90, 195.57
2026/09/26 00:49:40.940, 2, 28583, 97871, 56, 183.26
2026/09/26 00:49:40.940, 3, 28329, 97871, 88, 191.51
2026/09/26 00:49:41.140, 0, 29367, 97871, 31, 187.01
2026/09/26 00:49:41.140, 1, 29133, 97871, 89, 195.41
2026/09/26 00:49:41.140, 2, 28583, 97871, 77, 185.93
2026/09/26 00:49:41.140, 3, 28329, 97871, 88, 192.00
2026/09/26 00:49:41.341, 0, 29367, 97871, 43, 185.00
2026/09/26 00:49:41.341, 1, 29133, 97871, 74, 196.45
2026/09/26 00:49:41.341, 2, 28583, 97871, 45, 184.93
2026/09/26 00:49:41.341, 3, 28329, 97871, 94, 192.15
2026/09/26 00:49:41.541, 0, 29367, 97871, 32, 182.95
2026/09/26 00:49:41.541, 1, 29133, 97871, 66, 196.59
2026/09/26 00:49:41.541, 2, 28583, 97871, 65, 183.72
2026/09/26 00:49:41.541, 3, 28329, 97871, 87, 192.82
2026/09/26 00:49:41.741, 0, 29367, 97871, 48, 179.44
2026/09/26 00:49:41.741, 1, 29133, 97871, 86, 195.94
2026/09/26 00:49:41.741, 2, 28583, 97871, 33, 184.63
2026/09/26 00:49:41.741, 3, 28329, 97871, 87, 192.51
2026/09/26 00:49:41.941, 0, 29367, 97871, 31, 180.43
2026/09/26 00:49:41.941, 1, 29133, 97871, 73, 196.60
2026/09/26 00:49:41.941, 2, 28583, 97871, 63, 184.46
2026/09/26 00:49:41.941, 3, 28329, 97871, 67, 192.55
2026/09/26 00:49:42.141, 0, 29367, 97871, 77, 179.86
2026/09/26 00:49:42.141, 1, 29133, 97871, 80, 196.43
2026/09/26 00:49:42.141, 2, 28583, 97871, 33, 185.39
2026/09/26 00:49:42.141, 3, 28329, 97871, 86, 192.81
2026/09/26 00:49:42.341, 0, 29367, 97871, 32, 182.21
2026/09/26 00:49:42.341, 1, 29133, 97871, 90, 194.89
2026/09/26 00:49:42.341, 2, 28583, 97871, 82, 187.04
2026/09/26 00:49:42.341, 3, 28329, 97871, 89, 192.09
2026/09/26 00:49:42.541, 0, 29367, 97871, 32, 184.63
2026/09/26 00:49:42.541, 1, 29133, 97871, 91, 195.44
2026/09/26 00:49:42.541, 2, 28583, 97871, 60, 188.24
2026/09/26 00:49:42.541, 3, 28329, 97871, 89, 191.12
2026/09/26 00:49:42.742, 0, 29367, 97871, 31, 186.26
2026/09/26 00:49:42.742, 1, 29133, 97871, 70, 194.79
2026/09/26 00:49:42.742, 2, 28583, 97871, 67, 187.68
2026/09/26 00:49:42.742, 3, 28329, 97871, 93, 191.12
2026/09/26 00:49:42.942, 0, 29367, 97871, 37, 188.48
2026/09/26 00:49:42.942, 1, 29133, 97871, 86, 195.84
2026/09/26 00:49:42.942, 2, 28583, 97871, 45, 188.74
2026/09/26 00:49:42.942, 3, 28329, 97871, 88, 190.67
2026/09/26 00:49:43.142, 0, 29367, 97871, 32, 188.39
2026/09/26 00:49:43.142, 1, 29133, 97871, 88, 196.00
2026/09/26 00:49:43.142, 2, 28583, 97871, 66, 188.10
2026/09/26 00:49:43.142, 3, 28329, 97871, 89, 189.88
2026/09/26 00:49:43.342, 0, 29367, 97871, 32, 187.81
2026/09/26 00:49:43.342, 1, 29133, 97871, 77, 196.68
2026/09/26 00:49:43.342, 2, 28583, 97871, 81, 186.77
2026/09/26 00:49:43.342, 3, 28329, 97871, 86, 190.00
2026/09/26 00:49:43.542, 0, 29367, 97871, 33, 188.66
2026/09/26 00:49:43.542, 1, 29133, 97871, 80, 195.26
2026/09/26 00:49:43.542, 2, 28583, 97871, 85, 184.60
2026/09/26 00:49:43.542, 3, 28329, 97871, 92, 190.12
2026/09/26 00:49:43.742, 0, 29367, 97871, 34, 188.57
2026/09/26 00:49:43.742, 1, 29133, 97871, 84, 196.03
2026/09/26 00:49:43.742, 2, 28583, 97871, 84, 186.00
2026/09/26 00:49:43.742, 3, 28329, 97871, 85, 189.48
2026/09/26 00:49:43.942, 0, 29367, 97871, 31, 186.97
2026/09/26 00:49:43.942, 1, 29133, 97871, 84, 194.34
2026/09/26 00:49:43.942, 2, 28583, 97871, 83, 184.62
2026/09/26 00:49:43.942, 3, 28329, 97871, 86, 190.13
2026/09/26 00:49:44.142, 0, 29367, 97871, 34, 186.87
2026/09/26 00:49:44.143, 1, 29133, 97871, 81, 192.95
2026/09/26 00:49:44.143, 2, 28583, 97871, 55, 183.38
2026/09/26 00:49:44.143, 3, 28329, 97871, 89, 190.97
2026/09/26 00:49:44.343, 0, 29367, 97871, 34, 187.58
2026/09/26 00:49:44.343, 1, 29133, 97871, 75, 193.90
2026/09/26 00:49:44.343, 2, 28583, 97871, 69, 184.56
2026/09/26 00:49:44.343, 3, 28329, 97871, 94, 190.34
2026/09/26 00:49:44.543, 0, 29367, 97871, 32, 185.61
2026/09/26 00:49:44.543, 1, 29133, 97871, 88, 194.64
2026/09/26 00:49:44.543, 2, 28583, 97871, 63, 185.06
2026/09/26 00:49:44.543, 3, 28329, 97871, 88, 191.32
2026/09/26 00:49:44.743, 0, 29367, 97871, 32, 183.39
2026/09/26 00:49:44.743, 1, 29133, 97871, 87, 194.96
2026/09/26 00:49:44.743, 2, 28583, 97871, 52, 184.43
2026/09/26 00:49:44.743, 3, 28329, 97871, 88, 191.90
2026/09/26 00:49:44.943, 0, 29367, 97871, 31, 181.68
2026/09/26 00:49:44.943, 1, 29133, 97871, 83, 195.45
2026/09/26 00:49:44.943, 2, 28583, 97871, 88, 185.04
2026/09/26 00:49:44.943, 3, 28329, 97871, 84, 192.10
2026/09/26 00:49:45.143, 0, 29367, 97871, 38, 182.32
2026/09/26 00:49:45.143, 1, 29133, 97871, 40, 196.65
2026/09/26 00:49:45.143, 2, 28583, 97871, 83, 186.45
2026/09/26 00:49:45.143, 3, 28329, 97871, 86, 191.99
2026/09/26 00:49:45.343, 0, 29367, 97871, 31, 183.47
2026/09/26 00:49:45.343, 1, 29133, 97871, 86, 195.93
2026/09/26 00:49:45.343, 2, 28583, 97871, 77, 184.90
2026/09/26 00:49:45.343, 3, 28329, 97871, 86, 192.31
2026/09/26 00:49:45.543, 0, 29367, 97871, 68, 184.59
2026/09/26 00:49:45.543, 1, 29133, 97871, 69, 195.52
2026/09/26 00:49:45.543, 2, 28583, 97871, 51, 184.83
2026/09/26 00:49:45.544, 3, 28329, 97871, 88, 192.05
2026/09/26 00:49:45.744, 0, 29367, 97871, 40, 184.67
2026/09/26 00:49:45.744, 1, 29133, 97871, 86, 195.04
2026/09/26 00:49:45.744, 2, 28583, 97871, 66, 185.32
2026/09/26 00:49:45.744, 3, 28329, 97871, 92, 193.61
2026/09/26 00:49:45.944, 0, 29367, 97871, 31, 185.81
2026/09/26 00:49:45.944, 1, 29133, 97871, 87, 195.20
2026/09/26 00:49:45.944, 2, 28583, 97871, 82, 184.43
2026/09/26 00:49:45.944, 3, 28329, 97871, 88, 193.50
2026/09/26 00:49:46.144, 0, 29367, 97871, 34, 185.11
2026/09/26 00:49:46.144, 1, 29133, 97871, 79, 194.90
2026/09/26 00:49:46.144, 2, 28583, 97871, 47, 184.48
2026/09/26 00:49:46.144, 3, 28329, 97871, 88, 193.41
2026/09/26 00:49:46.344, 0, 29367, 97871, 31, 184.44
2026/09/26 00:49:46.344, 1, 29133, 97871, 88, 195.00
2026/09/26 00:49:46.344, 2, 28583, 97871, 80, 184.15
2026/09/26 00:49:46.344, 3, 28329, 97871, 89, 193.77
2026/09/26 00:49:46.544, 0, 29367, 97871, 45, 185.51
2026/09/26 00:49:46.544, 1, 29133, 97871, 89, 195.39
2026/09/26 00:49:46.544, 2, 28583, 97871, 33, 186.67
2026/09/26 00:49:46.544, 3, 28329, 97871, 91, 193.43
2026/09/26 00:49:46.744, 0, 29367, 97871, 32, 184.63
2026/09/26 00:49:46.744, 1, 29133, 97871, 82, 195.51
2026/09/26 00:49:46.744, 2, 28583, 97871, 84, 187.16
2026/09/26 00:49:46.744, 3, 28329, 97871, 78, 192.26
2026/09/26 00:49:46.944, 0, 29367, 97871, 32, 186.73
2026/09/26 00:49:46.944, 1, 29133, 97871, 87, 195.79
2026/09/26 00:49:46.944, 2, 28583, 97871, 67, 187.92
2026/09/26 00:49:46.944, 3, 28329, 97871, 90, 192.14
2026/09/26 00:49:47.145, 0, 29367, 97871, 60, 186.12
2026/09/26 00:49:47.145, 1, 29133, 97871, 47, 196.76
2026/09/26 00:49:47.145, 2, 28583, 97871, 48, 187.84
2026/09/26 00:49:47.145, 3, 28329, 97871, 85, 192.81
2026/09/26 00:49:47.345, 0, 29367, 97871, 45, 185.10
2026/09/26 00:49:47.345, 1, 29133, 97871, 51, 197.35
2026/09/26 00:49:47.345, 2, 28583, 97871, 33, 189.04
2026/09/26 00:49:47.345, 3, 28329, 97871, 94, 192.44
2026/09/26 00:49:47.545, 0, 29367, 97871, 39, 184.73
2026/09/26 00:49:47.545, 1, 29133, 97871, 87, 197.92
2026/09/26 00:49:47.545, 2, 28583, 97871, 80, 189.09
2026/09/26 00:49:47.545, 3, 28329, 97871, 86, 193.29
2026/09/26 00:49:47.745, 0, 29367, 97871, 36, 186.46
2026/09/26 00:49:47.745, 1, 29133, 97871, 88, 197.22
2026/09/26 00:49:47.745, 2, 28583, 97871, 71, 188.88
2026/09/26 00:49:47.745, 3, 28329, 97871, 84, 193.68
2026/09/26 00:49:47.945, 0, 29367, 97871, 77, 186.13
2026/09/26 00:49:47.945, 1, 29133, 97871, 82, 197.01
2026/09/26 00:49:47.945, 2, 28583, 97871, 60, 188.87
2026/09/26 00:49:47.945, 3, 28329, 97871, 86, 193.80
2026/09/26 00:49:48.145, 0, 29367, 97871, 34, 186.32
2026/09/26 00:49:48.145, 1, 29133, 97871, 82, 196.52
2026/09/26 00:49:48.145, 2, 28583, 97871, 82, 188.20
2026/09/26 00:49:48.145, 3, 28329, 97871, 77, 194.59
2026/09/26 00:49:48.345, 0, 29367, 97871, 33, 185.26
2026/09/26 00:49:48.345, 1, 29133, 97871, 68, 196.28
2026/09/26 00:49:48.345, 2, 28583, 97871, 65, 187.36
2026/09/26 00:49:48.345, 3, 28329, 97871, 86, 194.44
2026/09/26 00:49:48.546, 0, 29367, 97871, 33, 183.93
2026/09/26 00:49:48.546, 1, 29133, 97871, 80, 194.91
2026/09/26 00:49:48.546, 2, 28583, 97871, 79, 186.98
2026/09/26 00:49:48.546, 3, 28329, 97871, 86, 193.96
2026/09/26 00:49:48.746, 0, 29367, 97871, 33, 183.79
2026/09/26 00:49:48.746, 1, 29133, 97871, 61, 195.25
2026/09/26 00:49:48.746, 2, 28583, 97871, 75, 185.71
2026/09/26 00:49:48.746, 3, 28329, 97871, 86, 194.32
2026/09/26 00:49:48.946, 0, 29367, 97871, 43, 182.37
2026/09/26 00:49:48.946, 1, 29133, 97871, 86, 196.10
2026/09/26 00:49:48.946, 2, 28583, 97871, 69, 184.26
2026/09/26 00:49:48.946, 3, 28329, 97871, 84, 193.88
2026/09/26 00:49:49.146, 0, 29367, 97871, 41, 183.10
2026/09/26 00:49:49.146, 1, 29133, 97871, 87, 196.13
2026/09/26 00:49:49.146, 2, 28583, 97871, 39, 183.45
2026/09/26 00:49:49.146, 3, 28329, 97871, 87, 192.82
2026/09/26 00:49:49.346, 0, 29367, 97871, 32, 183.34
2026/09/26 00:49:49.346, 1, 29133, 97871, 78, 196.76
2026/09/26 00:49:49.346, 2, 28583, 97871, 82, 183.85
2026/09/26 00:49:49.346, 3, 28329, 97871, 85, 192.80
2026/09/26 00:49:49.546, 0, 29367, 97871, 34, 183.97
2026/09/26 00:49:49.546, 1, 29133, 97871, 85, 197.83
2026/09/26 00:49:49.546, 2, 28583, 97871, 65, 183.19
2026/09/26 00:49:49.546, 3, 28329, 97871, 73, 191.63
2026/09/26 00:49:49.746, 0, 29367, 97871, 31, 185.13
2026/09/26 00:49:49.746, 1, 29133, 97871, 82, 198.55
2026/09/26 00:49:49.746, 2, 28583, 97871, 84, 183.79
2026/09/26 00:49:49.746, 3, 28329, 97871, 84, 192.27
2026/09/26 00:49:49.947, 0, 29367, 97871, 33, 186.50
2026/09/26 00:49:49.947, 1, 29133, 97871, 70, 197.88
2026/09/26 00:49:49.947, 2, 28583, 97871, 59, 184.61
2026/09/26 00:49:49.947, 3, 28329, 97871, 75, 192.37
2026/09/26 00:49:50.147, 0, 29367, 97871, 40, 186.91
2026/09/26 00:49:50.147, 1, 29133, 97871, 50, 198.39
2026/09/26 00:49:50.147, 2, 28583, 97871, 39, 184.79
2026/09/26 00:49:50.147, 3, 28329, 97871, 59, 192.77
2026/09/26 00:49:50.347, 0, 29367, 97871, 37, 189.30
2026/09/26 00:49:50.347, 1, 29133, 97871, 69, 195.96
2026/09/26 00:49:50.347, 2, 28583, 97871, 59, 182.86
2026/09/26 00:49:50.347, 3, 28329, 97871, 84, 193.01
2026/09/26 00:49:50.547, 0, 29367, 97871, 22, 189.81
2026/09/26 00:49:50.547, 1, 29133, 97871, 69, 207.69
2026/09/26 00:49:50.547, 2, 28583, 97871, 58, 196.82
2026/09/26 00:49:50.547, 3, 28329, 97871, 70, 194.85
2026/09/26 00:49:50.747, 0, 29367, 97871, 90, 221.73
2026/09/26 00:49:50.747, 1, 29133, 97871, 100, 238.93
2026/09/26 00:49:50.747, 2, 28583, 97871, 82, 230.09
2026/09/26 00:49:50.747, 3, 28329, 97871, 100, 225.73
2026/09/26 00:49:50.947, 0, 29367, 97871, 100, 254.01
2026/09/26 00:49:50.947, 1, 29133, 97871, 100, 273.39
2026/09/26 00:49:50.947, 2, 28583, 97871, 100, 263.92
2026/09/26 00:49:50.947, 3, 28329, 97871, 100, 258.12
2026/09/26 00:49:51.147, 0, 29367, 97871, 100, 270.92
2026/09/26 00:49:51.147, 1, 29133, 97871, 38, 279.40
2026/09/26 00:49:51.147, 2, 28583, 97871, 100, 268.07
2026/09/26 00:49:51.147, 3, 28329, 97871, 90, 271.39
2026/09/26 00:49:51.348, 0, 29367, 97871, 62, 266.35
2026/09/26 00:49:51.348, 1, 29133, 97871, 84, 278.89
2026/09/26 00:49:51.348, 2, 28583, 97871, 53, 269.02
2026/09/26 00:49:51.348, 3, 28329, 97871, 95, 270.78
2026/09/26 00:49:51.548, 0, 29367, 97871, 32, 268.15
2026/09/26 00:49:51.548, 1, 29133, 97871, 72, 270.38
2026/09/26 00:49:51.548, 2, 28583, 97871, 84, 254.50
2026/09/26 00:49:51.548, 3, 28329, 97871, 88, 273.70
2026/09/26 00:49:51.748, 0, 29367, 97871, 32, 233.57
2026/09/26 00:49:51.748, 1, 29133, 97871, 71, 238.78
2026/09/26 00:49:51.748, 2, 28583, 97871, 82, 224.73
2026/09/26 00:49:51.748, 3, 28329, 97871, 89, 241.41
2026/09/26 00:49:51.948, 0, 29367, 97871, 32, 200.63
2026/09/26 00:49:51.948, 1, 29133, 97871, 75, 202.61
2026/09/26 00:49:51.948, 2, 28583, 97871, 69, 191.23
2026/09/26 00:49:51.948, 3, 28329, 97871, 84, 205.99
2026/09/26 00:49:52.148, 0, 29367, 97871, 33, 180.72
2026/09/26 00:49:52.148, 1, 29133, 97871, 64, 195.52
2026/09/26 00:49:52.148, 2, 28583, 97871, 66, 184.93
2026/09/26 00:49:52.148, 3, 28329, 97871, 85, 191.68
2026/09/26 00:49:52.348, 0, 29367, 97871, 62, 182.18
2026/09/26 00:49:52.348, 1, 29133, 97871, 89, 195.57
2026/09/26 00:49:52.348, 2, 28583, 97871, 51, 185.29
2026/09/26 00:49:52.348, 3, 28329, 97871, 86, 191.01
2026/09/26 00:49:52.548, 0, 29367, 97871, 47, 182.46
2026/09/26 00:49:52.548, 1, 29133, 97871, 57, 196.07
2026/09/26 00:49:52.548, 2, 28583, 97871, 54, 184.98
2026/09/26 00:49:52.548, 3, 28329, 97871, 86, 189.76
2026/09/26 00:49:52.748, 0, 29367, 97871, 45, 182.43
2026/09/26 00:49:52.749, 1, 29133, 97871, 62, 196.13
2026/09/26 00:49:52.749, 2, 28583, 97871, 72, 184.55
2026/09/26 00:49:52.749, 3, 28329, 97871, 78, 190.38
2026/09/26 00:49:52.949, 0, 29367, 97871, 31, 183.54
2026/09/26 00:49:52.949, 1, 29133, 97871, 76, 195.51
2026/09/26 00:49:52.949, 2, 28583, 97871, 82, 183.72
2026/09/26 00:49:52.949, 3, 28329, 97871, 79, 189.95
2026/09/26 00:49:53.149, 0, 29367, 97871, 34, 183.90
2026/09/26 00:49:53.149, 1, 29133, 97871, 87, 196.09
2026/09/26 00:49:53.149, 2, 28583, 97871, 49, 185.67
2026/09/26 00:49:53.149, 3, 28329, 97871, 88, 190.87
2026/09/26 00:49:53.349, 0, 29367, 97871, 31, 183.94
2026/09/26 00:49:53.349, 1, 29133, 97871, 82, 195.66
2026/09/26 00:49:53.349, 2, 28583, 97871, 90, 185.08
2026/09/26 00:49:53.349, 3, 28329, 97871, 82, 191.24
2026/09/26 00:49:53.549, 0, 29367, 97871, 36, 183.12
2026/09/26 00:49:53.549, 1, 29133, 97871, 85, 195.23
2026/09/26 00:49:53.549, 2, 28583, 97871, 43, 184.85
2026/09/26 00:49:53.549, 3, 28329, 97871, 89, 191.76
2026/09/26 00:49:53.749, 0, 29367, 97871, 44, 181.96
2026/09/26 00:49:53.749, 1, 29133, 97871, 86, 195.85
2026/09/26 00:49:53.749, 2, 28583, 97871, 55, 183.84
2026/09/26 00:49:53.749, 3, 28329, 97871, 88, 191.19
2026/09/26 00:49:53.949, 0, 29367, 97871, 36, 183.30
2026/09/26 00:49:53.949, 1, 29133, 97871, 67, 194.08
2026/09/26 00:49:53.949, 2, 28583, 97871, 54, 183.59
2026/09/26 00:49:53.949, 3, 28329, 97871, 89, 190.82
2026/09/26 00:49:54.149, 0, 29367, 97871, 36, 183.35
2026/09/26 00:49:54.149, 1, 29133, 97871, 89, 193.61
2026/09/26 00:49:54.150, 2, 28583, 97871, 67, 181.13
2026/09/26 00:49:54.150, 3, 28329, 97871, 86, 189.87
2026/09/26 00:49:54.350, 0, 29367, 97871, 37, 182.13
2026/09/26 00:49:54.350, 1, 29133, 97871, 89, 194.74
2026/09/26 00:49:54.350, 2, 28583, 97871, 58, 182.48
2026/09/26 00:49:54.350, 3, 28329, 97871, 93, 189.16
2026/09/26 00:49:54.550, 0, 29367, 97871, 33, 182.43
2026/09/26 00:49:54.550, 1, 29133, 97871, 82, 193.72
2026/09/26 00:49:54.550, 2, 28583, 97871, 75, 181.41
2026/09/26 00:49:54.550, 3, 28329, 97871, 86, 189.10
2026/09/26 00:49:54.750, 0, 29367, 97871, 31, 184.80
2026/09/26 00:49:54.750, 1, 29133, 97871, 72, 193.16
2026/09/26 00:49:54.750, 2, 28583, 97871, 82, 180.65
2026/09/26 00:49:54.750, 3, 28329, 97871, 78, 188.92
2026/09/26 00:49:54.950, 0, 29367, 97871, 34, 184.37
2026/09/26 00:49:54.950, 1, 29133, 97871, 68, 194.24
2026/09/26 00:49:54.950, 2, 28583, 97871, 72, 183.27
2026/09/26 00:49:54.950, 3, 28329, 97871, 84, 188.69
2026/09/26 00:49:55.150, 0, 29367, 97871, 31, 183.82
2026/09/26 00:49:55.150, 1, 29133, 97871, 83, 193.72
2026/09/26 00:49:55.150, 2, 28583, 97871, 80, 187.39
2026/09/26 00:49:55.150, 3, 28329, 97871, 77, 189.10
2026/09/26 00:49:55.350, 0, 29367, 97871, 37, 184.54
2026/09/26 00:49:55.350, 1, 29133, 97871, 68, 192.81
2026/09/26 00:49:55.350, 2, 28583, 97871, 51, 186.66
2026/09/26 00:49:55.350, 3, 28329, 97871, 88, 190.03
2026/09/26 00:49:55.550, 0, 29367, 97871, 31, 184.96
2026/09/26 00:49:55.550, 1, 29133, 97871, 47, 192.42
2026/09/26 00:49:55.550, 2, 28583, 97871, 85, 189.24
2026/09/26 00:49:55.551, 3, 28329, 97871, 68, 190.10
2026/09/26 00:49:55.751, 0, 29367, 97871, 34, 183.64
2026/09/26 00:49:55.751, 1, 29133, 97871, 62, 192.32
2026/09/26 00:49:55.751, 2, 28583, 97871, 73, 189.92
2026/09/26 00:49:55.751, 3, 28329, 97871, 91, 191.26
2026/09/26 00:49:55.951, 0, 29367, 97871, 49, 183.95
2026/09/26 00:49:55.951, 1, 29133, 97871, 54, 192.38
2026/09/26 00:49:55.951, 2, 28583, 97871, 59, 187.16
2026/09/26 00:49:55.951, 3, 28329, 97871, 86, 191.48
2026/09/26 00:49:56.151, 0, 29367, 97871, 33, 185.81
2026/09/26 00:49:56.151, 1, 29133, 97871, 74, 192.85
2026/09/26 00:49:56.151, 2, 28583, 97871, 86, 184.28
2026/09/26 00:49:56.151, 3, 28329, 97871, 86, 191.59
2026/09/26 00:49:56.351, 0, 29367, 97871, 31, 185.78
2026/09/26 00:49:56.351, 1, 29133, 97871, 75, 194.40
2026/09/26 00:49:56.351, 2, 28583, 97871, 65, 183.87
2026/09/26 00:49:56.351, 3, 28329, 97871, 88, 190.97
2026/09/26 00:49:56.551, 0, 29367, 97871, 33, 185.52
2026/09/26 00:49:56.551, 1, 29133, 97871, 89, 195.27
2026/09/26 00:49:56.551, 2, 28583, 97871, 71, 183.03
2026/09/26 00:49:56.551, 3, 28329, 97871, 72, 191.42
2026/09/26 00:49:56.751, 0, 29367, 97871, 32, 185.59
2026/09/26 00:49:56.751, 1, 29133, 97871, 89, 195.56
2026/09/26 00:49:56.751, 2, 28583, 97871, 61, 181.93
2026/09/26 00:49:56.751, 3, 28329, 97871, 82, 190.90
2026/09/26 00:49:56.951, 0, 29367, 97871, 48, 184.68
2026/09/26 00:49:56.951, 1, 29133, 97871, 83, 196.77
2026/09/26 00:49:56.952, 2, 28583, 97871, 56, 182.73
2026/09/26 00:49:56.952, 3, 28329, 97871, 86, 191.07
2026/09/26 00:49:57.152, 0, 29367, 97871, 31, 183.10
2026/09/26 00:49:57.152, 1, 29133, 97871, 57, 196.60
2026/09/26 00:49:57.152, 2, 28583, 97871, 73, 181.87
2026/09/26 00:49:57.152, 3, 28329, 97871, 88, 191.95
2026/09/26 00:49:57.352, 0, 29367, 97871, 34, 183.49
2026/09/26 00:49:57.352, 1, 29133, 97871, 53, 195.30
2026/09/26 00:49:57.352, 2, 28583, 97871, 61, 182.48
2026/09/26 00:49:57.352, 3, 28329, 97871, 84, 192.10
2026/09/26 00:49:57.552, 0, 29367, 97871, 42, 184.34
2026/09/26 00:49:57.552, 1, 29133, 97871, 80, 196.03
2026/09/26 00:49:57.552, 2, 28583, 97871, 84, 181.68
2026/09/26 00:49:57.552, 3, 28329, 97871, 86, 192.16
2026/09/26 00:49:57.752, 0, 29367, 97871, 45, 184.16
2026/09/26 00:49:57.752, 1, 29133, 97871, 81, 195.40
2026/09/26 00:49:57.752, 2, 28583, 97871, 35, 182.27
2026/09/26 00:49:57.752, 3, 28329, 97871, 88, 191.67
2026/09/26 00:49:57.952, 0, 29367, 97871, 31, 186.01
2026/09/26 00:49:57.952, 1, 29133, 97871, 55, 195.79
2026/09/26 00:49:57.952, 2, 28583, 97871, 84, 183.50
2026/09/26 00:49:57.952, 3, 28329, 97871, 84, 191.69
2026/09/26 00:49:58.152, 0, 29367, 97871, 33, 185.55
2026/09/26 00:49:58.152, 1, 29133, 97871, 84, 194.87
2026/09/26 00:49:58.152, 2, 28583, 97871, 54, 185.64
2026/09/26 00:49:58.152, 3, 28329, 97871, 86, 191.50
2026/09/26 00:49:58.352, 0, 29367, 97871, 31, 186.11
2026/09/26 00:49:58.352, 1, 29133, 97871, 65, 193.86
2026/09/26 00:49:58.352, 2, 28583, 97871, 79, 185.11
2026/09/26 00:49:58.353, 3, 28329, 97871, 84, 192.23
2026/09/26 00:49:58.553, 0, 29367, 97871, 33, 185.97
2026/09/26 00:49:58.553, 1, 29133, 97871, 84, 193.20
2026/09/26 00:49:58.553, 2, 28583, 97871, 53, 185.97
2026/09/26 00:49:58.553, 3, 28329, 97871, 87, 191.07
2026/09/26 00:49:58.753, 0, 29367, 97871, 31, 184.78
2026/09/26 00:49:58.753, 1, 29133, 97871, 77, 193.25
2026/09/26 00:49:58.753, 2, 28583, 97871, 81, 186.84
2026/09/26 00:49:58.753, 3, 28329, 97871, 90, 191.28
2026/09/26 00:49:58.953, 0, 29367, 97871, 52, 183.36
2026/09/26 00:49:58.953, 1, 29133, 97871, 52, 191.26
2026/09/26 00:49:58.953, 2, 28583, 97871, 41, 186.36
2026/09/26 00:49:58.953, 3, 28329, 97871, 70, 190.95
2026/09/26 00:49:59.153, 0, 29367, 97871, 53, 185.01
2026/09/26 00:49:59.153, 1, 29133, 97871, 76, 192.44
2026/09/26 00:49:59.153, 2, 28583, 97871, 66, 184.62
2026/09/26 00:49:59.153, 3, 28329, 97871, 89, 191.02
2026/09/26 00:49:59.353, 0, 29367, 97871, 36, 186.82
2026/09/26 00:49:59.354, 1, 29133, 97871, 54, 193.58
2026/09/26 00:49:59.354, 2, 28583, 97871, 64, 184.70
2026/09/26 00:49:59.354, 3, 28329, 97871, 88, 190.54
2026/09/26 00:49:59.554, 0, 29367, 97871, 33, 186.25
2026/09/26 00:49:59.554, 1, 29133, 97871, 83, 194.07
2026/09/26 00:49:59.554, 2, 28583, 97871, 64, 184.69
2026/09/26 00:49:59.554, 3, 28329, 97871, 88, 191.30
2026/09/26 00:49:59.754, 0, 29367, 97871, 31, 185.02
2026/09/26 00:49:59.754, 1, 29133, 97871, 80, 194.70
2026/09/26 00:49:59.754, 2, 28583, 97871, 87, 184.53
2026/09/26 00:49:59.754, 3, 28329, 97871, 83, 191.43
2026/09/26 00:49:59.954, 0, 29367, 97871, 37, 186.60
2026/09/26 00:49:59.954, 1, 29133, 97871, 78, 195.57
2026/09/26 00:49:59.954, 2, 28583, 97871, 57, 184.83
2026/09/26 00:49:59.954, 3, 28329, 97871, 84, 191.81
2026/09/26 00:50:00.154, 0, 29367, 97871, 43, 186.59
2026/09/26 00:50:00.154, 1, 29133, 97871, 52, 195.30
2026/09/26 00:50:00.154, 2, 28583, 97871, 65, 183.02
2026/09/26 00:50:00.154, 3, 28329, 97871, 90, 192.18
2026/09/26 00:50:00.354, 0, 29367, 97871, 55, 182.37
2026/09/26 00:50:00.354, 1, 29133, 97871, 79, 195.13
2026/09/26 00:50:00.354, 2, 28583, 97871, 43, 182.07
2026/09/26 00:50:00.354, 3, 28329, 97871, 91, 191.60
2026/09/26 00:50:00.554, 0, 29367, 97871, 35, 181.21
2026/09/26 00:50:00.554, 1, 29133, 97871, 83, 195.65
2026/09/26 00:50:00.555, 2, 28583, 97871, 38, 180.65
2026/09/26 00:50:00.555, 3, 28329, 97871, 88, 191.59
2026/09/26 00:50:00.755, 0, 29367, 97871, 31, 184.80
2026/09/26 00:50:00.755, 1, 29133, 97871, 77, 195.94
2026/09/26 00:50:00.755, 2, 28583, 97871, 85, 182.50
2026/09/26 00:50:00.755, 3, 28329, 97871, 87, 191.69
2026/09/26 00:50:00.955, 0, 29367, 97871, 32, 183.13
2026/09/26 00:50:00.955, 1, 29133, 97871, 57, 196.06
2026/09/26 00:50:00.955, 2, 28583, 97871, 83, 182.43
2026/09/26 00:50:00.955, 3, 28329, 97871, 87, 191.72
2026/09/26 00:50:01.155, 0, 29367, 97871, 31, 182.37
2026/09/26 00:50:01.155, 1, 29133, 97871, 49, 196.10
2026/09/26 00:50:01.155, 2, 28583, 97871, 65, 185.04
2026/09/26 00:50:01.155, 3, 28329, 97871, 88, 191.91
2026/09/26 00:50:01.355, 0, 29367, 97871, 38, 184.52
2026/09/26 00:50:01.355, 1, 29133, 97871, 34, 196.30
2026/09/26 00:50:01.355, 2, 28583, 97871, 57, 186.46
2026/09/26 00:50:01.355, 3, 28329, 97871, 86, 191.58
2026/09/26 00:50:01.555, 0, 29367, 97871, 51, 184.84
2026/09/26 00:50:01.555, 1, 29133, 97871, 85, 195.95
2026/09/26 00:50:01.555, 2, 28583, 97871, 68, 188.75
2026/09/26 00:50:01.555, 3, 28329, 97871, 89, 192.35
2026/09/26 00:50:01.755, 0, 29367, 97871, 32, 184.82
2026/09/26 00:50:01.755, 1, 29133, 97871, 43, 195.10
2026/09/26 00:50:01.755, 2, 28583, 97871, 79, 187.13
2026/09/26 00:50:01.755, 3, 28329, 97871, 90, 192.42
2026/09/26 00:50:01.955, 0, 29367, 97871, 42, 185.79
2026/09/26 00:50:01.956, 1, 29133, 97871, 58, 195.41
2026/09/26 00:50:01.956, 2, 28583, 97871, 43, 187.49
2026/09/26 00:50:01.956, 3, 28329, 97871, 83, 191.82
2026/09/26 00:50:02.156, 0, 29367, 97871, 71, 186.78
2026/09/26 00:50:02.156, 1, 29133, 97871, 68, 195.16
2026/09/26 00:50:02.156, 2, 28583, 97871, 70, 187.58
2026/09/26 00:50:02.156, 3, 28329, 97871, 90, 191.44
2026/09/26 00:50:02.356, 0, 29367, 97871, 87, 188.29
2026/09/26 00:50:02.356, 1, 29133, 97871, 65, 195.47
2026/09/26 00:50:02.356, 2, 28583, 97871, 50, 188.82
2026/09/26 00:50:02.356, 3, 28329, 97871, 90, 191.93
2026/09/26 00:50:02.556, 0, 29367, 97871, 31, 188.69
2026/09/26 00:50:02.556, 1, 29133, 97871, 89, 196.73
2026/09/26 00:50:02.556, 2, 28583, 97871, 87, 186.71
2026/09/26 00:50:02.556, 3, 28329, 97871, 90, 191.47
2026/09/26 00:50:02.756, 0, 29367, 97871, 32, 188.13
2026/09/26 00:50:02.756, 1, 29133, 97871, 93, 196.90
2026/09/26 00:50:02.756, 2, 28583, 97871, 66, 186.04
2026/09/26 00:50:02.756, 3, 28329, 97871, 88, 191.90
2026/09/26 00:50:02.956, 0, 29367, 97871, 34, 186.92
2026/09/26 00:50:02.956, 1, 29133, 97871, 87, 195.56
2026/09/26 00:50:02.956, 2, 28583, 97871, 46, 186.38
2026/09/26 00:50:02.956, 3, 28329, 97871, 88, 192.52
2026/09/26 00:50:03.156, 0, 29367, 97871, 32, 185.49
2026/09/26 00:50:03.156, 1, 29133, 97871, 72, 195.57
2026/09/26 00:50:03.156, 2, 28583, 97871, 71, 185.08
2026/09/26 00:50:03.156, 3, 28329, 97871, 91, 192.77
2026/09/26 00:50:03.357, 0, 29367, 97871, 32, 183.18
2026/09/26 00:50:03.357, 1, 29133, 97871, 61, 195.73
2026/09/26 00:50:03.357, 2, 28583, 97871, 70, 184.00
2026/09/26 00:50:03.357, 3, 28329, 97871, 87, 193.29
2026/09/26 00:50:03.557, 0, 29367, 97871, 43, 184.57
2026/09/26 00:50:03.557, 1, 29133, 97871, 84, 194.50
2026/09/26 00:50:03.557, 2, 28583, 97871, 39, 183.23
2026/09/26 00:50:03.557, 3, 28329, 97871, 86, 193.18
2026/09/26 00:50:03.757, 0, 29367, 97871, 32, 184.15
2026/09/26 00:50:03.757, 1, 29133, 97871, 87, 194.46
2026/09/26 00:50:03.757, 2, 28583, 97871, 86, 182.98
2026/09/26 00:50:03.757, 3, 28329, 97871, 89, 192.84
2026/09/26 00:50:03.957, 0, 29367, 97871, 33, 185.34
2026/09/26 00:50:03.957, 1, 29133, 97871, 58, 194.99
2026/09/26 00:50:03.957, 2, 28583, 97871, 55, 183.98
2026/09/26 00:50:03.957, 3, 28329, 97871, 89, 193.34
2026/09/26 00:50:04.157, 0, 29367, 97871, 37, 185.17
2026/09/26 00:50:04.157, 1, 29133, 97871, 85, 194.44
2026/09/26 00:50:04.157, 2, 28583, 97871, 71, 182.54
2026/09/26 00:50:04.157, 3, 28329, 97871, 89, 193.42
2026/09/26 00:50:04.357, 0, 29367, 97871, 32, 185.92
2026/09/26 00:50:04.357, 1, 29133, 97871, 90, 195.28
2026/09/26 00:50:04.357, 2, 28583, 97871, 78, 181.73
2026/09/26 00:50:04.357, 3, 28329, 97871, 87, 193.58
2026/09/26 00:50:04.557, 0, 29367, 97871, 34, 182.96
2026/09/26 00:50:04.557, 1, 29133, 97871, 84, 196.23
2026/09/26 00:50:04.557, 2, 28583, 97871, 55, 184.23
2026/09/26 00:50:04.557, 3, 28329, 97871, 91, 193.49
2026/09/26 00:50:04.758, 0, 29367, 97871, 30, 177.82
2026/09/26 00:50:04.758, 1, 29133, 97871, 34, 186.96
2026/09/26 00:50:04.758, 2, 28583, 97871, 80, 177.74
2026/09/26 00:50:04.758, 3, 28329, 97871, 3, 188.06
2026/09/26 00:50:04.958, 0, 28833, 97871, 0, 164.75
2026/09/26 00:50:04.982, 1, 28701, 97871, 0, 174.25
2026/09/26 00:50:04.983, 2, 28049, 97871, 0, 164.35
2026/09/26 00:50:04.983, 3, 27927, 97871, 0, 174.91
2026/09/26 00:50:05.183, 0, 28799, 97871, 2, 151.65
2026/09/26 00:50:05.183, 1, 28565, 97871, 1, 161.60
2026/09/26 00:50:05.183, 2, 28015, 97871, 0, 152.85
2026/09/26 00:50:05.183, 3, 27761, 97871, 1, 160.82
2026/09/26 00:50:05.383, 0, 28799, 97871, 0, 137.85
2026/09/26 00:50:05.383, 1, 28565, 97871, 0, 146.78
2026/09/26 00:50:05.383, 2, 28015, 97871, 0, 142.11
2026/09/26 00:50:05.383, 3, 27761, 97871, 0, 147.12
2026/09/26 00:50:05.583, 0, 28799, 97871, 0, 127.43
2026/09/26 00:50:05.583, 1, 28565, 97871, 0, 132.82
2026/09/26 00:50:05.583, 2, 28015, 97871, 0, 126.57
2026/09/26 00:50:05.583, 3, 27761, 97871, 0, 134.38
2026/09/26 00:50:05.784, 0, 28799, 97871, 0, 119.43
2026/09/26 00:50:05.784, 1, 28565, 97871, 0, 127.86
2026/09/26 00:50:05.784, 2, 28015, 97871, 0, 120.99
2026/09/26 00:50:05.784, 3, 27761, 97871, 0, 125.40
2026/09/26 00:50:05.984, 0, 28799, 97871, 0, 119.32
2026/09/26 00:50:05.984, 1, 28565, 97871, 0, 127.79
2026/09/26 00:50:05.984, 2, 28015, 97871, 0, 120.95
2026/09/26 00:50:05.984, 3, 27761, 97871, 0, 125.26
2026/09/26 00:50:06.184, 0, 28799, 97871, 0, 119.12
2026/09/26 00:50:06.184, 1, 28565, 97871, 0, 127.74
2026/09/26 00:50:06.184, 2, 28015, 97871, 0, 120.83
2026/09/26 00:50:06.184, 3, 27761, 97871, 0, 125.16
2026/09/26 00:50:06.384, 0, 28799, 97871, 0, 119.10
2026/09/26 00:50:06.384, 1, 28565, 97871, 0, 127.70
2026/09/26 00:50:06.384, 2, 28015, 97871, 0, 120.75
2026/09/26 00:50:06.384, 3, 27761, 97871, 0, 125.11
2026/09/26 00:50:06.584, 0, 28799, 97871, 0, 119.06
2026/09/26 00:50:06.584, 1, 28565, 97871, 0, 127.68
2026/09/26 00:50:06.584, 2, 28015, 97871, 0, 120.76
2026/09/26 00:50:06.584, 3, 27761, 97871, 0, 125.08
2026/09/26 00:50:06.784, 0, 28797, 97871, 0, 119.06
2026/09/26 00:50:06.789, 1, 28563, 97871, 0, 127.68
2026/09/26 00:50:06.790, 2, 28013, 97871, 0, 120.85
2026/09/26 00:50:06.795, 3, 27759, 97871, 0, 125.17
2026/09/26 00:50:06.996, 0, 28794, 97871, 3, 119.54
2026/09/26 00:50:07.021, 1, 501, 97871, 25, 131.20
2026/09/26 00:50:07.292, 2, 22, 97871, 23, 124.22
2026/09/26 00:50:07.292, 3, 118, 97871, 0, 128.02
2026/09/26 00:50:07.493, 0, 0, 97871, 0, 123.12
2026/09/26 00:50:07.592, 1, 0, 97871, 1, 132.04
2026/09/26 00:50:07.592, 2, 0, 97871, 0, 124.82
2026/09/26 00:50:07.592, 3, 0, 97871, 0, 129.37
2026/09/26 00:50:07.793, 0, 0, 97871, 18, 123.74
2026/09/26 00:50:07.793, 1, 0, 97871, 0, 132.53
2026/09/26 00:50:07.793, 2, 0, 97871, 0, 125.05
2026/09/26 00:50:07.793, 3, 0, 97871, 0, 129.69
2026/09/26 00:50:07.993, 0, 0, 97871, 0, 123.75
2026/09/26 00:50:07.993, 1, 0, 97871, 0, 132.47
2026/09/26 00:50:07.993, 2, 0, 97871, 0, 124.90
2026/09/26 00:50:07.993, 3, 0, 97871, 0, 129.65
2026/09/26 00:50:08.193, 0, 0, 97871, 0, 123.74
2026/09/26 00:50:08.193, 1, 0, 97871, 0, 131.14
2026/09/26 00:50:08.193, 2, 0, 97871, 0, 122.58
2026/09/26 00:50:08.193, 3, 0, 97871, 0, 129.56
2026/09/26 00:50:08.393, 0, 0, 97871, 0, 123.66
2026/09/26 00:50:08.393, 1, 0, 97871, 0, 130.08
2026/09/26 00:50:08.393, 2, 0, 97871, 0, 122.38
2026/09/26 00:50:08.393, 3, 0, 97871, 0, 127.34
2026/09/26 00:50:08.593, 0, 0, 97871, 0, 121.54
2026/09/26 00:50:08.593, 1, 0, 97871, 0, 130.05
2026/09/26 00:50:08.593, 2, 0, 97871, 0, 114.57
2026/09/26 00:50:08.593, 3, 0, 97871, 0, 118.47
2026/09/26 00:50:08.793, 0, 0, 97871, 0, 121.36
2026/09/26 00:50:08.793, 1, 0, 97871, 0, 130.03
2026/09/26 00:50:08.793, 2, 0, 97871, 0, 105.94
2026/09/26 00:50:08.793, 3, 0, 97871, 0, 109.41
2026/09/26 00:50:08.993, 0, 0, 97871, 0, 121.36
2026/09/26 00:50:08.994, 1, 0, 97871, 0, 130.00
2026/09/26 00:50:08.994, 2, 0, 97871, 0, 97.23
2026/09/26 00:50:08.994, 3, 0, 97871, 0, 99.51
2026/09/26 00:50:09.194, 0, 0, 97871, 0, 121.34
2026/09/26 00:50:09.194, 1, 0, 97871, 0, 129.96
2026/09/26 00:50:09.194, 2, 0, 97871, 0, 89.08
2026/09/26 00:50:09.194, 3, 0, 97871, 0, 89.90
