timestamp,gpu_index,memory_used_mib,memory_total_mib,gpu_utilization_percent,power_watts
2026/09/11 11:58:44.799, 0, 0, 97871, 0, 74.04
2026/09/11 11:58:44.803, 1, 0, 97871, 0, 75.50
2026/09/11 11:58:44.809, 2, 0, 97871, 0, 74.40
2026/09/11 11:58:44.812, 3, 0, 97871, 0, 74.96
2026/09/11 11:58:45.016, 0, 0, 97871, 0, 74.05
2026/09/11 11:58:45.016, 1, 0, 97871, 0, 75.48
2026/09/11 11:58:45.016, 2, 0, 97871, 0, 74.36
2026/09/11 11:58:45.016, 3, 0, 97871, 0, 74.85
2026/09/11 11:58:45.216, 0, 0, 97871, 0, 74.04
2026/09/11 11:58:45.216, 1, 0, 97871, 0, 75.47
2026/09/11 11:58:45.216, 2, 0, 97871, 0, 74.32
2026/09/11 11:58:45.216, 3, 0, 97871, 0, 74.81
2026/09/11 11:58:45.417, 0, 0, 97871, 0, 74.06
2026/09/11 11:58:45.417, 1, 0, 97871, 0, 75.49
2026/09/11 11:58:45.417, 2, 0, 97871, 0, 74.36
2026/09/11 11:58:45.417, 3, 0, 97871, 0, 74.85
2026/09/11 11:58:45.617, 0, 0, 97871, 0, 74.10
2026/09/11 11:58:45.617, 1, 0, 97871, 0, 75.51
2026/09/11 11:58:45.617, 2, 0, 97871, 0, 74.33
2026/09/11 11:58:45.617, 3, 0, 97871, 0, 74.85
2026/09/11 11:58:45.817, 0, 0, 97871, 0, 74.06
2026/09/11 11:58:45.817, 1, 0, 97871, 0, 75.54
2026/09/11 11:58:45.817, 2, 0, 97871, 0, 74.33
2026/09/11 11:58:45.817, 3, 0, 97871, 0, 74.81
2026/09/11 11:58:46.018, 0, 0, 97871, 0, 74.04
2026/09/11 11:58:46.018, 1, 0, 97871, 0, 75.54
2026/09/11 11:58:46.018, 2, 0, 97871, 0, 74.29
2026/09/11 11:58:46.018, 3, 0, 97871, 0, 74.85
2026/09/11 11:58:46.218, 0, 0, 97871, 0, 74.07
2026/09/11 11:58:46.218, 1, 0, 97871, 0, 75.52
2026/09/11 11:58:46.218, 2, 0, 97871, 0, 74.24
2026/09/11 11:58:46.218, 3, 0, 97871, 0, 74.90
2026/09/11 11:58:46.418, 0, 0, 97871, 0, 74.08
2026/09/11 11:58:46.418, 1, 0, 97871, 0, 75.53
2026/09/11 11:58:46.418, 2, 0, 97871, 0, 74.20
2026/09/11 11:58:46.418, 3, 0, 97871, 0, 74.83
2026/09/11 11:58:46.618, 0, 0, 97871, 0, 74.05
2026/09/11 11:58:46.618, 1, 0, 97871, 0, 75.51
2026/09/11 11:58:46.618, 2, 0, 97871, 0, 74.21
2026/09/11 11:58:46.618, 3, 0, 97871, 0, 74.77
2026/09/11 11:58:46.819, 0, 0, 97871, 0, 74.07
2026/09/11 11:58:46.819, 1, 0, 97871, 0, 75.48
2026/09/11 11:58:46.819, 2, 0, 97871, 0, 74.20
2026/09/11 11:58:46.819, 3, 0, 97871, 0, 74.83
2026/09/11 11:58:47.019, 0, 0, 97871, 0, 74.04
2026/09/11 11:58:47.019, 1, 0, 97871, 0, 75.43
2026/09/11 11:58:47.019, 2, 0, 97871, 0, 74.22
2026/09/11 11:58:47.019, 3, 0, 97871, 0, 74.82
2026/09/11 11:58:47.219, 0, 0, 97871, 0, 74.00
2026/09/11 11:58:47.219, 1, 0, 97871, 0, 75.43
2026/09/11 11:58:47.219, 2, 0, 97871, 0, 74.23
2026/09/11 11:58:47.219, 3, 0, 97871, 0, 74.77
2026/09/11 11:58:47.419, 0, 0, 97871, 0, 74.01
2026/09/11 11:58:47.420, 1, 0, 97871, 0, 75.43
2026/09/11 11:58:47.420, 2, 0, 97871, 0, 74.24
2026/09/11 11:58:47.420, 3, 0, 97871, 0, 74.80
2026/09/11 11:58:47.620, 0, 0, 97871, 0, 74.03
2026/09/11 11:58:47.620, 1, 0, 97871, 0, 75.43
2026/09/11 11:58:47.620, 2, 0, 97871, 0, 74.24
2026/09/11 11:58:47.620, 3, 0, 97871, 0, 74.86
2026/09/11 11:58:47.820, 0, 0, 97871, 0, 73.98
2026/09/11 11:58:47.820, 1, 0, 97871, 0, 75.44
2026/09/11 11:58:47.820, 2, 0, 97871, 0, 74.24
2026/09/11 11:58:47.820, 3, 0, 97871, 0, 74.86
2026/09/11 11:58:48.020, 0, 0, 97871, 0, 73.99
2026/09/11 11:58:48.021, 1, 0, 97871, 0, 75.45
2026/09/11 11:58:48.021, 2, 0, 97871, 0, 74.25
2026/09/11 11:58:48.021, 3, 0, 97871, 0, 74.84
2026/09/11 11:58:48.221, 0, 0, 97871, 0, 74.02
2026/09/11 11:58:48.221, 1, 0, 97871, 0, 75.46
2026/09/11 11:58:48.221, 2, 0, 97871, 0, 74.23
2026/09/11 11:58:48.221, 3, 0, 97871, 0, 74.80
2026/09/11 11:58:48.421, 0, 0, 97871, 0, 73.99
2026/09/11 11:58:48.421, 1, 0, 97871, 0, 75.46
2026/09/11 11:58:48.421, 2, 0, 97871, 0, 74.21
2026/09/11 11:58:48.421, 3, 0, 97871, 0, 74.82
2026/09/11 11:58:48.621, 0, 0, 97871, 0, 73.95
2026/09/11 11:58:48.622, 1, 0, 97871, 0, 75.44
2026/09/11 11:58:48.622, 2, 0, 97871, 0, 74.21
2026/09/11 11:58:48.622, 3, 0, 97871, 0, 74.82
2026/09/11 11:58:48.822, 0, 0, 97871, 0, 73.99
2026/09/11 11:58:48.822, 1, 0, 97871, 0, 75.43
2026/09/11 11:58:48.822, 2, 0, 97871, 0, 74.22
2026/09/11 11:58:48.822, 3, 0, 97871, 0, 74.75
2026/09/11 11:58:49.022, 0, 0, 97871, 0, 73.97
2026/09/11 11:58:49.022, 1, 0, 97871, 0, 75.41
2026/09/11 11:58:49.022, 2, 0, 97871, 0, 74.23
2026/09/11 11:58:49.022, 3, 0, 97871, 0, 74.73
2026/09/11 11:58:49.222, 0, 0, 97871, 0, 73.94
2026/09/11 11:58:49.222, 1, 0, 97871, 0, 75.41
2026/09/11 11:58:49.222, 2, 0, 97871, 0, 74.26
2026/09/11 11:58:49.223, 3, 0, 97871, 0, 74.77
2026/09/11 11:58:49.423, 0, 0, 97871, 0, 73.95
2026/09/11 11:58:49.423, 1, 0, 97871, 0, 75.40
2026/09/11 11:58:49.423, 2, 0, 97871, 0, 74.33
2026/09/11 11:58:49.423, 3, 0, 97871, 0, 74.75
2026/09/11 11:58:49.623, 0, 0, 97871, 0, 73.99
2026/09/11 11:58:49.623, 1, 0, 97871, 0, 75.41
2026/09/11 11:58:49.623, 2, 0, 97871, 0, 74.36
2026/09/11 11:58:49.623, 3, 0, 97871, 0, 74.70
2026/09/11 11:58:49.823, 0, 0, 97871, 0, 73.96
2026/09/11 11:58:49.823, 1, 0, 97871, 0, 75.41
2026/09/11 11:58:49.823, 2, 0, 97871, 0, 74.38
2026/09/11 11:58:49.823, 3, 0, 97871, 0, 74.72
2026/09/11 11:58:50.024, 0, 0, 97871, 0, 73.95
2026/09/11 11:58:50.024, 1, 0, 97871, 0, 75.42
2026/09/11 11:58:50.024, 2, 0, 97871, 0, 74.41
2026/09/11 11:58:50.024, 3, 0, 97871, 0, 74.76
2026/09/11 11:58:50.224, 0, 0, 97871, 0, 73.96
2026/09/11 11:58:50.224, 1, 0, 97871, 0, 75.40
2026/09/11 11:58:50.224, 2, 0, 97871, 0, 74.41
2026/09/11 11:58:50.224, 3, 0, 97871, 0, 74.75
2026/09/11 11:58:50.424, 0, 0, 97871, 0, 73.94
2026/09/11 11:58:50.424, 1, 0, 97871, 0, 75.41
2026/09/11 11:58:50.424, 2, 0, 97871, 0, 74.41
2026/09/11 11:58:50.424, 3, 0, 97871, 0, 74.72
2026/09/11 11:58:50.625, 0, 0, 97871, 0, 73.91
2026/09/11 11:58:50.625, 1, 0, 97871, 0, 75.41
2026/09/11 11:58:50.625, 2, 0, 97871, 0, 74.42
2026/09/11 11:58:50.625, 3, 0, 97871, 0, 74.72
2026/09/11 11:58:50.825, 0, 0, 97871, 0, 73.94
2026/09/11 11:58:50.825, 1, 0, 97871, 0, 75.42
2026/09/11 11:58:50.825, 2, 0, 97871, 0, 74.42
2026/09/11 11:58:50.825, 3, 0, 97871, 0, 74.76
2026/09/11 11:58:51.025, 0, 0, 97871, 0, 73.95
2026/09/11 11:58:51.025, 1, 0, 97871, 0, 75.41
2026/09/11 11:58:51.025, 2, 0, 97871, 0, 74.46
2026/09/11 11:58:51.025, 3, 0, 97871, 0, 74.71
2026/09/11 11:58:51.225, 0, 0, 97871, 0, 73.93
2026/09/11 11:58:51.226, 1, 0, 97871, 0, 75.40
2026/09/11 11:58:51.226, 2, 0, 97871, 0, 74.46
2026/09/11 11:58:51.226, 3, 0, 97871, 0, 74.64
2026/09/11 11:58:51.426, 0, 0, 97871, 0, 73.95
2026/09/11 11:58:51.426, 1, 0, 97871, 0, 75.39
2026/09/11 11:58:51.426, 2, 0, 97871, 0, 74.45
2026/09/11 11:58:51.426, 3, 0, 97871, 0, 74.69
2026/09/11 11:58:51.626, 0, 0, 97871, 0, 73.98
2026/09/11 11:58:51.626, 1, 0, 97871, 0, 75.38
2026/09/11 11:58:51.626, 2, 0, 97871, 0, 74.42
2026/09/11 11:58:51.626, 3, 0, 97871, 0, 74.71
2026/09/11 11:58:51.826, 0, 0, 97871, 0, 73.95
2026/09/11 11:58:51.827, 1, 0, 97871, 0, 75.37
2026/09/11 11:58:51.827, 2, 0, 97871, 0, 74.43
2026/09/11 11:58:51.827, 3, 0, 97871, 0, 74.68
2026/09/11 11:58:52.027, 0, 0, 97871, 0, 73.97
2026/09/11 11:58:52.027, 1, 0, 97871, 0, 75.38
2026/09/11 11:58:52.027, 2, 0, 97871, 0, 74.41
2026/09/11 11:58:52.027, 3, 0, 97871, 0, 74.66
2026/09/11 11:58:52.227, 0, 0, 97871, 0, 74.00
2026/09/11 11:58:52.227, 1, 0, 97871, 0, 75.39
2026/09/11 11:58:52.227, 2, 0, 97871, 0, 74.40
2026/09/11 11:58:52.227, 3, 0, 97871, 0, 74.74
2026/09/11 11:58:52.427, 0, 0, 97871, 0, 73.98
2026/09/11 11:58:52.428, 1, 0, 97871, 0, 75.38
2026/09/11 11:58:52.428, 2, 0, 97871, 0, 74.40
2026/09/11 11:58:52.428, 3, 0, 97871, 0, 74.74
2026/09/11 11:58:52.628, 0, 0, 97871, 0, 73.96
2026/09/11 11:58:52.628, 1, 0, 97871, 0, 75.41
2026/09/11 11:58:52.628, 2, 0, 97871, 0, 74.40
2026/09/11 11:58:52.628, 3, 0, 97871, 0, 74.68
2026/09/11 11:58:52.828, 0, 0, 97871, 0, 73.97
2026/09/11 11:58:52.828, 1, 0, 97871, 0, 75.41
2026/09/11 11:58:52.828, 2, 0, 97871, 0, 74.39
2026/09/11 11:58:52.828, 3, 0, 97871, 0, 74.67
2026/09/11 11:58:53.028, 0, 0, 97871, 0, 73.95
2026/09/11 11:58:53.029, 1, 0, 97871, 0, 75.40
2026/09/11 11:58:53.029, 2, 0, 97871, 0, 74.40
2026/09/11 11:58:53.029, 3, 0, 97871, 0, 74.71
2026/09/11 11:58:53.229, 0, 0, 97871, 0, 73.95
2026/09/11 11:58:53.229, 1, 0, 97871, 0, 75.39
2026/09/11 11:58:53.229, 2, 0, 97871, 0, 74.40
2026/09/11 11:58:53.229, 3, 0, 97871, 0, 74.69
2026/09/11 11:58:53.429, 0, 0, 97871, 0, 73.96
2026/09/11 11:58:53.429, 1, 0, 97871, 0, 75.38
2026/09/11 11:58:53.429, 2, 0, 97871, 0, 74.41
2026/09/11 11:58:53.429, 3, 0, 97871, 0, 74.62
2026/09/11 11:58:53.629, 0, 0, 97871, 0, 73.95
2026/09/11 11:58:53.630, 1, 0, 97871, 0, 75.36
2026/09/11 11:58:53.630, 2, 0, 97871, 0, 74.41
2026/09/11 11:58:53.630, 3, 0, 97871, 0, 74.67
2026/09/11 11:58:53.830, 0, 0, 97871, 0, 73.92
2026/09/11 11:58:53.830, 1, 0, 97871, 0, 75.34
2026/09/11 11:58:53.830, 2, 0, 97871, 0, 74.40
2026/09/11 11:58:53.830, 3, 0, 97871, 0, 74.72
2026/09/11 11:58:54.030, 0, 0, 97871, 0, 73.91
2026/09/11 11:58:54.030, 1, 0, 97871, 0, 75.34
2026/09/11 11:58:54.030, 2, 0, 97871, 0, 74.38
2026/09/11 11:58:54.030, 3, 0, 97871, 0, 74.77
2026/09/11 11:58:54.230, 0, 0, 97871, 0, 73.94
2026/09/11 11:58:54.231, 1, 0, 97871, 0, 75.33
2026/09/11 11:58:54.231, 2, 0, 97871, 0, 74.36
2026/09/11 11:58:54.231, 3, 0, 97871, 0, 74.74
2026/09/11 11:58:54.431, 0, 0, 97871, 0, 73.88
2026/09/11 11:58:54.431, 1, 0, 97871, 0, 75.33
2026/09/11 11:58:54.431, 2, 0, 97871, 0, 74.38
2026/09/11 11:58:54.431, 3, 0, 97871, 0, 74.80
2026/09/11 11:58:54.631, 0, 0, 97871, 0, 73.89
2026/09/11 11:58:54.631, 1, 0, 97871, 0, 75.32
2026/09/11 11:58:54.631, 2, 0, 97871, 0, 74.39
2026/09/11 11:58:54.631, 3, 0, 97871, 0, 74.80
2026/09/11 11:58:54.831, 0, 0, 97871, 0, 73.91
2026/09/11 11:58:54.831, 1, 0, 97871, 0, 75.33
2026/09/11 11:58:54.832, 2, 0, 97871, 0, 74.37
2026/09/11 11:58:54.832, 3, 0, 97871, 0, 74.79
2026/09/11 11:58:55.032, 0, 0, 97871, 0, 73.90
2026/09/11 11:58:55.032, 1, 0, 97871, 0, 75.32
2026/09/11 11:58:55.032, 2, 0, 97871, 0, 74.35
2026/09/11 11:58:55.032, 3, 0, 97871, 0, 74.71
2026/09/11 11:58:55.232, 0, 0, 97871, 0, 73.87
2026/09/11 11:58:55.232, 1, 0, 97871, 0, 75.31
2026/09/11 11:58:55.232, 2, 0, 97871, 0, 74.33
2026/09/11 11:58:55.232, 3, 0, 97871, 0, 74.76
2026/09/11 11:58:55.432, 0, 0, 97871, 0, 73.90
2026/09/11 11:58:55.432, 1, 0, 97871, 0, 75.31
2026/09/11 11:58:55.432, 2, 0, 97871, 0, 74.31
2026/09/11 11:58:55.432, 3, 0, 97871, 0, 74.72
2026/09/11 11:58:55.633, 0, 0, 97871, 0, 73.91
2026/09/11 11:58:55.633, 1, 0, 97871, 0, 75.32
2026/09/11 11:58:55.633, 2, 0, 97871, 0, 74.28
2026/09/11 11:58:55.633, 3, 0, 97871, 0, 74.73
2026/09/11 11:58:55.833, 0, 0, 97871, 0, 73.86
2026/09/11 11:58:55.833, 1, 0, 97871, 0, 75.32
2026/09/11 11:58:55.833, 2, 0, 97871, 0, 74.31
2026/09/11 11:58:55.833, 3, 0, 97871, 0, 74.67
2026/09/11 11:58:56.033, 0, 0, 97871, 0, 73.90
2026/09/11 11:58:56.033, 1, 0, 97871, 0, 75.33
2026/09/11 11:58:56.033, 2, 0, 97871, 0, 74.33
2026/09/11 11:58:56.033, 3, 0, 97871, 0, 74.69
2026/09/11 11:58:56.234, 0, 0, 97871, 0, 73.90
2026/09/11 11:58:56.234, 1, 0, 97871, 0, 75.34
2026/09/11 11:58:56.234, 2, 0, 97871, 0, 74.34
2026/09/11 11:58:56.234, 3, 0, 97871, 0, 74.68
2026/09/11 11:58:56.434, 0, 0, 97871, 0, 73.88
2026/09/11 11:58:56.434, 1, 0, 97871, 0, 75.34
2026/09/11 11:58:56.434, 2, 0, 97871, 0, 74.38
2026/09/11 11:58:56.434, 3, 0, 97871, 0, 74.69
2026/09/11 11:58:56.634, 0, 0, 97871, 0, 73.86
2026/09/11 11:58:56.634, 1, 0, 97871, 0, 75.34
2026/09/11 11:58:56.634, 2, 0, 97871, 0, 74.39
2026/09/11 11:58:56.634, 3, 0, 97871, 0, 74.64
2026/09/11 11:58:56.834, 0, 0, 97871, 0, 73.89
2026/09/11 11:58:56.835, 1, 0, 97871, 0, 75.36
2026/09/11 11:58:56.835, 2, 0, 97871, 0, 74.37
2026/09/11 11:58:56.835, 3, 0, 97871, 0, 74.66
2026/09/11 11:58:57.035, 0, 0, 97871, 0, 73.85
2026/09/11 11:58:57.035, 1, 0, 97871, 0, 75.36
2026/09/11 11:58:57.035, 2, 0, 97871, 0, 74.37
2026/09/11 11:58:57.035, 3, 0, 97871, 0, 74.72
2026/09/11 11:58:57.235, 0, 0, 97871, 0, 73.85
2026/09/11 11:58:57.235, 1, 0, 97871, 0, 75.36
2026/09/11 11:58:57.235, 2, 0, 97871, 0, 74.36
2026/09/11 11:58:57.235, 3, 0, 97871, 0, 74.68
2026/09/11 11:58:57.435, 0, 0, 97871, 0, 73.87
2026/09/11 11:58:57.436, 1, 0, 97871, 0, 75.36
2026/09/11 11:58:57.436, 2, 0, 97871, 0, 74.31
2026/09/11 11:58:57.436, 3, 0, 97871, 0, 74.64
2026/09/11 11:58:57.636, 0, 0, 97871, 0, 73.87
2026/09/11 11:58:57.636, 1, 0, 97871, 0, 75.35
2026/09/11 11:58:57.636, 2, 0, 97871, 0, 74.31
2026/09/11 11:58:57.636, 3, 0, 97871, 0, 74.65
2026/09/11 11:58:57.836, 0, 0, 97871, 0, 73.86
2026/09/11 11:58:57.836, 1, 0, 97871, 0, 75.33
2026/09/11 11:58:57.836, 2, 0, 97871, 0, 74.32
2026/09/11 11:58:57.836, 3, 0, 97871, 0, 74.66
2026/09/11 11:58:58.036, 0, 0, 97871, 0, 73.89
2026/09/11 11:58:58.037, 1, 0, 97871, 0, 75.34
2026/09/11 11:58:58.037, 2, 0, 97871, 0, 74.31
2026/09/11 11:58:58.037, 3, 0, 97871, 0, 74.61
2026/09/11 11:58:58.237, 0, 0, 97871, 0, 73.90
2026/09/11 11:58:58.237, 1, 0, 97871, 0, 75.32
2026/09/11 11:58:58.237, 2, 0, 97871, 0, 74.33
2026/09/11 11:58:58.237, 3, 0, 97871, 0, 74.59
2026/09/11 11:58:58.437, 0, 0, 97871, 0, 73.87
2026/09/11 11:58:58.437, 1, 0, 97871, 0, 75.31
2026/09/11 11:58:58.437, 2, 0, 97871, 0, 74.35
2026/09/11 11:58:58.437, 3, 0, 97871, 0, 74.64
2026/09/11 11:58:58.637, 0, 0, 97871, 0, 73.89
2026/09/11 11:58:58.638, 1, 0, 97871, 0, 75.32
2026/09/11 11:58:58.638, 2, 0, 97871, 0, 74.35
2026/09/11 11:58:58.638, 3, 0, 97871, 0, 74.66
2026/09/11 11:58:58.838, 0, 0, 97871, 0, 73.91
2026/09/11 11:58:58.838, 1, 0, 97871, 0, 75.31
2026/09/11 11:58:58.838, 2, 0, 97871, 0, 74.36
2026/09/11 11:58:58.838, 3, 0, 97871, 0, 74.66
2026/09/11 11:58:59.038, 0, 0, 97871, 0, 73.88
2026/09/11 11:58:59.038, 1, 0, 97871, 0, 75.32
2026/09/11 11:58:59.038, 2, 0, 97871, 0, 74.35
2026/09/11 11:58:59.038, 3, 0, 97871, 0, 74.61
2026/09/11 11:58:59.238, 0, 0, 97871, 0, 73.87
2026/09/11 11:58:59.239, 1, 0, 97871, 0, 75.29
2026/09/11 11:58:59.239, 2, 0, 97871, 0, 74.36
2026/09/11 11:58:59.239, 3, 0, 97871, 0, 74.67
2026/09/11 11:58:59.439, 0, 0, 97871, 0, 73.92
2026/09/11 11:58:59.439, 1, 0, 97871, 0, 75.27
2026/09/11 11:58:59.439, 2, 0, 97871, 0, 74.35
2026/09/11 11:58:59.439, 3, 0, 97871, 0, 74.65
2026/09/11 11:58:59.639, 0, 0, 97871, 0, 73.89
2026/09/11 11:58:59.639, 1, 0, 97871, 0, 75.24
2026/09/11 11:58:59.639, 2, 0, 97871, 0, 74.31
2026/09/11 11:58:59.639, 3, 0, 97871, 0, 74.63
2026/09/11 11:58:59.839, 0, 0, 97871, 0, 73.86
2026/09/11 11:58:59.839, 1, 0, 97871, 0, 75.23
2026/09/11 11:58:59.839, 2, 0, 97871, 0, 74.30
2026/09/11 11:58:59.840, 3, 0, 97871, 0, 74.59
2026/09/11 11:59:00.040, 0, 0, 97871, 0, 73.87
2026/09/11 11:59:00.040, 1, 0, 97871, 0, 75.22
2026/09/11 11:59:00.040, 2, 0, 97871, 0, 74.29
2026/09/11 11:59:00.040, 3, 0, 97871, 0, 74.63
2026/09/11 11:59:00.240, 0, 0, 97871, 0, 73.85
2026/09/11 11:59:00.240, 1, 0, 97871, 0, 75.23
2026/09/11 11:59:00.240, 2, 0, 97871, 0, 74.27
2026/09/11 11:59:00.240, 3, 0, 97871, 0, 74.65
2026/09/11 11:59:00.440, 0, 0, 97871, 0, 73.79
2026/09/11 11:59:00.440, 1, 0, 97871, 0, 75.22
2026/09/11 11:59:00.440, 2, 0, 97871, 0, 74.26
2026/09/11 11:59:00.441, 3, 0, 97871, 0, 74.63
2026/09/11 11:59:00.641, 0, 0, 97871, 0, 73.77
2026/09/11 11:59:00.641, 1, 0, 97871, 0, 75.24
2026/09/11 11:59:00.641, 2, 0, 97871, 0, 74.28
2026/09/11 11:59:00.641, 3, 0, 97871, 0, 74.63
2026/09/11 11:59:00.841, 0, 0, 97871, 0, 73.78
2026/09/11 11:59:00.841, 1, 0, 97871, 0, 75.24
2026/09/11 11:59:00.841, 2, 0, 97871, 0, 74.25
2026/09/11 11:59:00.841, 3, 0, 97871, 0, 74.71
2026/09/11 11:59:01.041, 0, 0, 97871, 0, 73.74
2026/09/11 11:59:01.041, 1, 0, 97871, 0, 75.22
2026/09/11 11:59:01.041, 2, 0, 97871, 0, 74.22
2026/09/11 11:59:01.041, 3, 0, 97871, 0, 74.71
2026/09/11 11:59:01.242, 0, 0, 97871, 0, 73.72
2026/09/11 11:59:01.242, 1, 0, 97871, 0, 75.22
2026/09/11 11:59:01.242, 2, 0, 97871, 0, 74.21
2026/09/11 11:59:01.242, 3, 0, 97871, 0, 74.63
2026/09/11 11:59:01.442, 0, 0, 97871, 0, 73.76
2026/09/11 11:59:01.442, 1, 0, 97871, 0, 75.24
2026/09/11 11:59:01.442, 2, 0, 97871, 0, 74.21
2026/09/11 11:59:01.442, 3, 0, 97871, 0, 74.62
2026/09/11 11:59:01.642, 0, 0, 97871, 0, 73.78
2026/09/11 11:59:01.642, 1, 0, 97871, 0, 75.22
2026/09/11 11:59:01.642, 2, 0, 97871, 0, 74.19
2026/09/11 11:59:01.642, 3, 0, 97871, 0, 74.63
2026/09/11 11:59:01.842, 0, 0, 97871, 0, 73.76
2026/09/11 11:59:01.843, 1, 0, 97871, 0, 75.21
2026/09/11 11:59:01.843, 2, 0, 97871, 0, 74.22
2026/09/11 11:59:01.843, 3, 0, 97871, 0, 74.62
2026/09/11 11:59:02.043, 0, 0, 97871, 0, 73.78
2026/09/11 11:59:02.043, 1, 0, 97871, 0, 75.24
2026/09/11 11:59:02.043, 2, 0, 97871, 0, 74.24
2026/09/11 11:59:02.043, 3, 0, 97871, 0, 74.52
2026/09/11 11:59:02.243, 0, 0, 97871, 0, 73.79
2026/09/11 11:59:02.243, 1, 0, 97871, 0, 75.26
2026/09/11 11:59:02.243, 2, 0, 97871, 0, 74.27
2026/09/11 11:59:02.243, 3, 0, 97871, 0, 74.55
2026/09/11 11:59:02.443, 0, 0, 97871, 0, 73.77
2026/09/11 11:59:02.444, 1, 0, 97871, 0, 75.25
2026/09/11 11:59:02.444, 2, 0, 97871, 0, 74.26
2026/09/11 11:59:02.444, 3, 0, 97871, 0, 74.60
2026/09/11 11:59:02.644, 0, 0, 97871, 0, 73.80
2026/09/11 11:59:02.644, 1, 0, 97871, 0, 75.27
2026/09/11 11:59:02.644, 2, 0, 97871, 0, 74.28
2026/09/11 11:59:02.644, 3, 0, 97871, 0, 74.60
2026/09/11 11:59:02.844, 0, 0, 97871, 0, 73.81
2026/09/11 11:59:02.844, 1, 0, 97871, 0, 75.28
2026/09/11 11:59:02.844, 2, 0, 97871, 0, 74.27
2026/09/11 11:59:02.844, 3, 0, 97871, 0, 74.54
2026/09/11 11:59:03.044, 0, 0, 97871, 0, 73.79
2026/09/11 11:59:03.044, 1, 0, 97871, 0, 75.27
2026/09/11 11:59:03.044, 2, 0, 97871, 0, 74.25
2026/09/11 11:59:03.044, 3, 0, 97871, 0, 74.58
2026/09/11 11:59:03.245, 0, 0, 97871, 0, 73.76
2026/09/11 11:59:03.245, 1, 0, 97871, 0, 75.27
2026/09/11 11:59:03.245, 2, 0, 97871, 0, 74.24
2026/09/11 11:59:03.245, 3, 0, 97871, 0, 74.61
2026/09/11 11:59:03.445, 0, 0, 97871, 0, 73.79
2026/09/11 11:59:03.445, 1, 0, 97871, 0, 75.27
2026/09/11 11:59:03.445, 2, 0, 97871, 0, 74.23
2026/09/11 11:59:03.445, 3, 0, 97871, 0, 74.57
2026/09/11 11:59:03.645, 0, 0, 97871, 0, 73.78
2026/09/11 11:59:03.645, 1, 0, 97871, 0, 75.26
2026/09/11 11:59:03.645, 2, 0, 97871, 0, 74.21
2026/09/11 11:59:03.645, 3, 0, 97871, 0, 74.53
2026/09/11 11:59:03.845, 0, 0, 97871, 0, 73.81
2026/09/11 11:59:03.846, 1, 0, 97871, 0, 75.25
2026/09/11 11:59:03.846, 2, 0, 97871, 0, 74.24
2026/09/11 11:59:03.846, 3, 0, 97871, 0, 74.58
2026/09/11 11:59:04.046, 0, 0, 97871, 0, 73.82
2026/09/11 11:59:04.046, 1, 0, 97871, 0, 75.26
2026/09/11 11:59:04.046, 2, 0, 97871, 0, 74.28
2026/09/11 11:59:04.046, 3, 0, 97871, 0, 74.61
2026/09/11 11:59:04.246, 0, 0, 97871, 0, 73.86
2026/09/11 11:59:04.246, 1, 0, 97871, 0, 75.27
2026/09/11 11:59:04.246, 2, 0, 97871, 0, 74.30
2026/09/11 11:59:04.246, 3, 0, 97871, 0, 74.62
2026/09/11 11:59:04.447, 0, 0, 97871, 0, 73.82
2026/09/11 11:59:04.447, 1, 0, 97871, 0, 75.29
2026/09/11 11:59:04.447, 2, 0, 97871, 0, 74.30
2026/09/11 11:59:04.447, 3, 0, 97871, 0, 74.58
2026/09/11 11:59:04.647, 0, 0, 97871, 0, 73.84
2026/09/11 11:59:04.647, 1, 0, 97871, 0, 75.29
2026/09/11 11:59:04.647, 2, 0, 97871, 0, 74.33
2026/09/11 11:59:04.647, 3, 0, 97871, 0, 74.65
2026/09/11 11:59:04.847, 0, 0, 97871, 0, 73.82
2026/09/11 11:59:04.847, 1, 0, 97871, 0, 75.29
2026/09/11 11:59:04.847, 2, 0, 97871, 0, 74.31
2026/09/11 11:59:04.847, 3, 0, 97871, 0, 74.65
2026/09/11 11:59:05.047, 0, 0, 97871, 0, 73.79
2026/09/11 11:59:05.048, 1, 0, 97871, 0, 75.27
2026/09/11 11:59:05.048, 2, 0, 97871, 0, 74.24
2026/09/11 11:59:05.048, 3, 0, 97871, 0, 74.62
2026/09/11 11:59:05.248, 0, 0, 97871, 0, 73.80
2026/09/11 11:59:05.248, 1, 0, 97871, 0, 75.26
2026/09/11 11:59:05.248, 2, 0, 97871, 0, 74.20
2026/09/11 11:59:05.248, 3, 0, 97871, 0, 74.55
2026/09/11 11:59:05.448, 0, 0, 97871, 0, 73.82
2026/09/11 11:59:05.448, 1, 0, 97871, 0, 75.24
2026/09/11 11:59:05.448, 2, 0, 97871, 0, 74.19
2026/09/11 11:59:05.448, 3, 0, 97871, 0, 74.62
2026/09/11 11:59:05.648, 0, 0, 97871, 0, 73.80
2026/09/11 11:59:05.649, 1, 0, 97871, 0, 75.20
2026/09/11 11:59:05.649, 2, 0, 97871, 0, 74.16
2026/09/11 11:59:05.649, 3, 0, 97871, 0, 74.65
2026/09/11 11:59:05.849, 0, 1, 97871, 0, 73.79
2026/09/11 11:59:05.883, 1, 1, 97871, 0, 75.19
2026/09/11 11:59:05.884, 2, 1, 97871, 0, 74.18
2026/09/11 11:59:05.884, 3, 1, 97871, 0, 74.61
2026/09/11 11:59:06.084, 0, 4, 97871, 0, 73.86
2026/09/11 11:59:06.085, 1, 1, 97871, 0, 75.24
2026/09/11 11:59:06.085, 2, 1, 97871, 0, 74.19
2026/09/11 11:59:06.085, 3, 1, 97871, 0, 74.59
2026/09/11 11:59:06.286, 0, 4, 97871, 0, 73.83
2026/09/11 11:59:06.287, 1, 4, 97871, 0, 75.22
2026/09/11 11:59:06.288, 2, 1, 97871, 0, 74.20
2026/09/11 11:59:06.288, 3, 1, 97871, 0, 74.66
2026/09/11 11:59:06.488, 0, 4, 97871, 0, 73.81
2026/09/11 11:59:06.512, 1, 4, 97871, 0, 75.24
2026/09/11 11:59:06.512, 2, 4, 97871, 0, 74.31
2026/09/11 11:59:06.512, 3, 1, 97871, 0, 74.58
2026/09/11 11:59:06.712, 0, 4, 97871, 0, 73.81
2026/09/11 11:59:06.712, 1, 4, 97871, 0, 75.25
2026/09/11 11:59:06.712, 2, 4, 97871, 0, 74.75
2026/09/11 11:59:06.712, 3, 4, 97871, 0, 74.60
2026/09/11 11:59:06.912, 0, 4, 97871, 0, 73.83
2026/09/11 11:59:06.912, 1, 4, 97871, 0, 75.28
2026/09/11 11:59:06.912, 2, 4, 97871, 0, 75.20
2026/09/11 11:59:06.912, 3, 4, 97871, 0, 74.61
2026/09/11 11:59:07.112, 0, 4, 97871, 0, 73.74
2026/09/11 11:59:07.113, 1, 4, 97871, 0, 75.28
2026/09/11 11:59:07.113, 2, 4, 97871, 0, 75.64
2026/09/11 11:59:07.113, 3, 4, 97871, 0, 74.68
2026/09/11 11:59:07.313, 0, 4, 97871, 0, 73.74
2026/09/11 11:59:07.313, 1, 4, 97871, 0, 75.26
2026/09/11 11:59:07.313, 2, 4, 97871, 0, 76.07
2026/09/11 11:59:07.313, 3, 4, 97871, 0, 74.67
2026/09/11 11:59:07.513, 0, 4, 97871, 0, 73.73
2026/09/11 11:59:07.513, 1, 4, 97871, 0, 75.27
2026/09/11 11:59:07.513, 2, 4, 97871, 0, 76.48
2026/09/11 11:59:07.513, 3, 4, 97871, 0, 74.61
2026/09/11 11:59:07.713, 0, 4, 97871, 0, 73.72
2026/09/11 11:59:07.714, 1, 4, 97871, 0, 75.25
2026/09/11 11:59:07.714, 2, 4, 97871, 0, 76.48
2026/09/11 11:59:07.714, 3, 4, 97871, 0, 74.61
2026/09/11 11:59:07.914, 0, 4, 97871, 0, 73.68
2026/09/11 11:59:07.914, 1, 4, 97871, 0, 75.21
2026/09/11 11:59:07.914, 2, 4, 97871, 0, 76.51
2026/09/11 11:59:07.914, 3, 4, 97871, 0, 74.65
2026/09/11 11:59:08.114, 0, 4, 97871, 0, 73.73
2026/09/11 11:59:08.114, 1, 4, 97871, 0, 75.20
2026/09/11 11:59:08.114, 2, 4, 97871, 0, 76.52
2026/09/11 11:59:08.114, 3, 4, 97871, 0, 74.62
2026/09/11 11:59:08.314, 0, 4, 97871, 0, 73.73
2026/09/11 11:59:08.315, 1, 4, 97871, 0, 75.18
2026/09/11 11:59:08.315, 2, 4, 97871, 0, 76.44
2026/09/11 11:59:08.315, 3, 4, 97871, 0, 74.58
2026/09/11 11:59:08.515, 0, 4, 97871, 0, 73.69
2026/09/11 11:59:08.515, 1, 4, 97871, 0, 75.18
2026/09/11 11:59:08.515, 2, 4, 97871, 0, 75.97
2026/09/11 11:59:08.515, 3, 4, 97871, 0, 74.61
2026/09/11 11:59:08.715, 0, 4, 97871, 0, 73.73
2026/09/11 11:59:08.715, 1, 4, 97871, 0, 75.19
2026/09/11 11:59:08.715, 2, 4, 97871, 0, 75.51
2026/09/11 11:59:08.715, 3, 4, 97871, 0, 74.61
2026/09/11 11:59:08.915, 0, 4, 97871, 0, 73.74
2026/09/11 11:59:08.916, 1, 4, 97871, 0, 75.22
2026/09/11 11:59:08.916, 2, 4, 97871, 0, 75.02
2026/09/11 11:59:08.916, 3, 4, 97871, 0, 74.60
2026/09/11 11:59:09.116, 0, 4, 97871, 0, 73.72
2026/09/11 11:59:09.116, 1, 4, 97871, 0, 75.21
2026/09/11 11:59:09.116, 2, 4, 97871, 0, 74.56
2026/09/11 11:59:09.116, 3, 4, 97871, 0, 74.53
2026/09/11 11:59:09.316, 0, 4, 97871, 0, 73.73
2026/09/11 11:59:09.316, 1, 4, 97871, 0, 75.25
2026/09/11 11:59:09.316, 2, 4, 97871, 0, 74.18
2026/09/11 11:59:09.316, 3, 4, 97871, 0, 74.54
2026/09/11 11:59:09.516, 0, 4, 97871, 0, 73.79
2026/09/11 11:59:09.517, 1, 4, 97871, 0, 75.25
2026/09/11 11:59:09.517, 2, 4, 97871, 0, 74.23
2026/09/11 11:59:09.517, 3, 4, 97871, 0, 74.56
2026/09/11 11:59:09.717, 0, 4, 97871, 0, 73.79
2026/09/11 11:59:09.717, 1, 4, 97871, 0, 75.27
2026/09/11 11:59:09.717, 2, 4, 97871, 0, 74.24
2026/09/11 11:59:09.717, 3, 4, 97871, 0, 74.60
2026/09/11 11:59:09.917, 0, 4, 97871, 0, 73.76
2026/09/11 11:59:09.917, 1, 4, 97871, 0, 75.23
2026/09/11 11:59:09.917, 2, 4, 97871, 0, 74.27
2026/09/11 11:59:09.917, 3, 4, 97871, 0, 74.56
2026/09/11 11:59:10.117, 0, 4, 97871, 0, 73.83
2026/09/11 11:59:10.118, 1, 4, 97871, 0, 75.23
2026/09/11 11:59:10.118, 2, 4, 97871, 0, 74.27
2026/09/11 11:59:10.118, 3, 4, 97871, 0, 74.60
2026/09/11 11:59:10.318, 0, 4, 97871, 0, 73.82
2026/09/11 11:59:10.318, 1, 4, 97871, 0, 75.20
2026/09/11 11:59:10.318, 2, 4, 97871, 0, 74.25
2026/09/11 11:59:10.318, 3, 4, 97871, 0, 74.63
2026/09/11 11:59:10.518, 0, 4, 97871, 0, 73.78
2026/09/11 11:59:10.518, 1, 4, 97871, 0, 75.21
2026/09/11 11:59:10.518, 2, 4, 97871, 0, 74.24
2026/09/11 11:59:10.518, 3, 4, 97871, 0, 74.66
2026/09/11 11:59:10.718, 0, 4, 97871, 0, 73.77
2026/09/11 11:59:10.718, 1, 4, 97871, 0, 75.20
2026/09/11 11:59:10.718, 2, 4, 97871, 0, 74.20
2026/09/11 11:59:10.719, 3, 4, 97871, 0, 74.57
2026/09/11 11:59:10.919, 0, 4, 97871, 0, 73.81
2026/09/11 11:59:10.919, 1, 4, 97871, 0, 75.23
2026/09/11 11:59:10.919, 2, 4, 97871, 0, 74.15
2026/09/11 11:59:10.919, 3, 4, 97871, 0, 74.62
2026/09/11 11:59:11.119, 0, 4, 97871, 0, 73.74
2026/09/11 11:59:11.119, 1, 4, 97871, 0, 75.22
2026/09/11 11:59:11.119, 2, 4, 97871, 0, 74.14
2026/09/11 11:59:11.119, 3, 4, 97871, 0, 74.65
2026/09/11 11:59:11.319, 0, 4, 97871, 0, 73.78
2026/09/11 11:59:11.319, 1, 4, 97871, 0, 75.24
2026/09/11 11:59:11.319, 2, 4, 97871, 0, 74.15
2026/09/11 11:59:11.319, 3, 4, 97871, 0, 74.60
2026/09/11 11:59:11.520, 0, 4, 97871, 0, 73.81
2026/09/11 11:59:11.520, 1, 4, 97871, 0, 75.22
2026/09/11 11:59:11.520, 2, 4, 97871, 0, 74.14
2026/09/11 11:59:11.520, 3, 4, 97871, 0, 74.52
2026/09/11 11:59:11.720, 0, 4, 97871, 0, 73.80
2026/09/11 11:59:11.720, 1, 4, 97871, 0, 75.21
2026/09/11 11:59:11.720, 2, 4, 97871, 0, 74.15
2026/09/11 11:59:11.720, 3, 4, 97871, 0, 74.56
2026/09/11 11:59:11.920, 0, 4, 97871, 0, 73.75
2026/09/11 11:59:11.920, 1, 4, 97871, 0, 75.18
2026/09/11 11:59:11.920, 2, 4, 97871, 0, 74.16
2026/09/11 11:59:11.920, 3, 4, 97871, 0, 74.56
2026/09/11 11:59:12.121, 0, 4, 97871, 0, 73.79
2026/09/11 11:59:12.121, 1, 4, 97871, 0, 75.18
2026/09/11 11:59:12.121, 2, 4, 97871, 0, 74.16
2026/09/11 11:59:12.121, 3, 4, 97871, 0, 74.54
2026/09/11 11:59:12.321, 0, 4, 97871, 0, 73.77
2026/09/11 11:59:12.321, 1, 4, 97871, 0, 75.15
2026/09/11 11:59:12.321, 2, 4, 97871, 0, 74.17
2026/09/11 11:59:12.321, 3, 4, 97871, 0, 74.54
2026/09/11 11:59:12.521, 0, 4, 97871, 0, 73.76
2026/09/11 11:59:12.521, 1, 4, 97871, 0, 75.15
2026/09/11 11:59:12.521, 2, 4, 97871, 0, 74.18
2026/09/11 11:59:12.521, 3, 4, 97871, 0, 74.61
2026/09/11 11:59:12.721, 0, 4, 97871, 0, 73.74
2026/09/11 11:59:12.722, 1, 4, 97871, 0, 75.17
2026/09/11 11:59:12.722, 2, 4, 97871, 0, 74.16
2026/09/11 11:59:12.722, 3, 4, 97871, 0, 74.63
2026/09/11 11:59:12.922, 0, 4, 97871, 0, 73.79
2026/09/11 11:59:12.922, 1, 4, 97871, 0, 75.17
2026/09/11 11:59:12.922, 2, 4, 97871, 0, 74.18
2026/09/11 11:59:12.922, 3, 4, 97871, 0, 74.62
2026/09/11 11:59:13.122, 0, 4, 97871, 0, 73.75
2026/09/11 11:59:13.122, 1, 4, 97871, 0, 75.18
2026/09/11 11:59:13.122, 2, 4, 97871, 0, 74.16
2026/09/11 11:59:13.122, 3, 4, 97871, 0, 74.55
2026/09/11 11:59:13.322, 0, 4, 97871, 0, 73.76
2026/09/11 11:59:13.323, 1, 4, 97871, 0, 75.17
2026/09/11 11:59:13.323, 2, 4, 97871, 0, 74.17
2026/09/11 11:59:13.323, 3, 4, 97871, 0, 74.60
2026/09/11 11:59:13.523, 0, 4, 97871, 0, 73.78
2026/09/11 11:59:13.523, 1, 4, 97871, 0, 75.18
2026/09/11 11:59:13.523, 2, 4, 97871, 0, 74.14
2026/09/11 11:59:13.523, 3, 4, 97871, 0, 74.59
2026/09/11 11:59:13.723, 0, 4, 97871, 0, 73.81
2026/09/11 11:59:13.723, 1, 4, 97871, 0, 75.17
2026/09/11 11:59:13.723, 2, 4, 97871, 0, 74.18
2026/09/11 11:59:13.723, 3, 4, 97871, 0, 74.56
2026/09/11 11:59:13.923, 0, 4, 97871, 0, 73.78
2026/09/11 11:59:13.924, 1, 4, 97871, 0, 75.16
2026/09/11 11:59:13.924, 2, 4, 97871, 0, 74.18
2026/09/11 11:59:13.924, 3, 4, 97871, 0, 74.54
2026/09/11 11:59:14.124, 0, 4, 97871, 0, 73.78
2026/09/11 11:59:14.124, 1, 4, 97871, 0, 75.15
2026/09/11 11:59:14.124, 2, 4, 97871, 0, 74.18
2026/09/11 11:59:14.124, 3, 4, 97871, 0, 74.60
2026/09/11 11:59:14.324, 0, 4, 97871, 0, 73.76
2026/09/11 11:59:14.324, 1, 4, 97871, 0, 75.17
2026/09/11 11:59:14.324, 2, 4, 97871, 0, 74.19
2026/09/11 11:59:14.324, 3, 4, 97871, 0, 74.57
2026/09/11 11:59:14.524, 0, 4, 97871, 0, 73.71
2026/09/11 11:59:14.525, 1, 4, 97871, 0, 75.16
2026/09/11 11:59:14.525, 2, 4, 97871, 0, 74.19
2026/09/11 11:59:14.525, 3, 4, 97871, 0, 74.53
2026/09/11 11:59:14.725, 0, 4, 97871, 0, 73.70
2026/09/11 11:59:14.725, 1, 4, 97871, 0, 75.15
2026/09/11 11:59:14.725, 2, 4, 97871, 0, 74.16
2026/09/11 11:59:14.725, 3, 4, 97871, 0, 74.50
2026/09/11 11:59:14.925, 0, 4, 97871, 0, 73.76
2026/09/11 11:59:14.925, 1, 4, 97871, 0, 75.17
2026/09/11 11:59:14.925, 2, 4, 97871, 0, 74.15
2026/09/11 11:59:14.925, 3, 4, 97871, 0, 74.54
2026/09/11 11:59:15.125, 0, 4, 97871, 0, 73.76
2026/09/11 11:59:15.125, 1, 4, 97871, 0, 75.19
2026/09/11 11:59:15.126, 2, 4, 97871, 0, 74.18
2026/09/11 11:59:15.126, 3, 4, 97871, 0, 74.55
2026/09/11 11:59:15.326, 0, 4, 97871, 0, 73.75
2026/09/11 11:59:15.326, 1, 4, 97871, 0, 75.19
2026/09/11 11:59:15.326, 2, 4, 97871, 0, 74.20
2026/09/11 11:59:15.326, 3, 4, 97871, 0, 74.52
2026/09/11 11:59:15.526, 0, 4, 97871, 0, 73.79
2026/09/11 11:59:15.526, 1, 4, 97871, 0, 75.19
2026/09/11 11:59:15.526, 2, 4, 97871, 0, 74.22
2026/09/11 11:59:15.526, 3, 4, 97871, 0, 74.51
2026/09/11 11:59:15.726, 0, 4, 97871, 0, 73.78
2026/09/11 11:59:15.726, 1, 4, 97871, 0, 75.22
2026/09/11 11:59:15.726, 2, 4, 97871, 0, 74.24
2026/09/11 11:59:15.726, 3, 4, 97871, 0, 74.60
2026/09/11 11:59:15.927, 0, 4, 97871, 0, 73.73
2026/09/11 11:59:15.927, 1, 4, 97871, 0, 75.20
2026/09/11 11:59:15.927, 2, 4, 97871, 0, 74.22
2026/09/11 11:59:15.927, 3, 4, 97871, 0, 74.59
2026/09/11 11:59:16.127, 0, 4, 97871, 0, 73.75
2026/09/11 11:59:16.127, 1, 4, 97871, 0, 75.20
2026/09/11 11:59:16.127, 2, 4, 97871, 0, 74.18
2026/09/11 11:59:16.127, 3, 4, 97871, 0, 74.52
2026/09/11 11:59:16.327, 0, 4, 97871, 0, 73.79
2026/09/11 11:59:16.327, 1, 4, 97871, 0, 75.19
2026/09/11 11:59:16.327, 2, 4, 97871, 0, 74.16
2026/09/11 11:59:16.327, 3, 4, 97871, 0, 74.53
2026/09/11 11:59:16.528, 0, 4, 97871, 0, 73.75
2026/09/11 11:59:16.528, 1, 4, 97871, 0, 75.16
2026/09/11 11:59:16.528, 2, 4, 97871, 0, 74.13
2026/09/11 11:59:16.528, 3, 4, 97871, 0, 74.56
2026/09/11 11:59:16.728, 0, 4, 97871, 0, 73.74
2026/09/11 11:59:16.728, 1, 4, 97871, 0, 75.13
2026/09/11 11:59:16.728, 2, 4, 97871, 0, 74.10
2026/09/11 11:59:16.728, 3, 4, 97871, 0, 74.55
2026/09/11 11:59:16.928, 0, 4, 97871, 0, 73.75
2026/09/11 11:59:16.928, 1, 4, 97871, 0, 75.15
2026/09/11 11:59:16.928, 2, 4, 97871, 0, 74.12
2026/09/11 11:59:16.928, 3, 4, 97871, 0, 74.54
2026/09/11 11:59:17.128, 0, 4, 97871, 0, 73.71
2026/09/11 11:59:17.129, 1, 4, 97871, 0, 75.15
2026/09/11 11:59:17.129, 2, 4, 97871, 0, 74.14
2026/09/11 11:59:17.129, 3, 4, 97871, 0, 74.58
2026/09/11 11:59:17.329, 0, 4, 97871, 0, 73.68
2026/09/11 11:59:17.329, 1, 4, 97871, 0, 75.15
2026/09/11 11:59:17.329, 2, 4, 97871, 0, 74.18
2026/09/11 11:59:17.329, 3, 4, 97871, 0, 74.62
2026/09/11 11:59:17.529, 0, 4, 97871, 0, 73.72
2026/09/11 11:59:17.529, 1, 4, 97871, 0, 75.17
2026/09/11 11:59:17.529, 2, 4, 97871, 0, 74.19
2026/09/11 11:59:17.529, 3, 4, 97871, 0, 74.61
2026/09/11 11:59:17.729, 0, 4, 97871, 0, 73.74
2026/09/11 11:59:17.730, 1, 4, 97871, 0, 75.18
2026/09/11 11:59:17.730, 2, 4, 97871, 0, 74.23
2026/09/11 11:59:17.730, 3, 4, 97871, 0, 74.54
2026/09/11 11:59:17.930, 0, 4, 97871, 0, 73.69
2026/09/11 11:59:17.930, 1, 4, 97871, 0, 75.17
2026/09/11 11:59:17.930, 2, 4, 97871, 0, 74.21
2026/09/11 11:59:17.930, 3, 4, 97871, 0, 74.54
2026/09/11 11:59:18.130, 0, 4, 97871, 0, 73.69
2026/09/11 11:59:18.130, 1, 4, 97871, 0, 75.17
2026/09/11 11:59:18.130, 2, 4, 97871, 0, 74.19
2026/09/11 11:59:18.130, 3, 4, 97871, 0, 74.57
2026/09/11 11:59:18.330, 0, 4, 97871, 0, 73.70
2026/09/11 11:59:18.331, 1, 4, 97871, 0, 75.14
2026/09/11 11:59:18.331, 2, 4, 97871, 0, 74.15
2026/09/11 11:59:18.331, 3, 4, 97871, 0, 74.55
2026/09/11 11:59:18.531, 0, 4, 97871, 0, 73.68
2026/09/11 11:59:18.531, 1, 4, 97871, 0, 75.12
2026/09/11 11:59:18.531, 2, 4, 97871, 0, 74.15
2026/09/11 11:59:18.531, 3, 4, 97871, 0, 74.52
2026/09/11 11:59:18.731, 0, 4, 97871, 0, 73.68
2026/09/11 11:59:18.731, 1, 4, 97871, 0, 75.11
2026/09/11 11:59:18.731, 2, 4, 97871, 0, 74.13
2026/09/11 11:59:18.731, 3, 4, 97871, 0, 74.56
2026/09/11 11:59:18.931, 0, 4, 97871, 0, 73.70
2026/09/11 11:59:18.932, 1, 4, 97871, 0, 75.09
2026/09/11 11:59:18.932, 2, 4, 97871, 0, 74.12
2026/09/11 11:59:18.932, 3, 4, 97871, 0, 74.60
2026/09/11 11:59:19.132, 0, 4, 97871, 0, 73.69
2026/09/11 11:59:19.132, 1, 4, 97871, 0, 75.11
2026/09/11 11:59:19.132, 2, 4, 97871, 0, 74.12
2026/09/11 11:59:19.132, 3, 4, 97871, 0, 74.58
2026/09/11 11:59:19.332, 0, 4, 97871, 0, 73.67
2026/09/11 11:59:19.332, 1, 4, 97871, 0, 75.11
2026/09/11 11:59:19.332, 2, 4, 97871, 0, 74.14
2026/09/11 11:59:19.332, 3, 4, 97871, 0, 74.52
2026/09/11 11:59:19.532, 0, 4, 97871, 0, 73.69
2026/09/11 11:59:19.533, 1, 4, 97871, 0, 75.13
2026/09/11 11:59:19.533, 2, 4, 97871, 0, 74.15
2026/09/11 11:59:19.533, 3, 4, 97871, 0, 74.56
2026/09/11 11:59:19.733, 0, 4, 97871, 0, 73.69
2026/09/11 11:59:19.733, 1, 4, 97871, 0, 75.14
2026/09/11 11:59:19.733, 2, 4, 97871, 0, 74.15
2026/09/11 11:59:19.733, 3, 4, 97871, 0, 74.56
2026/09/11 11:59:19.933, 0, 4, 97871, 0, 73.69
2026/09/11 11:59:19.933, 1, 4, 97871, 0, 75.15
2026/09/11 11:59:19.933, 2, 4, 97871, 0, 74.16
2026/09/11 11:59:19.933, 3, 4, 97871, 0, 74.53
2026/09/11 11:59:20.133, 0, 4, 97871, 0, 73.69
2026/09/11 11:59:20.134, 1, 4, 97871, 0, 75.13
2026/09/11 11:59:20.134, 2, 4, 97871, 0, 74.15
2026/09/11 11:59:20.134, 3, 4, 97871, 0, 74.47
2026/09/11 11:59:20.334, 0, 4, 97871, 0, 73.74
2026/09/11 11:59:20.334, 1, 4, 97871, 0, 75.13
2026/09/11 11:59:20.334, 2, 4, 97871, 0, 74.14
2026/09/11 11:59:20.334, 3, 4, 97871, 0, 74.54
2026/09/11 11:59:20.534, 0, 4, 97871, 0, 73.70
2026/09/11 11:59:20.534, 1, 4, 97871, 0, 75.10
2026/09/11 11:59:20.534, 2, 4, 97871, 0, 74.11
2026/09/11 11:59:20.534, 3, 4, 97871, 0, 74.54
2026/09/11 11:59:20.734, 0, 4, 97871, 0, 73.68
2026/09/11 11:59:20.734, 1, 4, 97871, 0, 75.10
2026/09/11 11:59:20.735, 2, 4, 97871, 0, 74.14
2026/09/11 11:59:20.735, 3, 4, 97871, 0, 74.54
2026/09/11 11:59:20.941, 0, 4, 97871, 0, 73.71
2026/09/11 11:59:20.941, 1, 4, 97871, 0, 75.14
2026/09/11 11:59:20.941, 2, 4, 97871, 0, 74.13
2026/09/11 11:59:20.941, 3, 4, 97871, 0, 74.48
2026/09/11 11:59:21.141, 0, 4, 97871, 0, 73.75
2026/09/11 11:59:21.141, 1, 4, 97871, 0, 75.14
2026/09/11 11:59:21.141, 2, 4, 97871, 0, 74.17
2026/09/11 11:59:21.141, 3, 4, 97871, 0, 74.52
2026/09/11 11:59:21.341, 0, 4, 97871, 0, 73.72
2026/09/11 11:59:21.341, 1, 4, 97871, 0, 75.12
2026/09/11 11:59:21.341, 2, 4, 97871, 0, 74.18
2026/09/11 11:59:21.341, 3, 4, 97871, 0, 74.54
2026/09/11 11:59:21.542, 0, 4, 97871, 0, 73.73
2026/09/11 11:59:21.542, 1, 4, 97871, 0, 75.11
2026/09/11 11:59:21.542, 2, 4, 97871, 0, 74.21
2026/09/11 11:59:21.542, 3, 4, 97871, 0, 74.55
2026/09/11 11:59:21.742, 0, 4, 97871, 0, 73.75
2026/09/11 11:59:21.742, 1, 4, 97871, 0, 75.10
2026/09/11 11:59:21.742, 2, 4, 97871, 0, 74.19
2026/09/11 11:59:21.742, 3, 4, 97871, 0, 74.49
2026/09/11 11:59:21.942, 0, 4, 97871, 0, 73.73
2026/09/11 11:59:21.942, 1, 4, 97871, 0, 75.11
2026/09/11 11:59:21.942, 2, 4, 97871, 0, 74.12
2026/09/11 11:59:21.942, 3, 4, 97871, 0, 74.56
2026/09/11 11:59:22.143, 0, 4, 97871, 0, 73.72
2026/09/11 11:59:22.143, 1, 4, 97871, 0, 75.09
2026/09/11 11:59:22.143, 2, 4, 97871, 0, 74.09
2026/09/11 11:59:22.143, 3, 4, 97871, 0, 74.56
2026/09/11 11:59:22.343, 0, 4, 97871, 0, 73.73
2026/09/11 11:59:22.343, 1, 4, 97871, 0, 75.11
2026/09/11 11:59:22.343, 2, 4, 97871, 0, 74.08
2026/09/11 11:59:22.343, 3, 4, 97871, 0, 74.49
2026/09/11 11:59:22.543, 0, 4, 97871, 0, 73.72
2026/09/11 11:59:22.543, 1, 4, 97871, 0, 75.12
2026/09/11 11:59:22.543, 2, 4, 97871, 0, 74.07
2026/09/11 11:59:22.543, 3, 4, 97871, 0, 74.41
2026/09/11 11:59:22.743, 0, 4, 97871, 0, 73.69
2026/09/11 11:59:22.744, 1, 4, 97871, 0, 75.14
2026/09/11 11:59:22.744, 2, 4, 97871, 0, 74.10
2026/09/11 11:59:22.744, 3, 4, 97871, 0, 74.48
2026/09/11 11:59:22.944, 0, 4, 97871, 0, 73.69
2026/09/11 11:59:22.944, 1, 4, 97871, 0, 75.15
2026/09/11 11:59:22.944, 2, 4, 97871, 0, 74.12
2026/09/11 11:59:22.944, 3, 4, 97871, 0, 74.49
2026/09/11 11:59:23.144, 0, 4, 97871, 0, 73.67
2026/09/11 11:59:23.144, 1, 4, 97871, 0, 75.15
2026/09/11 11:59:23.144, 2, 4, 97871, 0, 74.15
2026/09/11 11:59:23.144, 3, 4, 97871, 0, 74.49
2026/09/11 11:59:23.344, 0, 4, 97871, 0, 73.65
2026/09/11 11:59:23.344, 1, 4, 97871, 0, 75.11
2026/09/11 11:59:23.344, 2, 4, 97871, 0, 74.15
2026/09/11 11:59:23.344, 3, 4, 97871, 0, 74.48
2026/09/11 11:59:23.545, 0, 4, 97871, 0, 73.68
2026/09/11 11:59:23.545, 1, 4, 97871, 0, 75.11
2026/09/11 11:59:23.545, 2, 4, 97871, 0, 74.14
2026/09/11 11:59:23.545, 3, 4, 97871, 0, 74.47
2026/09/11 11:59:23.745, 0, 4, 97871, 0, 73.69
2026/09/11 11:59:23.745, 1, 4, 97871, 0, 75.08
2026/09/11 11:59:23.745, 2, 4, 97871, 0, 74.11
2026/09/11 11:59:23.745, 3, 4, 97871, 0, 74.47
2026/09/11 11:59:23.945, 0, 4, 97871, 0, 73.64
2026/09/11 11:59:23.945, 1, 4, 97871, 0, 75.07
2026/09/11 11:59:23.945, 2, 4, 97871, 0, 74.07
2026/09/11 11:59:23.945, 3, 4, 97871, 0, 74.51
2026/09/11 11:59:24.146, 0, 4, 97871, 0, 73.64
2026/09/11 11:59:24.146, 1, 4, 97871, 0, 75.08
2026/09/11 11:59:24.146, 2, 4, 97871, 0, 74.04
2026/09/11 11:59:24.146, 3, 4, 97871, 0, 74.54
2026/09/11 11:59:24.346, 0, 4, 97871, 0, 73.67
2026/09/11 11:59:24.346, 1, 4, 97871, 0, 75.09
2026/09/11 11:59:24.346, 2, 4, 97871, 0, 74.04
2026/09/11 11:59:24.346, 3, 4, 97871, 0, 74.50
2026/09/11 11:59:24.546, 0, 4, 97871, 0, 73.66
2026/09/11 11:59:24.546, 1, 4, 97871, 0, 75.09
2026/09/11 11:59:24.546, 2, 4, 97871, 0, 74.03
2026/09/11 11:59:24.546, 3, 4, 97871, 0, 74.50
2026/09/11 11:59:24.746, 0, 4, 97871, 0, 73.61
2026/09/11 11:59:24.747, 1, 4, 97871, 0, 75.10
2026/09/11 11:59:24.747, 2, 4, 97871, 0, 74.04
2026/09/11 11:59:24.747, 3, 4, 97871, 0, 74.55
2026/09/11 11:59:24.947, 0, 4, 97871, 0, 73.67
2026/09/11 11:59:24.947, 1, 4, 97871, 0, 75.09
2026/09/11 11:59:24.947, 2, 4, 97871, 0, 74.04
2026/09/11 11:59:24.947, 3, 4, 97871, 0, 74.57
2026/09/11 11:59:25.147, 0, 4, 97871, 0, 73.67
2026/09/11 11:59:25.147, 1, 4, 97871, 0, 75.08
2026/09/11 11:59:25.147, 2, 4, 97871, 0, 74.03
2026/09/11 11:59:25.147, 3, 4, 97871, 0, 74.50
2026/09/11 11:59:25.347, 0, 4, 97871, 0, 73.62
2026/09/11 11:59:25.348, 1, 4, 97871, 0, 75.08
2026/09/11 11:59:25.348, 2, 4, 97871, 0, 74.01
2026/09/11 11:59:25.348, 3, 4, 97871, 0, 74.52
2026/09/11 11:59:25.548, 0, 4, 97871, 0, 73.61
2026/09/11 11:59:25.548, 1, 4, 97871, 0, 75.04
2026/09/11 11:59:25.548, 2, 4, 97871, 0, 74.00
2026/09/11 11:59:25.548, 3, 4, 97871, 0, 74.53
2026/09/11 11:59:25.748, 0, 4, 97871, 0, 73.66
2026/09/11 11:59:25.748, 1, 4, 97871, 0, 75.04
2026/09/11 11:59:25.748, 2, 4, 97871, 0, 74.02
2026/09/11 11:59:25.748, 3, 4, 97871, 0, 74.55
2026/09/11 11:59:25.948, 0, 4, 97871, 0, 73.64
2026/09/11 11:59:25.949, 1, 4, 97871, 0, 75.03
2026/09/11 11:59:25.949, 2, 4, 97871, 0, 74.02
2026/09/11 11:59:25.949, 3, 4, 97871, 0, 74.50
2026/09/11 11:59:26.149, 0, 4, 97871, 0, 73.64
2026/09/11 11:59:26.149, 1, 4, 97871, 0, 75.06
2026/09/11 11:59:26.149, 2, 4, 97871, 0, 74.02
2026/09/11 11:59:26.149, 3, 4, 97871, 0, 74.51
2026/09/11 11:59:26.349, 0, 4, 97871, 0, 73.63
2026/09/11 11:59:26.350, 1, 4, 97871, 0, 75.06
2026/09/11 11:59:26.350, 2, 4, 97871, 0, 74.04
2026/09/11 11:59:26.350, 3, 4, 97871, 0, 74.52
2026/09/11 11:59:26.550, 0, 4, 97871, 0, 73.61
2026/09/11 11:59:26.550, 1, 4, 97871, 0, 75.08
2026/09/11 11:59:26.550, 2, 4, 97871, 0, 74.05
2026/09/11 11:59:26.550, 3, 4, 97871, 0, 74.54
2026/09/11 11:59:26.750, 0, 4, 97871, 0, 73.59
2026/09/11 11:59:26.750, 1, 4, 97871, 0, 75.06
2026/09/11 11:59:26.750, 2, 4, 97871, 0, 74.07
2026/09/11 11:59:26.750, 3, 4, 97871, 0, 74.51
2026/09/11 11:59:26.951, 0, 4, 97871, 0, 73.58
2026/09/11 11:59:26.951, 1, 4, 97871, 0, 75.09
2026/09/11 11:59:26.951, 2, 4, 97871, 0, 74.04
2026/09/11 11:59:26.951, 3, 4, 97871, 0, 74.55
2026/09/11 11:59:27.151, 0, 4, 97871, 0, 73.58
2026/09/11 11:59:27.152, 1, 4, 97871, 0, 75.07
2026/09/11 11:59:27.153, 2, 21, 97871, 0, 79.07
2026/09/11 11:59:27.154, 3, 4, 97871, 0, 74.51
2026/09/11 11:59:27.356, 0, 4, 97871, 0, 73.62
2026/09/11 11:59:27.356, 1, 4, 97871, 0, 75.09
2026/09/11 11:59:27.356, 2, 385, 97871, 2, 88.02
2026/09/11 11:59:27.356, 3, 4, 97871, 0, 74.50
2026/09/11 11:59:27.556, 0, 4, 97871, 0, 73.64
2026/09/11 11:59:27.556, 1, 4, 97871, 0, 75.06
2026/09/11 11:59:27.556, 2, 385, 97871, 0, 97.19
2026/09/11 11:59:27.556, 3, 29, 97871, 0, 74.53
2026/09/11 11:59:27.756, 0, 4, 97871, 0, 73.67
2026/09/11 11:59:27.756, 1, 4, 97871, 0, 75.08
2026/09/11 11:59:27.756, 2, 385, 97871, 0, 105.47
2026/09/11 11:59:27.756, 3, 385, 97871, 1, 83.89
2026/09/11 11:59:27.956, 0, 327, 97871, 0, 75.69
2026/09/11 11:59:27.957, 1, 4, 97871, 0, 75.07
2026/09/11 11:59:27.957, 2, 385, 97871, 0, 115.02
2026/09/11 11:59:27.957, 3, 385, 97871, 0, 92.98
2026/09/11 11:59:28.157, 0, 385, 97871, 1, 84.73
2026/09/11 11:59:28.157, 1, 4, 97871, 0, 75.08
2026/09/11 11:59:28.157, 2, 385, 97871, 0, 118.85
2026/09/11 11:59:28.157, 3, 385, 97871, 0, 102.03
2026/09/11 11:59:28.357, 0, 385, 97871, 0, 93.70
2026/09/11 11:59:28.357, 1, 83, 97871, 0, 75.65
2026/09/11 11:59:28.357, 2, 385, 97871, 0, 118.62
2026/09/11 11:59:28.357, 3, 385, 97871, 0, 111.18
2026/09/11 11:59:28.557, 0, 385, 97871, 0, 102.12
2026/09/11 11:59:28.558, 1, 385, 97871, 3, 84.65
2026/09/11 11:59:28.558, 2, 385, 97871, 0, 118.64
2026/09/11 11:59:28.558, 3, 385, 97871, 0, 120.03
2026/09/11 11:59:28.758, 0, 385, 97871, 0, 111.66
2026/09/11 11:59:28.758, 1, 385, 97871, 0, 93.87
2026/09/11 11:59:28.758, 2, 385, 97871, 0, 118.65
2026/09/11 11:59:28.758, 3, 385, 97871, 0, 120.00
2026/09/11 11:59:28.958, 0, 385, 97871, 0, 118.62
2026/09/11 11:59:28.958, 1, 385, 97871, 0, 102.37
2026/09/11 11:59:28.958, 2, 385, 97871, 0, 118.66
2026/09/11 11:59:28.959, 3, 385, 97871, 0, 119.87
2026/09/11 11:59:29.159, 0, 449, 97871, 0, 118.56
2026/09/11 11:59:29.159, 1, 435, 97871, 0, 111.99
2026/09/11 11:59:29.159, 2, 435, 97871, 0, 118.64
2026/09/11 11:59:29.159, 3, 439, 97871, 0, 119.82
2026/09/11 11:59:29.359, 0, 653, 97871, 4, 118.59
2026/09/11 11:59:29.359, 1, 653, 97871, 8, 120.19
2026/09/11 11:59:29.359, 2, 643, 97871, 6, 118.61
2026/09/11 11:59:29.360, 3, 653, 97871, 4, 119.75
2026/09/11 11:59:29.560, 0, 1019, 97871, 1, 118.56
2026/09/11 11:59:29.561, 1, 921, 97871, 1, 120.40
2026/09/11 11:59:29.561, 2, 1019, 97871, 1, 118.70
2026/09/11 11:59:29.561, 3, 1019, 97871, 1, 119.63
2026/09/11 11:59:29.762, 0, 1019, 97871, 0, 118.65
2026/09/11 11:59:29.764, 1, 1019, 97871, 0, 120.47
2026/09/11 11:59:29.765, 2, 1019, 97871, 0, 118.72
2026/09/11 11:59:29.765, 3, 1019, 97871, 0, 119.61
2026/09/11 11:59:29.966, 0, 1201, 97871, 1, 118.91
2026/09/11 11:59:29.966, 1, 1201, 97871, 0, 120.53
2026/09/11 11:59:29.966, 2, 1201, 97871, 2, 118.83
2026/09/11 11:59:29.966, 3, 1201, 97871, 1, 119.91
2026/09/11 11:59:30.166, 0, 1443, 97871, 0, 118.91
2026/09/11 11:59:30.166, 1, 1443, 97871, 0, 120.85
2026/09/11 11:59:30.166, 2, 1443, 97871, 0, 119.23
2026/09/11 11:59:30.166, 3, 1441, 97871, 0, 120.15
2026/09/11 11:59:30.368, 0, 1735, 97871, 1, 118.94
2026/09/11 11:59:30.368, 1, 1735, 97871, 1, 120.82
2026/09/11 11:59:30.368, 2, 1735, 97871, 1, 119.23
2026/09/11 11:59:30.368, 3, 1735, 97871, 1, 120.25
2026/09/11 11:59:30.570, 0, 1735, 97871, 0, 119.03
2026/09/11 11:59:30.571, 1, 1735, 97871, 0, 120.84
2026/09/11 11:59:30.571, 2, 1735, 97871, 0, 119.18
2026/09/11 11:59:30.571, 3, 1735, 97871, 0, 120.24
2026/09/11 11:59:30.771, 0, 1735, 97871, 0, 119.25
2026/09/11 11:59:30.771, 1, 1735, 97871, 1, 121.14
2026/09/11 11:59:30.771, 2, 1735, 97871, 0, 119.50
2026/09/11 11:59:30.771, 3, 1735, 97871, 0, 120.61
2026/09/11 11:59:30.971, 0, 1869, 97871, 0, 119.00
2026/09/11 11:59:30.971, 1, 1869, 97871, 0, 120.82
2026/09/11 11:59:30.971, 2, 1869, 97871, 0, 119.39
2026/09/11 11:59:30.971, 3, 1869, 97871, 0, 120.31
2026/09/11 11:59:31.171, 0, 1869, 97871, 0, 119.02
2026/09/11 11:59:31.172, 1, 1869, 97871, 0, 120.82
2026/09/11 11:59:31.172, 2, 1869, 97871, 0, 119.02
2026/09/11 11:59:31.172, 3, 1869, 97871, 0, 120.23
2026/09/11 11:59:31.372, 0, 1869, 97871, 0, 119.03
2026/09/11 11:59:31.372, 1, 1869, 97871, 0, 120.83
2026/09/11 11:59:31.372, 2, 1869, 97871, 0, 119.00
2026/09/11 11:59:31.372, 3, 1869, 97871, 0, 120.12
2026/09/11 11:59:31.572, 0, 1869, 97871, 0, 118.97
2026/09/11 11:59:31.572, 1, 1869, 97871, 0, 120.80
2026/09/11 11:59:31.572, 2, 1869, 97871, 0, 119.01
2026/09/11 11:59:31.572, 3, 1869, 97871, 0, 120.04
2026/09/11 11:59:31.772, 0, 1869, 97871, 0, 118.67
2026/09/11 11:59:31.773, 1, 1869, 97871, 0, 120.49
2026/09/11 11:59:31.773, 2, 1869, 97871, 0, 118.66
2026/09/11 11:59:31.773, 3, 1869, 97871, 0, 119.69
2026/09/11 11:59:31.973, 0, 1869, 97871, 0, 118.68
2026/09/11 11:59:31.973, 1, 1869, 97871, 0, 120.48
2026/09/11 11:59:31.973, 2, 1869, 97871, 0, 118.70
2026/09/11 11:59:31.973, 3, 1869, 97871, 0, 119.68
2026/09/11 11:59:32.176, 0, 1869, 97871, 0, 118.66
2026/09/11 11:59:32.176, 1, 1869, 97871, 0, 120.47
2026/09/11 11:59:32.176, 2, 1869, 97871, 0, 118.70
2026/09/11 11:59:32.176, 3, 1869, 97871, 0, 119.65
2026/09/11 11:59:32.376, 0, 1869, 97871, 0, 118.66
2026/09/11 11:59:32.376, 1, 1869, 97871, 0, 120.49
2026/09/11 11:59:32.377, 2, 1869, 97871, 0, 118.72
2026/09/11 11:59:32.377, 3, 1869, 97871, 0, 119.65
2026/09/11 11:59:32.577, 0, 1869, 97871, 0, 118.71
2026/09/11 11:59:32.577, 1, 1869, 97871, 0, 120.51
2026/09/11 11:59:32.577, 2, 1869, 97871, 0, 118.72
2026/09/11 11:59:32.577, 3, 1869, 97871, 0, 119.70
2026/09/11 11:59:32.777, 0, 1869, 97871, 0, 118.72
2026/09/11 11:59:32.777, 1, 1869, 97871, 0, 120.55
2026/09/11 11:59:32.777, 2, 1869, 97871, 0, 118.72
2026/09/11 11:59:32.777, 3, 1869, 97871, 0, 119.70
2026/09/11 11:59:32.977, 0, 1869, 97871, 0, 118.73
2026/09/11 11:59:32.977, 1, 1869, 97871, 0, 120.55
2026/09/11 11:59:32.977, 2, 1869, 97871, 0, 118.72
2026/09/11 11:59:32.977, 3, 1869, 97871, 0, 119.68
2026/09/11 11:59:33.177, 0, 1869, 97871, 0, 118.77
2026/09/11 11:59:33.178, 1, 1869, 97871, 0, 120.60
2026/09/11 11:59:33.178, 2, 1869, 97871, 0, 118.73
2026/09/11 11:59:33.178, 3, 1869, 97871, 0, 119.66
2026/09/11 11:59:33.378, 0, 1869, 97871, 0, 118.78
2026/09/11 11:59:33.378, 1, 1869, 97871, 0, 120.60
2026/09/11 11:59:33.378, 2, 1869, 97871, 0, 118.74
2026/09/11 11:59:33.378, 3, 1869, 97871, 0, 119.72
2026/09/11 11:59:33.578, 0, 1869, 97871, 0, 118.74
2026/09/11 11:59:33.578, 1, 1869, 97871, 0, 120.62
2026/09/11 11:59:33.578, 2, 1869, 97871, 0, 118.77
2026/09/11 11:59:33.578, 3, 1869, 97871, 0, 119.74
2026/09/11 11:59:33.778, 0, 1869, 97871, 0, 118.79
2026/09/11 11:59:33.778, 1, 1869, 97871, 0, 120.59
2026/09/11 11:59:33.778, 2, 1869, 97871, 0, 118.78
2026/09/11 11:59:33.778, 3, 1869, 97871, 0, 119.72
2026/09/11 11:59:33.979, 0, 1869, 97871, 0, 118.78
2026/09/11 11:59:33.979, 1, 1869, 97871, 0, 120.61
2026/09/11 11:59:33.979, 2, 1869, 97871, 0, 118.82
2026/09/11 11:59:33.979, 3, 1869, 97871, 0, 119.71
2026/09/11 11:59:34.179, 0, 3581, 97871, 0, 119.18
2026/09/11 11:59:34.179, 1, 1869, 97871, 0, 120.59
2026/09/11 11:59:34.179, 2, 1869, 97871, 0, 118.84
2026/09/11 11:59:34.179, 3, 1869, 97871, 0, 119.75
2026/09/11 11:59:34.379, 0, 9363, 97871, 5, 119.20
2026/09/11 11:59:34.379, 1, 1869, 97871, 0, 120.61
2026/09/11 11:59:34.379, 2, 1869, 97871, 0, 118.85
2026/09/11 11:59:34.379, 3, 1869, 97871, 0, 119.76
2026/09/11 11:59:34.580, 0, 19433, 97871, 5, 119.25
2026/09/11 11:59:34.580, 1, 1869, 97871, 0, 120.64
2026/09/11 11:59:34.580, 2, 1869, 97871, 0, 118.84
2026/09/11 11:59:34.580, 3, 3581, 97871, 0, 119.73
2026/09/11 11:59:34.780, 0, 23487, 97871, 4, 119.24
2026/09/11 11:59:34.780, 1, 1869, 97871, 0, 120.67
2026/09/11 11:59:34.780, 2, 1869, 97871, 0, 118.83
2026/09/11 11:59:34.780, 3, 3751, 97871, 0, 120.04
2026/09/11 11:59:34.980, 0, 23487, 97871, 2, 119.22
2026/09/11 11:59:34.980, 1, 3581, 97871, 0, 120.69
2026/09/11 11:59:34.980, 2, 3581, 97871, 0, 118.80
2026/09/11 11:59:34.980, 3, 11039, 97871, 4, 120.16
2026/09/11 11:59:35.180, 0, 23487, 97871, 2, 118.81
2026/09/11 11:59:35.181, 1, 3691, 97871, 3, 120.88
2026/09/11 11:59:35.181, 2, 3423, 97871, 2, 119.39
2026/09/11 11:59:35.181, 3, 18525, 97871, 3, 120.17
2026/09/11 11:59:35.381, 0, 23487, 97871, 2, 118.79
2026/09/11 11:59:35.381, 1, 10199, 97871, 3, 120.91
2026/09/11 11:59:35.381, 2, 10975, 97871, 5, 119.44
2026/09/11 11:59:35.381, 3, 23021, 97871, 4, 120.14
2026/09/11 11:59:35.581, 0, 23487, 97871, 2, 118.75
2026/09/11 11:59:35.581, 1, 17771, 97871, 4, 120.91
2026/09/11 11:59:35.581, 2, 18675, 97871, 4, 119.45
2026/09/11 11:59:35.581, 3, 23021, 97871, 1, 120.14
2026/09/11 11:59:35.781, 0, 23487, 97871, 2, 118.75
2026/09/11 11:59:35.781, 1, 23293, 97871, 4, 120.89
2026/09/11 11:59:35.781, 2, 23149, 97871, 4, 119.43
2026/09/11 11:59:35.782, 3, 23021, 97871, 2, 119.87
2026/09/11 11:59:35.982, 0, 23487, 97871, 2, 118.75
2026/09/11 11:59:35.982, 1, 23293, 97871, 1, 120.85
2026/09/11 11:59:35.982, 2, 23149, 97871, 1, 119.49
2026/09/11 11:59:35.982, 3, 23021, 97871, 2, 119.81
2026/09/11 11:59:36.182, 0, 23487, 97871, 2, 118.73
2026/09/11 11:59:36.182, 1, 23293, 97871, 1, 120.64
2026/09/11 11:59:36.182, 2, 23149, 97871, 2, 118.88
2026/09/11 11:59:36.182, 3, 23021, 97871, 1, 119.74
2026/09/11 11:59:36.382, 0, 23487, 97871, 1, 118.69
2026/09/11 11:59:36.382, 1, 23293, 97871, 2, 120.57
2026/09/11 11:59:36.382, 2, 23149, 97871, 2, 118.86
2026/09/11 11:59:36.382, 3, 23021, 97871, 2, 119.77
2026/09/11 11:59:36.582, 0, 23487, 97871, 2, 118.72
2026/09/11 11:59:36.583, 1, 23293, 97871, 1, 120.53
2026/09/11 11:59:36.583, 2, 23149, 97871, 1, 118.87
2026/09/11 11:59:36.583, 3, 23021, 97871, 1, 119.79
2026/09/11 11:59:36.783, 0, 23487, 97871, 1, 118.70
2026/09/11 11:59:36.783, 1, 23293, 97871, 1, 120.50
2026/09/11 11:59:36.783, 2, 23149, 97871, 2, 118.86
2026/09/11 11:59:36.783, 3, 23021, 97871, 1, 119.79
2026/09/11 11:59:36.983, 0, 23487, 97871, 1, 118.70
2026/09/11 11:59:36.983, 1, 23293, 97871, 2, 120.50
2026/09/11 11:59:36.983, 2, 23149, 97871, 2, 118.83
2026/09/11 11:59:36.983, 3, 23021, 97871, 2, 119.73
2026/09/11 11:59:37.183, 0, 23487, 97871, 2, 118.68
2026/09/11 11:59:37.184, 1, 23293, 97871, 1, 120.50
2026/09/11 11:59:37.184, 2, 23149, 97871, 1, 118.79
2026/09/11 11:59:37.184, 3, 23021, 97871, 1, 119.79
2026/09/11 11:59:37.384, 0, 23487, 97871, 2, 118.72
2026/09/11 11:59:37.384, 1, 23293, 97871, 1, 120.52
2026/09/11 11:59:37.384, 2, 23149, 97871, 2, 118.78
2026/09/11 11:59:37.384, 3, 23021, 97871, 2, 119.81
2026/09/11 11:59:37.584, 0, 23487, 97871, 2, 118.69
2026/09/11 11:59:37.584, 1, 23293, 97871, 2, 120.53
2026/09/11 11:59:37.584, 2, 23149, 97871, 1, 118.76
2026/09/11 11:59:37.584, 3, 23021, 97871, 2, 119.82
2026/09/11 11:59:37.784, 0, 23487, 97871, 2, 118.70
2026/09/11 11:59:37.784, 1, 23293, 97871, 1, 120.54
2026/09/11 11:59:37.785, 2, 23149, 97871, 2, 118.76
2026/09/11 11:59:37.785, 3, 23021, 97871, 1, 119.73
2026/09/11 11:59:37.985, 0, 23487, 97871, 2, 118.72
2026/09/11 11:59:37.985, 1, 23293, 97871, 2, 120.54
2026/09/11 11:59:37.985, 2, 23149, 97871, 2, 118.76
2026/09/11 11:59:37.985, 3, 23021, 97871, 2, 119.78
2026/09/11 11:59:38.185, 0, 23487, 97871, 2, 118.76
2026/09/11 11:59:38.185, 1, 23293, 97871, 2, 120.56
2026/09/11 11:59:38.185, 2, 23149, 97871, 1, 118.74
2026/09/11 11:59:38.185, 3, 23021, 97871, 2, 119.77
2026/09/11 11:59:38.385, 0, 23487, 97871, 2, 118.72
2026/09/11 11:59:38.385, 1, 23293, 97871, 1, 120.54
2026/09/11 11:59:38.385, 2, 23149, 97871, 2, 118.71
2026/09/11 11:59:38.386, 3, 23021, 97871, 1, 119.76
2026/09/11 11:59:38.586, 0, 23487, 97871, 2, 118.73
2026/09/11 11:59:38.586, 1, 23293, 97871, 1, 120.55
2026/09/11 11:59:38.586, 2, 23149, 97871, 2, 118.73
2026/09/11 11:59:38.586, 3, 23021, 97871, 2, 119.69
2026/09/11 11:59:38.786, 0, 23487, 97871, 2, 118.75
2026/09/11 11:59:38.786, 1, 23293, 97871, 2, 120.55
2026/09/11 11:59:38.786, 2, 23149, 97871, 1, 118.72
2026/09/11 11:59:38.786, 3, 23021, 97871, 2, 119.74
2026/09/11 11:59:38.986, 0, 23487, 97871, 1, 118.74
2026/09/11 11:59:38.986, 1, 23293, 97871, 1, 120.56
2026/09/11 11:59:38.986, 2, 23149, 97871, 2, 118.76
2026/09/11 11:59:38.987, 3, 23021, 97871, 1, 119.74
2026/09/11 11:59:39.187, 0, 23487, 97871, 2, 118.72
2026/09/11 11:59:39.187, 1, 23293, 97871, 2, 120.57
2026/09/11 11:59:39.187, 2, 23149, 97871, 2, 118.79
2026/09/11 11:59:39.187, 3, 23021, 97871, 2, 119.74
2026/09/11 11:59:39.387, 0, 23487, 97871, 2, 118.78
2026/09/11 11:59:39.387, 1, 23293, 97871, 2, 120.58
2026/09/11 11:59:39.387, 2, 23149, 97871, 2, 118.81
2026/09/11 11:59:39.387, 3, 23021, 97871, 1, 119.68
2026/09/11 11:59:39.587, 0, 23487, 97871, 1, 118.77
2026/09/11 11:59:39.587, 1, 23293, 97871, 1, 120.59
2026/09/11 11:59:39.587, 2, 23149, 97871, 2, 118.83
2026/09/11 11:59:39.587, 3, 23021, 97871, 2, 119.71
2026/09/11 11:59:39.788, 0, 23487, 97871, 2, 118.74
2026/09/11 11:59:39.788, 1, 23293, 97871, 2, 120.59
2026/09/11 11:59:39.788, 2, 23149, 97871, 2, 118.83
2026/09/11 11:59:39.788, 3, 23021, 97871, 2, 119.74
2026/09/11 11:59:39.988, 0, 23487, 97871, 2, 118.76
2026/09/11 11:59:39.988, 1, 23293, 97871, 2, 120.60
2026/09/11 11:59:39.988, 2, 23149, 97871, 1, 118.83
2026/09/11 11:59:39.988, 3, 23021, 97871, 1, 119.73
2026/09/11 11:59:40.188, 0, 23487, 97871, 1, 118.80
2026/09/11 11:59:40.188, 1, 23293, 97871, 1, 120.60
2026/09/11 11:59:40.188, 2, 23149, 97871, 1, 118.82
2026/09/11 11:59:40.188, 3, 23021, 97871, 2, 119.69
2026/09/11 11:59:40.389, 0, 23487, 97871, 2, 118.77
2026/09/11 11:59:40.389, 1, 23293, 97871, 2, 120.58
2026/09/11 11:59:40.389, 2, 23149, 97871, 2, 118.83
2026/09/11 11:59:40.389, 3, 23021, 97871, 2, 119.76
2026/09/11 11:59:40.589, 0, 23487, 97871, 2, 118.79
2026/09/11 11:59:40.589, 1, 23293, 97871, 2, 120.58
2026/09/11 11:59:40.589, 2, 23149, 97871, 1, 118.81
2026/09/11 11:59:40.589, 3, 23021, 97871, 1, 119.78
2026/09/11 11:59:40.789, 0, 23487, 97871, 1, 118.84
2026/09/11 11:59:40.789, 1, 23293, 97871, 1, 120.60
2026/09/11 11:59:40.789, 2, 23149, 97871, 2, 118.81
2026/09/11 11:59:40.789, 3, 23021, 97871, 2, 119.76
2026/09/11 11:59:40.989, 0, 23487, 97871, 2, 118.84
2026/09/11 11:59:40.990, 1, 23293, 97871, 2, 120.61
2026/09/11 11:59:40.990, 2, 23149, 97871, 2, 118.83
2026/09/11 11:59:40.990, 3, 23021, 97871, 1, 119.71
2026/09/11 11:59:41.190, 0, 23487, 97871, 2, 118.79
2026/09/11 11:59:41.190, 1, 23293, 97871, 2, 120.63
2026/09/11 11:59:41.190, 2, 23149, 97871, 1, 118.83
2026/09/11 11:59:41.190, 3, 23021, 97871, 2, 119.75
2026/09/11 11:59:41.390, 0, 23487, 97871, 1, 118.81
2026/09/11 11:59:41.390, 1, 23293, 97871, 1, 120.63
2026/09/11 11:59:41.390, 2, 23149, 97871, 2, 118.84
2026/09/11 11:59:41.390, 3, 23021, 97871, 2, 119.75
2026/09/11 11:59:41.590, 0, 23487, 97871, 1, 118.80
2026/09/11 11:59:41.590, 1, 23293, 97871, 2, 120.63
2026/09/11 11:59:41.590, 2, 23149, 97871, 2, 118.85
2026/09/11 11:59:41.590, 3, 23021, 97871, 1, 119.73
2026/09/11 11:59:41.791, 0, 23487, 97871, 2, 118.79
2026/09/11 11:59:41.791, 1, 23293, 97871, 2, 120.63
2026/09/11 11:59:41.791, 2, 23149, 97871, 1, 118.86
2026/09/11 11:59:41.791, 3, 23021, 97871, 2, 119.66
2026/09/11 11:59:41.991, 0, 23487, 97871, 1, 118.81
2026/09/11 11:59:41.991, 1, 23293, 97871, 1, 120.61
2026/09/11 11:59:41.991, 2, 23149, 97871, 2, 118.87
2026/09/11 11:59:41.991, 3, 23021, 97871, 1, 119.73
2026/09/11 11:59:42.191, 0, 23487, 97871, 1, 118.84
2026/09/11 11:59:42.191, 1, 23293, 97871, 2, 120.60
2026/09/11 11:59:42.191, 2, 23149, 97871, 1, 118.86
2026/09/11 11:59:42.191, 3, 23021, 97871, 1, 119.77
2026/09/11 11:59:42.391, 0, 23487, 97871, 2, 118.81
2026/09/11 11:59:42.392, 1, 23293, 97871, 2, 120.57
2026/09/11 11:59:42.392, 2, 23149, 97871, 1, 118.85
2026/09/11 11:59:42.392, 3, 23021, 97871, 2, 119.76
2026/09/11 11:59:42.592, 0, 23487, 97871, 2, 118.81
2026/09/11 11:59:42.592, 1, 23293, 97871, 1, 120.57
2026/09/11 11:59:42.592, 2, 23149, 97871, 2, 118.83
2026/09/11 11:59:42.592, 3, 23021, 97871, 1, 119.77
2026/09/11 11:59:42.792, 0, 23487, 97871, 1, 118.80
2026/09/11 11:59:42.792, 1, 23293, 97871, 2, 120.57
2026/09/11 11:59:42.792, 2, 23149, 97871, 1, 118.82
2026/09/11 11:59:42.792, 3, 23021, 97871, 1, 119.82
2026/09/11 11:59:42.992, 0, 23487, 97871, 1, 118.77
2026/09/11 11:59:42.993, 1, 23293, 97871, 1, 120.57
2026/09/11 11:59:42.993, 2, 23149, 97871, 2, 118.82
2026/09/11 11:59:42.993, 3, 23021, 97871, 2, 119.84
2026/09/11 11:59:43.193, 0, 23487, 97871, 2, 118.74
2026/09/11 11:59:43.193, 1, 23293, 97871, 1, 120.57
2026/09/11 11:59:43.193, 2, 23149, 97871, 2, 118.82
2026/09/11 11:59:43.193, 3, 23021, 97871, 1, 119.80
2026/09/11 11:59:43.393, 0, 23487, 97871, 1, 118.77
2026/09/11 11:59:43.393, 1, 23293, 97871, 2, 120.60
2026/09/11 11:59:43.393, 2, 23149, 97871, 1, 118.81
2026/09/11 11:59:43.393, 3, 23021, 97871, 2, 119.79
2026/09/11 11:59:43.593, 0, 23487, 97871, 1, 118.78
2026/09/11 11:59:43.594, 1, 23293, 97871, 1, 120.61
2026/09/11 11:59:43.594, 2, 23149, 97871, 2, 118.80
2026/09/11 11:59:43.594, 3, 23021, 97871, 2, 119.81
2026/09/11 11:59:43.794, 0, 23487, 97871, 2, 118.77
2026/09/11 11:59:43.794, 1, 23293, 97871, 1, 120.63
2026/09/11 11:59:43.794, 2, 23149, 97871, 2, 118.81
2026/09/11 11:59:43.794, 3, 23021, 97871, 1, 119.83
2026/09/11 11:59:43.994, 0, 23487, 97871, 1, 118.78
2026/09/11 11:59:43.994, 1, 23293, 97871, 2, 120.63
2026/09/11 11:59:43.994, 2, 23149, 97871, 1, 118.80
2026/09/11 11:59:43.994, 3, 23021, 97871, 2, 119.77
2026/09/11 11:59:44.194, 0, 23487, 97871, 1, 118.82
2026/09/11 11:59:44.195, 1, 23293, 97871, 1, 120.65
2026/09/11 11:59:44.195, 2, 23149, 97871, 2, 118.80
2026/09/11 11:59:44.195, 3, 23021, 97871, 2, 119.78
2026/09/11 11:59:44.395, 0, 23487, 97871, 2, 118.80
2026/09/11 11:59:44.395, 1, 23293, 97871, 2, 120.63
2026/09/11 11:59:44.395, 2, 23149, 97871, 2, 118.81
2026/09/11 11:59:44.395, 3, 23021, 97871, 1, 119.79
2026/09/11 11:59:44.595, 0, 23487, 97871, 2, 118.78
2026/09/11 11:59:44.595, 1, 23293, 97871, 2, 120.61
2026/09/11 11:59:44.595, 2, 23149, 97871, 1, 118.83
2026/09/11 11:59:44.595, 3, 23021, 97871, 2, 119.82
2026/09/11 11:59:44.795, 0, 23487, 97871, 1, 118.79
2026/09/11 11:59:44.795, 1, 23293, 97871, 1, 120.60
2026/09/11 11:59:44.796, 2, 23149, 97871, 2, 118.83
2026/09/11 11:59:44.796, 3, 23021, 97871, 2, 119.78
2026/09/11 11:59:44.996, 0, 23487, 97871, 2, 118.80
2026/09/11 11:59:44.996, 1, 23293, 97871, 2, 120.61
2026/09/11 11:59:44.996, 2, 23149, 97871, 2, 118.87
2026/09/11 11:59:44.996, 3, 23021, 97871, 1, 119.77
2026/09/11 11:59:45.196, 0, 23487, 97871, 2, 118.77
2026/09/11 11:59:45.196, 1, 23293, 97871, 1, 120.62
2026/09/11 11:59:45.196, 2, 23149, 97871, 1, 118.88
2026/09/11 11:59:45.196, 3, 23021, 97871, 2, 119.78
2026/09/11 11:59:45.396, 0, 23487, 97871, 1, 118.81
2026/09/11 11:59:45.396, 1, 23293, 97871, 1, 120.65
2026/09/11 11:59:45.396, 2, 23149, 97871, 2, 118.89
2026/09/11 11:59:45.396, 3, 23021, 97871, 1, 119.83
2026/09/11 11:59:45.597, 0, 23487, 97871, 1, 118.85
2026/09/11 11:59:45.597, 1, 23293, 97871, 2, 120.65
2026/09/11 11:59:45.597, 2, 23149, 97871, 1, 118.87
2026/09/11 11:59:45.597, 3, 23021, 97871, 2, 119.76
2026/09/11 11:59:45.797, 0, 23487, 97871, 2, 118.83
2026/09/11 11:59:45.797, 1, 23293, 97871, 1, 120.67
2026/09/11 11:59:45.797, 2, 23149, 97871, 1, 118.89
2026/09/11 11:59:45.797, 3, 23021, 97871, 2, 119.80
2026/09/11 11:59:45.997, 0, 23487, 97871, 1, 118.83
2026/09/11 11:59:45.997, 1, 23293, 97871, 2, 120.69
2026/09/11 11:59:45.997, 2, 23149, 97871, 2, 118.89
2026/09/11 11:59:45.997, 3, 23021, 97871, 1, 119.87
2026/09/11 11:59:46.198, 0, 23487, 97871, 1, 118.87
2026/09/11 11:59:46.198, 1, 23293, 97871, 2, 120.69
2026/09/11 11:59:46.198, 2, 23149, 97871, 1, 118.89
2026/09/11 11:59:46.198, 3, 23021, 97871, 2, 119.88
2026/09/11 11:59:46.398, 0, 23487, 97871, 2, 118.83
2026/09/11 11:59:46.398, 1, 23293, 97871, 1, 120.66
2026/09/11 11:59:46.398, 2, 23149, 97871, 2, 118.90
2026/09/11 11:59:46.398, 3, 23021, 97871, 1, 119.82
2026/09/11 11:59:46.598, 0, 23487, 97871, 1, 118.83
2026/09/11 11:59:46.598, 1, 23293, 97871, 2, 120.66
2026/09/11 11:59:46.598, 2, 23149, 97871, 2, 118.92
2026/09/11 11:59:46.598, 3, 23021, 97871, 1, 119.85
2026/09/11 11:59:46.798, 0, 23487, 97871, 1, 118.90
2026/09/11 11:59:46.799, 1, 23293, 97871, 2, 120.65
2026/09/11 11:59:46.799, 2, 23149, 97871, 1, 118.91
2026/09/11 11:59:46.799, 3, 23021, 97871, 2, 119.85
2026/09/11 11:59:46.999, 0, 23487, 97871, 2, 118.91
2026/09/11 11:59:46.999, 1, 23293, 97871, 1, 120.63
2026/09/11 11:59:46.999, 2, 23149, 97871, 2, 118.92
2026/09/11 11:59:46.999, 3, 23021, 97871, 1, 119.85
2026/09/11 11:59:47.199, 0, 23487, 97871, 1, 118.89
2026/09/11 11:59:47.199, 1, 23293, 97871, 2, 120.65
2026/09/11 11:59:47.199, 2, 23149, 97871, 2, 118.93
2026/09/11 11:59:47.199, 3, 23021, 97871, 1, 119.78
2026/09/11 11:59:47.399, 0, 23487, 97871, 1, 118.90
2026/09/11 11:59:47.400, 1, 23293, 97871, 1, 120.67
2026/09/11 11:59:47.400, 2, 23149, 97871, 1, 118.95
2026/09/11 11:59:47.400, 3, 23021, 97871, 2, 119.82
2026/09/11 11:59:47.600, 0, 23487, 97871, 2, 118.90
2026/09/11 11:59:47.600, 1, 23293, 97871, 1, 120.68
2026/09/11 11:59:47.600, 2, 23149, 97871, 2, 118.94
2026/09/11 11:59:47.600, 3, 23021, 97871, 1, 119.81
2026/09/11 11:59:47.800, 0, 23487, 97871, 2, 118.86
2026/09/11 11:59:47.800, 1, 23293, 97871, 2, 120.69
2026/09/11 11:59:47.800, 2, 23149, 97871, 2, 118.92
2026/09/11 11:59:47.800, 3, 23021, 97871, 1, 119.85
2026/09/11 11:59:48.000, 0, 23487, 97871, 1, 118.88
2026/09/11 11:59:48.001, 1, 23293, 97871, 1, 120.70
2026/09/11 11:59:48.001, 2, 23149, 97871, 1, 118.89
2026/09/11 11:59:48.001, 3, 23021, 97871, 2, 119.79
2026/09/11 11:59:48.201, 0, 23487, 97871, 2, 118.89
2026/09/11 11:59:48.201, 1, 23293, 97871, 1, 120.70
2026/09/11 11:59:48.201, 2, 23149, 97871, 2, 118.86
2026/09/11 11:59:48.201, 3, 23021, 97871, 1, 119.83
2026/09/11 11:59:48.401, 0, 23487, 97871, 2, 118.88
2026/09/11 11:59:48.401, 1, 23293, 97871, 2, 120.69
2026/09/11 11:59:48.401, 2, 23149, 97871, 2, 118.84
2026/09/11 11:59:48.401, 3, 23021, 97871, 2, 119.87
2026/09/11 11:59:48.601, 0, 23487, 97871, 1, 118.87
2026/09/11 11:59:48.602, 1, 23293, 97871, 1, 120.67
2026/09/11 11:59:48.602, 2, 23149, 97871, 1, 118.82
2026/09/11 11:59:48.602, 3, 23021, 97871, 2, 119.89
2026/09/11 11:59:48.802, 0, 23487, 97871, 1, 118.90
2026/09/11 11:59:48.802, 1, 23293, 97871, 2, 120.65
2026/09/11 11:59:48.802, 2, 23149, 97871, 2, 118.82
2026/09/11 11:59:48.802, 3, 23021, 97871, 1, 119.85
2026/09/11 11:59:49.002, 0, 23487, 97871, 2, 118.86
2026/09/11 11:59:49.002, 1, 23293, 97871, 2, 120.64
2026/09/11 11:59:49.002, 2, 23149, 97871, 4, 118.87
2026/09/11 11:59:49.002, 3, 23021, 97871, 2, 119.92
2026/09/11 11:59:49.202, 0, 23487, 97871, 4, 118.87
2026/09/11 11:59:49.203, 1, 23293, 97871, 1, 120.64
2026/09/11 11:59:49.203, 2, 23149, 97871, 1, 118.87
2026/09/11 11:59:49.203, 3, 23021, 97871, 2, 119.96
2026/09/11 11:59:49.403, 0, 23487, 97871, 1, 118.86
2026/09/11 11:59:49.403, 1, 23293, 97871, 2, 120.66
2026/09/11 11:59:49.403, 2, 23149, 97871, 2, 118.85
2026/09/11 11:59:49.403, 3, 23021, 97871, 1, 119.90
2026/09/11 11:59:49.603, 0, 23487, 97871, 2, 118.87
2026/09/11 11:59:49.603, 1, 23293, 97871, 2, 120.67
2026/09/11 11:59:49.603, 2, 23149, 97871, 2, 118.85
2026/09/11 11:59:49.603, 3, 23021, 97871, 2, 119.82
2026/09/11 11:59:49.803, 0, 23487, 97871, 2, 118.83
2026/09/11 11:59:49.803, 1, 23293, 97871, 1, 120.70
2026/09/11 11:59:49.803, 2, 23149, 97871, 1, 118.86
2026/09/11 11:59:49.803, 3, 23021, 97871, 2, 119.89
2026/09/11 11:59:50.004, 0, 23487, 97871, 1, 118.84
2026/09/11 11:59:50.004, 1, 23293, 97871, 2, 120.72
2026/09/11 11:59:50.004, 2, 23149, 97871, 2, 118.85
2026/09/11 11:59:50.004, 3, 23021, 97871, 1, 119.88
2026/09/11 11:59:50.204, 0, 23487, 97871, 2, 118.81
2026/09/11 11:59:50.204, 1, 23293, 97871, 2, 120.71
2026/09/11 11:59:50.204, 2, 23149, 97871, 1, 118.83
2026/09/11 11:59:50.204, 3, 23021, 97871, 2, 119.84
2026/09/11 11:59:50.404, 0, 23487, 97871, 2, 118.80
2026/09/11 11:59:50.404, 1, 23293, 97871, 1, 120.70
2026/09/11 11:59:50.404, 2, 23149, 97871, 2, 118.87
2026/09/11 11:59:50.404, 3, 23021, 97871, 4, 119.84
2026/09/11 11:59:50.605, 0, 23487, 97871, 1, 118.74
2026/09/11 11:59:50.605, 1, 23293, 97871, 2, 120.68
2026/09/11 11:59:50.605, 2, 23149, 97871, 2, 118.92
2026/09/11 11:59:50.605, 3, 23021, 97871, 1, 119.91
2026/09/11 11:59:50.805, 0, 23487, 97871, 2, 118.78
2026/09/11 11:59:50.805, 1, 23293, 97871, 2, 120.68
2026/09/11 11:59:50.805, 2, 23149, 97871, 1, 118.93
2026/09/11 11:59:50.805, 3, 23021, 97871, 2, 119.86
2026/09/11 11:59:51.005, 0, 23487, 97871, 2, 118.84
2026/09/11 11:59:51.005, 1, 23293, 97871, 1, 120.69
2026/09/11 11:59:51.005, 2, 23149, 97871, 1, 118.92
2026/09/11 11:59:51.005, 3, 23021, 97871, 3, 119.87
2026/09/11 11:59:51.205, 0, 23487, 97871, 1, 118.85
2026/09/11 11:59:51.206, 1, 23293, 97871, 2, 120.73
2026/09/11 11:59:51.206, 2, 23149, 97871, 2, 118.95
2026/09/11 11:59:51.206, 3, 23021, 97871, 1, 119.88
2026/09/11 11:59:51.406, 0, 23487, 97871, 2, 118.88
2026/09/11 11:59:51.406, 1, 23293, 97871, 2, 120.78
2026/09/11 11:59:51.406, 2, 23149, 97871, 5, 118.96
2026/09/11 11:59:51.406, 3, 23021, 97871, 1, 119.88
2026/09/11 11:59:51.606, 0, 23487, 97871, 2, 118.94
2026/09/11 11:59:51.606, 1, 23293, 97871, 1, 120.79
2026/09/11 11:59:51.606, 2, 23149, 97871, 1, 118.91
2026/09/11 11:59:51.606, 3, 23021, 97871, 2, 119.91
2026/09/11 11:59:51.806, 0, 23487, 97871, 5, 118.94
2026/09/11 11:59:51.806, 1, 23293, 97871, 2, 120.80
2026/09/11 11:59:51.807, 2, 23149, 97871, 1, 118.92
2026/09/11 11:59:51.807, 3, 23021, 97871, 1, 119.89
2026/09/11 11:59:52.007, 0, 23487, 97871, 1, 118.91
2026/09/11 11:59:52.007, 1, 23293, 97871, 2, 120.84
2026/09/11 11:59:52.007, 2, 23149, 97871, 2, 118.91
2026/09/11 11:59:52.007, 3, 23021, 97871, 2, 119.87
2026/09/11 11:59:52.207, 0, 23487, 97871, 2, 118.91
2026/09/11 11:59:52.207, 1, 23293, 97871, 4, 120.83
2026/09/11 11:59:52.207, 2, 23149, 97871, 1, 118.89
2026/09/11 11:59:52.207, 3, 23021, 97871, 2, 119.93
2026/09/11 11:59:52.407, 0, 23487, 97871, 2, 118.93
2026/09/11 11:59:52.407, 1, 23293, 97871, 1, 120.78
2026/09/11 11:59:52.407, 2, 23149, 97871, 1, 118.91
2026/09/11 11:59:52.407, 3, 23021, 97871, 1, 119.94
2026/09/11 11:59:52.608, 0, 23487, 97871, 1, 118.94
2026/09/11 11:59:52.608, 1, 23293, 97871, 2, 120.74
2026/09/11 11:59:52.608, 2, 23149, 97871, 2, 118.91
2026/09/11 11:59:52.608, 3, 23021, 97871, 2, 119.87
2026/09/11 11:59:52.808, 0, 23487, 97871, 1, 118.97
2026/09/11 11:59:52.808, 1, 23293, 97871, 2, 120.74
2026/09/11 11:59:52.808, 2, 23149, 97871, 1, 118.93
2026/09/11 11:59:52.808, 3, 23021, 97871, 1, 119.88
2026/09/11 11:59:53.008, 0, 23487, 97871, 2, 118.96
2026/09/11 11:59:53.008, 1, 23293, 97871, 1, 120.68
2026/09/11 11:59:53.008, 2, 23149, 97871, 1, 118.94
2026/09/11 11:59:53.008, 3, 23021, 97871, 1, 119.90
2026/09/11 11:59:53.209, 0, 23487, 97871, 1, 118.96
2026/09/11 11:59:53.209, 1, 23293, 97871, 1, 120.68
2026/09/11 11:59:53.209, 2, 23149, 97871, 2, 118.97
2026/09/11 11:59:53.209, 3, 23021, 97871, 2, 119.89
2026/09/11 11:59:53.409, 0, 23487, 97871, 1, 118.95
2026/09/11 11:59:53.409, 1, 23293, 97871, 2, 120.71
2026/09/11 11:59:53.409, 2, 23149, 97871, 1, 118.94
2026/09/11 11:59:53.409, 3, 23021, 97871, 1, 119.85
2026/09/11 11:59:53.609, 0, 23487, 97871, 2, 118.95
2026/09/11 11:59:53.609, 1, 23293, 97871, 1, 120.72
2026/09/11 11:59:53.609, 2, 23149, 97871, 1, 118.93
2026/09/11 11:59:53.609, 3, 23021, 97871, 1, 119.89
2026/09/11 11:59:53.809, 0, 23487, 97871, 2, 118.93
2026/09/11 11:59:53.810, 1, 23293, 97871, 1, 120.73
2026/09/11 11:59:53.810, 2, 23149, 97871, 2, 118.89
2026/09/11 11:59:53.810, 3, 23021, 97871, 2, 119.89
2026/09/11 11:59:54.010, 0, 23487, 97871, 2, 118.93
2026/09/11 11:59:54.010, 1, 23293, 97871, 2, 120.75
2026/09/11 11:59:54.010, 2, 23149, 97871, 1, 118.87
2026/09/11 11:59:54.010, 3, 23021, 97871, 1, 119.90
2026/09/11 11:59:54.210, 0, 23487, 97871, 1, 118.94
2026/09/11 11:59:54.210, 1, 23293, 97871, 1, 120.77
2026/09/11 11:59:54.210, 2, 23149, 97871, 1, 118.86
2026/09/11 11:59:54.210, 3, 23021, 97871, 1, 119.84
2026/09/11 11:59:54.410, 0, 23487, 97871, 2, 118.93
2026/09/11 11:59:54.411, 1, 23293, 97871, 1, 120.75
2026/09/11 11:59:54.411, 2, 23149, 97871, 2, 118.88
2026/09/11 11:59:54.411, 3, 23021, 97871, 2, 119.88
2026/09/11 11:59:54.611, 0, 23487, 97871, 2, 118.90
2026/09/11 11:59:54.611, 1, 23293, 97871, 2, 120.75
2026/09/11 11:59:54.611, 2, 23149, 97871, 1, 118.87
2026/09/11 11:59:54.611, 3, 23021, 97871, 1, 119.89
2026/09/11 11:59:54.811, 0, 23487, 97871, 1, 118.92
2026/09/11 11:59:54.811, 1, 23293, 97871, 1, 120.74
2026/09/11 11:59:54.811, 2, 23149, 97871, 1, 118.88
2026/09/11 11:59:54.811, 3, 23021, 97871, 2, 119.90
2026/09/11 11:59:55.012, 0, 23487, 97871, 1, 118.92
2026/09/11 11:59:55.012, 1, 23293, 97871, 1, 120.72
2026/09/11 11:59:55.012, 2, 23149, 97871, 2, 118.87
2026/09/11 11:59:55.012, 3, 23021, 97871, 2, 119.87
2026/09/11 11:59:55.212, 0, 23487, 97871, 2, 118.90
2026/09/11 11:59:55.212, 1, 23293, 97871, 2, 120.69
2026/09/11 11:59:55.212, 2, 23149, 97871, 1, 118.87
2026/09/11 11:59:55.212, 3, 23021, 97871, 1, 119.90
2026/09/11 11:59:55.412, 0, 23487, 97871, 1, 118.91
2026/09/11 11:59:55.412, 1, 23293, 97871, 1, 120.70
2026/09/11 11:59:55.412, 2, 23149, 97871, 1, 118.88
2026/09/11 11:59:55.412, 3, 23021, 97871, 2, 119.92
2026/09/11 11:59:55.612, 0, 23487, 97871, 1, 118.92
2026/09/11 11:59:55.613, 1, 23293, 97871, 1, 120.68
2026/09/11 11:59:55.613, 2, 23149, 97871, 2, 118.86
2026/09/11 11:59:55.613, 3, 23021, 97871, 2, 119.93
2026/09/11 11:59:55.813, 0, 23487, 97871, 2, 118.86
2026/09/11 11:59:55.813, 1, 23293, 97871, 2, 120.69
2026/09/11 11:59:55.813, 2, 23149, 97871, 1, 118.86
2026/09/11 11:59:55.813, 3, 23021, 97871, 1, 119.86
2026/09/11 11:59:56.013, 0, 23487, 97871, 1, 118.87
2026/09/11 11:59:56.013, 1, 23293, 97871, 1, 120.71
2026/09/11 11:59:56.013, 2, 23149, 97871, 1, 118.88
2026/09/11 11:59:56.013, 3, 23021, 97871, 2, 119.90
2026/09/11 11:59:56.213, 0, 23487, 97871, 1, 118.85
2026/09/11 11:59:56.214, 1, 23293, 97871, 2, 120.72
2026/09/11 11:59:56.214, 2, 23149, 97871, 2, 118.91
2026/09/11 11:59:56.214, 3, 23021, 97871, 1, 119.92
2026/09/11 11:59:56.414, 0, 23487, 97871, 2, 118.86
2026/09/11 11:59:56.414, 1, 23293, 97871, 2, 120.72
2026/09/11 11:59:56.414, 2, 23149, 97871, 1, 118.92
2026/09/11 11:59:56.414, 3, 23021, 97871, 1, 119.89
2026/09/11 11:59:56.614, 0, 23487, 97871, 1, 118.85
2026/09/11 11:59:56.614, 1, 23293, 97871, 1, 120.71
2026/09/11 11:59:56.614, 2, 23149, 97871, 1, 118.94
2026/09/11 11:59:56.614, 3, 23021, 97871, 2, 119.83
2026/09/11 11:59:56.814, 0, 23487, 97871, 1, 118.90
2026/09/11 11:59:56.814, 1, 23293, 97871, 2, 120.69
2026/09/11 11:59:56.815, 2, 23149, 97871, 2, 118.96
2026/09/11 11:59:56.815, 3, 23021, 97871, 1, 119.87
2026/09/11 11:59:57.015, 0, 23487, 97871, 2, 118.87
2026/09/11 11:59:57.015, 1, 23293, 97871, 2, 120.69
2026/09/11 11:59:57.015, 2, 23149, 97871, 1, 118.94
2026/09/11 11:59:57.015, 3, 23021, 97871, 2, 119.89
2026/09/11 11:59:57.215, 0, 23487, 97871, 1, 118.90
2026/09/11 11:59:57.215, 1, 23293, 97871, 1, 120.68
2026/09/11 11:59:57.215, 2, 23149, 97871, 2, 118.92
2026/09/11 11:59:57.215, 3, 23021, 97871, 2, 119.88
2026/09/11 11:59:57.415, 0, 23487, 97871, 1, 118.90
2026/09/11 11:59:57.415, 1, 23293, 97871, 2, 120.70
2026/09/11 11:59:57.415, 2, 23149, 97871, 2, 118.93
2026/09/11 11:59:57.416, 3, 23021, 97871, 1, 119.85
2026/09/11 11:59:57.616, 0, 23487, 97871, 2, 118.93
2026/09/11 11:59:57.616, 1, 23293, 97871, 2, 120.73
2026/09/11 11:59:57.616, 2, 23149, 97871, 1, 118.93
2026/09/11 11:59:57.616, 3, 23021, 97871, 2, 119.89
2026/09/11 11:59:57.816, 0, 23487, 97871, 1, 118.92
2026/09/11 11:59:57.816, 1, 23293, 97871, 1, 120.75
2026/09/11 11:59:57.816, 2, 23149, 97871, 2, 118.94
2026/09/11 11:59:57.816, 3, 23021, 97871, 1, 119.91
2026/09/11 11:59:58.016, 0, 23487, 97871, 1, 118.94
2026/09/11 11:59:58.016, 1, 23293, 97871, 2, 120.77
2026/09/11 11:59:58.016, 2, 23149, 97871, 2, 118.96
2026/09/11 11:59:58.016, 3, 23021, 97871, 1, 119.85
2026/09/11 11:59:58.217, 0, 23487, 97871, 2, 118.92
2026/09/11 11:59:58.217, 1, 23293, 97871, 1, 120.76
2026/09/11 11:59:58.217, 2, 23149, 97871, 1, 118.99
2026/09/11 11:59:58.217, 3, 23021, 97871, 2, 119.84
2026/09/11 11:59:58.417, 0, 23487, 97871, 1, 118.92
2026/09/11 11:59:58.417, 1, 23293, 97871, 1, 120.79
2026/09/11 11:59:58.417, 2, 23149, 97871, 2, 119.04
2026/09/11 11:59:58.417, 3, 23021, 97871, 1, 119.89
2026/09/11 11:59:58.617, 0, 23487, 97871, 1, 118.90
2026/09/11 11:59:58.617, 1, 23293, 97871, 2, 120.79
2026/09/11 11:59:58.617, 2, 23149, 97871, 1, 119.04
2026/09/11 11:59:58.617, 3, 23021, 97871, 1, 119.90
2026/09/11 11:59:58.817, 0, 23487, 97871, 2, 118.96
2026/09/11 11:59:58.818, 1, 23293, 97871, 1, 120.78
2026/09/11 11:59:58.818, 2, 23149, 97871, 1, 119.04
2026/09/11 11:59:58.818, 3, 23021, 97871, 2, 119.87
2026/09/11 11:59:59.018, 0, 23487, 97871, 1, 118.96
2026/09/11 11:59:59.018, 1, 23293, 97871, 2, 120.78
2026/09/11 11:59:59.018, 2, 23149, 97871, 2, 119.05
2026/09/11 11:59:59.018, 3, 23021, 97871, 1, 119.87
2026/09/11 11:59:59.218, 0, 23487, 97871, 1, 118.96
2026/09/11 11:59:59.218, 1, 23293, 97871, 2, 120.79
2026/09/11 11:59:59.218, 2, 23149, 97871, 1, 119.02
2026/09/11 11:59:59.218, 3, 23021, 97871, 2, 119.92
2026/09/11 11:59:59.418, 0, 23487, 97871, 2, 118.99
2026/09/11 11:59:59.418, 1, 23293, 97871, 1, 120.80
2026/09/11 11:59:59.419, 2, 23149, 97871, 2, 118.97
2026/09/11 11:59:59.419, 3, 23021, 97871, 2, 119.92
2026/09/11 11:59:59.619, 0, 23487, 97871, 1, 119.00
2026/09/11 11:59:59.619, 1, 23293, 97871, 2, 120.83
2026/09/11 11:59:59.619, 2, 23149, 97871, 2, 118.95
2026/09/11 11:59:59.619, 3, 23021, 97871, 1, 119.87
2026/09/11 11:59:59.819, 0, 23487, 97871, 1, 118.95
2026/09/11 11:59:59.819, 1, 23293, 97871, 2, 120.84
2026/09/11 11:59:59.819, 2, 23149, 97871, 2, 118.98
2026/09/11 11:59:59.819, 3, 23021, 97871, 2, 119.88
2026/09/11 12:00:00.019, 0, 23487, 97871, 2, 118.97
2026/09/11 12:00:00.019, 1, 23293, 97871, 1, 120.86
2026/09/11 12:00:00.020, 2, 23149, 97871, 2, 118.99
2026/09/11 12:00:00.020, 3, 23021, 97871, 1, 119.96
2026/09/11 12:00:00.220, 0, 23487, 97871, 1, 118.99
2026/09/11 12:00:00.220, 1, 23293, 97871, 2, 120.85
2026/09/11 12:00:00.220, 2, 23149, 97871, 1, 118.99
2026/09/11 12:00:00.220, 3, 23021, 97871, 1, 119.96
2026/09/11 12:00:00.420, 0, 23487, 97871, 2, 118.92
2026/09/11 12:00:00.420, 1, 23293, 97871, 2, 120.83
2026/09/11 12:00:00.420, 2, 23149, 97871, 1, 119.02
2026/09/11 12:00:00.420, 3, 23021, 97871, 2, 119.94
2026/09/11 12:00:00.620, 0, 23487, 97871, 2, 118.92
2026/09/11 12:00:00.620, 1, 23293, 97871, 1, 120.81
2026/09/11 12:00:00.620, 2, 23149, 97871, 2, 119.04
2026/09/11 12:00:00.621, 3, 23021, 97871, 2, 119.93
2026/09/11 12:00:00.821, 0, 23487, 97871, 1, 118.92
2026/09/11 12:00:00.821, 1, 23293, 97871, 2, 120.82
2026/09/11 12:00:00.821, 2, 23149, 97871, 1, 119.03
2026/09/11 12:00:00.821, 3, 23021, 97871, 2, 119.96
2026/09/11 12:00:01.021, 0, 23487, 97871, 2, 118.92
2026/09/11 12:00:01.021, 1, 23293, 97871, 2, 120.77
2026/09/11 12:00:01.021, 2, 23149, 97871, 1, 119.00
2026/09/11 12:00:01.021, 3, 23021, 97871, 2, 119.93
2026/09/11 12:00:01.221, 0, 23487, 97871, 2, 118.90
2026/09/11 12:00:01.222, 1, 23293, 97871, 1, 120.74
2026/09/11 12:00:01.222, 2, 23149, 97871, 2, 119.00
2026/09/11 12:00:01.222, 3, 23021, 97871, 2, 119.89
2026/09/11 12:00:01.422, 0, 23487, 97871, 1, 118.98
2026/09/11 12:00:01.422, 1, 23293, 97871, 2, 120.75
2026/09/11 12:00:01.422, 2, 23149, 97871, 1, 118.99
2026/09/11 12:00:01.422, 3, 23021, 97871, 2, 119.88
2026/09/11 12:00:01.622, 0, 23487, 97871, 1, 118.96
2026/09/11 12:00:01.622, 1, 23293, 97871, 2, 120.77
2026/09/11 12:00:01.622, 2, 23149, 97871, 2, 119.00
2026/09/11 12:00:01.622, 3, 23021, 97871, 2, 119.91
2026/09/11 12:00:01.822, 0, 23487, 97871, 2, 118.93
2026/09/11 12:00:01.823, 1, 23293, 97871, 1, 120.74
2026/09/11 12:00:01.823, 2, 23149, 97871, 2, 119.00
2026/09/11 12:00:01.823, 3, 23021, 97871, 0, 119.89
2026/09/11 12:00:02.023, 0, 23487, 97871, 1, 118.92
2026/09/11 12:00:02.023, 1, 23293, 97871, 2, 120.75
2026/09/11 12:00:02.023, 2, 23149, 97871, 1, 119.00
2026/09/11 12:00:02.023, 3, 23021, 97871, 0, 119.88
2026/09/11 12:00:02.223, 0, 23487, 97871, 2, 118.94
2026/09/11 12:00:02.223, 1, 23293, 97871, 1, 120.77
2026/09/11 12:00:02.223, 2, 23149, 97871, 2, 119.03
2026/09/11 12:00:02.223, 3, 23021, 97871, 0, 119.90
2026/09/11 12:00:02.423, 0, 23487, 97871, 2, 118.92
2026/09/11 12:00:02.423, 1, 23293, 97871, 1, 120.78
2026/09/11 12:00:02.423, 2, 23149, 97871, 2, 119.03
2026/09/11 12:00:02.424, 3, 23021, 97871, 0, 119.97
2026/09/11 12:00:02.624, 0, 23487, 97871, 1, 118.92
2026/09/11 12:00:02.624, 1, 23293, 97871, 2, 120.80
2026/09/11 12:00:02.624, 2, 23149, 97871, 1, 119.00
2026/09/11 12:00:02.624, 3, 23021, 97871, 0, 119.98
2026/09/11 12:00:02.824, 0, 23487, 97871, 2, 118.96
2026/09/11 12:00:02.824, 1, 23293, 97871, 1, 120.80
2026/09/11 12:00:02.824, 2, 23149, 97871, 2, 118.98
2026/09/11 12:00:02.824, 3, 23021, 97871, 0, 119.95
2026/09/11 12:00:03.024, 0, 23487, 97871, 2, 118.95
2026/09/11 12:00:03.024, 1, 23293, 97871, 2, 120.79
2026/09/11 12:00:03.024, 2, 23149, 97871, 1, 118.97
2026/09/11 12:00:03.024, 3, 23021, 97871, 0, 119.97
2026/09/11 12:00:03.225, 0, 23487, 97871, 1, 118.93
2026/09/11 12:00:03.225, 1, 23293, 97871, 2, 120.76
2026/09/11 12:00:03.225, 2, 23149, 97871, 0, 118.97
2026/09/11 12:00:03.225, 3, 23021, 97871, 0, 120.01
2026/09/11 12:00:03.425, 0, 23487, 97871, 2, 118.96
2026/09/11 12:00:03.425, 1, 23293, 97871, 1, 120.76
2026/09/11 12:00:03.425, 2, 23149, 97871, 0, 119.00
2026/09/11 12:00:03.425, 3, 23021, 97871, 0, 120.01
2026/09/11 12:00:03.625, 0, 23487, 97871, 2, 119.00
2026/09/11 12:00:03.625, 1, 23293, 97871, 2, 120.74
2026/09/11 12:00:03.625, 2, 23149, 97871, 0, 119.05
2026/09/11 12:00:03.625, 3, 23021, 97871, 0, 119.96
2026/09/11 12:00:03.826, 0, 23487, 97871, 0, 118.97
2026/09/11 12:00:03.826, 1, 23293, 97871, 1, 120.76
2026/09/11 12:00:03.826, 2, 23149, 97871, 0, 119.11
2026/09/11 12:00:03.826, 3, 23021, 97871, 0, 120.00
2026/09/11 12:00:04.026, 0, 23487, 97871, 0, 118.99
2026/09/11 12:00:04.026, 1, 23293, 97871, 0, 120.78
2026/09/11 12:00:04.026, 2, 23149, 97871, 0, 119.13
2026/09/11 12:00:04.026, 3, 23021, 97871, 0, 120.05
2026/09/11 12:00:04.227, 0, 23487, 97871, 0, 119.04
2026/09/11 12:00:04.227, 1, 23293, 97871, 0, 120.84
2026/09/11 12:00:04.227, 2, 23149, 97871, 0, 119.16
2026/09/11 12:00:04.227, 3, 23021, 97871, 0, 120.06
2026/09/11 12:00:04.427, 0, 23487, 97871, 0, 119.01
2026/09/11 12:00:04.427, 1, 23293, 97871, 0, 120.86
2026/09/11 12:00:04.427, 2, 23149, 97871, 0, 119.14
2026/09/11 12:00:04.427, 3, 23021, 97871, 0, 120.02
2026/09/11 12:00:04.627, 0, 23487, 97871, 0, 119.00
2026/09/11 12:00:04.627, 1, 23293, 97871, 0, 120.89
2026/09/11 12:00:04.627, 2, 23149, 97871, 0, 119.14
2026/09/11 12:00:04.627, 3, 23021, 97871, 0, 120.04
2026/09/11 12:00:04.832, 0, 23487, 97871, 0, 119.08
2026/09/11 12:00:04.832, 1, 23293, 97871, 0, 120.85
2026/09/11 12:00:04.832, 2, 23149, 97871, 0, 119.13
2026/09/11 12:00:04.832, 3, 23021, 97871, 0, 120.06
2026/09/11 12:00:05.032, 0, 23487, 97871, 0, 119.07
2026/09/11 12:00:05.032, 1, 23293, 97871, 0, 120.86
2026/09/11 12:00:05.033, 2, 23149, 97871, 0, 119.12
2026/09/11 12:00:05.033, 3, 23021, 97871, 0, 120.04
2026/09/11 12:00:05.233, 0, 23487, 97871, 0, 119.04
2026/09/11 12:00:05.233, 1, 23293, 97871, 0, 120.85
2026/09/11 12:00:05.233, 2, 23149, 97871, 0, 119.12
2026/09/11 12:00:05.233, 3, 23021, 97871, 0, 120.00
2026/09/11 12:00:05.433, 0, 23487, 97871, 0, 119.09
2026/09/11 12:00:05.433, 1, 23293, 97871, 0, 120.86
2026/09/11 12:00:05.433, 2, 23149, 97871, 0, 119.14
2026/09/11 12:00:05.433, 3, 23021, 97871, 0, 120.05
2026/09/11 12:00:05.633, 0, 23487, 97871, 0, 119.08
2026/09/11 12:00:05.633, 1, 23293, 97871, 0, 120.86
2026/09/11 12:00:05.633, 2, 23149, 97871, 0, 119.16
2026/09/11 12:00:05.634, 3, 23021, 97871, 0, 120.08
2026/09/11 12:00:05.834, 0, 23487, 97871, 0, 119.04
2026/09/11 12:00:05.834, 1, 23293, 97871, 0, 120.94
2026/09/11 12:00:05.834, 2, 23149, 97871, 0, 119.18
2026/09/11 12:00:05.834, 3, 23021, 97871, 0, 120.10
2026/09/11 12:00:06.034, 0, 23487, 97871, 0, 119.09
2026/09/11 12:00:06.034, 1, 23293, 97871, 0, 120.94
2026/09/11 12:00:06.034, 2, 23149, 97871, 0, 119.17
2026/09/11 12:00:06.034, 3, 23021, 97871, 0, 120.09
2026/09/11 12:00:06.234, 0, 23487, 97871, 0, 119.11
2026/09/11 12:00:06.234, 1, 23293, 97871, 0, 120.95
2026/09/11 12:00:06.234, 2, 23149, 97871, 0, 119.19
2026/09/11 12:00:06.234, 3, 23021, 97871, 0, 120.11
2026/09/11 12:00:06.435, 0, 23487, 97871, 0, 119.07
2026/09/11 12:00:06.435, 1, 23293, 97871, 0, 120.93
2026/09/11 12:00:06.435, 2, 23149, 97871, 0, 119.18
2026/09/11 12:00:06.435, 3, 23021, 97871, 0, 120.12
2026/09/11 12:00:06.635, 0, 23487, 97871, 0, 119.06
2026/09/11 12:00:06.635, 1, 23293, 97871, 0, 120.93
2026/09/11 12:00:06.635, 2, 23149, 97871, 0, 119.16
2026/09/11 12:00:06.635, 3, 23021, 97871, 0, 120.09
2026/09/11 12:00:06.835, 0, 23487, 97871, 0, 119.06
2026/09/11 12:00:06.835, 1, 23293, 97871, 0, 120.92
2026/09/11 12:00:06.835, 2, 23149, 97871, 0, 119.16
2026/09/11 12:00:06.835, 3, 23021, 97871, 0, 120.03
2026/09/11 12:00:07.036, 0, 23487, 97871, 0, 119.00
2026/09/11 12:00:07.036, 1, 23293, 97871, 0, 120.91
2026/09/11 12:00:07.036, 2, 23149, 97871, 0, 119.13
2026/09/11 12:00:07.036, 3, 23021, 97871, 0, 120.07
2026/09/11 12:00:07.236, 0, 23487, 97871, 0, 118.96
2026/09/11 12:00:07.236, 1, 23293, 97871, 0, 120.89
2026/09/11 12:00:07.236, 2, 23149, 97871, 0, 119.14
2026/09/11 12:00:07.236, 3, 23021, 97871, 0, 120.10
2026/09/11 12:00:07.436, 0, 23487, 97871, 0, 118.99
2026/09/11 12:00:07.436, 1, 23293, 97871, 0, 120.90
2026/09/11 12:00:07.436, 2, 23149, 97871, 0, 119.14
2026/09/11 12:00:07.436, 3, 23021, 97871, 0, 120.06
2026/09/11 12:00:07.637, 0, 23487, 97871, 0, 119.01
2026/09/11 12:00:07.637, 1, 23293, 97871, 0, 120.92
2026/09/11 12:00:07.637, 2, 23149, 97871, 0, 119.14
2026/09/11 12:00:07.637, 3, 23021, 97871, 0, 120.04
2026/09/11 12:00:07.837, 0, 23487, 97871, 0, 119.02
2026/09/11 12:00:07.837, 1, 23293, 97871, 0, 120.91
2026/09/11 12:00:07.837, 2, 23149, 97871, 0, 119.17
2026/09/11 12:00:07.837, 3, 23021, 97871, 0, 120.13
2026/09/11 12:00:08.037, 0, 23487, 97871, 0, 119.07
2026/09/11 12:00:08.038, 1, 23293, 97871, 0, 120.92
2026/09/11 12:00:08.038, 2, 23149, 97871, 0, 119.16
2026/09/11 12:00:08.038, 3, 23021, 97871, 0, 120.13
2026/09/11 12:00:08.238, 0, 23487, 97871, 0, 119.11
2026/09/11 12:00:08.238, 1, 23293, 97871, 0, 120.93
2026/09/11 12:00:08.238, 2, 23149, 97871, 0, 119.14
2026/09/11 12:00:08.238, 3, 23021, 97871, 0, 120.05
2026/09/11 12:00:08.438, 0, 23487, 97871, 0, 119.05
2026/09/11 12:00:08.438, 1, 23293, 97871, 0, 120.93
2026/09/11 12:00:08.438, 2, 23149, 97871, 0, 119.13
2026/09/11 12:00:08.439, 3, 23021, 97871, 0, 120.05
2026/09/11 12:00:08.639, 0, 23487, 97871, 0, 119.06
2026/09/11 12:00:08.639, 1, 23293, 97871, 0, 120.91
2026/09/11 12:00:08.639, 2, 23149, 97871, 0, 119.14
2026/09/11 12:00:08.639, 3, 23021, 97871, 0, 120.06
2026/09/11 12:00:08.839, 0, 23487, 97871, 0, 119.07
2026/09/11 12:00:08.839, 1, 23293, 97871, 0, 120.93
2026/09/11 12:00:08.839, 2, 23149, 97871, 0, 119.14
2026/09/11 12:00:08.839, 3, 23021, 97871, 0, 120.04
2026/09/11 12:00:09.039, 0, 23487, 97871, 0, 119.01
2026/09/11 12:00:09.039, 1, 23293, 97871, 0, 120.93
2026/09/11 12:00:09.040, 2, 23149, 97871, 0, 119.15
2026/09/11 12:00:09.040, 3, 23021, 97871, 0, 119.97
2026/09/11 12:00:09.240, 0, 23487, 97871, 0, 119.02
2026/09/11 12:00:09.240, 1, 23293, 97871, 0, 120.92
2026/09/11 12:00:09.240, 2, 23149, 97871, 0, 119.15
2026/09/11 12:00:09.240, 3, 23021, 97871, 0, 119.97
2026/09/11 12:00:09.440, 0, 23487, 97871, 0, 119.08
2026/09/11 12:00:09.440, 1, 23293, 97871, 0, 120.92
2026/09/11 12:00:09.440, 2, 23149, 97871, 0, 119.16
2026/09/11 12:00:09.440, 3, 23021, 97871, 0, 120.01
2026/09/11 12:00:09.640, 0, 23487, 97871, 0, 119.07
2026/09/11 12:00:09.640, 1, 23293, 97871, 0, 120.91
2026/09/11 12:00:09.640, 2, 23149, 97871, 0, 119.18
2026/09/11 12:00:09.641, 3, 23021, 97871, 0, 120.00
2026/09/11 12:00:09.841, 0, 23487, 97871, 0, 119.04
2026/09/11 12:00:09.841, 1, 23293, 97871, 0, 120.91
2026/09/11 12:00:09.841, 2, 23149, 97871, 0, 119.21
2026/09/11 12:00:09.841, 3, 23021, 97871, 0, 119.93
2026/09/11 12:00:10.041, 0, 23487, 97871, 0, 119.09
2026/09/11 12:00:10.041, 1, 23293, 97871, 0, 120.92
2026/09/11 12:00:10.041, 2, 23149, 97871, 0, 119.20
2026/09/11 12:00:10.041, 3, 23021, 97871, 0, 119.95
2026/09/11 12:00:10.241, 0, 23487, 97871, 0, 119.09
2026/09/11 12:00:10.241, 1, 23293, 97871, 0, 120.93
2026/09/11 12:00:10.241, 2, 23149, 97871, 0, 119.22
2026/09/11 12:00:10.241, 3, 23021, 97871, 0, 120.03
2026/09/11 12:00:10.442, 0, 23487, 97871, 0, 119.07
2026/09/11 12:00:10.442, 1, 23293, 97871, 0, 120.95
2026/09/11 12:00:10.442, 2, 23149, 97871, 0, 119.21
2026/09/11 12:00:10.442, 3, 23021, 97871, 0, 120.04
2026/09/11 12:00:10.642, 0, 23487, 97871, 0, 119.07
2026/09/11 12:00:10.642, 1, 23293, 97871, 0, 120.96
2026/09/11 12:00:10.642, 2, 23149, 97871, 0, 119.20
2026/09/11 12:00:10.642, 3, 23021, 97871, 0, 120.00
2026/09/11 12:00:10.842, 0, 23835, 97871, 0, 119.12
2026/09/11 12:00:10.842, 1, 23293, 97871, 0, 120.98
2026/09/11 12:00:10.842, 2, 23497, 97871, 0, 119.20
2026/09/11 12:00:10.842, 3, 23021, 97871, 0, 120.04
2026/09/11 12:00:11.043, 0, 24499, 97871, 3, 119.94
2026/09/11 12:00:11.043, 1, 24305, 97871, 3, 121.01
2026/09/11 12:00:11.043, 2, 24141, 97871, 3, 120.16
2026/09/11 12:00:11.043, 3, 24013, 97871, 0, 120.12
2026/09/11 12:00:11.243, 0, 24499, 97871, 0, 119.98
2026/09/11 12:00:11.243, 1, 24305, 97871, 4, 122.04
2026/09/11 12:00:11.243, 2, 24141, 97871, 0, 120.15
2026/09/11 12:00:11.243, 3, 24013, 97871, 5, 121.08
2026/09/11 12:00:11.443, 0, 24499, 97871, 0, 120.08
2026/09/11 12:00:11.443, 1, 24305, 97871, 0, 121.98
2026/09/11 12:00:11.443, 2, 24141, 97871, 0, 120.16
2026/09/11 12:00:11.443, 3, 24013, 97871, 0, 121.04
2026/09/11 12:00:11.643, 0, 24501, 97871, 0, 120.04
2026/09/11 12:00:11.644, 1, 24305, 97871, 0, 122.27
2026/09/11 12:00:11.644, 2, 24141, 97871, 0, 120.18
2026/09/11 12:00:11.644, 3, 24013, 97871, 0, 121.11
2026/09/11 12:00:11.844, 0, 24501, 97871, 81, 127.80
2026/09/11 12:00:11.844, 1, 24305, 97871, 0, 124.05
2026/09/11 12:00:11.844, 2, 24143, 97871, 0, 125.81
2026/09/11 12:00:11.844, 3, 24013, 97871, 0, 122.22
2026/09/11 12:00:12.044, 0, 24609, 97871, 100, 140.29
2026/09/11 12:00:12.044, 1, 24415, 97871, 45, 146.02
2026/09/11 12:00:12.044, 2, 24251, 97871, 100, 140.20
2026/09/11 12:00:12.044, 3, 24123, 97871, 25, 136.82
2026/09/11 12:00:12.244, 0, 24609, 97871, 100, 176.42
2026/09/11 12:00:12.245, 1, 24415, 97871, 100, 182.78
2026/09/11 12:00:12.245, 2, 24251, 97871, 100, 180.77
2026/09/11 12:00:12.245, 3, 24123, 97871, 100, 172.92
2026/09/11 12:00:12.445, 0, 27297, 97871, 100, 210.11
2026/09/11 12:00:12.445, 1, 27103, 97871, 97, 217.52
2026/09/11 12:00:12.445, 2, 26939, 97871, 100, 216.15
2026/09/11 12:00:12.445, 3, 26811, 97871, 100, 209.61
2026/09/11 12:00:12.645, 0, 27297, 97871, 100, 246.05
2026/09/11 12:00:12.645, 1, 27103, 97871, 100, 254.46
2026/09/11 12:00:12.645, 2, 26939, 97871, 100, 249.96
2026/09/11 12:00:12.645, 3, 26811, 97871, 100, 244.53
2026/09/11 12:00:12.845, 0, 27297, 97871, 100, 274.67
2026/09/11 12:00:12.845, 1, 27103, 97871, 100, 292.23
2026/09/11 12:00:12.846, 2, 26939, 97871, 100, 281.21
2026/09/11 12:00:12.846, 3, 26811, 97871, 100, 284.00
2026/09/11 12:00:13.046, 0, 27297, 97871, 100, 300.93
2026/09/11 12:00:13.046, 1, 27103, 97871, 100, 306.53
2026/09/11 12:00:13.046, 2, 26939, 97871, 100, 301.47
2026/09/11 12:00:13.046, 3, 26811, 97871, 100, 306.82
2026/09/11 12:00:13.246, 0, 28001, 97871, 100, 300.02
2026/09/11 12:00:13.246, 1, 27807, 97871, 100, 303.29
2026/09/11 12:00:13.246, 2, 27643, 97871, 100, 298.89
2026/09/11 12:00:13.246, 3, 27515, 97871, 100, 307.37
2026/09/11 12:00:13.446, 0, 28001, 97871, 77, 308.58
2026/09/11 12:00:13.446, 1, 27807, 97871, 100, 309.54
2026/09/11 12:00:13.446, 2, 27643, 97871, 72, 304.58
2026/09/11 12:00:13.446, 3, 27515, 97871, 82, 308.26
2026/09/11 12:00:13.646, 0, 28001, 97871, 100, 320.85
2026/09/11 12:00:13.647, 1, 27807, 97871, 100, 317.53
2026/09/11 12:00:13.647, 2, 27643, 97871, 100, 310.30
2026/09/11 12:00:13.647, 3, 27515, 97871, 100, 313.49
2026/09/11 12:00:13.847, 0, 28245, 97871, 100, 317.76
2026/09/11 12:00:13.847, 1, 28051, 97871, 100, 308.79
2026/09/11 12:00:13.847, 2, 27887, 97871, 100, 295.96
2026/09/11 12:00:13.847, 3, 27759, 97871, 100, 311.38
2026/09/11 12:00:14.047, 0, 28537, 97871, 1, 282.29
2026/09/11 12:00:14.048, 1, 28343, 97871, 1, 273.17
2026/09/11 12:00:14.048, 2, 28179, 97871, 1, 260.00
2026/09/11 12:00:14.048, 3, 28051, 97871, 1, 274.27
2026/09/11 12:00:14.250, 0, 28537, 97871, 0, 246.62
2026/09/11 12:00:14.250, 1, 28343, 97871, 0, 238.35
2026/09/11 12:00:14.250, 2, 28179, 97871, 0, 226.60
2026/09/11 12:00:14.250, 3, 28051, 97871, 0, 236.82
2026/09/11 12:00:14.450, 0, 34181, 97871, 4, 209.05
2026/09/11 12:00:14.450, 1, 33987, 97871, 21, 208.57
2026/09/11 12:00:14.451, 2, 33823, 97871, 2, 193.57
2026/09/11 12:00:14.451, 3, 33695, 97871, 18, 206.88
2026/09/11 12:00:14.651, 0, 34181, 97871, 8, 162.23
2026/09/11 12:00:14.651, 1, 33987, 97871, 0, 160.91
2026/09/11 12:00:14.651, 2, 33823, 97871, 8, 151.71
2026/09/11 12:00:14.651, 3, 33695, 97871, 0, 168.12
2026/09/11 12:00:14.851, 0, 34181, 97871, 0, 141.26
2026/09/11 12:00:14.851, 1, 33987, 97871, 0, 146.74
2026/09/11 12:00:14.851, 2, 33823, 97871, 0, 145.08
2026/09/11 12:00:14.851, 3, 33695, 97871, 0, 136.33
2026/09/11 12:00:15.051, 0, 34181, 97871, 100, 185.08
2026/09/11 12:00:15.051, 1, 33987, 97871, 100, 189.39
2026/09/11 12:00:15.051, 2, 33823, 97871, 100, 185.82
2026/09/11 12:00:15.052, 3, 33695, 97871, 100, 175.48
2026/09/11 12:00:15.252, 0, 34181, 97871, 100, 234.39
2026/09/11 12:00:15.252, 1, 33987, 97871, 100, 234.64
2026/09/11 12:00:15.252, 2, 33823, 97871, 100, 228.65
2026/09/11 12:00:15.252, 3, 33695, 97871, 100, 217.78
2026/09/11 12:00:15.452, 0, 35963, 97871, 77, 247.62
2026/09/11 12:00:15.452, 1, 35769, 97871, 91, 247.35
2026/09/11 12:00:15.452, 2, 35605, 97871, 89, 245.44
2026/09/11 12:00:15.452, 3, 35477, 97871, 76, 236.54
2026/09/11 12:00:15.652, 0, 35963, 97871, 36, 259.67
2026/09/11 12:00:15.652, 1, 35769, 97871, 17, 255.67
2026/09/11 12:00:15.652, 2, 35605, 97871, 64, 250.06
2026/09/11 12:00:15.653, 3, 35477, 97871, 41, 247.80
2026/09/11 12:00:15.853, 0, 35963, 97871, 0, 249.60
2026/09/11 12:00:15.853, 1, 35769, 97871, 0, 241.74
2026/09/11 12:00:15.853, 2, 35605, 97871, 0, 230.96
2026/09/11 12:00:15.853, 3, 35477, 97871, 0, 243.88
2026/09/11 12:00:16.053, 0, 35963, 97871, 0, 201.58
2026/09/11 12:00:16.053, 1, 35769, 97871, 0, 200.25
2026/09/11 12:00:16.053, 2, 35605, 97871, 0, 186.80
2026/09/11 12:00:16.053, 3, 35477, 97871, 0, 203.10
2026/09/11 12:00:16.253, 0, 35963, 97871, 0, 157.57
2026/09/11 12:00:16.253, 1, 35769, 97871, 0, 151.43
2026/09/11 12:00:16.253, 2, 35605, 97871, 0, 147.06
2026/09/11 12:00:16.253, 3, 35477, 97871, 0, 159.90
2026/09/11 12:00:16.454, 0, 35963, 97871, 0, 131.32
2026/09/11 12:00:16.454, 1, 35769, 97871, 0, 132.58
2026/09/11 12:00:16.454, 2, 35605, 97871, 0, 122.15
2026/09/11 12:00:16.454, 3, 35477, 97871, 0, 133.54
2026/09/11 12:00:16.654, 0, 35963, 97871, 0, 119.72
2026/09/11 12:00:16.654, 1, 35769, 97871, 0, 121.64
2026/09/11 12:00:16.654, 2, 35605, 97871, 0, 119.94
2026/09/11 12:00:16.654, 3, 35477, 97871, 0, 120.58
2026/09/11 12:00:16.854, 0, 35963, 97871, 0, 119.73
2026/09/11 12:00:16.854, 1, 35769, 97871, 0, 121.57
2026/09/11 12:00:16.854, 2, 35605, 97871, 0, 119.85
2026/09/11 12:00:16.854, 3, 35477, 97871, 0, 120.44
2026/09/11 12:00:17.055, 0, 35963, 97871, 0, 119.65
2026/09/11 12:00:17.055, 1, 35769, 97871, 0, 121.53
2026/09/11 12:00:17.055, 2, 35605, 97871, 0, 119.81
2026/09/11 12:00:17.055, 3, 35477, 97871, 0, 120.51
2026/09/11 12:00:17.255, 0, 35963, 97871, 0, 119.61
2026/09/11 12:00:17.255, 1, 35769, 97871, 0, 121.50
2026/09/11 12:00:17.255, 2, 35605, 97871, 0, 119.76
2026/09/11 12:00:17.255, 3, 35477, 97871, 0, 120.50
2026/09/11 12:00:17.455, 0, 35963, 97871, 0, 119.60
2026/09/11 12:00:17.455, 1, 35769, 97871, 0, 121.48
2026/09/11 12:00:17.455, 2, 35605, 97871, 0, 119.79
2026/09/11 12:00:17.455, 3, 35477, 97871, 0, 120.45
2026/09/11 12:00:17.656, 0, 35963, 97871, 0, 119.57
2026/09/11 12:00:17.656, 1, 35769, 97871, 0, 121.44
2026/09/11 12:00:17.656, 2, 35605, 97871, 0, 119.75
2026/09/11 12:00:17.656, 3, 35477, 97871, 0, 120.42
2026/09/11 12:00:17.856, 0, 35963, 97871, 0, 119.53
2026/09/11 12:00:17.856, 1, 35769, 97871, 0, 121.39
2026/09/11 12:00:17.856, 2, 35605, 97871, 0, 119.74
2026/09/11 12:00:17.856, 3, 35477, 97871, 0, 120.48
2026/09/11 12:00:18.056, 0, 35963, 97871, 0, 119.56
2026/09/11 12:00:18.056, 1, 35769, 97871, 0, 121.36
2026/09/11 12:00:18.056, 2, 35605, 97871, 0, 119.72
2026/09/11 12:00:18.056, 3, 35477, 97871, 0, 120.44
2026/09/11 12:00:18.257, 0, 35963, 97871, 0, 119.57
2026/09/11 12:00:18.257, 1, 35769, 97871, 0, 121.35
2026/09/11 12:00:18.257, 2, 35605, 97871, 0, 119.70
2026/09/11 12:00:18.257, 3, 35477, 97871, 0, 120.38
2026/09/11 12:00:18.457, 0, 35963, 97871, 0, 119.52
2026/09/11 12:00:18.457, 1, 35769, 97871, 0, 121.34
2026/09/11 12:00:18.457, 2, 35605, 97871, 0, 119.66
2026/09/11 12:00:18.457, 3, 35477, 97871, 0, 120.35
2026/09/11 12:00:18.657, 0, 35963, 97871, 0, 119.51
2026/09/11 12:00:18.657, 1, 35769, 97871, 0, 121.34
2026/09/11 12:00:18.657, 2, 35605, 97871, 0, 119.62
2026/09/11 12:00:18.657, 3, 35477, 97871, 0, 120.36
2026/09/11 12:00:18.858, 0, 35963, 97871, 0, 119.53
2026/09/11 12:00:18.858, 1, 35769, 97871, 0, 121.36
2026/09/11 12:00:18.858, 2, 35605, 97871, 0, 119.61
2026/09/11 12:00:18.858, 3, 35477, 97871, 0, 120.41
2026/09/11 12:00:19.058, 0, 35963, 97871, 0, 119.48
2026/09/11 12:00:19.058, 1, 35769, 97871, 0, 121.35
2026/09/11 12:00:19.058, 2, 35605, 97871, 0, 119.59
2026/09/11 12:00:19.058, 3, 35477, 97871, 0, 120.41
2026/09/11 12:00:19.258, 0, 35963, 97871, 0, 119.42
2026/09/11 12:00:19.258, 1, 35769, 97871, 0, 121.35
2026/09/11 12:00:19.258, 2, 35605, 97871, 0, 119.58
2026/09/11 12:00:19.258, 3, 35477, 97871, 0, 120.39
2026/09/11 12:00:19.458, 0, 35963, 97871, 0, 119.42
2026/09/11 12:00:19.459, 1, 35769, 97871, 0, 121.35
2026/09/11 12:00:19.459, 2, 35605, 97871, 0, 119.58
2026/09/11 12:00:19.459, 3, 35477, 97871, 0, 120.34
2026/09/11 12:00:19.659, 0, 35963, 97871, 0, 119.42
2026/09/11 12:00:19.659, 1, 35769, 97871, 0, 121.34
2026/09/11 12:00:19.659, 2, 35605, 97871, 0, 119.54
2026/09/11 12:00:19.659, 3, 35477, 97871, 0, 120.38
2026/09/11 12:00:19.859, 0, 35963, 97871, 0, 119.39
2026/09/11 12:00:19.859, 1, 35769, 97871, 0, 121.31
2026/09/11 12:00:19.859, 2, 35605, 97871, 0, 119.51
2026/09/11 12:00:19.859, 3, 35477, 97871, 0, 120.41
2026/09/11 12:00:20.059, 0, 35963, 97871, 0, 119.40
2026/09/11 12:00:20.060, 1, 35769, 97871, 0, 121.30
2026/09/11 12:00:20.060, 2, 35605, 97871, 0, 119.49
2026/09/11 12:00:20.060, 3, 35477, 97871, 0, 120.38
2026/09/11 12:00:20.260, 0, 35963, 97871, 0, 119.40
2026/09/11 12:00:20.260, 1, 35769, 97871, 0, 121.28
2026/09/11 12:00:20.260, 2, 35605, 97871, 0, 119.48
2026/09/11 12:00:20.260, 3, 35477, 97871, 0, 120.38
2026/09/11 12:00:20.460, 0, 35963, 97871, 0, 119.38
2026/09/11 12:00:20.460, 1, 35769, 97871, 0, 121.25
2026/09/11 12:00:20.460, 2, 35605, 97871, 0, 119.49
2026/09/11 12:00:20.460, 3, 35477, 97871, 0, 120.40
2026/09/11 12:00:20.660, 0, 35963, 97871, 0, 119.39
2026/09/11 12:00:20.660, 1, 35769, 97871, 0, 121.25
2026/09/11 12:00:20.660, 2, 35605, 97871, 0, 119.50
2026/09/11 12:00:20.661, 3, 35477, 97871, 0, 120.39
2026/09/11 12:00:20.861, 0, 35963, 97871, 0, 119.38
2026/09/11 12:00:20.861, 1, 35769, 97871, 0, 121.26
2026/09/11 12:00:20.861, 2, 35605, 97871, 0, 119.54
2026/09/11 12:00:20.861, 3, 35477, 97871, 0, 120.32
2026/09/11 12:00:21.061, 0, 35963, 97871, 0, 119.36
2026/09/11 12:00:21.061, 1, 35769, 97871, 0, 121.28
2026/09/11 12:00:21.061, 2, 35605, 97871, 0, 119.55
2026/09/11 12:00:21.061, 3, 35477, 97871, 0, 120.33
2026/09/11 12:00:21.261, 0, 35963, 97871, 0, 119.38
2026/09/11 12:00:21.261, 1, 35769, 97871, 0, 121.28
2026/09/11 12:00:21.261, 2, 35605, 97871, 0, 119.55
2026/09/11 12:00:21.261, 3, 35477, 97871, 0, 120.34
2026/09/11 12:00:21.462, 0, 35963, 97871, 0, 119.42
2026/09/11 12:00:21.462, 1, 35769, 97871, 0, 121.29
2026/09/11 12:00:21.462, 2, 35605, 97871, 0, 119.57
2026/09/11 12:00:21.462, 3, 35477, 97871, 0, 120.34
2026/09/11 12:00:21.662, 0, 35963, 97871, 0, 119.39
2026/09/11 12:00:21.662, 1, 35769, 97871, 0, 121.30
2026/09/11 12:00:21.662, 2, 35605, 97871, 0, 119.57
2026/09/11 12:00:21.662, 3, 35477, 97871, 0, 120.30
2026/09/11 12:00:21.862, 0, 35963, 97871, 0, 119.40
2026/09/11 12:00:21.862, 1, 35769, 97871, 0, 121.28
2026/09/11 12:00:21.862, 2, 35605, 97871, 0, 119.54
2026/09/11 12:00:21.862, 3, 35477, 97871, 0, 120.31
2026/09/11 12:00:22.062, 0, 35963, 97871, 0, 119.40
2026/09/11 12:00:22.063, 1, 35769, 97871, 0, 121.25
2026/09/11 12:00:22.063, 2, 35605, 97871, 0, 119.53
2026/09/11 12:00:22.063, 3, 35477, 97871, 0, 120.34
2026/09/11 12:00:22.263, 0, 35963, 97871, 0, 119.37
2026/09/11 12:00:22.263, 1, 35769, 97871, 0, 121.25
2026/09/11 12:00:22.263, 2, 35605, 97871, 0, 119.53
2026/09/11 12:00:22.263, 3, 35477, 97871, 0, 120.31
2026/09/11 12:00:22.463, 0, 35963, 97871, 0, 119.39
2026/09/11 12:00:22.463, 1, 35769, 97871, 0, 121.25
2026/09/11 12:00:22.463, 2, 35605, 97871, 0, 119.52
2026/09/11 12:00:22.463, 3, 35477, 97871, 0, 120.24
2026/09/11 12:00:22.663, 0, 35963, 97871, 0, 119.43
2026/09/11 12:00:22.663, 1, 35769, 97871, 0, 121.26
2026/09/11 12:00:22.663, 2, 35605, 97871, 0, 119.50
2026/09/11 12:00:22.663, 3, 35477, 97871, 0, 120.26
2026/09/11 12:00:22.864, 0, 35963, 97871, 0, 119.40
2026/09/11 12:00:22.864, 1, 35769, 97871, 0, 121.28
2026/09/11 12:00:22.864, 2, 35605, 97871, 0, 119.52
2026/09/11 12:00:22.864, 3, 35477, 97871, 0, 120.29
2026/09/11 12:00:23.064, 0, 35963, 97871, 0, 119.41
2026/09/11 12:00:23.064, 1, 35769, 97871, 0, 121.29
2026/09/11 12:00:23.064, 2, 35605, 97871, 0, 119.52
2026/09/11 12:00:23.064, 3, 35477, 97871, 0, 120.27
2026/09/11 12:00:23.264, 0, 35963, 97871, 0, 119.44
2026/09/11 12:00:23.265, 1, 35769, 97871, 0, 121.28
2026/09/11 12:00:23.265, 2, 35605, 97871, 0, 119.53
2026/09/11 12:00:23.265, 3, 35477, 97871, 0, 120.24
2026/09/11 12:00:23.465, 0, 35963, 97871, 0, 119.41
2026/09/11 12:00:23.465, 1, 35769, 97871, 0, 121.30
2026/09/11 12:00:23.465, 2, 35605, 97871, 0, 119.56
2026/09/11 12:00:23.465, 3, 35477, 97871, 0, 120.30
2026/09/11 12:00:23.665, 0, 35963, 97871, 0, 119.38
2026/09/11 12:00:23.665, 1, 35769, 97871, 0, 121.31
2026/09/11 12:00:23.665, 2, 35605, 97871, 0, 119.58
2026/09/11 12:00:23.665, 3, 35477, 97871, 0, 120.34
2026/09/11 12:00:23.865, 0, 35963, 97871, 0, 119.43
2026/09/11 12:00:23.865, 1, 35769, 97871, 0, 121.31
2026/09/11 12:00:23.865, 2, 35605, 97871, 0, 119.58
2026/09/11 12:00:23.866, 3, 35477, 97871, 0, 120.32
2026/09/11 12:00:24.066, 0, 35963, 97871, 0, 119.45
2026/09/11 12:00:24.066, 1, 35769, 97871, 0, 121.28
2026/09/11 12:00:24.066, 2, 35605, 97871, 0, 119.57
2026/09/11 12:00:24.066, 3, 35477, 97871, 0, 120.32
2026/09/11 12:00:24.266, 0, 35963, 97871, 0, 119.41
2026/09/11 12:00:24.266, 1, 35769, 97871, 0, 121.27
2026/09/11 12:00:24.266, 2, 35605, 97871, 0, 119.55
2026/09/11 12:00:24.266, 3, 35477, 97871, 0, 120.35
2026/09/11 12:00:24.466, 0, 35963, 97871, 0, 119.42
2026/09/11 12:00:24.466, 1, 35769, 97871, 0, 121.28
2026/09/11 12:00:24.466, 2, 35605, 97871, 0, 119.54
2026/09/11 12:00:24.466, 3, 35477, 97871, 0, 120.39
2026/09/11 12:00:24.667, 0, 35963, 97871, 0, 119.46
2026/09/11 12:00:24.667, 1, 35769, 97871, 0, 121.28
2026/09/11 12:00:24.667, 2, 35605, 97871, 0, 119.51
2026/09/11 12:00:24.667, 3, 35477, 97871, 0, 120.32
2026/09/11 12:00:24.867, 0, 35963, 97871, 0, 119.40
2026/09/11 12:00:24.867, 1, 35769, 97871, 0, 121.30
2026/09/11 12:00:24.867, 2, 35605, 97871, 0, 119.51
2026/09/11 12:00:24.867, 3, 35477, 97871, 0, 120.33
2026/09/11 12:00:25.067, 0, 35963, 97871, 0, 119.41
2026/09/11 12:00:25.067, 1, 35769, 97871, 0, 121.33
2026/09/11 12:00:25.067, 2, 35605, 97871, 0, 119.51
2026/09/11 12:00:25.067, 3, 35477, 97871, 0, 120.36
2026/09/11 12:00:25.267, 0, 35963, 97871, 0, 119.45
2026/09/11 12:00:25.268, 1, 35769, 97871, 0, 121.32
2026/09/11 12:00:25.268, 2, 35605, 97871, 0, 119.52
2026/09/11 12:00:25.268, 3, 35477, 97871, 0, 120.38
2026/09/11 12:00:25.468, 0, 35963, 97871, 0, 119.40
2026/09/11 12:00:25.468, 1, 35769, 97871, 0, 121.32
2026/09/11 12:00:25.468, 2, 35605, 97871, 0, 119.50
2026/09/11 12:00:25.468, 3, 35477, 97871, 0, 120.30
2026/09/11 12:00:25.668, 0, 35963, 97871, 0, 119.38
2026/09/11 12:00:25.668, 1, 35769, 97871, 0, 121.30
2026/09/11 12:00:25.668, 2, 35605, 97871, 0, 119.49
2026/09/11 12:00:25.668, 3, 35477, 97871, 0, 120.34
2026/09/11 12:00:25.868, 0, 35963, 97871, 0, 119.42
2026/09/11 12:00:25.868, 1, 35769, 97871, 0, 121.28
2026/09/11 12:00:25.868, 2, 35605, 97871, 0, 119.46
2026/09/11 12:00:25.868, 3, 35477, 97871, 0, 120.34
2026/09/11 12:00:26.069, 0, 35963, 97871, 0, 119.36
2026/09/11 12:00:26.069, 1, 35769, 97871, 0, 121.25
2026/09/11 12:00:26.069, 2, 35605, 97871, 0, 119.45
2026/09/11 12:00:26.069, 3, 35477, 97871, 0, 120.32
2026/09/11 12:00:26.269, 0, 35963, 97871, 0, 119.29
2026/09/11 12:00:26.269, 1, 35769, 97871, 0, 121.25
2026/09/11 12:00:26.269, 2, 35605, 97871, 0, 119.45
2026/09/11 12:00:26.269, 3, 35477, 97871, 0, 120.24
2026/09/11 12:00:26.469, 0, 35963, 97871, 0, 119.33
2026/09/11 12:00:26.469, 1, 35769, 97871, 0, 121.24
2026/09/11 12:00:26.469, 2, 35605, 97871, 0, 119.46
2026/09/11 12:00:26.469, 3, 35477, 97871, 0, 120.28
2026/09/11 12:00:26.670, 0, 35963, 97871, 0, 119.33
2026/09/11 12:00:26.670, 1, 35769, 97871, 0, 121.24
2026/09/11 12:00:26.670, 2, 35605, 97871, 0, 119.47
2026/09/11 12:00:26.670, 3, 35477, 97871, 0, 120.28
2026/09/11 12:00:26.870, 0, 35963, 97871, 0, 119.27
2026/09/11 12:00:26.870, 1, 35769, 97871, 0, 121.25
2026/09/11 12:00:26.870, 2, 35605, 97871, 0, 119.50
2026/09/11 12:00:26.870, 3, 35477, 97871, 0, 120.26
2026/09/11 12:00:27.070, 0, 35963, 97871, 0, 119.29
2026/09/11 12:00:27.070, 1, 35769, 97871, 0, 121.26
2026/09/11 12:00:27.070, 2, 35605, 97871, 0, 119.51
2026/09/11 12:00:27.070, 3, 35477, 97871, 0, 120.25
2026/09/11 12:00:27.271, 0, 35963, 97871, 0, 119.34
2026/09/11 12:00:27.271, 1, 35769, 97871, 0, 121.26
2026/09/11 12:00:27.271, 2, 35605, 97871, 0, 119.55
2026/09/11 12:00:27.271, 3, 35477, 97871, 0, 120.31
2026/09/11 12:00:27.471, 0, 35963, 97871, 0, 119.34
2026/09/11 12:00:27.471, 1, 35769, 97871, 0, 121.27
2026/09/11 12:00:27.471, 2, 35605, 97871, 0, 119.52
2026/09/11 12:00:27.471, 3, 35477, 97871, 0, 120.35
2026/09/11 12:00:27.671, 0, 35963, 97871, 0, 119.36
2026/09/11 12:00:27.671, 1, 35769, 97871, 0, 121.27
2026/09/11 12:00:27.671, 2, 35605, 97871, 0, 119.54
2026/09/11 12:00:27.671, 3, 35477, 97871, 0, 120.31
2026/09/11 12:00:27.871, 0, 35963, 97871, 0, 119.39
2026/09/11 12:00:27.872, 1, 35769, 97871, 0, 121.27
2026/09/11 12:00:27.872, 2, 35605, 97871, 0, 119.53
2026/09/11 12:00:27.872, 3, 35477, 97871, 0, 120.28
2026/09/11 12:00:28.072, 0, 35963, 97871, 0, 119.38
2026/09/11 12:00:28.072, 1, 35769, 97871, 0, 121.28
2026/09/11 12:00:28.072, 2, 35605, 97871, 0, 119.53
2026/09/11 12:00:28.072, 3, 35477, 97871, 0, 120.31
2026/09/11 12:00:28.272, 0, 35963, 97871, 0, 119.39
2026/09/11 12:00:28.272, 1, 35769, 97871, 0, 121.29
2026/09/11 12:00:28.272, 2, 35605, 97871, 0, 119.53
2026/09/11 12:00:28.272, 3, 35477, 97871, 0, 120.30
2026/09/11 12:00:28.472, 0, 35967, 97871, 0, 122.26
2026/09/11 12:00:28.473, 1, 35773, 97871, 12, 124.79
2026/09/11 12:00:28.473, 2, 35609, 97871, 0, 123.33
2026/09/11 12:00:28.473, 3, 35481, 97871, 54, 124.19
2026/09/11 12:00:28.673, 0, 35967, 97871, 0, 123.07
2026/09/11 12:00:28.673, 1, 35773, 97871, 0, 125.29
2026/09/11 12:00:28.673, 2, 35609, 97871, 0, 123.32
2026/09/11 12:00:28.673, 3, 35481, 97871, 0, 124.24
2026/09/11 12:00:28.873, 0, 35967, 97871, 0, 123.00
2026/09/11 12:00:28.873, 1, 35773, 97871, 0, 125.23
2026/09/11 12:00:28.873, 2, 35609, 97871, 0, 123.37
2026/09/11 12:00:28.873, 3, 35481, 97871, 0, 124.38
2026/09/11 12:00:29.073, 0, 35967, 97871, 0, 123.08
2026/09/11 12:00:29.074, 1, 35773, 97871, 0, 125.26
2026/09/11 12:00:29.074, 2, 35609, 97871, 0, 123.37
2026/09/11 12:00:29.074, 3, 35481, 97871, 0, 124.40
2026/09/11 12:00:29.274, 0, 35967, 97871, 0, 123.08
2026/09/11 12:00:29.274, 1, 35773, 97871, 0, 125.33
2026/09/11 12:00:29.274, 2, 35609, 97871, 0, 123.46
2026/09/11 12:00:29.274, 3, 35481, 97871, 0, 124.34
2026/09/11 12:00:29.474, 0, 35967, 97871, 0, 120.84
2026/09/11 12:00:29.474, 1, 35773, 97871, 0, 122.45
2026/09/11 12:00:29.474, 2, 35609, 97871, 0, 119.69
2026/09/11 12:00:29.474, 3, 35481, 97871, 0, 120.35
2026/09/11 12:00:29.675, 0, 35967, 97871, 0, 119.45
2026/09/11 12:00:29.675, 1, 35773, 97871, 0, 121.39
2026/09/11 12:00:29.675, 2, 35609, 97871, 0, 119.65
2026/09/11 12:00:29.675, 3, 35481, 97871, 0, 120.36
2026/09/11 12:00:29.875, 0, 35967, 97871, 0, 119.48
2026/09/11 12:00:29.875, 1, 35773, 97871, 0, 121.39
2026/09/11 12:00:29.875, 2, 35609, 97871, 0, 119.61
2026/09/11 12:00:29.875, 3, 35481, 97871, 0, 120.33
2026/09/11 12:00:30.075, 0, 35967, 97871, 0, 119.46
2026/09/11 12:00:30.075, 1, 35773, 97871, 0, 121.38
2026/09/11 12:00:30.075, 2, 35609, 97871, 0, 119.58
2026/09/11 12:00:30.075, 3, 35481, 97871, 0, 120.26
2026/09/11 12:00:30.276, 0, 35967, 97871, 0, 119.47
2026/09/11 12:00:30.276, 1, 35773, 97871, 0, 121.37
2026/09/11 12:00:30.276, 2, 35609, 97871, 0, 119.57
2026/09/11 12:00:30.276, 3, 35481, 97871, 0, 120.31
2026/09/11 12:00:30.476, 0, 35967, 97871, 0, 119.40
2026/09/11 12:00:30.476, 1, 35773, 97871, 0, 121.34
2026/09/11 12:00:30.476, 2, 35609, 97871, 0, 119.53
2026/09/11 12:00:30.476, 3, 35481, 97871, 0, 120.33
2026/09/11 12:00:30.676, 0, 35967, 97871, 0, 119.36
2026/09/11 12:00:30.676, 1, 35773, 97871, 0, 121.31
2026/09/11 12:00:30.676, 2, 35609, 97871, 0, 119.50
2026/09/11 12:00:30.676, 3, 35481, 97871, 0, 120.35
2026/09/11 12:00:30.877, 0, 35967, 97871, 0, 119.35
2026/09/11 12:00:30.877, 1, 35773, 97871, 0, 121.31
2026/09/11 12:00:30.877, 2, 35609, 97871, 0, 119.51
2026/09/11 12:00:30.877, 3, 35481, 97871, 0, 120.31
2026/09/11 12:00:31.077, 0, 35967, 97871, 0, 119.36
2026/09/11 12:00:31.077, 1, 35773, 97871, 0, 121.31
2026/09/11 12:00:31.077, 2, 35609, 97871, 0, 119.52
2026/09/11 12:00:31.077, 3, 35481, 97871, 0, 120.35
2026/09/11 12:00:31.277, 0, 35967, 97871, 0, 119.29
2026/09/11 12:00:31.277, 1, 35773, 97871, 0, 121.31
2026/09/11 12:00:31.277, 2, 35609, 97871, 0, 119.52
2026/09/11 12:00:31.277, 3, 35481, 97871, 0, 120.37
2026/09/11 12:00:31.477, 0, 35967, 97871, 0, 119.31
2026/09/11 12:00:31.478, 1, 35773, 97871, 0, 121.31
2026/09/11 12:00:31.478, 2, 35609, 97871, 0, 119.50
2026/09/11 12:00:31.478, 3, 35481, 97871, 0, 120.35
2026/09/11 12:00:31.678, 0, 35967, 97871, 0, 119.32
2026/09/11 12:00:31.678, 1, 35773, 97871, 0, 121.31
2026/09/11 12:00:31.678, 2, 35609, 97871, 0, 119.48
2026/09/11 12:00:31.678, 3, 35481, 97871, 0, 120.26
2026/09/11 12:00:31.878, 0, 35967, 97871, 0, 119.30
2026/09/11 12:00:31.878, 1, 35773, 97871, 0, 121.30
2026/09/11 12:00:31.878, 2, 35609, 97871, 0, 119.47
2026/09/11 12:00:31.878, 3, 35481, 97871, 0, 120.32
2026/09/11 12:00:32.078, 0, 35967, 97871, 0, 119.28
2026/09/11 12:00:32.079, 1, 35773, 97871, 0, 121.30
2026/09/11 12:00:32.079, 2, 35609, 97871, 0, 119.47
2026/09/11 12:00:32.079, 3, 35481, 97871, 0, 120.34
2026/09/11 12:00:32.279, 0, 35967, 97871, 0, 119.32
2026/09/11 12:00:32.279, 1, 35773, 97871, 0, 121.27
2026/09/11 12:00:32.279, 2, 35609, 97871, 0, 119.47
2026/09/11 12:00:32.279, 3, 35481, 97871, 0, 120.28
2026/09/11 12:00:32.479, 0, 35967, 97871, 0, 119.36
2026/09/11 12:00:32.479, 1, 35773, 97871, 0, 121.27
2026/09/11 12:00:32.479, 2, 35609, 97871, 0, 119.49
2026/09/11 12:00:32.479, 3, 35481, 97871, 0, 120.24
2026/09/11 12:00:32.679, 0, 35967, 97871, 0, 119.33
2026/09/11 12:00:32.679, 1, 35773, 97871, 0, 121.24
2026/09/11 12:00:32.680, 2, 35609, 97871, 0, 119.53
2026/09/11 12:00:32.680, 3, 35481, 97871, 0, 120.33
2026/09/11 12:00:32.880, 0, 35967, 97871, 0, 119.36
2026/09/11 12:00:32.880, 1, 35773, 97871, 0, 121.26
2026/09/11 12:00:32.880, 2, 35609, 97871, 0, 119.54
2026/09/11 12:00:32.880, 3, 35481, 97871, 0, 120.30
2026/09/11 12:00:33.080, 0, 35967, 97871, 0, 119.38
2026/09/11 12:00:33.080, 1, 35773, 97871, 0, 121.27
2026/09/11 12:00:33.080, 2, 35609, 97871, 0, 119.55
2026/09/11 12:00:33.080, 3, 35481, 97871, 0, 120.25
2026/09/11 12:00:33.280, 0, 35967, 97871, 0, 119.35
2026/09/11 12:00:33.280, 1, 35773, 97871, 0, 121.28
2026/09/11 12:00:33.280, 2, 35609, 97871, 0, 119.57
2026/09/11 12:00:33.280, 3, 35481, 97871, 0, 120.23
2026/09/11 12:00:33.481, 0, 35967, 97871, 0, 119.32
2026/09/11 12:00:33.481, 1, 35773, 97871, 0, 121.30
2026/09/11 12:00:33.481, 2, 35609, 97871, 0, 119.57
2026/09/11 12:00:33.481, 3, 35481, 97871, 0, 120.26
2026/09/11 12:00:33.681, 0, 35967, 97871, 0, 119.36
2026/09/11 12:00:33.681, 1, 35773, 97871, 0, 121.32
2026/09/11 12:00:33.681, 2, 35609, 97871, 0, 119.56
2026/09/11 12:00:33.681, 3, 35481, 97871, 0, 120.25
2026/09/11 12:00:33.881, 0, 35967, 97871, 0, 119.64
2026/09/11 12:00:33.881, 1, 35773, 97871, 0, 121.62
2026/09/11 12:00:33.881, 2, 35609, 97871, 0, 120.48
2026/09/11 12:00:33.881, 3, 35481, 97871, 0, 120.51
2026/09/11 12:00:34.082, 0, 35967, 97871, 0, 119.71
2026/09/11 12:00:34.082, 1, 35773, 97871, 0, 121.64
2026/09/11 12:00:34.082, 2, 35609, 97871, 100, 121.12
2026/09/11 12:00:34.082, 3, 35481, 97871, 0, 120.52
2026/09/11 12:00:34.282, 0, 35967, 97871, 0, 119.74
2026/09/11 12:00:34.282, 1, 35773, 97871, 0, 121.64
2026/09/11 12:00:34.282, 2, 35609, 97871, 100, 121.69
2026/09/11 12:00:34.282, 3, 35481, 97871, 0, 120.54
2026/09/11 12:00:34.482, 0, 35967, 97871, 0, 119.72
2026/09/11 12:00:34.482, 1, 35773, 97871, 0, 121.63
2026/09/11 12:00:34.482, 2, 35609, 97871, 100, 122.34
2026/09/11 12:00:34.482, 3, 35481, 97871, 0, 120.55
2026/09/11 12:00:34.682, 0, 35967, 97871, 0, 119.68
2026/09/11 12:00:34.683, 1, 35773, 97871, 0, 121.61
2026/09/11 12:00:34.683, 2, 35609, 97871, 100, 122.95
2026/09/11 12:00:34.683, 3, 35481, 97871, 0, 120.51
2026/09/11 12:00:34.883, 0, 35967, 97871, 0, 119.38
2026/09/11 12:00:34.883, 1, 35773, 97871, 0, 121.30
2026/09/11 12:00:34.883, 2, 35609, 97871, 100, 122.64
2026/09/11 12:00:34.883, 3, 35481, 97871, 0, 120.23
2026/09/11 12:00:35.083, 0, 35967, 97871, 0, 119.29
2026/09/11 12:00:35.083, 1, 35773, 97871, 0, 121.27
2026/09/11 12:00:35.083, 2, 35609, 97871, 100, 122.64
2026/09/11 12:00:35.083, 3, 35481, 97871, 0, 120.27
2026/09/11 12:00:35.283, 0, 35967, 97871, 0, 119.28
2026/09/11 12:00:35.283, 1, 35773, 97871, 0, 121.28
2026/09/11 12:00:35.284, 2, 35609, 97871, 100, 122.66
2026/09/11 12:00:35.284, 3, 35481, 97871, 0, 120.26
2026/09/11 12:00:35.484, 0, 35967, 97871, 0, 119.32
2026/09/11 12:00:35.484, 1, 35773, 97871, 0, 121.29
2026/09/11 12:00:35.484, 2, 35609, 97871, 100, 122.68
2026/09/11 12:00:35.484, 3, 35481, 97871, 0, 120.23
2026/09/11 12:00:35.684, 0, 35967, 97871, 0, 119.35
2026/09/11 12:00:35.684, 1, 35773, 97871, 0, 121.31
2026/09/11 12:00:35.684, 2, 35609, 97871, 100, 122.69
2026/09/11 12:00:35.684, 3, 35481, 97871, 0, 120.24
2026/09/11 12:00:35.884, 0, 35967, 97871, 0, 119.31
2026/09/11 12:00:35.884, 1, 35773, 97871, 0, 121.32
2026/09/11 12:00:35.884, 2, 35609, 97871, 100, 122.66
2026/09/11 12:00:35.885, 3, 35481, 97871, 0, 120.25
2026/09/11 12:00:36.085, 0, 35967, 97871, 0, 119.74
2026/09/11 12:00:36.085, 1, 35773, 97871, 0, 121.60
2026/09/11 12:00:36.085, 2, 35609, 97871, 100, 122.98
2026/09/11 12:00:36.085, 3, 35481, 97871, 0, 120.54
2026/09/11 12:00:36.285, 0, 35967, 97871, 100, 120.41
2026/09/11 12:00:36.285, 1, 35773, 97871, 0, 121.64
2026/09/11 12:00:36.285, 2, 35609, 97871, 100, 122.97
2026/09/11 12:00:36.285, 3, 35481, 97871, 0, 120.54
2026/09/11 12:00:36.485, 0, 35967, 97871, 100, 120.97
2026/09/11 12:00:36.485, 1, 35773, 97871, 0, 121.63
2026/09/11 12:00:36.485, 2, 35609, 97871, 100, 122.96
2026/09/11 12:00:36.485, 3, 35481, 97871, 0, 120.58
2026/09/11 12:00:36.686, 0, 35967, 97871, 100, 121.60
2026/09/11 12:00:36.686, 1, 35773, 97871, 0, 121.61
2026/09/11 12:00:36.686, 2, 35609, 97871, 100, 122.96
2026/09/11 12:00:36.686, 3, 35481, 97871, 0, 120.59
2026/09/11 12:00:36.886, 0, 35967, 97871, 100, 122.34
2026/09/11 12:00:36.886, 1, 35773, 97871, 0, 121.59
2026/09/11 12:00:36.886, 2, 35609, 97871, 100, 122.97
2026/09/11 12:00:36.886, 3, 35481, 97871, 0, 120.58
2026/09/11 12:00:37.086, 0, 35967, 97871, 100, 122.64
2026/09/11 12:00:37.086, 1, 35773, 97871, 0, 121.38
2026/09/11 12:00:37.086, 2, 35609, 97871, 100, 122.65
2026/09/11 12:00:37.086, 3, 35481, 97871, 0, 120.24
2026/09/11 12:00:37.287, 0, 35967, 97871, 100, 122.46
2026/09/11 12:00:37.287, 1, 35773, 97871, 0, 121.28
2026/09/11 12:00:37.287, 2, 35609, 97871, 100, 122.64
2026/09/11 12:00:37.287, 3, 35481, 97871, 0, 120.28
2026/09/11 12:00:37.487, 0, 35967, 97871, 100, 122.48
2026/09/11 12:00:37.487, 1, 35773, 97871, 0, 121.27
2026/09/11 12:00:37.487, 2, 35609, 97871, 100, 122.64
2026/09/11 12:00:37.487, 3, 35481, 97871, 0, 120.28
2026/09/11 12:00:37.687, 0, 35967, 97871, 100, 122.44
2026/09/11 12:00:37.687, 1, 35773, 97871, 0, 121.29
2026/09/11 12:00:37.687, 2, 35609, 97871, 100, 122.63
2026/09/11 12:00:37.687, 3, 35481, 97871, 0, 120.22
2026/09/11 12:00:37.888, 0, 35967, 97871, 100, 122.39
2026/09/11 12:00:37.888, 1, 35773, 97871, 0, 121.31
2026/09/11 12:00:37.888, 2, 35609, 97871, 100, 122.63
2026/09/11 12:00:37.888, 3, 35481, 97871, 0, 120.23
2026/09/11 12:00:38.088, 0, 35967, 97871, 100, 122.80
2026/09/11 12:00:38.088, 1, 35773, 97871, 20, 122.37
2026/09/11 12:00:38.088, 2, 35609, 97871, 100, 122.90
2026/09/11 12:00:38.088, 3, 35481, 97871, 0, 120.54
2026/09/11 12:00:38.288, 0, 35967, 97871, 100, 122.80
2026/09/11 12:00:38.288, 1, 35773, 97871, 100, 123.00
2026/09/11 12:00:38.288, 2, 35609, 97871, 100, 122.89
2026/09/11 12:00:38.288, 3, 35481, 97871, 0, 120.55
2026/09/11 12:00:38.489, 0, 35967, 97871, 100, 122.78
2026/09/11 12:00:38.489, 1, 35773, 97871, 100, 123.59
2026/09/11 12:00:38.489, 2, 35609, 97871, 100, 122.89
2026/09/11 12:00:38.489, 3, 35481, 97871, 0, 120.51
2026/09/11 12:00:38.689, 0, 35967, 97871, 100, 122.77
2026/09/11 12:00:38.689, 1, 35773, 97871, 100, 124.20
2026/09/11 12:00:38.689, 2, 35609, 97871, 100, 122.93
2026/09/11 12:00:38.689, 3, 35481, 97871, 0, 120.53
2026/09/11 12:00:38.889, 0, 35967, 97871, 100, 122.81
2026/09/11 12:00:38.889, 1, 35773, 97871, 100, 124.88
2026/09/11 12:00:38.889, 2, 35609, 97871, 100, 122.92
2026/09/11 12:00:38.889, 3, 35481, 97871, 0, 120.58
2026/09/11 12:00:39.089, 0, 35967, 97871, 100, 122.39
2026/09/11 12:00:39.090, 1, 35773, 97871, 100, 124.45
2026/09/11 12:00:39.090, 2, 35609, 97871, 100, 122.66
2026/09/11 12:00:39.090, 3, 35481, 97871, 0, 120.23
2026/09/11 12:00:39.290, 0, 35967, 97871, 100, 122.41
2026/09/11 12:00:39.290, 1, 35773, 97871, 100, 124.44
2026/09/11 12:00:39.290, 2, 35609, 97871, 100, 122.68
2026/09/11 12:00:39.290, 3, 35481, 97871, 0, 120.19
2026/09/11 12:00:39.490, 0, 35967, 97871, 100, 122.43
2026/09/11 12:00:39.490, 1, 35773, 97871, 100, 124.45
2026/09/11 12:00:39.490, 2, 35609, 97871, 100, 123.54
2026/09/11 12:00:39.490, 3, 35481, 97871, 0, 122.38
2026/09/11 12:00:39.690, 0, 35967, 97871, 55, 131.17
2026/09/11 12:00:39.691, 1, 35773, 97871, 85, 133.47
2026/09/11 12:00:39.691, 2, 35609, 97871, 60, 131.85
2026/09/11 12:00:39.691, 3, 35481, 97871, 100, 131.18
2026/09/11 12:00:39.891, 0, 35967, 97871, 22, 142.79
2026/09/11 12:00:39.891, 1, 35773, 97871, 8, 146.20
2026/09/11 12:00:39.891, 2, 35609, 97871, 36, 147.66
2026/09/11 12:00:39.891, 3, 35481, 97871, 94, 150.01
2026/09/11 12:00:40.091, 0, 35967, 97871, 100, 159.85
2026/09/11 12:00:40.091, 1, 35773, 97871, 100, 164.06
2026/09/11 12:00:40.091, 2, 35609, 97871, 27, 159.67
2026/09/11 12:00:40.091, 3, 35481, 97871, 30, 159.85
2026/09/11 12:00:40.291, 0, 35967, 97871, 0, 158.51
2026/09/11 12:00:40.291, 1, 35773, 97871, 0, 164.34
2026/09/11 12:00:40.292, 2, 35609, 97871, 0, 159.12
2026/09/11 12:00:40.292, 3, 35481, 97871, 0, 159.94
2026/09/11 12:00:40.492, 0, 35967, 97871, 0, 158.54
2026/09/11 12:00:40.492, 1, 35773, 97871, 0, 163.76
2026/09/11 12:00:40.492, 2, 35609, 97871, 0, 158.41
2026/09/11 12:00:40.492, 3, 35481, 97871, 0, 157.81
2026/09/11 12:00:40.692, 0, 35967, 97871, 0, 151.43
2026/09/11 12:00:40.692, 1, 35773, 97871, 0, 155.86
2026/09/11 12:00:40.692, 2, 35609, 97871, 3, 152.53
2026/09/11 12:00:40.692, 3, 35481, 97871, 52, 152.74
2026/09/11 12:00:40.892, 0, 35967, 97871, 100, 146.59
2026/09/11 12:00:40.892, 1, 35773, 97871, 78, 150.52
2026/09/11 12:00:40.893, 2, 35609, 97871, 11, 142.73
2026/09/11 12:00:40.893, 3, 35481, 97871, 84, 140.35
2026/09/11 12:00:41.093, 0, 35967, 97871, 68, 134.27
2026/09/11 12:00:41.093, 1, 35773, 97871, 47, 136.87
2026/09/11 12:00:41.093, 2, 35609, 97871, 10, 135.66
2026/09/11 12:00:41.093, 3, 35481, 97871, 100, 136.97
2026/09/11 12:00:41.293, 0, 35967, 97871, 15, 138.04
2026/09/11 12:00:41.293, 1, 35773, 97871, 0, 140.20
2026/09/11 12:00:41.293, 2, 35609, 97871, 81, 139.10
2026/09/11 12:00:41.293, 3, 35481, 97871, 98, 141.61
2026/09/11 12:00:41.493, 0, 35967, 97871, 100, 143.99
2026/09/11 12:00:41.493, 1, 35773, 97871, 9, 146.36
2026/09/11 12:00:41.493, 2, 35609, 97871, 61, 145.10
2026/09/11 12:00:41.494, 3, 35481, 97871, 96, 148.34
2026/09/11 12:00:41.694, 0, 35967, 97871, 45, 149.06
2026/09/11 12:00:41.694, 1, 35773, 97871, 59, 151.57
2026/09/11 12:00:41.694, 2, 35609, 97871, 44, 148.92
2026/09/11 12:00:41.694, 3, 35481, 97871, 94, 150.11
2026/09/11 12:00:41.894, 0, 35967, 97871, 80, 148.70
2026/09/11 12:00:41.894, 1, 35773, 97871, 100, 151.18
2026/09/11 12:00:41.894, 2, 35609, 97871, 32, 148.49
2026/09/11 12:00:41.894, 3, 35481, 97871, 53, 149.74
2026/09/11 12:00:42.094, 0, 35967, 97871, 86, 148.67
2026/09/11 12:00:42.094, 1, 35773, 97871, 98, 151.01
2026/09/11 12:00:42.094, 2, 35609, 97871, 15, 148.46
2026/09/11 12:00:42.095, 3, 35481, 97871, 100, 149.92
2026/09/11 12:00:42.295, 0, 35967, 97871, 92, 151.09
2026/09/11 12:00:42.295, 1, 35773, 97871, 96, 153.48
2026/09/11 12:00:42.295, 2, 35609, 97871, 9, 150.79
2026/09/11 12:00:42.295, 3, 35481, 97871, 90, 152.18
2026/09/11 12:00:42.495, 0, 35967, 97871, 21, 150.89
2026/09/11 12:00:42.495, 1, 35773, 97871, 65, 153.51
2026/09/11 12:00:42.495, 2, 35609, 97871, 75, 151.28
2026/09/11 12:00:42.495, 3, 35481, 97871, 94, 152.30
2026/09/11 12:00:42.695, 0, 35967, 97871, 79, 151.00
2026/09/11 12:00:42.695, 1, 35773, 97871, 9, 153.32
2026/09/11 12:00:42.695, 2, 35609, 97871, 63, 151.27
2026/09/11 12:00:42.696, 3, 35481, 97871, 100, 152.38
2026/09/11 12:00:42.896, 0, 35967, 97871, 95, 151.02
2026/09/11 12:00:42.896, 1, 35773, 97871, 9, 153.31
2026/09/11 12:00:42.896, 2, 35609, 97871, 55, 151.22
2026/09/11 12:00:42.896, 3, 35481, 97871, 90, 152.71
2026/09/11 12:00:43.096, 0, 35967, 97871, 100, 148.89
2026/09/11 12:00:43.096, 1, 35773, 97871, 83, 151.59
2026/09/11 12:00:43.096, 2, 35609, 97871, 3, 148.71
2026/09/11 12:00:43.096, 3, 35481, 97871, 6, 148.59
2026/09/11 12:00:43.296, 0, 35967, 97871, 0, 142.48
2026/09/11 12:00:43.296, 1, 35775, 97871, 0, 145.22
2026/09/11 12:00:43.296, 2, 35611, 97871, 0, 142.58
2026/09/11 12:00:43.296, 3, 35483, 97871, 0, 142.35
2026/09/11 12:00:43.497, 0, 35969, 97871, 0, 139.90
2026/09/11 12:00:43.497, 1, 35775, 97871, 7, 142.36
2026/09/11 12:00:43.497, 2, 35611, 97871, 38, 140.35
2026/09/11 12:00:43.497, 3, 35483, 97871, 5, 141.57
2026/09/11 12:00:43.697, 0, 35969, 97871, 94, 141.86
2026/09/11 12:00:43.697, 1, 35775, 97871, 98, 144.68
2026/09/11 12:00:43.697, 2, 35611, 97871, 100, 143.20
2026/09/11 12:00:43.697, 3, 35483, 97871, 10, 142.96
2026/09/11 12:00:43.897, 0, 35969, 97871, 100, 143.81
2026/09/11 12:00:43.897, 1, 35775, 97871, 100, 146.63
2026/09/11 12:00:43.897, 2, 35611, 97871, 68, 144.82
2026/09/11 12:00:43.897, 3, 35483, 97871, 5, 143.89
2026/09/11 12:00:44.098, 0, 35969, 97871, 96, 148.43
2026/09/11 12:00:44.098, 1, 35775, 97871, 93, 151.32
2026/09/11 12:00:44.098, 2, 35611, 97871, 94, 150.45
2026/09/11 12:00:44.098, 3, 35483, 97871, 22, 149.84
2026/09/11 12:00:44.298, 0, 35969, 97871, 100, 158.43
2026/09/11 12:00:44.298, 1, 35775, 97871, 100, 161.15
2026/09/11 12:00:44.298, 2, 35611, 97871, 100, 159.77
2026/09/11 12:00:44.298, 3, 35483, 97871, 11, 159.25
2026/09/11 12:00:44.498, 0, 35969, 97871, 63, 164.50
2026/09/11 12:00:44.498, 1, 35775, 97871, 62, 167.88
2026/09/11 12:00:44.498, 2, 35611, 97871, 13, 166.78
2026/09/11 12:00:44.498, 3, 35483, 97871, 90, 164.88
2026/09/11 12:00:44.698, 0, 35969, 97871, 100, 166.90
2026/09/11 12:00:44.699, 1, 35775, 97871, 77, 172.20
2026/09/11 12:00:44.699, 2, 35611, 97871, 71, 168.38
2026/09/11 12:00:44.699, 3, 35483, 97871, 59, 166.88
2026/09/11 12:00:44.899, 0, 35969, 97871, 89, 167.45
2026/09/11 12:00:44.899, 1, 35775, 97871, 18, 173.19
2026/09/11 12:00:44.899, 2, 35611, 97871, 96, 168.54
2026/09/11 12:00:44.899, 3, 35483, 97871, 59, 166.99
2026/09/11 12:00:45.099, 0, 35969, 97871, 91, 162.10
2026/09/11 12:00:45.099, 1, 35775, 97871, 35, 167.84
2026/09/11 12:00:45.099, 2, 35611, 97871, 8, 162.16
2026/09/11 12:00:45.099, 3, 35483, 97871, 0, 160.08
2026/09/11 12:00:45.299, 0, 35969, 97871, 0, 155.62
2026/09/11 12:00:45.300, 1, 35775, 97871, 13, 160.05
2026/09/11 12:00:45.300, 2, 35611, 97871, 1, 155.66
2026/09/11 12:00:45.300, 3, 35483, 97871, 86, 156.73
2026/09/11 12:00:45.500, 0, 35969, 97871, 100, 153.43
2026/09/11 12:00:45.500, 1, 35775, 97871, 100, 158.43
2026/09/11 12:00:45.500, 2, 35611, 97871, 28, 153.57
2026/09/11 12:00:45.500, 3, 35483, 97871, 74, 153.21
2026/09/11 12:00:45.700, 0, 35969, 97871, 91, 153.17
2026/09/11 12:00:45.700, 1, 35775, 97871, 96, 155.72
2026/09/11 12:00:45.700, 2, 35611, 97871, 94, 152.76
2026/09/11 12:00:45.700, 3, 35483, 97871, 43, 153.40
2026/09/11 12:00:45.900, 0, 35969, 97871, 67, 154.82
2026/09/11 12:00:45.901, 1, 35775, 97871, 69, 156.69
2026/09/11 12:00:45.901, 2, 35611, 97871, 63, 155.58
2026/09/11 12:00:45.901, 3, 35483, 97871, 71, 156.30
2026/09/11 12:00:46.101, 0, 35969, 97871, 100, 162.86
2026/09/11 12:00:46.101, 1, 35775, 97871, 17, 163.31
2026/09/11 12:00:46.101, 2, 35611, 97871, 87, 163.35
2026/09/11 12:00:46.101, 3, 35483, 97871, 68, 167.39
2026/09/11 12:00:46.301, 0, 35969, 97871, 93, 172.76
2026/09/11 12:00:46.301, 1, 35775, 97871, 100, 173.28
2026/09/11 12:00:46.301, 2, 35611, 97871, 93, 172.43
2026/09/11 12:00:46.301, 3, 35483, 97871, 26, 172.38
2026/09/11 12:00:46.501, 0, 35969, 97871, 100, 175.79
2026/09/11 12:00:46.501, 1, 35775, 97871, 100, 175.97
2026/09/11 12:00:46.502, 2, 35611, 97871, 86, 174.86
2026/09/11 12:00:46.502, 3, 35483, 97871, 17, 174.37
2026/09/11 12:00:46.702, 0, 35969, 97871, 86, 176.13
2026/09/11 12:00:46.702, 1, 35775, 97871, 16, 176.19
2026/09/11 12:00:46.702, 2, 35611, 97871, 100, 174.29
2026/09/11 12:00:46.702, 3, 35483, 97871, 100, 174.61
2026/09/11 12:00:46.902, 0, 35969, 97871, 89, 171.89
2026/09/11 12:00:46.902, 1, 35775, 97871, 8, 172.41
2026/09/11 12:00:46.902, 2, 35611, 97871, 99, 170.00
2026/09/11 12:00:46.902, 3, 35483, 97871, 90, 170.11
2026/09/11 12:00:47.102, 0, 35969, 97871, 100, 165.96
2026/09/11 12:00:47.103, 1, 35775, 97871, 8, 167.76
2026/09/11 12:00:47.103, 2, 35611, 97871, 91, 165.02
2026/09/11 12:00:47.103, 3, 35483, 97871, 76, 163.77
2026/09/11 12:00:47.303, 0, 35969, 97871, 88, 157.36
2026/09/11 12:00:47.303, 1, 35775, 97871, 8, 159.47
2026/09/11 12:00:47.303, 2, 35611, 97871, 5, 156.21
2026/09/11 12:00:47.303, 3, 35483, 97871, 0, 155.03
2026/09/11 12:00:47.503, 0, 35969, 97871, 7, 151.67
2026/09/11 12:00:47.503, 1, 35775, 97871, 39, 154.06
2026/09/11 12:00:47.503, 2, 35611, 97871, 91, 151.24
2026/09/11 12:00:47.503, 3, 35483, 97871, 12, 152.53
2026/09/11 12:00:47.703, 0, 35969, 97871, 96, 148.56
2026/09/11 12:00:47.703, 1, 35775, 97871, 92, 150.49
2026/09/11 12:00:47.703, 2, 35611, 97871, 100, 147.91
2026/09/11 12:00:47.704, 3, 35483, 97871, 7, 149.69
2026/09/11 12:00:47.904, 0, 35969, 97871, 86, 151.98
2026/09/11 12:00:47.904, 1, 35775, 97871, 84, 154.12
2026/09/11 12:00:47.904, 2, 35611, 97871, 94, 151.89
2026/09/11 12:00:47.904, 3, 35483, 97871, 17, 153.02
2026/09/11 12:00:48.104, 0, 35969, 97871, 77, 155.49
2026/09/11 12:00:48.104, 1, 35775, 97871, 53, 157.23
2026/09/11 12:00:48.104, 2, 35611, 97871, 72, 154.58
2026/09/11 12:00:48.104, 3, 35483, 97871, 100, 156.98
2026/09/11 12:00:48.304, 0, 35969, 97871, 100, 162.66
2026/09/11 12:00:48.304, 1, 35775, 97871, 18, 162.44
2026/09/11 12:00:48.304, 2, 35611, 97871, 84, 160.90
2026/09/11 12:00:48.304, 3, 35483, 97871, 37, 164.37
2026/09/11 12:00:48.504, 0, 35969, 97871, 100, 167.77
2026/09/11 12:00:48.505, 1, 35775, 97871, 100, 168.46
2026/09/11 12:00:48.505, 2, 35611, 97871, 100, 165.19
2026/09/11 12:00:48.505, 3, 35483, 97871, 19, 167.21
2026/09/11 12:00:48.705, 0, 35969, 97871, 52, 173.58
2026/09/11 12:00:48.705, 1, 35775, 97871, 70, 173.73
2026/09/11 12:00:48.705, 2, 35611, 97871, 78, 172.27
2026/09/11 12:00:48.705, 3, 35483, 97871, 99, 172.49
2026/09/11 12:00:48.905, 0, 35969, 97871, 35, 167.55
2026/09/11 12:00:48.905, 1, 35775, 97871, 96, 172.86
2026/09/11 12:00:48.905, 2, 35611, 97871, 9, 169.48
2026/09/11 12:00:48.905, 3, 35483, 97871, 100, 168.26
2026/09/11 12:00:49.105, 0, 35969, 97871, 1, 156.37
2026/09/11 12:00:49.106, 1, 35775, 97871, 0, 164.90
2026/09/11 12:00:49.106, 2, 35611, 97871, 0, 161.12
2026/09/11 12:00:49.106, 3, 35483, 97871, 0, 158.41
2026/09/11 12:00:49.306, 0, 35969, 97871, 0, 154.61
2026/09/11 12:00:49.306, 1, 35775, 97871, 0, 156.51
2026/09/11 12:00:49.306, 2, 35611, 97871, 8, 155.00
2026/09/11 12:00:49.306, 3, 35483, 97871, 17, 154.62
2026/09/11 12:00:49.506, 0, 35969, 97871, 100, 153.46
2026/09/11 12:00:49.506, 1, 35775, 97871, 100, 155.08
2026/09/11 12:00:49.506, 2, 35611, 97871, 100, 155.44
2026/09/11 12:00:49.506, 3, 35483, 97871, 52, 153.76
2026/09/11 12:00:49.710, 0, 35969, 97871, 91, 151.75
2026/09/11 12:00:49.711, 1, 35775, 97871, 42, 151.03
2026/09/11 12:00:49.711, 2, 35611, 97871, 100, 151.29
2026/09/11 12:00:49.711, 3, 35483, 97871, 83, 149.89
2026/09/11 12:00:49.911, 0, 35969, 97871, 100, 155.87
2026/09/11 12:00:49.911, 1, 35775, 97871, 14, 153.32
2026/09/11 12:00:49.911, 2, 35611, 97871, 50, 153.64
2026/09/11 12:00:49.911, 3, 35483, 97871, 61, 152.69
2026/09/11 12:00:50.111, 0, 35969, 97871, 100, 165.98
2026/09/11 12:00:50.111, 1, 35775, 97871, 100, 163.88
2026/09/11 12:00:50.111, 2, 35611, 97871, 10, 160.95
2026/09/11 12:00:50.111, 3, 35483, 97871, 100, 162.19
2026/09/11 12:00:50.311, 0, 35969, 97871, 100, 170.40
2026/09/11 12:00:50.312, 1, 35775, 97871, 100, 169.28
2026/09/11 12:00:50.312, 2, 35611, 97871, 9, 166.80
2026/09/11 12:00:50.312, 3, 35483, 97871, 33, 167.08
2026/09/11 12:00:50.512, 0, 35969, 97871, 100, 171.62
2026/09/11 12:00:50.512, 1, 35775, 97871, 100, 171.83
2026/09/11 12:00:50.512, 2, 35611, 97871, 99, 167.79
2026/09/11 12:00:50.512, 3, 35483, 97871, 23, 169.41
2026/09/11 12:00:50.712, 0, 35969, 97871, 90, 169.03
2026/09/11 12:00:50.712, 1, 35775, 97871, 100, 170.96
2026/09/11 12:00:50.712, 2, 35611, 97871, 72, 166.71
2026/09/11 12:00:50.712, 3, 35483, 97871, 15, 168.81
2026/09/11 12:00:50.916, 0, 35969, 97871, 87, 161.70
2026/09/11 12:00:50.916, 1, 35775, 97871, 92, 165.25
2026/09/11 12:00:50.916, 2, 35611, 97871, 31, 161.30
2026/09/11 12:00:50.916, 3, 35483, 97871, 1, 162.38
2026/09/11 12:00:51.116, 0, 35969, 97871, 1, 159.62
2026/09/11 12:00:51.116, 1, 35775, 97871, 27, 163.23
2026/09/11 12:00:51.116, 2, 35611, 97871, 5, 158.59
2026/09/11 12:00:51.117, 3, 35483, 97871, 92, 160.56
2026/09/11 12:00:51.317, 0, 35969, 97871, 100, 156.52
2026/09/11 12:00:51.317, 1, 35775, 97871, 100, 159.49
2026/09/11 12:00:51.317, 2, 35611, 97871, 18, 157.42
2026/09/11 12:00:51.317, 3, 35483, 97871, 69, 158.61
2026/09/11 12:00:51.517, 0, 35969, 97871, 91, 156.12
2026/09/11 12:00:51.517, 1, 35775, 97871, 100, 158.46
2026/09/11 12:00:51.517, 2, 35611, 97871, 100, 154.79
2026/09/11 12:00:51.517, 3, 35483, 97871, 70, 156.99
2026/09/11 12:00:51.717, 0, 35969, 97871, 90, 159.50
2026/09/11 12:00:51.717, 1, 35775, 97871, 19, 161.60
2026/09/11 12:00:51.717, 2, 35611, 97871, 93, 157.18
2026/09/11 12:00:51.718, 3, 35483, 97871, 37, 160.13
2026/09/11 12:00:51.918, 0, 35969, 97871, 89, 169.01
2026/09/11 12:00:51.918, 1, 35775, 97871, 88, 170.39
2026/09/11 12:00:51.918, 2, 35611, 97871, 41, 164.32
2026/09/11 12:00:51.918, 3, 35483, 97871, 21, 168.76
2026/09/11 12:00:52.118, 0, 35969, 97871, 97, 168.25
2026/09/11 12:00:52.118, 1, 35775, 97871, 97, 169.25
2026/09/11 12:00:52.118, 2, 35611, 97871, 69, 166.71
2026/09/11 12:00:52.118, 3, 35483, 97871, 9, 167.92
2026/09/11 12:00:52.318, 0, 35969, 97871, 83, 163.30
2026/09/11 12:00:52.318, 1, 35775, 97871, 96, 164.54
2026/09/11 12:00:52.318, 2, 35611, 97871, 97, 165.10
2026/09/11 12:00:52.318, 3, 35483, 97871, 7, 165.07
2026/09/11 12:00:52.519, 0, 35969, 97871, 0, 152.35
2026/09/11 12:00:52.519, 1, 35775, 97871, 0, 153.94
2026/09/11 12:00:52.519, 2, 35611, 97871, 0, 155.54
2026/09/11 12:00:52.519, 3, 35483, 97871, 0, 154.83
2026/09/11 12:00:52.719, 0, 35969, 97871, 0, 146.68
2026/09/11 12:00:52.719, 1, 35775, 97871, 0, 148.40
2026/09/11 12:00:52.719, 2, 35611, 97871, 0, 146.90
2026/09/11 12:00:52.719, 3, 35483, 97871, 3, 146.80
2026/09/11 12:00:52.919, 0, 35969, 97871, 98, 144.81
2026/09/11 12:00:52.919, 1, 35775, 97871, 14, 146.01
2026/09/11 12:00:52.919, 2, 35611, 97871, 100, 144.96
2026/09/11 12:00:52.919, 3, 35483, 97871, 100, 145.30
2026/09/11 12:00:53.120, 0, 35969, 97871, 84, 148.40
2026/09/11 12:00:53.120, 1, 35775, 97871, 29, 149.14
2026/09/11 12:00:53.120, 2, 35611, 97871, 94, 147.03
2026/09/11 12:00:53.120, 3, 35483, 97871, 100, 149.19
2026/09/11 12:00:53.320, 0, 35969, 97871, 83, 154.43
2026/09/11 12:00:53.320, 1, 35775, 97871, 13, 155.41
2026/09/11 12:00:53.320, 2, 35611, 97871, 89, 150.87
2026/09/11 12:00:53.320, 3, 35483, 97871, 81, 154.66
2026/09/11 12:00:53.520, 0, 35969, 97871, 97, 164.21
2026/09/11 12:00:53.520, 1, 35775, 97871, 23, 164.66
2026/09/11 12:00:53.520, 2, 35611, 97871, 100, 160.29
2026/09/11 12:00:53.520, 3, 35483, 97871, 100, 163.67
2026/09/11 12:00:53.720, 0, 35969, 97871, 83, 171.07
2026/09/11 12:00:53.721, 1, 35775, 97871, 13, 171.99
2026/09/11 12:00:53.721, 2, 35611, 97871, 100, 168.65
2026/09/11 12:00:53.721, 3, 35483, 97871, 100, 171.58
2026/09/11 12:00:53.921, 0, 35969, 97871, 100, 172.82
2026/09/11 12:00:53.921, 1, 35775, 97871, 25, 174.23
2026/09/11 12:00:53.921, 2, 35611, 97871, 64, 171.11
2026/09/11 12:00:53.921, 3, 35483, 97871, 26, 172.83
2026/09/11 12:00:54.121, 0, 35969, 97871, 100, 169.34
2026/09/11 12:00:54.121, 1, 35775, 97871, 88, 171.07
2026/09/11 12:00:54.121, 2, 35611, 97871, 64, 169.48
2026/09/11 12:00:54.121, 3, 35483, 97871, 10, 169.91
2026/09/11 12:00:54.321, 0, 35969, 97871, 66, 166.06
2026/09/11 12:00:54.322, 1, 35775, 97871, 95, 166.96
2026/09/11 12:00:54.322, 2, 35611, 97871, 100, 165.95
2026/09/11 12:00:54.322, 3, 35483, 97871, 100, 166.31
2026/09/11 12:00:54.522, 0, 35969, 97871, 72, 158.70
2026/09/11 12:00:54.522, 1, 35775, 97871, 24, 160.43
2026/09/11 12:00:54.522, 2, 35611, 97871, 93, 162.06
2026/09/11 12:00:54.522, 3, 35483, 97871, 70, 161.49
2026/09/11 12:00:54.722, 0, 35969, 97871, 0, 147.05
2026/09/11 12:00:54.722, 1, 35775, 97871, 0, 148.97
2026/09/11 12:00:54.722, 2, 35611, 97871, 0, 150.99
2026/09/11 12:00:54.722, 3, 35483, 97871, 0, 149.49
2026/09/11 12:00:54.922, 0, 35969, 97871, 0, 142.96
2026/09/11 12:00:54.923, 1, 35775, 97871, 0, 145.55
2026/09/11 12:00:54.923, 2, 35611, 97871, 3, 143.89
2026/09/11 12:00:54.923, 3, 35483, 97871, 37, 144.40
2026/09/11 12:00:55.123, 0, 35969, 97871, 100, 145.23
2026/09/11 12:00:55.123, 1, 35775, 97871, 100, 149.32
2026/09/11 12:00:55.123, 2, 35611, 97871, 15, 144.74
2026/09/11 12:00:55.123, 3, 35483, 97871, 100, 147.43
2026/09/11 12:00:55.323, 0, 35969, 97871, 58, 146.41
2026/09/11 12:00:55.323, 1, 35775, 97871, 70, 150.98
2026/09/11 12:00:55.323, 2, 35611, 97871, 98, 145.79
2026/09/11 12:00:55.323, 3, 35483, 97871, 99, 149.40
2026/09/11 12:00:55.523, 0, 35969, 97871, 100, 151.46
2026/09/11 12:00:55.523, 1, 35775, 97871, 8, 155.67
2026/09/11 12:00:55.524, 2, 35611, 97871, 100, 148.16
2026/09/11 12:00:55.524, 3, 35483, 97871, 100, 153.30
2026/09/11 12:00:55.724, 0, 35969, 97871, 100, 161.29
2026/09/11 12:00:55.724, 1, 35775, 97871, 8, 166.08
2026/09/11 12:00:55.724, 2, 35611, 97871, 80, 159.19
2026/09/11 12:00:55.724, 3, 35483, 97871, 78, 163.73
2026/09/11 12:00:55.924, 0, 35969, 97871, 50, 165.32
2026/09/11 12:00:55.924, 1, 35775, 97871, 40, 169.74
2026/09/11 12:00:55.924, 2, 35611, 97871, 95, 166.49
2026/09/11 12:00:55.924, 3, 35483, 97871, 88, 170.55
2026/09/11 12:00:56.124, 0, 35969, 97871, 100, 163.89
2026/09/11 12:00:56.124, 1, 35775, 97871, 19, 166.67
2026/09/11 12:00:56.124, 2, 35611, 97871, 100, 166.31
2026/09/11 12:00:56.125, 3, 35483, 97871, 88, 168.54
2026/09/11 12:00:56.325, 0, 35969, 97871, 100, 162.92
2026/09/11 12:00:56.325, 1, 35775, 97871, 34, 165.01
2026/09/11 12:00:56.325, 2, 35611, 97871, 61, 165.29
2026/09/11 12:00:56.325, 3, 35483, 97871, 72, 166.77
2026/09/11 12:00:56.525, 0, 35969, 97871, 97, 160.34
2026/09/11 12:00:56.525, 1, 35775, 97871, 97, 163.85
2026/09/11 12:00:56.525, 2, 35611, 97871, 43, 163.56
2026/09/11 12:00:56.525, 3, 35483, 97871, 55, 165.04
2026/09/11 12:00:56.725, 0, 35969, 97871, 22, 156.48
2026/09/11 12:00:56.725, 1, 35775, 97871, 97, 158.96
2026/09/11 12:00:56.725, 2, 35611, 97871, 59, 159.32
2026/09/11 12:00:56.726, 3, 35483, 97871, 15, 160.12
2026/09/11 12:00:56.926, 0, 35969, 97871, 59, 153.32
2026/09/11 12:00:56.926, 1, 35775, 97871, 100, 154.86
2026/09/11 12:00:56.926, 2, 35611, 97871, 10, 154.36
2026/09/11 12:00:56.926, 3, 35483, 97871, 62, 155.59
2026/09/11 12:00:57.126, 0, 35969, 97871, 96, 150.89
2026/09/11 12:00:57.126, 1, 35775, 97871, 97, 153.91
2026/09/11 12:00:57.126, 2, 35611, 97871, 8, 151.57
2026/09/11 12:00:57.126, 3, 35483, 97871, 98, 152.60
2026/09/11 12:00:57.326, 0, 35969, 97871, 95, 148.33
2026/09/11 12:00:57.326, 1, 35775, 97871, 97, 151.00
2026/09/11 12:00:57.326, 2, 35611, 97871, 8, 150.70
2026/09/11 12:00:57.326, 3, 35483, 97871, 89, 151.05
2026/09/11 12:00:57.527, 0, 35969, 97871, 0, 142.14
2026/09/11 12:00:57.527, 1, 35775, 97871, 0, 144.74
2026/09/11 12:00:57.527, 2, 35611, 97871, 0, 144.65
2026/09/11 12:00:57.527, 3, 35483, 97871, 0, 144.73
2026/09/11 12:00:57.727, 0, 35969, 97871, 0, 140.24
2026/09/11 12:00:57.727, 1, 35775, 97871, 0, 142.90
2026/09/11 12:00:57.727, 2, 35611, 97871, 0, 140.42
2026/09/11 12:00:57.727, 3, 35483, 97871, 0, 141.83
2026/09/11 12:00:57.927, 0, 35969, 97871, 79, 142.30
2026/09/11 12:00:57.927, 1, 35775, 97871, 10, 145.22
2026/09/11 12:00:57.927, 2, 35611, 97871, 100, 142.60
2026/09/11 12:00:57.927, 3, 35483, 97871, 100, 143.72
2026/09/11 12:00:58.128, 0, 35969, 97871, 100, 144.46
2026/09/11 12:00:58.128, 1, 35775, 97871, 10, 146.76
2026/09/11 12:00:58.128, 2, 35611, 97871, 100, 145.23
2026/09/11 12:00:58.128, 3, 35483, 97871, 100, 147.09
2026/09/11 12:00:58.328, 0, 35969, 97871, 86, 151.65
2026/09/11 12:00:58.328, 1, 35775, 97871, 10, 152.17
2026/09/11 12:00:58.328, 2, 35611, 97871, 100, 148.53
2026/09/11 12:00:58.328, 3, 35483, 97871, 100, 151.64
2026/09/11 12:00:58.528, 0, 35969, 97871, 100, 165.27
2026/09/11 12:00:58.528, 1, 35775, 97871, 19, 165.58
2026/09/11 12:00:58.528, 2, 35611, 97871, 77, 160.06
2026/09/11 12:00:58.528, 3, 35483, 97871, 83, 164.83
2026/09/11 12:00:58.728, 0, 35969, 97871, 85, 168.76
2026/09/11 12:00:58.729, 1, 35775, 97871, 22, 168.58
2026/09/11 12:00:58.729, 2, 35611, 97871, 97, 168.91
2026/09/11 12:00:58.729, 3, 35483, 97871, 87, 171.09
2026/09/11 12:00:58.929, 0, 35969, 97871, 100, 166.63
2026/09/11 12:00:58.929, 1, 35775, 97871, 8, 166.20
2026/09/11 12:00:58.929, 2, 35611, 97871, 96, 166.87
2026/09/11 12:00:58.929, 3, 35483, 97871, 35, 169.12
2026/09/11 12:00:59.129, 0, 35969, 97871, 100, 159.13
2026/09/11 12:00:59.129, 1, 35775, 97871, 6, 158.79
2026/09/11 12:00:59.129, 2, 35611, 97871, 20, 160.69
2026/09/11 12:00:59.129, 3, 35483, 97871, 0, 161.62
2026/09/11 12:00:59.329, 0, 35969, 97871, 0, 147.44
2026/09/11 12:00:59.330, 1, 35775, 97871, 0, 150.18
2026/09/11 12:00:59.330, 2, 35611, 97871, 0, 152.23
2026/09/11 12:00:59.330, 3, 35483, 97871, 0, 151.48
2026/09/11 12:00:59.530, 0, 35969, 97871, 0, 135.38
2026/09/11 12:00:59.530, 1, 35775, 97871, 0, 137.50
2026/09/11 12:00:59.530, 2, 35611, 97871, 0, 140.37
2026/09/11 12:00:59.530, 3, 35483, 97871, 0, 138.94
2026/09/11 12:00:59.730, 0, 35969, 97871, 0, 126.62
2026/09/11 12:00:59.730, 1, 35775, 97871, 0, 128.98
2026/09/11 12:00:59.730, 2, 35611, 97871, 0, 129.95
2026/09/11 12:00:59.730, 3, 35483, 97871, 0, 129.23
2026/09/11 12:00:59.930, 0, 35401, 97871, 0, 123.40
2026/09/11 12:00:59.930, 1, 35207, 97871, 0, 123.20
2026/09/11 12:00:59.931, 2, 35043, 97871, 0, 123.65
2026/09/11 12:00:59.931, 3, 34915, 97871, 1, 122.72
2026/09/11 12:01:00.131, 0, 35401, 97871, 1, 119.56
2026/09/11 12:01:00.131, 1, 35207, 97871, 0, 121.95
2026/09/11 12:01:00.131, 2, 35043, 97871, 0, 120.28
2026/09/11 12:01:00.131, 3, 34915, 97871, 0, 120.71
2026/09/11 12:01:00.331, 0, 35401, 97871, 0, 119.68
2026/09/11 12:01:00.331, 1, 35207, 97871, 0, 121.93
2026/09/11 12:01:00.331, 2, 35043, 97871, 0, 120.19
2026/09/11 12:01:00.331, 3, 34915, 97871, 0, 120.66
2026/09/11 12:01:00.531, 0, 35401, 97871, 0, 119.72
2026/09/11 12:01:00.531, 1, 35207, 97871, 0, 121.89
2026/09/11 12:01:00.531, 2, 35043, 97871, 0, 120.14
2026/09/11 12:01:00.532, 3, 34915, 97871, 0, 120.60
2026/09/11 12:01:00.732, 0, 35401, 97871, 0, 119.80
2026/09/11 12:01:00.732, 1, 35207, 97871, 0, 121.86
2026/09/11 12:01:00.732, 2, 35043, 97871, 0, 120.10
2026/09/11 12:01:00.732, 3, 34915, 97871, 0, 120.65
2026/09/11 12:01:00.932, 0, 35401, 97871, 0, 119.80
2026/09/11 12:01:00.932, 1, 35207, 97871, 0, 121.78
2026/09/11 12:01:00.932, 2, 35043, 97871, 0, 120.05
2026/09/11 12:01:00.932, 3, 34915, 97871, 0, 120.62
2026/09/11 12:01:01.132, 0, 35401, 97871, 0, 119.72
2026/09/11 12:01:01.132, 1, 35207, 97871, 0, 121.79
2026/09/11 12:01:01.132, 2, 35043, 97871, 0, 120.05
2026/09/11 12:01:01.132, 3, 34915, 97871, 0, 120.61
2026/09/11 12:01:01.333, 0, 35401, 97871, 0, 119.71
2026/09/11 12:01:01.333, 1, 35207, 97871, 0, 121.76
2026/09/11 12:01:01.333, 2, 35043, 97871, 0, 120.05
2026/09/11 12:01:01.333, 3, 34915, 97871, 0, 120.57
2026/09/11 12:01:01.533, 0, 35401, 97871, 0, 119.71
2026/09/11 12:01:01.533, 1, 35207, 97871, 0, 121.78
2026/09/11 12:01:01.533, 2, 35043, 97871, 0, 120.06
2026/09/11 12:01:01.533, 3, 34915, 97871, 0, 120.59
2026/09/11 12:01:01.734, 0, 35401, 97871, 0, 119.67
2026/09/11 12:01:01.735, 1, 35207, 97871, 0, 121.78
2026/09/11 12:01:01.735, 2, 35043, 97871, 0, 120.06
2026/09/11 12:01:01.735, 3, 34915, 97871, 0, 120.63
2026/09/11 12:01:01.935, 0, 35401, 97871, 0, 119.68
2026/09/11 12:01:01.942, 1, 35207, 97871, 0, 121.79
2026/09/11 12:01:01.944, 2, 35043, 97871, 0, 120.07
2026/09/11 12:01:01.944, 3, 34915, 97871, 0, 120.58
2026/09/11 12:01:02.144, 0, 35401, 97871, 0, 120.03
2026/09/11 12:01:02.148, 1, 35207, 97871, 0, 122.22
2026/09/11 12:01:02.150, 2, 598, 97871, 2, 122.25
2026/09/11 12:01:02.155, 3, 34915, 97871, 2, 120.99
2026/09/11 12:01:02.356, 0, 4, 97871, 65, 123.61
2026/09/11 12:01:02.485, 1, 4, 97871, 0, 123.34
2026/09/11 12:01:02.485, 2, 4, 97871, 0, 124.18
2026/09/11 12:01:02.485, 3, 4, 97871, 87, 124.85
2026/09/11 12:01:02.685, 0, 4, 97871, 0, 124.16
2026/09/11 12:01:02.685, 1, 4, 97871, 83, 126.41
2026/09/11 12:01:02.685, 2, 4, 97871, 0, 124.66
2026/09/11 12:01:02.685, 3, 4, 97871, 0, 125.25
2026/09/11 12:01:02.886, 0, 4, 97871, 0, 124.59
2026/09/11 12:01:02.886, 1, 4, 97871, 0, 126.92
2026/09/11 12:01:02.886, 2, 4, 97871, 0, 125.04
2026/09/11 12:01:02.886, 3, 4, 97871, 0, 125.77
2026/09/11 12:01:03.086, 0, 4, 97871, 0, 124.94
2026/09/11 12:01:03.086, 1, 4, 97871, 0, 127.17
2026/09/11 12:01:03.086, 2, 4, 97871, 0, 125.32
2026/09/11 12:01:03.086, 3, 4, 97871, 0, 125.97
2026/09/11 12:01:03.286, 0, 4, 97871, 0, 124.60
2026/09/11 12:01:03.286, 1, 4, 97871, 0, 127.22
2026/09/11 12:01:03.286, 2, 4, 97871, 0, 122.56
2026/09/11 12:01:03.286, 3, 4, 97871, 0, 125.89
2026/09/11 12:01:03.487, 0, 4, 97871, 0, 122.10
2026/09/11 12:01:03.487, 1, 4, 97871, 0, 126.82
2026/09/11 12:01:03.487, 2, 4, 97871, 0, 121.35
2026/09/11 12:01:03.487, 3, 4, 97871, 0, 123.00
2026/09/11 12:01:03.687, 0, 4, 97871, 0, 122.02
2026/09/11 12:01:03.687, 1, 4, 97871, 0, 124.28
2026/09/11 12:01:03.687, 2, 4, 97871, 0, 112.89
2026/09/11 12:01:03.687, 3, 4, 97871, 0, 123.05
2026/09/11 12:01:03.887, 0, 4, 97871, 0, 122.03
2026/09/11 12:01:03.887, 1, 4, 97871, 0, 124.27
2026/09/11 12:01:03.887, 2, 4, 97871, 0, 103.85
2026/09/11 12:01:03.887, 3, 4, 97871, 0, 123.08
2026/09/11 12:01:04.087, 0, 4, 97871, 0, 122.02
2026/09/11 12:01:04.088, 1, 4, 97871, 0, 124.25
2026/09/11 12:01:04.088, 2, 4, 97871, 0, 95.39
2026/09/11 12:01:04.088, 3, 4, 97871, 0, 123.07
2026/09/11 12:01:04.288, 0, 4, 97871, 0, 119.24
2026/09/11 12:01:04.288, 1, 4, 97871, 0, 124.25
2026/09/11 12:01:04.288, 2, 4, 97871, 0, 85.74
2026/09/11 12:01:04.288, 3, 4, 97871, 0, 123.01
2026/09/11 12:01:04.488, 0, 4, 97871, 0, 109.69
2026/09/11 12:01:04.488, 1, 4, 97871, 0, 124.02
2026/09/11 12:01:04.488, 2, 4, 97871, 0, 77.73
2026/09/11 12:01:04.488, 3, 4, 97871, 0, 114.52
2026/09/11 12:01:04.688, 0, 4, 97871, 0, 100.17
2026/09/11 12:01:04.689, 1, 4, 97871, 0, 114.78
2026/09/11 12:01:04.689, 2, 4, 97871, 0, 77.06
2026/09/11 12:01:04.689, 3, 4, 97871, 0, 105.31
2026/09/11 12:01:04.889, 0, 4, 97871, 0, 90.61
2026/09/11 12:01:04.889, 1, 4, 97871, 0, 104.88
2026/09/11 12:01:04.889, 2, 4, 97871, 0, 76.61
2026/09/11 12:01:04.889, 3, 4, 97871, 0, 95.84
2026/09/11 12:01:05.089, 0, 4, 97871, 0, 81.04
2026/09/11 12:01:05.089, 1, 4, 97871, 0, 95.23
2026/09/11 12:01:05.089, 2, 4, 97871, 0, 76.24
2026/09/11 12:01:05.089, 3, 4, 97871, 0, 85.66
2026/09/11 12:01:05.289, 0, 4, 97871, 0, 74.29
2026/09/11 12:01:05.289, 1, 4, 97871, 0, 85.52
2026/09/11 12:01:05.290, 2, 4, 97871, 0, 75.93
2026/09/11 12:01:05.290, 3, 4, 97871, 0, 76.12
2026/09/11 12:01:05.490, 0, 0, 97871, 0, 74.20
2026/09/11 12:01:05.490, 1, 0, 97871, 0, 76.81
2026/09/11 12:01:05.490, 2, 0, 97871, 0, 75.68
2026/09/11 12:01:05.490, 3, 0, 97871, 0, 75.07
2026/09/11 12:01:05.690, 0, 0, 97871, 0, 74.19
2026/09/11 12:01:05.690, 1, 0, 97871, 0, 75.80
2026/09/11 12:01:05.690, 2, 0, 97871, 0, 75.43
2026/09/11 12:01:05.690, 3, 0, 97871, 0, 74.99
2026/09/11 12:01:05.890, 0, 0, 97871, 0, 74.19
2026/09/11 12:01:05.890, 1, 0, 97871, 0, 75.77
2026/09/11 12:01:05.890, 2, 0, 97871, 0, 75.21
2026/09/11 12:01:05.890, 3, 0, 97871, 0, 74.98
2026/09/11 12:01:06.091, 0, 0, 97871, 0, 74.18
2026/09/11 12:01:06.091, 1, 0, 97871, 0, 75.73
2026/09/11 12:01:06.091, 2, 0, 97871, 0, 74.96
2026/09/11 12:01:06.091, 3, 0, 97871, 0, 75.02
2026/09/11 12:01:06.291, 0, 0, 97871, 0, 74.18
2026/09/11 12:01:06.291, 1, 0, 97871, 0, 75.72
2026/09/11 12:01:06.291, 2, 0, 97871, 0, 74.77
2026/09/11 12:01:06.291, 3, 0, 97871, 0, 75.03
2026/09/11 12:01:06.491, 0, 0, 97871, 0, 74.19
2026/09/11 12:01:06.491, 1, 0, 97871, 0, 75.69
2026/09/11 12:01:06.491, 2, 0, 97871, 0, 74.61
2026/09/11 12:01:06.492, 3, 0, 97871, 0, 74.96
