timestamp,gpu_index,memory_used_mib,memory_total_mib,gpu_utilization_percent,power_watts
2026/09/11 15:41:42.805, 0, 0, 97871, 0, 74.01
2026/09/11 15:41:42.809, 1, 0, 97871, 0, 75.76
2026/09/11 15:41:42.812, 2, 0, 97871, 0, 74.91
2026/09/11 15:41:42.815, 3, 0, 97871, 0, 74.95
2026/09/11 15:41:43.019, 0, 0, 97871, 0, 74.04
2026/09/11 15:41:43.019, 1, 0, 97871, 0, 75.75
2026/09/11 15:41:43.019, 2, 0, 97871, 0, 74.79
2026/09/11 15:41:43.019, 3, 0, 97871, 0, 74.96
2026/09/11 15:41:43.219, 0, 0, 97871, 0, 74.03
2026/09/11 15:41:43.219, 1, 0, 97871, 0, 75.73
2026/09/11 15:41:43.219, 2, 0, 97871, 0, 74.75
2026/09/11 15:41:43.219, 3, 0, 97871, 0, 74.91
2026/09/11 15:41:43.419, 0, 0, 97871, 0, 73.99
2026/09/11 15:41:43.419, 1, 0, 97871, 0, 75.72
2026/09/11 15:41:43.419, 2, 0, 97871, 0, 74.69
2026/09/11 15:41:43.419, 3, 0, 97871, 0, 74.92
2026/09/11 15:41:43.619, 0, 0, 97871, 0, 73.99
2026/09/11 15:41:43.619, 1, 0, 97871, 0, 75.72
2026/09/11 15:41:43.619, 2, 0, 97871, 0, 74.68
2026/09/11 15:41:43.619, 3, 0, 97871, 0, 74.95
2026/09/11 15:41:43.820, 0, 0, 97871, 0, 74.04
2026/09/11 15:41:43.820, 1, 0, 97871, 0, 75.69
2026/09/11 15:41:43.820, 2, 0, 97871, 0, 74.67
2026/09/11 15:41:43.820, 3, 0, 97871, 0, 74.89
2026/09/11 15:41:44.020, 0, 0, 97871, 0, 74.01
2026/09/11 15:41:44.020, 1, 0, 97871, 0, 75.67
2026/09/11 15:41:44.020, 2, 0, 97871, 0, 74.64
2026/09/11 15:41:44.020, 3, 0, 97871, 0, 74.89
2026/09/11 15:41:44.220, 0, 0, 97871, 0, 74.01
2026/09/11 15:41:44.220, 1, 0, 97871, 0, 75.67
2026/09/11 15:41:44.220, 2, 0, 97871, 0, 74.60
2026/09/11 15:41:44.220, 3, 0, 97871, 0, 74.94
2026/09/11 15:41:44.420, 0, 0, 97871, 0, 74.04
2026/09/11 15:41:44.420, 1, 0, 97871, 0, 75.67
2026/09/11 15:41:44.420, 2, 0, 97871, 0, 74.56
2026/09/11 15:41:44.420, 3, 0, 97871, 0, 74.92
2026/09/11 15:41:44.620, 0, 0, 97871, 0, 74.02
2026/09/11 15:41:44.620, 1, 0, 97871, 0, 75.66
2026/09/11 15:41:44.620, 2, 0, 97871, 0, 74.57
2026/09/11 15:41:44.620, 3, 0, 97871, 0, 74.87
2026/09/11 15:41:44.821, 0, 0, 97871, 0, 74.04
2026/09/11 15:41:44.821, 1, 0, 97871, 0, 75.68
2026/09/11 15:41:44.821, 2, 0, 97871, 0, 74.54
2026/09/11 15:41:44.821, 3, 0, 97871, 0, 74.92
2026/09/11 15:41:45.021, 0, 0, 97871, 0, 74.04
2026/09/11 15:41:45.021, 1, 0, 97871, 0, 75.67
2026/09/11 15:41:45.021, 2, 0, 97871, 0, 74.55
2026/09/11 15:41:45.021, 3, 0, 97871, 0, 74.95
2026/09/11 15:41:45.221, 0, 0, 97871, 0, 74.02
2026/09/11 15:41:45.221, 1, 0, 97871, 0, 75.66
2026/09/11 15:41:45.221, 2, 0, 97871, 0, 74.54
2026/09/11 15:41:45.221, 3, 0, 97871, 0, 74.89
2026/09/11 15:41:45.421, 0, 0, 97871, 0, 74.01
2026/09/11 15:41:45.421, 1, 0, 97871, 0, 75.67
2026/09/11 15:41:45.421, 2, 0, 97871, 0, 74.55
2026/09/11 15:41:45.421, 3, 0, 97871, 0, 74.85
2026/09/11 15:41:45.621, 0, 0, 97871, 0, 74.02
2026/09/11 15:41:45.621, 1, 0, 97871, 0, 75.66
2026/09/11 15:41:45.621, 2, 0, 97871, 0, 74.53
2026/09/11 15:41:45.621, 3, 0, 97871, 0, 74.87
2026/09/11 15:41:45.821, 0, 0, 97871, 0, 74.01
2026/09/11 15:41:45.822, 1, 0, 97871, 0, 75.66
2026/09/11 15:41:45.822, 2, 0, 97871, 0, 74.53
2026/09/11 15:41:45.822, 3, 0, 97871, 0, 74.85
2026/09/11 15:41:46.022, 0, 0, 97871, 0, 74.00
2026/09/11 15:41:46.022, 1, 0, 97871, 0, 75.67
2026/09/11 15:41:46.022, 2, 0, 97871, 0, 74.56
2026/09/11 15:41:46.022, 3, 0, 97871, 0, 74.79
2026/09/11 15:41:46.222, 0, 0, 97871, 0, 74.02
2026/09/11 15:41:46.222, 1, 0, 97871, 0, 75.68
2026/09/11 15:41:46.222, 2, 0, 97871, 0, 74.54
2026/09/11 15:41:46.222, 3, 0, 97871, 0, 74.79
2026/09/11 15:41:46.422, 0, 0, 97871, 0, 74.00
2026/09/11 15:41:46.422, 1, 0, 97871, 0, 75.68
2026/09/11 15:41:46.422, 2, 0, 97871, 0, 74.55
2026/09/11 15:41:46.422, 3, 0, 97871, 0, 74.82
2026/09/11 15:41:46.622, 0, 0, 97871, 0, 73.96
2026/09/11 15:41:46.622, 1, 0, 97871, 0, 75.69
2026/09/11 15:41:46.622, 2, 0, 97871, 0, 74.56
2026/09/11 15:41:46.622, 3, 0, 97871, 0, 74.83
2026/09/11 15:41:46.822, 0, 0, 97871, 0, 73.97
2026/09/11 15:41:46.822, 1, 0, 97871, 0, 75.67
2026/09/11 15:41:46.823, 2, 0, 97871, 0, 74.58
2026/09/11 15:41:46.823, 3, 0, 97871, 0, 74.78
2026/09/11 15:41:47.023, 0, 0, 97871, 0, 73.97
2026/09/11 15:41:47.023, 1, 0, 97871, 0, 75.65
2026/09/11 15:41:47.023, 2, 0, 97871, 0, 74.59
2026/09/11 15:41:47.023, 3, 0, 97871, 0, 74.82
2026/09/11 15:41:47.223, 0, 0, 97871, 0, 73.96
2026/09/11 15:41:47.223, 1, 0, 97871, 0, 75.64
2026/09/11 15:41:47.223, 2, 0, 97871, 0, 74.59
2026/09/11 15:41:47.223, 3, 0, 97871, 0, 74.87
2026/09/11 15:41:47.423, 0, 0, 97871, 0, 73.96
2026/09/11 15:41:47.423, 1, 0, 97871, 0, 75.64
2026/09/11 15:41:47.423, 2, 0, 97871, 0, 74.57
2026/09/11 15:41:47.423, 3, 0, 97871, 0, 74.86
2026/09/11 15:41:47.623, 0, 0, 97871, 0, 73.95
2026/09/11 15:41:47.623, 1, 0, 97871, 0, 75.64
2026/09/11 15:41:47.623, 2, 0, 97871, 0, 74.54
2026/09/11 15:41:47.623, 3, 0, 97871, 0, 74.76
2026/09/11 15:41:47.823, 0, 0, 97871, 0, 73.90
2026/09/11 15:41:47.823, 1, 0, 97871, 0, 75.66
2026/09/11 15:41:47.823, 2, 0, 97871, 0, 74.51
2026/09/11 15:41:47.823, 3, 0, 97871, 0, 74.82
2026/09/11 15:41:48.023, 0, 0, 97871, 0, 73.89
2026/09/11 15:41:48.023, 1, 0, 97871, 0, 75.65
2026/09/11 15:41:48.024, 2, 0, 97871, 0, 74.48
2026/09/11 15:41:48.024, 3, 0, 97871, 0, 74.85
2026/09/11 15:41:48.224, 0, 0, 97871, 0, 73.88
2026/09/11 15:41:48.224, 1, 0, 97871, 0, 75.66
2026/09/11 15:41:48.224, 2, 0, 97871, 0, 74.51
2026/09/11 15:41:48.225, 3, 0, 97871, 0, 74.84
2026/09/11 15:41:48.425, 0, 0, 97871, 0, 73.85
2026/09/11 15:41:48.425, 1, 0, 97871, 0, 75.65
2026/09/11 15:41:48.425, 2, 0, 97871, 0, 74.52
2026/09/11 15:41:48.425, 3, 0, 97871, 0, 74.79
2026/09/11 15:41:48.625, 0, 0, 97871, 0, 73.84
2026/09/11 15:41:48.625, 1, 0, 97871, 0, 75.63
2026/09/11 15:41:48.625, 2, 0, 97871, 0, 74.53
2026/09/11 15:41:48.625, 3, 0, 97871, 0, 74.87
2026/09/11 15:41:48.825, 0, 0, 97871, 0, 73.86
2026/09/11 15:41:48.825, 1, 0, 97871, 0, 75.60
2026/09/11 15:41:48.825, 2, 0, 97871, 0, 74.56
2026/09/11 15:41:48.825, 3, 0, 97871, 0, 74.89
2026/09/11 15:41:49.025, 0, 0, 97871, 0, 73.86
2026/09/11 15:41:49.025, 1, 0, 97871, 0, 75.57
2026/09/11 15:41:49.025, 2, 0, 97871, 0, 74.58
2026/09/11 15:41:49.025, 3, 0, 97871, 0, 74.88
2026/09/11 15:41:49.225, 0, 0, 97871, 0, 73.86
2026/09/11 15:41:49.225, 1, 0, 97871, 0, 75.55
2026/09/11 15:41:49.225, 2, 0, 97871, 0, 74.59
2026/09/11 15:41:49.225, 3, 0, 97871, 0, 74.84
2026/09/11 15:41:49.426, 0, 0, 97871, 0, 73.88
2026/09/11 15:41:49.426, 1, 0, 97871, 0, 75.53
2026/09/11 15:41:49.426, 2, 0, 97871, 0, 74.61
2026/09/11 15:41:49.426, 3, 0, 97871, 0, 74.90
2026/09/11 15:41:49.626, 0, 0, 97871, 0, 73.87
2026/09/11 15:41:49.626, 1, 0, 97871, 0, 75.54
2026/09/11 15:41:49.626, 2, 0, 97871, 0, 74.59
2026/09/11 15:41:49.626, 3, 0, 97871, 0, 74.86
2026/09/11 15:41:49.826, 0, 0, 97871, 0, 73.84
2026/09/11 15:41:49.826, 1, 0, 97871, 0, 75.55
2026/09/11 15:41:49.826, 2, 0, 97871, 0, 74.57
2026/09/11 15:41:49.826, 3, 0, 97871, 0, 74.86
2026/09/11 15:41:50.026, 0, 0, 97871, 0, 73.85
2026/09/11 15:41:50.026, 1, 0, 97871, 0, 75.58
2026/09/11 15:41:50.026, 2, 0, 97871, 0, 74.54
2026/09/11 15:41:50.027, 3, 0, 97871, 0, 74.82
2026/09/11 15:41:50.227, 0, 0, 97871, 0, 73.82
2026/09/11 15:41:50.227, 1, 0, 97871, 0, 75.58
2026/09/11 15:41:50.227, 2, 0, 97871, 0, 74.50
2026/09/11 15:41:50.227, 3, 0, 97871, 0, 74.81
2026/09/11 15:41:50.427, 0, 0, 97871, 0, 73.83
2026/09/11 15:41:50.427, 1, 0, 97871, 0, 75.59
2026/09/11 15:41:50.427, 2, 0, 97871, 0, 74.48
2026/09/11 15:41:50.427, 3, 0, 97871, 0, 74.86
2026/09/11 15:41:50.627, 0, 0, 97871, 0, 73.87
2026/09/11 15:41:50.627, 1, 0, 97871, 0, 75.59
2026/09/11 15:41:50.627, 2, 0, 97871, 0, 74.47
2026/09/11 15:41:50.627, 3, 0, 97871, 0, 74.91
2026/09/11 15:41:50.827, 0, 0, 97871, 0, 73.89
2026/09/11 15:41:50.827, 1, 0, 97871, 0, 75.58
2026/09/11 15:41:50.827, 2, 0, 97871, 0, 74.47
2026/09/11 15:41:50.827, 3, 0, 97871, 0, 74.84
2026/09/11 15:41:51.027, 0, 0, 97871, 0, 73.85
2026/09/11 15:41:51.027, 1, 0, 97871, 0, 75.54
2026/09/11 15:41:51.027, 2, 0, 97871, 0, 74.46
2026/09/11 15:41:51.027, 3, 0, 97871, 0, 74.84
2026/09/11 15:41:51.227, 0, 0, 97871, 0, 73.87
2026/09/11 15:41:51.227, 1, 0, 97871, 0, 75.55
2026/09/11 15:41:51.227, 2, 0, 97871, 0, 74.46
2026/09/11 15:41:51.227, 3, 0, 97871, 0, 74.88
2026/09/11 15:41:51.428, 0, 0, 97871, 0, 73.87
2026/09/11 15:41:51.428, 1, 0, 97871, 0, 75.53
2026/09/11 15:41:51.428, 2, 0, 97871, 0, 74.43
2026/09/11 15:41:51.428, 3, 0, 97871, 0, 74.88
2026/09/11 15:41:51.628, 0, 0, 97871, 0, 73.86
2026/09/11 15:41:51.628, 1, 0, 97871, 0, 75.53
2026/09/11 15:41:51.628, 2, 0, 97871, 0, 74.43
2026/09/11 15:41:51.628, 3, 0, 97871, 0, 74.76
2026/09/11 15:41:51.828, 0, 0, 97871, 0, 73.86
2026/09/11 15:41:51.828, 1, 0, 97871, 0, 75.57
2026/09/11 15:41:51.828, 2, 0, 97871, 0, 74.44
2026/09/11 15:41:51.828, 3, 0, 97871, 0, 74.76
2026/09/11 15:41:52.028, 0, 0, 97871, 0, 73.88
2026/09/11 15:41:52.028, 1, 0, 97871, 0, 75.58
2026/09/11 15:41:52.028, 2, 0, 97871, 0, 74.44
2026/09/11 15:41:52.028, 3, 0, 97871, 0, 74.78
2026/09/11 15:41:52.228, 0, 0, 97871, 0, 73.86
2026/09/11 15:41:52.228, 1, 0, 97871, 0, 75.56
2026/09/11 15:41:52.228, 2, 0, 97871, 0, 74.42
2026/09/11 15:41:52.228, 3, 0, 97871, 0, 74.74
2026/09/11 15:41:52.428, 0, 0, 97871, 0, 73.87
2026/09/11 15:41:52.428, 1, 0, 97871, 0, 75.58
2026/09/11 15:41:52.428, 2, 0, 97871, 0, 74.45
2026/09/11 15:41:52.428, 3, 0, 97871, 0, 74.64
2026/09/11 15:41:52.628, 0, 0, 97871, 0, 73.88
2026/09/11 15:41:52.628, 1, 0, 97871, 0, 75.58
2026/09/11 15:41:52.628, 2, 0, 97871, 0, 74.46
2026/09/11 15:41:52.628, 3, 0, 97871, 0, 74.69
2026/09/11 15:41:52.829, 0, 0, 97871, 0, 73.86
2026/09/11 15:41:52.829, 1, 0, 97871, 0, 75.56
2026/09/11 15:41:52.829, 2, 0, 97871, 0, 74.47
2026/09/11 15:41:52.829, 3, 0, 97871, 0, 74.63
2026/09/11 15:41:53.029, 0, 0, 97871, 0, 73.86
2026/09/11 15:41:53.029, 1, 0, 97871, 0, 75.53
2026/09/11 15:41:53.029, 2, 0, 97871, 0, 74.49
2026/09/11 15:41:53.029, 3, 0, 97871, 0, 74.67
2026/09/11 15:41:53.229, 0, 0, 97871, 0, 73.89
2026/09/11 15:41:53.229, 1, 0, 97871, 0, 75.54
2026/09/11 15:41:53.229, 2, 0, 97871, 0, 74.50
2026/09/11 15:41:53.229, 3, 0, 97871, 0, 74.72
2026/09/11 15:41:53.429, 0, 0, 97871, 0, 73.87
2026/09/11 15:41:53.429, 1, 0, 97871, 0, 75.53
2026/09/11 15:41:53.429, 2, 0, 97871, 0, 74.51
2026/09/11 15:41:53.429, 3, 0, 97871, 0, 74.70
2026/09/11 15:41:53.629, 0, 0, 97871, 0, 73.86
2026/09/11 15:41:53.629, 1, 0, 97871, 0, 75.52
2026/09/11 15:41:53.629, 2, 0, 97871, 0, 74.49
2026/09/11 15:41:53.629, 3, 0, 97871, 0, 74.65
2026/09/11 15:41:53.829, 0, 0, 97871, 0, 73.86
2026/09/11 15:41:53.830, 1, 0, 97871, 0, 75.53
2026/09/11 15:41:53.830, 2, 0, 97871, 0, 74.47
2026/09/11 15:41:53.830, 3, 0, 97871, 0, 74.71
2026/09/11 15:41:54.030, 0, 0, 97871, 0, 73.86
2026/09/11 15:41:54.030, 1, 0, 97871, 0, 75.56
2026/09/11 15:41:54.030, 2, 0, 97871, 0, 74.46
2026/09/11 15:41:54.030, 3, 0, 97871, 0, 74.76
2026/09/11 15:41:54.230, 0, 0, 97871, 0, 73.81
2026/09/11 15:41:54.230, 1, 0, 97871, 0, 75.56
2026/09/11 15:41:54.230, 2, 0, 97871, 0, 74.44
2026/09/11 15:41:54.230, 3, 0, 97871, 0, 74.75
2026/09/11 15:41:54.430, 0, 0, 97871, 0, 73.81
2026/09/11 15:41:54.430, 1, 0, 97871, 0, 75.55
2026/09/11 15:41:54.430, 2, 0, 97871, 0, 74.44
2026/09/11 15:41:54.430, 3, 0, 97871, 0, 74.74
2026/09/11 15:41:54.630, 0, 0, 97871, 0, 73.83
2026/09/11 15:41:54.630, 1, 0, 97871, 0, 75.57
2026/09/11 15:41:54.630, 2, 0, 97871, 0, 74.46
2026/09/11 15:41:54.630, 3, 0, 97871, 0, 74.79
2026/09/11 15:41:54.830, 0, 0, 97871, 0, 73.81
2026/09/11 15:41:54.830, 1, 0, 97871, 0, 75.57
2026/09/11 15:41:54.830, 2, 0, 97871, 0, 74.48
2026/09/11 15:41:54.830, 3, 0, 97871, 0, 74.78
2026/09/11 15:41:55.030, 0, 0, 97871, 0, 73.80
2026/09/11 15:41:55.030, 1, 0, 97871, 0, 75.57
2026/09/11 15:41:55.030, 2, 0, 97871, 0, 74.47
2026/09/11 15:41:55.030, 3, 0, 97871, 0, 74.73
2026/09/11 15:41:55.231, 0, 0, 97871, 0, 73.84
2026/09/11 15:41:55.231, 1, 0, 97871, 0, 75.54
2026/09/11 15:41:55.231, 2, 0, 97871, 0, 74.51
2026/09/11 15:41:55.231, 3, 0, 97871, 0, 74.66
2026/09/11 15:41:55.431, 0, 0, 97871, 0, 73.81
2026/09/11 15:41:55.431, 1, 0, 97871, 0, 75.52
2026/09/11 15:41:55.431, 2, 0, 97871, 0, 74.50
2026/09/11 15:41:55.431, 3, 0, 97871, 0, 74.68
2026/09/11 15:41:55.631, 0, 0, 97871, 0, 73.77
2026/09/11 15:41:55.631, 1, 0, 97871, 0, 75.48
2026/09/11 15:41:55.631, 2, 0, 97871, 0, 74.48
2026/09/11 15:41:55.631, 3, 0, 97871, 0, 74.72
2026/09/11 15:41:55.831, 0, 0, 97871, 0, 73.80
2026/09/11 15:41:55.831, 1, 0, 97871, 0, 75.47
2026/09/11 15:41:55.831, 2, 0, 97871, 0, 74.46
2026/09/11 15:41:55.831, 3, 0, 97871, 0, 74.68
2026/09/11 15:41:56.031, 0, 0, 97871, 0, 73.78
2026/09/11 15:41:56.031, 1, 0, 97871, 0, 75.46
2026/09/11 15:41:56.031, 2, 0, 97871, 0, 74.43
2026/09/11 15:41:56.031, 3, 0, 97871, 0, 74.67
2026/09/11 15:41:56.231, 0, 0, 97871, 0, 73.77
2026/09/11 15:41:56.232, 1, 0, 97871, 0, 75.45
2026/09/11 15:41:56.232, 2, 0, 97871, 0, 74.40
2026/09/11 15:41:56.232, 3, 0, 97871, 0, 74.77
2026/09/11 15:41:56.432, 0, 0, 97871, 0, 73.80
2026/09/11 15:41:56.432, 1, 0, 97871, 0, 75.46
2026/09/11 15:41:56.432, 2, 0, 97871, 0, 74.41
2026/09/11 15:41:56.432, 3, 0, 97871, 0, 74.81
2026/09/11 15:41:56.632, 0, 0, 97871, 0, 73.82
2026/09/11 15:41:56.632, 1, 0, 97871, 0, 75.46
2026/09/11 15:41:56.632, 2, 0, 97871, 0, 74.39
2026/09/11 15:41:56.632, 3, 0, 97871, 0, 74.72
2026/09/11 15:41:56.832, 0, 0, 97871, 0, 73.79
2026/09/11 15:41:56.832, 1, 0, 97871, 0, 75.47
2026/09/11 15:41:56.832, 2, 0, 97871, 0, 74.39
2026/09/11 15:41:56.832, 3, 0, 97871, 0, 74.71
2026/09/11 15:41:57.032, 0, 0, 97871, 0, 73.81
2026/09/11 15:41:57.032, 1, 0, 97871, 0, 75.46
2026/09/11 15:41:57.032, 2, 0, 97871, 0, 74.37
2026/09/11 15:41:57.032, 3, 0, 97871, 0, 74.74
2026/09/11 15:41:57.232, 0, 0, 97871, 0, 73.81
2026/09/11 15:41:57.232, 1, 0, 97871, 0, 75.46
2026/09/11 15:41:57.232, 2, 0, 97871, 0, 74.36
2026/09/11 15:41:57.232, 3, 0, 97871, 0, 74.74
2026/09/11 15:41:57.432, 0, 0, 97871, 0, 73.76
2026/09/11 15:41:57.433, 1, 0, 97871, 0, 75.44
2026/09/11 15:41:57.433, 2, 0, 97871, 0, 74.38
2026/09/11 15:41:57.433, 3, 0, 97871, 0, 74.64
2026/09/11 15:41:57.633, 0, 0, 97871, 0, 73.77
2026/09/11 15:41:57.633, 1, 0, 97871, 0, 75.43
2026/09/11 15:41:57.633, 2, 0, 97871, 0, 74.40
2026/09/11 15:41:57.633, 3, 0, 97871, 0, 74.69
2026/09/11 15:41:57.833, 0, 0, 97871, 0, 73.80
2026/09/11 15:41:57.833, 1, 0, 97871, 0, 75.44
2026/09/11 15:41:57.833, 2, 0, 97871, 0, 74.39
2026/09/11 15:41:57.833, 3, 0, 97871, 0, 74.75
2026/09/11 15:41:58.033, 0, 0, 97871, 0, 73.78
2026/09/11 15:41:58.033, 1, 0, 97871, 0, 75.45
2026/09/11 15:41:58.033, 2, 0, 97871, 0, 74.39
2026/09/11 15:41:58.033, 3, 0, 97871, 0, 74.74
2026/09/11 15:41:58.233, 0, 0, 97871, 0, 73.78
2026/09/11 15:41:58.233, 1, 0, 97871, 0, 75.46
2026/09/11 15:41:58.233, 2, 0, 97871, 0, 74.40
2026/09/11 15:41:58.233, 3, 0, 97871, 0, 74.67
2026/09/11 15:41:58.433, 0, 0, 97871, 0, 73.80
2026/09/11 15:41:58.433, 1, 0, 97871, 0, 75.48
2026/09/11 15:41:58.433, 2, 0, 97871, 0, 74.39
2026/09/11 15:41:58.433, 3, 0, 97871, 0, 74.72
2026/09/11 15:41:58.633, 0, 1, 97871, 0, 73.77
2026/09/11 15:41:58.645, 1, 1, 97871, 0, 75.45
2026/09/11 15:41:58.751, 2, 1, 97871, 0, 74.40
2026/09/11 15:41:58.752, 3, 1, 97871, 0, 74.64
2026/09/11 15:41:58.952, 0, 4, 97871, 0, 73.83
2026/09/11 15:41:58.953, 1, 1, 97871, 0, 75.49
2026/09/11 15:41:58.953, 2, 1, 97871, 0, 74.40
2026/09/11 15:41:58.954, 3, 1, 97871, 0, 74.57
2026/09/11 15:41:59.154, 0, 4, 97871, 0, 73.87
2026/09/11 15:41:59.155, 1, 4, 97871, 0, 75.50
2026/09/11 15:41:59.155, 2, 1, 97871, 0, 74.42
2026/09/11 15:41:59.155, 3, 1, 97871, 0, 74.57
2026/09/11 15:41:59.356, 0, 4, 97871, 0, 73.85
2026/09/11 15:41:59.365, 1, 4, 97871, 0, 75.50
2026/09/11 15:41:59.365, 2, 4, 97871, 0, 74.70
2026/09/11 15:41:59.365, 3, 1, 97871, 0, 74.53
2026/09/11 15:41:59.566, 0, 4, 97871, 0, 73.85
2026/09/11 15:41:59.566, 1, 4, 97871, 0, 75.53
2026/09/11 15:41:59.566, 2, 4, 97871, 0, 75.15
2026/09/11 15:41:59.566, 3, 4, 97871, 0, 74.59
2026/09/11 15:41:59.766, 0, 4, 97871, 0, 73.84
2026/09/11 15:41:59.766, 1, 4, 97871, 0, 75.53
2026/09/11 15:41:59.766, 2, 4, 97871, 0, 75.57
2026/09/11 15:41:59.766, 3, 4, 97871, 0, 74.62
2026/09/11 15:41:59.966, 0, 4, 97871, 0, 73.81
2026/09/11 15:41:59.966, 1, 4, 97871, 0, 75.50
2026/09/11 15:41:59.966, 2, 4, 97871, 0, 76.00
2026/09/11 15:41:59.966, 3, 4, 97871, 0, 74.69
2026/09/11 15:42:00.167, 0, 4, 97871, 0, 73.75
2026/09/11 15:42:00.167, 1, 4, 97871, 0, 75.51
2026/09/11 15:42:00.167, 2, 4, 97871, 0, 76.43
2026/09/11 15:42:00.167, 3, 4, 97871, 0, 74.69
2026/09/11 15:42:00.367, 0, 4, 97871, 0, 73.75
2026/09/11 15:42:00.367, 1, 4, 97871, 0, 75.49
2026/09/11 15:42:00.367, 2, 4, 97871, 0, 76.64
2026/09/11 15:42:00.367, 3, 4, 97871, 0, 74.66
2026/09/11 15:42:00.567, 0, 4, 97871, 0, 73.74
2026/09/11 15:42:00.567, 1, 4, 97871, 0, 75.48
2026/09/11 15:42:00.567, 2, 4, 97871, 0, 76.64
2026/09/11 15:42:00.567, 3, 4, 97871, 0, 74.66
2026/09/11 15:42:00.767, 0, 4, 97871, 0, 73.72
2026/09/11 15:42:00.767, 1, 4, 97871, 0, 75.43
2026/09/11 15:42:00.767, 2, 4, 97871, 0, 76.66
2026/09/11 15:42:00.767, 3, 4, 97871, 0, 74.71
2026/09/11 15:42:00.967, 0, 4, 97871, 0, 73.73
2026/09/11 15:42:00.967, 1, 4, 97871, 0, 75.43
2026/09/11 15:42:00.967, 2, 4, 97871, 0, 76.66
2026/09/11 15:42:00.967, 3, 4, 97871, 0, 74.72
2026/09/11 15:42:01.167, 0, 4, 97871, 0, 73.76
2026/09/11 15:42:01.167, 1, 4, 97871, 0, 75.41
2026/09/11 15:42:01.167, 2, 4, 97871, 0, 76.42
2026/09/11 15:42:01.167, 3, 4, 97871, 0, 74.73
2026/09/11 15:42:01.367, 0, 4, 97871, 0, 73.73
2026/09/11 15:42:01.368, 1, 4, 97871, 0, 75.41
2026/09/11 15:42:01.368, 2, 4, 97871, 0, 75.98
2026/09/11 15:42:01.368, 3, 4, 97871, 0, 74.71
2026/09/11 15:42:01.568, 0, 4, 97871, 0, 73.73
2026/09/11 15:42:01.568, 1, 4, 97871, 0, 75.43
2026/09/11 15:42:01.568, 2, 4, 97871, 0, 75.52
2026/09/11 15:42:01.568, 3, 4, 97871, 0, 74.74
2026/09/11 15:42:01.768, 0, 4, 97871, 0, 73.75
2026/09/11 15:42:01.768, 1, 4, 97871, 0, 75.44
2026/09/11 15:42:01.768, 2, 4, 97871, 0, 75.07
2026/09/11 15:42:01.768, 3, 4, 97871, 0, 74.75
2026/09/11 15:42:01.968, 0, 4, 97871, 0, 73.73
2026/09/11 15:42:01.968, 1, 4, 97871, 0, 75.44
2026/09/11 15:42:01.968, 2, 4, 97871, 0, 74.56
2026/09/11 15:42:01.968, 3, 4, 97871, 0, 74.70
2026/09/11 15:42:02.168, 0, 4, 97871, 0, 73.74
2026/09/11 15:42:02.168, 1, 4, 97871, 0, 75.44
2026/09/11 15:42:02.168, 2, 4, 97871, 0, 74.35
2026/09/11 15:42:02.168, 3, 4, 97871, 0, 74.77
2026/09/11 15:42:02.368, 0, 4, 97871, 0, 73.77
2026/09/11 15:42:02.368, 1, 4, 97871, 0, 75.45
2026/09/11 15:42:02.368, 2, 4, 97871, 0, 74.36
2026/09/11 15:42:02.368, 3, 4, 97871, 0, 74.80
2026/09/11 15:42:02.569, 0, 4, 97871, 0, 73.77
2026/09/11 15:42:02.569, 1, 4, 97871, 0, 75.45
2026/09/11 15:42:02.569, 2, 4, 97871, 0, 74.38
2026/09/11 15:42:02.569, 3, 4, 97871, 0, 74.81
2026/09/11 15:42:02.769, 0, 4, 97871, 0, 73.73
2026/09/11 15:42:02.769, 1, 4, 97871, 0, 75.41
2026/09/11 15:42:02.769, 2, 4, 97871, 0, 74.38
2026/09/11 15:42:02.769, 3, 4, 97871, 0, 74.76
2026/09/11 15:42:02.969, 0, 4, 97871, 0, 73.75
2026/09/11 15:42:02.969, 1, 4, 97871, 0, 75.39
2026/09/11 15:42:02.969, 2, 4, 97871, 0, 74.38
2026/09/11 15:42:02.969, 3, 4, 97871, 0, 74.86
2026/09/11 15:42:03.169, 0, 4, 97871, 0, 73.72
2026/09/11 15:42:03.169, 1, 4, 97871, 0, 75.38
2026/09/11 15:42:03.169, 2, 4, 97871, 0, 74.42
2026/09/11 15:42:03.169, 3, 4, 97871, 0, 74.80
2026/09/11 15:42:03.369, 0, 4, 97871, 0, 73.71
2026/09/11 15:42:03.369, 1, 4, 97871, 0, 75.39
2026/09/11 15:42:03.369, 2, 4, 97871, 0, 74.42
2026/09/11 15:42:03.369, 3, 4, 97871, 0, 74.72
2026/09/11 15:42:03.569, 0, 4, 97871, 0, 73.73
2026/09/11 15:42:03.569, 1, 4, 97871, 0, 75.39
2026/09/11 15:42:03.569, 2, 4, 97871, 0, 74.39
2026/09/11 15:42:03.569, 3, 4, 97871, 0, 74.71
2026/09/11 15:42:03.770, 0, 4, 97871, 0, 73.78
2026/09/11 15:42:03.770, 1, 4, 97871, 0, 75.42
2026/09/11 15:42:03.770, 2, 4, 97871, 0, 74.41
2026/09/11 15:42:03.770, 3, 4, 97871, 0, 74.73
2026/09/11 15:42:03.970, 0, 4, 97871, 0, 73.76
2026/09/11 15:42:03.970, 1, 4, 97871, 0, 75.42
2026/09/11 15:42:03.970, 2, 4, 97871, 0, 74.41
2026/09/11 15:42:03.970, 3, 4, 97871, 0, 74.69
2026/09/11 15:42:04.170, 0, 4, 97871, 0, 73.78
2026/09/11 15:42:04.170, 1, 4, 97871, 0, 75.42
2026/09/11 15:42:04.170, 2, 4, 97871, 0, 74.38
2026/09/11 15:42:04.170, 3, 4, 97871, 0, 74.67
2026/09/11 15:42:04.370, 0, 4, 97871, 0, 73.80
2026/09/11 15:42:04.370, 1, 4, 97871, 0, 75.41
2026/09/11 15:42:04.370, 2, 4, 97871, 0, 74.37
2026/09/11 15:42:04.370, 3, 4, 97871, 0, 74.67
2026/09/11 15:42:04.570, 0, 4, 97871, 0, 73.76
2026/09/11 15:42:04.570, 1, 4, 97871, 0, 75.40
2026/09/11 15:42:04.570, 2, 4, 97871, 0, 74.36
2026/09/11 15:42:04.570, 3, 4, 97871, 0, 74.70
2026/09/11 15:42:04.770, 0, 4, 97871, 0, 73.75
2026/09/11 15:42:04.771, 1, 4, 97871, 0, 75.39
2026/09/11 15:42:04.771, 2, 4, 97871, 0, 74.37
2026/09/11 15:42:04.771, 3, 4, 97871, 0, 74.66
2026/09/11 15:42:04.971, 0, 4, 97871, 0, 73.77
2026/09/11 15:42:04.971, 1, 4, 97871, 0, 75.38
2026/09/11 15:42:04.971, 2, 4, 97871, 0, 74.35
2026/09/11 15:42:04.971, 3, 4, 97871, 0, 74.60
2026/09/11 15:42:05.171, 0, 4, 97871, 0, 73.77
2026/09/11 15:42:05.171, 1, 4, 97871, 0, 75.39
2026/09/11 15:42:05.171, 2, 4, 97871, 0, 74.37
2026/09/11 15:42:05.171, 3, 4, 97871, 0, 74.64
2026/09/11 15:42:05.371, 0, 4, 97871, 0, 73.73
2026/09/11 15:42:05.371, 1, 4, 97871, 0, 75.41
2026/09/11 15:42:05.371, 2, 4, 97871, 0, 74.32
2026/09/11 15:42:05.371, 3, 4, 97871, 0, 74.66
2026/09/11 15:42:05.571, 0, 4, 97871, 0, 73.74
2026/09/11 15:42:05.571, 1, 4, 97871, 0, 75.40
2026/09/11 15:42:05.571, 2, 4, 97871, 0, 74.31
2026/09/11 15:42:05.571, 3, 4, 97871, 0, 74.65
2026/09/11 15:42:05.771, 0, 4, 97871, 0, 73.73
2026/09/11 15:42:05.771, 1, 4, 97871, 0, 75.43
2026/09/11 15:42:05.771, 2, 4, 97871, 0, 74.33
2026/09/11 15:42:05.772, 3, 4, 97871, 0, 74.60
2026/09/11 15:42:05.972, 0, 4, 97871, 0, 73.71
2026/09/11 15:42:05.972, 1, 4, 97871, 0, 75.43
2026/09/11 15:42:05.972, 2, 4, 97871, 0, 74.34
2026/09/11 15:42:05.972, 3, 4, 97871, 0, 74.66
2026/09/11 15:42:06.172, 0, 4, 97871, 0, 73.68
2026/09/11 15:42:06.172, 1, 4, 97871, 0, 75.42
2026/09/11 15:42:06.172, 2, 4, 97871, 0, 74.31
2026/09/11 15:42:06.172, 3, 4, 97871, 0, 74.66
2026/09/11 15:42:06.372, 0, 4, 97871, 0, 73.70
2026/09/11 15:42:06.372, 1, 4, 97871, 0, 75.40
2026/09/11 15:42:06.372, 2, 4, 97871, 0, 74.34
2026/09/11 15:42:06.372, 3, 4, 97871, 0, 74.64
2026/09/11 15:42:06.572, 0, 4, 97871, 0, 73.69
2026/09/11 15:42:06.572, 1, 4, 97871, 0, 75.41
2026/09/11 15:42:06.572, 2, 4, 97871, 0, 74.35
2026/09/11 15:42:06.572, 3, 4, 97871, 0, 74.63
2026/09/11 15:42:06.772, 0, 4, 97871, 0, 73.68
2026/09/11 15:42:06.772, 1, 4, 97871, 0, 75.39
2026/09/11 15:42:06.772, 2, 4, 97871, 0, 74.34
2026/09/11 15:42:06.772, 3, 4, 97871, 0, 74.66
2026/09/11 15:42:06.972, 0, 4, 97871, 0, 73.69
2026/09/11 15:42:06.972, 1, 4, 97871, 0, 75.39
2026/09/11 15:42:06.973, 2, 4, 97871, 0, 74.33
2026/09/11 15:42:06.973, 3, 4, 97871, 0, 74.67
2026/09/11 15:42:07.173, 0, 4, 97871, 0, 73.69
2026/09/11 15:42:07.173, 1, 4, 97871, 0, 75.39
2026/09/11 15:42:07.173, 2, 4, 97871, 0, 74.34
2026/09/11 15:42:07.173, 3, 4, 97871, 0, 74.64
2026/09/11 15:42:07.373, 0, 4, 97871, 0, 73.65
2026/09/11 15:42:07.373, 1, 4, 97871, 0, 75.37
2026/09/11 15:42:07.373, 2, 4, 97871, 0, 74.36
2026/09/11 15:42:07.373, 3, 4, 97871, 0, 74.62
2026/09/11 15:42:07.573, 0, 4, 97871, 0, 73.65
2026/09/11 15:42:07.573, 1, 4, 97871, 0, 75.36
2026/09/11 15:42:07.573, 2, 4, 97871, 0, 74.36
2026/09/11 15:42:07.573, 3, 4, 97871, 0, 74.65
2026/09/11 15:42:07.773, 0, 4, 97871, 0, 73.66
2026/09/11 15:42:07.773, 1, 4, 97871, 0, 75.38
2026/09/11 15:42:07.773, 2, 4, 97871, 0, 74.34
2026/09/11 15:42:07.773, 3, 4, 97871, 0, 74.68
2026/09/11 15:42:07.973, 0, 4, 97871, 0, 73.66
2026/09/11 15:42:07.973, 1, 4, 97871, 0, 75.38
2026/09/11 15:42:07.973, 2, 4, 97871, 0, 74.32
2026/09/11 15:42:07.973, 3, 4, 97871, 0, 74.62
2026/09/11 15:42:08.173, 0, 4, 97871, 0, 73.71
2026/09/11 15:42:08.173, 1, 4, 97871, 0, 75.37
2026/09/11 15:42:08.173, 2, 4, 97871, 0, 74.32
2026/09/11 15:42:08.173, 3, 4, 97871, 0, 74.62
2026/09/11 15:42:08.374, 0, 4, 97871, 0, 73.75
2026/09/11 15:42:08.374, 1, 4, 97871, 0, 75.39
2026/09/11 15:42:08.374, 2, 4, 97871, 0, 74.28
2026/09/11 15:42:08.374, 3, 4, 97871, 0, 74.69
2026/09/11 15:42:08.574, 0, 4, 97871, 0, 73.75
2026/09/11 15:42:08.574, 1, 4, 97871, 0, 75.38
2026/09/11 15:42:08.574, 2, 4, 97871, 0, 74.30
2026/09/11 15:42:08.574, 3, 4, 97871, 0, 74.71
2026/09/11 15:42:08.774, 0, 4, 97871, 0, 73.72
2026/09/11 15:42:08.774, 1, 4, 97871, 0, 75.36
2026/09/11 15:42:08.774, 2, 4, 97871, 0, 74.34
2026/09/11 15:42:08.774, 3, 4, 97871, 0, 74.66
2026/09/11 15:42:08.974, 0, 4, 97871, 0, 73.73
2026/09/11 15:42:08.974, 1, 4, 97871, 0, 75.34
2026/09/11 15:42:08.974, 2, 4, 97871, 0, 74.36
2026/09/11 15:42:08.974, 3, 4, 97871, 0, 74.68
2026/09/11 15:42:09.174, 0, 4, 97871, 0, 73.70
2026/09/11 15:42:09.174, 1, 4, 97871, 0, 75.32
2026/09/11 15:42:09.174, 2, 4, 97871, 0, 74.38
2026/09/11 15:42:09.174, 3, 4, 97871, 0, 74.71
2026/09/11 15:42:09.375, 0, 4, 97871, 0, 73.68
2026/09/11 15:42:09.375, 1, 4, 97871, 0, 75.31
2026/09/11 15:42:09.375, 2, 4, 97871, 0, 74.39
2026/09/11 15:42:09.375, 3, 4, 97871, 0, 74.68
2026/09/11 15:42:09.575, 0, 4, 97871, 0, 73.69
2026/09/11 15:42:09.575, 1, 4, 97871, 0, 75.32
2026/09/11 15:42:09.575, 2, 4, 97871, 0, 74.37
2026/09/11 15:42:09.575, 3, 4, 97871, 0, 74.61
2026/09/11 15:42:09.775, 0, 4, 97871, 0, 73.71
2026/09/11 15:42:09.775, 1, 4, 97871, 0, 75.32
2026/09/11 15:42:09.775, 2, 4, 97871, 0, 74.33
2026/09/11 15:42:09.775, 3, 4, 97871, 0, 74.64
2026/09/11 15:42:09.975, 0, 4, 97871, 0, 73.66
2026/09/11 15:42:09.975, 1, 4, 97871, 0, 75.30
2026/09/11 15:42:09.975, 2, 4, 97871, 0, 74.32
2026/09/11 15:42:09.975, 3, 4, 97871, 0, 74.66
2026/09/11 15:42:10.175, 0, 4, 97871, 0, 73.68
2026/09/11 15:42:10.175, 1, 4, 97871, 0, 75.31
2026/09/11 15:42:10.175, 2, 4, 97871, 0, 74.29
2026/09/11 15:42:10.175, 3, 4, 97871, 0, 74.63
2026/09/11 15:42:10.375, 0, 4, 97871, 0, 73.70
2026/09/11 15:42:10.375, 1, 4, 97871, 0, 75.31
2026/09/11 15:42:10.375, 2, 4, 97871, 0, 74.28
2026/09/11 15:42:10.376, 3, 4, 97871, 0, 74.57
2026/09/11 15:42:10.576, 0, 4, 97871, 0, 73.68
2026/09/11 15:42:10.584, 1, 4, 97871, 0, 75.31
2026/09/11 15:42:10.589, 2, 4, 97871, 0, 74.29
2026/09/11 15:42:10.591, 3, 4, 97871, 0, 74.62
2026/09/11 15:42:10.791, 0, 4, 97871, 0, 73.68
2026/09/11 15:42:10.791, 1, 4, 97871, 0, 75.32
2026/09/11 15:42:10.791, 2, 4, 97871, 0, 74.28
2026/09/11 15:42:10.791, 3, 4, 97871, 0, 74.63
2026/09/11 15:42:10.991, 0, 4, 97871, 0, 73.72
2026/09/11 15:42:10.991, 1, 4, 97871, 0, 75.34
2026/09/11 15:42:10.991, 2, 4, 97871, 0, 74.28
2026/09/11 15:42:10.991, 3, 4, 97871, 0, 74.59
2026/09/11 15:42:11.191, 0, 4, 97871, 0, 73.73
2026/09/11 15:42:11.191, 1, 4, 97871, 0, 75.34
2026/09/11 15:42:11.191, 2, 4, 97871, 0, 74.25
2026/09/11 15:42:11.191, 3, 4, 97871, 0, 74.53
2026/09/11 15:42:11.392, 0, 4, 97871, 0, 73.69
2026/09/11 15:42:11.392, 1, 4, 97871, 0, 75.33
2026/09/11 15:42:11.392, 2, 4, 97871, 0, 74.23
2026/09/11 15:42:11.392, 3, 4, 97871, 0, 74.61
2026/09/11 15:42:11.592, 0, 4, 97871, 0, 73.69
2026/09/11 15:42:11.592, 1, 4, 97871, 0, 75.33
2026/09/11 15:42:11.592, 2, 4, 97871, 0, 74.24
2026/09/11 15:42:11.592, 3, 4, 97871, 0, 74.63
2026/09/11 15:42:11.792, 0, 4, 97871, 0, 73.68
2026/09/11 15:42:11.792, 1, 4, 97871, 0, 75.34
2026/09/11 15:42:11.792, 2, 4, 97871, 0, 74.23
2026/09/11 15:42:11.792, 3, 4, 97871, 0, 74.59
2026/09/11 15:42:11.992, 0, 4, 97871, 0, 73.63
2026/09/11 15:42:11.992, 1, 4, 97871, 0, 75.36
2026/09/11 15:42:11.992, 2, 4, 97871, 0, 74.20
2026/09/11 15:42:11.992, 3, 4, 97871, 0, 74.54
2026/09/11 15:42:12.192, 0, 4, 97871, 0, 73.64
2026/09/11 15:42:12.192, 1, 4, 97871, 0, 75.36
2026/09/11 15:42:12.192, 2, 4, 97871, 0, 74.25
2026/09/11 15:42:12.192, 3, 4, 97871, 0, 74.60
2026/09/11 15:42:12.393, 0, 4, 97871, 0, 73.66
2026/09/11 15:42:12.393, 1, 4, 97871, 0, 75.38
2026/09/11 15:42:12.393, 2, 4, 97871, 0, 74.25
2026/09/11 15:42:12.393, 3, 4, 97871, 0, 74.58
2026/09/11 15:42:12.593, 0, 4, 97871, 0, 73.64
2026/09/11 15:42:12.593, 1, 4, 97871, 0, 75.38
2026/09/11 15:42:12.593, 2, 4, 97871, 0, 74.27
2026/09/11 15:42:12.593, 3, 4, 97871, 0, 74.52
2026/09/11 15:42:12.793, 0, 4, 97871, 0, 73.64
2026/09/11 15:42:12.793, 1, 4, 97871, 0, 75.38
2026/09/11 15:42:12.793, 2, 4, 97871, 0, 74.26
2026/09/11 15:42:12.793, 3, 4, 97871, 0, 74.51
2026/09/11 15:42:12.993, 0, 4, 97871, 0, 73.67
2026/09/11 15:42:12.993, 1, 4, 97871, 0, 75.36
2026/09/11 15:42:12.993, 2, 4, 97871, 0, 74.27
2026/09/11 15:42:12.993, 3, 4, 97871, 0, 74.61
2026/09/11 15:42:13.193, 0, 4, 97871, 0, 73.64
2026/09/11 15:42:13.194, 1, 4, 97871, 0, 75.34
2026/09/11 15:42:13.194, 2, 4, 97871, 0, 74.25
2026/09/11 15:42:13.194, 3, 4, 97871, 0, 74.63
2026/09/11 15:42:13.394, 0, 4, 97871, 0, 73.63
2026/09/11 15:42:13.394, 1, 4, 97871, 0, 75.31
2026/09/11 15:42:13.394, 2, 4, 97871, 0, 74.22
2026/09/11 15:42:13.394, 3, 4, 97871, 0, 74.57
2026/09/11 15:42:13.594, 0, 4, 97871, 0, 73.64
2026/09/11 15:42:13.594, 1, 4, 97871, 0, 75.30
2026/09/11 15:42:13.594, 2, 4, 97871, 0, 74.21
2026/09/11 15:42:13.594, 3, 4, 97871, 0, 74.62
2026/09/11 15:42:13.794, 0, 4, 97871, 0, 73.64
2026/09/11 15:42:13.794, 1, 4, 97871, 0, 75.30
2026/09/11 15:42:13.794, 2, 4, 97871, 0, 74.21
2026/09/11 15:42:13.794, 3, 4, 97871, 0, 74.64
2026/09/11 15:42:13.994, 0, 4, 97871, 0, 73.61
2026/09/11 15:42:13.996, 1, 4, 97871, 0, 75.30
2026/09/11 15:42:13.997, 2, 4, 97871, 0, 74.24
2026/09/11 15:42:14.001, 3, 4, 97871, 0, 74.66
2026/09/11 15:42:14.203, 0, 4, 97871, 0, 73.65
2026/09/11 15:42:14.203, 1, 4, 97871, 0, 75.30
2026/09/11 15:42:14.204, 2, 4, 97871, 0, 74.26
2026/09/11 15:42:14.206, 3, 4, 97871, 0, 74.62
2026/09/11 15:42:14.406, 0, 4, 97871, 0, 73.68
2026/09/11 15:42:14.406, 1, 4, 97871, 0, 75.30
2026/09/11 15:42:14.406, 2, 4, 97871, 0, 74.28
2026/09/11 15:42:14.407, 3, 4, 97871, 0, 74.66
2026/09/11 15:42:14.607, 0, 4, 97871, 0, 73.68
2026/09/11 15:42:14.607, 1, 4, 97871, 0, 75.31
2026/09/11 15:42:14.607, 2, 4, 97871, 0, 74.30
2026/09/11 15:42:14.607, 3, 4, 97871, 0, 74.71
2026/09/11 15:42:14.807, 0, 4, 97871, 0, 73.68
2026/09/11 15:42:14.807, 1, 4, 97871, 0, 75.30
2026/09/11 15:42:14.807, 2, 4, 97871, 0, 74.29
2026/09/11 15:42:14.807, 3, 4, 97871, 0, 74.73
2026/09/11 15:42:15.007, 0, 14, 97871, 0, 73.68
2026/09/11 15:42:15.007, 1, 20, 97871, 0, 75.31
2026/09/11 15:42:15.023, 2, 20, 97871, 0, 74.31
2026/09/11 15:42:15.023, 3, 21, 97871, 0, 76.23
2026/09/11 15:42:15.223, 0, 21, 97871, 0, 80.17
2026/09/11 15:42:15.224, 1, 21, 97871, 0, 85.05
2026/09/11 15:42:15.227, 2, 21, 97871, 0, 80.61
2026/09/11 15:42:15.230, 3, 31, 97871, 0, 85.58
2026/09/11 15:42:15.432, 0, 385, 97871, 0, 89.68
2026/09/11 15:42:15.432, 1, 385, 97871, 0, 94.51
2026/09/11 15:42:15.432, 2, 385, 97871, 0, 91.03
2026/09/11 15:42:15.432, 3, 385, 97871, 1, 94.60
2026/09/11 15:42:15.632, 0, 385, 97871, 2, 98.77
2026/09/11 15:42:15.632, 1, 385, 97871, 1, 103.59
2026/09/11 15:42:15.632, 2, 385, 97871, 3, 99.41
2026/09/11 15:42:15.632, 3, 385, 97871, 1, 103.44
2026/09/11 15:42:15.832, 0, 415, 97871, 0, 107.82
2026/09/11 15:42:15.832, 1, 401, 97871, 0, 111.94
2026/09/11 15:42:15.832, 2, 401, 97871, 0, 108.14
2026/09/11 15:42:15.832, 3, 409, 97871, 0, 113.08
2026/09/11 15:42:16.032, 0, 551, 97871, 0, 116.00
2026/09/11 15:42:16.033, 1, 549, 97871, 3, 120.85
2026/09/11 15:42:16.033, 2, 553, 97871, 0, 117.75
2026/09/11 15:42:16.033, 3, 553, 97871, 0, 120.42
2026/09/11 15:42:16.233, 0, 1019, 97871, 0, 119.30
2026/09/11 15:42:16.235, 1, 1019, 97871, 1, 121.23
2026/09/11 15:42:16.236, 2, 1019, 97871, 0, 119.32
2026/09/11 15:42:16.236, 3, 1019, 97871, 0, 120.00
2026/09/11 15:42:16.437, 0, 1129, 97871, 1, 118.98
2026/09/11 15:42:16.437, 1, 1129, 97871, 0, 120.90
2026/09/11 15:42:16.437, 2, 1129, 97871, 1, 118.94
2026/09/11 15:42:16.437, 3, 1129, 97871, 1, 119.87
2026/09/11 15:42:16.637, 0, 1201, 97871, 0, 119.24
2026/09/11 15:42:16.638, 1, 1201, 97871, 1, 121.30
2026/09/11 15:42:16.638, 2, 1201, 97871, 0, 119.44
2026/09/11 15:42:16.638, 3, 1201, 97871, 2, 120.29
2026/09/11 15:42:16.838, 0, 1735, 97871, 0, 119.29
2026/09/11 15:42:16.840, 1, 1735, 97871, 0, 121.35
2026/09/11 15:42:16.840, 2, 1735, 97871, 0, 119.55
2026/09/11 15:42:16.840, 3, 1735, 97871, 1, 120.30
2026/09/11 15:42:17.040, 0, 1735, 97871, 1, 119.35
2026/09/11 15:42:17.041, 1, 1735, 97871, 0, 121.45
2026/09/11 15:42:17.041, 2, 1735, 97871, 1, 119.56
2026/09/11 15:42:17.042, 3, 1735, 97871, 0, 120.35
2026/09/11 15:42:17.243, 0, 1735, 97871, 0, 119.60
2026/09/11 15:42:17.243, 1, 1735, 97871, 1, 121.65
2026/09/11 15:42:17.243, 2, 1735, 97871, 0, 119.87
2026/09/11 15:42:17.243, 3, 1735, 97871, 1, 120.76
2026/09/11 15:42:17.443, 0, 2061, 97871, 0, 119.64
2026/09/11 15:42:17.443, 1, 2061, 97871, 0, 121.64
2026/09/11 15:42:17.443, 2, 2061, 97871, 0, 119.87
2026/09/11 15:42:17.443, 3, 2061, 97871, 0, 120.71
2026/09/11 15:42:17.643, 0, 2061, 97871, 1, 119.39
2026/09/11 15:42:17.644, 1, 2061, 97871, 1, 121.23
2026/09/11 15:42:17.644, 2, 2061, 97871, 1, 119.37
2026/09/11 15:42:17.644, 3, 2061, 97871, 0, 120.27
2026/09/11 15:42:17.844, 0, 2061, 97871, 0, 119.34
2026/09/11 15:42:17.844, 1, 2061, 97871, 0, 121.20
2026/09/11 15:42:17.844, 2, 2061, 97871, 0, 119.31
2026/09/11 15:42:17.844, 3, 2061, 97871, 0, 120.33
2026/09/11 15:42:18.044, 0, 2061, 97871, 0, 119.31
2026/09/11 15:42:18.044, 1, 2061, 97871, 0, 121.13
2026/09/11 15:42:18.044, 2, 2061, 97871, 0, 119.31
2026/09/11 15:42:18.044, 3, 2061, 97871, 0, 120.30
2026/09/11 15:42:18.244, 0, 2061, 97871, 0, 119.02
2026/09/11 15:42:18.244, 1, 2061, 97871, 0, 120.83
2026/09/11 15:42:18.244, 2, 2061, 97871, 0, 119.02
2026/09/11 15:42:18.244, 3, 2061, 97871, 0, 119.86
2026/09/11 15:42:18.444, 0, 2061, 97871, 0, 118.94
2026/09/11 15:42:18.444, 1, 2061, 97871, 0, 120.83
2026/09/11 15:42:18.444, 2, 2061, 97871, 0, 119.06
2026/09/11 15:42:18.444, 3, 2061, 97871, 0, 119.88
2026/09/11 15:42:18.645, 0, 2061, 97871, 0, 118.93
2026/09/11 15:42:18.645, 1, 2061, 97871, 0, 120.88
2026/09/11 15:42:18.645, 2, 2061, 97871, 0, 119.08
2026/09/11 15:42:18.645, 3, 2061, 97871, 0, 119.93
2026/09/11 15:42:18.845, 0, 2061, 97871, 0, 118.96
2026/09/11 15:42:18.845, 1, 2061, 97871, 0, 120.91
2026/09/11 15:42:18.845, 2, 2061, 97871, 0, 119.09
2026/09/11 15:42:18.845, 3, 2061, 97871, 0, 119.91
2026/09/11 15:42:19.045, 0, 2061, 97871, 0, 118.98
2026/09/11 15:42:19.045, 1, 2061, 97871, 0, 120.94
2026/09/11 15:42:19.045, 2, 2061, 97871, 0, 119.07
2026/09/11 15:42:19.045, 3, 2061, 97871, 0, 119.86
2026/09/11 15:42:19.245, 0, 2061, 97871, 0, 118.95
2026/09/11 15:42:19.245, 1, 2061, 97871, 0, 120.94
2026/09/11 15:42:19.245, 2, 2061, 97871, 0, 119.06
2026/09/11 15:42:19.245, 3, 2061, 97871, 0, 119.92
2026/09/11 15:42:19.445, 0, 2061, 97871, 0, 118.96
2026/09/11 15:42:19.445, 1, 2061, 97871, 0, 120.93
2026/09/11 15:42:19.445, 2, 2061, 97871, 0, 119.06
2026/09/11 15:42:19.445, 3, 2061, 97871, 0, 119.99
2026/09/11 15:42:19.646, 0, 2061, 97871, 0, 119.00
2026/09/11 15:42:19.646, 1, 2061, 97871, 0, 120.95
2026/09/11 15:42:19.646, 2, 2061, 97871, 0, 119.06
2026/09/11 15:42:19.646, 3, 2061, 97871, 0, 119.97
2026/09/11 15:42:19.846, 0, 2061, 97871, 0, 118.99
2026/09/11 15:42:19.846, 1, 2061, 97871, 0, 120.94
2026/09/11 15:42:19.846, 2, 2061, 97871, 0, 119.08
2026/09/11 15:42:19.846, 3, 2061, 97871, 0, 119.93
2026/09/11 15:42:20.046, 0, 2493, 97871, 0, 118.96
2026/09/11 15:42:20.046, 1, 3773, 97871, 0, 120.92
2026/09/11 15:42:20.046, 2, 2493, 97871, 0, 119.09
2026/09/11 15:42:20.046, 3, 3773, 97871, 0, 119.99
2026/09/11 15:42:20.246, 0, 6371, 97871, 0, 119.41
2026/09/11 15:42:20.246, 1, 7525, 97871, 3, 121.31
2026/09/11 15:42:20.246, 2, 7237, 97871, 0, 119.32
2026/09/11 15:42:20.246, 3, 8699, 97871, 3, 120.50
2026/09/11 15:42:20.446, 0, 17975, 97871, 1, 119.44
2026/09/11 15:42:20.447, 1, 17975, 97871, 11, 121.32
2026/09/11 15:42:20.447, 2, 17975, 97871, 1, 119.36
2026/09/11 15:42:20.447, 3, 17975, 97871, 12, 120.59
2026/09/11 15:42:20.647, 0, 17975, 97871, 12, 119.43
2026/09/11 15:42:20.647, 1, 17975, 97871, 4, 121.33
2026/09/11 15:42:20.647, 2, 17975, 97871, 12, 119.43
2026/09/11 15:42:20.647, 3, 17975, 97871, 2, 120.52
2026/09/11 15:42:20.847, 0, 17975, 97871, 2, 119.45
2026/09/11 15:42:20.847, 1, 17975, 97871, 2, 121.35
2026/09/11 15:42:20.847, 2, 17975, 97871, 1, 119.49
2026/09/11 15:42:20.847, 3, 17975, 97871, 2, 120.60
2026/09/11 15:42:21.047, 0, 17975, 97871, 2, 119.47
2026/09/11 15:42:21.047, 1, 17975, 97871, 1, 121.37
2026/09/11 15:42:21.047, 2, 17975, 97871, 0, 119.51
2026/09/11 15:42:21.047, 3, 17975, 97871, 2, 120.65
2026/09/11 15:42:21.247, 0, 17975, 97871, 2, 119.06
2026/09/11 15:42:21.247, 1, 17975, 97871, 1, 121.00
2026/09/11 15:42:21.247, 2, 17975, 97871, 2, 119.26
2026/09/11 15:42:21.247, 3, 17975, 97871, 1, 120.09
2026/09/11 15:42:21.448, 0, 17975, 97871, 0, 119.08
2026/09/11 15:42:21.448, 1, 17975, 97871, 2, 120.99
2026/09/11 15:42:21.448, 2, 17975, 97871, 2, 119.21
2026/09/11 15:42:21.448, 3, 17975, 97871, 1, 119.93
2026/09/11 15:42:21.648, 0, 17975, 97871, 1, 119.10
2026/09/11 15:42:21.648, 1, 17975, 97871, 2, 120.98
2026/09/11 15:42:21.648, 2, 17975, 97871, 2, 119.15
2026/09/11 15:42:21.648, 3, 17975, 97871, 2, 120.01
2026/09/11 15:42:21.848, 0, 17975, 97871, 2, 119.08
2026/09/11 15:42:21.848, 1, 17975, 97871, 1, 120.94
2026/09/11 15:42:21.848, 2, 17975, 97871, 0, 119.09
2026/09/11 15:42:21.848, 3, 17975, 97871, 2, 120.01
2026/09/11 15:42:22.048, 0, 17975, 97871, 2, 119.04
2026/09/11 15:42:22.048, 1, 17975, 97871, 1, 120.93
2026/09/11 15:42:22.048, 2, 17975, 97871, 1, 119.09
2026/09/11 15:42:22.048, 3, 17975, 97871, 2, 119.93
2026/09/11 15:42:22.248, 0, 17975, 97871, 2, 119.07
2026/09/11 15:42:22.248, 1, 17975, 97871, 2, 120.92
2026/09/11 15:42:22.248, 2, 17975, 97871, 2, 119.13
2026/09/11 15:42:22.248, 3, 17975, 97871, 1, 119.92
2026/09/11 15:42:22.448, 0, 17975, 97871, 1, 119.04
2026/09/11 15:42:22.448, 1, 17975, 97871, 2, 120.92
2026/09/11 15:42:22.448, 2, 17975, 97871, 2, 119.12
2026/09/11 15:42:22.448, 3, 17975, 97871, 1, 119.94
2026/09/11 15:42:22.649, 0, 17975, 97871, 0, 119.01
2026/09/11 15:42:22.649, 1, 17975, 97871, 2, 120.94
2026/09/11 15:42:22.649, 2, 17975, 97871, 2, 119.07
2026/09/11 15:42:22.649, 3, 17975, 97871, 0, 119.93
2026/09/11 15:42:22.849, 0, 17975, 97871, 1, 119.07
2026/09/11 15:42:22.849, 1, 17975, 97871, 2, 120.97
2026/09/11 15:42:22.849, 2, 17975, 97871, 2, 119.06
2026/09/11 15:42:22.849, 3, 17975, 97871, 0, 119.89
2026/09/11 15:42:23.049, 0, 17975, 97871, 2, 119.11
2026/09/11 15:42:23.049, 1, 17975, 97871, 2, 121.00
2026/09/11 15:42:23.049, 2, 17975, 97871, 2, 119.04
2026/09/11 15:42:23.049, 3, 17975, 97871, 1, 119.93
2026/09/11 15:42:23.249, 0, 17975, 97871, 2, 119.07
2026/09/11 15:42:23.249, 1, 17975, 97871, 1, 121.00
2026/09/11 15:42:23.249, 2, 17975, 97871, 1, 119.02
2026/09/11 15:42:23.249, 3, 17975, 97871, 2, 119.93
2026/09/11 15:42:23.449, 0, 17975, 97871, 0, 119.09
2026/09/11 15:42:23.449, 1, 17975, 97871, 2, 121.04
2026/09/11 15:42:23.449, 2, 17975, 97871, 1, 119.06
2026/09/11 15:42:23.449, 3, 17975, 97871, 2, 119.97
2026/09/11 15:42:23.650, 0, 17975, 97871, 1, 119.07
2026/09/11 15:42:23.650, 1, 17975, 97871, 2, 121.00
2026/09/11 15:42:23.650, 2, 17975, 97871, 1, 119.08
2026/09/11 15:42:23.650, 3, 17975, 97871, 1, 119.89
2026/09/11 15:42:23.850, 0, 17975, 97871, 2, 119.01
2026/09/11 15:42:23.850, 1, 17975, 97871, 1, 121.01
2026/09/11 15:42:23.850, 2, 17975, 97871, 1, 119.08
2026/09/11 15:42:23.850, 3, 17975, 97871, 1, 119.90
2026/09/11 15:42:24.050, 0, 17975, 97871, 2, 118.96
2026/09/11 15:42:24.050, 1, 17975, 97871, 1, 120.97
2026/09/11 15:42:24.050, 2, 17975, 97871, 2, 119.08
2026/09/11 15:42:24.050, 3, 17975, 97871, 2, 119.92
2026/09/11 15:42:24.250, 0, 17975, 97871, 1, 118.96
2026/09/11 15:42:24.250, 1, 17975, 97871, 2, 120.94
2026/09/11 15:42:24.250, 2, 17975, 97871, 2, 119.12
2026/09/11 15:42:24.250, 3, 17975, 97871, 2, 119.90
2026/09/11 15:42:24.450, 0, 17975, 97871, 1, 118.93
2026/09/11 15:42:24.450, 1, 17975, 97871, 2, 120.92
2026/09/11 15:42:24.450, 2, 17975, 97871, 1, 119.11
2026/09/11 15:42:24.450, 3, 17975, 97871, 2, 119.84
2026/09/11 15:42:24.650, 0, 17975, 97871, 0, 118.94
2026/09/11 15:42:24.651, 1, 17975, 97871, 2, 120.92
2026/09/11 15:42:24.651, 2, 17975, 97871, 0, 119.13
2026/09/11 15:42:24.651, 3, 17975, 97871, 1, 119.90
2026/09/11 15:42:24.851, 0, 17975, 97871, 2, 118.97
2026/09/11 15:42:24.851, 1, 17975, 97871, 2, 120.93
2026/09/11 15:42:24.851, 2, 17975, 97871, 1, 119.16
2026/09/11 15:42:24.851, 3, 17975, 97871, 2, 119.95
2026/09/11 15:42:25.051, 0, 17975, 97871, 2, 119.00
2026/09/11 15:42:25.051, 1, 17975, 97871, 1, 120.95
2026/09/11 15:42:25.051, 2, 17975, 97871, 1, 119.15
2026/09/11 15:42:25.051, 3, 17975, 97871, 2, 119.92
2026/09/11 15:42:25.251, 0, 17975, 97871, 2, 118.95
2026/09/11 15:42:25.251, 1, 17975, 97871, 1, 120.95
2026/09/11 15:42:25.251, 2, 17975, 97871, 1, 119.13
2026/09/11 15:42:25.251, 3, 17975, 97871, 1, 119.90
2026/09/11 15:42:25.451, 0, 17975, 97871, 0, 118.96
2026/09/11 15:42:25.451, 1, 17975, 97871, 2, 120.95
2026/09/11 15:42:25.451, 2, 17975, 97871, 2, 119.11
2026/09/11 15:42:25.451, 3, 17975, 97871, 1, 119.97
2026/09/11 15:42:25.651, 0, 17975, 97871, 1, 118.97
2026/09/11 15:42:25.652, 1, 17975, 97871, 2, 120.97
2026/09/11 15:42:25.652, 2, 17975, 97871, 2, 119.12
2026/09/11 15:42:25.652, 3, 17975, 97871, 2, 120.00
2026/09/11 15:42:25.852, 0, 17975, 97871, 2, 118.97
2026/09/11 15:42:25.852, 1, 17975, 97871, 1, 120.96
2026/09/11 15:42:25.852, 2, 17975, 97871, 1, 119.17
2026/09/11 15:42:25.852, 3, 17975, 97871, 2, 119.94
2026/09/11 15:42:26.052, 0, 17975, 97871, 2, 118.96
2026/09/11 15:42:26.052, 1, 17975, 97871, 1, 120.98
2026/09/11 15:42:26.052, 2, 17975, 97871, 1, 119.16
2026/09/11 15:42:26.052, 3, 17975, 97871, 2, 119.93
2026/09/11 15:42:26.252, 0, 17975, 97871, 1, 119.05
2026/09/11 15:42:26.252, 1, 17975, 97871, 2, 120.96
2026/09/11 15:42:26.252, 2, 17975, 97871, 1, 119.20
2026/09/11 15:42:26.252, 3, 17975, 97871, 1, 119.99
2026/09/11 15:42:26.452, 0, 17975, 97871, 0, 119.07
2026/09/11 15:42:26.452, 1, 17975, 97871, 2, 120.95
2026/09/11 15:42:26.452, 2, 17975, 97871, 1, 119.20
2026/09/11 15:42:26.452, 3, 17975, 97871, 0, 119.99
2026/09/11 15:42:26.653, 0, 17975, 97871, 1, 119.05
2026/09/11 15:42:26.653, 1, 17975, 97871, 1, 120.91
2026/09/11 15:42:26.653, 2, 17975, 97871, 2, 119.18
2026/09/11 15:42:26.653, 3, 17975, 97871, 1, 119.91
2026/09/11 15:42:26.853, 0, 17975, 97871, 1, 119.06
2026/09/11 15:42:26.853, 1, 17975, 97871, 2, 120.91
2026/09/11 15:42:26.853, 2, 17975, 97871, 0, 119.16
2026/09/11 15:42:26.853, 3, 17975, 97871, 0, 119.91
2026/09/11 15:42:27.053, 0, 17975, 97871, 1, 119.07
2026/09/11 15:42:27.053, 1, 17975, 97871, 2, 120.92
2026/09/11 15:42:27.053, 2, 17975, 97871, 1, 119.17
2026/09/11 15:42:27.053, 3, 17975, 97871, 0, 119.97
2026/09/11 15:42:27.253, 0, 17975, 97871, 2, 119.03
2026/09/11 15:42:27.253, 1, 17975, 97871, 1, 120.94
2026/09/11 15:42:27.253, 2, 17975, 97871, 2, 119.17
2026/09/11 15:42:27.253, 3, 17975, 97871, 1, 119.96
2026/09/11 15:42:27.454, 0, 17975, 97871, 1, 119.07
2026/09/11 15:42:27.454, 1, 17975, 97871, 1, 120.95
2026/09/11 15:42:27.454, 2, 17975, 97871, 2, 119.15
2026/09/11 15:42:27.454, 3, 17975, 97871, 2, 119.93
2026/09/11 15:42:27.654, 0, 17975, 97871, 1, 119.10
2026/09/11 15:42:27.654, 1, 17975, 97871, 2, 120.98
2026/09/11 15:42:27.654, 2, 17975, 97871, 1, 119.18
2026/09/11 15:42:27.654, 3, 17975, 97871, 2, 120.00
2026/09/11 15:42:27.854, 0, 17975, 97871, 2, 119.07
2026/09/11 15:42:27.854, 1, 17975, 97871, 1, 120.98
2026/09/11 15:42:27.854, 2, 17975, 97871, 1, 119.17
2026/09/11 15:42:27.854, 3, 17975, 97871, 1, 120.06
2026/09/11 15:42:28.054, 0, 17975, 97871, 2, 119.07
2026/09/11 15:42:28.054, 1, 17975, 97871, 1, 120.95
2026/09/11 15:42:28.054, 2, 17975, 97871, 1, 119.15
2026/09/11 15:42:28.054, 3, 17975, 97871, 1, 120.00
2026/09/11 15:42:28.254, 0, 17975, 97871, 2, 119.08
2026/09/11 15:42:28.255, 1, 17975, 97871, 2, 120.92
2026/09/11 15:42:28.255, 2, 17975, 97871, 2, 119.09
2026/09/11 15:42:28.255, 3, 17975, 97871, 2, 119.92
2026/09/11 15:42:28.455, 0, 17975, 97871, 0, 119.07
2026/09/11 15:42:28.455, 1, 17975, 97871, 2, 120.91
2026/09/11 15:42:28.455, 2, 17975, 97871, 1, 119.04
2026/09/11 15:42:28.455, 3, 17975, 97871, 2, 119.94
2026/09/11 15:42:28.655, 0, 17975, 97871, 1, 119.05
2026/09/11 15:42:28.655, 1, 17975, 97871, 2, 120.89
2026/09/11 15:42:28.655, 2, 17975, 97871, 1, 119.04
2026/09/11 15:42:28.655, 3, 17975, 97871, 1, 119.93
2026/09/11 15:42:28.855, 0, 17975, 97871, 1, 119.08
2026/09/11 15:42:28.855, 1, 17975, 97871, 1, 120.92
2026/09/11 15:42:28.855, 2, 17975, 97871, 0, 119.07
2026/09/11 15:42:28.855, 3, 17975, 97871, 1, 119.90
2026/09/11 15:42:29.055, 0, 17975, 97871, 1, 119.13
2026/09/11 15:42:29.055, 1, 17975, 97871, 1, 120.94
2026/09/11 15:42:29.056, 2, 17975, 97871, 1, 119.11
2026/09/11 15:42:29.056, 3, 17975, 97871, 1, 119.86
2026/09/11 15:42:29.256, 0, 17975, 97871, 3, 119.11
2026/09/11 15:42:29.256, 1, 17975, 97871, 2, 120.97
2026/09/11 15:42:29.256, 2, 17975, 97871, 1, 119.16
2026/09/11 15:42:29.256, 3, 17975, 97871, 1, 119.96
2026/09/11 15:42:29.456, 0, 17975, 97871, 1, 119.10
2026/09/11 15:42:29.456, 1, 17975, 97871, 2, 120.99
2026/09/11 15:42:29.456, 2, 17975, 97871, 2, 119.21
2026/09/11 15:42:29.456, 3, 17975, 97871, 2, 119.98
2026/09/11 15:42:29.656, 0, 17975, 97871, 1, 119.12
2026/09/11 15:42:29.656, 1, 17975, 97871, 1, 121.00
2026/09/11 15:42:29.656, 2, 17975, 97871, 2, 119.20
2026/09/11 15:42:29.656, 3, 17975, 97871, 2, 119.99
2026/09/11 15:42:29.856, 0, 17975, 97871, 2, 119.11
2026/09/11 15:42:29.856, 1, 17975, 97871, 1, 120.98
2026/09/11 15:42:29.856, 2, 17975, 97871, 2, 119.19
2026/09/11 15:42:29.856, 3, 17975, 97871, 2, 119.94
2026/09/11 15:42:30.057, 0, 17975, 97871, 2, 119.10
2026/09/11 15:42:30.057, 1, 17975, 97871, 2, 120.96
2026/09/11 15:42:30.057, 2, 17975, 97871, 1, 119.19
2026/09/11 15:42:30.057, 3, 17975, 97871, 0, 120.00
2026/09/11 15:42:30.257, 0, 17975, 97871, 2, 119.12
2026/09/11 15:42:30.257, 1, 17975, 97871, 1, 120.95
2026/09/11 15:42:30.257, 2, 17975, 97871, 1, 119.23
2026/09/11 15:42:30.257, 3, 17975, 97871, 1, 119.95
2026/09/11 15:42:30.457, 0, 17975, 97871, 0, 119.14
2026/09/11 15:42:30.457, 1, 17975, 97871, 1, 120.94
2026/09/11 15:42:30.457, 2, 17975, 97871, 2, 119.18
2026/09/11 15:42:30.457, 3, 17975, 97871, 2, 119.94
2026/09/11 15:42:30.657, 0, 17975, 97871, 0, 119.12
2026/09/11 15:42:30.657, 1, 17975, 97871, 2, 120.94
2026/09/11 15:42:30.657, 2, 17975, 97871, 2, 119.16
2026/09/11 15:42:30.657, 3, 17975, 97871, 1, 119.83
2026/09/11 15:42:30.857, 0, 17975, 97871, 1, 119.11
2026/09/11 15:42:30.858, 1, 17975, 97871, 1, 120.96
2026/09/11 15:42:30.858, 2, 17975, 97871, 1, 119.13
2026/09/11 15:42:30.858, 3, 17975, 97871, 0, 119.91
2026/09/11 15:42:31.058, 0, 17975, 97871, 1, 119.11
2026/09/11 15:42:31.058, 1, 17975, 97871, 2, 120.97
2026/09/11 15:42:31.058, 2, 17975, 97871, 2, 119.13
2026/09/11 15:42:31.058, 3, 17975, 97871, 1, 119.94
2026/09/11 15:42:31.258, 0, 17975, 97871, 2, 119.04
2026/09/11 15:42:31.258, 1, 17975, 97871, 1, 121.01
2026/09/11 15:42:31.258, 2, 17975, 97871, 1, 119.08
2026/09/11 15:42:31.258, 3, 17975, 97871, 1, 119.97
2026/09/11 15:42:31.458, 0, 17975, 97871, 1, 119.01
2026/09/11 15:42:31.458, 1, 17975, 97871, 1, 121.00
2026/09/11 15:42:31.458, 2, 17975, 97871, 1, 119.15
2026/09/11 15:42:31.458, 3, 17975, 97871, 2, 119.90
2026/09/11 15:42:31.658, 0, 17975, 97871, 1, 119.03
2026/09/11 15:42:31.659, 1, 17975, 97871, 2, 121.00
2026/09/11 15:42:31.659, 2, 17975, 97871, 2, 119.18
2026/09/11 15:42:31.659, 3, 17975, 97871, 2, 120.00
2026/09/11 15:42:31.859, 0, 17975, 97871, 2, 119.00
2026/09/11 15:42:31.859, 1, 17975, 97871, 2, 120.98
2026/09/11 15:42:31.859, 2, 17975, 97871, 2, 119.16
2026/09/11 15:42:31.859, 3, 17975, 97871, 2, 120.04
2026/09/11 15:42:32.059, 0, 17975, 97871, 2, 118.99
2026/09/11 15:42:32.059, 1, 17975, 97871, 1, 120.96
2026/09/11 15:42:32.059, 2, 17975, 97871, 1, 119.16
2026/09/11 15:42:32.059, 3, 17975, 97871, 1, 119.98
2026/09/11 15:42:32.259, 0, 17975, 97871, 1, 119.02
2026/09/11 15:42:32.259, 1, 17975, 97871, 1, 120.92
2026/09/11 15:42:32.259, 2, 17975, 97871, 1, 119.19
2026/09/11 15:42:32.259, 3, 17975, 97871, 2, 119.94
2026/09/11 15:42:32.459, 0, 17975, 97871, 1, 119.04
2026/09/11 15:42:32.460, 1, 17975, 97871, 3, 120.95
2026/09/11 15:42:32.460, 2, 17975, 97871, 2, 119.13
2026/09/11 15:42:32.460, 3, 17975, 97871, 2, 119.99
2026/09/11 15:42:32.660, 0, 17975, 97871, 0, 119.04
2026/09/11 15:42:32.660, 1, 17975, 97871, 1, 120.93
2026/09/11 15:42:32.660, 2, 17975, 97871, 2, 119.11
2026/09/11 15:42:32.660, 3, 17975, 97871, 1, 119.99
2026/09/11 15:42:32.860, 0, 17975, 97871, 1, 119.07
2026/09/11 15:42:32.860, 1, 17975, 97871, 2, 120.90
2026/09/11 15:42:32.860, 2, 17975, 97871, 2, 119.13
2026/09/11 15:42:32.860, 3, 17975, 97871, 3, 119.94
2026/09/11 15:42:33.060, 0, 17975, 97871, 2, 119.09
2026/09/11 15:42:33.060, 1, 17975, 97871, 2, 120.92
2026/09/11 15:42:33.060, 2, 17975, 97871, 4, 119.14
2026/09/11 15:42:33.060, 3, 17975, 97871, 1, 119.96
2026/09/11 15:42:33.260, 0, 17975, 97871, 2, 119.07
2026/09/11 15:42:33.261, 1, 17975, 97871, 1, 120.91
2026/09/11 15:42:33.261, 2, 17975, 97871, 2, 119.10
2026/09/11 15:42:33.261, 3, 17975, 97871, 1, 120.01
2026/09/11 15:42:33.461, 0, 17975, 97871, 1, 119.07
2026/09/11 15:42:33.461, 1, 17975, 97871, 2, 120.89
2026/09/11 15:42:33.461, 2, 17975, 97871, 2, 119.11
2026/09/11 15:42:33.461, 3, 17975, 97871, 2, 120.01
2026/09/11 15:42:33.661, 0, 17975, 97871, 2, 119.06
2026/09/11 15:42:33.661, 1, 17975, 97871, 2, 120.91
2026/09/11 15:42:33.661, 2, 17975, 97871, 1, 119.12
2026/09/11 15:42:33.661, 3, 17975, 97871, 2, 119.94
2026/09/11 15:42:33.861, 0, 17975, 97871, 2, 119.05
2026/09/11 15:42:33.861, 1, 17975, 97871, 1, 120.96
2026/09/11 15:42:33.861, 2, 17975, 97871, 1, 119.10
2026/09/11 15:42:33.861, 3, 17975, 97871, 2, 119.94
2026/09/11 15:42:34.061, 0, 17975, 97871, 1, 119.07
2026/09/11 15:42:34.062, 1, 17975, 97871, 2, 120.95
2026/09/11 15:42:34.062, 2, 17975, 97871, 2, 119.09
2026/09/11 15:42:34.062, 3, 17975, 97871, 1, 119.98
2026/09/11 15:42:34.262, 0, 17975, 97871, 2, 119.11
2026/09/11 15:42:34.262, 1, 17975, 97871, 1, 120.97
2026/09/11 15:42:34.262, 2, 17975, 97871, 2, 119.11
2026/09/11 15:42:34.262, 3, 17975, 97871, 3, 120.00
2026/09/11 15:42:34.462, 0, 17975, 97871, 1, 119.11
2026/09/11 15:42:34.462, 1, 17975, 97871, 4, 121.00
2026/09/11 15:42:34.462, 2, 17975, 97871, 2, 119.10
2026/09/11 15:42:34.462, 3, 17975, 97871, 2, 119.98
2026/09/11 15:42:34.662, 0, 17975, 97871, 2, 119.13
2026/09/11 15:42:34.662, 1, 17975, 97871, 2, 120.99
2026/09/11 15:42:34.662, 2, 17975, 97871, 2, 119.11
2026/09/11 15:42:34.662, 3, 17975, 97871, 2, 120.04
2026/09/11 15:42:34.862, 0, 17975, 97871, 2, 119.18
2026/09/11 15:42:34.862, 1, 17975, 97871, 1, 120.95
2026/09/11 15:42:34.862, 2, 17975, 97871, 2, 119.13
2026/09/11 15:42:34.862, 3, 17975, 97871, 5, 120.12
2026/09/11 15:42:35.063, 0, 17975, 97871, 0, 119.18
2026/09/11 15:42:35.063, 1, 17975, 97871, 2, 120.97
2026/09/11 15:42:35.063, 2, 17975, 97871, 4, 119.16
2026/09/11 15:42:35.063, 3, 17975, 97871, 2, 120.09
2026/09/11 15:42:35.263, 0, 17975, 97871, 1, 119.15
2026/09/11 15:42:35.263, 1, 17975, 97871, 2, 120.97
2026/09/11 15:42:35.263, 2, 17975, 97871, 2, 119.17
2026/09/11 15:42:35.263, 3, 17975, 97871, 2, 120.00
2026/09/11 15:42:35.463, 0, 17975, 97871, 2, 119.17
2026/09/11 15:42:35.463, 1, 17975, 97871, 2, 120.98
2026/09/11 15:42:35.463, 2, 17975, 97871, 2, 119.17
2026/09/11 15:42:35.463, 3, 17975, 97871, 1, 120.04
2026/09/11 15:42:35.663, 0, 17975, 97871, 1, 119.18
2026/09/11 15:42:35.663, 1, 17975, 97871, 1, 120.97
2026/09/11 15:42:35.663, 2, 17975, 97871, 2, 119.16
2026/09/11 15:42:35.663, 3, 17975, 97871, 1, 120.03
2026/09/11 15:42:35.863, 0, 17975, 97871, 1, 119.11
2026/09/11 15:42:35.864, 1, 17975, 97871, 2, 120.96
2026/09/11 15:42:35.864, 2, 17975, 97871, 1, 119.15
2026/09/11 15:42:35.864, 3, 17975, 97871, 2, 119.96
2026/09/11 15:42:36.064, 0, 17975, 97871, 2, 119.11
2026/09/11 15:42:36.064, 1, 17975, 97871, 2, 120.94
2026/09/11 15:42:36.064, 2, 17975, 97871, 1, 119.12
2026/09/11 15:42:36.064, 3, 17975, 97871, 1, 119.92
2026/09/11 15:42:36.264, 0, 17975, 97871, 2, 119.12
2026/09/11 15:42:36.264, 1, 17975, 97871, 1, 120.95
2026/09/11 15:42:36.264, 2, 17975, 97871, 2, 119.10
2026/09/11 15:42:36.264, 3, 17975, 97871, 1, 119.94
2026/09/11 15:42:36.464, 0, 17975, 97871, 0, 119.08
2026/09/11 15:42:36.464, 1, 17975, 97871, 1, 120.93
2026/09/11 15:42:36.464, 2, 17975, 97871, 2, 119.10
2026/09/11 15:42:36.464, 3, 17975, 97871, 2, 119.93
2026/09/11 15:42:36.664, 0, 17975, 97871, 1, 119.07
2026/09/11 15:42:36.664, 1, 17975, 97871, 1, 120.93
2026/09/11 15:42:36.665, 2, 17975, 97871, 1, 119.09
2026/09/11 15:42:36.665, 3, 17975, 97871, 2, 119.89
2026/09/11 15:42:36.865, 0, 17975, 97871, 1, 119.11
2026/09/11 15:42:36.865, 1, 17975, 97871, 1, 120.93
2026/09/11 15:42:36.865, 2, 17975, 97871, 2, 119.07
2026/09/11 15:42:36.865, 3, 17975, 97871, 1, 119.85
2026/09/11 15:42:37.065, 0, 17975, 97871, 1, 119.09
2026/09/11 15:42:37.065, 1, 17975, 97871, 2, 120.94
2026/09/11 15:42:37.065, 2, 17975, 97871, 2, 119.09
2026/09/11 15:42:37.065, 3, 17975, 97871, 2, 119.92
2026/09/11 15:42:37.265, 0, 17975, 97871, 2, 119.09
2026/09/11 15:42:37.265, 1, 17975, 97871, 1, 120.92
2026/09/11 15:42:37.265, 2, 17975, 97871, 1, 119.10
2026/09/11 15:42:37.265, 3, 17975, 97871, 1, 119.95
2026/09/11 15:42:37.465, 0, 17975, 97871, 1, 119.13
2026/09/11 15:42:37.465, 1, 17975, 97871, 1, 120.92
2026/09/11 15:42:37.465, 2, 17975, 97871, 2, 119.11
2026/09/11 15:42:37.465, 3, 17975, 97871, 2, 119.90
2026/09/11 15:42:37.666, 0, 17975, 97871, 1, 119.10
2026/09/11 15:42:37.666, 1, 17975, 97871, 2, 120.94
2026/09/11 15:42:37.666, 2, 17975, 97871, 2, 119.16
2026/09/11 15:42:37.666, 3, 17975, 97871, 2, 119.95
2026/09/11 15:42:37.866, 0, 17975, 97871, 2, 119.08
2026/09/11 15:42:37.866, 1, 17975, 97871, 2, 120.96
2026/09/11 15:42:37.866, 2, 17975, 97871, 1, 119.19
2026/09/11 15:42:37.866, 3, 17975, 97871, 2, 120.02
2026/09/11 15:42:38.066, 0, 17975, 97871, 2, 119.07
2026/09/11 15:42:38.066, 1, 17975, 97871, 1, 120.96
2026/09/11 15:42:38.066, 2, 17975, 97871, 2, 119.22
2026/09/11 15:42:38.066, 3, 17975, 97871, 0, 119.99
2026/09/11 15:42:38.266, 0, 17975, 97871, 1, 119.07
2026/09/11 15:42:38.266, 1, 17975, 97871, 1, 120.93
2026/09/11 15:42:38.266, 2, 17975, 97871, 2, 119.21
2026/09/11 15:42:38.266, 3, 17975, 97871, 1, 119.93
2026/09/11 15:42:38.467, 0, 17975, 97871, 2, 119.01
2026/09/11 15:42:38.467, 1, 17975, 97871, 0, 120.90
2026/09/11 15:42:38.467, 2, 17975, 97871, 1, 119.21
2026/09/11 15:42:38.467, 3, 17975, 97871, 2, 119.97
2026/09/11 15:42:38.667, 0, 17975, 97871, 1, 119.04
2026/09/11 15:42:38.667, 1, 17975, 97871, 2, 120.91
2026/09/11 15:42:38.667, 2, 17975, 97871, 2, 119.18
2026/09/11 15:42:38.667, 3, 17975, 97871, 2, 119.99
2026/09/11 15:42:38.867, 0, 17975, 97871, 2, 119.07
2026/09/11 15:42:38.867, 1, 17975, 97871, 2, 120.90
2026/09/11 15:42:38.867, 2, 17975, 97871, 2, 119.14
2026/09/11 15:42:38.867, 3, 17975, 97871, 1, 119.96
2026/09/11 15:42:39.067, 0, 17975, 97871, 2, 119.07
2026/09/11 15:42:39.067, 1, 17975, 97871, 1, 120.90
2026/09/11 15:42:39.067, 2, 17975, 97871, 2, 119.11
2026/09/11 15:42:39.067, 3, 17975, 97871, 1, 119.94
2026/09/11 15:42:39.268, 0, 17975, 97871, 1, 119.08
2026/09/11 15:42:39.268, 1, 17975, 97871, 1, 120.91
2026/09/11 15:42:39.268, 2, 17975, 97871, 2, 119.11
2026/09/11 15:42:39.268, 3, 17975, 97871, 1, 120.01
2026/09/11 15:42:39.468, 0, 17975, 97871, 2, 119.13
2026/09/11 15:42:39.468, 1, 17975, 97871, 2, 120.94
2026/09/11 15:42:39.468, 2, 17975, 97871, 2, 119.11
2026/09/11 15:42:39.468, 3, 17975, 97871, 2, 120.03
2026/09/11 15:42:39.668, 0, 17975, 97871, 2, 119.09
2026/09/11 15:42:39.668, 1, 17975, 97871, 1, 120.93
2026/09/11 15:42:39.668, 2, 17975, 97871, 1, 119.13
2026/09/11 15:42:39.668, 3, 17975, 97871, 2, 120.02
2026/09/11 15:42:39.868, 0, 17975, 97871, 1, 119.04
2026/09/11 15:42:39.868, 1, 17975, 97871, 1, 120.94
2026/09/11 15:42:39.868, 2, 17975, 97871, 2, 119.16
2026/09/11 15:42:39.868, 3, 17975, 97871, 2, 120.03
2026/09/11 15:42:40.068, 0, 17975, 97871, 1, 119.04
2026/09/11 15:42:40.069, 1, 17975, 97871, 2, 120.92
2026/09/11 15:42:40.069, 2, 17975, 97871, 2, 119.18
2026/09/11 15:42:40.069, 3, 17975, 97871, 1, 120.04
2026/09/11 15:42:40.269, 0, 17975, 97871, 2, 119.04
2026/09/11 15:42:40.269, 1, 17975, 97871, 2, 120.93
2026/09/11 15:42:40.269, 2, 17975, 97871, 1, 119.17
2026/09/11 15:42:40.269, 3, 17975, 97871, 2, 120.06
2026/09/11 15:42:40.469, 0, 17975, 97871, 2, 119.00
2026/09/11 15:42:40.469, 1, 17975, 97871, 2, 120.95
2026/09/11 15:42:40.469, 2, 17975, 97871, 1, 119.19
2026/09/11 15:42:40.469, 3, 17975, 97871, 1, 120.03
2026/09/11 15:42:40.669, 0, 17975, 97871, 2, 119.05
2026/09/11 15:42:40.669, 1, 17975, 97871, 1, 121.00
2026/09/11 15:42:40.669, 2, 17975, 97871, 2, 119.17
2026/09/11 15:42:40.669, 3, 17975, 97871, 1, 119.96
2026/09/11 15:42:40.869, 0, 17975, 97871, 1, 119.11
2026/09/11 15:42:40.869, 1, 17975, 97871, 1, 120.97
2026/09/11 15:42:40.869, 2, 17975, 97871, 2, 119.16
2026/09/11 15:42:40.869, 3, 17975, 97871, 0, 119.98
2026/09/11 15:42:41.069, 0, 17975, 97871, 1, 119.11
2026/09/11 15:42:41.070, 1, 17975, 97871, 2, 120.99
2026/09/11 15:42:41.070, 2, 17975, 97871, 2, 119.15
2026/09/11 15:42:41.070, 3, 17975, 97871, 1, 120.02
2026/09/11 15:42:41.270, 0, 17975, 97871, 2, 119.12
2026/09/11 15:42:41.270, 1, 17975, 97871, 2, 120.98
2026/09/11 15:42:41.270, 2, 17975, 97871, 2, 119.17
2026/09/11 15:42:41.270, 3, 17975, 97871, 2, 120.00
2026/09/11 15:42:41.470, 0, 17975, 97871, 2, 119.13
2026/09/11 15:42:41.470, 1, 17975, 97871, 1, 120.95
2026/09/11 15:42:41.470, 2, 17975, 97871, 1, 119.18
2026/09/11 15:42:41.470, 3, 17975, 97871, 1, 119.99
2026/09/11 15:42:41.670, 0, 17975, 97871, 1, 119.10
2026/09/11 15:42:41.670, 1, 17975, 97871, 2, 120.90
2026/09/11 15:42:41.670, 2, 17975, 97871, 2, 119.17
2026/09/11 15:42:41.670, 3, 17975, 97871, 1, 120.04
2026/09/11 15:42:41.870, 0, 17975, 97871, 2, 119.06
2026/09/11 15:42:41.871, 1, 17975, 97871, 2, 120.94
2026/09/11 15:42:41.871, 2, 17975, 97871, 2, 119.19
2026/09/11 15:42:41.871, 3, 17975, 97871, 2, 120.02
2026/09/11 15:42:42.071, 0, 17975, 97871, 2, 119.13
2026/09/11 15:42:42.071, 1, 17975, 97871, 1, 120.95
2026/09/11 15:42:42.071, 2, 17975, 97871, 2, 119.22
2026/09/11 15:42:42.071, 3, 17975, 97871, 2, 119.99
2026/09/11 15:42:42.271, 0, 17975, 97871, 1, 119.12
2026/09/11 15:42:42.271, 1, 17975, 97871, 1, 120.96
2026/09/11 15:42:42.271, 2, 17975, 97871, 1, 119.20
2026/09/11 15:42:42.271, 3, 17975, 97871, 2, 119.95
2026/09/11 15:42:42.471, 0, 17975, 97871, 1, 119.10
2026/09/11 15:42:42.471, 1, 17975, 97871, 1, 120.97
2026/09/11 15:42:42.471, 2, 17975, 97871, 2, 119.20
2026/09/11 15:42:42.471, 3, 17975, 97871, 2, 119.97
2026/09/11 15:42:42.671, 0, 17975, 97871, 1, 119.11
2026/09/11 15:42:42.672, 1, 17975, 97871, 2, 121.00
2026/09/11 15:42:42.672, 2, 17975, 97871, 1, 119.20
2026/09/11 15:42:42.672, 3, 17975, 97871, 2, 119.99
2026/09/11 15:42:42.872, 0, 17975, 97871, 2, 119.12
2026/09/11 15:42:42.872, 1, 17975, 97871, 2, 120.98
2026/09/11 15:42:42.872, 2, 17975, 97871, 1, 119.20
2026/09/11 15:42:42.872, 3, 17975, 97871, 2, 119.93
2026/09/11 15:42:43.072, 0, 17975, 97871, 2, 119.05
2026/09/11 15:42:43.072, 1, 17975, 97871, 1, 120.98
2026/09/11 15:42:43.072, 2, 17975, 97871, 0, 119.19
2026/09/11 15:42:43.072, 3, 17975, 97871, 1, 119.91
2026/09/11 15:42:43.272, 0, 17975, 97871, 0, 119.03
2026/09/11 15:42:43.272, 1, 17975, 97871, 2, 120.95
2026/09/11 15:42:43.272, 2, 17975, 97871, 1, 119.20
2026/09/11 15:42:43.272, 3, 17975, 97871, 2, 119.99
2026/09/11 15:42:43.472, 0, 17975, 97871, 2, 119.04
2026/09/11 15:42:43.472, 1, 17975, 97871, 2, 120.94
2026/09/11 15:42:43.473, 2, 17975, 97871, 2, 119.20
2026/09/11 15:42:43.473, 3, 17975, 97871, 2, 120.00
2026/09/11 15:42:43.673, 0, 17975, 97871, 2, 119.02
2026/09/11 15:42:43.673, 1, 17975, 97871, 1, 120.90
2026/09/11 15:42:43.673, 2, 17975, 97871, 1, 119.18
2026/09/11 15:42:43.673, 3, 17975, 97871, 2, 119.97
2026/09/11 15:42:43.873, 0, 17975, 97871, 1, 119.02
2026/09/11 15:42:43.873, 1, 17975, 97871, 2, 120.90
2026/09/11 15:42:43.873, 2, 17975, 97871, 1, 119.20
2026/09/11 15:42:43.873, 3, 17975, 97871, 1, 120.01
2026/09/11 15:42:44.073, 0, 17975, 97871, 2, 119.08
2026/09/11 15:42:44.073, 1, 17975, 97871, 2, 120.92
2026/09/11 15:42:44.073, 2, 17975, 97871, 2, 119.22
2026/09/11 15:42:44.073, 3, 17975, 97871, 2, 120.06
2026/09/11 15:42:44.273, 0, 17975, 97871, 1, 119.09
2026/09/11 15:42:44.273, 1, 17975, 97871, 0, 120.90
2026/09/11 15:42:44.273, 2, 17975, 97871, 1, 119.22
2026/09/11 15:42:44.273, 3, 17975, 97871, 1, 120.05
2026/09/11 15:42:44.474, 0, 17975, 97871, 0, 119.07
2026/09/11 15:42:44.474, 1, 17975, 97871, 0, 120.91
2026/09/11 15:42:44.474, 2, 17975, 97871, 1, 119.21
2026/09/11 15:42:44.474, 3, 17975, 97871, 1, 119.99
2026/09/11 15:42:44.674, 0, 17975, 97871, 0, 119.09
2026/09/11 15:42:44.674, 1, 17975, 97871, 0, 120.97
2026/09/11 15:42:44.674, 2, 17975, 97871, 2, 119.18
2026/09/11 15:42:44.674, 3, 17975, 97871, 0, 120.05
2026/09/11 15:42:44.874, 0, 17975, 97871, 0, 119.10
2026/09/11 15:42:44.874, 1, 17975, 97871, 0, 120.99
2026/09/11 15:42:44.874, 2, 17975, 97871, 2, 119.17
2026/09/11 15:42:44.874, 3, 17975, 97871, 0, 120.08
2026/09/11 15:42:45.074, 0, 17975, 97871, 0, 119.07
2026/09/11 15:42:45.074, 1, 17975, 97871, 0, 120.98
2026/09/11 15:42:45.074, 2, 17975, 97871, 0, 119.14
2026/09/11 15:42:45.074, 3, 17975, 97871, 0, 120.11
2026/09/11 15:42:45.274, 0, 17975, 97871, 0, 119.07
2026/09/11 15:42:45.275, 1, 17975, 97871, 0, 121.00
2026/09/11 15:42:45.275, 2, 17975, 97871, 0, 119.15
2026/09/11 15:42:45.275, 3, 17975, 97871, 0, 120.06
2026/09/11 15:42:45.475, 0, 17975, 97871, 0, 119.10
2026/09/11 15:42:45.475, 1, 17975, 97871, 0, 120.98
2026/09/11 15:42:45.475, 2, 17975, 97871, 0, 119.16
2026/09/11 15:42:45.475, 3, 17975, 97871, 0, 120.09
2026/09/11 15:42:45.675, 0, 17975, 97871, 0, 119.12
2026/09/11 15:42:45.675, 1, 17975, 97871, 0, 120.98
2026/09/11 15:42:45.675, 2, 17975, 97871, 0, 119.19
2026/09/11 15:42:45.675, 3, 17975, 97871, 0, 120.10
2026/09/11 15:42:45.875, 0, 17975, 97871, 0, 119.12
2026/09/11 15:42:45.875, 1, 17975, 97871, 0, 120.97
2026/09/11 15:42:45.875, 2, 17975, 97871, 0, 119.24
2026/09/11 15:42:45.875, 3, 17975, 97871, 0, 120.08
2026/09/11 15:42:46.075, 0, 17975, 97871, 0, 119.16
2026/09/11 15:42:46.075, 1, 17975, 97871, 0, 120.99
2026/09/11 15:42:46.076, 2, 17975, 97871, 0, 119.26
2026/09/11 15:42:46.076, 3, 17975, 97871, 0, 119.97
2026/09/11 15:42:46.276, 0, 17975, 97871, 0, 119.16
2026/09/11 15:42:46.276, 1, 17975, 97871, 0, 120.99
2026/09/11 15:42:46.276, 2, 17975, 97871, 0, 119.27
2026/09/11 15:42:46.276, 3, 17975, 97871, 0, 120.03
2026/09/11 15:42:46.476, 0, 17975, 97871, 0, 119.14
2026/09/11 15:42:46.476, 1, 17975, 97871, 0, 121.03
2026/09/11 15:42:46.476, 2, 17975, 97871, 0, 119.26
2026/09/11 15:42:46.476, 3, 17975, 97871, 0, 120.04
2026/09/11 15:42:46.676, 0, 17975, 97871, 0, 119.16
2026/09/11 15:42:46.676, 1, 17975, 97871, 0, 121.02
2026/09/11 15:42:46.676, 2, 17975, 97871, 0, 119.23
2026/09/11 15:42:46.676, 3, 17975, 97871, 0, 120.02
2026/09/11 15:42:46.876, 0, 17975, 97871, 0, 119.19
2026/09/11 15:42:46.876, 1, 17975, 97871, 0, 121.03
2026/09/11 15:42:46.876, 2, 17975, 97871, 0, 119.20
2026/09/11 15:42:46.876, 3, 17975, 97871, 0, 119.99
2026/09/11 15:42:47.076, 0, 17975, 97871, 0, 119.16
2026/09/11 15:42:47.077, 1, 17975, 97871, 0, 121.02
2026/09/11 15:42:47.077, 2, 17975, 97871, 0, 119.20
2026/09/11 15:42:47.077, 3, 17975, 97871, 0, 120.08
2026/09/11 15:42:47.277, 0, 17975, 97871, 0, 119.13
2026/09/11 15:42:47.277, 1, 17975, 97871, 0, 121.01
2026/09/11 15:42:47.277, 2, 17975, 97871, 0, 119.21
2026/09/11 15:42:47.277, 3, 17975, 97871, 0, 120.06
2026/09/11 15:42:47.477, 0, 17975, 97871, 0, 119.14
2026/09/11 15:42:47.477, 1, 17975, 97871, 0, 120.98
2026/09/11 15:42:47.477, 2, 17975, 97871, 0, 119.24
2026/09/11 15:42:47.477, 3, 17975, 97871, 0, 120.04
2026/09/11 15:42:47.677, 0, 17975, 97871, 0, 119.12
2026/09/11 15:42:47.677, 1, 17975, 97871, 0, 120.97
2026/09/11 15:42:47.677, 2, 17975, 97871, 0, 119.26
2026/09/11 15:42:47.677, 3, 17975, 97871, 0, 120.01
2026/09/11 15:42:47.877, 0, 17975, 97871, 0, 119.09
2026/09/11 15:42:47.877, 1, 17975, 97871, 0, 120.98
2026/09/11 15:42:47.877, 2, 17975, 97871, 0, 119.28
2026/09/11 15:42:47.878, 3, 17975, 97871, 0, 120.08
2026/09/11 15:42:48.078, 0, 17975, 97871, 0, 119.14
2026/09/11 15:42:48.078, 1, 17975, 97871, 0, 121.01
2026/09/11 15:42:48.078, 2, 17975, 97871, 0, 119.26
2026/09/11 15:42:48.078, 3, 17975, 97871, 0, 120.04
2026/09/11 15:42:48.278, 0, 18117, 97871, 0, 119.16
2026/09/11 15:42:48.278, 1, 18325, 97871, 0, 121.03
2026/09/11 15:42:48.278, 2, 18225, 97871, 0, 119.24
2026/09/11 15:42:48.278, 3, 18225, 97871, 0, 119.99
2026/09/11 15:42:48.478, 0, 18969, 97871, 3, 119.83
2026/09/11 15:42:48.478, 1, 18969, 97871, 3, 121.79
2026/09/11 15:42:48.478, 2, 18969, 97871, 3, 120.46
2026/09/11 15:42:48.478, 3, 18969, 97871, 3, 121.09
2026/09/11 15:42:48.678, 0, 18969, 97871, 0, 119.97
2026/09/11 15:42:48.678, 1, 18969, 97871, 0, 121.74
2026/09/11 15:42:48.678, 2, 18969, 97871, 0, 120.51
2026/09/11 15:42:48.679, 3, 18969, 97871, 0, 121.14
2026/09/11 15:42:48.879, 0, 18971, 97871, 0, 120.32
2026/09/11 15:42:48.879, 1, 18971, 97871, 0, 121.75
2026/09/11 15:42:48.879, 2, 18971, 97871, 0, 120.69
2026/09/11 15:42:48.879, 3, 18971, 97871, 0, 121.28
2026/09/11 15:42:49.079, 0, 19079, 97871, 55, 139.95
2026/09/11 15:42:49.079, 1, 19079, 97871, 48, 146.10
2026/09/11 15:42:49.079, 2, 19079, 97871, 45, 142.14
2026/09/11 15:42:49.079, 3, 19079, 97871, 52, 146.89
2026/09/11 15:42:49.279, 0, 19079, 97871, 100, 174.37
2026/09/11 15:42:49.279, 1, 19079, 97871, 100, 182.99
2026/09/11 15:42:49.279, 2, 19079, 97871, 100, 179.49
2026/09/11 15:42:49.279, 3, 19079, 97871, 100, 183.50
2026/09/11 15:42:49.479, 0, 22023, 97871, 99, 209.82
2026/09/11 15:42:49.479, 1, 22023, 97871, 100, 216.53
2026/09/11 15:42:49.479, 2, 22023, 97871, 99, 213.47
2026/09/11 15:42:49.479, 3, 22023, 97871, 99, 220.71
2026/09/11 15:42:49.679, 0, 22023, 97871, 100, 245.33
2026/09/11 15:42:49.679, 1, 22023, 97871, 100, 252.13
2026/09/11 15:42:49.679, 2, 22023, 97871, 100, 249.30
2026/09/11 15:42:49.679, 3, 22023, 97871, 100, 257.70
2026/09/11 15:42:49.880, 0, 22023, 97871, 100, 281.23
2026/09/11 15:42:49.880, 1, 22023, 97871, 100, 288.26
2026/09/11 15:42:49.880, 2, 22023, 97871, 100, 285.75
2026/09/11 15:42:49.880, 3, 22023, 97871, 100, 294.98
2026/09/11 15:42:50.080, 0, 22023, 97871, 100, 297.28
2026/09/11 15:42:50.080, 1, 22023, 97871, 100, 303.58
2026/09/11 15:42:50.080, 2, 22023, 97871, 100, 303.94
2026/09/11 15:42:50.080, 3, 22023, 97871, 100, 306.33
2026/09/11 15:42:50.280, 0, 24583, 97871, 100, 296.44
2026/09/11 15:42:50.280, 1, 24583, 97871, 100, 301.68
2026/09/11 15:42:50.280, 2, 24583, 97871, 100, 302.57
2026/09/11 15:42:50.280, 3, 24583, 97871, 100, 301.94
2026/09/11 15:42:50.480, 0, 24583, 97871, 100, 312.78
2026/09/11 15:42:50.480, 1, 24583, 97871, 95, 283.32
2026/09/11 15:42:50.480, 2, 24583, 97871, 100, 282.13
2026/09/11 15:42:50.480, 3, 24583, 97871, 100, 282.88
2026/09/11 15:42:50.680, 0, 24583, 97871, 100, 329.17
2026/09/11 15:42:50.680, 1, 24583, 97871, 100, 264.19
2026/09/11 15:42:50.680, 2, 24583, 97871, 100, 262.54
2026/09/11 15:42:50.680, 3, 24583, 97871, 100, 263.61
2026/09/11 15:42:50.880, 0, 24583, 97871, 100, 345.07
2026/09/11 15:42:50.881, 1, 24583, 97871, 100, 243.83
2026/09/11 15:42:50.881, 2, 24583, 97871, 100, 242.06
2026/09/11 15:42:50.881, 3, 24583, 97871, 100, 245.16
2026/09/11 15:42:51.081, 0, 24583, 97871, 100, 360.47
2026/09/11 15:42:51.081, 1, 24583, 97871, 100, 224.24
2026/09/11 15:42:51.081, 2, 24583, 97871, 100, 223.99
2026/09/11 15:42:51.081, 3, 24583, 97871, 100, 225.43
2026/09/11 15:42:51.281, 0, 24583, 97871, 100, 377.29
2026/09/11 15:42:51.281, 1, 24583, 97871, 100, 207.58
2026/09/11 15:42:51.281, 2, 24583, 97871, 100, 204.32
2026/09/11 15:42:51.281, 3, 24583, 97871, 100, 207.56
2026/09/11 15:42:51.481, 0, 24583, 97871, 100, 380.52
2026/09/11 15:42:51.481, 1, 24583, 97871, 100, 206.89
2026/09/11 15:42:51.481, 2, 24583, 97871, 100, 204.59
2026/09/11 15:42:51.481, 3, 24583, 97871, 100, 206.85
2026/09/11 15:42:51.681, 0, 24583, 97871, 100, 380.96
2026/09/11 15:42:51.681, 1, 24583, 97871, 100, 207.10
2026/09/11 15:42:51.681, 2, 24583, 97871, 100, 203.42
2026/09/11 15:42:51.681, 3, 24583, 97871, 100, 207.13
2026/09/11 15:42:51.881, 0, 24583, 97871, 100, 381.10
2026/09/11 15:42:51.881, 1, 24583, 97871, 100, 207.72
2026/09/11 15:42:51.881, 2, 24583, 97871, 100, 204.24
2026/09/11 15:42:51.881, 3, 24583, 97871, 100, 205.96
2026/09/11 15:42:52.081, 0, 24583, 97871, 100, 381.69
2026/09/11 15:42:52.082, 1, 24583, 97871, 100, 208.53
2026/09/11 15:42:52.082, 2, 24583, 97871, 100, 204.26
2026/09/11 15:42:52.082, 3, 24583, 97871, 100, 206.52
2026/09/11 15:42:52.282, 0, 24583, 97871, 100, 381.10
2026/09/11 15:42:52.282, 1, 24583, 97871, 100, 208.23
2026/09/11 15:42:52.282, 2, 24583, 97871, 100, 205.71
2026/09/11 15:42:52.282, 3, 24583, 97871, 100, 204.54
2026/09/11 15:42:52.482, 0, 24583, 97871, 100, 382.28
2026/09/11 15:42:52.482, 1, 24583, 97871, 100, 210.19
2026/09/11 15:42:52.482, 2, 24583, 97871, 100, 204.43
2026/09/11 15:42:52.482, 3, 24583, 97871, 100, 204.99
2026/09/11 15:42:52.682, 0, 25119, 97871, 100, 367.95
2026/09/11 15:42:52.683, 1, 25119, 97871, 100, 204.11
2026/09/11 15:42:52.685, 2, 25119, 97871, 100, 190.59
2026/09/11 15:42:52.685, 3, 25119, 97871, 100, 196.34
2026/09/11 15:42:52.885, 0, 25119, 97871, 1, 289.96
2026/09/11 15:42:52.886, 1, 25119, 97871, 1, 187.13
2026/09/11 15:42:52.887, 2, 25119, 97871, 1, 173.22
2026/09/11 15:42:52.887, 3, 25119, 97871, 1, 180.26
2026/09/11 15:42:53.088, 0, 25119, 97871, 0, 242.85
2026/09/11 15:42:53.088, 1, 25119, 97871, 0, 171.23
2026/09/11 15:42:53.088, 2, 25119, 97871, 0, 158.74
2026/09/11 15:42:53.088, 3, 25119, 97871, 0, 165.30
2026/09/11 15:42:53.288, 0, 25119, 97871, 0, 191.38
2026/09/11 15:42:53.289, 1, 25119, 97871, 3, 153.32
2026/09/11 15:42:53.289, 2, 25119, 97871, 1, 142.06
2026/09/11 15:42:53.289, 3, 25119, 97871, 0, 148.21
2026/09/11 15:42:53.489, 0, 25119, 97871, 0, 139.38
2026/09/11 15:42:53.489, 1, 25119, 97871, 0, 136.12
2026/09/11 15:42:53.489, 2, 25119, 97871, 0, 127.07
2026/09/11 15:42:53.489, 3, 18615, 97871, 0, 130.93
2026/09/11 15:42:53.690, 0, 18613, 97871, 0, 122.89
2026/09/11 15:42:53.690, 1, 18613, 97871, 0, 125.12
2026/09/11 15:42:53.690, 2, 18613, 97871, 0, 122.98
2026/09/11 15:42:53.690, 3, 18613, 97871, 6, 123.88
2026/09/11 15:42:53.890, 0, 87829, 97871, 0, 143.54
2026/09/11 15:42:53.890, 1, 87829, 97871, 0, 128.04
2026/09/11 15:42:53.890, 2, 87829, 97871, 0, 135.62
2026/09/11 15:42:53.890, 3, 87829, 97871, 0, 131.04
2026/09/11 15:42:54.090, 0, 87829, 97871, 100, 194.21
2026/09/11 15:42:54.090, 1, 87829, 97871, 86, 143.68
2026/09/11 15:42:54.090, 2, 87829, 97871, 95, 149.56
2026/09/11 15:42:54.090, 3, 87829, 97871, 98, 146.14
2026/09/11 15:42:54.290, 0, 87829, 97871, 100, 245.95
2026/09/11 15:42:54.290, 1, 87829, 97871, 100, 160.60
2026/09/11 15:42:54.290, 2, 87829, 97871, 100, 166.25
2026/09/11 15:42:54.290, 3, 87829, 97871, 100, 163.31
2026/09/11 15:42:54.490, 0, 87829, 97871, 100, 300.92
2026/09/11 15:42:54.490, 1, 87829, 97871, 100, 179.39
2026/09/11 15:42:54.490, 2, 87829, 97871, 100, 182.06
2026/09/11 15:42:54.490, 3, 87829, 97871, 100, 179.37
2026/09/11 15:42:54.690, 0, 87829, 97871, 100, 351.09
2026/09/11 15:42:54.690, 1, 87829, 97871, 100, 196.74
2026/09/11 15:42:54.690, 2, 87829, 97871, 100, 198.43
2026/09/11 15:42:54.690, 3, 87829, 97871, 100, 196.13
2026/09/11 15:42:54.890, 0, 87829, 97871, 100, 380.97
2026/09/11 15:42:54.891, 1, 87829, 97871, 100, 211.40
2026/09/11 15:42:54.891, 2, 87829, 97871, 100, 202.35
2026/09/11 15:42:54.891, 3, 87829, 97871, 100, 206.20
2026/09/11 15:42:55.091, 0, 87829, 97871, 100, 382.05
2026/09/11 15:42:55.091, 1, 87829, 97871, 100, 209.24
2026/09/11 15:42:55.091, 2, 87829, 97871, 100, 203.65
2026/09/11 15:42:55.091, 3, 87829, 97871, 100, 205.39
2026/09/11 15:42:55.291, 0, 87829, 97871, 100, 382.65
2026/09/11 15:42:55.291, 1, 87829, 97871, 100, 210.05
2026/09/11 15:42:55.291, 2, 87829, 97871, 100, 203.46
2026/09/11 15:42:55.291, 3, 87829, 97871, 100, 206.04
2026/09/11 15:42:55.491, 0, 87829, 97871, 100, 381.52
2026/09/11 15:42:55.491, 1, 87829, 97871, 100, 209.39
2026/09/11 15:42:55.491, 2, 87829, 97871, 100, 204.58
2026/09/11 15:42:55.491, 3, 87829, 97871, 100, 205.69
2026/09/11 15:42:55.691, 0, 87829, 97871, 100, 383.01
2026/09/11 15:42:55.691, 1, 87829, 97871, 100, 209.85
2026/09/11 15:42:55.691, 2, 87829, 97871, 100, 203.92
2026/09/11 15:42:55.691, 3, 87829, 97871, 100, 206.86
2026/09/11 15:42:55.891, 0, 87829, 97871, 100, 383.40
2026/09/11 15:42:55.891, 1, 87829, 97871, 100, 209.98
2026/09/11 15:42:55.891, 2, 87829, 97871, 100, 204.67
2026/09/11 15:42:55.891, 3, 87829, 97871, 100, 206.56
2026/09/11 15:42:56.091, 0, 87829, 97871, 100, 384.00
2026/09/11 15:42:56.091, 1, 87829, 97871, 100, 208.35
2026/09/11 15:42:56.091, 2, 87829, 97871, 100, 203.73
2026/09/11 15:42:56.092, 3, 87829, 97871, 100, 205.78
2026/09/11 15:42:56.292, 0, 87831, 97871, 100, 352.91
2026/09/11 15:42:56.292, 1, 87831, 97871, 100, 207.46
2026/09/11 15:42:56.292, 2, 87831, 97871, 100, 196.41
2026/09/11 15:42:56.292, 3, 87831, 97871, 100, 202.31
2026/09/11 15:42:56.492, 0, 87831, 97871, 0, 300.90
2026/09/11 15:42:56.492, 1, 87831, 97871, 28, 191.80
2026/09/11 15:42:56.492, 2, 87831, 97871, 2, 181.19
2026/09/11 15:42:56.492, 3, 87831, 97871, 0, 185.68
2026/09/11 15:42:56.692, 0, 87831, 97871, 0, 247.34
2026/09/11 15:42:56.692, 1, 87831, 97871, 0, 173.98
2026/09/11 15:42:56.692, 2, 87831, 97871, 0, 163.15
2026/09/11 15:42:56.692, 3, 87831, 97871, 0, 168.23
2026/09/11 15:42:56.892, 0, 87831, 97871, 0, 198.90
2026/09/11 15:42:56.892, 1, 87831, 97871, 0, 157.13
2026/09/11 15:42:56.892, 2, 87831, 97871, 0, 147.08
2026/09/11 15:42:56.892, 3, 87831, 97871, 0, 153.32
2026/09/11 15:42:57.092, 0, 87831, 97871, 0, 167.92
2026/09/11 15:42:57.093, 1, 87831, 97871, 0, 140.79
2026/09/11 15:42:57.093, 2, 87831, 97871, 0, 129.55
2026/09/11 15:42:57.093, 3, 87831, 97871, 0, 134.72
2026/09/11 15:42:57.293, 0, 87831, 97871, 0, 123.34
2026/09/11 15:42:57.293, 1, 87831, 97871, 0, 125.61
2026/09/11 15:42:57.293, 2, 87831, 97871, 0, 120.14
2026/09/11 15:42:57.293, 3, 87831, 97871, 0, 121.40
2026/09/11 15:42:57.493, 0, 87831, 97871, 0, 120.64
2026/09/11 15:42:57.493, 1, 87831, 97871, 0, 122.23
2026/09/11 15:42:57.493, 2, 87831, 97871, 0, 120.00
2026/09/11 15:42:57.493, 3, 87831, 97871, 0, 120.62
2026/09/11 15:42:57.693, 0, 87831, 97871, 0, 120.48
2026/09/11 15:42:57.693, 1, 87831, 97871, 0, 122.18
2026/09/11 15:42:57.693, 2, 87831, 97871, 0, 119.96
2026/09/11 15:42:57.693, 3, 87831, 97871, 0, 120.58
2026/09/11 15:42:57.893, 0, 87831, 97871, 0, 120.44
2026/09/11 15:42:57.893, 1, 87831, 97871, 0, 122.15
2026/09/11 15:42:57.893, 2, 87831, 97871, 0, 119.94
2026/09/11 15:42:57.893, 3, 87831, 97871, 0, 120.63
2026/09/11 15:42:58.094, 0, 87831, 97871, 0, 120.39
2026/09/11 15:42:58.094, 1, 87831, 97871, 0, 122.11
2026/09/11 15:42:58.094, 2, 87831, 97871, 0, 119.92
2026/09/11 15:42:58.094, 3, 87831, 97871, 0, 120.58
2026/09/11 15:42:58.294, 0, 87831, 97871, 0, 120.34
2026/09/11 15:42:58.294, 1, 87831, 97871, 0, 122.10
2026/09/11 15:42:58.294, 2, 87831, 97871, 0, 119.88
2026/09/11 15:42:58.294, 3, 87831, 97871, 0, 120.49
2026/09/11 15:42:58.494, 0, 87831, 97871, 0, 120.31
2026/09/11 15:42:58.494, 1, 87831, 97871, 0, 122.08
2026/09/11 15:42:58.494, 2, 87831, 97871, 0, 119.84
2026/09/11 15:42:58.494, 3, 87831, 97871, 0, 120.52
2026/09/11 15:42:58.694, 0, 87831, 97871, 0, 120.28
2026/09/11 15:42:58.694, 1, 87831, 97871, 0, 122.10
2026/09/11 15:42:58.694, 2, 87831, 97871, 0, 119.80
2026/09/11 15:42:58.694, 3, 87831, 97871, 0, 120.53
2026/09/11 15:42:58.894, 0, 87831, 97871, 0, 120.19
2026/09/11 15:42:58.895, 1, 87831, 97871, 0, 122.08
2026/09/11 15:42:58.895, 2, 87831, 97871, 0, 119.75
2026/09/11 15:42:58.895, 3, 87831, 97871, 0, 120.49
2026/09/11 15:42:59.095, 0, 87831, 97871, 0, 120.18
2026/09/11 15:42:59.095, 1, 87831, 97871, 0, 122.07
2026/09/11 15:42:59.095, 2, 87831, 97871, 0, 119.76
2026/09/11 15:42:59.095, 3, 87831, 97871, 0, 120.43
2026/09/11 15:42:59.295, 0, 87831, 97871, 0, 120.16
2026/09/11 15:42:59.295, 1, 87831, 97871, 0, 122.08
2026/09/11 15:42:59.295, 2, 87831, 97871, 0, 119.74
2026/09/11 15:42:59.295, 3, 87831, 97871, 0, 120.46
2026/09/11 15:42:59.495, 0, 87831, 97871, 0, 120.10
2026/09/11 15:42:59.495, 1, 87831, 97871, 0, 122.11
2026/09/11 15:42:59.495, 2, 87831, 97871, 0, 119.72
2026/09/11 15:42:59.495, 3, 87831, 97871, 0, 120.48
2026/09/11 15:42:59.695, 0, 87831, 97871, 0, 120.08
2026/09/11 15:42:59.695, 1, 87831, 97871, 0, 122.12
2026/09/11 15:42:59.695, 2, 87831, 97871, 0, 119.69
2026/09/11 15:42:59.695, 3, 87831, 97871, 0, 120.42
2026/09/11 15:42:59.896, 0, 87831, 97871, 0, 120.09
2026/09/11 15:42:59.896, 1, 87831, 97871, 0, 122.16
2026/09/11 15:42:59.896, 2, 87831, 97871, 0, 119.68
2026/09/11 15:42:59.896, 3, 87831, 97871, 0, 120.35
2026/09/11 15:43:00.096, 0, 87831, 97871, 0, 120.02
2026/09/11 15:43:00.096, 1, 87831, 97871, 0, 122.15
2026/09/11 15:43:00.096, 2, 87831, 97871, 0, 119.64
2026/09/11 15:43:00.096, 3, 87831, 97871, 0, 120.38
2026/09/11 15:43:00.296, 0, 87831, 97871, 0, 120.02
2026/09/11 15:43:00.296, 1, 87831, 97871, 0, 122.15
2026/09/11 15:43:00.296, 2, 87831, 97871, 0, 119.62
2026/09/11 15:43:00.296, 3, 87831, 97871, 0, 120.39
2026/09/11 15:43:00.496, 0, 87831, 97871, 0, 120.02
2026/09/11 15:43:00.496, 1, 87831, 97871, 0, 122.14
2026/09/11 15:43:00.496, 2, 87831, 97871, 0, 119.63
2026/09/11 15:43:00.496, 3, 87831, 97871, 0, 120.34
2026/09/11 15:43:00.696, 0, 87831, 97871, 0, 119.99
2026/09/11 15:43:00.696, 1, 87831, 97871, 0, 122.15
2026/09/11 15:43:00.696, 2, 87831, 97871, 0, 119.64
2026/09/11 15:43:00.697, 3, 87831, 97871, 0, 120.37
2026/09/11 15:43:00.897, 0, 87831, 97871, 0, 119.98
2026/09/11 15:43:00.897, 1, 87831, 97871, 0, 122.15
2026/09/11 15:43:00.897, 2, 87831, 97871, 0, 119.64
2026/09/11 15:43:00.897, 3, 87831, 97871, 0, 120.43
2026/09/11 15:43:01.097, 0, 87831, 97871, 0, 120.03
2026/09/11 15:43:01.097, 1, 87831, 97871, 0, 122.17
2026/09/11 15:43:01.097, 2, 87831, 97871, 0, 119.67
2026/09/11 15:43:01.097, 3, 87831, 97871, 0, 120.45
2026/09/11 15:43:01.297, 0, 87831, 97871, 0, 119.98
2026/09/11 15:43:01.297, 1, 87831, 97871, 0, 122.18
2026/09/11 15:43:01.297, 2, 87831, 97871, 0, 119.68
2026/09/11 15:43:01.297, 3, 87831, 97871, 0, 120.40
2026/09/11 15:43:01.497, 0, 87831, 97871, 0, 119.98
2026/09/11 15:43:01.497, 1, 87831, 97871, 0, 122.18
2026/09/11 15:43:01.497, 2, 87831, 97871, 0, 119.69
2026/09/11 15:43:01.497, 3, 87831, 97871, 0, 120.44
2026/09/11 15:43:01.698, 0, 87831, 97871, 0, 120.00
2026/09/11 15:43:01.698, 1, 87831, 97871, 0, 122.17
2026/09/11 15:43:01.698, 2, 87831, 97871, 0, 119.67
2026/09/11 15:43:01.698, 3, 87831, 97871, 0, 120.46
2026/09/11 15:43:01.898, 0, 87831, 97871, 0, 119.95
2026/09/11 15:43:01.898, 1, 87831, 97871, 0, 122.16
2026/09/11 15:43:01.898, 2, 87831, 97871, 0, 119.67
2026/09/11 15:43:01.898, 3, 87831, 97871, 0, 120.46
2026/09/11 15:43:02.098, 0, 87831, 97871, 0, 119.91
2026/09/11 15:43:02.098, 1, 87831, 97871, 0, 122.13
2026/09/11 15:43:02.098, 2, 87831, 97871, 0, 119.66
2026/09/11 15:43:02.098, 3, 87831, 97871, 0, 120.41
2026/09/11 15:43:02.298, 0, 87831, 97871, 0, 119.93
2026/09/11 15:43:02.298, 1, 87831, 97871, 0, 122.11
2026/09/11 15:43:02.298, 2, 87831, 97871, 0, 119.63
2026/09/11 15:43:02.298, 3, 87831, 97871, 0, 120.46
2026/09/11 15:43:02.498, 0, 87831, 97871, 0, 119.91
2026/09/11 15:43:02.499, 1, 87831, 97871, 0, 122.09
2026/09/11 15:43:02.499, 2, 87831, 97871, 0, 119.63
2026/09/11 15:43:02.499, 3, 87831, 97871, 0, 120.45
2026/09/11 15:43:02.699, 0, 87831, 97871, 0, 119.87
2026/09/11 15:43:02.699, 1, 87831, 97871, 0, 122.12
2026/09/11 15:43:02.699, 2, 87831, 97871, 0, 119.64
2026/09/11 15:43:02.699, 3, 87831, 97871, 0, 120.42
2026/09/11 15:43:02.899, 0, 87831, 97871, 0, 119.90
2026/09/11 15:43:02.899, 1, 87831, 97871, 0, 122.11
2026/09/11 15:43:02.899, 2, 87831, 97871, 0, 119.63
2026/09/11 15:43:02.899, 3, 87831, 97871, 0, 120.36
2026/09/11 15:43:03.099, 0, 87831, 97871, 0, 119.92
2026/09/11 15:43:03.099, 1, 87831, 97871, 0, 122.12
2026/09/11 15:43:03.099, 2, 87831, 97871, 0, 119.68
2026/09/11 15:43:03.099, 3, 87831, 97871, 0, 120.43
2026/09/11 15:43:03.299, 0, 87831, 97871, 0, 119.88
2026/09/11 15:43:03.299, 1, 87831, 97871, 0, 122.08
2026/09/11 15:43:03.299, 2, 87831, 97871, 0, 119.70
2026/09/11 15:43:03.299, 3, 87831, 97871, 0, 120.43
2026/09/11 15:43:03.499, 0, 87831, 97871, 0, 119.92
2026/09/11 15:43:03.499, 1, 87831, 97871, 0, 122.09
2026/09/11 15:43:03.499, 2, 87831, 97871, 0, 119.73
2026/09/11 15:43:03.499, 3, 87831, 97871, 0, 120.40
2026/09/11 15:43:03.700, 0, 87831, 97871, 0, 119.92
2026/09/11 15:43:03.700, 1, 87831, 97871, 0, 122.06
2026/09/11 15:43:03.700, 2, 87831, 97871, 0, 119.73
2026/09/11 15:43:03.700, 3, 87831, 97871, 0, 120.38
2026/09/11 15:43:03.900, 0, 87831, 97871, 0, 119.90
2026/09/11 15:43:03.900, 1, 87831, 97871, 0, 122.05
2026/09/11 15:43:03.900, 2, 87831, 97871, 0, 119.77
2026/09/11 15:43:03.900, 3, 87831, 97871, 0, 120.43
2026/09/11 15:43:04.100, 0, 87831, 97871, 0, 119.92
2026/09/11 15:43:04.100, 1, 87831, 97871, 0, 122.03
2026/09/11 15:43:04.100, 2, 87831, 97871, 0, 119.74
2026/09/11 15:43:04.100, 3, 87831, 97871, 0, 120.45
2026/09/11 15:43:04.300, 0, 87831, 97871, 0, 119.97
2026/09/11 15:43:04.300, 1, 87831, 97871, 0, 122.05
2026/09/11 15:43:04.300, 2, 87831, 97871, 0, 119.68
2026/09/11 15:43:04.300, 3, 87831, 97871, 0, 120.42
2026/09/11 15:43:04.500, 0, 87831, 97871, 0, 119.93
2026/09/11 15:43:04.500, 1, 87831, 97871, 0, 122.04
2026/09/11 15:43:04.501, 2, 87831, 97871, 0, 119.65
2026/09/11 15:43:04.501, 3, 87831, 97871, 0, 120.43
2026/09/11 15:43:04.701, 0, 87831, 97871, 0, 119.94
2026/09/11 15:43:04.701, 1, 87831, 97871, 0, 122.06
2026/09/11 15:43:04.701, 2, 87831, 97871, 0, 119.60
2026/09/11 15:43:04.701, 3, 87831, 97871, 0, 120.46
2026/09/11 15:43:04.901, 0, 87831, 97871, 0, 119.92
2026/09/11 15:43:04.901, 1, 87831, 97871, 0, 122.07
2026/09/11 15:43:04.901, 2, 87831, 97871, 0, 119.57
2026/09/11 15:43:04.901, 3, 87831, 97871, 0, 120.45
2026/09/11 15:43:05.101, 0, 87833, 97871, 0, 119.86
2026/09/11 15:43:05.101, 1, 87833, 97871, 0, 122.09
2026/09/11 15:43:05.101, 2, 87833, 97871, 0, 120.76
2026/09/11 15:43:05.101, 3, 87833, 97871, 0, 120.32
2026/09/11 15:43:05.301, 0, 87833, 97871, 25, 122.70
2026/09/11 15:43:05.301, 1, 87833, 97871, 7, 124.67
2026/09/11 15:43:05.301, 2, 87833, 97871, 9, 122.19
2026/09/11 15:43:05.301, 3, 87833, 97871, 9, 123.05
2026/09/11 15:43:05.502, 0, 87833, 97871, 0, 122.74
2026/09/11 15:43:05.502, 1, 87833, 97871, 0, 124.76
2026/09/11 15:43:05.502, 2, 87833, 97871, 0, 122.29
2026/09/11 15:43:05.502, 3, 87833, 97871, 0, 123.06
2026/09/11 15:43:05.702, 0, 87833, 97871, 0, 122.73
2026/09/11 15:43:05.702, 1, 87833, 97871, 0, 124.72
2026/09/11 15:43:05.702, 2, 87833, 97871, 0, 122.30
2026/09/11 15:43:05.702, 3, 87833, 97871, 0, 123.10
2026/09/11 15:43:05.902, 0, 87833, 97871, 0, 122.68
2026/09/11 15:43:05.902, 1, 87833, 97871, 0, 124.80
2026/09/11 15:43:05.902, 2, 87833, 97871, 0, 122.31
2026/09/11 15:43:05.902, 3, 87833, 97871, 0, 123.04
2026/09/11 15:43:06.102, 0, 87833, 97871, 0, 122.70
2026/09/11 15:43:06.102, 1, 87833, 97871, 0, 124.74
2026/09/11 15:43:06.102, 2, 87833, 97871, 0, 121.79
2026/09/11 15:43:06.102, 3, 87833, 97871, 0, 123.13
2026/09/11 15:43:06.302, 0, 87833, 97871, 0, 119.89
2026/09/11 15:43:06.302, 1, 87833, 97871, 0, 122.18
2026/09/11 15:43:06.303, 2, 87833, 97871, 0, 119.65
2026/09/11 15:43:06.303, 3, 87833, 97871, 0, 120.39
2026/09/11 15:43:06.503, 0, 87833, 97871, 0, 119.86
2026/09/11 15:43:06.503, 1, 87833, 97871, 0, 122.14
2026/09/11 15:43:06.503, 2, 87833, 97871, 0, 119.62
2026/09/11 15:43:06.503, 3, 87833, 97871, 0, 120.35
2026/09/11 15:43:06.703, 0, 87833, 97871, 0, 119.90
2026/09/11 15:43:06.703, 1, 87833, 97871, 0, 122.13
2026/09/11 15:43:06.703, 2, 87833, 97871, 0, 119.61
2026/09/11 15:43:06.703, 3, 87833, 97871, 0, 120.33
2026/09/11 15:43:06.903, 0, 87833, 97871, 0, 119.88
2026/09/11 15:43:06.903, 1, 87833, 97871, 0, 122.15
2026/09/11 15:43:06.903, 2, 87833, 97871, 0, 119.62
2026/09/11 15:43:06.903, 3, 87833, 97871, 0, 120.37
2026/09/11 15:43:07.103, 0, 87833, 97871, 0, 119.87
2026/09/11 15:43:07.104, 1, 87833, 97871, 0, 122.15
2026/09/11 15:43:07.104, 2, 87833, 97871, 0, 119.63
2026/09/11 15:43:07.104, 3, 87833, 97871, 0, 120.36
2026/09/11 15:43:07.304, 0, 87833, 97871, 0, 119.88
2026/09/11 15:43:07.304, 1, 87833, 97871, 0, 122.18
2026/09/11 15:43:07.304, 2, 87833, 97871, 0, 119.65
2026/09/11 15:43:07.304, 3, 87833, 97871, 0, 120.32
2026/09/11 15:43:07.504, 0, 87833, 97871, 0, 119.84
2026/09/11 15:43:07.504, 1, 87833, 97871, 0, 122.17
2026/09/11 15:43:07.504, 2, 87833, 97871, 0, 119.69
2026/09/11 15:43:07.504, 3, 87833, 97871, 0, 120.30
2026/09/11 15:43:07.704, 0, 87833, 97871, 0, 119.79
2026/09/11 15:43:07.704, 1, 87833, 97871, 0, 122.19
2026/09/11 15:43:07.704, 2, 87833, 97871, 0, 119.67
2026/09/11 15:43:07.704, 3, 87833, 97871, 0, 120.39
2026/09/11 15:43:07.904, 0, 87833, 97871, 0, 119.80
2026/09/11 15:43:07.905, 1, 87833, 97871, 0, 122.20
2026/09/11 15:43:07.905, 2, 87833, 97871, 0, 119.67
2026/09/11 15:43:07.905, 3, 87833, 97871, 0, 120.41
2026/09/11 15:43:08.105, 0, 87833, 97871, 0, 119.60
2026/09/11 15:43:08.105, 1, 87833, 97871, 0, 122.19
2026/09/11 15:43:08.105, 2, 87833, 97871, 0, 119.65
2026/09/11 15:43:08.105, 3, 87833, 97871, 0, 120.38
2026/09/11 15:43:08.305, 0, 87833, 97871, 0, 119.47
2026/09/11 15:43:08.305, 1, 87833, 97871, 0, 122.21
2026/09/11 15:43:08.305, 2, 87833, 97871, 0, 119.64
2026/09/11 15:43:08.305, 3, 87833, 97871, 0, 120.38
2026/09/11 15:43:08.505, 0, 87833, 97871, 0, 119.43
2026/09/11 15:43:08.505, 1, 87833, 97871, 0, 122.21
2026/09/11 15:43:08.505, 2, 87833, 97871, 0, 119.64
2026/09/11 15:43:08.506, 3, 87833, 97871, 0, 120.42
2026/09/11 15:43:08.706, 0, 87833, 97871, 0, 119.31
2026/09/11 15:43:08.706, 1, 87833, 97871, 0, 122.19
2026/09/11 15:43:08.706, 2, 87833, 97871, 0, 119.65
2026/09/11 15:43:08.706, 3, 87833, 97871, 0, 120.39
2026/09/11 15:43:08.906, 0, 87833, 97871, 0, 119.65
2026/09/11 15:43:08.906, 1, 87833, 97871, 0, 122.17
2026/09/11 15:43:08.906, 2, 87833, 97871, 0, 119.88
2026/09/11 15:43:08.906, 3, 87833, 97871, 0, 120.33
2026/09/11 15:43:09.106, 0, 87833, 97871, 0, 119.72
2026/09/11 15:43:09.106, 1, 87833, 97871, 0, 122.49
2026/09/11 15:43:09.106, 2, 87833, 97871, 0, 119.97
2026/09/11 15:43:09.106, 3, 87833, 97871, 60, 121.67
2026/09/11 15:43:09.306, 0, 87833, 97871, 0, 119.72
2026/09/11 15:43:09.306, 1, 87833, 97871, 0, 122.48
2026/09/11 15:43:09.306, 2, 87833, 97871, 0, 119.98
2026/09/11 15:43:09.306, 3, 87833, 97871, 100, 122.36
2026/09/11 15:43:09.507, 0, 87833, 97871, 0, 119.66
2026/09/11 15:43:09.507, 1, 87833, 97871, 0, 122.47
2026/09/11 15:43:09.507, 2, 87833, 97871, 0, 120.01
2026/09/11 15:43:09.507, 3, 87833, 97871, 100, 122.92
2026/09/11 15:43:09.707, 0, 87833, 97871, 0, 119.70
2026/09/11 15:43:09.707, 1, 87833, 97871, 0, 122.47
2026/09/11 15:43:09.707, 2, 87833, 97871, 0, 120.03
2026/09/11 15:43:09.707, 3, 87833, 97871, 100, 123.55
2026/09/11 15:43:09.907, 0, 87833, 97871, 0, 119.33
2026/09/11 15:43:09.907, 1, 87833, 97871, 0, 122.44
2026/09/11 15:43:09.907, 2, 87833, 97871, 0, 119.82
2026/09/11 15:43:09.907, 3, 87833, 97871, 100, 124.30
2026/09/11 15:43:10.107, 0, 87833, 97871, 0, 119.60
2026/09/11 15:43:10.107, 1, 87833, 97871, 0, 122.12
2026/09/11 15:43:10.107, 2, 87833, 97871, 0, 120.30
2026/09/11 15:43:10.107, 3, 87833, 97871, 100, 123.66
2026/09/11 15:43:10.307, 0, 87833, 97871, 0, 119.69
2026/09/11 15:43:10.308, 1, 87833, 97871, 0, 122.43
2026/09/11 15:43:10.308, 2, 87833, 97871, 51, 121.13
2026/09/11 15:43:10.308, 3, 87833, 97871, 100, 123.88
2026/09/11 15:43:10.508, 0, 87833, 97871, 0, 119.71
2026/09/11 15:43:10.508, 1, 87833, 97871, 0, 122.43
2026/09/11 15:43:10.508, 2, 87833, 97871, 100, 121.74
2026/09/11 15:43:10.508, 3, 87833, 97871, 100, 123.91
2026/09/11 15:43:10.708, 0, 87833, 97871, 0, 119.67
2026/09/11 15:43:10.708, 1, 87833, 97871, 0, 122.40
2026/09/11 15:43:10.708, 2, 87833, 97871, 100, 122.35
2026/09/11 15:43:10.708, 3, 87833, 97871, 100, 123.93
2026/09/11 15:43:10.908, 0, 87833, 97871, 0, 119.69
2026/09/11 15:43:10.908, 1, 87833, 97871, 0, 122.39
2026/09/11 15:43:10.908, 2, 87833, 97871, 100, 122.94
2026/09/11 15:43:10.908, 3, 87833, 97871, 100, 123.89
2026/09/11 15:43:11.108, 0, 87833, 97871, 0, 119.37
2026/09/11 15:43:11.108, 1, 87833, 97871, 0, 122.37
2026/09/11 15:43:11.108, 2, 87833, 97871, 100, 123.04
2026/09/11 15:43:11.108, 3, 87833, 97871, 100, 123.81
2026/09/11 15:43:11.308, 0, 87833, 97871, 0, 119.85
2026/09/11 15:43:11.309, 1, 87833, 97871, 0, 122.11
2026/09/11 15:43:11.309, 2, 87833, 97871, 100, 123.13
2026/09/11 15:43:11.309, 3, 87833, 97871, 100, 123.61
2026/09/11 15:43:11.509, 0, 87833, 97871, 100, 120.47
2026/09/11 15:43:11.509, 1, 87833, 97871, 0, 122.38
2026/09/11 15:43:11.509, 2, 87833, 97871, 100, 123.12
2026/09/11 15:43:11.509, 3, 87833, 97871, 100, 123.79
2026/09/11 15:43:11.709, 0, 87833, 97871, 100, 121.08
2026/09/11 15:43:11.709, 1, 87833, 97871, 0, 122.42
2026/09/11 15:43:11.709, 2, 87833, 97871, 100, 123.11
2026/09/11 15:43:11.709, 3, 87833, 97871, 100, 123.77
2026/09/11 15:43:11.909, 0, 87833, 97871, 100, 121.64
2026/09/11 15:43:11.909, 1, 87833, 97871, 0, 122.43
2026/09/11 15:43:11.909, 2, 87833, 97871, 100, 123.11
2026/09/11 15:43:11.909, 3, 87833, 97871, 100, 123.68
2026/09/11 15:43:12.109, 0, 87833, 97871, 100, 122.28
2026/09/11 15:43:12.109, 1, 87833, 97871, 0, 122.44
2026/09/11 15:43:12.109, 2, 87833, 97871, 100, 123.08
2026/09/11 15:43:12.109, 3, 87833, 97871, 100, 123.72
2026/09/11 15:43:12.310, 0, 87833, 97871, 100, 122.40
2026/09/11 15:43:12.310, 1, 87833, 97871, 0, 122.41
2026/09/11 15:43:12.310, 2, 87833, 97871, 100, 122.80
2026/09/11 15:43:12.310, 3, 87833, 97871, 100, 123.75
2026/09/11 15:43:12.510, 0, 87833, 97871, 100, 131.17
2026/09/11 15:43:12.510, 1, 87833, 97871, 0, 125.14
2026/09/11 15:43:12.510, 2, 87833, 97871, 100, 129.91
2026/09/11 15:43:12.510, 3, 87833, 97871, 100, 128.28
2026/09/11 15:43:12.710, 0, 87833, 97871, 35, 130.82
2026/09/11 15:43:12.710, 1, 87833, 97871, 16, 128.85
2026/09/11 15:43:12.710, 2, 87833, 97871, 45, 129.53
2026/09/11 15:43:12.710, 3, 87833, 97871, 40, 130.33
2026/09/11 15:43:12.910, 0, 87833, 97871, 0, 130.21
2026/09/11 15:43:12.910, 1, 87833, 97871, 0, 128.87
2026/09/11 15:43:12.910, 2, 87833, 97871, 0, 128.99
2026/09/11 15:43:12.910, 3, 87833, 97871, 0, 129.80
2026/09/11 15:43:13.110, 0, 87833, 97871, 0, 129.58
2026/09/11 15:43:13.111, 1, 87833, 97871, 0, 129.02
2026/09/11 15:43:13.111, 2, 87833, 97871, 0, 128.50
2026/09/11 15:43:13.111, 3, 87833, 97871, 0, 129.21
2026/09/11 15:43:13.311, 0, 87835, 97871, 0, 132.23
2026/09/11 15:43:13.311, 1, 87835, 97871, 0, 128.89
2026/09/11 15:43:13.311, 2, 87835, 97871, 0, 128.93
2026/09/11 15:43:13.311, 3, 87835, 97871, 0, 128.56
2026/09/11 15:43:13.511, 0, 89029, 97871, 17, 175.20
2026/09/11 15:43:13.511, 1, 89029, 97871, 17, 158.03
2026/09/11 15:43:13.511, 2, 89029, 97871, 16, 166.67
2026/09/11 15:43:13.511, 3, 89029, 97871, 17, 158.08
2026/09/11 15:43:13.711, 0, 89029, 97871, 99, 228.07
2026/09/11 15:43:13.711, 1, 89029, 97871, 100, 208.33
2026/09/11 15:43:13.711, 2, 89029, 97871, 100, 218.34
2026/09/11 15:43:13.711, 3, 89029, 97871, 100, 206.00
2026/09/11 15:43:13.911, 0, 89029, 97871, 98, 284.03
2026/09/11 15:43:13.911, 1, 89029, 97871, 98, 267.63
2026/09/11 15:43:13.911, 2, 89029, 97871, 98, 270.02
2026/09/11 15:43:13.911, 3, 89029, 97871, 98, 264.80
2026/09/11 15:43:14.111, 0, 89029, 97871, 100, 336.84
2026/09/11 15:43:14.111, 1, 89029, 97871, 100, 325.19
2026/09/11 15:43:14.112, 2, 89029, 97871, 100, 327.86
2026/09/11 15:43:14.112, 3, 89029, 97871, 100, 323.36
2026/09/11 15:43:14.312, 0, 89029, 97871, 100, 336.16
2026/09/11 15:43:14.312, 1, 89029, 97871, 100, 358.40
2026/09/11 15:43:14.312, 2, 89029, 97871, 100, 337.29
2026/09/11 15:43:14.312, 3, 89029, 97871, 100, 348.46
2026/09/11 15:43:14.512, 0, 89029, 97871, 0, 288.00
2026/09/11 15:43:14.512, 1, 89029, 97871, 0, 327.91
2026/09/11 15:43:14.512, 2, 89029, 97871, 0, 296.78
2026/09/11 15:43:14.512, 3, 89029, 97871, 0, 321.30
2026/09/11 15:43:14.712, 0, 89029, 97871, 0, 230.89
2026/09/11 15:43:14.712, 1, 89029, 97871, 0, 272.63
2026/09/11 15:43:14.712, 2, 89029, 97871, 0, 246.79
2026/09/11 15:43:14.712, 3, 89029, 97871, 0, 266.27
2026/09/11 15:43:14.912, 0, 89029, 97871, 0, 181.01
2026/09/11 15:43:14.912, 1, 89029, 97871, 0, 217.31
2026/09/11 15:43:14.912, 2, 89029, 97871, 0, 188.79
2026/09/11 15:43:14.912, 3, 89029, 97871, 0, 209.30
2026/09/11 15:43:15.112, 0, 89029, 97871, 0, 129.56
2026/09/11 15:43:15.113, 1, 89029, 97871, 0, 160.82
2026/09/11 15:43:15.113, 2, 89029, 97871, 0, 139.40
2026/09/11 15:43:15.113, 3, 89029, 97871, 0, 150.87
2026/09/11 15:43:15.313, 0, 89029, 97871, 0, 119.77
2026/09/11 15:43:15.313, 1, 89029, 97871, 0, 122.80
2026/09/11 15:43:15.313, 2, 89029, 97871, 0, 120.37
2026/09/11 15:43:15.313, 3, 89029, 97871, 0, 121.45
2026/09/11 15:43:15.513, 0, 89029, 97871, 0, 122.88
2026/09/11 15:43:15.513, 1, 89029, 97871, 0, 122.59
2026/09/11 15:43:15.513, 2, 89029, 97871, 0, 121.69
2026/09/11 15:43:15.513, 3, 89029, 97871, 0, 121.29
2026/09/11 15:43:15.713, 0, 89029, 97871, 54, 128.29
2026/09/11 15:43:15.713, 1, 89029, 97871, 4, 131.07
2026/09/11 15:43:15.713, 2, 89029, 97871, 40, 129.35
2026/09/11 15:43:15.713, 3, 89029, 97871, 46, 130.97
2026/09/11 15:43:15.914, 0, 89031, 97871, 0, 152.99
2026/09/11 15:43:15.914, 1, 89031, 97871, 0, 132.45
2026/09/11 15:43:15.914, 2, 89031, 97871, 0, 146.56
2026/09/11 15:43:15.914, 3, 89031, 97871, 0, 135.15
2026/09/11 15:43:16.114, 0, 89031, 97871, 98, 196.43
2026/09/11 15:43:16.114, 1, 89031, 97871, 66, 183.51
2026/09/11 15:43:16.114, 2, 89031, 97871, 87, 194.19
2026/09/11 15:43:16.114, 3, 89031, 97871, 98, 185.55
2026/09/11 15:43:16.314, 0, 89031, 97871, 68, 196.94
2026/09/11 15:43:16.314, 1, 89031, 97871, 100, 203.67
2026/09/11 15:43:16.314, 2, 89031, 97871, 79, 197.95
2026/09/11 15:43:16.314, 3, 89031, 97871, 75, 202.17
2026/09/11 15:43:16.514, 0, 89031, 97871, 0, 208.57
2026/09/11 15:43:16.514, 1, 89031, 97871, 0, 202.16
2026/09/11 15:43:16.514, 2, 89031, 97871, 0, 204.26
2026/09/11 15:43:16.514, 3, 89031, 97871, 0, 202.19
2026/09/11 15:43:16.714, 0, 89031, 97871, 63, 255.48
2026/09/11 15:43:16.715, 1, 89031, 97871, 35, 235.45
2026/09/11 15:43:16.715, 2, 89031, 97871, 62, 247.65
2026/09/11 15:43:16.715, 3, 89031, 97871, 61, 239.55
2026/09/11 15:43:16.915, 0, 89031, 97871, 97, 285.90
2026/09/11 15:43:16.915, 1, 89031, 97871, 97, 294.67
2026/09/11 15:43:16.915, 2, 89031, 97871, 97, 286.87
2026/09/11 15:43:16.915, 3, 89031, 97871, 97, 291.56
2026/09/11 15:43:17.115, 0, 89031, 97871, 100, 276.02
2026/09/11 15:43:17.115, 1, 89031, 97871, 100, 258.77
2026/09/11 15:43:17.115, 2, 89031, 97871, 100, 257.46
2026/09/11 15:43:17.115, 3, 89031, 97871, 100, 277.83
2026/09/11 15:43:17.315, 0, 89031, 97871, 0, 252.60
2026/09/11 15:43:17.315, 1, 89031, 97871, 0, 257.52
2026/09/11 15:43:17.315, 2, 89031, 97871, 0, 256.03
2026/09/11 15:43:17.315, 3, 89031, 97871, 0, 259.77
2026/09/11 15:43:17.515, 0, 89031, 97871, 0, 252.51
2026/09/11 15:43:17.515, 1, 89031, 97871, 0, 243.93
2026/09/11 15:43:17.515, 2, 89031, 97871, 0, 250.45
2026/09/11 15:43:17.515, 3, 89031, 97871, 0, 259.81
2026/09/11 15:43:17.716, 0, 89031, 97871, 0, 217.53
2026/09/11 15:43:17.716, 1, 89031, 97871, 0, 191.54
2026/09/11 15:43:17.716, 2, 89031, 97871, 0, 197.28
2026/09/11 15:43:17.716, 3, 89031, 97871, 0, 218.92
2026/09/11 15:43:17.916, 0, 89031, 97871, 0, 160.80
2026/09/11 15:43:17.916, 1, 89031, 97871, 0, 140.28
2026/09/11 15:43:17.916, 2, 89031, 97871, 0, 142.40
2026/09/11 15:43:17.916, 3, 89031, 97871, 0, 164.18
2026/09/11 15:43:18.116, 0, 89031, 97871, 0, 119.69
2026/09/11 15:43:18.116, 1, 89031, 97871, 0, 122.75
2026/09/11 15:43:18.116, 2, 89031, 97871, 0, 120.51
2026/09/11 15:43:18.116, 3, 89031, 97871, 0, 121.50
2026/09/11 15:43:18.316, 0, 89031, 97871, 0, 119.52
2026/09/11 15:43:18.316, 1, 89031, 97871, 0, 125.93
2026/09/11 15:43:18.316, 2, 89031, 97871, 28, 121.60
2026/09/11 15:43:18.316, 3, 89031, 97871, 0, 121.34
2026/09/11 15:43:18.516, 0, 89031, 97871, 8, 124.93
2026/09/11 15:43:18.517, 1, 89031, 97871, 8, 144.42
2026/09/11 15:43:18.517, 2, 89031, 97871, 50, 132.47
2026/09/11 15:43:18.517, 3, 89031, 97871, 38, 126.04
2026/09/11 15:43:18.717, 0, 89031, 97871, 67, 155.76
2026/09/11 15:43:18.717, 1, 89031, 97871, 31, 159.96
2026/09/11 15:43:18.717, 2, 89031, 97871, 0, 155.54
2026/09/11 15:43:18.717, 3, 89031, 97871, 57, 158.32
2026/09/11 15:43:18.917, 0, 89031, 97871, 0, 155.30
2026/09/11 15:43:18.917, 1, 89031, 97871, 0, 160.76
2026/09/11 15:43:18.917, 2, 89031, 97871, 0, 154.86
2026/09/11 15:43:18.917, 3, 89031, 97871, 0, 157.77
2026/09/11 15:43:19.117, 0, 89031, 97871, 0, 161.09
2026/09/11 15:43:19.117, 1, 89031, 97871, 0, 195.54
2026/09/11 15:43:19.117, 2, 89031, 97871, 98, 183.90
2026/09/11 15:43:19.117, 3, 89031, 97871, 0, 169.06
2026/09/11 15:43:19.317, 0, 89031, 97871, 100, 213.47
2026/09/11 15:43:19.317, 1, 89031, 97871, 92, 247.35
2026/09/11 15:43:19.318, 2, 89031, 97871, 100, 235.27
2026/09/11 15:43:19.318, 3, 89031, 97871, 98, 220.78
2026/09/11 15:43:19.518, 0, 89031, 97871, 100, 260.85
2026/09/11 15:43:19.518, 1, 89031, 97871, 100, 255.54
2026/09/11 15:43:19.518, 2, 89031, 97871, 4, 253.20
2026/09/11 15:43:19.518, 3, 89031, 97871, 100, 269.10
2026/09/11 15:43:19.718, 0, 89031, 97871, 0, 230.71
2026/09/11 15:43:19.718, 1, 89031, 97871, 31, 237.58
2026/09/11 15:43:19.718, 2, 89031, 97871, 0, 232.11
2026/09/11 15:43:19.718, 3, 89031, 97871, 0, 235.95
2026/09/11 15:43:19.918, 0, 89031, 97871, 0, 229.79
2026/09/11 15:43:19.918, 1, 89031, 97871, 0, 237.55
2026/09/11 15:43:19.918, 2, 89031, 97871, 0, 234.44
2026/09/11 15:43:19.918, 3, 89031, 97871, 0, 237.82
2026/09/11 15:43:20.118, 0, 89031, 97871, 0, 226.09
2026/09/11 15:43:20.119, 1, 89031, 97871, 0, 208.75
2026/09/11 15:43:20.119, 2, 89031, 97871, 0, 206.15
2026/09/11 15:43:20.119, 3, 89031, 97871, 0, 227.26
2026/09/11 15:43:20.319, 0, 89031, 97871, 0, 178.77
2026/09/11 15:43:20.319, 1, 89031, 97871, 0, 154.64
2026/09/11 15:43:20.319, 2, 89031, 97871, 0, 151.18
2026/09/11 15:43:20.319, 3, 89031, 97871, 0, 178.24
2026/09/11 15:43:20.519, 0, 89031, 97871, 0, 124.64
2026/09/11 15:43:20.519, 1, 89031, 97871, 0, 122.92
2026/09/11 15:43:20.519, 2, 89031, 97871, 0, 120.62
2026/09/11 15:43:20.519, 3, 89031, 97871, 0, 121.73
2026/09/11 15:43:20.719, 0, 89031, 97871, 0, 119.73
2026/09/11 15:43:20.719, 1, 89031, 97871, 0, 122.75
2026/09/11 15:43:20.719, 2, 89031, 97871, 0, 120.39
2026/09/11 15:43:20.719, 3, 89031, 97871, 0, 121.42
2026/09/11 15:43:20.919, 0, 89031, 97871, 0, 121.60
2026/09/11 15:43:20.919, 1, 89031, 97871, 0, 127.06
2026/09/11 15:43:20.919, 2, 89031, 97871, 9, 125.16
2026/09/11 15:43:20.919, 3, 89031, 97871, 0, 124.94
2026/09/11 15:43:21.119, 0, 89031, 97871, 30, 128.81
2026/09/11 15:43:21.120, 1, 89031, 97871, 51, 158.30
2026/09/11 15:43:21.120, 2, 89031, 97871, 95, 151.55
2026/09/11 15:43:21.120, 3, 89031, 97871, 37, 139.26
2026/09/11 15:43:21.320, 0, 89031, 97871, 92, 161.13
2026/09/11 15:43:21.320, 1, 89031, 97871, 84, 166.13
2026/09/11 15:43:21.320, 2, 89031, 97871, 0, 161.76
2026/09/11 15:43:21.320, 3, 89031, 97871, 95, 164.55
2026/09/11 15:43:21.520, 0, 89031, 97871, 0, 161.21
2026/09/11 15:43:21.520, 1, 89031, 97871, 0, 166.22
2026/09/11 15:43:21.520, 2, 89031, 97871, 0, 161.84
2026/09/11 15:43:21.520, 3, 89031, 97871, 0, 164.56
2026/09/11 15:43:21.720, 0, 89031, 97871, 0, 160.43
2026/09/11 15:43:21.721, 1, 89031, 97871, 0, 188.61
2026/09/11 15:43:21.721, 2, 89031, 97871, 86, 180.67
2026/09/11 15:43:21.721, 3, 89031, 97871, 0, 169.97
2026/09/11 15:43:21.921, 0, 89031, 97871, 87, 207.79
2026/09/11 15:43:21.921, 1, 89031, 97871, 59, 241.48
2026/09/11 15:43:21.921, 2, 89031, 97871, 100, 230.67
2026/09/11 15:43:21.921, 3, 89031, 97871, 84, 220.07
2026/09/11 15:43:22.121, 0, 89031, 97871, 100, 248.40
2026/09/11 15:43:22.121, 1, 89031, 97871, 100, 235.96
2026/09/11 15:43:22.121, 2, 89031, 97871, 0, 233.04
2026/09/11 15:43:22.121, 3, 89031, 97871, 100, 247.61
2026/09/11 15:43:22.321, 0, 89031, 97871, 0, 215.43
2026/09/11 15:43:22.321, 1, 89031, 97871, 12, 222.39
2026/09/11 15:43:22.321, 2, 89031, 97871, 0, 216.92
2026/09/11 15:43:22.321, 3, 89031, 97871, 0, 221.91
2026/09/11 15:43:22.522, 0, 89031, 97871, 0, 215.28
2026/09/11 15:43:22.522, 1, 89031, 97871, 0, 222.39
2026/09/11 15:43:22.522, 2, 89031, 97871, 0, 218.86
2026/09/11 15:43:22.522, 3, 89031, 97871, 0, 219.94
2026/09/11 15:43:22.722, 0, 89031, 97871, 0, 215.30
2026/09/11 15:43:22.722, 1, 89031, 97871, 0, 204.43
2026/09/11 15:43:22.722, 2, 89031, 97871, 0, 199.68
2026/09/11 15:43:22.722, 3, 89031, 97871, 0, 218.95
2026/09/11 15:43:22.922, 0, 89031, 97871, 0, 168.71
2026/09/11 15:43:22.922, 1, 89031, 97871, 0, 144.73
2026/09/11 15:43:22.922, 2, 89031, 97871, 0, 151.40
2026/09/11 15:43:22.922, 3, 89031, 97871, 0, 162.66
2026/09/11 15:43:23.122, 0, 89031, 97871, 0, 121.78
2026/09/11 15:43:23.122, 1, 89031, 97871, 0, 122.88
2026/09/11 15:43:23.122, 2, 89031, 97871, 0, 120.62
2026/09/11 15:43:23.122, 3, 89031, 97871, 0, 121.44
2026/09/11 15:43:23.323, 0, 89031, 97871, 0, 119.71
2026/09/11 15:43:23.323, 1, 89031, 97871, 0, 123.81
2026/09/11 15:43:23.323, 2, 89031, 97871, 0, 120.82
2026/09/11 15:43:23.323, 3, 89031, 97871, 0, 121.32
2026/09/11 15:43:23.523, 0, 89031, 97871, 8, 123.46
2026/09/11 15:43:23.523, 1, 89031, 97871, 0, 137.41
2026/09/11 15:43:23.523, 2, 89031, 97871, 35, 131.09
2026/09/11 15:43:23.523, 3, 89031, 97871, 2, 125.50
2026/09/11 15:43:23.723, 0, 89031, 97871, 45, 148.20
2026/09/11 15:43:23.723, 1, 89031, 97871, 8, 151.78
2026/09/11 15:43:23.723, 2, 89031, 97871, 0, 148.14
2026/09/11 15:43:23.723, 3, 89031, 97871, 43, 150.06
2026/09/11 15:43:23.923, 0, 89031, 97871, 0, 148.44
2026/09/11 15:43:23.924, 1, 89031, 97871, 0, 151.26
2026/09/11 15:43:23.924, 2, 89031, 97871, 0, 148.72
2026/09/11 15:43:23.924, 3, 89031, 97871, 0, 149.47
2026/09/11 15:43:24.124, 0, 89031, 97871, 0, 156.13
2026/09/11 15:43:24.124, 1, 89031, 97871, 0, 184.91
2026/09/11 15:43:24.124, 2, 89031, 97871, 97, 175.84
2026/09/11 15:43:24.124, 3, 89031, 97871, 0, 165.54
2026/09/11 15:43:24.324, 0, 89031, 97871, 95, 208.81
2026/09/11 15:43:24.324, 1, 89031, 97871, 95, 221.62
2026/09/11 15:43:24.324, 2, 89031, 97871, 50, 216.82
2026/09/11 15:43:24.324, 3, 89031, 97871, 98, 218.30
2026/09/11 15:43:24.524, 0, 89031, 97871, 40, 207.26
2026/09/11 15:43:24.525, 1, 89031, 97871, 76, 208.83
2026/09/11 15:43:24.525, 2, 89031, 97871, 0, 210.20
2026/09/11 15:43:24.525, 3, 89031, 97871, 45, 217.11
2026/09/11 15:43:24.725, 0, 89031, 97871, 0, 190.86
2026/09/11 15:43:24.725, 1, 89031, 97871, 0, 194.80
2026/09/11 15:43:24.725, 2, 89031, 97871, 0, 190.78
2026/09/11 15:43:24.725, 3, 89031, 97871, 0, 194.44
2026/09/11 15:43:24.925, 0, 89031, 97871, 0, 189.46
2026/09/11 15:43:24.925, 1, 89027, 97871, 0, 194.77
2026/09/11 15:43:24.925, 2, 89029, 97871, 0, 189.39
2026/09/11 15:43:24.925, 3, 89011, 97871, 0, 193.03
2026/09/11 15:43:25.125, 0, 88463, 97871, 0, 182.61
2026/09/11 15:43:25.125, 1, 88463, 97871, 0, 166.55
2026/09/11 15:43:25.125, 2, 88463, 97871, 0, 162.59
2026/09/11 15:43:25.125, 3, 88463, 97871, 0, 183.00
2026/09/11 15:43:25.325, 0, 88463, 97871, 0, 130.97
2026/09/11 15:43:25.325, 1, 88463, 97871, 0, 123.24
2026/09/11 15:43:25.325, 2, 88463, 97871, 0, 120.79
2026/09/11 15:43:25.325, 3, 88463, 97871, 0, 124.39
2026/09/11 15:43:25.526, 0, 88463, 97871, 0, 119.80
2026/09/11 15:43:25.526, 1, 88463, 97871, 0, 122.86
2026/09/11 15:43:25.526, 2, 88463, 97871, 0, 120.50
2026/09/11 15:43:25.526, 3, 88463, 97871, 0, 121.37
2026/09/11 15:43:25.726, 0, 88463, 97871, 0, 119.81
2026/09/11 15:43:25.726, 1, 88463, 97871, 0, 122.80
2026/09/11 15:43:25.726, 2, 88463, 97871, 0, 120.42
2026/09/11 15:43:25.726, 3, 88463, 97871, 0, 121.36
2026/09/11 15:43:25.926, 0, 88463, 97871, 0, 119.73
2026/09/11 15:43:25.926, 1, 88463, 97871, 0, 122.78
2026/09/11 15:43:25.926, 2, 88463, 97871, 0, 120.36
2026/09/11 15:43:25.926, 3, 88463, 97871, 0, 121.36
2026/09/11 15:43:26.126, 0, 88463, 97871, 0, 119.62
2026/09/11 15:43:26.126, 1, 88463, 97871, 0, 122.71
2026/09/11 15:43:26.126, 2, 88463, 97871, 0, 120.29
2026/09/11 15:43:26.126, 3, 88463, 97871, 0, 121.26
2026/09/11 15:43:26.326, 0, 88463, 97871, 0, 119.55
2026/09/11 15:43:26.326, 1, 88463, 97871, 0, 122.69
2026/09/11 15:43:26.326, 2, 88463, 97871, 0, 120.27
2026/09/11 15:43:26.326, 3, 88463, 97871, 0, 121.25
2026/09/11 15:43:26.526, 0, 88463, 97871, 0, 119.50
2026/09/11 15:43:26.527, 1, 88463, 97871, 0, 122.66
2026/09/11 15:43:26.527, 2, 88463, 97871, 0, 120.25
2026/09/11 15:43:26.527, 3, 88463, 97871, 0, 121.29
2026/09/11 15:43:26.727, 0, 88461, 97871, 0, 119.50
2026/09/11 15:43:26.727, 1, 88461, 97871, 0, 122.88
2026/09/11 15:43:26.727, 2, 88461, 97871, 3, 120.43
2026/09/11 15:43:26.727, 3, 88461, 97871, 0, 121.42
2026/09/11 15:43:26.927, 0, 22, 97871, 0, 120.46
2026/09/11 15:43:27.111, 1, 4, 97871, 100, 131.44
2026/09/11 15:43:27.276, 2, 4, 97871, 0, 123.07
2026/09/11 15:43:27.276, 3, 4, 97871, 7, 130.37
2026/09/11 15:43:27.476, 0, 4, 97871, 53, 128.40
2026/09/11 15:43:27.477, 1, 4, 97871, 0, 131.93
2026/09/11 15:43:27.477, 2, 4, 97871, 92, 129.03
2026/09/11 15:43:27.477, 3, 4, 97871, 0, 130.85
2026/09/11 15:43:27.677, 0, 4, 97871, 0, 128.86
2026/09/11 15:43:27.677, 1, 4, 97871, 0, 132.41
2026/09/11 15:43:27.677, 2, 4, 97871, 0, 129.72
2026/09/11 15:43:27.677, 3, 4, 97871, 0, 131.03
2026/09/11 15:43:27.877, 0, 4, 97871, 0, 128.84
2026/09/11 15:43:27.877, 1, 4, 97871, 0, 132.37
2026/09/11 15:43:27.877, 2, 4, 97871, 0, 129.79
2026/09/11 15:43:27.877, 3, 4, 97871, 0, 129.62
2026/09/11 15:43:28.077, 0, 4, 97871, 0, 128.70
2026/09/11 15:43:28.077, 1, 4, 97871, 0, 129.13
2026/09/11 15:43:28.077, 2, 4, 97871, 0, 129.65
2026/09/11 15:43:28.077, 3, 4, 97871, 0, 123.89
2026/09/11 15:43:28.277, 0, 4, 97871, 0, 122.92
2026/09/11 15:43:28.278, 1, 4, 97871, 0, 125.09
2026/09/11 15:43:28.278, 2, 4, 97871, 0, 128.67
2026/09/11 15:43:28.278, 3, 4, 97871, 0, 123.80
2026/09/11 15:43:28.478, 0, 4, 97871, 0, 121.93
2026/09/11 15:43:28.478, 1, 4, 97871, 0, 125.08
2026/09/11 15:43:28.478, 2, 4, 97871, 0, 122.75
2026/09/11 15:43:28.478, 3, 4, 97871, 0, 123.80
2026/09/11 15:43:28.678, 0, 4, 97871, 0, 121.93
2026/09/11 15:43:28.678, 1, 4, 97871, 0, 125.10
2026/09/11 15:43:28.678, 2, 4, 97871, 0, 122.68
2026/09/11 15:43:28.678, 3, 4, 97871, 0, 123.87
2026/09/11 15:43:28.878, 0, 4, 97871, 0, 121.93
2026/09/11 15:43:28.878, 1, 4, 97871, 0, 125.11
2026/09/11 15:43:28.878, 2, 4, 97871, 0, 122.66
2026/09/11 15:43:28.878, 3, 4, 97871, 0, 123.87
2026/09/11 15:43:29.078, 0, 0, 97871, 0, 121.98
2026/09/11 15:43:29.079, 1, 0, 97871, 0, 118.61
2026/09/11 15:43:29.079, 2, 3, 97871, 0, 122.62
2026/09/11 15:43:29.079, 3, 4, 97871, 0, 117.29
2026/09/11 15:43:29.279, 0, 0, 97871, 0, 116.34
2026/09/11 15:43:29.279, 1, 0, 97871, 0, 109.12
2026/09/11 15:43:29.279, 2, 0, 97871, 0, 122.41
2026/09/11 15:43:29.279, 3, 0, 97871, 0, 107.85
2026/09/11 15:43:29.479, 0, 0, 97871, 0, 107.29
2026/09/11 15:43:29.479, 1, 0, 97871, 0, 99.05
2026/09/11 15:43:29.479, 2, 0, 97871, 0, 113.28
2026/09/11 15:43:29.479, 3, 0, 97871, 0, 97.82
2026/09/11 15:43:29.679, 0, 0, 97871, 0, 98.00
2026/09/11 15:43:29.679, 1, 0, 97871, 0, 89.96
2026/09/11 15:43:29.679, 2, 0, 97871, 0, 103.46
2026/09/11 15:43:29.679, 3, 0, 97871, 0, 88.03
2026/09/11 15:43:29.879, 0, 0, 97871, 0, 87.97
2026/09/11 15:43:29.880, 1, 0, 97871, 0, 80.30
2026/09/11 15:43:29.880, 2, 0, 97871, 0, 94.43
2026/09/11 15:43:29.880, 3, 0, 97871, 0, 79.11
2026/09/11 15:43:30.080, 0, 0, 97871, 0, 78.37
2026/09/11 15:43:30.080, 1, 0, 97871, 0, 76.18
2026/09/11 15:43:30.080, 2, 0, 97871, 0, 85.02
2026/09/11 15:43:30.080, 3, 0, 97871, 0, 75.15
