timestamp,index,memory_used_mib,memory_total_mib,utilization_gpu_percent,power_watts
2026/09/26 00:12:13.262, 0, 0, 97871, 0, 75.56
2026/09/26 00:12:13.265, 1, 0, 97871, 0, 78.35
2026/09/26 00:12:13.269, 2, 0, 97871, 0, 75.70
2026/09/26 00:12:13.272, 3, 0, 97871, 0, 76.91
2026/09/26 00:12:13.476, 0, 0, 97871, 0, 75.19
2026/09/26 00:12:13.476, 1, 0, 97871, 0, 77.92
2026/09/26 00:12:13.476, 2, 0, 97871, 0, 75.51
2026/09/26 00:12:13.476, 3, 0, 97871, 0, 76.74
2026/09/26 00:12:13.676, 0, 0, 97871, 0, 74.90
2026/09/26 00:12:13.676, 1, 0, 97871, 0, 77.56
2026/09/26 00:12:13.676, 2, 0, 97871, 0, 75.45
2026/09/26 00:12:13.676, 3, 0, 97871, 0, 76.61
2026/09/26 00:12:13.876, 0, 0, 97871, 0, 74.66
2026/09/26 00:12:13.876, 1, 0, 97871, 0, 77.27
2026/09/26 00:12:13.876, 2, 0, 97871, 0, 75.41
2026/09/26 00:12:13.876, 3, 0, 97871, 0, 76.51
2026/09/26 00:12:14.076, 0, 0, 97871, 0, 74.41
2026/09/26 00:12:14.076, 1, 0, 97871, 0, 76.99
2026/09/26 00:12:14.076, 2, 0, 97871, 0, 75.35
2026/09/26 00:12:14.076, 3, 0, 97871, 0, 76.46
2026/09/26 00:12:14.276, 0, 0, 97871, 0, 74.17
2026/09/26 00:12:14.277, 1, 0, 97871, 0, 76.75
2026/09/26 00:12:14.277, 2, 0, 97871, 0, 75.33
2026/09/26 00:12:14.277, 3, 0, 97871, 0, 76.44
2026/09/26 00:12:14.477, 0, 0, 97871, 0, 74.01
2026/09/26 00:12:14.477, 1, 0, 97871, 0, 76.53
2026/09/26 00:12:14.477, 2, 0, 97871, 0, 75.34
2026/09/26 00:12:14.477, 3, 0, 97871, 0, 76.43
2026/09/26 00:12:14.677, 0, 0, 97871, 0, 73.86
2026/09/26 00:12:14.677, 1, 0, 97871, 0, 76.36
2026/09/26 00:12:14.677, 2, 0, 97871, 0, 75.33
2026/09/26 00:12:14.677, 3, 0, 97871, 0, 76.43
2026/09/26 00:12:14.877, 0, 0, 97871, 0, 73.77
2026/09/26 00:12:14.877, 1, 0, 97871, 0, 76.20
2026/09/26 00:12:14.877, 2, 0, 97871, 0, 75.26
2026/09/26 00:12:14.877, 3, 0, 97871, 0, 76.41
2026/09/26 00:12:15.077, 0, 0, 97871, 0, 73.73
2026/09/26 00:12:15.077, 1, 0, 97871, 0, 76.14
2026/09/26 00:12:15.077, 2, 0, 97871, 0, 75.30
2026/09/26 00:12:15.077, 3, 0, 97871, 0, 76.41
2026/09/26 00:12:15.278, 0, 0, 97871, 0, 73.72
2026/09/26 00:12:15.278, 1, 0, 97871, 0, 76.08
2026/09/26 00:12:15.278, 2, 0, 97871, 0, 75.30
2026/09/26 00:12:15.278, 3, 0, 97871, 0, 76.37
2026/09/26 00:12:15.478, 0, 0, 97871, 0, 73.73
2026/09/26 00:12:15.478, 1, 0, 97871, 0, 76.07
2026/09/26 00:12:15.478, 2, 0, 97871, 0, 75.26
2026/09/26 00:12:15.478, 3, 0, 97871, 0, 76.38
2026/09/26 00:12:15.678, 0, 0, 97871, 0, 73.69
2026/09/26 00:12:15.678, 1, 0, 97871, 0, 76.03
2026/09/26 00:12:15.678, 2, 0, 97871, 0, 75.23
2026/09/26 00:12:15.678, 3, 0, 97871, 0, 76.36
2026/09/26 00:12:15.878, 0, 0, 97871, 0, 73.70
2026/09/26 00:12:15.878, 1, 0, 97871, 0, 76.06
2026/09/26 00:12:15.878, 2, 0, 97871, 0, 75.25
2026/09/26 00:12:15.878, 3, 0, 97871, 0, 76.36
2026/09/26 00:12:16.078, 0, 0, 97871, 0, 73.71
2026/09/26 00:12:16.078, 1, 0, 97871, 0, 76.04
2026/09/26 00:12:16.078, 2, 0, 97871, 0, 75.24
2026/09/26 00:12:16.078, 3, 0, 97871, 0, 76.34
2026/09/26 00:12:16.278, 0, 0, 97871, 0, 73.72
2026/09/26 00:12:16.278, 1, 0, 97871, 0, 76.03
2026/09/26 00:12:16.278, 2, 0, 97871, 0, 75.17
2026/09/26 00:12:16.278, 3, 0, 97871, 0, 76.35
2026/09/26 00:12:16.478, 0, 0, 97871, 0, 73.69
2026/09/26 00:12:16.478, 1, 0, 97871, 0, 76.01
2026/09/26 00:12:16.478, 2, 0, 97871, 0, 75.17
2026/09/26 00:12:16.478, 3, 0, 97871, 0, 76.32
2026/09/26 00:12:16.679, 0, 0, 97871, 0, 73.70
2026/09/26 00:12:16.679, 1, 0, 97871, 0, 76.02
2026/09/26 00:12:16.679, 2, 0, 97871, 0, 75.17
2026/09/26 00:12:16.679, 3, 0, 97871, 0, 76.32
2026/09/26 00:12:16.879, 0, 0, 97871, 0, 73.69
2026/09/26 00:12:16.879, 1, 0, 97871, 0, 76.00
2026/09/26 00:12:16.879, 2, 0, 97871, 0, 75.13
2026/09/26 00:12:16.879, 3, 0, 97871, 0, 76.31
2026/09/26 00:12:17.079, 0, 0, 97871, 0, 73.69
2026/09/26 00:12:17.079, 1, 0, 97871, 0, 75.98
2026/09/26 00:12:17.079, 2, 0, 97871, 0, 75.08
2026/09/26 00:12:17.079, 3, 0, 97871, 0, 76.32
2026/09/26 00:12:17.279, 0, 0, 97871, 0, 73.67
2026/09/26 00:12:17.279, 1, 0, 97871, 0, 75.94
2026/09/26 00:12:17.279, 2, 0, 97871, 0, 75.12
2026/09/26 00:12:17.279, 3, 0, 97871, 0, 76.28
2026/09/26 00:12:17.479, 0, 0, 97871, 0, 73.66
2026/09/26 00:12:17.479, 1, 0, 97871, 0, 75.90
2026/09/26 00:12:17.479, 2, 0, 97871, 0, 75.14
2026/09/26 00:12:17.479, 3, 0, 97871, 0, 76.30
2026/09/26 00:12:17.679, 0, 0, 97871, 0, 73.64
2026/09/26 00:12:17.679, 1, 0, 97871, 0, 75.88
2026/09/26 00:12:17.679, 2, 0, 97871, 0, 75.15
2026/09/26 00:12:17.679, 3, 0, 97871, 0, 76.28
2026/09/26 00:12:17.879, 0, 0, 97871, 0, 73.67
2026/09/26 00:12:17.879, 1, 0, 97871, 0, 75.89
2026/09/26 00:12:17.879, 2, 0, 97871, 0, 75.19
2026/09/26 00:12:17.880, 3, 0, 97871, 0, 76.28
2026/09/26 00:12:18.080, 0, 0, 97871, 0, 73.64
2026/09/26 00:12:18.080, 1, 0, 97871, 0, 75.87
2026/09/26 00:12:18.080, 2, 0, 97871, 0, 75.26
2026/09/26 00:12:18.080, 3, 0, 97871, 0, 76.25
2026/09/26 00:12:18.280, 0, 0, 97871, 0, 73.63
2026/09/26 00:12:18.280, 1, 0, 97871, 0, 75.86
2026/09/26 00:12:18.280, 2, 0, 97871, 0, 75.29
2026/09/26 00:12:18.280, 3, 0, 97871, 0, 76.32
2026/09/26 00:12:18.480, 0, 0, 97871, 0, 73.64
2026/09/26 00:12:18.480, 1, 0, 97871, 0, 75.86
2026/09/26 00:12:18.480, 2, 0, 97871, 0, 75.25
2026/09/26 00:12:18.480, 3, 0, 97871, 0, 76.36
2026/09/26 00:12:18.680, 0, 0, 97871, 0, 73.63
2026/09/26 00:12:18.680, 1, 0, 97871, 0, 75.81
2026/09/26 00:12:18.680, 2, 0, 97871, 0, 75.27
2026/09/26 00:12:18.680, 3, 0, 97871, 0, 76.39
2026/09/26 00:12:18.880, 0, 0, 97871, 0, 73.60
2026/09/26 00:12:18.880, 1, 0, 97871, 0, 75.78
2026/09/26 00:12:18.880, 2, 0, 97871, 0, 75.29
2026/09/26 00:12:18.880, 3, 0, 97871, 0, 76.41
2026/09/26 00:12:19.080, 0, 0, 97871, 0, 73.59
2026/09/26 00:12:19.080, 1, 0, 97871, 0, 75.77
2026/09/26 00:12:19.080, 2, 0, 97871, 0, 75.26
2026/09/26 00:12:19.080, 3, 0, 97871, 0, 76.45
2026/09/26 00:12:19.280, 0, 0, 97871, 0, 73.58
2026/09/26 00:12:19.281, 1, 0, 97871, 0, 75.76
2026/09/26 00:12:19.281, 2, 0, 97871, 0, 75.24
2026/09/26 00:12:19.281, 3, 0, 97871, 0, 76.42
2026/09/26 00:12:19.481, 0, 0, 97871, 0, 73.56
2026/09/26 00:12:19.481, 1, 0, 97871, 0, 75.75
2026/09/26 00:12:19.481, 2, 0, 97871, 0, 75.27
2026/09/26 00:12:19.481, 3, 0, 97871, 0, 76.41
2026/09/26 00:12:19.681, 0, 0, 97871, 0, 73.57
2026/09/26 00:12:19.681, 1, 0, 97871, 0, 75.76
2026/09/26 00:12:19.681, 2, 0, 97871, 0, 75.30
2026/09/26 00:12:19.681, 3, 0, 97871, 0, 76.42
2026/09/26 00:12:19.881, 0, 0, 97871, 0, 73.56
2026/09/26 00:12:19.881, 1, 0, 97871, 0, 75.76
2026/09/26 00:12:19.881, 2, 0, 97871, 0, 75.24
2026/09/26 00:12:19.881, 3, 0, 97871, 0, 76.43
2026/09/26 00:12:20.081, 0, 0, 97871, 0, 73.53
2026/09/26 00:12:20.081, 1, 0, 97871, 0, 75.75
2026/09/26 00:12:20.081, 2, 0, 97871, 0, 75.26
2026/09/26 00:12:20.081, 3, 0, 97871, 0, 76.42
2026/09/26 00:12:20.281, 0, 0, 97871, 0, 73.52
2026/09/26 00:12:20.281, 1, 0, 97871, 0, 75.73
2026/09/26 00:12:20.281, 2, 0, 97871, 0, 75.26
2026/09/26 00:12:20.281, 3, 0, 97871, 0, 76.42
2026/09/26 00:12:20.481, 0, 0, 97871, 0, 73.49
2026/09/26 00:12:20.481, 1, 0, 97871, 0, 75.80
2026/09/26 00:12:20.482, 2, 0, 97871, 0, 75.25
2026/09/26 00:12:20.482, 3, 0, 97871, 0, 76.41
2026/09/26 00:12:20.682, 0, 0, 97871, 0, 73.50
2026/09/26 00:12:20.682, 1, 0, 97871, 0, 75.88
2026/09/26 00:12:20.682, 2, 0, 97871, 0, 75.19
2026/09/26 00:12:20.682, 3, 0, 97871, 0, 76.39
2026/09/26 00:12:20.882, 0, 0, 97871, 0, 73.50
2026/09/26 00:12:20.882, 1, 0, 97871, 0, 75.93
2026/09/26 00:12:20.882, 2, 0, 97871, 0, 75.22
2026/09/26 00:12:20.882, 3, 0, 97871, 0, 76.39
2026/09/26 00:12:21.082, 0, 0, 97871, 0, 73.51
2026/09/26 00:12:21.082, 1, 0, 97871, 0, 75.97
2026/09/26 00:12:21.082, 2, 0, 97871, 0, 75.21
2026/09/26 00:12:21.082, 3, 0, 97871, 0, 76.39
2026/09/26 00:12:21.282, 0, 0, 97871, 0, 73.50
2026/09/26 00:12:21.282, 1, 0, 97871, 0, 76.04
2026/09/26 00:12:21.282, 2, 0, 97871, 0, 75.21
2026/09/26 00:12:21.282, 3, 0, 97871, 0, 76.38
2026/09/26 00:12:21.482, 0, 0, 97871, 0, 73.47
2026/09/26 00:12:21.482, 1, 0, 97871, 0, 76.04
2026/09/26 00:12:21.482, 2, 0, 97871, 0, 75.19
2026/09/26 00:12:21.482, 3, 0, 97871, 0, 76.36
2026/09/26 00:12:21.682, 0, 0, 97871, 0, 73.48
2026/09/26 00:12:21.682, 1, 0, 97871, 0, 76.03
2026/09/26 00:12:21.682, 2, 0, 97871, 0, 75.21
2026/09/26 00:12:21.682, 3, 0, 97871, 0, 76.36
2026/09/26 00:12:21.883, 0, 0, 97871, 0, 73.47
2026/09/26 00:12:21.883, 1, 0, 97871, 0, 76.02
2026/09/26 00:12:21.883, 2, 0, 97871, 0, 75.22
2026/09/26 00:12:21.883, 3, 0, 97871, 0, 76.32
2026/09/26 00:12:22.083, 0, 0, 97871, 0, 73.48
2026/09/26 00:12:22.083, 1, 0, 97871, 0, 76.01
2026/09/26 00:12:22.083, 2, 0, 97871, 0, 75.18
2026/09/26 00:12:22.083, 3, 0, 97871, 0, 76.31
2026/09/26 00:12:22.283, 0, 0, 97871, 0, 73.49
2026/09/26 00:12:22.283, 1, 0, 97871, 0, 76.02
2026/09/26 00:12:22.283, 2, 0, 97871, 0, 75.18
2026/09/26 00:12:22.283, 3, 0, 97871, 0, 76.32
2026/09/26 00:12:22.483, 0, 0, 97871, 0, 73.47
2026/09/26 00:12:22.483, 1, 0, 97871, 0, 76.01
2026/09/26 00:12:22.483, 2, 0, 97871, 0, 75.17
2026/09/26 00:12:22.483, 3, 0, 97871, 0, 76.33
2026/09/26 00:12:22.683, 0, 0, 97871, 0, 73.47
2026/09/26 00:12:22.683, 1, 0, 97871, 0, 76.02
2026/09/26 00:12:22.683, 2, 0, 97871, 0, 75.14
2026/09/26 00:12:22.683, 3, 0, 97871, 0, 76.32
2026/09/26 00:12:22.883, 0, 0, 97871, 0, 73.45
2026/09/26 00:12:22.883, 1, 0, 97871, 0, 76.00
2026/09/26 00:12:22.883, 2, 0, 97871, 0, 75.09
2026/09/26 00:12:22.883, 3, 0, 97871, 0, 76.32
2026/09/26 00:12:23.084, 0, 0, 97871, 0, 73.45
2026/09/26 00:12:23.084, 1, 0, 97871, 0, 76.01
2026/09/26 00:12:23.084, 2, 0, 97871, 0, 75.11
2026/09/26 00:12:23.084, 3, 0, 97871, 0, 76.31
2026/09/26 00:12:23.284, 0, 0, 97871, 0, 73.44
2026/09/26 00:12:23.284, 1, 0, 97871, 0, 75.97
2026/09/26 00:12:23.284, 2, 0, 97871, 0, 75.10
2026/09/26 00:12:23.284, 3, 0, 97871, 0, 76.29
2026/09/26 00:12:23.484, 0, 0, 97871, 0, 73.44
2026/09/26 00:12:23.484, 1, 0, 97871, 0, 75.98
2026/09/26 00:12:23.484, 2, 0, 97871, 0, 75.08
2026/09/26 00:12:23.484, 3, 0, 97871, 0, 76.28
2026/09/26 00:12:23.684, 0, 0, 97871, 0, 73.45
2026/09/26 00:12:23.684, 1, 0, 97871, 0, 75.94
2026/09/26 00:12:23.684, 2, 0, 97871, 0, 75.05
2026/09/26 00:12:23.684, 3, 0, 97871, 0, 76.29
2026/09/26 00:12:23.884, 0, 0, 97871, 0, 73.44
2026/09/26 00:12:23.884, 1, 0, 97871, 0, 75.92
2026/09/26 00:12:23.884, 2, 0, 97871, 0, 75.08
2026/09/26 00:12:23.884, 3, 0, 97871, 0, 76.26
2026/09/26 00:12:24.085, 0, 0, 97871, 0, 73.44
2026/09/26 00:12:24.085, 1, 0, 97871, 0, 75.90
2026/09/26 00:12:24.085, 2, 0, 97871, 0, 75.10
2026/09/26 00:12:24.085, 3, 0, 97871, 0, 76.27
2026/09/26 00:12:24.285, 0, 0, 97871, 0, 73.43
2026/09/26 00:12:24.285, 1, 0, 97871, 0, 75.89
2026/09/26 00:12:24.285, 2, 0, 97871, 0, 75.06
2026/09/26 00:12:24.285, 3, 0, 97871, 0, 76.24
2026/09/26 00:12:24.485, 0, 0, 97871, 0, 73.45
2026/09/26 00:12:24.485, 1, 0, 97871, 0, 75.88
2026/09/26 00:12:24.485, 2, 0, 97871, 0, 75.06
2026/09/26 00:12:24.485, 3, 0, 97871, 0, 76.22
2026/09/26 00:12:24.685, 0, 0, 97871, 0, 73.45
2026/09/26 00:12:24.685, 1, 0, 97871, 0, 75.87
2026/09/26 00:12:24.685, 2, 0, 97871, 0, 75.08
2026/09/26 00:12:24.685, 3, 0, 97871, 0, 76.18
2026/09/26 00:12:24.885, 0, 0, 97871, 0, 73.43
2026/09/26 00:12:24.885, 1, 0, 97871, 0, 75.87
2026/09/26 00:12:24.885, 2, 0, 97871, 0, 75.09
2026/09/26 00:12:24.885, 3, 0, 97871, 0, 76.16
2026/09/26 00:12:25.085, 0, 0, 97871, 0, 73.42
2026/09/26 00:12:25.085, 1, 0, 97871, 0, 75.85
2026/09/26 00:12:25.085, 2, 0, 97871, 0, 75.04
2026/09/26 00:12:25.086, 3, 0, 97871, 0, 76.14
2026/09/26 00:12:25.286, 0, 0, 97871, 0, 73.39
2026/09/26 00:12:25.286, 1, 0, 97871, 0, 75.83
2026/09/26 00:12:25.286, 2, 0, 97871, 0, 75.08
2026/09/26 00:12:25.286, 3, 0, 97871, 0, 76.13
2026/09/26 00:12:25.486, 0, 0, 97871, 0, 73.39
2026/09/26 00:12:25.486, 1, 0, 97871, 0, 75.83
2026/09/26 00:12:25.486, 2, 0, 97871, 0, 75.10
2026/09/26 00:12:25.486, 3, 0, 97871, 0, 76.14
2026/09/26 00:12:25.686, 0, 0, 97871, 0, 73.40
2026/09/26 00:12:25.686, 1, 0, 97871, 0, 75.82
2026/09/26 00:12:25.686, 2, 0, 97871, 0, 75.07
2026/09/26 00:12:25.686, 3, 0, 97871, 0, 76.11
2026/09/26 00:12:25.886, 0, 0, 97871, 0, 73.47
2026/09/26 00:12:25.886, 1, 0, 97871, 0, 75.79
2026/09/26 00:12:25.886, 2, 0, 97871, 0, 75.05
2026/09/26 00:12:25.886, 3, 0, 97871, 0, 76.12
2026/09/26 00:12:26.086, 0, 0, 97871, 0, 73.52
2026/09/26 00:12:26.087, 1, 0, 97871, 0, 75.78
2026/09/26 00:12:26.087, 2, 0, 97871, 0, 75.08
2026/09/26 00:12:26.087, 3, 0, 97871, 0, 76.11
2026/09/26 00:12:26.287, 0, 0, 97871, 0, 73.56
2026/09/26 00:12:26.287, 1, 0, 97871, 0, 75.77
2026/09/26 00:12:26.287, 2, 0, 97871, 0, 75.08
2026/09/26 00:12:26.287, 3, 0, 97871, 0, 76.11
2026/09/26 00:12:26.487, 0, 0, 97871, 0, 73.63
2026/09/26 00:12:26.487, 1, 0, 97871, 0, 75.78
2026/09/26 00:12:26.487, 2, 0, 97871, 0, 75.04
2026/09/26 00:12:26.487, 3, 0, 97871, 0, 76.09
2026/09/26 00:12:26.687, 0, 0, 97871, 0, 73.62
2026/09/26 00:12:26.688, 1, 0, 97871, 0, 75.74
2026/09/26 00:12:26.688, 2, 0, 97871, 0, 75.04
2026/09/26 00:12:26.688, 3, 0, 97871, 0, 76.10
2026/09/26 00:12:26.888, 0, 0, 97871, 0, 73.62
2026/09/26 00:12:26.888, 1, 0, 97871, 0, 75.76
2026/09/26 00:12:26.888, 2, 0, 97871, 0, 75.05
2026/09/26 00:12:26.888, 3, 0, 97871, 0, 76.11
2026/09/26 00:12:27.088, 0, 0, 97871, 0, 73.64
2026/09/26 00:12:27.088, 1, 0, 97871, 0, 75.75
2026/09/26 00:12:27.088, 2, 0, 97871, 0, 75.04
2026/09/26 00:12:27.088, 3, 0, 97871, 0, 76.11
2026/09/26 00:12:27.288, 0, 0, 97871, 0, 73.64
2026/09/26 00:12:27.288, 1, 0, 97871, 0, 75.76
2026/09/26 00:12:27.288, 2, 0, 97871, 0, 75.00
2026/09/26 00:12:27.288, 3, 0, 97871, 0, 76.11
2026/09/26 00:12:27.489, 0, 0, 97871, 0, 73.64
2026/09/26 00:12:27.489, 1, 0, 97871, 0, 75.75
2026/09/26 00:12:27.489, 2, 0, 97871, 0, 75.02
2026/09/26 00:12:27.489, 3, 0, 97871, 0, 76.12
2026/09/26 00:12:27.689, 0, 0, 97871, 0, 73.63
2026/09/26 00:12:27.689, 1, 0, 97871, 0, 75.76
2026/09/26 00:12:27.689, 2, 0, 97871, 0, 75.03
2026/09/26 00:12:27.689, 3, 0, 97871, 0, 76.12
2026/09/26 00:12:27.889, 0, 0, 97871, 0, 73.64
2026/09/26 00:12:27.889, 1, 0, 97871, 0, 75.75
2026/09/26 00:12:27.889, 2, 0, 97871, 0, 75.02
2026/09/26 00:12:27.889, 3, 0, 97871, 0, 76.10
2026/09/26 00:12:28.089, 0, 0, 97871, 0, 73.63
2026/09/26 00:12:28.089, 1, 0, 97871, 0, 75.77
2026/09/26 00:12:28.089, 2, 0, 97871, 0, 74.99
2026/09/26 00:12:28.089, 3, 0, 97871, 0, 76.09
2026/09/26 00:12:28.289, 0, 0, 97871, 0, 73.63
2026/09/26 00:12:28.289, 1, 0, 97871, 0, 75.76
2026/09/26 00:12:28.289, 2, 0, 97871, 0, 75.03
2026/09/26 00:12:28.289, 3, 0, 97871, 0, 76.06
2026/09/26 00:12:28.489, 0, 0, 97871, 0, 73.63
2026/09/26 00:12:28.489, 1, 0, 97871, 0, 75.74
2026/09/26 00:12:28.489, 2, 0, 97871, 0, 75.03
2026/09/26 00:12:28.489, 3, 0, 97871, 0, 76.05
2026/09/26 00:12:28.689, 0, 0, 97871, 0, 73.62
2026/09/26 00:12:28.689, 1, 0, 97871, 0, 75.72
2026/09/26 00:12:28.690, 2, 0, 97871, 0, 74.97
2026/09/26 00:12:28.690, 3, 0, 97871, 0, 76.03
2026/09/26 00:12:28.890, 0, 0, 97871, 0, 73.63
2026/09/26 00:12:28.890, 1, 0, 97871, 0, 75.71
2026/09/26 00:12:28.890, 2, 0, 97871, 0, 74.94
2026/09/26 00:12:28.890, 3, 0, 97871, 0, 76.03
2026/09/26 00:12:29.090, 0, 0, 97871, 0, 73.61
2026/09/26 00:12:29.090, 1, 0, 97871, 0, 75.68
2026/09/26 00:12:29.090, 2, 0, 97871, 0, 74.97
2026/09/26 00:12:29.090, 3, 0, 97871, 0, 76.02
2026/09/26 00:12:29.290, 0, 0, 97871, 0, 73.60
2026/09/26 00:12:29.290, 1, 0, 97871, 0, 75.66
2026/09/26 00:12:29.290, 2, 0, 97871, 0, 74.95
2026/09/26 00:12:29.290, 3, 0, 97871, 0, 76.02
2026/09/26 00:12:29.490, 0, 0, 97871, 0, 73.60
2026/09/26 00:12:29.490, 1, 0, 97871, 0, 75.65
2026/09/26 00:12:29.490, 2, 0, 97871, 0, 74.90
2026/09/26 00:12:29.490, 3, 0, 97871, 0, 75.98
2026/09/26 00:12:29.690, 0, 0, 97871, 0, 73.60
2026/09/26 00:12:29.690, 1, 0, 97871, 0, 75.66
2026/09/26 00:12:29.690, 2, 0, 97871, 0, 74.92
2026/09/26 00:12:29.690, 3, 0, 97871, 0, 75.97
2026/09/26 00:12:29.891, 0, 0, 97871, 0, 73.62
2026/09/26 00:12:29.891, 1, 0, 97871, 0, 75.64
2026/09/26 00:12:29.891, 2, 0, 97871, 0, 74.93
2026/09/26 00:12:29.891, 3, 0, 97871, 0, 75.95
2026/09/26 00:12:30.091, 0, 0, 97871, 0, 73.58
2026/09/26 00:12:30.091, 1, 0, 97871, 0, 75.62
2026/09/26 00:12:30.091, 2, 0, 97871, 0, 74.92
2026/09/26 00:12:30.091, 3, 0, 97871, 0, 75.96
2026/09/26 00:12:30.291, 0, 0, 97871, 0, 73.59
2026/09/26 00:12:30.291, 1, 0, 97871, 0, 75.62
2026/09/26 00:12:30.291, 2, 0, 97871, 0, 74.88
2026/09/26 00:12:30.291, 3, 0, 97871, 0, 75.93
2026/09/26 00:12:30.491, 0, 0, 97871, 0, 73.56
2026/09/26 00:12:30.491, 1, 0, 97871, 0, 75.61
2026/09/26 00:12:30.491, 2, 0, 97871, 0, 74.90
2026/09/26 00:12:30.491, 3, 0, 97871, 0, 75.93
2026/09/26 00:12:30.691, 0, 0, 97871, 0, 73.56
2026/09/26 00:12:30.691, 1, 0, 97871, 0, 75.58
2026/09/26 00:12:30.691, 2, 0, 97871, 0, 74.92
2026/09/26 00:12:30.691, 3, 0, 97871, 0, 75.94
2026/09/26 00:12:30.891, 0, 0, 97871, 0, 73.54
2026/09/26 00:12:30.891, 1, 0, 97871, 0, 75.58
2026/09/26 00:12:30.891, 2, 0, 97871, 0, 74.91
2026/09/26 00:12:30.891, 3, 0, 97871, 0, 75.92
2026/09/26 00:12:31.091, 0, 0, 97871, 0, 73.54
2026/09/26 00:12:31.091, 1, 0, 97871, 0, 75.58
2026/09/26 00:12:31.092, 2, 0, 97871, 0, 74.88
2026/09/26 00:12:31.092, 3, 0, 97871, 0, 75.91
2026/09/26 00:12:31.292, 0, 0, 97871, 0, 73.53
2026/09/26 00:12:31.292, 1, 0, 97871, 0, 75.57
2026/09/26 00:12:31.292, 2, 0, 97871, 0, 74.91
2026/09/26 00:12:31.292, 3, 0, 97871, 0, 75.91
2026/09/26 00:12:31.492, 0, 0, 97871, 0, 73.53
2026/09/26 00:12:31.492, 1, 0, 97871, 0, 75.58
2026/09/26 00:12:31.492, 2, 0, 97871, 0, 74.93
2026/09/26 00:12:31.492, 3, 0, 97871, 0, 75.91
2026/09/26 00:12:31.692, 0, 0, 97871, 0, 73.52
2026/09/26 00:12:31.692, 1, 0, 97871, 0, 75.58
2026/09/26 00:12:31.692, 2, 0, 97871, 0, 74.88
2026/09/26 00:12:31.692, 3, 0, 97871, 0, 75.88
2026/09/26 00:12:31.892, 0, 0, 97871, 0, 73.50
2026/09/26 00:12:31.892, 1, 0, 97871, 0, 75.57
2026/09/26 00:12:31.892, 2, 0, 97871, 0, 74.88
2026/09/26 00:12:31.892, 3, 0, 97871, 0, 75.87
2026/09/26 00:12:32.092, 0, 0, 97871, 0, 73.49
2026/09/26 00:12:32.092, 1, 0, 97871, 0, 75.57
2026/09/26 00:12:32.092, 2, 0, 97871, 0, 74.89
2026/09/26 00:12:32.092, 3, 0, 97871, 0, 75.86
2026/09/26 00:12:32.292, 0, 0, 97871, 0, 73.51
2026/09/26 00:12:32.292, 1, 0, 97871, 0, 75.56
2026/09/26 00:12:32.292, 2, 0, 97871, 0, 74.91
2026/09/26 00:12:32.292, 3, 0, 97871, 0, 75.84
2026/09/26 00:12:32.493, 0, 0, 97871, 0, 73.48
2026/09/26 00:12:32.493, 1, 0, 97871, 0, 75.54
2026/09/26 00:12:32.493, 2, 0, 97871, 0, 74.86
2026/09/26 00:12:32.493, 3, 0, 97871, 0, 75.83
2026/09/26 00:12:32.693, 0, 0, 97871, 0, 73.51
2026/09/26 00:12:32.693, 1, 0, 97871, 0, 75.53
2026/09/26 00:12:32.693, 2, 0, 97871, 0, 74.90
2026/09/26 00:12:32.693, 3, 0, 97871, 0, 75.82
2026/09/26 00:12:32.893, 0, 0, 97871, 0, 73.47
2026/09/26 00:12:32.893, 1, 0, 97871, 0, 75.53
2026/09/26 00:12:32.893, 2, 0, 97871, 0, 74.90
2026/09/26 00:12:32.893, 3, 0, 97871, 0, 75.83
2026/09/26 00:12:33.093, 0, 0, 97871, 0, 73.50
2026/09/26 00:12:33.093, 1, 0, 97871, 0, 75.50
2026/09/26 00:12:33.093, 2, 0, 97871, 0, 74.90
2026/09/26 00:12:33.093, 3, 0, 97871, 0, 75.82
2026/09/26 00:12:33.293, 0, 0, 97871, 0, 73.48
2026/09/26 00:12:33.293, 1, 0, 97871, 0, 75.49
2026/09/26 00:12:33.293, 2, 0, 97871, 0, 74.86
2026/09/26 00:12:33.293, 3, 0, 97871, 0, 75.82
2026/09/26 00:12:33.493, 0, 0, 97871, 0, 73.51
2026/09/26 00:12:33.493, 1, 0, 97871, 0, 75.49
2026/09/26 00:12:33.493, 2, 0, 97871, 0, 74.89
2026/09/26 00:12:33.493, 3, 0, 97871, 0, 75.79
2026/09/26 00:12:33.693, 0, 0, 97871, 0, 73.51
2026/09/26 00:12:33.693, 1, 0, 97871, 0, 75.48
2026/09/26 00:12:33.694, 2, 0, 97871, 0, 74.90
2026/09/26 00:12:33.694, 3, 0, 97871, 0, 75.81
2026/09/26 00:12:33.894, 0, 0, 97871, 0, 73.51
2026/09/26 00:12:33.894, 1, 0, 97871, 0, 75.48
2026/09/26 00:12:33.894, 2, 0, 97871, 0, 74.91
2026/09/26 00:12:33.894, 3, 0, 97871, 0, 75.78
2026/09/26 00:12:34.094, 0, 0, 97871, 0, 73.52
2026/09/26 00:12:34.094, 1, 0, 97871, 0, 75.48
2026/09/26 00:12:34.094, 2, 0, 97871, 0, 74.87
2026/09/26 00:12:34.094, 3, 0, 97871, 0, 75.80
2026/09/26 00:12:34.294, 0, 0, 97871, 0, 73.51
2026/09/26 00:12:34.294, 1, 0, 97871, 0, 75.49
2026/09/26 00:12:34.294, 2, 0, 97871, 0, 74.87
2026/09/26 00:12:34.294, 3, 0, 97871, 0, 75.78
2026/09/26 00:12:34.494, 0, 0, 97871, 0, 73.51
2026/09/26 00:12:34.494, 1, 0, 97871, 0, 75.46
2026/09/26 00:12:34.494, 2, 0, 97871, 0, 74.84
2026/09/26 00:12:34.494, 3, 0, 97871, 0, 75.78
2026/09/26 00:12:34.694, 0, 0, 97871, 0, 73.51
2026/09/26 00:12:34.694, 1, 0, 97871, 0, 75.46
2026/09/26 00:12:34.694, 2, 0, 97871, 0, 74.81
2026/09/26 00:12:34.694, 3, 0, 97871, 0, 75.77
2026/09/26 00:12:34.894, 0, 1, 97871, 0, 73.52
2026/09/26 00:12:34.896, 1, 1, 97871, 0, 75.48
2026/09/26 00:12:34.900, 2, 1, 97871, 0, 74.78
2026/09/26 00:12:34.901, 3, 0, 97871, 0, 75.77
2026/09/26 00:12:35.101, 0, 1, 97871, 0, 73.52
2026/09/26 00:12:35.108, 1, 1, 97871, 0, 75.50
2026/09/26 00:12:35.112, 2, 1, 97871, 0, 74.77
2026/09/26 00:12:35.219, 3, 1, 97871, 0, 75.78
2026/09/26 00:12:35.420, 0, 4, 97871, 0, 73.53
2026/09/26 00:12:35.422, 1, 1, 97871, 0, 75.50
2026/09/26 00:12:35.424, 2, 1, 97871, 0, 74.79
2026/09/26 00:12:35.424, 3, 1, 97871, 0, 75.77
2026/09/26 00:12:35.624, 0, 4, 97871, 0, 73.54
2026/09/26 00:12:35.624, 1, 4, 97871, 0, 75.53
2026/09/26 00:12:35.624, 2, 1, 97871, 0, 74.78
2026/09/26 00:12:35.624, 3, 1, 97871, 0, 75.75
2026/09/26 00:12:35.824, 0, 4, 97871, 0, 73.54
2026/09/26 00:12:35.853, 1, 4, 97871, 0, 75.50
2026/09/26 00:12:35.853, 2, 4, 97871, 0, 74.84
2026/09/26 00:12:35.853, 3, 1, 97871, 0, 75.73
2026/09/26 00:12:36.053, 0, 4, 97871, 0, 73.52
2026/09/26 00:12:36.053, 1, 4, 97871, 0, 75.45
2026/09/26 00:12:36.054, 2, 4, 97871, 0, 74.81
2026/09/26 00:12:36.055, 3, 4, 97871, 0, 75.75
2026/09/26 00:12:36.255, 0, 4, 97871, 0, 73.51
2026/09/26 00:12:36.255, 1, 4, 97871, 0, 75.45
2026/09/26 00:12:36.255, 2, 4, 97871, 0, 74.86
2026/09/26 00:12:36.255, 3, 4, 97871, 0, 75.75
2026/09/26 00:12:36.455, 0, 4, 97871, 0, 73.46
2026/09/26 00:12:36.455, 1, 4, 97871, 0, 75.41
2026/09/26 00:12:36.455, 2, 4, 97871, 0, 74.87
2026/09/26 00:12:36.455, 3, 4, 97871, 0, 75.77
2026/09/26 00:12:36.655, 0, 4, 97871, 0, 73.47
2026/09/26 00:12:36.664, 1, 4, 97871, 0, 75.39
2026/09/26 00:12:36.665, 2, 4, 97871, 0, 74.87
2026/09/26 00:12:36.665, 3, 20, 97871, 0, 75.78
2026/09/26 00:12:36.867, 0, 21, 97871, 0, 78.39
2026/09/26 00:12:36.871, 1, 21, 97871, 0, 81.90
2026/09/26 00:12:36.881, 2, 21, 97871, 0, 80.61
2026/09/26 00:12:36.887, 3, 21, 97871, 0, 84.99
2026/09/26 00:12:37.091, 0, 385, 97871, 0, 91.89
2026/09/26 00:12:37.091, 1, 385, 97871, 0, 92.68
2026/09/26 00:12:37.091, 2, 385, 97871, 0, 89.76
2026/09/26 00:12:37.091, 3, 385, 97871, 0, 94.17
2026/09/26 00:12:37.291, 0, 385, 97871, 1, 99.95
2026/09/26 00:12:37.291, 1, 385, 97871, 2, 102.50
2026/09/26 00:12:37.291, 2, 385, 97871, 2, 97.96
2026/09/26 00:12:37.291, 3, 385, 97871, 2, 103.18
2026/09/26 00:12:37.491, 0, 385, 97871, 0, 109.04
2026/09/26 00:12:37.491, 1, 385, 97871, 0, 111.28
2026/09/26 00:12:37.491, 2, 385, 97871, 0, 106.41
2026/09/26 00:12:37.491, 3, 385, 97871, 0, 112.19
2026/09/26 00:12:37.691, 0, 399, 97871, 0, 116.80
2026/09/26 00:12:37.691, 1, 391, 97871, 0, 120.58
2026/09/26 00:12:37.691, 2, 391, 97871, 0, 115.66
2026/09/26 00:12:37.691, 3, 391, 97871, 0, 121.22
2026/09/26 00:12:37.891, 0, 511, 97871, 0, 116.70
2026/09/26 00:12:37.891, 1, 515, 97871, 0, 123.31
2026/09/26 00:12:37.892, 2, 509, 97871, 1, 118.59
2026/09/26 00:12:37.892, 3, 515, 97871, 0, 122.20
2026/09/26 00:12:38.092, 0, 727, 97871, 0, 116.35
2026/09/26 00:12:38.107, 1, 727, 97871, 4, 122.81
2026/09/26 00:12:38.107, 2, 729, 97871, 0, 118.12
2026/09/26 00:12:38.122, 3, 727, 97871, 0, 121.76
2026/09/26 00:12:38.322, 0, 1019, 97871, 0, 116.39
2026/09/26 00:12:38.322, 1, 1019, 97871, 0, 122.82
2026/09/26 00:12:38.322, 2, 1019, 97871, 0, 118.20
2026/09/26 00:12:38.322, 3, 1019, 97871, 0, 121.79
2026/09/26 00:12:38.522, 0, 1163, 97871, 0, 116.56
2026/09/26 00:12:38.522, 1, 1163, 97871, 0, 123.14
2026/09/26 00:12:38.522, 2, 1163, 97871, 0, 118.35
2026/09/26 00:12:38.522, 3, 1163, 97871, 0, 121.80
2026/09/26 00:12:38.722, 0, 1201, 97871, 0, 116.61
2026/09/26 00:12:38.722, 1, 1201, 97871, 1, 123.14
2026/09/26 00:12:38.722, 2, 1201, 97871, 1, 118.61
2026/09/26 00:12:38.722, 3, 1201, 97871, 0, 122.20
2026/09/26 00:12:38.923, 0, 1687, 97871, 1, 116.61
2026/09/26 00:12:38.923, 1, 1687, 97871, 0, 123.14
2026/09/26 00:12:38.923, 2, 1693, 97871, 0, 118.59
2026/09/26 00:12:38.923, 3, 1691, 97871, 0, 122.32
2026/09/26 00:12:39.123, 0, 1735, 97871, 1, 116.63
2026/09/26 00:12:39.123, 1, 1735, 97871, 1, 123.17
2026/09/26 00:12:39.123, 2, 1735, 97871, 0, 118.58
2026/09/26 00:12:39.123, 3, 1735, 97871, 1, 122.39
2026/09/26 00:12:39.324, 0, 1735, 97871, 0, 116.85
2026/09/26 00:12:39.324, 1, 1735, 97871, 0, 123.39
2026/09/26 00:12:39.324, 2, 1735, 97871, 0, 118.66
2026/09/26 00:12:39.324, 3, 1735, 97871, 0, 122.70
2026/09/26 00:12:39.524, 0, 1805, 97871, 0, 116.73
2026/09/26 00:12:39.524, 1, 1805, 97871, 0, 123.07
2026/09/26 00:12:39.524, 2, 1805, 97871, 0, 118.62
2026/09/26 00:12:39.524, 3, 1805, 97871, 0, 122.37
2026/09/26 00:12:39.724, 0, 1805, 97871, 0, 116.67
2026/09/26 00:12:39.724, 1, 1805, 97871, 0, 123.10
2026/09/26 00:12:39.724, 2, 1805, 97871, 0, 118.41
2026/09/26 00:12:39.724, 3, 1805, 97871, 0, 122.30
2026/09/26 00:12:39.924, 0, 1807, 97871, 0, 116.65
2026/09/26 00:12:39.924, 1, 1807, 97871, 0, 123.11
2026/09/26 00:12:39.924, 2, 1807, 97871, 0, 118.42
2026/09/26 00:12:39.924, 3, 1807, 97871, 0, 122.20
2026/09/26 00:12:40.124, 0, 2831, 97871, 0, 116.68
2026/09/26 00:12:40.124, 1, 2831, 97871, 3, 123.08
2026/09/26 00:12:40.124, 2, 2831, 97871, 3, 118.35
2026/09/26 00:12:40.124, 3, 2831, 97871, 0, 122.12
2026/09/26 00:12:40.325, 0, 3957, 97871, 0, 116.48
2026/09/26 00:12:40.325, 1, 3957, 97871, 0, 122.91
2026/09/26 00:12:40.325, 2, 3957, 97871, 0, 118.29
2026/09/26 00:12:40.325, 3, 3957, 97871, 0, 121.82
2026/09/26 00:12:40.525, 0, 5119, 97871, 0, 116.50
2026/09/26 00:12:40.525, 1, 5455, 97871, 0, 122.93
2026/09/26 00:12:40.525, 2, 5491, 97871, 1, 118.11
2026/09/26 00:12:40.525, 3, 5779, 97871, 0, 121.82
2026/09/26 00:12:40.725, 0, 8111, 97871, 3, 116.52
2026/09/26 00:12:40.725, 1, 9359, 97871, 0, 122.92
2026/09/26 00:12:40.725, 2, 10295, 97871, 1, 118.09
2026/09/26 00:12:40.725, 3, 11543, 97871, 3, 121.82
2026/09/26 00:12:40.925, 0, 8111, 97871, 2, 116.53
2026/09/26 00:12:40.925, 1, 9359, 97871, 4, 122.97
2026/09/26 00:12:40.925, 2, 10295, 97871, 4, 118.15
2026/09/26 00:12:40.925, 3, 11543, 97871, 1, 121.81
2026/09/26 00:12:41.125, 0, 8111, 97871, 3, 116.54
2026/09/26 00:12:41.125, 1, 9359, 97871, 6, 123.04
2026/09/26 00:12:41.125, 2, 10295, 97871, 3, 118.18
2026/09/26 00:12:41.125, 3, 11543, 97871, 0, 121.84
2026/09/26 00:12:41.325, 0, 8111, 97871, 3, 116.50
2026/09/26 00:12:41.326, 1, 9359, 97871, 3, 122.99
2026/09/26 00:12:41.326, 2, 10295, 97871, 4, 118.19
2026/09/26 00:12:41.326, 3, 11543, 97871, 3, 121.84
2026/09/26 00:12:41.526, 0, 8111, 97871, 3, 116.50
2026/09/26 00:12:41.526, 1, 9359, 97871, 1, 122.96
2026/09/26 00:12:41.526, 2, 10295, 97871, 2, 118.19
2026/09/26 00:12:41.526, 3, 11543, 97871, 6, 121.90
2026/09/26 00:12:41.726, 0, 8111, 97871, 3, 116.51
2026/09/26 00:12:41.726, 1, 9359, 97871, 2, 122.99
2026/09/26 00:12:41.726, 2, 10295, 97871, 5, 118.26
2026/09/26 00:12:41.726, 3, 11543, 97871, 3, 121.91
2026/09/26 00:12:41.926, 0, 8111, 97871, 3, 116.50
2026/09/26 00:12:41.927, 1, 9359, 97871, 5, 122.99
2026/09/26 00:12:41.927, 2, 10295, 97871, 6, 118.28
2026/09/26 00:12:41.927, 3, 11543, 97871, 6, 121.92
2026/09/26 00:12:42.127, 0, 8111, 97871, 3, 116.49
2026/09/26 00:12:42.127, 1, 9359, 97871, 6, 122.94
2026/09/26 00:12:42.127, 2, 10295, 97871, 4, 118.30
2026/09/26 00:12:42.127, 3, 11543, 97871, 5, 121.90
2026/09/26 00:12:42.327, 0, 8111, 97871, 2, 116.49
2026/09/26 00:12:42.327, 1, 9359, 97871, 4, 123.03
2026/09/26 00:12:42.327, 2, 10295, 97871, 5, 118.31
2026/09/26 00:12:42.327, 3, 11543, 97871, 3, 121.89
2026/09/26 00:12:42.528, 0, 8111, 97871, 1, 116.49
2026/09/26 00:12:42.528, 1, 9359, 97871, 8, 123.07
2026/09/26 00:12:42.528, 2, 10295, 97871, 9, 118.39
2026/09/26 00:12:42.528, 3, 11543, 97871, 2, 121.86
2026/09/26 00:12:42.728, 0, 8111, 97871, 2, 116.43
2026/09/26 00:12:42.728, 1, 9359, 97871, 2, 123.01
2026/09/26 00:12:42.728, 2, 10295, 97871, 2, 118.37
2026/09/26 00:12:42.728, 3, 11543, 97871, 4, 121.86
2026/09/26 00:12:42.928, 0, 8111, 97871, 12, 116.58
2026/09/26 00:12:42.928, 1, 9359, 97871, 1, 122.94
2026/09/26 00:12:42.928, 2, 10295, 97871, 5, 118.37
2026/09/26 00:12:42.929, 3, 11543, 97871, 3, 121.87
2026/09/26 00:12:43.129, 0, 8111, 97871, 4, 116.60
2026/09/26 00:12:43.129, 1, 9359, 97871, 1, 122.93
2026/09/26 00:12:43.129, 2, 10295, 97871, 2, 118.31
2026/09/26 00:12:43.129, 3, 11543, 97871, 7, 121.97
2026/09/26 00:12:43.329, 0, 8111, 97871, 1, 116.61
2026/09/26 00:12:43.329, 1, 9359, 97871, 4, 122.86
2026/09/26 00:12:43.329, 2, 10295, 97871, 4, 118.34
2026/09/26 00:12:43.329, 3, 11543, 97871, 11, 122.05
2026/09/26 00:12:43.529, 0, 8111, 97871, 4, 116.64
2026/09/26 00:12:43.530, 1, 9359, 97871, 5, 122.81
2026/09/26 00:12:43.530, 2, 10295, 97871, 4, 118.28
2026/09/26 00:12:43.530, 3, 11543, 97871, 2, 122.04
2026/09/26 00:12:43.730, 0, 8111, 97871, 1, 116.63
2026/09/26 00:12:43.730, 1, 9359, 97871, 0, 122.79
2026/09/26 00:12:43.730, 2, 10295, 97871, 6, 118.30
2026/09/26 00:12:43.730, 3, 11543, 97871, 2, 122.03
2026/09/26 00:12:43.930, 0, 8111, 97871, 4, 116.49
2026/09/26 00:12:43.930, 1, 9359, 97871, 3, 122.77
2026/09/26 00:12:43.930, 2, 10295, 97871, 5, 118.26
2026/09/26 00:12:43.930, 3, 11543, 97871, 5, 122.04
2026/09/26 00:12:44.131, 0, 8111, 97871, 3, 116.46
2026/09/26 00:12:44.131, 1, 9359, 97871, 5, 122.77
2026/09/26 00:12:44.131, 2, 10295, 97871, 1, 118.31
2026/09/26 00:12:44.131, 3, 11543, 97871, 2, 121.93
2026/09/26 00:12:44.331, 0, 8111, 97871, 3, 116.45
2026/09/26 00:12:44.332, 1, 9359, 97871, 1, 122.81
2026/09/26 00:12:44.333, 2, 10295, 97871, 1, 118.28
2026/09/26 00:12:44.334, 3, 11543, 97871, 5, 121.86
2026/09/26 00:12:44.535, 0, 8111, 97871, 1, 116.46
2026/09/26 00:12:44.535, 1, 9359, 97871, 6, 122.82
2026/09/26 00:12:44.536, 2, 10295, 97871, 4, 118.26
2026/09/26 00:12:44.536, 3, 11543, 97871, 5, 121.86
2026/09/26 00:12:44.736, 0, 8111, 97871, 4, 116.46
2026/09/26 00:12:44.736, 1, 9359, 97871, 6, 122.88
2026/09/26 00:12:44.736, 2, 10295, 97871, 1, 118.18
2026/09/26 00:12:44.736, 3, 11543, 97871, 6, 121.84
2026/09/26 00:12:44.936, 0, 8111, 97871, 2, 116.48
2026/09/26 00:12:44.936, 1, 9359, 97871, 4, 122.86
2026/09/26 00:12:44.936, 2, 10295, 97871, 0, 118.15
2026/09/26 00:12:44.936, 3, 11543, 97871, 2, 121.85
2026/09/26 00:12:45.136, 0, 8111, 97871, 2, 116.49
2026/09/26 00:12:45.137, 1, 9359, 97871, 0, 122.85
2026/09/26 00:12:45.137, 2, 10295, 97871, 0, 118.13
2026/09/26 00:12:45.137, 3, 11543, 97871, 3, 121.85
2026/09/26 00:12:45.337, 0, 8111, 97871, 2, 116.49
2026/09/26 00:12:45.337, 1, 9359, 97871, 0, 122.81
2026/09/26 00:12:45.337, 2, 10295, 97871, 0, 118.10
2026/09/26 00:12:45.337, 3, 11543, 97871, 6, 121.84
2026/09/26 00:12:45.537, 0, 8111, 97871, 0, 116.47
2026/09/26 00:12:45.537, 1, 9359, 97871, 0, 122.76
2026/09/26 00:12:45.537, 2, 10295, 97871, 0, 118.00
2026/09/26 00:12:45.537, 3, 11543, 97871, 6, 121.85
2026/09/26 00:12:45.737, 0, 8111, 97871, 0, 116.43
2026/09/26 00:12:45.737, 1, 9359, 97871, 0, 122.70
2026/09/26 00:12:45.737, 2, 10295, 97871, 0, 118.02
2026/09/26 00:12:45.737, 3, 11543, 97871, 3, 121.86
2026/09/26 00:12:45.937, 0, 8111, 97871, 0, 116.43
2026/09/26 00:12:45.937, 1, 9359, 97871, 0, 122.69
2026/09/26 00:12:45.937, 2, 10295, 97871, 0, 118.04
2026/09/26 00:12:45.937, 3, 11543, 97871, 0, 121.82
2026/09/26 00:12:46.137, 0, 8111, 97871, 0, 116.38
2026/09/26 00:12:46.137, 1, 9359, 97871, 0, 122.69
2026/09/26 00:12:46.137, 2, 10295, 97871, 0, 118.04
2026/09/26 00:12:46.137, 3, 11543, 97871, 0, 121.77
2026/09/26 00:12:46.338, 0, 8111, 97871, 0, 116.39
2026/09/26 00:12:46.338, 1, 9359, 97871, 0, 122.70
2026/09/26 00:12:46.338, 2, 10295, 97871, 0, 117.98
2026/09/26 00:12:46.338, 3, 11543, 97871, 0, 121.71
2026/09/26 00:12:46.538, 0, 8111, 97871, 0, 116.37
2026/09/26 00:12:46.538, 1, 9359, 97871, 0, 122.69
2026/09/26 00:12:46.538, 2, 10295, 97871, 0, 118.02
2026/09/26 00:12:46.538, 3, 11543, 97871, 0, 121.69
2026/09/26 00:12:46.738, 0, 8111, 97871, 0, 116.42
2026/09/26 00:12:46.738, 1, 9359, 97871, 0, 122.70
2026/09/26 00:12:46.738, 2, 10295, 97871, 0, 118.01
2026/09/26 00:12:46.739, 3, 11543, 97871, 0, 121.64
2026/09/26 00:12:46.939, 0, 8111, 97871, 0, 116.41
2026/09/26 00:12:46.939, 1, 9359, 97871, 0, 122.69
2026/09/26 00:12:46.939, 2, 10295, 97871, 0, 118.01
2026/09/26 00:12:46.939, 3, 11543, 97871, 0, 121.60
2026/09/26 00:12:47.139, 0, 8111, 97871, 0, 116.42
2026/09/26 00:12:47.139, 1, 9359, 97871, 0, 122.70
2026/09/26 00:12:47.139, 2, 10295, 97871, 0, 117.97
2026/09/26 00:12:47.139, 3, 11543, 97871, 0, 121.64
2026/09/26 00:12:47.339, 0, 8111, 97871, 0, 116.42
2026/09/26 00:12:47.339, 1, 9359, 97871, 0, 122.67
2026/09/26 00:12:47.339, 2, 10295, 97871, 0, 118.00
2026/09/26 00:12:47.339, 3, 11543, 97871, 0, 121.64
2026/09/26 00:12:47.539, 0, 8111, 97871, 0, 116.39
2026/09/26 00:12:47.539, 1, 9359, 97871, 0, 122.65
2026/09/26 00:12:47.539, 2, 10295, 97871, 0, 118.01
2026/09/26 00:12:47.539, 3, 11543, 97871, 0, 121.63
2026/09/26 00:12:47.740, 0, 8111, 97871, 0, 116.39
2026/09/26 00:12:47.740, 1, 9359, 97871, 0, 122.62
2026/09/26 00:12:47.740, 2, 10295, 97871, 0, 118.02
2026/09/26 00:12:47.740, 3, 11543, 97871, 0, 121.63
2026/09/26 00:12:47.940, 0, 8111, 97871, 0, 116.38
2026/09/26 00:12:47.940, 1, 9359, 97871, 0, 122.62
2026/09/26 00:12:47.940, 2, 10295, 97871, 0, 117.98
2026/09/26 00:12:47.940, 3, 11543, 97871, 0, 121.63
2026/09/26 00:12:48.140, 0, 8111, 97871, 0, 116.38
2026/09/26 00:12:48.140, 1, 9359, 97871, 0, 122.61
2026/09/26 00:12:48.140, 2, 10295, 97871, 0, 118.00
2026/09/26 00:12:48.140, 3, 11543, 97871, 0, 121.58
2026/09/26 00:12:48.340, 0, 8111, 97871, 0, 116.41
2026/09/26 00:12:48.340, 1, 9359, 97871, 0, 122.61
2026/09/26 00:12:48.340, 2, 10295, 97871, 0, 118.00
2026/09/26 00:12:48.340, 3, 11543, 97871, 0, 121.57
2026/09/26 00:12:48.540, 0, 8111, 97871, 0, 116.42
2026/09/26 00:12:48.540, 1, 9359, 97871, 0, 122.60
2026/09/26 00:12:48.540, 2, 10295, 97871, 0, 117.93
2026/09/26 00:12:48.540, 3, 11543, 97871, 0, 121.55
2026/09/26 00:12:48.740, 0, 8111, 97871, 0, 116.43
2026/09/26 00:12:48.740, 1, 9359, 97871, 0, 122.60
2026/09/26 00:12:48.740, 2, 10295, 97871, 0, 117.93
2026/09/26 00:12:48.740, 3, 11543, 97871, 0, 121.52
2026/09/26 00:12:48.941, 0, 8111, 97871, 0, 116.40
2026/09/26 00:12:48.941, 1, 9359, 97871, 0, 122.58
2026/09/26 00:12:48.941, 2, 10295, 97871, 0, 117.93
2026/09/26 00:12:48.941, 3, 11543, 97871, 0, 121.54
2026/09/26 00:12:49.141, 0, 8111, 97871, 0, 116.40
2026/09/26 00:12:49.141, 1, 9359, 97871, 0, 122.57
2026/09/26 00:12:49.141, 2, 10295, 97871, 0, 117.96
2026/09/26 00:12:49.141, 3, 11543, 97871, 0, 121.54
2026/09/26 00:12:49.341, 0, 8111, 97871, 0, 116.36
2026/09/26 00:12:49.341, 1, 9359, 97871, 0, 122.59
2026/09/26 00:12:49.341, 2, 10295, 97871, 0, 117.92
2026/09/26 00:12:49.341, 3, 11543, 97871, 0, 121.54
2026/09/26 00:12:49.541, 0, 8111, 97871, 0, 116.38
2026/09/26 00:12:49.541, 1, 9359, 97871, 0, 122.58
2026/09/26 00:12:49.541, 2, 10295, 97871, 0, 117.94
2026/09/26 00:12:49.541, 3, 11543, 97871, 0, 121.53
2026/09/26 00:12:49.741, 0, 8111, 97871, 0, 116.34
2026/09/26 00:12:49.741, 1, 9359, 97871, 0, 122.58
2026/09/26 00:12:49.741, 2, 10295, 97871, 0, 117.99
2026/09/26 00:12:49.741, 3, 11543, 97871, 0, 121.53
2026/09/26 00:12:49.941, 0, 8111, 97871, 0, 116.35
2026/09/26 00:12:49.942, 1, 9359, 97871, 0, 122.58
2026/09/26 00:12:49.942, 2, 10295, 97871, 0, 118.03
2026/09/26 00:12:49.942, 3, 11543, 97871, 0, 121.52
2026/09/26 00:12:50.142, 0, 8111, 97871, 0, 116.36
2026/09/26 00:12:50.142, 1, 9359, 97871, 0, 122.60
2026/09/26 00:12:50.142, 2, 10295, 97871, 0, 117.98
2026/09/26 00:12:50.142, 3, 11543, 97871, 0, 121.51
2026/09/26 00:12:50.342, 0, 8111, 97871, 0, 116.33
2026/09/26 00:12:50.342, 1, 9359, 97871, 0, 122.57
2026/09/26 00:12:50.342, 2, 10295, 97871, 0, 118.00
2026/09/26 00:12:50.342, 3, 11543, 97871, 0, 121.52
2026/09/26 00:12:50.542, 0, 8111, 97871, 0, 116.33
2026/09/26 00:12:50.542, 1, 9359, 97871, 0, 122.55
2026/09/26 00:12:50.542, 2, 10295, 97871, 0, 118.01
2026/09/26 00:12:50.542, 3, 11543, 97871, 0, 121.49
2026/09/26 00:12:50.742, 0, 8111, 97871, 0, 116.30
2026/09/26 00:12:50.742, 1, 9359, 97871, 0, 122.52
2026/09/26 00:12:50.742, 2, 10295, 97871, 0, 118.02
2026/09/26 00:12:50.742, 3, 11543, 97871, 0, 121.51
2026/09/26 00:12:50.942, 0, 8111, 97871, 0, 116.30
2026/09/26 00:12:50.942, 1, 9359, 97871, 0, 122.51
2026/09/26 00:12:50.942, 2, 10295, 97871, 0, 117.97
2026/09/26 00:12:50.942, 3, 11543, 97871, 0, 121.49
2026/09/26 00:12:51.142, 0, 8111, 97871, 0, 116.30
2026/09/26 00:12:51.143, 1, 9359, 97871, 0, 122.50
2026/09/26 00:12:51.143, 2, 10295, 97871, 0, 118.00
2026/09/26 00:12:51.143, 3, 11543, 97871, 0, 121.49
2026/09/26 00:12:51.343, 0, 8111, 97871, 0, 116.31
2026/09/26 00:12:51.343, 1, 9359, 97871, 0, 122.49
2026/09/26 00:12:51.343, 2, 10295, 97871, 0, 118.01
2026/09/26 00:12:51.343, 3, 11543, 97871, 0, 121.47
2026/09/26 00:12:51.543, 0, 8111, 97871, 0, 116.32
2026/09/26 00:12:51.543, 1, 9359, 97871, 0, 122.52
2026/09/26 00:12:51.543, 2, 10295, 97871, 0, 118.04
2026/09/26 00:12:51.543, 3, 11543, 97871, 0, 121.50
2026/09/26 00:12:51.743, 0, 8111, 97871, 0, 116.31
2026/09/26 00:12:51.743, 1, 9359, 97871, 0, 122.54
2026/09/26 00:12:51.743, 2, 10295, 97871, 0, 117.97
2026/09/26 00:12:51.743, 3, 11543, 97871, 0, 121.47
2026/09/26 00:12:51.943, 0, 8111, 97871, 0, 116.31
2026/09/26 00:12:51.943, 1, 9359, 97871, 0, 122.53
2026/09/26 00:12:51.943, 2, 10295, 97871, 0, 118.00
2026/09/26 00:12:51.943, 3, 11543, 97871, 0, 121.47
2026/09/26 00:12:52.143, 0, 8111, 97871, 0, 116.31
2026/09/26 00:12:52.143, 1, 9359, 97871, 0, 122.54
2026/09/26 00:12:52.143, 2, 10295, 97871, 0, 118.00
2026/09/26 00:12:52.144, 3, 11543, 97871, 0, 121.46
2026/09/26 00:12:52.344, 0, 8111, 97871, 0, 116.33
2026/09/26 00:12:52.344, 1, 9359, 97871, 0, 122.54
2026/09/26 00:12:52.344, 2, 10295, 97871, 0, 117.99
2026/09/26 00:12:52.344, 3, 11543, 97871, 0, 121.46
2026/09/26 00:12:52.544, 0, 8111, 97871, 0, 116.33
2026/09/26 00:12:52.544, 1, 9359, 97871, 0, 122.52
2026/09/26 00:12:52.544, 2, 10295, 97871, 0, 117.93
2026/09/26 00:12:52.544, 3, 11543, 97871, 0, 121.44
2026/09/26 00:12:52.744, 0, 8111, 97871, 0, 116.34
2026/09/26 00:12:52.744, 1, 9359, 97871, 0, 122.50
2026/09/26 00:12:52.744, 2, 10295, 97871, 0, 117.96
2026/09/26 00:12:52.744, 3, 11543, 97871, 0, 121.45
2026/09/26 00:12:52.944, 0, 8111, 97871, 0, 116.36
2026/09/26 00:12:52.944, 1, 9359, 97871, 0, 122.51
2026/09/26 00:12:52.944, 2, 10295, 97871, 0, 117.94
2026/09/26 00:12:52.944, 3, 11543, 97871, 0, 121.45
2026/09/26 00:12:53.144, 0, 8111, 97871, 0, 116.32
2026/09/26 00:12:53.144, 1, 9359, 97871, 0, 122.50
2026/09/26 00:12:53.144, 2, 10295, 97871, 0, 117.94
2026/09/26 00:12:53.144, 3, 11543, 97871, 0, 121.45
2026/09/26 00:12:53.345, 0, 8111, 97871, 0, 116.32
2026/09/26 00:12:53.345, 1, 9359, 97871, 0, 122.48
2026/09/26 00:12:53.345, 2, 10295, 97871, 0, 117.92
2026/09/26 00:12:53.345, 3, 11543, 97871, 0, 121.45
2026/09/26 00:12:53.545, 0, 8111, 97871, 0, 116.29
2026/09/26 00:12:53.545, 1, 9359, 97871, 0, 122.48
2026/09/26 00:12:53.545, 2, 10295, 97871, 0, 117.93
2026/09/26 00:12:53.545, 3, 11543, 97871, 0, 121.46
2026/09/26 00:12:53.745, 0, 8111, 97871, 0, 116.32
2026/09/26 00:12:53.745, 1, 9359, 97871, 0, 122.48
2026/09/26 00:12:53.745, 2, 10295, 97871, 0, 117.93
2026/09/26 00:12:53.745, 3, 11543, 97871, 0, 121.43
2026/09/26 00:12:53.945, 0, 8111, 97871, 0, 116.32
2026/09/26 00:12:53.945, 1, 9359, 97871, 0, 122.43
2026/09/26 00:12:53.945, 2, 10295, 97871, 0, 117.93
2026/09/26 00:12:53.945, 3, 11543, 97871, 0, 121.44
2026/09/26 00:12:54.145, 0, 8111, 97871, 0, 116.33
2026/09/26 00:12:54.146, 1, 9359, 97871, 0, 122.43
2026/09/26 00:12:54.146, 2, 10295, 97871, 0, 117.90
2026/09/26 00:12:54.146, 3, 11543, 97871, 0, 121.42
2026/09/26 00:12:54.346, 0, 8111, 97871, 0, 116.33
2026/09/26 00:12:54.346, 1, 9359, 97871, 0, 122.40
2026/09/26 00:12:54.346, 2, 10295, 97871, 0, 117.93
2026/09/26 00:12:54.346, 3, 11543, 97871, 0, 121.40
2026/09/26 00:12:54.546, 0, 8111, 97871, 0, 116.31
2026/09/26 00:12:54.546, 1, 9359, 97871, 0, 122.39
2026/09/26 00:12:54.546, 2, 10295, 97871, 0, 117.93
2026/09/26 00:12:54.546, 3, 11543, 97871, 0, 121.40
2026/09/26 00:12:54.746, 0, 8111, 97871, 0, 116.31
2026/09/26 00:12:54.746, 1, 9359, 97871, 0, 122.38
2026/09/26 00:12:54.746, 2, 10295, 97871, 0, 117.93
2026/09/26 00:12:54.746, 3, 11543, 97871, 0, 121.39
2026/09/26 00:12:54.946, 0, 8111, 97871, 0, 116.28
2026/09/26 00:12:54.946, 1, 9359, 97871, 0, 122.39
2026/09/26 00:12:54.946, 2, 10295, 97871, 0, 117.91
2026/09/26 00:12:54.946, 3, 11543, 97871, 0, 121.39
2026/09/26 00:12:55.146, 0, 8111, 97871, 0, 116.29
2026/09/26 00:12:55.146, 1, 9359, 97871, 0, 122.40
2026/09/26 00:12:55.146, 2, 10295, 97871, 0, 117.94
2026/09/26 00:12:55.147, 3, 11543, 97871, 0, 121.36
2026/09/26 00:12:55.347, 0, 8111, 97871, 0, 116.28
2026/09/26 00:12:55.347, 1, 9359, 97871, 0, 122.40
2026/09/26 00:12:55.347, 2, 10295, 97871, 0, 117.96
2026/09/26 00:12:55.347, 3, 11543, 97871, 0, 121.37
2026/09/26 00:12:55.547, 0, 8111, 97871, 0, 116.29
2026/09/26 00:12:55.547, 1, 9359, 97871, 0, 122.39
2026/09/26 00:12:55.547, 2, 10295, 97871, 0, 117.93
2026/09/26 00:12:55.547, 3, 11543, 97871, 0, 121.35
2026/09/26 00:12:55.747, 0, 8111, 97871, 0, 116.27
2026/09/26 00:12:55.747, 1, 9359, 97871, 0, 122.37
2026/09/26 00:12:55.747, 2, 10295, 97871, 0, 117.94
2026/09/26 00:12:55.747, 3, 11543, 97871, 0, 121.35
2026/09/26 00:12:55.947, 0, 8111, 97871, 0, 116.26
2026/09/26 00:12:55.947, 1, 9359, 97871, 0, 122.36
2026/09/26 00:12:55.947, 2, 10295, 97871, 0, 117.96
2026/09/26 00:12:55.947, 3, 11543, 97871, 0, 121.33
2026/09/26 00:12:56.147, 0, 8111, 97871, 0, 116.26
2026/09/26 00:12:56.147, 1, 9359, 97871, 0, 122.36
2026/09/26 00:12:56.147, 2, 10295, 97871, 0, 117.96
2026/09/26 00:12:56.147, 3, 11543, 97871, 0, 121.34
2026/09/26 00:12:56.347, 0, 8111, 97871, 0, 116.22
2026/09/26 00:12:56.347, 1, 9359, 97871, 0, 122.34
2026/09/26 00:12:56.347, 2, 10295, 97871, 0, 117.94
2026/09/26 00:12:56.347, 3, 11543, 97871, 0, 121.32
2026/09/26 00:12:56.548, 0, 8111, 97871, 0, 116.24
2026/09/26 00:12:56.548, 1, 9359, 97871, 0, 122.33
2026/09/26 00:12:56.548, 2, 10295, 97871, 0, 117.97
2026/09/26 00:12:56.548, 3, 11543, 97871, 0, 121.31
2026/09/26 00:12:56.748, 0, 8111, 97871, 0, 116.24
2026/09/26 00:12:56.748, 1, 9359, 97871, 0, 122.33
2026/09/26 00:12:56.748, 2, 10295, 97871, 0, 117.97
2026/09/26 00:12:56.748, 3, 11543, 97871, 0, 121.32
2026/09/26 00:12:56.948, 0, 8111, 97871, 0, 116.26
2026/09/26 00:12:56.948, 1, 9359, 97871, 0, 122.36
2026/09/26 00:12:56.948, 2, 10295, 97871, 0, 117.98
2026/09/26 00:12:56.948, 3, 11543, 97871, 0, 121.32
2026/09/26 00:12:57.148, 0, 8111, 97871, 0, 116.27
2026/09/26 00:12:57.148, 1, 9359, 97871, 0, 122.37
2026/09/26 00:12:57.148, 2, 10295, 97871, 0, 117.94
2026/09/26 00:12:57.148, 3, 11543, 97871, 0, 121.32
2026/09/26 00:12:57.348, 0, 8111, 97871, 0, 116.27
2026/09/26 00:12:57.348, 1, 9359, 97871, 0, 122.37
2026/09/26 00:12:57.348, 2, 10295, 97871, 0, 117.96
2026/09/26 00:12:57.348, 3, 11543, 97871, 0, 121.35
2026/09/26 00:12:57.548, 0, 8111, 97871, 0, 116.27
2026/09/26 00:12:57.548, 1, 9359, 97871, 0, 122.38
2026/09/26 00:12:57.548, 2, 10295, 97871, 0, 117.98
2026/09/26 00:12:57.548, 3, 11543, 97871, 0, 121.35
2026/09/26 00:12:57.749, 0, 8111, 97871, 0, 116.25
2026/09/26 00:12:57.749, 1, 9359, 97871, 0, 122.40
2026/09/26 00:12:57.749, 2, 10295, 97871, 0, 118.00
2026/09/26 00:12:57.749, 3, 11543, 97871, 0, 121.34
2026/09/26 00:12:57.949, 0, 8111, 97871, 0, 116.25
2026/09/26 00:12:57.949, 1, 9359, 97871, 0, 122.39
2026/09/26 00:12:57.949, 2, 10295, 97871, 0, 117.96
2026/09/26 00:12:57.949, 3, 11543, 97871, 0, 121.32
2026/09/26 00:12:58.149, 0, 8111, 97871, 0, 116.24
2026/09/26 00:12:58.149, 1, 9359, 97871, 0, 122.39
2026/09/26 00:12:58.149, 2, 10295, 97871, 0, 117.98
2026/09/26 00:12:58.149, 3, 11543, 97871, 0, 121.34
2026/09/26 00:12:58.349, 0, 8111, 97871, 0, 116.24
2026/09/26 00:12:58.349, 1, 9359, 97871, 0, 122.36
2026/09/26 00:12:58.349, 2, 10295, 97871, 0, 117.96
2026/09/26 00:12:58.349, 3, 11543, 97871, 0, 121.35
2026/09/26 00:12:58.549, 0, 8111, 97871, 0, 116.27
2026/09/26 00:12:58.549, 1, 9359, 97871, 0, 122.36
2026/09/26 00:12:58.549, 2, 10295, 97871, 0, 117.94
2026/09/26 00:12:58.549, 3, 11543, 97871, 0, 121.36
2026/09/26 00:12:58.749, 0, 8111, 97871, 0, 116.27
2026/09/26 00:12:58.750, 1, 9359, 97871, 0, 122.33
2026/09/26 00:12:58.750, 2, 10295, 97871, 0, 117.89
2026/09/26 00:12:58.750, 3, 11543, 97871, 0, 121.35
2026/09/26 00:12:58.950, 0, 8111, 97871, 0, 116.29
2026/09/26 00:12:58.950, 1, 9359, 97871, 0, 122.32
2026/09/26 00:12:58.950, 2, 10295, 97871, 0, 117.89
2026/09/26 00:12:58.950, 3, 11543, 97871, 0, 121.35
2026/09/26 00:12:59.150, 0, 8111, 97871, 0, 116.27
2026/09/26 00:12:59.150, 1, 9359, 97871, 0, 122.30
2026/09/26 00:12:59.150, 2, 10295, 97871, 0, 117.87
2026/09/26 00:12:59.150, 3, 11543, 97871, 0, 121.33
2026/09/26 00:12:59.350, 0, 8111, 97871, 0, 116.28
2026/09/26 00:12:59.350, 1, 9359, 97871, 0, 122.32
2026/09/26 00:12:59.350, 2, 10295, 97871, 0, 117.88
2026/09/26 00:12:59.350, 3, 11543, 97871, 0, 121.32
2026/09/26 00:12:59.550, 0, 8111, 97871, 0, 116.24
2026/09/26 00:12:59.550, 1, 9359, 97871, 0, 122.31
2026/09/26 00:12:59.550, 2, 10295, 97871, 0, 117.84
2026/09/26 00:12:59.550, 3, 11543, 97871, 0, 121.30
2026/09/26 00:12:59.750, 0, 8111, 97871, 0, 116.25
2026/09/26 00:12:59.750, 1, 9359, 97871, 0, 122.29
2026/09/26 00:12:59.750, 2, 10295, 97871, 0, 117.86
2026/09/26 00:12:59.750, 3, 11543, 97871, 0, 121.30
2026/09/26 00:12:59.951, 0, 8111, 97871, 0, 116.24
2026/09/26 00:12:59.951, 1, 9359, 97871, 0, 122.30
2026/09/26 00:12:59.951, 2, 10295, 97871, 0, 117.87
2026/09/26 00:12:59.951, 3, 11543, 97871, 0, 121.30
2026/09/26 00:13:00.151, 0, 8111, 97871, 0, 116.23
2026/09/26 00:13:00.151, 1, 9359, 97871, 0, 122.28
2026/09/26 00:13:00.151, 2, 10295, 97871, 0, 117.88
2026/09/26 00:13:00.151, 3, 11543, 97871, 0, 121.30
2026/09/26 00:13:00.351, 0, 8111, 97871, 0, 116.26
2026/09/26 00:13:00.351, 1, 9359, 97871, 0, 122.26
2026/09/26 00:13:00.351, 2, 10295, 97871, 0, 117.84
2026/09/26 00:13:00.351, 3, 11543, 97871, 0, 121.27
2026/09/26 00:13:00.551, 0, 8111, 97871, 0, 116.24
2026/09/26 00:13:00.551, 1, 9359, 97871, 0, 122.25
2026/09/26 00:13:00.551, 2, 10295, 97871, 0, 117.88
2026/09/26 00:13:00.551, 3, 11543, 97871, 0, 121.25
2026/09/26 00:13:00.751, 0, 8111, 97871, 0, 116.25
2026/09/26 00:13:00.751, 1, 9359, 97871, 0, 122.24
2026/09/26 00:13:00.751, 2, 10295, 97871, 0, 117.90
2026/09/26 00:13:00.751, 3, 11543, 97871, 0, 121.23
2026/09/26 00:13:00.951, 0, 8111, 97871, 0, 116.22
2026/09/26 00:13:00.951, 1, 9359, 97871, 0, 122.26
2026/09/26 00:13:00.951, 2, 10295, 97871, 0, 117.88
2026/09/26 00:13:00.952, 3, 11543, 97871, 0, 121.23
2026/09/26 00:13:01.152, 0, 8111, 97871, 0, 116.22
2026/09/26 00:13:01.152, 1, 9359, 97871, 0, 122.27
2026/09/26 00:13:01.152, 2, 10295, 97871, 0, 117.88
2026/09/26 00:13:01.152, 3, 11543, 97871, 0, 121.20
2026/09/26 00:13:01.352, 0, 8111, 97871, 0, 116.20
2026/09/26 00:13:01.352, 1, 9359, 97871, 0, 122.26
2026/09/26 00:13:01.352, 2, 10295, 97871, 0, 117.90
2026/09/26 00:13:01.352, 3, 11543, 97871, 0, 121.19
2026/09/26 00:13:01.552, 0, 8111, 97871, 0, 116.20
2026/09/26 00:13:01.552, 1, 9359, 97871, 0, 122.26
2026/09/26 00:13:01.552, 2, 10295, 97871, 0, 117.92
2026/09/26 00:13:01.552, 3, 11543, 97871, 0, 121.17
2026/09/26 00:13:01.752, 0, 8111, 97871, 0, 116.22
2026/09/26 00:13:01.752, 1, 9359, 97871, 0, 122.26
2026/09/26 00:13:01.752, 2, 10295, 97871, 0, 117.89
2026/09/26 00:13:01.752, 3, 11543, 97871, 0, 121.18
2026/09/26 00:13:01.952, 0, 8111, 97871, 0, 116.20
2026/09/26 00:13:01.952, 1, 9359, 97871, 0, 122.24
2026/09/26 00:13:01.952, 2, 10295, 97871, 0, 117.86
2026/09/26 00:13:01.952, 3, 11543, 97871, 0, 121.17
2026/09/26 00:13:02.153, 0, 8111, 97871, 0, 116.21
2026/09/26 00:13:02.153, 1, 9359, 97871, 0, 122.24
2026/09/26 00:13:02.153, 2, 10295, 97871, 0, 117.88
2026/09/26 00:13:02.153, 3, 11543, 97871, 0, 121.20
2026/09/26 00:13:02.353, 0, 8111, 97871, 0, 116.20
2026/09/26 00:13:02.353, 1, 9359, 97871, 0, 122.27
2026/09/26 00:13:02.353, 2, 10295, 97871, 0, 117.88
2026/09/26 00:13:02.353, 3, 11543, 97871, 0, 121.19
2026/09/26 00:13:02.553, 0, 8111, 97871, 0, 116.20
2026/09/26 00:13:02.553, 1, 9359, 97871, 0, 122.28
2026/09/26 00:13:02.553, 2, 10295, 97871, 0, 117.86
2026/09/26 00:13:02.553, 3, 11543, 97871, 0, 121.22
2026/09/26 00:13:02.753, 0, 8111, 97871, 0, 116.20
2026/09/26 00:13:02.753, 1, 9359, 97871, 0, 122.27
2026/09/26 00:13:02.753, 2, 10295, 97871, 0, 117.86
2026/09/26 00:13:02.753, 3, 11543, 97871, 0, 121.22
2026/09/26 00:13:02.953, 0, 8111, 97871, 0, 116.19
2026/09/26 00:13:02.953, 1, 9359, 97871, 0, 122.29
2026/09/26 00:13:02.953, 2, 10295, 97871, 0, 117.89
2026/09/26 00:13:02.953, 3, 11543, 97871, 0, 121.23
2026/09/26 00:13:03.154, 0, 8111, 97871, 0, 116.23
2026/09/26 00:13:03.154, 1, 9359, 97871, 0, 122.33
2026/09/26 00:13:03.154, 2, 10295, 97871, 0, 117.92
2026/09/26 00:13:03.154, 3, 11543, 97871, 0, 121.22
2026/09/26 00:13:03.354, 0, 8111, 97871, 0, 116.20
2026/09/26 00:13:03.354, 1, 9359, 97871, 0, 122.30
2026/09/26 00:13:03.354, 2, 10295, 97871, 0, 117.89
2026/09/26 00:13:03.354, 3, 11543, 97871, 0, 121.23
2026/09/26 00:13:03.554, 0, 8111, 97871, 0, 116.23
2026/09/26 00:13:03.554, 1, 9359, 97871, 0, 122.28
2026/09/26 00:13:03.554, 2, 10295, 97871, 0, 117.90
2026/09/26 00:13:03.554, 3, 11543, 97871, 0, 121.25
2026/09/26 00:13:03.754, 0, 8111, 97871, 0, 116.21
2026/09/26 00:13:03.754, 1, 9359, 97871, 0, 122.26
2026/09/26 00:13:03.754, 2, 10295, 97871, 0, 117.91
2026/09/26 00:13:03.754, 3, 11543, 97871, 0, 121.23
2026/09/26 00:13:03.954, 0, 8111, 97871, 0, 116.22
2026/09/26 00:13:03.954, 1, 9359, 97871, 0, 122.24
2026/09/26 00:13:03.954, 2, 10295, 97871, 0, 117.91
2026/09/26 00:13:03.954, 3, 11543, 97871, 0, 121.23
2026/09/26 00:13:04.154, 0, 8111, 97871, 0, 116.20
2026/09/26 00:13:04.154, 1, 9359, 97871, 0, 122.22
2026/09/26 00:13:04.154, 2, 10295, 97871, 0, 117.84
2026/09/26 00:13:04.154, 3, 11543, 97871, 0, 121.23
2026/09/26 00:13:04.355, 0, 8111, 97871, 0, 116.21
2026/09/26 00:13:04.355, 1, 9359, 97871, 0, 122.21
2026/09/26 00:13:04.355, 2, 10295, 97871, 0, 117.86
2026/09/26 00:13:04.355, 3, 11543, 97871, 0, 121.23
2026/09/26 00:13:04.555, 0, 8111, 97871, 0, 116.22
2026/09/26 00:13:04.555, 1, 9359, 97871, 0, 122.20
2026/09/26 00:13:04.555, 2, 10295, 97871, 0, 117.86
2026/09/26 00:13:04.555, 3, 11543, 97871, 0, 121.21
2026/09/26 00:13:04.755, 0, 8111, 97871, 0, 116.21
2026/09/26 00:13:04.755, 1, 9359, 97871, 0, 122.17
2026/09/26 00:13:04.755, 2, 10295, 97871, 0, 117.86
2026/09/26 00:13:04.755, 3, 11543, 97871, 0, 121.21
2026/09/26 00:13:04.955, 0, 8111, 97871, 0, 116.22
2026/09/26 00:13:04.955, 1, 9359, 97871, 0, 122.17
2026/09/26 00:13:04.955, 2, 10295, 97871, 0, 117.80
2026/09/26 00:13:04.955, 3, 11543, 97871, 0, 121.19
2026/09/26 00:13:05.155, 0, 8111, 97871, 0, 116.22
2026/09/26 00:13:05.155, 1, 9359, 97871, 0, 122.18
2026/09/26 00:13:05.155, 2, 10295, 97871, 0, 117.85
2026/09/26 00:13:05.155, 3, 11543, 97871, 0, 121.16
2026/09/26 00:13:05.356, 0, 8111, 97871, 0, 116.24
2026/09/26 00:13:05.356, 1, 9359, 97871, 0, 122.14
2026/09/26 00:13:05.356, 2, 10295, 97871, 0, 117.83
2026/09/26 00:13:05.356, 3, 11543, 97871, 0, 121.16
2026/09/26 00:13:05.556, 0, 8111, 97871, 0, 116.23
2026/09/26 00:13:05.556, 1, 9359, 97871, 0, 122.14
2026/09/26 00:13:05.556, 2, 10295, 97871, 0, 117.83
2026/09/26 00:13:05.556, 3, 11543, 97871, 0, 121.14
2026/09/26 00:13:05.756, 0, 11203, 97871, 0, 118.56
2026/09/26 00:13:05.756, 1, 9359, 97871, 0, 122.16
2026/09/26 00:13:05.756, 2, 10295, 97871, 0, 117.78
2026/09/26 00:13:05.756, 3, 11543, 97871, 0, 121.27
2026/09/26 00:13:05.956, 0, 11203, 97871, 100, 119.01
2026/09/26 00:13:05.956, 1, 9359, 97871, 0, 123.54
2026/09/26 00:13:05.956, 2, 10295, 97871, 0, 117.82
2026/09/26 00:13:05.956, 3, 11543, 97871, 0, 122.14
2026/09/26 00:13:06.156, 0, 11203, 97871, 100, 119.43
2026/09/26 00:13:06.156, 1, 9359, 97871, 0, 123.50
2026/09/26 00:13:06.156, 2, 10295, 97871, 0, 117.82
2026/09/26 00:13:06.156, 3, 11543, 97871, 0, 122.12
2026/09/26 00:13:06.357, 0, 11203, 97871, 100, 119.96
2026/09/26 00:13:06.357, 1, 9359, 97871, 0, 123.51
2026/09/26 00:13:06.357, 2, 10295, 97871, 0, 117.82
2026/09/26 00:13:06.357, 3, 11543, 97871, 0, 122.13
2026/09/26 00:13:06.557, 0, 11203, 97871, 100, 120.38
2026/09/26 00:13:06.557, 1, 9359, 97871, 0, 123.49
2026/09/26 00:13:06.557, 2, 10295, 97871, 0, 117.79
2026/09/26 00:13:06.557, 3, 11543, 97871, 0, 122.10
2026/09/26 00:13:06.757, 0, 11203, 97871, 100, 118.49
2026/09/26 00:13:06.757, 1, 9359, 97871, 0, 123.45
2026/09/26 00:13:06.757, 2, 10295, 97871, 0, 117.82
2026/09/26 00:13:06.757, 3, 11543, 97871, 0, 122.09
2026/09/26 00:13:06.957, 0, 11203, 97871, 100, 118.42
2026/09/26 00:13:06.957, 1, 9359, 97871, 0, 122.07
2026/09/26 00:13:06.957, 2, 10295, 97871, 0, 117.82
2026/09/26 00:13:06.957, 3, 11543, 97871, 0, 121.08
2026/09/26 00:13:07.157, 0, 11203, 97871, 100, 118.44
2026/09/26 00:13:07.157, 1, 9359, 97871, 0, 122.09
2026/09/26 00:13:07.157, 2, 10295, 97871, 0, 117.82
2026/09/26 00:13:07.157, 3, 11543, 97871, 0, 121.09
2026/09/26 00:13:07.357, 0, 11203, 97871, 100, 118.41
2026/09/26 00:13:07.357, 1, 9359, 97871, 0, 122.08
2026/09/26 00:13:07.357, 2, 10295, 97871, 0, 117.79
2026/09/26 00:13:07.357, 3, 11543, 97871, 0, 121.09
2026/09/26 00:13:07.557, 0, 11203, 97871, 100, 118.41
2026/09/26 00:13:07.557, 1, 9359, 97871, 0, 122.11
2026/09/26 00:13:07.557, 2, 10295, 97871, 0, 117.84
2026/09/26 00:13:07.557, 3, 11543, 97871, 0, 121.08
2026/09/26 00:13:07.758, 0, 11203, 97871, 100, 118.40
2026/09/26 00:13:07.758, 1, 9359, 97871, 0, 122.09
2026/09/26 00:13:07.758, 2, 10295, 97871, 0, 117.85
2026/09/26 00:13:07.758, 3, 11543, 97871, 0, 121.07
2026/09/26 00:13:07.958, 0, 11203, 97871, 100, 118.37
2026/09/26 00:13:07.958, 1, 9359, 97871, 0, 122.09
2026/09/26 00:13:07.958, 2, 10295, 97871, 0, 117.87
2026/09/26 00:13:07.958, 3, 11543, 97871, 0, 121.09
2026/09/26 00:13:08.158, 0, 11203, 97871, 100, 118.40
2026/09/26 00:13:08.158, 1, 9359, 97871, 0, 122.08
2026/09/26 00:13:08.158, 2, 10295, 97871, 0, 117.84
2026/09/26 00:13:08.158, 3, 11543, 97871, 0, 121.08
2026/09/26 00:13:08.358, 0, 11203, 97871, 100, 118.39
2026/09/26 00:13:08.358, 1, 9359, 97871, 0, 122.07
2026/09/26 00:13:08.358, 2, 10295, 97871, 0, 117.86
2026/09/26 00:13:08.358, 3, 11543, 97871, 0, 121.09
2026/09/26 00:13:08.558, 0, 11203, 97871, 100, 118.39
2026/09/26 00:13:08.558, 1, 9359, 97871, 0, 122.06
2026/09/26 00:13:08.558, 2, 10295, 97871, 0, 117.86
2026/09/26 00:13:08.558, 3, 11543, 97871, 0, 121.09
2026/09/26 00:13:08.758, 0, 11203, 97871, 100, 118.43
2026/09/26 00:13:08.758, 1, 9359, 97871, 0, 122.07
2026/09/26 00:13:08.758, 2, 10295, 97871, 0, 117.85
2026/09/26 00:13:08.758, 3, 11543, 97871, 0, 121.08
2026/09/26 00:13:08.958, 0, 11203, 97871, 100, 118.42
2026/09/26 00:13:08.958, 1, 9359, 97871, 0, 122.06
2026/09/26 00:13:08.959, 2, 10295, 97871, 0, 117.83
2026/09/26 00:13:08.959, 3, 11543, 97871, 0, 121.07
2026/09/26 00:13:09.159, 0, 11203, 97871, 100, 118.44
2026/09/26 00:13:09.159, 1, 9359, 97871, 0, 122.08
2026/09/26 00:13:09.159, 2, 10295, 97871, 0, 117.84
2026/09/26 00:13:09.159, 3, 11543, 97871, 0, 121.08
2026/09/26 00:13:09.359, 0, 11203, 97871, 100, 118.39
2026/09/26 00:13:09.359, 1, 9359, 97871, 0, 122.07
2026/09/26 00:13:09.359, 2, 10295, 97871, 0, 117.85
2026/09/26 00:13:09.359, 3, 11543, 97871, 0, 121.08
2026/09/26 00:13:09.559, 0, 11203, 97871, 100, 118.42
2026/09/26 00:13:09.559, 1, 9359, 97871, 0, 122.08
2026/09/26 00:13:09.559, 2, 10295, 97871, 0, 117.84
2026/09/26 00:13:09.559, 3, 11543, 97871, 0, 121.11
2026/09/26 00:13:09.759, 0, 11203, 97871, 100, 118.39
2026/09/26 00:13:09.759, 1, 9359, 97871, 0, 122.09
2026/09/26 00:13:09.759, 2, 10295, 97871, 0, 117.85
2026/09/26 00:13:09.759, 3, 11543, 97871, 0, 121.11
2026/09/26 00:13:09.959, 0, 11203, 97871, 100, 118.42
2026/09/26 00:13:09.959, 1, 9359, 97871, 0, 122.08
2026/09/26 00:13:09.959, 2, 10295, 97871, 0, 117.86
2026/09/26 00:13:09.959, 3, 11543, 97871, 0, 121.12
2026/09/26 00:13:10.159, 0, 11203, 97871, 100, 118.42
2026/09/26 00:13:10.159, 1, 9359, 97871, 0, 122.09
2026/09/26 00:13:10.159, 2, 10295, 97871, 0, 117.86
2026/09/26 00:13:10.159, 3, 11543, 97871, 0, 121.12
2026/09/26 00:13:10.360, 0, 11203, 97871, 100, 118.42
2026/09/26 00:13:10.360, 1, 9359, 97871, 0, 122.08
2026/09/26 00:13:10.360, 2, 10295, 97871, 0, 117.83
2026/09/26 00:13:10.360, 3, 11543, 97871, 0, 121.14
2026/09/26 00:13:10.560, 0, 11203, 97871, 100, 118.43
2026/09/26 00:13:10.560, 1, 9359, 97871, 0, 122.05
2026/09/26 00:13:10.560, 2, 10295, 97871, 0, 117.80
2026/09/26 00:13:10.560, 3, 11543, 97871, 0, 121.11
2026/09/26 00:13:10.760, 0, 11203, 97871, 100, 118.40
2026/09/26 00:13:10.760, 1, 9359, 97871, 0, 122.07
2026/09/26 00:13:10.760, 2, 10295, 97871, 0, 117.81
2026/09/26 00:13:10.760, 3, 11543, 97871, 0, 121.11
2026/09/26 00:13:10.960, 0, 11203, 97871, 100, 118.43
2026/09/26 00:13:10.960, 1, 9359, 97871, 0, 122.09
2026/09/26 00:13:10.960, 2, 10295, 97871, 0, 117.79
2026/09/26 00:13:10.960, 3, 11543, 97871, 0, 121.11
2026/09/26 00:13:11.160, 0, 11203, 97871, 100, 118.40
2026/09/26 00:13:11.160, 1, 9359, 97871, 0, 122.06
2026/09/26 00:13:11.160, 2, 10295, 97871, 0, 117.78
2026/09/26 00:13:11.160, 3, 11543, 97871, 0, 121.09
2026/09/26 00:13:11.360, 0, 11203, 97871, 100, 118.42
2026/09/26 00:13:11.360, 1, 9359, 97871, 0, 122.06
2026/09/26 00:13:11.360, 2, 10295, 97871, 0, 117.75
2026/09/26 00:13:11.360, 3, 11543, 97871, 0, 121.04
2026/09/26 00:13:11.560, 0, 11203, 97871, 100, 118.41
2026/09/26 00:13:11.561, 1, 9359, 97871, 0, 122.08
2026/09/26 00:13:11.561, 2, 10295, 97871, 0, 117.78
2026/09/26 00:13:11.561, 3, 11543, 97871, 0, 121.03
2026/09/26 00:13:11.761, 0, 11203, 97871, 100, 118.42
2026/09/26 00:13:11.761, 1, 9359, 97871, 0, 122.06
2026/09/26 00:13:11.761, 2, 10295, 97871, 0, 117.81
2026/09/26 00:13:11.761, 3, 11543, 97871, 0, 121.03
2026/09/26 00:13:11.961, 0, 11203, 97871, 100, 118.42
2026/09/26 00:13:11.961, 1, 9359, 97871, 0, 122.02
2026/09/26 00:13:11.961, 2, 10295, 97871, 0, 117.80
2026/09/26 00:13:11.961, 3, 11543, 97871, 0, 121.01
2026/09/26 00:13:12.161, 0, 11203, 97871, 100, 118.40
2026/09/26 00:13:12.161, 1, 9359, 97871, 0, 122.04
2026/09/26 00:13:12.161, 2, 10295, 97871, 0, 117.78
2026/09/26 00:13:12.161, 3, 14635, 97871, 0, 121.01
2026/09/26 00:13:12.361, 0, 11203, 97871, 100, 119.82
2026/09/26 00:13:12.361, 1, 9359, 97871, 0, 123.56
2026/09/26 00:13:12.361, 2, 10295, 97871, 0, 118.85
2026/09/26 00:13:12.361, 3, 14635, 97871, 100, 123.19
2026/09/26 00:13:12.561, 0, 11203, 97871, 100, 119.89
2026/09/26 00:13:12.561, 1, 9359, 97871, 0, 123.52
2026/09/26 00:13:12.561, 2, 10295, 97871, 0, 118.84
2026/09/26 00:13:12.561, 3, 14635, 97871, 100, 123.63
2026/09/26 00:13:12.761, 0, 11203, 97871, 100, 119.99
2026/09/26 00:13:12.761, 1, 9359, 97871, 0, 123.47
2026/09/26 00:13:12.762, 2, 10295, 97871, 0, 118.79
2026/09/26 00:13:12.762, 3, 14635, 97871, 100, 124.08
2026/09/26 00:13:12.962, 0, 11203, 97871, 100, 120.07
2026/09/26 00:13:12.962, 1, 9359, 97871, 0, 123.46
2026/09/26 00:13:12.962, 2, 10295, 97871, 0, 118.78
2026/09/26 00:13:12.962, 3, 14635, 97871, 100, 124.58
2026/09/26 00:13:13.162, 0, 11203, 97871, 100, 120.17
2026/09/26 00:13:13.162, 1, 9359, 97871, 0, 123.46
2026/09/26 00:13:13.162, 2, 10295, 97871, 0, 118.81
2026/09/26 00:13:13.162, 3, 14635, 97871, 100, 125.02
2026/09/26 00:13:13.362, 0, 11203, 97871, 100, 118.86
2026/09/26 00:13:13.362, 1, 9359, 97871, 0, 121.92
2026/09/26 00:13:13.362, 2, 10295, 97871, 0, 117.81
2026/09/26 00:13:13.362, 3, 14635, 97871, 100, 123.31
2026/09/26 00:13:13.562, 0, 11203, 97871, 100, 118.82
2026/09/26 00:13:13.562, 1, 9359, 97871, 0, 121.92
2026/09/26 00:13:13.562, 2, 10295, 97871, 0, 117.78
2026/09/26 00:13:13.562, 3, 14635, 97871, 100, 123.27
2026/09/26 00:13:13.762, 0, 11203, 97871, 100, 118.83
2026/09/26 00:13:13.762, 1, 9359, 97871, 0, 121.94
2026/09/26 00:13:13.762, 2, 10295, 97871, 0, 117.78
2026/09/26 00:13:13.762, 3, 14635, 97871, 100, 123.25
2026/09/26 00:13:13.962, 0, 11203, 97871, 100, 118.79
2026/09/26 00:13:13.962, 1, 9359, 97871, 0, 121.95
2026/09/26 00:13:13.962, 2, 10295, 97871, 0, 117.82
2026/09/26 00:13:13.962, 3, 14635, 97871, 100, 123.27
2026/09/26 00:13:14.163, 0, 11203, 97871, 100, 118.82
2026/09/26 00:13:14.163, 1, 9359, 97871, 0, 121.96
2026/09/26 00:13:14.163, 2, 10295, 97871, 0, 117.82
2026/09/26 00:13:14.163, 3, 14635, 97871, 100, 123.25
2026/09/26 00:13:14.363, 0, 11203, 97871, 100, 118.79
2026/09/26 00:13:14.363, 1, 9359, 97871, 0, 121.94
2026/09/26 00:13:14.363, 2, 10295, 97871, 0, 117.80
2026/09/26 00:13:14.363, 3, 14635, 97871, 100, 123.22
2026/09/26 00:13:14.563, 0, 11203, 97871, 100, 118.83
2026/09/26 00:13:14.563, 1, 9359, 97871, 0, 121.96
2026/09/26 00:13:14.563, 2, 10295, 97871, 0, 117.82
2026/09/26 00:13:14.563, 3, 14635, 97871, 100, 123.24
2026/09/26 00:13:14.763, 0, 11203, 97871, 100, 118.81
2026/09/26 00:13:14.763, 1, 9359, 97871, 0, 121.96
2026/09/26 00:13:14.763, 2, 10295, 97871, 0, 117.85
2026/09/26 00:13:14.763, 3, 14635, 97871, 100, 123.24
2026/09/26 00:13:14.963, 0, 11203, 97871, 100, 118.82
2026/09/26 00:13:14.963, 1, 9359, 97871, 0, 121.97
2026/09/26 00:13:14.963, 2, 10295, 97871, 0, 117.85
2026/09/26 00:13:14.963, 3, 14635, 97871, 100, 123.25
2026/09/26 00:13:15.163, 0, 11203, 97871, 100, 118.83
2026/09/26 00:13:15.163, 1, 9359, 97871, 0, 121.98
2026/09/26 00:13:15.163, 2, 10295, 97871, 0, 117.81
2026/09/26 00:13:15.163, 3, 14635, 97871, 100, 123.27
2026/09/26 00:13:15.364, 0, 11203, 97871, 100, 118.83
2026/09/26 00:13:15.364, 1, 9359, 97871, 0, 121.99
2026/09/26 00:13:15.364, 2, 10295, 97871, 0, 117.83
2026/09/26 00:13:15.364, 3, 14635, 97871, 100, 123.29
2026/09/26 00:13:15.564, 0, 11203, 97871, 100, 118.85
2026/09/26 00:13:15.564, 1, 9359, 97871, 0, 121.99
2026/09/26 00:13:15.564, 2, 10295, 97871, 0, 117.84
2026/09/26 00:13:15.564, 3, 14635, 97871, 100, 123.29
2026/09/26 00:13:15.764, 0, 11203, 97871, 100, 118.84
2026/09/26 00:13:15.764, 1, 9359, 97871, 0, 121.99
2026/09/26 00:13:15.764, 2, 10295, 97871, 0, 117.83
2026/09/26 00:13:15.764, 3, 14635, 97871, 100, 123.29
2026/09/26 00:13:15.964, 0, 11203, 97871, 100, 118.86
2026/09/26 00:13:15.964, 1, 9359, 97871, 0, 121.97
2026/09/26 00:13:15.964, 2, 10295, 97871, 0, 117.79
2026/09/26 00:13:15.964, 3, 14635, 97871, 100, 123.27
2026/09/26 00:13:16.164, 0, 11203, 97871, 100, 118.87
2026/09/26 00:13:16.164, 1, 9359, 97871, 0, 121.98
2026/09/26 00:13:16.164, 2, 10295, 97871, 0, 117.78
2026/09/26 00:13:16.164, 3, 14635, 97871, 100, 123.27
2026/09/26 00:13:16.364, 0, 11203, 97871, 100, 118.84
2026/09/26 00:13:16.364, 1, 9359, 97871, 0, 121.96
2026/09/26 00:13:16.364, 2, 10295, 97871, 0, 117.79
2026/09/26 00:13:16.364, 3, 14635, 97871, 100, 123.28
2026/09/26 00:13:16.564, 0, 11203, 97871, 100, 118.85
2026/09/26 00:13:16.564, 1, 9359, 97871, 0, 121.96
2026/09/26 00:13:16.564, 2, 10295, 97871, 0, 117.78
2026/09/26 00:13:16.564, 3, 14635, 97871, 100, 123.28
2026/09/26 00:13:16.765, 0, 11203, 97871, 100, 118.84
2026/09/26 00:13:16.765, 1, 9359, 97871, 0, 121.98
2026/09/26 00:13:16.765, 2, 10295, 97871, 0, 117.73
2026/09/26 00:13:16.765, 3, 14635, 97871, 100, 123.27
2026/09/26 00:13:16.965, 0, 11203, 97871, 100, 118.81
2026/09/26 00:13:16.965, 1, 9359, 97871, 0, 122.00
2026/09/26 00:13:16.965, 2, 10295, 97871, 0, 117.77
2026/09/26 00:13:16.965, 3, 14635, 97871, 100, 123.27
2026/09/26 00:13:17.165, 0, 11203, 97871, 100, 118.76
2026/09/26 00:13:17.165, 1, 9359, 97871, 0, 121.97
2026/09/26 00:13:17.165, 2, 10295, 97871, 0, 117.79
2026/09/26 00:13:17.165, 3, 14635, 97871, 100, 123.28
2026/09/26 00:13:17.365, 0, 11203, 97871, 100, 118.79
2026/09/26 00:13:17.365, 1, 9359, 97871, 0, 121.97
2026/09/26 00:13:17.365, 2, 10295, 97871, 0, 117.80
2026/09/26 00:13:17.365, 3, 14635, 97871, 100, 123.28
2026/09/26 00:13:17.565, 0, 11203, 97871, 100, 118.79
2026/09/26 00:13:17.565, 1, 9359, 97871, 0, 121.96
2026/09/26 00:13:17.565, 2, 10295, 97871, 0, 117.75
2026/09/26 00:13:17.565, 3, 14635, 97871, 100, 123.25
2026/09/26 00:13:17.765, 0, 11203, 97871, 100, 118.80
2026/09/26 00:13:17.765, 1, 9359, 97871, 0, 121.95
2026/09/26 00:13:17.765, 2, 10295, 97871, 0, 117.76
2026/09/26 00:13:17.765, 3, 14635, 97871, 100, 123.22
2026/09/26 00:13:17.965, 0, 11203, 97871, 100, 118.84
2026/09/26 00:13:17.966, 1, 9359, 97871, 0, 121.94
2026/09/26 00:13:17.966, 2, 10295, 97871, 0, 117.76
2026/09/26 00:13:17.966, 3, 14635, 97871, 100, 123.22
2026/09/26 00:13:18.166, 0, 11203, 97871, 100, 118.85
2026/09/26 00:13:18.166, 1, 9359, 97871, 0, 121.93
2026/09/26 00:13:18.166, 2, 10295, 97871, 0, 117.75
2026/09/26 00:13:18.166, 3, 14635, 97871, 100, 123.21
2026/09/26 00:13:18.366, 0, 11203, 97871, 100, 118.86
2026/09/26 00:13:18.366, 1, 9359, 97871, 0, 121.90
2026/09/26 00:13:18.366, 2, 10295, 97871, 0, 117.71
2026/09/26 00:13:18.366, 3, 14635, 97871, 100, 123.17
2026/09/26 00:13:18.566, 0, 11203, 97871, 100, 120.18
2026/09/26 00:13:18.566, 1, 12451, 97871, 0, 122.57
2026/09/26 00:13:18.566, 2, 10295, 97871, 0, 118.50
2026/09/26 00:13:18.566, 3, 14635, 97871, 100, 123.18
2026/09/26 00:13:18.766, 0, 11203, 97871, 100, 120.15
2026/09/26 00:13:18.766, 1, 12451, 97871, 83, 124.49
2026/09/26 00:13:18.766, 2, 10295, 97871, 0, 119.21
2026/09/26 00:13:18.766, 3, 14635, 97871, 100, 123.25
2026/09/26 00:13:18.966, 0, 11203, 97871, 100, 120.03
2026/09/26 00:13:18.967, 1, 12451, 97871, 100, 124.91
2026/09/26 00:13:18.967, 2, 10295, 97871, 0, 119.24
2026/09/26 00:13:18.967, 3, 14635, 97871, 100, 123.24
2026/09/26 00:13:19.167, 0, 11203, 97871, 100, 119.96
2026/09/26 00:13:19.167, 1, 12451, 97871, 100, 125.44
2026/09/26 00:13:19.167, 2, 10295, 97871, 0, 119.20
2026/09/26 00:13:19.167, 3, 14635, 97871, 100, 123.22
2026/09/26 00:13:19.367, 0, 11203, 97871, 100, 119.85
2026/09/26 00:13:19.367, 1, 12451, 97871, 100, 125.93
2026/09/26 00:13:19.367, 2, 10295, 97871, 0, 119.20
2026/09/26 00:13:19.367, 3, 14635, 97871, 100, 123.23
2026/09/26 00:13:19.567, 0, 11203, 97871, 100, 118.49
2026/09/26 00:13:19.567, 1, 12451, 97871, 100, 125.71
2026/09/26 00:13:19.567, 2, 10295, 97871, 0, 118.94
2026/09/26 00:13:19.567, 3, 14635, 97871, 100, 123.24
2026/09/26 00:13:19.767, 0, 11203, 97871, 100, 118.39
2026/09/26 00:13:19.767, 1, 12451, 97871, 100, 124.30
2026/09/26 00:13:19.767, 2, 10295, 97871, 0, 117.76
2026/09/26 00:13:19.767, 3, 14635, 97871, 100, 123.16
2026/09/26 00:13:19.968, 0, 11203, 97871, 100, 118.34
2026/09/26 00:13:19.968, 1, 12451, 97871, 100, 124.31
2026/09/26 00:13:19.968, 2, 10295, 97871, 0, 117.73
2026/09/26 00:13:19.968, 3, 14635, 97871, 100, 123.15
2026/09/26 00:13:20.168, 0, 11203, 97871, 100, 118.35
2026/09/26 00:13:20.168, 1, 12451, 97871, 100, 124.29
2026/09/26 00:13:20.168, 2, 10295, 97871, 0, 117.76
2026/09/26 00:13:20.168, 3, 14635, 97871, 100, 123.16
2026/09/26 00:13:20.368, 0, 11203, 97871, 100, 118.31
2026/09/26 00:13:20.368, 1, 12451, 97871, 100, 124.29
2026/09/26 00:13:20.368, 2, 10295, 97871, 0, 117.77
2026/09/26 00:13:20.368, 3, 14635, 97871, 100, 123.17
2026/09/26 00:13:20.568, 0, 11203, 97871, 100, 118.31
2026/09/26 00:13:20.568, 1, 12451, 97871, 100, 124.28
2026/09/26 00:13:20.568, 2, 10295, 97871, 0, 117.77
2026/09/26 00:13:20.568, 3, 14635, 97871, 100, 123.14
2026/09/26 00:13:20.768, 0, 11203, 97871, 100, 118.31
2026/09/26 00:13:20.768, 1, 12451, 97871, 100, 124.27
2026/09/26 00:13:20.768, 2, 10295, 97871, 0, 117.75
2026/09/26 00:13:20.768, 3, 14635, 97871, 100, 123.16
2026/09/26 00:13:20.968, 0, 11203, 97871, 100, 118.33
2026/09/26 00:13:20.968, 1, 12451, 97871, 100, 124.24
2026/09/26 00:13:20.968, 2, 10295, 97871, 0, 117.77
2026/09/26 00:13:20.968, 3, 14635, 97871, 100, 123.17
2026/09/26 00:13:21.169, 0, 11203, 97871, 100, 118.36
2026/09/26 00:13:21.169, 1, 12451, 97871, 100, 124.25
2026/09/26 00:13:21.169, 2, 10295, 97871, 0, 117.79
2026/09/26 00:13:21.169, 3, 14635, 97871, 100, 123.16
2026/09/26 00:13:21.369, 0, 11203, 97871, 100, 118.33
2026/09/26 00:13:21.369, 1, 12451, 97871, 100, 124.25
2026/09/26 00:13:21.369, 2, 10295, 97871, 0, 117.77
2026/09/26 00:13:21.369, 3, 14635, 97871, 100, 123.16
2026/09/26 00:13:21.569, 0, 11203, 97871, 100, 118.38
2026/09/26 00:13:21.569, 1, 12451, 97871, 100, 124.26
2026/09/26 00:13:21.569, 2, 10295, 97871, 0, 117.75
2026/09/26 00:13:21.569, 3, 14635, 97871, 100, 123.18
2026/09/26 00:13:21.769, 0, 11203, 97871, 100, 118.34
2026/09/26 00:13:21.769, 1, 12451, 97871, 100, 124.26
2026/09/26 00:13:21.769, 2, 10295, 97871, 0, 117.77
2026/09/26 00:13:21.769, 3, 14635, 97871, 100, 123.18
2026/09/26 00:13:21.969, 0, 11203, 97871, 100, 118.36
2026/09/26 00:13:21.969, 1, 12451, 97871, 100, 124.30
2026/09/26 00:13:21.969, 2, 10295, 97871, 0, 117.76
2026/09/26 00:13:21.969, 3, 14635, 97871, 100, 123.19
2026/09/26 00:13:22.169, 0, 11203, 97871, 100, 118.35
2026/09/26 00:13:22.169, 1, 12451, 97871, 100, 124.30
2026/09/26 00:13:22.169, 2, 10295, 97871, 0, 117.73
2026/09/26 00:13:22.169, 3, 14635, 97871, 100, 123.19
2026/09/26 00:13:22.370, 0, 11203, 97871, 100, 118.36
2026/09/26 00:13:22.370, 1, 12451, 97871, 100, 124.30
2026/09/26 00:13:22.370, 2, 10295, 97871, 0, 117.73
2026/09/26 00:13:22.370, 3, 14635, 97871, 100, 123.18
2026/09/26 00:13:22.570, 0, 11203, 97871, 100, 118.37
2026/09/26 00:13:22.570, 1, 12451, 97871, 100, 124.30
2026/09/26 00:13:22.570, 2, 10295, 97871, 0, 117.74
2026/09/26 00:13:22.570, 3, 14635, 97871, 100, 123.17
2026/09/26 00:13:22.770, 0, 11203, 97871, 100, 118.35
2026/09/26 00:13:22.770, 1, 12451, 97871, 100, 124.31
2026/09/26 00:13:22.770, 2, 10295, 97871, 0, 117.72
2026/09/26 00:13:22.770, 3, 14635, 97871, 100, 123.12
2026/09/26 00:13:22.970, 0, 11203, 97871, 100, 118.35
2026/09/26 00:13:22.970, 1, 12451, 97871, 100, 124.31
2026/09/26 00:13:22.970, 2, 10295, 97871, 0, 117.72
2026/09/26 00:13:22.970, 3, 14635, 97871, 100, 123.11
2026/09/26 00:13:23.170, 0, 11203, 97871, 100, 118.31
2026/09/26 00:13:23.170, 1, 12451, 97871, 100, 124.29
2026/09/26 00:13:23.170, 2, 10295, 97871, 0, 117.71
2026/09/26 00:13:23.170, 3, 14635, 97871, 100, 123.11
2026/09/26 00:13:23.370, 0, 11203, 97871, 100, 118.35
2026/09/26 00:13:23.370, 1, 12451, 97871, 100, 124.27
2026/09/26 00:13:23.371, 2, 10295, 97871, 0, 117.73
2026/09/26 00:13:23.371, 3, 14635, 97871, 100, 123.10
2026/09/26 00:13:23.571, 0, 11203, 97871, 100, 118.31
2026/09/26 00:13:23.571, 1, 12451, 97871, 100, 124.26
2026/09/26 00:13:23.571, 2, 10295, 97871, 0, 117.75
2026/09/26 00:13:23.571, 3, 14635, 97871, 100, 123.11
2026/09/26 00:13:23.771, 0, 11203, 97871, 100, 118.33
2026/09/26 00:13:23.771, 1, 12451, 97871, 100, 124.24
2026/09/26 00:13:23.771, 2, 10295, 97871, 0, 117.78
2026/09/26 00:13:23.771, 3, 14635, 97871, 100, 123.12
2026/09/26 00:13:23.971, 0, 11203, 97871, 100, 118.32
2026/09/26 00:13:23.971, 1, 12451, 97871, 100, 124.24
2026/09/26 00:13:23.971, 2, 10295, 97871, 0, 117.73
2026/09/26 00:13:23.971, 3, 14635, 97871, 100, 123.09
2026/09/26 00:13:24.171, 0, 11203, 97871, 100, 118.33
2026/09/26 00:13:24.171, 1, 12451, 97871, 100, 124.24
2026/09/26 00:13:24.171, 2, 10295, 97871, 0, 117.76
2026/09/26 00:13:24.171, 3, 14635, 97871, 100, 123.07
2026/09/26 00:13:24.371, 0, 11203, 97871, 100, 118.34
2026/09/26 00:13:24.372, 1, 12451, 97871, 100, 124.22
2026/09/26 00:13:24.372, 2, 11339, 97871, 0, 117.75
2026/09/26 00:13:24.372, 3, 14635, 97871, 100, 123.06
2026/09/26 00:13:24.572, 0, 18885, 97871, 89, 126.01
2026/09/26 00:13:24.572, 1, 20133, 97871, 100, 126.91
2026/09/26 00:13:24.572, 2, 21069, 97871, 11, 120.65
2026/09/26 00:13:24.572, 3, 22317, 97871, 30, 125.40
2026/09/26 00:13:24.772, 0, 18885, 97871, 97, 144.90
2026/09/26 00:13:24.772, 1, 20133, 97871, 30, 150.43
2026/09/26 00:13:24.772, 2, 21069, 97871, 97, 146.54
2026/09/26 00:13:24.772, 3, 22317, 97871, 60, 150.36
2026/09/26 00:13:24.972, 0, 18885, 97871, 0, 144.50
2026/09/26 00:13:24.973, 1, 20133, 97871, 0, 150.55
2026/09/26 00:13:24.973, 2, 21069, 97871, 0, 146.12
2026/09/26 00:13:24.973, 3, 22317, 97871, 0, 150.86
2026/09/26 00:13:25.173, 0, 18885, 97871, 0, 144.77
2026/09/26 00:13:25.173, 1, 20133, 97871, 0, 150.12
2026/09/26 00:13:25.173, 2, 21069, 97871, 0, 146.17
2026/09/26 00:13:25.173, 3, 22317, 97871, 0, 150.41
2026/09/26 00:13:25.373, 0, 18885, 97871, 57, 165.73
2026/09/26 00:13:25.373, 1, 20133, 97871, 0, 166.29
2026/09/26 00:13:25.373, 2, 21069, 97871, 51, 186.05
2026/09/26 00:13:25.373, 3, 22317, 97871, 100, 181.22
2026/09/26 00:13:25.573, 0, 18885, 97871, 100, 185.75
2026/09/26 00:13:25.573, 1, 20133, 97871, 100, 209.88
2026/09/26 00:13:25.573, 2, 21069, 97871, 100, 207.80
2026/09/26 00:13:25.574, 3, 22317, 97871, 100, 234.13
2026/09/26 00:13:25.774, 0, 18885, 97871, 100, 182.00
2026/09/26 00:13:25.774, 1, 20133, 97871, 100, 228.15
2026/09/26 00:13:25.774, 2, 21069, 97871, 100, 244.53
2026/09/26 00:13:25.774, 3, 22317, 97871, 100, 254.88
2026/09/26 00:13:25.974, 0, 18885, 97871, 100, 211.73
2026/09/26 00:13:25.974, 1, 20133, 97871, 100, 286.37
2026/09/26 00:13:25.974, 2, 21069, 97871, 100, 276.72
2026/09/26 00:13:25.974, 3, 22317, 97871, 100, 313.17
2026/09/26 00:13:26.174, 0, 18885, 97871, 100, 252.18
2026/09/26 00:13:26.174, 1, 20133, 97871, 100, 330.97
2026/09/26 00:13:26.174, 2, 21069, 97871, 100, 328.96
2026/09/26 00:13:26.174, 3, 22317, 97871, 100, 358.17
2026/09/26 00:13:26.374, 0, 18885, 97871, 100, 256.82
2026/09/26 00:13:26.374, 1, 20133, 97871, 100, 345.56
2026/09/26 00:13:26.374, 2, 21069, 97871, 100, 329.16
2026/09/26 00:13:26.375, 3, 22317, 97871, 100, 394.23
2026/09/26 00:13:26.575, 0, 18885, 97871, 100, 273.03
2026/09/26 00:13:26.575, 1, 20133, 97871, 100, 335.89
2026/09/26 00:13:26.575, 2, 21069, 97871, 100, 340.90
2026/09/26 00:13:26.575, 3, 22317, 97871, 100, 397.05
2026/09/26 00:13:26.775, 0, 18885, 97871, 100, 277.29
2026/09/26 00:13:26.775, 1, 20133, 97871, 100, 343.76
2026/09/26 00:13:26.775, 2, 21069, 97871, 100, 328.39
2026/09/26 00:13:26.775, 3, 22317, 97871, 100, 410.46
2026/09/26 00:13:26.975, 0, 18885, 97871, 100, 286.32
2026/09/26 00:13:26.975, 1, 20133, 97871, 100, 320.37
2026/09/26 00:13:26.975, 2, 21069, 97871, 100, 356.19
2026/09/26 00:13:26.975, 3, 22317, 97871, 100, 406.32
2026/09/26 00:13:27.175, 0, 18885, 97871, 100, 287.15
2026/09/26 00:13:27.175, 1, 20133, 97871, 100, 319.12
2026/09/26 00:13:27.176, 2, 21069, 97871, 100, 357.12
2026/09/26 00:13:27.176, 3, 22317, 97871, 100, 401.50
2026/09/26 00:13:27.376, 0, 18885, 97871, 100, 321.17
2026/09/26 00:13:27.376, 1, 20133, 97871, 100, 328.18
2026/09/26 00:13:27.376, 2, 21069, 97871, 100, 348.67
2026/09/26 00:13:27.376, 3, 22317, 97871, 100, 383.49
2026/09/26 00:13:27.576, 0, 18885, 97871, 100, 321.99
2026/09/26 00:13:27.576, 1, 20133, 97871, 100, 333.27
2026/09/26 00:13:27.576, 2, 21069, 97871, 100, 354.63
2026/09/26 00:13:27.576, 3, 22317, 97871, 100, 363.92
2026/09/26 00:13:27.776, 0, 18885, 97871, 100, 337.19
2026/09/26 00:13:27.776, 1, 20133, 97871, 100, 316.91
2026/09/26 00:13:27.776, 2, 21069, 97871, 100, 368.27
2026/09/26 00:13:27.776, 3, 22317, 97871, 100, 340.79
2026/09/26 00:13:27.976, 0, 18885, 97871, 100, 340.98
2026/09/26 00:13:27.976, 1, 20133, 97871, 100, 303.45
2026/09/26 00:13:27.976, 2, 21069, 97871, 100, 368.49
2026/09/26 00:13:27.976, 3, 22317, 97871, 100, 339.39
2026/09/26 00:13:28.176, 0, 18885, 97871, 100, 328.97
2026/09/26 00:13:28.176, 1, 20133, 97871, 100, 320.15
2026/09/26 00:13:28.176, 2, 21069, 97871, 100, 360.74
2026/09/26 00:13:28.176, 3, 22317, 97871, 100, 357.01
2026/09/26 00:13:28.377, 0, 18885, 97871, 100, 311.67
2026/09/26 00:13:28.377, 1, 20133, 97871, 100, 311.65
2026/09/26 00:13:28.377, 2, 21069, 97871, 100, 385.68
2026/09/26 00:13:28.377, 3, 22317, 97871, 100, 324.99
2026/09/26 00:13:28.577, 0, 18885, 97871, 100, 307.42
2026/09/26 00:13:28.577, 1, 20133, 97871, 100, 328.07
2026/09/26 00:13:28.577, 2, 21069, 97871, 100, 386.55
2026/09/26 00:13:28.577, 3, 22317, 97871, 100, 330.04
2026/09/26 00:13:28.777, 0, 18885, 97871, 100, 303.25
2026/09/26 00:13:28.777, 1, 20133, 97871, 100, 339.67
2026/09/26 00:13:28.777, 2, 21069, 97871, 100, 371.14
2026/09/26 00:13:28.777, 3, 22317, 97871, 100, 341.60
2026/09/26 00:13:28.977, 0, 19129, 97871, 100, 285.13
2026/09/26 00:13:28.977, 1, 20377, 97871, 100, 348.80
2026/09/26 00:13:28.977, 2, 21313, 97871, 100, 336.03
2026/09/26 00:13:28.977, 3, 22561, 97871, 64, 335.85
2026/09/26 00:13:29.177, 0, 19421, 97871, 0, 250.86
2026/09/26 00:13:29.178, 1, 20669, 97871, 1, 290.19
2026/09/26 00:13:29.180, 2, 21605, 97871, 0, 288.24
2026/09/26 00:13:29.180, 3, 22853, 97871, 0, 280.91
2026/09/26 00:13:29.382, 0, 19421, 97871, 1, 216.66
2026/09/26 00:13:29.383, 1, 20669, 97871, 1, 224.59
2026/09/26 00:13:29.383, 2, 21605, 97871, 1, 233.94
2026/09/26 00:13:29.385, 3, 22853, 97871, 0, 246.80
2026/09/26 00:13:29.585, 0, 19423, 97871, 2, 179.20
2026/09/26 00:13:29.585, 1, 20671, 97871, 0, 192.17
2026/09/26 00:13:29.585, 2, 21607, 97871, 0, 198.57
2026/09/26 00:13:29.585, 3, 22855, 97871, 17, 217.29
2026/09/26 00:13:29.785, 0, 22239, 97871, 0, 139.36
2026/09/26 00:13:29.785, 1, 23487, 97871, 10, 146.83
2026/09/26 00:13:29.785, 2, 24423, 97871, 0, 147.60
2026/09/26 00:13:29.785, 3, 25671, 97871, 0, 168.77
2026/09/26 00:13:29.985, 0, 22239, 97871, 33, 154.02
2026/09/26 00:13:29.985, 1, 23487, 97871, 0, 174.81
2026/09/26 00:13:29.985, 2, 24423, 97871, 27, 154.13
2026/09/26 00:13:29.985, 3, 25671, 97871, 91, 158.01
2026/09/26 00:13:30.185, 0, 22239, 97871, 100, 174.91
2026/09/26 00:13:30.185, 1, 23487, 97871, 100, 217.24
2026/09/26 00:13:30.185, 2, 24423, 97871, 100, 208.74
2026/09/26 00:13:30.185, 3, 25671, 97871, 100, 214.94
2026/09/26 00:13:30.385, 0, 22239, 97871, 100, 197.24
2026/09/26 00:13:30.385, 1, 23487, 97871, 100, 248.22
2026/09/26 00:13:30.385, 2, 24423, 97871, 100, 244.33
2026/09/26 00:13:30.385, 3, 25671, 97871, 100, 270.43
2026/09/26 00:13:30.585, 0, 22239, 97871, 100, 221.46
2026/09/26 00:13:30.585, 1, 23487, 97871, 100, 297.98
2026/09/26 00:13:30.586, 2, 24423, 97871, 100, 288.32
2026/09/26 00:13:30.586, 3, 25671, 97871, 100, 317.66
2026/09/26 00:13:30.786, 0, 22239, 97871, 100, 253.91
2026/09/26 00:13:30.786, 1, 23487, 97871, 100, 349.24
2026/09/26 00:13:30.786, 2, 24423, 97871, 100, 321.32
2026/09/26 00:13:30.786, 3, 25671, 97871, 100, 373.92
2026/09/26 00:13:30.986, 0, 22239, 97871, 100, 256.22
2026/09/26 00:13:30.986, 1, 23487, 97871, 100, 331.55
2026/09/26 00:13:30.986, 2, 24423, 97871, 100, 342.74
2026/09/26 00:13:30.986, 3, 25671, 97871, 100, 401.08
2026/09/26 00:13:31.186, 0, 22239, 97871, 100, 267.68
2026/09/26 00:13:31.186, 1, 23487, 97871, 100, 339.34
2026/09/26 00:13:31.186, 2, 24423, 97871, 100, 332.54
2026/09/26 00:13:31.186, 3, 25671, 97871, 100, 399.07
2026/09/26 00:13:31.386, 0, 22239, 97871, 100, 278.97
2026/09/26 00:13:31.386, 1, 23487, 97871, 100, 343.19
2026/09/26 00:13:31.386, 2, 24423, 97871, 100, 339.75
2026/09/26 00:13:31.386, 3, 25671, 97871, 100, 403.63
2026/09/26 00:13:31.586, 0, 22239, 97871, 100, 279.37
2026/09/26 00:13:31.586, 1, 23487, 97871, 100, 335.73
2026/09/26 00:13:31.586, 2, 24423, 97871, 100, 338.00
2026/09/26 00:13:31.586, 3, 25671, 97871, 100, 408.47
2026/09/26 00:13:31.786, 0, 22239, 97871, 100, 286.45
2026/09/26 00:13:31.786, 1, 23487, 97871, 100, 315.94
2026/09/26 00:13:31.786, 2, 24423, 97871, 100, 366.46
2026/09/26 00:13:31.786, 3, 25671, 97871, 100, 399.95
2026/09/26 00:13:31.986, 0, 22239, 97871, 100, 298.61
2026/09/26 00:13:31.986, 1, 23487, 97871, 100, 344.63
2026/09/26 00:13:31.987, 2, 24423, 97871, 100, 362.92
2026/09/26 00:13:31.987, 3, 25671, 97871, 100, 379.91
2026/09/26 00:13:32.187, 0, 22239, 97871, 100, 329.08
2026/09/26 00:13:32.187, 1, 23487, 97871, 100, 324.00
2026/09/26 00:13:32.187, 2, 24423, 97871, 100, 354.33
2026/09/26 00:13:32.187, 3, 25671, 97871, 100, 380.58
2026/09/26 00:13:32.387, 0, 22239, 97871, 100, 325.60
2026/09/26 00:13:32.387, 1, 23487, 97871, 100, 324.79
2026/09/26 00:13:32.387, 2, 24423, 97871, 100, 361.29
2026/09/26 00:13:32.387, 3, 25671, 97871, 100, 359.67
2026/09/26 00:13:32.587, 0, 22239, 97871, 100, 346.10
2026/09/26 00:13:32.587, 1, 23487, 97871, 100, 305.12
2026/09/26 00:13:32.587, 2, 24423, 97871, 100, 373.48
2026/09/26 00:13:32.587, 3, 25671, 97871, 100, 340.84
2026/09/26 00:13:32.787, 0, 22239, 97871, 100, 336.73
2026/09/26 00:13:32.787, 1, 23487, 97871, 100, 315.99
2026/09/26 00:13:32.787, 2, 24423, 97871, 100, 366.98
2026/09/26 00:13:32.787, 3, 25671, 97871, 100, 340.60
2026/09/26 00:13:32.987, 0, 22239, 97871, 100, 329.71
2026/09/26 00:13:32.987, 1, 23487, 97871, 100, 306.69
2026/09/26 00:13:32.987, 2, 24423, 97871, 100, 365.28
2026/09/26 00:13:32.987, 3, 25671, 97871, 100, 356.82
2026/09/26 00:13:33.187, 0, 22239, 97871, 100, 301.36
2026/09/26 00:13:33.187, 1, 23487, 97871, 100, 330.22
2026/09/26 00:13:33.187, 2, 24423, 97871, 100, 391.08
2026/09/26 00:13:33.187, 3, 25671, 97871, 100, 329.85
2026/09/26 00:13:33.388, 0, 22239, 97871, 100, 309.07
2026/09/26 00:13:33.388, 1, 23487, 97871, 100, 332.56
2026/09/26 00:13:33.388, 2, 24423, 97871, 100, 378.52
2026/09/26 00:13:33.388, 3, 25671, 97871, 100, 332.61
2026/09/26 00:13:33.588, 0, 22239, 97871, 100, 301.12
2026/09/26 00:13:33.588, 1, 23487, 97871, 100, 351.02
2026/09/26 00:13:33.588, 2, 24423, 97871, 100, 373.49
2026/09/26 00:13:33.588, 3, 25671, 97871, 100, 345.60
2026/09/26 00:13:33.788, 0, 22241, 97871, 72, 280.51
2026/09/26 00:13:33.788, 1, 23489, 97871, 100, 315.17
2026/09/26 00:13:33.788, 2, 24425, 97871, 78, 331.45
2026/09/26 00:13:33.788, 3, 25673, 97871, 64, 323.35
2026/09/26 00:13:33.988, 0, 22241, 97871, 16, 243.06
2026/09/26 00:13:33.988, 1, 23489, 97871, 76, 274.40
2026/09/26 00:13:33.988, 2, 24425, 97871, 22, 290.36
2026/09/26 00:13:33.988, 3, 25673, 97871, 0, 281.50
2026/09/26 00:13:34.188, 0, 22241, 97871, 0, 213.90
2026/09/26 00:13:34.188, 1, 23489, 97871, 0, 221.09
2026/09/26 00:13:34.188, 2, 24425, 97871, 0, 229.49
2026/09/26 00:13:34.188, 3, 25673, 97871, 0, 248.37
2026/09/26 00:13:34.388, 0, 22241, 97871, 0, 172.28
2026/09/26 00:13:34.388, 1, 23489, 97871, 0, 182.67
2026/09/26 00:13:34.388, 2, 24425, 97871, 0, 196.07
2026/09/26 00:13:34.389, 3, 25673, 97871, 0, 206.10
2026/09/26 00:13:34.589, 0, 22241, 97871, 0, 129.61
2026/09/26 00:13:34.589, 1, 23489, 97871, 0, 138.80
2026/09/26 00:13:34.589, 2, 24425, 97871, 0, 141.33
2026/09/26 00:13:34.589, 3, 25673, 97871, 0, 154.33
2026/09/26 00:13:34.789, 0, 22241, 97871, 0, 121.15
2026/09/26 00:13:34.789, 1, 23489, 97871, 0, 124.51
2026/09/26 00:13:34.789, 2, 24425, 97871, 0, 126.87
2026/09/26 00:13:34.789, 3, 25673, 97871, 0, 126.70
2026/09/26 00:13:34.989, 0, 22241, 97871, 0, 117.32
2026/09/26 00:13:34.989, 1, 23489, 97871, 0, 125.25
2026/09/26 00:13:34.989, 2, 24425, 97871, 0, 119.87
2026/09/26 00:13:34.989, 3, 25673, 97871, 0, 122.29
2026/09/26 00:13:35.189, 0, 22241, 97871, 40, 153.51
2026/09/26 00:13:35.189, 1, 23489, 97871, 0, 163.17
2026/09/26 00:13:35.189, 2, 24425, 97871, 21, 147.63
2026/09/26 00:13:35.189, 3, 25673, 97871, 83, 150.82
2026/09/26 00:13:35.390, 0, 22241, 97871, 100, 186.28
2026/09/26 00:13:35.390, 1, 23489, 97871, 100, 207.95
2026/09/26 00:13:35.390, 2, 24425, 97871, 100, 200.68
2026/09/26 00:13:35.390, 3, 25673, 97871, 100, 209.62
2026/09/26 00:13:35.590, 0, 22241, 97871, 100, 225.51
2026/09/26 00:13:35.590, 1, 23489, 97871, 100, 250.42
2026/09/26 00:13:35.590, 2, 24425, 97871, 100, 244.05
2026/09/26 00:13:35.590, 3, 25673, 97871, 100, 258.96
2026/09/26 00:13:35.790, 0, 22241, 97871, 100, 261.05
2026/09/26 00:13:35.790, 1, 23489, 97871, 100, 292.36
2026/09/26 00:13:35.790, 2, 24425, 97871, 100, 288.61
2026/09/26 00:13:35.790, 3, 25673, 97871, 100, 307.11
2026/09/26 00:13:35.990, 0, 22241, 97871, 100, 308.03
2026/09/26 00:13:35.990, 1, 23489, 97871, 100, 325.92
2026/09/26 00:13:35.990, 2, 24425, 97871, 100, 333.81
2026/09/26 00:13:35.990, 3, 25673, 97871, 100, 362.19
2026/09/26 00:13:36.190, 0, 22241, 97871, 100, 310.55
2026/09/26 00:13:36.190, 1, 23489, 97871, 100, 336.06
2026/09/26 00:13:36.190, 2, 24425, 97871, 100, 349.48
2026/09/26 00:13:36.190, 3, 25673, 97871, 93, 384.32
2026/09/26 00:13:36.390, 0, 22241, 97871, 100, 315.08
2026/09/26 00:13:36.390, 1, 23489, 97871, 87, 333.16
2026/09/26 00:13:36.390, 2, 24425, 97871, 100, 348.08
2026/09/26 00:13:36.390, 3, 25673, 97871, 100, 378.04
2026/09/26 00:13:36.591, 0, 22241, 97871, 100, 316.12
2026/09/26 00:13:36.591, 1, 23489, 97871, 100, 332.99
2026/09/26 00:13:36.591, 2, 24425, 97871, 100, 355.36
2026/09/26 00:13:36.591, 3, 25673, 97871, 100, 377.22
2026/09/26 00:13:36.791, 0, 22241, 97871, 100, 317.93
2026/09/26 00:13:36.791, 1, 23489, 97871, 100, 336.19
2026/09/26 00:13:36.791, 2, 24425, 97871, 100, 355.36
2026/09/26 00:13:36.791, 3, 25673, 97871, 100, 379.03
2026/09/26 00:13:36.991, 0, 22241, 97871, 100, 315.93
2026/09/26 00:13:36.991, 1, 23489, 97871, 100, 339.17
2026/09/26 00:13:36.991, 2, 24425, 97871, 100, 352.31
2026/09/26 00:13:36.991, 3, 25673, 97871, 100, 382.90
2026/09/26 00:13:37.191, 0, 22241, 97871, 100, 317.30
2026/09/26 00:13:37.191, 1, 23489, 97871, 100, 334.04
2026/09/26 00:13:37.191, 2, 24425, 97871, 100, 357.22
2026/09/26 00:13:37.191, 3, 25673, 97871, 100, 386.45
2026/09/26 00:13:37.391, 0, 22241, 97871, 88, 317.86
2026/09/26 00:13:37.391, 1, 23489, 97871, 100, 334.65
2026/09/26 00:13:37.391, 2, 24425, 97871, 88, 351.00
2026/09/26 00:13:37.391, 3, 25673, 97871, 100, 379.22
2026/09/26 00:13:37.591, 0, 22241, 97871, 100, 316.64
2026/09/26 00:13:37.591, 1, 23489, 97871, 100, 338.84
2026/09/26 00:13:37.592, 2, 24425, 97871, 100, 350.31
2026/09/26 00:13:37.592, 3, 25673, 97871, 100, 378.35
2026/09/26 00:13:37.792, 0, 22241, 97871, 100, 316.89
2026/09/26 00:13:37.792, 1, 23489, 97871, 100, 336.23
2026/09/26 00:13:37.792, 2, 24425, 97871, 100, 349.07
2026/09/26 00:13:37.792, 3, 25673, 97871, 100, 383.27
2026/09/26 00:13:37.992, 0, 22241, 97871, 100, 313.11
2026/09/26 00:13:37.992, 1, 23489, 97871, 100, 338.89
2026/09/26 00:13:37.992, 2, 24425, 97871, 100, 350.38
2026/09/26 00:13:37.992, 3, 25673, 97871, 100, 378.46
2026/09/26 00:13:38.192, 0, 22241, 97871, 100, 315.48
2026/09/26 00:13:38.192, 1, 23489, 97871, 100, 336.51
2026/09/26 00:13:38.192, 2, 24425, 97871, 100, 348.87
2026/09/26 00:13:38.192, 3, 25673, 97871, 100, 379.99
2026/09/26 00:13:38.392, 0, 22241, 97871, 100, 315.77
2026/09/26 00:13:38.392, 1, 23489, 97871, 100, 337.96
2026/09/26 00:13:38.392, 2, 24425, 97871, 100, 349.81
2026/09/26 00:13:38.392, 3, 25673, 97871, 89, 381.62
2026/09/26 00:13:38.592, 0, 22241, 97871, 100, 316.83
2026/09/26 00:13:38.592, 1, 23489, 97871, 100, 336.44
2026/09/26 00:13:38.593, 2, 24425, 97871, 100, 347.08
2026/09/26 00:13:38.593, 3, 25673, 97871, 100, 379.05
2026/09/26 00:13:38.793, 0, 22241, 97871, 100, 314.52
2026/09/26 00:13:38.793, 1, 23489, 97871, 100, 337.77
2026/09/26 00:13:38.793, 2, 24425, 97871, 100, 350.24
2026/09/26 00:13:38.793, 3, 25673, 97871, 100, 377.78
2026/09/26 00:13:38.993, 0, 22241, 97871, 100, 320.92
2026/09/26 00:13:38.993, 1, 23489, 97871, 100, 332.34
2026/09/26 00:13:38.993, 2, 24425, 97871, 100, 349.35
2026/09/26 00:13:38.993, 3, 25673, 97871, 100, 380.42
2026/09/26 00:13:39.193, 0, 22241, 97871, 100, 312.94
2026/09/26 00:13:39.193, 1, 23489, 97871, 100, 326.27
2026/09/26 00:13:39.193, 2, 24425, 97871, 100, 343.27
2026/09/26 00:13:39.193, 3, 25673, 97871, 100, 373.42
2026/09/26 00:13:39.393, 0, 22241, 97871, 75, 310.79
2026/09/26 00:13:39.393, 1, 23489, 97871, 83, 327.75
2026/09/26 00:13:39.393, 2, 24425, 97871, 59, 344.15
2026/09/26 00:13:39.393, 3, 25673, 97871, 100, 371.05
2026/09/26 00:13:39.593, 0, 22241, 97871, 100, 308.66
2026/09/26 00:13:39.593, 1, 23489, 97871, 100, 331.52
2026/09/26 00:13:39.593, 2, 24425, 97871, 100, 346.57
2026/09/26 00:13:39.593, 3, 25673, 97871, 100, 369.71
2026/09/26 00:13:39.793, 0, 22241, 97871, 100, 308.35
2026/09/26 00:13:39.793, 1, 23489, 97871, 100, 329.10
2026/09/26 00:13:39.793, 2, 24425, 97871, 100, 342.15
2026/09/26 00:13:39.793, 3, 25673, 97871, 100, 375.81
2026/09/26 00:13:39.994, 0, 22241, 97871, 100, 306.81
2026/09/26 00:13:39.994, 1, 23489, 97871, 100, 332.85
2026/09/26 00:13:39.994, 2, 24425, 97871, 100, 342.72
2026/09/26 00:13:39.994, 3, 25673, 97871, 100, 371.98
2026/09/26 00:13:40.194, 0, 22241, 97871, 100, 313.86
2026/09/26 00:13:40.194, 1, 23489, 97871, 100, 336.02
2026/09/26 00:13:40.194, 2, 24425, 97871, 100, 346.86
2026/09/26 00:13:40.194, 3, 25673, 97871, 100, 379.93
2026/09/26 00:13:40.394, 0, 22241, 97871, 100, 312.99
2026/09/26 00:13:40.394, 1, 23489, 97871, 100, 337.31
2026/09/26 00:13:40.394, 2, 24425, 97871, 100, 350.78
2026/09/26 00:13:40.394, 3, 25673, 97871, 88, 380.43
2026/09/26 00:13:40.594, 0, 22241, 97871, 100, 315.43
2026/09/26 00:13:40.594, 1, 23489, 97871, 100, 336.90
2026/09/26 00:13:40.594, 2, 24425, 97871, 100, 347.84
2026/09/26 00:13:40.594, 3, 25673, 97871, 100, 386.02
2026/09/26 00:13:40.794, 0, 22241, 97871, 100, 314.16
2026/09/26 00:13:40.794, 1, 23489, 97871, 100, 334.56
2026/09/26 00:13:40.794, 2, 24425, 97871, 100, 356.02
2026/09/26 00:13:40.794, 3, 25673, 97871, 100, 379.47
2026/09/26 00:13:40.994, 0, 22241, 97871, 100, 310.90
2026/09/26 00:13:40.994, 1, 23489, 97871, 100, 335.48
2026/09/26 00:13:40.994, 2, 24425, 97871, 100, 351.72
2026/09/26 00:13:40.994, 3, 25673, 97871, 100, 383.23
2026/09/26 00:13:41.194, 0, 22241, 97871, 100, 313.84
2026/09/26 00:13:41.194, 1, 23489, 97871, 100, 337.60
2026/09/26 00:13:41.194, 2, 24425, 97871, 100, 354.53
2026/09/26 00:13:41.194, 3, 25673, 97871, 100, 378.08
2026/09/26 00:13:41.395, 0, 22241, 97871, 100, 310.43
2026/09/26 00:13:41.395, 1, 23489, 97871, 100, 340.46
2026/09/26 00:13:41.395, 2, 24425, 97871, 100, 353.48
2026/09/26 00:13:41.395, 3, 25673, 97871, 100, 386.05
2026/09/26 00:13:41.595, 0, 22241, 97871, 99, 315.69
2026/09/26 00:13:41.595, 1, 23489, 97871, 88, 335.19
2026/09/26 00:13:41.595, 2, 24425, 97871, 91, 348.97
2026/09/26 00:13:41.595, 3, 25673, 97871, 100, 378.94
2026/09/26 00:13:41.795, 0, 22241, 97871, 100, 317.67
2026/09/26 00:13:41.795, 1, 23489, 97871, 100, 338.21
2026/09/26 00:13:41.795, 2, 24425, 97871, 100, 355.61
2026/09/26 00:13:41.795, 3, 25673, 97871, 100, 375.66
2026/09/26 00:13:41.995, 0, 22241, 97871, 100, 318.38
2026/09/26 00:13:41.995, 1, 23489, 97871, 100, 339.86
2026/09/26 00:13:41.995, 2, 24425, 97871, 100, 353.14
2026/09/26 00:13:41.995, 3, 25673, 97871, 100, 378.58
2026/09/26 00:13:42.195, 0, 22241, 97871, 100, 314.76
2026/09/26 00:13:42.195, 1, 23489, 97871, 100, 337.52
2026/09/26 00:13:42.195, 2, 24425, 97871, 100, 349.57
2026/09/26 00:13:42.195, 3, 25673, 97871, 100, 381.26
2026/09/26 00:13:42.395, 0, 22241, 97871, 100, 318.93
2026/09/26 00:13:42.395, 1, 23489, 97871, 100, 334.05
2026/09/26 00:13:42.395, 2, 24425, 97871, 100, 355.17
2026/09/26 00:13:42.395, 3, 25673, 97871, 100, 381.19
2026/09/26 00:13:42.595, 0, 22241, 97871, 89, 318.61
2026/09/26 00:13:42.595, 1, 23489, 97871, 100, 336.17
2026/09/26 00:13:42.595, 2, 24425, 97871, 89, 350.12
2026/09/26 00:13:42.595, 3, 25673, 97871, 89, 379.27
2026/09/26 00:13:42.796, 0, 22241, 97871, 100, 317.76
2026/09/26 00:13:42.796, 1, 23489, 97871, 100, 338.06
2026/09/26 00:13:42.796, 2, 24425, 97871, 100, 347.14
2026/09/26 00:13:42.796, 3, 25673, 97871, 100, 383.57
2026/09/26 00:13:42.996, 0, 22241, 97871, 100, 315.01
2026/09/26 00:13:42.996, 1, 23489, 97871, 100, 334.30
2026/09/26 00:13:42.996, 2, 24425, 97871, 100, 348.35
2026/09/26 00:13:42.996, 3, 25673, 97871, 100, 382.25
2026/09/26 00:13:43.196, 0, 22241, 97871, 100, 319.56
2026/09/26 00:13:43.196, 1, 23489, 97871, 100, 334.80
2026/09/26 00:13:43.196, 2, 24425, 97871, 100, 350.86
2026/09/26 00:13:43.196, 3, 25673, 97871, 100, 384.42
2026/09/26 00:13:43.396, 0, 22241, 97871, 100, 308.31
2026/09/26 00:13:43.396, 1, 23489, 97871, 100, 330.80
2026/09/26 00:13:43.396, 2, 24425, 97871, 100, 339.04
2026/09/26 00:13:43.396, 3, 25673, 97871, 91, 373.86
2026/09/26 00:13:43.596, 0, 22241, 97871, 96, 307.69
2026/09/26 00:13:43.596, 1, 23489, 97871, 71, 332.88
2026/09/26 00:13:43.596, 2, 24425, 97871, 88, 345.37
2026/09/26 00:13:43.596, 3, 25673, 97871, 100, 377.61
2026/09/26 00:13:43.796, 0, 22241, 97871, 100, 309.49
2026/09/26 00:13:43.796, 1, 23489, 97871, 100, 330.84
2026/09/26 00:13:43.796, 2, 24425, 97871, 100, 349.52
2026/09/26 00:13:43.796, 3, 25673, 97871, 100, 374.36
2026/09/26 00:13:43.996, 0, 22241, 97871, 100, 311.79
2026/09/26 00:13:43.997, 1, 23489, 97871, 100, 334.20
2026/09/26 00:13:43.997, 2, 24425, 97871, 100, 345.15
2026/09/26 00:13:43.997, 3, 25673, 97871, 100, 375.86
2026/09/26 00:13:44.197, 0, 22241, 97871, 100, 307.67
2026/09/26 00:13:44.197, 1, 23489, 97871, 100, 333.63
2026/09/26 00:13:44.197, 2, 24425, 97871, 100, 343.55
2026/09/26 00:13:44.197, 3, 25673, 97871, 100, 375.10
2026/09/26 00:13:44.397, 0, 22241, 97871, 100, 321.14
2026/09/26 00:13:44.397, 1, 23489, 97871, 100, 335.45
2026/09/26 00:13:44.397, 2, 24425, 97871, 100, 351.03
2026/09/26 00:13:44.397, 3, 25673, 97871, 100, 386.48
2026/09/26 00:13:44.597, 0, 22241, 97871, 88, 322.55
2026/09/26 00:13:44.597, 1, 23489, 97871, 100, 333.49
2026/09/26 00:13:44.597, 2, 24425, 97871, 88, 349.93
2026/09/26 00:13:44.597, 3, 25673, 97871, 88, 381.13
2026/09/26 00:13:44.797, 0, 22241, 97871, 100, 320.73
2026/09/26 00:13:44.797, 1, 23489, 97871, 100, 335.76
2026/09/26 00:13:44.797, 2, 24425, 97871, 100, 347.18
2026/09/26 00:13:44.797, 3, 25673, 97871, 100, 388.67
2026/09/26 00:13:44.997, 0, 22241, 97871, 100, 320.48
2026/09/26 00:13:44.997, 1, 23489, 97871, 100, 334.83
2026/09/26 00:13:44.997, 2, 24425, 97871, 100, 351.30
2026/09/26 00:13:44.997, 3, 25673, 97871, 100, 386.38
2026/09/26 00:13:45.197, 0, 22241, 97871, 100, 316.84
2026/09/26 00:13:45.197, 1, 23489, 97871, 100, 340.24
2026/09/26 00:13:45.197, 2, 24425, 97871, 100, 350.69
2026/09/26 00:13:45.197, 3, 25673, 97871, 100, 381.17
2026/09/26 00:13:45.398, 0, 22241, 97871, 100, 316.58
2026/09/26 00:13:45.398, 1, 23489, 97871, 100, 336.92
2026/09/26 00:13:45.398, 2, 24425, 97871, 100, 355.69
2026/09/26 00:13:45.398, 3, 25673, 97871, 100, 383.43
2026/09/26 00:13:45.598, 0, 22241, 97871, 100, 314.22
2026/09/26 00:13:45.598, 1, 23489, 97871, 100, 343.20
2026/09/26 00:13:45.598, 2, 24425, 97871, 100, 351.34
2026/09/26 00:13:45.598, 3, 25673, 97871, 91, 384.54
2026/09/26 00:13:45.798, 0, 22241, 97871, 100, 320.87
2026/09/26 00:13:45.798, 1, 23489, 97871, 88, 342.99
2026/09/26 00:13:45.798, 2, 24425, 97871, 100, 349.46
2026/09/26 00:13:45.798, 3, 25673, 97871, 100, 381.32
2026/09/26 00:13:45.998, 0, 22241, 97871, 100, 317.26
2026/09/26 00:13:45.998, 1, 23489, 97871, 100, 335.53
2026/09/26 00:13:45.998, 2, 24425, 97871, 100, 357.65
2026/09/26 00:13:45.998, 3, 25673, 97871, 100, 381.53
2026/09/26 00:13:46.198, 0, 22241, 97871, 100, 316.95
2026/09/26 00:13:46.198, 1, 23489, 97871, 100, 338.48
2026/09/26 00:13:46.198, 2, 24425, 97871, 100, 359.07
2026/09/26 00:13:46.198, 3, 25673, 97871, 100, 384.15
2026/09/26 00:13:46.398, 0, 22241, 97871, 100, 320.68
2026/09/26 00:13:46.398, 1, 23489, 97871, 100, 340.56
2026/09/26 00:13:46.398, 2, 24425, 97871, 100, 354.11
2026/09/26 00:13:46.398, 3, 25673, 97871, 100, 380.75
2026/09/26 00:13:46.598, 0, 22241, 97871, 100, 317.88
2026/09/26 00:13:46.598, 1, 23489, 97871, 100, 338.67
2026/09/26 00:13:46.598, 2, 24425, 97871, 100, 359.87
2026/09/26 00:13:46.598, 3, 25673, 97871, 100, 389.51
2026/09/26 00:13:46.799, 0, 22241, 97871, 90, 320.89
2026/09/26 00:13:46.799, 1, 23489, 97871, 98, 338.35
2026/09/26 00:13:46.799, 2, 24425, 97871, 90, 352.74
2026/09/26 00:13:46.799, 3, 25673, 97871, 100, 382.64
2026/09/26 00:13:46.999, 0, 22241, 97871, 100, 321.70
2026/09/26 00:13:46.999, 1, 23489, 97871, 100, 338.80
2026/09/26 00:13:46.999, 2, 24425, 97871, 100, 349.51
2026/09/26 00:13:46.999, 3, 25673, 97871, 100, 385.87
2026/09/26 00:13:47.199, 0, 22241, 97871, 100, 319.78
2026/09/26 00:13:47.199, 1, 23489, 97871, 100, 336.99
2026/09/26 00:13:47.199, 2, 24425, 97871, 100, 343.98
2026/09/26 00:13:47.199, 3, 25673, 97871, 100, 383.74
2026/09/26 00:13:47.399, 0, 22241, 97871, 100, 316.19
2026/09/26 00:13:47.399, 1, 23489, 97871, 100, 335.75
2026/09/26 00:13:47.399, 2, 24425, 97871, 100, 345.11
2026/09/26 00:13:47.399, 3, 25673, 97871, 100, 386.54
2026/09/26 00:13:47.599, 0, 22241, 97871, 100, 312.09
2026/09/26 00:13:47.599, 1, 23489, 97871, 100, 332.48
2026/09/26 00:13:47.599, 2, 24425, 97871, 100, 334.11
2026/09/26 00:13:47.599, 3, 25673, 97871, 71, 368.27
2026/09/26 00:13:47.799, 0, 22241, 97871, 100, 309.99
2026/09/26 00:13:47.799, 1, 23489, 97871, 87, 333.82
2026/09/26 00:13:47.799, 2, 24425, 97871, 100, 341.88
2026/09/26 00:13:47.799, 3, 25673, 97871, 100, 374.37
2026/09/26 00:13:47.999, 0, 22241, 97871, 100, 310.20
2026/09/26 00:13:48.000, 1, 23489, 97871, 100, 329.39
2026/09/26 00:13:48.000, 2, 24425, 97871, 100, 344.20
2026/09/26 00:13:48.000, 3, 25673, 97871, 100, 372.58
2026/09/26 00:13:48.200, 0, 22241, 97871, 100, 308.61
2026/09/26 00:13:48.200, 1, 23489, 97871, 100, 331.83
2026/09/26 00:13:48.200, 2, 24425, 97871, 100, 349.03
2026/09/26 00:13:48.200, 3, 25673, 97871, 100, 372.83
2026/09/26 00:13:48.400, 0, 22241, 97871, 100, 314.90
2026/09/26 00:13:48.400, 1, 23489, 97871, 100, 334.35
2026/09/26 00:13:48.400, 2, 24425, 97871, 100, 349.63
2026/09/26 00:13:48.400, 3, 25673, 97871, 100, 371.06
2026/09/26 00:13:48.600, 0, 22241, 97871, 100, 318.37
2026/09/26 00:13:48.600, 1, 23489, 97871, 100, 338.90
2026/09/26 00:13:48.600, 2, 24425, 97871, 100, 359.14
2026/09/26 00:13:48.600, 3, 25673, 97871, 100, 388.95
2026/09/26 00:13:48.800, 0, 22241, 97871, 88, 323.02
2026/09/26 00:13:48.800, 1, 23489, 97871, 98, 336.92
2026/09/26 00:13:48.800, 2, 24425, 97871, 88, 351.41
2026/09/26 00:13:48.800, 3, 25673, 97871, 100, 381.61
2026/09/26 00:13:49.000, 0, 22241, 97871, 100, 322.65
2026/09/26 00:13:49.000, 1, 23489, 97871, 100, 342.25
2026/09/26 00:13:49.000, 2, 24425, 97871, 100, 348.81
2026/09/26 00:13:49.000, 3, 25673, 97871, 100, 381.26
2026/09/26 00:13:49.200, 0, 22241, 97871, 100, 322.51
2026/09/26 00:13:49.200, 1, 23489, 97871, 100, 339.74
2026/09/26 00:13:49.200, 2, 24425, 97871, 100, 347.32
2026/09/26 00:13:49.200, 3, 25673, 97871, 100, 385.71
2026/09/26 00:13:49.400, 0, 22241, 97871, 100, 317.25
2026/09/26 00:13:49.401, 1, 23489, 97871, 100, 339.10
2026/09/26 00:13:49.401, 2, 24425, 97871, 100, 345.26
2026/09/26 00:13:49.401, 3, 25673, 97871, 100, 382.62
2026/09/26 00:13:49.601, 0, 22241, 97871, 100, 321.63
2026/09/26 00:13:49.601, 1, 23489, 97871, 100, 337.77
2026/09/26 00:13:49.601, 2, 24425, 97871, 100, 346.40
2026/09/26 00:13:49.601, 3, 25673, 97871, 100, 380.88
2026/09/26 00:13:49.801, 0, 22241, 97871, 100, 320.48
2026/09/26 00:13:49.801, 1, 23489, 97871, 100, 338.28
2026/09/26 00:13:49.801, 2, 24425, 97871, 100, 347.99
2026/09/26 00:13:49.801, 3, 25673, 97871, 88, 379.47
2026/09/26 00:13:50.001, 0, 22241, 97871, 100, 319.11
2026/09/26 00:13:50.001, 1, 23489, 97871, 100, 341.18
2026/09/26 00:13:50.001, 2, 24425, 97871, 100, 344.42
2026/09/26 00:13:50.001, 3, 25673, 97871, 100, 389.05
2026/09/26 00:13:50.201, 0, 22241, 97871, 100, 317.22
2026/09/26 00:13:50.201, 1, 23489, 97871, 100, 337.76
2026/09/26 00:13:50.201, 2, 24425, 97871, 100, 350.39
2026/09/26 00:13:50.201, 3, 25673, 97871, 100, 381.86
2026/09/26 00:13:50.401, 0, 22241, 97871, 100, 312.35
2026/09/26 00:13:50.401, 1, 23489, 97871, 100, 337.92
2026/09/26 00:13:50.401, 2, 24425, 97871, 100, 346.13
2026/09/26 00:13:50.401, 3, 25673, 97871, 100, 386.72
2026/09/26 00:13:50.601, 0, 22241, 97871, 100, 318.89
2026/09/26 00:13:50.601, 1, 23489, 97871, 100, 337.05
2026/09/26 00:13:50.601, 2, 24425, 97871, 100, 351.85
2026/09/26 00:13:50.601, 3, 25673, 97871, 100, 382.95
2026/09/26 00:13:50.802, 0, 22241, 97871, 100, 313.55
2026/09/26 00:13:50.802, 1, 23489, 97871, 100, 339.28
2026/09/26 00:13:50.802, 2, 24425, 97871, 100, 349.34
2026/09/26 00:13:50.802, 3, 25673, 97871, 100, 386.60
2026/09/26 00:13:51.002, 0, 22241, 97871, 100, 317.47
2026/09/26 00:13:51.002, 1, 23489, 97871, 90, 336.97
2026/09/26 00:13:51.002, 2, 24425, 97871, 99, 350.74
2026/09/26 00:13:51.002, 3, 25673, 97871, 100, 382.13
2026/09/26 00:13:51.202, 0, 22241, 97871, 100, 319.28
2026/09/26 00:13:51.202, 1, 23489, 97871, 100, 335.67
2026/09/26 00:13:51.202, 2, 24425, 97871, 100, 350.52
2026/09/26 00:13:51.202, 3, 25673, 97871, 100, 381.67
2026/09/26 00:13:51.402, 0, 22241, 97871, 100, 321.24
2026/09/26 00:13:51.402, 1, 23489, 97871, 100, 336.48
2026/09/26 00:13:51.402, 2, 24425, 97871, 100, 352.76
2026/09/26 00:13:51.402, 3, 25673, 97871, 100, 380.28
2026/09/26 00:13:51.602, 0, 22241, 97871, 100, 314.98
2026/09/26 00:13:51.602, 1, 23489, 97871, 100, 336.98
2026/09/26 00:13:51.602, 2, 24425, 97871, 100, 344.22
2026/09/26 00:13:51.602, 3, 25673, 97871, 100, 384.91
2026/09/26 00:13:51.802, 0, 22275, 97871, 64, 297.85
2026/09/26 00:13:51.802, 1, 23523, 97871, 100, 317.83
2026/09/26 00:13:51.802, 2, 24459, 97871, 70, 327.83
2026/09/26 00:13:51.802, 3, 25707, 97871, 21, 362.09
2026/09/26 00:13:52.002, 0, 22275, 97871, 100, 294.97
2026/09/26 00:13:52.003, 1, 23523, 97871, 68, 306.91
2026/09/26 00:13:52.003, 2, 24459, 97871, 100, 330.90
2026/09/26 00:13:52.003, 3, 25707, 97871, 100, 358.21
2026/09/26 00:13:52.203, 0, 22275, 97871, 51, 273.08
2026/09/26 00:13:52.203, 1, 23523, 97871, 86, 282.22
2026/09/26 00:13:52.203, 2, 24459, 97871, 42, 301.05
2026/09/26 00:13:52.203, 3, 25707, 97871, 45, 326.06
2026/09/26 00:13:52.403, 0, 22275, 97871, 50, 245.32
2026/09/26 00:13:52.403, 1, 23523, 97871, 70, 256.03
2026/09/26 00:13:52.403, 2, 24459, 97871, 31, 271.51
2026/09/26 00:13:52.403, 3, 25707, 97871, 43, 292.53
2026/09/26 00:13:52.603, 0, 22275, 97871, 52, 222.65
2026/09/26 00:13:52.603, 1, 23523, 97871, 63, 229.29
2026/09/26 00:13:52.603, 2, 24459, 97871, 30, 242.34
2026/09/26 00:13:52.603, 3, 25707, 97871, 48, 254.70
2026/09/26 00:13:52.803, 0, 22275, 97871, 47, 213.82
2026/09/26 00:13:52.803, 1, 23523, 97871, 62, 219.71
2026/09/26 00:13:52.803, 2, 24459, 97871, 31, 233.54
2026/09/26 00:13:52.803, 3, 25707, 97871, 47, 243.54
2026/09/26 00:13:53.003, 0, 22275, 97871, 55, 189.60
2026/09/26 00:13:53.003, 1, 23523, 97871, 66, 197.79
2026/09/26 00:13:53.003, 2, 24459, 97871, 30, 204.69
2026/09/26 00:13:53.003, 3, 25707, 97871, 62, 206.17
2026/09/26 00:13:53.203, 0, 22275, 97871, 55, 189.96
2026/09/26 00:13:53.203, 1, 23523, 97871, 67, 198.26
2026/09/26 00:13:53.203, 2, 24459, 97871, 29, 199.04
2026/09/26 00:13:53.204, 3, 25707, 97871, 65, 206.20
2026/09/26 00:13:53.404, 0, 22275, 97871, 58, 190.26
2026/09/26 00:13:53.404, 1, 23523, 97871, 64, 198.46
2026/09/26 00:13:53.404, 2, 24459, 97871, 30, 198.37
2026/09/26 00:13:53.404, 3, 25707, 97871, 55, 206.32
2026/09/26 00:13:53.604, 0, 22275, 97871, 64, 189.51
2026/09/26 00:13:53.604, 1, 23523, 97871, 75, 199.15
2026/09/26 00:13:53.604, 2, 24459, 97871, 30, 198.26
2026/09/26 00:13:53.604, 3, 25707, 97871, 65, 205.60
2026/09/26 00:13:53.804, 0, 22275, 97871, 64, 189.15
2026/09/26 00:13:53.804, 1, 23523, 97871, 70, 200.58
2026/09/26 00:13:53.804, 2, 24459, 97871, 31, 198.16
2026/09/26 00:13:53.804, 3, 25707, 97871, 75, 207.24
2026/09/26 00:13:54.004, 0, 22275, 97871, 56, 189.50
2026/09/26 00:13:54.004, 1, 23523, 97871, 68, 201.03
2026/09/26 00:13:54.004, 2, 24459, 97871, 31, 199.46
2026/09/26 00:13:54.004, 3, 25707, 97871, 57, 210.24
2026/09/26 00:13:54.204, 0, 22275, 97871, 59, 190.13
2026/09/26 00:13:54.204, 1, 23523, 97871, 68, 201.07
2026/09/26 00:13:54.204, 2, 24459, 97871, 32, 199.13
2026/09/26 00:13:54.204, 3, 25707, 97871, 61, 209.48
2026/09/26 00:13:54.404, 0, 22275, 97871, 59, 190.02
2026/09/26 00:13:54.404, 1, 23523, 97871, 66, 201.89
2026/09/26 00:13:54.404, 2, 24459, 97871, 32, 200.25
2026/09/26 00:13:54.404, 3, 25707, 97871, 56, 208.26
2026/09/26 00:13:54.605, 0, 22275, 97871, 52, 190.17
2026/09/26 00:13:54.605, 1, 23523, 97871, 67, 202.68
2026/09/26 00:13:54.605, 2, 24459, 97871, 32, 200.60
2026/09/26 00:13:54.605, 3, 25707, 97871, 63, 208.64
2026/09/26 00:13:54.805, 0, 22275, 97871, 58, 191.22
2026/09/26 00:13:54.805, 1, 23523, 97871, 66, 202.43
2026/09/26 00:13:54.805, 2, 24459, 97871, 32, 201.26
2026/09/26 00:13:54.805, 3, 25707, 97871, 63, 207.25
2026/09/26 00:13:55.005, 0, 22275, 97871, 53, 191.56
2026/09/26 00:13:55.005, 1, 23523, 97871, 70, 202.35
2026/09/26 00:13:55.005, 2, 24459, 97871, 32, 200.67
2026/09/26 00:13:55.005, 3, 25707, 97871, 54, 207.57
2026/09/26 00:13:55.205, 0, 22275, 97871, 58, 192.13
2026/09/26 00:13:55.205, 1, 23523, 97871, 71, 203.13
2026/09/26 00:13:55.205, 2, 24459, 97871, 33, 201.13
2026/09/26 00:13:55.205, 3, 25707, 97871, 61, 206.17
2026/09/26 00:13:55.405, 0, 22275, 97871, 55, 192.80
2026/09/26 00:13:55.405, 1, 23523, 97871, 69, 203.49
2026/09/26 00:13:55.405, 2, 24459, 97871, 32, 201.17
2026/09/26 00:13:55.405, 3, 25707, 97871, 63, 206.98
2026/09/26 00:13:55.605, 0, 22275, 97871, 66, 193.59
2026/09/26 00:13:55.605, 1, 23523, 97871, 63, 204.60
2026/09/26 00:13:55.605, 2, 24459, 97871, 32, 202.35
2026/09/26 00:13:55.605, 3, 25707, 97871, 67, 208.70
2026/09/26 00:13:55.805, 0, 22275, 97871, 57, 193.69
2026/09/26 00:13:55.805, 1, 23523, 97871, 68, 204.96
2026/09/26 00:13:55.805, 2, 24459, 97871, 32, 202.66
2026/09/26 00:13:55.805, 3, 25707, 97871, 57, 211.31
2026/09/26 00:13:56.006, 0, 22275, 97871, 55, 194.33
2026/09/26 00:13:56.006, 1, 23523, 97871, 73, 205.31
2026/09/26 00:13:56.006, 2, 24459, 97871, 31, 203.01
2026/09/26 00:13:56.006, 3, 25707, 97871, 52, 211.42
2026/09/26 00:13:56.206, 0, 22275, 97871, 59, 194.09
2026/09/26 00:13:56.206, 1, 23523, 97871, 67, 204.94
2026/09/26 00:13:56.206, 2, 24459, 97871, 32, 203.40
2026/09/26 00:13:56.206, 3, 25707, 97871, 59, 212.10
2026/09/26 00:13:56.406, 0, 22275, 97871, 60, 193.88
2026/09/26 00:13:56.406, 1, 23523, 97871, 68, 204.76
2026/09/26 00:13:56.406, 2, 24459, 97871, 32, 204.42
2026/09/26 00:13:56.406, 3, 25707, 97871, 59, 212.41
2026/09/26 00:13:56.606, 0, 22275, 97871, 57, 191.47
2026/09/26 00:13:56.606, 1, 23523, 97871, 70, 201.50
2026/09/26 00:13:56.606, 2, 24459, 97871, 31, 201.79
2026/09/26 00:13:56.606, 3, 25707, 97871, 53, 209.35
2026/09/26 00:13:56.806, 0, 22275, 97871, 49, 189.78
2026/09/26 00:13:56.806, 1, 23523, 97871, 70, 199.36
2026/09/26 00:13:56.806, 2, 24459, 97871, 29, 199.17
2026/09/26 00:13:56.806, 3, 25707, 97871, 55, 205.99
2026/09/26 00:13:57.006, 0, 22275, 97871, 50, 187.71
2026/09/26 00:13:57.006, 1, 23523, 97871, 64, 198.57
2026/09/26 00:13:57.006, 2, 24459, 97871, 30, 197.29
2026/09/26 00:13:57.006, 3, 25707, 97871, 65, 204.71
2026/09/26 00:13:57.206, 0, 22275, 97871, 59, 185.86
2026/09/26 00:13:57.206, 1, 23523, 97871, 75, 197.09
2026/09/26 00:13:57.206, 2, 24459, 97871, 29, 195.13
2026/09/26 00:13:57.207, 3, 25707, 97871, 57, 203.39
2026/09/26 00:13:57.407, 0, 22275, 97871, 56, 184.93
2026/09/26 00:13:57.407, 1, 23523, 97871, 66, 195.31
2026/09/26 00:13:57.407, 2, 24459, 97871, 30, 193.06
2026/09/26 00:13:57.407, 3, 25707, 97871, 56, 202.14
2026/09/26 00:13:57.607, 0, 22275, 97871, 56, 184.86
2026/09/26 00:13:57.607, 1, 23523, 97871, 71, 196.06
2026/09/26 00:13:57.607, 2, 24459, 97871, 28, 193.42
2026/09/26 00:13:57.607, 3, 25707, 97871, 56, 203.62
2026/09/26 00:13:57.807, 0, 22275, 97871, 54, 185.26
2026/09/26 00:13:57.807, 1, 23523, 97871, 65, 196.30
2026/09/26 00:13:57.807, 2, 24459, 97871, 30, 193.83
2026/09/26 00:13:57.807, 3, 25707, 97871, 48, 203.96
2026/09/26 00:13:58.007, 0, 22275, 97871, 46, 201.74
2026/09/26 00:13:58.007, 1, 23523, 97871, 72, 218.07
2026/09/26 00:13:58.007, 2, 24459, 97871, 28, 208.30
2026/09/26 00:13:58.007, 3, 25707, 97871, 100, 220.35
2026/09/26 00:13:58.207, 0, 22277, 97871, 100, 224.57
2026/09/26 00:13:58.207, 1, 23525, 97871, 100, 233.63
2026/09/26 00:13:58.207, 2, 24461, 97871, 100, 238.64
2026/09/26 00:13:58.207, 3, 25709, 97871, 62, 251.02
2026/09/26 00:13:58.407, 0, 22277, 97871, 33, 221.01
2026/09/26 00:13:58.408, 1, 23525, 97871, 76, 230.27
2026/09/26 00:13:58.408, 2, 24461, 97871, 24, 235.82
2026/09/26 00:13:58.408, 3, 25709, 97871, 35, 247.57
2026/09/26 00:13:58.608, 0, 22277, 97871, 32, 216.69
2026/09/26 00:13:58.608, 1, 23525, 97871, 50, 225.59
2026/09/26 00:13:58.608, 2, 24461, 97871, 20, 230.37
2026/09/26 00:13:58.608, 3, 25709, 97871, 37, 241.06
2026/09/26 00:13:58.808, 0, 22277, 97871, 34, 213.16
2026/09/26 00:13:58.808, 1, 23525, 97871, 49, 222.40
2026/09/26 00:13:58.808, 2, 24461, 97871, 19, 226.59
2026/09/26 00:13:58.808, 3, 25709, 97871, 38, 236.58
2026/09/26 00:13:59.008, 0, 22277, 97871, 32, 195.03
2026/09/26 00:13:59.008, 1, 23525, 97871, 52, 195.87
2026/09/26 00:13:59.008, 2, 24461, 97871, 19, 207.60
2026/09/26 00:13:59.008, 3, 25709, 97871, 48, 215.54
2026/09/26 00:13:59.208, 0, 22277, 97871, 53, 166.79
2026/09/26 00:13:59.208, 1, 23525, 97871, 56, 177.39
2026/09/26 00:13:59.208, 2, 24461, 97871, 19, 176.15
2026/09/26 00:13:59.208, 3, 25709, 97871, 43, 180.52
2026/09/26 00:13:59.408, 0, 22277, 97871, 34, 166.34
2026/09/26 00:13:59.408, 1, 23525, 97871, 61, 177.29
2026/09/26 00:13:59.408, 2, 24461, 97871, 20, 172.24
2026/09/26 00:13:59.408, 3, 25709, 97871, 38, 178.89
2026/09/26 00:13:59.608, 0, 22277, 97871, 38, 171.79
2026/09/26 00:13:59.608, 1, 23525, 97871, 53, 185.99
2026/09/26 00:13:59.608, 2, 24461, 97871, 20, 171.26
2026/09/26 00:13:59.608, 3, 25709, 97871, 70, 180.04
2026/09/26 00:13:59.809, 0, 22277, 97871, 88, 201.45
2026/09/26 00:13:59.809, 1, 23525, 97871, 57, 217.85
2026/09/26 00:13:59.809, 2, 24461, 97871, 83, 205.04
2026/09/26 00:13:59.809, 3, 25709, 97871, 97, 221.90
2026/09/26 00:14:00.009, 0, 22277, 97871, 76, 206.88
2026/09/26 00:14:00.009, 1, 23525, 97871, 100, 222.45
2026/09/26 00:14:00.009, 2, 24461, 97871, 72, 218.66
2026/09/26 00:14:00.009, 3, 25709, 97871, 63, 230.51
2026/09/26 00:14:00.209, 0, 22277, 97871, 47, 210.99
2026/09/26 00:14:00.209, 1, 23525, 97871, 68, 226.99
2026/09/26 00:14:00.209, 2, 24461, 97871, 31, 222.87
2026/09/26 00:14:00.209, 3, 25709, 97871, 63, 237.65
2026/09/26 00:14:00.409, 0, 22277, 97871, 47, 215.44
2026/09/26 00:14:00.409, 1, 23525, 97871, 67, 232.42
2026/09/26 00:14:00.409, 2, 24461, 97871, 30, 227.29
2026/09/26 00:14:00.409, 3, 25709, 97871, 56, 241.36
2026/09/26 00:14:00.609, 0, 22277, 97871, 53, 214.11
2026/09/26 00:14:00.609, 1, 23525, 97871, 61, 227.54
2026/09/26 00:14:00.609, 2, 24461, 97871, 30, 234.79
2026/09/26 00:14:00.609, 3, 25709, 97871, 55, 247.01
2026/09/26 00:14:00.809, 0, 22277, 97871, 45, 188.80
2026/09/26 00:14:00.809, 1, 23525, 97871, 59, 200.06
2026/09/26 00:14:00.809, 2, 24461, 97871, 31, 205.68
2026/09/26 00:14:00.809, 3, 25709, 97871, 51, 210.75
2026/09/26 00:14:01.009, 0, 22277, 97871, 48, 187.40
2026/09/26 00:14:01.009, 1, 23525, 97871, 67, 199.31
2026/09/26 00:14:01.009, 2, 24461, 97871, 30, 197.96
2026/09/26 00:14:01.010, 3, 25709, 97871, 47, 206.26
2026/09/26 00:14:01.210, 0, 22277, 97871, 45, 187.94
2026/09/26 00:14:01.210, 1, 23525, 97871, 60, 199.13
2026/09/26 00:14:01.210, 2, 24461, 97871, 30, 198.59
2026/09/26 00:14:01.210, 3, 25709, 97871, 50, 203.75
2026/09/26 00:14:01.410, 0, 22277, 97871, 44, 189.54
2026/09/26 00:14:01.410, 1, 23525, 97871, 59, 199.51
2026/09/26 00:14:01.410, 2, 24461, 97871, 31, 199.43
2026/09/26 00:14:01.410, 3, 25709, 97871, 57, 205.08
2026/09/26 00:14:01.610, 0, 22277, 97871, 52, 189.89
2026/09/26 00:14:01.610, 1, 23525, 97871, 58, 200.27
2026/09/26 00:14:01.610, 2, 24461, 97871, 31, 199.35
2026/09/26 00:14:01.610, 3, 25709, 97871, 59, 207.29
2026/09/26 00:14:01.810, 0, 22277, 97871, 45, 189.77
2026/09/26 00:14:01.810, 1, 23525, 97871, 58, 201.22
2026/09/26 00:14:01.810, 2, 24461, 97871, 32, 199.65
2026/09/26 00:14:01.810, 3, 25709, 97871, 58, 208.42
2026/09/26 00:14:02.010, 0, 22277, 97871, 48, 191.62
2026/09/26 00:14:02.010, 1, 23525, 97871, 65, 202.39
2026/09/26 00:14:02.010, 2, 24461, 97871, 32, 199.72
2026/09/26 00:14:02.010, 3, 25709, 97871, 48, 208.92
2026/09/26 00:14:02.210, 0, 22277, 97871, 34, 192.21
2026/09/26 00:14:02.210, 1, 23525, 97871, 66, 203.35
2026/09/26 00:14:02.210, 2, 24461, 97871, 34, 200.13
2026/09/26 00:14:02.210, 3, 25709, 97871, 64, 212.51
2026/09/26 00:14:02.410, 0, 22277, 97871, 38, 191.97
2026/09/26 00:14:02.411, 1, 23525, 97871, 71, 202.97
2026/09/26 00:14:02.411, 2, 24461, 97871, 34, 200.32
2026/09/26 00:14:02.411, 3, 25709, 97871, 62, 212.79
2026/09/26 00:14:02.611, 0, 22277, 97871, 53, 192.71
2026/09/26 00:14:02.611, 1, 23525, 97871, 63, 202.75
2026/09/26 00:14:02.611, 2, 24461, 97871, 33, 200.73
2026/09/26 00:14:02.611, 3, 25709, 97871, 58, 212.49
2026/09/26 00:14:02.811, 0, 22277, 97871, 44, 192.25
2026/09/26 00:14:02.811, 1, 23525, 97871, 65, 202.10
2026/09/26 00:14:02.811, 2, 24461, 97871, 33, 201.17
2026/09/26 00:14:02.811, 3, 25709, 97871, 55, 212.24
2026/09/26 00:14:03.011, 0, 22277, 97871, 44, 191.88
2026/09/26 00:14:03.011, 1, 23525, 97871, 67, 202.42
2026/09/26 00:14:03.011, 2, 24461, 97871, 32, 201.45
2026/09/26 00:14:03.011, 3, 25709, 97871, 61, 213.17
2026/09/26 00:14:03.211, 0, 22277, 97871, 41, 192.00
2026/09/26 00:14:03.211, 1, 23525, 97871, 63, 202.57
2026/09/26 00:14:03.211, 2, 24461, 97871, 34, 201.52
2026/09/26 00:14:03.211, 3, 25709, 97871, 57, 213.55
2026/09/26 00:14:03.411, 0, 22277, 97871, 40, 191.54
2026/09/26 00:14:03.411, 1, 23525, 97871, 66, 202.74
2026/09/26 00:14:03.411, 2, 24461, 97871, 33, 201.70
2026/09/26 00:14:03.411, 3, 25709, 97871, 56, 212.35
2026/09/26 00:14:03.611, 0, 22277, 97871, 46, 191.39
2026/09/26 00:14:03.611, 1, 23525, 97871, 63, 203.59
2026/09/26 00:14:03.611, 2, 24461, 97871, 31, 202.15
2026/09/26 00:14:03.611, 3, 25709, 97871, 57, 213.25
2026/09/26 00:14:03.812, 0, 22277, 97871, 42, 191.92
2026/09/26 00:14:03.812, 1, 23525, 97871, 52, 204.42
2026/09/26 00:14:03.812, 2, 24461, 97871, 33, 202.73
2026/09/26 00:14:03.812, 3, 25709, 97871, 57, 210.83
2026/09/26 00:14:04.012, 0, 22277, 97871, 49, 191.82
2026/09/26 00:14:04.012, 1, 23525, 97871, 65, 203.71
2026/09/26 00:14:04.012, 2, 24461, 97871, 33, 202.64
2026/09/26 00:14:04.012, 3, 25709, 97871, 61, 208.66
2026/09/26 00:14:04.212, 0, 22277, 97871, 46, 192.09
2026/09/26 00:14:04.212, 1, 23525, 97871, 64, 203.82
2026/09/26 00:14:04.212, 2, 24461, 97871, 31, 203.71
2026/09/26 00:14:04.212, 3, 25709, 97871, 71, 208.09
2026/09/26 00:14:04.412, 0, 22277, 97871, 52, 191.42
2026/09/26 00:14:04.412, 1, 23525, 97871, 73, 203.23
2026/09/26 00:14:04.412, 2, 24461, 97871, 33, 202.98
2026/09/26 00:14:04.412, 3, 25709, 97871, 54, 207.46
2026/09/26 00:14:04.612, 0, 22277, 97871, 55, 190.45
2026/09/26 00:14:04.612, 1, 23525, 97871, 65, 201.33
2026/09/26 00:14:04.612, 2, 24461, 97871, 30, 200.82
2026/09/26 00:14:04.612, 3, 25709, 97871, 49, 205.50
2026/09/26 00:14:04.812, 0, 22277, 97871, 42, 189.26
2026/09/26 00:14:04.812, 1, 23525, 97871, 68, 199.78
2026/09/26 00:14:04.812, 2, 24461, 97871, 32, 198.27
2026/09/26 00:14:04.812, 3, 25709, 97871, 44, 204.54
2026/09/26 00:14:05.012, 0, 22277, 97871, 44, 188.04
2026/09/26 00:14:05.012, 1, 23525, 97871, 63, 198.92
2026/09/26 00:14:05.012, 2, 24461, 97871, 30, 196.76
2026/09/26 00:14:05.012, 3, 25709, 97871, 57, 203.28
2026/09/26 00:14:05.213, 0, 22277, 97871, 51, 185.99
2026/09/26 00:14:05.213, 1, 23525, 97871, 67, 196.38
2026/09/26 00:14:05.213, 2, 24461, 97871, 30, 193.98
2026/09/26 00:14:05.213, 3, 25709, 97871, 67, 200.63
2026/09/26 00:14:05.413, 0, 22277, 97871, 66, 185.48
2026/09/26 00:14:05.413, 1, 23525, 97871, 74, 195.94
2026/09/26 00:14:05.413, 2, 24461, 97871, 30, 193.01
2026/09/26 00:14:05.413, 3, 25709, 97871, 60, 199.96
2026/09/26 00:14:05.613, 0, 22277, 97871, 56, 185.14
2026/09/26 00:14:05.613, 1, 23525, 97871, 67, 196.77
2026/09/26 00:14:05.613, 2, 24461, 97871, 30, 193.49
2026/09/26 00:14:05.613, 3, 25709, 97871, 56, 200.52
2026/09/26 00:14:05.813, 0, 22277, 97871, 50, 201.92
2026/09/26 00:14:05.813, 1, 23525, 97871, 69, 219.96
2026/09/26 00:14:05.813, 2, 24461, 97871, 33, 214.43
2026/09/26 00:14:05.813, 3, 25709, 97871, 100, 224.29
2026/09/26 00:14:06.013, 0, 22277, 97871, 100, 222.54
2026/09/26 00:14:06.013, 1, 23525, 97871, 100, 233.96
2026/09/26 00:14:06.013, 2, 24461, 97871, 100, 240.00
2026/09/26 00:14:06.013, 3, 25709, 97871, 67, 252.23
2026/09/26 00:14:06.213, 0, 22277, 97871, 39, 218.89
2026/09/26 00:14:06.213, 1, 23525, 97871, 83, 231.44
2026/09/26 00:14:06.213, 2, 24461, 97871, 23, 236.82
2026/09/26 00:14:06.213, 3, 25709, 97871, 62, 248.37
2026/09/26 00:14:06.413, 0, 22277, 97871, 50, 215.57
2026/09/26 00:14:06.413, 1, 23525, 97871, 61, 226.92
2026/09/26 00:14:06.413, 2, 24461, 97871, 20, 232.26
2026/09/26 00:14:06.414, 3, 25709, 97871, 52, 243.65
2026/09/26 00:14:06.614, 0, 22277, 97871, 46, 212.93
2026/09/26 00:14:06.614, 1, 23525, 97871, 61, 222.69
2026/09/26 00:14:06.614, 2, 24461, 97871, 19, 226.61
2026/09/26 00:14:06.614, 3, 25709, 97871, 49, 237.11
2026/09/26 00:14:06.814, 0, 22277, 97871, 37, 192.04
2026/09/26 00:14:06.814, 1, 23525, 97871, 52, 198.70
2026/09/26 00:14:06.814, 2, 24461, 97871, 19, 202.30
2026/09/26 00:14:06.814, 3, 25709, 97871, 51, 209.64
2026/09/26 00:14:07.014, 0, 22277, 97871, 44, 167.11
2026/09/26 00:14:07.014, 1, 23525, 97871, 65, 176.55
2026/09/26 00:14:07.014, 2, 24461, 97871, 19, 171.50
2026/09/26 00:14:07.014, 3, 25709, 97871, 51, 178.63
2026/09/26 00:14:07.214, 0, 22277, 97871, 40, 167.31
2026/09/26 00:14:07.214, 1, 23525, 97871, 53, 176.32
2026/09/26 00:14:07.214, 2, 24461, 97871, 19, 171.43
2026/09/26 00:14:07.214, 3, 25709, 97871, 49, 178.79
2026/09/26 00:14:07.414, 0, 22277, 97871, 44, 174.10
2026/09/26 00:14:07.414, 1, 23525, 97871, 59, 190.82
2026/09/26 00:14:07.414, 2, 24461, 97871, 19, 176.25
2026/09/26 00:14:07.414, 3, 25709, 97871, 80, 188.26
2026/09/26 00:14:07.614, 0, 22277, 97871, 100, 202.08
2026/09/26 00:14:07.614, 1, 23525, 97871, 67, 218.33
2026/09/26 00:14:07.614, 2, 24461, 97871, 100, 214.70
2026/09/26 00:14:07.614, 3, 25709, 97871, 85, 224.98
2026/09/26 00:14:07.814, 0, 22277, 97871, 60, 206.70
2026/09/26 00:14:07.814, 1, 23525, 97871, 99, 223.19
2026/09/26 00:14:07.815, 2, 24461, 97871, 52, 219.53
2026/09/26 00:14:07.815, 3, 25709, 97871, 62, 230.67
2026/09/26 00:14:08.015, 0, 22277, 97871, 53, 210.66
2026/09/26 00:14:08.015, 1, 23525, 97871, 65, 227.33
2026/09/26 00:14:08.015, 2, 24461, 97871, 30, 225.54
2026/09/26 00:14:08.015, 3, 25709, 97871, 50, 234.17
2026/09/26 00:14:08.215, 0, 22277, 97871, 44, 214.63
2026/09/26 00:14:08.215, 1, 23525, 97871, 61, 230.67
2026/09/26 00:14:08.215, 2, 24461, 97871, 30, 230.50
2026/09/26 00:14:08.215, 3, 25709, 97871, 61, 238.52
2026/09/26 00:14:08.415, 0, 22277, 97871, 54, 213.33
2026/09/26 00:14:08.415, 1, 23525, 97871, 73, 225.14
2026/09/26 00:14:08.415, 2, 24461, 97871, 29, 233.40
2026/09/26 00:14:08.415, 3, 25709, 97871, 55, 235.12
2026/09/26 00:14:08.615, 0, 22277, 97871, 50, 188.02
2026/09/26 00:14:08.615, 1, 23525, 97871, 62, 198.43
2026/09/26 00:14:08.615, 2, 24461, 97871, 30, 197.80
2026/09/26 00:14:08.615, 3, 25709, 97871, 59, 201.86
2026/09/26 00:14:08.815, 0, 22277, 97871, 49, 188.50
2026/09/26 00:14:08.815, 1, 23525, 97871, 64, 199.72
2026/09/26 00:14:08.815, 2, 24461, 97871, 31, 197.04
2026/09/26 00:14:08.815, 3, 25709, 97871, 56, 201.75
2026/09/26 00:14:09.015, 0, 22277, 97871, 53, 187.88
2026/09/26 00:14:09.015, 1, 23525, 97871, 69, 199.52
2026/09/26 00:14:09.015, 2, 24461, 97871, 31, 197.00
2026/09/26 00:14:09.015, 3, 25709, 97871, 52, 203.14
2026/09/26 00:14:09.216, 0, 22277, 97871, 41, 188.11
2026/09/26 00:14:09.216, 1, 23525, 97871, 65, 199.56
2026/09/26 00:14:09.216, 2, 24461, 97871, 32, 197.24
2026/09/26 00:14:09.216, 3, 25709, 97871, 59, 204.12
2026/09/26 00:14:09.416, 0, 22277, 97871, 49, 188.96
2026/09/26 00:14:09.416, 1, 23525, 97871, 54, 199.67
2026/09/26 00:14:09.416, 2, 24461, 97871, 32, 197.46
2026/09/26 00:14:09.416, 3, 25709, 97871, 52, 206.10
2026/09/26 00:14:09.616, 0, 22277, 97871, 55, 189.52
2026/09/26 00:14:09.616, 1, 23525, 97871, 62, 200.25
2026/09/26 00:14:09.616, 2, 24461, 97871, 32, 197.86
2026/09/26 00:14:09.616, 3, 25709, 97871, 64, 207.47
2026/09/26 00:14:09.816, 0, 22277, 97871, 60, 190.56
2026/09/26 00:14:09.816, 1, 23525, 97871, 69, 200.34
2026/09/26 00:14:09.816, 2, 24461, 97871, 30, 198.12
2026/09/26 00:14:09.816, 3, 25709, 97871, 76, 207.86
2026/09/26 00:14:10.016, 0, 22277, 97871, 71, 191.17
2026/09/26 00:14:10.016, 1, 23525, 97871, 74, 200.07
2026/09/26 00:14:10.016, 2, 24461, 97871, 31, 198.18
2026/09/26 00:14:10.016, 3, 25709, 97871, 54, 207.36
2026/09/26 00:14:10.216, 0, 22277, 97871, 49, 191.27
2026/09/26 00:14:10.216, 1, 23525, 97871, 65, 201.35
2026/09/26 00:14:10.216, 2, 24461, 97871, 33, 198.01
2026/09/26 00:14:10.216, 3, 25709, 97871, 55, 207.72
2026/09/26 00:14:10.417, 0, 22277, 97871, 48, 191.39
2026/09/26 00:14:10.417, 1, 23525, 97871, 69, 201.24
2026/09/26 00:14:10.417, 2, 24461, 97871, 33, 199.24
2026/09/26 00:14:10.417, 3, 25709, 97871, 59, 207.09
2026/09/26 00:14:10.617, 0, 22277, 97871, 51, 191.58
2026/09/26 00:14:10.617, 1, 23525, 97871, 66, 201.86
2026/09/26 00:14:10.617, 2, 24461, 97871, 31, 200.32
2026/09/26 00:14:10.617, 3, 25709, 97871, 56, 207.20
2026/09/26 00:14:10.817, 0, 22277, 97871, 44, 190.87
2026/09/26 00:14:10.817, 1, 23525, 97871, 60, 202.71
2026/09/26 00:14:10.817, 2, 24461, 97871, 33, 201.09
2026/09/26 00:14:10.817, 3, 25709, 97871, 60, 206.06
2026/09/26 00:14:11.017, 0, 22277, 97871, 45, 191.64
2026/09/26 00:14:11.017, 1, 23525, 97871, 60, 204.09
2026/09/26 00:14:11.017, 2, 24461, 97871, 33, 202.15
2026/09/26 00:14:11.017, 3, 25709, 97871, 58, 208.12
2026/09/26 00:14:11.217, 0, 22277, 97871, 43, 191.24
2026/09/26 00:14:11.217, 1, 23525, 97871, 60, 205.18
2026/09/26 00:14:11.217, 2, 24461, 97871, 33, 202.90
2026/09/26 00:14:11.217, 3, 25709, 97871, 63, 208.99
2026/09/26 00:14:11.417, 0, 22277, 97871, 50, 191.60
2026/09/26 00:14:11.417, 1, 23525, 97871, 61, 205.83
2026/09/26 00:14:11.417, 2, 24461, 97871, 33, 202.04
2026/09/26 00:14:11.417, 3, 25709, 97871, 61, 208.41
2026/09/26 00:14:11.617, 0, 22277, 97871, 52, 191.96
2026/09/26 00:14:11.617, 1, 23525, 97871, 63, 206.19
2026/09/26 00:14:11.617, 2, 24461, 97871, 33, 201.10
2026/09/26 00:14:11.618, 3, 25709, 97871, 57, 210.40
2026/09/26 00:14:11.818, 0, 22277, 97871, 47, 192.07
2026/09/26 00:14:11.818, 1, 23525, 97871, 62, 205.98
2026/09/26 00:14:11.818, 2, 24461, 97871, 33, 202.23
2026/09/26 00:14:11.818, 3, 25709, 97871, 59, 212.73
2026/09/26 00:14:12.018, 0, 22277, 97871, 48, 192.13
2026/09/26 00:14:12.018, 1, 23525, 97871, 62, 206.44
2026/09/26 00:14:12.018, 2, 24461, 97871, 33, 202.06
2026/09/26 00:14:12.018, 3, 25709, 97871, 66, 214.32
2026/09/26 00:14:12.218, 0, 22277, 97871, 50, 191.50
2026/09/26 00:14:12.218, 1, 23525, 97871, 68, 204.07
2026/09/26 00:14:12.218, 2, 24461, 97871, 32, 200.80
2026/09/26 00:14:12.218, 3, 25709, 97871, 53, 211.47
2026/09/26 00:14:12.418, 0, 22277, 97871, 42, 190.52
2026/09/26 00:14:12.418, 1, 23525, 97871, 64, 202.48
2026/09/26 00:14:12.418, 2, 24461, 97871, 30, 198.97
2026/09/26 00:14:12.418, 3, 25709, 97871, 53, 209.05
2026/09/26 00:14:12.618, 0, 22277, 97871, 51, 188.89
2026/09/26 00:14:12.618, 1, 23525, 97871, 65, 201.24
2026/09/26 00:14:12.618, 2, 24461, 97871, 30, 197.55
2026/09/26 00:14:12.618, 3, 25709, 97871, 47, 208.07
2026/09/26 00:14:12.818, 0, 22277, 97871, 45, 187.48
2026/09/26 00:14:12.818, 1, 23525, 97871, 57, 199.54
2026/09/26 00:14:12.818, 2, 24461, 97871, 30, 195.64
2026/09/26 00:14:12.818, 3, 25709, 97871, 50, 203.72
2026/09/26 00:14:13.018, 0, 22277, 97871, 51, 185.79
2026/09/26 00:14:13.019, 1, 23525, 97871, 58, 197.54
2026/09/26 00:14:13.019, 2, 24461, 97871, 30, 192.90
2026/09/26 00:14:13.019, 3, 25709, 97871, 50, 201.14
2026/09/26 00:14:13.219, 0, 22277, 97871, 47, 184.89
2026/09/26 00:14:13.219, 1, 23525, 97871, 66, 196.65
2026/09/26 00:14:13.219, 2, 24461, 97871, 29, 192.30
2026/09/26 00:14:13.219, 3, 25709, 97871, 52, 199.53
2026/09/26 00:14:13.419, 0, 22277, 97871, 50, 184.82
2026/09/26 00:14:13.419, 1, 23525, 97871, 62, 196.79
2026/09/26 00:14:13.419, 2, 24461, 97871, 30, 192.95
2026/09/26 00:14:13.419, 3, 25709, 97871, 64, 201.33
2026/09/26 00:14:13.619, 0, 22277, 97871, 66, 202.48
2026/09/26 00:14:13.619, 1, 23525, 97871, 70, 222.21
2026/09/26 00:14:13.619, 2, 24461, 97871, 29, 214.84
2026/09/26 00:14:13.619, 3, 25709, 97871, 100, 226.39
2026/09/26 00:14:13.819, 0, 22277, 97871, 100, 219.74
2026/09/26 00:14:13.819, 1, 23525, 97871, 100, 234.11
2026/09/26 00:14:13.819, 2, 24461, 97871, 100, 240.22
2026/09/26 00:14:13.819, 3, 25709, 97871, 65, 251.51
2026/09/26 00:14:14.019, 0, 22277, 97871, 42, 216.23
2026/09/26 00:14:14.019, 1, 23525, 97871, 83, 229.58
2026/09/26 00:14:14.019, 2, 24461, 97871, 19, 235.73
2026/09/26 00:14:14.019, 3, 25709, 97871, 63, 246.72
2026/09/26 00:14:14.219, 0, 22277, 97871, 53, 212.26
2026/09/26 00:14:14.220, 1, 23525, 97871, 65, 225.44
2026/09/26 00:14:14.220, 2, 24461, 97871, 19, 231.92
2026/09/26 00:14:14.220, 3, 25709, 97871, 63, 243.82
2026/09/26 00:14:14.420, 0, 22277, 97871, 63, 209.07
2026/09/26 00:14:14.420, 1, 23525, 97871, 68, 221.71
2026/09/26 00:14:14.420, 2, 24461, 97871, 18, 227.85
2026/09/26 00:14:14.420, 3, 25709, 97871, 66, 238.63
2026/09/26 00:14:14.620, 0, 22277, 97871, 70, 188.18
2026/09/26 00:14:14.620, 1, 23525, 97871, 66, 195.93
2026/09/26 00:14:14.620, 2, 24461, 97871, 19, 201.51
2026/09/26 00:14:14.620, 3, 25709, 97871, 56, 208.31
2026/09/26 00:14:14.820, 0, 22277, 97871, 55, 167.46
2026/09/26 00:14:14.820, 1, 23525, 97871, 65, 176.37
2026/09/26 00:14:14.820, 2, 24461, 97871, 19, 172.09
2026/09/26 00:14:14.820, 3, 25709, 97871, 51, 179.36
2026/09/26 00:14:15.020, 0, 22277, 97871, 53, 167.51
2026/09/26 00:14:15.020, 1, 23525, 97871, 63, 176.77
2026/09/26 00:14:15.020, 2, 24461, 97871, 19, 172.19
2026/09/26 00:14:15.020, 3, 25709, 97871, 55, 179.80
2026/09/26 00:14:15.220, 0, 22277, 97871, 46, 176.17
2026/09/26 00:14:15.221, 1, 23525, 97871, 63, 193.63
2026/09/26 00:14:15.221, 2, 24461, 97871, 19, 177.74
2026/09/26 00:14:15.221, 3, 25709, 97871, 83, 190.20
2026/09/26 00:14:15.421, 0, 22277, 97871, 100, 203.89
2026/09/26 00:14:15.421, 1, 23525, 97871, 82, 218.13
2026/09/26 00:14:15.421, 2, 24461, 97871, 100, 214.96
2026/09/26 00:14:15.421, 3, 25709, 97871, 86, 226.41
2026/09/26 00:14:15.621, 0, 22277, 97871, 62, 209.15
2026/09/26 00:14:15.621, 1, 23525, 97871, 95, 222.46
2026/09/26 00:14:15.621, 2, 24461, 97871, 50, 221.14
2026/09/26 00:14:15.621, 3, 25709, 97871, 60, 231.31
2026/09/26 00:14:15.821, 0, 22277, 97871, 48, 213.95
2026/09/26 00:14:15.821, 1, 23525, 97871, 62, 226.86
2026/09/26 00:14:15.821, 2, 24461, 97871, 30, 226.57
2026/09/26 00:14:15.821, 3, 25709, 97871, 55, 234.75
2026/09/26 00:14:16.022, 0, 22277, 97871, 48, 217.21
2026/09/26 00:14:16.022, 1, 23525, 97871, 67, 231.53
2026/09/26 00:14:16.022, 2, 24461, 97871, 31, 231.30
2026/09/26 00:14:16.022, 3, 25709, 97871, 56, 239.89
2026/09/26 00:14:16.222, 0, 22277, 97871, 45, 213.60
2026/09/26 00:14:16.222, 1, 23525, 97871, 67, 217.21
2026/09/26 00:14:16.222, 2, 24461, 97871, 30, 234.85
2026/09/26 00:14:16.222, 3, 25709, 97871, 59, 235.80
2026/09/26 00:14:16.422, 0, 22277, 97871, 51, 190.00
2026/09/26 00:14:16.422, 1, 23525, 97871, 65, 199.41
2026/09/26 00:14:16.422, 2, 24461, 97871, 30, 198.99
2026/09/26 00:14:16.422, 3, 25709, 97871, 57, 203.21
2026/09/26 00:14:16.622, 0, 22277, 97871, 53, 189.19
2026/09/26 00:14:16.622, 1, 23525, 97871, 68, 198.49
2026/09/26 00:14:16.622, 2, 24461, 97871, 31, 197.11
2026/09/26 00:14:16.622, 3, 25709, 97871, 56, 202.00
2026/09/26 00:14:16.822, 0, 22277, 97871, 40, 188.67
2026/09/26 00:14:16.822, 1, 23525, 97871, 68, 198.30
2026/09/26 00:14:16.822, 2, 24461, 97871, 31, 197.03
2026/09/26 00:14:16.822, 3, 25709, 97871, 53, 204.06
2026/09/26 00:14:17.022, 0, 22277, 97871, 44, 188.26
2026/09/26 00:14:17.022, 1, 23525, 97871, 64, 198.68
2026/09/26 00:14:17.022, 2, 24461, 97871, 31, 196.42
2026/09/26 00:14:17.022, 3, 25709, 97871, 55, 205.30
2026/09/26 00:14:17.222, 0, 22277, 97871, 46, 188.68
2026/09/26 00:14:17.222, 1, 23525, 97871, 66, 199.55
2026/09/26 00:14:17.222, 2, 24461, 97871, 33, 196.89
2026/09/26 00:14:17.223, 3, 25709, 97871, 54, 205.71
2026/09/26 00:14:17.423, 0, 22277, 97871, 48, 189.42
2026/09/26 00:14:17.423, 1, 23525, 97871, 66, 199.72
2026/09/26 00:14:17.423, 2, 24461, 97871, 30, 198.20
2026/09/26 00:14:17.423, 3, 25709, 97871, 59, 209.69
2026/09/26 00:14:17.623, 0, 22277, 97871, 48, 189.87
2026/09/26 00:14:17.623, 1, 23525, 97871, 65, 200.98
2026/09/26 00:14:17.623, 2, 24461, 97871, 32, 198.48
2026/09/26 00:14:17.623, 3, 25709, 97871, 61, 213.08
2026/09/26 00:14:17.823, 0, 22277, 97871, 53, 190.55
2026/09/26 00:14:17.823, 1, 23525, 97871, 67, 201.98
2026/09/26 00:14:17.823, 2, 24461, 97871, 32, 199.13
2026/09/26 00:14:17.823, 3, 25709, 97871, 61, 214.71
2026/09/26 00:14:18.023, 0, 22277, 97871, 50, 190.53
2026/09/26 00:14:18.023, 1, 23525, 97871, 67, 202.04
2026/09/26 00:14:18.023, 2, 24461, 97871, 32, 199.68
2026/09/26 00:14:18.023, 3, 25709, 97871, 60, 214.66
2026/09/26 00:14:18.223, 0, 22277, 97871, 55, 191.09
2026/09/26 00:14:18.223, 1, 23525, 97871, 70, 202.60
2026/09/26 00:14:18.223, 2, 24461, 97871, 33, 200.02
2026/09/26 00:14:18.223, 3, 25709, 97871, 62, 215.87
2026/09/26 00:14:18.423, 0, 22277, 97871, 54, 190.87
2026/09/26 00:14:18.423, 1, 23525, 97871, 70, 203.70
2026/09/26 00:14:18.423, 2, 24461, 97871, 32, 199.62
2026/09/26 00:14:18.423, 3, 25709, 97871, 54, 216.45
2026/09/26 00:14:18.623, 0, 22277, 97871, 48, 191.17
2026/09/26 00:14:18.624, 1, 23525, 97871, 67, 204.20
2026/09/26 00:14:18.624, 2, 24461, 97871, 33, 200.29
2026/09/26 00:14:18.624, 3, 25709, 97871, 60, 214.88
2026/09/26 00:14:18.824, 0, 22277, 97871, 48, 191.45
2026/09/26 00:14:18.824, 1, 23525, 97871, 68, 203.77
2026/09/26 00:14:18.824, 2, 24461, 97871, 33, 200.44
2026/09/26 00:14:18.824, 3, 25709, 97871, 60, 214.49
2026/09/26 00:14:19.024, 0, 22277, 97871, 45, 192.38
2026/09/26 00:14:19.024, 1, 23525, 97871, 65, 204.72
2026/09/26 00:14:19.024, 2, 24461, 97871, 33, 201.30
2026/09/26 00:14:19.024, 3, 25709, 97871, 56, 212.23
2026/09/26 00:14:19.224, 0, 22277, 97871, 47, 192.55
2026/09/26 00:14:19.224, 1, 23525, 97871, 66, 204.46
2026/09/26 00:14:19.224, 2, 24461, 97871, 32, 201.91
2026/09/26 00:14:19.224, 3, 25709, 97871, 61, 211.88
2026/09/26 00:14:19.424, 0, 22277, 97871, 52, 192.97
2026/09/26 00:14:19.424, 1, 23525, 97871, 68, 204.03
2026/09/26 00:14:19.424, 2, 24461, 97871, 32, 203.50
2026/09/26 00:14:19.424, 3, 25709, 97871, 54, 210.70
2026/09/26 00:14:19.624, 0, 22277, 97871, 49, 194.05
2026/09/26 00:14:19.624, 1, 23525, 97871, 64, 204.36
2026/09/26 00:14:19.624, 2, 24461, 97871, 32, 204.17
2026/09/26 00:14:19.624, 3, 25709, 97871, 62, 210.09
2026/09/26 00:14:19.824, 0, 22277, 97871, 52, 194.63
2026/09/26 00:14:19.824, 1, 23525, 97871, 71, 205.19
2026/09/26 00:14:19.824, 2, 24461, 97871, 33, 205.39
2026/09/26 00:14:19.824, 3, 25709, 97871, 57, 210.25
2026/09/26 00:14:20.025, 0, 22277, 97871, 48, 193.27
2026/09/26 00:14:20.025, 1, 23525, 97871, 70, 202.46
2026/09/26 00:14:20.025, 2, 24461, 97871, 32, 203.45
2026/09/26 00:14:20.025, 3, 25709, 97871, 54, 209.82
2026/09/26 00:14:20.225, 0, 22277, 97871, 43, 192.33
2026/09/26 00:14:20.225, 1, 23525, 97871, 67, 200.45
2026/09/26 00:14:20.225, 2, 24461, 97871, 30, 201.15
2026/09/26 00:14:20.225, 3, 25709, 97871, 50, 207.68
2026/09/26 00:14:20.425, 0, 22277, 97871, 42, 190.56
2026/09/26 00:14:20.425, 1, 23525, 97871, 71, 198.54
2026/09/26 00:14:20.425, 2, 24461, 97871, 29, 197.39
2026/09/26 00:14:20.425, 3, 25709, 97871, 52, 205.03
2026/09/26 00:14:20.625, 0, 22277, 97871, 58, 188.09
2026/09/26 00:14:20.625, 1, 23525, 97871, 63, 197.25
2026/09/26 00:14:20.625, 2, 24461, 97871, 30, 195.69
2026/09/26 00:14:20.625, 3, 25709, 97871, 63, 205.10
2026/09/26 00:14:20.825, 0, 22277, 97871, 45, 186.23
2026/09/26 00:14:20.825, 1, 23525, 97871, 73, 195.48
2026/09/26 00:14:20.825, 2, 24461, 97871, 30, 193.29
2026/09/26 00:14:20.825, 3, 25709, 97871, 56, 201.11
2026/09/26 00:14:21.025, 0, 22277, 97871, 56, 185.10
2026/09/26 00:14:21.025, 1, 23525, 97871, 62, 196.13
2026/09/26 00:14:21.025, 2, 24461, 97871, 30, 192.30
2026/09/26 00:14:21.025, 3, 25709, 97871, 53, 202.10
2026/09/26 00:14:21.225, 0, 22277, 97871, 47, 185.51
2026/09/26 00:14:21.225, 1, 23525, 97871, 69, 200.47
2026/09/26 00:14:21.225, 2, 24461, 97871, 29, 192.38
2026/09/26 00:14:21.225, 3, 25709, 97871, 63, 203.03
2026/09/26 00:14:21.426, 0, 22277, 97871, 63, 207.91
2026/09/26 00:14:21.426, 1, 23525, 97871, 66, 227.95
2026/09/26 00:14:21.426, 2, 24461, 97871, 45, 217.80
2026/09/26 00:14:21.426, 3, 25709, 97871, 100, 230.04
2026/09/26 00:14:21.626, 0, 22277, 97871, 100, 221.46
2026/09/26 00:14:21.626, 1, 23525, 97871, 100, 234.41
2026/09/26 00:14:21.626, 2, 24461, 97871, 100, 240.43
2026/09/26 00:14:21.626, 3, 25709, 97871, 60, 250.67
2026/09/26 00:14:21.826, 0, 22277, 97871, 51, 216.99
2026/09/26 00:14:21.826, 1, 23525, 97871, 75, 230.89
2026/09/26 00:14:21.826, 2, 24461, 97871, 19, 235.58
2026/09/26 00:14:21.826, 3, 25709, 97871, 34, 247.99
2026/09/26 00:14:22.026, 0, 22277, 97871, 43, 214.26
2026/09/26 00:14:22.026, 1, 23525, 97871, 64, 226.15
2026/09/26 00:14:22.026, 2, 24461, 97871, 19, 231.96
2026/09/26 00:14:22.026, 3, 25709, 97871, 49, 242.17
2026/09/26 00:14:22.226, 0, 22277, 97871, 49, 210.10
2026/09/26 00:14:22.226, 1, 23525, 97871, 62, 221.40
2026/09/26 00:14:22.226, 2, 24461, 97871, 19, 227.66
2026/09/26 00:14:22.226, 3, 25709, 97871, 66, 237.27
2026/09/26 00:14:22.426, 0, 22277, 97871, 62, 184.07
2026/09/26 00:14:22.426, 1, 23525, 97871, 65, 186.59
2026/09/26 00:14:22.426, 2, 24461, 97871, 19, 197.94
2026/09/26 00:14:22.426, 3, 25709, 97871, 44, 204.66
2026/09/26 00:14:22.626, 0, 22277, 97871, 46, 167.61
2026/09/26 00:14:22.626, 1, 23525, 97871, 64, 176.33
2026/09/26 00:14:22.626, 2, 24461, 97871, 19, 170.72
2026/09/26 00:14:22.626, 3, 25709, 97871, 51, 178.25
2026/09/26 00:14:22.827, 0, 22277, 97871, 44, 167.61
2026/09/26 00:14:22.827, 1, 23525, 97871, 65, 175.97
2026/09/26 00:14:22.827, 2, 24461, 97871, 19, 170.61
2026/09/26 00:14:22.827, 3, 25709, 97871, 90, 177.96
2026/09/26 00:14:23.027, 0, 21743, 97871, 88, 160.49
2026/09/26 00:14:23.027, 1, 22991, 97871, 85, 167.70
2026/09/26 00:14:23.027, 2, 23927, 97871, 19, 166.79
2026/09/26 00:14:23.027, 3, 25175, 97871, 1, 171.57
2026/09/26 00:14:23.227, 0, 21709, 97871, 0, 153.33
2026/09/26 00:14:23.227, 1, 22957, 97871, 0, 157.65
2026/09/26 00:14:23.227, 2, 23893, 97871, 2, 156.65
2026/09/26 00:14:23.227, 3, 25141, 97871, 0, 161.38
2026/09/26 00:14:23.427, 0, 21709, 97871, 0, 143.81
2026/09/26 00:14:23.427, 1, 22957, 97871, 0, 148.34
2026/09/26 00:14:23.427, 2, 23893, 97871, 0, 146.71
2026/09/26 00:14:23.427, 3, 25141, 97871, 0, 150.40
2026/09/26 00:14:23.627, 0, 21709, 97871, 0, 133.36
2026/09/26 00:14:23.627, 1, 22957, 97871, 0, 138.28
2026/09/26 00:14:23.627, 2, 23893, 97871, 0, 136.80
2026/09/26 00:14:23.627, 3, 25141, 97871, 0, 140.37
2026/09/26 00:14:23.828, 0, 21709, 97871, 0, 124.42
2026/09/26 00:14:23.828, 1, 22957, 97871, 0, 128.45
2026/09/26 00:14:23.828, 2, 23893, 97871, 0, 127.57
2026/09/26 00:14:23.828, 3, 25141, 97871, 0, 130.23
2026/09/26 00:14:24.028, 0, 21709, 97871, 0, 118.38
2026/09/26 00:14:24.028, 1, 22957, 97871, 0, 125.71
2026/09/26 00:14:24.028, 2, 23893, 97871, 0, 120.96
2026/09/26 00:14:24.028, 3, 25141, 97871, 0, 124.67
2026/09/26 00:14:24.228, 0, 21709, 97871, 0, 118.14
2026/09/26 00:14:24.228, 1, 22957, 97871, 0, 125.62
2026/09/26 00:14:24.228, 2, 23893, 97871, 0, 120.89
2026/09/26 00:14:24.228, 3, 25141, 97871, 0, 124.54
2026/09/26 00:14:24.428, 0, 21709, 97871, 0, 118.11
2026/09/26 00:14:24.428, 1, 22957, 97871, 0, 125.60
2026/09/26 00:14:24.428, 2, 23893, 97871, 0, 120.80
2026/09/26 00:14:24.428, 3, 25141, 97871, 0, 124.49
2026/09/26 00:14:24.628, 0, 21709, 97871, 0, 118.07
2026/09/26 00:14:24.628, 1, 22957, 97871, 0, 125.54
2026/09/26 00:14:24.628, 2, 23893, 97871, 0, 120.79
2026/09/26 00:14:24.629, 3, 25141, 97871, 0, 124.46
2026/09/26 00:14:24.829, 0, 21709, 97871, 0, 118.05
2026/09/26 00:14:24.829, 1, 22957, 97871, 0, 125.53
2026/09/26 00:14:24.830, 2, 23893, 97871, 0, 120.78
2026/09/26 00:14:24.830, 3, 25139, 97871, 0, 124.41
2026/09/26 00:14:25.031, 0, 21704, 97871, 2, 118.62
2026/09/26 00:14:25.080, 1, 22954, 97871, 0, 126.53
2026/09/26 00:14:25.219, 2, 22, 97871, 30, 123.55
2026/09/26 00:14:25.347, 3, 118, 97871, 25, 127.61
2026/09/26 00:14:25.547, 0, 0, 97871, 0, 121.46
2026/09/26 00:14:25.624, 1, 0, 97871, 31, 129.44
2026/09/26 00:14:25.624, 2, 0, 97871, 0, 124.49
2026/09/26 00:14:25.624, 3, 0, 97871, 0, 128.27
2026/09/26 00:14:25.824, 0, 0, 97871, 32, 122.13
2026/09/26 00:14:25.824, 1, 0, 97871, 1, 129.93
2026/09/26 00:14:25.824, 2, 0, 97871, 0, 124.92
2026/09/26 00:14:25.824, 3, 0, 97871, 0, 128.85
2026/09/26 00:14:26.024, 0, 0, 97871, 0, 122.20
2026/09/26 00:14:26.024, 1, 0, 97871, 0, 129.96
2026/09/26 00:14:26.024, 2, 0, 97871, 0, 125.00
2026/09/26 00:14:26.024, 3, 0, 97871, 0, 128.82
2026/09/26 00:14:26.224, 0, 0, 97871, 0, 122.15
2026/09/26 00:14:26.224, 1, 0, 97871, 0, 129.99
2026/09/26 00:14:26.224, 2, 0, 97871, 0, 124.60
2026/09/26 00:14:26.224, 3, 0, 97871, 0, 126.78
2026/09/26 00:14:26.424, 0, 0, 97871, 0, 122.13
2026/09/26 00:14:26.424, 1, 0, 97871, 0, 128.08
2026/09/26 00:14:26.424, 2, 0, 97871, 0, 120.07
2026/09/26 00:14:26.424, 3, 0, 97871, 0, 123.15
2026/09/26 00:14:26.624, 0, 0, 97871, 0, 120.38
2026/09/26 00:14:26.624, 1, 0, 97871, 0, 127.97
2026/09/26 00:14:26.624, 2, 0, 97871, 0, 111.48
2026/09/26 00:14:26.624, 3, 0, 97871, 0, 113.71
2026/09/26 00:14:26.824, 0, 0, 97871, 0, 120.31
2026/09/26 00:14:26.824, 1, 0, 97871, 0, 127.97
2026/09/26 00:14:26.825, 2, 0, 97871, 0, 103.18
2026/09/26 00:14:26.825, 3, 0, 97871, 0, 104.59
2026/09/26 00:14:27.025, 0, 0, 97871, 0, 118.90
2026/09/26 00:14:27.025, 1, 0, 97871, 0, 127.97
2026/09/26 00:14:27.025, 2, 0, 97871, 0, 94.53
2026/09/26 00:14:27.025, 3, 0, 97871, 0, 94.55
2026/09/26 00:14:27.225, 0, 0, 97871, 0, 109.94
2026/09/26 00:14:27.225, 1, 0, 97871, 0, 121.58
2026/09/26 00:14:27.225, 2, 0, 97871, 0, 84.96
2026/09/26 00:14:27.225, 3, 0, 97871, 0, 85.69
2026/09/26 00:14:27.425, 0, 0, 97871, 0, 100.91
2026/09/26 00:14:27.425, 1, 0, 97871, 0, 111.70
2026/09/26 00:14:27.425, 2, 0, 97871, 0, 78.74
2026/09/26 00:14:27.425, 3, 0, 97871, 0, 78.73
2026/09/26 00:14:27.625, 0, 0, 97871, 0, 91.78
2026/09/26 00:14:27.625, 1, 0, 97871, 0, 101.25
2026/09/26 00:14:27.625, 2, 0, 97871, 0, 78.12
2026/09/26 00:14:27.625, 3, 0, 97871, 0, 78.36
2026/09/26 00:14:27.825, 0, 0, 97871, 0, 82.65
2026/09/26 00:14:27.825, 1, 0, 97871, 0, 91.06
2026/09/26 00:14:27.825, 2, 0, 97871, 0, 77.67
2026/09/26 00:14:27.825, 3, 0, 97871, 0, 78.08
2026/09/26 00:14:28.026, 0, 0, 97871, 0, 74.88
2026/09/26 00:14:28.026, 1, 0, 97871, 0, 81.73
2026/09/26 00:14:28.026, 2, 0, 97871, 0, 77.18
2026/09/26 00:14:28.026, 3, 0, 97871, 0, 77.83
