strategy,elapsed_seconds,gpu_index,memory_used_mib,memory_total_mib,gpu_utilization_percent,power_watts
padded,-123.82732152938843,0,0.0,97871.0,0.0,73.32
padded,-123.82332158088684,1,0.0,97871.0,0.0,74.57
padded,-123.820321559906,2,0.0,97871.0,0.0,73.49
padded,-123.81632161140442,3,0.0,97871.0,0.0,74.19
padded,-123.61332154273987,0,0.0,97871.0,0.0,73.33
padded,-123.61332154273987,1,0.0,97871.0,0.0,74.56
padded,-123.61232161521912,2,0.0,97871.0,0.0,73.52
padded,-123.61232161521912,3,0.0,97871.0,0.0,74.23
padded,-123.4123215675354,0,0.0,97871.0,0.0,73.29
padded,-123.4123215675354,1,0.0,97871.0,0.0,74.56
padded,-123.4123215675354,2,0.0,97871.0,0.0,73.54
padded,-123.4123215675354,3,0.0,97871.0,0.0,74.22
padded,-123.21232151985168,0,0.0,97871.0,0.0,73.27
padded,-123.21232151985168,1,0.0,97871.0,0.0,74.58
padded,-123.21232151985168,2,0.0,97871.0,0.0,73.55
padded,-123.21232151985168,3,0.0,97871.0,0.0,74.17
padded,-123.01232171058655,0,0.0,97871.0,0.0,73.29
padded,-123.01232171058655,1,0.0,97871.0,0.0,74.59
padded,-123.01232171058655,2,0.0,97871.0,0.0,73.56
padded,-123.01132154464722,3,0.0,97871.0,0.0,74.19
padded,-122.81132173538208,0,0.0,97871.0,0.0,73.3
padded,-122.81132173538208,1,0.0,97871.0,0.0,74.62
padded,-122.81132173538208,2,0.0,97871.0,0.0,73.55
padded,-122.81132173538208,3,0.0,97871.0,0.0,74.19
padded,-122.61132168769836,0,0.0,97871.0,0.0,73.26
padded,-122.61132168769836,1,0.0,97871.0,0.0,74.64
padded,-122.61132168769836,2,0.0,97871.0,0.0,73.55
padded,-122.61132168769836,3,0.0,97871.0,0.0,74.2
padded,-122.41132164001465,0,0.0,97871.0,0.0,73.25
padded,-122.41132164001465,1,0.0,97871.0,0.0,74.65
padded,-122.41132164001465,2,0.0,97871.0,0.0,73.55
padded,-122.41132164001465,3,0.0,97871.0,0.0,74.2
padded,-122.21032166481018,0,0.0,97871.0,0.0,73.27
padded,-122.21032166481018,1,0.0,97871.0,0.0,74.65
padded,-122.21032166481018,2,0.0,97871.0,0.0,73.54
padded,-122.21032166481018,3,0.0,97871.0,0.0,74.19
padded,-122.01032161712646,0,0.0,97871.0,0.0,73.26
padded,-122.01032161712646,1,0.0,97871.0,0.0,74.64
padded,-122.01032161712646,2,0.0,97871.0,0.0,73.52
padded,-122.01032161712646,3,0.0,97871.0,0.0,74.23
padded,-121.81032156944275,0,0.0,97871.0,0.0,73.24
padded,-121.81032156944275,1,0.0,97871.0,0.0,74.61
padded,-121.81032156944275,2,0.0,97871.0,0.0,73.53
padded,-121.81032156944275,3,0.0,97871.0,0.0,74.26
padded,-121.60932159423828,0,0.0,97871.0,0.0,73.28
padded,-121.60932159423828,1,0.0,97871.0,0.0,74.6
padded,-121.60932159423828,2,0.0,97871.0,0.0,73.52
padded,-121.60932159423828,3,0.0,97871.0,0.0,74.26
padded,-121.40932154655457,0,0.0,97871.0,0.0,73.32
padded,-121.40932154655457,1,0.0,97871.0,0.0,74.61
padded,-121.40932154655457,2,0.0,97871.0,0.0,73.51
padded,-121.40932154655457,3,0.0,97871.0,0.0,74.24
padded,-121.20932173728943,0,0.0,97871.0,0.0,73.3
padded,-121.20932173728943,1,0.0,97871.0,0.0,74.61
padded,-121.20932173728943,2,0.0,97871.0,0.0,73.51
padded,-121.20932173728943,3,0.0,97871.0,0.0,74.32
padded,-121.00932168960571,0,0.0,97871.0,0.0,73.3
padded,-121.00832152366638,1,0.0,97871.0,0.0,74.63
padded,-121.00832152366638,2,0.0,97871.0,0.0,73.51
padded,-121.00832152366638,3,0.0,97871.0,0.0,74.34
padded,-120.80832171440125,0,0.0,97871.0,0.0,73.31
padded,-120.80832171440125,1,0.0,97871.0,0.0,74.64
padded,-120.80832171440125,2,0.0,97871.0,0.0,73.5
padded,-120.80832171440125,3,0.0,97871.0,0.0,74.3
padded,-120.60832166671753,0,0.0,97871.0,0.0,73.3
padded,-120.60832166671753,1,0.0,97871.0,0.0,74.66
padded,-120.60832166671753,2,0.0,97871.0,0.0,73.52
padded,-120.60832166671753,3,0.0,97871.0,0.0,74.31
padded,-120.40832161903381,0,0.0,97871.0,0.0,73.29
padded,-120.40732169151306,1,0.0,97871.0,0.0,74.63
padded,-120.40732169151306,2,0.0,97871.0,0.0,73.54
padded,-120.40732169151306,3,0.0,97871.0,0.0,74.32
padded,-120.20732164382935,0,0.0,97871.0,0.0,73.31
padded,-120.20732164382935,1,0.0,97871.0,0.0,74.66
padded,-120.20732164382935,2,0.0,97871.0,0.0,73.57
padded,-120.20732164382935,3,0.0,97871.0,0.0,74.29
padded,-120.00732159614563,0,0.0,97871.0,0.0,73.34
padded,-120.00732159614563,1,0.0,97871.0,0.0,74.64
padded,-120.00732159614563,2,0.0,97871.0,0.0,73.58
padded,-120.00732159614563,3,0.0,97871.0,0.0,74.28
padded,-119.80732154846191,0,0.0,97871.0,0.0,73.4
padded,-119.80732154846191,1,0.0,97871.0,0.0,74.63
padded,-119.80732154846191,2,0.0,97871.0,0.0,73.58
padded,-119.80632162094116,3,0.0,97871.0,0.0,74.25
padded,-119.60632157325745,0,0.0,97871.0,0.0,73.37
padded,-119.60632157325745,1,0.0,97871.0,0.0,74.61
padded,-119.60632157325745,2,0.0,97871.0,0.0,73.57
padded,-119.60632157325745,3,0.0,97871.0,0.0,74.27
padded,-119.40632152557373,0,0.0,97871.0,0.0,73.35
padded,-119.40632152557373,1,0.0,97871.0,0.0,74.62
padded,-119.40632152557373,2,0.0,97871.0,0.0,73.54
padded,-119.40632152557373,3,0.0,97871.0,0.0,74.32
padded,-119.2063217163086,0,0.0,97871.0,0.0,73.37
padded,-119.2063217163086,1,0.0,97871.0,0.0,74.61
padded,-119.2063217163086,2,0.0,97871.0,0.0,73.52
padded,-119.20532155036926,3,0.0,97871.0,0.0,74.34
padded,-119.00532150268555,0,0.0,97871.0,0.0,73.37
padded,-119.00532150268555,1,0.0,97871.0,0.0,74.62
padded,-119.00532150268555,2,0.0,97871.0,0.0,73.54
padded,-119.00532150268555,3,0.0,97871.0,0.0,74.31
padded,-118.80532169342041,0,0.0,97871.0,0.0,73.33
padded,-118.80532169342041,1,0.0,97871.0,0.0,74.62
padded,-118.80532169342041,2,0.0,97871.0,0.0,73.56
padded,-118.80532169342041,3,0.0,97871.0,0.0,74.33
padded,-118.6053216457367,0,0.0,97871.0,0.0,73.37
padded,-118.6053216457367,1,0.0,97871.0,0.0,74.62
padded,-118.6053216457367,2,0.0,97871.0,0.0,73.6
padded,-118.6053216457367,3,0.0,97871.0,0.0,74.34
padded,-118.40432167053223,0,0.0,97871.0,0.0,73.41
padded,-118.40432167053223,1,0.0,97871.0,0.0,74.62
padded,-118.40432167053223,2,0.0,97871.0,0.0,73.6
padded,-118.40432167053223,3,0.0,97871.0,0.0,74.32
padded,-118.20432162284851,0,0.0,97871.0,0.0,73.38
padded,-118.20432162284851,1,0.0,97871.0,0.0,74.62
padded,-118.20432162284851,2,0.0,97871.0,0.0,73.62
padded,-118.20432162284851,3,0.0,97871.0,0.0,74.28
padded,-118.0043215751648,0,0.0,97871.0,0.0,73.37
padded,-118.0043215751648,1,0.0,97871.0,0.0,74.6
padded,-118.0043215751648,2,0.0,97871.0,0.0,73.59
padded,-118.0043215751648,3,0.0,97871.0,0.0,74.29
padded,-117.80432152748108,0,0.0,97871.0,0.0,73.37
padded,-117.80332159996033,1,0.0,97871.0,0.0,74.6
padded,-117.80332159996033,2,0.0,97871.0,0.0,73.54
padded,-117.80332159996033,3,0.0,97871.0,0.0,74.31
padded,-117.60332155227661,0,0.0,97871.0,0.0,73.35
padded,-117.60332155227661,1,0.0,97871.0,0.0,74.6
padded,-117.60332155227661,2,0.0,97871.0,0.0,73.51
padded,-117.60332155227661,3,0.0,97871.0,0.0,74.28
padded,-117.4033215045929,0,0.0,97871.0,0.0,73.28
padded,-117.4033215045929,1,0.0,97871.0,0.0,74.59
padded,-117.4033215045929,2,0.0,97871.0,0.0,73.49
padded,-117.4033215045929,3,0.0,97871.0,0.0,74.23
padded,-117.20332169532776,0,0.0,97871.0,0.0,73.29
padded,-117.20232152938843,1,0.0,97871.0,0.0,74.59
padded,-117.20232152938843,2,0.0,97871.0,0.0,73.47
padded,-117.20232152938843,3,0.0,97871.0,0.0,74.24
padded,-117.00232172012329,0,0.0,97871.0,0.0,73.28
padded,-117.00232172012329,1,0.0,97871.0,0.0,74.61
padded,-117.00232172012329,2,0.0,97871.0,0.0,73.5
padded,-117.00232172012329,3,0.0,97871.0,0.0,74.26
padded,-116.80232167243958,0,0.0,97871.0,0.0,73.27
padded,-116.80232167243958,1,0.0,97871.0,0.0,74.6
padded,-116.80232167243958,2,0.0,97871.0,0.0,73.5
padded,-116.80232167243958,3,0.0,97871.0,0.0,74.25
padded,-116.60232162475586,0,0.0,97871.0,0.0,73.23
padded,-116.60132169723511,1,0.0,97871.0,0.0,74.63
padded,-116.60132169723511,2,0.0,97871.0,0.0,73.49
padded,-116.60132169723511,3,0.0,97871.0,0.0,74.23
padded,-116.40132164955139,0,0.0,97871.0,0.0,73.27
padded,-116.40132164955139,1,0.0,97871.0,0.0,74.64
padded,-116.40132164955139,2,0.0,97871.0,0.0,73.49
padded,-116.40132164955139,3,0.0,97871.0,0.0,74.24
padded,-116.20132160186768,0,0.0,97871.0,0.0,73.28
padded,-116.20132160186768,1,0.0,97871.0,0.0,74.65
padded,-116.20132160186768,2,0.0,97871.0,0.0,73.47
padded,-116.20132160186768,3,0.0,97871.0,0.0,74.26
padded,-116.00132155418396,0,0.0,97871.0,0.0,73.28
padded,-116.00132155418396,1,0.0,97871.0,0.0,74.62
padded,-116.00132155418396,2,0.0,97871.0,0.0,73.46
padded,-116.00132155418396,3,0.0,97871.0,0.0,74.27
padded,-115.80032157897949,0,0.0,97871.0,0.0,73.26
padded,-115.80032157897949,1,0.0,97871.0,0.0,74.62
padded,-115.80032157897949,2,0.0,97871.0,0.0,73.46
padded,-115.80032157897949,3,0.0,97871.0,0.0,74.24
padded,-115.60032153129578,0,0.0,97871.0,0.0,73.29
padded,-115.60032153129578,1,0.0,97871.0,0.0,74.58
padded,-115.60032153129578,2,0.0,97871.0,0.0,73.48
padded,-115.60032153129578,3,0.0,97871.0,0.0,74.24
padded,-115.40032172203064,0,0.0,97871.0,0.0,73.28
padded,-115.40032172203064,1,0.0,97871.0,0.0,74.58
padded,-115.40032172203064,2,0.0,97871.0,0.0,73.5
padded,-115.40032172203064,3,0.0,97871.0,0.0,74.28
padded,-115.19932150840759,0,0.0,97871.0,0.0,73.28
padded,-115.19932150840759,1,0.0,97871.0,0.0,74.59
padded,-115.19932150840759,2,0.0,97871.0,0.0,73.52
padded,-115.19932150840759,3,0.0,97871.0,0.0,74.3
padded,-114.99932169914246,0,0.0,97871.0,0.0,73.28
padded,-114.99932169914246,1,0.0,97871.0,0.0,74.61
padded,-114.99932169914246,2,0.0,97871.0,0.0,73.53
padded,-114.99932169914246,3,0.0,97871.0,0.0,74.29
padded,-114.79932165145874,0,0.0,97871.0,0.0,73.31
padded,-114.79932165145874,1,0.0,97871.0,0.0,74.61
padded,-114.79932165145874,2,0.0,97871.0,0.0,73.53
padded,-114.79932165145874,3,0.0,97871.0,0.0,74.26
padded,-114.59932160377502,0,0.0,97871.0,0.0,73.33
padded,-114.59832167625427,1,0.0,97871.0,0.0,74.66
padded,-114.59832167625427,2,0.0,97871.0,0.0,73.51
padded,-114.59832167625427,3,0.0,97871.0,0.0,74.29
padded,-114.39832162857056,0,0.0,97871.0,0.0,73.32
padded,-114.39832162857056,1,0.0,97871.0,0.0,74.64
padded,-114.39832162857056,2,0.0,97871.0,0.0,73.51
padded,-114.39832162857056,3,0.0,97871.0,0.0,74.33
padded,-114.19632172584534,0,0.0,97871.0,0.0,73.33
padded,-114.19632172584534,1,0.0,97871.0,0.0,74.62
padded,-114.19632172584534,2,0.0,97871.0,0.0,73.5
padded,-114.19632172584534,3,0.0,97871.0,0.0,74.29
padded,-113.99632167816162,0,0.0,97871.0,0.0,73.36
padded,-113.99632167816162,1,0.0,97871.0,0.0,74.61
padded,-113.99632167816162,2,0.0,97871.0,0.0,73.52
padded,-113.99632167816162,3,0.0,97871.0,0.0,74.25
padded,-113.79532170295715,0,0.0,97871.0,0.0,73.36
padded,-113.79532170295715,1,0.0,97871.0,0.0,74.6
padded,-113.79532170295715,2,0.0,97871.0,0.0,73.54
padded,-113.79532170295715,3,0.0,97871.0,0.0,74.29
padded,-113.59532165527344,0,0.0,97871.0,0.0,73.35
padded,-113.59532165527344,1,0.0,97871.0,0.0,74.57
padded,-113.59532165527344,2,0.0,97871.0,0.0,73.57
padded,-113.59532165527344,3,0.0,97871.0,0.0,74.31
padded,-113.39532160758972,0,0.0,97871.0,0.0,73.39
padded,-113.39532160758972,1,0.0,97871.0,0.0,74.56
padded,-113.39532160758972,2,0.0,97871.0,0.0,73.58
padded,-113.39532160758972,3,0.0,97871.0,0.0,74.26
padded,-113.195321559906,0,0.0,97871.0,0.0,73.42
padded,-113.19432163238525,1,0.0,97871.0,0.0,74.57
padded,-113.19432163238525,2,0.0,97871.0,0.0,73.6
padded,-113.19432163238525,3,0.0,97871.0,0.0,74.24
padded,-112.99432158470154,0,0.0,97871.0,0.0,73.38
padded,-112.99432158470154,1,0.0,97871.0,0.0,74.58
padded,-112.99432158470154,2,0.0,97871.0,0.0,73.56
padded,-112.99432158470154,3,0.0,97871.0,0.0,74.25
padded,-112.79432153701782,0,0.0,97871.0,0.0,73.36
padded,-112.79432153701782,1,0.0,97871.0,0.0,74.6
padded,-112.79432153701782,2,0.0,97871.0,0.0,73.53
padded,-112.79432153701782,3,0.0,97871.0,0.0,74.27
padded,-112.59432172775269,0,0.0,97871.0,0.0,73.39
padded,-112.59332156181335,1,0.0,97871.0,0.0,74.61
padded,-112.59332156181335,2,0.0,97871.0,0.0,73.54
padded,-112.59332156181335,3,0.0,97871.0,0.0,74.28
padded,-112.39332151412964,0,0.0,97871.0,0.0,73.38
padded,-112.39332151412964,1,0.0,97871.0,0.0,74.62
padded,-112.39332151412964,2,0.0,97871.0,0.0,73.54
padded,-112.39332151412964,3,0.0,97871.0,0.0,74.23
padded,-112.1933217048645,0,0.0,97871.0,0.0,73.37
padded,-112.1933217048645,1,0.0,97871.0,0.0,74.61
padded,-112.1933217048645,2,0.0,97871.0,0.0,73.56
padded,-112.1933217048645,3,0.0,97871.0,0.0,74.25
padded,-111.99332165718079,0,0.0,97871.0,0.0,73.36
padded,-111.99232172966003,1,0.0,97871.0,0.0,74.6
padded,-111.99232172966003,2,0.0,97871.0,0.0,73.58
padded,-111.99232172966003,3,0.0,97871.0,0.0,74.25
padded,-111.79232168197632,0,0.0,97871.0,0.0,73.36
padded,-111.79232168197632,1,0.0,97871.0,0.0,74.57
padded,-111.79232168197632,2,0.0,97871.0,0.0,73.62
padded,-111.79232168197632,3,0.0,97871.0,0.0,74.23
padded,-111.5923216342926,0,0.0,97871.0,0.0,73.32
padded,-111.5923216342926,1,0.0,97871.0,0.0,74.58
padded,-111.5923216342926,2,0.0,97871.0,0.0,73.6
padded,-111.5923216342926,3,0.0,97871.0,0.0,74.18
padded,-111.39232158660889,0,0.0,97871.0,0.0,73.29
padded,-111.39232158660889,1,0.0,97871.0,0.0,74.57
padded,-111.39132165908813,2,0.0,97871.0,0.0,73.6
padded,-111.39132165908813,3,0.0,97871.0,0.0,74.18
padded,-111.19132161140442,0,0.0,97871.0,0.0,73.32
padded,-111.19132161140442,1,0.0,97871.0,0.0,74.57
padded,-111.19132161140442,2,0.0,97871.0,0.0,73.56
padded,-111.19132161140442,3,0.0,97871.0,0.0,74.2
padded,-110.9913215637207,0,0.0,97871.0,0.0,73.33
padded,-110.9913215637207,1,0.0,97871.0,0.0,74.61
padded,-110.9913215637207,2,0.0,97871.0,0.0,73.54
padded,-110.9913215637207,3,0.0,97871.0,0.0,74.21
padded,-110.79132151603699,0,0.0,97871.0,0.0,73.33
padded,-110.79132151603699,1,0.0,97871.0,0.0,74.61
padded,-110.79032158851624,2,0.0,97871.0,0.0,73.53
padded,-110.79032158851624,3,0.0,97871.0,0.0,74.18
padded,-110.59032154083252,0,0.0,97871.0,0.0,73.32
padded,-110.59032154083252,1,0.0,97871.0,0.0,74.61
padded,-110.59032154083252,2,0.0,97871.0,0.0,73.52
padded,-110.59032154083252,3,0.0,97871.0,0.0,74.18
padded,-110.39032173156738,0,0.0,97871.0,0.0,73.34
padded,-110.39032173156738,1,0.0,97871.0,0.0,74.63
padded,-110.39032173156738,2,0.0,97871.0,0.0,73.52
padded,-110.39032173156738,3,0.0,97871.0,0.0,74.23
padded,-110.19032168388367,0,0.0,97871.0,0.0,73.31
padded,-110.19032168388367,1,0.0,97871.0,0.0,74.61
padded,-110.19032168388367,2,0.0,97871.0,0.0,73.53
padded,-110.18932151794434,3,0.0,97871.0,0.0,74.25
padded,-109.9893217086792,0,0.0,97871.0,0.0,73.28
padded,-109.9893217086792,1,0.0,97871.0,0.0,74.61
padded,-109.9893217086792,2,0.0,97871.0,0.0,73.54
padded,-109.9893217086792,3,0.0,97871.0,0.0,74.23
padded,-109.78932166099548,0,0.0,97871.0,0.0,73.28
padded,-109.78932166099548,1,0.0,97871.0,0.0,74.59
padded,-109.78932166099548,2,0.0,97871.0,0.0,73.5
padded,-109.78932166099548,3,0.0,97871.0,0.0,74.25
padded,-109.58932161331177,0,0.0,97871.0,0.0,73.34
padded,-109.58932161331177,1,0.0,97871.0,0.0,74.58
padded,-109.58932161331177,2,0.0,97871.0,0.0,73.51
padded,-109.58832168579102,3,0.0,97871.0,0.0,74.29
padded,-109.3883216381073,0,0.0,97871.0,0.0,73.36
padded,-109.3883216381073,1,0.0,97871.0,0.0,74.58
padded,-109.3883216381073,2,0.0,97871.0,0.0,73.49
padded,-109.3883216381073,3,0.0,97871.0,0.0,74.31
padded,-109.18832159042358,0,0.0,97871.0,0.0,73.34
padded,-109.18832159042358,1,0.0,97871.0,0.0,74.6
padded,-109.18832159042358,2,0.0,97871.0,0.0,73.5
padded,-109.18832159042358,3,0.0,97871.0,0.0,74.31
padded,-108.98832154273987,0,0.0,97871.0,0.0,73.38
padded,-108.98832154273987,1,0.0,97871.0,0.0,74.61
padded,-108.98832154273987,2,0.0,97871.0,0.0,73.49
padded,-108.98832154273987,3,0.0,97871.0,0.0,74.26
padded,-108.7873215675354,0,0.0,97871.0,0.0,73.38
padded,-108.7873215675354,1,0.0,97871.0,0.0,74.61
padded,-108.7873215675354,2,0.0,97871.0,0.0,73.53
padded,-108.7873215675354,3,0.0,97871.0,0.0,74.25
padded,-108.58732151985168,0,0.0,97871.0,0.0,73.36
padded,-108.58732151985168,1,0.0,97871.0,0.0,74.62
padded,-108.58732151985168,2,0.0,97871.0,0.0,73.53
padded,-108.58732151985168,3,0.0,97871.0,0.0,74.28
padded,-108.38732171058655,0,0.0,97871.0,0.0,73.35
padded,-108.38732171058655,1,0.0,97871.0,0.0,74.64
padded,-108.38732171058655,2,0.0,97871.0,0.0,73.54
padded,-108.38732171058655,3,0.0,97871.0,0.0,74.29
padded,-108.18632173538208,0,0.0,97871.0,0.0,73.39
padded,-108.18632173538208,1,0.0,97871.0,0.0,74.63
padded,-108.18632173538208,2,0.0,97871.0,0.0,73.53
padded,-108.18632173538208,3,0.0,97871.0,0.0,74.25
padded,-107.98632168769836,0,0.0,97871.0,0.0,73.39
padded,-107.98632168769836,1,0.0,97871.0,0.0,74.61
padded,-107.98632168769836,2,0.0,97871.0,0.0,73.54
padded,-107.98632168769836,3,0.0,97871.0,0.0,74.29
padded,-107.78632164001465,0,0.0,97871.0,0.0,73.36
padded,-107.78632164001465,1,0.0,97871.0,0.0,74.59
padded,-107.78632164001465,2,0.0,97871.0,0.0,73.53
padded,-107.78632164001465,3,0.0,97871.0,0.0,74.34
padded,-107.58632159233093,0,0.0,97871.0,0.0,73.34
padded,-107.58532166481018,1,0.0,97871.0,0.0,74.58
padded,-107.58532166481018,2,0.0,97871.0,0.0,73.51
padded,-107.58532166481018,3,0.0,97871.0,0.0,74.3
padded,-107.38532161712646,0,0.0,97871.0,0.0,73.36
padded,-107.38532161712646,1,0.0,97871.0,0.0,74.57
padded,-107.38532161712646,2,0.0,97871.0,0.0,73.51
padded,-107.38532161712646,3,0.0,97871.0,0.0,74.27
padded,-107.18532156944275,0,0.0,97871.0,0.0,73.34
padded,-107.18532156944275,1,0.0,97871.0,0.0,74.57
padded,-107.18532156944275,2,0.0,97871.0,0.0,73.56
padded,-107.18532156944275,3,0.0,97871.0,0.0,74.25
padded,-106.98532152175903,0,0.0,97871.0,0.0,73.33
padded,-106.98532152175903,1,0.0,97871.0,0.0,74.57
padded,-106.98432159423828,2,0.0,97871.0,0.0,73.56
padded,-106.98432159423828,3,0.0,97871.0,0.0,74.27
padded,-106.78432154655457,0,0.0,97871.0,0.0,73.38
padded,-106.78432154655457,1,0.0,97871.0,0.0,74.58
padded,-106.78432154655457,2,0.0,97871.0,0.0,73.56
padded,-106.78432154655457,3,0.0,97871.0,0.0,74.26
padded,-106.58432173728943,0,0.0,97871.0,0.0,73.43
padded,-106.58432173728943,1,0.0,97871.0,0.0,74.59
padded,-106.58432173728943,2,0.0,97871.0,0.0,73.58
padded,-106.58432173728943,3,0.0,97871.0,0.0,74.22
padded,-106.38432168960571,0,0.0,97871.0,0.0,73.38
padded,-106.38432168960571,1,0.0,97871.0,0.0,74.6
padded,-106.38432168960571,2,0.0,97871.0,0.0,73.55
padded,-106.38432168960571,3,0.0,97871.0,0.0,74.21
padded,-106.18332171440125,0,0.0,97871.0,0.0,73.37
padded,-106.18332171440125,1,0.0,97871.0,0.0,74.59
padded,-106.18332171440125,2,0.0,97871.0,0.0,73.51
padded,-106.18332171440125,3,0.0,97871.0,0.0,74.23
padded,-105.98332166671753,0,0.0,97871.0,0.0,73.38
padded,-105.98332166671753,1,0.0,97871.0,0.0,74.6
padded,-105.98332166671753,2,0.0,97871.0,0.0,73.5
padded,-105.98332166671753,3,0.0,97871.0,0.0,74.22
padded,-105.78332161903381,0,0.0,97871.0,0.0,73.38
padded,-105.78332161903381,1,0.0,97871.0,0.0,74.58
padded,-105.78332161903381,2,0.0,97871.0,0.0,73.49
padded,-105.78332161903381,3,0.0,97871.0,0.0,74.21
padded,-105.5833215713501,0,0.0,97871.0,0.0,73.34
padded,-105.58232164382935,1,0.0,97871.0,0.0,74.58
padded,-105.58232164382935,2,0.0,97871.0,0.0,73.48
padded,-105.58232164382935,3,0.0,97871.0,0.0,74.18
padded,-105.38232159614563,0,0.0,97871.0,0.0,73.33
padded,-105.38232159614563,1,0.0,97871.0,0.0,74.58
padded,-105.38232159614563,2,0.0,97871.0,0.0,73.51
padded,-105.38232159614563,3,0.0,97871.0,0.0,74.24
padded,-105.18232154846191,0,0.0,97871.0,0.0,73.33
padded,-105.18232154846191,1,0.0,97871.0,0.0,74.6
padded,-105.18232154846191,2,0.0,97871.0,0.0,73.51
padded,-105.18232154846191,3,0.0,97871.0,0.0,74.22
padded,-104.98232173919678,0,0.0,97871.0,0.0,73.33
padded,-104.98132157325745,1,0.0,97871.0,0.0,74.58
padded,-104.98132157325745,2,0.0,97871.0,0.0,73.52
padded,-104.98132157325745,3,0.0,97871.0,0.0,74.2
padded,-104.78132152557373,0,0.0,97871.0,0.0,73.3
padded,-104.78132152557373,1,0.0,97871.0,0.0,74.61
padded,-104.78132152557373,2,0.0,97871.0,0.0,73.54
padded,-104.78132152557373,3,0.0,97871.0,0.0,74.15
padded,-104.5813217163086,0,0.0,97871.0,0.0,73.3
padded,-104.5813217163086,1,0.0,97871.0,0.0,74.62
padded,-104.5813217163086,2,0.0,97871.0,0.0,73.53
padded,-104.5813217163086,3,0.0,97871.0,0.0,74.21
padded,-104.38132166862488,0,0.0,97871.0,0.0,73.34
padded,-104.38132166862488,1,0.0,97871.0,0.0,74.63
padded,-104.38032150268555,2,0.0,97871.0,0.0,73.51
padded,-104.38032150268555,3,0.0,97871.0,0.0,74.21
padded,-104.18032169342041,0,0.0,97871.0,0.0,73.36
padded,-104.18032169342041,1,0.0,97871.0,0.0,74.63
padded,-104.18032169342041,2,0.0,97871.0,0.0,73.53
padded,-104.18032169342041,3,0.0,97871.0,0.0,74.24
padded,-103.9803216457367,0,0.0,97871.0,0.0,73.32
padded,-103.9803216457367,1,0.0,97871.0,0.0,74.63
padded,-103.9803216457367,2,0.0,97871.0,0.0,73.51
padded,-103.9803216457367,3,0.0,97871.0,0.0,74.19
padded,-103.77032160758972,0,0.0,97871.0,0.0,73.31
padded,-103.77032160758972,1,0.0,97871.0,0.0,74.61
padded,-103.77032160758972,2,0.0,97871.0,0.0,73.51
padded,-103.77032160758972,3,0.0,97871.0,0.0,74.25
padded,-103.570321559906,0,0.0,97871.0,0.0,73.32
padded,-103.570321559906,1,0.0,97871.0,0.0,74.61
padded,-103.56932163238525,2,0.0,97871.0,0.0,73.5
padded,-103.56932163238525,3,0.0,97871.0,0.0,74.25
padded,-103.36932158470154,0,0.0,97871.0,0.0,73.29
padded,-103.36932158470154,1,0.0,97871.0,0.0,74.62
padded,-103.36932158470154,2,0.0,97871.0,0.0,73.5
padded,-103.36932158470154,3,0.0,97871.0,0.0,74.25
padded,-103.16932153701782,0,0.0,97871.0,0.0,73.26
padded,-103.16932153701782,1,0.0,97871.0,0.0,74.63
padded,-103.16932153701782,2,0.0,97871.0,0.0,73.48
padded,-103.16932153701782,3,0.0,97871.0,0.0,74.19
padded,-102.96932172775269,0,0.0,97871.0,0.0,73.29
padded,-102.96932172775269,1,0.0,97871.0,0.0,74.64
padded,-102.96832156181335,2,0.0,97871.0,0.0,73.48
padded,-102.96832156181335,3,0.0,97871.0,0.0,74.26
padded,-102.76832151412964,0,0.0,97871.0,0.0,73.33
padded,-102.76832151412964,1,0.0,97871.0,0.0,74.65
padded,-102.76832151412964,2,0.0,97871.0,0.0,73.46
padded,-102.76832151412964,3,0.0,97871.0,0.0,74.25
padded,-102.5683217048645,0,0.0,97871.0,0.0,73.32
padded,-102.5683217048645,1,0.0,97871.0,0.0,74.67
padded,-102.5683217048645,2,0.0,97871.0,0.0,73.47
padded,-102.5683217048645,3,0.0,97871.0,0.0,74.28
padded,-102.36832165718079,0,0.0,97871.0,0.0,73.33
padded,-102.36832165718079,1,0.0,97871.0,0.0,74.65
padded,-102.36832165718079,2,0.0,97871.0,0.0,73.48
padded,-102.36832165718079,3,0.0,97871.0,0.0,74.24
padded,-102.16732168197632,0,0.0,97871.0,0.0,73.38
padded,-102.16732168197632,1,0.0,97871.0,0.0,74.64
padded,-102.16732168197632,2,0.0,97871.0,0.0,73.51
padded,-102.16732168197632,3,0.0,97871.0,0.0,74.29
padded,-101.9673216342926,0,0.0,97871.0,0.0,73.37
padded,-101.9673216342926,1,0.0,97871.0,0.0,74.62
padded,-101.9673216342926,2,0.0,97871.0,0.0,73.51
padded,-101.9673216342926,3,0.0,97871.0,0.0,74.3
padded,-101.76732158660889,0,0.0,97871.0,0.0,73.34
padded,-101.76732158660889,1,0.0,97871.0,0.0,74.59
padded,-101.76732158660889,2,0.0,97871.0,0.0,73.53
padded,-101.76732158660889,3,0.0,97871.0,0.0,74.33
padded,-101.56632161140442,0,0.0,97871.0,0.0,73.36
padded,-101.56632161140442,1,0.0,97871.0,0.0,74.56
padded,-101.56632161140442,2,0.0,97871.0,0.0,73.52
padded,-101.56632161140442,3,0.0,97871.0,0.0,74.28
padded,-101.3663215637207,0,0.0,97871.0,0.0,73.41
padded,-101.3663215637207,1,0.0,97871.0,0.0,74.56
padded,-101.3663215637207,2,0.0,97871.0,0.0,73.52
padded,-101.3663215637207,3,0.0,97871.0,0.0,74.3
padded,-101.16632151603699,0,0.0,97871.0,0.0,73.41
padded,-101.16632151603699,1,0.0,97871.0,0.0,74.57
padded,-101.16632151603699,2,0.0,97871.0,0.0,73.53
padded,-101.16632151603699,3,0.0,97871.0,0.0,74.33
padded,-100.96632170677185,0,0.0,97871.0,0.0,73.39
padded,-100.96532154083252,1,0.0,97871.0,0.0,74.58
padded,-100.96532154083252,2,0.0,97871.0,0.0,73.52
padded,-100.96532154083252,3,0.0,97871.0,0.0,74.32
padded,-100.76532173156738,0,0.0,97871.0,0.0,73.39
padded,-100.76532173156738,1,0.0,97871.0,0.0,74.58
padded,-100.76532173156738,2,0.0,97871.0,0.0,73.51
padded,-100.76532173156738,3,0.0,97871.0,0.0,74.27
padded,-100.56532168388367,0,0.0,97871.0,0.0,73.38
padded,-100.56532168388367,1,0.0,97871.0,0.0,74.61
padded,-100.56532168388367,2,0.0,97871.0,0.0,73.54
padded,-100.56532168388367,3,0.0,97871.0,0.0,74.28
padded,-100.36532163619995,0,0.0,97871.0,0.0,73.3
padded,-100.3643217086792,1,0.0,97871.0,0.0,74.6
padded,-100.3643217086792,2,0.0,97871.0,0.0,73.56
padded,-100.3643217086792,3,0.0,97871.0,0.0,74.3
padded,-100.16432166099548,0,1.0,97871.0,0.0,73.3
padded,-100.12032151222229,1,1.0,97871.0,0.0,74.6
padded,-100.12032151222229,2,1.0,97871.0,0.0,73.6
padded,-100.12032151222229,3,1.0,97871.0,0.0,74.29
padded,-99.92032170295715,0,4.0,97871.0,0.0,73.34
padded,-99.92032170295715,1,1.0,97871.0,0.0,74.57
padded,-99.92032170295715,2,1.0,97871.0,0.0,73.6
padded,-99.91932153701782,3,1.0,97871.0,0.0,74.26
padded,-99.71832156181335,0,4.0,97871.0,0.0,73.36
padded,-99.71532154083252,1,4.0,97871.0,0.0,74.62
padded,-99.71332168579102,2,1.0,97871.0,0.0,73.61
padded,-99.71332168579102,3,1.0,97871.0,0.0,74.25
padded,-99.5133216381073,0,4.0,97871.0,0.0,73.36
padded,-99.49732160568237,1,4.0,97871.0,0.0,74.65
padded,-99.49732160568237,2,4.0,97871.0,0.0,73.62
padded,-99.49732160568237,3,1.0,97871.0,0.0,74.29
padded,-99.29732155799866,0,4.0,97871.0,0.0,73.41
padded,-99.2963216304779,1,4.0,97871.0,0.0,74.65
padded,-99.2963216304779,2,4.0,97871.0,0.0,73.6
padded,-99.2963216304779,3,4.0,97871.0,0.0,74.63
padded,-99.09632158279419,0,4.0,97871.0,0.0,73.41
padded,-99.09532165527344,1,4.0,97871.0,0.0,74.64
padded,-99.09532165527344,2,4.0,97871.0,0.0,73.59
padded,-99.09532165527344,3,4.0,97871.0,0.0,75.14
padded,-98.89532160758972,0,4.0,97871.0,0.0,73.39
padded,-98.89532160758972,1,4.0,97871.0,0.0,74.61
padded,-98.89532160758972,2,4.0,97871.0,0.0,73.6
padded,-98.89532160758972,3,4.0,97871.0,0.0,75.67
padded,-98.695321559906,0,4.0,97871.0,0.0,73.37
padded,-98.695321559906,1,4.0,97871.0,0.0,74.61
padded,-98.695321559906,2,4.0,97871.0,0.0,73.58
padded,-98.695321559906,3,4.0,97871.0,0.0,76.13
padded,-98.49532151222229,0,4.0,97871.0,0.0,73.4
padded,-98.49432158470154,1,4.0,97871.0,0.0,74.6
padded,-98.49432158470154,2,4.0,97871.0,0.0,73.55
padded,-98.49432158470154,3,4.0,97871.0,0.0,76.63
padded,-98.29432153701782,0,4.0,97871.0,0.0,73.36
padded,-98.29432153701782,1,4.0,97871.0,0.0,74.62
padded,-98.29432153701782,2,4.0,97871.0,0.0,73.53
padded,-98.29432153701782,3,4.0,97871.0,0.0,76.91
padded,-98.09432172775269,0,4.0,97871.0,0.0,73.32
padded,-98.09432172775269,1,4.0,97871.0,0.0,74.65
padded,-98.09432172775269,2,4.0,97871.0,0.0,73.53
padded,-98.09432172775269,3,4.0,97871.0,0.0,76.93
padded,-97.89432168006897,0,4.0,97871.0,0.0,73.3
padded,-97.89432168006897,1,4.0,97871.0,0.0,74.67
padded,-97.89432168006897,2,4.0,97871.0,0.0,73.5
padded,-97.89332151412964,3,4.0,97871.0,0.0,76.9
padded,-97.6933217048645,0,4.0,97871.0,0.0,73.35
padded,-97.6933217048645,1,4.0,97871.0,0.0,74.68
padded,-97.6933217048645,2,4.0,97871.0,0.0,73.5
padded,-97.6933217048645,3,4.0,97871.0,0.0,76.92
padded,-97.49332165718079,0,4.0,97871.0,0.0,73.33
padded,-97.49332165718079,1,4.0,97871.0,0.0,74.69
padded,-97.49332165718079,2,4.0,97871.0,0.0,73.52
padded,-97.49332165718079,3,4.0,97871.0,0.0,76.64
padded,-97.29332160949707,0,4.0,97871.0,0.0,73.3
padded,-97.29332160949707,1,4.0,97871.0,0.0,74.68
padded,-97.29332160949707,2,4.0,97871.0,0.0,73.55
padded,-97.29332160949707,3,4.0,97871.0,0.0,76.13
padded,-97.0923216342926,0,4.0,97871.0,0.0,73.29
padded,-97.0923216342926,1,4.0,97871.0,0.0,74.67
padded,-97.0923216342926,2,4.0,97871.0,0.0,73.55
padded,-97.0923216342926,3,4.0,97871.0,0.0,75.57
padded,-96.89232158660889,0,4.0,97871.0,0.0,73.31
padded,-96.89232158660889,1,4.0,97871.0,0.0,74.65
padded,-96.89232158660889,2,4.0,97871.0,0.0,73.56
padded,-96.89232158660889,3,4.0,97871.0,0.0,75.07
padded,-96.69232153892517,0,4.0,97871.0,0.0,73.33
padded,-96.69232153892517,1,4.0,97871.0,0.0,74.62
padded,-96.69232153892517,2,4.0,97871.0,0.0,73.57
padded,-96.69232153892517,3,4.0,97871.0,0.0,74.56
padded,-96.49232172966003,0,4.0,97871.0,0.0,73.34
padded,-96.4913215637207,1,4.0,97871.0,0.0,74.62
padded,-96.4913215637207,2,4.0,97871.0,0.0,73.56
padded,-96.4913215637207,3,4.0,97871.0,0.0,74.35
padded,-96.29132151603699,0,4.0,97871.0,0.0,73.39
padded,-96.29132151603699,1,4.0,97871.0,0.0,74.62
padded,-96.29132151603699,2,4.0,97871.0,0.0,73.54
padded,-96.29132151603699,3,4.0,97871.0,0.0,74.35
padded,-96.09132170677185,0,4.0,97871.0,0.0,73.45
padded,-96.09132170677185,1,4.0,97871.0,0.0,74.61
padded,-96.09132170677185,2,4.0,97871.0,0.0,73.54
padded,-96.09132170677185,3,4.0,97871.0,0.0,74.32
padded,-95.89132165908813,0,4.0,97871.0,0.0,73.5
padded,-95.89032173156738,1,4.0,97871.0,0.0,74.62
padded,-95.89032173156738,2,4.0,97871.0,0.0,73.54
padded,-95.89032173156738,3,4.0,97871.0,0.0,74.39
padded,-95.69032168388367,0,4.0,97871.0,0.0,73.45
padded,-95.69032168388367,1,4.0,97871.0,0.0,74.64
padded,-95.69032168388367,2,4.0,97871.0,0.0,73.55
padded,-95.69032168388367,3,4.0,97871.0,0.0,74.38
padded,-95.49032163619995,0,4.0,97871.0,0.0,73.47
padded,-95.49032163619995,1,4.0,97871.0,0.0,74.64
padded,-95.49032163619995,2,4.0,97871.0,0.0,73.57
padded,-95.49032163619995,3,4.0,97871.0,0.0,74.39
padded,-95.29032158851624,0,4.0,97871.0,0.0,73.47
padded,-95.28932166099548,1,4.0,97871.0,0.0,74.63
padded,-95.28932166099548,2,4.0,97871.0,0.0,73.61
padded,-95.28932166099548,3,4.0,97871.0,0.0,74.3
padded,-95.08932161331177,0,4.0,97871.0,0.0,73.46
padded,-95.08932161331177,1,4.0,97871.0,0.0,74.62
padded,-95.08932161331177,2,4.0,97871.0,0.0,73.59
padded,-95.08932161331177,3,4.0,97871.0,0.0,74.37
padded,-94.88932156562805,0,4.0,97871.0,0.0,73.45
padded,-94.88932156562805,1,4.0,97871.0,0.0,74.61
padded,-94.88932156562805,2,4.0,97871.0,0.0,73.6
padded,-94.88932156562805,3,4.0,97871.0,0.0,74.37
padded,-94.68932151794434,0,4.0,97871.0,0.0,73.5
padded,-94.68932151794434,1,4.0,97871.0,0.0,74.6
padded,-94.68932151794434,2,4.0,97871.0,0.0,73.56
padded,-94.68832159042358,3,4.0,97871.0,0.0,74.35
padded,-94.48832154273987,0,4.0,97871.0,0.0,73.49
padded,-94.48832154273987,1,4.0,97871.0,0.0,74.61
padded,-94.48832154273987,2,4.0,97871.0,0.0,73.54
padded,-94.48832154273987,3,4.0,97871.0,0.0,74.3
padded,-94.28832173347473,0,4.0,97871.0,0.0,73.43
padded,-94.28832173347473,1,4.0,97871.0,0.0,74.6
padded,-94.28832173347473,2,4.0,97871.0,0.0,73.53
padded,-94.28832173347473,3,4.0,97871.0,0.0,74.36
padded,-94.08832168579102,0,4.0,97871.0,0.0,73.39
padded,-94.08832168579102,1,4.0,97871.0,0.0,74.61
padded,-94.08832168579102,2,4.0,97871.0,0.0,73.53
padded,-94.08832168579102,3,4.0,97871.0,0.0,74.35
padded,-93.88732171058655,0,4.0,97871.0,0.0,73.37
padded,-93.88732171058655,1,4.0,97871.0,0.0,74.6
padded,-93.88732171058655,2,4.0,97871.0,0.0,73.56
padded,-93.88732171058655,3,4.0,97871.0,0.0,74.37
padded,-93.68732166290283,0,4.0,97871.0,0.0,73.3
padded,-93.68732166290283,1,4.0,97871.0,0.0,74.61
padded,-93.68732166290283,2,4.0,97871.0,0.0,73.62
padded,-93.68732166290283,3,4.0,97871.0,0.0,74.33
padded,-93.48732161521912,0,4.0,97871.0,0.0,73.28
padded,-93.48732161521912,1,4.0,97871.0,0.0,74.6
padded,-93.48732161521912,2,4.0,97871.0,0.0,73.64
padded,-93.48732161521912,3,4.0,97871.0,0.0,74.36
padded,-93.2873215675354,0,4.0,97871.0,0.0,73.29
padded,-93.28632164001465,1,4.0,97871.0,0.0,74.62
padded,-93.28632164001465,2,4.0,97871.0,0.0,73.62
padded,-93.28632164001465,3,4.0,97871.0,0.0,74.36
padded,-93.08632159233093,0,4.0,97871.0,0.0,73.29
padded,-93.08632159233093,1,4.0,97871.0,0.0,74.61
padded,-93.08632159233093,2,4.0,97871.0,0.0,73.62
padded,-93.08632159233093,3,4.0,97871.0,0.0,74.35
padded,-92.88632154464722,0,4.0,97871.0,0.0,73.31
padded,-92.88632154464722,1,4.0,97871.0,0.0,74.61
padded,-92.88632154464722,2,4.0,97871.0,0.0,73.59
padded,-92.88632154464722,3,4.0,97871.0,0.0,74.28
padded,-92.68632173538208,0,4.0,97871.0,0.0,73.31
padded,-92.68532156944275,1,4.0,97871.0,0.0,74.6
padded,-92.68532156944275,2,4.0,97871.0,0.0,73.56
padded,-92.68532156944275,3,4.0,97871.0,0.0,74.28
padded,-92.48532152175903,0,4.0,97871.0,0.0,73.32
padded,-92.48532152175903,1,4.0,97871.0,0.0,74.6
padded,-92.48532152175903,2,4.0,97871.0,0.0,73.55
padded,-92.48532152175903,3,4.0,97871.0,0.0,74.31
padded,-92.2853217124939,0,4.0,97871.0,0.0,73.34
padded,-92.2853217124939,1,4.0,97871.0,0.0,74.62
padded,-92.2853217124939,2,4.0,97871.0,0.0,73.56
padded,-92.2853217124939,3,4.0,97871.0,0.0,74.31
padded,-92.08532166481018,0,4.0,97871.0,0.0,73.35
padded,-92.08532166481018,1,4.0,97871.0,0.0,74.63
padded,-92.08532166481018,2,4.0,97871.0,0.0,73.55
padded,-92.08432173728943,3,4.0,97871.0,0.0,74.28
padded,-91.88432168960571,0,4.0,97871.0,0.0,73.31
padded,-91.88432168960571,1,4.0,97871.0,0.0,74.65
padded,-91.88432168960571,2,4.0,97871.0,0.0,73.56
padded,-91.88432168960571,3,4.0,97871.0,0.0,74.3
padded,-91.684321641922,0,4.0,97871.0,0.0,73.33
padded,-91.684321641922,1,4.0,97871.0,0.0,74.67
padded,-91.684321641922,2,4.0,97871.0,0.0,73.56
padded,-91.684321641922,3,4.0,97871.0,0.0,74.33
padded,-91.48432159423828,0,4.0,97871.0,0.0,73.32
padded,-91.48432159423828,1,4.0,97871.0,0.0,74.68
padded,-91.48432159423828,2,4.0,97871.0,0.0,73.55
padded,-91.48432159423828,3,4.0,97871.0,0.0,74.35
padded,-91.28332161903381,0,4.0,97871.0,0.0,73.32
padded,-91.28332161903381,1,4.0,97871.0,0.0,74.67
padded,-91.28332161903381,2,4.0,97871.0,0.0,73.53
padded,-91.28332161903381,3,4.0,97871.0,0.0,74.33
padded,-91.0833215713501,0,4.0,97871.0,0.0,73.31
padded,-91.0833215713501,1,4.0,97871.0,0.0,74.66
padded,-91.0833215713501,2,4.0,97871.0,0.0,73.51
padded,-91.0833215713501,3,4.0,97871.0,0.0,74.33
padded,-90.88332152366638,0,4.0,97871.0,0.0,73.34
padded,-90.88332152366638,1,4.0,97871.0,0.0,74.62
padded,-90.88332152366638,2,4.0,97871.0,0.0,73.51
padded,-90.88332152366638,3,4.0,97871.0,0.0,74.37
padded,-90.68232154846191,0,4.0,97871.0,0.0,73.34
padded,-90.68232154846191,1,4.0,97871.0,0.0,74.61
padded,-90.68232154846191,2,4.0,97871.0,0.0,73.54
padded,-90.68232154846191,3,4.0,97871.0,0.0,74.36
padded,-90.48232173919678,0,4.0,97871.0,0.0,73.33
padded,-90.48232173919678,1,4.0,97871.0,0.0,74.62
padded,-90.48232173919678,2,4.0,97871.0,0.0,73.55
padded,-90.48232173919678,3,4.0,97871.0,0.0,74.36
padded,-90.28232169151306,0,4.0,97871.0,0.0,73.35
padded,-90.28232169151306,1,4.0,97871.0,0.0,74.62
padded,-90.28232169151306,2,4.0,97871.0,0.0,73.56
padded,-90.28232169151306,3,4.0,97871.0,0.0,74.3
padded,-90.0813217163086,0,4.0,97871.0,0.0,73.41
padded,-90.0813217163086,1,4.0,97871.0,0.0,74.64
padded,-90.0813217163086,2,4.0,97871.0,0.0,73.57
padded,-90.0813217163086,3,4.0,97871.0,0.0,74.37
padded,-89.88132166862488,0,4.0,97871.0,0.0,73.38
padded,-89.88132166862488,1,4.0,97871.0,0.0,74.67
padded,-89.88132166862488,2,4.0,97871.0,0.0,73.56
padded,-89.88132166862488,3,4.0,97871.0,0.0,74.35
padded,-89.68132162094116,0,4.0,97871.0,0.0,73.39
padded,-89.68132162094116,1,4.0,97871.0,0.0,74.67
padded,-89.68132162094116,2,4.0,97871.0,0.0,73.53
padded,-89.68132162094116,3,4.0,97871.0,0.0,74.34
padded,-89.48132157325745,0,4.0,97871.0,0.0,73.4
padded,-89.4803216457367,1,4.0,97871.0,0.0,74.66
padded,-89.4803216457367,2,4.0,97871.0,0.0,73.51
padded,-89.4803216457367,3,4.0,97871.0,0.0,74.28
padded,-89.28032159805298,0,4.0,97871.0,0.0,73.42
padded,-89.28032159805298,1,4.0,97871.0,0.0,74.64
padded,-89.28032159805298,2,4.0,97871.0,0.0,73.51
padded,-89.28032159805298,3,4.0,97871.0,0.0,74.35
padded,-89.08032155036926,0,4.0,97871.0,0.0,73.38
padded,-89.08032155036926,1,4.0,97871.0,0.0,74.62
padded,-89.08032155036926,2,4.0,97871.0,0.0,73.51
padded,-89.08032155036926,3,4.0,97871.0,0.0,74.35
padded,-88.88032150268555,0,4.0,97871.0,0.0,73.36
padded,-88.8793215751648,1,4.0,97871.0,0.0,74.62
padded,-88.8793215751648,2,4.0,97871.0,0.0,73.54
padded,-88.8793215751648,3,4.0,97871.0,0.0,74.34
padded,-88.67932152748108,0,4.0,97871.0,0.0,73.37
padded,-88.67932152748108,1,4.0,97871.0,0.0,74.61
padded,-88.67932152748108,2,4.0,97871.0,0.0,73.57
padded,-88.67932152748108,3,4.0,97871.0,0.0,74.33
padded,-88.47932171821594,0,4.0,97871.0,0.0,73.39
padded,-88.47932171821594,1,4.0,97871.0,0.0,74.62
padded,-88.47932171821594,2,4.0,97871.0,0.0,73.59
padded,-88.47932171821594,3,4.0,97871.0,0.0,74.35
padded,-88.27932167053223,0,4.0,97871.0,0.0,73.36
padded,-88.2783215045929,1,4.0,97871.0,0.0,74.63
padded,-88.2783215045929,2,4.0,97871.0,0.0,73.59
padded,-88.2783215045929,3,4.0,97871.0,0.0,74.35
padded,-88.07832169532776,0,4.0,97871.0,0.0,73.36
padded,-88.07832169532776,1,4.0,97871.0,0.0,74.64
padded,-88.07832169532776,2,4.0,97871.0,0.0,73.57
padded,-88.07832169532776,3,4.0,97871.0,0.0,74.32
padded,-87.87832164764404,0,4.0,97871.0,0.0,73.38
padded,-87.87832164764404,1,4.0,97871.0,0.0,74.63
padded,-87.87832164764404,2,4.0,97871.0,0.0,73.56
padded,-87.87832164764404,3,4.0,97871.0,0.0,74.25
padded,-87.67832159996033,0,4.0,97871.0,0.0,73.36
padded,-87.67832159996033,1,4.0,97871.0,0.0,74.64
padded,-87.67832159996033,2,4.0,97871.0,0.0,73.56
padded,-87.67732167243958,3,4.0,97871.0,0.0,74.27
padded,-87.47732162475586,0,4.0,97871.0,0.0,73.31
padded,-87.47732162475586,1,4.0,97871.0,0.0,74.63
padded,-87.47732162475586,2,4.0,97871.0,0.0,73.55
padded,-87.47732162475586,3,4.0,97871.0,0.0,74.25
padded,-87.27732157707214,0,4.0,97871.0,0.0,73.33
padded,-87.27732157707214,1,4.0,97871.0,0.0,74.64
padded,-87.27732157707214,2,4.0,97871.0,0.0,73.54
padded,-87.27732157707214,3,4.0,97871.0,0.0,74.22
padded,-87.07732152938843,0,4.0,97871.0,0.0,73.36
padded,-87.07732152938843,1,4.0,97871.0,0.0,74.63
padded,-87.07732152938843,2,4.0,97871.0,0.0,73.55
padded,-87.07732152938843,3,4.0,97871.0,0.0,74.17
padded,-86.87732172012329,0,4.0,97871.0,0.0,73.39
padded,-86.87632155418396,1,4.0,97871.0,0.0,74.63
padded,-86.87632155418396,2,4.0,97871.0,0.0,73.55
padded,-86.87632155418396,3,4.0,97871.0,0.0,74.23
padded,-86.67632150650024,0,4.0,97871.0,0.0,73.37
padded,-86.67632150650024,1,4.0,97871.0,0.0,74.62
padded,-86.67632150650024,2,4.0,97871.0,0.0,73.52
padded,-86.67632150650024,3,4.0,97871.0,0.0,74.24
padded,-86.47632169723511,0,4.0,97871.0,0.0,73.4
padded,-86.47632169723511,1,4.0,97871.0,0.0,74.63
padded,-86.47632169723511,2,4.0,97871.0,0.0,73.53
padded,-86.47632169723511,3,4.0,97871.0,0.0,74.28
padded,-86.27632164955139,0,4.0,97871.0,0.0,73.39
padded,-86.27532172203064,1,4.0,97871.0,0.0,74.62
padded,-86.27532172203064,2,4.0,97871.0,0.0,73.53
padded,-86.27532172203064,3,4.0,97871.0,0.0,74.27
padded,-86.07532167434692,0,4.0,97871.0,0.0,73.36
padded,-86.07532167434692,1,4.0,97871.0,0.0,74.63
padded,-86.07532167434692,2,4.0,97871.0,0.0,73.53
padded,-86.07532167434692,3,4.0,97871.0,0.0,74.29
padded,-85.87532162666321,0,4.0,97871.0,0.0,73.31
padded,-85.87532162666321,1,4.0,97871.0,0.0,74.64
padded,-85.87532162666321,2,4.0,97871.0,0.0,73.52
padded,-85.87532162666321,3,4.0,97871.0,0.0,74.3
padded,-85.67532157897949,0,4.0,97871.0,0.0,73.32
padded,-85.67532157897949,1,4.0,97871.0,0.0,74.65
padded,-85.67432165145874,2,4.0,97871.0,0.0,73.54
padded,-85.67432165145874,3,4.0,97871.0,0.0,74.32
padded,-85.47432160377502,0,4.0,97871.0,0.0,73.33
padded,-85.47432160377502,1,4.0,97871.0,0.0,74.66
padded,-85.47432160377502,2,4.0,97871.0,0.0,73.53
padded,-85.47432160377502,3,4.0,97871.0,0.0,74.26
padded,-85.27432155609131,0,4.0,97871.0,0.0,73.3
padded,-85.27432155609131,1,4.0,97871.0,0.0,74.66
padded,-85.27432155609131,2,4.0,97871.0,0.0,73.53
padded,-85.27432155609131,3,4.0,97871.0,0.0,74.25
padded,-85.07432150840759,0,4.0,97871.0,0.0,73.29
padded,-85.07432150840759,1,4.0,97871.0,0.0,74.66
padded,-85.07332158088684,2,4.0,97871.0,0.0,73.54
padded,-85.07332158088684,3,4.0,97871.0,0.0,74.27
padded,-84.87332153320312,0,4.0,97871.0,0.0,73.35
padded,-84.87332153320312,1,4.0,97871.0,0.0,74.65
padded,-84.87332153320312,2,4.0,97871.0,0.0,73.53
padded,-84.87332153320312,3,4.0,97871.0,0.0,74.27
padded,-84.67332172393799,0,4.0,97871.0,0.0,73.36
padded,-84.67332172393799,1,4.0,97871.0,0.0,74.63
padded,-84.67332172393799,2,4.0,97871.0,0.0,73.53
padded,-84.67332172393799,3,4.0,97871.0,0.0,74.23
padded,-84.47332167625427,0,4.0,97871.0,0.0,73.34
padded,-84.47332167625427,1,4.0,97871.0,0.0,74.62
padded,-84.47232151031494,2,4.0,97871.0,0.0,73.51
padded,-84.47232151031494,3,4.0,97871.0,0.0,74.22
padded,-84.2723217010498,0,4.0,97871.0,0.0,73.38
padded,-84.2723217010498,1,4.0,97871.0,0.0,74.62
padded,-84.2723217010498,2,4.0,97871.0,0.0,73.51
padded,-84.2723217010498,3,4.0,97871.0,0.0,74.28
padded,-84.07232165336609,0,4.0,97871.0,0.0,73.42
padded,-84.07232165336609,1,4.0,97871.0,0.0,74.64
padded,-84.07232165336609,2,4.0,97871.0,0.0,73.56
padded,-84.07232165336609,3,4.0,97871.0,0.0,74.29
padded,-83.87232160568237,0,4.0,97871.0,0.0,73.42
padded,-83.87232160568237,1,4.0,97871.0,0.0,74.65
padded,-83.87232160568237,2,4.0,97871.0,0.0,73.58
padded,-83.87232160568237,3,4.0,97871.0,0.0,74.31
padded,-83.6713216304779,0,4.0,97871.0,0.0,73.39
padded,-83.6713216304779,1,4.0,97871.0,0.0,74.67
padded,-83.66932153701782,2,4.0,97871.0,0.0,73.58
padded,-83.66832160949707,3,4.0,97871.0,0.0,74.23
padded,-83.4673216342926,0,4.0,97871.0,0.0,73.44
padded,-83.4673216342926,1,4.0,97871.0,0.0,74.68
padded,-83.4673216342926,2,4.0,97871.0,0.0,73.59
padded,-83.4673216342926,3,4.0,97871.0,0.0,74.27
padded,-83.26632165908813,0,4.0,97871.0,0.0,73.45
padded,-83.26632165908813,1,4.0,97871.0,0.0,74.66
padded,-83.26632165908813,2,4.0,97871.0,0.0,73.58
padded,-83.26632165908813,3,4.0,97871.0,0.0,74.27
padded,-83.06632161140442,0,4.0,97871.0,0.0,73.41
padded,-83.06632161140442,1,4.0,97871.0,0.0,74.64
padded,-83.06632161140442,2,4.0,97871.0,0.0,73.54
padded,-83.06632161140442,3,4.0,97871.0,0.0,74.28
padded,-82.8663215637207,0,4.0,97871.0,0.0,73.41
padded,-82.8663215637207,1,4.0,97871.0,0.0,74.62
padded,-82.8663215637207,2,4.0,97871.0,0.0,73.53
padded,-82.8663215637207,3,4.0,97871.0,0.0,74.22
padded,-82.66532158851624,0,4.0,97871.0,0.0,73.44
padded,-82.66532158851624,1,4.0,97871.0,0.0,74.61
padded,-82.66532158851624,2,4.0,97871.0,0.0,73.54
padded,-82.66532158851624,3,4.0,97871.0,0.0,74.28
padded,-82.46532154083252,0,4.0,97871.0,0.0,73.44
padded,-82.46532154083252,1,4.0,97871.0,0.0,74.6
padded,-82.46532154083252,2,4.0,97871.0,0.0,73.57
padded,-82.46532154083252,3,4.0,97871.0,0.0,74.28
padded,-82.26532173156738,0,4.0,97871.0,0.0,73.4
padded,-82.26532173156738,1,4.0,97871.0,0.0,74.62
padded,-82.26532173156738,2,4.0,97871.0,0.0,73.59
padded,-82.26532173156738,3,4.0,97871.0,0.0,74.27
padded,-82.06432151794434,0,4.0,97871.0,0.0,73.41
padded,-82.06432151794434,1,4.0,97871.0,0.0,74.64
padded,-82.06432151794434,2,4.0,97871.0,0.0,73.63
padded,-82.06432151794434,3,4.0,97871.0,0.0,74.23
padded,-81.8643217086792,0,4.0,97871.0,0.0,73.41
padded,-81.8643217086792,1,4.0,97871.0,0.0,74.66
padded,-81.8643217086792,2,4.0,97871.0,0.0,73.63
padded,-81.8643217086792,3,4.0,97871.0,0.0,74.23
padded,-81.66432166099548,0,4.0,97871.0,0.0,73.4
padded,-81.66432166099548,1,4.0,97871.0,0.0,74.65
padded,-81.66432166099548,2,4.0,97871.0,0.0,73.64
padded,-81.66432166099548,3,4.0,97871.0,0.0,74.23
padded,-81.46332168579102,0,4.0,97871.0,0.0,73.38
padded,-81.46332168579102,1,4.0,97871.0,0.0,74.67
padded,-81.46332168579102,2,4.0,97871.0,0.0,73.61
padded,-81.46332168579102,3,4.0,97871.0,0.0,74.23
padded,-81.2633216381073,0,4.0,97871.0,0.0,73.38
padded,-81.2633216381073,1,4.0,97871.0,0.0,74.65
padded,-81.2633216381073,2,4.0,97871.0,0.0,73.57
padded,-81.2633216381073,3,4.0,97871.0,0.0,74.19
padded,-81.06332159042358,0,4.0,97871.0,0.0,73.39
padded,-81.06332159042358,1,4.0,97871.0,0.0,74.62
padded,-81.06332159042358,2,4.0,97871.0,0.0,73.53
padded,-81.06332159042358,3,4.0,97871.0,0.0,74.17
padded,-80.86232161521912,0,4.0,97871.0,0.0,73.36
padded,-80.86232161521912,1,4.0,97871.0,0.0,74.61
padded,-80.86232161521912,2,4.0,97871.0,0.0,73.56
padded,-80.86232161521912,3,4.0,97871.0,0.0,74.21
padded,-80.6623215675354,0,4.0,97871.0,0.0,73.34
padded,-80.6623215675354,1,4.0,97871.0,0.0,74.63
padded,-80.6623215675354,2,4.0,97871.0,0.0,73.54
padded,-80.6623215675354,3,4.0,97871.0,0.0,74.23
padded,-80.46232151985168,0,4.0,97871.0,0.0,73.36
padded,-80.46232151985168,1,4.0,97871.0,0.0,74.61
padded,-80.46232151985168,2,4.0,97871.0,0.0,73.54
padded,-80.46232151985168,3,4.0,97871.0,0.0,74.21
padded,-80.26232171058655,0,4.0,97871.0,0.0,73.38
padded,-80.26132154464722,1,4.0,97871.0,0.0,74.62
padded,-80.26132154464722,2,4.0,97871.0,0.0,73.56
padded,-80.26132154464722,3,4.0,97871.0,0.0,74.21
padded,-80.06132173538208,0,4.0,97871.0,0.0,73.35
padded,-80.06132173538208,1,4.0,97871.0,0.0,74.64
padded,-80.06132173538208,2,4.0,97871.0,0.0,73.54
padded,-80.06132173538208,3,4.0,97871.0,0.0,74.26
padded,-79.86132168769836,0,4.0,97871.0,0.0,73.36
padded,-79.86132168769836,1,4.0,97871.0,0.0,74.65
padded,-79.86132168769836,2,4.0,97871.0,0.0,73.51
padded,-79.86132168769836,3,4.0,97871.0,0.0,74.29
padded,-79.66132164001465,0,4.0,97871.0,0.0,73.38
padded,-79.66132164001465,1,4.0,97871.0,0.0,74.65
padded,-79.6603217124939,2,4.0,97871.0,0.0,73.52
padded,-79.6603217124939,3,4.0,97871.0,0.0,74.28
padded,-79.46032166481018,0,4.0,97871.0,0.0,73.37
padded,-79.46032166481018,1,4.0,97871.0,0.0,74.67
padded,-79.46032166481018,2,4.0,97871.0,0.0,73.51
padded,-79.46032166481018,3,4.0,97871.0,0.0,74.26
padded,-79.26032161712646,0,4.0,97871.0,0.0,73.34
padded,-79.26032161712646,1,4.0,97871.0,0.0,74.68
padded,-79.26032161712646,2,4.0,97871.0,0.0,73.51
padded,-79.26032161712646,3,4.0,97871.0,0.0,74.31
padded,-79.06032156944275,0,4.0,97871.0,0.0,73.36
padded,-79.06032156944275,1,4.0,97871.0,0.0,74.65
padded,-79.06032156944275,2,4.0,97871.0,0.0,73.54
padded,-79.059321641922,3,4.0,97871.0,0.0,74.33
padded,-78.85932159423828,0,4.0,97871.0,0.0,73.41
padded,-78.85432171821594,1,4.0,97871.0,0.0,74.67
padded,-78.85332155227661,2,4.0,97871.0,0.0,73.57
padded,-78.85332155227661,3,4.0,97871.0,0.0,74.32
padded,-78.6533215045929,0,4.0,97871.0,0.0,73.39
padded,-78.6533215045929,1,4.0,97871.0,0.0,74.65
padded,-78.6533215045929,2,4.0,97871.0,0.0,73.56
padded,-78.6533215045929,3,4.0,97871.0,0.0,74.27
padded,-78.45232152938843,0,4.0,97871.0,0.0,73.39
padded,-78.43232154846191,1,4.0,97871.0,0.0,74.63
padded,-78.43132162094116,2,4.0,97871.0,0.0,73.59
padded,-78.43132162094116,3,4.0,97871.0,0.0,74.34
padded,-78.22932171821594,0,4.0,97871.0,0.0,73.43
padded,-78.22832155227661,1,4.0,97871.0,0.0,74.63
padded,-78.22832155227661,2,4.0,97871.0,0.0,73.59
padded,-78.22832155227661,3,4.0,97871.0,0.0,74.34
padded,-78.0283215045929,0,4.0,97871.0,0.0,73.43
padded,-78.0283215045929,1,4.0,97871.0,0.0,74.65
padded,-78.0283215045929,2,4.0,97871.0,0.0,73.57
padded,-78.0283215045929,3,4.0,97871.0,0.0,74.35
padded,-77.82832169532776,0,4.0,97871.0,0.0,73.38
padded,-77.82832169532776,1,4.0,97871.0,0.0,74.65
padded,-77.82832169532776,2,4.0,97871.0,0.0,73.55
padded,-77.82832169532776,3,4.0,97871.0,0.0,74.36
padded,-77.62832164764404,0,4.0,97871.0,0.0,73.34
padded,-77.62732172012329,1,4.0,97871.0,0.0,74.66
padded,-77.62732172012329,2,21.0,97871.0,0.0,76.72
padded,-77.62732172012329,3,20.0,97871.0,0.0,74.41
padded,-77.42532157897949,0,4.0,97871.0,0.0,73.36
padded,-77.42532157897949,1,4.0,97871.0,0.0,74.68
padded,-77.42532157897949,2,385.0,97871.0,0.0,85.64
padded,-77.42532157897949,3,385.0,97871.0,0.0,83.15
padded,-77.22532153129578,0,4.0,97871.0,0.0,73.35
padded,-77.22532153129578,1,21.0,97871.0,0.0,74.74
padded,-77.22232151031494,2,385.0,97871.0,1.0,94.31
padded,-77.22232151031494,3,385.0,97871.0,3.0,92.05
padded,-77.02032160758972,0,327.0,97871.0,0.0,79.6
padded,-77.02032160758972,1,385.0,97871.0,0.0,84.56
padded,-77.02032160758972,2,385.0,97871.0,0.0,102.98
padded,-77.02032160758972,3,385.0,97871.0,0.0,101.43
padded,-76.820321559906,0,385.0,97871.0,2.0,88.42
padded,-76.820321559906,1,385.0,97871.0,1.0,93.72
padded,-76.820321559906,2,385.0,97871.0,0.0,112.4
padded,-76.820321559906,3,385.0,97871.0,0.0,109.79
padded,-76.62032151222229,0,385.0,97871.0,0.0,97.22
padded,-76.61932158470154,1,385.0,97871.0,0.0,102.14
padded,-76.61932158470154,2,385.0,97871.0,0.0,117.98
padded,-76.61932158470154,3,385.0,97871.0,0.0,119.58
padded,-76.41932153701782,0,385.0,97871.0,0.0,106.01
padded,-76.41932153701782,1,385.0,97871.0,0.0,110.93
padded,-76.41932153701782,2,385.0,97871.0,0.0,117.69
padded,-76.41932153701782,3,385.0,97871.0,0.0,119.75
padded,-76.21932172775269,0,483.0,97871.0,0.0,115.61
padded,-76.21932172775269,1,483.0,97871.0,0.0,119.68
padded,-76.21832156181335,2,483.0,97871.0,0.0,117.67
padded,-76.21832156181335,3,483.0,97871.0,0.0,119.75
padded,-76.01732158660889,0,727.0,97871.0,8.0,118.26
padded,-76.01532173156738,1,727.0,97871.0,8.0,119.55
padded,-76.01532173156738,2,727.0,97871.0,4.0,117.68
padded,-76.01532173156738,3,727.0,97871.0,8.0,119.75
padded,-75.81532168388367,0,1019.0,97871.0,1.0,118.2
padded,-75.81332159042358,1,1019.0,97871.0,1.0,119.59
padded,-75.81132173538208,2,1019.0,97871.0,1.0,117.7
padded,-75.81132173538208,3,1019.0,97871.0,1.0,119.91
padded,-75.61132168769836,0,1019.0,97871.0,0.0,118.21
padded,-75.61132168769836,1,1019.0,97871.0,0.0,119.61
padded,-75.61032152175903,2,1019.0,97871.0,0.0,117.74
padded,-75.60932159423828,3,1019.0,97871.0,0.0,119.93
padded,-75.40932154655457,0,1201.0,97871.0,0.0,118.43
padded,-75.40932154655457,1,1201.0,97871.0,0.0,119.96
padded,-75.40932154655457,2,1201.0,97871.0,0.0,118.33
padded,-75.40932154655457,3,1201.0,97871.0,1.0,120.24
padded,-75.20932173728943,0,1443.0,97871.0,0.0,118.44
padded,-75.20932173728943,1,1443.0,97871.0,0.0,120.0
padded,-75.20932173728943,2,1443.0,97871.0,0.0,118.38
padded,-75.20932173728943,3,1443.0,97871.0,0.0,120.26
padded,-75.00932168960571,0,1735.0,97871.0,1.0,118.43
padded,-75.00732159614563,1,1735.0,97871.0,1.0,120.0
padded,-75.00632166862488,2,1735.0,97871.0,1.0,118.4
padded,-75.00632166862488,3,1735.0,97871.0,1.0,120.29
padded,-74.80532169342041,0,1735.0,97871.0,0.0,118.44
padded,-74.80532169342041,1,1735.0,97871.0,0.0,119.99
padded,-74.80532169342041,2,1735.0,97871.0,0.0,118.39
padded,-74.80532169342041,3,1735.0,97871.0,0.0,120.5
padded,-74.6053216457367,0,1735.0,97871.0,0.0,118.77
padded,-74.6053216457367,1,1735.0,97871.0,1.0,120.27
padded,-74.6053216457367,2,1735.0,97871.0,0.0,118.71
padded,-74.6053216457367,3,1735.0,97871.0,0.0,120.65
padded,-74.40532159805298,0,1869.0,97871.0,0.0,118.59
padded,-74.40432167053223,1,1869.0,97871.0,0.0,119.97
padded,-74.40432167053223,2,1869.0,97871.0,0.0,118.18
padded,-74.40432167053223,3,1869.0,97871.0,0.0,120.3
padded,-74.20432162284851,0,1869.0,97871.0,0.0,118.59
padded,-74.20432162284851,1,1869.0,97871.0,0.0,119.97
padded,-74.20432162284851,2,1869.0,97871.0,0.0,118.16
padded,-74.20432162284851,3,1869.0,97871.0,0.0,120.28
padded,-74.0043215751648,0,1869.0,97871.0,0.0,118.57
padded,-74.0043215751648,1,1869.0,97871.0,0.0,119.99
padded,-74.0043215751648,2,1869.0,97871.0,0.0,118.13
padded,-74.0043215751648,3,1869.0,97871.0,0.0,120.25
padded,-73.80432152748108,0,1869.0,97871.0,0.0,118.56
padded,-73.80432152748108,1,1869.0,97871.0,0.0,120.0
padded,-73.80432152748108,2,1869.0,97871.0,0.0,118.13
padded,-73.80432152748108,3,1869.0,97871.0,0.0,119.99
padded,-73.60332155227661,0,1869.0,97871.0,0.0,118.27
padded,-73.60332155227661,1,1869.0,97871.0,0.0,119.72
padded,-73.60332155227661,2,1869.0,97871.0,0.0,117.8
padded,-73.60332155227661,3,1869.0,97871.0,0.0,119.8
padded,-73.4033215045929,0,1869.0,97871.0,0.0,118.24
padded,-73.4033215045929,1,1869.0,97871.0,0.0,119.74
padded,-73.4033215045929,2,1869.0,97871.0,0.0,117.8
padded,-73.4033215045929,3,1869.0,97871.0,0.0,119.8
padded,-73.20332169532776,0,1869.0,97871.0,0.0,118.26
padded,-73.20332169532776,1,1869.0,97871.0,0.0,119.74
padded,-73.20332169532776,2,1869.0,97871.0,0.0,117.82
padded,-73.20332169532776,3,1869.0,97871.0,0.0,119.87
padded,-73.00332164764404,0,1869.0,97871.0,0.0,118.26
padded,-73.00332164764404,1,1869.0,97871.0,0.0,119.74
padded,-73.00332164764404,2,1869.0,97871.0,0.0,117.82
padded,-73.00232172012329,3,1869.0,97871.0,0.0,119.89
padded,-72.80232167243958,0,1869.0,97871.0,0.0,118.3
padded,-72.80232167243958,1,1869.0,97871.0,0.0,119.74
padded,-72.80232167243958,2,1869.0,97871.0,0.0,117.83
padded,-72.80232167243958,3,1869.0,97871.0,0.0,119.88
padded,-72.60232162475586,0,1869.0,97871.0,0.0,118.27
padded,-72.60232162475586,1,1869.0,97871.0,0.0,119.74
padded,-72.60232162475586,2,1869.0,97871.0,0.0,117.83
padded,-72.60232162475586,3,1869.0,97871.0,0.0,119.88
padded,-72.40232157707214,0,1869.0,97871.0,0.0,118.28
padded,-72.40232157707214,1,1869.0,97871.0,0.0,119.75
padded,-72.40232157707214,2,1869.0,97871.0,0.0,117.86
padded,-72.40232157707214,3,1869.0,97871.0,0.0,119.92
padded,-72.20232152938843,0,1869.0,97871.0,0.0,118.3
padded,-72.20132160186768,1,1869.0,97871.0,0.0,119.76
padded,-72.20132160186768,2,1869.0,97871.0,0.0,117.86
padded,-72.20132160186768,3,1869.0,97871.0,0.0,119.93
padded,-72.00132155418396,0,1869.0,97871.0,0.0,118.37
padded,-72.00132155418396,1,1869.0,97871.0,0.0,119.79
padded,-72.00132155418396,2,1869.0,97871.0,0.0,117.88
padded,-72.00132155418396,3,1869.0,97871.0,0.0,119.91
padded,-71.80132150650024,0,1869.0,97871.0,0.0,118.36
padded,-71.80132150650024,1,1869.0,97871.0,0.0,119.82
padded,-71.80132150650024,2,1869.0,97871.0,0.0,117.9
padded,-71.80132150650024,3,1869.0,97871.0,0.0,119.78
padded,-71.60132169723511,0,1869.0,97871.0,0.0,118.38
padded,-71.60032153129578,1,1869.0,97871.0,0.0,119.84
padded,-71.60032153129578,2,1869.0,97871.0,0.0,117.93
padded,-71.60032153129578,3,1869.0,97871.0,0.0,119.71
padded,-71.40032172203064,0,1869.0,97871.0,0.0,118.4
padded,-71.40032172203064,1,1869.0,97871.0,0.0,119.84
padded,-71.40032172203064,2,1869.0,97871.0,0.0,117.93
padded,-71.40032172203064,3,1869.0,97871.0,0.0,119.62
padded,-71.20032167434692,0,1869.0,97871.0,0.0,118.39
padded,-71.20032167434692,1,1869.0,97871.0,0.0,119.88
padded,-71.20032167434692,2,1869.0,97871.0,0.0,117.93
padded,-71.20032167434692,3,1869.0,97871.0,0.0,119.52
padded,-71.00032162666321,0,1869.0,97871.0,0.0,118.38
padded,-71.00032162666321,1,1869.0,97871.0,0.0,119.87
padded,-70.99932169914246,2,1869.0,97871.0,0.0,117.93
padded,-70.99932169914246,3,1869.0,97871.0,0.0,119.39
padded,-70.79932165145874,0,1869.0,97871.0,0.0,118.41
padded,-70.79932165145874,1,1869.0,97871.0,0.0,119.86
padded,-70.79932165145874,2,1869.0,97871.0,0.0,117.97
padded,-70.79932165145874,3,1869.0,97871.0,0.0,119.44
padded,-70.59932160377502,0,1869.0,97871.0,0.0,118.44
padded,-70.59932160377502,1,1869.0,97871.0,0.0,119.83
padded,-70.59932160377502,2,1869.0,97871.0,0.0,117.99
padded,-70.59932160377502,3,1869.0,97871.0,0.0,119.47
padded,-70.39932155609131,0,1869.0,97871.0,0.0,118.42
padded,-70.39932155609131,1,1869.0,97871.0,0.0,119.84
padded,-70.39932155609131,2,1869.0,97871.0,0.0,118.02
padded,-70.39832162857056,3,1869.0,97871.0,0.0,119.48
padded,-70.19832158088684,0,1869.0,97871.0,0.0,118.41
padded,-70.19832158088684,1,1869.0,97871.0,0.0,119.84
padded,-70.19832158088684,2,1869.0,97871.0,0.0,118.01
padded,-70.19832158088684,3,3581.0,97871.0,0.0,119.43
padded,-69.99832153320312,0,1869.0,97871.0,0.0,118.4
padded,-69.99832153320312,1,1869.0,97871.0,0.0,119.84
padded,-69.99832153320312,2,3581.0,97871.0,0.0,118.0
padded,-69.99832153320312,3,3581.0,97871.0,3.0,120.49
padded,-69.79832172393799,0,3581.0,97871.0,0.0,118.39
padded,-69.79832172393799,1,1881.0,97871.0,0.0,119.85
padded,-69.79832172393799,2,3871.0,97871.0,3.0,118.37
padded,-69.79832172393799,3,13881.0,97871.0,8.0,120.48
padded,-69.59732151031494,0,11205.0,97871.0,3.0,119.89
padded,-69.59732151031494,1,3581.0,97871.0,0.0,120.26
padded,-69.59732151031494,2,12975.0,97871.0,6.0,118.33
padded,-69.59732151031494,3,17209.0,97871.0,8.0,120.47
padded,-69.3973217010498,0,17209.0,97871.0,11.0,119.96
padded,-69.3973217010498,1,7333.0,97871.0,0.0,120.26
padded,-69.3973217010498,2,17209.0,97871.0,8.0,118.32
padded,-69.3973217010498,3,17209.0,97871.0,1.0,120.42
padded,-69.19732165336609,0,17209.0,97871.0,4.0,120.02
padded,-69.19732165336609,1,14765.0,97871.0,6.0,120.25
padded,-69.19732165336609,2,17209.0,97871.0,2.0,118.34
padded,-69.19732165336609,3,17209.0,97871.0,1.0,120.47
padded,-68.99732160568237,0,17209.0,97871.0,2.0,120.05
padded,-68.99632167816162,1,17209.0,97871.0,7.0,120.25
padded,-68.99632167816162,2,17209.0,97871.0,2.0,118.34
padded,-68.99632167816162,3,17209.0,97871.0,2.0,119.47
padded,-68.7963216304779,0,17209.0,97871.0,1.0,120.02
padded,-68.7963216304779,1,17209.0,97871.0,1.0,120.22
padded,-68.7963216304779,2,17209.0,97871.0,1.0,117.95
padded,-68.7963216304779,3,17209.0,97871.0,2.0,119.47
padded,-68.59632158279419,0,17209.0,97871.0,1.0,118.53
padded,-68.59632158279419,1,17209.0,97871.0,0.0,119.84
padded,-68.59632158279419,2,17209.0,97871.0,1.0,117.95
padded,-68.59632158279419,3,17209.0,97871.0,0.0,119.46
padded,-68.39632153511047,0,17209.0,97871.0,1.0,118.46
padded,-68.39532160758972,1,17209.0,97871.0,1.0,119.82
padded,-68.39532160758972,2,17209.0,97871.0,1.0,117.96
padded,-68.39532160758972,3,17209.0,97871.0,1.0,119.48
padded,-68.195321559906,0,17209.0,97871.0,0.0,118.44
padded,-68.195321559906,1,17209.0,97871.0,1.0,119.84
padded,-68.195321559906,2,17209.0,97871.0,0.0,117.99
padded,-68.195321559906,3,17209.0,97871.0,1.0,119.46
padded,-67.99532151222229,0,17209.0,97871.0,1.0,118.38
padded,-67.99532151222229,1,17209.0,97871.0,1.0,119.87
padded,-67.99532151222229,2,17209.0,97871.0,1.0,117.97
padded,-67.99532151222229,3,17209.0,97871.0,1.0,119.43
padded,-67.79532170295715,0,17209.0,97871.0,1.0,118.38
padded,-67.79432153701782,1,17209.0,97871.0,0.0,119.87
padded,-67.79432153701782,2,17209.0,97871.0,0.0,117.96
padded,-67.79432153701782,3,17209.0,97871.0,0.0,119.39
padded,-67.59432172775269,0,17209.0,97871.0,1.0,118.38
padded,-67.59432172775269,1,17209.0,97871.0,1.0,119.89
padded,-67.59432172775269,2,17209.0,97871.0,1.0,117.96
padded,-67.59432172775269,3,17209.0,97871.0,0.0,119.37
padded,-67.39432168006897,0,17209.0,97871.0,1.0,118.34
padded,-67.39432168006897,1,17209.0,97871.0,1.0,119.93
padded,-67.39432168006897,2,17209.0,97871.0,1.0,117.93
padded,-67.39432168006897,3,17209.0,97871.0,1.0,119.4
padded,-67.19432163238525,0,17209.0,97871.0,1.0,118.36
padded,-67.1933217048645,1,17209.0,97871.0,0.0,119.91
padded,-67.1933217048645,2,17209.0,97871.0,2.0,117.92
padded,-67.1933217048645,3,17209.0,97871.0,1.0,119.42
padded,-66.99332165718079,0,17209.0,97871.0,1.0,118.39
padded,-66.99332165718079,1,17209.0,97871.0,1.0,119.89
padded,-66.99332165718079,2,17209.0,97871.0,2.0,117.91
padded,-66.99332165718079,3,17209.0,97871.0,0.0,119.38
padded,-66.79332160949707,0,17209.0,97871.0,0.0,118.39
padded,-66.79332160949707,1,17209.0,97871.0,1.0,119.89
padded,-66.79332160949707,2,17209.0,97871.0,1.0,117.92
padded,-66.79332160949707,3,17209.0,97871.0,1.0,119.36
padded,-66.59332156181335,0,17209.0,97871.0,1.0,118.37
padded,-66.5923216342926,1,17209.0,97871.0,1.0,119.86
padded,-66.5923216342926,2,17209.0,97871.0,0.0,117.93
padded,-66.5923216342926,3,17209.0,97871.0,2.0,119.41
padded,-66.39232158660889,0,17209.0,97871.0,1.0,118.4
padded,-66.39232158660889,1,17209.0,97871.0,0.0,119.85
padded,-66.39232158660889,2,17209.0,97871.0,2.0,117.93
padded,-66.39232158660889,3,17209.0,97871.0,0.0,119.41
padded,-66.19232153892517,0,17209.0,97871.0,0.0,118.41
padded,-66.19232153892517,1,17209.0,97871.0,0.0,119.86
padded,-66.19232153892517,2,17209.0,97871.0,1.0,117.95
padded,-66.19232153892517,3,17209.0,97871.0,1.0,119.38
padded,-65.99232172966003,0,17209.0,97871.0,1.0,118.43
padded,-65.9913215637207,1,17209.0,97871.0,1.0,119.87
padded,-65.9913215637207,2,17209.0,97871.0,1.0,117.96
padded,-65.9913215637207,3,17209.0,97871.0,2.0,119.41
padded,-65.79132151603699,0,17209.0,97871.0,1.0,118.45
padded,-65.79132151603699,1,17209.0,97871.0,2.0,119.89
padded,-65.79132151603699,2,17209.0,97871.0,1.0,117.98
padded,-65.79132151603699,3,17209.0,97871.0,0.0,119.48
padded,-65.59132170677185,0,17209.0,97871.0,1.0,118.5
padded,-65.59132170677185,1,17209.0,97871.0,0.0,119.91
padded,-65.59132170677185,2,17209.0,97871.0,0.0,118.0
padded,-65.59132170677185,3,17209.0,97871.0,0.0,119.47
padded,-65.39132165908813,0,17209.0,97871.0,0.0,118.5
padded,-65.39032173156738,1,17209.0,97871.0,2.0,119.9
padded,-65.39032173156738,2,17209.0,97871.0,0.0,118.02
padded,-65.39032173156738,3,17209.0,97871.0,1.0,119.46
padded,-65.19032168388367,0,17209.0,97871.0,1.0,118.47
padded,-65.19032168388367,1,17209.0,97871.0,2.0,119.89
padded,-65.19032168388367,2,17209.0,97871.0,1.0,118.04
padded,-65.18932151794434,3,17209.0,97871.0,2.0,119.46
padded,-64.9893217086792,0,17209.0,97871.0,1.0,118.47
padded,-64.9893217086792,1,17209.0,97871.0,1.0,119.92
padded,-64.9893217086792,2,17209.0,97871.0,1.0,118.04
padded,-64.9893217086792,3,17209.0,97871.0,2.0,119.5
padded,-64.78932166099548,0,17209.0,97871.0,2.0,118.5
padded,-64.78932166099548,1,17209.0,97871.0,1.0,119.9
padded,-64.78932166099548,2,17209.0,97871.0,1.0,118.04
padded,-64.78932166099548,3,17209.0,97871.0,2.0,119.54
padded,-64.58932161331177,0,17209.0,97871.0,2.0,118.45
padded,-64.58932161331177,1,17209.0,97871.0,1.0,119.9
padded,-64.58932161331177,2,17209.0,97871.0,2.0,118.04
padded,-64.58932161331177,3,17209.0,97871.0,1.0,119.51
padded,-64.3883216381073,0,17209.0,97871.0,1.0,118.47
padded,-64.3883216381073,1,17209.0,97871.0,0.0,119.9
padded,-64.3883216381073,2,17209.0,97871.0,2.0,118.03
padded,-64.3883216381073,3,17209.0,97871.0,1.0,119.5
padded,-64.18832159042358,0,17209.0,97871.0,0.0,118.47
padded,-64.18832159042358,1,17209.0,97871.0,1.0,119.92
padded,-64.18832159042358,2,17209.0,97871.0,2.0,118.0
padded,-64.18832159042358,3,17209.0,97871.0,1.0,119.51
padded,-63.98832154273987,0,17209.0,97871.0,1.0,118.49
padded,-63.98832154273987,1,17209.0,97871.0,1.0,119.91
padded,-63.98832154273987,2,17209.0,97871.0,1.0,118.01
padded,-63.98832154273987,3,17209.0,97871.0,0.0,119.48
padded,-63.7873215675354,0,17209.0,97871.0,2.0,118.42
padded,-63.7873215675354,1,17209.0,97871.0,1.0,119.94
padded,-63.7873215675354,2,17209.0,97871.0,0.0,118.04
padded,-63.7873215675354,3,17209.0,97871.0,1.0,119.44
padded,-63.587321519851685,0,17209.0,97871.0,1.0,118.42
padded,-63.587321519851685,1,17209.0,97871.0,2.0,119.93
padded,-63.587321519851685,2,17209.0,97871.0,2.0,118.07
padded,-63.587321519851685,3,17209.0,97871.0,1.0,119.39
padded,-63.38732171058655,0,17209.0,97871.0,0.0,118.45
padded,-63.38732171058655,1,17209.0,97871.0,2.0,119.94
padded,-63.38732171058655,2,17209.0,97871.0,1.0,118.08
padded,-63.38732171058655,3,17209.0,97871.0,1.0,119.42
padded,-63.18732166290283,0,17209.0,97871.0,1.0,118.45
padded,-63.18632173538208,1,17209.0,97871.0,2.0,119.92
padded,-63.18632173538208,2,17209.0,97871.0,1.0,118.09
padded,-63.18632173538208,3,17209.0,97871.0,0.0,119.42
padded,-62.986321687698364,0,17209.0,97871.0,0.0,118.44
padded,-62.986321687698364,1,17209.0,97871.0,1.0,119.92
padded,-62.986321687698364,2,17209.0,97871.0,1.0,118.07
padded,-62.986321687698364,3,17209.0,97871.0,0.0,119.43
padded,-62.78632164001465,0,17209.0,97871.0,2.0,118.43
padded,-62.78632164001465,1,17209.0,97871.0,0.0,119.9
padded,-62.78632164001465,2,17209.0,97871.0,0.0,118.03
padded,-62.78632164001465,3,17209.0,97871.0,1.0,119.39
padded,-62.58632159233093,0,17209.0,97871.0,1.0,118.44
padded,-62.58532166481018,1,17209.0,97871.0,1.0,119.88
padded,-62.58532166481018,2,17209.0,97871.0,0.0,118.02
padded,-62.58532166481018,3,17209.0,97871.0,1.0,119.42
padded,-62.385321617126465,0,17209.0,97871.0,0.0,118.39
padded,-62.385321617126465,1,17209.0,97871.0,1.0,119.86
padded,-62.385321617126465,2,17209.0,97871.0,1.0,118.02
padded,-62.385321617126465,3,17209.0,97871.0,2.0,119.44
padded,-62.18532156944275,0,17209.0,97871.0,1.0,118.38
padded,-62.18532156944275,1,17209.0,97871.0,0.0,119.89
padded,-62.18532156944275,2,17209.0,97871.0,1.0,118.0
padded,-62.18532156944275,3,17209.0,97871.0,2.0,119.45
padded,-61.98532152175903,0,17209.0,97871.0,2.0,118.38
padded,-61.98532152175903,1,17209.0,97871.0,1.0,119.9
padded,-61.98532152175903,2,17209.0,97871.0,1.0,117.99
padded,-61.98432159423828,3,17209.0,97871.0,2.0,119.41
padded,-61.784321546554565,0,17209.0,97871.0,2.0,118.43
padded,-61.784321546554565,1,17209.0,97871.0,1.0,119.9
padded,-61.784321546554565,2,17209.0,97871.0,2.0,118.0
padded,-61.784321546554565,3,17209.0,97871.0,2.0,119.44
padded,-61.58432173728943,0,17209.0,97871.0,1.0,118.43
padded,-61.58432173728943,1,17209.0,97871.0,1.0,119.92
padded,-61.58432173728943,2,17209.0,97871.0,1.0,117.98
padded,-61.58432173728943,3,17209.0,97871.0,2.0,119.47
padded,-61.38432168960571,0,17209.0,97871.0,2.0,118.46
padded,-61.38432168960571,1,17209.0,97871.0,1.0,119.94
padded,-61.38432168960571,2,17209.0,97871.0,1.0,117.97
padded,-61.38432168960571,3,17209.0,97871.0,2.0,119.47
padded,-61.183321714401245,0,17209.0,97871.0,1.0,118.5
padded,-61.183321714401245,1,17209.0,97871.0,0.0,119.96
padded,-61.183321714401245,2,17209.0,97871.0,2.0,117.97
padded,-61.183321714401245,3,17209.0,97871.0,1.0,119.44
padded,-60.98332166671753,0,17209.0,97871.0,0.0,118.51
padded,-60.98332166671753,1,17209.0,97871.0,0.0,119.95
padded,-60.98332166671753,2,17209.0,97871.0,0.0,118.0
padded,-60.98332166671753,3,17209.0,97871.0,1.0,119.45
padded,-60.78332161903381,0,17209.0,97871.0,0.0,118.48
padded,-60.78332161903381,1,17209.0,97871.0,1.0,119.94
padded,-60.78332161903381,2,17209.0,97871.0,0.0,118.04
padded,-60.78332161903381,3,17209.0,97871.0,0.0,119.46
padded,-60.582321643829346,0,17209.0,97871.0,1.0,118.52
padded,-60.582321643829346,1,17209.0,97871.0,0.0,119.94
padded,-60.582321643829346,2,17209.0,97871.0,0.0,118.12
padded,-60.582321643829346,3,17209.0,97871.0,2.0,119.47
padded,-60.38232159614563,0,17209.0,97871.0,0.0,118.53
padded,-60.38132166862488,1,17209.0,97871.0,1.0,119.93
padded,-60.38132166862488,2,17209.0,97871.0,1.0,118.13
padded,-60.38132166862488,3,17209.0,97871.0,1.0,119.46
padded,-60.18132162094116,0,17209.0,97871.0,1.0,118.51
padded,-60.18132162094116,1,17209.0,97871.0,2.0,119.93
padded,-60.18132162094116,2,17209.0,97871.0,1.0,118.17
padded,-60.18132162094116,3,17209.0,97871.0,1.0,119.46
padded,-59.981321573257446,0,17209.0,97871.0,0.0,118.5
padded,-59.981321573257446,1,17209.0,97871.0,0.0,119.94
padded,-59.981321573257446,2,17209.0,97871.0,0.0,118.17
padded,-59.981321573257446,3,17209.0,97871.0,1.0,119.5
padded,-59.78132152557373,0,17209.0,97871.0,1.0,118.55
padded,-59.78032159805298,1,17209.0,97871.0,1.0,119.99
padded,-59.78032159805298,2,17209.0,97871.0,1.0,118.17
padded,-59.78032159805298,3,17209.0,97871.0,0.0,119.53
padded,-59.58032155036926,0,17209.0,97871.0,1.0,118.52
padded,-59.58032155036926,1,17209.0,97871.0,1.0,120.01
padded,-59.58032155036926,2,17209.0,97871.0,1.0,118.13
padded,-59.58032155036926,3,17209.0,97871.0,1.0,119.52
padded,-59.38032150268555,0,17209.0,97871.0,1.0,118.5
padded,-59.38032150268555,1,17209.0,97871.0,2.0,120.07
padded,-59.38032150268555,2,17209.0,97871.0,1.0,118.11
padded,-59.38032150268555,3,17209.0,97871.0,1.0,119.51
padded,-59.18032169342041,0,17209.0,97871.0,1.0,118.52
padded,-59.17932152748108,1,17209.0,97871.0,1.0,120.06
padded,-59.17932152748108,2,17209.0,97871.0,1.0,118.08
padded,-59.17932152748108,3,17209.0,97871.0,1.0,119.53
padded,-58.97932171821594,0,17209.0,97871.0,0.0,118.54
padded,-58.97932171821594,1,17209.0,97871.0,0.0,120.06
padded,-58.97932171821594,2,17209.0,97871.0,1.0,118.09
padded,-58.97932171821594,3,17209.0,97871.0,1.0,119.55
padded,-58.77932167053223,0,17209.0,97871.0,0.0,118.54
padded,-58.77932167053223,1,17209.0,97871.0,1.0,120.01
padded,-58.77932167053223,2,17209.0,97871.0,1.0,118.07
padded,-58.77932167053223,3,17209.0,97871.0,0.0,119.51
padded,-58.57932162284851,0,17209.0,97871.0,0.0,118.52
padded,-58.57832169532776,1,17209.0,97871.0,2.0,120.0
padded,-58.57832169532776,2,17209.0,97871.0,0.0,118.1
padded,-58.57832169532776,3,17209.0,97871.0,1.0,119.48
padded,-58.37832164764404,0,17209.0,97871.0,0.0,118.51
padded,-58.37832164764404,1,17209.0,97871.0,1.0,119.96
padded,-58.37832164764404,2,17209.0,97871.0,2.0,118.11
padded,-58.37832164764404,3,17209.0,97871.0,1.0,119.5
padded,-58.17832159996033,0,17209.0,97871.0,1.0,118.52
padded,-58.17832159996033,1,17209.0,97871.0,0.0,119.95
padded,-58.17832159996033,2,17209.0,97871.0,1.0,118.13
padded,-58.17832159996033,3,17209.0,97871.0,0.0,119.5
padded,-57.97832155227661,0,17209.0,97871.0,2.0,118.51
padded,-57.97732162475586,1,17209.0,97871.0,1.0,119.96
padded,-57.97732162475586,2,17209.0,97871.0,1.0,118.14
padded,-57.97732162475586,3,17209.0,97871.0,1.0,119.48
padded,-57.777321577072144,0,17209.0,97871.0,1.0,118.5
padded,-57.777321577072144,1,17209.0,97871.0,1.0,119.98
padded,-57.777321577072144,2,17209.0,97871.0,2.0,118.13
padded,-57.777321577072144,3,17209.0,97871.0,1.0,119.41
padded,-57.57732152938843,0,17209.0,97871.0,2.0,118.55
padded,-57.57732152938843,1,17209.0,97871.0,0.0,119.98
padded,-57.57732152938843,2,17209.0,97871.0,1.0,118.12
padded,-57.57732152938843,3,17209.0,97871.0,1.0,119.44
padded,-57.37732172012329,0,17209.0,97871.0,1.0,118.55
padded,-57.37632155418396,1,17209.0,97871.0,1.0,119.99
padded,-57.37632155418396,2,17209.0,97871.0,1.0,118.11
padded,-57.37632155418396,3,17209.0,97871.0,0.0,119.45
padded,-57.176321506500244,0,17209.0,97871.0,2.0,118.51
padded,-57.176321506500244,1,17209.0,97871.0,1.0,120.02
padded,-57.176321506500244,2,17209.0,97871.0,1.0,118.11
padded,-57.176321506500244,3,17209.0,97871.0,1.0,119.43
padded,-56.97632169723511,0,17209.0,97871.0,2.0,118.52
padded,-56.97632169723511,1,17209.0,97871.0,0.0,120.03
padded,-56.97632169723511,2,17209.0,97871.0,1.0,118.12
padded,-56.97632169723511,3,17209.0,97871.0,0.0,119.39
padded,-56.77632164955139,0,17209.0,97871.0,1.0,118.54
padded,-56.77532172203064,1,17209.0,97871.0,2.0,120.01
padded,-56.77532172203064,2,17209.0,97871.0,1.0,118.15
padded,-56.77532172203064,3,17209.0,97871.0,1.0,119.46
padded,-56.575321674346924,0,17209.0,97871.0,2.0,118.5
padded,-56.575321674346924,1,17209.0,97871.0,2.0,120.04
padded,-56.575321674346924,2,17209.0,97871.0,1.0,118.18
padded,-56.575321674346924,3,17209.0,97871.0,2.0,119.5
padded,-56.37532162666321,0,17209.0,97871.0,2.0,118.54
padded,-56.37532162666321,1,17209.0,97871.0,1.0,120.06
padded,-56.37532162666321,2,17209.0,97871.0,1.0,118.22
padded,-56.37532162666321,3,17209.0,97871.0,1.0,119.49
padded,-56.17532157897949,0,17209.0,97871.0,2.0,118.55
padded,-56.17532157897949,1,17209.0,97871.0,1.0,120.06
padded,-56.17432165145874,2,17209.0,97871.0,1.0,118.21
padded,-56.17432165145874,3,17209.0,97871.0,0.0,119.45
padded,-55.974321603775024,0,17209.0,97871.0,2.0,118.57
padded,-55.974321603775024,1,17209.0,97871.0,0.0,120.09
padded,-55.974321603775024,2,17209.0,97871.0,0.0,118.22
padded,-55.974321603775024,3,17209.0,97871.0,1.0,119.5
padded,-55.77432155609131,0,17209.0,97871.0,2.0,118.51
padded,-55.77432155609131,1,17209.0,97871.0,0.0,120.08
padded,-55.77432155609131,2,17209.0,97871.0,2.0,118.18
padded,-55.77432155609131,3,17209.0,97871.0,1.0,119.51
padded,-55.57432150840759,0,17209.0,97871.0,1.0,118.5
padded,-55.57432150840759,1,17209.0,97871.0,1.0,120.08
padded,-55.57432150840759,2,17209.0,97871.0,1.0,118.19
padded,-55.57432150840759,3,17209.0,97871.0,1.0,119.48
padded,-55.373321533203125,0,17209.0,97871.0,0.0,118.53
padded,-55.373321533203125,1,17209.0,97871.0,2.0,120.07
padded,-55.373321533203125,2,17209.0,97871.0,1.0,118.21
padded,-55.373321533203125,3,17209.0,97871.0,1.0,119.44
padded,-55.17332172393799,0,17209.0,97871.0,1.0,118.52
padded,-55.17332172393799,1,17209.0,97871.0,1.0,120.07
padded,-55.17332172393799,2,17209.0,97871.0,2.0,118.22
padded,-55.17332172393799,3,17209.0,97871.0,0.0,119.48
padded,-54.97332167625427,0,17209.0,97871.0,1.0,118.51
padded,-54.97332167625427,1,17209.0,97871.0,0.0,120.06
padded,-54.97332167625427,2,17209.0,97871.0,2.0,118.24
padded,-54.97332167625427,3,17209.0,97871.0,1.0,119.5
padded,-54.772321701049805,0,17209.0,97871.0,0.0,118.55
padded,-54.772321701049805,1,17209.0,97871.0,1.0,120.03
padded,-54.772321701049805,2,17209.0,97871.0,1.0,118.24
padded,-54.772321701049805,3,17209.0,97871.0,1.0,119.5
padded,-54.57232165336609,0,17209.0,97871.0,1.0,118.59
padded,-54.57232165336609,1,17209.0,97871.0,1.0,120.01
padded,-54.57232165336609,2,17209.0,97871.0,1.0,118.25
padded,-54.57232165336609,3,17209.0,97871.0,1.0,119.46
padded,-54.37232160568237,0,17209.0,97871.0,0.0,118.55
padded,-54.37232160568237,1,17209.0,97871.0,1.0,120.04
padded,-54.37232160568237,2,17209.0,97871.0,1.0,118.24
padded,-54.37232160568237,3,17209.0,97871.0,1.0,119.5
padded,-54.171321630477905,0,17209.0,97871.0,2.0,118.58
padded,-54.171321630477905,1,17209.0,97871.0,0.0,120.06
padded,-54.171321630477905,2,17209.0,97871.0,1.0,118.22
padded,-54.171321630477905,3,17209.0,97871.0,1.0,119.54
padded,-53.97132158279419,0,17209.0,97871.0,2.0,118.61
padded,-53.97132158279419,1,17209.0,97871.0,1.0,120.07
padded,-53.97132158279419,2,17209.0,97871.0,1.0,118.2
padded,-53.97132158279419,3,17209.0,97871.0,1.0,119.57
padded,-53.771321535110474,0,17209.0,97871.0,2.0,118.63
padded,-53.771321535110474,1,17209.0,97871.0,1.0,120.12
padded,-53.771321535110474,2,17209.0,97871.0,1.0,118.21
padded,-53.771321535110474,3,17209.0,97871.0,0.0,119.53
padded,-53.570321559906006,0,17209.0,97871.0,2.0,118.6
padded,-53.570321559906006,1,17209.0,97871.0,1.0,120.16
padded,-53.570321559906006,2,17209.0,97871.0,1.0,118.2
padded,-53.570321559906006,3,17209.0,97871.0,2.0,119.56
padded,-53.37032151222229,0,17209.0,97871.0,2.0,118.65
padded,-53.37032151222229,1,17209.0,97871.0,1.0,120.17
padded,-53.37032151222229,2,17209.0,97871.0,0.0,118.24
padded,-53.37032151222229,3,17209.0,97871.0,2.0,119.62
padded,-53.17032170295715,0,17209.0,97871.0,2.0,118.67
padded,-53.17032170295715,1,17209.0,97871.0,1.0,120.17
padded,-53.17032170295715,2,17209.0,97871.0,2.0,118.25
padded,-53.17032170295715,3,17209.0,97871.0,1.0,119.63
padded,-52.969321727752686,0,17209.0,97871.0,2.0,118.66
padded,-52.969321727752686,1,17209.0,97871.0,1.0,120.18
padded,-52.969321727752686,2,17209.0,97871.0,2.0,118.29
padded,-52.969321727752686,3,17209.0,97871.0,1.0,119.57
padded,-52.76932168006897,0,17209.0,97871.0,1.0,118.64
padded,-52.76932168006897,1,17209.0,97871.0,1.0,120.16
padded,-52.76932168006897,2,17209.0,97871.0,2.0,118.31
padded,-52.76932168006897,3,17209.0,97871.0,0.0,119.61
padded,-52.569321632385254,0,17209.0,97871.0,1.0,118.68
padded,-52.569321632385254,1,17209.0,97871.0,1.0,120.15
padded,-52.569321632385254,2,17209.0,97871.0,2.0,118.31
padded,-52.569321632385254,3,17209.0,97871.0,1.0,119.67
padded,-52.36932158470154,0,17209.0,97871.0,2.0,118.63
padded,-52.368321657180786,1,17209.0,97871.0,1.0,120.12
padded,-52.368321657180786,2,17209.0,97871.0,2.0,118.26
padded,-52.368321657180786,3,17209.0,97871.0,1.0,119.66
padded,-52.16832160949707,0,17209.0,97871.0,2.0,118.61
padded,-52.16832160949707,1,17209.0,97871.0,0.0,120.11
padded,-52.16832160949707,2,17209.0,97871.0,2.0,118.24
padded,-52.16832160949707,3,17209.0,97871.0,1.0,119.58
padded,-51.968321561813354,0,17209.0,97871.0,1.0,118.63
padded,-51.968321561813354,1,17209.0,97871.0,1.0,120.1
padded,-51.968321561813354,2,17209.0,97871.0,2.0,118.23
padded,-51.968321561813354,3,17209.0,97871.0,2.0,119.59
padded,-51.76832151412964,0,17209.0,97871.0,1.0,118.66
padded,-51.76832151412964,1,17209.0,97871.0,1.0,120.11
padded,-51.76832151412964,2,17209.0,97871.0,2.0,118.25
padded,-51.76732158660889,3,17209.0,97871.0,1.0,119.61
padded,-51.56732153892517,0,17209.0,97871.0,2.0,118.64
padded,-51.56732153892517,1,17209.0,97871.0,1.0,120.09
padded,-51.56732153892517,2,17209.0,97871.0,2.0,118.27
padded,-51.56732153892517,3,17209.0,97871.0,1.0,119.58
padded,-51.367321729660034,0,17209.0,97871.0,2.0,118.67
padded,-51.367321729660034,1,17209.0,97871.0,2.0,120.08
padded,-51.367321729660034,2,17209.0,97871.0,3.0,118.34
padded,-51.367321729660034,3,17209.0,97871.0,0.0,119.53
padded,-51.16732168197632,0,17209.0,97871.0,2.0,118.67
padded,-51.16732168197632,1,17209.0,97871.0,2.0,120.11
padded,-51.16732168197632,2,17209.0,97871.0,0.0,118.35
padded,-51.16732168197632,3,17209.0,97871.0,0.0,119.54
padded,-50.9673216342926,0,17209.0,97871.0,2.0,118.67
padded,-50.96632170677185,1,17209.0,97871.0,1.0,120.12
padded,-50.96632170677185,2,17209.0,97871.0,0.0,118.35
padded,-50.96632170677185,3,17209.0,97871.0,1.0,119.59
padded,-50.766321659088135,0,17209.0,97871.0,2.0,118.63
padded,-50.766321659088135,1,17209.0,97871.0,1.0,120.1
padded,-50.766321659088135,2,17209.0,97871.0,4.0,118.37
padded,-50.766321659088135,3,17209.0,97871.0,1.0,119.54
padded,-50.56632161140442,0,17209.0,97871.0,2.0,118.62
padded,-50.56632161140442,1,17209.0,97871.0,2.0,120.1
padded,-50.56632161140442,2,17209.0,97871.0,1.0,118.35
padded,-50.56632161140442,3,17209.0,97871.0,0.0,119.49
padded,-50.3663215637207,0,17209.0,97871.0,2.0,118.66
padded,-50.3663215637207,1,17209.0,97871.0,2.0,120.12
padded,-50.3663215637207,2,17209.0,97871.0,1.0,118.3
padded,-50.3663215637207,3,17209.0,97871.0,1.0,119.52
padded,-50.165321588516235,0,17209.0,97871.0,1.0,118.68
padded,-50.165321588516235,1,17209.0,97871.0,1.0,120.08
padded,-50.165321588516235,2,17209.0,97871.0,1.0,118.3
padded,-50.165321588516235,3,17209.0,97871.0,1.0,119.56
padded,-49.96532154083252,0,17209.0,97871.0,1.0,118.68
padded,-49.96532154083252,1,17209.0,97871.0,2.0,120.1
padded,-49.96532154083252,2,17209.0,97871.0,1.0,118.31
padded,-49.96532154083252,3,17209.0,97871.0,1.0,119.57
padded,-49.76532173156738,0,17209.0,97871.0,1.0,118.74
padded,-49.76532173156738,1,17209.0,97871.0,2.0,120.1
padded,-49.76532173156738,2,17209.0,97871.0,1.0,118.29
padded,-49.76532173156738,3,17209.0,97871.0,1.0,119.56
padded,-49.564321517944336,0,17209.0,97871.0,5.0,118.75
padded,-49.564321517944336,1,17209.0,97871.0,1.0,120.13
padded,-49.564321517944336,2,17209.0,97871.0,1.0,118.3
padded,-49.564321517944336,3,17209.0,97871.0,1.0,119.59
padded,-49.3643217086792,0,17209.0,97871.0,2.0,118.7
padded,-49.3643217086792,1,17209.0,97871.0,2.0,120.18
padded,-49.3643217086792,2,17209.0,97871.0,2.0,118.3
padded,-49.3643217086792,3,17209.0,97871.0,1.0,119.61
padded,-49.16432166099548,0,17209.0,97871.0,0.0,118.72
padded,-49.16432166099548,1,17209.0,97871.0,3.0,120.25
padded,-49.16432166099548,2,17209.0,97871.0,1.0,118.31
padded,-49.16332173347473,3,17209.0,97871.0,1.0,119.63
padded,-48.963321685791016,0,17209.0,97871.0,1.0,118.72
padded,-48.963321685791016,1,17209.0,97871.0,1.0,120.27
padded,-48.963321685791016,2,17209.0,97871.0,1.0,118.32
padded,-48.963321685791016,3,17209.0,97871.0,1.0,119.57
padded,-48.7633216381073,0,17209.0,97871.0,2.0,118.7
padded,-48.7633216381073,1,17209.0,97871.0,1.0,120.3
padded,-48.7633216381073,2,17209.0,97871.0,1.0,118.35
padded,-48.7633216381073,3,17209.0,97871.0,1.0,119.62
padded,-48.563321590423584,0,17209.0,97871.0,2.0,118.69
padded,-48.563321590423584,1,17209.0,97871.0,6.0,120.33
padded,-48.563321590423584,2,17209.0,97871.0,1.0,118.35
padded,-48.56232166290283,3,17209.0,97871.0,3.0,119.64
padded,-48.362321615219116,0,17209.0,97871.0,1.0,118.7
padded,-48.362321615219116,1,17209.0,97871.0,2.0,120.3
padded,-48.362321615219116,2,17209.0,97871.0,1.0,118.36
padded,-48.362321615219116,3,17209.0,97871.0,0.0,119.65
padded,-48.1623215675354,0,17209.0,97871.0,1.0,118.7
padded,-48.1623215675354,1,17209.0,97871.0,1.0,120.27
padded,-48.1623215675354,2,17209.0,97871.0,0.0,118.34
padded,-48.1623215675354,3,17209.0,97871.0,1.0,119.65
padded,-47.962321519851685,0,17209.0,97871.0,2.0,118.67
padded,-47.96132159233093,1,17209.0,97871.0,1.0,120.25
padded,-47.96132159233093,2,17209.0,97871.0,2.0,118.34
padded,-47.96132159233093,3,17209.0,97871.0,4.0,119.7
padded,-47.76132154464722,0,17209.0,97871.0,2.0,118.68
padded,-47.76132154464722,1,17209.0,97871.0,1.0,120.29
padded,-47.76132154464722,2,17209.0,97871.0,2.0,118.33
padded,-47.76132154464722,3,17209.0,97871.0,0.0,119.69
padded,-47.56132173538208,0,17209.0,97871.0,2.0,118.69
padded,-47.56132173538208,1,17209.0,97871.0,1.0,120.28
padded,-47.56132173538208,2,17209.0,97871.0,1.0,118.35
padded,-47.56132173538208,3,17209.0,97871.0,0.0,119.73
padded,-47.361321687698364,0,17209.0,97871.0,0.0,118.68
padded,-47.36032152175903,1,17209.0,97871.0,2.0,120.28
padded,-47.36032152175903,2,17209.0,97871.0,1.0,118.36
padded,-47.36032152175903,3,17209.0,97871.0,1.0,119.68
padded,-47.1603217124939,0,17209.0,97871.0,1.0,118.67
padded,-47.1603217124939,1,17209.0,97871.0,2.0,120.28
padded,-47.1603217124939,2,17209.0,97871.0,2.0,118.38
padded,-47.1603217124939,3,17209.0,97871.0,1.0,119.69
padded,-46.96032166481018,0,17209.0,97871.0,1.0,118.71
padded,-46.96032166481018,1,17209.0,97871.0,2.0,120.28
padded,-46.96032166481018,2,17209.0,97871.0,2.0,118.41
padded,-46.96032166481018,3,17209.0,97871.0,0.0,119.71
padded,-46.760321617126465,0,17209.0,97871.0,2.0,118.69
padded,-46.75932168960571,1,17209.0,97871.0,2.0,120.24
padded,-46.75932168960571,2,17209.0,97871.0,2.0,118.44
padded,-46.75932168960571,3,17209.0,97871.0,1.0,119.78
padded,-46.559321641922,0,17209.0,97871.0,2.0,118.7
padded,-46.559321641922,1,17209.0,97871.0,2.0,120.2
padded,-46.559321641922,2,17209.0,97871.0,2.0,118.42
padded,-46.559321641922,3,17209.0,97871.0,1.0,119.73
padded,-46.35932159423828,0,17209.0,97871.0,1.0,118.73
padded,-46.35932159423828,1,17209.0,97871.0,2.0,120.18
padded,-46.35932159423828,2,17209.0,97871.0,2.0,118.43
padded,-46.35932159423828,3,17209.0,97871.0,0.0,119.71
padded,-46.159321546554565,0,17209.0,97871.0,2.0,118.74
padded,-46.15832161903381,1,17209.0,97871.0,0.0,120.2
padded,-46.15832161903381,2,17209.0,97871.0,2.0,118.43
padded,-46.15832161903381,3,17209.0,97871.0,1.0,119.73
padded,-45.9583215713501,0,17209.0,97871.0,2.0,118.7
padded,-45.9583215713501,1,17209.0,97871.0,1.0,120.2
padded,-45.9583215713501,2,17209.0,97871.0,2.0,118.4
padded,-45.9583215713501,3,17209.0,97871.0,1.0,119.71
padded,-45.75832152366638,0,17209.0,97871.0,1.0,118.69
padded,-45.75832152366638,1,17209.0,97871.0,1.0,120.21
padded,-45.75832152366638,2,17209.0,97871.0,1.0,118.38
padded,-45.75832152366638,3,17209.0,97871.0,0.0,119.61
padded,-45.558321714401245,0,17209.0,97871.0,2.0,118.7
padded,-45.557321548461914,1,17209.0,97871.0,2.0,120.26
padded,-45.557321548461914,2,17209.0,97871.0,1.0,118.38
padded,-45.557321548461914,3,17209.0,97871.0,1.0,119.61
padded,-45.35732173919678,0,17209.0,97871.0,2.0,118.66
padded,-45.35732173919678,1,17209.0,97871.0,2.0,120.28
padded,-45.35732173919678,2,17209.0,97871.0,1.0,118.38
padded,-45.35732173919678,3,17209.0,97871.0,1.0,119.67
padded,-45.15732169151306,0,17209.0,97871.0,2.0,118.64
padded,-45.15732169151306,1,17209.0,97871.0,1.0,120.3
padded,-45.15732169151306,2,17209.0,97871.0,1.0,118.37
padded,-45.15732169151306,3,17209.0,97871.0,1.0,119.68
padded,-44.957321643829346,0,17209.0,97871.0,2.0,118.63
padded,-44.956321716308594,1,17209.0,97871.0,2.0,120.3
padded,-44.956321716308594,2,17209.0,97871.0,1.0,118.39
padded,-44.956321716308594,3,17209.0,97871.0,1.0,119.65
padded,-44.75632166862488,0,17209.0,97871.0,0.0,118.66
padded,-44.75632166862488,1,17209.0,97871.0,2.0,120.32
padded,-44.75632166862488,2,17209.0,97871.0,1.0,118.45
padded,-44.75632166862488,3,17209.0,97871.0,0.0,119.67
padded,-44.55632162094116,0,17209.0,97871.0,2.0,118.64
padded,-44.55632162094116,1,17209.0,97871.0,2.0,120.28
padded,-44.55632162094116,2,17209.0,97871.0,2.0,118.46
padded,-44.55632162094116,3,17209.0,97871.0,0.0,119.71
padded,-44.356321573257446,0,17209.0,97871.0,2.0,118.64
padded,-44.355321645736694,1,17209.0,97871.0,2.0,120.25
padded,-44.355321645736694,2,17209.0,97871.0,1.0,118.47
padded,-44.355321645736694,3,17209.0,97871.0,0.0,119.7
padded,-44.15532159805298,0,17209.0,97871.0,1.0,118.68
padded,-44.15532159805298,1,17209.0,97871.0,2.0,120.22
padded,-44.15532159805298,2,17209.0,97871.0,1.0,118.49
padded,-44.15532159805298,3,17209.0,97871.0,1.0,119.68
padded,-43.95532155036926,0,17209.0,97871.0,1.0,118.72
padded,-43.95532155036926,1,17209.0,97871.0,1.0,120.24
padded,-43.95532155036926,2,17209.0,97871.0,1.0,118.48
padded,-43.95532155036926,3,17209.0,97871.0,2.0,119.69
padded,-43.75532150268555,0,17209.0,97871.0,1.0,118.71
padded,-43.754321575164795,1,17209.0,97871.0,1.0,120.23
padded,-43.754321575164795,2,17209.0,97871.0,1.0,118.45
padded,-43.754321575164795,3,17209.0,97871.0,2.0,119.71
padded,-43.55432152748108,0,17209.0,97871.0,1.0,118.71
padded,-43.55432152748108,1,17209.0,97871.0,0.0,120.24
padded,-43.55432152748108,2,17209.0,97871.0,1.0,118.43
padded,-43.55432152748108,3,17209.0,97871.0,2.0,119.74
padded,-43.35432171821594,0,17209.0,97871.0,1.0,118.72
padded,-43.35432171821594,1,17209.0,97871.0,2.0,120.27
padded,-43.35432171821594,2,17209.0,97871.0,0.0,118.42
padded,-43.35432171821594,3,17209.0,97871.0,2.0,119.71
padded,-43.15432167053223,0,17209.0,97871.0,1.0,118.67
padded,-43.15432167053223,1,17209.0,97871.0,2.0,120.3
padded,-43.153321504592896,2,17209.0,97871.0,1.0,118.43
padded,-43.153321504592896,3,17209.0,97871.0,2.0,119.69
padded,-42.95332169532776,0,17209.0,97871.0,0.0,118.64
padded,-42.95332169532776,1,17209.0,97871.0,2.0,120.3
padded,-42.95332169532776,2,17209.0,97871.0,1.0,118.44
padded,-42.95332169532776,3,17209.0,97871.0,2.0,119.73
padded,-42.75332164764404,0,17209.0,97871.0,0.0,118.65
padded,-42.75332164764404,1,17209.0,97871.0,2.0,120.32
padded,-42.75332164764404,2,17209.0,97871.0,1.0,118.45
padded,-42.75332164764404,3,17209.0,97871.0,2.0,119.73
padded,-42.55332159996033,0,17209.0,97871.0,1.0,118.68
padded,-42.55332159996033,1,17209.0,97871.0,2.0,120.35
padded,-42.55332159996033,2,17209.0,97871.0,0.0,118.45
padded,-42.55332159996033,3,17209.0,97871.0,0.0,119.68
padded,-42.35232162475586,0,17209.0,97871.0,0.0,118.67
padded,-42.35232162475586,1,17209.0,97871.0,2.0,120.33
padded,-42.35232162475586,2,17209.0,97871.0,1.0,118.46
padded,-42.35232162475586,3,17209.0,97871.0,0.0,119.69
padded,-42.152321577072144,0,17209.0,97871.0,0.0,118.7
padded,-42.152321577072144,1,17209.0,97871.0,2.0,120.32
padded,-42.152321577072144,2,17209.0,97871.0,1.0,118.48
padded,-42.152321577072144,3,17209.0,97871.0,1.0,119.71
padded,-41.95232152938843,0,17209.0,97871.0,2.0,118.74
padded,-41.95232152938843,1,17209.0,97871.0,2.0,120.29
padded,-41.95232152938843,2,17209.0,97871.0,0.0,118.47
padded,-41.95232152938843,3,17209.0,97871.0,1.0,119.76
padded,-41.75132155418396,0,17209.0,97871.0,2.0,118.73
padded,-41.75132155418396,1,17209.0,97871.0,1.0,120.3
padded,-41.75132155418396,2,17209.0,97871.0,0.0,118.46
padded,-41.75132155418396,3,17209.0,97871.0,0.0,119.73
padded,-41.551321506500244,0,17209.0,97871.0,2.0,118.7
padded,-41.551321506500244,1,17209.0,97871.0,1.0,120.31
padded,-41.551321506500244,2,17209.0,97871.0,1.0,118.47
padded,-41.551321506500244,3,17209.0,97871.0,1.0,119.74
padded,-41.35132169723511,0,17209.0,97871.0,2.0,118.75
padded,-41.35132169723511,1,17209.0,97871.0,0.0,120.33
padded,-41.35132169723511,2,17209.0,97871.0,1.0,118.46
padded,-41.35132169723511,3,17209.0,97871.0,1.0,119.8
padded,-41.15032172203064,0,17209.0,97871.0,2.0,118.8
padded,-41.15032172203064,1,17209.0,97871.0,1.0,120.33
padded,-41.15032172203064,2,17209.0,97871.0,1.0,118.46
padded,-41.15032172203064,3,17209.0,97871.0,0.0,119.79
padded,-40.950321674346924,0,17209.0,97871.0,2.0,118.77
padded,-40.950321674346924,1,17209.0,97871.0,1.0,120.34
padded,-40.950321674346924,2,17209.0,97871.0,0.0,118.44
padded,-40.950321674346924,3,17209.0,97871.0,1.0,119.71
padded,-40.75032162666321,0,17209.0,97871.0,2.0,118.77
padded,-40.75032162666321,1,17209.0,97871.0,0.0,120.33
padded,-40.75032162666321,2,17209.0,97871.0,1.0,118.45
padded,-40.75032162666321,3,17209.0,97871.0,1.0,119.71
padded,-40.54932165145874,0,17209.0,97871.0,2.0,118.78
padded,-40.54932165145874,1,17209.0,97871.0,1.0,120.32
padded,-40.54932165145874,2,17209.0,97871.0,1.0,118.45
padded,-40.54932165145874,3,17209.0,97871.0,0.0,119.74
padded,-40.349321603775024,0,17209.0,97871.0,2.0,118.74
padded,-40.349321603775024,1,17209.0,97871.0,0.0,120.33
padded,-40.349321603775024,2,17209.0,97871.0,1.0,118.46
padded,-40.349321603775024,3,17209.0,97871.0,1.0,119.76
padded,-40.14932155609131,0,17209.0,97871.0,2.0,118.71
padded,-40.14932155609131,1,17209.0,97871.0,1.0,120.34
padded,-40.14932155609131,2,17209.0,97871.0,1.0,118.48
padded,-40.14832162857056,3,17209.0,97871.0,1.0,119.74
padded,-39.94832158088684,0,17209.0,97871.0,2.0,118.75
padded,-39.94832158088684,1,17209.0,97871.0,1.0,120.37
padded,-39.94832158088684,2,17209.0,97871.0,1.0,118.49
padded,-39.94832158088684,3,17209.0,97871.0,2.0,119.75
padded,-39.748321533203125,0,17209.0,97871.0,1.0,118.77
padded,-39.748321533203125,1,17209.0,97871.0,0.0,120.36
padded,-39.748321533203125,2,17209.0,97871.0,1.0,118.5
padded,-39.748321533203125,3,17209.0,97871.0,1.0,119.81
padded,-39.54832172393799,0,17209.0,97871.0,1.0,118.75
padded,-39.54832172393799,1,17209.0,97871.0,1.0,120.32
padded,-39.54832172393799,2,17209.0,97871.0,1.0,118.55
padded,-39.54832172393799,3,17209.0,97871.0,1.0,119.83
padded,-39.34732151031494,0,17209.0,97871.0,1.0,118.74
padded,-39.34732151031494,1,17209.0,97871.0,0.0,120.3
padded,-39.34732151031494,2,17209.0,97871.0,1.0,118.56
padded,-39.34732151031494,3,17209.0,97871.0,2.0,119.8
padded,-39.147321701049805,0,17209.0,97871.0,1.0,118.74
padded,-39.147321701049805,1,17209.0,97871.0,1.0,120.28
padded,-39.147321701049805,2,17209.0,97871.0,2.0,118.56
padded,-39.147321701049805,3,17209.0,97871.0,2.0,119.76
padded,-38.94732165336609,0,17209.0,97871.0,2.0,118.71
padded,-38.94732165336609,1,17209.0,97871.0,1.0,120.3
padded,-38.94732165336609,2,17209.0,97871.0,1.0,118.56
padded,-38.94732165336609,3,17209.0,97871.0,2.0,119.83
padded,-38.74632167816162,0,17209.0,97871.0,2.0,118.67
padded,-38.74632167816162,1,17209.0,97871.0,1.0,120.28
padded,-38.74632167816162,2,17209.0,97871.0,1.0,118.55
padded,-38.74632167816162,3,17209.0,97871.0,1.0,119.83
padded,-38.546321630477905,0,17209.0,97871.0,2.0,118.68
padded,-38.546321630477905,1,17209.0,97871.0,1.0,120.34
padded,-38.546321630477905,2,17209.0,97871.0,0.0,118.51
padded,-38.546321630477905,3,17209.0,97871.0,1.0,119.77
padded,-38.34632158279419,0,17209.0,97871.0,2.0,118.67
padded,-38.34632158279419,1,17209.0,97871.0,1.0,120.35
padded,-38.34632158279419,2,17209.0,97871.0,0.0,118.49
padded,-38.34632158279419,3,17209.0,97871.0,2.0,119.76
padded,-38.14532160758972,0,17209.0,97871.0,2.0,118.64
padded,-38.14532160758972,1,17209.0,97871.0,1.0,120.36
padded,-38.14532160758972,2,17209.0,97871.0,0.0,118.49
padded,-38.14532160758972,3,17209.0,97871.0,2.0,119.79
padded,-37.945321559906006,0,17209.0,97871.0,2.0,118.64
padded,-37.945321559906006,1,17209.0,97871.0,1.0,120.38
padded,-37.945321559906006,2,17209.0,97871.0,0.0,118.5
padded,-37.945321559906006,3,17209.0,97871.0,2.0,119.78
padded,-37.74532151222229,0,17209.0,97871.0,2.0,118.68
padded,-37.74532151222229,1,17209.0,97871.0,1.0,120.37
padded,-37.74532151222229,2,17209.0,97871.0,0.0,118.53
padded,-37.74532151222229,3,17209.0,97871.0,2.0,119.75
padded,-37.54432153701782,0,17209.0,97871.0,2.0,118.67
padded,-37.54432153701782,1,17209.0,97871.0,1.0,120.36
padded,-37.54432153701782,2,17209.0,97871.0,0.0,118.55
padded,-37.54432153701782,3,17209.0,97871.0,1.0,119.74
padded,-37.344321727752686,0,17209.0,97871.0,2.0,118.65
padded,-37.344321727752686,1,17209.0,97871.0,1.0,120.38
padded,-37.344321727752686,2,17209.0,97871.0,0.0,118.58
padded,-37.344321727752686,3,17209.0,97871.0,1.0,119.75
padded,-37.14432168006897,0,17209.0,97871.0,2.0,118.67
padded,-37.14432168006897,1,17209.0,97871.0,1.0,120.39
padded,-37.14432168006897,2,17209.0,97871.0,0.0,118.59
padded,-37.14432168006897,3,17209.0,97871.0,1.0,119.75
padded,-36.944321632385254,0,17209.0,97871.0,0.0,118.69
padded,-36.9433217048645,1,17209.0,97871.0,2.0,120.38
padded,-36.9433217048645,2,17209.0,97871.0,0.0,118.57
padded,-36.9433217048645,3,17209.0,97871.0,2.0,119.74
padded,-36.743321657180786,0,17209.0,97871.0,0.0,118.66
padded,-36.743321657180786,1,17209.0,97871.0,2.0,120.4
padded,-36.743321657180786,2,17209.0,97871.0,0.0,118.56
padded,-36.743321657180786,3,17209.0,97871.0,1.0,119.73
padded,-36.54332160949707,0,17209.0,97871.0,0.0,118.69
padded,-36.54332160949707,1,17209.0,97871.0,1.0,120.42
padded,-36.54332160949707,2,17209.0,97871.0,0.0,118.57
padded,-36.54332160949707,3,17209.0,97871.0,1.0,119.75
padded,-36.343321561813354,0,17209.0,97871.0,0.0,118.78
padded,-36.3423216342926,1,17209.0,97871.0,2.0,120.43
padded,-36.3423216342926,2,17209.0,97871.0,0.0,118.57
padded,-36.3423216342926,3,17209.0,97871.0,2.0,119.76
padded,-36.14232158660889,0,17209.0,97871.0,0.0,118.8
padded,-36.14232158660889,1,17209.0,97871.0,2.0,120.42
padded,-36.14232158660889,2,17209.0,97871.0,0.0,118.59
padded,-36.14232158660889,3,17209.0,97871.0,2.0,119.73
padded,-35.94232153892517,0,17209.0,97871.0,0.0,118.8
padded,-35.94232153892517,1,17209.0,97871.0,2.0,120.42
padded,-35.94232153892517,2,17209.0,97871.0,0.0,118.61
padded,-35.94232153892517,3,17209.0,97871.0,2.0,119.73
padded,-35.742321729660034,0,17209.0,97871.0,0.0,118.82
padded,-35.7413215637207,1,17209.0,97871.0,0.0,120.43
padded,-35.7413215637207,2,17209.0,97871.0,0.0,118.62
padded,-35.7413215637207,3,17209.0,97871.0,0.0,119.78
padded,-35.54132151603699,0,17209.0,97871.0,0.0,118.85
padded,-35.54132151603699,1,17209.0,97871.0,0.0,120.4
padded,-35.54132151603699,2,17209.0,97871.0,0.0,118.61
padded,-35.54132151603699,3,17209.0,97871.0,0.0,119.81
padded,-35.34132170677185,0,17209.0,97871.0,0.0,118.82
padded,-35.34132170677185,1,17209.0,97871.0,0.0,120.4
padded,-35.34132170677185,2,17209.0,97871.0,0.0,118.61
padded,-35.34132170677185,3,17209.0,97871.0,0.0,119.81
padded,-35.141321659088135,0,17209.0,97871.0,0.0,118.84
padded,-35.141321659088135,1,17209.0,97871.0,0.0,120.42
padded,-35.14032173156738,2,17209.0,97871.0,0.0,118.59
padded,-35.14032173156738,3,17209.0,97871.0,0.0,119.81
padded,-34.94032168388367,0,17209.0,97871.0,0.0,118.88
padded,-34.94032168388367,1,17209.0,97871.0,0.0,120.45
padded,-34.94032168388367,2,17209.0,97871.0,0.0,118.57
padded,-34.94032168388367,3,17209.0,97871.0,0.0,119.86
padded,-34.74032163619995,0,17209.0,97871.0,0.0,118.88
padded,-34.74032163619995,1,17209.0,97871.0,0.0,120.47
padded,-34.74032163619995,2,17209.0,97871.0,0.0,118.57
padded,-34.74032163619995,3,17209.0,97871.0,0.0,119.88
padded,-34.540321588516235,0,17209.0,97871.0,0.0,118.87
padded,-34.540321588516235,1,17209.0,97871.0,0.0,120.5
padded,-34.540321588516235,2,17209.0,97871.0,0.0,118.6
padded,-34.53932166099548,3,17209.0,97871.0,0.0,119.87
padded,-34.33932161331177,0,17209.0,97871.0,0.0,118.91
padded,-34.33932161331177,1,17209.0,97871.0,0.0,120.52
padded,-34.33932161331177,2,17209.0,97871.0,0.0,118.63
padded,-34.33932161331177,3,17209.0,97871.0,0.0,119.85
padded,-34.13932156562805,0,17209.0,97871.0,0.0,118.89
padded,-34.13932156562805,1,17209.0,97871.0,0.0,120.53
padded,-34.13932156562805,2,17209.0,97871.0,0.0,118.66
padded,-34.13932156562805,3,17209.0,97871.0,0.0,119.89
padded,-33.939321517944336,0,17209.0,97871.0,0.0,118.86
padded,-33.939321517944336,1,17209.0,97871.0,0.0,120.53
padded,-33.939321517944336,2,17209.0,97871.0,0.0,118.66
padded,-33.939321517944336,3,17209.0,97871.0,0.0,119.88
padded,-33.73832154273987,0,17209.0,97871.0,0.0,118.88
padded,-33.73832154273987,1,17209.0,97871.0,0.0,120.5
padded,-33.73832154273987,2,17209.0,97871.0,0.0,118.64
padded,-33.73832154273987,3,17209.0,97871.0,0.0,119.84
padded,-33.53832173347473,0,17209.0,97871.0,0.0,118.91
padded,-33.53832173347473,1,17209.0,97871.0,0.0,120.48
padded,-33.53832173347473,2,17209.0,97871.0,0.0,118.62
padded,-33.53832173347473,3,17209.0,97871.0,0.0,119.82
padded,-33.338321685791016,0,17209.0,97871.0,0.0,118.89
padded,-33.338321685791016,1,17209.0,97871.0,0.0,120.46
padded,-33.338321685791016,2,17209.0,97871.0,0.0,118.58
padded,-33.338321685791016,3,17209.0,97871.0,0.0,119.85
padded,-33.13732171058655,0,17209.0,97871.0,0.0,118.85
padded,-33.13732171058655,1,17209.0,97871.0,0.0,120.45
padded,-33.13732171058655,2,17209.0,97871.0,0.0,118.6
padded,-33.13732171058655,3,17209.0,97871.0,0.0,119.85
padded,-32.93732166290283,0,17209.0,97871.0,0.0,118.86
padded,-32.93732166290283,1,17209.0,97871.0,0.0,120.44
padded,-32.93732166290283,2,17209.0,97871.0,0.0,118.6
padded,-32.93732166290283,3,17209.0,97871.0,0.0,119.81
padded,-32.737321615219116,0,17209.0,97871.0,0.0,118.86
padded,-32.737321615219116,1,17209.0,97871.0,0.0,120.46
padded,-32.737321615219116,2,17209.0,97871.0,0.0,118.65
padded,-32.737321615219116,3,17209.0,97871.0,0.0,119.82
padded,-32.53632164001465,0,17209.0,97871.0,0.0,118.81
padded,-32.53632164001465,1,17209.0,97871.0,0.0,120.47
padded,-32.53632164001465,2,17209.0,97871.0,0.0,118.65
padded,-32.53632164001465,3,17209.0,97871.0,0.0,119.83
padded,-32.33632159233093,0,17209.0,97871.0,0.0,118.79
padded,-32.33632159233093,1,17209.0,97871.0,0.0,120.46
padded,-32.33632159233093,2,17209.0,97871.0,0.0,118.7
padded,-32.33632159233093,3,17209.0,97871.0,0.0,119.83
padded,-32.13632154464722,0,17209.0,97871.0,0.0,118.83
padded,-32.13632154464722,1,17209.0,97871.0,0.0,120.47
padded,-32.13632154464722,2,17209.0,97871.0,0.0,118.68
padded,-32.13632154464722,3,17209.0,97871.0,0.0,119.81
padded,-31.93532156944275,0,17209.0,97871.0,0.0,118.84
padded,-31.93532156944275,1,17209.0,97871.0,0.0,120.48
padded,-31.93532156944275,2,17209.0,97871.0,0.0,118.7
padded,-31.93532156944275,3,17209.0,97871.0,0.0,119.81
padded,-31.735321521759033,0,17209.0,97871.0,0.0,118.81
padded,-31.735321521759033,1,17209.0,97871.0,0.0,120.48
padded,-31.735321521759033,2,17209.0,97871.0,0.0,118.66
padded,-31.735321521759033,3,17209.0,97871.0,0.0,119.86
padded,-31.535321712493896,0,17209.0,97871.0,0.0,118.83
padded,-31.535321712493896,1,17209.0,97871.0,0.0,120.48
padded,-31.535321712493896,2,17209.0,97871.0,0.0,118.65
padded,-31.535321712493896,3,17209.0,97871.0,0.0,119.85
padded,-31.33532166481018,0,17209.0,97871.0,0.0,118.87
padded,-31.33432173728943,1,17209.0,97871.0,0.0,120.49
padded,-31.33432173728943,2,17209.0,97871.0,0.0,118.62
padded,-31.33432173728943,3,17209.0,97871.0,0.0,119.83
padded,-31.134321689605713,0,17209.0,97871.0,0.0,118.87
padded,-31.134321689605713,1,17209.0,97871.0,0.0,120.48
padded,-31.134321689605713,2,17209.0,97871.0,0.0,118.62
padded,-31.134321689605713,3,17209.0,97871.0,0.0,119.81
padded,-30.934321641921997,0,17209.0,97871.0,0.0,118.85
padded,-30.934321641921997,1,17209.0,97871.0,0.0,120.5
padded,-30.934321641921997,2,17209.0,97871.0,0.0,118.62
padded,-30.934321641921997,3,17209.0,97871.0,0.0,119.81
padded,-30.73432159423828,0,17209.0,97871.0,0.0,118.88
padded,-30.73332166671753,1,17209.0,97871.0,0.0,120.52
padded,-30.73332166671753,2,17209.0,97871.0,0.0,118.65
padded,-30.73332166671753,3,17209.0,97871.0,0.0,119.83
padded,-30.533321619033813,0,17209.0,97871.0,0.0,118.87
padded,-30.533321619033813,1,17209.0,97871.0,0.0,120.53
padded,-30.533321619033813,2,17209.0,97871.0,0.0,118.65
padded,-30.533321619033813,3,17209.0,97871.0,0.0,119.8
padded,-30.333321571350098,0,17209.0,97871.0,0.0,118.85
padded,-30.333321571350098,1,17209.0,97871.0,0.0,120.55
padded,-30.333321571350098,2,17209.0,97871.0,0.0,118.66
padded,-30.333321571350098,3,17209.0,97871.0,0.0,119.77
padded,-30.133321523666382,0,17209.0,97871.0,0.0,118.85
padded,-30.13232159614563,1,17209.0,97871.0,0.0,120.56
padded,-30.13232159614563,2,17209.0,97871.0,0.0,118.66
padded,-30.13232159614563,3,17209.0,97871.0,0.0,119.84
padded,-29.932321548461914,0,17209.0,97871.0,0.0,118.89
padded,-29.932321548461914,1,17209.0,97871.0,0.0,120.56
padded,-29.932321548461914,2,17209.0,97871.0,0.0,118.66
padded,-29.932321548461914,3,17209.0,97871.0,0.0,119.88
padded,-29.732321739196777,0,17209.0,97871.0,0.0,118.86
padded,-29.732321739196777,1,17209.0,97871.0,0.0,120.57
padded,-29.732321739196777,2,18093.0,97871.0,0.0,118.71
padded,-29.732321739196777,3,17209.0,97871.0,0.0,119.84
padded,-29.53232169151306,0,17209.0,97871.0,0.0,118.86
padded,-29.53132152557373,1,17209.0,97871.0,0.0,120.56
padded,-29.53132152557373,2,18201.0,97871.0,4.0,119.88
padded,-29.53132152557373,3,17209.0,97871.0,0.0,119.83
padded,-29.331321716308594,0,17209.0,97871.0,0.0,118.89
padded,-29.331321716308594,1,17209.0,97871.0,0.0,120.55
padded,-29.331321716308594,2,18201.0,97871.0,0.0,119.88
padded,-29.331321716308594,3,17209.0,97871.0,0.0,119.9
padded,-29.131321668624878,0,17209.0,97871.0,0.0,118.9
padded,-29.131321668624878,1,17557.0,97871.0,0.0,120.57
padded,-29.131321668624878,2,18201.0,97871.0,0.0,119.91
padded,-29.131321668624878,3,17209.0,97871.0,0.0,119.89
padded,-28.931321620941162,0,17209.0,97871.0,0.0,118.88
padded,-28.931321620941162,1,18201.0,97871.0,2.0,123.18
padded,-28.93032169342041,2,18203.0,97871.0,0.0,127.25
padded,-28.93032169342041,3,17557.0,97871.0,0.0,120.07
padded,-28.730321645736694,0,18201.0,97871.0,3.0,119.58
padded,-28.730321645736694,1,18201.0,97871.0,4.0,123.28
padded,-28.730321645736694,2,18203.0,97871.0,100.0,127.94
padded,-28.730321645736694,3,18201.0,97871.0,3.0,122.22
padded,-28.53032159805298,0,18201.0,97871.0,0.0,119.86
padded,-28.53032159805298,1,18201.0,97871.0,0.0,123.43
padded,-28.53032159805298,2,18203.0,97871.0,100.0,127.25
padded,-28.53032159805298,3,18201.0,97871.0,0.0,122.24
padded,-28.32932162284851,0,18201.0,97871.0,0.0,119.72
padded,-28.32932162284851,1,18201.0,97871.0,0.0,123.37
padded,-28.32932162284851,2,18203.0,97871.0,100.0,127.7
padded,-28.32932162284851,3,18201.0,97871.0,0.0,122.32
padded,-28.129321575164795,0,18201.0,97871.0,0.0,120.58
padded,-28.129321575164795,1,18203.0,97871.0,0.0,130.55
padded,-28.129321575164795,2,18203.0,97871.0,100.0,129.71
padded,-28.129321575164795,3,18201.0,97871.0,0.0,122.65
padded,-27.92932152748108,0,18203.0,97871.0,0.0,122.04
padded,-27.92932152748108,1,18203.0,97871.0,56.0,129.0
padded,-27.92932152748108,2,18203.0,97871.0,100.0,124.26
padded,-27.92932152748108,3,18203.0,97871.0,0.0,131.09
padded,-27.72832155227661,0,18311.0,97871.0,95.0,152.26
padded,-27.72832155227661,1,18311.0,97871.0,100.0,156.58
padded,-27.72832155227661,2,18311.0,97871.0,100.0,152.7
padded,-27.72832155227661,3,18311.0,97871.0,100.0,149.29
padded,-27.528321504592896,0,18311.0,97871.0,100.0,188.71
padded,-27.528321504592896,1,18311.0,97871.0,100.0,192.82
padded,-27.528321504592896,2,18311.0,97871.0,100.0,187.49
padded,-27.528321504592896,3,18311.0,97871.0,100.0,186.81
padded,-27.32832169532776,0,20999.0,97871.0,96.0,225.29
padded,-27.32832169532776,1,20999.0,97871.0,100.0,228.6
padded,-27.32832169532776,2,20999.0,97871.0,100.0,224.15
padded,-27.32832169532776,3,20999.0,97871.0,100.0,221.46
padded,-27.128321647644043,0,20999.0,97871.0,100.0,258.47
padded,-27.12732172012329,1,20999.0,97871.0,100.0,256.14
padded,-27.12732172012329,2,20999.0,97871.0,100.0,256.42
padded,-27.12732172012329,3,20999.0,97871.0,100.0,260.84
padded,-26.927321672439575,0,20999.0,97871.0,100.0,293.05
padded,-26.927321672439575,1,20999.0,97871.0,100.0,291.48
padded,-26.927321672439575,2,20999.0,97871.0,100.0,290.46
padded,-26.927321672439575,3,20999.0,97871.0,100.0,287.12
padded,-26.72732162475586,0,20999.0,97871.0,100.0,301.73
padded,-26.72732162475586,1,20999.0,97871.0,100.0,304.06
padded,-26.72732162475586,2,20999.0,97871.0,100.0,301.6
padded,-26.72732162475586,3,20999.0,97871.0,100.0,307.36
padded,-26.527321577072144,0,21703.0,97871.0,88.0,302.37
padded,-26.52632164955139,1,21703.0,97871.0,100.0,295.48
padded,-26.52632164955139,2,21703.0,97871.0,100.0,290.89
padded,-26.52632164955139,3,21703.0,97871.0,100.0,301.8
padded,-26.326321601867676,0,21703.0,97871.0,100.0,316.32
padded,-26.326321601867676,1,21703.0,97871.0,73.0,276.5
padded,-26.326321601867676,2,21703.0,97871.0,72.0,272.55
padded,-26.326321601867676,3,21703.0,97871.0,90.0,281.97
padded,-26.12632155418396,0,21703.0,97871.0,100.0,330.91
padded,-26.12632155418396,1,21703.0,97871.0,100.0,256.09
padded,-26.12632155418396,2,21703.0,97871.0,100.0,252.12
padded,-26.12632155418396,3,21703.0,97871.0,100.0,262.23
padded,-25.926321506500244,0,21849.0,97871.0,100.0,332.16
padded,-25.925321578979492,1,21855.0,97871.0,100.0,231.93
padded,-25.925321578979492,2,21859.0,97871.0,100.0,226.29
padded,-25.925321578979492,3,21833.0,97871.0,100.0,240.92
padded,-25.725321531295776,0,22239.0,97871.0,0.0,295.79
padded,-25.724321603775024,1,22239.0,97871.0,75.0,195.07
padded,-25.723321676254272,2,22239.0,97871.0,24.0,189.74
padded,-25.723321676254272,3,22209.0,97871.0,1.0,197.66
padded,-25.522321701049805,0,22239.0,97871.0,0.0,261.67
padded,-25.522321701049805,1,22239.0,97871.0,1.0,168.17
padded,-25.522321701049805,2,22239.0,97871.0,1.0,164.81
padded,-25.522321701049805,3,22239.0,97871.0,1.0,168.4
padded,-25.32232165336609,0,27883.0,97871.0,2.0,216.17
padded,-25.321321725845337,1,27883.0,97871.0,0.0,158.33
padded,-25.321321725845337,2,27883.0,97871.0,0.0,153.86
padded,-25.321321725845337,3,27883.0,97871.0,0.0,157.65
padded,-25.12132167816162,0,27883.0,97871.0,3.0,172.51
padded,-25.12132167816162,1,27883.0,97871.0,0.0,144.1
padded,-25.12132167816162,2,27883.0,97871.0,23.0,139.83
padded,-25.12132167816162,3,27883.0,97871.0,27.0,143.97
padded,-24.921321630477905,0,27883.0,97871.0,0.0,133.04
padded,-24.921321630477905,1,27883.0,97871.0,0.0,132.21
padded,-24.921321630477905,2,27883.0,97871.0,0.0,131.42
padded,-24.921321630477905,3,27883.0,97871.0,0.0,131.08
padded,-24.72132158279419,0,27883.0,97871.0,100.0,181.74
padded,-24.720321655273438,1,27883.0,97871.0,100.0,148.64
padded,-24.720321655273438,2,27883.0,97871.0,29.0,146.95
padded,-24.720321655273438,3,27883.0,97871.0,52.0,147.29
padded,-24.52032160758972,0,27883.0,97871.0,100.0,233.4
padded,-24.52032160758972,1,27883.0,97871.0,100.0,165.42
padded,-24.52032160758972,2,27883.0,97871.0,100.0,164.05
padded,-24.52032160758972,3,27883.0,97871.0,100.0,164.64
padded,-24.320321559906006,0,27883.0,97871.0,100.0,275.0
padded,-24.320321559906006,1,27883.0,97871.0,100.0,174.48
padded,-24.320321559906006,2,27883.0,97871.0,100.0,171.3
padded,-24.320321559906006,3,27883.0,97871.0,100.0,174.14
padded,-24.12032151222229,0,29665.0,97871.0,48.0,291.11
padded,-24.119321584701538,1,29665.0,97871.0,28.0,184.43
padded,-24.119321584701538,2,29665.0,97871.0,87.0,180.63
padded,-24.119321584701538,3,29665.0,97871.0,67.0,182.66
padded,-23.919321537017822,0,29665.0,97871.0,0.0,288.3
padded,-23.919321537017822,1,29665.0,97871.0,0.0,183.58
padded,-23.919321537017822,2,29665.0,97871.0,0.0,178.55
padded,-23.919321537017822,3,29665.0,97871.0,0.0,182.41
padded,-23.719321727752686,0,29665.0,97871.0,0.0,240.91
padded,-23.719321727752686,1,29665.0,97871.0,0.0,167.64
padded,-23.719321727752686,2,29665.0,97871.0,0.0,161.97
padded,-23.719321727752686,3,29665.0,97871.0,0.0,165.54
padded,-23.51932168006897,0,29665.0,97871.0,0.0,190.8
padded,-23.51832151412964,1,29665.0,97871.0,0.0,150.44
padded,-23.51832151412964,2,29665.0,97871.0,0.0,146.36
padded,-23.51832151412964,3,29665.0,97871.0,0.0,149.78
padded,-23.318321704864502,0,29665.0,97871.0,0.0,141.1
padded,-23.318321704864502,1,29665.0,97871.0,0.0,134.55
padded,-23.318321704864502,2,29665.0,97871.0,0.0,131.42
padded,-23.318321704864502,3,29665.0,97871.0,0.0,133.0
padded,-23.118321657180786,0,29665.0,97871.0,0.0,119.05
padded,-23.118321657180786,1,29665.0,97871.0,0.0,121.03
padded,-23.118321657180786,2,29665.0,97871.0,0.0,119.3
padded,-23.118321657180786,3,29665.0,97871.0,0.0,120.2
padded,-22.91832160949707,0,29665.0,97871.0,0.0,118.98
padded,-22.91832160949707,1,29665.0,97871.0,0.0,120.97
padded,-22.91832160949707,2,29665.0,97871.0,0.0,119.2
padded,-22.91732168197632,3,29665.0,97871.0,0.0,120.26
padded,-22.717321634292603,0,29665.0,97871.0,0.0,118.87
padded,-22.717321634292603,1,29665.0,97871.0,0.0,120.95
padded,-22.717321634292603,2,29665.0,97871.0,0.0,119.15
padded,-22.717321634292603,3,29665.0,97871.0,0.0,120.25
padded,-22.517321586608887,0,29665.0,97871.0,0.0,118.88
padded,-22.517321586608887,1,29665.0,97871.0,0.0,120.93
padded,-22.517321586608887,2,29665.0,97871.0,0.0,119.12
padded,-22.517321586608887,3,29665.0,97871.0,0.0,120.2
padded,-22.31732153892517,0,29665.0,97871.0,0.0,118.98
padded,-22.31732153892517,1,29665.0,97871.0,0.0,120.93
padded,-22.31732153892517,2,29665.0,97871.0,0.0,119.11
padded,-22.31732153892517,3,29665.0,97871.0,0.0,120.18
padded,-22.117321729660034,0,29665.0,97871.0,0.0,119.05
padded,-22.116321563720703,1,29665.0,97871.0,0.0,120.92
padded,-22.116321563720703,2,29665.0,97871.0,0.0,119.13
padded,-22.116321563720703,3,29665.0,97871.0,0.0,120.22
padded,-21.916321516036987,0,29665.0,97871.0,0.0,119.11
padded,-21.916321516036987,1,29665.0,97871.0,0.0,120.88
padded,-21.916321516036987,2,29665.0,97871.0,0.0,119.11
padded,-21.916321516036987,3,29665.0,97871.0,0.0,120.2
padded,-21.71632170677185,0,29665.0,97871.0,0.0,119.25
padded,-21.71632170677185,1,29665.0,97871.0,0.0,120.88
padded,-21.71632170677185,2,29665.0,97871.0,0.0,119.14
padded,-21.71632170677185,3,29665.0,97871.0,0.0,120.15
padded,-21.516321659088135,0,29665.0,97871.0,0.0,119.32
padded,-21.515321731567383,1,29665.0,97871.0,0.0,120.86
padded,-21.515321731567383,2,29665.0,97871.0,0.0,119.12
padded,-21.515321731567383,3,29665.0,97871.0,0.0,120.09
padded,-21.315321683883667,0,29665.0,97871.0,0.0,119.31
padded,-21.315321683883667,1,29665.0,97871.0,0.0,120.83
padded,-21.315321683883667,2,29665.0,97871.0,0.0,119.12
padded,-21.315321683883667,3,29665.0,97871.0,0.0,120.14
padded,-21.11532163619995,0,29665.0,97871.0,0.0,119.29
padded,-21.11532163619995,1,29665.0,97871.0,0.0,120.79
padded,-21.11532163619995,2,29665.0,97871.0,0.0,119.09
padded,-21.11532163619995,3,29665.0,97871.0,0.0,120.12
padded,-20.915321588516235,0,29665.0,97871.0,0.0,119.3
padded,-20.915321588516235,1,29665.0,97871.0,0.0,120.8
padded,-20.914321660995483,2,29665.0,97871.0,0.0,119.05
padded,-20.914321660995483,3,29665.0,97871.0,0.0,120.08
padded,-20.714321613311768,0,29665.0,97871.0,0.0,119.26
padded,-20.714321613311768,1,29665.0,97871.0,0.0,120.79
padded,-20.714321613311768,2,29665.0,97871.0,0.0,119.05
padded,-20.714321613311768,3,29665.0,97871.0,0.0,120.07
padded,-20.51432156562805,0,29665.0,97871.0,0.0,119.24
padded,-20.51432156562805,1,29665.0,97871.0,0.0,120.82
padded,-20.51432156562805,2,29665.0,97871.0,0.0,119.05
padded,-20.51432156562805,3,29665.0,97871.0,0.0,120.11
padded,-20.314321517944336,0,29665.0,97871.0,0.0,119.23
padded,-20.314321517944336,1,29665.0,97871.0,0.0,120.83
padded,-20.314321517944336,2,29665.0,97871.0,0.0,119.04
padded,-20.313321590423584,3,29665.0,97871.0,0.0,120.08
padded,-20.113321542739868,0,29665.0,97871.0,0.0,119.22
padded,-20.113321542739868,1,29665.0,97871.0,0.0,120.85
padded,-20.113321542739868,2,29665.0,97871.0,0.0,119.04
padded,-20.113321542739868,3,29665.0,97871.0,0.0,120.05
padded,-19.91332173347473,0,29665.0,97871.0,0.0,119.21
padded,-19.91332173347473,1,29665.0,97871.0,0.0,120.85
padded,-19.91332173347473,2,29665.0,97871.0,0.0,119.03
padded,-19.91332173347473,3,29665.0,97871.0,0.0,120.04
padded,-19.70932173728943,0,29665.0,97871.0,0.0,119.21
padded,-19.70932173728943,1,29665.0,97871.0,0.0,120.85
padded,-19.70932173728943,2,29665.0,97871.0,0.0,119.02
padded,-19.70932173728943,3,29665.0,97871.0,0.0,120.11
padded,-19.509321689605713,0,29665.0,97871.0,0.0,119.2
padded,-19.508321523666382,1,29665.0,97871.0,0.0,120.83
padded,-19.508321523666382,2,29665.0,97871.0,0.0,119.0
padded,-19.508321523666382,3,29665.0,97871.0,0.0,120.09
padded,-19.308321714401245,0,29665.0,97871.0,0.0,119.19
padded,-19.308321714401245,1,29665.0,97871.0,0.0,120.83
padded,-19.308321714401245,2,29665.0,97871.0,0.0,118.98
padded,-19.308321714401245,3,29665.0,97871.0,0.0,120.05
padded,-19.10832166671753,0,29665.0,97871.0,0.0,119.22
padded,-19.10832166671753,1,29665.0,97871.0,0.0,120.82
padded,-19.10832166671753,2,29665.0,97871.0,0.0,118.99
padded,-19.10832166671753,3,29665.0,97871.0,0.0,120.07
padded,-18.908321619033813,0,29665.0,97871.0,0.0,119.25
padded,-18.90732169151306,1,29665.0,97871.0,0.0,120.84
padded,-18.90732169151306,2,29665.0,97871.0,0.0,118.99
padded,-18.90732169151306,3,29665.0,97871.0,0.0,120.1
padded,-18.707321643829346,0,29665.0,97871.0,0.0,119.23
padded,-18.707321643829346,1,29665.0,97871.0,0.0,120.83
padded,-18.707321643829346,2,29665.0,97871.0,0.0,119.0
padded,-18.707321643829346,3,29665.0,97871.0,0.0,120.08
padded,-18.50732159614563,0,29665.0,97871.0,0.0,119.23
padded,-18.50732159614563,1,29665.0,97871.0,0.0,120.84
padded,-18.50732159614563,2,29665.0,97871.0,0.0,119.04
padded,-18.50732159614563,3,29665.0,97871.0,0.0,120.08
padded,-18.307321548461914,0,29665.0,97871.0,0.0,119.22
padded,-18.307321548461914,1,29665.0,97871.0,0.0,120.84
padded,-18.307321548461914,2,29665.0,97871.0,0.0,119.05
padded,-18.306321620941162,3,29665.0,97871.0,0.0,120.1
padded,-18.106321573257446,0,29665.0,97871.0,0.0,119.21
padded,-18.106321573257446,1,29665.0,97871.0,0.0,120.87
padded,-18.106321573257446,2,29665.0,97871.0,0.0,119.06
padded,-18.106321573257446,3,29665.0,97871.0,0.0,120.08
padded,-17.90532159805298,0,29665.0,97871.0,0.0,119.18
padded,-17.90532159805298,1,29665.0,97871.0,0.0,120.86
padded,-17.90532159805298,2,29665.0,97871.0,0.0,119.07
padded,-17.90532159805298,3,29665.0,97871.0,0.0,120.1
padded,-17.705321550369263,0,29665.0,97871.0,0.0,119.24
padded,-17.70432162284851,1,29665.0,97871.0,0.0,120.89
padded,-17.70432162284851,2,29665.0,97871.0,0.0,119.06
padded,-17.70432162284851,3,29665.0,97871.0,0.0,120.04
padded,-17.504321575164795,0,29665.0,97871.0,0.0,119.25
padded,-17.504321575164795,1,29665.0,97871.0,0.0,120.9
padded,-17.504321575164795,2,29665.0,97871.0,0.0,119.04
padded,-17.504321575164795,3,29665.0,97871.0,0.0,120.05
padded,-17.30432152748108,0,29665.0,97871.0,0.0,119.24
padded,-17.30432152748108,1,29665.0,97871.0,0.0,120.89
padded,-17.30432152748108,2,29665.0,97871.0,0.0,119.03
padded,-17.30432152748108,3,29665.0,97871.0,0.0,120.09
padded,-17.104321718215942,0,29665.0,97871.0,0.0,119.25
padded,-17.104321718215942,1,29665.0,97871.0,0.0,120.87
padded,-17.10332155227661,2,29665.0,97871.0,0.0,119.02
padded,-17.10332155227661,3,29665.0,97871.0,0.0,120.1
padded,-16.903321504592896,0,29665.0,97871.0,0.0,119.24
padded,-16.903321504592896,1,29665.0,97871.0,0.0,120.88
padded,-16.903321504592896,2,29665.0,97871.0,0.0,119.02
padded,-16.903321504592896,3,29665.0,97871.0,0.0,120.07
padded,-16.70332169532776,0,29665.0,97871.0,0.0,119.18
padded,-16.70332169532776,1,29665.0,97871.0,0.0,120.88
padded,-16.70332169532776,2,29665.0,97871.0,0.0,119.03
padded,-16.70332169532776,3,29665.0,97871.0,0.0,120.09
padded,-16.503321647644043,0,29665.0,97871.0,0.0,119.2
padded,-16.503321647644043,1,29665.0,97871.0,0.0,120.87
padded,-16.50232172012329,2,29665.0,97871.0,0.0,119.06
padded,-16.50232172012329,3,29665.0,97871.0,0.0,120.12
padded,-16.302321672439575,0,29665.0,97871.0,0.0,119.22
padded,-16.302321672439575,1,29665.0,97871.0,0.0,120.87
padded,-16.302321672439575,2,29665.0,97871.0,0.0,119.08
padded,-16.302321672439575,3,29665.0,97871.0,0.0,120.11
padded,-16.10232162475586,0,29665.0,97871.0,0.0,119.21
padded,-16.10232162475586,1,29665.0,97871.0,0.0,120.88
padded,-16.10232162475586,2,29665.0,97871.0,0.0,119.11
padded,-16.10232162475586,3,29665.0,97871.0,0.0,120.06
padded,-15.902321577072144,0,29665.0,97871.0,0.0,119.18
padded,-15.902321577072144,1,29665.0,97871.0,0.0,120.86
padded,-15.902321577072144,2,29665.0,97871.0,0.0,119.09
padded,-15.902321577072144,3,29665.0,97871.0,0.0,120.07
padded,-15.701321601867676,0,29665.0,97871.0,0.0,119.21
padded,-15.701321601867676,1,29665.0,97871.0,0.0,120.85
padded,-15.701321601867676,2,29665.0,97871.0,0.0,119.06
padded,-15.701321601867676,3,29665.0,97871.0,0.0,120.11
padded,-15.50132155418396,0,29665.0,97871.0,0.0,119.18
padded,-15.50132155418396,1,29665.0,97871.0,0.0,120.84
padded,-15.50132155418396,2,29665.0,97871.0,0.0,119.02
padded,-15.50132155418396,3,29665.0,97871.0,0.0,120.1
padded,-15.301321506500244,0,29665.0,97871.0,0.0,119.15
padded,-15.301321506500244,1,29665.0,97871.0,0.0,120.84
padded,-15.301321506500244,2,29665.0,97871.0,0.0,119.02
padded,-15.301321506500244,3,29665.0,97871.0,0.0,120.02
padded,-15.101321697235107,0,29665.0,97871.0,0.0,119.16
padded,-15.100321531295776,1,29665.0,97871.0,0.0,120.82
padded,-15.100321531295776,2,29665.0,97871.0,0.0,119.03
padded,-15.100321531295776,3,29665.0,97871.0,0.0,120.07
padded,-14.90032172203064,0,29665.0,97871.0,0.0,119.19
padded,-14.90032172203064,1,29665.0,97871.0,0.0,120.82
padded,-14.90032172203064,2,29665.0,97871.0,0.0,119.03
padded,-14.90032172203064,3,29665.0,97871.0,0.0,120.1
padded,-14.700321674346924,0,29665.0,97871.0,0.0,119.19
padded,-14.700321674346924,1,29665.0,97871.0,0.0,120.82
padded,-14.700321674346924,2,29665.0,97871.0,0.0,119.07
padded,-14.700321674346924,3,29665.0,97871.0,0.0,120.1
padded,-14.500321626663208,0,29665.0,97871.0,0.0,119.18
padded,-14.499321699142456,1,29665.0,97871.0,0.0,120.84
padded,-14.499321699142456,2,29665.0,97871.0,0.0,119.11
padded,-14.499321699142456,3,29665.0,97871.0,0.0,120.0
padded,-14.29932165145874,0,29665.0,97871.0,0.0,119.2
padded,-14.29932165145874,1,29665.0,97871.0,0.0,120.85
padded,-14.29932165145874,2,29665.0,97871.0,0.0,119.11
padded,-14.29932165145874,3,29665.0,97871.0,0.0,120.05
padded,-14.099321603775024,0,29665.0,97871.0,0.0,119.17
padded,-14.099321603775024,1,29665.0,97871.0,0.0,120.86
padded,-14.099321603775024,2,29665.0,97871.0,0.0,119.12
padded,-14.099321603775024,3,29665.0,97871.0,0.0,120.07
padded,-13.899321556091309,0,29665.0,97871.0,0.0,119.15
padded,-13.899321556091309,1,29665.0,97871.0,0.0,120.87
padded,-13.898321628570557,2,29665.0,97871.0,0.0,119.13
padded,-13.898321628570557,3,29665.0,97871.0,0.0,120.02
padded,-13.69832158088684,0,29665.0,97871.0,0.0,119.15
padded,-13.69832158088684,1,29665.0,97871.0,0.0,120.9
padded,-13.69832158088684,2,29665.0,97871.0,0.0,119.11
padded,-13.69832158088684,3,29665.0,97871.0,0.0,119.94
padded,-13.498321533203125,0,29665.0,97871.0,0.0,119.17
padded,-13.498321533203125,1,29665.0,97871.0,0.0,120.88
padded,-13.498321533203125,2,29665.0,97871.0,0.0,119.09
padded,-13.498321533203125,3,29665.0,97871.0,0.0,120.0
padded,-13.298321723937988,0,29665.0,97871.0,0.0,119.13
padded,-13.298321723937988,1,29665.0,97871.0,0.0,120.88
padded,-13.298321723937988,2,29665.0,97871.0,0.0,119.07
padded,-13.298321723937988,3,29665.0,97871.0,0.0,120.04
padded,-13.097321510314941,0,29665.0,97871.0,0.0,119.18
padded,-13.097321510314941,1,29665.0,97871.0,0.0,120.86
padded,-13.097321510314941,2,29665.0,97871.0,0.0,119.07
padded,-13.097321510314941,3,29665.0,97871.0,0.0,120.0
padded,-12.897321701049805,0,29665.0,97871.0,0.0,119.2
padded,-12.897321701049805,1,29665.0,97871.0,0.0,120.86
padded,-12.897321701049805,2,29665.0,97871.0,0.0,119.07
padded,-12.897321701049805,3,29665.0,97871.0,0.0,120.0
padded,-12.697321653366089,0,29665.0,97871.0,0.0,119.19
padded,-12.697321653366089,1,29665.0,97871.0,0.0,120.84
padded,-12.697321653366089,2,29665.0,97871.0,0.0,119.07
padded,-12.697321653366089,3,29665.0,97871.0,0.0,120.07
padded,-12.496321678161621,0,29669.0,97871.0,86.0,120.66
padded,-12.496321678161621,1,29669.0,97871.0,19.0,122.8
padded,-12.496321678161621,2,29669.0,97871.0,30.0,121.15
padded,-12.496321678161621,3,29669.0,97871.0,0.0,121.76
padded,-12.296321630477905,0,29669.0,97871.0,0.0,123.83
padded,-12.296321630477905,1,29669.0,97871.0,0.0,125.45
padded,-12.296321630477905,2,29669.0,97871.0,0.0,123.57
padded,-12.296321630477905,3,29669.0,97871.0,23.0,124.57
padded,-12.09632158279419,0,29669.0,97871.0,0.0,123.83
padded,-12.09632158279419,1,29669.0,97871.0,0.0,125.49
padded,-12.09632158279419,2,29669.0,97871.0,0.0,123.5
padded,-12.09632158279419,3,29669.0,97871.0,0.0,124.59
padded,-11.896321535110474,0,29669.0,97871.0,0.0,123.94
padded,-11.895321607589722,1,29669.0,97871.0,0.0,125.5
padded,-11.895321607589722,2,29669.0,97871.0,0.0,123.5
padded,-11.895321607589722,3,29669.0,97871.0,0.0,124.75
padded,-11.695321559906006,0,29669.0,97871.0,0.0,123.88
padded,-11.695321559906006,1,29669.0,97871.0,0.0,125.62
padded,-11.695321559906006,2,29669.0,97871.0,0.0,123.51
padded,-11.695321559906006,3,29669.0,97871.0,0.0,124.76
padded,-11.49532151222229,0,29669.0,97871.0,0.0,123.03
padded,-11.49532151222229,1,29669.0,97871.0,0.0,124.3
padded,-11.49532151222229,2,29669.0,97871.0,0.0,121.51
padded,-11.49532151222229,3,29669.0,97871.0,0.0,123.04
padded,-11.295321702957153,0,29669.0,97871.0,0.0,119.24
padded,-11.295321702957153,1,29669.0,97871.0,0.0,120.96
padded,-11.294321537017822,2,29669.0,97871.0,0.0,119.14
padded,-11.294321537017822,3,29669.0,97871.0,0.0,120.09
padded,-11.094321727752686,0,29669.0,97871.0,0.0,119.23
padded,-11.094321727752686,1,29669.0,97871.0,0.0,120.92
padded,-11.094321727752686,2,29669.0,97871.0,0.0,119.15
padded,-11.094321727752686,3,29669.0,97871.0,0.0,120.12
padded,-10.89432168006897,0,29669.0,97871.0,0.0,119.23
padded,-10.89432168006897,1,29669.0,97871.0,0.0,120.91
padded,-10.89432168006897,2,29669.0,97871.0,0.0,119.15
padded,-10.89432168006897,3,29669.0,97871.0,0.0,120.13
padded,-10.694321632385254,0,29669.0,97871.0,0.0,119.23
padded,-10.694321632385254,1,29669.0,97871.0,0.0,120.9
padded,-10.694321632385254,2,29669.0,97871.0,0.0,119.14
padded,-10.694321632385254,3,29669.0,97871.0,0.0,120.11
padded,-10.493321657180786,0,29669.0,97871.0,0.0,119.22
padded,-10.493321657180786,1,29669.0,97871.0,0.0,120.9
padded,-10.493321657180786,2,29669.0,97871.0,0.0,119.12
padded,-10.493321657180786,3,29669.0,97871.0,0.0,120.11
padded,-10.29332160949707,0,29669.0,97871.0,0.0,119.24
padded,-10.29332160949707,1,29669.0,97871.0,0.0,120.92
padded,-10.29332160949707,2,29669.0,97871.0,0.0,119.12
padded,-10.29332160949707,3,29669.0,97871.0,0.0,120.17
padded,-10.093321561813354,0,29669.0,97871.0,0.0,119.2
padded,-10.093321561813354,1,29669.0,97871.0,0.0,120.93
padded,-10.093321561813354,2,29669.0,97871.0,0.0,119.1
padded,-10.093321561813354,3,29669.0,97871.0,0.0,120.17
padded,-9.893321514129639,0,29669.0,97871.0,0.0,119.15
padded,-9.892321586608887,1,29669.0,97871.0,0.0,120.95
padded,-9.892321586608887,2,29669.0,97871.0,0.0,119.1
padded,-9.892321586608887,3,29669.0,97871.0,0.0,120.1
padded,-9.692321538925171,0,29669.0,97871.0,0.0,119.17
padded,-9.692321538925171,1,29669.0,97871.0,0.0,120.93
padded,-9.692321538925171,2,29669.0,97871.0,0.0,119.11
padded,-9.692321538925171,3,29669.0,97871.0,0.0,120.09
padded,-9.492321729660034,0,29669.0,97871.0,0.0,119.17
padded,-9.492321729660034,1,29669.0,97871.0,0.0,120.94
padded,-9.492321729660034,2,29669.0,97871.0,0.0,119.13
padded,-9.492321729660034,3,29669.0,97871.0,0.0,120.11
padded,-9.292321681976318,0,29669.0,97871.0,0.0,119.17
padded,-9.291321516036987,1,29669.0,97871.0,0.0,120.91
padded,-9.291321516036987,2,29669.0,97871.0,0.0,119.14
padded,-9.291321516036987,3,29669.0,97871.0,0.0,120.1
padded,-9.09132170677185,0,29669.0,97871.0,0.0,119.23
padded,-9.09132170677185,1,29669.0,97871.0,0.0,120.88
padded,-9.09132170677185,2,29669.0,97871.0,0.0,119.18
padded,-9.09132170677185,3,29669.0,97871.0,0.0,120.06
padded,-8.891321659088135,0,29669.0,97871.0,0.0,119.26
padded,-8.891321659088135,1,29669.0,97871.0,0.0,120.86
padded,-8.891321659088135,2,29669.0,97871.0,0.0,119.18
padded,-8.891321659088135,3,29669.0,97871.0,0.0,120.09
padded,-8.691321611404419,0,29669.0,97871.0,0.0,119.23
padded,-8.690321683883667,1,29669.0,97871.0,0.0,120.88
padded,-8.690321683883667,2,29669.0,97871.0,0.0,119.2
padded,-8.690321683883667,3,29669.0,97871.0,0.0,120.11
padded,-8.490321636199951,0,29669.0,97871.0,0.0,119.2
padded,-8.490321636199951,1,29669.0,97871.0,0.0,120.88
padded,-8.490321636199951,2,29669.0,97871.0,0.0,119.19
padded,-8.490321636199951,3,29669.0,97871.0,0.0,120.09
padded,-8.290321588516235,0,29669.0,97871.0,0.0,119.25
padded,-8.290321588516235,1,29669.0,97871.0,0.0,120.9
padded,-8.290321588516235,2,29669.0,97871.0,0.0,119.18
padded,-8.290321588516235,3,29669.0,97871.0,0.0,120.02
padded,-8.09032154083252,0,29669.0,97871.0,0.0,119.2
padded,-8.089321613311768,1,29669.0,97871.0,0.0,120.92
padded,-8.089321613311768,2,29669.0,97871.0,0.0,119.13
padded,-8.089321613311768,3,29669.0,97871.0,0.0,120.06
padded,-7.889321565628052,0,29669.0,97871.0,0.0,119.16
padded,-7.889321565628052,1,29669.0,97871.0,0.0,120.93
padded,-7.889321565628052,2,29669.0,97871.0,0.0,119.11
padded,-7.889321565628052,3,29669.0,97871.0,0.0,120.07
padded,-7.689321517944336,0,29669.0,97871.0,0.0,119.2
padded,-7.689321517944336,1,29669.0,97871.0,0.0,120.92
padded,-7.689321517944336,2,29669.0,97871.0,0.0,119.09
padded,-7.689321517944336,3,29669.0,97871.0,0.0,120.07
padded,-7.488321542739868,0,29669.0,97871.0,0.0,119.24
padded,-7.488321542739868,1,29669.0,97871.0,0.0,120.92
padded,-7.488321542739868,2,29669.0,97871.0,0.0,119.1
padded,-7.488321542739868,3,29669.0,97871.0,0.0,120.03
padded,-7.2883217334747314,0,29669.0,97871.0,0.0,119.15
padded,-7.2883217334747314,1,29669.0,97871.0,0.0,120.9
padded,-7.2883217334747314,2,29669.0,97871.0,0.0,119.09
padded,-7.2883217334747314,3,29669.0,97871.0,0.0,120.06
padded,-7.088321685791016,0,29669.0,97871.0,0.0,119.16
padded,-7.088321685791016,1,29669.0,97871.0,0.0,120.91
padded,-7.088321685791016,2,29669.0,97871.0,0.0,119.1
padded,-7.088321685791016,3,29669.0,97871.0,0.0,120.08
padded,-6.8883216381073,0,29669.0,97871.0,0.0,119.2
padded,-6.887321710586548,1,29669.0,97871.0,0.0,120.9
padded,-6.887321710586548,2,29669.0,97871.0,0.0,119.09
padded,-6.887321710586548,3,29669.0,97871.0,0.0,120.07
padded,-6.687321662902832,0,29669.0,97871.0,0.0,119.16
padded,-6.687321662902832,1,29669.0,97871.0,0.0,120.91
padded,-6.687321662902832,2,29669.0,97871.0,0.0,119.1
padded,-6.687321662902832,3,29669.0,97871.0,0.0,120.04
padded,-6.487321615219116,0,29669.0,97871.0,0.0,119.14
padded,-6.487321615219116,1,29669.0,97871.0,0.0,120.93
padded,-6.487321615219116,2,29669.0,97871.0,0.0,119.07
padded,-6.487321615219116,3,29669.0,97871.0,0.0,120.08
padded,-6.2873215675354,0,29669.0,97871.0,0.0,119.47
padded,-6.286321640014648,1,29669.0,97871.0,100.0,121.77
padded,-6.286321640014648,2,29669.0,97871.0,0.0,119.34
padded,-6.286321640014648,3,29669.0,97871.0,0.0,120.42
padded,-6.086321592330933,0,29669.0,97871.0,0.0,119.44
padded,-6.086321592330933,1,29669.0,97871.0,100.0,122.42
padded,-6.086321592330933,2,29669.0,97871.0,0.0,119.36
padded,-6.086321592330933,3,29669.0,97871.0,0.0,120.39
padded,-5.886321544647217,0,29669.0,97871.0,0.0,119.45
padded,-5.886321544647217,1,29669.0,97871.0,100.0,123.04
padded,-5.886321544647217,2,29669.0,97871.0,0.0,119.36
padded,-5.886321544647217,3,29669.0,97871.0,0.0,120.32
padded,-5.68632173538208,0,29669.0,97871.0,0.0,119.49
padded,-5.685321569442749,1,29669.0,97871.0,100.0,123.67
padded,-5.685321569442749,2,29669.0,97871.0,0.0,119.38
padded,-5.685321569442749,3,29669.0,97871.0,0.0,120.34
padded,-5.485321521759033,0,29669.0,97871.0,0.0,119.52
padded,-5.485321521759033,1,29669.0,97871.0,100.0,124.29
padded,-5.485321521759033,2,29669.0,97871.0,0.0,119.41
padded,-5.485321521759033,3,29669.0,97871.0,0.0,120.35
padded,-5.2853217124938965,0,29669.0,97871.0,0.0,119.21
padded,-5.2853217124938965,1,29669.0,97871.0,100.0,124.17
padded,-5.2853217124938965,2,29669.0,97871.0,0.0,119.13
padded,-5.2853217124938965,3,29669.0,97871.0,0.0,120.05
padded,-5.085321664810181,0,29669.0,97871.0,0.0,119.22
padded,-5.085321664810181,1,29669.0,97871.0,100.0,124.17
padded,-5.084321737289429,2,29669.0,97871.0,0.0,119.13
padded,-5.084321737289429,3,29669.0,97871.0,0.0,120.02
padded,-4.884321689605713,0,29669.0,97871.0,0.0,119.21
padded,-4.884321689605713,1,29669.0,97871.0,100.0,124.15
padded,-4.884321689605713,2,29669.0,97871.0,0.0,119.13
padded,-4.884321689605713,3,29669.0,97871.0,0.0,120.06
padded,-4.684321641921997,0,29669.0,97871.0,0.0,119.18
padded,-4.684321641921997,1,29669.0,97871.0,100.0,124.14
padded,-4.684321641921997,2,29669.0,97871.0,0.0,119.11
padded,-4.684321641921997,3,29669.0,97871.0,0.0,120.11
padded,-4.484321594238281,0,29669.0,97871.0,83.0,119.58
padded,-4.484321594238281,1,29669.0,97871.0,100.0,124.44
padded,-4.484321594238281,2,29669.0,97871.0,0.0,119.42
padded,-4.484321594238281,3,29669.0,97871.0,0.0,120.37
padded,-4.2833216190338135,0,29669.0,97871.0,100.0,120.3
padded,-4.2833216190338135,1,29669.0,97871.0,100.0,124.43
padded,-4.2833216190338135,2,29669.0,97871.0,0.0,119.43
padded,-4.2833216190338135,3,29669.0,97871.0,0.0,120.4
padded,-4.083321571350098,0,29669.0,97871.0,100.0,120.91
padded,-4.083321571350098,1,29669.0,97871.0,100.0,124.42
padded,-4.083321571350098,2,29669.0,97871.0,0.0,119.45
padded,-4.083321571350098,3,29669.0,97871.0,0.0,120.43
padded,-3.883321523666382,0,29669.0,97871.0,100.0,121.55
padded,-3.883321523666382,1,29669.0,97871.0,100.0,124.43
padded,-3.883321523666382,2,29669.0,97871.0,0.0,119.46
padded,-3.883321523666382,3,29669.0,97871.0,0.0,120.44
padded,-3.682321548461914,0,29669.0,97871.0,100.0,122.2
padded,-3.682321548461914,1,29669.0,97871.0,100.0,124.42
padded,-3.682321548461914,2,29669.0,97871.0,0.0,119.46
padded,-3.682321548461914,3,29669.0,97871.0,0.0,120.39
padded,-3.4823217391967773,0,29669.0,97871.0,100.0,122.36
padded,-3.4823217391967773,1,29669.0,97871.0,100.0,124.14
padded,-3.4823217391967773,2,29669.0,97871.0,0.0,119.2
padded,-3.4823217391967773,3,29669.0,97871.0,0.0,120.08
padded,-3.2823216915130615,0,29669.0,97871.0,100.0,122.31
padded,-3.2823216915130615,1,29669.0,97871.0,100.0,124.12
padded,-3.2823216915130615,2,29669.0,97871.0,0.0,119.18
padded,-3.2823216915130615,3,29669.0,97871.0,0.0,120.11
padded,-3.0823216438293457,0,29669.0,97871.0,100.0,122.33
padded,-3.0813217163085938,1,29669.0,97871.0,100.0,124.1
padded,-3.0813217163085938,2,29669.0,97871.0,0.0,119.19
padded,-3.0813217163085938,3,29669.0,97871.0,0.0,120.12
padded,-2.881321668624878,0,29669.0,97871.0,100.0,122.36
padded,-2.881321668624878,1,29669.0,97871.0,100.0,124.09
padded,-2.881321668624878,2,29669.0,97871.0,0.0,119.17
padded,-2.881321668624878,3,29669.0,97871.0,0.0,120.07
padded,-2.681321620941162,0,29669.0,97871.0,100.0,122.61
padded,-2.681321620941162,1,29669.0,97871.0,100.0,124.4
padded,-2.681321620941162,2,29669.0,97871.0,0.0,119.49
padded,-2.681321620941162,3,29669.0,97871.0,62.0,120.79
padded,-2.4813215732574463,0,29669.0,97871.0,100.0,122.64
padded,-2.4813215732574463,1,29669.0,97871.0,100.0,124.4
padded,-2.4803216457366943,2,29669.0,97871.0,0.0,119.45
padded,-2.4803216457366943,3,29669.0,97871.0,100.0,121.42
padded,-2.2803215980529785,0,29669.0,97871.0,100.0,122.63
padded,-2.2803215980529785,1,29669.0,97871.0,100.0,124.39
padded,-2.2803215980529785,2,29669.0,97871.0,0.0,119.43
padded,-2.2803215980529785,3,29669.0,97871.0,100.0,122.03
padded,-2.0803215503692627,0,29669.0,97871.0,100.0,122.56
padded,-2.0803215503692627,1,29669.0,97871.0,100.0,124.43
padded,-2.0803215503692627,2,29669.0,97871.0,0.0,119.44
padded,-2.0803215503692627,3,29669.0,97871.0,100.0,122.64
padded,-1.8803215026855469,0,29669.0,97871.0,100.0,122.54
padded,-1.8803215026855469,1,29669.0,97871.0,100.0,124.44
padded,-1.8803215026855469,2,29669.0,97871.0,0.0,119.44
padded,-1.8803215026855469,3,29669.0,97871.0,100.0,123.28
padded,-1.679321527481079,0,29669.0,97871.0,100.0,122.27
padded,-1.679321527481079,1,29669.0,97871.0,100.0,124.14
padded,-1.679321527481079,2,29669.0,97871.0,0.0,119.13
padded,-1.679321527481079,3,29669.0,97871.0,100.0,123.21
padded,-1.4793217182159424,0,29669.0,97871.0,100.0,122.24
padded,-1.4793217182159424,1,29669.0,97871.0,100.0,124.13
padded,-1.4793217182159424,2,29669.0,97871.0,0.0,119.13
padded,-1.4793217182159424,3,29669.0,97871.0,100.0,123.22
padded,-1.2793216705322266,0,29669.0,97871.0,100.0,122.24
padded,-1.2793216705322266,1,29669.0,97871.0,100.0,124.15
padded,-1.2793216705322266,2,29669.0,97871.0,0.0,119.12
padded,-1.2793216705322266,3,29669.0,97871.0,100.0,123.19
padded,-1.0793216228485107,0,29669.0,97871.0,100.0,122.28
padded,-1.0783216953277588,1,29669.0,97871.0,100.0,124.14
padded,-1.0783216953277588,2,29669.0,97871.0,0.0,119.12
padded,-1.0783216953277588,3,29669.0,97871.0,100.0,123.23
padded,-0.878321647644043,0,29669.0,97871.0,100.0,122.31
padded,-0.878321647644043,1,29669.0,97871.0,100.0,124.17
padded,-0.878321647644043,2,29669.0,97871.0,0.0,119.12
padded,-0.878321647644043,3,29669.0,97871.0,100.0,123.28
padded,-0.6783215999603271,0,29669.0,97871.0,10.0,126.89
padded,-0.6783215999603271,1,29669.0,97871.0,65.0,130.44
padded,-0.6783215999603271,2,29669.0,97871.0,67.0,125.04
padded,-0.6783215999603271,3,29669.0,97871.0,60.0,129.23
padded,-0.4773216247558594,0,29669.0,97871.0,78.0,137.83
padded,-0.4773216247558594,1,29669.0,97871.0,20.0,140.78
padded,-0.4773216247558594,2,29669.0,97871.0,55.0,134.38
padded,-0.4773216247558594,3,29669.0,97871.0,2.0,137.61
padded,-0.27732157707214355,0,29669.0,97871.0,11.0,152.41
padded,-0.27732157707214355,1,29669.0,97871.0,83.0,155.34
padded,-0.27732157707214355,2,29669.0,97871.0,88.0,148.28
padded,-0.27732157707214355,3,29669.0,97871.0,40.0,152.16
padded,-0.07732152938842773,0,29669.0,97871.0,3.0,155.49
padded,-0.07732152938842773,1,29669.0,97871.0,15.0,157.94
padded,-0.07732152938842773,2,29669.0,97871.0,63.0,152.94
padded,-0.07732152938842773,3,29669.0,97871.0,2.0,156.26
padded,0.12367844581604004,0,29669.0,97871.0,0.0,158.2
padded,0.12367844581604004,1,29669.0,97871.0,16.0,160.6
padded,0.12367844581604004,2,29669.0,97871.0,0.0,156.45
padded,0.12367844581604004,3,29669.0,97871.0,43.0,159.22
padded,0.32367849349975586,0,29669.0,97871.0,0.0,153.57
padded,0.32367849349975586,1,29671.0,97871.0,0.0,154.44
padded,0.32367849349975586,2,29671.0,97871.0,0.0,150.54
padded,0.32367849349975586,3,29671.0,97871.0,0.0,152.5
padded,0.5236783027648926,0,29671.0,97871.0,37.0,147.27
padded,0.5236783027648926,1,29671.0,97871.0,75.0,149.62
padded,0.5236783027648926,2,29671.0,97871.0,32.0,146.46
padded,0.5236783027648926,3,29671.0,97871.0,64.0,151.17
padded,0.7236783504486084,0,29671.0,97871.0,94.0,141.14
padded,0.7246782779693604,1,29671.0,97871.0,51.0,144.43
padded,0.7246782779693604,2,29671.0,97871.0,63.0,141.27
padded,0.7246782779693604,3,29671.0,97871.0,77.0,144.0
padded,0.9246783256530762,0,29671.0,97871.0,67.0,146.01
padded,0.9246783256530762,1,29671.0,97871.0,11.0,148.67
padded,0.9246783256530762,2,29671.0,97871.0,76.0,145.9
padded,0.9246783256530762,3,29671.0,97871.0,100.0,151.9
padded,1.124678373336792,0,29671.0,97871.0,99.0,149.4
padded,1.124678373336792,1,29671.0,97871.0,15.0,153.87
padded,1.124678373336792,2,29671.0,97871.0,78.0,150.78
padded,1.124678373336792,3,29671.0,97871.0,91.0,156.34
padded,1.3246784210205078,0,29671.0,97871.0,71.0,158.09
padded,1.3256783485412598,1,29671.0,97871.0,5.0,160.65
padded,1.3256783485412598,2,29671.0,97871.0,39.0,158.18
padded,1.3256783485412598,3,29671.0,97871.0,60.0,164.74
padded,1.5256783962249756,0,29671.0,97871.0,61.0,165.7
padded,1.5256783962249756,1,29671.0,97871.0,85.0,168.28
padded,1.5256783962249756,2,29671.0,97871.0,36.0,166.04
padded,1.5256783962249756,3,29671.0,97871.0,35.0,171.5
padded,1.7256784439086914,0,29671.0,97871.0,31.0,167.13
padded,1.7256784439086914,1,29671.0,97871.0,71.0,167.47
padded,1.7256784439086914,2,29671.0,97871.0,4.0,165.39
padded,1.7256784439086914,3,29671.0,97871.0,92.0,170.92
padded,1.9256784915924072,0,29671.0,97871.0,11.0,158.94
padded,1.9266784191131592,1,29671.0,97871.0,0.0,160.61
padded,1.9266784191131592,2,29671.0,97871.0,10.0,157.95
padded,1.9266784191131592,3,29671.0,97871.0,0.0,160.34
padded,2.126678466796875,0,29671.0,97871.0,32.0,156.65
padded,2.126678466796875,1,29671.0,97871.0,7.0,158.38
padded,2.126678466796875,2,29671.0,97871.0,14.0,154.32
padded,2.126678466796875,3,29671.0,97871.0,14.0,157.54
padded,2.3266782760620117,0,29671.0,97871.0,36.0,158.33
padded,2.3266782760620117,1,29671.0,97871.0,97.0,160.77
padded,2.3266782760620117,2,29671.0,97871.0,56.0,156.46
padded,2.3266782760620117,3,29671.0,97871.0,74.0,159.04
padded,2.5266783237457275,0,29671.0,97871.0,95.0,152.17
padded,2.5266783237457275,1,29671.0,97871.0,10.0,153.57
padded,2.5266783237457275,2,29671.0,97871.0,95.0,150.21
padded,2.5276784896850586,3,29671.0,97871.0,55.0,151.71
padded,2.7276782989501953,0,29671.0,97871.0,67.0,150.66
padded,2.7276782989501953,1,29671.0,97871.0,10.0,153.79
padded,2.7276782989501953,2,29671.0,97871.0,25.0,151.1
padded,2.7276782989501953,3,29671.0,97871.0,98.0,151.56
padded,2.927678346633911,0,29671.0,97871.0,93.0,161.23
padded,2.927678346633911,1,29671.0,97871.0,57.0,164.11
padded,2.927678346633911,2,29671.0,97871.0,95.0,160.18
padded,2.927678346633911,3,29671.0,97871.0,95.0,161.35
padded,3.127678394317627,0,29671.0,97871.0,95.0,165.36
padded,3.127678394317627,1,29671.0,97871.0,92.0,169.12
padded,3.127678394317627,2,29671.0,97871.0,14.0,163.23
padded,3.127678394317627,3,29671.0,97871.0,75.0,166.78
padded,3.3286783695220947,0,29671.0,97871.0,58.0,169.22
padded,3.3286783695220947,1,29671.0,97871.0,88.0,170.1
padded,3.3286783695220947,2,29671.0,97871.0,69.0,166.55
padded,3.3286783695220947,3,29671.0,97871.0,88.0,170.69
padded,3.5286784172058105,0,29671.0,97871.0,13.0,174.26
padded,3.5286784172058105,1,29671.0,97871.0,82.0,175.66
padded,3.5286784172058105,2,29671.0,97871.0,91.0,172.25
padded,3.5286784172058105,3,29671.0,97871.0,72.0,176.87
padded,3.7286784648895264,0,29671.0,97871.0,93.0,171.71
padded,3.7286784648895264,1,29671.0,97871.0,17.0,172.47
padded,3.7286784648895264,2,29671.0,97871.0,95.0,169.46
padded,3.7286784648895264,3,29671.0,97871.0,98.0,174.17
padded,3.928678274154663,0,29671.0,97871.0,92.0,167.48
padded,3.929678440093994,1,29671.0,97871.0,9.0,168.39
padded,3.929678440093994,2,29671.0,97871.0,95.0,166.17
padded,3.929678440093994,3,29671.0,97871.0,98.0,170.44
padded,4.12967848777771,0,29671.0,97871.0,38.0,165.29
padded,4.12967848777771,1,29671.0,97871.0,9.0,164.56
padded,4.12967848777771,2,29671.0,97871.0,88.0,164.41
padded,4.12967848777771,3,29671.0,97871.0,93.0,166.12
padded,4.329678297042847,0,29671.0,97871.0,30.0,156.84
padded,4.329678297042847,1,29671.0,97871.0,20.0,159.69
padded,4.329678297042847,2,29671.0,97871.0,90.0,158.57
padded,4.329678297042847,3,29671.0,97871.0,95.0,159.83
padded,4.5296783447265625,0,29671.0,97871.0,13.0,152.85
padded,4.5306782722473145,1,29671.0,97871.0,11.0,155.45
padded,4.5306782722473145,2,29671.0,97871.0,84.0,153.06
padded,4.5306782722473145,3,29671.0,97871.0,95.0,154.1
padded,4.73067831993103,0,29671.0,97871.0,0.0,147.45
padded,4.73067831993103,1,29671.0,97871.0,0.0,149.37
padded,4.73067831993103,2,29671.0,97871.0,0.0,147.33
padded,4.73067831993103,3,29671.0,97871.0,0.0,148.33
padded,4.930678367614746,0,29671.0,97871.0,0.0,145.98
padded,4.930678367614746,1,29671.0,97871.0,8.0,147.68
padded,4.930678367614746,2,29671.0,97871.0,4.0,146.43
padded,4.930678367614746,3,29671.0,97871.0,76.0,146.83
padded,5.130678415298462,0,29671.0,97871.0,95.0,149.78
padded,5.131678342819214,1,29671.0,97871.0,70.0,150.82
padded,5.131678342819214,2,29671.0,97871.0,77.0,148.93
padded,5.131678342819214,3,29671.0,97871.0,70.0,150.79
padded,5.33167839050293,0,29671.0,97871.0,12.0,152.35
padded,5.33167839050293,1,29671.0,97871.0,74.0,153.2
padded,5.33167839050293,2,29671.0,97871.0,100.0,151.46
padded,5.33167839050293,3,29671.0,97871.0,67.0,154.56
padded,5.5316784381866455,0,29671.0,97871.0,12.0,154.07
padded,5.5326783657073975,1,29671.0,97871.0,83.0,157.2
padded,5.5326783657073975,2,29671.0,97871.0,100.0,154.92
padded,5.5326783657073975,3,29671.0,97871.0,84.0,157.96
padded,5.732678413391113,0,29671.0,97871.0,11.0,162.51
padded,5.732678413391113,1,29671.0,97871.0,84.0,166.14
padded,5.732678413391113,2,29671.0,97871.0,85.0,165.12
padded,5.732678413391113,3,29671.0,97871.0,100.0,169.38
padded,5.932678461074829,0,29671.0,97871.0,95.0,170.19
padded,5.932678461074829,1,29671.0,97871.0,65.0,174.75
padded,5.932678461074829,2,29671.0,97871.0,73.0,174.56
padded,5.933678388595581,3,29671.0,97871.0,85.0,176.79
padded,6.133678436279297,0,29671.0,97871.0,66.0,168.37
padded,6.133678436279297,1,29671.0,97871.0,10.0,173.49
padded,6.133678436279297,2,29671.0,97871.0,70.0,173.3
padded,6.133678436279297,3,29671.0,97871.0,63.0,174.45
padded,6.333678483963013,0,29671.0,97871.0,0.0,160.31
padded,6.333678483963013,1,29671.0,97871.0,0.0,165.5
padded,6.333678483963013,2,29671.0,97871.0,0.0,165.07
padded,6.333678483963013,3,29671.0,97871.0,0.0,164.87
padded,6.533678293228149,0,29671.0,97871.0,4.0,152.57
padded,6.533678293228149,1,29671.0,97871.0,0.0,155.83
padded,6.533678293228149,2,29671.0,97871.0,24.0,156.08
padded,6.533678293228149,3,29671.0,97871.0,0.0,155.82
padded,6.734678268432617,0,29671.0,97871.0,77.0,154.12
padded,6.734678268432617,1,29671.0,97871.0,94.0,158.54
padded,6.734678268432617,2,29671.0,97871.0,52.0,156.17
padded,6.734678268432617,3,29671.0,97871.0,100.0,153.66
padded,6.934678316116333,0,29671.0,97871.0,100.0,150.01
padded,6.934678316116333,1,29671.0,97871.0,90.0,153.44
padded,6.934678316116333,2,29671.0,97871.0,13.0,149.13
padded,6.934678316116333,3,29671.0,97871.0,89.0,150.56
padded,7.134678363800049,0,29671.0,97871.0,100.0,149.89
padded,7.134678363800049,1,29671.0,97871.0,78.0,155.95
padded,7.134678363800049,2,29671.0,97871.0,17.0,151.62
padded,7.134678363800049,3,29671.0,97871.0,78.0,153.02
padded,7.334678411483765,0,29671.0,97871.0,100.0,159.7
padded,7.335678339004517,1,29671.0,97871.0,81.0,166.66
padded,7.335678339004517,2,29671.0,97871.0,71.0,161.59
padded,7.335678339004517,3,29671.0,97871.0,80.0,163.08
padded,7.535678386688232,0,29671.0,97871.0,18.0,171.48
padded,7.535678386688232,1,29671.0,97871.0,100.0,176.59
padded,7.535678386688232,2,29671.0,97871.0,100.0,173.11
padded,7.535678386688232,3,29671.0,97871.0,92.0,174.47
padded,7.735678434371948,0,29671.0,97871.0,22.0,168.55
padded,7.735678434371948,1,29671.0,97871.0,81.0,177.98
padded,7.735678434371948,2,29671.0,97871.0,23.0,171.32
padded,7.735678434371948,3,29671.0,97871.0,87.0,175.29
padded,7.935678482055664,0,29671.0,97871.0,11.0,168.9
padded,7.936678409576416,1,29671.0,97871.0,85.0,178.58
padded,7.936678409576416,2,29671.0,97871.0,12.0,173.27
padded,7.936678409576416,3,29671.0,97871.0,85.0,173.24
padded,8.136678457260132,0,29671.0,97871.0,8.0,166.33
padded,8.136678457260132,1,29671.0,97871.0,92.0,175.0
padded,8.136678457260132,2,29671.0,97871.0,8.0,169.52
padded,8.136678457260132,3,29671.0,97871.0,92.0,168.72
padded,8.336678266525269,0,29671.0,97871.0,6.0,160.68
padded,8.336678266525269,1,29671.0,97871.0,91.0,170.48
padded,8.336678266525269,2,29671.0,97871.0,7.0,163.78
padded,8.336678266525269,3,29671.0,97871.0,87.0,164.91
padded,8.536678314208984,0,29671.0,97871.0,14.0,151.34
padded,8.536678314208984,1,29671.0,97871.0,0.0,159.79
padded,8.536678314208984,2,29671.0,97871.0,9.0,153.73
padded,8.537678480148315,3,29671.0,97871.0,0.0,153.41
padded,8.737678289413452,0,29671.0,97871.0,95.0,150.61
padded,8.737678289413452,1,29671.0,97871.0,10.0,153.85
padded,8.737678289413452,2,29671.0,97871.0,95.0,151.98
padded,8.737678289413452,3,29671.0,97871.0,95.0,153.02
padded,8.937678337097168,0,29671.0,97871.0,90.0,148.63
padded,8.937678337097168,1,29671.0,97871.0,6.0,151.15
padded,8.937678337097168,2,29671.0,97871.0,89.0,148.84
padded,8.937678337097168,3,29671.0,97871.0,95.0,150.49
padded,9.137678384780884,0,29671.0,97871.0,93.0,152.02
padded,9.137678384780884,1,29671.0,97871.0,11.0,154.36
padded,9.137678384780884,2,29671.0,97871.0,100.0,152.53
padded,9.137678384780884,3,29671.0,97871.0,100.0,154.48
padded,9.338678359985352,0,29671.0,97871.0,82.0,157.5
padded,9.338678359985352,1,29671.0,97871.0,15.0,157.78
padded,9.338678359985352,2,29671.0,97871.0,90.0,157.54
padded,9.338678359985352,3,29671.0,97871.0,100.0,158.77
padded,9.538678407669067,0,29671.0,97871.0,92.0,168.31
padded,9.538678407669067,1,29671.0,97871.0,20.0,168.6
padded,9.538678407669067,2,29671.0,97871.0,92.0,166.4
padded,9.538678407669067,3,29671.0,97871.0,99.0,168.69
padded,9.738678455352783,0,29671.0,97871.0,67.0,166.46
padded,9.738678455352783,1,29671.0,97871.0,8.0,167.12
padded,9.738678455352783,2,29671.0,97871.0,80.0,164.95
padded,9.738678455352783,3,29671.0,97871.0,87.0,168.01
padded,9.93867826461792,0,29671.0,97871.0,0.0,161.65
padded,9.939678430557251,1,29671.0,97871.0,0.0,161.55
padded,9.939678430557251,2,29671.0,97871.0,0.0,159.21
padded,9.939678430557251,3,29671.0,97871.0,0.0,162.37
padded,10.139678478240967,0,29671.0,97871.0,9.0,153.14
padded,10.139678478240967,1,29671.0,97871.0,0.0,152.88
padded,10.139678478240967,2,29671.0,97871.0,5.0,150.91
padded,10.139678478240967,3,29671.0,97871.0,0.0,152.85
padded,10.339678287506104,0,29671.0,97871.0,13.0,150.53
padded,10.339678287506104,1,29671.0,97871.0,89.0,152.5
padded,10.339678287506104,2,29671.0,97871.0,9.0,149.91
padded,10.339678287506104,3,29671.0,97871.0,91.0,153.36
padded,10.53967833518982,0,29671.0,97871.0,82.0,147.85
padded,10.540678262710571,1,29671.0,97871.0,100.0,150.29
padded,10.540678262710571,2,29671.0,97871.0,99.0,150.65
padded,10.540678262710571,3,29671.0,97871.0,17.0,150.87
padded,10.740678310394287,0,29671.0,97871.0,100.0,151.39
padded,10.740678310394287,1,29671.0,97871.0,100.0,152.76
padded,10.740678310394287,2,29671.0,97871.0,100.0,154.53
padded,10.740678310394287,3,29671.0,97871.0,9.0,152.87
padded,10.940678358078003,0,29671.0,97871.0,100.0,161.52
padded,10.940678358078003,1,29671.0,97871.0,91.0,161.46
padded,10.940678358078003,2,29671.0,97871.0,100.0,163.1
padded,10.940678358078003,3,29671.0,97871.0,12.0,161.6
padded,11.140678405761719,0,29671.0,97871.0,100.0,170.91
padded,11.14167833328247,1,29671.0,97871.0,91.0,171.49
padded,11.14167833328247,2,29671.0,97871.0,100.0,173.02
padded,11.14167833328247,3,29671.0,97871.0,10.0,170.09
padded,11.341678380966187,0,29671.0,97871.0,20.0,174.21
padded,11.341678380966187,1,29671.0,97871.0,88.0,171.99
padded,11.341678380966187,2,29671.0,97871.0,22.0,178.25
padded,11.341678380966187,3,29671.0,97871.0,45.0,173.14
padded,11.541678428649902,0,29671.0,97871.0,12.0,172.36
padded,11.541678428649902,1,29671.0,97871.0,96.0,169.81
padded,11.541678428649902,2,29671.0,97871.0,13.0,174.1
padded,11.541678428649902,3,29671.0,97871.0,93.0,173.42
padded,11.741678476333618,0,29671.0,97871.0,9.0,169.99
padded,11.741678476333618,1,29671.0,97871.0,93.0,167.45
padded,11.741678476333618,2,29671.0,97871.0,9.0,171.34
padded,11.74267840385437,3,29671.0,97871.0,94.0,171.37
padded,11.942678451538086,0,29671.0,97871.0,9.0,164.55
padded,11.942678451538086,1,29671.0,97871.0,97.0,164.32
padded,11.942678451538086,2,29671.0,97871.0,9.0,167.45
padded,11.942678451538086,3,29671.0,97871.0,94.0,168.35
padded,12.142678260803223,0,29671.0,97871.0,9.0,160.61
padded,12.142678260803223,1,29671.0,97871.0,93.0,160.35
padded,12.142678260803223,2,29671.0,97871.0,9.0,163.91
padded,12.142678260803223,3,29671.0,97871.0,95.0,165.47
padded,12.342678308486938,0,29671.0,97871.0,5.0,154.66
padded,12.342678308486938,1,29671.0,97871.0,96.0,156.53
padded,12.342678308486938,2,29671.0,97871.0,6.0,154.07
padded,12.342678308486938,3,29671.0,97871.0,93.0,157.48
padded,12.542678356170654,0,29671.0,97871.0,0.0,147.05
padded,12.543678283691406,1,29671.0,97871.0,0.0,149.34
padded,12.543678283691406,2,29671.0,97871.0,0.0,147.08
padded,12.543678283691406,3,29671.0,97871.0,0.0,148.54
padded,12.743678331375122,0,29671.0,97871.0,23.0,141.77
padded,12.743678331375122,1,29671.0,97871.0,0.0,144.66
padded,12.743678331375122,2,29671.0,97871.0,20.0,143.87
padded,12.743678331375122,3,29671.0,97871.0,0.0,143.46
padded,12.943678379058838,0,29671.0,97871.0,24.0,146.35
padded,12.943678379058838,1,29671.0,97871.0,86.0,147.86
padded,12.943678379058838,2,29671.0,97871.0,90.0,147.13
padded,12.943678379058838,3,29671.0,97871.0,74.0,147.71
padded,13.143678426742554,0,29671.0,97871.0,73.0,150.32
padded,13.144678354263306,1,29671.0,97871.0,78.0,152.35
padded,13.144678354263306,2,29671.0,97871.0,20.0,150.74
padded,13.144678354263306,3,29671.0,97871.0,66.0,152.22
padded,13.344678401947021,0,29671.0,97871.0,29.0,154.27
padded,13.344678401947021,1,29671.0,97871.0,56.0,154.94
padded,13.344678401947021,2,29671.0,97871.0,15.0,153.29
padded,13.344678401947021,3,29671.0,97871.0,81.0,156.75
padded,13.544678449630737,0,29671.0,97871.0,89.0,162.82
padded,13.544678449630737,1,29671.0,97871.0,100.0,165.69
padded,13.544678449630737,2,29671.0,97871.0,98.0,162.73
padded,13.544678449630737,3,29671.0,97871.0,11.0,163.88
padded,13.744678497314453,0,29671.0,97871.0,15.0,172.14
padded,13.744678497314453,1,29671.0,97871.0,91.0,176.83
padded,13.745678424835205,2,29671.0,97871.0,18.0,168.07
padded,13.745678424835205,3,29671.0,97871.0,89.0,175.74
padded,13.945678472518921,0,29671.0,97871.0,0.0,161.71
padded,13.945678472518921,1,29671.0,97871.0,0.0,166.88
padded,13.945678472518921,2,29671.0,97871.0,0.0,158.46
padded,13.945678472518921,3,29671.0,97871.0,0.0,165.3
padded,14.145678281784058,0,29671.0,97871.0,43.0,152.21
padded,14.145678281784058,1,29671.0,97871.0,0.0,156.82
padded,14.145678281784058,2,29671.0,97871.0,26.0,149.41
padded,14.145678281784058,3,29671.0,97871.0,0.0,156.27
padded,14.345678329467773,0,29671.0,97871.0,94.0,151.26
padded,14.345678329467773,1,29671.0,97871.0,15.0,158.38
padded,14.345678329467773,2,29671.0,97871.0,94.0,152.14
padded,14.345678329467773,3,29671.0,97871.0,100.0,155.66
padded,14.546678304672241,0,29671.0,97871.0,99.0,150.41
padded,14.546678304672241,1,29671.0,97871.0,26.0,155.59
padded,14.546678304672241,2,29671.0,97871.0,88.0,151.98
padded,14.546678304672241,3,29671.0,97871.0,82.0,155.87
padded,14.746678352355957,0,29671.0,97871.0,90.0,150.86
padded,14.746678352355957,1,29671.0,97871.0,71.0,152.73
padded,14.746678352355957,2,29671.0,97871.0,87.0,153.56
padded,14.746678352355957,3,29671.0,97871.0,13.0,152.94
padded,14.946678400039673,0,29671.0,97871.0,94.0,163.49
padded,14.946678400039673,1,29671.0,97871.0,69.0,166.79
padded,14.946678400039673,2,29671.0,97871.0,59.0,167.01
padded,14.946678400039673,3,29671.0,97871.0,33.0,166.33
padded,15.14767837524414,0,29671.0,97871.0,0.0,168.0
padded,15.14767837524414,1,29671.0,97871.0,25.0,170.13
padded,15.14767837524414,2,29671.0,97871.0,0.0,168.72
padded,15.14767837524414,3,29671.0,97871.0,49.0,169.08
padded,15.347678422927856,0,29671.0,97871.0,0.0,158.24
padded,15.347678422927856,1,29671.0,97871.0,0.0,159.93
padded,15.347678422927856,2,29671.0,97871.0,0.0,156.96
padded,15.347678422927856,3,29671.0,97871.0,0.0,157.62
padded,15.547678470611572,0,29425.0,97871.0,0.0,148.95
padded,15.547678470611572,1,29383.0,97871.0,0.0,151.69
padded,15.547678470611572,2,29425.0,97871.0,0.0,147.61
padded,15.547678470611572,3,29383.0,97871.0,0.0,149.58
padded,15.747678279876709,0,29103.0,97871.0,1.0,139.12
padded,15.74867844581604,1,29103.0,97871.0,1.0,140.76
padded,15.74867844581604,2,29103.0,97871.0,1.0,138.23
padded,15.74867844581604,3,29103.0,97871.0,1.0,139.24
padded,15.948678493499756,0,29103.0,97871.0,0.0,125.98
padded,15.948678493499756,1,29103.0,97871.0,0.0,125.45
padded,15.948678493499756,2,29103.0,97871.0,0.0,123.46
padded,15.948678493499756,3,29103.0,97871.0,0.0,125.89
padded,16.148678302764893,0,29103.0,97871.0,0.0,119.67
padded,16.148678302764893,1,29103.0,97871.0,0.0,121.56
padded,16.148678302764893,2,29103.0,97871.0,0.0,119.88
padded,16.148678302764893,3,29103.0,97871.0,0.0,120.48
padded,16.34867835044861,0,29103.0,97871.0,0.0,119.63
padded,16.34967827796936,1,29103.0,97871.0,0.0,121.53
padded,16.34967827796936,2,29103.0,97871.0,0.0,119.79
padded,16.34967827796936,3,29103.0,97871.0,0.0,120.43
padded,16.549678325653076,0,29103.0,97871.0,0.0,119.61
padded,16.549678325653076,1,29103.0,97871.0,0.0,121.49
padded,16.549678325653076,2,29103.0,97871.0,0.0,119.7
padded,16.549678325653076,3,29103.0,97871.0,0.0,120.37
padded,16.749678373336792,0,29103.0,97871.0,0.0,119.53
padded,16.749678373336792,1,29103.0,97871.0,0.0,121.42
padded,16.749678373336792,2,29103.0,97871.0,0.0,119.67
padded,16.749678373336792,3,29103.0,97871.0,0.0,120.33
padded,16.949678421020508,0,29103.0,97871.0,0.0,119.53
padded,16.95067834854126,1,29103.0,97871.0,0.0,121.4
padded,16.95067834854126,2,29103.0,97871.0,0.0,119.63
padded,16.95067834854126,3,29103.0,97871.0,0.0,120.37
padded,17.150678396224976,0,29103.0,97871.0,0.0,119.57
padded,17.150678396224976,1,29103.0,97871.0,0.0,121.42
padded,17.150678396224976,2,29103.0,97871.0,0.0,119.63
padded,17.150678396224976,3,29103.0,97871.0,0.0,120.42
padded,17.35067844390869,0,29103.0,97871.0,0.0,119.54
padded,17.35067844390869,1,29103.0,97871.0,0.0,121.42
padded,17.35067844390869,2,29103.0,97871.0,0.0,119.62
padded,17.35067844390869,3,29103.0,97871.0,0.0,120.39
padded,17.550678491592407,0,29103.0,97871.0,0.0,119.54
padded,17.550678491592407,1,29103.0,97871.0,0.0,121.43
padded,17.55167841911316,2,29103.0,97871.0,0.0,119.63
padded,17.55167841911316,3,29103.0,97871.0,0.0,120.41
padded,17.751678466796875,0,29103.0,97871.0,0.0,119.55
padded,17.75467848777771,1,29103.0,97871.0,0.0,121.44
padded,17.7606782913208,2,29103.0,97871.0,0.0,119.59
padded,17.761678457260132,3,29103.0,97871.0,0.0,120.4
padded,17.96167826652527,0,4.0,97871.0,44.0,123.1
padded,18.287678480148315,1,4.0,97871.0,0.0,122.47
padded,18.287678480148315,2,4.0,97871.0,55.0,123.3
padded,18.287678480148315,3,4.0,97871.0,73.0,123.91
padded,18.487678289413452,0,4.0,97871.0,0.0,123.63
padded,18.487678289413452,1,4.0,97871.0,73.0,125.24
padded,18.487678289413452,2,4.0,97871.0,2.0,123.8
padded,18.487678289413452,3,4.0,97871.0,0.0,124.49
padded,18.687678337097168,0,4.0,97871.0,0.0,124.17
padded,18.687678337097168,1,4.0,97871.0,0.0,125.81
padded,18.687678337097168,2,4.0,97871.0,0.0,124.24
padded,18.687678337097168,3,4.0,97871.0,0.0,125.01
padded,18.887678384780884,0,4.0,97871.0,0.0,124.35
padded,18.888678312301636,1,4.0,97871.0,0.0,126.28
padded,18.888678312301636,2,4.0,97871.0,0.0,124.42
padded,18.888678312301636,3,4.0,97871.0,0.0,125.21
padded,19.08867835998535,0,4.0,97871.0,0.0,123.49
padded,19.08867835998535,1,4.0,97871.0,0.0,126.24
padded,19.08867835998535,2,4.0,97871.0,0.0,122.2
padded,19.08867835998535,3,4.0,97871.0,0.0,125.25
padded,19.288678407669067,0,4.0,97871.0,0.0,121.97
padded,19.288678407669067,1,4.0,97871.0,0.0,126.23
padded,19.288678407669067,2,4.0,97871.0,0.0,115.9
padded,19.288678407669067,3,4.0,97871.0,0.0,122.89
padded,19.488678455352783,0,4.0,97871.0,0.0,121.92
padded,19.489678382873535,1,4.0,97871.0,0.0,123.93
padded,19.489678382873535,2,4.0,97871.0,0.0,107.36
padded,19.489678382873535,3,4.0,97871.0,0.0,122.9
padded,19.68967843055725,0,4.0,97871.0,0.0,121.97
padded,19.68967843055725,1,4.0,97871.0,0.0,121.56
padded,19.68967843055725,2,4.0,97871.0,0.0,98.59
padded,19.68967843055725,3,4.0,97871.0,0.0,122.84
padded,19.889678478240967,0,4.0,97871.0,0.0,121.96
padded,19.889678478240967,1,4.0,97871.0,0.0,113.11
padded,19.889678478240967,2,4.0,97871.0,0.0,89.65
padded,19.889678478240967,3,4.0,97871.0,0.0,119.54
padded,20.089678287506104,0,4.0,97871.0,0.0,114.53
padded,20.090678453445435,1,4.0,97871.0,0.0,104.02
padded,20.090678453445435,2,4.0,97871.0,0.0,81.43
padded,20.090678453445435,3,4.0,97871.0,0.0,110.71
padded,20.29067826271057,0,4.0,97871.0,0.0,105.18
padded,20.29067826271057,1,4.0,97871.0,0.0,94.99
padded,20.29067826271057,2,4.0,97871.0,0.0,77.79
padded,20.29067826271057,3,4.0,97871.0,0.0,101.69
padded,20.490678310394287,0,4.0,97871.0,0.0,96.4
padded,20.490678310394287,1,4.0,97871.0,0.0,85.84
padded,20.490678310394287,2,4.0,97871.0,0.0,77.12
padded,20.490678310394287,3,4.0,97871.0,0.0,93.12
padded,20.690678358078003,0,4.0,97871.0,0.0,87.21
padded,20.691678285598755,1,4.0,97871.0,0.0,79.01
padded,20.691678285598755,2,4.0,97871.0,0.0,76.68
padded,20.691678285598755,3,4.0,97871.0,0.0,83.37
padded,20.89167833328247,0,4.0,97871.0,0.0,77.15
padded,20.89167833328247,1,4.0,97871.0,0.0,78.35
padded,20.89167833328247,2,4.0,97871.0,0.0,76.35
padded,20.89167833328247,3,4.0,97871.0,0.0,77.44
padded,21.091678380966187,0,0.0,97871.0,0.0,75.28
padded,21.091678380966187,1,0.0,97871.0,0.0,77.81
padded,21.091678380966187,2,3.0,97871.0,0.0,76.05
padded,21.091678380966187,3,4.0,97871.0,0.0,76.9
padded,21.292678356170654,0,0.0,97871.0,0.0,75.0
padded,21.292678356170654,1,0.0,97871.0,0.0,77.35
padded,21.292678356170654,2,0.0,97871.0,0.0,75.79
padded,21.292678356170654,3,0.0,97871.0,0.0,76.48
padded,21.49267840385437,0,0.0,97871.0,0.0,74.73
padded,21.49267840385437,1,0.0,97871.0,0.0,76.99
padded,21.49267840385437,2,0.0,97871.0,0.0,75.52
padded,21.49267840385437,3,0.0,97871.0,0.0,76.2
padded,21.692678451538086,0,0.0,97871.0,0.0,74.51
padded,21.692678451538086,1,0.0,97871.0,0.0,76.61
padded,21.692678451538086,2,0.0,97871.0,0.0,75.27
padded,21.692678451538086,3,0.0,97871.0,0.0,75.93
padded,21.893678426742554,0,0.0,97871.0,0.0,74.32
padded,21.893678426742554,1,0.0,97871.0,0.0,76.35
padded,21.893678426742554,2,0.0,97871.0,0.0,75.03
padded,21.893678426742554,3,0.0,97871.0,0.0,75.59
padded,22.09367847442627,0,0.0,97871.0,0.0,74.15
padded,22.09367847442627,1,0.0,97871.0,0.0,76.09
padded,22.09367847442627,2,0.0,97871.0,0.0,74.83
padded,22.09367847442627,3,0.0,97871.0,0.0,75.38
padded,22.293678283691406,0,0.0,97871.0,0.0,74.09
padded,22.293678283691406,1,0.0,97871.0,0.0,75.86
padded,22.293678283691406,2,0.0,97871.0,0.0,74.65
padded,22.293678283691406,3,0.0,97871.0,0.0,75.22
multi_kernel,-121.74747896194458,0,0.0,97871.0,0.0,74.02
multi_kernel,-121.743479013443,1,0.0,97871.0,0.0,75.54
multi_kernel,-121.7394790649414,2,0.0,97871.0,0.0,74.51
multi_kernel,-121.73647904396057,3,0.0,97871.0,0.0,74.97
multi_kernel,-121.53247904777527,0,0.0,97871.0,0.0,74.04
multi_kernel,-121.53247904777527,1,0.0,97871.0,0.0,75.47
multi_kernel,-121.53247904777527,2,0.0,97871.0,0.0,74.47
multi_kernel,-121.53247904777527,3,0.0,97871.0,0.0,74.89
multi_kernel,-121.33247900009155,0,0.0,97871.0,0.0,74.04
multi_kernel,-121.33247900009155,1,0.0,97871.0,0.0,75.43
multi_kernel,-121.3314790725708,2,0.0,97871.0,0.0,74.49
multi_kernel,-121.3314790725708,3,0.0,97871.0,0.0,74.89
multi_kernel,-121.13147902488708,0,0.0,97871.0,0.0,74.03
multi_kernel,-121.13147902488708,1,0.0,97871.0,0.0,75.43
multi_kernel,-121.13147902488708,2,0.0,97871.0,0.0,74.47
multi_kernel,-121.13147902488708,3,0.0,97871.0,0.0,74.93
multi_kernel,-120.93147897720337,0,0.0,97871.0,0.0,74.02
multi_kernel,-120.93147897720337,1,0.0,97871.0,0.0,75.44
multi_kernel,-120.93147897720337,2,0.0,97871.0,0.0,74.45
multi_kernel,-120.93147897720337,3,0.0,97871.0,0.0,74.89
multi_kernel,-120.73147892951965,0,0.0,97871.0,0.0,73.99
multi_kernel,-120.73147892951965,1,0.0,97871.0,0.0,75.46
multi_kernel,-120.73147892951965,2,0.0,97871.0,0.0,74.43
multi_kernel,-120.7304790019989,3,0.0,97871.0,0.0,74.82
multi_kernel,-120.53047895431519,0,0.0,97871.0,0.0,73.95
multi_kernel,-120.53047895431519,1,0.0,97871.0,0.0,75.47
multi_kernel,-120.53047895431519,2,0.0,97871.0,0.0,74.44
multi_kernel,-120.53047895431519,3,0.0,97871.0,0.0,74.87
multi_kernel,-120.33047890663147,0,0.0,97871.0,0.0,73.97
multi_kernel,-120.33047890663147,1,0.0,97871.0,0.0,75.49
multi_kernel,-120.33047890663147,2,0.0,97871.0,0.0,74.42
multi_kernel,-120.33047890663147,3,0.0,97871.0,0.0,74.91
multi_kernel,-120.13047909736633,0,0.0,97871.0,0.0,73.99
multi_kernel,-120.13047909736633,1,0.0,97871.0,0.0,75.5
multi_kernel,-120.13047909736633,2,0.0,97871.0,0.0,74.45
multi_kernel,-120.13047909736633,3,0.0,97871.0,0.0,74.89
multi_kernel,-119.92947888374329,0,0.0,97871.0,0.0,74.0
multi_kernel,-119.92947888374329,1,0.0,97871.0,0.0,75.49
multi_kernel,-119.92947888374329,2,0.0,97871.0,0.0,74.46
multi_kernel,-119.92947888374329,3,0.0,97871.0,0.0,74.83
multi_kernel,-119.72947907447815,0,0.0,97871.0,0.0,74.02
multi_kernel,-119.72947907447815,1,0.0,97871.0,0.0,75.46
multi_kernel,-119.72947907447815,2,0.0,97871.0,0.0,74.48
multi_kernel,-119.72947907447815,3,0.0,97871.0,0.0,74.9
multi_kernel,-119.52947902679443,0,0.0,97871.0,0.0,74.02
multi_kernel,-119.52947902679443,1,0.0,97871.0,0.0,75.46
multi_kernel,-119.52947902679443,2,0.0,97871.0,0.0,74.48
multi_kernel,-119.52947902679443,3,0.0,97871.0,0.0,74.9
multi_kernel,-119.32947897911072,0,0.0,97871.0,0.0,73.99
multi_kernel,-119.32847905158997,1,0.0,97871.0,0.0,75.46
multi_kernel,-119.32847905158997,2,0.0,97871.0,0.0,74.5
multi_kernel,-119.32847905158997,3,0.0,97871.0,0.0,74.87
multi_kernel,-119.12847900390625,0,0.0,97871.0,0.0,73.99
multi_kernel,-119.12847900390625,1,0.0,97871.0,0.0,75.48
multi_kernel,-119.12847900390625,2,0.0,97871.0,0.0,74.5
multi_kernel,-119.12847900390625,3,0.0,97871.0,0.0,74.85
multi_kernel,-118.92847895622253,0,0.0,97871.0,0.0,74.0
multi_kernel,-118.92847895622253,1,0.0,97871.0,0.0,75.47
multi_kernel,-118.92847895622253,2,0.0,97871.0,0.0,74.48
multi_kernel,-118.92847895622253,3,0.0,97871.0,0.0,74.91
multi_kernel,-118.72847890853882,0,0.0,97871.0,0.0,73.99
multi_kernel,-118.72747898101807,1,0.0,97871.0,0.0,75.49
multi_kernel,-118.72747898101807,2,0.0,97871.0,0.0,74.47
multi_kernel,-118.72747898101807,3,0.0,97871.0,0.0,74.9
multi_kernel,-118.52747893333435,0,0.0,97871.0,0.0,74.0
multi_kernel,-118.52747893333435,1,0.0,97871.0,0.0,75.47
multi_kernel,-118.52747893333435,2,0.0,97871.0,0.0,74.46
multi_kernel,-118.52747893333435,3,0.0,97871.0,0.0,74.82
multi_kernel,-118.32747888565063,0,0.0,97871.0,0.0,74.03
multi_kernel,-118.32747888565063,1,0.0,97871.0,0.0,75.46
multi_kernel,-118.32747888565063,2,0.0,97871.0,0.0,74.44
multi_kernel,-118.32747888565063,3,0.0,97871.0,0.0,74.76
multi_kernel,-118.1274790763855,0,0.0,97871.0,0.0,74.0
multi_kernel,-118.1274790763855,1,0.0,97871.0,0.0,75.45
multi_kernel,-118.1274790763855,2,0.0,97871.0,0.0,74.46
multi_kernel,-118.1274790763855,3,0.0,97871.0,0.0,74.8
multi_kernel,-117.92747902870178,0,0.0,97871.0,0.0,73.97
multi_kernel,-117.92647910118103,1,0.0,97871.0,0.0,75.44
multi_kernel,-117.92647910118103,2,0.0,97871.0,0.0,74.46
multi_kernel,-117.92647910118103,3,0.0,97871.0,0.0,74.8
multi_kernel,-117.72647905349731,0,0.0,97871.0,0.0,74.02
multi_kernel,-117.72647905349731,1,0.0,97871.0,0.0,75.43
multi_kernel,-117.72647905349731,2,0.0,97871.0,0.0,74.48
multi_kernel,-117.72647905349731,3,0.0,97871.0,0.0,74.75
multi_kernel,-117.5264790058136,0,0.0,97871.0,0.0,74.03
multi_kernel,-117.5264790058136,1,0.0,97871.0,0.0,75.4
multi_kernel,-117.5264790058136,2,0.0,97871.0,0.0,74.48
multi_kernel,-117.5264790058136,3,0.0,97871.0,0.0,74.78
multi_kernel,-117.32647895812988,0,0.0,97871.0,0.0,73.99
multi_kernel,-117.32647895812988,1,0.0,97871.0,0.0,75.39
multi_kernel,-117.32547903060913,2,0.0,97871.0,0.0,74.51
multi_kernel,-117.32547903060913,3,0.0,97871.0,0.0,74.86
multi_kernel,-117.12547898292542,0,0.0,97871.0,0.0,73.99
multi_kernel,-117.12547898292542,1,0.0,97871.0,0.0,75.41
multi_kernel,-117.12547898292542,2,0.0,97871.0,0.0,74.51
multi_kernel,-117.12547898292542,3,0.0,97871.0,0.0,74.82
multi_kernel,-116.9254789352417,0,0.0,97871.0,0.0,73.99
multi_kernel,-116.9254789352417,1,0.0,97871.0,0.0,75.4
multi_kernel,-116.9254789352417,2,0.0,97871.0,0.0,74.48
multi_kernel,-116.9254789352417,3,0.0,97871.0,0.0,74.78
multi_kernel,-116.72547888755798,0,0.0,97871.0,0.0,73.92
multi_kernel,-116.72547888755798,1,0.0,97871.0,0.0,75.4
multi_kernel,-116.72547888755798,2,0.0,97871.0,0.0,74.45
multi_kernel,-116.72547888755798,3,0.0,97871.0,0.0,74.79
multi_kernel,-116.52447891235352,0,0.0,97871.0,0.0,73.91
multi_kernel,-116.52447891235352,1,0.0,97871.0,0.0,75.4
multi_kernel,-116.52447891235352,2,0.0,97871.0,0.0,74.43
multi_kernel,-116.52447891235352,3,0.0,97871.0,0.0,74.8
multi_kernel,-116.32447910308838,0,0.0,97871.0,0.0,73.91
multi_kernel,-116.32447910308838,1,0.0,97871.0,0.0,75.42
multi_kernel,-116.32447910308838,2,0.0,97871.0,0.0,74.41
multi_kernel,-116.32447910308838,3,0.0,97871.0,0.0,74.8
multi_kernel,-116.12447905540466,0,0.0,97871.0,0.0,73.91
multi_kernel,-116.12447905540466,1,0.0,97871.0,0.0,75.4
multi_kernel,-116.12447905540466,2,0.0,97871.0,0.0,74.41
multi_kernel,-116.12447905540466,3,0.0,97871.0,0.0,74.75
multi_kernel,-115.92447900772095,0,0.0,97871.0,0.0,73.92
multi_kernel,-115.9234790802002,1,0.0,97871.0,0.0,75.38
multi_kernel,-115.9234790802002,2,0.0,97871.0,0.0,74.41
multi_kernel,-115.9234790802002,3,0.0,97871.0,0.0,74.78
multi_kernel,-115.72347903251648,0,0.0,97871.0,0.0,73.94
multi_kernel,-115.72347903251648,1,0.0,97871.0,0.0,75.38
multi_kernel,-115.72347903251648,2,0.0,97871.0,0.0,74.4
multi_kernel,-115.72347903251648,3,0.0,97871.0,0.0,74.81
multi_kernel,-115.52347898483276,0,0.0,97871.0,0.0,73.95
multi_kernel,-115.52347898483276,1,0.0,97871.0,0.0,75.35
multi_kernel,-115.52347898483276,2,0.0,97871.0,0.0,74.38
multi_kernel,-115.52347898483276,3,0.0,97871.0,0.0,74.82
multi_kernel,-115.32347893714905,0,0.0,97871.0,0.0,73.92
multi_kernel,-115.3224790096283,1,0.0,97871.0,0.0,75.36
multi_kernel,-115.3224790096283,2,0.0,97871.0,0.0,74.36
multi_kernel,-115.3224790096283,3,0.0,97871.0,0.0,74.73
multi_kernel,-115.12247896194458,0,0.0,97871.0,0.0,73.92
multi_kernel,-115.12247896194458,1,0.0,97871.0,0.0,75.35
multi_kernel,-115.12247896194458,2,0.0,97871.0,0.0,74.35
multi_kernel,-115.12247896194458,3,0.0,97871.0,0.0,74.76
multi_kernel,-114.92247891426086,0,0.0,97871.0,0.0,73.92
multi_kernel,-114.92247891426086,1,0.0,97871.0,0.0,75.38
multi_kernel,-114.92247891426086,2,0.0,97871.0,0.0,74.36
multi_kernel,-114.92247891426086,3,0.0,97871.0,0.0,74.76
multi_kernel,-114.72247910499573,0,0.0,97871.0,0.0,73.86
multi_kernel,-114.7214789390564,1,0.0,97871.0,0.0,75.38
multi_kernel,-114.7214789390564,2,0.0,97871.0,0.0,74.37
multi_kernel,-114.7214789390564,3,0.0,97871.0,0.0,74.69
multi_kernel,-114.52147889137268,0,0.0,97871.0,0.0,73.85
multi_kernel,-114.52147889137268,1,0.0,97871.0,0.0,75.41
multi_kernel,-114.52147889137268,2,0.0,97871.0,0.0,74.38
multi_kernel,-114.52147889137268,3,0.0,97871.0,0.0,74.66
multi_kernel,-114.32147908210754,0,0.0,97871.0,0.0,73.9
multi_kernel,-114.32147908210754,1,0.0,97871.0,0.0,75.4
multi_kernel,-114.32147908210754,2,0.0,97871.0,0.0,74.36
multi_kernel,-114.32147908210754,3,0.0,97871.0,0.0,74.74
multi_kernel,-114.12147903442383,0,0.0,97871.0,0.0,73.89
multi_kernel,-114.12147903442383,1,0.0,97871.0,0.0,75.41
multi_kernel,-114.12147903442383,2,0.0,97871.0,0.0,74.37
multi_kernel,-114.12147903442383,3,0.0,97871.0,0.0,74.73
multi_kernel,-113.92047905921936,0,0.0,97871.0,0.0,73.9
multi_kernel,-113.92047905921936,1,0.0,97871.0,0.0,75.4
multi_kernel,-113.92047905921936,2,0.0,97871.0,0.0,74.36
multi_kernel,-113.92047905921936,3,0.0,97871.0,0.0,74.74
multi_kernel,-113.72047901153564,0,0.0,97871.0,0.0,73.93
multi_kernel,-113.72047901153564,1,0.0,97871.0,0.0,75.37
multi_kernel,-113.72047901153564,2,0.0,97871.0,0.0,74.36
multi_kernel,-113.72047901153564,3,0.0,97871.0,0.0,74.71
multi_kernel,-113.52047896385193,0,0.0,97871.0,0.0,73.92
multi_kernel,-113.52047896385193,1,0.0,97871.0,0.0,75.34
multi_kernel,-113.52047896385193,2,0.0,97871.0,0.0,74.35
multi_kernel,-113.52047896385193,3,0.0,97871.0,0.0,74.76
multi_kernel,-113.32047891616821,0,0.0,97871.0,0.0,73.91
multi_kernel,-113.32047891616821,1,0.0,97871.0,0.0,75.34
multi_kernel,-113.31947898864746,2,0.0,97871.0,0.0,74.36
multi_kernel,-113.31947898864746,3,0.0,97871.0,0.0,74.75
multi_kernel,-113.11947894096375,0,0.0,97871.0,0.0,73.95
multi_kernel,-113.11947894096375,1,0.0,97871.0,0.0,75.34
multi_kernel,-113.11947894096375,2,0.0,97871.0,0.0,74.35
multi_kernel,-113.11947894096375,3,0.0,97871.0,0.0,74.71
multi_kernel,-112.91947889328003,0,0.0,97871.0,0.0,73.93
multi_kernel,-112.91947889328003,1,0.0,97871.0,0.0,75.36
multi_kernel,-112.91947889328003,2,0.0,97871.0,0.0,74.36
multi_kernel,-112.91947889328003,3,0.0,97871.0,0.0,74.69
multi_kernel,-112.71947908401489,0,0.0,97871.0,0.0,73.93
multi_kernel,-112.71947908401489,1,0.0,97871.0,0.0,75.37
multi_kernel,-112.71947908401489,2,0.0,97871.0,0.0,74.38
multi_kernel,-112.71847891807556,3,0.0,97871.0,0.0,74.74
multi_kernel,-112.51847910881042,0,0.0,97871.0,0.0,73.91
multi_kernel,-112.51847910881042,1,0.0,97871.0,0.0,75.4
multi_kernel,-112.51847910881042,2,0.0,97871.0,0.0,74.37
multi_kernel,-112.51847910881042,3,0.0,97871.0,0.0,74.71
multi_kernel,-112.31847906112671,0,0.0,97871.0,0.0,73.94
multi_kernel,-112.31847906112671,1,0.0,97871.0,0.0,75.41
multi_kernel,-112.31847906112671,2,0.0,97871.0,0.0,74.39
multi_kernel,-112.31847906112671,3,0.0,97871.0,0.0,74.67
multi_kernel,-112.118479013443,0,0.0,97871.0,0.0,73.91
multi_kernel,-112.118479013443,1,0.0,97871.0,0.0,75.4
multi_kernel,-112.118479013443,2,0.0,97871.0,0.0,74.4
multi_kernel,-112.118479013443,3,0.0,97871.0,0.0,74.68
multi_kernel,-111.91747903823853,0,0.0,97871.0,0.0,73.93
multi_kernel,-111.91747903823853,1,0.0,97871.0,0.0,75.4
multi_kernel,-111.91747903823853,2,0.0,97871.0,0.0,74.41
multi_kernel,-111.91747903823853,3,0.0,97871.0,0.0,74.68
multi_kernel,-111.71747899055481,0,0.0,97871.0,0.0,73.94
multi_kernel,-111.71747899055481,1,0.0,97871.0,0.0,75.4
multi_kernel,-111.71747899055481,2,0.0,97871.0,0.0,74.41
multi_kernel,-111.71747899055481,3,0.0,97871.0,0.0,74.69
multi_kernel,-111.5174789428711,0,0.0,97871.0,0.0,73.95
multi_kernel,-111.5174789428711,1,0.0,97871.0,0.0,75.38
multi_kernel,-111.5174789428711,2,0.0,97871.0,0.0,74.43
multi_kernel,-111.5174789428711,3,0.0,97871.0,0.0,74.63
multi_kernel,-111.31647896766663,0,0.0,97871.0,0.0,73.89
multi_kernel,-111.31647896766663,1,0.0,97871.0,0.0,75.33
multi_kernel,-111.31647896766663,2,0.0,97871.0,0.0,74.42
multi_kernel,-111.31647896766663,3,0.0,97871.0,0.0,74.65
multi_kernel,-111.11647891998291,0,0.0,97871.0,0.0,73.89
multi_kernel,-111.11647891998291,1,0.0,97871.0,0.0,75.33
multi_kernel,-111.11647891998291,2,0.0,97871.0,0.0,74.4
multi_kernel,-111.11647891998291,3,0.0,97871.0,0.0,74.68
multi_kernel,-110.91647911071777,0,0.0,97871.0,0.0,73.88
multi_kernel,-110.91647911071777,1,0.0,97871.0,0.0,75.31
multi_kernel,-110.91647911071777,2,0.0,97871.0,0.0,74.35
multi_kernel,-110.91647911071777,3,0.0,97871.0,0.0,74.69
multi_kernel,-110.71547889709473,0,0.0,97871.0,0.0,73.87
multi_kernel,-110.71547889709473,1,0.0,97871.0,0.0,75.28
multi_kernel,-110.71547889709473,2,0.0,97871.0,0.0,74.31
multi_kernel,-110.71547889709473,3,0.0,97871.0,0.0,74.62
multi_kernel,-110.51547908782959,0,0.0,97871.0,0.0,73.9
multi_kernel,-110.51547908782959,1,0.0,97871.0,0.0,75.3
multi_kernel,-110.51547908782959,2,0.0,97871.0,0.0,74.3
multi_kernel,-110.51547908782959,3,0.0,97871.0,0.0,74.68
multi_kernel,-110.31547904014587,0,0.0,97871.0,0.0,73.91
multi_kernel,-110.31547904014587,1,0.0,97871.0,0.0,75.31
multi_kernel,-110.31547904014587,2,0.0,97871.0,0.0,74.3
multi_kernel,-110.31547904014587,3,0.0,97871.0,0.0,74.7
multi_kernel,-110.11547899246216,0,0.0,97871.0,0.0,73.88
multi_kernel,-110.1144790649414,1,0.0,97871.0,0.0,75.31
multi_kernel,-110.1144790649414,2,0.0,97871.0,0.0,74.29
multi_kernel,-110.1144790649414,3,0.0,97871.0,0.0,74.68
multi_kernel,-109.91447901725769,0,0.0,97871.0,0.0,73.88
multi_kernel,-109.91447901725769,1,0.0,97871.0,0.0,75.32
multi_kernel,-109.91447901725769,2,0.0,97871.0,0.0,74.34
multi_kernel,-109.91447901725769,3,0.0,97871.0,0.0,74.63
multi_kernel,-109.71447896957397,0,0.0,97871.0,0.0,73.9
multi_kernel,-109.71447896957397,1,0.0,97871.0,0.0,75.33
multi_kernel,-109.71447896957397,2,0.0,97871.0,0.0,74.36
multi_kernel,-109.71447896957397,3,0.0,97871.0,0.0,74.64
multi_kernel,-109.51447892189026,0,0.0,97871.0,0.0,73.86
multi_kernel,-109.51447892189026,1,0.0,97871.0,0.0,75.33
multi_kernel,-109.51447892189026,2,0.0,97871.0,0.0,74.35
multi_kernel,-109.5134789943695,3,0.0,97871.0,0.0,74.68
multi_kernel,-109.31347894668579,0,0.0,97871.0,0.0,73.84
multi_kernel,-109.31347894668579,1,0.0,97871.0,0.0,75.31
multi_kernel,-109.31347894668579,2,0.0,97871.0,0.0,74.36
multi_kernel,-109.31347894668579,3,0.0,97871.0,0.0,74.67
multi_kernel,-109.11347889900208,0,0.0,97871.0,0.0,73.86
multi_kernel,-109.11347889900208,1,0.0,97871.0,0.0,75.31
multi_kernel,-109.11347889900208,2,0.0,97871.0,0.0,74.35
multi_kernel,-109.11347889900208,3,0.0,97871.0,0.0,74.62
multi_kernel,-108.91347908973694,0,0.0,97871.0,0.0,73.81
multi_kernel,-108.91347908973694,1,0.0,97871.0,0.0,75.29
multi_kernel,-108.91347908973694,2,0.0,97871.0,0.0,74.35
multi_kernel,-108.91347908973694,3,0.0,97871.0,0.0,74.7
multi_kernel,-108.71347904205322,0,0.0,97871.0,0.0,73.79
multi_kernel,-108.71247911453247,1,0.0,97871.0,0.0,75.3
multi_kernel,-108.71247911453247,2,0.0,97871.0,0.0,74.34
multi_kernel,-108.71247911453247,3,0.0,97871.0,0.0,74.75
multi_kernel,-108.51247906684875,0,0.0,97871.0,0.0,73.81
multi_kernel,-108.51247906684875,1,0.0,97871.0,0.0,75.31
multi_kernel,-108.51247906684875,2,0.0,97871.0,0.0,74.33
multi_kernel,-108.51247906684875,3,0.0,97871.0,0.0,74.68
multi_kernel,-108.31247901916504,0,0.0,97871.0,0.0,73.82
multi_kernel,-108.31247901916504,1,0.0,97871.0,0.0,75.3
multi_kernel,-108.31247901916504,2,0.0,97871.0,0.0,74.34
multi_kernel,-108.31247901916504,3,0.0,97871.0,0.0,74.66
multi_kernel,-108.11247897148132,0,0.0,97871.0,0.0,73.78
multi_kernel,-108.11247897148132,1,0.0,97871.0,0.0,75.3
multi_kernel,-108.11147904396057,2,0.0,97871.0,0.0,74.33
multi_kernel,-108.11147904396057,3,0.0,97871.0,0.0,74.74
multi_kernel,-107.91147899627686,0,0.0,97871.0,0.0,73.78
multi_kernel,-107.91147899627686,1,0.0,97871.0,0.0,75.32
multi_kernel,-107.91147899627686,2,0.0,97871.0,0.0,74.33
multi_kernel,-107.91147899627686,3,0.0,97871.0,0.0,74.75
multi_kernel,-107.71147894859314,0,0.0,97871.0,0.0,73.78
multi_kernel,-107.71147894859314,1,0.0,97871.0,0.0,75.31
multi_kernel,-107.71147894859314,2,0.0,97871.0,0.0,74.3
multi_kernel,-107.71147894859314,3,0.0,97871.0,0.0,74.7
multi_kernel,-107.51147890090942,0,0.0,97871.0,0.0,73.76
multi_kernel,-107.51147890090942,1,0.0,97871.0,0.0,75.31
multi_kernel,-107.51147890090942,2,0.0,97871.0,0.0,74.29
multi_kernel,-107.51047897338867,3,0.0,97871.0,0.0,74.71
multi_kernel,-107.31047892570496,0,0.0,97871.0,0.0,73.72
multi_kernel,-107.31047892570496,1,0.0,97871.0,0.0,75.29
multi_kernel,-107.31047892570496,2,0.0,97871.0,0.0,74.27
multi_kernel,-107.31047892570496,3,0.0,97871.0,0.0,74.76
multi_kernel,-107.11047887802124,0,0.0,97871.0,0.0,73.79
multi_kernel,-107.11047887802124,1,0.0,97871.0,0.0,75.28
multi_kernel,-107.11047887802124,2,0.0,97871.0,0.0,74.27
multi_kernel,-107.11047887802124,3,0.0,97871.0,0.0,74.76
multi_kernel,-106.9104790687561,0,0.0,97871.0,0.0,73.84
multi_kernel,-106.9104790687561,1,0.0,97871.0,0.0,75.27
multi_kernel,-106.9104790687561,2,0.0,97871.0,0.0,74.24
multi_kernel,-106.9104790687561,3,0.0,97871.0,0.0,74.71
multi_kernel,-106.70947909355164,0,0.0,97871.0,0.0,73.83
multi_kernel,-106.70947909355164,1,0.0,97871.0,0.0,75.28
multi_kernel,-106.70947909355164,2,0.0,97871.0,0.0,74.28
multi_kernel,-106.70947909355164,3,0.0,97871.0,0.0,74.66
multi_kernel,-106.50947904586792,0,0.0,97871.0,0.0,73.85
multi_kernel,-106.50947904586792,1,0.0,97871.0,0.0,75.29
multi_kernel,-106.50947904586792,2,0.0,97871.0,0.0,74.29
multi_kernel,-106.50947904586792,3,0.0,97871.0,0.0,74.7
multi_kernel,-106.3094789981842,0,0.0,97871.0,0.0,73.87
multi_kernel,-106.3094789981842,1,0.0,97871.0,0.0,75.31
multi_kernel,-106.3094789981842,2,0.0,97871.0,0.0,74.32
multi_kernel,-106.3094789981842,3,0.0,97871.0,0.0,74.71
multi_kernel,-106.10847902297974,0,0.0,97871.0,0.0,73.83
multi_kernel,-106.10847902297974,1,0.0,97871.0,0.0,75.31
multi_kernel,-106.10847902297974,2,0.0,97871.0,0.0,74.32
multi_kernel,-106.10847902297974,3,0.0,97871.0,0.0,74.7
multi_kernel,-105.90847897529602,0,0.0,97871.0,0.0,73.81
multi_kernel,-105.90847897529602,1,0.0,97871.0,0.0,75.31
multi_kernel,-105.90847897529602,2,0.0,97871.0,0.0,74.33
multi_kernel,-105.90847897529602,3,0.0,97871.0,0.0,74.72
multi_kernel,-105.7084789276123,0,0.0,97871.0,0.0,73.83
multi_kernel,-105.7084789276123,1,0.0,97871.0,0.0,75.31
multi_kernel,-105.7084789276123,2,0.0,97871.0,0.0,74.32
multi_kernel,-105.7084789276123,3,0.0,97871.0,0.0,74.75
multi_kernel,-105.50847887992859,0,0.0,97871.0,0.0,73.85
multi_kernel,-105.50747895240784,1,0.0,97871.0,0.0,75.28
multi_kernel,-105.50747895240784,2,0.0,97871.0,0.0,74.31
multi_kernel,-105.50747895240784,3,0.0,97871.0,0.0,74.75
multi_kernel,-105.30747890472412,0,0.0,97871.0,0.0,73.84
multi_kernel,-105.30747890472412,1,0.0,97871.0,0.0,75.25
multi_kernel,-105.30747890472412,2,0.0,97871.0,0.0,74.27
multi_kernel,-105.30747890472412,3,0.0,97871.0,0.0,74.67
multi_kernel,-105.10747909545898,0,0.0,97871.0,0.0,73.86
multi_kernel,-105.10747909545898,1,0.0,97871.0,0.0,75.25
multi_kernel,-105.10747909545898,2,0.0,97871.0,0.0,74.28
multi_kernel,-105.10747909545898,3,0.0,97871.0,0.0,74.63
multi_kernel,-104.90747904777527,0,0.0,97871.0,0.0,73.87
multi_kernel,-104.90647888183594,1,0.0,97871.0,0.0,75.23
multi_kernel,-104.90647888183594,2,0.0,97871.0,0.0,74.29
multi_kernel,-104.90647888183594,3,0.0,97871.0,0.0,74.66
multi_kernel,-104.7064790725708,0,0.0,97871.0,0.0,73.86
multi_kernel,-104.7064790725708,1,0.0,97871.0,0.0,75.22
multi_kernel,-104.7064790725708,2,0.0,97871.0,0.0,74.29
multi_kernel,-104.7064790725708,3,0.0,97871.0,0.0,74.66
multi_kernel,-104.50647902488708,0,0.0,97871.0,0.0,73.88
multi_kernel,-104.50647902488708,1,0.0,97871.0,0.0,75.24
multi_kernel,-104.50647902488708,2,0.0,97871.0,0.0,74.29
multi_kernel,-104.50647902488708,3,0.0,97871.0,0.0,74.62
multi_kernel,-104.30647897720337,0,0.0,97871.0,0.0,73.87
multi_kernel,-104.30547904968262,1,0.0,97871.0,0.0,75.24
multi_kernel,-104.30547904968262,2,0.0,97871.0,0.0,74.34
multi_kernel,-104.30547904968262,3,0.0,97871.0,0.0,74.64
multi_kernel,-104.1054790019989,0,0.0,97871.0,0.0,73.83
multi_kernel,-104.1054790019989,1,0.0,97871.0,0.0,75.21
multi_kernel,-104.1054790019989,2,0.0,97871.0,0.0,74.34
multi_kernel,-104.1054790019989,3,0.0,97871.0,0.0,74.67
multi_kernel,-103.90547895431519,0,0.0,97871.0,0.0,73.82
multi_kernel,-103.90547895431519,1,0.0,97871.0,0.0,75.23
multi_kernel,-103.90547895431519,2,0.0,97871.0,0.0,74.35
multi_kernel,-103.90547895431519,3,0.0,97871.0,0.0,74.65
multi_kernel,-103.70547890663147,0,0.0,97871.0,0.0,73.84
multi_kernel,-103.70547890663147,1,0.0,97871.0,0.0,75.24
multi_kernel,-103.70547890663147,2,0.0,97871.0,0.0,74.33
multi_kernel,-103.70447897911072,3,0.0,97871.0,0.0,74.6
multi_kernel,-103.504478931427,0,0.0,97871.0,0.0,73.81
multi_kernel,-103.504478931427,1,0.0,97871.0,0.0,75.22
multi_kernel,-103.504478931427,2,0.0,97871.0,0.0,74.31
multi_kernel,-103.504478931427,3,0.0,97871.0,0.0,74.63
multi_kernel,-103.30447888374329,0,0.0,97871.0,0.0,73.77
multi_kernel,-103.30447888374329,1,0.0,97871.0,0.0,75.22
multi_kernel,-103.30447888374329,2,0.0,97871.0,0.0,74.26
multi_kernel,-103.30447888374329,3,0.0,97871.0,0.0,74.65
multi_kernel,-103.10447907447815,0,0.0,97871.0,0.0,73.75
multi_kernel,-103.10447907447815,1,0.0,97871.0,0.0,75.21
multi_kernel,-103.10447907447815,2,0.0,97871.0,0.0,74.22
multi_kernel,-103.10447907447815,3,0.0,97871.0,0.0,74.67
multi_kernel,-102.90347909927368,0,0.0,97871.0,0.0,73.76
multi_kernel,-102.90347909927368,1,0.0,97871.0,0.0,75.21
multi_kernel,-102.90347909927368,2,0.0,97871.0,0.0,74.2
multi_kernel,-102.90347909927368,3,0.0,97871.0,0.0,74.62
multi_kernel,-102.70347905158997,0,0.0,97871.0,0.0,73.71
multi_kernel,-102.70347905158997,1,0.0,97871.0,0.0,75.21
multi_kernel,-102.70347905158997,2,0.0,97871.0,0.0,74.18
multi_kernel,-102.70347905158997,3,0.0,97871.0,0.0,74.67
multi_kernel,-102.50347900390625,0,0.0,97871.0,0.0,73.71
multi_kernel,-102.50347900390625,1,0.0,97871.0,0.0,75.23
multi_kernel,-102.50347900390625,2,0.0,97871.0,0.0,74.21
multi_kernel,-102.50347900390625,3,0.0,97871.0,0.0,74.69
multi_kernel,-102.30247902870178,0,0.0,97871.0,0.0,73.77
multi_kernel,-102.30247902870178,1,0.0,97871.0,0.0,75.24
multi_kernel,-102.30247902870178,2,0.0,97871.0,0.0,74.21
multi_kernel,-102.30247902870178,3,0.0,97871.0,0.0,74.68
multi_kernel,-102.10247898101807,0,0.0,97871.0,0.0,73.76
multi_kernel,-102.10247898101807,1,0.0,97871.0,0.0,75.24
multi_kernel,-102.10247898101807,2,0.0,97871.0,0.0,74.22
multi_kernel,-102.10247898101807,3,0.0,97871.0,0.0,74.64
multi_kernel,-101.90247893333435,0,0.0,97871.0,0.0,73.73
multi_kernel,-101.9014790058136,1,0.0,97871.0,0.0,75.24
multi_kernel,-101.9014790058136,2,0.0,97871.0,0.0,74.23
multi_kernel,-101.9014790058136,3,0.0,97871.0,0.0,74.67
multi_kernel,-101.70147895812988,0,0.0,97871.0,0.0,73.75
multi_kernel,-101.70147895812988,1,0.0,97871.0,0.0,75.25
multi_kernel,-101.70147895812988,2,0.0,97871.0,0.0,74.22
multi_kernel,-101.70147895812988,3,0.0,97871.0,0.0,74.66
multi_kernel,-101.50147891044617,0,0.0,97871.0,0.0,73.71
multi_kernel,-101.50147891044617,1,0.0,97871.0,0.0,75.25
multi_kernel,-101.50147891044617,2,0.0,97871.0,0.0,74.21
multi_kernel,-101.50147891044617,3,0.0,97871.0,0.0,74.62
multi_kernel,-101.30147910118103,0,0.0,97871.0,0.0,73.69
multi_kernel,-101.3004789352417,1,0.0,97871.0,0.0,75.24
multi_kernel,-101.3004789352417,2,0.0,97871.0,0.0,74.22
multi_kernel,-101.3004789352417,3,0.0,97871.0,0.0,74.57
multi_kernel,-101.10047888755798,0,0.0,97871.0,0.0,73.74
multi_kernel,-101.10047888755798,1,0.0,97871.0,0.0,75.24
multi_kernel,-101.10047888755798,2,0.0,97871.0,0.0,74.19
multi_kernel,-101.10047888755798,3,0.0,97871.0,0.0,74.63
multi_kernel,-100.90047907829285,0,0.0,97871.0,0.0,73.78
multi_kernel,-100.90047907829285,1,0.0,97871.0,0.0,75.21
multi_kernel,-100.90047907829285,2,0.0,97871.0,0.0,74.21
multi_kernel,-100.90047907829285,3,0.0,97871.0,0.0,74.63
multi_kernel,-100.70047903060913,0,0.0,97871.0,0.0,73.77
multi_kernel,-100.69947910308838,1,0.0,97871.0,0.0,75.18
multi_kernel,-100.69947910308838,2,0.0,97871.0,0.0,74.2
multi_kernel,-100.69947910308838,3,0.0,97871.0,0.0,74.61
multi_kernel,-100.49947905540466,0,0.0,97871.0,0.0,73.8
multi_kernel,-100.49947905540466,1,0.0,97871.0,0.0,75.17
multi_kernel,-100.49947905540466,2,0.0,97871.0,0.0,74.21
multi_kernel,-100.49947905540466,3,0.0,97871.0,0.0,74.59
multi_kernel,-100.29947900772095,0,0.0,97871.0,0.0,73.82
multi_kernel,-100.29947900772095,1,0.0,97871.0,0.0,75.19
multi_kernel,-100.29947900772095,2,0.0,97871.0,0.0,74.2
multi_kernel,-100.29947900772095,3,0.0,97871.0,0.0,74.65
multi_kernel,-100.09947896003723,0,0.0,97871.0,0.0,73.77
multi_kernel,-100.09947896003723,1,0.0,97871.0,0.0,75.2
multi_kernel,-100.09947896003723,2,0.0,97871.0,0.0,74.22
multi_kernel,-100.09847903251648,3,0.0,97871.0,0.0,74.64
multi_kernel,-99.89847898483276,0,0.0,97871.0,0.0,73.76
multi_kernel,-99.89847898483276,1,0.0,97871.0,0.0,75.22
multi_kernel,-99.89847898483276,2,0.0,97871.0,0.0,74.21
multi_kernel,-99.89847898483276,3,0.0,97871.0,0.0,74.63
multi_kernel,-99.69847893714905,0,0.0,97871.0,0.0,73.78
multi_kernel,-99.69847893714905,1,0.0,97871.0,0.0,75.23
multi_kernel,-99.69847893714905,2,0.0,97871.0,0.0,74.2
multi_kernel,-99.69847893714905,3,0.0,97871.0,0.0,74.62
multi_kernel,-99.49847888946533,0,0.0,97871.0,0.0,73.76
multi_kernel,-99.49847888946533,1,0.0,97871.0,0.0,75.25
multi_kernel,-99.49847888946533,2,0.0,97871.0,0.0,74.18
multi_kernel,-99.49847888946533,3,0.0,97871.0,0.0,74.66
multi_kernel,-99.29747891426086,0,0.0,97871.0,0.0,73.73
multi_kernel,-99.29747891426086,1,0.0,97871.0,0.0,75.24
multi_kernel,-99.29747891426086,2,0.0,97871.0,0.0,74.19
multi_kernel,-99.29747891426086,3,0.0,97871.0,0.0,74.65
multi_kernel,-99.09747910499573,0,1.0,97871.0,0.0,73.78
multi_kernel,-99.09747910499573,1,1.0,97871.0,0.0,75.22
multi_kernel,-99.09747910499573,2,1.0,97871.0,0.0,74.18
multi_kernel,-99.09747910499573,3,0.0,97871.0,0.0,74.6
multi_kernel,-98.89747905731201,0,1.0,97871.0,0.0,73.78
multi_kernel,-98.89647889137268,1,1.0,97871.0,0.0,75.2
multi_kernel,-98.89547896385193,2,1.0,97871.0,0.0,74.22
multi_kernel,-98.89447903633118,3,1.0,97871.0,0.0,74.61
multi_kernel,-98.69447898864746,0,4.0,97871.0,0.0,73.79
multi_kernel,-98.69147896766663,1,4.0,97871.0,0.0,75.2
multi_kernel,-98.68847894668579,2,1.0,97871.0,0.0,74.23
multi_kernel,-98.68747901916504,3,1.0,97871.0,0.0,74.64
multi_kernel,-98.48547887802124,0,4.0,97871.0,0.0,73.79
multi_kernel,-98.48447895050049,1,4.0,97871.0,0.0,75.18
multi_kernel,-98.48447895050049,2,2.0,97871.0,0.0,74.28
multi_kernel,-98.48347902297974,3,1.0,97871.0,0.0,74.62
multi_kernel,-98.28347897529602,0,4.0,97871.0,0.0,73.81
multi_kernel,-98.28247904777527,1,4.0,97871.0,0.0,75.19
multi_kernel,-98.28247904777527,2,4.0,97871.0,0.0,74.31
multi_kernel,-98.28147888183594,3,1.0,97871.0,0.0,74.62
multi_kernel,-98.0814790725708,0,4.0,97871.0,0.0,73.77
multi_kernel,-98.0814790725708,1,4.0,97871.0,0.0,75.22
multi_kernel,-98.0814790725708,2,4.0,97871.0,0.0,74.35
multi_kernel,-98.0814790725708,3,4.0,97871.0,0.0,74.66
multi_kernel,-97.88047909736633,0,4.0,97871.0,0.0,73.75
multi_kernel,-97.88047909736633,1,4.0,97871.0,0.0,75.22
multi_kernel,-97.88047909736633,2,4.0,97871.0,0.0,74.33
multi_kernel,-97.88047909736633,3,4.0,97871.0,0.0,74.66
multi_kernel,-97.68047904968262,0,4.0,97871.0,0.0,73.73
multi_kernel,-97.68047904968262,1,4.0,97871.0,0.0,75.22
multi_kernel,-97.68047904968262,2,4.0,97871.0,0.0,74.28
multi_kernel,-97.68047904968262,3,4.0,97871.0,0.0,74.65
multi_kernel,-97.4804790019989,0,4.0,97871.0,0.0,73.72
multi_kernel,-97.4804790019989,1,4.0,97871.0,0.0,75.22
multi_kernel,-97.4804790019989,2,4.0,97871.0,0.0,74.22
multi_kernel,-97.4804790019989,3,4.0,97871.0,0.0,74.64
multi_kernel,-97.28047895431519,0,4.0,97871.0,0.0,73.71
multi_kernel,-97.27947902679443,1,4.0,97871.0,0.0,75.21
multi_kernel,-97.27947902679443,2,4.0,97871.0,0.0,74.19
multi_kernel,-97.27947902679443,3,4.0,97871.0,0.0,74.64
multi_kernel,-97.07947897911072,0,4.0,97871.0,0.0,73.74
multi_kernel,-97.07947897911072,1,4.0,97871.0,0.0,75.19
multi_kernel,-97.07947897911072,2,4.0,97871.0,0.0,74.18
multi_kernel,-97.07947897911072,3,4.0,97871.0,0.0,74.65
multi_kernel,-96.879478931427,0,4.0,97871.0,0.0,73.74
multi_kernel,-96.879478931427,1,4.0,97871.0,0.0,75.17
multi_kernel,-96.879478931427,2,4.0,97871.0,0.0,74.16
multi_kernel,-96.879478931427,3,4.0,97871.0,0.0,74.69
multi_kernel,-96.67947888374329,0,4.0,97871.0,0.0,73.72
multi_kernel,-96.67847895622253,1,4.0,97871.0,0.0,75.17
multi_kernel,-96.67847895622253,2,4.0,97871.0,0.0,74.18
multi_kernel,-96.67847895622253,3,4.0,97871.0,0.0,74.65
multi_kernel,-96.47847890853882,0,4.0,97871.0,0.0,73.73
multi_kernel,-96.47847890853882,1,4.0,97871.0,0.0,75.17
multi_kernel,-96.47847890853882,2,4.0,97871.0,0.0,74.19
multi_kernel,-96.47847890853882,3,4.0,97871.0,0.0,74.69
multi_kernel,-96.27847909927368,0,4.0,97871.0,0.0,73.76
multi_kernel,-96.27847909927368,1,4.0,97871.0,0.0,75.19
multi_kernel,-96.27847909927368,2,4.0,97871.0,0.0,74.17
multi_kernel,-96.27847909927368,3,4.0,97871.0,0.0,74.7
multi_kernel,-96.07847905158997,0,4.0,97871.0,0.0,73.74
multi_kernel,-96.07747888565063,1,4.0,97871.0,0.0,75.19
multi_kernel,-96.07747888565063,2,4.0,97871.0,0.0,74.17
multi_kernel,-96.07747888565063,3,4.0,97871.0,0.0,74.71
multi_kernel,-95.8774790763855,0,4.0,97871.0,0.0,73.74
multi_kernel,-95.8774790763855,1,4.0,97871.0,0.0,75.21
multi_kernel,-95.8774790763855,2,4.0,97871.0,0.0,74.17
multi_kernel,-95.8774790763855,3,4.0,97871.0,0.0,74.62
multi_kernel,-95.67747902870178,0,4.0,97871.0,0.0,73.77
multi_kernel,-95.67747902870178,1,4.0,97871.0,0.0,75.22
multi_kernel,-95.67747902870178,2,4.0,97871.0,0.0,74.16
multi_kernel,-95.67747902870178,3,4.0,97871.0,0.0,74.65
multi_kernel,-95.47747898101807,0,4.0,97871.0,0.0,73.76
multi_kernel,-95.47747898101807,1,4.0,97871.0,0.0,75.21
multi_kernel,-95.47747898101807,2,4.0,97871.0,0.0,74.15
multi_kernel,-95.47647905349731,3,4.0,97871.0,0.0,74.68
multi_kernel,-95.2764790058136,0,4.0,97871.0,0.0,73.71
multi_kernel,-95.2764790058136,1,4.0,97871.0,0.0,75.21
multi_kernel,-95.2764790058136,2,4.0,97871.0,0.0,74.15
multi_kernel,-95.2764790058136,3,4.0,97871.0,0.0,74.64
multi_kernel,-95.07647895812988,0,4.0,97871.0,0.0,73.75
multi_kernel,-95.07647895812988,1,4.0,97871.0,0.0,75.2
multi_kernel,-95.07647895812988,2,4.0,97871.0,0.0,74.18
multi_kernel,-95.07647895812988,3,4.0,97871.0,0.0,74.61
multi_kernel,-94.87647891044617,0,4.0,97871.0,0.0,73.77
multi_kernel,-94.87647891044617,1,4.0,97871.0,0.0,75.19
multi_kernel,-94.87647891044617,2,4.0,97871.0,0.0,74.2
multi_kernel,-94.87647891044617,3,4.0,97871.0,0.0,74.67
multi_kernel,-94.6754789352417,0,4.0,97871.0,0.0,73.72
multi_kernel,-94.6754789352417,1,4.0,97871.0,0.0,75.18
multi_kernel,-94.6754789352417,2,4.0,97871.0,0.0,74.21
multi_kernel,-94.6754789352417,3,4.0,97871.0,0.0,74.69
multi_kernel,-94.47547888755798,0,4.0,97871.0,0.0,73.75
multi_kernel,-94.47547888755798,1,4.0,97871.0,0.0,75.2
multi_kernel,-94.47547888755798,2,4.0,97871.0,0.0,74.24
multi_kernel,-94.47547888755798,3,4.0,97871.0,0.0,74.64
multi_kernel,-94.27547907829285,0,4.0,97871.0,0.0,73.79
multi_kernel,-94.27547907829285,1,4.0,97871.0,0.0,75.22
multi_kernel,-94.27547907829285,2,4.0,97871.0,0.0,74.24
multi_kernel,-94.27547907829285,3,4.0,97871.0,0.0,74.61
multi_kernel,-94.07447910308838,0,4.0,97871.0,0.0,73.78
multi_kernel,-94.07447910308838,1,4.0,97871.0,0.0,75.22
multi_kernel,-94.07447910308838,2,4.0,97871.0,0.0,74.21
multi_kernel,-94.07447910308838,3,4.0,97871.0,0.0,74.65
multi_kernel,-93.87447905540466,0,4.0,97871.0,0.0,73.76
multi_kernel,-93.87447905540466,1,4.0,97871.0,0.0,75.21
multi_kernel,-93.87447905540466,2,4.0,97871.0,0.0,74.21
multi_kernel,-93.87447905540466,3,4.0,97871.0,0.0,74.68
multi_kernel,-93.67447900772095,0,4.0,97871.0,0.0,73.8
multi_kernel,-93.67447900772095,1,4.0,97871.0,0.0,75.23
multi_kernel,-93.67447900772095,2,4.0,97871.0,0.0,74.19
multi_kernel,-93.67447900772095,3,4.0,97871.0,0.0,74.62
multi_kernel,-93.47347903251648,0,4.0,97871.0,0.0,73.79
multi_kernel,-93.47347903251648,1,4.0,97871.0,0.0,75.22
multi_kernel,-93.47347903251648,2,4.0,97871.0,0.0,74.19
multi_kernel,-93.47347903251648,3,4.0,97871.0,0.0,74.61
multi_kernel,-93.27347898483276,0,4.0,97871.0,0.0,73.74
multi_kernel,-93.27347898483276,1,4.0,97871.0,0.0,75.21
multi_kernel,-93.27347898483276,2,4.0,97871.0,0.0,74.18
multi_kernel,-93.27347898483276,3,4.0,97871.0,0.0,74.65
multi_kernel,-93.07347893714905,0,4.0,97871.0,0.0,73.79
multi_kernel,-93.07347893714905,1,4.0,97871.0,0.0,75.21
multi_kernel,-93.07347893714905,2,4.0,97871.0,0.0,74.2
multi_kernel,-93.07347893714905,3,4.0,97871.0,0.0,74.66
multi_kernel,-92.87347888946533,0,4.0,97871.0,0.0,73.78
multi_kernel,-92.87347888946533,1,4.0,97871.0,0.0,75.2
multi_kernel,-92.87347888946533,2,4.0,97871.0,0.0,74.2
multi_kernel,-92.87347888946533,3,4.0,97871.0,0.0,74.61
multi_kernel,-92.67247891426086,0,4.0,97871.0,0.0,73.76
multi_kernel,-92.67247891426086,1,4.0,97871.0,0.0,75.17
multi_kernel,-92.67247891426086,2,4.0,97871.0,0.0,74.2
multi_kernel,-92.67247891426086,3,4.0,97871.0,0.0,74.6
multi_kernel,-92.47247910499573,0,4.0,97871.0,0.0,73.78
multi_kernel,-92.47247910499573,1,4.0,97871.0,0.0,75.15
multi_kernel,-92.47247910499573,2,4.0,97871.0,0.0,74.2
multi_kernel,-92.47247910499573,3,4.0,97871.0,0.0,74.61
multi_kernel,-92.27247905731201,0,4.0,97871.0,0.0,73.81
multi_kernel,-92.27247905731201,1,4.0,97871.0,0.0,75.17
multi_kernel,-92.27247905731201,2,4.0,97871.0,0.0,74.16
multi_kernel,-92.27247905731201,3,4.0,97871.0,0.0,74.6
multi_kernel,-92.0724790096283,0,4.0,97871.0,0.0,73.77
multi_kernel,-92.07147908210754,1,4.0,97871.0,0.0,75.16
multi_kernel,-92.07147908210754,2,4.0,97871.0,0.0,74.13
multi_kernel,-92.07147908210754,3,4.0,97871.0,0.0,74.58
multi_kernel,-91.87147903442383,0,4.0,97871.0,0.0,73.75
multi_kernel,-91.87147903442383,1,4.0,97871.0,0.0,75.17
multi_kernel,-91.87147903442383,2,4.0,97871.0,0.0,74.1
multi_kernel,-91.87147903442383,3,4.0,97871.0,0.0,74.57
multi_kernel,-91.67147898674011,0,4.0,97871.0,0.0,73.76
multi_kernel,-91.67147898674011,1,4.0,97871.0,0.0,75.17
multi_kernel,-91.67147898674011,2,4.0,97871.0,0.0,74.09
multi_kernel,-91.67147898674011,3,4.0,97871.0,0.0,74.59
multi_kernel,-91.4714789390564,0,4.0,97871.0,0.0,73.75
multi_kernel,-91.4714789390564,1,4.0,97871.0,0.0,75.17
multi_kernel,-91.47047901153564,2,4.0,97871.0,0.0,74.1
multi_kernel,-91.47047901153564,3,4.0,97871.0,0.0,74.61
multi_kernel,-91.27047896385193,0,4.0,97871.0,0.0,73.71
multi_kernel,-91.27047896385193,1,4.0,97871.0,0.0,75.16
multi_kernel,-91.27047896385193,2,4.0,97871.0,0.0,74.11
multi_kernel,-91.27047896385193,3,4.0,97871.0,0.0,74.54
multi_kernel,-91.07047891616821,0,4.0,97871.0,0.0,73.69
multi_kernel,-91.07047891616821,1,4.0,97871.0,0.0,75.15
multi_kernel,-91.07047891616821,2,4.0,97871.0,0.0,74.12
multi_kernel,-91.07047891616821,3,4.0,97871.0,0.0,74.52
multi_kernel,-90.87047910690308,0,4.0,97871.0,0.0,73.72
multi_kernel,-90.87047910690308,1,4.0,97871.0,0.0,75.15
multi_kernel,-90.87047910690308,2,4.0,97871.0,0.0,74.13
multi_kernel,-90.86947894096375,3,4.0,97871.0,0.0,74.56
multi_kernel,-90.66947889328003,0,4.0,97871.0,0.0,73.71
multi_kernel,-90.66947889328003,1,4.0,97871.0,0.0,75.13
multi_kernel,-90.66947889328003,2,4.0,97871.0,0.0,74.13
multi_kernel,-90.66947889328003,3,4.0,97871.0,0.0,74.57
multi_kernel,-90.46947908401489,0,4.0,97871.0,0.0,73.68
multi_kernel,-90.46947908401489,1,4.0,97871.0,0.0,75.1
multi_kernel,-90.46947908401489,2,4.0,97871.0,0.0,74.11
multi_kernel,-90.46947908401489,3,4.0,97871.0,0.0,74.57
multi_kernel,-90.26947903633118,0,4.0,97871.0,0.0,73.73
multi_kernel,-90.26947903633118,1,4.0,97871.0,0.0,75.11
multi_kernel,-90.26947903633118,2,4.0,97871.0,0.0,74.11
multi_kernel,-90.26947903633118,3,4.0,97871.0,0.0,74.58
multi_kernel,-90.06847906112671,0,4.0,97871.0,0.0,73.75
multi_kernel,-90.06847906112671,1,4.0,97871.0,0.0,75.11
multi_kernel,-90.06847906112671,2,4.0,97871.0,0.0,74.09
multi_kernel,-90.06847906112671,3,4.0,97871.0,0.0,74.65
multi_kernel,-89.868479013443,0,4.0,97871.0,0.0,73.72
multi_kernel,-89.868479013443,1,4.0,97871.0,0.0,75.11
multi_kernel,-89.868479013443,2,4.0,97871.0,0.0,74.09
multi_kernel,-89.868479013443,3,4.0,97871.0,0.0,74.66
multi_kernel,-89.66847896575928,0,4.0,97871.0,0.0,73.73
multi_kernel,-89.66847896575928,1,4.0,97871.0,0.0,75.13
multi_kernel,-89.66847896575928,2,4.0,97871.0,0.0,74.1
multi_kernel,-89.66847896575928,3,4.0,97871.0,0.0,74.62
multi_kernel,-89.46747899055481,0,4.0,97871.0,0.0,73.74
multi_kernel,-89.46747899055481,1,4.0,97871.0,0.0,75.15
multi_kernel,-89.46747899055481,2,4.0,97871.0,0.0,74.12
multi_kernel,-89.46747899055481,3,4.0,97871.0,0.0,74.56
multi_kernel,-89.2674789428711,0,4.0,97871.0,0.0,73.71
multi_kernel,-89.2674789428711,1,4.0,97871.0,0.0,75.15
multi_kernel,-89.2674789428711,2,4.0,97871.0,0.0,74.13
multi_kernel,-89.2674789428711,3,4.0,97871.0,0.0,74.61
multi_kernel,-89.06747889518738,0,4.0,97871.0,0.0,73.71
multi_kernel,-89.06747889518738,1,4.0,97871.0,0.0,75.17
multi_kernel,-89.06747889518738,2,4.0,97871.0,0.0,74.17
multi_kernel,-89.06747889518738,3,4.0,97871.0,0.0,74.62
multi_kernel,-88.86647891998291,0,4.0,97871.0,0.0,73.74
multi_kernel,-88.86647891998291,1,4.0,97871.0,0.0,75.17
multi_kernel,-88.86647891998291,2,4.0,97871.0,0.0,74.17
multi_kernel,-88.86647891998291,3,4.0,97871.0,0.0,74.57
multi_kernel,-88.66647911071777,0,4.0,97871.0,0.0,73.72
multi_kernel,-88.66647911071777,1,4.0,97871.0,0.0,75.17
multi_kernel,-88.66647911071777,2,4.0,97871.0,0.0,74.16
multi_kernel,-88.66647911071777,3,4.0,97871.0,0.0,74.56
multi_kernel,-88.46647906303406,0,4.0,97871.0,0.0,73.72
multi_kernel,-88.46647906303406,1,4.0,97871.0,0.0,75.13
multi_kernel,-88.46647906303406,2,4.0,97871.0,0.0,74.15
multi_kernel,-88.46647906303406,3,4.0,97871.0,0.0,74.62
multi_kernel,-88.26547908782959,0,4.0,97871.0,0.0,73.73
multi_kernel,-88.26547908782959,1,4.0,97871.0,0.0,75.12
multi_kernel,-88.26547908782959,2,4.0,97871.0,0.0,74.13
multi_kernel,-88.26547908782959,3,4.0,97871.0,0.0,74.59
multi_kernel,-88.06547904014587,0,4.0,97871.0,0.0,73.74
multi_kernel,-88.06547904014587,1,4.0,97871.0,0.0,75.11
multi_kernel,-88.06547904014587,2,4.0,97871.0,0.0,74.12
multi_kernel,-88.06547904014587,3,4.0,97871.0,0.0,74.57
multi_kernel,-87.86547899246216,0,4.0,97871.0,0.0,73.72
multi_kernel,-87.86547899246216,1,4.0,97871.0,0.0,75.13
multi_kernel,-87.86547899246216,2,4.0,97871.0,0.0,74.09
multi_kernel,-87.86547899246216,3,4.0,97871.0,0.0,74.58
multi_kernel,-87.66547894477844,0,4.0,97871.0,0.0,73.74
multi_kernel,-87.66447901725769,1,4.0,97871.0,0.0,75.13
multi_kernel,-87.66447901725769,2,4.0,97871.0,0.0,74.11
multi_kernel,-87.66447901725769,3,4.0,97871.0,0.0,74.65
multi_kernel,-87.46447896957397,0,4.0,97871.0,0.0,73.78
multi_kernel,-87.46447896957397,1,4.0,97871.0,0.0,75.15
multi_kernel,-87.46447896957397,2,4.0,97871.0,0.0,74.14
multi_kernel,-87.46447896957397,3,4.0,97871.0,0.0,74.67
multi_kernel,-87.26447892189026,0,4.0,97871.0,0.0,73.75
multi_kernel,-87.26447892189026,1,4.0,97871.0,0.0,75.15
multi_kernel,-87.26447892189026,2,4.0,97871.0,0.0,74.15
multi_kernel,-87.26447892189026,3,4.0,97871.0,0.0,74.66
multi_kernel,-87.06447911262512,0,4.0,97871.0,0.0,73.74
multi_kernel,-87.06347894668579,1,4.0,97871.0,0.0,75.13
multi_kernel,-87.06347894668579,2,4.0,97871.0,0.0,74.18
multi_kernel,-87.06347894668579,3,4.0,97871.0,0.0,74.66
multi_kernel,-86.86347889900208,0,4.0,97871.0,0.0,73.76
multi_kernel,-86.86347889900208,1,4.0,97871.0,0.0,75.12
multi_kernel,-86.86347889900208,2,4.0,97871.0,0.0,74.2
multi_kernel,-86.86347889900208,3,4.0,97871.0,0.0,74.68
multi_kernel,-86.66347908973694,0,4.0,97871.0,0.0,73.75
multi_kernel,-86.66347908973694,1,4.0,97871.0,0.0,75.1
multi_kernel,-86.66347908973694,2,4.0,97871.0,0.0,74.18
multi_kernel,-86.66347908973694,3,4.0,97871.0,0.0,74.66
multi_kernel,-86.46347904205322,0,4.0,97871.0,0.0,73.72
multi_kernel,-86.46347904205322,1,4.0,97871.0,0.0,75.09
multi_kernel,-86.46247911453247,2,4.0,97871.0,0.0,74.14
multi_kernel,-86.46247911453247,3,4.0,97871.0,0.0,74.58
multi_kernel,-86.26247906684875,0,4.0,97871.0,0.0,73.72
multi_kernel,-86.26247906684875,1,4.0,97871.0,0.0,75.07
multi_kernel,-86.26247906684875,2,4.0,97871.0,0.0,74.12
multi_kernel,-86.26247906684875,3,4.0,97871.0,0.0,74.57
multi_kernel,-86.06247901916504,0,4.0,97871.0,0.0,73.73
multi_kernel,-86.06247901916504,1,4.0,97871.0,0.0,75.06
multi_kernel,-86.06247901916504,2,4.0,97871.0,0.0,74.11
multi_kernel,-86.06247901916504,3,4.0,97871.0,0.0,74.6
multi_kernel,-85.86247897148132,0,4.0,97871.0,0.0,73.67
multi_kernel,-85.86247897148132,1,4.0,97871.0,0.0,75.06
multi_kernel,-85.86247897148132,2,4.0,97871.0,0.0,74.09
multi_kernel,-85.86147904396057,3,4.0,97871.0,0.0,74.58
multi_kernel,-85.66147899627686,0,4.0,97871.0,0.0,73.66
multi_kernel,-85.66147899627686,1,4.0,97871.0,0.0,75.06
multi_kernel,-85.66147899627686,2,4.0,97871.0,0.0,74.1
multi_kernel,-85.66147899627686,3,4.0,97871.0,0.0,74.53
multi_kernel,-85.46147894859314,0,4.0,97871.0,0.0,73.67
multi_kernel,-85.46147894859314,1,4.0,97871.0,0.0,75.08
multi_kernel,-85.46147894859314,2,4.0,97871.0,0.0,74.12
multi_kernel,-85.46147894859314,3,4.0,97871.0,0.0,74.56
multi_kernel,-85.26147890090942,0,4.0,97871.0,0.0,73.67
multi_kernel,-85.26147890090942,1,4.0,97871.0,0.0,75.08
multi_kernel,-85.26147890090942,2,4.0,97871.0,0.0,74.1
multi_kernel,-85.26147890090942,3,4.0,97871.0,0.0,74.59
multi_kernel,-85.06047892570496,0,4.0,97871.0,0.0,73.66
multi_kernel,-85.06047892570496,1,4.0,97871.0,0.0,75.09
multi_kernel,-85.06047892570496,2,4.0,97871.0,0.0,74.11
multi_kernel,-85.06047892570496,3,4.0,97871.0,0.0,74.58
multi_kernel,-84.86047887802124,0,4.0,97871.0,0.0,73.69
multi_kernel,-84.86047887802124,1,4.0,97871.0,0.0,75.1
multi_kernel,-84.86047887802124,2,4.0,97871.0,0.0,74.13
multi_kernel,-84.86047887802124,3,4.0,97871.0,0.0,74.55
multi_kernel,-84.6604790687561,0,4.0,97871.0,0.0,73.68
multi_kernel,-84.6604790687561,1,4.0,97871.0,0.0,75.09
multi_kernel,-84.6604790687561,2,4.0,97871.0,0.0,74.12
multi_kernel,-84.6604790687561,3,4.0,97871.0,0.0,74.59
multi_kernel,-84.46047902107239,0,4.0,97871.0,0.0,73.65
multi_kernel,-84.45947909355164,1,4.0,97871.0,0.0,75.07
multi_kernel,-84.45947909355164,2,4.0,97871.0,0.0,74.1
multi_kernel,-84.45947909355164,3,4.0,97871.0,0.0,74.61
multi_kernel,-84.25947904586792,0,4.0,97871.0,0.0,73.63
multi_kernel,-84.25947904586792,1,4.0,97871.0,0.0,75.06
multi_kernel,-84.25947904586792,2,4.0,97871.0,0.0,74.11
multi_kernel,-84.25947904586792,3,4.0,97871.0,0.0,74.6
multi_kernel,-84.0594789981842,0,4.0,97871.0,0.0,73.67
multi_kernel,-84.0594789981842,1,4.0,97871.0,0.0,75.05
multi_kernel,-84.0594789981842,2,4.0,97871.0,0.0,74.11
multi_kernel,-84.0594789981842,3,4.0,97871.0,0.0,74.56
multi_kernel,-83.85947895050049,0,4.0,97871.0,0.0,73.65
multi_kernel,-83.85847902297974,1,4.0,97871.0,0.0,75.04
multi_kernel,-83.85847902297974,2,4.0,97871.0,0.0,74.08
multi_kernel,-83.85847902297974,3,4.0,97871.0,0.0,74.59
multi_kernel,-83.65847897529602,0,4.0,97871.0,0.0,73.64
multi_kernel,-83.65847897529602,1,4.0,97871.0,0.0,75.06
multi_kernel,-83.65847897529602,2,4.0,97871.0,0.0,74.1
multi_kernel,-83.65847897529602,3,4.0,97871.0,0.0,74.61
multi_kernel,-83.4584789276123,0,4.0,97871.0,0.0,73.67
multi_kernel,-83.4584789276123,1,4.0,97871.0,0.0,75.1
multi_kernel,-83.4584789276123,2,4.0,97871.0,0.0,74.1
multi_kernel,-83.4584789276123,3,4.0,97871.0,0.0,74.6
multi_kernel,-83.25847887992859,0,4.0,97871.0,0.0,73.67
multi_kernel,-83.25747895240784,1,4.0,97871.0,0.0,75.11
multi_kernel,-83.25747895240784,2,4.0,97871.0,0.0,74.09
multi_kernel,-83.25747895240784,3,4.0,97871.0,0.0,74.56
multi_kernel,-83.05747890472412,0,4.0,97871.0,0.0,73.61
multi_kernel,-83.05747890472412,1,4.0,97871.0,0.0,75.11
multi_kernel,-83.05747890472412,2,4.0,97871.0,0.0,74.07
multi_kernel,-83.05747890472412,3,4.0,97871.0,0.0,74.59
multi_kernel,-82.85747909545898,0,4.0,97871.0,0.0,73.64
multi_kernel,-82.85747909545898,1,4.0,97871.0,0.0,75.11
multi_kernel,-82.85747909545898,2,4.0,97871.0,0.0,74.08
multi_kernel,-82.85747909545898,3,4.0,97871.0,0.0,74.6
multi_kernel,-82.65747904777527,0,4.0,97871.0,0.0,73.68
multi_kernel,-82.65647888183594,1,4.0,97871.0,0.0,75.11
multi_kernel,-82.65647888183594,2,4.0,97871.0,0.0,74.06
multi_kernel,-82.65647888183594,3,4.0,97871.0,0.0,74.58
multi_kernel,-82.4564790725708,0,4.0,97871.0,0.0,73.68
multi_kernel,-82.4564790725708,1,4.0,97871.0,0.0,75.09
multi_kernel,-82.4564790725708,2,4.0,97871.0,0.0,74.05
multi_kernel,-82.4564790725708,3,4.0,97871.0,0.0,74.57
multi_kernel,-82.25647902488708,0,4.0,97871.0,0.0,73.66
multi_kernel,-82.25647902488708,1,4.0,97871.0,0.0,75.09
multi_kernel,-82.25647902488708,2,4.0,97871.0,0.0,74.06
multi_kernel,-82.25647902488708,3,4.0,97871.0,0.0,74.64
multi_kernel,-82.05647897720337,0,4.0,97871.0,0.0,73.69
multi_kernel,-82.05547904968262,1,4.0,97871.0,0.0,75.08
multi_kernel,-82.05547904968262,2,4.0,97871.0,0.0,74.08
multi_kernel,-82.05547904968262,3,4.0,97871.0,0.0,74.67
multi_kernel,-81.8554790019989,0,4.0,97871.0,0.0,73.7
multi_kernel,-81.8554790019989,1,4.0,97871.0,0.0,75.08
multi_kernel,-81.8554790019989,2,4.0,97871.0,0.0,74.07
multi_kernel,-81.8554790019989,3,4.0,97871.0,0.0,74.68
multi_kernel,-81.65547895431519,0,4.0,97871.0,0.0,73.7
multi_kernel,-81.65547895431519,1,4.0,97871.0,0.0,75.08
multi_kernel,-81.65547895431519,2,4.0,97871.0,0.0,74.11
multi_kernel,-81.65547895431519,3,4.0,97871.0,0.0,74.62
multi_kernel,-81.45547890663147,0,4.0,97871.0,0.0,73.72
multi_kernel,-81.45447897911072,1,4.0,97871.0,0.0,75.1
multi_kernel,-81.45447897911072,2,4.0,97871.0,0.0,74.11
multi_kernel,-81.45447897911072,3,4.0,97871.0,0.0,74.66
multi_kernel,-81.254478931427,0,4.0,97871.0,0.0,73.75
multi_kernel,-81.254478931427,1,4.0,97871.0,0.0,75.1
multi_kernel,-81.254478931427,2,4.0,97871.0,0.0,74.09
multi_kernel,-81.254478931427,3,4.0,97871.0,0.0,74.65
multi_kernel,-81.05447888374329,0,4.0,97871.0,0.0,73.75
multi_kernel,-81.05447888374329,1,4.0,97871.0,0.0,75.09
multi_kernel,-81.05447888374329,2,4.0,97871.0,0.0,74.08
multi_kernel,-81.05447888374329,3,4.0,97871.0,0.0,74.62
multi_kernel,-80.85447907447815,0,4.0,97871.0,0.0,73.72
multi_kernel,-80.85447907447815,1,4.0,97871.0,0.0,75.09
multi_kernel,-80.85447907447815,2,4.0,97871.0,0.0,74.06
multi_kernel,-80.85347890853882,3,4.0,97871.0,0.0,74.57
multi_kernel,-80.65347909927368,0,4.0,97871.0,0.0,73.69
multi_kernel,-80.65347909927368,1,4.0,97871.0,0.0,75.07
multi_kernel,-80.65347909927368,2,4.0,97871.0,0.0,74.05
multi_kernel,-80.65347909927368,3,4.0,97871.0,0.0,74.61
multi_kernel,-80.45347905158997,0,4.0,97871.0,0.0,73.68
multi_kernel,-80.45347905158997,1,4.0,97871.0,0.0,75.07
multi_kernel,-80.45347905158997,2,4.0,97871.0,0.0,74.05
multi_kernel,-80.45347905158997,3,4.0,97871.0,0.0,74.58
multi_kernel,-80.25347900390625,0,4.0,97871.0,0.0,73.67
multi_kernel,-80.25347900390625,1,4.0,97871.0,0.0,75.04
multi_kernel,-80.25347900390625,2,4.0,97871.0,0.0,74.08
multi_kernel,-80.25347900390625,3,4.0,97871.0,0.0,74.54
multi_kernel,-80.05247902870178,0,4.0,97871.0,0.0,73.66
multi_kernel,-80.05247902870178,1,4.0,97871.0,0.0,75.03
multi_kernel,-80.05247902870178,2,4.0,97871.0,0.0,74.12
multi_kernel,-80.05247902870178,3,4.0,97871.0,0.0,74.5
multi_kernel,-79.85247898101807,0,4.0,97871.0,0.0,73.65
multi_kernel,-79.85247898101807,1,4.0,97871.0,0.0,75.03
multi_kernel,-79.85247898101807,2,4.0,97871.0,0.0,74.11
multi_kernel,-79.85247898101807,3,4.0,97871.0,0.0,74.56
multi_kernel,-79.65247893333435,0,4.0,97871.0,0.0,73.65
multi_kernel,-79.65247893333435,1,4.0,97871.0,0.0,75.04
multi_kernel,-79.65247893333435,2,4.0,97871.0,0.0,74.14
multi_kernel,-79.65247893333435,3,4.0,97871.0,0.0,74.54
multi_kernel,-79.45147895812988,0,4.0,97871.0,0.0,73.66
multi_kernel,-79.45147895812988,1,4.0,97871.0,0.0,75.04
multi_kernel,-79.45147895812988,2,4.0,97871.0,0.0,74.14
multi_kernel,-79.45147895812988,3,4.0,97871.0,0.0,74.54
multi_kernel,-79.25147891044617,0,4.0,97871.0,0.0,73.68
multi_kernel,-79.25147891044617,1,4.0,97871.0,0.0,75.04
multi_kernel,-79.25147891044617,2,4.0,97871.0,0.0,74.15
multi_kernel,-79.25147891044617,3,4.0,97871.0,0.0,74.5
multi_kernel,-79.05147910118103,0,4.0,97871.0,0.0,73.67
multi_kernel,-79.05147910118103,1,4.0,97871.0,0.0,75.04
multi_kernel,-79.05147910118103,2,4.0,97871.0,0.0,74.15
multi_kernel,-79.05147910118103,3,4.0,97871.0,0.0,74.56
multi_kernel,-78.85047888755798,0,4.0,97871.0,0.0,73.66
multi_kernel,-78.85047888755798,1,4.0,97871.0,0.0,75.04
multi_kernel,-78.85047888755798,2,4.0,97871.0,0.0,74.11
multi_kernel,-78.85047888755798,3,4.0,97871.0,0.0,74.58
multi_kernel,-78.65047907829285,0,4.0,97871.0,0.0,73.68
multi_kernel,-78.65047907829285,1,4.0,97871.0,0.0,75.05
multi_kernel,-78.65047907829285,2,4.0,97871.0,0.0,74.07
multi_kernel,-78.65047907829285,3,4.0,97871.0,0.0,74.54
multi_kernel,-78.45047903060913,0,4.0,97871.0,0.0,73.64
multi_kernel,-78.45047903060913,1,4.0,97871.0,0.0,75.04
multi_kernel,-78.45047903060913,2,4.0,97871.0,0.0,74.06
multi_kernel,-78.45047903060913,3,4.0,97871.0,0.0,74.49
multi_kernel,-78.24947905540466,0,4.0,97871.0,0.0,73.61
multi_kernel,-78.24947905540466,1,4.0,97871.0,0.0,75.02
multi_kernel,-78.24947905540466,2,4.0,97871.0,0.0,74.05
multi_kernel,-78.24947905540466,3,4.0,97871.0,0.0,74.58
multi_kernel,-78.04947900772095,0,4.0,97871.0,0.0,73.62
multi_kernel,-78.04947900772095,1,4.0,97871.0,0.0,75.03
multi_kernel,-78.04947900772095,2,4.0,97871.0,0.0,74.05
multi_kernel,-78.04947900772095,3,4.0,97871.0,0.0,74.57
multi_kernel,-77.84947896003723,0,4.0,97871.0,0.0,73.64
multi_kernel,-77.84947896003723,1,4.0,97871.0,0.0,75.02
multi_kernel,-77.84947896003723,2,4.0,97871.0,0.0,74.03
multi_kernel,-77.84947896003723,3,4.0,97871.0,0.0,74.53
multi_kernel,-77.64947891235352,0,4.0,97871.0,0.0,73.63
multi_kernel,-77.64847898483276,1,4.0,97871.0,0.0,75.03
multi_kernel,-77.64847898483276,2,4.0,97871.0,0.0,74.03
multi_kernel,-77.64847898483276,3,4.0,97871.0,0.0,74.51
multi_kernel,-77.44847893714905,0,4.0,97871.0,0.0,73.66
multi_kernel,-77.44847893714905,1,4.0,97871.0,0.0,75.04
multi_kernel,-77.44847893714905,2,4.0,97871.0,0.0,74.0
multi_kernel,-77.44847893714905,3,4.0,97871.0,0.0,74.57
multi_kernel,-77.24847888946533,0,4.0,97871.0,0.0,73.67
multi_kernel,-77.24847888946533,1,4.0,97871.0,0.0,75.06
multi_kernel,-77.24847888946533,2,4.0,97871.0,0.0,73.99
multi_kernel,-77.24847888946533,3,4.0,97871.0,0.0,74.56
multi_kernel,-77.0484790802002,0,4.0,97871.0,0.0,73.68
multi_kernel,-77.04747891426086,1,4.0,97871.0,0.0,75.06
multi_kernel,-77.04747891426086,2,4.0,97871.0,0.0,73.97
multi_kernel,-77.04747891426086,3,4.0,97871.0,0.0,74.54
multi_kernel,-76.84747910499573,0,4.0,97871.0,0.0,73.68
multi_kernel,-76.84747910499573,1,4.0,97871.0,0.0,75.09
multi_kernel,-76.84747910499573,2,4.0,97871.0,0.0,74.0
multi_kernel,-76.84747910499573,3,4.0,97871.0,0.0,74.54
multi_kernel,-76.64747905731201,0,4.0,97871.0,0.0,73.71
multi_kernel,-76.64747905731201,1,4.0,97871.0,0.0,75.08
multi_kernel,-76.64747905731201,2,4.0,97871.0,0.0,74.0
multi_kernel,-76.64747905731201,3,4.0,97871.0,0.0,74.6
multi_kernel,-76.4474790096283,0,4.0,97871.0,0.0,73.71
multi_kernel,-76.4474790096283,1,4.0,97871.0,0.0,75.07
multi_kernel,-76.44647908210754,2,4.0,97871.0,0.0,74.04
multi_kernel,-76.44647908210754,3,4.0,97871.0,0.0,74.61
multi_kernel,-76.24647903442383,0,4.0,97871.0,0.0,73.7
multi_kernel,-76.24647903442383,1,4.0,97871.0,0.0,75.05
multi_kernel,-76.24647903442383,2,4.0,97871.0,0.0,74.04
multi_kernel,-76.24647903442383,3,4.0,97871.0,0.0,74.57
multi_kernel,-76.04647898674011,0,4.0,97871.0,0.0,73.68
multi_kernel,-76.04647898674011,1,4.0,97871.0,0.0,75.05
multi_kernel,-76.04647898674011,2,4.0,97871.0,0.0,74.06
multi_kernel,-76.04647898674011,3,4.0,97871.0,0.0,74.55
multi_kernel,-75.8464789390564,0,4.0,97871.0,0.0,73.7
multi_kernel,-75.8464789390564,1,4.0,97871.0,0.0,75.02
multi_kernel,-75.8464789390564,2,4.0,97871.0,0.0,74.05
multi_kernel,-75.84547901153564,3,4.0,97871.0,0.0,74.61
multi_kernel,-75.64547896385193,0,4.0,97871.0,0.0,73.67
multi_kernel,-75.64547896385193,1,4.0,97871.0,0.0,75.02
multi_kernel,-75.64547896385193,2,4.0,97871.0,0.0,74.05
multi_kernel,-75.64547896385193,3,4.0,97871.0,0.0,74.6
multi_kernel,-75.44547891616821,0,4.0,97871.0,0.0,73.66
multi_kernel,-75.44547891616821,1,4.0,97871.0,0.0,75.01
multi_kernel,-75.44547891616821,2,4.0,97871.0,0.0,74.04
multi_kernel,-75.44547891616821,3,4.0,97871.0,0.0,74.55
multi_kernel,-75.24547910690308,0,4.0,97871.0,0.0,73.66
multi_kernel,-75.24547910690308,1,4.0,97871.0,0.0,75.04
multi_kernel,-75.24547910690308,2,4.0,97871.0,0.0,74.04
multi_kernel,-75.24547910690308,3,4.0,97871.0,0.0,74.56
multi_kernel,-75.04547905921936,0,4.0,97871.0,0.0,73.7
multi_kernel,-75.04447889328003,1,4.0,97871.0,0.0,75.04
multi_kernel,-75.04447889328003,2,4.0,97871.0,0.0,74.05
multi_kernel,-75.04447889328003,3,4.0,97871.0,0.0,74.57
multi_kernel,-74.84447908401489,0,4.0,97871.0,0.0,73.66
multi_kernel,-74.84447908401489,1,4.0,97871.0,0.0,75.06
multi_kernel,-74.84447908401489,2,4.0,97871.0,0.0,74.05
multi_kernel,-74.84447908401489,3,4.0,97871.0,0.0,74.58
multi_kernel,-74.64447903633118,0,4.0,97871.0,0.0,73.66
multi_kernel,-74.64447903633118,1,4.0,97871.0,0.0,75.07
multi_kernel,-74.64447903633118,2,4.0,97871.0,0.0,74.07
multi_kernel,-74.64447903633118,3,4.0,97871.0,0.0,74.53
multi_kernel,-74.44447898864746,0,4.0,97871.0,0.0,73.67
multi_kernel,-74.44347906112671,1,4.0,97871.0,0.0,75.09
multi_kernel,-74.44347906112671,2,4.0,97871.0,0.0,74.1
multi_kernel,-74.44347906112671,3,4.0,97871.0,0.0,74.53
multi_kernel,-74.243479013443,0,4.0,97871.0,0.0,73.64
multi_kernel,-74.243479013443,1,4.0,97871.0,0.0,75.09
multi_kernel,-74.243479013443,2,4.0,97871.0,0.0,74.11
multi_kernel,-74.243479013443,3,21.0,97871.0,0.0,75.26
multi_kernel,-74.04347896575928,0,4.0,97871.0,0.0,73.63
multi_kernel,-74.04247903823853,1,4.0,97871.0,0.0,75.08
multi_kernel,-74.04247903823853,2,4.0,97871.0,0.0,74.1
multi_kernel,-74.04147911071777,3,385.0,97871.0,3.0,84.42
multi_kernel,-73.84147906303406,0,4.0,97871.0,0.0,73.66
multi_kernel,-73.84047889709473,1,4.0,97871.0,0.0,75.05
multi_kernel,-73.84047889709473,2,4.0,97871.0,0.0,74.1
multi_kernel,-73.84047889709473,3,385.0,97871.0,0.0,93.37
multi_kernel,-73.64047908782959,0,4.0,97871.0,0.0,73.64
multi_kernel,-73.64047908782959,1,4.0,97871.0,0.0,75.02
multi_kernel,-73.64047908782959,2,4.0,97871.0,0.0,74.08
multi_kernel,-73.64047908782959,3,385.0,97871.0,0.0,101.8
multi_kernel,-73.44047904014587,0,4.0,97871.0,0.0,73.62
multi_kernel,-73.44047904014587,1,4.0,97871.0,0.0,75.01
multi_kernel,-73.44047904014587,2,4.0,97871.0,0.0,74.06
multi_kernel,-73.44047904014587,3,385.0,97871.0,0.0,110.65
multi_kernel,-73.24047899246216,0,4.0,97871.0,0.0,73.61
multi_kernel,-73.2394790649414,1,4.0,97871.0,0.0,75.0
multi_kernel,-73.2394790649414,2,4.0,97871.0,0.0,74.03
multi_kernel,-73.2394790649414,3,385.0,97871.0,0.0,119.53
multi_kernel,-73.03947901725769,0,4.0,97871.0,0.0,73.62
multi_kernel,-73.03947901725769,1,4.0,97871.0,0.0,75.01
multi_kernel,-73.03947901725769,2,4.0,97871.0,0.0,74.05
multi_kernel,-73.03947901725769,3,385.0,97871.0,0.0,119.47
multi_kernel,-72.83947896957397,0,4.0,97871.0,0.0,73.58
multi_kernel,-72.83947896957397,1,385.0,97871.0,2.0,80.57
multi_kernel,-72.83947896957397,2,4.0,97871.0,0.0,74.02
multi_kernel,-72.83947896957397,3,385.0,97871.0,0.0,119.48
multi_kernel,-72.63947892189026,0,21.0,97871.0,0.0,74.72
multi_kernel,-72.63347887992859,1,385.0,97871.0,0.0,89.43
multi_kernel,-72.63147902488708,2,21.0,97871.0,0.0,75.5
multi_kernel,-72.62847900390625,3,385.0,97871.0,0.0,119.51
multi_kernel,-72.42647910118103,0,385.0,97871.0,1.0,83.68
multi_kernel,-72.42647910118103,1,385.0,97871.0,0.0,98.31
multi_kernel,-72.42647910118103,2,385.0,97871.0,0.0,84.67
multi_kernel,-72.42647910118103,3,385.0,97871.0,0.0,119.53
multi_kernel,-72.22647905349731,0,385.0,97871.0,0.0,92.83
multi_kernel,-72.22647905349731,1,385.0,97871.0,0.0,107.83
multi_kernel,-72.22647905349731,2,385.0,97871.0,0.0,93.54
multi_kernel,-72.22647905349731,3,385.0,97871.0,0.0,119.5
multi_kernel,-72.02547907829285,0,385.0,97871.0,0.0,101.19
multi_kernel,-72.02547907829285,1,385.0,97871.0,0.0,116.07
multi_kernel,-72.02547907829285,2,385.0,97871.0,0.0,101.84
multi_kernel,-72.02547907829285,3,385.0,97871.0,0.0,119.51
multi_kernel,-71.82547903060913,0,385.0,97871.0,0.0,110.0
multi_kernel,-71.82547903060913,1,385.0,97871.0,0.0,120.26
multi_kernel,-71.82547903060913,2,385.0,97871.0,0.0,112.17
multi_kernel,-71.82547903060913,3,385.0,97871.0,0.0,119.54
multi_kernel,-71.62547898292542,0,385.0,97871.0,0.0,118.53
multi_kernel,-71.62547898292542,1,385.0,97871.0,0.0,120.29
multi_kernel,-71.62547898292542,2,385.0,97871.0,0.0,118.68
multi_kernel,-71.62547898292542,3,385.0,97871.0,0.0,119.58
multi_kernel,-71.42447900772095,0,385.0,97871.0,0.0,118.42
multi_kernel,-71.42447900772095,1,385.0,97871.0,0.0,120.32
multi_kernel,-71.42447900772095,2,385.0,97871.0,0.0,118.42
multi_kernel,-71.42447900772095,3,385.0,97871.0,0.0,119.54
multi_kernel,-71.22447896003723,0,483.0,97871.0,2.0,118.48
multi_kernel,-71.22447896003723,1,483.0,97871.0,2.0,120.33
multi_kernel,-71.22347903251648,2,483.0,97871.0,0.0,118.48
multi_kernel,-71.22247910499573,3,483.0,97871.0,1.0,119.55
multi_kernel,-71.02147889137268,0,727.0,97871.0,0.0,118.54
multi_kernel,-70.99947905540466,1,727.0,97871.0,0.0,120.34
multi_kernel,-70.99947905540466,2,727.0,97871.0,0.0,118.52
multi_kernel,-70.99947905540466,3,727.0,97871.0,0.0,119.6
multi_kernel,-70.79947900772095,0,1019.0,97871.0,1.0,118.58
multi_kernel,-70.79947900772095,1,1019.0,97871.0,1.0,120.37
multi_kernel,-70.79647898674011,2,1019.0,97871.0,1.0,118.57
multi_kernel,-70.79647898674011,3,1019.0,97871.0,1.0,119.77
multi_kernel,-70.5964789390564,0,1163.0,97871.0,0.0,118.56
multi_kernel,-70.5964789390564,1,1163.0,97871.0,0.0,120.42
multi_kernel,-70.57747888565063,2,1163.0,97871.0,0.0,118.59
multi_kernel,-70.57747888565063,3,1163.0,97871.0,0.0,119.77
multi_kernel,-70.3774790763855,0,1201.0,97871.0,0.0,118.94
multi_kernel,-70.3774790763855,1,1201.0,97871.0,0.0,120.83
multi_kernel,-70.3774790763855,2,1201.0,97871.0,1.0,119.12
multi_kernel,-70.3774790763855,3,1201.0,97871.0,0.0,120.13
multi_kernel,-70.17747902870178,0,1735.0,97871.0,1.0,118.92
multi_kernel,-70.17647910118103,1,1647.0,97871.0,1.0,120.86
multi_kernel,-70.17647910118103,2,1735.0,97871.0,1.0,119.18
multi_kernel,-70.17647910118103,3,1735.0,97871.0,1.0,120.2
multi_kernel,-69.97647905349731,0,1735.0,97871.0,0.0,118.92
multi_kernel,-69.97647905349731,1,1735.0,97871.0,0.0,120.88
multi_kernel,-69.97547888755798,2,1735.0,97871.0,0.0,119.2
multi_kernel,-69.97547888755798,3,1735.0,97871.0,0.0,120.25
multi_kernel,-69.77547907829285,0,1735.0,97871.0,0.0,119.26
multi_kernel,-69.77547907829285,1,1735.0,97871.0,0.0,120.94
multi_kernel,-69.77447891235352,2,1735.0,97871.0,1.0,119.41
multi_kernel,-69.77447891235352,3,1735.0,97871.0,0.0,120.39
multi_kernel,-69.57447910308838,0,1735.0,97871.0,0.0,119.21
multi_kernel,-69.57447910308838,1,1735.0,97871.0,0.0,121.19
multi_kernel,-69.57447910308838,2,1735.0,97871.0,0.0,119.51
multi_kernel,-69.57447910308838,3,1735.0,97871.0,0.0,120.41
multi_kernel,-69.37447905540466,0,1869.0,97871.0,0.0,118.95
multi_kernel,-69.37447905540466,1,1869.0,97871.0,0.0,120.79
multi_kernel,-69.37447905540466,2,1869.0,97871.0,0.0,119.01
multi_kernel,-69.37447905540466,3,1869.0,97871.0,0.0,120.07
multi_kernel,-69.17447900772095,0,1869.0,97871.0,0.0,118.97
multi_kernel,-69.17447900772095,1,1869.0,97871.0,0.0,120.77
multi_kernel,-69.17447900772095,2,1869.0,97871.0,0.0,118.94
multi_kernel,-69.1734790802002,3,1869.0,97871.0,0.0,120.1
multi_kernel,-68.97347903251648,0,1869.0,97871.0,0.0,118.99
multi_kernel,-68.97347903251648,1,1869.0,97871.0,0.0,120.78
multi_kernel,-68.97347903251648,2,1869.0,97871.0,0.0,118.95
multi_kernel,-68.97347903251648,3,1869.0,97871.0,0.0,120.05
multi_kernel,-68.77347898483276,0,1869.0,97871.0,0.0,118.68
multi_kernel,-68.77347898483276,1,1869.0,97871.0,0.0,120.76
multi_kernel,-68.77347898483276,2,1869.0,97871.0,0.0,118.76
multi_kernel,-68.77347898483276,3,1869.0,97871.0,0.0,119.85
multi_kernel,-68.57347893714905,0,1869.0,97871.0,0.0,118.62
multi_kernel,-68.57347893714905,1,1869.0,97871.0,0.0,120.44
multi_kernel,-68.57347893714905,2,1869.0,97871.0,0.0,118.66
multi_kernel,-68.57347893714905,3,1869.0,97871.0,0.0,119.67
multi_kernel,-68.37247896194458,0,1869.0,97871.0,0.0,118.66
multi_kernel,-68.37247896194458,1,1869.0,97871.0,0.0,120.47
multi_kernel,-68.37247896194458,2,1869.0,97871.0,0.0,118.67
multi_kernel,-68.37247896194458,3,1869.0,97871.0,0.0,119.69
multi_kernel,-68.17247891426086,0,1869.0,97871.0,0.0,118.67
multi_kernel,-68.17247891426086,1,1869.0,97871.0,0.0,120.49
multi_kernel,-68.17247891426086,2,1869.0,97871.0,0.0,118.66
multi_kernel,-68.17247891426086,3,1869.0,97871.0,0.0,119.66
multi_kernel,-67.97247910499573,0,1869.0,97871.0,0.0,118.67
multi_kernel,-67.97247910499573,1,1869.0,97871.0,0.0,120.5
multi_kernel,-67.97247910499573,2,1869.0,97871.0,0.0,118.63
multi_kernel,-67.9714789390564,3,1869.0,97871.0,0.0,119.61
multi_kernel,-67.77147889137268,0,1869.0,97871.0,0.0,118.67
multi_kernel,-67.77147889137268,1,1869.0,97871.0,0.0,120.51
multi_kernel,-67.77147889137268,2,1869.0,97871.0,0.0,118.62
multi_kernel,-67.77147889137268,3,1869.0,97871.0,0.0,119.69
multi_kernel,-67.57147908210754,0,1869.0,97871.0,0.0,118.71
multi_kernel,-67.57147908210754,1,1869.0,97871.0,0.0,120.5
multi_kernel,-67.57147908210754,2,1869.0,97871.0,0.0,118.62
multi_kernel,-67.57147908210754,3,1869.0,97871.0,0.0,119.68
multi_kernel,-67.37147903442383,0,1869.0,97871.0,0.0,118.66
multi_kernel,-67.37147903442383,1,1869.0,97871.0,0.0,120.49
multi_kernel,-67.37147903442383,2,1869.0,97871.0,0.0,118.64
multi_kernel,-67.37147903442383,3,1869.0,97871.0,0.0,119.67
multi_kernel,-67.17047905921936,0,1869.0,97871.0,0.0,118.64
multi_kernel,-67.17047905921936,1,1869.0,97871.0,0.0,120.46
multi_kernel,-67.17047905921936,2,1869.0,97871.0,0.0,118.66
multi_kernel,-67.17047905921936,3,1869.0,97871.0,0.0,119.65
multi_kernel,-66.97047901153564,0,1869.0,97871.0,0.0,118.66
multi_kernel,-66.97047901153564,1,1869.0,97871.0,0.0,120.46
multi_kernel,-66.97047901153564,2,1869.0,97871.0,0.0,118.65
multi_kernel,-66.97047901153564,3,1869.0,97871.0,0.0,119.71
multi_kernel,-66.77047896385193,0,1869.0,97871.0,0.0,118.7
multi_kernel,-66.77047896385193,1,1869.0,97871.0,0.0,120.45
multi_kernel,-66.77047896385193,2,1869.0,97871.0,0.0,118.68
multi_kernel,-66.77047896385193,3,1869.0,97871.0,0.0,119.71
multi_kernel,-66.56947898864746,0,1869.0,97871.0,0.0,118.68
multi_kernel,-66.56947898864746,1,1869.0,97871.0,0.0,120.49
multi_kernel,-66.56947898864746,2,1869.0,97871.0,0.0,118.69
multi_kernel,-66.56947898864746,3,1869.0,97871.0,0.0,119.69
multi_kernel,-66.36947894096375,0,1869.0,97871.0,0.0,118.71
multi_kernel,-66.36947894096375,1,1869.0,97871.0,0.0,120.49
multi_kernel,-66.36947894096375,2,1869.0,97871.0,0.0,118.7
multi_kernel,-66.36947894096375,3,1869.0,97871.0,0.0,119.65
multi_kernel,-66.16947889328003,0,1869.0,97871.0,0.0,118.75
multi_kernel,-66.16947889328003,1,1869.0,97871.0,0.0,120.5
multi_kernel,-66.16947889328003,2,1869.0,97871.0,0.0,118.69
multi_kernel,-66.16947889328003,3,1869.0,97871.0,0.0,119.73
multi_kernel,-65.96847891807556,0,1869.0,97871.0,0.0,118.74
multi_kernel,-65.96847891807556,1,1869.0,97871.0,0.0,120.51
multi_kernel,-65.96847891807556,2,1869.0,97871.0,0.0,118.71
multi_kernel,-65.96847891807556,3,1869.0,97871.0,0.0,119.75
multi_kernel,-65.76847910881042,0,1869.0,97871.0,0.0,118.71
multi_kernel,-65.7674789428711,1,1869.0,97871.0,0.0,120.52
multi_kernel,-65.7674789428711,2,1869.0,97871.0,0.0,118.72
multi_kernel,-65.7674789428711,3,1869.0,97871.0,0.0,119.75
multi_kernel,-65.56747889518738,0,2301.0,97871.0,0.0,118.74
multi_kernel,-65.56747889518738,1,1869.0,97871.0,0.0,120.52
multi_kernel,-65.56747889518738,2,1869.0,97871.0,0.0,118.73
multi_kernel,-65.56747889518738,3,1869.0,97871.0,0.0,119.75
multi_kernel,-65.36747908592224,0,3581.0,97871.0,3.0,119.35
multi_kernel,-65.36747908592224,1,1869.0,97871.0,0.0,120.51
multi_kernel,-65.36747908592224,2,1869.0,97871.0,0.0,118.74
multi_kernel,-65.36747908592224,3,1869.0,97871.0,0.0,119.8
multi_kernel,-65.16747903823853,0,6355.0,97871.0,0.0,119.42
multi_kernel,-65.16747903823853,1,1869.0,97871.0,0.0,120.52
multi_kernel,-65.16647911071777,2,1869.0,97871.0,0.0,118.75
multi_kernel,-65.16647911071777,3,1869.0,97871.0,0.0,119.81
multi_kernel,-64.96647906303406,0,11511.0,97871.0,4.0,119.4
multi_kernel,-64.96647906303406,1,3581.0,97871.0,0.0,120.52
multi_kernel,-64.96647906303406,2,1869.0,97871.0,0.0,118.77
multi_kernel,-64.96647906303406,3,1869.0,97871.0,0.0,119.77
multi_kernel,-64.76647901535034,0,15907.0,97871.0,3.0,119.41
multi_kernel,-64.76647901535034,1,3603.0,97871.0,0.0,121.22
multi_kernel,-64.76647901535034,2,1869.0,97871.0,0.0,118.76
multi_kernel,-64.76647901535034,3,1869.0,97871.0,0.0,119.78
multi_kernel,-64.56647896766663,0,18225.0,97871.0,3.0,119.38
multi_kernel,-64.56647896766663,1,8339.0,97871.0,4.0,121.32
multi_kernel,-64.56647896766663,2,2001.0,97871.0,0.0,118.74
multi_kernel,-64.56647896766663,3,2109.0,97871.0,0.0,119.82
multi_kernel,-64.36647891998291,0,18225.0,97871.0,1.0,118.78
multi_kernel,-64.36547899246216,1,13631.0,97871.0,3.0,121.34
multi_kernel,-64.36547899246216,2,3581.0,97871.0,3.0,119.46
multi_kernel,-64.36547899246216,3,3581.0,97871.0,3.0,120.35
multi_kernel,-64.16547894477844,0,18225.0,97871.0,2.0,118.74
multi_kernel,-64.16547894477844,1,18159.0,97871.0,4.0,121.35
multi_kernel,-64.16547894477844,2,7061.0,97871.0,5.0,119.5
multi_kernel,-64.16547894477844,3,6863.0,97871.0,0.0,120.31
multi_kernel,-63.96547889709473,0,18225.0,97871.0,2.0,118.74
multi_kernel,-63.96547889709473,1,18159.0,97871.0,1.0,121.36
multi_kernel,-63.96547889709473,2,13451.0,97871.0,4.0,119.52
multi_kernel,-63.96547889709473,3,13261.0,97871.0,4.0,120.32
multi_kernel,-63.76547908782959,0,18225.0,97871.0,1.0,118.7
multi_kernel,-63.76447892189026,1,18159.0,97871.0,2.0,120.68
multi_kernel,-63.76447892189026,2,18153.0,97871.0,3.0,119.56
multi_kernel,-63.76447892189026,3,17991.0,97871.0,4.0,120.36
multi_kernel,-63.56447911262512,0,18225.0,97871.0,1.0,118.73
multi_kernel,-63.56447911262512,1,18159.0,97871.0,1.0,120.57
multi_kernel,-63.56447911262512,2,18153.0,97871.0,1.0,119.58
multi_kernel,-63.56447911262512,3,17991.0,97871.0,1.0,120.37
multi_kernel,-63.364479064941406,0,18225.0,97871.0,1.0,118.72
multi_kernel,-63.364479064941406,1,18159.0,97871.0,1.0,120.54
multi_kernel,-63.364479064941406,2,18153.0,97871.0,1.0,118.88
multi_kernel,-63.364479064941406,3,17991.0,97871.0,1.0,119.77
multi_kernel,-63.16447901725769,0,18225.0,97871.0,1.0,118.7
multi_kernel,-63.16347908973694,1,18159.0,97871.0,2.0,120.51
multi_kernel,-63.16347908973694,2,18153.0,97871.0,1.0,118.8
multi_kernel,-63.16347908973694,3,17991.0,97871.0,1.0,119.76
multi_kernel,-62.96347904205322,0,18225.0,97871.0,2.0,118.72
multi_kernel,-62.96347904205322,1,18159.0,97871.0,1.0,120.47
multi_kernel,-62.96347904205322,2,18153.0,97871.0,1.0,118.78
multi_kernel,-62.96347904205322,3,17991.0,97871.0,1.0,119.79
multi_kernel,-62.76347899436951,0,18225.0,97871.0,1.0,118.78
multi_kernel,-62.76347899436951,1,18159.0,97871.0,2.0,120.46
multi_kernel,-62.76347899436951,2,18153.0,97871.0,1.0,118.76
multi_kernel,-62.76347899436951,3,17991.0,97871.0,1.0,119.79
multi_kernel,-62.56347894668579,0,18225.0,97871.0,1.0,118.75
multi_kernel,-62.56247901916504,1,18159.0,97871.0,2.0,120.47
multi_kernel,-62.56247901916504,2,18153.0,97871.0,1.0,118.73
multi_kernel,-62.56247901916504,3,17991.0,97871.0,1.0,119.67
multi_kernel,-62.36247897148132,0,18225.0,97871.0,1.0,118.76
multi_kernel,-62.36247897148132,1,18159.0,97871.0,1.0,120.5
multi_kernel,-62.36247897148132,2,18153.0,97871.0,1.0,118.71
multi_kernel,-62.36247897148132,3,17991.0,97871.0,1.0,119.68
multi_kernel,-62.16247892379761,0,18225.0,97871.0,1.0,118.76
multi_kernel,-62.16247892379761,1,18159.0,97871.0,2.0,120.49
multi_kernel,-62.16247892379761,2,18153.0,97871.0,1.0,118.68
multi_kernel,-62.16247892379761,3,17991.0,97871.0,1.0,119.71
multi_kernel,-61.96247911453247,0,18225.0,97871.0,1.0,118.74
multi_kernel,-61.96147894859314,1,18159.0,97871.0,1.0,120.49
multi_kernel,-61.96147894859314,2,18153.0,97871.0,2.0,118.67
multi_kernel,-61.96147894859314,3,17991.0,97871.0,1.0,119.7
multi_kernel,-61.761478900909424,0,18225.0,97871.0,2.0,118.69
multi_kernel,-61.761478900909424,1,18159.0,97871.0,2.0,120.5
multi_kernel,-61.761478900909424,2,18153.0,97871.0,2.0,118.68
multi_kernel,-61.761478900909424,3,17991.0,97871.0,2.0,119.65
multi_kernel,-61.56147909164429,0,18225.0,97871.0,1.0,118.68
multi_kernel,-61.56147909164429,1,18159.0,97871.0,1.0,120.49
multi_kernel,-61.56147909164429,2,18153.0,97871.0,2.0,118.68
multi_kernel,-61.56147909164429,3,17991.0,97871.0,1.0,119.69
multi_kernel,-61.36147904396057,0,18225.0,97871.0,1.0,118.68
multi_kernel,-61.36047887802124,1,18159.0,97871.0,1.0,120.47
multi_kernel,-61.36047887802124,2,18153.0,97871.0,1.0,118.74
multi_kernel,-61.36047887802124,3,17991.0,97871.0,1.0,119.72
multi_kernel,-61.1604790687561,0,18225.0,97871.0,1.0,118.64
multi_kernel,-61.1604790687561,1,18159.0,97871.0,2.0,120.44
multi_kernel,-61.1604790687561,2,18153.0,97871.0,2.0,118.76
multi_kernel,-61.1604790687561,3,17991.0,97871.0,1.0,119.71
multi_kernel,-60.96047902107239,0,18225.0,97871.0,1.0,118.66
multi_kernel,-60.96047902107239,1,18159.0,97871.0,1.0,120.46
multi_kernel,-60.96047902107239,2,18153.0,97871.0,1.0,118.78
multi_kernel,-60.96047902107239,3,17991.0,97871.0,0.0,119.64
multi_kernel,-60.75947904586792,0,18225.0,97871.0,1.0,118.7
multi_kernel,-60.75947904586792,1,18159.0,97871.0,2.0,120.43
multi_kernel,-60.75947904586792,2,18153.0,97871.0,1.0,118.76
multi_kernel,-60.75947904586792,3,17991.0,97871.0,1.0,119.64
multi_kernel,-60.559478998184204,0,18225.0,97871.0,1.0,118.72
multi_kernel,-60.559478998184204,1,18159.0,97871.0,1.0,120.43
multi_kernel,-60.559478998184204,2,18153.0,97871.0,2.0,118.75
multi_kernel,-60.559478998184204,3,17991.0,97871.0,1.0,119.68
multi_kernel,-60.35947895050049,0,18225.0,97871.0,1.0,118.67
multi_kernel,-60.35947895050049,1,18159.0,97871.0,1.0,120.44
multi_kernel,-60.35947895050049,2,18153.0,97871.0,1.0,118.7
multi_kernel,-60.35947895050049,3,17991.0,97871.0,1.0,119.67
multi_kernel,-60.15947890281677,0,18225.0,97871.0,1.0,118.69
multi_kernel,-60.15847897529602,1,18159.0,97871.0,2.0,120.46
multi_kernel,-60.15847897529602,2,18153.0,97871.0,2.0,118.68
multi_kernel,-60.15847897529602,3,17991.0,97871.0,1.0,119.61
multi_kernel,-59.958478927612305,0,18225.0,97871.0,1.0,118.68
multi_kernel,-59.958478927612305,1,18159.0,97871.0,1.0,120.47
multi_kernel,-59.958478927612305,2,18153.0,97871.0,2.0,118.68
multi_kernel,-59.958478927612305,3,17991.0,97871.0,1.0,119.66
multi_kernel,-59.75847887992859,0,18225.0,97871.0,2.0,118.66
multi_kernel,-59.75847887992859,1,18159.0,97871.0,2.0,120.47
multi_kernel,-59.75847887992859,2,18153.0,97871.0,2.0,118.67
multi_kernel,-59.75847887992859,3,17991.0,97871.0,1.0,119.71
multi_kernel,-59.55747890472412,0,18225.0,97871.0,1.0,118.67
multi_kernel,-59.55747890472412,1,18159.0,97871.0,2.0,120.47
multi_kernel,-59.55747890472412,2,18153.0,97871.0,2.0,118.66
multi_kernel,-59.55747890472412,3,17991.0,97871.0,1.0,119.71
multi_kernel,-59.357479095458984,0,18225.0,97871.0,2.0,118.74
multi_kernel,-59.357479095458984,1,18159.0,97871.0,1.0,120.48
multi_kernel,-59.357479095458984,2,18153.0,97871.0,2.0,118.68
multi_kernel,-59.357479095458984,3,17991.0,97871.0,2.0,119.67
multi_kernel,-59.15747904777527,0,18225.0,97871.0,1.0,118.72
multi_kernel,-59.15747904777527,1,18159.0,97871.0,2.0,120.47
multi_kernel,-59.15747904777527,2,18153.0,97871.0,2.0,118.68
multi_kernel,-59.15747904777527,3,17991.0,97871.0,1.0,119.72
multi_kernel,-58.95747900009155,0,18225.0,97871.0,2.0,118.73
multi_kernel,-58.9564790725708,1,18159.0,97871.0,1.0,120.45
multi_kernel,-58.9564790725708,2,18153.0,97871.0,2.0,118.68
multi_kernel,-58.9564790725708,3,17991.0,97871.0,1.0,119.73
multi_kernel,-58.756479024887085,0,18225.0,97871.0,2.0,118.73
multi_kernel,-58.756479024887085,1,18159.0,97871.0,2.0,120.46
multi_kernel,-58.756479024887085,2,18153.0,97871.0,2.0,118.69
multi_kernel,-58.756479024887085,3,17991.0,97871.0,2.0,119.72
multi_kernel,-58.55647897720337,0,18225.0,97871.0,1.0,118.7
multi_kernel,-58.55647897720337,1,18159.0,97871.0,1.0,120.47
multi_kernel,-58.55647897720337,2,18153.0,97871.0,2.0,118.69
multi_kernel,-58.55647897720337,3,17991.0,97871.0,1.0,119.68
multi_kernel,-58.3554790019989,0,18225.0,97871.0,2.0,118.66
multi_kernel,-58.3554790019989,1,18159.0,97871.0,2.0,120.5
multi_kernel,-58.3554790019989,2,18153.0,97871.0,3.0,118.71
multi_kernel,-58.3554790019989,3,17991.0,97871.0,2.0,119.77
multi_kernel,-58.155478954315186,0,18225.0,97871.0,2.0,118.68
multi_kernel,-58.155478954315186,1,18159.0,97871.0,2.0,120.53
multi_kernel,-58.155478954315186,2,18153.0,97871.0,2.0,118.71
multi_kernel,-58.155478954315186,3,17991.0,97871.0,1.0,119.78
multi_kernel,-57.95547890663147,0,18225.0,97871.0,1.0,118.71
multi_kernel,-57.95547890663147,1,18159.0,97871.0,1.0,120.54
multi_kernel,-57.95547890663147,2,18153.0,97871.0,2.0,118.7
multi_kernel,-57.95547890663147,3,17991.0,97871.0,1.0,119.76
multi_kernel,-57.75547909736633,0,18225.0,97871.0,2.0,118.71
multi_kernel,-57.754478931427,1,18159.0,97871.0,2.0,120.56
multi_kernel,-57.754478931427,2,18153.0,97871.0,2.0,118.73
multi_kernel,-57.754478931427,3,17991.0,97871.0,2.0,119.68
multi_kernel,-57.554478883743286,0,18225.0,97871.0,1.0,118.74
multi_kernel,-57.554478883743286,1,18159.0,97871.0,1.0,120.55
multi_kernel,-57.554478883743286,2,18153.0,97871.0,2.0,118.75
multi_kernel,-57.554478883743286,3,17991.0,97871.0,1.0,119.73
multi_kernel,-57.35447907447815,0,18225.0,97871.0,1.0,118.79
multi_kernel,-57.35447907447815,1,18159.0,97871.0,2.0,120.55
multi_kernel,-57.35447907447815,2,18153.0,97871.0,2.0,118.78
multi_kernel,-57.35447907447815,3,17991.0,97871.0,2.0,119.72
multi_kernel,-57.154479026794434,0,18225.0,97871.0,2.0,118.77
multi_kernel,-57.15347909927368,1,18159.0,97871.0,2.0,120.55
multi_kernel,-57.15347909927368,2,18153.0,97871.0,2.0,118.78
multi_kernel,-57.15347909927368,3,17991.0,97871.0,1.0,119.74
multi_kernel,-56.953479051589966,0,18225.0,97871.0,1.0,118.78
multi_kernel,-56.953479051589966,1,18159.0,97871.0,1.0,120.55
multi_kernel,-56.953479051589966,2,18153.0,97871.0,1.0,118.78
multi_kernel,-56.953479051589966,3,17991.0,97871.0,2.0,119.73
multi_kernel,-56.75347900390625,0,18225.0,97871.0,1.0,118.78
multi_kernel,-56.75347900390625,1,18159.0,97871.0,2.0,120.53
multi_kernel,-56.75347900390625,2,18153.0,97871.0,2.0,118.77
multi_kernel,-56.75347900390625,3,17991.0,97871.0,1.0,119.77
multi_kernel,-56.553478956222534,0,18225.0,97871.0,2.0,118.8
multi_kernel,-56.55247902870178,1,18159.0,97871.0,1.0,120.53
multi_kernel,-56.55247902870178,2,18153.0,97871.0,1.0,118.74
multi_kernel,-56.55247902870178,3,17991.0,97871.0,1.0,119.8
multi_kernel,-56.352478981018066,0,18225.0,97871.0,1.0,118.74
multi_kernel,-56.352478981018066,1,18159.0,97871.0,2.0,120.51
multi_kernel,-56.352478981018066,2,18153.0,97871.0,2.0,118.74
multi_kernel,-56.352478981018066,3,17991.0,97871.0,2.0,119.79
multi_kernel,-56.15247893333435,0,18225.0,97871.0,2.0,118.78
multi_kernel,-56.15247893333435,1,18159.0,97871.0,1.0,120.52
multi_kernel,-56.15247893333435,2,18153.0,97871.0,2.0,118.73
multi_kernel,-56.15247893333435,3,17991.0,97871.0,1.0,119.71
multi_kernel,-55.95147895812988,0,18225.0,97871.0,2.0,118.77
multi_kernel,-55.95147895812988,1,18159.0,97871.0,2.0,120.52
multi_kernel,-55.95147895812988,2,18153.0,97871.0,1.0,118.75
multi_kernel,-55.95147895812988,3,17991.0,97871.0,2.0,119.73
multi_kernel,-55.75147891044617,0,18225.0,97871.0,1.0,118.75
multi_kernel,-55.75147891044617,1,18159.0,97871.0,2.0,120.57
multi_kernel,-55.75147891044617,2,18153.0,97871.0,2.0,118.77
multi_kernel,-55.75147891044617,3,17991.0,97871.0,2.0,119.73
multi_kernel,-55.55147910118103,0,18225.0,97871.0,2.0,118.74
multi_kernel,-55.55147910118103,1,18159.0,97871.0,1.0,120.56
multi_kernel,-55.55147910118103,2,18153.0,97871.0,1.0,118.79
multi_kernel,-55.55147910118103,3,17991.0,97871.0,1.0,119.72
multi_kernel,-55.351479053497314,0,18225.0,97871.0,2.0,118.77
multi_kernel,-55.35047888755798,1,18159.0,97871.0,2.0,120.57
multi_kernel,-55.35047888755798,2,18153.0,97871.0,2.0,118.8
multi_kernel,-55.35047888755798,3,17991.0,97871.0,2.0,119.63
multi_kernel,-55.15047907829285,0,18225.0,97871.0,1.0,118.73
multi_kernel,-55.15047907829285,1,18159.0,97871.0,1.0,120.51
multi_kernel,-55.15047907829285,2,18153.0,97871.0,1.0,118.79
multi_kernel,-55.15047907829285,3,17991.0,97871.0,1.0,119.69
multi_kernel,-54.95047903060913,0,18225.0,97871.0,2.0,118.7
multi_kernel,-54.95047903060913,1,18159.0,97871.0,2.0,120.52
multi_kernel,-54.95047903060913,2,18153.0,97871.0,2.0,118.78
multi_kernel,-54.95047903060913,3,17991.0,97871.0,2.0,119.71
multi_kernel,-54.750478982925415,0,18225.0,97871.0,2.0,118.72
multi_kernel,-54.74947905540466,1,18159.0,97871.0,1.0,120.54
multi_kernel,-54.74947905540466,2,18153.0,97871.0,1.0,118.75
multi_kernel,-54.74947905540466,3,17991.0,97871.0,1.0,119.7
multi_kernel,-54.54947900772095,0,18225.0,97871.0,1.0,118.72
multi_kernel,-54.54947900772095,1,18159.0,97871.0,2.0,120.55
multi_kernel,-54.54947900772095,2,18153.0,97871.0,1.0,118.73
multi_kernel,-54.54947900772095,3,17991.0,97871.0,2.0,119.65
multi_kernel,-54.34947896003723,0,18225.0,97871.0,2.0,118.7
multi_kernel,-54.34947896003723,1,18159.0,97871.0,1.0,120.57
multi_kernel,-54.34947896003723,2,18153.0,97871.0,2.0,118.72
multi_kernel,-54.34947896003723,3,17991.0,97871.0,2.0,119.72
multi_kernel,-54.149478912353516,0,18225.0,97871.0,1.0,118.72
multi_kernel,-54.149478912353516,1,18159.0,97871.0,1.0,120.56
multi_kernel,-54.149478912353516,2,18153.0,97871.0,1.0,118.72
multi_kernel,-54.149478912353516,3,17991.0,97871.0,2.0,119.73
multi_kernel,-53.94847893714905,0,18225.0,97871.0,1.0,118.75
multi_kernel,-53.94847893714905,1,18159.0,97871.0,2.0,120.55
multi_kernel,-53.94847893714905,2,18153.0,97871.0,2.0,118.72
multi_kernel,-53.94847893714905,3,17991.0,97871.0,2.0,119.71
multi_kernel,-53.74847888946533,0,18225.0,97871.0,2.0,118.73
multi_kernel,-53.74847888946533,1,18159.0,97871.0,1.0,120.52
multi_kernel,-53.74847888946533,2,18153.0,97871.0,1.0,118.71
multi_kernel,-53.74847888946533,3,17991.0,97871.0,2.0,119.69
multi_kernel,-53.548479080200195,0,18225.0,97871.0,1.0,118.75
multi_kernel,-53.548479080200195,1,18159.0,97871.0,2.0,120.53
multi_kernel,-53.548479080200195,2,18153.0,97871.0,1.0,118.72
multi_kernel,-53.548479080200195,3,17991.0,97871.0,2.0,119.74
multi_kernel,-53.34847903251648,0,18225.0,97871.0,2.0,118.77
multi_kernel,-53.34847903251648,1,18159.0,97871.0,1.0,120.53
multi_kernel,-53.34747910499573,2,18153.0,97871.0,2.0,118.71
multi_kernel,-53.34747910499573,3,17991.0,97871.0,2.0,119.78
multi_kernel,-53.14747905731201,0,18225.0,97871.0,2.0,118.75
multi_kernel,-53.14747905731201,1,18159.0,97871.0,2.0,120.55
multi_kernel,-53.14747905731201,2,18153.0,97871.0,1.0,118.73
multi_kernel,-53.14747905731201,3,17991.0,97871.0,2.0,119.74
multi_kernel,-52.947479009628296,0,18225.0,97871.0,1.0,118.73
multi_kernel,-52.947479009628296,1,18159.0,97871.0,1.0,120.56
multi_kernel,-52.947479009628296,2,18153.0,97871.0,2.0,118.73
multi_kernel,-52.947479009628296,3,17991.0,97871.0,2.0,119.73
multi_kernel,-52.74747896194458,0,18225.0,97871.0,2.0,118.75
multi_kernel,-52.74747896194458,1,18159.0,97871.0,2.0,120.59
multi_kernel,-52.74747896194458,2,18153.0,97871.0,4.0,118.78
multi_kernel,-52.74747896194458,3,17991.0,97871.0,2.0,119.76
multi_kernel,-52.547478914260864,0,18225.0,97871.0,2.0,118.74
multi_kernel,-52.54647898674011,1,18159.0,97871.0,2.0,120.61
multi_kernel,-52.54647898674011,2,18153.0,97871.0,2.0,118.79
multi_kernel,-52.54647898674011,3,17991.0,97871.0,2.0,119.79
multi_kernel,-52.3464789390564,0,18225.0,97871.0,1.0,118.72
multi_kernel,-52.3464789390564,1,18159.0,97871.0,2.0,120.65
multi_kernel,-52.3464789390564,2,18153.0,97871.0,1.0,118.8
multi_kernel,-52.3464789390564,3,17991.0,97871.0,2.0,119.73
multi_kernel,-52.14647889137268,0,18225.0,97871.0,2.0,118.75
multi_kernel,-52.14647889137268,1,18159.0,97871.0,2.0,120.65
multi_kernel,-52.14647889137268,2,18153.0,97871.0,2.0,118.79
multi_kernel,-52.14647889137268,3,17991.0,97871.0,1.0,119.72
multi_kernel,-51.946479082107544,0,18225.0,97871.0,1.0,118.81
multi_kernel,-51.94547891616821,1,18159.0,97871.0,2.0,120.69
multi_kernel,-51.94547891616821,2,18153.0,97871.0,1.0,118.79
multi_kernel,-51.94547891616821,3,17991.0,97871.0,2.0,119.75
multi_kernel,-51.745479106903076,0,18225.0,97871.0,1.0,118.79
multi_kernel,-51.745479106903076,1,18159.0,97871.0,2.0,120.64
multi_kernel,-51.745479106903076,2,18153.0,97871.0,2.0,118.77
multi_kernel,-51.745479106903076,3,17991.0,97871.0,1.0,119.8
multi_kernel,-51.54547905921936,0,18225.0,97871.0,2.0,118.82
multi_kernel,-51.54547905921936,1,18159.0,97871.0,1.0,120.62
multi_kernel,-51.54547905921936,2,18153.0,97871.0,2.0,118.77
multi_kernel,-51.54547905921936,3,17991.0,97871.0,2.0,119.77
multi_kernel,-51.345479011535645,0,18225.0,97871.0,1.0,118.83
multi_kernel,-51.34447908401489,1,18159.0,97871.0,2.0,120.63
multi_kernel,-51.34447908401489,2,18153.0,97871.0,1.0,118.81
multi_kernel,-51.34447908401489,3,17991.0,97871.0,1.0,119.79
multi_kernel,-51.14447903633118,0,18225.0,97871.0,1.0,118.81
multi_kernel,-51.14447903633118,1,18159.0,97871.0,1.0,120.63
multi_kernel,-51.14447903633118,2,18153.0,97871.0,2.0,118.81
multi_kernel,-51.14447903633118,3,17991.0,97871.0,2.0,119.86
multi_kernel,-50.94447898864746,0,18225.0,97871.0,2.0,118.83
multi_kernel,-50.94447898864746,1,18159.0,97871.0,2.0,120.61
multi_kernel,-50.94447898864746,2,18153.0,97871.0,4.0,118.86
multi_kernel,-50.94447898864746,3,17991.0,97871.0,1.0,119.87
multi_kernel,-50.744478940963745,0,18225.0,97871.0,4.0,118.87
multi_kernel,-50.74347901344299,1,18159.0,97871.0,4.0,120.68
multi_kernel,-50.74347901344299,2,18153.0,97871.0,2.0,118.86
multi_kernel,-50.74347901344299,3,17991.0,97871.0,2.0,119.79
multi_kernel,-50.54347896575928,0,18225.0,97871.0,2.0,118.87
multi_kernel,-50.54347896575928,1,18159.0,97871.0,1.0,120.67
multi_kernel,-50.54347896575928,2,18153.0,97871.0,2.0,118.87
multi_kernel,-50.54347896575928,3,17991.0,97871.0,4.0,119.84
multi_kernel,-50.34347891807556,0,18225.0,97871.0,1.0,118.87
multi_kernel,-50.34347891807556,1,18159.0,97871.0,2.0,120.65
multi_kernel,-50.34347891807556,2,18153.0,97871.0,2.0,118.85
multi_kernel,-50.34347891807556,3,17991.0,97871.0,2.0,119.86
multi_kernel,-50.143479108810425,0,18225.0,97871.0,1.0,118.86
multi_kernel,-50.142478942871094,1,18159.0,97871.0,1.0,120.63
multi_kernel,-50.142478942871094,2,18153.0,97871.0,2.0,118.87
multi_kernel,-50.142478942871094,3,17991.0,97871.0,4.0,119.87
multi_kernel,-49.94247889518738,0,18225.0,97871.0,2.0,118.81
multi_kernel,-49.94247889518738,1,18159.0,97871.0,1.0,120.63
multi_kernel,-49.94247889518738,2,18153.0,97871.0,1.0,118.86
multi_kernel,-49.94247889518738,3,17991.0,97871.0,1.0,119.83
multi_kernel,-49.74247908592224,0,18225.0,97871.0,1.0,118.77
multi_kernel,-49.74247908592224,1,18159.0,97871.0,2.0,120.56
multi_kernel,-49.74247908592224,2,18153.0,97871.0,2.0,118.86
multi_kernel,-49.74247908592224,3,17991.0,97871.0,2.0,119.83
multi_kernel,-49.542479038238525,0,18225.0,97871.0,1.0,118.77
multi_kernel,-49.54147911071777,1,18159.0,97871.0,1.0,120.56
multi_kernel,-49.54147911071777,2,18153.0,97871.0,1.0,118.86
multi_kernel,-49.54147911071777,3,17991.0,97871.0,2.0,119.81
multi_kernel,-49.34147906303406,0,18225.0,97871.0,2.0,118.81
multi_kernel,-49.34147906303406,1,18159.0,97871.0,2.0,120.55
multi_kernel,-49.34147906303406,2,18153.0,97871.0,2.0,118.84
multi_kernel,-49.34147906303406,3,17991.0,97871.0,1.0,119.78
multi_kernel,-49.14147901535034,0,18225.0,97871.0,1.0,118.75
multi_kernel,-49.14147901535034,1,18159.0,97871.0,1.0,120.56
multi_kernel,-49.14147901535034,2,18153.0,97871.0,1.0,118.82
multi_kernel,-49.14147901535034,3,17991.0,97871.0,2.0,119.72
multi_kernel,-48.941478967666626,0,18225.0,97871.0,2.0,118.74
multi_kernel,-48.940479040145874,1,18159.0,97871.0,1.0,120.57
multi_kernel,-48.940479040145874,2,18153.0,97871.0,2.0,118.81
multi_kernel,-48.940479040145874,3,17991.0,97871.0,1.0,119.73
multi_kernel,-48.74047899246216,0,18225.0,97871.0,2.0,118.78
multi_kernel,-48.74047899246216,1,18159.0,97871.0,2.0,120.6
multi_kernel,-48.74047899246216,2,18153.0,97871.0,2.0,118.79
multi_kernel,-48.74047899246216,3,17991.0,97871.0,2.0,119.75
multi_kernel,-48.54047894477844,0,18225.0,97871.0,2.0,118.8
multi_kernel,-48.54047894477844,1,18159.0,97871.0,1.0,120.6
multi_kernel,-48.54047894477844,2,18153.0,97871.0,1.0,118.81
multi_kernel,-48.54047894477844,3,17991.0,97871.0,2.0,119.75
multi_kernel,-48.34047889709473,0,18225.0,97871.0,1.0,118.74
multi_kernel,-48.34047889709473,1,18159.0,97871.0,2.0,120.61
multi_kernel,-48.339478969573975,2,18153.0,97871.0,2.0,118.81
multi_kernel,-48.339478969573975,3,17991.0,97871.0,2.0,119.69
multi_kernel,-48.13947892189026,0,18225.0,97871.0,2.0,118.82
multi_kernel,-48.13947892189026,1,18159.0,97871.0,1.0,120.62
multi_kernel,-48.13947892189026,2,18153.0,97871.0,1.0,118.81
multi_kernel,-48.13947892189026,3,17991.0,97871.0,1.0,119.73
multi_kernel,-47.93947911262512,0,18225.0,97871.0,1.0,118.83
multi_kernel,-47.93947911262512,1,18159.0,97871.0,2.0,120.62
multi_kernel,-47.93947911262512,2,18153.0,97871.0,2.0,118.81
multi_kernel,-47.93947911262512,3,17991.0,97871.0,1.0,119.76
multi_kernel,-47.739479064941406,0,18225.0,97871.0,1.0,118.77
multi_kernel,-47.739479064941406,1,18159.0,97871.0,2.0,120.6
multi_kernel,-47.738478899002075,2,18153.0,97871.0,1.0,118.79
multi_kernel,-47.738478899002075,3,17991.0,97871.0,2.0,119.79
multi_kernel,-47.53847908973694,0,18225.0,97871.0,1.0,118.76
multi_kernel,-47.53847908973694,1,18159.0,97871.0,2.0,120.61
multi_kernel,-47.53847908973694,2,18153.0,97871.0,2.0,118.78
multi_kernel,-47.53847908973694,3,17991.0,97871.0,1.0,119.72
multi_kernel,-47.33847904205322,0,18225.0,97871.0,1.0,118.81
multi_kernel,-47.33847904205322,1,18159.0,97871.0,2.0,120.61
multi_kernel,-47.33847904205322,2,18153.0,97871.0,1.0,118.78
multi_kernel,-47.33847904205322,3,17991.0,97871.0,2.0,119.81
multi_kernel,-47.13847899436951,0,18225.0,97871.0,1.0,118.83
multi_kernel,-47.13847899436951,1,18159.0,97871.0,1.0,120.62
multi_kernel,-47.137479066848755,2,18153.0,97871.0,2.0,118.79
multi_kernel,-47.137479066848755,3,17991.0,97871.0,1.0,119.83
multi_kernel,-46.93747901916504,0,18225.0,97871.0,2.0,118.82
multi_kernel,-46.93747901916504,1,18159.0,97871.0,2.0,120.64
multi_kernel,-46.93747901916504,2,18153.0,97871.0,2.0,118.81
multi_kernel,-46.93747901916504,3,17991.0,97871.0,2.0,119.83
multi_kernel,-46.73747897148132,0,18225.0,97871.0,1.0,118.83
multi_kernel,-46.73747897148132,1,18159.0,97871.0,1.0,120.64
multi_kernel,-46.73747897148132,2,18153.0,97871.0,1.0,118.83
multi_kernel,-46.73747897148132,3,17991.0,97871.0,2.0,119.79
multi_kernel,-46.53747892379761,0,18225.0,97871.0,1.0,118.83
multi_kernel,-46.53747892379761,1,18159.0,97871.0,2.0,120.65
multi_kernel,-46.536478996276855,2,18153.0,97871.0,2.0,118.87
multi_kernel,-46.536478996276855,3,17991.0,97871.0,1.0,119.85
multi_kernel,-46.33647894859314,0,18225.0,97871.0,2.0,118.79
multi_kernel,-46.33647894859314,1,18159.0,97871.0,1.0,120.66
multi_kernel,-46.33647894859314,2,18153.0,97871.0,1.0,118.86
multi_kernel,-46.33647894859314,3,17991.0,97871.0,2.0,119.87
multi_kernel,-46.136478900909424,0,18225.0,97871.0,1.0,118.79
multi_kernel,-46.136478900909424,1,18159.0,97871.0,2.0,120.68
multi_kernel,-46.136478900909424,2,18153.0,97871.0,2.0,118.87
multi_kernel,-46.136478900909424,3,17991.0,97871.0,1.0,119.89
multi_kernel,-45.93647909164429,0,18225.0,97871.0,1.0,118.81
multi_kernel,-45.93647909164429,1,18159.0,97871.0,2.0,120.68
multi_kernel,-45.935478925704956,2,18153.0,97871.0,1.0,118.86
multi_kernel,-45.935478925704956,3,17991.0,97871.0,2.0,119.86
multi_kernel,-45.73547887802124,0,18225.0,97871.0,2.0,118.82
multi_kernel,-45.73547887802124,1,18159.0,97871.0,1.0,120.69
multi_kernel,-45.73547887802124,2,18153.0,97871.0,2.0,118.85
multi_kernel,-45.73547887802124,3,17991.0,97871.0,1.0,119.94
multi_kernel,-45.5354790687561,0,18225.0,97871.0,1.0,118.81
multi_kernel,-45.5354790687561,1,18159.0,97871.0,2.0,120.67
multi_kernel,-45.5354790687561,2,18153.0,97871.0,1.0,118.84
multi_kernel,-45.5354790687561,3,17991.0,97871.0,1.0,119.95
multi_kernel,-45.33547902107239,0,18225.0,97871.0,2.0,118.86
multi_kernel,-45.334479093551636,1,18159.0,97871.0,1.0,120.67
multi_kernel,-45.334479093551636,2,18153.0,97871.0,2.0,118.82
multi_kernel,-45.334479093551636,3,17991.0,97871.0,2.0,119.93
multi_kernel,-45.13447904586792,0,18225.0,97871.0,2.0,118.86
multi_kernel,-45.13447904586792,1,18159.0,97871.0,2.0,120.67
multi_kernel,-45.13447904586792,2,18153.0,97871.0,1.0,118.82
multi_kernel,-45.13447904586792,3,17991.0,97871.0,1.0,119.86
multi_kernel,-44.934478998184204,0,18225.0,97871.0,1.0,118.82
multi_kernel,-44.934478998184204,1,18159.0,97871.0,1.0,120.68
multi_kernel,-44.934478998184204,2,18153.0,97871.0,2.0,118.86
multi_kernel,-44.934478998184204,3,17991.0,97871.0,2.0,119.9
multi_kernel,-44.73447895050049,0,18225.0,97871.0,2.0,118.84
multi_kernel,-44.73447895050049,1,18159.0,97871.0,2.0,120.7
multi_kernel,-44.73447895050049,2,18153.0,97871.0,2.0,118.86
multi_kernel,-44.733479022979736,3,17991.0,97871.0,1.0,119.88
multi_kernel,-44.53347897529602,0,18225.0,97871.0,1.0,118.88
multi_kernel,-44.53347897529602,1,18159.0,97871.0,2.0,120.7
multi_kernel,-44.53347897529602,2,18153.0,97871.0,1.0,118.86
multi_kernel,-44.53347897529602,3,17991.0,97871.0,2.0,119.83
multi_kernel,-44.333478927612305,0,18225.0,97871.0,2.0,118.85
multi_kernel,-44.333478927612305,1,18159.0,97871.0,1.0,120.72
multi_kernel,-44.333478927612305,2,18153.0,97871.0,2.0,118.86
multi_kernel,-44.333478927612305,3,17991.0,97871.0,2.0,119.77
multi_kernel,-44.13347887992859,0,18225.0,97871.0,2.0,118.85
multi_kernel,-44.13347887992859,1,18159.0,97871.0,2.0,120.71
multi_kernel,-44.13247895240784,2,18153.0,97871.0,1.0,118.88
multi_kernel,-44.13247895240784,3,17991.0,97871.0,1.0,119.85
multi_kernel,-43.93247890472412,0,18225.0,97871.0,1.0,118.91
multi_kernel,-43.93247890472412,1,18159.0,97871.0,1.0,120.71
multi_kernel,-43.93247890472412,2,18153.0,97871.0,2.0,118.85
multi_kernel,-43.93247890472412,3,17991.0,97871.0,2.0,119.85
multi_kernel,-43.732479095458984,0,18225.0,97871.0,2.0,118.89
multi_kernel,-43.732479095458984,1,18159.0,97871.0,2.0,120.7
multi_kernel,-43.732479095458984,2,18153.0,97871.0,1.0,118.83
multi_kernel,-43.732479095458984,3,17991.0,97871.0,1.0,119.81
multi_kernel,-43.53247904777527,0,18225.0,97871.0,1.0,118.9
multi_kernel,-43.53247904777527,1,18159.0,97871.0,1.0,120.69
multi_kernel,-43.53247904777527,2,18153.0,97871.0,2.0,118.84
multi_kernel,-43.53147888183594,3,17991.0,97871.0,2.0,119.83
multi_kernel,-43.3314790725708,0,18225.0,97871.0,1.0,118.93
multi_kernel,-43.3314790725708,1,18159.0,97871.0,2.0,120.68
multi_kernel,-43.3314790725708,2,18153.0,97871.0,1.0,118.81
multi_kernel,-43.3314790725708,3,17991.0,97871.0,2.0,119.88
multi_kernel,-43.131479024887085,0,18225.0,97871.0,2.0,118.93
multi_kernel,-43.131479024887085,1,18159.0,97871.0,1.0,120.65
multi_kernel,-43.131479024887085,2,18153.0,97871.0,2.0,118.8
multi_kernel,-43.131479024887085,3,17991.0,97871.0,1.0,119.88
multi_kernel,-42.93147897720337,0,18225.0,97871.0,1.0,118.9
multi_kernel,-42.93147897720337,1,18159.0,97871.0,2.0,120.65
multi_kernel,-42.93147897720337,2,18153.0,97871.0,2.0,118.8
multi_kernel,-42.93147897720337,3,17991.0,97871.0,2.0,119.83
multi_kernel,-42.7304790019989,0,18225.0,97871.0,2.0,118.89
multi_kernel,-42.7304790019989,1,18159.0,97871.0,2.0,120.64
multi_kernel,-42.7304790019989,2,18153.0,97871.0,1.0,118.81
multi_kernel,-42.7304790019989,3,17991.0,97871.0,1.0,119.83
multi_kernel,-42.530478954315186,0,18225.0,97871.0,2.0,118.86
multi_kernel,-42.530478954315186,1,18159.0,97871.0,1.0,120.65
multi_kernel,-42.530478954315186,2,18153.0,97871.0,2.0,118.84
multi_kernel,-42.530478954315186,3,17991.0,97871.0,2.0,119.88
multi_kernel,-42.33047890663147,0,18225.0,97871.0,1.0,118.82
multi_kernel,-42.33047890663147,1,18159.0,97871.0,2.0,120.64
multi_kernel,-42.33047890663147,2,18153.0,97871.0,1.0,118.82
multi_kernel,-42.33047890663147,3,17991.0,97871.0,1.0,119.88
multi_kernel,-42.129478931427,0,18225.0,97871.0,2.0,118.81
multi_kernel,-42.129478931427,1,18159.0,97871.0,1.0,120.67
multi_kernel,-42.129478931427,2,18153.0,97871.0,2.0,118.83
multi_kernel,-42.129478931427,3,17991.0,97871.0,1.0,119.83
multi_kernel,-41.929478883743286,0,18225.0,97871.0,1.0,118.86
multi_kernel,-41.929478883743286,1,18159.0,97871.0,2.0,120.67
multi_kernel,-41.929478883743286,2,18153.0,97871.0,0.0,118.87
multi_kernel,-41.929478883743286,3,17991.0,97871.0,2.0,119.85
multi_kernel,-41.72947907447815,0,18225.0,97871.0,1.0,118.87
multi_kernel,-41.72947907447815,1,18159.0,97871.0,1.0,120.68
multi_kernel,-41.72947907447815,2,18153.0,97871.0,0.0,118.9
multi_kernel,-41.72947907447815,3,17991.0,97871.0,1.0,119.9
multi_kernel,-41.52847909927368,0,18225.0,97871.0,2.0,118.88
multi_kernel,-41.52847909927368,1,18159.0,97871.0,2.0,120.67
multi_kernel,-41.52847909927368,2,18153.0,97871.0,0.0,118.9
multi_kernel,-41.52847909927368,3,17991.0,97871.0,2.0,119.89
multi_kernel,-41.328479051589966,0,18225.0,97871.0,1.0,118.93
multi_kernel,-41.328479051589966,1,18159.0,97871.0,0.0,120.69
multi_kernel,-41.328479051589966,2,18153.0,97871.0,0.0,118.94
multi_kernel,-41.328479051589966,3,17991.0,97871.0,1.0,119.83
multi_kernel,-41.12847900390625,0,18225.0,97871.0,2.0,118.94
multi_kernel,-41.12847900390625,1,18159.0,97871.0,0.0,120.69
multi_kernel,-41.12847900390625,2,18153.0,97871.0,0.0,118.96
multi_kernel,-41.12847900390625,3,17991.0,97871.0,2.0,119.83
multi_kernel,-40.92747902870178,0,18225.0,97871.0,2.0,118.89
multi_kernel,-40.92747902870178,1,18159.0,97871.0,0.0,120.71
multi_kernel,-40.92747902870178,2,18153.0,97871.0,0.0,118.98
multi_kernel,-40.92747902870178,3,17991.0,97871.0,1.0,119.85
multi_kernel,-40.727478981018066,0,18225.0,97871.0,2.0,118.9
multi_kernel,-40.727478981018066,1,18159.0,97871.0,0.0,120.74
multi_kernel,-40.727478981018066,2,18153.0,97871.0,0.0,119.0
multi_kernel,-40.727478981018066,3,17991.0,97871.0,2.0,119.84
multi_kernel,-40.52747893333435,0,18225.0,97871.0,2.0,118.92
multi_kernel,-40.52747893333435,1,18159.0,97871.0,0.0,120.79
multi_kernel,-40.52747893333435,2,18153.0,97871.0,0.0,119.02
multi_kernel,-40.52747893333435,3,17991.0,97871.0,1.0,119.79
multi_kernel,-40.32647895812988,0,18225.0,97871.0,2.0,118.9
multi_kernel,-40.32647895812988,1,18159.0,97871.0,0.0,120.8
multi_kernel,-40.32647895812988,2,18153.0,97871.0,0.0,119.01
multi_kernel,-40.32647895812988,3,17991.0,97871.0,0.0,119.84
multi_kernel,-40.12647891044617,0,18225.0,97871.0,2.0,118.9
multi_kernel,-40.12647891044617,1,18159.0,97871.0,0.0,120.8
multi_kernel,-40.12647891044617,2,18153.0,97871.0,0.0,119.0
multi_kernel,-40.12647891044617,3,17991.0,97871.0,0.0,119.91
multi_kernel,-39.92647910118103,0,18225.0,97871.0,2.0,118.93
multi_kernel,-39.92647910118103,1,18159.0,97871.0,0.0,120.81
multi_kernel,-39.92647910118103,2,18153.0,97871.0,0.0,119.0
multi_kernel,-39.92647910118103,3,17991.0,97871.0,0.0,119.95
multi_kernel,-39.72547888755798,0,18225.0,97871.0,2.0,118.91
multi_kernel,-39.72547888755798,1,18159.0,97871.0,0.0,120.81
multi_kernel,-39.72547888755798,2,18153.0,97871.0,0.0,118.98
multi_kernel,-39.72547888755798,3,17991.0,97871.0,0.0,119.93
multi_kernel,-39.52547907829285,0,18225.0,97871.0,2.0,118.89
multi_kernel,-39.52547907829285,1,18159.0,97871.0,0.0,120.79
multi_kernel,-39.52547907829285,2,18153.0,97871.0,0.0,118.99
multi_kernel,-39.52547907829285,3,17991.0,97871.0,0.0,120.01
multi_kernel,-39.32547903060913,0,18225.0,97871.0,2.0,118.93
multi_kernel,-39.32547903060913,1,18159.0,97871.0,0.0,120.81
multi_kernel,-39.32547903060913,2,18153.0,97871.0,0.0,119.0
multi_kernel,-39.32547903060913,3,17991.0,97871.0,0.0,120.05
multi_kernel,-39.125478982925415,0,18225.0,97871.0,2.0,118.91
multi_kernel,-39.12447905540466,1,18159.0,97871.0,0.0,120.79
multi_kernel,-39.12447905540466,2,18153.0,97871.0,0.0,119.03
multi_kernel,-39.12447905540466,3,17991.0,97871.0,0.0,120.03
multi_kernel,-38.92447900772095,0,18225.0,97871.0,2.0,118.9
multi_kernel,-38.92447900772095,1,18159.0,97871.0,0.0,120.81
multi_kernel,-38.92447900772095,2,18153.0,97871.0,0.0,119.05
multi_kernel,-38.92447900772095,3,17991.0,97871.0,0.0,119.97
multi_kernel,-38.72447896003723,0,18225.0,97871.0,2.0,118.94
multi_kernel,-38.72447896003723,1,18159.0,97871.0,0.0,120.81
multi_kernel,-38.72447896003723,2,18153.0,97871.0,0.0,119.08
multi_kernel,-38.72447896003723,3,17991.0,97871.0,0.0,120.03
multi_kernel,-38.524478912353516,0,18225.0,97871.0,0.0,118.98
multi_kernel,-38.523478984832764,1,18159.0,97871.0,0.0,120.83
multi_kernel,-38.523478984832764,2,18153.0,97871.0,0.0,119.09
multi_kernel,-38.523478984832764,3,17991.0,97871.0,0.0,120.06
multi_kernel,-38.32347893714905,0,18225.0,97871.0,0.0,118.92
multi_kernel,-38.32347893714905,1,18159.0,97871.0,0.0,120.84
multi_kernel,-38.32347893714905,2,18153.0,97871.0,0.0,119.08
multi_kernel,-38.32347893714905,3,17991.0,97871.0,0.0,120.0
multi_kernel,-38.12347888946533,0,18225.0,97871.0,0.0,118.94
multi_kernel,-38.12347888946533,1,18159.0,97871.0,0.0,120.87
multi_kernel,-38.12347888946533,2,18153.0,97871.0,0.0,119.07
multi_kernel,-38.12347888946533,3,17991.0,97871.0,0.0,119.96
multi_kernel,-37.923479080200195,0,18225.0,97871.0,0.0,118.98
multi_kernel,-37.922478914260864,1,18159.0,97871.0,0.0,120.86
multi_kernel,-37.922478914260864,2,18153.0,97871.0,0.0,119.04
multi_kernel,-37.922478914260864,3,17991.0,97871.0,0.0,120.0
multi_kernel,-37.72247910499573,0,18225.0,97871.0,0.0,118.97
multi_kernel,-37.72247910499573,1,18159.0,97871.0,0.0,120.85
multi_kernel,-37.72247910499573,2,18153.0,97871.0,0.0,119.02
multi_kernel,-37.72247910499573,3,17991.0,97871.0,0.0,119.99
multi_kernel,-37.52247905731201,0,18225.0,97871.0,0.0,118.98
multi_kernel,-37.52247905731201,1,18159.0,97871.0,0.0,120.84
multi_kernel,-37.52247905731201,2,18153.0,97871.0,0.0,119.02
multi_kernel,-37.52247905731201,3,17991.0,97871.0,0.0,119.92
multi_kernel,-37.322479009628296,0,18225.0,97871.0,0.0,119.01
multi_kernel,-37.322479009628296,1,18159.0,97871.0,0.0,120.83
multi_kernel,-37.322479009628296,2,18153.0,97871.0,0.0,119.03
multi_kernel,-37.321479082107544,3,17991.0,97871.0,0.0,119.93
multi_kernel,-37.12147903442383,0,18225.0,97871.0,0.0,119.01
multi_kernel,-37.12147903442383,1,18159.0,97871.0,0.0,120.81
multi_kernel,-37.12147903442383,2,18153.0,97871.0,0.0,119.05
multi_kernel,-37.12147903442383,3,17991.0,97871.0,0.0,119.97
multi_kernel,-36.92147898674011,0,18225.0,97871.0,0.0,118.99
multi_kernel,-36.92147898674011,1,18159.0,97871.0,0.0,120.82
multi_kernel,-36.92147898674011,2,18153.0,97871.0,0.0,119.05
multi_kernel,-36.92147898674011,3,17991.0,97871.0,0.0,119.96
multi_kernel,-36.7214789390564,0,18225.0,97871.0,0.0,119.02
multi_kernel,-36.7214789390564,1,18159.0,97871.0,0.0,120.83
multi_kernel,-36.7214789390564,2,18153.0,97871.0,0.0,119.07
multi_kernel,-36.7214789390564,3,17991.0,97871.0,0.0,119.91
multi_kernel,-36.52047896385193,0,18225.0,97871.0,0.0,119.04
multi_kernel,-36.52047896385193,1,18159.0,97871.0,0.0,120.82
multi_kernel,-36.52047896385193,2,18153.0,97871.0,0.0,119.09
multi_kernel,-36.52047896385193,3,17991.0,97871.0,0.0,119.94
multi_kernel,-36.32047891616821,0,18225.0,97871.0,0.0,119.02
multi_kernel,-36.32047891616821,1,18159.0,97871.0,0.0,120.82
multi_kernel,-36.32047891616821,2,18153.0,97871.0,0.0,119.09
multi_kernel,-36.32047891616821,3,17991.0,97871.0,0.0,119.88
multi_kernel,-36.120479106903076,0,18225.0,97871.0,0.0,119.01
multi_kernel,-36.120479106903076,1,18159.0,97871.0,0.0,120.83
multi_kernel,-36.120479106903076,2,18153.0,97871.0,0.0,119.07
multi_kernel,-36.120479106903076,3,17991.0,97871.0,0.0,119.93
multi_kernel,-35.91947889328003,0,18225.0,97871.0,0.0,119.0
multi_kernel,-35.91947889328003,1,18159.0,97871.0,0.0,120.83
multi_kernel,-35.91947889328003,2,18153.0,97871.0,0.0,119.08
multi_kernel,-35.91947889328003,3,17991.0,97871.0,0.0,119.95
multi_kernel,-35.71947908401489,0,18225.0,97871.0,0.0,118.95
multi_kernel,-35.71947908401489,1,18159.0,97871.0,0.0,120.85
multi_kernel,-35.71947908401489,2,18153.0,97871.0,0.0,119.05
multi_kernel,-35.71947908401489,3,17991.0,97871.0,0.0,119.94
multi_kernel,-35.51947903633118,0,18225.0,97871.0,0.0,118.91
multi_kernel,-35.51947903633118,1,18159.0,97871.0,0.0,120.85
multi_kernel,-35.51947903633118,2,18153.0,97871.0,0.0,119.04
multi_kernel,-35.51947903633118,3,17991.0,97871.0,0.0,119.91
multi_kernel,-35.31947898864746,0,18225.0,97871.0,0.0,118.96
multi_kernel,-35.31847906112671,1,18159.0,97871.0,0.0,120.84
multi_kernel,-35.31847906112671,2,18153.0,97871.0,0.0,119.02
multi_kernel,-35.31847906112671,3,17991.0,97871.0,0.0,119.97
multi_kernel,-35.11847901344299,0,18225.0,97871.0,0.0,118.99
multi_kernel,-35.11847901344299,1,18159.0,97871.0,0.0,120.84
multi_kernel,-35.11847901344299,2,18153.0,97871.0,0.0,119.05
multi_kernel,-35.11847901344299,3,17991.0,97871.0,0.0,119.97
multi_kernel,-34.91847896575928,0,18225.0,97871.0,0.0,119.0
multi_kernel,-34.91847896575928,1,18159.0,97871.0,0.0,120.83
multi_kernel,-34.91847896575928,2,18153.0,97871.0,0.0,119.04
multi_kernel,-34.91847896575928,3,17991.0,97871.0,0.0,119.95
multi_kernel,-34.71847891807556,0,18225.0,97871.0,0.0,119.03
multi_kernel,-34.71747899055481,1,18159.0,97871.0,0.0,120.82
multi_kernel,-34.71747899055481,2,18153.0,97871.0,0.0,119.04
multi_kernel,-34.71747899055481,3,17991.0,97871.0,0.0,119.92
multi_kernel,-34.517478942871094,0,18225.0,97871.0,0.0,119.04
multi_kernel,-34.517478942871094,1,18159.0,97871.0,0.0,120.84
multi_kernel,-34.517478942871094,2,18153.0,97871.0,0.0,119.04
multi_kernel,-34.517478942871094,3,17991.0,97871.0,0.0,119.97
multi_kernel,-34.31747889518738,0,18225.0,97871.0,0.0,119.0
multi_kernel,-34.31747889518738,1,18159.0,97871.0,0.0,120.86
multi_kernel,-34.31747889518738,2,18153.0,97871.0,0.0,119.02
multi_kernel,-34.31747889518738,3,17991.0,97871.0,0.0,119.99
multi_kernel,-34.11747908592224,0,18225.0,97871.0,0.0,118.99
multi_kernel,-34.11747908592224,1,18159.0,97871.0,0.0,120.88
multi_kernel,-34.11647891998291,2,18153.0,97871.0,0.0,119.0
multi_kernel,-34.11647891998291,3,17991.0,97871.0,0.0,120.0
multi_kernel,-33.91647911071777,0,18225.0,97871.0,0.0,119.03
multi_kernel,-33.91647911071777,1,18159.0,97871.0,0.0,120.88
multi_kernel,-33.91647911071777,2,18153.0,97871.0,0.0,119.0
multi_kernel,-33.91647911071777,3,17991.0,97871.0,0.0,119.95
multi_kernel,-33.71647906303406,0,18225.0,97871.0,0.0,119.0
multi_kernel,-33.71647906303406,1,18159.0,97871.0,0.0,120.88
multi_kernel,-33.71647906303406,2,18153.0,97871.0,0.0,119.02
multi_kernel,-33.71647906303406,3,17991.0,97871.0,0.0,120.02
multi_kernel,-33.51647901535034,0,18225.0,97871.0,0.0,119.0
multi_kernel,-33.51647901535034,1,18159.0,97871.0,0.0,120.88
multi_kernel,-33.51547908782959,2,18153.0,97871.0,0.0,119.05
multi_kernel,-33.51547908782959,3,17991.0,97871.0,0.0,120.02
multi_kernel,-33.315479040145874,0,18225.0,97871.0,0.0,119.03
multi_kernel,-33.315479040145874,1,18159.0,97871.0,0.0,120.88
multi_kernel,-33.315479040145874,2,18153.0,97871.0,0.0,119.06
multi_kernel,-33.315479040145874,3,17991.0,97871.0,0.0,120.02
multi_kernel,-33.11547899246216,0,18225.0,97871.0,0.0,119.04
multi_kernel,-33.11547899246216,1,18159.0,97871.0,0.0,120.86
multi_kernel,-33.11547899246216,2,18153.0,97871.0,0.0,119.1
multi_kernel,-33.11547899246216,3,17991.0,97871.0,0.0,119.98
multi_kernel,-32.91547894477844,0,18225.0,97871.0,0.0,119.05
multi_kernel,-32.91547894477844,1,18159.0,97871.0,0.0,120.88
multi_kernel,-32.91547894477844,2,18153.0,97871.0,0.0,119.11
multi_kernel,-32.91547894477844,3,17991.0,97871.0,0.0,120.06
multi_kernel,-32.714478969573975,0,18225.0,97871.0,0.0,119.07
multi_kernel,-32.714478969573975,1,18159.0,97871.0,0.0,120.88
multi_kernel,-32.714478969573975,2,18153.0,97871.0,0.0,119.11
multi_kernel,-32.714478969573975,3,17991.0,97871.0,0.0,120.09
multi_kernel,-32.51447892189026,0,18225.0,97871.0,0.0,119.06
multi_kernel,-32.51447892189026,1,18159.0,97871.0,0.0,120.9
multi_kernel,-32.51447892189026,2,18153.0,97871.0,0.0,119.1
multi_kernel,-32.51447892189026,3,17991.0,97871.0,0.0,120.08
multi_kernel,-32.31447911262512,0,18225.0,97871.0,0.0,119.03
multi_kernel,-32.31447911262512,1,18159.0,97871.0,0.0,120.92
multi_kernel,-32.31447911262512,2,18153.0,97871.0,0.0,119.11
multi_kernel,-32.31447911262512,3,17991.0,97871.0,0.0,120.02
multi_kernel,-32.113478899002075,0,18225.0,97871.0,0.0,119.03
multi_kernel,-32.113478899002075,1,18159.0,97871.0,0.0,120.93
multi_kernel,-32.113478899002075,2,18153.0,97871.0,0.0,119.1
multi_kernel,-32.113478899002075,3,17991.0,97871.0,0.0,120.03
multi_kernel,-31.91347908973694,0,18225.0,97871.0,0.0,119.01
multi_kernel,-31.91347908973694,1,18159.0,97871.0,0.0,120.95
multi_kernel,-31.91347908973694,2,18153.0,97871.0,0.0,119.11
multi_kernel,-31.91347908973694,3,17991.0,97871.0,0.0,120.04
multi_kernel,-31.713479042053223,0,18225.0,97871.0,0.0,119.01
multi_kernel,-31.713479042053223,1,18159.0,97871.0,0.0,120.95
multi_kernel,-31.713479042053223,2,18153.0,97871.0,0.0,119.13
multi_kernel,-31.713479042053223,3,17991.0,97871.0,0.0,119.98
multi_kernel,-31.513478994369507,0,18225.0,97871.0,0.0,119.03
multi_kernel,-31.512479066848755,1,18159.0,97871.0,0.0,120.95
multi_kernel,-31.512479066848755,2,18153.0,97871.0,0.0,119.16
multi_kernel,-31.512479066848755,3,17991.0,97871.0,0.0,119.95
multi_kernel,-31.31247901916504,0,18225.0,97871.0,0.0,119.07
multi_kernel,-31.31247901916504,1,18159.0,97871.0,0.0,120.92
multi_kernel,-31.31247901916504,2,18153.0,97871.0,0.0,119.16
multi_kernel,-31.31247901916504,3,17991.0,97871.0,0.0,120.03
multi_kernel,-31.112478971481323,0,18225.0,97871.0,0.0,119.04
multi_kernel,-31.112478971481323,1,18159.0,97871.0,0.0,120.92
multi_kernel,-31.112478971481323,2,18153.0,97871.0,0.0,119.18
multi_kernel,-31.112478971481323,3,17991.0,97871.0,0.0,120.02
multi_kernel,-30.912478923797607,0,18225.0,97871.0,0.0,119.04
multi_kernel,-30.911478996276855,1,18159.0,97871.0,0.0,120.88
multi_kernel,-30.911478996276855,2,18153.0,97871.0,0.0,119.2
multi_kernel,-30.911478996276855,3,18339.0,97871.0,0.0,119.98
multi_kernel,-30.71147894859314,0,18225.0,97871.0,0.0,119.07
multi_kernel,-30.71147894859314,1,18507.0,97871.0,0.0,120.89
multi_kernel,-30.71147894859314,2,19037.0,97871.0,3.0,119.35
multi_kernel,-30.71147894859314,3,18983.0,97871.0,4.0,121.04
multi_kernel,-30.511478900909424,0,19109.0,97871.0,0.0,119.08
multi_kernel,-30.511478900909424,1,19151.0,97871.0,4.0,122.02
multi_kernel,-30.511478900909424,2,19145.0,97871.0,4.0,120.06
multi_kernel,-30.511478900909424,3,18983.0,97871.0,0.0,121.1
multi_kernel,-30.311479091644287,0,19217.0,97871.0,2.0,120.15
multi_kernel,-30.310478925704956,1,19151.0,97871.0,0.0,122.04
multi_kernel,-30.310478925704956,2,19145.0,97871.0,0.0,120.08
multi_kernel,-30.310478925704956,3,18983.0,97871.0,0.0,121.05
multi_kernel,-30.11047887802124,0,19217.0,97871.0,0.0,120.13
multi_kernel,-30.11047887802124,1,19151.0,97871.0,0.0,121.98
multi_kernel,-30.11047887802124,2,19145.0,97871.0,0.0,120.1
multi_kernel,-30.11047887802124,3,18983.0,97871.0,0.0,121.0
multi_kernel,-29.910479068756104,0,19217.0,97871.0,0.0,120.28
multi_kernel,-29.910479068756104,1,19151.0,97871.0,0.0,121.98
multi_kernel,-29.910479068756104,2,19145.0,97871.0,0.0,120.99
multi_kernel,-29.910479068756104,3,18985.0,97871.0,7.0,128.72
multi_kernel,-29.710479021072388,0,19217.0,97871.0,0.0,122.96
multi_kernel,-29.709479093551636,1,19153.0,97871.0,1.0,129.8
multi_kernel,-29.709479093551636,2,19147.0,97871.0,44.0,128.85
multi_kernel,-29.709479093551636,3,18985.0,97871.0,100.0,129.93
multi_kernel,-29.50947904586792,0,19327.0,97871.0,0.0,135.79
multi_kernel,-29.50947904586792,1,19261.0,97871.0,100.0,142.75
multi_kernel,-29.50947904586792,2,19255.0,97871.0,98.0,147.07
multi_kernel,-29.50947904586792,3,19093.0,97871.0,95.0,149.29
multi_kernel,-29.309478998184204,0,19327.0,97871.0,100.0,171.17
multi_kernel,-29.309478998184204,1,19261.0,97871.0,100.0,179.82
multi_kernel,-29.309478998184204,2,19255.0,97871.0,100.0,183.68
multi_kernel,-29.309478998184204,3,19093.0,97871.0,100.0,185.7
multi_kernel,-29.10947895050049,0,22015.0,97871.0,100.0,207.53
multi_kernel,-29.10947895050049,1,21949.0,97871.0,100.0,213.99
multi_kernel,-29.108479022979736,2,21943.0,97871.0,97.0,217.68
multi_kernel,-29.108479022979736,3,21781.0,97871.0,97.0,224.56
multi_kernel,-28.90847897529602,0,22015.0,97871.0,100.0,243.96
multi_kernel,-28.90847897529602,1,21949.0,97871.0,100.0,252.33
multi_kernel,-28.90847897529602,2,21943.0,97871.0,100.0,253.22
multi_kernel,-28.90847897529602,3,21781.0,97871.0,100.0,252.37
multi_kernel,-28.708478927612305,0,22015.0,97871.0,100.0,277.92
multi_kernel,-28.708478927612305,1,21949.0,97871.0,100.0,278.92
multi_kernel,-28.708478927612305,2,21943.0,97871.0,100.0,284.16
multi_kernel,-28.708478927612305,3,21781.0,97871.0,100.0,289.82
multi_kernel,-28.50847887992859,0,22015.0,97871.0,100.0,301.74
multi_kernel,-28.50847887992859,1,21949.0,97871.0,100.0,304.01
multi_kernel,-28.50847887992859,2,21943.0,97871.0,100.0,301.72
multi_kernel,-28.50847887992859,3,21781.0,97871.0,100.0,307.37
multi_kernel,-28.30747890472412,0,22719.0,97871.0,100.0,301.53
multi_kernel,-28.30747890472412,1,22461.0,97871.0,100.0,302.56
multi_kernel,-28.30747890472412,2,22455.0,97871.0,100.0,298.61
multi_kernel,-28.30747890472412,3,22485.0,97871.0,100.0,303.96
multi_kernel,-28.107479095458984,0,22719.0,97871.0,72.0,306.19
multi_kernel,-28.107479095458984,1,22461.0,97871.0,73.0,309.51
multi_kernel,-28.107479095458984,2,22455.0,97871.0,100.0,306.52
multi_kernel,-28.107479095458984,3,22485.0,97871.0,100.0,312.67
multi_kernel,-27.90747904777527,0,22719.0,97871.0,100.0,314.9
multi_kernel,-27.90747904777527,1,22461.0,97871.0,100.0,318.78
multi_kernel,-27.90747904777527,2,22455.0,97871.0,100.0,315.64
multi_kernel,-27.90747904777527,3,22485.0,97871.0,100.0,320.75
multi_kernel,-27.707479000091553,0,23037.0,97871.0,100.0,307.2
multi_kernel,-27.707479000091553,1,22709.0,97871.0,100.0,302.88
multi_kernel,-27.7064790725708,2,22703.0,97871.0,54.0,291.91
multi_kernel,-27.7064790725708,3,22793.0,97871.0,32.0,314.53
multi_kernel,-27.506479024887085,0,23255.0,97871.0,1.0,270.39
multi_kernel,-27.506479024887085,1,22779.0,97871.0,1.0,267.36
multi_kernel,-27.506479024887085,2,22991.0,97871.0,1.0,256.6
multi_kernel,-27.506479024887085,3,23021.0,97871.0,0.0,277.25
multi_kernel,-27.30647897720337,0,23255.0,97871.0,0.0,234.41
multi_kernel,-27.30647897720337,1,22839.0,97871.0,0.0,231.25
multi_kernel,-27.30647897720337,2,22991.0,97871.0,0.0,223.37
multi_kernel,-27.30647897720337,3,23021.0,97871.0,0.0,241.0
multi_kernel,-27.10347890853882,0,23255.0,97871.0,0.0,194.3
multi_kernel,-27.10347890853882,1,22909.0,97871.0,0.0,191.72
multi_kernel,-27.10347890853882,2,22991.0,97871.0,0.0,178.29
multi_kernel,-27.10347890853882,3,23021.0,97871.0,0.0,201.91
multi_kernel,-26.90347909927368,0,23255.0,97871.0,0.0,152.63
multi_kernel,-26.90247893333435,1,22997.0,97871.0,0.0,142.43
multi_kernel,-26.9014790058136,2,22991.0,97871.0,0.0,136.7
multi_kernel,-26.9014790058136,3,23021.0,97871.0,0.0,155.69
multi_kernel,-26.701478958129883,0,28899.0,97871.0,0.0,126.08
multi_kernel,-26.701478958129883,1,28641.0,97871.0,0.0,127.67
multi_kernel,-26.701478958129883,2,28635.0,97871.0,2.0,128.32
multi_kernel,-26.701478958129883,3,28665.0,97871.0,14.0,129.87
multi_kernel,-26.501478910446167,0,28899.0,97871.0,24.0,129.34
multi_kernel,-26.501478910446167,1,28641.0,97871.0,11.0,130.38
multi_kernel,-26.501478910446167,2,28635.0,97871.0,8.0,129.44
multi_kernel,-26.501478910446167,3,28665.0,97871.0,0.0,130.64
multi_kernel,-26.30147910118103,0,28899.0,97871.0,0.0,129.54
multi_kernel,-26.30147910118103,1,28641.0,97871.0,0.0,137.1
multi_kernel,-26.30147910118103,2,28635.0,97871.0,0.0,141.96
multi_kernel,-26.3004789352417,3,28665.0,97871.0,0.0,143.46
multi_kernel,-26.100478887557983,0,28899.0,97871.0,73.0,174.04
multi_kernel,-26.100478887557983,1,28641.0,97871.0,100.0,183.28
multi_kernel,-26.100478887557983,2,28635.0,97871.0,100.0,186.57
multi_kernel,-26.100478887557983,3,28665.0,97871.0,100.0,190.5
multi_kernel,-25.900479078292847,0,28899.0,97871.0,100.0,222.74
multi_kernel,-25.900479078292847,1,28641.0,97871.0,100.0,228.12
multi_kernel,-25.900479078292847,2,28635.0,97871.0,100.0,231.28
multi_kernel,-25.899478912353516,3,28665.0,97871.0,100.0,234.85
multi_kernel,-25.69947910308838,0,30681.0,97871.0,91.0,239.47
multi_kernel,-25.69947910308838,1,31611.0,97871.0,89.0,244.24
multi_kernel,-25.69947910308838,2,31605.0,97871.0,89.0,240.66
multi_kernel,-25.69947910308838,3,30447.0,97871.0,100.0,246.65
multi_kernel,-25.499479055404663,0,30681.0,97871.0,44.0,247.67
multi_kernel,-25.499479055404663,1,31611.0,97871.0,50.0,247.49
multi_kernel,-25.499479055404663,2,31605.0,97871.0,0.0,239.64
multi_kernel,-25.499479055404663,3,30447.0,97871.0,0.0,247.44
multi_kernel,-25.299479007720947,0,30681.0,97871.0,0.0,247.45
multi_kernel,-25.299479007720947,1,31611.0,97871.0,0.0,243.08
multi_kernel,-25.299479007720947,2,31605.0,97871.0,0.0,231.51
multi_kernel,-25.299479007720947,3,30447.0,97871.0,0.0,234.31
multi_kernel,-25.09847903251648,0,30681.0,97871.0,0.0,202.1
multi_kernel,-25.09847903251648,1,31611.0,97871.0,0.0,200.71
multi_kernel,-25.09847903251648,2,31605.0,97871.0,0.0,188.54
multi_kernel,-25.09847903251648,3,30447.0,97871.0,0.0,187.68
multi_kernel,-24.898478984832764,0,30681.0,97871.0,0.0,154.47
multi_kernel,-24.898478984832764,1,31611.0,97871.0,0.0,154.48
multi_kernel,-24.898478984832764,2,31605.0,97871.0,0.0,140.34
multi_kernel,-24.898478984832764,3,30447.0,97871.0,0.0,141.25
multi_kernel,-24.698478937149048,0,30681.0,97871.0,0.0,132.1
multi_kernel,-24.698478937149048,1,31611.0,97871.0,0.0,132.8
multi_kernel,-24.698478937149048,2,31605.0,97871.0,0.0,121.43
multi_kernel,-24.698478937149048,3,30447.0,97871.0,0.0,121.8
multi_kernel,-24.498478889465332,0,30681.0,97871.0,0.0,119.68
multi_kernel,-24.49747896194458,1,31611.0,97871.0,0.0,121.49
multi_kernel,-24.49747896194458,2,31605.0,97871.0,0.0,119.91
multi_kernel,-24.49747896194458,3,30447.0,97871.0,0.0,120.57
multi_kernel,-24.297478914260864,0,30681.0,97871.0,0.0,119.55
multi_kernel,-24.297478914260864,1,31611.0,97871.0,0.0,121.43
multi_kernel,-24.297478914260864,2,31605.0,97871.0,0.0,119.81
multi_kernel,-24.297478914260864,3,30447.0,97871.0,0.0,120.53
multi_kernel,-24.097479104995728,0,30681.0,97871.0,0.0,119.48
multi_kernel,-24.097479104995728,1,31611.0,97871.0,0.0,121.38
multi_kernel,-24.097479104995728,2,31605.0,97871.0,0.0,119.71
multi_kernel,-24.097479104995728,3,30447.0,97871.0,0.0,120.52
multi_kernel,-23.89747905731201,0,30681.0,97871.0,0.0,119.48
multi_kernel,-23.89747905731201,1,31611.0,97871.0,0.0,121.38
multi_kernel,-23.89647889137268,2,31605.0,97871.0,0.0,119.63
multi_kernel,-23.89647889137268,3,30447.0,97871.0,0.0,120.43
multi_kernel,-23.696479082107544,0,30681.0,97871.0,0.0,119.44
multi_kernel,-23.696479082107544,1,31611.0,97871.0,0.0,121.36
multi_kernel,-23.696479082107544,2,31605.0,97871.0,0.0,119.6
multi_kernel,-23.696479082107544,3,30447.0,97871.0,0.0,120.43
multi_kernel,-23.496479034423828,0,30681.0,97871.0,0.0,119.44
multi_kernel,-23.496479034423828,1,31611.0,97871.0,0.0,121.35
multi_kernel,-23.496479034423828,2,31605.0,97871.0,0.0,119.57
multi_kernel,-23.496479034423828,3,30447.0,97871.0,0.0,120.41
multi_kernel,-23.296478986740112,0,30681.0,97871.0,0.0,119.44
multi_kernel,-23.296478986740112,1,31611.0,97871.0,0.0,121.33
multi_kernel,-23.296478986740112,2,31605.0,97871.0,0.0,119.56
multi_kernel,-23.296478986740112,3,30447.0,97871.0,0.0,120.37
multi_kernel,-23.095479011535645,0,30681.0,97871.0,0.0,119.44
multi_kernel,-23.095479011535645,1,31611.0,97871.0,0.0,121.33
multi_kernel,-23.095479011535645,2,31605.0,97871.0,0.0,119.53
multi_kernel,-23.095479011535645,3,30447.0,97871.0,0.0,120.31
multi_kernel,-22.89547896385193,0,30681.0,97871.0,0.0,119.42
multi_kernel,-22.89547896385193,1,31611.0,97871.0,0.0,121.31
multi_kernel,-22.89547896385193,2,31605.0,97871.0,0.0,119.51
multi_kernel,-22.89547896385193,3,30447.0,97871.0,0.0,120.33
multi_kernel,-22.695478916168213,0,30681.0,97871.0,0.0,119.44
multi_kernel,-22.695478916168213,1,31611.0,97871.0,0.0,121.3
multi_kernel,-22.695478916168213,2,31605.0,97871.0,0.0,119.49
multi_kernel,-22.695478916168213,3,30447.0,97871.0,0.0,120.35
multi_kernel,-22.495479106903076,0,30681.0,97871.0,0.0,119.42
multi_kernel,-22.494478940963745,1,31611.0,97871.0,0.0,121.29
multi_kernel,-22.494478940963745,2,31605.0,97871.0,0.0,119.46
multi_kernel,-22.494478940963745,3,30447.0,97871.0,0.0,120.35
multi_kernel,-22.29447889328003,0,30681.0,97871.0,0.0,119.4
multi_kernel,-22.29447889328003,1,31611.0,97871.0,0.0,121.27
multi_kernel,-22.29447889328003,2,31605.0,97871.0,0.0,119.45
multi_kernel,-22.29447889328003,3,30447.0,97871.0,0.0,120.29
multi_kernel,-22.094479084014893,0,30681.0,97871.0,0.0,119.41
multi_kernel,-22.094479084014893,1,31611.0,97871.0,0.0,121.25
multi_kernel,-22.094479084014893,2,31605.0,97871.0,0.0,119.45
multi_kernel,-22.094479084014893,3,30447.0,97871.0,0.0,120.31
multi_kernel,-21.894479036331177,0,30681.0,97871.0,0.0,119.42
multi_kernel,-21.894479036331177,1,31611.0,97871.0,0.0,121.25
multi_kernel,-21.894479036331177,2,31605.0,97871.0,0.0,119.46
multi_kernel,-21.893479108810425,3,30447.0,97871.0,0.0,120.32
multi_kernel,-21.69347906112671,0,30681.0,97871.0,0.0,119.36
multi_kernel,-21.69347906112671,1,31611.0,97871.0,0.0,121.25
multi_kernel,-21.69347906112671,2,31605.0,97871.0,0.0,119.48
multi_kernel,-21.69347906112671,3,30447.0,97871.0,0.0,120.32
multi_kernel,-21.493479013442993,0,30681.0,97871.0,0.0,119.35
multi_kernel,-21.493479013442993,1,31611.0,97871.0,0.0,121.27
multi_kernel,-21.493479013442993,2,31605.0,97871.0,0.0,119.5
multi_kernel,-21.493479013442993,3,30447.0,97871.0,0.0,120.29
multi_kernel,-21.293478965759277,0,30681.0,97871.0,0.0,119.35
multi_kernel,-21.293478965759277,1,31611.0,97871.0,0.0,121.29
multi_kernel,-21.293478965759277,2,31605.0,97871.0,0.0,119.52
multi_kernel,-21.293478965759277,3,30447.0,97871.0,0.0,120.35
multi_kernel,-21.09347891807556,0,30681.0,97871.0,0.0,119.33
multi_kernel,-21.09247899055481,1,31611.0,97871.0,0.0,121.32
multi_kernel,-21.09247899055481,2,31605.0,97871.0,0.0,119.49
multi_kernel,-21.09247899055481,3,30447.0,97871.0,0.0,120.37
multi_kernel,-20.892478942871094,0,30681.0,97871.0,0.0,119.32
multi_kernel,-20.892478942871094,1,31611.0,97871.0,0.0,121.3
multi_kernel,-20.892478942871094,2,31605.0,97871.0,0.0,119.49
multi_kernel,-20.892478942871094,3,30447.0,97871.0,0.0,120.35
multi_kernel,-20.692478895187378,0,30681.0,97871.0,0.0,119.35
multi_kernel,-20.692478895187378,1,31611.0,97871.0,0.0,121.29
multi_kernel,-20.692478895187378,2,31605.0,97871.0,0.0,119.5
multi_kernel,-20.692478895187378,3,30447.0,97871.0,0.0,120.29
multi_kernel,-20.49247908592224,0,30681.0,97871.0,0.0,119.34
multi_kernel,-20.49247908592224,1,31611.0,97871.0,0.0,121.26
multi_kernel,-20.49247908592224,2,31605.0,97871.0,0.0,119.48
multi_kernel,-20.49247908592224,3,30447.0,97871.0,0.0,120.33
multi_kernel,-20.291479110717773,0,30681.0,97871.0,0.0,119.32
multi_kernel,-20.291479110717773,1,31611.0,97871.0,0.0,121.25
multi_kernel,-20.291479110717773,2,31605.0,97871.0,0.0,119.48
multi_kernel,-20.291479110717773,3,30447.0,97871.0,0.0,120.35
multi_kernel,-20.091479063034058,0,30681.0,97871.0,0.0,119.33
multi_kernel,-20.091479063034058,1,31611.0,97871.0,0.0,121.23
multi_kernel,-20.091479063034058,2,31605.0,97871.0,0.0,119.48
multi_kernel,-20.091479063034058,3,30447.0,97871.0,0.0,120.33
multi_kernel,-19.891479015350342,0,30681.0,97871.0,0.0,119.35
multi_kernel,-19.891479015350342,1,31611.0,97871.0,0.0,121.26
multi_kernel,-19.891479015350342,2,31605.0,97871.0,0.0,119.5
multi_kernel,-19.891479015350342,3,30447.0,97871.0,0.0,120.26
multi_kernel,-19.691478967666626,0,30681.0,97871.0,0.0,119.29
multi_kernel,-19.690479040145874,1,31611.0,97871.0,0.0,121.26
multi_kernel,-19.690479040145874,2,31605.0,97871.0,0.0,119.51
multi_kernel,-19.690479040145874,3,30447.0,97871.0,0.0,120.32
multi_kernel,-19.490478992462158,0,30681.0,97871.0,0.0,119.32
multi_kernel,-19.490478992462158,1,31611.0,97871.0,0.0,121.27
multi_kernel,-19.490478992462158,2,31605.0,97871.0,0.0,119.53
multi_kernel,-19.490478992462158,3,30447.0,97871.0,0.0,120.32
multi_kernel,-19.290478944778442,0,30681.0,97871.0,0.0,119.35
multi_kernel,-19.290478944778442,1,31611.0,97871.0,0.0,121.28
multi_kernel,-19.290478944778442,2,31605.0,97871.0,0.0,119.55
multi_kernel,-19.290478944778442,3,30447.0,97871.0,0.0,120.24
multi_kernel,-19.090478897094727,0,30681.0,97871.0,0.0,119.3
multi_kernel,-19.089478969573975,1,31611.0,97871.0,0.0,121.29
multi_kernel,-19.089478969573975,2,31605.0,97871.0,0.0,119.54
multi_kernel,-19.089478969573975,3,30447.0,97871.0,0.0,120.22
multi_kernel,-18.88947892189026,0,30681.0,97871.0,0.0,119.31
multi_kernel,-18.88947892189026,1,31611.0,97871.0,0.0,121.27
multi_kernel,-18.88947892189026,2,31605.0,97871.0,0.0,119.52
multi_kernel,-18.88947892189026,3,30447.0,97871.0,0.0,120.29
multi_kernel,-18.689479112625122,0,30681.0,97871.0,0.0,119.33
multi_kernel,-18.689479112625122,1,31611.0,97871.0,0.0,121.25
multi_kernel,-18.689479112625122,2,31605.0,97871.0,0.0,119.48
multi_kernel,-18.689479112625122,3,30447.0,97871.0,0.0,120.3
multi_kernel,-18.489479064941406,0,30681.0,97871.0,0.0,119.29
multi_kernel,-18.489479064941406,1,31611.0,97871.0,0.0,121.23
multi_kernel,-18.489479064941406,2,31605.0,97871.0,0.0,119.48
multi_kernel,-18.488478899002075,3,30447.0,97871.0,0.0,120.21
multi_kernel,-18.28847908973694,0,30681.0,97871.0,0.0,119.23
multi_kernel,-18.28847908973694,1,31611.0,97871.0,0.0,121.2
multi_kernel,-18.28847908973694,2,31605.0,97871.0,0.0,119.44
multi_kernel,-18.28847908973694,3,30447.0,97871.0,0.0,120.26
multi_kernel,-18.088479042053223,0,30681.0,97871.0,0.0,119.28
multi_kernel,-18.088479042053223,1,31611.0,97871.0,0.0,121.19
multi_kernel,-18.088479042053223,2,31605.0,97871.0,0.0,119.44
multi_kernel,-18.088479042053223,3,30447.0,97871.0,0.0,120.3
multi_kernel,-17.888478994369507,0,30681.0,97871.0,0.0,119.25
multi_kernel,-17.888478994369507,1,31611.0,97871.0,0.0,121.19
multi_kernel,-17.888478994369507,2,31605.0,97871.0,0.0,119.47
multi_kernel,-17.888478994369507,3,30447.0,97871.0,0.0,120.31
multi_kernel,-17.68747901916504,0,30681.0,97871.0,0.0,119.22
multi_kernel,-17.68747901916504,1,31611.0,97871.0,0.0,121.21
multi_kernel,-17.68747901916504,2,31605.0,97871.0,0.0,119.48
multi_kernel,-17.68747901916504,3,30447.0,97871.0,0.0,120.25
multi_kernel,-17.487478971481323,0,30681.0,97871.0,0.0,119.25
multi_kernel,-17.487478971481323,1,31611.0,97871.0,0.0,121.22
multi_kernel,-17.487478971481323,2,31605.0,97871.0,0.0,119.46
multi_kernel,-17.487478971481323,3,30447.0,97871.0,0.0,120.29
multi_kernel,-17.287478923797607,0,30681.0,97871.0,0.0,119.29
multi_kernel,-17.287478923797607,1,31611.0,97871.0,0.0,121.23
multi_kernel,-17.287478923797607,2,31605.0,97871.0,0.0,119.46
multi_kernel,-17.287478923797607,3,30447.0,97871.0,0.0,120.31
multi_kernel,-17.08747911453247,0,30681.0,97871.0,0.0,119.27
multi_kernel,-17.08647894859314,1,31611.0,97871.0,0.0,121.22
multi_kernel,-17.08647894859314,2,31605.0,97871.0,0.0,119.46
multi_kernel,-17.08647894859314,3,30447.0,97871.0,0.0,120.29
multi_kernel,-16.886478900909424,0,30681.0,97871.0,0.0,119.29
multi_kernel,-16.886478900909424,1,31611.0,97871.0,0.0,121.23
multi_kernel,-16.886478900909424,2,31605.0,97871.0,0.0,119.43
multi_kernel,-16.886478900909424,3,30447.0,97871.0,0.0,120.22
multi_kernel,-16.686479091644287,0,30681.0,97871.0,0.0,119.32
multi_kernel,-16.686479091644287,1,31611.0,97871.0,0.0,121.23
multi_kernel,-16.686479091644287,2,31605.0,97871.0,0.0,119.43
multi_kernel,-16.686479091644287,3,30447.0,97871.0,0.0,120.27
multi_kernel,-16.48647904396057,0,30681.0,97871.0,0.0,119.3
multi_kernel,-16.48547887802124,1,31611.0,97871.0,0.0,121.23
multi_kernel,-16.48547887802124,2,31605.0,97871.0,0.0,119.44
multi_kernel,-16.48547887802124,3,30447.0,97871.0,0.0,120.3
multi_kernel,-16.285479068756104,0,30681.0,97871.0,0.0,119.29
multi_kernel,-16.285479068756104,1,31611.0,97871.0,0.0,121.22
multi_kernel,-16.285479068756104,2,31605.0,97871.0,0.0,119.46
multi_kernel,-16.285479068756104,3,30447.0,97871.0,0.0,120.28
multi_kernel,-16.085479021072388,0,30681.0,97871.0,0.0,119.31
multi_kernel,-16.085479021072388,1,31611.0,97871.0,0.0,121.2
multi_kernel,-16.085479021072388,2,31605.0,97871.0,0.0,119.44
multi_kernel,-16.085479021072388,3,30447.0,97871.0,0.0,120.19
multi_kernel,-15.885478973388672,0,30681.0,97871.0,0.0,119.29
multi_kernel,-15.885478973388672,1,31611.0,97871.0,0.0,121.2
multi_kernel,-15.88447904586792,2,31605.0,97871.0,0.0,119.48
multi_kernel,-15.88447904586792,3,30447.0,97871.0,0.0,120.28
multi_kernel,-15.684478998184204,0,30681.0,97871.0,0.0,119.27
multi_kernel,-15.684478998184204,1,31611.0,97871.0,0.0,121.21
multi_kernel,-15.684478998184204,2,31605.0,97871.0,0.0,119.48
multi_kernel,-15.684478998184204,3,30447.0,97871.0,0.0,120.28
multi_kernel,-15.484478950500488,0,30681.0,97871.0,0.0,119.3
multi_kernel,-15.484478950500488,1,31611.0,97871.0,0.0,121.21
multi_kernel,-15.484478950500488,2,31605.0,97871.0,0.0,119.51
multi_kernel,-15.484478950500488,3,30447.0,97871.0,0.0,120.22
multi_kernel,-15.284478902816772,0,30681.0,97871.0,0.0,119.28
multi_kernel,-15.284478902816772,1,31611.0,97871.0,0.0,121.22
multi_kernel,-15.284478902816772,2,31605.0,97871.0,0.0,119.51
multi_kernel,-15.284478902816772,3,30447.0,97871.0,0.0,120.22
multi_kernel,-15.083478927612305,0,30681.0,97871.0,0.0,119.27
multi_kernel,-15.083478927612305,1,31611.0,97871.0,0.0,121.25
multi_kernel,-15.083478927612305,2,31605.0,97871.0,0.0,119.52
multi_kernel,-15.083478927612305,3,30447.0,97871.0,0.0,120.31
multi_kernel,-14.883478879928589,0,30681.0,97871.0,0.0,119.32
multi_kernel,-14.883478879928589,1,31611.0,97871.0,0.0,121.25
multi_kernel,-14.883478879928589,2,31605.0,97871.0,0.0,119.5
multi_kernel,-14.883478879928589,3,30447.0,97871.0,0.0,120.33
multi_kernel,-14.683479070663452,0,30681.0,97871.0,0.0,119.34
multi_kernel,-14.683479070663452,1,31611.0,97871.0,0.0,121.27
multi_kernel,-14.683479070663452,2,31605.0,97871.0,0.0,119.5
multi_kernel,-14.683479070663452,3,30447.0,97871.0,0.0,120.27
multi_kernel,-14.482479095458984,0,30681.0,97871.0,0.0,119.29
multi_kernel,-14.482479095458984,1,31611.0,97871.0,0.0,121.28
multi_kernel,-14.482479095458984,2,31605.0,97871.0,0.0,119.48
multi_kernel,-14.482479095458984,3,30447.0,97871.0,0.0,120.26
multi_kernel,-14.282479047775269,0,30681.0,97871.0,0.0,119.3
multi_kernel,-14.282479047775269,1,31611.0,97871.0,0.0,121.28
multi_kernel,-14.282479047775269,2,31605.0,97871.0,0.0,119.49
multi_kernel,-14.282479047775269,3,30447.0,97871.0,0.0,120.32
multi_kernel,-14.082479000091553,0,30681.0,97871.0,0.0,119.29
multi_kernel,-14.082479000091553,1,31611.0,97871.0,0.0,121.24
multi_kernel,-14.082479000091553,2,31605.0,97871.0,0.0,119.5
multi_kernel,-14.082479000091553,3,30447.0,97871.0,0.0,120.3
multi_kernel,-13.881479024887085,0,30681.0,97871.0,0.0,119.26
multi_kernel,-13.881479024887085,1,31611.0,97871.0,0.0,121.23
multi_kernel,-13.881479024887085,2,31605.0,97871.0,0.0,119.51
multi_kernel,-13.881479024887085,3,30447.0,97871.0,0.0,120.22
multi_kernel,-13.68147897720337,0,30681.0,97871.0,0.0,119.26
multi_kernel,-13.68147897720337,1,31611.0,97871.0,0.0,121.23
multi_kernel,-13.68147897720337,2,31605.0,97871.0,0.0,119.49
multi_kernel,-13.68147897720337,3,30447.0,97871.0,0.0,120.27
multi_kernel,-13.481478929519653,0,30681.0,97871.0,0.0,119.3
multi_kernel,-13.481478929519653,1,31611.0,97871.0,0.0,121.22
multi_kernel,-13.481478929519653,2,31605.0,97871.0,0.0,119.51
multi_kernel,-13.481478929519653,3,30447.0,97871.0,0.0,120.32
multi_kernel,-13.281478881835938,0,30681.0,97871.0,0.0,119.28
multi_kernel,-13.280478954315186,1,31611.0,97871.0,0.0,121.24
multi_kernel,-13.280478954315186,2,31605.0,97871.0,0.0,119.49
multi_kernel,-13.280478954315186,3,30447.0,97871.0,0.0,120.27
multi_kernel,-13.08047890663147,0,30681.0,97871.0,0.0,119.29
multi_kernel,-13.08047890663147,1,31611.0,97871.0,0.0,121.26
multi_kernel,-13.08047890663147,2,31605.0,97871.0,0.0,119.48
multi_kernel,-13.08047890663147,3,30447.0,97871.0,0.0,120.24
multi_kernel,-12.880479097366333,0,30681.0,97871.0,0.0,119.31
multi_kernel,-12.880479097366333,1,31611.0,97871.0,0.0,121.28
multi_kernel,-12.880479097366333,2,31605.0,97871.0,0.0,119.46
multi_kernel,-12.880479097366333,3,30447.0,97871.0,0.0,120.27
multi_kernel,-12.680479049682617,0,30681.0,97871.0,0.0,119.27
multi_kernel,-12.679478883743286,1,31611.0,97871.0,0.0,121.28
multi_kernel,-12.679478883743286,2,31605.0,97871.0,0.0,119.46
multi_kernel,-12.679478883743286,3,30447.0,97871.0,0.0,120.27
multi_kernel,-12.47947907447815,0,30685.0,97871.0,0.0,122.67
multi_kernel,-12.47947907447815,1,31615.0,97871.0,0.0,126.15
multi_kernel,-12.47947907447815,2,31609.0,97871.0,50.0,124.3
multi_kernel,-12.47947907447815,3,30451.0,97871.0,69.0,125.17
multi_kernel,-12.279479026794434,0,30685.0,97871.0,6.0,123.92
multi_kernel,-12.279479026794434,1,31615.0,97871.0,0.0,126.47
multi_kernel,-12.279479026794434,2,31609.0,97871.0,0.0,124.31
multi_kernel,-12.279479026794434,3,30451.0,97871.0,0.0,125.27
multi_kernel,-12.079478979110718,0,30685.0,97871.0,0.0,123.9
multi_kernel,-12.078479051589966,1,31615.0,97871.0,0.0,126.36
multi_kernel,-12.078479051589966,2,31609.0,97871.0,0.0,124.33
multi_kernel,-12.078479051589966,3,30451.0,97871.0,0.0,125.33
multi_kernel,-11.87847900390625,0,30685.0,97871.0,0.0,123.79
multi_kernel,-11.87847900390625,1,31615.0,97871.0,0.0,126.34
multi_kernel,-11.87847900390625,2,31609.0,97871.0,0.0,124.38
multi_kernel,-11.87847900390625,3,30451.0,97871.0,0.0,125.37
multi_kernel,-11.678478956222534,0,30685.0,97871.0,0.0,123.92
multi_kernel,-11.678478956222534,1,31615.0,97871.0,0.0,126.35
multi_kernel,-11.678478956222534,2,31609.0,97871.0,0.0,124.38
multi_kernel,-11.678478956222534,3,30451.0,97871.0,0.0,125.22
multi_kernel,-11.478478908538818,0,30685.0,97871.0,0.0,121.08
multi_kernel,-11.478478908538818,1,31615.0,97871.0,0.0,121.47
multi_kernel,-11.478478908538818,2,31609.0,97871.0,0.0,119.93
multi_kernel,-11.478478908538818,3,30451.0,97871.0,0.0,120.31
multi_kernel,-11.27747893333435,0,30685.0,97871.0,0.0,119.28
multi_kernel,-11.27747893333435,1,31615.0,97871.0,0.0,121.26
multi_kernel,-11.27747893333435,2,31609.0,97871.0,0.0,119.48
multi_kernel,-11.27747893333435,3,30451.0,97871.0,0.0,120.26
multi_kernel,-11.077478885650635,0,30685.0,97871.0,0.0,119.28
multi_kernel,-11.077478885650635,1,31615.0,97871.0,0.0,121.25
multi_kernel,-11.077478885650635,2,31609.0,97871.0,0.0,119.46
multi_kernel,-11.077478885650635,3,30451.0,97871.0,0.0,120.25
multi_kernel,-10.877479076385498,0,30685.0,97871.0,0.0,119.29
multi_kernel,-10.877479076385498,1,31615.0,97871.0,0.0,121.25
multi_kernel,-10.877479076385498,2,31609.0,97871.0,0.0,119.44
multi_kernel,-10.877479076385498,3,30451.0,97871.0,0.0,120.19
multi_kernel,-10.677479028701782,0,30685.0,97871.0,0.0,119.26
multi_kernel,-10.67647910118103,1,31615.0,97871.0,0.0,121.26
multi_kernel,-10.67647910118103,2,31609.0,97871.0,0.0,119.44
multi_kernel,-10.67647910118103,3,30451.0,97871.0,0.0,120.2
multi_kernel,-10.476479053497314,0,30685.0,97871.0,0.0,119.25
multi_kernel,-10.476479053497314,1,31615.0,97871.0,0.0,121.28
multi_kernel,-10.476479053497314,2,31609.0,97871.0,0.0,119.46
multi_kernel,-10.476479053497314,3,30451.0,97871.0,0.0,120.26
multi_kernel,-10.276479005813599,0,30685.0,97871.0,0.0,119.32
multi_kernel,-10.276479005813599,1,31615.0,97871.0,0.0,121.29
multi_kernel,-10.276479005813599,2,31609.0,97871.0,0.0,119.47
multi_kernel,-10.276479005813599,3,30451.0,97871.0,0.0,120.23
multi_kernel,-10.076478958129883,0,30685.0,97871.0,0.0,119.28
multi_kernel,-10.076478958129883,1,31615.0,97871.0,0.0,121.27
multi_kernel,-10.07547903060913,2,31609.0,97871.0,0.0,119.5
multi_kernel,-10.07547903060913,3,30451.0,97871.0,0.0,120.22
multi_kernel,-9.875478982925415,0,30685.0,97871.0,0.0,119.27
multi_kernel,-9.875478982925415,1,31615.0,97871.0,0.0,121.28
multi_kernel,-9.875478982925415,2,31609.0,97871.0,0.0,119.53
multi_kernel,-9.875478982925415,3,30451.0,97871.0,0.0,120.24
multi_kernel,-9.6754789352417,0,30685.0,97871.0,0.0,119.27
multi_kernel,-9.6754789352417,1,31615.0,97871.0,0.0,121.25
multi_kernel,-9.6754789352417,2,31609.0,97871.0,0.0,119.51
multi_kernel,-9.6754789352417,3,30451.0,97871.0,0.0,120.26
multi_kernel,-9.475478887557983,0,30685.0,97871.0,0.0,119.24
multi_kernel,-9.475478887557983,1,31615.0,97871.0,0.0,121.25
multi_kernel,-9.475478887557983,2,31609.0,97871.0,0.0,119.53
multi_kernel,-9.475478887557983,3,30451.0,97871.0,0.0,120.3
multi_kernel,-9.274478912353516,0,30685.0,97871.0,0.0,119.2
multi_kernel,-9.274478912353516,1,31615.0,97871.0,0.0,121.26
multi_kernel,-9.274478912353516,2,31609.0,97871.0,0.0,119.51
multi_kernel,-9.274478912353516,3,30451.0,97871.0,0.0,120.25
multi_kernel,-9.074479103088379,0,30685.0,97871.0,0.0,119.24
multi_kernel,-9.074479103088379,1,31615.0,97871.0,0.0,121.29
multi_kernel,-9.074479103088379,2,31609.0,97871.0,0.0,119.48
multi_kernel,-9.074479103088379,3,30451.0,97871.0,0.0,120.28
multi_kernel,-8.874479055404663,0,30685.0,97871.0,0.0,119.24
multi_kernel,-8.874479055404663,1,31615.0,97871.0,0.0,121.29
multi_kernel,-8.874479055404663,2,31609.0,97871.0,0.0,119.46
multi_kernel,-8.874479055404663,3,30451.0,97871.0,0.0,120.33
multi_kernel,-8.673479080200195,0,30685.0,97871.0,0.0,119.24
multi_kernel,-8.673479080200195,1,31615.0,97871.0,0.0,121.31
multi_kernel,-8.673479080200195,2,31609.0,97871.0,0.0,119.47
multi_kernel,-8.673479080200195,3,30451.0,97871.0,0.0,120.32
multi_kernel,-8.47347903251648,0,30685.0,97871.0,0.0,119.26
multi_kernel,-8.47347903251648,1,31615.0,97871.0,0.0,121.29
multi_kernel,-8.47347903251648,2,31609.0,97871.0,0.0,119.46
multi_kernel,-8.47347903251648,3,30451.0,97871.0,0.0,120.24
multi_kernel,-8.273478984832764,0,30685.0,97871.0,0.0,119.28
multi_kernel,-8.273478984832764,1,31615.0,97871.0,0.0,121.28
multi_kernel,-8.273478984832764,2,31609.0,97871.0,0.0,119.49
multi_kernel,-8.273478984832764,3,30451.0,97871.0,0.0,120.29
multi_kernel,-8.073478937149048,0,30685.0,97871.0,0.0,119.25
multi_kernel,-8.072479009628296,1,31615.0,97871.0,0.0,121.25
multi_kernel,-8.072479009628296,2,31609.0,97871.0,0.0,119.51
multi_kernel,-8.072479009628296,3,30451.0,97871.0,0.0,120.29
multi_kernel,-7.87247896194458,0,30685.0,97871.0,0.0,119.28
multi_kernel,-7.87247896194458,1,31615.0,97871.0,0.0,121.25
multi_kernel,-7.87247896194458,2,31609.0,97871.0,0.0,119.51
multi_kernel,-7.87247896194458,3,30451.0,97871.0,0.0,120.25
multi_kernel,-7.672478914260864,0,30685.0,97871.0,0.0,119.33
multi_kernel,-7.672478914260864,1,31615.0,97871.0,0.0,121.25
multi_kernel,-7.672478914260864,2,31609.0,97871.0,0.0,119.54
multi_kernel,-7.672478914260864,3,30451.0,97871.0,0.0,120.21
multi_kernel,-7.4724791049957275,0,30685.0,97871.0,0.0,119.31
multi_kernel,-7.4714789390563965,1,31615.0,97871.0,0.0,121.26
multi_kernel,-7.4714789390563965,2,31609.0,97871.0,0.0,119.51
multi_kernel,-7.4714789390563965,3,30451.0,97871.0,0.0,120.27
multi_kernel,-7.271478891372681,0,30685.0,97871.0,0.0,119.27
multi_kernel,-7.271478891372681,1,31615.0,97871.0,0.0,121.27
multi_kernel,-7.271478891372681,2,31609.0,97871.0,0.0,119.51
multi_kernel,-7.271478891372681,3,30451.0,97871.0,0.0,120.28
multi_kernel,-7.071479082107544,0,30685.0,97871.0,0.0,119.29
multi_kernel,-7.071479082107544,1,31615.0,97871.0,0.0,121.29
multi_kernel,-7.071479082107544,2,31609.0,97871.0,0.0,119.5
multi_kernel,-7.071479082107544,3,30451.0,97871.0,0.0,120.24
multi_kernel,-6.871479034423828,0,30685.0,97871.0,0.0,119.26
multi_kernel,-6.871479034423828,1,31615.0,97871.0,0.0,121.28
multi_kernel,-6.870479106903076,2,31609.0,97871.0,0.0,119.49
multi_kernel,-6.870479106903076,3,30451.0,97871.0,0.0,120.2
multi_kernel,-6.67047905921936,0,30685.0,97871.0,0.0,119.2
multi_kernel,-6.67047905921936,1,31615.0,97871.0,0.0,121.26
multi_kernel,-6.67047905921936,2,31609.0,97871.0,0.0,119.47
multi_kernel,-6.67047905921936,3,30451.0,97871.0,0.0,120.22
multi_kernel,-6.4704790115356445,0,30685.0,97871.0,0.0,119.55
multi_kernel,-6.4704790115356445,1,31615.0,97871.0,0.0,121.59
multi_kernel,-6.4704790115356445,2,31609.0,97871.0,0.0,119.75
multi_kernel,-6.4704790115356445,3,30451.0,97871.0,39.0,121.39
multi_kernel,-6.270478963851929,0,30685.0,97871.0,0.0,119.57
multi_kernel,-6.270478963851929,1,31615.0,97871.0,0.0,121.55
multi_kernel,-6.270478963851929,2,31609.0,97871.0,0.0,119.76
multi_kernel,-6.270478963851929,3,30451.0,97871.0,100.0,121.98
multi_kernel,-6.069478988647461,0,30685.0,97871.0,0.0,119.55
multi_kernel,-6.069478988647461,1,31615.0,97871.0,0.0,121.54
multi_kernel,-6.069478988647461,2,31609.0,97871.0,0.0,119.79
multi_kernel,-6.069478988647461,3,30451.0,97871.0,100.0,122.56
multi_kernel,-5.869478940963745,0,30685.0,97871.0,0.0,119.59
multi_kernel,-5.869478940963745,1,31615.0,97871.0,0.0,121.54
multi_kernel,-5.869478940963745,2,31609.0,97871.0,0.0,119.78
multi_kernel,-5.869478940963745,3,30451.0,97871.0,100.0,123.19
multi_kernel,-5.669478893280029,0,30685.0,97871.0,0.0,119.64
multi_kernel,-5.669478893280029,1,31615.0,97871.0,0.0,121.51
multi_kernel,-5.669478893280029,2,31609.0,97871.0,0.0,119.78
multi_kernel,-5.668478965759277,3,30451.0,97871.0,100.0,123.83
multi_kernel,-5.4684789180755615,0,30685.0,97871.0,0.0,119.28
multi_kernel,-5.4684789180755615,1,31615.0,97871.0,0.0,121.19
multi_kernel,-5.4684789180755615,2,31609.0,97871.0,0.0,119.47
multi_kernel,-5.4684789180755615,3,30451.0,97871.0,100.0,123.31
multi_kernel,-5.268479108810425,0,30685.0,97871.0,0.0,119.27
multi_kernel,-5.268479108810425,1,31615.0,97871.0,0.0,121.2
multi_kernel,-5.268479108810425,2,31609.0,97871.0,0.0,119.44
multi_kernel,-5.268479108810425,3,30451.0,97871.0,100.0,123.32
multi_kernel,-5.068479061126709,0,30685.0,97871.0,0.0,119.28
multi_kernel,-5.068479061126709,1,31615.0,97871.0,0.0,121.22
multi_kernel,-5.068479061126709,2,31609.0,97871.0,0.0,119.43
multi_kernel,-5.068479061126709,3,30451.0,97871.0,100.0,123.36
multi_kernel,-4.867479085922241,0,30685.0,97871.0,0.0,119.23
multi_kernel,-4.867479085922241,1,31615.0,97871.0,0.0,121.21
multi_kernel,-4.867479085922241,2,31609.0,97871.0,0.0,119.44
multi_kernel,-4.867479085922241,3,30451.0,97871.0,100.0,123.37
multi_kernel,-4.667479038238525,0,30685.0,97871.0,0.0,119.2
multi_kernel,-4.667479038238525,1,31615.0,97871.0,0.0,121.24
multi_kernel,-4.667479038238525,2,31609.0,97871.0,0.0,119.45
multi_kernel,-4.667479038238525,3,30451.0,97871.0,100.0,123.32
multi_kernel,-4.46747899055481,0,30685.0,97871.0,0.0,119.71
multi_kernel,-4.46747899055481,1,31615.0,97871.0,0.0,121.52
multi_kernel,-4.46747899055481,2,31609.0,97871.0,0.0,119.75
multi_kernel,-4.46747899055481,3,30451.0,97871.0,100.0,123.69
multi_kernel,-4.266479015350342,0,30685.0,97871.0,100.0,120.37
multi_kernel,-4.266479015350342,1,31615.0,97871.0,0.0,121.52
multi_kernel,-4.266479015350342,2,31609.0,97871.0,0.0,119.76
multi_kernel,-4.266479015350342,3,30451.0,97871.0,100.0,123.73
multi_kernel,-4.066478967666626,0,30685.0,97871.0,100.0,120.99
multi_kernel,-4.066478967666626,1,31615.0,97871.0,0.0,121.5
multi_kernel,-4.066478967666626,2,31609.0,97871.0,0.0,119.78
multi_kernel,-4.066478967666626,3,30451.0,97871.0,100.0,123.72
multi_kernel,-3.86647891998291,0,30685.0,97871.0,100.0,121.65
multi_kernel,-3.86647891998291,1,31615.0,97871.0,0.0,121.51
multi_kernel,-3.86647891998291,2,31609.0,97871.0,0.0,119.78
multi_kernel,-3.86647891998291,3,30451.0,97871.0,100.0,123.67
multi_kernel,-3.6654789447784424,0,30685.0,97871.0,100.0,122.29
multi_kernel,-3.6654789447784424,1,31615.0,97871.0,0.0,121.47
multi_kernel,-3.6654789447784424,2,31609.0,97871.0,0.0,119.78
multi_kernel,-3.6654789447784424,3,30451.0,97871.0,100.0,123.73
multi_kernel,-3.4654788970947266,0,30685.0,97871.0,100.0,122.43
multi_kernel,-3.4654788970947266,1,31615.0,97871.0,0.0,121.18
multi_kernel,-3.4654788970947266,2,31609.0,97871.0,0.0,119.48
multi_kernel,-3.4654788970947266,3,30451.0,97871.0,100.0,123.47
multi_kernel,-3.26547908782959,0,30685.0,97871.0,100.0,122.46
multi_kernel,-3.26547908782959,1,31615.0,97871.0,0.0,121.18
multi_kernel,-3.26547908782959,2,31609.0,97871.0,0.0,119.46
multi_kernel,-3.26547908782959,3,30451.0,97871.0,100.0,123.46
multi_kernel,-3.065479040145874,0,30685.0,97871.0,100.0,122.52
multi_kernel,-3.064479112625122,1,31615.0,97871.0,0.0,121.18
multi_kernel,-3.064479112625122,2,31609.0,97871.0,0.0,119.45
multi_kernel,-3.064479112625122,3,30451.0,97871.0,100.0,123.41
multi_kernel,-2.8644790649414062,0,30685.0,97871.0,100.0,122.53
multi_kernel,-2.8644790649414062,1,31615.0,97871.0,0.0,121.2
multi_kernel,-2.8644790649414062,2,31609.0,97871.0,0.0,119.44
multi_kernel,-2.8644790649414062,3,30451.0,97871.0,100.0,123.5
multi_kernel,-2.6644790172576904,0,30685.0,97871.0,100.0,122.53
multi_kernel,-2.6644790172576904,1,31615.0,97871.0,0.0,121.22
multi_kernel,-2.6644790172576904,2,31609.0,97871.0,0.0,119.44
multi_kernel,-2.6644790172576904,3,30451.0,97871.0,100.0,123.51
multi_kernel,-2.4644789695739746,0,30685.0,97871.0,100.0,122.95
multi_kernel,-2.4634790420532227,1,31615.0,97871.0,0.0,121.54
multi_kernel,-2.4634790420532227,2,31609.0,97871.0,27.0,120.62
multi_kernel,-2.4634790420532227,3,30451.0,97871.0,100.0,123.73
multi_kernel,-2.263478994369507,0,30685.0,97871.0,100.0,122.91
multi_kernel,-2.263478994369507,1,31615.0,97871.0,0.0,121.54
multi_kernel,-2.263478994369507,2,31609.0,97871.0,100.0,121.22
multi_kernel,-2.263478994369507,3,30451.0,97871.0,100.0,123.69
multi_kernel,-2.063478946685791,0,30685.0,97871.0,100.0,122.88
multi_kernel,-2.063478946685791,1,31615.0,97871.0,0.0,121.53
multi_kernel,-2.063478946685791,2,31609.0,97871.0,100.0,121.84
multi_kernel,-2.063478946685791,3,30451.0,97871.0,100.0,123.75
multi_kernel,-1.8634788990020752,0,30685.0,97871.0,100.0,122.89
multi_kernel,-1.8624789714813232,1,31615.0,97871.0,0.0,121.53
multi_kernel,-1.8624789714813232,2,31609.0,97871.0,100.0,122.51
multi_kernel,-1.8624789714813232,3,30451.0,97871.0,100.0,123.7
multi_kernel,-1.6624789237976074,0,30685.0,97871.0,100.0,122.87
multi_kernel,-1.6624789237976074,1,31615.0,97871.0,0.0,121.51
multi_kernel,-1.6624789237976074,2,31609.0,97871.0,100.0,123.15
multi_kernel,-1.6624789237976074,3,30451.0,97871.0,100.0,123.64
multi_kernel,-1.4624791145324707,0,30685.0,97871.0,100.0,122.41
multi_kernel,-1.4624791145324707,1,31615.0,97871.0,0.0,121.22
multi_kernel,-1.4624791145324707,2,31609.0,97871.0,100.0,122.61
multi_kernel,-1.4624791145324707,3,30451.0,97871.0,100.0,123.36
multi_kernel,-1.2624790668487549,0,30685.0,97871.0,100.0,122.43
multi_kernel,-1.2614789009094238,1,31615.0,97871.0,0.0,121.23
multi_kernel,-1.2614789009094238,2,31609.0,97871.0,100.0,122.62
multi_kernel,-1.2614789009094238,3,30451.0,97871.0,100.0,123.39
multi_kernel,-1.061479091644287,0,30685.0,97871.0,100.0,122.43
multi_kernel,-1.061479091644287,1,31615.0,97871.0,0.0,121.24
multi_kernel,-1.061479091644287,2,31609.0,97871.0,100.0,122.6
multi_kernel,-1.061479091644287,3,30451.0,97871.0,100.0,123.4
multi_kernel,-0.8614790439605713,0,30685.0,97871.0,100.0,122.38
multi_kernel,-0.8614790439605713,1,31615.0,97871.0,0.0,121.74
multi_kernel,-0.8614790439605713,2,31609.0,97871.0,100.0,124.07
multi_kernel,-0.8614790439605713,3,30451.0,97871.0,100.0,125.24
multi_kernel,-0.6614789962768555,0,30685.0,97871.0,73.0,130.53
multi_kernel,-0.6614789962768555,1,31615.0,97871.0,8.0,129.88
multi_kernel,-0.6604790687561035,2,31609.0,97871.0,93.0,131.5
multi_kernel,-0.6604790687561035,3,30451.0,97871.0,100.0,132.58
multi_kernel,-0.4604790210723877,0,30685.0,97871.0,37.0,140.62
multi_kernel,-0.4604790210723877,1,31615.0,97871.0,0.0,144.65
multi_kernel,-0.4604790210723877,2,31609.0,97871.0,13.0,147.94
multi_kernel,-0.4604790210723877,3,30451.0,97871.0,44.0,149.76
multi_kernel,-0.2604789733886719,0,30685.0,97871.0,95.0,161.0
multi_kernel,-0.2604789733886719,1,31615.0,97871.0,100.0,159.24
multi_kernel,-0.2604789733886719,2,31609.0,97871.0,43.0,158.59
multi_kernel,-0.2604789733886719,3,30451.0,97871.0,82.0,160.9
multi_kernel,-0.060478925704956055,0,30685.0,97871.0,28.0,165.76
multi_kernel,-0.060478925704956055,1,31615.0,97871.0,81.0,165.88
multi_kernel,-0.0594789981842041,2,31609.0,97871.0,89.0,164.21
multi_kernel,-0.0594789981842041,3,30451.0,97871.0,90.0,167.43
multi_kernel,0.14052104949951172,0,30685.0,97871.0,9.0,162.97
multi_kernel,0.14052104949951172,1,31615.0,97871.0,81.0,167.68
multi_kernel,0.14052104949951172,2,31609.0,97871.0,29.0,164.76
multi_kernel,0.14052104949951172,3,30451.0,97871.0,8.0,166.64
multi_kernel,0.34052109718322754,0,30685.0,97871.0,0.0,156.4
multi_kernel,0.34052109718322754,1,31615.0,97871.0,0.0,160.05
multi_kernel,0.34052109718322754,2,31609.0,97871.0,0.0,156.24
multi_kernel,0.34052109718322754,3,30451.0,97871.0,0.0,158.04
multi_kernel,0.5405209064483643,0,30687.0,97871.0,0.0,141.15
multi_kernel,0.5405209064483643,1,31617.0,97871.0,0.0,151.45
multi_kernel,0.5405209064483643,2,31611.0,97871.0,12.0,146.73
multi_kernel,0.5415210723876953,3,30453.0,97871.0,36.0,146.26
multi_kernel,0.7415211200714111,0,30687.0,97871.0,8.0,140.47
multi_kernel,0.7415211200714111,1,31617.0,97871.0,94.0,143.68
multi_kernel,0.7415211200714111,2,31611.0,97871.0,100.0,141.74
multi_kernel,0.7415211200714111,3,30453.0,97871.0,100.0,142.93
multi_kernel,0.9415209293365479,0,30687.0,97871.0,10.0,141.1
multi_kernel,0.9415209293365479,1,31617.0,97871.0,100.0,145.02
multi_kernel,0.9415209293365479,2,31611.0,97871.0,64.0,143.4
multi_kernel,0.9415209293365479,3,30453.0,97871.0,59.0,144.55
multi_kernel,1.1415209770202637,0,30687.0,97871.0,9.0,147.3
multi_kernel,1.1415209770202637,1,31617.0,97871.0,100.0,150.13
multi_kernel,1.1415209770202637,2,31611.0,97871.0,100.0,149.29
multi_kernel,1.1415209770202637,3,30453.0,97871.0,100.0,151.25
multi_kernel,1.3425209522247314,0,30687.0,97871.0,10.0,154.64
multi_kernel,1.3425209522247314,1,31617.0,97871.0,100.0,157.94
multi_kernel,1.3425209522247314,2,31611.0,97871.0,55.0,157.58
multi_kernel,1.3425209522247314,3,30453.0,97871.0,46.0,157.96
multi_kernel,1.5425209999084473,0,30687.0,97871.0,74.0,160.71
multi_kernel,1.5425209999084473,1,31617.0,97871.0,8.0,163.41
multi_kernel,1.5425209999084473,2,31611.0,97871.0,93.0,163.48
multi_kernel,1.5425209999084473,3,30453.0,97871.0,99.0,165.19
multi_kernel,1.742521047592163,0,30687.0,97871.0,100.0,163.23
multi_kernel,1.742521047592163,1,31617.0,97871.0,20.0,165.75
multi_kernel,1.742521047592163,2,31611.0,97871.0,56.0,165.97
multi_kernel,1.742521047592163,3,30453.0,97871.0,48.0,167.3
multi_kernel,1.9435210227966309,0,30687.0,97871.0,99.0,163.63
multi_kernel,1.9435210227966309,1,31617.0,97871.0,100.0,166.42
multi_kernel,1.9435210227966309,2,31611.0,97871.0,16.0,165.78
multi_kernel,1.9435210227966309,3,30453.0,97871.0,93.0,167.75
multi_kernel,2.1435210704803467,0,30687.0,97871.0,100.0,158.02
multi_kernel,2.1435210704803467,1,31617.0,97871.0,100.0,162.7
multi_kernel,2.1435210704803467,2,31611.0,97871.0,6.0,160.5
multi_kernel,2.1435210704803467,3,30453.0,97871.0,52.0,162.49
multi_kernel,2.3435211181640625,0,30687.0,97871.0,0.0,155.87
multi_kernel,2.3435211181640625,1,31617.0,97871.0,0.0,158.07
multi_kernel,2.3435211181640625,2,31611.0,97871.0,0.0,156.54
multi_kernel,2.3435211181640625,3,30453.0,97871.0,12.0,159.02
multi_kernel,2.543520927429199,0,30687.0,97871.0,99.0,151.39
multi_kernel,2.5445210933685303,1,31617.0,97871.0,7.0,155.19
multi_kernel,2.5445210933685303,2,31611.0,97871.0,100.0,152.6
multi_kernel,2.5445210933685303,3,30453.0,97871.0,100.0,153.79
multi_kernel,2.744520902633667,0,30687.0,97871.0,83.0,149.14
multi_kernel,2.744520902633667,1,31617.0,97871.0,4.0,151.34
multi_kernel,2.744520902633667,2,31611.0,97871.0,10.0,148.62
multi_kernel,2.744520902633667,3,30453.0,97871.0,89.0,150.75
multi_kernel,2.944520950317383,0,30687.0,97871.0,97.0,149.74
multi_kernel,2.944520950317383,1,31617.0,97871.0,100.0,151.3
multi_kernel,2.944520950317383,2,31611.0,97871.0,10.0,148.55
multi_kernel,2.944520950317383,3,30453.0,97871.0,100.0,151.21
multi_kernel,3.1445209980010986,0,30687.0,97871.0,100.0,157.24
multi_kernel,3.1455209255218506,1,31617.0,97871.0,82.0,155.5
multi_kernel,3.1455209255218506,2,31611.0,97871.0,32.0,153.51
multi_kernel,3.1455209255218506,3,30453.0,97871.0,60.0,156.66
multi_kernel,3.3455209732055664,0,30687.0,97871.0,14.0,162.06
multi_kernel,3.3455209732055664,1,31617.0,97871.0,94.0,162.79
multi_kernel,3.3455209732055664,2,31611.0,97871.0,100.0,159.69
multi_kernel,3.3455209732055664,3,30453.0,97871.0,100.0,163.38
multi_kernel,3.5455210208892822,0,30687.0,97871.0,14.0,168.07
multi_kernel,3.5455210208892822,1,31617.0,97871.0,100.0,168.81
multi_kernel,3.5455210208892822,2,31611.0,97871.0,58.0,165.66
multi_kernel,3.5455210208892822,3,30453.0,97871.0,63.0,168.29
multi_kernel,3.745521068572998,0,30687.0,97871.0,90.0,169.85
multi_kernel,3.745521068572998,1,31617.0,97871.0,100.0,172.01
multi_kernel,3.745521068572998,2,31611.0,97871.0,22.0,168.66
multi_kernel,3.74652099609375,3,30453.0,97871.0,74.0,170.97
multi_kernel,3.946521043777466,0,30687.0,97871.0,50.0,169.4
multi_kernel,3.946521043777466,1,31617.0,97871.0,91.0,172.54
multi_kernel,3.946521043777466,2,31611.0,97871.0,100.0,168.5
multi_kernel,3.946521043777466,3,30453.0,97871.0,100.0,170.96
multi_kernel,4.146521091461182,0,30687.0,97871.0,13.0,165.66
multi_kernel,4.146521091461182,1,31617.0,97871.0,89.0,169.53
multi_kernel,4.146521091461182,2,31611.0,97871.0,100.0,165.09
multi_kernel,4.146521091461182,3,30453.0,97871.0,86.0,166.92
multi_kernel,4.346520900726318,0,30687.0,97871.0,1.0,161.43
multi_kernel,4.346520900726318,1,31617.0,97871.0,49.0,165.55
multi_kernel,4.346520900726318,2,31611.0,97871.0,98.0,161.86
multi_kernel,4.346520900726318,3,30453.0,97871.0,100.0,163.42
multi_kernel,4.547521114349365,0,30687.0,97871.0,14.0,154.76
multi_kernel,4.547521114349365,1,31617.0,97871.0,83.0,159.99
multi_kernel,4.547521114349365,2,31611.0,97871.0,100.0,155.33
multi_kernel,4.547521114349365,3,30453.0,97871.0,97.0,157.55
multi_kernel,4.747520923614502,0,30687.0,97871.0,25.0,151.55
multi_kernel,4.747520923614502,1,31617.0,97871.0,100.0,154.62
multi_kernel,4.747520923614502,2,31611.0,97871.0,93.0,151.79
multi_kernel,4.747520923614502,3,30453.0,97871.0,97.0,153.76
multi_kernel,4.947520971298218,0,30687.0,97871.0,51.0,149.06
multi_kernel,4.947520971298218,1,31617.0,97871.0,13.0,152.23
multi_kernel,4.947520971298218,2,31611.0,97871.0,92.0,149.82
multi_kernel,4.947520971298218,3,30453.0,97871.0,97.0,150.84
multi_kernel,5.147521018981934,0,30687.0,97871.0,61.0,150.21
multi_kernel,5.1485209465026855,1,31617.0,97871.0,32.0,153.15
multi_kernel,5.1485209465026855,2,31611.0,97871.0,100.0,150.94
multi_kernel,5.1485209465026855,3,30453.0,97871.0,100.0,152.02
multi_kernel,5.348520994186401,0,30687.0,97871.0,43.0,150.23
multi_kernel,5.348520994186401,1,31617.0,97871.0,82.0,153.51
multi_kernel,5.348520994186401,2,31611.0,97871.0,100.0,150.95
multi_kernel,5.348520994186401,3,30453.0,97871.0,100.0,152.11
multi_kernel,5.548521041870117,0,30687.0,97871.0,7.0,150.41
multi_kernel,5.548521041870117,1,31617.0,97871.0,100.0,153.46
multi_kernel,5.548521041870117,2,31611.0,97871.0,100.0,150.94
multi_kernel,5.548521041870117,3,30453.0,97871.0,100.0,151.96
multi_kernel,5.748521089553833,0,30687.0,97871.0,6.0,150.41
multi_kernel,5.749521017074585,1,31617.0,97871.0,100.0,153.58
multi_kernel,5.749521017074585,2,31611.0,97871.0,100.0,150.9
multi_kernel,5.749521017074585,3,30453.0,97871.0,100.0,152.07
multi_kernel,5.949521064758301,0,30687.0,97871.0,10.0,150.41
multi_kernel,5.949521064758301,1,31617.0,97871.0,100.0,153.34
multi_kernel,5.949521064758301,2,31611.0,97871.0,100.0,150.82
multi_kernel,5.949521064758301,3,30453.0,97871.0,97.0,152.29
multi_kernel,6.149521112442017,0,30687.0,97871.0,98.0,150.45
multi_kernel,6.149521112442017,1,31617.0,97871.0,8.0,153.45
multi_kernel,6.149521112442017,2,31611.0,97871.0,90.0,151.03
multi_kernel,6.149521112442017,3,30453.0,97871.0,97.0,152.28
multi_kernel,6.349520921707153,0,30687.0,97871.0,84.0,150.49
multi_kernel,6.350521087646484,1,31617.0,97871.0,8.0,153.15
multi_kernel,6.350521087646484,2,31611.0,97871.0,86.0,151.15
multi_kernel,6.350521087646484,3,30453.0,97871.0,100.0,152.21
multi_kernel,6.550520896911621,0,30687.0,97871.0,39.0,146.9
multi_kernel,6.550520896911621,1,31617.0,97871.0,14.0,151.5
multi_kernel,6.550520896911621,2,31611.0,97871.0,91.0,148.47
multi_kernel,6.550520896911621,3,30453.0,97871.0,69.0,149.59
multi_kernel,6.750520944595337,0,30687.0,97871.0,0.0,145.16
multi_kernel,6.750520944595337,1,31617.0,97871.0,0.0,147.58
multi_kernel,6.750520944595337,2,31611.0,97871.0,0.0,145.57
multi_kernel,6.750520944595337,3,30453.0,97871.0,0.0,146.44
multi_kernel,6.950520992279053,0,30687.0,97871.0,74.0,146.27
multi_kernel,6.950520992279053,1,31617.0,97871.0,100.0,148.22
multi_kernel,6.950520992279053,2,31611.0,97871.0,15.0,146.45
multi_kernel,6.951520919799805,3,30453.0,97871.0,100.0,146.83
multi_kernel,7.1515209674835205,0,30687.0,97871.0,93.0,149.26
multi_kernel,7.1515209674835205,1,31617.0,97871.0,91.0,150.01
multi_kernel,7.1515209674835205,2,31611.0,97871.0,11.0,148.34
multi_kernel,7.1515209674835205,3,30453.0,97871.0,78.0,149.37
multi_kernel,7.351521015167236,0,30687.0,97871.0,100.0,152.65
multi_kernel,7.351521015167236,1,31617.0,97871.0,100.0,152.51
multi_kernel,7.351521015167236,2,31611.0,97871.0,84.0,150.91
multi_kernel,7.351521015167236,3,30453.0,97871.0,12.0,151.25
multi_kernel,7.551521062850952,0,30687.0,97871.0,85.0,158.57
multi_kernel,7.551521062850952,1,31617.0,97871.0,21.0,156.7
multi_kernel,7.551521062850952,2,31611.0,97871.0,100.0,155.71
multi_kernel,7.551521062850952,3,30453.0,97871.0,100.0,156.51
multi_kernel,7.75252103805542,0,30687.0,97871.0,100.0,163.98
multi_kernel,7.75252103805542,1,31617.0,97871.0,10.0,161.47
multi_kernel,7.75252103805542,2,31611.0,97871.0,100.0,159.94
multi_kernel,7.75252103805542,3,30453.0,97871.0,100.0,161.56
multi_kernel,7.952521085739136,0,30687.0,97871.0,69.0,168.65
multi_kernel,7.952521085739136,1,31617.0,97871.0,19.0,166.08
multi_kernel,7.952521085739136,2,31611.0,97871.0,97.0,165.4
multi_kernel,7.952521085739136,3,30453.0,97871.0,97.0,167.68
multi_kernel,8.152520895004272,0,30687.0,97871.0,35.0,168.24
multi_kernel,8.152520895004272,1,31617.0,97871.0,74.0,168.37
multi_kernel,8.152520895004272,2,31611.0,97871.0,61.0,167.51
multi_kernel,8.152520895004272,3,30453.0,97871.0,70.0,169.5
multi_kernel,8.352520942687988,0,30687.0,97871.0,21.0,163.87
multi_kernel,8.35352110862732,1,31617.0,97871.0,70.0,166.71
multi_kernel,8.35352110862732,2,31611.0,97871.0,97.0,165.07
multi_kernel,8.35352110862732,3,30453.0,97871.0,100.0,167.65
multi_kernel,8.553520917892456,0,30687.0,97871.0,65.0,154.97
multi_kernel,8.553520917892456,1,31617.0,97871.0,3.0,159.14
multi_kernel,8.553520917892456,2,31611.0,97871.0,0.0,157.09
multi_kernel,8.553520917892456,3,30453.0,97871.0,0.0,159.02
multi_kernel,8.753520965576172,0,30687.0,97871.0,0.0,149.39
multi_kernel,8.753520965576172,1,31617.0,97871.0,0.0,153.3
multi_kernel,8.753520965576172,2,31611.0,97871.0,0.0,151.86
multi_kernel,8.753520965576172,3,30453.0,97871.0,0.0,153.52
multi_kernel,8.953521013259888,0,30687.0,97871.0,49.0,147.32
multi_kernel,8.95452094078064,1,31617.0,97871.0,82.0,150.87
multi_kernel,8.95452094078064,2,31611.0,97871.0,100.0,147.73
multi_kernel,8.95452094078064,3,30453.0,97871.0,8.0,147.51
multi_kernel,9.154520988464355,0,30687.0,97871.0,100.0,147.91
multi_kernel,9.154520988464355,1,31617.0,97871.0,100.0,148.32
multi_kernel,9.154520988464355,2,31611.0,97871.0,100.0,146.31
multi_kernel,9.154520988464355,3,30453.0,97871.0,8.0,146.28
multi_kernel,9.354521036148071,0,30687.0,97871.0,91.0,152.77
multi_kernel,9.354521036148071,1,31617.0,97871.0,19.0,151.12
multi_kernel,9.354521036148071,2,31611.0,97871.0,100.0,150.02
multi_kernel,9.354521036148071,3,30453.0,97871.0,100.0,149.63
multi_kernel,9.554521083831787,0,30687.0,97871.0,76.0,160.96
multi_kernel,9.554521083831787,1,31617.0,97871.0,32.0,158.78
multi_kernel,9.554521083831787,2,31611.0,97871.0,40.0,157.88
multi_kernel,9.555521011352539,3,30453.0,97871.0,100.0,158.96
multi_kernel,9.755521059036255,0,30687.0,97871.0,96.0,168.82
multi_kernel,9.755521059036255,1,31617.0,97871.0,64.0,167.8
multi_kernel,9.755521059036255,2,31611.0,97871.0,16.0,165.05
multi_kernel,9.755521059036255,3,30453.0,97871.0,77.0,166.86
multi_kernel,9.95552110671997,0,30687.0,97871.0,100.0,169.67
multi_kernel,9.95552110671997,1,31617.0,97871.0,22.0,170.55
multi_kernel,9.95552110671997,2,31611.0,97871.0,100.0,166.69
multi_kernel,9.95552110671997,3,30453.0,97871.0,82.0,169.82
multi_kernel,10.155520915985107,0,30687.0,97871.0,78.0,167.22
multi_kernel,10.155520915985107,1,31617.0,97871.0,90.0,170.73
multi_kernel,10.155520915985107,2,31611.0,97871.0,16.0,165.31
multi_kernel,10.155520915985107,3,30453.0,97871.0,98.0,169.54
multi_kernel,10.356520891189575,0,30687.0,97871.0,70.0,163.48
multi_kernel,10.356520891189575,1,31617.0,97871.0,100.0,167.42
multi_kernel,10.356520891189575,2,31611.0,97871.0,90.0,161.38
multi_kernel,10.356520891189575,3,30453.0,97871.0,55.0,165.52
multi_kernel,10.556520938873291,0,30687.0,97871.0,21.0,161.1
multi_kernel,10.556520938873291,1,31617.0,97871.0,87.0,164.17
multi_kernel,10.556520938873291,2,31611.0,97871.0,24.0,159.38
multi_kernel,10.556520938873291,3,30453.0,97871.0,92.0,162.34
multi_kernel,10.756520986557007,0,30687.0,97871.0,53.0,155.85
multi_kernel,10.756520986557007,1,31617.0,97871.0,97.0,160.82
multi_kernel,10.756520986557007,2,31611.0,97871.0,8.0,156.34
multi_kernel,10.756520986557007,3,30453.0,97871.0,90.0,158.41
multi_kernel,10.957520961761475,0,30687.0,97871.0,17.0,152.56
multi_kernel,10.957520961761475,1,31617.0,97871.0,100.0,156.16
multi_kernel,10.957520961761475,2,31611.0,97871.0,39.0,152.41
multi_kernel,10.957520961761475,3,30453.0,97871.0,96.0,154.67
multi_kernel,11.15752100944519,0,30687.0,97871.0,94.0,151.09
multi_kernel,11.15752100944519,1,31617.0,97871.0,8.0,153.62
multi_kernel,11.15752100944519,2,31611.0,97871.0,71.0,151.01
multi_kernel,11.15752100944519,3,30453.0,97871.0,99.0,152.35
multi_kernel,11.357521057128906,0,30687.0,97871.0,59.0,151.03
multi_kernel,11.357521057128906,1,31617.0,97871.0,39.0,153.43
multi_kernel,11.357521057128906,2,31611.0,97871.0,72.0,150.97
multi_kernel,11.357521057128906,3,30453.0,97871.0,97.0,152.39
multi_kernel,11.557521104812622,0,30687.0,97871.0,77.0,146.57
multi_kernel,11.558521032333374,1,31617.0,97871.0,8.0,151.07
multi_kernel,11.558521032333374,2,31611.0,97871.0,69.0,147.68
multi_kernel,11.558521032333374,3,30453.0,97871.0,47.0,148.86
multi_kernel,11.75852108001709,0,30687.0,97871.0,0.0,148.18
multi_kernel,11.75852108001709,1,31617.0,97871.0,0.0,149.06
multi_kernel,11.75852108001709,2,31611.0,97871.0,4.0,146.99
multi_kernel,11.75852108001709,3,30453.0,97871.0,32.0,148.03
multi_kernel,11.958520889282227,0,30687.0,97871.0,100.0,150.68
multi_kernel,11.958520889282227,1,31617.0,97871.0,100.0,150.11
multi_kernel,11.958520889282227,2,31611.0,97871.0,25.0,148.29
multi_kernel,11.958520889282227,3,30453.0,97871.0,64.0,149.57
multi_kernel,12.158520936965942,0,30687.0,97871.0,96.0,153.81
multi_kernel,12.159521102905273,1,31617.0,97871.0,15.0,152.94
multi_kernel,12.159521102905273,2,31611.0,97871.0,52.0,150.6
multi_kernel,12.159521102905273,3,30453.0,97871.0,100.0,152.54
multi_kernel,12.35952091217041,0,30687.0,97871.0,100.0,156.99
multi_kernel,12.35952091217041,1,31617.0,97871.0,87.0,155.21
multi_kernel,12.35952091217041,2,31611.0,97871.0,15.0,153.52
multi_kernel,12.35952091217041,3,30453.0,97871.0,88.0,155.15
multi_kernel,12.559520959854126,0,30687.0,97871.0,100.0,163.55
multi_kernel,12.559520959854126,1,31617.0,97871.0,100.0,160.87
multi_kernel,12.559520959854126,2,31611.0,97871.0,100.0,159.42
multi_kernel,12.559520959854126,3,30453.0,97871.0,12.0,160.98
multi_kernel,12.759521007537842,0,30687.0,97871.0,89.0,166.0
multi_kernel,12.760520935058594,1,31617.0,97871.0,100.0,165.28
multi_kernel,12.760520935058594,2,31611.0,97871.0,14.0,163.32
multi_kernel,12.760520935058594,3,30453.0,97871.0,98.0,164.21
multi_kernel,12.96052098274231,0,30687.0,97871.0,95.0,163.74
multi_kernel,12.96052098274231,1,31617.0,97871.0,97.0,164.61
multi_kernel,12.96052098274231,2,31611.0,97871.0,49.0,162.21
multi_kernel,12.96052098274231,3,30453.0,97871.0,42.0,162.88
multi_kernel,13.160521030426025,0,30687.0,97871.0,97.0,160.64
multi_kernel,13.160521030426025,1,31617.0,97871.0,96.0,161.86
multi_kernel,13.160521030426025,2,31611.0,97871.0,100.0,159.83
multi_kernel,13.160521030426025,3,30453.0,97871.0,6.0,159.94
multi_kernel,13.360521078109741,0,30687.0,97871.0,47.0,154.55
multi_kernel,13.360521078109741,1,31617.0,97871.0,94.0,159.01
multi_kernel,13.360521078109741,2,31611.0,97871.0,100.0,155.38
multi_kernel,13.361521005630493,3,30453.0,97871.0,100.0,155.68
multi_kernel,13.561521053314209,0,30687.0,97871.0,1.0,145.42
multi_kernel,13.561521053314209,1,31617.0,97871.0,0.0,149.52
multi_kernel,13.561521053314209,2,31611.0,97871.0,0.0,146.65
multi_kernel,13.561521053314209,3,30453.0,97871.0,0.0,147.46
multi_kernel,13.761521100997925,0,30687.0,97871.0,0.0,138.43
multi_kernel,13.761521100997925,1,31617.0,97871.0,0.0,140.58
multi_kernel,13.761521100997925,2,31611.0,97871.0,0.0,138.59
multi_kernel,13.761521100997925,3,30453.0,97871.0,0.0,139.4
multi_kernel,13.961520910263062,0,30687.0,97871.0,13.0,140.85
multi_kernel,13.961520910263062,1,31617.0,97871.0,45.0,142.38
multi_kernel,13.961520910263062,2,31611.0,97871.0,38.0,140.23
multi_kernel,13.961520910263062,3,30453.0,97871.0,73.0,141.81
multi_kernel,14.16252088546753,0,30687.0,97871.0,100.0,144.76
multi_kernel,14.16252088546753,1,31617.0,97871.0,100.0,145.55
multi_kernel,14.16252088546753,2,31611.0,97871.0,9.0,143.02
multi_kernel,14.16252088546753,3,30453.0,97871.0,100.0,145.42
multi_kernel,14.362520933151245,0,30687.0,97871.0,66.0,149.85
multi_kernel,14.362520933151245,1,31617.0,97871.0,68.0,148.57
multi_kernel,14.362520933151245,2,31611.0,97871.0,86.0,146.28
multi_kernel,14.362520933151245,3,30453.0,97871.0,100.0,149.28
multi_kernel,14.562520980834961,0,30687.0,97871.0,80.0,158.12
multi_kernel,14.562520980834961,1,31617.0,97871.0,84.0,156.63
multi_kernel,14.562520980834961,2,31611.0,97871.0,10.0,153.34
multi_kernel,14.562520980834961,3,30453.0,97871.0,100.0,157.86
multi_kernel,14.762521028518677,0,30687.0,97871.0,100.0,166.69
multi_kernel,14.763520956039429,1,31617.0,97871.0,100.0,165.49
multi_kernel,14.763520956039429,2,31611.0,97871.0,9.0,161.66
multi_kernel,14.763520956039429,3,30453.0,97871.0,100.0,167.22
multi_kernel,14.963521003723145,0,30687.0,97871.0,30.0,168.98
multi_kernel,14.963521003723145,1,31617.0,97871.0,95.0,170.77
multi_kernel,14.963521003723145,2,31611.0,97871.0,100.0,166.35
multi_kernel,14.963521003723145,3,30453.0,97871.0,100.0,169.93
multi_kernel,15.16352105140686,0,30687.0,97871.0,21.0,168.17
multi_kernel,15.16352105140686,1,31617.0,97871.0,79.0,172.64
multi_kernel,15.16352105140686,2,31611.0,97871.0,91.0,166.33
multi_kernel,15.16352105140686,3,30453.0,97871.0,100.0,169.55
multi_kernel,15.363521099090576,0,30687.0,97871.0,73.0,165.51
multi_kernel,15.364521026611328,1,31617.0,97871.0,66.0,170.12
multi_kernel,15.364521026611328,2,31611.0,97871.0,40.0,164.15
multi_kernel,15.364521026611328,3,30453.0,97871.0,100.0,166.7
multi_kernel,15.564521074295044,0,30687.0,97871.0,68.0,162.89
multi_kernel,15.564521074295044,1,31617.0,97871.0,98.0,168.02
multi_kernel,15.564521074295044,2,31611.0,97871.0,100.0,163.37
multi_kernel,15.564521074295044,3,30453.0,97871.0,7.0,164.27
multi_kernel,15.76452112197876,0,30687.0,97871.0,23.0,158.88
multi_kernel,15.76452112197876,1,31617.0,97871.0,100.0,165.36
multi_kernel,15.76452112197876,2,31611.0,97871.0,100.0,161.68
multi_kernel,15.76452112197876,3,30453.0,97871.0,100.0,160.75
multi_kernel,15.964520931243896,0,30687.0,97871.0,9.0,153.95
multi_kernel,15.965521097183228,1,31617.0,97871.0,100.0,159.01
multi_kernel,15.965521097183228,2,31611.0,97871.0,94.0,154.79
multi_kernel,15.965521097183228,3,30453.0,97871.0,27.0,156.06
multi_kernel,16.165520906448364,0,30687.0,97871.0,100.0,151.19
multi_kernel,16.165520906448364,1,31617.0,97871.0,91.0,154.19
multi_kernel,16.165520906448364,2,31611.0,97871.0,92.0,152.25
multi_kernel,16.165520906448364,3,30453.0,97871.0,69.0,152.7
multi_kernel,16.36552095413208,0,30687.0,97871.0,91.0,151.17
multi_kernel,16.36552095413208,1,31617.0,97871.0,62.0,153.85
multi_kernel,16.36552095413208,2,31611.0,97871.0,97.0,151.87
multi_kernel,16.36552095413208,3,30453.0,97871.0,13.0,152.56
multi_kernel,16.565521001815796,0,30687.0,97871.0,97.0,151.2
multi_kernel,16.565521001815796,1,31617.0,97871.0,100.0,153.84
multi_kernel,16.566520929336548,2,31611.0,97871.0,7.0,151.8
multi_kernel,16.566520929336548,3,30453.0,97871.0,95.0,152.62
multi_kernel,16.766520977020264,0,30687.0,97871.0,97.0,151.51
multi_kernel,16.766520977020264,1,31617.0,97871.0,48.0,153.9
multi_kernel,16.766520977020264,2,31611.0,97871.0,81.0,151.75
multi_kernel,16.766520977020264,3,30453.0,97871.0,94.0,152.44
multi_kernel,16.96652102470398,0,30687.0,97871.0,74.0,151.57
multi_kernel,16.96652102470398,1,31617.0,97871.0,95.0,153.88
multi_kernel,16.96652102470398,2,31611.0,97871.0,95.0,151.81
multi_kernel,16.96652102470398,3,30453.0,97871.0,8.0,152.38
multi_kernel,17.166521072387695,0,30687.0,97871.0,97.0,151.37
multi_kernel,17.166521072387695,1,31617.0,97871.0,97.0,153.88
multi_kernel,17.166521072387695,2,31611.0,97871.0,9.0,151.8
multi_kernel,17.167520999908447,3,30453.0,97871.0,100.0,152.19
multi_kernel,17.367521047592163,0,30687.0,97871.0,76.0,147.61
multi_kernel,17.367521047592163,1,31617.0,97871.0,22.0,152.19
multi_kernel,17.367521047592163,2,31611.0,97871.0,38.0,149.13
multi_kernel,17.367521047592163,3,30453.0,97871.0,68.0,148.75
multi_kernel,17.56752109527588,0,30687.0,97871.0,0.0,141.54
multi_kernel,17.56752109527588,1,31617.0,97871.0,0.0,145.72
multi_kernel,17.56752109527588,2,31611.0,97871.0,0.0,142.81
multi_kernel,17.56752109527588,3,30453.0,97871.0,0.0,142.54
multi_kernel,17.767520904541016,0,30687.0,97871.0,0.0,141.92
multi_kernel,17.767520904541016,1,31617.0,97871.0,0.0,143.31
multi_kernel,17.767520904541016,2,31611.0,97871.0,0.0,141.64
multi_kernel,17.767520904541016,3,30453.0,97871.0,7.0,142.45
multi_kernel,17.968521118164062,0,30687.0,97871.0,19.0,143.87
multi_kernel,17.968521118164062,1,31617.0,97871.0,100.0,146.15
multi_kernel,17.968521118164062,2,31611.0,97871.0,100.0,144.42
multi_kernel,17.968521118164062,3,30453.0,97871.0,100.0,144.71
multi_kernel,18.1685209274292,0,30687.0,97871.0,12.0,145.8
multi_kernel,18.1685209274292,1,31617.0,97871.0,71.0,147.37
multi_kernel,18.1685209274292,2,31611.0,97871.0,77.0,145.99
multi_kernel,18.1685209274292,3,30453.0,97871.0,98.0,147.1
multi_kernel,18.368520975112915,0,30687.0,97871.0,10.0,150.55
multi_kernel,18.368520975112915,1,31617.0,97871.0,100.0,150.05
multi_kernel,18.368520975112915,2,31611.0,97871.0,100.0,150.31
multi_kernel,18.368520975112915,3,30453.0,97871.0,100.0,152.33
multi_kernel,18.56852102279663,0,30687.0,97871.0,10.0,162.59
multi_kernel,18.569520950317383,1,31617.0,97871.0,85.0,159.79
multi_kernel,18.569520950317383,2,31611.0,97871.0,52.0,159.99
multi_kernel,18.569520950317383,3,30453.0,97871.0,91.0,162.53
multi_kernel,18.7695209980011,0,30687.0,97871.0,93.0,165.31
multi_kernel,18.7695209980011,1,31617.0,97871.0,100.0,168.19
multi_kernel,18.7695209980011,2,31611.0,97871.0,30.0,164.96
multi_kernel,18.7695209980011,3,30453.0,97871.0,91.0,168.01
multi_kernel,18.969521045684814,0,30687.0,97871.0,100.0,164.2
multi_kernel,18.969521045684814,1,31617.0,97871.0,34.0,167.63
multi_kernel,18.969521045684814,2,31611.0,97871.0,100.0,163.46
multi_kernel,18.969521045684814,3,30453.0,97871.0,100.0,166.96
multi_kernel,19.16952109336853,0,30687.0,97871.0,9.0,158.97
multi_kernel,19.16952109336853,1,31617.0,97871.0,100.0,164.68
multi_kernel,19.16952109336853,2,31611.0,97871.0,94.0,159.53
multi_kernel,19.170521020889282,3,30453.0,97871.0,72.0,161.5
multi_kernel,19.370521068572998,0,30687.0,97871.0,0.0,151.23
multi_kernel,19.370521068572998,1,31617.0,97871.0,0.0,156.74
multi_kernel,19.370521068572998,2,31611.0,97871.0,0.0,151.07
multi_kernel,19.370521068572998,3,30453.0,97871.0,0.0,153.68
multi_kernel,19.570521116256714,0,30687.0,97871.0,0.0,146.75
multi_kernel,19.570521116256714,1,31617.0,97871.0,0.0,151.52
multi_kernel,19.570521116256714,2,31611.0,97871.0,7.0,147.22
multi_kernel,19.570521116256714,3,30453.0,97871.0,26.0,149.16
multi_kernel,19.77052092552185,0,30687.0,97871.0,93.0,145.75
multi_kernel,19.77052092552185,1,31617.0,97871.0,100.0,150.32
multi_kernel,19.77052092552185,2,31611.0,97871.0,11.0,145.57
multi_kernel,19.77052092552185,3,30453.0,97871.0,98.0,147.3
multi_kernel,19.970520973205566,0,30687.0,97871.0,100.0,146.32
multi_kernel,19.97152090072632,1,31617.0,97871.0,64.0,150.07
multi_kernel,19.97152090072632,2,31611.0,97871.0,41.0,146.26
multi_kernel,19.97152090072632,3,30453.0,97871.0,9.0,147.29
multi_kernel,20.171520948410034,0,30687.0,97871.0,73.0,153.91
multi_kernel,20.171520948410034,1,31617.0,97871.0,100.0,154.46
multi_kernel,20.171520948410034,2,31611.0,97871.0,90.0,151.33
multi_kernel,20.171520948410034,3,30453.0,97871.0,23.0,153.58
multi_kernel,20.37152099609375,0,30687.0,97871.0,77.0,165.74
multi_kernel,20.37152099609375,1,31617.0,97871.0,71.0,167.68
multi_kernel,20.37152099609375,2,31611.0,97871.0,83.0,163.71
multi_kernel,20.37152099609375,3,30453.0,97871.0,100.0,164.42
multi_kernel,20.575520992279053,0,30687.0,97871.0,47.0,164.91
multi_kernel,20.576520919799805,1,31617.0,97871.0,32.0,169.94
multi_kernel,20.576520919799805,2,31611.0,97871.0,9.0,164.62
multi_kernel,20.576520919799805,3,30453.0,97871.0,100.0,164.9
multi_kernel,20.77652096748352,0,30687.0,97871.0,0.0,159.04
multi_kernel,20.77652096748352,1,31617.0,97871.0,74.0,164.84
multi_kernel,20.77652096748352,2,31611.0,97871.0,10.0,159.94
multi_kernel,20.77652096748352,3,30453.0,97871.0,74.0,159.33
multi_kernel,20.976521015167236,0,30687.0,97871.0,0.0,150.9
multi_kernel,20.976521015167236,1,31617.0,97871.0,0.0,156.23
multi_kernel,20.976521015167236,2,31611.0,97871.0,0.0,151.85
multi_kernel,20.976521015167236,3,30453.0,97871.0,0.0,151.57
multi_kernel,21.176521062850952,0,30687.0,97871.0,0.0,140.82
multi_kernel,21.176521062850952,1,31617.0,97871.0,0.0,146.88
multi_kernel,21.176521062850952,2,31611.0,97871.0,0.0,143.79
multi_kernel,21.177520990371704,3,30453.0,97871.0,0.0,142.25
multi_kernel,21.37752103805542,0,30447.0,97871.0,1.0,128.78
multi_kernel,21.37752103805542,1,31617.0,97871.0,0.0,134.63
multi_kernel,21.37752103805542,2,31563.0,97871.0,0.0,131.04
multi_kernel,21.37752103805542,3,30207.0,97871.0,0.0,130.28
multi_kernel,21.577521085739136,0,30447.0,97871.0,0.0,122.41
multi_kernel,21.577521085739136,1,31617.0,97871.0,0.0,126.67
multi_kernel,21.577521085739136,2,31563.0,97871.0,0.0,124.04
multi_kernel,21.577521085739136,3,30207.0,97871.0,0.0,124.34
multi_kernel,21.777520895004272,0,30119.0,97871.0,0.0,119.8
multi_kernel,21.777520895004272,1,31049.0,97871.0,0.0,121.77
multi_kernel,21.777520895004272,2,31043.0,97871.0,0.0,120.24
multi_kernel,21.777520895004272,3,29885.0,97871.0,0.0,120.68
multi_kernel,21.97752094268799,0,30119.0,97871.0,1.0,119.77
multi_kernel,21.97752094268799,1,31049.0,97871.0,1.0,121.85
multi_kernel,21.97852110862732,2,31043.0,97871.0,2.0,120.17
multi_kernel,21.97852110862732,3,29885.0,97871.0,0.0,120.6
multi_kernel,22.178520917892456,0,30119.0,97871.0,0.0,119.74
multi_kernel,22.178520917892456,1,31049.0,97871.0,0.0,121.81
multi_kernel,22.178520917892456,2,31043.0,97871.0,0.0,120.15
multi_kernel,22.178520917892456,3,29885.0,97871.0,0.0,120.62
multi_kernel,22.378520965576172,0,30119.0,97871.0,0.0,119.72
multi_kernel,22.378520965576172,1,31049.0,97871.0,0.0,121.81
multi_kernel,22.378520965576172,2,31043.0,97871.0,0.0,120.15
multi_kernel,22.378520965576172,3,29885.0,97871.0,0.0,120.61
multi_kernel,22.578521013259888,0,30119.0,97871.0,0.0,119.7
multi_kernel,22.578521013259888,1,31049.0,97871.0,0.0,121.79
multi_kernel,22.578521013259888,2,31043.0,97871.0,0.0,120.15
multi_kernel,22.57952094078064,3,29885.0,97871.0,0.0,120.58
multi_kernel,22.779520988464355,0,30119.0,97871.0,0.0,119.67
multi_kernel,22.779520988464355,1,31049.0,97871.0,0.0,121.82
multi_kernel,22.779520988464355,2,31043.0,97871.0,0.0,120.13
multi_kernel,22.779520988464355,3,29885.0,97871.0,0.0,120.52
multi_kernel,22.97952103614807,0,30119.0,97871.0,0.0,119.66
multi_kernel,22.97952103614807,1,31049.0,97871.0,0.0,121.77
multi_kernel,22.97952103614807,2,31043.0,97871.0,0.0,120.11
multi_kernel,22.97952103614807,3,29885.0,97871.0,0.0,120.57
multi_kernel,23.179521083831787,0,30119.0,97871.0,0.0,119.64
multi_kernel,23.179521083831787,1,31049.0,97871.0,0.0,121.78
multi_kernel,23.18052101135254,2,31043.0,97871.0,0.0,120.1
multi_kernel,23.18052101135254,3,29885.0,97871.0,0.0,120.57
multi_kernel,23.380521059036255,0,30119.0,97871.0,0.0,119.64
multi_kernel,23.380521059036255,1,31049.0,97871.0,0.0,121.77
multi_kernel,23.381520986557007,2,31043.0,97871.0,0.0,120.05
multi_kernel,23.381520986557007,3,29885.0,97871.0,0.0,120.52
multi_kernel,23.582520961761475,0,30119.0,97871.0,0.0,119.63
multi_kernel,23.582520961761475,1,31049.0,97871.0,0.0,121.76
multi_kernel,23.582520961761475,2,31043.0,97871.0,0.0,120.02
multi_kernel,23.582520961761475,3,598.0,97871.0,2.0,123.03
multi_kernel,23.78252100944519,0,30119.0,97871.0,0.0,119.62
multi_kernel,23.783520936965942,1,31049.0,97871.0,0.0,121.71
multi_kernel,23.783520936965942,2,31043.0,97871.0,0.0,120.02
multi_kernel,23.783520936965942,3,598.0,97871.0,32.0,123.87
multi_kernel,23.983520984649658,0,30101.0,97871.0,0.0,120.15
multi_kernel,24.124521017074585,1,4.0,97871.0,46.0,125.14
multi_kernel,24.245521068572998,2,4.0,97871.0,1.0,123.42
multi_kernel,24.245521068572998,3,4.0,97871.0,1.0,125.2
multi_kernel,24.445521116256714,0,4.0,97871.0,0.0,123.42
multi_kernel,24.446521043777466,1,4.0,97871.0,0.0,125.72
multi_kernel,24.446521043777466,2,4.0,97871.0,0.0,123.89
multi_kernel,24.446521043777466,3,4.0,97871.0,0.0,125.48
multi_kernel,24.64652109146118,0,4.0,97871.0,0.0,123.9
multi_kernel,24.64652109146118,1,4.0,97871.0,0.0,126.12
multi_kernel,24.64652109146118,2,4.0,97871.0,0.0,124.39
multi_kernel,24.64652109146118,3,4.0,97871.0,0.0,123.07
multi_kernel,24.84652090072632,0,4.0,97871.0,0.0,124.4
multi_kernel,24.84652090072632,1,4.0,97871.0,0.0,126.59
multi_kernel,24.84652090072632,2,4.0,97871.0,0.0,124.86
multi_kernel,24.84652090072632,3,4.0,97871.0,0.0,123.16
multi_kernel,25.046520948410034,0,4.0,97871.0,0.0,124.48
multi_kernel,25.046520948410034,1,4.0,97871.0,0.0,126.74
multi_kernel,25.047521114349365,2,4.0,97871.0,0.0,124.8
multi_kernel,25.047521114349365,3,4.0,97871.0,0.0,123.16
multi_kernel,25.247520923614502,0,4.0,97871.0,0.0,124.41
multi_kernel,25.247520923614502,1,4.0,97871.0,0.0,124.22
multi_kernel,25.247520923614502,2,4.0,97871.0,0.0,122.43
multi_kernel,25.247520923614502,3,4.0,97871.0,0.0,123.08
multi_kernel,25.447520971298218,0,4.0,97871.0,0.0,122.0
multi_kernel,25.447520971298218,1,4.0,97871.0,0.0,124.18
multi_kernel,25.447520971298218,2,4.0,97871.0,0.0,122.44
multi_kernel,25.447520971298218,3,4.0,97871.0,0.0,117.67
multi_kernel,25.647521018981934,0,4.0,97871.0,0.0,115.16
multi_kernel,25.647521018981934,1,4.0,97871.0,0.0,124.18
multi_kernel,25.647521018981934,2,4.0,97871.0,0.0,122.41
multi_kernel,25.647521018981934,3,4.0,97871.0,0.0,108.51
multi_kernel,25.8485209941864,0,4.0,97871.0,0.0,106.42
multi_kernel,25.8485209941864,1,4.0,97871.0,0.0,124.19
multi_kernel,25.8485209941864,2,4.0,97871.0,0.0,116.11
multi_kernel,25.8485209941864,3,4.0,97871.0,0.0,99.19
multi_kernel,26.048521041870117,0,4.0,97871.0,0.0,97.1
multi_kernel,26.048521041870117,1,4.0,97871.0,0.0,124.17
multi_kernel,26.048521041870117,2,4.0,97871.0,0.0,107.21
multi_kernel,26.048521041870117,3,4.0,97871.0,0.0,90.39
multi_kernel,26.248521089553833,0,4.0,97871.0,0.0,87.99
multi_kernel,26.248521089553833,1,4.0,97871.0,0.0,118.3
multi_kernel,26.248521089553833,2,4.0,97871.0,0.0,98.27
multi_kernel,26.248521089553833,3,4.0,97871.0,0.0,80.32
multi_kernel,26.4495210647583,0,4.0,97871.0,0.0,79.56
multi_kernel,26.4495210647583,1,4.0,97871.0,0.0,109.56
multi_kernel,26.4495210647583,2,4.0,97871.0,0.0,89.85
multi_kernel,26.4495210647583,3,4.0,97871.0,0.0,76.32
multi_kernel,26.649521112442017,0,4.0,97871.0,0.0,76.39
multi_kernel,26.649521112442017,1,4.0,97871.0,0.0,100.11
multi_kernel,26.649521112442017,2,4.0,97871.0,0.0,80.87
multi_kernel,26.649521112442017,3,4.0,97871.0,0.0,76.03
multi_kernel,26.849520921707153,0,4.0,97871.0,0.0,75.94
multi_kernel,26.849520921707153,1,4.0,97871.0,0.0,90.79
multi_kernel,26.849520921707153,2,4.0,97871.0,0.0,77.2
multi_kernel,26.849520921707153,3,4.0,97871.0,0.0,75.71
multi_kernel,27.04952096939087,0,0.0,97871.0,0.0,75.57
multi_kernel,27.051521062850952,1,0.0,97871.0,0.0,82.29
multi_kernel,27.051521062850952,2,0.0,97871.0,0.0,76.64
multi_kernel,27.052520990371704,3,3.0,97871.0,0.0,75.55
multi_kernel,27.25252103805542,0,0.0,97871.0,0.0,75.21
multi_kernel,27.25252103805542,1,0.0,97871.0,0.0,77.93
multi_kernel,27.25252103805542,2,0.0,97871.0,0.0,76.21
multi_kernel,27.25252103805542,3,0.0,97871.0,0.0,75.43
multi_kernel,27.452521085739136,0,0.0,97871.0,0.0,75.02
multi_kernel,27.452521085739136,1,0.0,97871.0,0.0,77.47
multi_kernel,27.452521085739136,2,0.0,97871.0,0.0,75.88
multi_kernel,27.452521085739136,3,0.0,97871.0,0.0,75.24
cross_layer,-115.99685955047607,0,0.0,97871.0,0.0,74.49
cross_layer,-115.99285960197449,1,0.0,97871.0,0.0,76.67
cross_layer,-115.98985958099365,2,0.0,97871.0,0.0,75.26
cross_layer,-115.98585963249207,3,0.0,97871.0,0.0,74.98
cross_layer,-115.78285956382751,0,0.0,97871.0,0.0,74.35
cross_layer,-115.78285956382751,1,0.0,97871.0,0.0,76.39
cross_layer,-115.78285956382751,2,0.0,97871.0,0.0,75.1
cross_layer,-115.78285956382751,3,0.0,97871.0,0.0,74.99
cross_layer,-115.5828595161438,0,0.0,97871.0,0.0,74.23
cross_layer,-115.5828595161438,1,0.0,97871.0,0.0,76.15
cross_layer,-115.58185958862305,2,0.0,97871.0,0.0,74.91
cross_layer,-115.58185958862305,3,0.0,97871.0,0.0,74.96
cross_layer,-115.38185954093933,0,0.0,97871.0,0.0,74.18
cross_layer,-115.38185954093933,1,0.0,97871.0,0.0,75.97
cross_layer,-115.38185954093933,2,0.0,97871.0,0.0,74.82
cross_layer,-115.38185954093933,3,0.0,97871.0,0.0,74.93
cross_layer,-115.18185949325562,0,0.0,97871.0,0.0,74.19
cross_layer,-115.18185949325562,1,0.0,97871.0,0.0,75.81
cross_layer,-115.18185949325562,2,0.0,97871.0,0.0,74.73
cross_layer,-115.18185949325562,3,0.0,97871.0,0.0,74.88
cross_layer,-114.98185968399048,0,0.0,97871.0,0.0,74.15
cross_layer,-114.98185968399048,1,0.0,97871.0,0.0,75.75
cross_layer,-114.98185968399048,2,0.0,97871.0,0.0,74.72
cross_layer,-114.98185968399048,3,0.0,97871.0,0.0,74.95
cross_layer,-114.78085970878601,0,0.0,97871.0,0.0,74.16
cross_layer,-114.78085970878601,1,0.0,97871.0,0.0,75.7
cross_layer,-114.78085970878601,2,0.0,97871.0,0.0,74.69
cross_layer,-114.78085970878601,3,0.0,97871.0,0.0,74.95
cross_layer,-114.5808596611023,0,0.0,97871.0,0.0,74.19
cross_layer,-114.5808596611023,1,0.0,97871.0,0.0,75.67
cross_layer,-114.5808596611023,2,0.0,97871.0,0.0,74.71
cross_layer,-114.5808596611023,3,0.0,97871.0,0.0,74.9
cross_layer,-114.38085961341858,0,0.0,97871.0,0.0,74.15
cross_layer,-114.38085961341858,1,0.0,97871.0,0.0,75.69
cross_layer,-114.38085961341858,2,0.0,97871.0,0.0,74.68
cross_layer,-114.38085961341858,3,0.0,97871.0,0.0,74.88
cross_layer,-114.17985963821411,0,0.0,97871.0,0.0,74.1
cross_layer,-114.17985963821411,1,0.0,97871.0,0.0,75.68
cross_layer,-114.17985963821411,2,0.0,97871.0,0.0,74.66
cross_layer,-114.17985963821411,3,0.0,97871.0,0.0,74.89
cross_layer,-113.9798595905304,0,0.0,97871.0,0.0,74.11
cross_layer,-113.9798595905304,1,0.0,97871.0,0.0,75.67
cross_layer,-113.9798595905304,2,0.0,97871.0,0.0,74.65
cross_layer,-113.9798595905304,3,0.0,97871.0,0.0,74.87
cross_layer,-113.77985954284668,0,0.0,97871.0,0.0,74.07
cross_layer,-113.77985954284668,1,0.0,97871.0,0.0,75.64
cross_layer,-113.77985954284668,2,0.0,97871.0,0.0,74.66
cross_layer,-113.77985954284668,3,0.0,97871.0,0.0,74.79
cross_layer,-113.57985949516296,0,0.0,97871.0,0.0,74.04
cross_layer,-113.57885956764221,1,0.0,97871.0,0.0,75.63
cross_layer,-113.57885956764221,2,0.0,97871.0,0.0,74.64
cross_layer,-113.57885956764221,3,0.0,97871.0,0.0,74.85
cross_layer,-113.3788595199585,0,0.0,97871.0,0.0,74.05
cross_layer,-113.3788595199585,1,0.0,97871.0,0.0,75.6
cross_layer,-113.3788595199585,2,0.0,97871.0,0.0,74.66
cross_layer,-113.3788595199585,3,0.0,97871.0,0.0,74.88
cross_layer,-113.17885971069336,0,0.0,97871.0,0.0,74.05
cross_layer,-113.17885971069336,1,0.0,97871.0,0.0,75.59
cross_layer,-113.17885971069336,2,0.0,97871.0,0.0,74.67
cross_layer,-113.17885971069336,3,0.0,97871.0,0.0,74.91
cross_layer,-112.97885966300964,0,0.0,97871.0,0.0,74.02
cross_layer,-112.97785949707031,1,0.0,97871.0,0.0,75.59
cross_layer,-112.97785949707031,2,0.0,97871.0,0.0,74.68
cross_layer,-112.97785949707031,3,0.0,97871.0,0.0,74.87
cross_layer,-112.77785968780518,0,0.0,97871.0,0.0,74.05
cross_layer,-112.77785968780518,1,0.0,97871.0,0.0,75.58
cross_layer,-112.77785968780518,2,0.0,97871.0,0.0,74.67
cross_layer,-112.77785968780518,3,0.0,97871.0,0.0,74.93
cross_layer,-112.57785964012146,0,0.0,97871.0,0.0,74.03
cross_layer,-112.57785964012146,1,0.0,97871.0,0.0,75.59
cross_layer,-112.57785964012146,2,0.0,97871.0,0.0,74.67
cross_layer,-112.57785964012146,3,0.0,97871.0,0.0,74.93
cross_layer,-112.37785959243774,0,0.0,97871.0,0.0,74.0
cross_layer,-112.37685966491699,1,0.0,97871.0,0.0,75.59
cross_layer,-112.37685966491699,2,0.0,97871.0,0.0,74.65
cross_layer,-112.37685966491699,3,0.0,97871.0,0.0,74.9
cross_layer,-112.17685961723328,0,0.0,97871.0,0.0,74.0
cross_layer,-112.17685961723328,1,0.0,97871.0,0.0,75.6
cross_layer,-112.17685961723328,2,0.0,97871.0,0.0,74.61
cross_layer,-112.17685961723328,3,0.0,97871.0,0.0,74.85
cross_layer,-111.97685956954956,0,0.0,97871.0,0.0,74.02
cross_layer,-111.97685956954956,1,0.0,97871.0,0.0,75.6
cross_layer,-111.97685956954956,2,0.0,97871.0,0.0,74.6
cross_layer,-111.97685956954956,3,0.0,97871.0,0.0,74.87
cross_layer,-111.77685952186584,0,0.0,97871.0,0.0,74.0
cross_layer,-111.77685952186584,1,0.0,97871.0,0.0,75.61
cross_layer,-111.77685952186584,2,0.0,97871.0,0.0,74.6
cross_layer,-111.77585959434509,3,0.0,97871.0,0.0,74.88
cross_layer,-111.57585954666138,0,0.0,97871.0,0.0,74.01
cross_layer,-111.57585954666138,1,0.0,97871.0,0.0,75.59
cross_layer,-111.57585954666138,2,0.0,97871.0,0.0,74.62
cross_layer,-111.57585954666138,3,0.0,97871.0,0.0,74.86
cross_layer,-111.37585949897766,0,0.0,97871.0,0.0,74.01
cross_layer,-111.37585949897766,1,0.0,97871.0,0.0,75.56
cross_layer,-111.37585949897766,2,0.0,97871.0,0.0,74.63
cross_layer,-111.37585949897766,3,0.0,97871.0,0.0,74.84
cross_layer,-111.17585968971252,0,0.0,97871.0,0.0,74.01
cross_layer,-111.17585968971252,1,0.0,97871.0,0.0,75.56
cross_layer,-111.17585968971252,2,0.0,97871.0,0.0,74.66
cross_layer,-111.17585968971252,3,0.0,97871.0,0.0,74.87
cross_layer,-110.97485971450806,0,0.0,97871.0,0.0,74.0
cross_layer,-110.97485971450806,1,0.0,97871.0,0.0,75.56
cross_layer,-110.97485971450806,2,0.0,97871.0,0.0,74.67
cross_layer,-110.97485971450806,3,0.0,97871.0,0.0,74.9
cross_layer,-110.77485966682434,0,0.0,97871.0,0.0,74.02
cross_layer,-110.77485966682434,1,0.0,97871.0,0.0,75.56
cross_layer,-110.77485966682434,2,0.0,97871.0,0.0,74.64
cross_layer,-110.77485966682434,3,0.0,97871.0,0.0,74.86
cross_layer,-110.57485961914062,0,0.0,97871.0,0.0,74.0
cross_layer,-110.57485961914062,1,0.0,97871.0,0.0,75.58
cross_layer,-110.57485961914062,2,0.0,97871.0,0.0,74.61
cross_layer,-110.57485961914062,3,0.0,97871.0,0.0,74.83
cross_layer,-110.37485957145691,0,0.0,97871.0,0.0,74.0
cross_layer,-110.37385964393616,1,0.0,97871.0,0.0,75.61
cross_layer,-110.37385964393616,2,0.0,97871.0,0.0,74.59
cross_layer,-110.37385964393616,3,0.0,97871.0,0.0,74.93
cross_layer,-110.17385959625244,0,0.0,97871.0,0.0,74.0
cross_layer,-110.17385959625244,1,0.0,97871.0,0.0,75.61
cross_layer,-110.17385959625244,2,0.0,97871.0,0.0,74.59
cross_layer,-110.17385959625244,3,0.0,97871.0,0.0,74.93
cross_layer,-109.97385954856873,0,0.0,97871.0,0.0,73.99
cross_layer,-109.97385954856873,1,0.0,97871.0,0.0,75.58
cross_layer,-109.97385954856873,2,0.0,97871.0,0.0,74.6
cross_layer,-109.97385954856873,3,0.0,97871.0,0.0,74.85
cross_layer,-109.77385950088501,0,0.0,97871.0,0.0,73.99
cross_layer,-109.77285957336426,1,0.0,97871.0,0.0,75.57
cross_layer,-109.77285957336426,2,0.0,97871.0,0.0,74.61
cross_layer,-109.77285957336426,3,0.0,97871.0,0.0,74.86
cross_layer,-109.57285952568054,0,0.0,97871.0,0.0,74.04
cross_layer,-109.57285952568054,1,0.0,97871.0,0.0,75.53
cross_layer,-109.57285952568054,2,0.0,97871.0,0.0,74.64
cross_layer,-109.57285952568054,3,0.0,97871.0,0.0,74.89
cross_layer,-109.3728597164154,0,0.0,97871.0,0.0,74.03
cross_layer,-109.3728597164154,1,0.0,97871.0,0.0,75.51
cross_layer,-109.3728597164154,2,0.0,97871.0,0.0,74.64
cross_layer,-109.3728597164154,3,0.0,97871.0,0.0,74.83
cross_layer,-109.17285966873169,0,0.0,97871.0,0.0,74.01
cross_layer,-109.17285966873169,1,0.0,97871.0,0.0,75.51
cross_layer,-109.17285966873169,2,0.0,97871.0,0.0,74.65
cross_layer,-109.17285966873169,3,0.0,97871.0,0.0,74.8
cross_layer,-108.97185969352722,0,0.0,97871.0,0.0,74.01
cross_layer,-108.97185969352722,1,0.0,97871.0,0.0,75.53
cross_layer,-108.97185969352722,2,0.0,97871.0,0.0,74.62
cross_layer,-108.97185969352722,3,0.0,97871.0,0.0,74.85
cross_layer,-108.7718596458435,0,0.0,97871.0,0.0,74.01
cross_layer,-108.7718596458435,1,0.0,97871.0,0.0,75.54
cross_layer,-108.7718596458435,2,0.0,97871.0,0.0,74.61
cross_layer,-108.7718596458435,3,0.0,97871.0,0.0,74.87
cross_layer,-108.57185959815979,0,0.0,97871.0,0.0,74.0
cross_layer,-108.57185959815979,1,0.0,97871.0,0.0,75.57
cross_layer,-108.57185959815979,2,0.0,97871.0,0.0,74.59
cross_layer,-108.57185959815979,3,0.0,97871.0,0.0,74.83
cross_layer,-108.37185955047607,0,0.0,97871.0,0.0,74.03
cross_layer,-108.37085962295532,1,0.0,97871.0,0.0,75.58
cross_layer,-108.37085962295532,2,0.0,97871.0,0.0,74.55
cross_layer,-108.37085962295532,3,0.0,97871.0,0.0,74.77
cross_layer,-108.1708595752716,0,0.0,97871.0,0.0,74.03
cross_layer,-108.1708595752716,1,0.0,97871.0,0.0,75.57
cross_layer,-108.1708595752716,2,0.0,97871.0,0.0,74.52
cross_layer,-108.1708595752716,3,0.0,97871.0,0.0,74.78
cross_layer,-107.97085952758789,0,0.0,97871.0,0.0,74.03
cross_layer,-107.97085952758789,1,0.0,97871.0,0.0,75.58
cross_layer,-107.97085952758789,2,0.0,97871.0,0.0,74.52
cross_layer,-107.97085952758789,3,0.0,97871.0,0.0,74.77
cross_layer,-107.77085971832275,0,0.0,97871.0,0.0,74.04
cross_layer,-107.76985955238342,1,0.0,97871.0,0.0,75.55
cross_layer,-107.76985955238342,2,0.0,97871.0,0.0,74.54
cross_layer,-107.76985955238342,3,0.0,97871.0,0.0,74.74
cross_layer,-107.5698595046997,0,0.0,97871.0,0.0,74.03
cross_layer,-107.5698595046997,1,0.0,97871.0,0.0,75.53
cross_layer,-107.5698595046997,2,0.0,97871.0,0.0,74.54
cross_layer,-107.5698595046997,3,0.0,97871.0,0.0,74.72
cross_layer,-107.36985969543457,0,0.0,97871.0,0.0,73.98
cross_layer,-107.36985969543457,1,0.0,97871.0,0.0,75.49
cross_layer,-107.36985969543457,2,0.0,97871.0,0.0,74.57
cross_layer,-107.36985969543457,3,0.0,97871.0,0.0,74.76
cross_layer,-107.16985964775085,0,0.0,97871.0,0.0,73.96
cross_layer,-107.1688597202301,1,0.0,97871.0,0.0,75.49
cross_layer,-107.1688597202301,2,0.0,97871.0,0.0,74.61
cross_layer,-107.1688597202301,3,0.0,97871.0,0.0,74.76
cross_layer,-106.96885967254639,0,0.0,97871.0,0.0,73.96
cross_layer,-106.96885967254639,1,0.0,97871.0,0.0,75.47
cross_layer,-106.96885967254639,2,0.0,97871.0,0.0,74.62
cross_layer,-106.96885967254639,3,0.0,97871.0,0.0,74.75
cross_layer,-106.76885962486267,0,0.0,97871.0,0.0,73.93
cross_layer,-106.76885962486267,1,0.0,97871.0,0.0,75.47
cross_layer,-106.76885962486267,2,0.0,97871.0,0.0,74.61
cross_layer,-106.76885962486267,3,0.0,97871.0,0.0,74.71
cross_layer,-106.56885957717896,0,0.0,97871.0,0.0,73.92
cross_layer,-106.56885957717896,1,0.0,97871.0,0.0,75.45
cross_layer,-106.56885957717896,2,0.0,97871.0,0.0,74.62
cross_layer,-106.5678596496582,3,0.0,97871.0,0.0,74.79
cross_layer,-106.36785960197449,0,0.0,97871.0,0.0,73.94
cross_layer,-106.36785960197449,1,0.0,97871.0,0.0,75.48
cross_layer,-106.36785960197449,2,0.0,97871.0,0.0,74.57
cross_layer,-106.36785960197449,3,0.0,97871.0,0.0,74.83
cross_layer,-106.16785955429077,0,0.0,97871.0,0.0,73.99
cross_layer,-106.16785955429077,1,0.0,97871.0,0.0,75.48
cross_layer,-106.16785955429077,2,0.0,97871.0,0.0,74.57
cross_layer,-106.16785955429077,3,0.0,97871.0,0.0,74.8
cross_layer,-105.96785950660706,0,0.0,97871.0,0.0,73.94
cross_layer,-105.96785950660706,1,0.0,97871.0,0.0,75.47
cross_layer,-105.96785950660706,2,0.0,97871.0,0.0,74.53
cross_layer,-105.96785950660706,3,0.0,97871.0,0.0,74.8
cross_layer,-105.76685953140259,0,0.0,97871.0,0.0,73.96
cross_layer,-105.76685953140259,1,0.0,97871.0,0.0,75.47
cross_layer,-105.76685953140259,2,0.0,97871.0,0.0,74.52
cross_layer,-105.76685953140259,3,0.0,97871.0,0.0,74.85
cross_layer,-105.56685972213745,0,0.0,97871.0,0.0,73.97
cross_layer,-105.56685972213745,1,0.0,97871.0,0.0,75.47
cross_layer,-105.56685972213745,2,0.0,97871.0,0.0,74.53
cross_layer,-105.56685972213745,3,0.0,97871.0,0.0,74.85
cross_layer,-105.36685967445374,0,0.0,97871.0,0.0,73.95
cross_layer,-105.36685967445374,1,0.0,97871.0,0.0,75.47
cross_layer,-105.36685967445374,2,0.0,97871.0,0.0,74.54
cross_layer,-105.36685967445374,3,0.0,97871.0,0.0,74.78
cross_layer,-105.16585969924927,0,0.0,97871.0,0.0,73.94
cross_layer,-105.16585969924927,1,0.0,97871.0,0.0,75.45
cross_layer,-105.16585969924927,2,0.0,97871.0,0.0,74.55
cross_layer,-105.16585969924927,3,0.0,97871.0,0.0,74.81
cross_layer,-104.96585965156555,0,0.0,97871.0,0.0,74.01
cross_layer,-104.96585965156555,1,0.0,97871.0,0.0,75.44
cross_layer,-104.96585965156555,2,0.0,97871.0,0.0,74.52
cross_layer,-104.96585965156555,3,0.0,97871.0,0.0,74.81
cross_layer,-104.76585960388184,0,0.0,97871.0,0.0,74.0
cross_layer,-104.76585960388184,1,0.0,97871.0,0.0,75.46
cross_layer,-104.76585960388184,2,0.0,97871.0,0.0,74.5
cross_layer,-104.76585960388184,3,0.0,97871.0,0.0,74.79
cross_layer,-104.56585955619812,0,0.0,97871.0,0.0,73.97
cross_layer,-104.56485962867737,1,0.0,97871.0,0.0,75.47
cross_layer,-104.56485962867737,2,0.0,97871.0,0.0,74.48
cross_layer,-104.56485962867737,3,0.0,97871.0,0.0,74.73
cross_layer,-104.36485958099365,0,0.0,97871.0,0.0,73.97
cross_layer,-104.36485958099365,1,0.0,97871.0,0.0,75.45
cross_layer,-104.36485958099365,2,0.0,97871.0,0.0,74.46
cross_layer,-104.36485958099365,3,0.0,97871.0,0.0,74.76
cross_layer,-104.16485953330994,0,0.0,97871.0,0.0,73.97
cross_layer,-104.16485953330994,1,0.0,97871.0,0.0,75.45
cross_layer,-104.16485953330994,2,0.0,97871.0,0.0,74.46
cross_layer,-104.16485953330994,3,0.0,97871.0,0.0,74.78
cross_layer,-103.9648597240448,0,0.0,97871.0,0.0,73.92
cross_layer,-103.96385955810547,1,0.0,97871.0,0.0,75.47
cross_layer,-103.96385955810547,2,0.0,97871.0,0.0,74.45
cross_layer,-103.96385955810547,3,0.0,97871.0,0.0,74.76
cross_layer,-103.76385951042175,0,0.0,97871.0,0.0,73.93
cross_layer,-103.76385951042175,1,0.0,97871.0,0.0,75.46
cross_layer,-103.76385951042175,2,0.0,97871.0,0.0,74.47
cross_layer,-103.76385951042175,3,0.0,97871.0,0.0,74.75
cross_layer,-103.56385970115662,0,0.0,97871.0,0.0,73.96
cross_layer,-103.56385970115662,1,0.0,97871.0,0.0,75.47
cross_layer,-103.56385970115662,2,0.0,97871.0,0.0,74.5
cross_layer,-103.56385970115662,3,0.0,97871.0,0.0,74.83
cross_layer,-103.3638596534729,0,0.0,97871.0,0.0,73.95
cross_layer,-103.36285972595215,1,0.0,97871.0,0.0,75.47
cross_layer,-103.36285972595215,2,0.0,97871.0,0.0,74.51
cross_layer,-103.36285972595215,3,0.0,97871.0,0.0,74.84
cross_layer,-103.16285967826843,0,0.0,97871.0,0.0,73.92
cross_layer,-103.16285967826843,1,0.0,97871.0,0.0,75.44
cross_layer,-103.16285967826843,2,0.0,97871.0,0.0,74.53
cross_layer,-103.16285967826843,3,0.0,97871.0,0.0,74.78
cross_layer,-102.96285963058472,0,0.0,97871.0,0.0,73.93
cross_layer,-102.96285963058472,1,0.0,97871.0,0.0,75.41
cross_layer,-102.96285963058472,2,0.0,97871.0,0.0,74.56
cross_layer,-102.96285963058472,3,0.0,97871.0,0.0,74.79
cross_layer,-102.762859582901,0,0.0,97871.0,0.0,73.92
cross_layer,-102.76185965538025,1,0.0,97871.0,0.0,75.39
cross_layer,-102.76185965538025,2,0.0,97871.0,0.0,74.57
cross_layer,-102.76185965538025,3,0.0,97871.0,0.0,74.79
cross_layer,-102.56185960769653,0,0.0,97871.0,0.0,73.93
cross_layer,-102.56185960769653,1,0.0,97871.0,0.0,75.4
cross_layer,-102.56185960769653,2,0.0,97871.0,0.0,74.54
cross_layer,-102.56185960769653,3,0.0,97871.0,0.0,74.79
cross_layer,-102.36185956001282,0,0.0,97871.0,0.0,73.94
cross_layer,-102.36185956001282,1,0.0,97871.0,0.0,75.41
cross_layer,-102.36185956001282,2,0.0,97871.0,0.0,74.52
cross_layer,-102.36185956001282,3,0.0,97871.0,0.0,74.75
cross_layer,-102.1618595123291,0,0.0,97871.0,0.0,73.94
cross_layer,-102.16085958480835,1,0.0,97871.0,0.0,75.42
cross_layer,-102.16085958480835,2,0.0,97871.0,0.0,74.5
cross_layer,-102.16085958480835,3,0.0,97871.0,0.0,74.76
cross_layer,-101.96085953712463,0,0.0,97871.0,0.0,73.92
cross_layer,-101.96085953712463,1,0.0,97871.0,0.0,75.45
cross_layer,-101.96085953712463,2,0.0,97871.0,0.0,74.48
cross_layer,-101.96085953712463,3,0.0,97871.0,0.0,74.76
cross_layer,-101.76085948944092,0,0.0,97871.0,0.0,73.89
cross_layer,-101.76085948944092,1,0.0,97871.0,0.0,75.45
cross_layer,-101.76085948944092,2,0.0,97871.0,0.0,74.46
cross_layer,-101.76085948944092,3,0.0,97871.0,0.0,74.76
cross_layer,-101.56085968017578,0,0.0,97871.0,0.0,73.9
cross_layer,-101.56085968017578,1,0.0,97871.0,0.0,75.45
cross_layer,-101.55985951423645,2,0.0,97871.0,0.0,74.46
cross_layer,-101.55985951423645,3,0.0,97871.0,0.0,74.68
cross_layer,-101.35985970497131,0,0.0,97871.0,0.0,73.83
cross_layer,-101.35985970497131,1,0.0,97871.0,0.0,75.43
cross_layer,-101.35985970497131,2,0.0,97871.0,0.0,74.46
cross_layer,-101.35985970497131,3,0.0,97871.0,0.0,74.7
cross_layer,-101.1598596572876,0,0.0,97871.0,0.0,73.83
cross_layer,-101.1598596572876,1,0.0,97871.0,0.0,75.43
cross_layer,-101.1598596572876,2,0.0,97871.0,0.0,74.47
cross_layer,-101.1598596572876,3,0.0,97871.0,0.0,74.75
cross_layer,-100.95985960960388,0,0.0,97871.0,0.0,73.87
cross_layer,-100.95985960960388,1,0.0,97871.0,0.0,75.39
cross_layer,-100.95985960960388,2,0.0,97871.0,0.0,74.49
cross_layer,-100.95885968208313,3,0.0,97871.0,0.0,74.73
cross_layer,-100.75885963439941,0,0.0,97871.0,0.0,73.85
cross_layer,-100.75885963439941,1,0.0,97871.0,0.0,75.37
cross_layer,-100.75885963439941,2,0.0,97871.0,0.0,74.52
cross_layer,-100.75885963439941,3,0.0,97871.0,0.0,74.66
cross_layer,-100.5588595867157,0,0.0,97871.0,0.0,73.83
cross_layer,-100.5588595867157,1,0.0,97871.0,0.0,75.36
cross_layer,-100.5588595867157,2,0.0,97871.0,0.0,74.52
cross_layer,-100.5588595867157,3,0.0,97871.0,0.0,74.75
cross_layer,-100.35885953903198,0,0.0,97871.0,0.0,73.86
cross_layer,-100.35885953903198,1,0.0,97871.0,0.0,75.36
cross_layer,-100.35885953903198,2,0.0,97871.0,0.0,74.52
cross_layer,-100.35885953903198,3,0.0,97871.0,0.0,74.75
cross_layer,-100.15785956382751,0,0.0,97871.0,0.0,73.87
cross_layer,-100.15785956382751,1,0.0,97871.0,0.0,75.34
cross_layer,-100.15785956382751,2,0.0,97871.0,0.0,74.5
cross_layer,-100.15785956382751,3,0.0,97871.0,0.0,74.67
cross_layer,-99.9578595161438,0,0.0,97871.0,0.0,73.84
cross_layer,-99.9578595161438,1,0.0,97871.0,0.0,75.36
cross_layer,-99.9578595161438,2,0.0,97871.0,0.0,74.48
cross_layer,-99.9578595161438,3,0.0,97871.0,0.0,74.63
cross_layer,-99.75785970687866,0,0.0,97871.0,0.0,73.87
cross_layer,-99.75785970687866,1,0.0,97871.0,0.0,75.36
cross_layer,-99.75785970687866,2,0.0,97871.0,0.0,74.44
cross_layer,-99.75785970687866,3,0.0,97871.0,0.0,74.71
cross_layer,-99.55785965919495,0,0.0,97871.0,0.0,73.89
cross_layer,-99.55685949325562,1,0.0,97871.0,0.0,75.37
cross_layer,-99.55685949325562,2,0.0,97871.0,0.0,74.44
cross_layer,-99.55685949325562,3,0.0,97871.0,0.0,74.68
cross_layer,-99.35685968399048,0,0.0,97871.0,0.0,73.89
cross_layer,-99.35685968399048,1,0.0,97871.0,0.0,75.38
cross_layer,-99.35685968399048,2,0.0,97871.0,0.0,74.46
cross_layer,-99.35685968399048,3,0.0,97871.0,0.0,74.7
cross_layer,-99.15685963630676,0,0.0,97871.0,0.0,73.88
cross_layer,-99.15685963630676,1,0.0,97871.0,0.0,75.38
cross_layer,-99.15685963630676,2,0.0,97871.0,0.0,74.45
cross_layer,-99.15685963630676,3,0.0,97871.0,0.0,74.7
cross_layer,-98.95685958862305,0,0.0,97871.0,0.0,73.92
cross_layer,-98.95685958862305,1,0.0,97871.0,0.0,75.35
cross_layer,-98.9558596611023,2,0.0,97871.0,0.0,74.44
cross_layer,-98.9558596611023,3,0.0,97871.0,0.0,74.76
cross_layer,-98.75585961341858,0,0.0,97871.0,0.0,73.88
cross_layer,-98.75585961341858,1,0.0,97871.0,0.0,75.35
cross_layer,-98.75585961341858,2,0.0,97871.0,0.0,74.45
cross_layer,-98.75585961341858,3,0.0,97871.0,0.0,74.76
cross_layer,-98.55585956573486,0,0.0,97871.0,0.0,73.84
cross_layer,-98.55585956573486,1,0.0,97871.0,0.0,75.35
cross_layer,-98.55585956573486,2,0.0,97871.0,0.0,74.46
cross_layer,-98.55585956573486,3,0.0,97871.0,0.0,74.72
cross_layer,-98.35585951805115,0,0.0,97871.0,0.0,73.86
cross_layer,-98.35585951805115,1,0.0,97871.0,0.0,75.37
cross_layer,-98.35585951805115,2,0.0,97871.0,0.0,74.44
cross_layer,-98.3548595905304,3,0.0,97871.0,0.0,74.69
cross_layer,-98.15485954284668,0,0.0,97871.0,0.0,73.84
cross_layer,-98.15485954284668,1,0.0,97871.0,0.0,75.36
cross_layer,-98.15485954284668,2,0.0,97871.0,0.0,74.43
cross_layer,-98.15485954284668,3,0.0,97871.0,0.0,74.75
cross_layer,-97.95485949516296,0,0.0,97871.0,0.0,73.83
cross_layer,-97.95485949516296,1,0.0,97871.0,0.0,75.38
cross_layer,-97.95485949516296,2,0.0,97871.0,0.0,74.43
cross_layer,-97.95485949516296,3,0.0,97871.0,0.0,74.77
cross_layer,-97.75485968589783,0,0.0,97871.0,0.0,73.88
cross_layer,-97.75485968589783,1,0.0,97871.0,0.0,75.39
cross_layer,-97.75485968589783,2,0.0,97871.0,0.0,74.45
cross_layer,-97.75485968589783,3,0.0,97871.0,0.0,74.71
cross_layer,-97.55385971069336,0,0.0,97871.0,0.0,73.86
cross_layer,-97.55385971069336,1,0.0,97871.0,0.0,75.39
cross_layer,-97.55385971069336,2,0.0,97871.0,0.0,74.43
cross_layer,-97.55385971069336,3,0.0,97871.0,0.0,74.73
cross_layer,-97.35385966300964,0,0.0,97871.0,0.0,73.81
cross_layer,-97.35385966300964,1,0.0,97871.0,0.0,75.39
cross_layer,-97.35385966300964,2,0.0,97871.0,0.0,74.46
cross_layer,-97.35385966300964,3,0.0,97871.0,0.0,74.75
cross_layer,-97.15385961532593,0,0.0,97871.0,0.0,73.85
cross_layer,-97.15385961532593,1,0.0,97871.0,0.0,75.39
cross_layer,-97.15385961532593,2,0.0,97871.0,0.0,74.46
cross_layer,-97.15385961532593,3,0.0,97871.0,0.0,74.73
cross_layer,-96.95385956764221,0,0.0,97871.0,0.0,73.85
cross_layer,-96.95285964012146,1,0.0,97871.0,0.0,75.35
cross_layer,-96.95285964012146,2,0.0,97871.0,0.0,74.48
cross_layer,-96.95285964012146,3,0.0,97871.0,0.0,74.66
cross_layer,-96.75285959243774,0,0.0,97871.0,0.0,73.8
cross_layer,-96.75285959243774,1,0.0,97871.0,0.0,75.33
cross_layer,-96.75285959243774,2,0.0,97871.0,0.0,74.46
cross_layer,-96.75285959243774,3,0.0,97871.0,0.0,74.71
cross_layer,-96.55285954475403,0,0.0,97871.0,0.0,73.85
cross_layer,-96.55285954475403,1,0.0,97871.0,0.0,75.32
cross_layer,-96.55285954475403,2,0.0,97871.0,0.0,74.45
cross_layer,-96.55285954475403,3,0.0,97871.0,0.0,74.71
cross_layer,-96.35285949707031,0,0.0,97871.0,0.0,73.9
cross_layer,-96.35185956954956,1,0.0,97871.0,0.0,75.33
cross_layer,-96.35185956954956,2,0.0,97871.0,0.0,74.42
cross_layer,-96.35185956954956,3,0.0,97871.0,0.0,74.67
cross_layer,-96.15185952186584,0,0.0,97871.0,0.0,73.86
cross_layer,-96.15185952186584,1,0.0,97871.0,0.0,75.35
cross_layer,-96.15185952186584,2,0.0,97871.0,0.0,74.4
cross_layer,-96.15185952186584,3,0.0,97871.0,0.0,74.63
cross_layer,-95.95185971260071,0,0.0,97871.0,0.0,73.84
cross_layer,-95.95185971260071,1,0.0,97871.0,0.0,75.38
cross_layer,-95.95185971260071,2,0.0,97871.0,0.0,74.38
cross_layer,-95.95185971260071,3,0.0,97871.0,0.0,74.65
cross_layer,-95.75185966491699,0,0.0,97871.0,0.0,73.86
cross_layer,-95.75085949897766,1,0.0,97871.0,0.0,75.38
cross_layer,-95.75085949897766,2,0.0,97871.0,0.0,74.39
cross_layer,-95.75085949897766,3,0.0,97871.0,0.0,74.68
cross_layer,-95.55085968971252,0,0.0,97871.0,0.0,73.82
cross_layer,-95.55085968971252,1,0.0,97871.0,0.0,75.4
cross_layer,-95.55085968971252,2,0.0,97871.0,0.0,74.4
cross_layer,-95.55085968971252,3,0.0,97871.0,0.0,74.63
cross_layer,-95.35085964202881,0,0.0,97871.0,0.0,73.79
cross_layer,-95.35085964202881,1,0.0,97871.0,0.0,75.39
cross_layer,-95.35085964202881,2,0.0,97871.0,0.0,74.42
cross_layer,-95.35085964202881,3,0.0,97871.0,0.0,74.59
cross_layer,-95.15085959434509,0,0.0,97871.0,0.0,73.81
cross_layer,-95.15085959434509,1,0.0,97871.0,0.0,75.36
cross_layer,-95.15085959434509,2,0.0,97871.0,0.0,74.45
cross_layer,-95.14985966682434,3,0.0,97871.0,0.0,74.66
cross_layer,-94.94985961914062,0,0.0,97871.0,0.0,73.83
cross_layer,-94.94985961914062,1,0.0,97871.0,0.0,75.35
cross_layer,-94.94985961914062,2,0.0,97871.0,0.0,74.47
cross_layer,-94.94985961914062,3,0.0,97871.0,0.0,74.68
cross_layer,-94.74985957145691,0,0.0,97871.0,0.0,73.8
cross_layer,-94.74985957145691,1,0.0,97871.0,0.0,75.33
cross_layer,-94.74985957145691,2,0.0,97871.0,0.0,74.47
cross_layer,-94.74985957145691,3,0.0,97871.0,0.0,74.64
cross_layer,-94.5498595237732,0,0.0,97871.0,0.0,73.83
cross_layer,-94.5498595237732,1,0.0,97871.0,0.0,75.31
cross_layer,-94.5498595237732,2,0.0,97871.0,0.0,74.47
cross_layer,-94.5498595237732,3,0.0,97871.0,0.0,74.59
cross_layer,-94.34885954856873,0,0.0,97871.0,0.0,73.85
cross_layer,-94.34885954856873,1,0.0,97871.0,0.0,75.29
cross_layer,-94.34885954856873,2,0.0,97871.0,0.0,74.44
cross_layer,-94.34885954856873,3,0.0,97871.0,0.0,74.67
cross_layer,-94.14885950088501,0,0.0,97871.0,0.0,73.79
cross_layer,-94.14885950088501,1,0.0,97871.0,0.0,75.3
cross_layer,-94.14885950088501,2,0.0,97871.0,0.0,74.41
cross_layer,-94.14885950088501,3,0.0,97871.0,0.0,74.66
cross_layer,-93.94885969161987,0,0.0,97871.0,0.0,73.77
cross_layer,-93.94885969161987,1,0.0,97871.0,0.0,75.3
cross_layer,-93.94885969161987,2,0.0,97871.0,0.0,74.39
cross_layer,-93.94885969161987,3,0.0,97871.0,0.0,74.62
cross_layer,-93.74885964393616,0,0.0,97871.0,0.0,73.79
cross_layer,-93.7478597164154,1,0.0,97871.0,0.0,75.32
cross_layer,-93.7478597164154,2,0.0,97871.0,0.0,74.35
cross_layer,-93.7478597164154,3,0.0,97871.0,0.0,74.61
cross_layer,-93.54785966873169,0,0.0,97871.0,0.0,73.75
cross_layer,-93.54785966873169,1,0.0,97871.0,0.0,75.32
cross_layer,-93.54785966873169,2,0.0,97871.0,0.0,74.35
cross_layer,-93.54785966873169,3,0.0,97871.0,0.0,74.66
cross_layer,-93.34785962104797,0,0.0,97871.0,0.0,73.73
cross_layer,-93.34785962104797,1,0.0,97871.0,0.0,75.34
cross_layer,-93.34785962104797,2,0.0,97871.0,0.0,74.38
cross_layer,-93.34785962104797,3,0.0,97871.0,0.0,74.68
cross_layer,-93.14785957336426,0,0.0,97871.0,0.0,73.77
cross_layer,-93.1468596458435,1,0.0,97871.0,0.0,75.34
cross_layer,-93.1468596458435,2,0.0,97871.0,0.0,74.35
cross_layer,-93.1468596458435,3,0.0,97871.0,0.0,74.65
cross_layer,-92.94685959815979,0,0.0,97871.0,0.0,73.76
cross_layer,-92.94685959815979,1,0.0,97871.0,0.0,75.34
cross_layer,-92.94685959815979,2,0.0,97871.0,0.0,74.34
cross_layer,-92.94685959815979,3,0.0,97871.0,0.0,74.69
cross_layer,-92.74685955047607,0,0.0,97871.0,0.0,73.74
cross_layer,-92.74685955047607,1,0.0,97871.0,0.0,75.32
cross_layer,-92.74685955047607,2,0.0,97871.0,0.0,74.34
cross_layer,-92.74685955047607,3,0.0,97871.0,0.0,74.73
cross_layer,-92.54685950279236,0,0.0,97871.0,0.0,73.74
cross_layer,-92.5458595752716,1,0.0,97871.0,0.0,75.31
cross_layer,-92.5458595752716,2,0.0,97871.0,0.0,74.32
cross_layer,-92.5458595752716,3,0.0,97871.0,0.0,74.71
cross_layer,-92.34585952758789,0,0.0,97871.0,0.0,73.78
cross_layer,-92.34585952758789,1,0.0,97871.0,0.0,75.32
cross_layer,-92.34585952758789,2,0.0,97871.0,0.0,74.31
cross_layer,-92.34585952758789,3,0.0,97871.0,0.0,74.64
cross_layer,-92.14585971832275,0,0.0,97871.0,0.0,73.75
cross_layer,-92.14585971832275,1,0.0,97871.0,0.0,75.31
cross_layer,-92.14585971832275,2,0.0,97871.0,0.0,74.31
cross_layer,-92.14585971832275,3,0.0,97871.0,0.0,74.67
cross_layer,-91.94585967063904,0,1.0,97871.0,0.0,73.77
cross_layer,-91.9448595046997,1,1.0,97871.0,0.0,75.31
cross_layer,-91.9448595046997,2,1.0,97871.0,0.0,74.33
cross_layer,-91.94385957717896,3,1.0,97871.0,0.0,74.67
cross_layer,-91.74285960197449,0,4.0,97871.0,0.0,73.83
cross_layer,-91.7388596534729,1,1.0,97871.0,0.0,75.31
cross_layer,-91.63385963439941,2,1.0,97871.0,0.0,74.33
cross_layer,-91.63385963439941,3,1.0,97871.0,0.0,74.67
cross_layer,-91.4338595867157,0,4.0,97871.0,0.0,73.82
cross_layer,-91.42785954475403,1,4.0,97871.0,0.0,75.33
cross_layer,-91.42785954475403,2,1.0,97871.0,0.0,74.34
cross_layer,-91.42785954475403,3,1.0,97871.0,0.0,74.69
cross_layer,-91.22685956954956,0,4.0,97871.0,0.0,73.86
cross_layer,-91.19185972213745,1,4.0,97871.0,0.0,75.31
cross_layer,-91.19185972213745,2,4.0,97871.0,0.0,74.39
cross_layer,-91.19185972213745,3,1.0,97871.0,0.0,74.67
cross_layer,-90.9908595085144,0,4.0,97871.0,0.0,73.87
cross_layer,-90.9908595085144,1,4.0,97871.0,0.0,75.32
cross_layer,-90.9908595085144,2,4.0,97871.0,0.0,74.4
cross_layer,-90.9908595085144,3,4.0,97871.0,0.0,74.71
cross_layer,-90.79085969924927,0,4.0,97871.0,0.0,73.82
cross_layer,-90.79085969924927,1,4.0,97871.0,0.0,75.33
cross_layer,-90.79085969924927,2,4.0,97871.0,0.0,74.39
cross_layer,-90.79085969924927,3,4.0,97871.0,0.0,74.75
cross_layer,-90.59085965156555,0,4.0,97871.0,0.0,73.81
cross_layer,-90.59085965156555,1,4.0,97871.0,0.0,75.34
cross_layer,-90.59085965156555,2,4.0,97871.0,0.0,74.41
cross_layer,-90.59085965156555,3,4.0,97871.0,0.0,74.72
cross_layer,-90.39085960388184,0,4.0,97871.0,0.0,73.85
cross_layer,-90.38985967636108,1,4.0,97871.0,0.0,75.33
cross_layer,-90.38985967636108,2,4.0,97871.0,0.0,74.4
cross_layer,-90.38985967636108,3,4.0,97871.0,0.0,74.66
cross_layer,-90.18985962867737,0,4.0,97871.0,0.0,73.81
cross_layer,-90.18985962867737,1,4.0,97871.0,0.0,75.35
cross_layer,-90.18985962867737,2,4.0,97871.0,0.0,74.36
cross_layer,-90.18985962867737,3,4.0,97871.0,0.0,74.64
cross_layer,-89.98985958099365,0,4.0,97871.0,0.0,73.82
cross_layer,-89.98985958099365,1,4.0,97871.0,0.0,75.34
cross_layer,-89.98985958099365,2,4.0,97871.0,0.0,74.35
cross_layer,-89.98985958099365,3,4.0,97871.0,0.0,74.61
cross_layer,-89.78985953330994,0,4.0,97871.0,0.0,73.86
cross_layer,-89.78885960578918,1,4.0,97871.0,0.0,75.35
cross_layer,-89.78885960578918,2,4.0,97871.0,0.0,74.36
cross_layer,-89.78885960578918,3,4.0,97871.0,0.0,74.6
cross_layer,-89.58885955810547,0,4.0,97871.0,0.0,73.87
cross_layer,-89.58885955810547,1,4.0,97871.0,0.0,75.34
cross_layer,-89.58885955810547,2,4.0,97871.0,0.0,74.36
cross_layer,-89.58885955810547,3,4.0,97871.0,0.0,74.55
cross_layer,-89.38885951042175,0,4.0,97871.0,0.0,73.8
cross_layer,-89.38885951042175,1,4.0,97871.0,0.0,75.32
cross_layer,-89.38885951042175,2,4.0,97871.0,0.0,74.39
cross_layer,-89.38885951042175,3,4.0,97871.0,0.0,74.57
cross_layer,-89.18885970115662,0,4.0,97871.0,0.0,73.81
cross_layer,-89.18785953521729,1,4.0,97871.0,0.0,75.29
cross_layer,-89.18785953521729,2,4.0,97871.0,0.0,74.4
cross_layer,-89.18785953521729,3,4.0,97871.0,0.0,74.64
cross_layer,-88.98785972595215,0,4.0,97871.0,0.0,73.8
cross_layer,-88.98785972595215,1,4.0,97871.0,0.0,75.29
cross_layer,-88.98785972595215,2,4.0,97871.0,0.0,74.43
cross_layer,-88.98785972595215,3,4.0,97871.0,0.0,74.65
cross_layer,-88.78785967826843,0,4.0,97871.0,0.0,73.75
cross_layer,-88.78785967826843,1,4.0,97871.0,0.0,75.29
cross_layer,-88.78785967826843,2,4.0,97871.0,0.0,74.43
cross_layer,-88.78785967826843,3,4.0,97871.0,0.0,74.62
cross_layer,-88.58785963058472,0,4.0,97871.0,0.0,73.76
cross_layer,-88.58785963058472,1,4.0,97871.0,0.0,75.29
cross_layer,-88.58785963058472,2,4.0,97871.0,0.0,74.44
cross_layer,-88.58685970306396,3,4.0,97871.0,0.0,74.68
cross_layer,-88.38685965538025,0,4.0,97871.0,0.0,73.79
cross_layer,-88.38685965538025,1,4.0,97871.0,0.0,75.28
cross_layer,-88.38685965538025,2,4.0,97871.0,0.0,74.42
cross_layer,-88.38685965538025,3,4.0,97871.0,0.0,74.72
cross_layer,-88.18685960769653,0,4.0,97871.0,0.0,73.75
cross_layer,-88.18685960769653,1,4.0,97871.0,0.0,75.28
cross_layer,-88.18685960769653,2,4.0,97871.0,0.0,74.4
cross_layer,-88.18685960769653,3,4.0,97871.0,0.0,74.7
cross_layer,-87.98685956001282,0,4.0,97871.0,0.0,73.72
cross_layer,-87.98685956001282,1,4.0,97871.0,0.0,75.28
cross_layer,-87.98685956001282,2,4.0,97871.0,0.0,74.38
cross_layer,-87.98685956001282,3,4.0,97871.0,0.0,74.61
cross_layer,-87.78585958480835,0,4.0,97871.0,0.0,73.77
cross_layer,-87.78585958480835,1,4.0,97871.0,0.0,75.28
cross_layer,-87.78585958480835,2,4.0,97871.0,0.0,74.36
cross_layer,-87.78585958480835,3,4.0,97871.0,0.0,74.65
cross_layer,-87.58585953712463,0,4.0,97871.0,0.0,73.79
cross_layer,-87.58585953712463,1,4.0,97871.0,0.0,75.27
cross_layer,-87.58585953712463,2,4.0,97871.0,0.0,74.38
cross_layer,-87.58585953712463,3,4.0,97871.0,0.0,74.66
cross_layer,-87.38585948944092,0,4.0,97871.0,0.0,73.78
cross_layer,-87.38585948944092,1,4.0,97871.0,0.0,75.27
cross_layer,-87.38585948944092,2,4.0,97871.0,0.0,74.38
cross_layer,-87.38585948944092,3,4.0,97871.0,0.0,74.59
cross_layer,-87.18585968017578,0,4.0,97871.0,0.0,73.83
cross_layer,-87.18485951423645,1,4.0,97871.0,0.0,75.24
cross_layer,-87.18485951423645,2,4.0,97871.0,0.0,74.38
cross_layer,-87.18485951423645,3,4.0,97871.0,0.0,74.54
cross_layer,-86.98485970497131,0,4.0,97871.0,0.0,73.87
cross_layer,-86.98485970497131,1,4.0,97871.0,0.0,75.22
cross_layer,-86.98485970497131,2,4.0,97871.0,0.0,74.35
cross_layer,-86.98485970497131,3,4.0,97871.0,0.0,74.63
cross_layer,-86.7848596572876,0,4.0,97871.0,0.0,73.83
cross_layer,-86.7848596572876,1,4.0,97871.0,0.0,75.21
cross_layer,-86.7848596572876,2,4.0,97871.0,0.0,74.32
cross_layer,-86.7848596572876,3,4.0,97871.0,0.0,74.63
cross_layer,-86.58485960960388,0,4.0,97871.0,0.0,73.82
cross_layer,-86.58385968208313,1,4.0,97871.0,0.0,75.21
cross_layer,-86.58385968208313,2,4.0,97871.0,0.0,74.3
cross_layer,-86.58385968208313,3,4.0,97871.0,0.0,74.63
cross_layer,-86.38385963439941,0,4.0,97871.0,0.0,73.84
cross_layer,-86.38385963439941,1,4.0,97871.0,0.0,75.23
cross_layer,-86.38385963439941,2,4.0,97871.0,0.0,74.27
cross_layer,-86.38385963439941,3,4.0,97871.0,0.0,74.64
cross_layer,-86.1838595867157,0,4.0,97871.0,0.0,73.82
cross_layer,-86.1838595867157,1,4.0,97871.0,0.0,75.26
cross_layer,-86.1838595867157,2,4.0,97871.0,0.0,74.26
cross_layer,-86.1838595867157,3,4.0,97871.0,0.0,74.68
cross_layer,-85.98385953903198,0,4.0,97871.0,0.0,73.81
cross_layer,-85.98285961151123,1,4.0,97871.0,0.0,75.3
cross_layer,-85.98285961151123,2,4.0,97871.0,0.0,74.28
cross_layer,-85.98285961151123,3,4.0,97871.0,0.0,74.69
cross_layer,-85.78285956382751,0,4.0,97871.0,0.0,73.88
cross_layer,-85.78285956382751,1,4.0,97871.0,0.0,75.31
cross_layer,-85.78285956382751,2,4.0,97871.0,0.0,74.28
cross_layer,-85.78285956382751,3,4.0,97871.0,0.0,74.65
cross_layer,-85.5828595161438,0,4.0,97871.0,0.0,73.86
cross_layer,-85.5828595161438,1,4.0,97871.0,0.0,75.31
cross_layer,-85.5828595161438,2,4.0,97871.0,0.0,74.29
cross_layer,-85.5828595161438,3,4.0,97871.0,0.0,74.59
cross_layer,-85.38285970687866,0,4.0,97871.0,0.0,73.85
cross_layer,-85.38285970687866,1,4.0,97871.0,0.0,75.29
cross_layer,-85.38285970687866,2,4.0,97871.0,0.0,74.29
cross_layer,-85.38185954093933,3,4.0,97871.0,0.0,74.64
cross_layer,-85.18185949325562,0,4.0,97871.0,0.0,73.85
cross_layer,-85.18185949325562,1,4.0,97871.0,0.0,75.24
cross_layer,-85.18185949325562,2,4.0,97871.0,0.0,74.31
cross_layer,-85.18185949325562,3,4.0,97871.0,0.0,74.64
cross_layer,-84.98185968399048,0,4.0,97871.0,0.0,73.81
cross_layer,-84.98185968399048,1,4.0,97871.0,0.0,75.22
cross_layer,-84.98185968399048,2,4.0,97871.0,0.0,74.3
cross_layer,-84.98185968399048,3,4.0,97871.0,0.0,74.57
cross_layer,-84.78185963630676,0,4.0,97871.0,0.0,73.76
cross_layer,-84.78185963630676,1,4.0,97871.0,0.0,75.22
cross_layer,-84.78185963630676,2,4.0,97871.0,0.0,74.3
cross_layer,-84.78185963630676,3,4.0,97871.0,0.0,74.59
cross_layer,-84.5808596611023,0,4.0,97871.0,0.0,73.79
cross_layer,-84.5808596611023,1,4.0,97871.0,0.0,75.24
cross_layer,-84.5808596611023,2,4.0,97871.0,0.0,74.29
cross_layer,-84.5808596611023,3,4.0,97871.0,0.0,74.63
cross_layer,-84.38085961341858,0,4.0,97871.0,0.0,73.81
cross_layer,-84.38085961341858,1,4.0,97871.0,0.0,75.25
cross_layer,-84.38085961341858,2,4.0,97871.0,0.0,74.27
cross_layer,-84.38085961341858,3,4.0,97871.0,0.0,74.61
cross_layer,-84.18085956573486,0,4.0,97871.0,0.0,73.79
cross_layer,-84.18085956573486,1,4.0,97871.0,0.0,75.28
cross_layer,-84.18085956573486,2,4.0,97871.0,0.0,74.27
cross_layer,-84.18085956573486,3,4.0,97871.0,0.0,74.53
cross_layer,-83.9798595905304,0,4.0,97871.0,0.0,73.8
cross_layer,-83.9798595905304,1,4.0,97871.0,0.0,75.29
cross_layer,-83.9798595905304,2,4.0,97871.0,0.0,74.28
cross_layer,-83.9798595905304,3,4.0,97871.0,0.0,74.58
cross_layer,-83.77985954284668,0,4.0,97871.0,0.0,73.82
cross_layer,-83.77985954284668,1,4.0,97871.0,0.0,75.29
cross_layer,-83.77985954284668,2,4.0,97871.0,0.0,74.29
cross_layer,-83.77985954284668,3,4.0,97871.0,0.0,74.61
cross_layer,-83.57985949516296,0,4.0,97871.0,0.0,73.81
cross_layer,-83.57985949516296,1,4.0,97871.0,0.0,75.28
cross_layer,-83.57985949516296,2,4.0,97871.0,0.0,74.32
cross_layer,-83.57985949516296,3,4.0,97871.0,0.0,74.61
cross_layer,-83.37985968589783,0,4.0,97871.0,0.0,73.76
cross_layer,-83.3788595199585,1,4.0,97871.0,0.0,75.27
cross_layer,-83.3788595199585,2,4.0,97871.0,0.0,74.33
cross_layer,-83.3788595199585,3,4.0,97871.0,0.0,74.55
cross_layer,-83.17885971069336,0,4.0,97871.0,0.0,73.75
cross_layer,-83.17885971069336,1,4.0,97871.0,0.0,75.24
cross_layer,-83.17885971069336,2,4.0,97871.0,0.0,74.36
cross_layer,-83.17885971069336,3,4.0,97871.0,0.0,74.57
cross_layer,-82.97885966300964,0,4.0,97871.0,0.0,73.73
cross_layer,-82.97885966300964,1,4.0,97871.0,0.0,75.23
cross_layer,-82.97885966300964,2,4.0,97871.0,0.0,74.34
cross_layer,-82.97885966300964,3,4.0,97871.0,0.0,74.58
cross_layer,-82.77885961532593,0,4.0,97871.0,0.0,73.7
cross_layer,-82.77785968780518,1,4.0,97871.0,0.0,75.22
cross_layer,-82.77785968780518,2,4.0,97871.0,0.0,74.34
cross_layer,-82.77785968780518,3,4.0,97871.0,0.0,74.56
cross_layer,-82.57785964012146,0,4.0,97871.0,0.0,73.7
cross_layer,-82.57785964012146,1,4.0,97871.0,0.0,75.19
cross_layer,-82.57785964012146,2,4.0,97871.0,0.0,74.34
cross_layer,-82.57785964012146,3,4.0,97871.0,0.0,74.51
cross_layer,-82.37785959243774,0,4.0,97871.0,0.0,73.72
cross_layer,-82.37785959243774,1,4.0,97871.0,0.0,75.18
cross_layer,-82.37785959243774,2,4.0,97871.0,0.0,74.32
cross_layer,-82.37785959243774,3,4.0,97871.0,0.0,74.54
cross_layer,-82.17785954475403,0,4.0,97871.0,0.0,73.73
cross_layer,-82.17785954475403,1,4.0,97871.0,0.0,75.19
cross_layer,-82.17785954475403,2,4.0,97871.0,0.0,74.29
cross_layer,-82.17785954475403,3,4.0,97871.0,0.0,74.56
cross_layer,-81.97685956954956,0,4.0,97871.0,0.0,73.71
cross_layer,-81.97685956954956,1,4.0,97871.0,0.0,75.18
cross_layer,-81.97685956954956,2,4.0,97871.0,0.0,74.26
cross_layer,-81.97685956954956,3,4.0,97871.0,0.0,74.51
cross_layer,-81.77685952186584,0,4.0,97871.0,0.0,73.77
cross_layer,-81.77685952186584,1,4.0,97871.0,0.0,75.18
cross_layer,-81.77685952186584,2,4.0,97871.0,0.0,74.25
cross_layer,-81.77685952186584,3,4.0,97871.0,0.0,74.47
cross_layer,-81.57685971260071,0,4.0,97871.0,0.0,73.76
cross_layer,-81.57685971260071,1,4.0,97871.0,0.0,75.21
cross_layer,-81.57685971260071,2,4.0,97871.0,0.0,74.23
cross_layer,-81.57685971260071,3,4.0,97871.0,0.0,74.52
cross_layer,-81.37585949897766,0,4.0,97871.0,0.0,73.76
cross_layer,-81.37585949897766,1,4.0,97871.0,0.0,75.22
cross_layer,-81.37585949897766,2,4.0,97871.0,0.0,74.21
cross_layer,-81.37585949897766,3,4.0,97871.0,0.0,74.56
cross_layer,-81.17585968971252,0,4.0,97871.0,0.0,73.79
cross_layer,-81.17585968971252,1,4.0,97871.0,0.0,75.2
cross_layer,-81.17585968971252,2,4.0,97871.0,0.0,74.2
cross_layer,-81.17585968971252,3,4.0,97871.0,0.0,74.55
cross_layer,-80.97585964202881,0,4.0,97871.0,0.0,73.81
cross_layer,-80.97585964202881,1,4.0,97871.0,0.0,75.2
cross_layer,-80.97585964202881,2,4.0,97871.0,0.0,74.19
cross_layer,-80.97585964202881,3,4.0,97871.0,0.0,74.54
cross_layer,-80.77585959434509,0,4.0,97871.0,0.0,73.74
cross_layer,-80.77485966682434,1,4.0,97871.0,0.0,75.19
cross_layer,-80.77485966682434,2,4.0,97871.0,0.0,74.19
cross_layer,-80.77485966682434,3,4.0,97871.0,0.0,74.59
cross_layer,-80.57485961914062,0,4.0,97871.0,0.0,73.74
cross_layer,-80.57485961914062,1,4.0,97871.0,0.0,75.17
cross_layer,-80.57485961914062,2,4.0,97871.0,0.0,74.2
cross_layer,-80.57485961914062,3,4.0,97871.0,0.0,74.6
cross_layer,-80.37485957145691,0,4.0,97871.0,0.0,73.75
cross_layer,-80.37485957145691,1,4.0,97871.0,0.0,75.17
cross_layer,-80.37485957145691,2,4.0,97871.0,0.0,74.2
cross_layer,-80.37485957145691,3,4.0,97871.0,0.0,74.56
cross_layer,-80.1748595237732,0,4.0,97871.0,0.0,73.74
cross_layer,-80.17385959625244,1,4.0,97871.0,0.0,75.17
cross_layer,-80.17385959625244,2,4.0,97871.0,0.0,74.23
cross_layer,-80.17385959625244,3,4.0,97871.0,0.0,74.52
cross_layer,-79.97385954856873,0,4.0,97871.0,0.0,73.72
cross_layer,-79.97385954856873,1,4.0,97871.0,0.0,75.17
cross_layer,-79.97385954856873,2,4.0,97871.0,0.0,74.23
cross_layer,-79.97385954856873,3,4.0,97871.0,0.0,74.58
cross_layer,-79.77385950088501,0,4.0,97871.0,0.0,73.78
cross_layer,-79.77385950088501,1,4.0,97871.0,0.0,75.18
cross_layer,-79.77385950088501,2,4.0,97871.0,0.0,74.23
cross_layer,-79.77385950088501,3,4.0,97871.0,0.0,74.6
cross_layer,-79.57385969161987,0,4.0,97871.0,0.0,73.8
cross_layer,-79.57385969161987,1,4.0,97871.0,0.0,75.22
cross_layer,-79.57285952568054,2,4.0,97871.0,0.0,74.26
cross_layer,-79.57285952568054,3,4.0,97871.0,0.0,74.57
cross_layer,-79.3728597164154,0,4.0,97871.0,0.0,73.76
cross_layer,-79.3728597164154,1,4.0,97871.0,0.0,75.22
cross_layer,-79.3728597164154,2,4.0,97871.0,0.0,74.26
cross_layer,-79.3728597164154,3,4.0,97871.0,0.0,74.55
cross_layer,-79.17285966873169,0,4.0,97871.0,0.0,73.75
cross_layer,-79.17285966873169,1,4.0,97871.0,0.0,75.24
cross_layer,-79.17285966873169,2,4.0,97871.0,0.0,74.29
cross_layer,-79.17285966873169,3,4.0,97871.0,0.0,74.59
cross_layer,-78.97285962104797,0,4.0,97871.0,0.0,73.79
cross_layer,-78.97285962104797,1,4.0,97871.0,0.0,75.22
cross_layer,-78.97285962104797,2,4.0,97871.0,0.0,74.27
cross_layer,-78.97285962104797,3,4.0,97871.0,0.0,74.59
cross_layer,-78.7718596458435,0,4.0,97871.0,0.0,73.75
cross_layer,-78.7718596458435,1,4.0,97871.0,0.0,75.18
cross_layer,-78.7718596458435,2,4.0,97871.0,0.0,74.28
cross_layer,-78.7718596458435,3,4.0,97871.0,0.0,74.53
cross_layer,-78.57185959815979,0,4.0,97871.0,0.0,73.76
cross_layer,-78.57185959815979,1,4.0,97871.0,0.0,75.15
cross_layer,-78.57185959815979,2,4.0,97871.0,0.0,74.25
cross_layer,-78.57185959815979,3,4.0,97871.0,0.0,74.53
cross_layer,-78.37185955047607,0,4.0,97871.0,0.0,73.79
cross_layer,-78.37185955047607,1,4.0,97871.0,0.0,75.17
cross_layer,-78.37185955047607,2,4.0,97871.0,0.0,74.25
cross_layer,-78.37185955047607,3,4.0,97871.0,0.0,74.59
cross_layer,-78.1708595752716,0,4.0,97871.0,0.0,73.78
cross_layer,-78.1708595752716,1,4.0,97871.0,0.0,75.18
cross_layer,-78.1708595752716,2,4.0,97871.0,0.0,74.26
cross_layer,-78.1708595752716,3,4.0,97871.0,0.0,74.55
cross_layer,-77.97085952758789,0,4.0,97871.0,0.0,73.71
cross_layer,-77.97085952758789,1,4.0,97871.0,0.0,75.22
cross_layer,-77.97085952758789,2,4.0,97871.0,0.0,74.25
cross_layer,-77.97085952758789,3,4.0,97871.0,0.0,74.49
cross_layer,-77.77085971832275,0,4.0,97871.0,0.0,73.73
cross_layer,-77.77085971832275,1,4.0,97871.0,0.0,75.24
cross_layer,-77.77085971832275,2,4.0,97871.0,0.0,74.25
cross_layer,-77.77085971832275,3,4.0,97871.0,0.0,74.52
cross_layer,-77.5698595046997,0,4.0,97871.0,0.0,73.73
cross_layer,-77.5698595046997,1,4.0,97871.0,0.0,75.26
cross_layer,-77.5698595046997,2,4.0,97871.0,0.0,74.26
cross_layer,-77.5698595046997,3,4.0,97871.0,0.0,74.55
cross_layer,-77.36985969543457,0,4.0,97871.0,0.0,73.69
cross_layer,-77.36985969543457,1,4.0,97871.0,0.0,75.26
cross_layer,-77.36985969543457,2,4.0,97871.0,0.0,74.27
cross_layer,-77.36985969543457,3,4.0,97871.0,0.0,74.53
cross_layer,-77.16985964775085,0,4.0,97871.0,0.0,73.7
cross_layer,-77.16985964775085,1,4.0,97871.0,0.0,75.23
cross_layer,-77.16985964775085,2,4.0,97871.0,0.0,74.27
cross_layer,-77.16985964775085,3,4.0,97871.0,0.0,74.51
cross_layer,-76.96885967254639,0,4.0,97871.0,0.0,73.72
cross_layer,-76.96885967254639,1,4.0,97871.0,0.0,75.2
cross_layer,-76.96885967254639,2,4.0,97871.0,0.0,74.26
cross_layer,-76.96885967254639,3,4.0,97871.0,0.0,74.55
cross_layer,-76.76885962486267,0,4.0,97871.0,0.0,73.7
cross_layer,-76.76885962486267,1,4.0,97871.0,0.0,75.19
cross_layer,-76.76885962486267,2,4.0,97871.0,0.0,74.27
cross_layer,-76.76885962486267,3,4.0,97871.0,0.0,74.57
cross_layer,-76.56885957717896,0,4.0,97871.0,0.0,73.67
cross_layer,-76.56885957717896,1,4.0,97871.0,0.0,75.15
cross_layer,-76.56885957717896,2,4.0,97871.0,0.0,74.25
cross_layer,-76.56885957717896,3,4.0,97871.0,0.0,74.58
cross_layer,-76.36785960197449,0,4.0,97871.0,0.0,73.69
cross_layer,-76.36785960197449,1,4.0,97871.0,0.0,75.14
cross_layer,-76.36785960197449,2,4.0,97871.0,0.0,74.21
cross_layer,-76.36785960197449,3,4.0,97871.0,0.0,74.53
cross_layer,-76.16785955429077,0,4.0,97871.0,0.0,73.7
cross_layer,-76.16785955429077,1,4.0,97871.0,0.0,75.14
cross_layer,-76.16785955429077,2,4.0,97871.0,0.0,74.2
cross_layer,-76.16785955429077,3,4.0,97871.0,0.0,74.53
cross_layer,-75.96785950660706,0,4.0,97871.0,0.0,73.67
cross_layer,-75.96785950660706,1,4.0,97871.0,0.0,75.15
cross_layer,-75.96785950660706,2,4.0,97871.0,0.0,74.19
cross_layer,-75.96785950660706,3,4.0,97871.0,0.0,74.57
cross_layer,-75.76785969734192,0,4.0,97871.0,0.0,73.68
cross_layer,-75.76685953140259,1,4.0,97871.0,0.0,75.15
cross_layer,-75.76685953140259,2,4.0,97871.0,0.0,74.18
cross_layer,-75.76685953140259,3,4.0,97871.0,0.0,74.56
cross_layer,-75.56685972213745,0,4.0,97871.0,0.0,73.69
cross_layer,-75.56685972213745,1,4.0,97871.0,0.0,75.15
cross_layer,-75.56685972213745,2,4.0,97871.0,0.0,74.17
cross_layer,-75.56685972213745,3,4.0,97871.0,0.0,74.53
cross_layer,-75.36685967445374,0,4.0,97871.0,0.0,73.66
cross_layer,-75.36685967445374,1,4.0,97871.0,0.0,75.16
cross_layer,-75.36685967445374,2,4.0,97871.0,0.0,74.18
cross_layer,-75.36685967445374,3,4.0,97871.0,0.0,74.57
cross_layer,-75.16685962677002,0,4.0,97871.0,0.0,73.66
cross_layer,-75.16585969924927,1,4.0,97871.0,0.0,75.17
cross_layer,-75.16585969924927,2,4.0,97871.0,0.0,74.18
cross_layer,-75.16585969924927,3,4.0,97871.0,0.0,74.61
cross_layer,-74.96585965156555,0,4.0,97871.0,0.0,73.7
cross_layer,-74.96585965156555,1,4.0,97871.0,0.0,75.16
cross_layer,-74.96585965156555,2,4.0,97871.0,0.0,74.16
cross_layer,-74.96585965156555,3,4.0,97871.0,0.0,74.63
cross_layer,-74.76585960388184,0,4.0,97871.0,0.0,73.71
cross_layer,-74.76585960388184,1,4.0,97871.0,0.0,75.15
cross_layer,-74.76585960388184,2,4.0,97871.0,0.0,74.17
cross_layer,-74.76585960388184,3,4.0,97871.0,0.0,74.57
cross_layer,-74.56585955619812,0,4.0,97871.0,0.0,73.71
cross_layer,-74.56585955619812,1,4.0,97871.0,0.0,75.14
cross_layer,-74.56485962867737,2,4.0,97871.0,0.0,74.16
cross_layer,-74.56485962867737,3,4.0,97871.0,0.0,74.59
cross_layer,-74.36485958099365,0,4.0,97871.0,0.0,73.76
cross_layer,-74.36485958099365,1,4.0,97871.0,0.0,75.14
cross_layer,-74.36485958099365,2,4.0,97871.0,0.0,74.14
cross_layer,-74.36485958099365,3,4.0,97871.0,0.0,74.6
cross_layer,-74.16485953330994,0,4.0,97871.0,0.0,73.75
cross_layer,-74.16485953330994,1,4.0,97871.0,0.0,75.15
cross_layer,-74.16485953330994,2,4.0,97871.0,0.0,74.13
cross_layer,-74.16485953330994,3,4.0,97871.0,0.0,74.6
cross_layer,-73.9648597240448,0,4.0,97871.0,0.0,73.74
cross_layer,-73.9648597240448,1,4.0,97871.0,0.0,75.14
cross_layer,-73.96385955810547,2,4.0,97871.0,0.0,74.14
cross_layer,-73.96385955810547,3,4.0,97871.0,0.0,74.52
cross_layer,-73.76385951042175,0,4.0,97871.0,0.0,73.75
cross_layer,-73.76385951042175,1,4.0,97871.0,0.0,75.15
cross_layer,-73.76385951042175,2,4.0,97871.0,0.0,74.14
cross_layer,-73.76385951042175,3,4.0,97871.0,0.0,74.56
cross_layer,-73.56385970115662,0,4.0,97871.0,0.0,73.72
cross_layer,-73.56385970115662,1,4.0,97871.0,0.0,75.17
cross_layer,-73.56385970115662,2,4.0,97871.0,0.0,74.15
cross_layer,-73.56385970115662,3,4.0,97871.0,0.0,74.59
cross_layer,-73.3638596534729,0,4.0,97871.0,0.0,73.69
cross_layer,-73.3638596534729,1,4.0,97871.0,0.0,75.16
cross_layer,-73.3638596534729,2,4.0,97871.0,0.0,74.19
cross_layer,-73.3638596534729,3,4.0,97871.0,0.0,74.57
cross_layer,-73.16285967826843,0,4.0,97871.0,0.0,73.68
cross_layer,-73.16285967826843,1,4.0,97871.0,0.0,75.15
cross_layer,-73.16285967826843,2,4.0,97871.0,0.0,74.2
cross_layer,-73.16285967826843,3,4.0,97871.0,0.0,74.52
cross_layer,-72.96285963058472,0,4.0,97871.0,0.0,73.69
cross_layer,-72.96285963058472,1,4.0,97871.0,0.0,75.15
cross_layer,-72.96285963058472,2,4.0,97871.0,0.0,74.2
cross_layer,-72.96285963058472,3,4.0,97871.0,0.0,74.55
cross_layer,-72.762859582901,0,4.0,97871.0,0.0,73.68
cross_layer,-72.76085948944092,1,4.0,97871.0,0.0,75.14
cross_layer,-72.76085948944092,2,4.0,97871.0,0.0,74.18
cross_layer,-72.76085948944092,3,4.0,97871.0,0.0,74.56
cross_layer,-72.56085968017578,0,4.0,97871.0,0.0,73.71
cross_layer,-72.56085968017578,1,4.0,97871.0,0.0,75.15
cross_layer,-72.56085968017578,2,4.0,97871.0,0.0,74.17
cross_layer,-72.56085968017578,3,4.0,97871.0,0.0,74.51
cross_layer,-72.35985970497131,0,4.0,97871.0,0.0,73.76
cross_layer,-72.35985970497131,1,4.0,97871.0,0.0,75.14
cross_layer,-72.35985970497131,2,4.0,97871.0,0.0,74.15
cross_layer,-72.35985970497131,3,4.0,97871.0,0.0,74.47
cross_layer,-72.1598596572876,0,4.0,97871.0,0.0,73.77
cross_layer,-72.1598596572876,1,4.0,97871.0,0.0,75.15
cross_layer,-72.1598596572876,2,4.0,97871.0,0.0,74.13
cross_layer,-72.1598596572876,3,4.0,97871.0,0.0,74.51
cross_layer,-71.95985960960388,0,4.0,97871.0,0.0,73.73
cross_layer,-71.95485949516296,1,4.0,97871.0,0.0,75.16
cross_layer,-71.95385956764221,2,4.0,97871.0,0.0,74.13
cross_layer,-71.95285964012146,3,4.0,97871.0,0.0,74.55
cross_layer,-71.75285959243774,0,4.0,97871.0,0.0,73.69
cross_layer,-71.75185966491699,1,4.0,97871.0,0.0,75.16
cross_layer,-71.75185966491699,2,4.0,97871.0,0.0,74.16
cross_layer,-71.75185966491699,3,4.0,97871.0,0.0,74.52
cross_layer,-71.55085968971252,0,4.0,97871.0,0.0,73.71
cross_layer,-71.55085968971252,1,4.0,97871.0,0.0,75.15
cross_layer,-71.55085968971252,2,21.0,97871.0,0.0,74.18
cross_layer,-71.55085968971252,3,4.0,97871.0,0.0,74.47
cross_layer,-71.34985971450806,0,4.0,97871.0,0.0,73.68
cross_layer,-71.34985971450806,1,4.0,97871.0,0.0,75.14
cross_layer,-71.34985971450806,2,385.0,97871.0,0.0,81.89
cross_layer,-71.34985971450806,3,4.0,97871.0,0.0,74.54
cross_layer,-71.14885950088501,0,4.0,97871.0,0.0,73.66
cross_layer,-71.14885950088501,1,4.0,97871.0,0.0,75.13
cross_layer,-71.14885950088501,2,385.0,97871.0,0.0,91.88
cross_layer,-71.14885950088501,3,4.0,97871.0,0.0,74.53
cross_layer,-70.94885969161987,0,4.0,97871.0,0.0,73.68
cross_layer,-70.94885969161987,1,4.0,97871.0,0.0,75.13
cross_layer,-70.94885969161987,2,385.0,97871.0,0.0,100.27
cross_layer,-70.94885969161987,3,4.0,97871.0,0.0,74.52
cross_layer,-70.74885964393616,0,29.0,97871.0,0.0,73.91
cross_layer,-70.74885964393616,1,4.0,97871.0,0.0,75.12
cross_layer,-70.74885964393616,2,385.0,97871.0,0.0,108.97
cross_layer,-70.74885964393616,3,4.0,97871.0,0.0,74.52
cross_layer,-70.54885959625244,0,385.0,97871.0,0.0,82.92
cross_layer,-70.54785966873169,1,21.0,97871.0,0.0,76.02
cross_layer,-70.5458595752716,2,385.0,97871.0,0.0,117.66
cross_layer,-70.5458595752716,3,20.0,97871.0,0.0,74.58
cross_layer,-70.34585952758789,0,385.0,97871.0,1.0,91.54
cross_layer,-70.34585952758789,1,385.0,97871.0,0.0,85.26
cross_layer,-70.34585952758789,2,385.0,97871.0,0.0,118.7
cross_layer,-70.34585952758789,3,385.0,97871.0,0.0,82.43
cross_layer,-70.14485955238342,0,385.0,97871.0,0.0,100.89
cross_layer,-70.14485955238342,1,385.0,97871.0,2.0,94.16
cross_layer,-70.14485955238342,2,385.0,97871.0,0.0,118.69
cross_layer,-70.14485955238342,3,385.0,97871.0,1.0,91.61
cross_layer,-69.9448595046997,0,385.0,97871.0,0.0,109.13
cross_layer,-69.9448595046997,1,385.0,97871.0,0.0,103.61
cross_layer,-69.9448595046997,2,385.0,97871.0,0.0,118.72
cross_layer,-69.9448595046997,3,385.0,97871.0,0.0,100.03
cross_layer,-69.74485969543457,0,385.0,97871.0,0.0,117.93
cross_layer,-69.74485969543457,1,385.0,97871.0,0.0,111.97
cross_layer,-69.74485969543457,2,385.0,97871.0,0.0,118.73
cross_layer,-69.74485969543457,3,385.0,97871.0,0.0,108.92
cross_layer,-69.54485964775085,0,483.0,97871.0,0.0,118.6
cross_layer,-69.5438597202301,1,483.0,97871.0,0.0,120.9
cross_layer,-69.54285955429077,2,483.0,97871.0,0.0,118.79
cross_layer,-69.54285955429077,3,483.0,97871.0,0.0,117.75
cross_layer,-69.3418595790863,0,727.0,97871.0,3.0,118.56
cross_layer,-69.34085965156555,1,727.0,97871.0,8.0,120.51
cross_layer,-69.34085965156555,2,727.0,97871.0,6.0,118.8
cross_layer,-69.34085965156555,3,727.0,97871.0,5.0,119.6
cross_layer,-69.14085960388184,0,1019.0,97871.0,0.0,118.62
cross_layer,-69.137859582901,1,1019.0,97871.0,1.0,120.53
cross_layer,-69.13685965538025,2,1019.0,97871.0,1.0,118.82
cross_layer,-69.13585948944092,3,1019.0,97871.0,0.0,119.65
cross_layer,-68.93585968017578,0,1019.0,97871.0,1.0,118.73
cross_layer,-68.93485951423645,1,1019.0,97871.0,0.0,120.56
cross_layer,-68.93485951423645,2,1019.0,97871.0,0.0,118.84
cross_layer,-68.9338595867157,3,1019.0,97871.0,0.0,119.7
cross_layer,-68.73385953903198,0,1201.0,97871.0,0.0,119.0
cross_layer,-68.73385953903198,1,1201.0,97871.0,0.0,120.94
cross_layer,-68.73385953903198,2,1201.0,97871.0,0.0,119.36
cross_layer,-68.73385953903198,3,1201.0,97871.0,0.0,120.1
cross_layer,-68.53285956382751,0,1443.0,97871.0,5.0,118.99
cross_layer,-68.53285956382751,1,1443.0,97871.0,0.0,121.04
cross_layer,-68.53285956382751,2,1443.0,97871.0,0.0,119.37
cross_layer,-68.53285956382751,3,1443.0,97871.0,0.0,120.18
cross_layer,-68.3328595161438,0,1735.0,97871.0,0.0,119.03
cross_layer,-68.3328595161438,1,1735.0,97871.0,1.0,121.05
cross_layer,-68.3328595161438,2,1735.0,97871.0,1.0,119.41
cross_layer,-68.3328595161438,3,1735.0,97871.0,1.0,120.17
cross_layer,-68.13285970687866,0,1735.0,97871.0,0.0,119.25
cross_layer,-68.13185954093933,1,1735.0,97871.0,0.0,121.04
cross_layer,-68.13185954093933,2,1735.0,97871.0,0.0,119.68
cross_layer,-68.13185954093933,3,1735.0,97871.0,0.0,120.36
cross_layer,-67.93185949325562,0,1735.0,97871.0,0.0,119.31
cross_layer,-67.93185949325562,1,1735.0,97871.0,1.0,121.34
cross_layer,-67.93185949325562,2,1735.0,97871.0,14.0,119.74
cross_layer,-67.93185949325562,3,1735.0,97871.0,15.0,120.64
cross_layer,-67.73185968399048,0,1869.0,97871.0,0.0,119.07
cross_layer,-67.73185968399048,1,1869.0,97871.0,0.0,121.0
cross_layer,-67.73185968399048,2,1869.0,97871.0,0.0,119.25
cross_layer,-67.73185968399048,3,1869.0,97871.0,0.0,120.31
cross_layer,-67.53185963630676,0,1869.0,97871.0,0.0,119.11
cross_layer,-67.53085970878601,1,1869.0,97871.0,0.0,120.94
cross_layer,-67.53085970878601,2,1869.0,97871.0,0.0,119.25
cross_layer,-67.53085970878601,3,1869.0,97871.0,0.0,120.22
cross_layer,-67.3308596611023,0,1869.0,97871.0,0.0,119.08
cross_layer,-67.3308596611023,1,1869.0,97871.0,0.0,120.96
cross_layer,-67.3308596611023,2,1869.0,97871.0,0.0,119.23
cross_layer,-67.3308596611023,3,1869.0,97871.0,0.0,120.18
cross_layer,-67.13085961341858,0,1869.0,97871.0,0.0,118.95
cross_layer,-67.13085961341858,1,1869.0,97871.0,0.0,120.96
cross_layer,-67.13085961341858,2,1869.0,97871.0,0.0,119.04
cross_layer,-67.13085961341858,3,1869.0,97871.0,0.0,120.12
cross_layer,-66.93085956573486,0,1869.0,97871.0,0.0,118.78
cross_layer,-66.93085956573486,1,1869.0,97871.0,0.0,120.65
cross_layer,-66.92985963821411,2,1869.0,97871.0,0.0,118.86
cross_layer,-66.92985963821411,3,1869.0,97871.0,0.0,119.76
cross_layer,-66.7298595905304,0,1869.0,97871.0,0.0,118.73
cross_layer,-66.7298595905304,1,1869.0,97871.0,0.0,120.67
cross_layer,-66.7298595905304,2,1869.0,97871.0,0.0,118.86
cross_layer,-66.7298595905304,3,1869.0,97871.0,0.0,119.67
cross_layer,-66.52985954284668,0,1869.0,97871.0,0.0,118.74
cross_layer,-66.52985954284668,1,1869.0,97871.0,0.0,120.67
cross_layer,-66.52985954284668,2,1869.0,97871.0,0.0,118.86
cross_layer,-66.52985954284668,3,1869.0,97871.0,0.0,119.7
cross_layer,-66.32985949516296,0,1869.0,97871.0,0.0,118.78
cross_layer,-66.32985949516296,1,1869.0,97871.0,0.0,120.69
cross_layer,-66.32985949516296,2,1869.0,97871.0,0.0,118.88
cross_layer,-66.32885956764221,3,1869.0,97871.0,0.0,119.75
cross_layer,-66.1288595199585,0,1869.0,97871.0,0.0,118.79
cross_layer,-66.1288595199585,1,1869.0,97871.0,0.0,120.68
cross_layer,-66.1288595199585,2,1869.0,97871.0,0.0,118.89
cross_layer,-66.1288595199585,3,1869.0,97871.0,0.0,119.74
cross_layer,-65.92885971069336,0,1869.0,97871.0,0.0,118.75
cross_layer,-65.92885971069336,1,1869.0,97871.0,0.0,120.7
cross_layer,-65.92885971069336,2,1869.0,97871.0,0.0,118.91
cross_layer,-65.92885971069336,3,1869.0,97871.0,0.0,119.68
cross_layer,-65.72885966300964,0,1869.0,97871.0,0.0,118.79
cross_layer,-65.72885966300964,1,1869.0,97871.0,0.0,120.67
cross_layer,-65.72885966300964,2,1869.0,97871.0,0.0,118.93
cross_layer,-65.72785949707031,3,1869.0,97871.0,0.0,119.73
cross_layer,-65.52785968780518,0,1869.0,97871.0,0.0,118.81
cross_layer,-65.52785968780518,1,1869.0,97871.0,0.0,120.69
cross_layer,-65.52785968780518,2,1869.0,97871.0,0.0,118.94
cross_layer,-65.52785968780518,3,1869.0,97871.0,0.0,119.72
cross_layer,-65.32785964012146,0,1869.0,97871.0,0.0,118.79
cross_layer,-65.32785964012146,1,1869.0,97871.0,0.0,120.72
cross_layer,-65.32785964012146,2,1869.0,97871.0,0.0,118.96
cross_layer,-65.32785964012146,3,1869.0,97871.0,0.0,119.71
cross_layer,-65.12785959243774,0,1869.0,97871.0,0.0,118.77
cross_layer,-65.12785959243774,1,1869.0,97871.0,0.0,120.73
cross_layer,-65.12785959243774,2,1869.0,97871.0,0.0,118.96
cross_layer,-65.12785959243774,3,1869.0,97871.0,0.0,119.65
cross_layer,-64.92685961723328,0,1869.0,97871.0,0.0,118.81
cross_layer,-64.92685961723328,1,1869.0,97871.0,0.0,120.73
cross_layer,-64.92685961723328,2,1869.0,97871.0,0.0,118.94
cross_layer,-64.92685961723328,3,1869.0,97871.0,0.0,119.71
cross_layer,-64.72685956954956,0,1869.0,97871.0,0.0,118.82
cross_layer,-64.72685956954956,1,1869.0,97871.0,0.0,120.78
cross_layer,-64.72685956954956,2,1869.0,97871.0,0.0,118.92
cross_layer,-64.72685956954956,3,1869.0,97871.0,0.0,119.73
cross_layer,-64.52685952186584,0,1869.0,97871.0,0.0,118.81
cross_layer,-64.52685952186584,1,1869.0,97871.0,0.0,120.76
cross_layer,-64.52685952186584,2,1869.0,97871.0,0.0,118.92
cross_layer,-64.52685952186584,3,1869.0,97871.0,0.0,119.75
cross_layer,-64.32585954666138,0,1869.0,97871.0,0.0,118.83
cross_layer,-64.32585954666138,1,1869.0,97871.0,0.0,120.75
cross_layer,-64.32585954666138,2,1869.0,97871.0,0.0,118.91
cross_layer,-64.32585954666138,3,1869.0,97871.0,0.0,119.71
cross_layer,-64.12585949897766,0,1869.0,97871.0,0.0,118.88
cross_layer,-64.12585949897766,1,1869.0,97871.0,0.0,120.76
cross_layer,-64.12585949897766,2,1869.0,97871.0,0.0,118.93
cross_layer,-64.12585949897766,3,1869.0,97871.0,0.0,119.77
cross_layer,-63.925859689712524,0,1869.0,97871.0,0.0,118.86
cross_layer,-63.925859689712524,1,1869.0,97871.0,0.0,120.75
cross_layer,-63.925859689712524,2,1869.0,97871.0,0.0,118.92
cross_layer,-63.925859689712524,3,1869.0,97871.0,0.0,119.79
cross_layer,-63.72585964202881,0,1869.0,97871.0,0.0,118.83
cross_layer,-63.72485971450806,1,3581.0,97871.0,0.0,120.73
cross_layer,-63.72485971450806,2,1869.0,97871.0,0.0,118.94
cross_layer,-63.72485971450806,3,1869.0,97871.0,0.0,119.81
cross_layer,-63.52485966682434,0,1869.0,97871.0,0.0,118.83
cross_layer,-63.52485966682434,1,7559.0,97871.0,0.0,121.57
cross_layer,-63.52485966682434,2,1979.0,97871.0,0.0,118.94
cross_layer,-63.52485966682434,3,2301.0,97871.0,0.0,119.76
cross_layer,-63.324859619140625,0,3581.0,97871.0,0.0,118.94
cross_layer,-63.324859619140625,1,10317.0,97871.0,3.0,121.57
cross_layer,-63.324859619140625,2,3581.0,97871.0,0.0,119.58
cross_layer,-63.324859619140625,3,3581.0,97871.0,1.0,120.58
cross_layer,-63.12485957145691,0,5075.0,97871.0,3.0,118.86
cross_layer,-63.12485957145691,1,10317.0,97871.0,1.0,121.57
cross_layer,-63.12485957145691,2,7493.0,97871.0,0.0,119.56
cross_layer,-63.12385964393616,3,9253.0,97871.0,0.0,120.56
cross_layer,-62.92385959625244,0,10317.0,97871.0,4.0,118.93
cross_layer,-62.92385959625244,1,10317.0,97871.0,1.0,121.55
cross_layer,-62.92385959625244,2,10321.0,97871.0,5.0,119.55
cross_layer,-62.92385959625244,3,10221.0,97871.0,4.0,120.61
cross_layer,-62.723859548568726,0,10317.0,97871.0,3.0,118.97
cross_layer,-62.723859548568726,1,10317.0,97871.0,1.0,121.52
cross_layer,-62.723859548568726,2,10321.0,97871.0,3.0,119.55
cross_layer,-62.723859548568726,3,10221.0,97871.0,3.0,120.52
cross_layer,-62.52385950088501,0,10317.0,97871.0,1.0,118.93
cross_layer,-62.52385950088501,1,10317.0,97871.0,1.0,120.7
cross_layer,-62.52385950088501,2,10321.0,97871.0,1.0,119.55
cross_layer,-62.52385950088501,3,10221.0,97871.0,1.0,120.58
cross_layer,-62.32285952568054,0,10317.0,97871.0,1.0,118.82
cross_layer,-62.32285952568054,1,10317.0,97871.0,1.0,120.68
cross_layer,-62.32285952568054,2,10321.0,97871.0,1.0,118.89
cross_layer,-62.32285952568054,3,10221.0,97871.0,1.0,119.81
cross_layer,-62.122859716415405,0,10317.0,97871.0,1.0,118.86
cross_layer,-62.122859716415405,1,10317.0,97871.0,1.0,120.66
cross_layer,-62.122859716415405,2,10321.0,97871.0,1.0,118.89
cross_layer,-62.122859716415405,3,10221.0,97871.0,1.0,119.81
cross_layer,-61.92285966873169,0,10317.0,97871.0,1.0,118.81
cross_layer,-61.92285966873169,1,10317.0,97871.0,1.0,120.68
cross_layer,-61.92285966873169,2,10321.0,97871.0,0.0,118.89
cross_layer,-61.92285966873169,3,10221.0,97871.0,1.0,119.71
cross_layer,-61.72185969352722,0,10317.0,97871.0,1.0,118.78
cross_layer,-61.72185969352722,1,10317.0,97871.0,1.0,120.66
cross_layer,-61.72185969352722,2,10321.0,97871.0,1.0,118.88
cross_layer,-61.72185969352722,3,10221.0,97871.0,1.0,119.8
cross_layer,-61.521859645843506,0,10317.0,97871.0,1.0,118.81
cross_layer,-61.521859645843506,1,10317.0,97871.0,1.0,120.64
cross_layer,-61.521859645843506,2,10321.0,97871.0,1.0,118.88
cross_layer,-61.521859645843506,3,10221.0,97871.0,1.0,119.79
cross_layer,-61.32185959815979,0,10317.0,97871.0,0.0,118.79
cross_layer,-61.32185959815979,1,10317.0,97871.0,1.0,120.66
cross_layer,-61.32185959815979,2,10321.0,97871.0,0.0,118.86
cross_layer,-61.32185959815979,3,10221.0,97871.0,1.0,119.77
cross_layer,-61.12085962295532,0,10317.0,97871.0,1.0,118.78
cross_layer,-61.12085962295532,1,10317.0,97871.0,1.0,120.71
cross_layer,-61.12085962295532,2,10321.0,97871.0,0.0,118.86
cross_layer,-61.12085962295532,3,10221.0,97871.0,1.0,119.73
cross_layer,-60.920859575271606,0,10317.0,97871.0,1.0,118.78
cross_layer,-60.920859575271606,1,10317.0,97871.0,1.0,120.7
cross_layer,-60.920859575271606,2,10321.0,97871.0,0.0,118.88
cross_layer,-60.920859575271606,3,10221.0,97871.0,2.0,119.8
cross_layer,-60.72085952758789,0,10317.0,97871.0,0.0,118.79
cross_layer,-60.72085952758789,1,10317.0,97871.0,1.0,120.74
cross_layer,-60.72085952758789,2,10321.0,97871.0,0.0,118.88
cross_layer,-60.72085952758789,3,10221.0,97871.0,1.0,119.76
cross_layer,-60.51985955238342,0,10317.0,97871.0,1.0,118.77
cross_layer,-60.51985955238342,1,10317.0,97871.0,1.0,120.75
cross_layer,-60.51985955238342,2,10321.0,97871.0,0.0,118.9
cross_layer,-60.51985955238342,3,10221.0,97871.0,0.0,119.67
cross_layer,-60.31985950469971,0,10317.0,97871.0,1.0,118.77
cross_layer,-60.31985950469971,1,10317.0,97871.0,1.0,120.74
cross_layer,-60.31985950469971,2,10321.0,97871.0,1.0,118.91
cross_layer,-60.31985950469971,3,10221.0,97871.0,0.0,119.65
cross_layer,-60.11985969543457,0,10317.0,97871.0,1.0,118.81
cross_layer,-60.11985969543457,1,10317.0,97871.0,1.0,120.68
cross_layer,-60.11985969543457,2,10321.0,97871.0,1.0,118.95
cross_layer,-60.11985969543457,3,10221.0,97871.0,0.0,119.68
cross_layer,-59.9188597202301,0,10317.0,97871.0,1.0,118.79
cross_layer,-59.9188597202301,1,10317.0,97871.0,1.0,120.7
cross_layer,-59.9188597202301,2,10321.0,97871.0,1.0,118.94
cross_layer,-59.9188597202301,3,10221.0,97871.0,0.0,119.65
cross_layer,-59.71885967254639,0,10317.0,97871.0,1.0,118.75
cross_layer,-59.71885967254639,1,10317.0,97871.0,2.0,120.7
cross_layer,-59.71885967254639,2,10321.0,97871.0,3.0,118.97
cross_layer,-59.71885967254639,3,10221.0,97871.0,1.0,119.61
cross_layer,-59.51885962486267,0,10317.0,97871.0,1.0,118.79
cross_layer,-59.51885962486267,1,10317.0,97871.0,1.0,120.68
cross_layer,-59.51885962486267,2,10321.0,97871.0,0.0,118.95
cross_layer,-59.51885962486267,3,10221.0,97871.0,1.0,119.66
cross_layer,-59.318859577178955,0,10317.0,97871.0,1.0,118.78
cross_layer,-59.3178596496582,1,10317.0,97871.0,1.0,120.7
cross_layer,-59.3178596496582,2,10321.0,97871.0,0.0,118.95
cross_layer,-59.3178596496582,3,10221.0,97871.0,1.0,119.72
cross_layer,-59.11785960197449,0,10317.0,97871.0,1.0,118.76
cross_layer,-59.11785960197449,1,10317.0,97871.0,1.0,120.72
cross_layer,-59.11785960197449,2,10321.0,97871.0,0.0,118.91
cross_layer,-59.11785960197449,3,10221.0,97871.0,1.0,119.72
cross_layer,-58.91785955429077,0,10317.0,97871.0,1.0,118.76
cross_layer,-58.91785955429077,1,10317.0,97871.0,1.0,120.72
cross_layer,-58.91785955429077,2,10321.0,97871.0,1.0,118.87
cross_layer,-58.91785955429077,3,10221.0,97871.0,1.0,119.68
cross_layer,-58.717859506607056,0,10317.0,97871.0,1.0,118.77
cross_layer,-58.716859579086304,1,10317.0,97871.0,1.0,120.69
cross_layer,-58.716859579086304,2,10321.0,97871.0,1.0,118.84
cross_layer,-58.716859579086304,3,10221.0,97871.0,1.0,119.72
cross_layer,-58.51685953140259,0,10317.0,97871.0,1.0,118.72
cross_layer,-58.51685953140259,1,10317.0,97871.0,1.0,120.7
cross_layer,-58.51685953140259,2,10321.0,97871.0,0.0,118.86
cross_layer,-58.51685953140259,3,10221.0,97871.0,0.0,119.74
cross_layer,-58.31685972213745,0,10317.0,97871.0,0.0,118.75
cross_layer,-58.31685972213745,1,10317.0,97871.0,1.0,120.67
cross_layer,-58.31685972213745,2,10321.0,97871.0,1.0,118.87
cross_layer,-58.31685972213745,3,10221.0,97871.0,1.0,119.73
cross_layer,-58.116859674453735,0,10317.0,97871.0,3.0,118.76
cross_layer,-58.115859508514404,1,10317.0,97871.0,1.0,120.67
cross_layer,-58.115859508514404,2,10321.0,97871.0,1.0,118.89
cross_layer,-58.115859508514404,3,10221.0,97871.0,0.0,119.69
cross_layer,-57.91585969924927,0,10317.0,97871.0,1.0,118.75
cross_layer,-57.91585969924927,1,10317.0,97871.0,1.0,120.68
cross_layer,-57.91585969924927,2,10321.0,97871.0,1.0,118.89
cross_layer,-57.91585969924927,3,10221.0,97871.0,0.0,119.73
cross_layer,-57.71585965156555,0,10317.0,97871.0,1.0,118.75
cross_layer,-57.71585965156555,1,10317.0,97871.0,1.0,120.69
cross_layer,-57.71585965156555,2,10321.0,97871.0,1.0,118.89
cross_layer,-57.71585965156555,3,10221.0,97871.0,0.0,119.75
cross_layer,-57.515859603881836,0,10317.0,97871.0,0.0,118.79
cross_layer,-57.514859676361084,1,10317.0,97871.0,1.0,120.65
cross_layer,-57.514859676361084,2,10321.0,97871.0,1.0,118.89
cross_layer,-57.514859676361084,3,10221.0,97871.0,0.0,119.74
cross_layer,-57.31485962867737,0,10317.0,97871.0,1.0,118.73
cross_layer,-57.31485962867737,1,10317.0,97871.0,0.0,120.67
cross_layer,-57.31485962867737,2,10321.0,97871.0,1.0,118.88
cross_layer,-57.31485962867737,3,10221.0,97871.0,1.0,119.68
cross_layer,-57.11485958099365,0,10317.0,97871.0,1.0,118.71
cross_layer,-57.11485958099365,1,10317.0,97871.0,1.0,120.65
cross_layer,-57.11485958099365,2,10321.0,97871.0,1.0,118.88
cross_layer,-57.11485958099365,3,10221.0,97871.0,1.0,119.7
cross_layer,-56.91485953330994,0,10317.0,97871.0,1.0,118.72
cross_layer,-56.913859605789185,1,10317.0,97871.0,0.0,120.64
cross_layer,-56.913859605789185,2,10321.0,97871.0,2.0,118.88
cross_layer,-56.913859605789185,3,10221.0,97871.0,1.0,119.72
cross_layer,-56.71385955810547,0,10317.0,97871.0,0.0,118.75
cross_layer,-56.71385955810547,1,10317.0,97871.0,1.0,120.63
cross_layer,-56.71385955810547,2,10321.0,97871.0,1.0,118.88
cross_layer,-56.71385955810547,3,10221.0,97871.0,1.0,119.71
cross_layer,-56.51385951042175,0,10317.0,97871.0,1.0,118.71
cross_layer,-56.51385951042175,1,10317.0,97871.0,0.0,120.68
cross_layer,-56.51385951042175,2,10321.0,97871.0,0.0,118.91
cross_layer,-56.51385951042175,3,10221.0,97871.0,1.0,119.69
cross_layer,-56.313859701156616,0,10317.0,97871.0,1.0,118.74
cross_layer,-56.312859535217285,1,10317.0,97871.0,1.0,120.67
cross_layer,-56.312859535217285,2,10321.0,97871.0,0.0,118.9
cross_layer,-56.312859535217285,3,10221.0,97871.0,0.0,119.75
cross_layer,-56.11285972595215,0,10317.0,97871.0,1.0,118.77
cross_layer,-56.11285972595215,1,10317.0,97871.0,0.0,120.67
cross_layer,-56.11285972595215,2,10321.0,97871.0,0.0,118.9
cross_layer,-56.11285972595215,3,10221.0,97871.0,0.0,119.8
cross_layer,-55.91285967826843,0,10317.0,97871.0,1.0,118.78
cross_layer,-55.91285967826843,1,10317.0,97871.0,1.0,120.68
cross_layer,-55.91285967826843,2,10321.0,97871.0,1.0,118.89
cross_layer,-55.91285967826843,3,10221.0,97871.0,1.0,119.78
cross_layer,-55.71285963058472,0,10317.0,97871.0,1.0,118.79
cross_layer,-55.711859703063965,1,10317.0,97871.0,0.0,120.71
cross_layer,-55.711859703063965,2,10321.0,97871.0,1.0,118.91
cross_layer,-55.711859703063965,3,10221.0,97871.0,0.0,119.76
cross_layer,-55.51185965538025,0,10317.0,97871.0,1.0,118.85
cross_layer,-55.51185965538025,1,10317.0,97871.0,1.0,120.73
cross_layer,-55.51185965538025,2,10321.0,97871.0,1.0,118.89
cross_layer,-55.51185965538025,3,10221.0,97871.0,1.0,119.82
cross_layer,-55.31185960769653,0,10317.0,97871.0,1.0,118.82
cross_layer,-55.31185960769653,1,10317.0,97871.0,1.0,120.74
cross_layer,-55.31185960769653,2,10321.0,97871.0,1.0,118.91
cross_layer,-55.31185960769653,3,10221.0,97871.0,1.0,119.82
cross_layer,-55.11185956001282,0,10317.0,97871.0,1.0,118.8
cross_layer,-55.110859632492065,1,10317.0,97871.0,1.0,120.74
cross_layer,-55.110859632492065,2,10321.0,97871.0,1.0,118.91
cross_layer,-55.110859632492065,3,10221.0,97871.0,1.0,119.79
cross_layer,-54.91085958480835,0,10317.0,97871.0,1.0,118.82
cross_layer,-54.91085958480835,1,10317.0,97871.0,1.0,120.74
cross_layer,-54.91085958480835,2,10321.0,97871.0,1.0,118.91
cross_layer,-54.91085958480835,3,10221.0,97871.0,1.0,119.76
cross_layer,-54.710859537124634,0,10317.0,97871.0,1.0,118.82
cross_layer,-54.710859537124634,1,10317.0,97871.0,1.0,120.73
cross_layer,-54.710859537124634,2,10321.0,97871.0,1.0,118.9
cross_layer,-54.710859537124634,3,10221.0,97871.0,1.0,119.79
cross_layer,-54.51085948944092,0,10317.0,97871.0,1.0,118.78
cross_layer,-54.509859561920166,1,10317.0,97871.0,1.0,120.69
cross_layer,-54.509859561920166,2,10321.0,97871.0,4.0,118.95
cross_layer,-54.509859561920166,3,10221.0,97871.0,1.0,119.77
cross_layer,-54.30985951423645,0,10317.0,97871.0,1.0,118.85
cross_layer,-54.30985951423645,1,10317.0,97871.0,1.0,120.7
cross_layer,-54.30985951423645,2,10321.0,97871.0,4.0,118.99
cross_layer,-54.30985951423645,3,10221.0,97871.0,1.0,119.73
cross_layer,-54.10985970497131,0,10317.0,97871.0,1.0,118.9
cross_layer,-54.10985970497131,1,10317.0,97871.0,3.0,120.72
cross_layer,-54.10985970497131,2,10321.0,97871.0,3.0,119.05
cross_layer,-54.10985970497131,3,10221.0,97871.0,1.0,119.74
cross_layer,-53.9098596572876,0,10317.0,97871.0,1.0,118.87
cross_layer,-53.90885949134827,1,10317.0,97871.0,3.0,120.72
cross_layer,-53.90885949134827,2,10321.0,97871.0,2.0,119.08
cross_layer,-53.90885949134827,3,10221.0,97871.0,1.0,119.84
cross_layer,-53.70885968208313,0,10317.0,97871.0,1.0,118.86
cross_layer,-53.70885968208313,1,10317.0,97871.0,1.0,120.75
cross_layer,-53.70885968208313,2,10321.0,97871.0,1.0,119.09
cross_layer,-53.70885968208313,3,10221.0,97871.0,3.0,119.83
cross_layer,-53.508859634399414,0,10317.0,97871.0,1.0,118.92
cross_layer,-53.508859634399414,1,10317.0,97871.0,1.0,120.75
cross_layer,-53.508859634399414,2,10321.0,97871.0,1.0,119.04
cross_layer,-53.508859634399414,3,10221.0,97871.0,1.0,119.8
cross_layer,-53.3088595867157,0,10317.0,97871.0,1.0,118.88
cross_layer,-53.3088595867157,1,10317.0,97871.0,1.0,120.76
cross_layer,-53.307859659194946,2,10321.0,97871.0,1.0,119.01
cross_layer,-53.307859659194946,3,10221.0,97871.0,1.0,119.76
cross_layer,-53.10785961151123,0,10317.0,97871.0,1.0,118.82
cross_layer,-53.10785961151123,1,10317.0,97871.0,1.0,120.76
cross_layer,-53.10785961151123,2,10321.0,97871.0,1.0,118.97
cross_layer,-53.10785961151123,3,10221.0,97871.0,1.0,119.8
cross_layer,-52.907859563827515,0,10317.0,97871.0,1.0,118.81
cross_layer,-52.907859563827515,1,10317.0,97871.0,1.0,120.74
cross_layer,-52.907859563827515,2,10321.0,97871.0,0.0,118.94
cross_layer,-52.907859563827515,3,10221.0,97871.0,1.0,119.79
cross_layer,-52.7078595161438,0,10317.0,97871.0,1.0,118.76
cross_layer,-52.7078595161438,1,10317.0,97871.0,1.0,120.73
cross_layer,-52.7078595161438,2,10321.0,97871.0,0.0,118.95
cross_layer,-52.70685958862305,3,10221.0,97871.0,1.0,119.74
cross_layer,-52.50685954093933,0,10317.0,97871.0,0.0,118.73
cross_layer,-52.50685954093933,1,10317.0,97871.0,1.0,120.71
cross_layer,-52.50685954093933,2,10321.0,97871.0,1.0,118.94
cross_layer,-52.50685954093933,3,10221.0,97871.0,1.0,119.74
cross_layer,-52.306859493255615,0,10317.0,97871.0,1.0,118.74
cross_layer,-52.306859493255615,1,10317.0,97871.0,1.0,120.7
cross_layer,-52.306859493255615,2,10321.0,97871.0,1.0,118.95
cross_layer,-52.306859493255615,3,10221.0,97871.0,1.0,119.8
cross_layer,-52.10685968399048,0,10317.0,97871.0,1.0,118.75
cross_layer,-52.10685968399048,1,10317.0,97871.0,1.0,120.68
cross_layer,-52.10685968399048,2,10321.0,97871.0,1.0,118.96
cross_layer,-52.10685968399048,3,10221.0,97871.0,1.0,119.81
cross_layer,-51.90585970878601,0,10317.0,97871.0,1.0,118.76
cross_layer,-51.90585970878601,1,10317.0,97871.0,1.0,120.67
cross_layer,-51.90585970878601,2,10321.0,97871.0,1.0,118.98
cross_layer,-51.90585970878601,3,10221.0,97871.0,1.0,119.74
cross_layer,-51.705859661102295,0,10317.0,97871.0,1.0,118.78
cross_layer,-51.705859661102295,1,10317.0,97871.0,1.0,120.67
cross_layer,-51.705859661102295,2,10321.0,97871.0,1.0,118.98
cross_layer,-51.705859661102295,3,10221.0,97871.0,1.0,119.77
cross_layer,-51.50585961341858,0,10317.0,97871.0,1.0,118.79
cross_layer,-51.50585961341858,1,10317.0,97871.0,1.0,120.69
cross_layer,-51.50585961341858,2,10321.0,97871.0,2.0,118.98
cross_layer,-51.50585961341858,3,10221.0,97871.0,1.0,119.84
cross_layer,-51.30485963821411,0,10317.0,97871.0,1.0,118.78
cross_layer,-51.30485963821411,1,10317.0,97871.0,1.0,120.7
cross_layer,-51.30485963821411,2,10321.0,97871.0,1.0,118.96
cross_layer,-51.30485963821411,3,10221.0,97871.0,1.0,119.84
cross_layer,-51.104859590530396,0,10317.0,97871.0,3.0,118.79
cross_layer,-51.104859590530396,1,10317.0,97871.0,1.0,120.72
cross_layer,-51.104859590530396,2,10321.0,97871.0,1.0,118.95
cross_layer,-51.104859590530396,3,10221.0,97871.0,1.0,119.79
cross_layer,-50.90485954284668,0,10317.0,97871.0,1.0,118.81
cross_layer,-50.90485954284668,1,10317.0,97871.0,1.0,120.76
cross_layer,-50.90485954284668,2,10321.0,97871.0,1.0,118.92
cross_layer,-50.90485954284668,3,10221.0,97871.0,1.0,119.83
cross_layer,-50.704859495162964,0,10317.0,97871.0,1.0,118.84
cross_layer,-50.70385956764221,1,10317.0,97871.0,1.0,120.76
cross_layer,-50.70385956764221,2,10321.0,97871.0,1.0,118.93
cross_layer,-50.70385956764221,3,10221.0,97871.0,1.0,119.87
cross_layer,-50.503859519958496,0,10317.0,97871.0,1.0,118.83
cross_layer,-50.503859519958496,1,10317.0,97871.0,2.0,120.73
cross_layer,-50.503859519958496,2,10321.0,97871.0,1.0,118.94
cross_layer,-50.503859519958496,3,10221.0,97871.0,1.0,119.86
cross_layer,-50.30385971069336,0,10317.0,97871.0,1.0,118.81
cross_layer,-50.30385971069336,1,10317.0,97871.0,1.0,120.7
cross_layer,-50.30385971069336,2,10321.0,97871.0,1.0,118.97
cross_layer,-50.30385971069336,3,10221.0,97871.0,1.0,119.84
cross_layer,-50.103859663009644,0,10317.0,97871.0,0.0,118.81
cross_layer,-50.10285949707031,1,10317.0,97871.0,1.0,120.69
cross_layer,-50.10285949707031,2,10321.0,97871.0,0.0,118.97
cross_layer,-50.10285949707031,3,10221.0,97871.0,3.0,119.89
cross_layer,-49.902859687805176,0,10317.0,97871.0,1.0,118.78
cross_layer,-49.902859687805176,1,10317.0,97871.0,1.0,120.7
cross_layer,-49.902859687805176,2,10321.0,97871.0,1.0,119.0
cross_layer,-49.902859687805176,3,10221.0,97871.0,1.0,119.9
cross_layer,-49.70285964012146,0,10317.0,97871.0,0.0,118.79
cross_layer,-49.70285964012146,1,10317.0,97871.0,1.0,120.71
cross_layer,-49.70285964012146,2,10321.0,97871.0,1.0,119.0
cross_layer,-49.70285964012146,3,10221.0,97871.0,1.0,119.87
cross_layer,-49.502859592437744,0,10317.0,97871.0,1.0,118.81
cross_layer,-49.50185966491699,1,10317.0,97871.0,1.0,120.72
cross_layer,-49.50185966491699,2,10321.0,97871.0,1.0,119.0
cross_layer,-49.50185966491699,3,10221.0,97871.0,1.0,119.8
cross_layer,-49.301859617233276,0,10317.0,97871.0,1.0,118.8
cross_layer,-49.301859617233276,1,10317.0,97871.0,1.0,120.74
cross_layer,-49.301859617233276,2,10321.0,97871.0,1.0,118.99
cross_layer,-49.301859617233276,3,10221.0,97871.0,1.0,119.88
cross_layer,-49.10185956954956,0,10317.0,97871.0,1.0,118.78
cross_layer,-49.10185956954956,1,10317.0,97871.0,1.0,120.78
cross_layer,-49.10185956954956,2,10321.0,97871.0,2.0,119.0
cross_layer,-49.10185956954956,3,10221.0,97871.0,1.0,119.85
cross_layer,-48.901859521865845,0,10317.0,97871.0,1.0,118.83
cross_layer,-48.901859521865845,1,10317.0,97871.0,1.0,120.77
cross_layer,-48.90085959434509,2,10321.0,97871.0,1.0,119.0
cross_layer,-48.90085959434509,3,10221.0,97871.0,3.0,119.84
cross_layer,-48.70085954666138,0,10317.0,97871.0,2.0,118.85
cross_layer,-48.70085954666138,1,10317.0,97871.0,2.0,120.77
cross_layer,-48.70085954666138,2,10321.0,97871.0,1.0,119.02
cross_layer,-48.70085954666138,3,10221.0,97871.0,5.0,119.86
cross_layer,-48.50085949897766,0,10317.0,97871.0,1.0,118.85
cross_layer,-48.50085949897766,1,10317.0,97871.0,1.0,120.78
cross_layer,-48.50085949897766,2,10321.0,97871.0,1.0,119.02
cross_layer,-48.50085949897766,3,10221.0,97871.0,1.0,119.93
cross_layer,-48.300859689712524,0,10317.0,97871.0,1.0,118.89
cross_layer,-48.300859689712524,1,10317.0,97871.0,1.0,120.78
cross_layer,-48.300859689712524,2,10321.0,97871.0,1.0,119.05
cross_layer,-48.300859689712524,3,10221.0,97871.0,1.0,119.93
cross_layer,-48.10085964202881,0,10317.0,97871.0,1.0,118.92
cross_layer,-48.09985971450806,1,10317.0,97871.0,1.0,120.75
cross_layer,-48.09985971450806,2,10321.0,97871.0,1.0,119.04
cross_layer,-48.09985971450806,3,10221.0,97871.0,1.0,119.89
cross_layer,-47.89985966682434,0,10317.0,97871.0,1.0,118.88
cross_layer,-47.89985966682434,1,10317.0,97871.0,1.0,120.74
cross_layer,-47.89985966682434,2,10321.0,97871.0,1.0,119.04
cross_layer,-47.89985966682434,3,10221.0,97871.0,1.0,119.83
cross_layer,-47.699859619140625,0,10317.0,97871.0,0.0,118.85
cross_layer,-47.699859619140625,1,10317.0,97871.0,1.0,120.75
cross_layer,-47.699859619140625,2,10321.0,97871.0,0.0,119.01
cross_layer,-47.699859619140625,3,10221.0,97871.0,1.0,119.85
cross_layer,-47.49985957145691,0,10317.0,97871.0,1.0,118.86
cross_layer,-47.49885964393616,1,10317.0,97871.0,1.0,120.77
cross_layer,-47.49885964393616,2,10321.0,97871.0,1.0,118.98
cross_layer,-47.49885964393616,3,10221.0,97871.0,1.0,119.82
cross_layer,-47.29885959625244,0,10317.0,97871.0,1.0,118.85
cross_layer,-47.29885959625244,1,10317.0,97871.0,1.0,120.81
cross_layer,-47.29885959625244,2,10321.0,97871.0,1.0,118.96
cross_layer,-47.29885959625244,3,10221.0,97871.0,1.0,119.76
cross_layer,-47.098859548568726,0,10317.0,97871.0,0.0,118.85
cross_layer,-47.098859548568726,1,10317.0,97871.0,2.0,120.83
cross_layer,-47.098859548568726,2,10321.0,97871.0,1.0,118.96
cross_layer,-47.098859548568726,3,10221.0,97871.0,1.0,119.78
cross_layer,-46.89885950088501,0,10317.0,97871.0,1.0,118.86
cross_layer,-46.89885950088501,1,10317.0,97871.0,1.0,120.85
cross_layer,-46.89785957336426,2,10321.0,97871.0,1.0,118.96
cross_layer,-46.89785957336426,3,10221.0,97871.0,2.0,119.81
cross_layer,-46.69785952568054,0,10317.0,97871.0,1.0,118.83
cross_layer,-46.69785952568054,1,10317.0,97871.0,1.0,120.86
cross_layer,-46.69785952568054,2,10321.0,97871.0,1.0,119.0
cross_layer,-46.69785952568054,3,10221.0,97871.0,1.0,119.81
cross_layer,-46.497859716415405,0,10317.0,97871.0,1.0,118.79
cross_layer,-46.497859716415405,1,10317.0,97871.0,1.0,120.86
cross_layer,-46.497859716415405,2,10321.0,97871.0,0.0,119.02
cross_layer,-46.497859716415405,3,10221.0,97871.0,1.0,119.77
cross_layer,-46.29785966873169,0,10317.0,97871.0,3.0,118.81
cross_layer,-46.29785966873169,1,10317.0,97871.0,1.0,120.84
cross_layer,-46.29785966873169,2,10321.0,97871.0,1.0,119.04
cross_layer,-46.29685950279236,3,10221.0,97871.0,1.0,119.81
cross_layer,-46.09685969352722,0,10317.0,97871.0,1.0,118.83
cross_layer,-46.09685969352722,1,10317.0,97871.0,1.0,120.8
cross_layer,-46.09685969352722,2,10321.0,97871.0,1.0,119.06
cross_layer,-46.09685969352722,3,10221.0,97871.0,1.0,119.85
cross_layer,-45.896859645843506,0,10317.0,97871.0,1.0,118.83
cross_layer,-45.896859645843506,1,10317.0,97871.0,1.0,120.78
cross_layer,-45.896859645843506,2,10321.0,97871.0,1.0,119.1
cross_layer,-45.896859645843506,3,10221.0,97871.0,1.0,119.84
cross_layer,-45.69685959815979,0,10317.0,97871.0,0.0,118.85
cross_layer,-45.69685959815979,1,10317.0,97871.0,1.0,120.78
cross_layer,-45.69685959815979,2,10321.0,97871.0,1.0,119.11
cross_layer,-45.69585967063904,3,10221.0,97871.0,1.0,119.8
cross_layer,-45.49585962295532,0,10317.0,97871.0,0.0,118.86
cross_layer,-45.49585962295532,1,10317.0,97871.0,1.0,120.84
cross_layer,-45.49585962295532,2,10321.0,97871.0,1.0,119.08
cross_layer,-45.49585962295532,3,10221.0,97871.0,1.0,119.85
cross_layer,-45.295859575271606,0,10317.0,97871.0,1.0,118.81
cross_layer,-45.295859575271606,1,10317.0,97871.0,5.0,120.87
cross_layer,-45.295859575271606,2,10321.0,97871.0,1.0,119.07
cross_layer,-45.295859575271606,3,10221.0,97871.0,1.0,119.86
cross_layer,-45.09585952758789,0,10317.0,97871.0,0.0,118.79
cross_layer,-45.09585952758789,1,10317.0,97871.0,3.0,120.88
cross_layer,-45.09485960006714,2,10321.0,97871.0,1.0,119.04
cross_layer,-45.09485960006714,3,10221.0,97871.0,2.0,119.85
cross_layer,-44.89485955238342,0,10317.0,97871.0,0.0,118.83
cross_layer,-44.89485955238342,1,10317.0,97871.0,1.0,120.88
cross_layer,-44.89485955238342,2,10321.0,97871.0,1.0,119.02
cross_layer,-44.89485955238342,3,10221.0,97871.0,1.0,119.81
cross_layer,-44.69485950469971,0,10317.0,97871.0,0.0,118.86
cross_layer,-44.69485950469971,1,10317.0,97871.0,1.0,120.87
cross_layer,-44.69485950469971,2,10321.0,97871.0,1.0,119.02
cross_layer,-44.69485950469971,3,10221.0,97871.0,1.0,119.85
cross_layer,-44.49485969543457,0,10317.0,97871.0,1.0,118.86
cross_layer,-44.49485969543457,1,10317.0,97871.0,1.0,120.79
cross_layer,-44.49485969543457,2,10321.0,97871.0,1.0,119.01
cross_layer,-44.49485969543457,3,10221.0,97871.0,1.0,119.86
cross_layer,-44.2938597202301,0,10317.0,97871.0,1.0,118.87
cross_layer,-44.2938597202301,1,10317.0,97871.0,1.0,120.76
cross_layer,-44.2938597202301,2,10321.0,97871.0,1.0,119.0
cross_layer,-44.2938597202301,3,10221.0,97871.0,1.0,119.86
cross_layer,-44.09385967254639,0,10317.0,97871.0,2.0,118.88
cross_layer,-44.09385967254639,1,10317.0,97871.0,1.0,120.77
cross_layer,-44.09385967254639,2,10321.0,97871.0,1.0,119.0
cross_layer,-44.09385967254639,3,10221.0,97871.0,1.0,119.81
cross_layer,-43.89385962486267,0,10317.0,97871.0,0.0,118.9
cross_layer,-43.89385962486267,1,10317.0,97871.0,1.0,120.76
cross_layer,-43.89385962486267,2,10321.0,97871.0,1.0,118.98
cross_layer,-43.89385962486267,3,10221.0,97871.0,1.0,119.87
cross_layer,-43.693859577178955,0,10317.0,97871.0,1.0,118.91
cross_layer,-43.6928596496582,1,10317.0,97871.0,1.0,120.77
cross_layer,-43.6928596496582,2,10321.0,97871.0,1.0,118.98
cross_layer,-43.6928596496582,3,10221.0,97871.0,1.0,119.91
cross_layer,-43.49285960197449,0,10317.0,97871.0,0.0,118.94
cross_layer,-43.49285960197449,1,10317.0,97871.0,1.0,120.78
cross_layer,-43.49285960197449,2,10321.0,97871.0,1.0,118.98
cross_layer,-43.49285960197449,3,10221.0,97871.0,1.0,119.87
cross_layer,-43.29285955429077,0,10317.0,97871.0,0.0,118.95
cross_layer,-43.29285955429077,1,10317.0,97871.0,2.0,120.79
cross_layer,-43.29285955429077,2,10321.0,97871.0,1.0,119.02
cross_layer,-43.29285955429077,3,10221.0,97871.0,3.0,119.86
cross_layer,-43.092859506607056,0,10317.0,97871.0,0.0,118.97
cross_layer,-43.091859579086304,1,10317.0,97871.0,1.0,120.79
cross_layer,-43.091859579086304,2,10321.0,97871.0,1.0,119.02
cross_layer,-43.091859579086304,3,10221.0,97871.0,1.0,119.92
cross_layer,-42.89185953140259,0,10317.0,97871.0,0.0,118.93
cross_layer,-42.89185953140259,1,10317.0,97871.0,1.0,120.81
cross_layer,-42.89185953140259,2,10321.0,97871.0,1.0,119.06
cross_layer,-42.89185953140259,3,10221.0,97871.0,1.0,119.94
cross_layer,-42.69185972213745,0,10317.0,97871.0,0.0,118.93
cross_layer,-42.69185972213745,1,10317.0,97871.0,1.0,120.83
cross_layer,-42.69185972213745,2,10321.0,97871.0,1.0,119.08
cross_layer,-42.69185972213745,3,10221.0,97871.0,1.0,119.91
cross_layer,-42.491859674453735,0,10317.0,97871.0,1.0,118.9
cross_layer,-42.490859508514404,1,10317.0,97871.0,1.0,120.85
cross_layer,-42.490859508514404,2,10321.0,97871.0,1.0,119.09
cross_layer,-42.490859508514404,3,10221.0,97871.0,1.0,119.89
cross_layer,-42.29085969924927,0,10317.0,97871.0,1.0,118.93
cross_layer,-42.29085969924927,1,10317.0,97871.0,1.0,120.85
cross_layer,-42.29085969924927,2,10321.0,97871.0,0.0,119.11
cross_layer,-42.29085969924927,3,10221.0,97871.0,1.0,119.92
cross_layer,-42.09085965156555,0,10317.0,97871.0,1.0,118.96
cross_layer,-42.09085965156555,1,10317.0,97871.0,1.0,120.85
cross_layer,-42.09085965156555,2,10321.0,97871.0,0.0,119.11
cross_layer,-42.09085965156555,3,10221.0,97871.0,1.0,119.91
cross_layer,-41.890859603881836,0,10317.0,97871.0,1.0,118.95
cross_layer,-41.889859676361084,1,10317.0,97871.0,1.0,120.84
cross_layer,-41.889859676361084,2,10321.0,97871.0,0.0,119.1
cross_layer,-41.889859676361084,3,10221.0,97871.0,1.0,119.83
cross_layer,-41.68985962867737,0,10317.0,97871.0,2.0,118.94
cross_layer,-41.68985962867737,1,10317.0,97871.0,2.0,120.85
cross_layer,-41.68985962867737,2,10321.0,97871.0,1.0,119.07
cross_layer,-41.68985962867737,3,10221.0,97871.0,1.0,119.86
cross_layer,-41.48985958099365,0,10317.0,97871.0,1.0,118.98
cross_layer,-41.48985958099365,1,10317.0,97871.0,6.0,120.85
cross_layer,-41.48985958099365,2,10321.0,97871.0,1.0,119.06
cross_layer,-41.48985958099365,3,10221.0,97871.0,2.0,119.88
cross_layer,-41.28985953330994,0,10317.0,97871.0,0.0,118.95
cross_layer,-41.288859605789185,1,10317.0,97871.0,0.0,120.88
cross_layer,-41.288859605789185,2,10321.0,97871.0,1.0,119.04
cross_layer,-41.288859605789185,3,10221.0,97871.0,1.0,119.89
cross_layer,-41.08885955810547,0,10317.0,97871.0,0.0,118.93
cross_layer,-41.08885955810547,1,10317.0,97871.0,0.0,120.92
cross_layer,-41.08885955810547,2,10321.0,97871.0,1.0,119.03
cross_layer,-41.08885955810547,3,10221.0,97871.0,1.0,119.86
cross_layer,-40.88885951042175,0,10317.0,97871.0,0.0,118.93
cross_layer,-40.88885951042175,1,10317.0,97871.0,0.0,120.93
cross_layer,-40.88885951042175,2,10321.0,97871.0,1.0,119.04
cross_layer,-40.88885951042175,3,10221.0,97871.0,1.0,119.88
cross_layer,-40.688859701156616,0,10317.0,97871.0,0.0,118.93
cross_layer,-40.687859535217285,1,10317.0,97871.0,0.0,120.94
cross_layer,-40.687859535217285,2,10321.0,97871.0,1.0,119.05
cross_layer,-40.687859535217285,3,10221.0,97871.0,1.0,119.9
cross_layer,-40.48785972595215,0,10317.0,97871.0,1.0,118.89
cross_layer,-40.48785972595215,1,10317.0,97871.0,0.0,120.97
cross_layer,-40.48785972595215,2,10321.0,97871.0,3.0,119.09
cross_layer,-40.48785972595215,3,10221.0,97871.0,1.0,119.94
cross_layer,-40.28785967826843,0,10317.0,97871.0,1.0,118.91
cross_layer,-40.28785967826843,1,10317.0,97871.0,0.0,120.97
cross_layer,-40.28785967826843,2,10321.0,97871.0,0.0,119.11
cross_layer,-40.28785967826843,3,10221.0,97871.0,1.0,119.85
cross_layer,-40.08785963058472,0,10317.0,97871.0,1.0,118.9
cross_layer,-40.086859703063965,1,10317.0,97871.0,0.0,120.96
cross_layer,-40.086859703063965,2,10321.0,97871.0,0.0,119.11
cross_layer,-40.086859703063965,3,10221.0,97871.0,1.0,119.87
cross_layer,-39.88685965538025,0,10317.0,97871.0,1.0,118.88
cross_layer,-39.88685965538025,1,10317.0,97871.0,0.0,120.95
cross_layer,-39.88685965538025,2,10321.0,97871.0,0.0,119.11
cross_layer,-39.88685965538025,3,10221.0,97871.0,1.0,119.89
cross_layer,-39.68685960769653,0,10317.0,97871.0,1.0,118.88
cross_layer,-39.68685960769653,1,10317.0,97871.0,0.0,120.93
cross_layer,-39.68685960769653,2,10321.0,97871.0,0.0,119.1
cross_layer,-39.68685960769653,3,10221.0,97871.0,0.0,119.9
cross_layer,-39.48685956001282,0,10317.0,97871.0,3.0,118.9
cross_layer,-39.485859632492065,1,10317.0,97871.0,0.0,120.91
cross_layer,-39.485859632492065,2,10321.0,97871.0,1.0,119.07
cross_layer,-39.485859632492065,3,10221.0,97871.0,0.0,119.85
cross_layer,-39.28585958480835,0,10317.0,97871.0,1.0,118.89
cross_layer,-39.28585958480835,1,10317.0,97871.0,0.0,120.9
cross_layer,-39.28585958480835,2,10321.0,97871.0,1.0,119.06
cross_layer,-39.28585958480835,3,10221.0,97871.0,0.0,119.91
cross_layer,-39.085859537124634,0,10317.0,97871.0,0.0,118.88
cross_layer,-39.085859537124634,1,10317.0,97871.0,0.0,120.92
cross_layer,-39.085859537124634,2,10321.0,97871.0,1.0,119.04
cross_layer,-39.085859537124634,3,10221.0,97871.0,0.0,119.94
cross_layer,-38.88585948944092,0,10317.0,97871.0,0.0,118.93
cross_layer,-38.884859561920166,1,10317.0,97871.0,0.0,120.93
cross_layer,-38.884859561920166,2,10321.0,97871.0,1.0,119.06
cross_layer,-38.884859561920166,3,10221.0,97871.0,0.0,119.94
cross_layer,-38.68485951423645,0,10317.0,97871.0,0.0,118.93
cross_layer,-38.68485951423645,1,10317.0,97871.0,0.0,120.95
cross_layer,-38.68485951423645,2,10321.0,97871.0,1.0,119.07
cross_layer,-38.68485951423645,3,10221.0,97871.0,0.0,119.89
cross_layer,-38.48485970497131,0,10317.0,97871.0,1.0,118.89
cross_layer,-38.48485970497131,1,10317.0,97871.0,0.0,120.96
cross_layer,-38.48485970497131,2,10321.0,97871.0,1.0,119.07
cross_layer,-38.48485970497131,3,10221.0,97871.0,0.0,119.96
cross_layer,-38.2848596572876,0,10317.0,97871.0,1.0,118.91
cross_layer,-38.2848596572876,1,10317.0,97871.0,0.0,120.96
cross_layer,-38.28385949134827,2,10321.0,97871.0,1.0,119.06
cross_layer,-38.28385949134827,3,10221.0,97871.0,0.0,120.0
cross_layer,-38.08385968208313,0,10317.0,97871.0,1.0,118.91
cross_layer,-38.08385968208313,1,10317.0,97871.0,0.0,120.94
cross_layer,-38.08385968208313,2,10321.0,97871.0,1.0,119.06
cross_layer,-38.08385968208313,3,10221.0,97871.0,0.0,120.02
cross_layer,-37.883859634399414,0,10317.0,97871.0,1.0,118.88
cross_layer,-37.883859634399414,1,10317.0,97871.0,0.0,120.94
cross_layer,-37.883859634399414,2,10321.0,97871.0,0.0,119.04
cross_layer,-37.883859634399414,3,10221.0,97871.0,0.0,120.0
cross_layer,-37.6838595867157,0,10317.0,97871.0,1.0,118.9
cross_layer,-37.6838595867157,1,10317.0,97871.0,0.0,120.92
cross_layer,-37.6838595867157,2,10321.0,97871.0,0.0,119.02
cross_layer,-37.6838595867157,3,10221.0,97871.0,0.0,120.07
cross_layer,-37.48285961151123,0,10317.0,97871.0,1.0,118.94
cross_layer,-37.48285961151123,1,10317.0,97871.0,0.0,120.93
cross_layer,-37.48285961151123,2,10321.0,97871.0,0.0,119.01
cross_layer,-37.48285961151123,3,10221.0,97871.0,0.0,120.08
cross_layer,-37.282859563827515,0,10317.0,97871.0,1.0,118.89
cross_layer,-37.282859563827515,1,10317.0,97871.0,0.0,120.91
cross_layer,-37.282859563827515,2,10321.0,97871.0,0.0,119.04
cross_layer,-37.282859563827515,3,10221.0,97871.0,0.0,120.07
cross_layer,-37.0828595161438,0,10317.0,97871.0,1.0,118.92
cross_layer,-37.0828595161438,1,10317.0,97871.0,0.0,120.95
cross_layer,-37.0828595161438,2,10321.0,97871.0,1.0,119.02
cross_layer,-37.0828595161438,3,10221.0,97871.0,0.0,120.02
cross_layer,-36.88185954093933,0,10317.0,97871.0,2.0,118.94
cross_layer,-36.88185954093933,1,10317.0,97871.0,0.0,120.94
cross_layer,-36.88185954093933,2,10321.0,97871.0,1.0,119.04
cross_layer,-36.88185954093933,3,10221.0,97871.0,0.0,120.09
cross_layer,-36.681859493255615,0,10317.0,97871.0,0.0,118.9
cross_layer,-36.681859493255615,1,10317.0,97871.0,0.0,120.97
cross_layer,-36.681859493255615,2,10321.0,97871.0,1.0,119.05
cross_layer,-36.681859493255615,3,10221.0,97871.0,0.0,120.1
cross_layer,-36.48185968399048,0,10317.0,97871.0,1.0,118.88
cross_layer,-36.48185968399048,1,10317.0,97871.0,0.0,120.97
cross_layer,-36.48185968399048,2,10321.0,97871.0,2.0,119.09
cross_layer,-36.48185968399048,3,10221.0,97871.0,0.0,120.06
cross_layer,-36.28085970878601,0,10317.0,97871.0,1.0,118.94
cross_layer,-36.28085970878601,1,10317.0,97871.0,0.0,121.0
cross_layer,-36.28085970878601,2,10321.0,97871.0,1.0,119.06
cross_layer,-36.28085970878601,3,10221.0,97871.0,0.0,120.04
cross_layer,-36.080859661102295,0,10317.0,97871.0,1.0,118.92
cross_layer,-36.080859661102295,1,10317.0,97871.0,0.0,121.02
cross_layer,-36.080859661102295,2,10321.0,97871.0,1.0,119.06
cross_layer,-36.080859661102295,3,10221.0,97871.0,0.0,120.07
cross_layer,-35.88085961341858,0,10317.0,97871.0,1.0,118.9
cross_layer,-35.88085961341858,1,10317.0,97871.0,0.0,121.01
cross_layer,-35.88085961341858,2,10321.0,97871.0,1.0,119.04
cross_layer,-35.88085961341858,3,10221.0,97871.0,0.0,120.03
cross_layer,-35.67985963821411,0,10317.0,97871.0,1.0,118.94
cross_layer,-35.67985963821411,1,10317.0,97871.0,0.0,121.0
cross_layer,-35.67985963821411,2,10321.0,97871.0,1.0,119.02
cross_layer,-35.67985963821411,3,10221.0,97871.0,0.0,119.95
cross_layer,-35.479859590530396,0,10317.0,97871.0,1.0,118.98
cross_layer,-35.479859590530396,1,10317.0,97871.0,0.0,120.99
cross_layer,-35.479859590530396,2,10321.0,97871.0,1.0,119.0
cross_layer,-35.479859590530396,3,10221.0,97871.0,0.0,119.97
cross_layer,-35.27985954284668,0,10317.0,97871.0,1.0,118.96
cross_layer,-35.27985954284668,1,10317.0,97871.0,0.0,120.99
cross_layer,-35.27985954284668,2,10321.0,97871.0,1.0,119.01
cross_layer,-35.27985954284668,3,10221.0,97871.0,0.0,119.98
cross_layer,-35.079859495162964,0,10317.0,97871.0,1.0,118.96
cross_layer,-35.07885956764221,1,10317.0,97871.0,0.0,120.97
cross_layer,-35.07885956764221,2,10321.0,97871.0,1.0,119.04
cross_layer,-35.07885956764221,3,10221.0,97871.0,0.0,119.99
cross_layer,-34.878859519958496,0,10317.0,97871.0,1.0,118.96
cross_layer,-34.878859519958496,1,10317.0,97871.0,0.0,121.0
cross_layer,-34.878859519958496,2,10321.0,97871.0,1.0,119.08
cross_layer,-34.878859519958496,3,10221.0,97871.0,0.0,119.92
cross_layer,-34.67885971069336,0,10317.0,97871.0,1.0,118.94
cross_layer,-34.67885971069336,1,10317.0,97871.0,0.0,120.99
cross_layer,-34.67885971069336,2,10321.0,97871.0,1.0,119.11
cross_layer,-34.67885971069336,3,10221.0,97871.0,0.0,119.99
cross_layer,-34.478859663009644,0,10317.0,97871.0,1.0,118.94
cross_layer,-34.47785949707031,1,10317.0,97871.0,0.0,121.0
cross_layer,-34.47785949707031,2,10321.0,97871.0,1.0,119.13
cross_layer,-34.47785949707031,3,10221.0,97871.0,0.0,120.0
cross_layer,-34.277859687805176,0,10317.0,97871.0,0.0,118.99
cross_layer,-34.277859687805176,1,10317.0,97871.0,0.0,121.0
cross_layer,-34.277859687805176,2,10321.0,97871.0,1.0,119.14
cross_layer,-34.277859687805176,3,10221.0,97871.0,0.0,120.03
cross_layer,-34.07785964012146,0,10317.0,97871.0,0.0,119.0
cross_layer,-34.07785964012146,1,10317.0,97871.0,0.0,120.99
cross_layer,-34.07785964012146,2,10321.0,97871.0,0.0,119.16
cross_layer,-34.07785964012146,3,10221.0,97871.0,0.0,119.99
cross_layer,-33.877859592437744,0,10317.0,97871.0,0.0,119.0
cross_layer,-33.87685966491699,1,10317.0,97871.0,0.0,120.98
cross_layer,-33.87685966491699,2,10321.0,97871.0,0.0,119.17
cross_layer,-33.87685966491699,3,10221.0,97871.0,0.0,120.0
cross_layer,-33.676859617233276,0,10317.0,97871.0,0.0,119.04
cross_layer,-33.676859617233276,1,10317.0,97871.0,0.0,120.97
cross_layer,-33.676859617233276,2,10321.0,97871.0,0.0,119.15
cross_layer,-33.676859617233276,3,10221.0,97871.0,0.0,120.03
cross_layer,-33.47685956954956,0,10317.0,97871.0,0.0,119.08
cross_layer,-33.47685956954956,1,10317.0,97871.0,0.0,120.97
cross_layer,-33.47685956954956,2,10321.0,97871.0,0.0,119.13
cross_layer,-33.47685956954956,3,10221.0,97871.0,0.0,120.06
cross_layer,-33.276859521865845,0,10317.0,97871.0,0.0,119.03
cross_layer,-33.27585959434509,1,10317.0,97871.0,0.0,120.97
cross_layer,-33.27585959434509,2,10321.0,97871.0,0.0,119.15
cross_layer,-33.27585959434509,3,10221.0,97871.0,0.0,120.0
cross_layer,-33.07585954666138,0,10317.0,97871.0,0.0,119.04
cross_layer,-33.07585954666138,1,10317.0,97871.0,0.0,120.98
cross_layer,-33.07585954666138,2,10321.0,97871.0,0.0,119.14
cross_layer,-33.07585954666138,3,10221.0,97871.0,0.0,120.03
cross_layer,-32.87585949897766,0,10317.0,97871.0,0.0,119.09
cross_layer,-32.87585949897766,1,10317.0,97871.0,0.0,121.0
cross_layer,-32.87585949897766,2,10321.0,97871.0,0.0,119.16
cross_layer,-32.87585949897766,3,10221.0,97871.0,0.0,120.07
cross_layer,-32.675859689712524,0,10317.0,97871.0,0.0,119.09
cross_layer,-32.67485952377319,1,10317.0,97871.0,0.0,121.0
cross_layer,-32.67485952377319,2,10321.0,97871.0,0.0,119.17
cross_layer,-32.67485952377319,3,10221.0,97871.0,0.0,120.06
cross_layer,-32.47485971450806,0,10317.0,97871.0,0.0,119.03
cross_layer,-32.47485971450806,1,10317.0,97871.0,0.0,121.01
cross_layer,-32.47485971450806,2,10321.0,97871.0,0.0,119.19
cross_layer,-32.47485971450806,3,10221.0,97871.0,0.0,119.98
cross_layer,-32.27485966682434,0,10317.0,97871.0,0.0,119.08
cross_layer,-32.27485966682434,1,10317.0,97871.0,0.0,121.01
cross_layer,-32.27485966682434,2,10321.0,97871.0,0.0,119.18
cross_layer,-32.27485966682434,3,10221.0,97871.0,0.0,120.03
cross_layer,-32.074859619140625,0,10317.0,97871.0,0.0,119.07
cross_layer,-32.07385969161987,1,10317.0,97871.0,0.0,121.02
cross_layer,-32.07385969161987,2,10321.0,97871.0,0.0,119.18
cross_layer,-32.07385969161987,3,10221.0,97871.0,0.0,120.04
cross_layer,-31.873859643936157,0,10317.0,97871.0,0.0,119.04
cross_layer,-31.873859643936157,1,10317.0,97871.0,0.0,121.02
cross_layer,-31.873859643936157,2,10321.0,97871.0,0.0,119.19
cross_layer,-31.873859643936157,3,10221.0,97871.0,0.0,120.05
cross_layer,-31.67385959625244,0,10317.0,97871.0,0.0,119.08
cross_layer,-31.67385959625244,1,10317.0,97871.0,0.0,121.04
cross_layer,-31.67385959625244,2,10321.0,97871.0,0.0,119.2
cross_layer,-31.67385959625244,3,10221.0,97871.0,0.0,119.97
cross_layer,-31.472859621047974,0,10317.0,97871.0,0.0,119.15
cross_layer,-31.472859621047974,1,10317.0,97871.0,0.0,121.01
cross_layer,-31.472859621047974,2,10321.0,97871.0,0.0,119.2
cross_layer,-31.472859621047974,3,10221.0,97871.0,0.0,120.05
cross_layer,-31.272859573364258,0,10317.0,97871.0,0.0,119.11
cross_layer,-31.272859573364258,1,10317.0,97871.0,0.0,121.0
cross_layer,-31.272859573364258,2,10321.0,97871.0,0.0,119.2
cross_layer,-31.272859573364258,3,10221.0,97871.0,0.0,120.02
cross_layer,-31.072859525680542,0,10317.0,97871.0,0.0,119.07
cross_layer,-31.072859525680542,1,10317.0,97871.0,0.0,121.0
cross_layer,-31.072859525680542,2,10321.0,97871.0,0.0,119.23
cross_layer,-31.072859525680542,3,10221.0,97871.0,0.0,120.01
cross_layer,-30.871859550476074,0,10317.0,97871.0,0.0,119.11
cross_layer,-30.871859550476074,1,10317.0,97871.0,0.0,121.0
cross_layer,-30.871859550476074,2,10321.0,97871.0,0.0,119.22
cross_layer,-30.871859550476074,3,10221.0,97871.0,0.0,119.98
cross_layer,-30.67185950279236,0,10317.0,97871.0,0.0,119.07
cross_layer,-30.67185950279236,1,10317.0,97871.0,0.0,121.0
cross_layer,-30.67185950279236,2,10321.0,97871.0,0.0,119.23
cross_layer,-30.67185950279236,3,10221.0,97871.0,0.0,120.03
cross_layer,-30.47185969352722,0,10317.0,97871.0,0.0,119.03
cross_layer,-30.47185969352722,1,10317.0,97871.0,0.0,121.02
cross_layer,-30.47185969352722,2,10321.0,97871.0,0.0,119.24
cross_layer,-30.47185969352722,3,10221.0,97871.0,0.0,120.04
cross_layer,-30.270859718322754,0,10317.0,97871.0,0.0,119.06
cross_layer,-30.270859718322754,1,10317.0,97871.0,0.0,121.06
cross_layer,-30.270859718322754,2,10321.0,97871.0,0.0,119.24
cross_layer,-30.270859718322754,3,10221.0,97871.0,0.0,120.01
cross_layer,-30.070859670639038,0,10317.0,97871.0,0.0,119.1
cross_layer,-30.070859670639038,1,10317.0,97871.0,0.0,121.05
cross_layer,-30.070859670639038,2,10321.0,97871.0,0.0,119.22
cross_layer,-30.070859670639038,3,10221.0,97871.0,0.0,119.99
cross_layer,-29.870859622955322,0,10317.0,97871.0,0.0,119.05
cross_layer,-29.870859622955322,1,10317.0,97871.0,0.0,121.06
cross_layer,-29.870859622955322,2,10321.0,97871.0,0.0,119.21
cross_layer,-29.870859622955322,3,10221.0,97871.0,0.0,120.03
cross_layer,-29.669859647750854,0,10317.0,97871.0,0.0,119.09
cross_layer,-29.669859647750854,1,10317.0,97871.0,0.0,121.06
cross_layer,-29.669859647750854,2,10321.0,97871.0,0.0,119.22
cross_layer,-29.669859647750854,3,10221.0,97871.0,0.0,120.05
cross_layer,-29.46985960006714,0,10317.0,97871.0,0.0,119.09
cross_layer,-29.46985960006714,1,10317.0,97871.0,0.0,121.05
cross_layer,-29.46985960006714,2,10321.0,97871.0,0.0,119.21
cross_layer,-29.46985960006714,3,10221.0,97871.0,0.0,119.98
cross_layer,-29.269859552383423,0,10317.0,97871.0,0.0,119.07
cross_layer,-29.269859552383423,1,10317.0,97871.0,0.0,121.02
cross_layer,-29.269859552383423,2,10321.0,97871.0,0.0,119.2
cross_layer,-29.269859552383423,3,10221.0,97871.0,0.0,119.98
cross_layer,-29.069859504699707,0,10317.0,97871.0,0.0,119.09
cross_layer,-29.068859577178955,1,10317.0,97871.0,0.0,121.02
cross_layer,-29.068859577178955,2,10321.0,97871.0,0.0,119.21
cross_layer,-29.068859577178955,3,10221.0,97871.0,0.0,120.04
cross_layer,-28.86885952949524,0,10317.0,97871.0,0.0,119.15
cross_layer,-28.86885952949524,1,10317.0,97871.0,0.0,121.02
cross_layer,-28.86885952949524,2,10321.0,97871.0,0.0,119.23
cross_layer,-28.86885952949524,3,10221.0,97871.0,0.0,120.05
cross_layer,-28.668859720230103,0,10317.0,97871.0,0.0,119.11
cross_layer,-28.668859720230103,1,10459.0,97871.0,0.0,121.02
cross_layer,-28.668859720230103,2,10321.0,97871.0,0.0,119.25
cross_layer,-28.668859720230103,3,10221.0,97871.0,0.0,119.98
cross_layer,-28.468859672546387,0,10317.0,97871.0,0.0,119.1
cross_layer,-28.467859506607056,1,11309.0,97871.0,4.0,121.63
cross_layer,-28.467859506607056,2,10321.0,97871.0,0.0,119.26
cross_layer,-28.467859506607056,3,10221.0,97871.0,0.0,119.99
cross_layer,-28.26785969734192,0,10317.0,97871.0,0.0,119.1
cross_layer,-28.26785969734192,1,11309.0,97871.0,0.0,121.67
cross_layer,-28.26785969734192,2,10321.0,97871.0,0.0,119.3
cross_layer,-28.26785969734192,3,10221.0,97871.0,0.0,120.04
cross_layer,-28.067859649658203,0,10317.0,97871.0,0.0,119.08
cross_layer,-28.067859649658203,1,11309.0,97871.0,0.0,121.64
cross_layer,-28.067859649658203,2,10321.0,97871.0,0.0,119.32
cross_layer,-28.067859649658203,3,10221.0,97871.0,0.0,120.04
cross_layer,-27.867859601974487,0,10317.0,97871.0,0.0,119.02
cross_layer,-27.866859674453735,1,11311.0,97871.0,0.0,121.6
cross_layer,-27.866859674453735,2,10321.0,97871.0,0.0,119.28
cross_layer,-27.866859674453735,3,10569.0,97871.0,0.0,120.0
cross_layer,-27.66685962677002,0,10665.0,97871.0,3.0,120.11
cross_layer,-27.66685962677002,1,11311.0,97871.0,100.0,129.28
cross_layer,-27.66685962677002,2,10669.0,97871.0,3.0,120.74
cross_layer,-27.66685962677002,3,11213.0,97871.0,3.0,121.62
cross_layer,-27.466859579086304,0,11309.0,97871.0,4.0,121.3
cross_layer,-27.466859579086304,1,11311.0,97871.0,100.0,129.32
cross_layer,-27.466859579086304,2,11313.0,97871.0,2.0,121.61
cross_layer,-27.466859579086304,3,11213.0,97871.0,4.0,121.62
cross_layer,-27.266859531402588,0,11309.0,97871.0,0.0,121.26
cross_layer,-27.266859531402588,1,11311.0,97871.0,100.0,129.75
cross_layer,-27.265859603881836,2,11313.0,97871.0,0.0,121.57
cross_layer,-27.265859603881836,3,11213.0,97871.0,0.0,121.62
cross_layer,-27.06585955619812,0,11309.0,97871.0,0.0,121.29
cross_layer,-27.06585955619812,1,11311.0,97871.0,100.0,130.25
cross_layer,-27.06585955619812,2,11313.0,97871.0,0.0,121.63
cross_layer,-27.06585955619812,3,11213.0,97871.0,0.0,121.54
cross_layer,-26.865859508514404,0,11309.0,97871.0,0.0,121.54
cross_layer,-26.865859508514404,1,11311.0,97871.0,100.0,130.55
cross_layer,-26.865859508514404,2,11313.0,97871.0,0.0,121.84
cross_layer,-26.865859508514404,3,11215.0,97871.0,0.0,126.36
cross_layer,-26.665859699249268,0,11419.0,97871.0,47.0,127.03
cross_layer,-26.665859699249268,1,11419.0,97871.0,100.0,124.58
cross_layer,-26.665859699249268,2,11423.0,97871.0,59.0,127.94
cross_layer,-26.665859699249268,3,11323.0,97871.0,69.0,128.38
cross_layer,-26.46585965156555,0,11419.0,97871.0,100.0,162.16
cross_layer,-26.4648597240448,1,11419.0,97871.0,100.0,160.21
cross_layer,-26.4648597240448,2,11423.0,97871.0,100.0,161.78
cross_layer,-26.4648597240448,3,11323.0,97871.0,96.0,161.17
cross_layer,-26.264859676361084,0,14107.0,97871.0,96.0,198.42
cross_layer,-26.264859676361084,1,14107.0,97871.0,100.0,195.97
cross_layer,-26.264859676361084,2,14111.0,97871.0,100.0,198.89
cross_layer,-26.264859676361084,3,14011.0,97871.0,100.0,196.68
cross_layer,-26.064859628677368,0,14107.0,97871.0,100.0,235.09
cross_layer,-26.064859628677368,1,14107.0,97871.0,100.0,232.44
cross_layer,-26.064859628677368,2,14111.0,97871.0,100.0,232.68
cross_layer,-26.064859628677368,3,14011.0,97871.0,97.0,232.83
cross_layer,-25.864859580993652,0,14107.0,97871.0,100.0,268.62
cross_layer,-25.864859580993652,1,14107.0,97871.0,100.0,271.86
cross_layer,-25.864859580993652,2,14111.0,97871.0,100.0,269.27
cross_layer,-25.8638596534729,3,14011.0,97871.0,100.0,267.92
cross_layer,-25.663859605789185,0,14107.0,97871.0,100.0,300.98
cross_layer,-25.663859605789185,1,14107.0,97871.0,100.0,307.62
cross_layer,-25.663859605789185,2,14111.0,97871.0,100.0,298.73
cross_layer,-25.663859605789185,3,14011.0,97871.0,100.0,301.91
cross_layer,-25.46385955810547,0,14107.0,97871.0,100.0,301.02
cross_layer,-25.46385955810547,1,14107.0,97871.0,100.0,308.97
cross_layer,-25.46385955810547,2,14111.0,97871.0,100.0,302.3
cross_layer,-25.46385955810547,3,14011.0,97871.0,100.0,306.44
cross_layer,-25.263859510421753,0,14811.0,97871.0,100.0,294.79
cross_layer,-25.263859510421753,1,14619.0,97871.0,71.0,302.95
cross_layer,-25.263859510421753,2,14815.0,97871.0,95.0,296.68
cross_layer,-25.263859510421753,3,14523.0,97871.0,100.0,301.84
cross_layer,-25.062859535217285,0,14813.0,97871.0,100.0,288.1
cross_layer,-25.062859535217285,1,14621.0,97871.0,100.0,296.41
cross_layer,-25.062859535217285,2,14817.0,97871.0,100.0,292.33
cross_layer,-25.062859535217285,3,14525.0,97871.0,100.0,295.07
cross_layer,-24.86285972595215,0,15347.0,97871.0,1.0,262.11
cross_layer,-24.861859560012817,1,15141.0,97871.0,3.0,265.7
cross_layer,-24.861859560012817,2,15351.0,97871.0,1.0,260.62
cross_layer,-24.861859560012817,3,15059.0,97871.0,100.0,270.61
cross_layer,-24.6618595123291,0,15347.0,97871.0,0.0,226.23
cross_layer,-24.66085958480835,1,15155.0,97871.0,0.0,228.43
cross_layer,-24.658859491348267,2,15351.0,97871.0,0.0,224.62
cross_layer,-24.657859563827515,3,15059.0,97871.0,1.0,234.02
cross_layer,-24.4578595161438,0,20991.0,97871.0,22.0,195.01
cross_layer,-24.4578595161438,1,20799.0,97871.0,23.0,199.14
cross_layer,-24.4578595161438,2,20995.0,97871.0,22.0,193.48
cross_layer,-24.4578595161438,3,20703.0,97871.0,0.0,198.88
cross_layer,-24.257859706878662,0,20991.0,97871.0,0.0,171.01
cross_layer,-24.257859706878662,1,20799.0,97871.0,0.0,170.63
cross_layer,-24.257859706878662,2,20995.0,97871.0,0.0,166.77
cross_layer,-24.257859706878662,3,20703.0,97871.0,21.0,172.49
cross_layer,-24.057859659194946,0,20991.0,97871.0,20.0,143.89
cross_layer,-24.057859659194946,1,20799.0,97871.0,52.0,141.4
cross_layer,-24.056859493255615,2,20995.0,97871.0,5.0,140.71
cross_layer,-24.056859493255615,3,20703.0,97871.0,0.0,142.63
cross_layer,-23.85685968399048,0,20991.0,97871.0,100.0,161.09
cross_layer,-23.85685968399048,1,20799.0,97871.0,100.0,165.47
cross_layer,-23.85685968399048,2,20995.0,97871.0,100.0,168.14
cross_layer,-23.85685968399048,3,20703.0,97871.0,25.0,160.51
cross_layer,-23.656859636306763,0,22773.0,97871.0,87.0,186.73
cross_layer,-23.656859636306763,1,23769.0,97871.0,48.0,189.94
cross_layer,-23.656859636306763,2,22777.0,97871.0,87.0,193.46
cross_layer,-23.656859636306763,3,23673.0,97871.0,100.0,189.06
cross_layer,-23.456859588623047,0,22773.0,97871.0,0.0,191.15
cross_layer,-23.456859588623047,1,23769.0,97871.0,0.0,195.4
cross_layer,-23.456859588623047,2,22777.0,97871.0,0.0,193.64
cross_layer,-23.456859588623047,3,23673.0,97871.0,89.0,199.99
cross_layer,-23.25585961341858,0,22773.0,97871.0,0.0,186.58
cross_layer,-23.25585961341858,1,23769.0,97871.0,0.0,193.01
cross_layer,-23.25585961341858,2,22777.0,97871.0,0.0,191.82
cross_layer,-23.25585961341858,3,23673.0,97871.0,0.0,192.5
cross_layer,-23.055859565734863,0,22773.0,97871.0,0.0,185.57
cross_layer,-23.055859565734863,1,23769.0,97871.0,0.0,191.3
cross_layer,-23.055859565734863,2,22777.0,97871.0,0.0,187.17
cross_layer,-23.055859565734863,3,23673.0,97871.0,0.0,192.54
cross_layer,-22.855859518051147,0,22773.0,97871.0,0.0,155.76
cross_layer,-22.855859518051147,1,23769.0,97871.0,0.0,160.9
cross_layer,-22.855859518051147,2,22777.0,97871.0,0.0,156.3
cross_layer,-22.855859518051147,3,23673.0,97871.0,0.0,163.41
cross_layer,-22.65485954284668,0,22773.0,97871.0,0.0,131.24
cross_layer,-22.65485954284668,1,23769.0,97871.0,0.0,132.16
cross_layer,-22.65485954284668,2,22777.0,97871.0,0.0,130.85
cross_layer,-22.65485954284668,3,23673.0,97871.0,0.0,134.97
cross_layer,-22.454859495162964,0,22773.0,97871.0,0.0,119.51
cross_layer,-22.454859495162964,1,23769.0,97871.0,0.0,121.54
cross_layer,-22.454859495162964,2,22777.0,97871.0,0.0,119.93
cross_layer,-22.454859495162964,3,23673.0,97871.0,0.0,120.45
cross_layer,-22.254859685897827,0,22773.0,97871.0,0.0,119.51
cross_layer,-22.254859685897827,1,23769.0,97871.0,0.0,121.47
cross_layer,-22.254859685897827,2,22777.0,97871.0,0.0,119.82
cross_layer,-22.254859685897827,3,23673.0,97871.0,0.0,120.42
cross_layer,-22.05385971069336,0,22773.0,97871.0,0.0,119.47
cross_layer,-22.05385971069336,1,23769.0,97871.0,0.0,121.45
cross_layer,-22.05385971069336,2,22777.0,97871.0,0.0,119.74
cross_layer,-22.05385971069336,3,23673.0,97871.0,0.0,120.43
cross_layer,-21.853859663009644,0,22773.0,97871.0,0.0,119.43
cross_layer,-21.853859663009644,1,23769.0,97871.0,0.0,121.43
cross_layer,-21.853859663009644,2,22777.0,97871.0,0.0,119.65
cross_layer,-21.853859663009644,3,23673.0,97871.0,0.0,120.38
cross_layer,-21.653859615325928,0,22773.0,97871.0,0.0,119.43
cross_layer,-21.653859615325928,1,23769.0,97871.0,0.0,121.43
cross_layer,-21.653859615325928,2,22777.0,97871.0,0.0,119.61
cross_layer,-21.653859615325928,3,23673.0,97871.0,0.0,120.26
cross_layer,-21.453859567642212,0,22773.0,97871.0,0.0,119.4
cross_layer,-21.45285964012146,1,23769.0,97871.0,0.0,121.39
cross_layer,-21.45285964012146,2,22777.0,97871.0,0.0,119.57
cross_layer,-21.45285964012146,3,23673.0,97871.0,0.0,120.32
cross_layer,-21.252859592437744,0,22773.0,97871.0,0.0,119.37
cross_layer,-21.252859592437744,1,23769.0,97871.0,0.0,121.38
cross_layer,-21.252859592437744,2,22777.0,97871.0,0.0,119.55
cross_layer,-21.252859592437744,3,23673.0,97871.0,0.0,120.32
cross_layer,-21.05285954475403,0,22773.0,97871.0,0.0,119.33
cross_layer,-21.05285954475403,1,23769.0,97871.0,0.0,121.35
cross_layer,-21.05285954475403,2,22777.0,97871.0,0.0,119.56
cross_layer,-21.05285954475403,3,23673.0,97871.0,0.0,120.27
cross_layer,-20.852859497070312,0,22773.0,97871.0,0.0,119.37
cross_layer,-20.85185956954956,1,23769.0,97871.0,0.0,121.33
cross_layer,-20.85185956954956,2,22777.0,97871.0,0.0,119.57
cross_layer,-20.85185956954956,3,23673.0,97871.0,0.0,120.2
cross_layer,-20.651859521865845,0,22773.0,97871.0,0.0,119.34
cross_layer,-20.651859521865845,1,23769.0,97871.0,0.0,121.3
cross_layer,-20.651859521865845,2,22777.0,97871.0,0.0,119.55
cross_layer,-20.651859521865845,3,23673.0,97871.0,0.0,120.27
cross_layer,-20.451859712600708,0,22773.0,97871.0,0.0,119.32
cross_layer,-20.451859712600708,1,23769.0,97871.0,0.0,121.33
cross_layer,-20.451859712600708,2,22777.0,97871.0,0.0,119.52
cross_layer,-20.451859712600708,3,23673.0,97871.0,0.0,120.3
cross_layer,-20.251859664916992,0,22773.0,97871.0,0.0,119.33
cross_layer,-20.25085949897766,1,23769.0,97871.0,0.0,121.34
cross_layer,-20.25085949897766,2,22777.0,97871.0,0.0,119.52
cross_layer,-20.25085949897766,3,23673.0,97871.0,0.0,120.24
cross_layer,-20.050859689712524,0,22773.0,97871.0,0.0,119.33
cross_layer,-20.050859689712524,1,23769.0,97871.0,0.0,121.36
cross_layer,-20.050859689712524,2,22777.0,97871.0,0.0,119.51
cross_layer,-20.050859689712524,3,23673.0,97871.0,0.0,120.22
cross_layer,-19.85085964202881,0,22773.0,97871.0,0.0,119.31
cross_layer,-19.85085964202881,1,23769.0,97871.0,0.0,121.34
cross_layer,-19.85085964202881,2,22777.0,97871.0,0.0,119.5
cross_layer,-19.85085964202881,3,23673.0,97871.0,0.0,120.32
cross_layer,-19.650859594345093,0,22773.0,97871.0,0.0,119.35
cross_layer,-19.64985966682434,1,23769.0,97871.0,0.0,121.35
cross_layer,-19.64985966682434,2,22777.0,97871.0,0.0,119.5
cross_layer,-19.64985966682434,3,23673.0,97871.0,0.0,120.37
cross_layer,-19.449859619140625,0,22773.0,97871.0,0.0,119.32
cross_layer,-19.449859619140625,1,23769.0,97871.0,0.0,121.33
cross_layer,-19.449859619140625,2,22777.0,97871.0,0.0,119.54
cross_layer,-19.449859619140625,3,23673.0,97871.0,0.0,120.27
cross_layer,-19.24985957145691,0,22773.0,97871.0,0.0,119.3
cross_layer,-19.24985957145691,1,23769.0,97871.0,0.0,121.3
cross_layer,-19.24985957145691,2,22777.0,97871.0,0.0,119.52
cross_layer,-19.24985957145691,3,23673.0,97871.0,0.0,120.27
cross_layer,-19.049859523773193,0,22773.0,97871.0,0.0,119.31
cross_layer,-19.04885959625244,1,23769.0,97871.0,0.0,121.29
cross_layer,-19.04885959625244,2,22777.0,97871.0,0.0,119.52
cross_layer,-19.04885959625244,3,23673.0,97871.0,0.0,120.31
cross_layer,-18.848859548568726,0,22773.0,97871.0,0.0,119.29
cross_layer,-18.848859548568726,1,23769.0,97871.0,0.0,121.31
cross_layer,-18.848859548568726,2,22777.0,97871.0,0.0,119.53
cross_layer,-18.848859548568726,3,23673.0,97871.0,0.0,120.3
cross_layer,-18.64885950088501,0,22773.0,97871.0,0.0,119.26
cross_layer,-18.64885950088501,1,23769.0,97871.0,0.0,121.28
cross_layer,-18.64885950088501,2,22777.0,97871.0,0.0,119.51
cross_layer,-18.64885950088501,3,23673.0,97871.0,0.0,120.2
cross_layer,-18.448859691619873,0,22773.0,97871.0,0.0,119.33
cross_layer,-18.448859691619873,1,23769.0,97871.0,0.0,121.3
cross_layer,-18.447859525680542,2,22777.0,97871.0,0.0,119.5
cross_layer,-18.447859525680542,3,23673.0,97871.0,0.0,120.25
cross_layer,-18.247859716415405,0,22773.0,97871.0,0.0,119.35
cross_layer,-18.247859716415405,1,23769.0,97871.0,0.0,121.31
cross_layer,-18.247859716415405,2,22777.0,97871.0,0.0,119.47
cross_layer,-18.247859716415405,3,23673.0,97871.0,0.0,120.32
cross_layer,-18.04785966873169,0,22773.0,97871.0,0.0,119.33
cross_layer,-18.04785966873169,1,23769.0,97871.0,0.0,121.31
cross_layer,-18.04785966873169,2,22777.0,97871.0,0.0,119.48
cross_layer,-18.04785966873169,3,23673.0,97871.0,0.0,120.32
cross_layer,-17.847859621047974,0,22773.0,97871.0,0.0,119.35
cross_layer,-17.847859621047974,1,23769.0,97871.0,0.0,121.29
cross_layer,-17.847859621047974,2,22777.0,97871.0,0.0,119.48
cross_layer,-17.84685969352722,3,23673.0,97871.0,0.0,120.29
cross_layer,-17.646859645843506,0,22773.0,97871.0,0.0,119.37
cross_layer,-17.646859645843506,1,23769.0,97871.0,0.0,121.32
cross_layer,-17.646859645843506,2,22777.0,97871.0,0.0,119.5
cross_layer,-17.646859645843506,3,23673.0,97871.0,0.0,120.39
cross_layer,-17.44685959815979,0,22773.0,97871.0,0.0,119.31
cross_layer,-17.44685959815979,1,23769.0,97871.0,0.0,121.31
cross_layer,-17.44685959815979,2,22777.0,97871.0,0.0,119.52
cross_layer,-17.44685959815979,3,23673.0,97871.0,0.0,120.4
cross_layer,-17.246859550476074,0,22773.0,97871.0,0.0,119.31
cross_layer,-17.246859550476074,1,23769.0,97871.0,0.0,121.3
cross_layer,-17.245859622955322,2,22777.0,97871.0,0.0,119.52
cross_layer,-17.245859622955322,3,23673.0,97871.0,0.0,120.35
cross_layer,-17.045859575271606,0,22773.0,97871.0,0.0,119.33
cross_layer,-17.045859575271606,1,23769.0,97871.0,0.0,121.31
cross_layer,-17.045859575271606,2,22777.0,97871.0,0.0,119.53
cross_layer,-17.045859575271606,3,23673.0,97871.0,0.0,120.26
cross_layer,-16.84585952758789,0,22773.0,97871.0,0.0,119.32
cross_layer,-16.84585952758789,1,23769.0,97871.0,0.0,121.31
cross_layer,-16.84585952758789,2,22777.0,97871.0,0.0,119.54
cross_layer,-16.84585952758789,3,23673.0,97871.0,0.0,120.28
cross_layer,-16.645859718322754,0,22773.0,97871.0,0.0,119.31
cross_layer,-16.645859718322754,1,23769.0,97871.0,0.0,121.28
cross_layer,-16.644859552383423,2,22777.0,97871.0,0.0,119.55
cross_layer,-16.644859552383423,3,23673.0,97871.0,0.0,120.23
cross_layer,-16.444859504699707,0,22773.0,97871.0,0.0,119.34
cross_layer,-16.444859504699707,1,23769.0,97871.0,0.0,121.29
cross_layer,-16.444859504699707,2,22777.0,97871.0,0.0,119.57
cross_layer,-16.444859504699707,3,23673.0,97871.0,0.0,120.19
cross_layer,-16.24485969543457,0,22773.0,97871.0,0.0,119.33
cross_layer,-16.24485969543457,1,23769.0,97871.0,0.0,121.29
cross_layer,-16.24485969543457,2,22777.0,97871.0,0.0,119.55
cross_layer,-16.24485969543457,3,23673.0,97871.0,0.0,120.18
cross_layer,-16.044859647750854,0,22773.0,97871.0,0.0,119.29
cross_layer,-16.044859647750854,1,23769.0,97871.0,0.0,121.29
cross_layer,-16.044859647750854,2,22777.0,97871.0,0.0,119.53
cross_layer,-16.043859720230103,3,23673.0,97871.0,0.0,120.24
cross_layer,-15.843859672546387,0,22773.0,97871.0,0.0,119.3
cross_layer,-15.843859672546387,1,23769.0,97871.0,0.0,121.27
cross_layer,-15.843859672546387,2,22777.0,97871.0,0.0,119.5
cross_layer,-15.843859672546387,3,23673.0,97871.0,0.0,120.26
cross_layer,-15.643859624862671,0,22773.0,97871.0,0.0,119.3
cross_layer,-15.643859624862671,1,23769.0,97871.0,0.0,121.29
cross_layer,-15.643859624862671,2,22777.0,97871.0,0.0,119.49
cross_layer,-15.643859624862671,3,23673.0,97871.0,0.0,120.19
cross_layer,-15.443859577178955,0,22773.0,97871.0,0.0,119.23
cross_layer,-15.443859577178955,1,23769.0,97871.0,0.0,121.28
cross_layer,-15.443859577178955,2,22777.0,97871.0,0.0,119.47
cross_layer,-15.443859577178955,3,23673.0,97871.0,0.0,120.2
cross_layer,-15.242859601974487,0,22773.0,97871.0,0.0,119.2
cross_layer,-15.242859601974487,1,23769.0,97871.0,0.0,121.29
cross_layer,-15.242859601974487,2,22777.0,97871.0,0.0,119.46
cross_layer,-15.242859601974487,3,23673.0,97871.0,0.0,120.21
cross_layer,-15.042859554290771,0,22773.0,97871.0,0.0,119.24
cross_layer,-15.042859554290771,1,23769.0,97871.0,0.0,121.28
cross_layer,-15.042859554290771,2,22777.0,97871.0,0.0,119.5
cross_layer,-15.042859554290771,3,23673.0,97871.0,0.0,120.2
cross_layer,-14.842859506607056,0,22773.0,97871.0,0.0,119.22
cross_layer,-14.842859506607056,1,23769.0,97871.0,0.0,121.28
cross_layer,-14.842859506607056,2,22777.0,97871.0,0.0,119.47
cross_layer,-14.842859506607056,3,23673.0,97871.0,0.0,120.12
cross_layer,-14.641859531402588,0,22773.0,97871.0,0.0,119.19
cross_layer,-14.641859531402588,1,23769.0,97871.0,0.0,121.25
cross_layer,-14.641859531402588,2,22777.0,97871.0,0.0,119.46
cross_layer,-14.641859531402588,3,23673.0,97871.0,0.0,120.16
cross_layer,-14.441859722137451,0,22773.0,97871.0,0.0,119.23
cross_layer,-14.441859722137451,1,23769.0,97871.0,0.0,121.26
cross_layer,-14.441859722137451,2,22777.0,97871.0,0.0,119.45
cross_layer,-14.441859722137451,3,23673.0,97871.0,0.0,120.22
cross_layer,-14.241859674453735,0,22773.0,97871.0,0.0,119.24
cross_layer,-14.241859674453735,1,23769.0,97871.0,0.0,121.24
cross_layer,-14.241859674453735,2,22777.0,97871.0,0.0,119.47
cross_layer,-14.241859674453735,3,23673.0,97871.0,0.0,120.24
cross_layer,-14.040859699249268,0,22773.0,97871.0,0.0,119.17
cross_layer,-14.040859699249268,1,23769.0,97871.0,0.0,121.25
cross_layer,-14.040859699249268,2,22777.0,97871.0,0.0,119.46
cross_layer,-14.040859699249268,3,23673.0,97871.0,0.0,120.21
cross_layer,-13.840859651565552,0,22773.0,97871.0,0.0,119.22
cross_layer,-13.840859651565552,1,23769.0,97871.0,0.0,121.25
cross_layer,-13.840859651565552,2,22777.0,97871.0,0.0,119.46
cross_layer,-13.840859651565552,3,23673.0,97871.0,0.0,120.25
cross_layer,-13.640859603881836,0,22773.0,97871.0,0.0,119.25
cross_layer,-13.640859603881836,1,23769.0,97871.0,0.0,121.28
cross_layer,-13.640859603881836,2,22777.0,97871.0,0.0,119.47
cross_layer,-13.640859603881836,3,23673.0,97871.0,0.0,120.26
cross_layer,-13.44085955619812,0,22773.0,97871.0,0.0,119.22
cross_layer,-13.439859628677368,1,23769.0,97871.0,0.0,121.29
cross_layer,-13.439859628677368,2,22777.0,97871.0,0.0,119.51
cross_layer,-13.439859628677368,3,23673.0,97871.0,0.0,120.22
cross_layer,-13.239859580993652,0,22773.0,97871.0,0.0,119.23
cross_layer,-13.239859580993652,1,23769.0,97871.0,0.0,121.3
cross_layer,-13.239859580993652,2,22777.0,97871.0,0.0,119.49
cross_layer,-13.239859580993652,3,23673.0,97871.0,0.0,120.19
cross_layer,-13.039859533309937,0,22773.0,97871.0,0.0,119.26
cross_layer,-13.039859533309937,1,23769.0,97871.0,0.0,121.32
cross_layer,-13.039859533309937,2,22777.0,97871.0,0.0,119.51
cross_layer,-13.039859533309937,3,23673.0,97871.0,0.0,120.26
cross_layer,-12.8398597240448,0,22773.0,97871.0,0.0,119.22
cross_layer,-12.838859558105469,1,23769.0,97871.0,0.0,121.33
cross_layer,-12.838859558105469,2,22777.0,97871.0,0.0,119.51
cross_layer,-12.838859558105469,3,23673.0,97871.0,0.0,120.27
cross_layer,-12.638859510421753,0,22773.0,97871.0,0.0,119.24
cross_layer,-12.638859510421753,1,23769.0,97871.0,0.0,121.31
cross_layer,-12.638859510421753,2,22777.0,97871.0,0.0,119.51
cross_layer,-12.638859510421753,3,23673.0,97871.0,0.0,120.24
cross_layer,-12.438859701156616,0,22773.0,97871.0,0.0,119.3
cross_layer,-12.438859701156616,1,23769.0,97871.0,0.0,121.3
cross_layer,-12.438859701156616,2,22777.0,97871.0,0.0,119.5
cross_layer,-12.438859701156616,3,23673.0,97871.0,0.0,120.22
cross_layer,-12.237859725952148,0,22773.0,97871.0,0.0,119.28
cross_layer,-12.237859725952148,1,23769.0,97871.0,0.0,121.3
cross_layer,-12.237859725952148,2,22777.0,97871.0,0.0,119.5
cross_layer,-12.237859725952148,3,23673.0,97871.0,0.0,120.29
cross_layer,-12.037859678268433,0,22773.0,97871.0,0.0,119.25
cross_layer,-12.037859678268433,1,23769.0,97871.0,0.0,121.28
cross_layer,-12.037859678268433,2,22777.0,97871.0,0.0,119.48
cross_layer,-12.037859678268433,3,23673.0,97871.0,0.0,120.28
cross_layer,-11.837859630584717,0,22773.0,97871.0,0.0,119.28
cross_layer,-11.837859630584717,1,23769.0,97871.0,0.0,121.29
cross_layer,-11.837859630584717,2,22777.0,97871.0,0.0,119.48
cross_layer,-11.837859630584717,3,23673.0,97871.0,0.0,120.23
cross_layer,-11.637859582901001,0,22773.0,97871.0,0.0,119.25
cross_layer,-11.636859655380249,1,23769.0,97871.0,0.0,121.27
cross_layer,-11.636859655380249,2,22777.0,97871.0,0.0,119.5
cross_layer,-11.636859655380249,3,23673.0,97871.0,0.0,120.19
cross_layer,-11.436859607696533,0,22773.0,97871.0,0.0,119.22
cross_layer,-11.436859607696533,1,23769.0,97871.0,0.0,121.3
cross_layer,-11.436859607696533,2,22777.0,97871.0,0.0,119.52
cross_layer,-11.436859607696533,3,23673.0,97871.0,0.0,120.22
cross_layer,-11.236859560012817,0,22773.0,97871.0,0.0,119.28
cross_layer,-11.236859560012817,1,23769.0,97871.0,17.0,121.37
cross_layer,-11.236859560012817,2,22777.0,97871.0,0.0,119.51
cross_layer,-11.236859560012817,3,23673.0,97871.0,0.0,120.19
cross_layer,-11.036859512329102,0,22777.0,97871.0,3.0,123.82
cross_layer,-11.03585958480835,1,23773.0,97871.0,0.0,126.19
cross_layer,-11.03585958480835,2,22781.0,97871.0,42.0,124.12
cross_layer,-11.03585958480835,3,23677.0,97871.0,0.0,124.97
cross_layer,-10.835859537124634,0,22777.0,97871.0,0.0,123.85
cross_layer,-10.835859537124634,1,23773.0,97871.0,0.0,126.29
cross_layer,-10.835859537124634,2,22781.0,97871.0,0.0,124.24
cross_layer,-10.835859537124634,3,23677.0,97871.0,20.0,125.28
cross_layer,-10.635859489440918,0,22777.0,97871.0,0.0,123.81
cross_layer,-10.635859489440918,1,23773.0,97871.0,0.0,126.33
cross_layer,-10.635859489440918,2,22781.0,97871.0,0.0,124.28
cross_layer,-10.635859489440918,3,23677.0,97871.0,0.0,125.44
cross_layer,-10.435859680175781,0,22777.0,97871.0,0.0,123.93
cross_layer,-10.43485951423645,1,23773.0,97871.0,0.0,126.22
cross_layer,-10.43485951423645,2,22781.0,97871.0,0.0,124.29
cross_layer,-10.43485951423645,3,23677.0,97871.0,0.0,125.46
cross_layer,-10.234859704971313,0,22777.0,97871.0,0.0,123.9
cross_layer,-10.234859704971313,1,23773.0,97871.0,0.0,126.22
cross_layer,-10.234859704971313,2,22781.0,97871.0,0.0,124.23
cross_layer,-10.234859704971313,3,23677.0,97871.0,0.0,125.42
cross_layer,-10.034859657287598,0,22777.0,97871.0,0.0,119.36
cross_layer,-10.034859657287598,1,23773.0,97871.0,0.0,121.32
cross_layer,-10.034859657287598,2,22781.0,97871.0,0.0,119.62
cross_layer,-10.034859657287598,3,23677.0,97871.0,0.0,120.51
cross_layer,-9.834859609603882,0,22777.0,97871.0,0.0,119.35
cross_layer,-9.834859609603882,1,23773.0,97871.0,0.0,121.31
cross_layer,-9.834859609603882,2,22781.0,97871.0,0.0,119.57
cross_layer,-9.834859609603882,3,23677.0,97871.0,0.0,120.28
cross_layer,-9.633859634399414,0,22777.0,97871.0,0.0,119.29
cross_layer,-9.633859634399414,1,23773.0,97871.0,0.0,121.31
cross_layer,-9.633859634399414,2,22781.0,97871.0,0.0,119.53
cross_layer,-9.633859634399414,3,23677.0,97871.0,0.0,120.25
cross_layer,-9.433859586715698,0,22777.0,97871.0,0.0,119.26
cross_layer,-9.433859586715698,1,23773.0,97871.0,0.0,121.3
cross_layer,-9.433859586715698,2,22781.0,97871.0,0.0,119.5
cross_layer,-9.433859586715698,3,23677.0,97871.0,0.0,120.23
cross_layer,-9.233859539031982,0,22777.0,97871.0,0.0,119.28
cross_layer,-9.233859539031982,1,23773.0,97871.0,0.0,121.3
cross_layer,-9.233859539031982,2,22781.0,97871.0,0.0,119.48
cross_layer,-9.233859539031982,3,23677.0,97871.0,0.0,120.25
cross_layer,-9.033859491348267,0,22777.0,97871.0,0.0,119.29
cross_layer,-9.032859563827515,1,23773.0,97871.0,0.0,121.31
cross_layer,-9.032859563827515,2,22781.0,97871.0,0.0,119.5
cross_layer,-9.032859563827515,3,23677.0,97871.0,0.0,120.31
cross_layer,-8.832859516143799,0,22777.0,97871.0,0.0,119.27
cross_layer,-8.832859516143799,1,23773.0,97871.0,0.0,121.3
cross_layer,-8.832859516143799,2,22781.0,97871.0,0.0,119.48
cross_layer,-8.832859516143799,3,23677.0,97871.0,0.0,120.25
cross_layer,-8.632859706878662,0,22777.0,97871.0,0.0,119.29
cross_layer,-8.632859706878662,1,23773.0,97871.0,0.0,121.3
cross_layer,-8.632859706878662,2,22781.0,97871.0,0.0,119.49
cross_layer,-8.632859706878662,3,23677.0,97871.0,0.0,120.24
cross_layer,-8.432859659194946,0,22777.0,97871.0,0.0,119.3
cross_layer,-8.431859493255615,1,23773.0,97871.0,0.0,121.31
cross_layer,-8.431859493255615,2,22781.0,97871.0,0.0,119.48
cross_layer,-8.431859493255615,3,23677.0,97871.0,0.0,120.29
cross_layer,-8.231859683990479,0,22777.0,97871.0,0.0,119.26
cross_layer,-8.231859683990479,1,23773.0,97871.0,0.0,121.29
cross_layer,-8.231859683990479,2,22781.0,97871.0,0.0,119.48
cross_layer,-8.231859683990479,3,23677.0,97871.0,0.0,120.3
cross_layer,-8.031859636306763,0,22777.0,97871.0,0.0,119.26
cross_layer,-8.031859636306763,1,23773.0,97871.0,0.0,121.29
cross_layer,-8.031859636306763,2,22781.0,97871.0,0.0,119.48
cross_layer,-8.031859636306763,3,23677.0,97871.0,0.0,120.23
cross_layer,-7.831859588623047,0,22777.0,97871.0,0.0,119.27
cross_layer,-7.830859661102295,1,23773.0,97871.0,0.0,121.28
cross_layer,-7.830859661102295,2,22781.0,97871.0,0.0,119.48
cross_layer,-7.830859661102295,3,23677.0,97871.0,0.0,120.24
cross_layer,-7.630859613418579,0,22777.0,97871.0,0.0,119.26
cross_layer,-7.630859613418579,1,23773.0,97871.0,0.0,121.27
cross_layer,-7.630859613418579,2,22781.0,97871.0,0.0,119.49
cross_layer,-7.630859613418579,3,23677.0,97871.0,0.0,120.26
cross_layer,-7.430859565734863,0,22777.0,97871.0,0.0,119.23
cross_layer,-7.430859565734863,1,23773.0,97871.0,0.0,121.28
cross_layer,-7.430859565734863,2,22781.0,97871.0,0.0,119.49
cross_layer,-7.430859565734863,3,23677.0,97871.0,0.0,120.25
cross_layer,-7.2308595180511475,0,22777.0,97871.0,0.0,119.26
cross_layer,-7.2308595180511475,1,23773.0,97871.0,0.0,121.27
cross_layer,-7.2308595180511475,2,22781.0,97871.0,0.0,119.5
cross_layer,-7.2298595905303955,3,23677.0,97871.0,0.0,120.21
cross_layer,-7.02985954284668,0,22777.0,97871.0,0.0,119.28
cross_layer,-7.02985954284668,1,23773.0,97871.0,0.0,121.28
cross_layer,-7.02985954284668,2,22781.0,97871.0,0.0,119.52
cross_layer,-7.02985954284668,3,23677.0,97871.0,0.0,120.24
cross_layer,-6.829859495162964,0,22777.0,97871.0,0.0,119.26
cross_layer,-6.829859495162964,1,23773.0,97871.0,0.0,121.29
cross_layer,-6.829859495162964,2,22781.0,97871.0,0.0,119.54
cross_layer,-6.829859495162964,3,23677.0,97871.0,0.0,120.3
cross_layer,-6.629859685897827,0,22777.0,97871.0,0.0,119.3
cross_layer,-6.629859685897827,1,23773.0,97871.0,0.0,121.32
cross_layer,-6.629859685897827,2,22781.0,97871.0,0.0,119.57
cross_layer,-6.629859685897827,3,23677.0,97871.0,0.0,120.28
cross_layer,-6.428859710693359,0,22777.0,97871.0,0.0,119.33
cross_layer,-6.428859710693359,1,23773.0,97871.0,0.0,121.31
cross_layer,-6.428859710693359,2,22781.0,97871.0,0.0,119.55
cross_layer,-6.428859710693359,3,23677.0,97871.0,0.0,120.21
cross_layer,-6.2288596630096436,0,22777.0,97871.0,0.0,119.29
cross_layer,-6.2288596630096436,1,23773.0,97871.0,0.0,121.32
cross_layer,-6.2288596630096436,2,22781.0,97871.0,0.0,119.56
cross_layer,-6.2288596630096436,3,23677.0,97871.0,0.0,120.27
cross_layer,-6.028859615325928,0,22777.0,97871.0,0.0,119.62
cross_layer,-6.028859615325928,1,23773.0,97871.0,0.0,121.6
cross_layer,-6.028859615325928,2,22781.0,97871.0,0.0,119.85
cross_layer,-6.028859615325928,3,23677.0,97871.0,0.0,121.11
cross_layer,-5.82785964012146,0,22777.0,97871.0,0.0,119.61
cross_layer,-5.82785964012146,1,23773.0,97871.0,0.0,121.59
cross_layer,-5.82785964012146,2,22781.0,97871.0,0.0,119.84
cross_layer,-5.82785964012146,3,23677.0,97871.0,100.0,121.71
cross_layer,-5.627859592437744,0,22777.0,97871.0,0.0,119.58
cross_layer,-5.627859592437744,1,23773.0,97871.0,0.0,121.57
cross_layer,-5.627859592437744,2,22781.0,97871.0,0.0,119.84
cross_layer,-5.627859592437744,3,23677.0,97871.0,100.0,122.36
cross_layer,-5.427859544754028,0,22777.0,97871.0,0.0,119.6
cross_layer,-5.427859544754028,1,23773.0,97871.0,0.0,121.59
cross_layer,-5.427859544754028,2,22781.0,97871.0,0.0,119.83
cross_layer,-5.427859544754028,3,23677.0,97871.0,100.0,123.02
cross_layer,-5.2278594970703125,0,22777.0,97871.0,0.0,119.6
cross_layer,-5.2268595695495605,1,23773.0,97871.0,0.0,121.57
cross_layer,-5.2268595695495605,2,22781.0,97871.0,0.0,119.83
cross_layer,-5.2268595695495605,3,23677.0,97871.0,100.0,123.67
cross_layer,-5.026859521865845,0,22777.0,97871.0,0.0,119.22
cross_layer,-5.026859521865845,1,23773.0,97871.0,0.0,121.29
cross_layer,-5.026859521865845,2,22781.0,97871.0,0.0,119.52
cross_layer,-5.026859521865845,3,23677.0,97871.0,100.0,123.55
cross_layer,-4.826859712600708,0,22777.0,97871.0,0.0,119.22
cross_layer,-4.826859712600708,1,23773.0,97871.0,0.0,121.29
cross_layer,-4.826859712600708,2,22781.0,97871.0,0.0,119.53
cross_layer,-4.826859712600708,3,23677.0,97871.0,100.0,123.52
cross_layer,-4.626859664916992,0,22777.0,97871.0,0.0,119.25
cross_layer,-4.625859498977661,1,23773.0,97871.0,0.0,121.3
cross_layer,-4.625859498977661,2,22781.0,97871.0,0.0,119.55
cross_layer,-4.625859498977661,3,23677.0,97871.0,100.0,123.44
cross_layer,-4.425859689712524,0,22777.0,97871.0,0.0,119.24
cross_layer,-4.425859689712524,1,23773.0,97871.0,0.0,121.29
cross_layer,-4.425859689712524,2,22781.0,97871.0,0.0,119.57
cross_layer,-4.425859689712524,3,23677.0,97871.0,100.0,123.48
cross_layer,-4.225859642028809,0,22777.0,97871.0,40.0,119.62
cross_layer,-4.225859642028809,1,23773.0,97871.0,0.0,121.55
cross_layer,-4.225859642028809,2,22781.0,97871.0,0.0,119.87
cross_layer,-4.225859642028809,3,23677.0,97871.0,100.0,123.81
cross_layer,-4.025859594345093,0,22777.0,97871.0,100.0,120.36
cross_layer,-4.024859666824341,1,23773.0,97871.0,0.0,121.54
cross_layer,-4.024859666824341,2,22781.0,97871.0,0.0,119.88
cross_layer,-4.024859666824341,3,23677.0,97871.0,100.0,123.8
cross_layer,-3.824859619140625,0,22777.0,97871.0,100.0,120.94
cross_layer,-3.824859619140625,1,23773.0,97871.0,0.0,121.53
cross_layer,-3.824859619140625,2,22781.0,97871.0,0.0,119.86
cross_layer,-3.824859619140625,3,23677.0,97871.0,100.0,123.73
cross_layer,-3.624859571456909,0,22777.0,97871.0,100.0,121.55
cross_layer,-3.624859571456909,1,23773.0,97871.0,0.0,121.54
cross_layer,-3.624859571456909,2,22781.0,97871.0,0.0,119.86
cross_layer,-3.624859571456909,3,23677.0,97871.0,100.0,123.8
cross_layer,-3.4248595237731934,0,22777.0,97871.0,100.0,122.13
cross_layer,-3.4248595237731934,1,23773.0,97871.0,0.0,121.55
cross_layer,-3.4248595237731934,2,22781.0,97871.0,0.0,119.85
cross_layer,-3.4238595962524414,3,23677.0,97871.0,100.0,123.8
cross_layer,-3.2238595485687256,0,22777.0,97871.0,100.0,122.43
cross_layer,-3.2238595485687256,1,23773.0,97871.0,0.0,121.35
cross_layer,-3.2238595485687256,2,22781.0,97871.0,0.0,119.56
cross_layer,-3.2238595485687256,3,23677.0,97871.0,100.0,123.45
cross_layer,-3.0238595008850098,0,22777.0,97871.0,100.0,122.34
cross_layer,-3.0238595008850098,1,23773.0,97871.0,0.0,121.28
cross_layer,-3.0238595008850098,2,22781.0,97871.0,0.0,119.52
cross_layer,-3.0238595008850098,3,23677.0,97871.0,100.0,123.38
cross_layer,-2.823859691619873,0,22777.0,97871.0,100.0,122.36
cross_layer,-2.823859691619873,1,23773.0,97871.0,0.0,121.27
cross_layer,-2.823859691619873,2,22781.0,97871.0,0.0,119.52
cross_layer,-2.823859691619873,3,23677.0,97871.0,100.0,123.46
cross_layer,-2.6228597164154053,0,22777.0,97871.0,100.0,122.39
cross_layer,-2.6228597164154053,1,23773.0,97871.0,0.0,121.26
cross_layer,-2.6228597164154053,2,22781.0,97871.0,0.0,119.51
cross_layer,-2.6228597164154053,3,23677.0,97871.0,100.0,123.49
cross_layer,-2.4228596687316895,0,22777.0,97871.0,100.0,122.37
cross_layer,-2.4228596687316895,1,23773.0,97871.0,0.0,121.26
cross_layer,-2.4228596687316895,2,22781.0,97871.0,0.0,119.49
cross_layer,-2.4228596687316895,3,23677.0,97871.0,100.0,123.46
cross_layer,-2.2228596210479736,0,22777.0,97871.0,100.0,122.35
cross_layer,-2.2228596210479736,1,23773.0,97871.0,0.0,121.26
cross_layer,-2.2228596210479736,2,22781.0,97871.0,0.0,119.48
cross_layer,-2.2228596210479736,3,23677.0,97871.0,100.0,123.44
cross_layer,-2.022859573364258,0,22777.0,97871.0,100.0,122.42
cross_layer,-2.021859645843506,1,23773.0,97871.0,0.0,121.37
cross_layer,-2.021859645843506,2,22781.0,97871.0,0.0,119.57
cross_layer,-2.021859645843506,3,23677.0,97871.0,100.0,123.84
cross_layer,-1.82185959815979,0,22777.0,97871.0,100.0,122.69
cross_layer,-1.82185959815979,1,23773.0,97871.0,0.0,121.54
cross_layer,-1.82185959815979,2,22781.0,97871.0,100.0,120.44
cross_layer,-1.82185959815979,3,23677.0,97871.0,100.0,123.86
cross_layer,-1.6218595504760742,0,22777.0,97871.0,100.0,122.69
cross_layer,-1.6218595504760742,1,23773.0,97871.0,0.0,121.52
cross_layer,-1.6218595504760742,2,22781.0,97871.0,100.0,121.02
cross_layer,-1.6218595504760742,3,23677.0,97871.0,100.0,123.81
cross_layer,-1.4218595027923584,0,22777.0,97871.0,100.0,122.73
cross_layer,-1.4208595752716064,1,23773.0,97871.0,0.0,121.51
cross_layer,-1.4208595752716064,2,22781.0,97871.0,100.0,121.64
cross_layer,-1.4208595752716064,3,23677.0,97871.0,100.0,123.82
cross_layer,-1.2208595275878906,0,22777.0,97871.0,100.0,122.74
cross_layer,-1.2208595275878906,1,23773.0,97871.0,0.0,121.52
cross_layer,-1.2208595275878906,2,22781.0,97871.0,100.0,122.28
cross_layer,-1.2208595275878906,3,23677.0,97871.0,100.0,123.88
cross_layer,-1.020859718322754,0,22777.0,97871.0,100.0,122.67
cross_layer,-1.0198595523834229,1,23773.0,97871.0,0.0,121.51
cross_layer,-1.0198595523834229,2,22781.0,97871.0,100.0,122.85
cross_layer,-1.0198595523834229,3,23677.0,97871.0,100.0,123.55
cross_layer,-0.819859504699707,0,22777.0,97871.0,100.0,122.44
cross_layer,-0.819859504699707,1,23773.0,97871.0,0.0,121.24
cross_layer,-0.819859504699707,2,22781.0,97871.0,100.0,122.64
cross_layer,-0.819859504699707,3,23677.0,97871.0,100.0,123.48
cross_layer,-0.6198596954345703,0,22777.0,97871.0,100.0,122.43
cross_layer,-0.6198596954345703,1,23773.0,97871.0,0.0,121.26
cross_layer,-0.6198596954345703,2,22781.0,97871.0,100.0,122.64
cross_layer,-0.6198596954345703,3,23677.0,97871.0,100.0,123.51
cross_layer,-0.4198596477508545,0,22777.0,97871.0,81.0,126.77
cross_layer,-0.4198596477508545,1,23773.0,97871.0,80.0,127.46
cross_layer,-0.4198596477508545,2,22781.0,97871.0,19.0,127.47
cross_layer,-0.41885972023010254,3,23677.0,97871.0,88.0,130.71
cross_layer,-0.21885967254638672,0,22777.0,97871.0,71.0,138.62
cross_layer,-0.21885967254638672,1,23773.0,97871.0,92.0,140.88
cross_layer,-0.21885967254638672,2,22781.0,97871.0,50.0,141.01
cross_layer,-0.21885967254638672,3,23677.0,97871.0,7.0,148.25
cross_layer,-0.0188596248626709,0,22777.0,97871.0,47.0,148.85
cross_layer,-0.0188596248626709,1,23773.0,97871.0,72.0,151.3
cross_layer,-0.0188596248626709,2,22781.0,97871.0,36.0,150.94
cross_layer,-0.0188596248626709,3,23677.0,97871.0,67.0,154.47
cross_layer,0.18114042282104492,0,22777.0,97871.0,0.0,150.63
cross_layer,0.18114042282104492,1,23773.0,97871.0,0.0,152.82
cross_layer,0.18114042282104492,2,22781.0,97871.0,0.0,152.04
cross_layer,0.18114042282104492,3,23677.0,97871.0,9.0,153.99
cross_layer,0.38314032554626465,0,22779.0,97871.0,0.0,149.55
cross_layer,0.38314032554626465,1,23775.0,97871.0,0.0,152.32
cross_layer,0.38314032554626465,2,22783.0,97871.0,0.0,152.09
cross_layer,0.38314032554626465,3,23679.0,97871.0,0.0,154.86
cross_layer,0.5831403732299805,0,22779.0,97871.0,93.0,151.48
cross_layer,0.5831403732299805,1,23775.0,97871.0,5.0,153.7
cross_layer,0.5831403732299805,2,22783.0,97871.0,92.0,153.34
cross_layer,0.5831403732299805,3,23679.0,97871.0,64.0,154.47
cross_layer,0.7831404209136963,0,22779.0,97871.0,87.0,149.52
cross_layer,0.7831404209136963,1,23775.0,97871.0,5.0,148.73
cross_layer,0.7831404209136963,2,22783.0,97871.0,100.0,147.69
cross_layer,0.7831404209136963,3,23679.0,97871.0,100.0,143.2
cross_layer,0.9841403961181641,0,22779.0,97871.0,100.0,144.83
cross_layer,0.9841403961181641,1,23775.0,97871.0,7.0,145.6
cross_layer,0.9841403961181641,2,22783.0,97871.0,100.0,144.38
cross_layer,0.9841403961181641,3,23679.0,97871.0,82.0,144.62
cross_layer,1.1841404438018799,0,22779.0,97871.0,42.0,151.6
cross_layer,1.1841404438018799,1,23775.0,97871.0,83.0,152.47
cross_layer,1.1841404438018799,2,22783.0,97871.0,71.0,151.45
cross_layer,1.1841404438018799,3,23679.0,97871.0,66.0,152.72
cross_layer,1.3841404914855957,0,22779.0,97871.0,100.0,161.37
cross_layer,1.3841404914855957,1,23775.0,97871.0,9.0,161.85
cross_layer,1.3841404914855957,2,22783.0,97871.0,100.0,160.34
cross_layer,1.3841404914855957,3,23679.0,97871.0,16.0,161.18
cross_layer,1.5841403007507324,0,22779.0,97871.0,82.0,165.56
cross_layer,1.5851404666900635,1,23775.0,97871.0,13.0,164.78
cross_layer,1.5851404666900635,2,22783.0,97871.0,89.0,163.23
cross_layer,1.5851404666900635,3,23679.0,97871.0,77.0,163.93
cross_layer,1.7851402759552002,0,22779.0,97871.0,31.0,164.3
cross_layer,1.7851402759552002,1,23775.0,97871.0,0.0,162.5
cross_layer,1.7851402759552002,2,22783.0,97871.0,48.0,162.41
cross_layer,1.7851402759552002,3,23679.0,97871.0,82.0,163.23
cross_layer,1.987140417098999,0,22779.0,97871.0,11.0,159.94
cross_layer,1.987140417098999,1,23775.0,97871.0,0.0,160.05
cross_layer,1.987140417098999,2,22783.0,97871.0,27.0,158.98
cross_layer,1.987140417098999,3,23679.0,97871.0,76.0,158.55
cross_layer,2.187140464782715,0,22779.0,97871.0,98.0,154.88
cross_layer,2.187140464782715,1,23775.0,97871.0,100.0,154.85
cross_layer,2.187140464782715,2,22783.0,97871.0,82.0,153.59
cross_layer,2.187140464782715,3,23679.0,97871.0,0.0,156.19
cross_layer,2.3871402740478516,0,22779.0,97871.0,100.0,151.77
cross_layer,2.3871402740478516,1,23775.0,97871.0,9.0,152.22
cross_layer,2.3871402740478516,2,22783.0,97871.0,88.0,151.85
cross_layer,2.3871402740478516,3,23679.0,97871.0,11.0,155.15
cross_layer,2.5871403217315674,0,22779.0,97871.0,82.0,150.92
cross_layer,2.5881404876708984,1,23775.0,97871.0,60.0,151.76
cross_layer,2.5881404876708984,2,22783.0,97871.0,78.0,151.87
cross_layer,2.5881404876708984,3,23679.0,97871.0,100.0,152.11
cross_layer,2.788140296936035,0,22779.0,97871.0,100.0,152.31
cross_layer,2.788140296936035,1,23775.0,97871.0,80.0,153.57
cross_layer,2.788140296936035,2,22783.0,97871.0,99.0,153.32
cross_layer,2.788140296936035,3,23679.0,97871.0,9.0,154.34
cross_layer,2.988140344619751,0,22779.0,97871.0,73.0,158.26
cross_layer,2.988140344619751,1,23775.0,97871.0,69.0,159.64
cross_layer,2.988140344619751,2,22783.0,97871.0,20.0,159.38
cross_layer,2.988140344619751,3,23679.0,97871.0,60.0,161.19
cross_layer,3.188140392303467,0,22779.0,97871.0,75.0,165.51
cross_layer,3.188140392303467,1,23775.0,97871.0,90.0,169.23
cross_layer,3.188140392303467,2,22783.0,97871.0,26.0,167.03
cross_layer,3.188140392303467,3,23679.0,97871.0,84.0,167.81
cross_layer,3.3891403675079346,0,22779.0,97871.0,33.0,166.05
cross_layer,3.3891403675079346,1,23775.0,97871.0,87.0,171.14
cross_layer,3.3891403675079346,2,22783.0,97871.0,77.0,168.29
cross_layer,3.3891403675079346,3,23679.0,97871.0,62.0,169.26
cross_layer,3.5891404151916504,0,22779.0,97871.0,90.0,166.27
cross_layer,3.5891404151916504,1,23775.0,97871.0,96.0,171.57
cross_layer,3.5891404151916504,2,22783.0,97871.0,64.0,167.52
cross_layer,3.5891404151916504,3,23679.0,97871.0,70.0,168.25
cross_layer,3.789140462875366,0,22779.0,97871.0,45.0,164.15
cross_layer,3.789140462875366,1,23775.0,97871.0,94.0,169.59
cross_layer,3.789140462875366,2,22783.0,97871.0,43.0,165.17
cross_layer,3.789140462875366,3,23679.0,97871.0,36.0,165.95
cross_layer,3.990140438079834,0,22779.0,97871.0,9.0,160.14
cross_layer,3.990140438079834,1,23775.0,97871.0,94.0,164.85
cross_layer,3.990140438079834,2,22783.0,97871.0,64.0,160.74
cross_layer,3.990140438079834,3,23679.0,97871.0,68.0,161.91
cross_layer,4.19014048576355,0,22779.0,97871.0,38.0,156.76
cross_layer,4.19014048576355,1,23775.0,97871.0,97.0,159.36
cross_layer,4.19014048576355,2,22783.0,97871.0,80.0,156.3
cross_layer,4.19014048576355,3,23679.0,97871.0,83.0,156.29
cross_layer,4.3901402950286865,0,22779.0,97871.0,93.0,154.58
cross_layer,4.3901402950286865,1,23775.0,97871.0,98.0,157.01
cross_layer,4.3901402950286865,2,22783.0,97871.0,94.0,154.58
cross_layer,4.3901402950286865,3,23679.0,97871.0,7.0,152.93
cross_layer,4.590140342712402,0,22779.0,97871.0,58.0,151.68
cross_layer,4.591140508651733,1,23775.0,97871.0,25.0,154.21
cross_layer,4.591140508651733,2,22783.0,97871.0,74.0,152.08
cross_layer,4.591140508651733,3,23679.0,97871.0,7.0,150.78
cross_layer,4.79114031791687,0,22779.0,97871.0,0.0,146.03
cross_layer,4.79114031791687,1,23775.0,97871.0,37.0,148.55
cross_layer,4.79114031791687,2,22783.0,97871.0,0.0,146.31
cross_layer,4.79114031791687,3,23679.0,97871.0,0.0,146.87
cross_layer,4.991140365600586,0,22779.0,97871.0,3.0,145.89
cross_layer,4.991140365600586,1,23775.0,97871.0,23.0,149.35
cross_layer,4.991140365600586,2,22783.0,97871.0,65.0,147.29
cross_layer,4.991140365600586,3,23679.0,97871.0,100.0,148.25
cross_layer,5.191140413284302,0,22779.0,97871.0,91.0,149.12
cross_layer,5.191140413284302,1,23775.0,97871.0,13.0,151.32
cross_layer,5.191140413284302,2,22783.0,97871.0,100.0,150.72
cross_layer,5.192140340805054,3,23679.0,97871.0,100.0,150.69
cross_layer,5.3921403884887695,0,22779.0,97871.0,98.0,151.98
cross_layer,5.3921403884887695,1,23775.0,97871.0,68.0,154.33
cross_layer,5.3921403884887695,2,22783.0,97871.0,14.0,153.48
cross_layer,5.3921403884887695,3,23679.0,97871.0,74.0,154.24
cross_layer,5.592140436172485,0,22779.0,97871.0,100.0,156.45
cross_layer,5.592140436172485,1,23775.0,97871.0,89.0,157.68
cross_layer,5.592140436172485,2,22783.0,97871.0,67.0,157.85
cross_layer,5.592140436172485,3,23679.0,97871.0,81.0,160.52
cross_layer,5.792140483856201,0,22779.0,97871.0,95.0,164.9
cross_layer,5.792140483856201,1,23775.0,97871.0,91.0,164.95
cross_layer,5.792140483856201,2,22783.0,97871.0,17.0,165.85
cross_layer,5.792140483856201,3,23679.0,97871.0,87.0,166.56
cross_layer,5.992140293121338,0,22779.0,97871.0,89.0,168.26
cross_layer,5.993140459060669,1,23775.0,97871.0,19.0,166.06
cross_layer,5.993140459060669,2,22783.0,97871.0,15.0,166.88
cross_layer,5.993140459060669,3,23679.0,97871.0,94.0,168.31
cross_layer,6.193140506744385,0,22779.0,97871.0,22.0,165.04
cross_layer,6.193140506744385,1,23775.0,97871.0,0.0,163.27
cross_layer,6.193140506744385,2,22783.0,97871.0,3.0,163.29
cross_layer,6.193140506744385,3,23679.0,97871.0,94.0,162.99
cross_layer,6.3941404819488525,0,22779.0,97871.0,0.0,155.38
cross_layer,6.3941404819488525,1,23775.0,97871.0,0.0,154.05
cross_layer,6.3941404819488525,2,22783.0,97871.0,0.0,154.37
cross_layer,6.3941404819488525,3,23679.0,97871.0,0.0,153.03
cross_layer,6.594140291213989,0,22779.0,97871.0,77.0,149.07
cross_layer,6.594140291213989,1,23775.0,97871.0,79.0,150.54
cross_layer,6.594140291213989,2,22783.0,97871.0,12.0,148.96
cross_layer,6.594140291213989,3,23679.0,97871.0,0.0,149.2
cross_layer,6.794140338897705,0,22779.0,97871.0,4.0,148.85
cross_layer,6.795140504837036,1,23775.0,97871.0,65.0,150.54
cross_layer,6.795140504837036,2,22783.0,97871.0,91.0,147.01
cross_layer,6.795140504837036,3,23679.0,97871.0,98.0,147.88
cross_layer,6.995140314102173,0,22779.0,97871.0,76.0,149.55
cross_layer,6.995140314102173,1,23775.0,97871.0,42.0,152.53
cross_layer,6.995140314102173,2,22783.0,97871.0,75.0,150.15
cross_layer,6.995140314102173,3,23679.0,97871.0,23.0,149.72
cross_layer,7.195140361785889,0,22779.0,97871.0,98.0,151.6
cross_layer,7.195140361785889,1,23775.0,97871.0,100.0,154.82
cross_layer,7.195140361785889,2,22783.0,97871.0,4.0,151.3
cross_layer,7.195140361785889,3,23679.0,97871.0,89.0,154.18
cross_layer,7.3951404094696045,0,22779.0,97871.0,90.0,160.46
cross_layer,7.3951404094696045,1,23775.0,97871.0,86.0,165.26
cross_layer,7.3961403369903564,2,22783.0,97871.0,92.0,161.69
cross_layer,7.3961403369903564,3,23679.0,97871.0,42.0,165.43
cross_layer,7.596140384674072,0,22779.0,97871.0,76.0,166.68
cross_layer,7.596140384674072,1,23775.0,97871.0,14.0,168.5
cross_layer,7.596140384674072,2,22783.0,97871.0,97.0,165.7
cross_layer,7.596140384674072,3,23679.0,97871.0,31.0,167.07
cross_layer,7.796140432357788,0,22779.0,97871.0,85.0,166.9
cross_layer,7.796140432357788,1,23775.0,97871.0,76.0,170.02
cross_layer,7.796140432357788,2,22783.0,97871.0,85.0,167.04
cross_layer,7.796140432357788,3,23679.0,97871.0,19.0,168.3
cross_layer,7.996140480041504,0,22779.0,97871.0,89.0,162.06
cross_layer,7.997140407562256,1,23775.0,97871.0,75.0,166.49
cross_layer,7.997140407562256,2,22783.0,97871.0,90.0,162.23
cross_layer,7.997140407562256,3,23679.0,97871.0,8.0,163.76
cross_layer,8.197140455245972,0,22779.0,97871.0,70.0,159.9
cross_layer,8.197140455245972,1,23775.0,97871.0,16.0,164.2
cross_layer,8.197140455245972,2,22783.0,97871.0,70.0,160.46
cross_layer,8.197140455245972,3,23679.0,97871.0,21.0,162.28
cross_layer,8.397140502929688,0,22779.0,97871.0,0.0,154.25
cross_layer,8.397140502929688,1,23775.0,97871.0,0.0,156.74
cross_layer,8.397140502929688,2,22783.0,97871.0,0.0,154.63
cross_layer,8.397140502929688,3,23679.0,97871.0,48.0,151.73
cross_layer,8.597140312194824,0,22779.0,97871.0,35.0,148.79
cross_layer,8.598140478134155,1,23775.0,97871.0,43.0,153.7
cross_layer,8.598140478134155,2,22783.0,97871.0,94.0,150.65
cross_layer,8.598140478134155,3,23679.0,97871.0,24.0,151.18
cross_layer,8.798140287399292,0,22779.0,97871.0,85.0,148.85
cross_layer,8.798140287399292,1,23775.0,97871.0,100.0,152.87
cross_layer,8.798140287399292,2,22783.0,97871.0,85.0,150.0
cross_layer,8.798140287399292,3,23679.0,97871.0,18.0,151.71
cross_layer,8.998140335083008,0,22779.0,97871.0,91.0,151.54
cross_layer,8.998140335083008,1,23775.0,97871.0,91.0,154.75
cross_layer,8.998140335083008,2,22783.0,97871.0,91.0,152.77
cross_layer,8.998140335083008,3,23679.0,97871.0,11.0,153.96
cross_layer,9.198140382766724,0,22779.0,97871.0,94.0,156.39
cross_layer,9.199140310287476,1,23775.0,97871.0,95.0,159.7
cross_layer,9.199140310287476,2,22783.0,97871.0,86.0,157.32
cross_layer,9.199140310287476,3,23679.0,97871.0,12.0,157.76
cross_layer,9.399140357971191,0,22779.0,97871.0,39.0,159.84
cross_layer,9.399140357971191,1,23775.0,97871.0,18.0,163.54
cross_layer,9.399140357971191,2,22783.0,97871.0,23.0,160.34
cross_layer,9.399140357971191,3,23679.0,97871.0,66.0,161.92
cross_layer,9.599140405654907,0,22779.0,97871.0,16.0,162.36
cross_layer,9.599140405654907,1,23775.0,97871.0,92.0,164.04
cross_layer,9.599140405654907,2,22783.0,97871.0,10.0,162.47
cross_layer,9.599140405654907,3,23679.0,97871.0,94.0,162.02
cross_layer,9.799140453338623,0,22779.0,97871.0,79.0,160.71
cross_layer,9.800140380859375,1,23775.0,97871.0,94.0,162.64
cross_layer,9.800140380859375,2,22783.0,97871.0,16.0,161.05
cross_layer,9.800140380859375,3,23679.0,97871.0,96.0,159.48
cross_layer,10.00014042854309,0,22779.0,97871.0,89.0,157.96
cross_layer,10.00014042854309,1,23775.0,97871.0,97.0,160.44
cross_layer,10.00014042854309,2,22783.0,97871.0,13.0,158.06
cross_layer,10.00014042854309,3,23679.0,97871.0,4.0,157.43
cross_layer,10.200140476226807,0,22779.0,97871.0,0.0,149.35
cross_layer,10.200140476226807,1,23775.0,97871.0,0.0,151.8
cross_layer,10.200140476226807,2,22783.0,97871.0,0.0,149.66
cross_layer,10.200140476226807,3,23679.0,97871.0,0.0,147.32
cross_layer,10.400140285491943,0,22779.0,97871.0,0.0,141.34
cross_layer,10.400140285491943,1,23775.0,97871.0,0.0,144.15
cross_layer,10.400140285491943,2,22783.0,97871.0,0.0,142.23
cross_layer,10.401140451431274,3,23679.0,97871.0,13.0,140.98
cross_layer,10.60114049911499,0,22779.0,97871.0,88.0,143.03
cross_layer,10.60114049911499,1,23775.0,97871.0,95.0,144.88
cross_layer,10.60114049911499,2,22783.0,97871.0,23.0,142.05
cross_layer,10.60114049911499,3,23679.0,97871.0,64.0,143.34
cross_layer,10.801140308380127,0,22779.0,97871.0,78.0,145.64
cross_layer,10.801140308380127,1,23775.0,97871.0,85.0,147.14
cross_layer,10.801140308380127,2,22783.0,97871.0,32.0,144.52
cross_layer,10.801140308380127,3,23679.0,97871.0,92.0,146.59
cross_layer,11.001140356063843,0,22779.0,97871.0,82.0,147.4
cross_layer,11.001140356063843,1,23775.0,97871.0,89.0,149.15
cross_layer,11.001140356063843,2,22783.0,97871.0,45.0,146.08
cross_layer,11.001140356063843,3,23679.0,97871.0,92.0,149.21
cross_layer,11.20214033126831,0,22779.0,97871.0,82.0,151.8
cross_layer,11.20214033126831,1,23775.0,97871.0,86.0,154.67
cross_layer,11.20214033126831,2,22783.0,97871.0,15.0,149.89
cross_layer,11.20214033126831,3,23679.0,97871.0,71.0,158.22
cross_layer,11.402140378952026,0,22779.0,97871.0,94.0,161.85
cross_layer,11.402140378952026,1,23775.0,97871.0,80.0,162.69
cross_layer,11.402140378952026,2,22783.0,97871.0,21.0,158.59
cross_layer,11.402140378952026,3,23679.0,97871.0,44.0,166.02
cross_layer,11.602140426635742,0,22779.0,97871.0,60.0,163.14
cross_layer,11.602140426635742,1,23775.0,97871.0,80.0,165.65
cross_layer,11.602140426635742,2,22783.0,97871.0,93.0,162.07
cross_layer,11.602140426635742,3,23679.0,97871.0,37.0,166.05
cross_layer,11.802140474319458,0,22779.0,97871.0,87.0,162.97
cross_layer,11.80314040184021,1,23775.0,97871.0,81.0,165.98
cross_layer,11.80314040184021,2,22783.0,97871.0,81.0,162.93
cross_layer,11.80314040184021,3,23679.0,97871.0,9.0,164.53
cross_layer,12.003140449523926,0,22779.0,97871.0,81.0,161.88
cross_layer,12.003140449523926,1,23775.0,97871.0,92.0,164.29
cross_layer,12.003140449523926,2,22783.0,97871.0,84.0,162.07
cross_layer,12.003140449523926,3,23679.0,97871.0,93.0,162.05
cross_layer,12.203140497207642,0,22779.0,97871.0,92.0,160.39
cross_layer,12.203140497207642,1,23775.0,97871.0,7.0,162.52
cross_layer,12.203140497207642,2,22783.0,97871.0,81.0,160.93
cross_layer,12.203140497207642,3,23679.0,97871.0,61.0,159.22
cross_layer,12.403140306472778,0,22779.0,97871.0,0.0,154.49
cross_layer,12.40414047241211,1,23775.0,97871.0,0.0,156.92
cross_layer,12.40414047241211,2,22783.0,97871.0,0.0,155.53
cross_layer,12.40414047241211,3,23679.0,97871.0,0.0,151.96
cross_layer,12.604140281677246,0,22779.0,97871.0,0.0,145.42
cross_layer,12.604140281677246,1,23775.0,97871.0,0.0,147.8
cross_layer,12.604140281677246,2,22783.0,97871.0,0.0,146.49
cross_layer,12.604140281677246,3,23679.0,97871.0,74.0,145.69
cross_layer,12.804140329360962,0,22779.0,97871.0,12.0,144.55
cross_layer,12.804140329360962,1,23775.0,97871.0,68.0,147.27
cross_layer,12.804140329360962,2,22783.0,97871.0,100.0,145.13
cross_layer,12.804140329360962,3,23679.0,97871.0,90.0,145.75
cross_layer,13.00514030456543,0,22779.0,97871.0,66.0,145.7
cross_layer,13.00514030456543,1,23775.0,97871.0,52.0,148.84
cross_layer,13.00514030456543,2,22783.0,97871.0,50.0,146.89
cross_layer,13.00514030456543,3,23679.0,97871.0,49.0,148.36
cross_layer,13.205140352249146,0,22779.0,97871.0,70.0,149.32
cross_layer,13.205140352249146,1,23775.0,97871.0,9.0,153.48
cross_layer,13.205140352249146,2,22783.0,97871.0,87.0,151.69
cross_layer,13.205140352249146,3,23679.0,97871.0,60.0,149.25
cross_layer,13.405140399932861,0,22779.0,97871.0,87.0,152.42
cross_layer,13.405140399932861,1,23775.0,97871.0,38.0,157.52
cross_layer,13.405140399932861,2,22783.0,97871.0,96.0,154.96
cross_layer,13.405140399932861,3,23679.0,97871.0,95.0,156.71
cross_layer,13.606140375137329,0,22779.0,97871.0,38.0,160.91
cross_layer,13.606140375137329,1,23775.0,97871.0,26.0,167.07
cross_layer,13.606140375137329,2,22783.0,97871.0,83.0,164.95
cross_layer,13.606140375137329,3,23679.0,97871.0,22.0,163.67
cross_layer,13.806140422821045,0,22779.0,97871.0,0.0,156.77
cross_layer,13.806140422821045,1,23775.0,97871.0,0.0,160.13
cross_layer,13.806140422821045,2,22783.0,97871.0,0.0,158.43
cross_layer,13.806140422821045,3,23679.0,97871.0,0.0,155.45
cross_layer,14.00614047050476,0,22779.0,97871.0,0.0,148.66
cross_layer,14.00614047050476,1,23775.0,97871.0,5.0,152.35
cross_layer,14.00614047050476,2,22783.0,97871.0,0.0,150.4
cross_layer,14.00614047050476,3,23679.0,97871.0,54.0,150.68
cross_layer,14.206140279769897,0,22779.0,97871.0,71.0,148.13
cross_layer,14.207140445709229,1,23775.0,97871.0,14.0,151.14
cross_layer,14.207140445709229,2,22783.0,97871.0,71.0,149.7
cross_layer,14.207140445709229,3,23679.0,97871.0,35.0,151.13
cross_layer,14.407140493392944,0,22779.0,97871.0,20.0,149.63
cross_layer,14.407140493392944,1,23775.0,97871.0,100.0,152.06
cross_layer,14.407140493392944,2,22783.0,97871.0,83.0,151.19
cross_layer,14.407140493392944,3,23679.0,97871.0,78.0,151.91
cross_layer,14.607140302658081,0,22779.0,97871.0,22.0,152.56
cross_layer,14.607140302658081,1,23775.0,97871.0,92.0,154.09
cross_layer,14.607140302658081,2,22783.0,97871.0,81.0,151.66
cross_layer,14.607140302658081,3,23679.0,97871.0,87.0,153.09
cross_layer,14.807140350341797,0,22779.0,97871.0,14.0,158.17
cross_layer,14.808140277862549,1,23775.0,97871.0,77.0,160.76
cross_layer,14.808140277862549,2,22783.0,97871.0,94.0,159.29
cross_layer,14.808140277862549,3,23679.0,97871.0,9.0,160.99
cross_layer,15.008140325546265,0,22779.0,97871.0,0.0,153.85
cross_layer,15.008140325546265,1,23775.0,97871.0,0.0,162.03
cross_layer,15.008140325546265,2,22783.0,97871.0,0.0,159.64
cross_layer,15.008140325546265,3,23679.0,97871.0,0.0,157.07
cross_layer,15.20814037322998,0,22779.0,97871.0,0.0,145.75
cross_layer,15.20814037322998,1,23775.0,97871.0,0.0,152.03
cross_layer,15.20814037322998,2,22783.0,97871.0,0.0,149.99
cross_layer,15.20814037322998,3,23679.0,97871.0,0.0,148.78
cross_layer,15.408140420913696,0,22779.0,97871.0,0.0,136.91
cross_layer,15.408140420913696,1,23775.0,97871.0,0.0,144.09
cross_layer,15.409140348434448,2,22783.0,97871.0,0.0,141.55
cross_layer,15.409140348434448,3,23679.0,97871.0,0.0,139.56
cross_layer,15.609140396118164,0,22211.0,97871.0,2.0,126.96
cross_layer,15.609140396118164,1,23207.0,97871.0,2.0,133.12
cross_layer,15.609140396118164,2,22215.0,97871.0,2.0,130.66
cross_layer,15.609140396118164,3,23111.0,97871.0,0.0,128.16
cross_layer,15.80914044380188,0,22211.0,97871.0,0.0,119.21
cross_layer,15.80914044380188,1,23207.0,97871.0,0.0,123.24
cross_layer,15.80914044380188,2,22215.0,97871.0,0.0,121.87
cross_layer,15.80914044380188,3,23111.0,97871.0,0.0,120.7
cross_layer,16.009140491485596,0,22211.0,97871.0,0.0,119.18
cross_layer,16.009140491485596,1,23207.0,97871.0,0.0,121.78
cross_layer,16.010140419006348,2,22215.0,97871.0,0.0,120.1
cross_layer,16.010140419006348,3,23111.0,97871.0,0.0,120.56
cross_layer,16.210140466690063,0,22211.0,97871.0,0.0,119.25
cross_layer,16.210140466690063,1,23207.0,97871.0,0.0,121.74
cross_layer,16.210140466690063,2,22215.0,97871.0,0.0,120.02
cross_layer,16.210140466690063,3,23111.0,97871.0,0.0,120.59
cross_layer,16.4101402759552,0,22211.0,97871.0,0.0,119.32
cross_layer,16.4101402759552,1,23207.0,97871.0,0.0,121.74
cross_layer,16.4101402759552,2,22215.0,97871.0,0.0,119.97
cross_layer,16.4101402759552,3,23111.0,97871.0,0.0,120.57
cross_layer,16.610140323638916,0,22211.0,97871.0,0.0,119.33
cross_layer,16.610140323638916,1,23207.0,97871.0,0.0,121.7
cross_layer,16.610140323638916,2,22215.0,97871.0,0.0,119.92
cross_layer,16.610140323638916,3,23111.0,97871.0,0.0,120.48
cross_layer,16.811140298843384,0,22211.0,97871.0,0.0,119.49
cross_layer,16.811140298843384,1,23207.0,97871.0,0.0,121.67
cross_layer,16.811140298843384,2,22215.0,97871.0,0.0,119.9
cross_layer,16.811140298843384,3,23111.0,97871.0,0.0,120.49
cross_layer,17.0111403465271,0,22211.0,97871.0,0.0,119.56
cross_layer,17.0111403465271,1,23207.0,97871.0,0.0,121.65
cross_layer,17.0111403465271,2,22215.0,97871.0,0.0,119.89
cross_layer,17.0111403465271,3,23111.0,97871.0,0.0,120.54
cross_layer,17.211140394210815,0,22211.0,97871.0,0.0,119.63
cross_layer,17.211140394210815,1,23207.0,97871.0,0.0,121.64
cross_layer,17.211140394210815,2,22215.0,97871.0,0.0,119.9
cross_layer,17.211140394210815,3,23111.0,97871.0,0.0,120.54
cross_layer,17.412140369415283,0,22211.0,97871.0,0.0,119.63
cross_layer,17.412140369415283,1,23207.0,97871.0,0.0,121.63
cross_layer,17.412140369415283,2,22215.0,97871.0,0.0,119.89
cross_layer,17.412140369415283,3,23111.0,97871.0,0.0,120.45
cross_layer,17.612140417099,0,22211.0,97871.0,0.0,119.63
cross_layer,17.680140495300293,1,23207.0,97871.0,0.0,121.67
cross_layer,17.682140350341797,2,502.0,97871.0,0.0,120.08
cross_layer,17.68314027786255,3,118.0,97871.0,57.0,122.91
cross_layer,17.884140491485596,0,4.0,97871.0,39.0,122.04
cross_layer,17.954140424728394,1,4.0,97871.0,52.0,123.27
cross_layer,17.954140424728394,2,4.0,97871.0,1.0,122.6
cross_layer,17.954140424728394,3,4.0,97871.0,0.0,123.45
cross_layer,18.15414047241211,0,4.0,97871.0,0.0,122.64
cross_layer,18.15414047241211,1,4.0,97871.0,0.0,124.57
cross_layer,18.15414047241211,2,4.0,97871.0,0.0,123.16
cross_layer,18.15414047241211,3,4.0,97871.0,0.0,123.99
cross_layer,18.354140281677246,0,4.0,97871.0,0.0,123.08
cross_layer,18.355140447616577,1,4.0,97871.0,0.0,125.05
cross_layer,18.355140447616577,2,4.0,97871.0,0.0,123.65
cross_layer,18.355140447616577,3,4.0,97871.0,0.0,124.4
cross_layer,18.555140495300293,0,4.0,97871.0,0.0,123.65
cross_layer,18.555140495300293,1,4.0,97871.0,0.0,125.54
cross_layer,18.555140495300293,2,4.0,97871.0,0.0,124.14
cross_layer,18.555140495300293,3,4.0,97871.0,0.0,124.73
cross_layer,18.75514030456543,0,4.0,97871.0,0.0,123.78
cross_layer,18.75514030456543,1,4.0,97871.0,0.0,126.04
cross_layer,18.75514030456543,2,4.0,97871.0,0.0,122.65
cross_layer,18.75514030456543,3,4.0,97871.0,0.0,122.9
cross_layer,18.955140352249146,0,4.0,97871.0,0.0,122.05
cross_layer,18.956140279769897,1,4.0,97871.0,0.0,124.99
cross_layer,18.956140279769897,2,4.0,97871.0,0.0,114.84
cross_layer,18.956140279769897,3,4.0,97871.0,0.0,122.89
cross_layer,19.156140327453613,0,4.0,97871.0,0.0,121.98
cross_layer,19.156140327453613,1,4.0,97871.0,0.0,124.14
cross_layer,19.156140327453613,2,4.0,97871.0,0.0,105.84
cross_layer,19.156140327453613,3,4.0,97871.0,0.0,122.87
cross_layer,19.35614037513733,0,4.0,97871.0,0.0,122.0
cross_layer,19.35614037513733,1,4.0,97871.0,0.0,118.71
cross_layer,19.35614037513733,2,4.0,97871.0,0.0,96.75
cross_layer,19.35614037513733,3,4.0,97871.0,0.0,122.81
cross_layer,19.556140422821045,0,4.0,97871.0,0.0,121.95
cross_layer,19.556140422821045,1,4.0,97871.0,0.0,109.59
cross_layer,19.556140422821045,2,4.0,97871.0,0.0,87.63
cross_layer,19.556140422821045,3,4.0,97871.0,0.0,119.88
cross_layer,19.757140398025513,0,4.0,97871.0,0.0,113.77
cross_layer,19.757140398025513,1,4.0,97871.0,0.0,100.36
cross_layer,19.757140398025513,2,4.0,97871.0,0.0,77.54
cross_layer,19.757140398025513,3,4.0,97871.0,0.0,110.93
cross_layer,19.95714044570923,0,4.0,97871.0,0.0,105.01
cross_layer,19.95714044570923,1,4.0,97871.0,0.0,91.07
cross_layer,19.95714044570923,2,4.0,97871.0,0.0,75.83
cross_layer,19.95714044570923,3,4.0,97871.0,0.0,101.46
cross_layer,20.157140493392944,0,4.0,97871.0,0.0,95.95
cross_layer,20.157140493392944,1,4.0,97871.0,0.0,82.53
cross_layer,20.157140493392944,2,4.0,97871.0,0.0,75.56
cross_layer,20.157140493392944,3,4.0,97871.0,0.0,92.72
cross_layer,20.358140468597412,0,4.0,97871.0,0.0,86.82
cross_layer,20.358140468597412,1,4.0,97871.0,0.0,77.68
cross_layer,20.358140468597412,2,4.0,97871.0,0.0,75.32
cross_layer,20.358140468597412,3,4.0,97871.0,0.0,82.82
cross_layer,20.55814027786255,0,4.0,97871.0,0.0,76.83
cross_layer,20.55814027786255,1,4.0,97871.0,0.0,77.28
cross_layer,20.55814027786255,2,4.0,97871.0,0.0,75.12
cross_layer,20.55814027786255,3,4.0,97871.0,0.0,76.47
cross_layer,20.758140325546265,0,0.0,97871.0,0.0,75.62
cross_layer,20.758140325546265,1,0.0,97871.0,0.0,76.95
cross_layer,20.7611403465271,2,4.0,97871.0,0.0,74.94
cross_layer,20.7611403465271,3,4.0,97871.0,0.0,76.14
cross_layer,20.961140394210815,0,0.0,97871.0,0.0,75.29
cross_layer,20.961140394210815,1,0.0,97871.0,0.0,76.68
cross_layer,20.961140394210815,2,0.0,97871.0,0.0,74.83
cross_layer,20.961140394210815,3,0.0,97871.0,0.0,75.83
cross_layer,21.16114044189453,0,0.0,97871.0,0.0,75.06
cross_layer,21.16114044189453,1,0.0,97871.0,0.0,76.42
cross_layer,21.16114044189453,2,0.0,97871.0,0.0,74.72
cross_layer,21.16114044189453,3,0.0,97871.0,0.0,75.64
cross_layer,21.361140489578247,0,0.0,97871.0,0.0,74.85
cross_layer,21.362140417099,1,0.0,97871.0,0.0,76.18
cross_layer,21.362140417099,2,0.0,97871.0,0.0,74.68
cross_layer,21.362140417099,3,0.0,97871.0,0.0,75.43
cross_layer,21.562140464782715,0,0.0,97871.0,0.0,74.6
cross_layer,21.562140464782715,1,0.0,97871.0,0.0,75.96
cross_layer,21.562140464782715,2,0.0,97871.0,0.0,74.7
cross_layer,21.562140464782715,3,0.0,97871.0,0.0,75.22
