timestamp,index,memory_used_mib,memory_total_mib,utilization_gpu_percent,power_watts
2026/09/24 20:16:40.527, 0, 0, 97871, 0, 75.39
2026/09/24 20:16:40.531, 1, 0, 97871, 0, 76.81
2026/09/24 20:16:40.534, 2, 0, 97871, 0, 102.01
2026/09/24 20:16:40.538, 3, 0, 97871, 0, 100.96
2026/09/24 20:16:40.741, 0, 0, 97871, 0, 74.78
2026/09/24 20:16:40.741, 1, 0, 97871, 0, 76.48
2026/09/24 20:16:40.741, 2, 0, 97871, 0, 92.82
2026/09/24 20:16:40.741, 3, 0, 97871, 0, 91.60
2026/09/24 20:16:40.941, 0, 0, 97871, 0, 74.38
2026/09/24 20:16:40.941, 1, 0, 97871, 0, 76.17
2026/09/24 20:16:40.941, 2, 0, 97871, 0, 83.89
2026/09/24 20:16:40.941, 3, 0, 97871, 0, 82.17
2026/09/24 20:16:41.141, 0, 0, 97871, 0, 74.09
2026/09/24 20:16:41.141, 1, 0, 97871, 0, 75.88
2026/09/24 20:16:41.142, 2, 0, 97871, 0, 76.27
2026/09/24 20:16:41.142, 3, 0, 97871, 0, 78.33
2026/09/24 20:16:41.342, 0, 0, 97871, 0, 73.80
2026/09/24 20:16:41.342, 1, 0, 97871, 0, 75.62
2026/09/24 20:16:41.342, 2, 0, 97871, 0, 75.83
2026/09/24 20:16:41.342, 3, 0, 97871, 0, 76.77
2026/09/24 20:16:41.542, 0, 0, 97871, 0, 73.59
2026/09/24 20:16:41.542, 1, 0, 97871, 0, 75.39
2026/09/24 20:16:41.542, 2, 0, 97871, 0, 75.58
2026/09/24 20:16:41.542, 3, 0, 97871, 0, 76.45
2026/09/24 20:16:41.742, 0, 0, 97871, 0, 73.37
2026/09/24 20:16:41.742, 1, 0, 97871, 0, 75.20
2026/09/24 20:16:41.742, 2, 0, 97871, 0, 75.31
2026/09/24 20:16:41.742, 3, 0, 97871, 0, 76.19
2026/09/24 20:16:41.942, 0, 0, 97871, 0, 73.19
2026/09/24 20:16:41.942, 1, 0, 97871, 0, 75.08
2026/09/24 20:16:41.942, 2, 0, 97871, 0, 75.09
2026/09/24 20:16:41.942, 3, 0, 97871, 0, 75.93
2026/09/24 20:16:42.142, 0, 0, 97871, 0, 73.03
2026/09/24 20:16:42.142, 1, 0, 97871, 0, 74.98
2026/09/24 20:16:42.142, 2, 0, 97871, 0, 74.92
2026/09/24 20:16:42.142, 3, 0, 97871, 0, 75.72
2026/09/24 20:16:42.342, 0, 0, 97871, 0, 72.90
2026/09/24 20:16:42.342, 1, 0, 97871, 0, 74.93
2026/09/24 20:16:42.342, 2, 0, 97871, 0, 74.80
2026/09/24 20:16:42.342, 3, 0, 97871, 0, 75.55
2026/09/24 20:16:42.543, 0, 0, 97871, 0, 72.83
2026/09/24 20:16:42.543, 1, 0, 97871, 0, 74.92
2026/09/24 20:16:42.543, 2, 0, 97871, 0, 74.68
2026/09/24 20:16:42.543, 3, 0, 97871, 0, 75.44
2026/09/24 20:16:42.743, 0, 0, 97871, 0, 72.74
2026/09/24 20:16:42.743, 1, 0, 97871, 0, 74.92
2026/09/24 20:16:42.743, 2, 0, 97871, 0, 74.64
2026/09/24 20:16:42.743, 3, 0, 97871, 0, 75.38
2026/09/24 20:16:42.943, 0, 0, 97871, 0, 72.75
2026/09/24 20:16:42.943, 1, 0, 97871, 0, 74.90
2026/09/24 20:16:42.943, 2, 0, 97871, 0, 74.64
2026/09/24 20:16:42.943, 3, 0, 97871, 0, 75.34
2026/09/24 20:16:43.143, 0, 0, 97871, 0, 72.75
2026/09/24 20:16:43.143, 1, 0, 97871, 0, 74.91
2026/09/24 20:16:43.143, 2, 0, 97871, 0, 74.61
2026/09/24 20:16:43.143, 3, 0, 97871, 0, 75.34
2026/09/24 20:16:43.343, 0, 0, 97871, 0, 72.76
2026/09/24 20:16:43.343, 1, 0, 97871, 0, 74.92
2026/09/24 20:16:43.343, 2, 0, 97871, 0, 74.58
2026/09/24 20:16:43.343, 3, 0, 97871, 0, 75.35
2026/09/24 20:16:43.543, 0, 0, 97871, 0, 72.75
2026/09/24 20:16:43.543, 1, 0, 97871, 0, 74.89
2026/09/24 20:16:43.543, 2, 0, 97871, 0, 74.56
2026/09/24 20:16:43.543, 3, 0, 97871, 0, 75.35
2026/09/24 20:16:43.744, 0, 0, 97871, 0, 72.75
2026/09/24 20:16:43.744, 1, 0, 97871, 0, 74.88
2026/09/24 20:16:43.744, 2, 0, 97871, 0, 74.57
2026/09/24 20:16:43.744, 3, 0, 97871, 0, 75.32
2026/09/24 20:16:43.944, 0, 0, 97871, 0, 72.79
2026/09/24 20:16:43.944, 1, 0, 97871, 0, 74.88
2026/09/24 20:16:43.944, 2, 0, 97871, 0, 74.55
2026/09/24 20:16:43.944, 3, 0, 97871, 0, 75.34
2026/09/24 20:16:44.144, 0, 0, 97871, 0, 72.75
2026/09/24 20:16:44.144, 1, 0, 97871, 0, 74.87
2026/09/24 20:16:44.144, 2, 0, 97871, 0, 74.54
2026/09/24 20:16:44.144, 3, 0, 97871, 0, 75.34
2026/09/24 20:16:44.344, 0, 0, 97871, 0, 72.79
2026/09/24 20:16:44.344, 1, 0, 97871, 0, 74.86
2026/09/24 20:16:44.344, 2, 0, 97871, 0, 74.51
2026/09/24 20:16:44.344, 3, 0, 97871, 0, 75.33
2026/09/24 20:16:44.544, 0, 0, 97871, 0, 72.76
2026/09/24 20:16:44.544, 1, 0, 97871, 0, 74.86
2026/09/24 20:16:44.544, 2, 0, 97871, 0, 74.53
2026/09/24 20:16:44.544, 3, 0, 97871, 0, 75.32
2026/09/24 20:16:44.744, 0, 0, 97871, 0, 72.78
2026/09/24 20:16:44.744, 1, 0, 97871, 0, 74.87
2026/09/24 20:16:44.744, 2, 0, 97871, 0, 74.52
2026/09/24 20:16:44.744, 3, 0, 97871, 0, 75.36
2026/09/24 20:16:44.944, 0, 0, 97871, 0, 72.74
2026/09/24 20:16:44.944, 1, 0, 97871, 0, 74.89
2026/09/24 20:16:44.944, 2, 0, 97871, 0, 74.51
2026/09/24 20:16:44.945, 3, 0, 97871, 0, 75.33
2026/09/24 20:16:45.145, 0, 0, 97871, 0, 72.77
2026/09/24 20:16:45.145, 1, 0, 97871, 0, 74.88
2026/09/24 20:16:45.145, 2, 0, 97871, 0, 74.50
2026/09/24 20:16:45.145, 3, 0, 97871, 0, 75.34
2026/09/24 20:16:45.345, 0, 0, 97871, 0, 72.78
2026/09/24 20:16:45.345, 1, 0, 97871, 0, 74.86
2026/09/24 20:16:45.345, 2, 0, 97871, 0, 74.50
2026/09/24 20:16:45.345, 3, 0, 97871, 0, 75.36
2026/09/24 20:16:45.545, 0, 0, 97871, 0, 72.77
2026/09/24 20:16:45.545, 1, 0, 97871, 0, 74.86
2026/09/24 20:16:45.545, 2, 0, 97871, 0, 74.51
2026/09/24 20:16:45.545, 3, 0, 97871, 0, 75.36
2026/09/24 20:16:45.745, 0, 0, 97871, 0, 72.81
2026/09/24 20:16:45.745, 1, 0, 97871, 0, 74.86
2026/09/24 20:16:45.745, 2, 0, 97871, 0, 74.49
2026/09/24 20:16:45.745, 3, 0, 97871, 0, 75.35
2026/09/24 20:16:45.945, 0, 0, 97871, 0, 72.75
2026/09/24 20:16:45.945, 1, 0, 97871, 0, 74.81
2026/09/24 20:16:45.945, 2, 0, 97871, 0, 74.49
2026/09/24 20:16:45.945, 3, 0, 97871, 0, 75.35
2026/09/24 20:16:46.145, 0, 0, 97871, 0, 72.77
2026/09/24 20:16:46.145, 1, 0, 97871, 0, 74.78
2026/09/24 20:16:46.145, 2, 0, 97871, 0, 74.51
2026/09/24 20:16:46.145, 3, 0, 97871, 0, 75.32
2026/09/24 20:16:46.345, 0, 0, 97871, 0, 72.72
2026/09/24 20:16:46.345, 1, 0, 97871, 0, 74.78
2026/09/24 20:16:46.345, 2, 0, 97871, 0, 74.52
2026/09/24 20:16:46.346, 3, 0, 97871, 0, 75.32
2026/09/24 20:16:46.546, 0, 0, 97871, 0, 72.73
2026/09/24 20:16:46.546, 1, 0, 97871, 0, 74.78
2026/09/24 20:16:46.546, 2, 0, 97871, 0, 74.49
2026/09/24 20:16:46.546, 3, 0, 97871, 0, 75.30
2026/09/24 20:16:46.746, 0, 0, 97871, 0, 72.70
2026/09/24 20:16:46.746, 1, 0, 97871, 0, 74.76
2026/09/24 20:16:46.746, 2, 0, 97871, 0, 74.45
2026/09/24 20:16:46.746, 3, 0, 97871, 0, 75.26
2026/09/24 20:16:46.946, 0, 0, 97871, 0, 72.71
2026/09/24 20:16:46.946, 1, 0, 97871, 0, 74.76
2026/09/24 20:16:46.946, 2, 0, 97871, 0, 74.47
2026/09/24 20:16:46.946, 3, 0, 97871, 0, 75.23
2026/09/24 20:16:47.146, 0, 0, 97871, 0, 72.70
2026/09/24 20:16:47.146, 1, 0, 97871, 0, 74.78
2026/09/24 20:16:47.146, 2, 0, 97871, 0, 74.47
2026/09/24 20:16:47.146, 3, 0, 97871, 0, 75.21
2026/09/24 20:16:47.346, 0, 0, 97871, 0, 72.66
2026/09/24 20:16:47.346, 1, 0, 97871, 0, 74.77
2026/09/24 20:16:47.346, 2, 0, 97871, 0, 74.46
2026/09/24 20:16:47.346, 3, 0, 97871, 0, 75.17
2026/09/24 20:16:47.546, 0, 0, 97871, 0, 72.65
2026/09/24 20:16:47.546, 1, 0, 97871, 0, 74.75
2026/09/24 20:16:47.546, 2, 0, 97871, 0, 74.45
2026/09/24 20:16:47.546, 3, 0, 97871, 0, 75.16
2026/09/24 20:16:47.746, 0, 0, 97871, 0, 72.62
2026/09/24 20:16:47.747, 1, 0, 97871, 0, 74.74
2026/09/24 20:16:47.747, 2, 0, 97871, 0, 74.48
2026/09/24 20:16:47.747, 3, 0, 97871, 0, 75.17
2026/09/24 20:16:47.947, 0, 0, 97871, 0, 72.61
2026/09/24 20:16:47.947, 1, 0, 97871, 0, 74.74
2026/09/24 20:16:47.947, 2, 0, 97871, 0, 74.47
2026/09/24 20:16:47.947, 3, 0, 97871, 0, 75.17
2026/09/24 20:16:48.147, 0, 0, 97871, 0, 72.59
2026/09/24 20:16:48.147, 1, 0, 97871, 0, 74.73
2026/09/24 20:16:48.147, 2, 0, 97871, 0, 74.44
2026/09/24 20:16:48.147, 3, 0, 97871, 0, 75.17
2026/09/24 20:16:48.347, 0, 0, 97871, 0, 72.63
2026/09/24 20:16:48.347, 1, 0, 97871, 0, 74.74
2026/09/24 20:16:48.347, 2, 0, 97871, 0, 74.42
2026/09/24 20:16:48.347, 3, 0, 97871, 0, 75.17
2026/09/24 20:16:48.547, 0, 0, 97871, 0, 72.62
2026/09/24 20:16:48.547, 1, 0, 97871, 0, 74.72
2026/09/24 20:16:48.547, 2, 0, 97871, 0, 74.46
2026/09/24 20:16:48.547, 3, 0, 97871, 0, 75.18
2026/09/24 20:16:48.747, 0, 0, 97871, 0, 72.61
2026/09/24 20:16:48.747, 1, 0, 97871, 0, 74.72
2026/09/24 20:16:48.747, 2, 0, 97871, 0, 74.44
2026/09/24 20:16:48.747, 3, 0, 97871, 0, 75.17
2026/09/24 20:16:48.947, 0, 0, 97871, 0, 72.63
2026/09/24 20:16:48.947, 1, 0, 97871, 0, 74.73
2026/09/24 20:16:48.947, 2, 0, 97871, 0, 74.42
2026/09/24 20:16:48.947, 3, 0, 97871, 0, 75.18
2026/09/24 20:16:49.148, 0, 0, 97871, 0, 72.60
2026/09/24 20:16:49.148, 1, 0, 97871, 0, 74.74
2026/09/24 20:16:49.148, 2, 0, 97871, 0, 74.42
2026/09/24 20:16:49.148, 3, 0, 97871, 0, 75.17
2026/09/24 20:16:49.348, 0, 0, 97871, 0, 72.62
2026/09/24 20:16:49.348, 1, 0, 97871, 0, 74.74
2026/09/24 20:16:49.348, 2, 0, 97871, 0, 74.42
2026/09/24 20:16:49.348, 3, 0, 97871, 0, 75.18
2026/09/24 20:16:49.548, 0, 0, 97871, 0, 72.59
2026/09/24 20:16:49.548, 1, 0, 97871, 0, 74.74
2026/09/24 20:16:49.548, 2, 0, 97871, 0, 74.41
2026/09/24 20:16:49.548, 3, 0, 97871, 0, 75.17
2026/09/24 20:16:49.748, 0, 0, 97871, 0, 72.63
2026/09/24 20:16:49.748, 1, 0, 97871, 0, 74.76
2026/09/24 20:16:49.748, 2, 0, 97871, 0, 74.38
2026/09/24 20:16:49.748, 3, 0, 97871, 0, 75.17
2026/09/24 20:16:49.948, 0, 0, 97871, 0, 72.60
2026/09/24 20:16:49.948, 1, 0, 97871, 0, 74.75
2026/09/24 20:16:49.948, 2, 0, 97871, 0, 74.37
2026/09/24 20:16:49.948, 3, 0, 97871, 0, 75.17
2026/09/24 20:16:50.148, 0, 0, 97871, 0, 72.62
2026/09/24 20:16:50.148, 1, 0, 97871, 0, 74.73
2026/09/24 20:16:50.148, 2, 0, 97871, 0, 74.36
2026/09/24 20:16:50.148, 3, 0, 97871, 0, 75.19
2026/09/24 20:16:50.348, 0, 0, 97871, 0, 72.62
2026/09/24 20:16:50.348, 1, 0, 97871, 0, 74.72
2026/09/24 20:16:50.348, 2, 0, 97871, 0, 74.37
2026/09/24 20:16:50.348, 3, 0, 97871, 0, 75.19
2026/09/24 20:16:50.549, 0, 0, 97871, 0, 72.62
2026/09/24 20:16:50.549, 1, 0, 97871, 0, 74.72
2026/09/24 20:16:50.549, 2, 0, 97871, 0, 74.34
2026/09/24 20:16:50.549, 3, 0, 97871, 0, 75.17
2026/09/24 20:16:50.749, 0, 0, 97871, 0, 72.65
2026/09/24 20:16:50.749, 1, 0, 97871, 0, 74.70
2026/09/24 20:16:50.749, 2, 0, 97871, 0, 74.32
2026/09/24 20:16:50.749, 3, 0, 97871, 0, 75.16
2026/09/24 20:16:50.949, 0, 0, 97871, 0, 72.62
2026/09/24 20:16:50.949, 1, 0, 97871, 0, 74.70
2026/09/24 20:16:50.949, 2, 0, 97871, 0, 74.35
2026/09/24 20:16:50.949, 3, 0, 97871, 0, 75.15
2026/09/24 20:16:51.149, 0, 0, 97871, 0, 72.64
2026/09/24 20:16:51.149, 1, 0, 97871, 0, 74.70
2026/09/24 20:16:51.149, 2, 0, 97871, 0, 74.36
2026/09/24 20:16:51.149, 3, 0, 97871, 0, 75.14
2026/09/24 20:16:51.349, 0, 0, 97871, 0, 72.62
2026/09/24 20:16:51.349, 1, 0, 97871, 0, 74.68
2026/09/24 20:16:51.349, 2, 0, 97871, 0, 74.38
2026/09/24 20:16:51.349, 3, 0, 97871, 0, 75.12
2026/09/24 20:16:51.549, 0, 0, 97871, 0, 72.64
2026/09/24 20:16:51.549, 1, 0, 97871, 0, 74.68
2026/09/24 20:16:51.549, 2, 0, 97871, 0, 74.37
2026/09/24 20:16:51.549, 3, 0, 97871, 0, 75.11
2026/09/24 20:16:51.749, 0, 0, 97871, 0, 72.61
2026/09/24 20:16:51.749, 1, 0, 97871, 0, 74.67
2026/09/24 20:16:51.750, 2, 0, 97871, 0, 74.36
2026/09/24 20:16:51.750, 3, 0, 97871, 0, 75.13
2026/09/24 20:16:51.950, 0, 0, 97871, 0, 72.62
2026/09/24 20:16:51.950, 1, 0, 97871, 0, 74.66
2026/09/24 20:16:51.950, 2, 0, 97871, 0, 74.36
2026/09/24 20:16:51.950, 3, 0, 97871, 0, 75.11
2026/09/24 20:16:52.150, 0, 0, 97871, 0, 72.63
2026/09/24 20:16:52.150, 1, 0, 97871, 0, 74.64
2026/09/24 20:16:52.150, 2, 0, 97871, 0, 74.38
2026/09/24 20:16:52.150, 3, 0, 97871, 0, 75.12
2026/09/24 20:16:52.350, 0, 0, 97871, 0, 72.59
2026/09/24 20:16:52.350, 1, 0, 97871, 0, 74.65
2026/09/24 20:16:52.350, 2, 0, 97871, 0, 74.37
2026/09/24 20:16:52.350, 3, 0, 97871, 0, 75.13
2026/09/24 20:16:52.550, 0, 0, 97871, 0, 72.60
2026/09/24 20:16:52.550, 1, 0, 97871, 0, 74.63
2026/09/24 20:16:52.550, 2, 0, 97871, 0, 74.39
2026/09/24 20:16:52.550, 3, 0, 97871, 0, 75.14
2026/09/24 20:16:52.750, 0, 0, 97871, 0, 72.55
2026/09/24 20:16:52.750, 1, 0, 97871, 0, 74.61
2026/09/24 20:16:52.750, 2, 0, 97871, 0, 74.42
2026/09/24 20:16:52.750, 3, 0, 97871, 0, 75.12
2026/09/24 20:16:52.950, 0, 0, 97871, 0, 72.56
2026/09/24 20:16:52.951, 1, 0, 97871, 0, 74.58
2026/09/24 20:16:52.951, 2, 0, 97871, 0, 74.43
2026/09/24 20:16:52.951, 3, 0, 97871, 0, 75.12
2026/09/24 20:16:53.151, 0, 0, 97871, 0, 72.50
2026/09/24 20:16:53.151, 1, 0, 97871, 0, 74.59
2026/09/24 20:16:53.151, 2, 0, 97871, 0, 74.39
2026/09/24 20:16:53.151, 3, 0, 97871, 0, 75.08
2026/09/24 20:16:53.351, 0, 0, 97871, 0, 72.53
2026/09/24 20:16:53.351, 1, 0, 97871, 0, 74.58
2026/09/24 20:16:53.351, 2, 0, 97871, 0, 74.37
2026/09/24 20:16:53.351, 3, 0, 97871, 0, 75.07
2026/09/24 20:16:53.551, 0, 0, 97871, 0, 72.50
2026/09/24 20:16:53.551, 1, 0, 97871, 0, 74.58
2026/09/24 20:16:53.551, 2, 0, 97871, 0, 74.37
2026/09/24 20:16:53.551, 3, 0, 97871, 0, 75.06
2026/09/24 20:16:53.751, 0, 0, 97871, 0, 72.50
2026/09/24 20:16:53.751, 1, 0, 97871, 0, 74.57
2026/09/24 20:16:53.751, 2, 0, 97871, 0, 74.37
2026/09/24 20:16:53.751, 3, 0, 97871, 0, 75.03
2026/09/24 20:16:53.951, 0, 0, 97871, 0, 72.51
2026/09/24 20:16:53.951, 1, 0, 97871, 0, 74.59
2026/09/24 20:16:53.951, 2, 0, 97871, 0, 74.35
2026/09/24 20:16:53.951, 3, 0, 97871, 0, 75.02
2026/09/24 20:16:54.151, 0, 0, 97871, 0, 72.51
2026/09/24 20:16:54.151, 1, 0, 97871, 0, 74.58
2026/09/24 20:16:54.151, 2, 0, 97871, 0, 74.33
2026/09/24 20:16:54.151, 3, 0, 97871, 0, 75.03
2026/09/24 20:16:54.352, 0, 0, 97871, 0, 72.53
2026/09/24 20:16:54.352, 1, 0, 97871, 0, 74.57
2026/09/24 20:16:54.352, 2, 0, 97871, 0, 74.35
2026/09/24 20:16:54.352, 3, 0, 97871, 0, 75.03
2026/09/24 20:16:54.552, 0, 0, 97871, 0, 72.49
2026/09/24 20:16:54.552, 1, 0, 97871, 0, 74.58
2026/09/24 20:16:54.552, 2, 0, 97871, 0, 74.36
2026/09/24 20:16:54.552, 3, 0, 97871, 0, 75.02
2026/09/24 20:16:54.752, 0, 0, 97871, 0, 72.52
2026/09/24 20:16:54.752, 1, 0, 97871, 0, 74.59
2026/09/24 20:16:54.752, 2, 0, 97871, 0, 74.31
2026/09/24 20:16:54.752, 3, 0, 97871, 0, 75.04
2026/09/24 20:16:54.952, 0, 0, 97871, 0, 72.49
2026/09/24 20:16:54.952, 1, 0, 97871, 0, 74.57
2026/09/24 20:16:54.952, 2, 0, 97871, 0, 74.29
2026/09/24 20:16:54.952, 3, 0, 97871, 0, 75.05
2026/09/24 20:16:55.152, 0, 0, 97871, 0, 72.49
2026/09/24 20:16:55.152, 1, 0, 97871, 0, 74.58
2026/09/24 20:16:55.152, 2, 0, 97871, 0, 74.31
2026/09/24 20:16:55.152, 3, 0, 97871, 0, 75.04
2026/09/24 20:16:55.352, 0, 0, 97871, 0, 72.47
2026/09/24 20:16:55.352, 1, 0, 97871, 0, 74.57
2026/09/24 20:16:55.352, 2, 0, 97871, 0, 74.29
2026/09/24 20:16:55.352, 3, 0, 97871, 0, 75.04
2026/09/24 20:16:55.552, 0, 0, 97871, 0, 72.49
2026/09/24 20:16:55.552, 1, 0, 97871, 0, 74.55
2026/09/24 20:16:55.552, 2, 0, 97871, 0, 74.27
2026/09/24 20:16:55.553, 3, 0, 97871, 0, 75.04
2026/09/24 20:16:55.753, 0, 0, 97871, 0, 72.50
2026/09/24 20:16:55.753, 1, 0, 97871, 0, 74.56
2026/09/24 20:16:55.753, 2, 0, 97871, 0, 74.26
2026/09/24 20:16:55.753, 3, 0, 97871, 0, 75.04
2026/09/24 20:16:55.953, 0, 0, 97871, 0, 72.49
2026/09/24 20:16:55.953, 1, 0, 97871, 0, 74.57
2026/09/24 20:16:55.953, 2, 0, 97871, 0, 74.28
2026/09/24 20:16:55.953, 3, 0, 97871, 0, 75.02
2026/09/24 20:16:56.153, 0, 0, 97871, 0, 72.52
2026/09/24 20:16:56.153, 1, 0, 97871, 0, 74.58
2026/09/24 20:16:56.153, 2, 0, 97871, 0, 74.26
2026/09/24 20:16:56.153, 3, 0, 97871, 0, 75.01
2026/09/24 20:16:56.353, 0, 0, 97871, 0, 72.48
2026/09/24 20:16:56.354, 1, 0, 97871, 0, 74.56
2026/09/24 20:16:56.354, 2, 0, 97871, 0, 74.30
2026/09/24 20:16:56.354, 3, 0, 97871, 0, 75.00
2026/09/24 20:16:56.554, 0, 0, 97871, 0, 72.53
2026/09/24 20:16:56.554, 1, 0, 97871, 0, 74.58
2026/09/24 20:16:56.554, 2, 0, 97871, 0, 74.29
2026/09/24 20:16:56.554, 3, 0, 97871, 0, 75.00
2026/09/24 20:16:56.755, 0, 0, 97871, 0, 72.49
2026/09/24 20:16:56.755, 1, 0, 97871, 0, 74.59
2026/09/24 20:16:56.755, 2, 0, 97871, 0, 74.31
2026/09/24 20:16:56.755, 3, 0, 97871, 0, 74.99
2026/09/24 20:16:56.955, 0, 0, 97871, 0, 72.51
2026/09/24 20:16:56.955, 1, 0, 97871, 0, 74.57
2026/09/24 20:16:56.955, 2, 0, 97871, 0, 74.27
2026/09/24 20:16:56.955, 3, 0, 97871, 0, 75.00
2026/09/24 20:16:57.155, 0, 0, 97871, 0, 72.49
2026/09/24 20:16:57.155, 1, 0, 97871, 0, 74.56
2026/09/24 20:16:57.155, 2, 0, 97871, 0, 74.30
2026/09/24 20:16:57.155, 3, 0, 97871, 0, 75.01
2026/09/24 20:16:57.355, 0, 0, 97871, 0, 72.51
2026/09/24 20:16:57.355, 1, 0, 97871, 0, 74.56
2026/09/24 20:16:57.355, 2, 0, 97871, 0, 74.29
2026/09/24 20:16:57.355, 3, 0, 97871, 0, 75.03
2026/09/24 20:16:57.555, 0, 0, 97871, 0, 72.50
2026/09/24 20:16:57.555, 1, 0, 97871, 0, 74.54
2026/09/24 20:16:57.555, 2, 0, 97871, 0, 74.31
2026/09/24 20:16:57.555, 3, 0, 97871, 0, 75.01
2026/09/24 20:16:57.755, 0, 0, 97871, 0, 72.47
2026/09/24 20:16:57.755, 1, 0, 97871, 0, 74.52
2026/09/24 20:16:57.755, 2, 0, 97871, 0, 74.27
2026/09/24 20:16:57.755, 3, 0, 97871, 0, 75.01
2026/09/24 20:16:57.956, 0, 0, 97871, 0, 72.50
2026/09/24 20:16:57.956, 1, 0, 97871, 0, 74.53
2026/09/24 20:16:57.956, 2, 0, 97871, 0, 74.28
2026/09/24 20:16:57.956, 3, 0, 97871, 0, 75.01
2026/09/24 20:16:58.156, 0, 0, 97871, 0, 72.46
2026/09/24 20:16:58.156, 1, 0, 97871, 0, 74.51
2026/09/24 20:16:58.156, 2, 0, 97871, 0, 74.30
2026/09/24 20:16:58.156, 3, 0, 97871, 0, 75.03
2026/09/24 20:16:58.356, 0, 0, 97871, 0, 72.49
2026/09/24 20:16:58.356, 1, 0, 97871, 0, 74.50
2026/09/24 20:16:58.356, 2, 0, 97871, 0, 74.30
2026/09/24 20:16:58.356, 3, 0, 97871, 0, 75.00
2026/09/24 20:16:58.556, 0, 0, 97871, 0, 72.44
2026/09/24 20:16:58.556, 1, 0, 97871, 0, 74.48
2026/09/24 20:16:58.556, 2, 0, 97871, 0, 74.29
2026/09/24 20:16:58.556, 3, 0, 97871, 0, 75.01
2026/09/24 20:16:58.756, 0, 0, 97871, 0, 72.46
2026/09/24 20:16:58.756, 1, 0, 97871, 0, 74.47
2026/09/24 20:16:58.756, 2, 0, 97871, 0, 74.31
2026/09/24 20:16:58.756, 3, 0, 97871, 0, 75.01
2026/09/24 20:16:58.956, 0, 0, 97871, 0, 72.45
2026/09/24 20:16:58.956, 1, 0, 97871, 0, 74.46
2026/09/24 20:16:58.956, 2, 0, 97871, 0, 74.32
2026/09/24 20:16:58.956, 3, 0, 97871, 0, 74.99
2026/09/24 20:16:59.156, 0, 0, 97871, 0, 72.45
2026/09/24 20:16:59.156, 1, 0, 97871, 0, 74.45
2026/09/24 20:16:59.156, 2, 0, 97871, 0, 74.33
2026/09/24 20:16:59.156, 3, 0, 97871, 0, 74.95
2026/09/24 20:16:59.357, 0, 0, 97871, 0, 72.44
2026/09/24 20:16:59.357, 1, 0, 97871, 0, 74.43
2026/09/24 20:16:59.357, 2, 0, 97871, 0, 74.31
2026/09/24 20:16:59.357, 3, 0, 97871, 0, 74.93
2026/09/24 20:16:59.557, 0, 0, 97871, 0, 72.44
2026/09/24 20:16:59.557, 1, 0, 97871, 0, 74.45
2026/09/24 20:16:59.557, 2, 0, 97871, 0, 74.31
2026/09/24 20:16:59.557, 3, 0, 97871, 0, 74.91
2026/09/24 20:16:59.757, 0, 0, 97871, 0, 72.45
2026/09/24 20:16:59.757, 1, 0, 97871, 0, 74.45
2026/09/24 20:16:59.757, 2, 0, 97871, 0, 74.31
2026/09/24 20:16:59.757, 3, 0, 97871, 0, 74.91
2026/09/24 20:16:59.957, 0, 0, 97871, 0, 72.40
2026/09/24 20:16:59.957, 1, 0, 97871, 0, 74.45
2026/09/24 20:16:59.957, 2, 0, 97871, 0, 74.29
2026/09/24 20:16:59.957, 3, 0, 97871, 0, 74.89
2026/09/24 20:17:00.157, 0, 0, 97871, 0, 72.43
2026/09/24 20:17:00.157, 1, 0, 97871, 0, 74.44
2026/09/24 20:17:00.157, 2, 0, 97871, 0, 74.28
2026/09/24 20:17:00.157, 3, 0, 97871, 0, 74.91
2026/09/24 20:17:00.357, 0, 0, 97871, 0, 72.40
2026/09/24 20:17:00.357, 1, 0, 97871, 0, 74.46
2026/09/24 20:17:00.357, 2, 0, 97871, 0, 74.25
2026/09/24 20:17:00.357, 3, 0, 97871, 0, 74.90
2026/09/24 20:17:00.557, 0, 0, 97871, 0, 72.42
2026/09/24 20:17:00.557, 1, 0, 97871, 0, 74.44
2026/09/24 20:17:00.557, 2, 0, 97871, 0, 74.26
2026/09/24 20:17:00.558, 3, 0, 97871, 0, 74.91
2026/09/24 20:17:00.758, 0, 0, 97871, 0, 72.41
2026/09/24 20:17:00.758, 1, 0, 97871, 0, 74.44
2026/09/24 20:17:00.758, 2, 0, 97871, 0, 74.24
2026/09/24 20:17:00.758, 3, 0, 97871, 0, 74.90
2026/09/24 20:17:00.958, 0, 0, 97871, 0, 72.43
2026/09/24 20:17:00.959, 1, 0, 97871, 0, 74.43
2026/09/24 20:17:00.959, 2, 0, 97871, 0, 74.24
2026/09/24 20:17:00.962, 3, 0, 97871, 0, 74.91
2026/09/24 20:17:01.163, 0, 1, 97871, 0, 72.45
2026/09/24 20:17:01.164, 1, 1, 97871, 0, 74.47
2026/09/24 20:17:01.164, 2, 1, 97871, 0, 74.23
2026/09/24 20:17:01.166, 3, 1, 97871, 0, 74.93
2026/09/24 20:17:01.371, 0, 1, 97871, 0, 72.46
2026/09/24 20:17:01.384, 1, 1, 97871, 0, 74.46
2026/09/24 20:17:01.384, 2, 1, 97871, 0, 74.21
2026/09/24 20:17:01.385, 3, 1, 97871, 0, 74.92
2026/09/24 20:17:01.589, 0, 4, 97871, 0, 72.50
2026/09/24 20:17:01.599, 1, 1, 97871, 0, 74.48
2026/09/24 20:17:01.599, 2, 1, 97871, 0, 74.21
2026/09/24 20:17:01.599, 3, 1, 97871, 0, 74.92
2026/09/24 20:17:01.799, 0, 4, 97871, 0, 72.47
2026/09/24 20:17:01.807, 1, 4, 97871, 0, 74.50
2026/09/24 20:17:01.807, 2, 1, 97871, 0, 74.25
2026/09/24 20:17:01.807, 3, 1, 97871, 0, 74.91
2026/09/24 20:17:02.007, 0, 4, 97871, 0, 72.50
2026/09/24 20:17:02.040, 1, 4, 97871, 0, 74.51
2026/09/24 20:17:02.040, 2, 4, 97871, 0, 74.28
2026/09/24 20:17:02.040, 3, 1, 97871, 0, 74.92
2026/09/24 20:17:02.240, 0, 4, 97871, 0, 72.46
2026/09/24 20:17:02.242, 1, 4, 97871, 0, 74.47
2026/09/24 20:17:02.242, 2, 4, 97871, 0, 74.28
2026/09/24 20:17:02.242, 3, 4, 97871, 0, 75.01
2026/09/24 20:17:02.442, 0, 4, 97871, 0, 72.47
2026/09/24 20:17:02.442, 1, 4, 97871, 0, 74.50
2026/09/24 20:17:02.442, 2, 4, 97871, 0, 74.29
2026/09/24 20:17:02.442, 3, 4, 97871, 0, 75.54
2026/09/24 20:17:02.642, 0, 4, 97871, 0, 72.46
2026/09/24 20:17:02.642, 1, 4, 97871, 0, 74.48
2026/09/24 20:17:02.642, 2, 4, 97871, 0, 74.30
2026/09/24 20:17:02.642, 3, 4, 97871, 0, 76.07
2026/09/24 20:17:02.842, 0, 20, 97871, 0, 72.47
2026/09/24 20:17:02.854, 1, 20, 97871, 0, 74.46
2026/09/24 20:17:02.855, 2, 20, 97871, 0, 77.51
2026/09/24 20:17:02.855, 3, 20, 97871, 0, 78.09
2026/09/24 20:17:03.055, 0, 21, 97871, 0, 80.17
2026/09/24 20:17:03.059, 1, 21, 97871, 0, 82.17
2026/09/24 20:17:03.067, 2, 21, 97871, 0, 86.31
2026/09/24 20:17:03.068, 3, 21, 97871, 0, 87.33
2026/09/24 20:17:03.269, 0, 385, 97871, 2, 89.34
2026/09/24 20:17:03.269, 1, 385, 97871, 0, 96.17
2026/09/24 20:17:03.269, 2, 385, 97871, 1, 95.42
2026/09/24 20:17:03.269, 3, 385, 97871, 0, 96.51
2026/09/24 20:17:03.469, 0, 385, 97871, 0, 97.52
2026/09/24 20:17:03.469, 1, 385, 97871, 1, 105.27
2026/09/24 20:17:03.469, 2, 385, 97871, 0, 103.41
2026/09/24 20:17:03.469, 3, 385, 97871, 0, 104.84
2026/09/24 20:17:03.669, 0, 385, 97871, 0, 105.92
2026/09/24 20:17:03.669, 1, 385, 97871, 0, 114.36
2026/09/24 20:17:03.669, 2, 385, 97871, 0, 111.86
2026/09/24 20:17:03.669, 3, 385, 97871, 0, 113.15
2026/09/24 20:17:03.869, 0, 385, 97871, 0, 115.26
2026/09/24 20:17:03.871, 1, 385, 97871, 0, 121.67
2026/09/24 20:17:03.872, 2, 385, 97871, 0, 118.01
2026/09/24 20:17:03.873, 3, 385, 97871, 0, 120.79
2026/09/24 20:17:04.073, 0, 483, 97871, 0, 116.02
2026/09/24 20:17:04.073, 1, 483, 97871, 0, 121.12
2026/09/24 20:17:04.073, 2, 483, 97871, 0, 117.57
2026/09/24 20:17:04.073, 3, 483, 97871, 0, 120.28
2026/09/24 20:17:04.273, 0, 727, 97871, 0, 115.64
2026/09/24 20:17:04.273, 1, 727, 97871, 8, 120.87
2026/09/24 20:17:04.273, 2, 725, 97871, 3, 117.32
2026/09/24 20:17:04.314, 3, 727, 97871, 7, 120.06
2026/09/24 20:17:04.514, 0, 1019, 97871, 1, 115.66
2026/09/24 20:17:04.516, 1, 1019, 97871, 1, 120.89
2026/09/24 20:17:04.516, 2, 1019, 97871, 0, 117.49
2026/09/24 20:17:04.520, 3, 1019, 97871, 1, 120.09
2026/09/24 20:17:04.720, 0, 1163, 97871, 0, 115.61
2026/09/24 20:17:04.720, 1, 1163, 97871, 0, 120.89
2026/09/24 20:17:04.720, 2, 1163, 97871, 0, 117.57
2026/09/24 20:17:04.720, 3, 1163, 97871, 0, 120.13
2026/09/24 20:17:04.970, 0, 1201, 97871, 1, 115.79
2026/09/24 20:17:04.970, 1, 1201, 97871, 0, 121.24
2026/09/24 20:17:04.970, 2, 1201, 97871, 1, 117.96
2026/09/24 20:17:04.970, 3, 1201, 97871, 0, 120.55
2026/09/24 20:17:05.170, 0, 1443, 97871, 0, 115.77
2026/09/24 20:17:05.170, 1, 1443, 97871, 0, 121.26
2026/09/24 20:17:05.171, 2, 1443, 97871, 0, 117.97
2026/09/24 20:17:05.171, 3, 1443, 97871, 0, 120.61
2026/09/24 20:17:05.371, 0, 1735, 97871, 0, 115.78
2026/09/24 20:17:05.371, 1, 1735, 97871, 1, 121.26
2026/09/24 20:17:05.374, 2, 1735, 97871, 1, 117.89
2026/09/24 20:17:05.375, 3, 1735, 97871, 0, 120.68
2026/09/24 20:17:05.576, 0, 1735, 97871, 1, 115.78
2026/09/24 20:17:05.576, 1, 1735, 97871, 1, 121.27
2026/09/24 20:17:05.576, 2, 1735, 97871, 1, 117.81
2026/09/24 20:17:05.577, 3, 1735, 97871, 0, 120.68
2026/09/24 20:17:05.777, 0, 1735, 97871, 0, 116.02
2026/09/24 20:17:05.777, 1, 1735, 97871, 0, 121.25
2026/09/24 20:17:05.777, 2, 1735, 97871, 0, 118.14
2026/09/24 20:17:05.777, 3, 1735, 97871, 0, 120.74
2026/09/24 20:17:05.977, 0, 1805, 97871, 0, 115.89
2026/09/24 20:17:05.977, 1, 1805, 97871, 0, 121.18
2026/09/24 20:17:05.977, 2, 1805, 97871, 0, 117.76
2026/09/24 20:17:05.977, 3, 1805, 97871, 0, 120.59
2026/09/24 20:17:06.177, 0, 1807, 97871, 0, 115.88
2026/09/24 20:17:06.185, 1, 1805, 97871, 0, 121.19
2026/09/24 20:17:06.186, 2, 1807, 97871, 0, 117.75
2026/09/24 20:17:06.186, 3, 1807, 97871, 0, 120.50
2026/09/24 20:17:06.386, 0, 2831, 97871, 0, 115.87
2026/09/24 20:17:06.386, 1, 2831, 97871, 0, 121.18
2026/09/24 20:17:06.386, 2, 2831, 97871, 0, 117.73
2026/09/24 20:17:06.386, 3, 2831, 97871, 3, 120.50
2026/09/24 20:17:06.586, 0, 2831, 97871, 0, 115.88
2026/09/24 20:17:06.586, 1, 2831, 97871, 1, 121.17
2026/09/24 20:17:06.586, 2, 2831, 97871, 0, 117.87
2026/09/24 20:17:06.586, 3, 2831, 97871, 0, 120.48
2026/09/24 20:17:06.786, 0, 4281, 97871, 0, 116.77
2026/09/24 20:17:06.786, 1, 4281, 97871, 0, 121.51
2026/09/24 20:17:06.786, 2, 4281, 97871, 0, 117.69
2026/09/24 20:17:06.786, 3, 4281, 97871, 0, 120.53
2026/09/24 20:17:06.986, 0, 17717, 97871, 0, 116.85
2026/09/24 20:17:06.986, 1, 17717, 97871, 3, 121.51
2026/09/24 20:17:06.986, 2, 17717, 97871, 0, 117.65
2026/09/24 20:17:06.987, 3, 17717, 97871, 0, 120.52
2026/09/24 20:17:07.187, 0, 17717, 97871, 6, 116.81
2026/09/24 20:17:07.187, 1, 17717, 97871, 6, 121.53
2026/09/24 20:17:07.187, 2, 17717, 97871, 7, 117.60
2026/09/24 20:17:07.187, 3, 17717, 97871, 4, 120.57
2026/09/24 20:17:07.387, 0, 17717, 97871, 2, 116.84
2026/09/24 20:17:07.387, 1, 17717, 97871, 2, 121.56
2026/09/24 20:17:07.387, 2, 17717, 97871, 1, 117.63
2026/09/24 20:17:07.387, 3, 17717, 97871, 2, 120.51
2026/09/24 20:17:07.587, 0, 17717, 97871, 3, 116.84
2026/09/24 20:17:07.587, 1, 17717, 97871, 3, 121.58
2026/09/24 20:17:07.587, 2, 17717, 97871, 2, 117.49
2026/09/24 20:17:07.587, 3, 17717, 97871, 3, 120.52
2026/09/24 20:17:07.787, 0, 17717, 97871, 2, 115.68
2026/09/24 20:17:07.787, 1, 17717, 97871, 2, 121.01
2026/09/24 20:17:07.787, 2, 17717, 97871, 2, 117.32
2026/09/24 20:17:07.787, 3, 17717, 97871, 2, 120.14
2026/09/24 20:17:07.987, 0, 17717, 97871, 3, 115.67
2026/09/24 20:17:07.987, 1, 17717, 97871, 3, 121.00
2026/09/24 20:17:07.987, 2, 17717, 97871, 3, 117.34
2026/09/24 20:17:07.987, 3, 17717, 97871, 3, 120.14
2026/09/24 20:17:08.187, 0, 17717, 97871, 2, 115.67
2026/09/24 20:17:08.187, 1, 17717, 97871, 2, 121.00
2026/09/24 20:17:08.187, 2, 17717, 97871, 2, 117.35
2026/09/24 20:17:08.187, 3, 17717, 97871, 2, 120.14
2026/09/24 20:17:08.387, 0, 17717, 97871, 3, 115.69
2026/09/24 20:17:08.387, 1, 17717, 97871, 3, 120.99
2026/09/24 20:17:08.388, 2, 17717, 97871, 3, 117.36
2026/09/24 20:17:08.388, 3, 17717, 97871, 3, 120.14
2026/09/24 20:17:08.588, 0, 17717, 97871, 2, 115.65
2026/09/24 20:17:08.588, 1, 17717, 97871, 2, 120.99
2026/09/24 20:17:08.588, 2, 17717, 97871, 2, 117.37
2026/09/24 20:17:08.588, 3, 17717, 97871, 2, 120.12
2026/09/24 20:17:08.788, 0, 17717, 97871, 3, 115.67
2026/09/24 20:17:08.788, 1, 17717, 97871, 2, 120.98
2026/09/24 20:17:08.788, 2, 17717, 97871, 2, 117.34
2026/09/24 20:17:08.788, 3, 17717, 97871, 2, 120.13
2026/09/24 20:17:08.988, 0, 17717, 97871, 2, 115.64
2026/09/24 20:17:08.988, 1, 17717, 97871, 2, 120.96
2026/09/24 20:17:08.988, 2, 17717, 97871, 2, 117.33
2026/09/24 20:17:08.988, 3, 17717, 97871, 2, 120.12
2026/09/24 20:17:09.188, 0, 17717, 97871, 3, 115.64
2026/09/24 20:17:09.188, 1, 17717, 97871, 2, 120.95
2026/09/24 20:17:09.188, 2, 17717, 97871, 2, 117.34
2026/09/24 20:17:09.188, 3, 17717, 97871, 3, 120.10
2026/09/24 20:17:09.388, 0, 17717, 97871, 2, 115.59
2026/09/24 20:17:09.388, 1, 17717, 97871, 2, 120.95
2026/09/24 20:17:09.388, 2, 17717, 97871, 2, 117.34
2026/09/24 20:17:09.388, 3, 17717, 97871, 2, 120.09
2026/09/24 20:17:09.588, 0, 17717, 97871, 3, 115.62
2026/09/24 20:17:09.588, 1, 17717, 97871, 2, 120.96
2026/09/24 20:17:09.588, 2, 17717, 97871, 2, 117.32
2026/09/24 20:17:09.588, 3, 17717, 97871, 3, 120.11
2026/09/24 20:17:09.789, 0, 17717, 97871, 2, 115.60
2026/09/24 20:17:09.789, 1, 17717, 97871, 1, 120.94
2026/09/24 20:17:09.789, 2, 17717, 97871, 1, 117.32
2026/09/24 20:17:09.789, 3, 17717, 97871, 2, 120.13
2026/09/24 20:17:09.989, 0, 17717, 97871, 3, 115.60
2026/09/24 20:17:09.989, 1, 17717, 97871, 2, 120.94
2026/09/24 20:17:09.989, 2, 17717, 97871, 2, 117.34
2026/09/24 20:17:09.989, 3, 17717, 97871, 3, 120.12
2026/09/24 20:17:10.189, 0, 17717, 97871, 2, 115.61
2026/09/24 20:17:10.189, 1, 17717, 97871, 1, 120.92
2026/09/24 20:17:10.189, 2, 17717, 97871, 1, 117.35
2026/09/24 20:17:10.189, 3, 17717, 97871, 2, 120.11
2026/09/24 20:17:10.389, 0, 17717, 97871, 2, 115.62
2026/09/24 20:17:10.389, 1, 17717, 97871, 2, 120.92
2026/09/24 20:17:10.389, 2, 17717, 97871, 2, 117.38
2026/09/24 20:17:10.389, 3, 17717, 97871, 2, 120.11
2026/09/24 20:17:10.589, 0, 17717, 97871, 1, 115.64
2026/09/24 20:17:10.589, 1, 17717, 97871, 1, 120.89
2026/09/24 20:17:10.589, 2, 17717, 97871, 1, 117.36
2026/09/24 20:17:10.589, 3, 17717, 97871, 1, 120.10
2026/09/24 20:17:10.789, 0, 17717, 97871, 2, 115.62
2026/09/24 20:17:10.789, 1, 17717, 97871, 2, 120.90
2026/09/24 20:17:10.789, 2, 17717, 97871, 1, 117.38
2026/09/24 20:17:10.789, 3, 17717, 97871, 2, 120.09
2026/09/24 20:17:10.989, 0, 17717, 97871, 1, 115.63
2026/09/24 20:17:10.989, 1, 17717, 97871, 1, 120.92
2026/09/24 20:17:10.989, 2, 17717, 97871, 1, 117.40
2026/09/24 20:17:10.989, 3, 17717, 97871, 1, 120.11
2026/09/24 20:17:11.190, 0, 17717, 97871, 2, 115.59
2026/09/24 20:17:11.190, 1, 17717, 97871, 2, 120.95
2026/09/24 20:17:11.190, 2, 17717, 97871, 2, 117.42
2026/09/24 20:17:11.190, 3, 17717, 97871, 2, 120.11
2026/09/24 20:17:11.390, 0, 17717, 97871, 1, 115.60
2026/09/24 20:17:11.390, 1, 17717, 97871, 1, 120.93
2026/09/24 20:17:11.390, 2, 17717, 97871, 1, 117.35
2026/09/24 20:17:11.390, 3, 17717, 97871, 1, 120.09
2026/09/24 20:17:11.590, 0, 17717, 97871, 3, 115.57
2026/09/24 20:17:11.590, 1, 17717, 97871, 2, 120.95
2026/09/24 20:17:11.590, 2, 17717, 97871, 1, 117.38
2026/09/24 20:17:11.590, 3, 17717, 97871, 2, 120.08
2026/09/24 20:17:11.790, 0, 17717, 97871, 2, 115.56
2026/09/24 20:17:11.790, 1, 17717, 97871, 2, 120.94
2026/09/24 20:17:11.790, 2, 17717, 97871, 1, 117.38
2026/09/24 20:17:11.790, 3, 17717, 97871, 2, 120.06
2026/09/24 20:17:11.990, 0, 17717, 97871, 2, 115.57
2026/09/24 20:17:11.990, 1, 17717, 97871, 2, 120.90
2026/09/24 20:17:11.990, 2, 17717, 97871, 2, 117.38
2026/09/24 20:17:11.990, 3, 17717, 97871, 2, 120.05
2026/09/24 20:17:12.190, 0, 17717, 97871, 2, 115.56
2026/09/24 20:17:12.190, 1, 17717, 97871, 1, 120.90
2026/09/24 20:17:12.190, 2, 17717, 97871, 1, 117.34
2026/09/24 20:17:12.190, 3, 17717, 97871, 1, 120.05
2026/09/24 20:17:12.390, 0, 17717, 97871, 3, 115.59
2026/09/24 20:17:12.391, 1, 17717, 97871, 2, 120.91
2026/09/24 20:17:12.391, 2, 17717, 97871, 2, 117.36
2026/09/24 20:17:12.391, 3, 17717, 97871, 2, 120.07
2026/09/24 20:17:12.591, 0, 17717, 97871, 2, 115.58
2026/09/24 20:17:12.591, 1, 17717, 97871, 2, 120.88
2026/09/24 20:17:12.591, 2, 17717, 97871, 1, 117.35
2026/09/24 20:17:12.591, 3, 17717, 97871, 1, 120.08
2026/09/24 20:17:12.791, 0, 17717, 97871, 3, 115.63
2026/09/24 20:17:12.791, 1, 17717, 97871, 3, 120.91
2026/09/24 20:17:12.791, 2, 17717, 97871, 2, 117.35
2026/09/24 20:17:12.791, 3, 17717, 97871, 2, 120.07
2026/09/24 20:17:12.991, 0, 17717, 97871, 2, 115.61
2026/09/24 20:17:12.991, 1, 17717, 97871, 2, 120.92
2026/09/24 20:17:12.991, 2, 17717, 97871, 1, 117.28
2026/09/24 20:17:12.991, 3, 17717, 97871, 1, 120.07
2026/09/24 20:17:13.191, 0, 17717, 97871, 3, 115.64
2026/09/24 20:17:13.191, 1, 17717, 97871, 3, 120.92
2026/09/24 20:17:13.191, 2, 17717, 97871, 3, 117.30
2026/09/24 20:17:13.191, 3, 17717, 97871, 2, 120.08
2026/09/24 20:17:13.391, 0, 17717, 97871, 2, 115.61
2026/09/24 20:17:13.391, 1, 17717, 97871, 2, 120.91
2026/09/24 20:17:13.391, 2, 17717, 97871, 2, 117.31
2026/09/24 20:17:13.391, 3, 17717, 97871, 2, 120.05
2026/09/24 20:17:13.591, 0, 17717, 97871, 3, 115.59
2026/09/24 20:17:13.591, 1, 17717, 97871, 3, 120.94
2026/09/24 20:17:13.591, 2, 17717, 97871, 3, 117.32
2026/09/24 20:17:13.591, 3, 17717, 97871, 2, 119.96
2026/09/24 20:17:13.792, 0, 17717, 97871, 2, 115.60
2026/09/24 20:17:13.792, 1, 17717, 97871, 1, 120.91
2026/09/24 20:17:13.792, 2, 17717, 97871, 1, 117.29
2026/09/24 20:17:13.792, 3, 17717, 97871, 1, 119.99
2026/09/24 20:17:13.992, 0, 17717, 97871, 3, 115.60
2026/09/24 20:17:13.992, 1, 17717, 97871, 2, 120.92
2026/09/24 20:17:13.992, 2, 17717, 97871, 2, 117.31
2026/09/24 20:17:13.992, 3, 17717, 97871, 2, 120.01
2026/09/24 20:17:14.192, 0, 17717, 97871, 2, 115.64
2026/09/24 20:17:14.192, 1, 17717, 97871, 1, 120.93
2026/09/24 20:17:14.192, 2, 17717, 97871, 2, 117.33
2026/09/24 20:17:14.192, 3, 17717, 97871, 1, 120.00
2026/09/24 20:17:14.392, 0, 17717, 97871, 3, 115.58
2026/09/24 20:17:14.392, 1, 17717, 97871, 2, 120.95
2026/09/24 20:17:14.392, 2, 17717, 97871, 2, 117.34
2026/09/24 20:17:14.392, 3, 17717, 97871, 1, 120.02
2026/09/24 20:17:14.592, 0, 17717, 97871, 2, 115.66
2026/09/24 20:17:14.592, 1, 17717, 97871, 1, 120.93
2026/09/24 20:17:14.592, 2, 17717, 97871, 2, 117.30
2026/09/24 20:17:14.592, 3, 17717, 97871, 1, 120.14
2026/09/24 20:17:14.792, 0, 17717, 97871, 3, 115.61
2026/09/24 20:17:14.792, 1, 17717, 97871, 2, 120.97
2026/09/24 20:17:14.792, 2, 17717, 97871, 3, 117.31
2026/09/24 20:17:14.792, 3, 17717, 97871, 1, 120.09
2026/09/24 20:17:14.992, 0, 17717, 97871, 2, 115.64
2026/09/24 20:17:14.993, 1, 17717, 97871, 1, 120.95
2026/09/24 20:17:14.993, 2, 17717, 97871, 2, 117.33
2026/09/24 20:17:14.993, 3, 17717, 97871, 1, 120.10
2026/09/24 20:17:15.193, 0, 17717, 97871, 2, 115.61
2026/09/24 20:17:15.193, 1, 17717, 97871, 1, 120.96
2026/09/24 20:17:15.193, 2, 17717, 97871, 2, 117.36
2026/09/24 20:17:15.193, 3, 17717, 97871, 1, 120.11
2026/09/24 20:17:15.393, 0, 17717, 97871, 2, 115.65
2026/09/24 20:17:15.393, 1, 17717, 97871, 2, 120.93
2026/09/24 20:17:15.393, 2, 17717, 97871, 2, 117.35
2026/09/24 20:17:15.393, 3, 17717, 97871, 2, 120.11
2026/09/24 20:17:15.593, 0, 17717, 97871, 3, 115.63
2026/09/24 20:17:15.593, 1, 17717, 97871, 2, 120.92
2026/09/24 20:17:15.593, 2, 17717, 97871, 3, 117.34
2026/09/24 20:17:15.593, 3, 17717, 97871, 1, 120.11
2026/09/24 20:17:15.793, 0, 17717, 97871, 2, 115.65
2026/09/24 20:17:15.793, 1, 17717, 97871, 1, 120.89
2026/09/24 20:17:15.793, 2, 17717, 97871, 2, 117.39
2026/09/24 20:17:15.793, 3, 17717, 97871, 2, 120.08
2026/09/24 20:17:15.993, 0, 17717, 97871, 3, 115.64
2026/09/24 20:17:15.993, 1, 17717, 97871, 2, 120.88
2026/09/24 20:17:15.993, 2, 17717, 97871, 3, 117.38
2026/09/24 20:17:15.993, 3, 17717, 97871, 2, 120.06
2026/09/24 20:17:16.193, 0, 17717, 97871, 2, 115.61
2026/09/24 20:17:16.194, 1, 17717, 97871, 1, 120.86
2026/09/24 20:17:16.194, 2, 17717, 97871, 2, 117.38
2026/09/24 20:17:16.194, 3, 17717, 97871, 1, 120.04
2026/09/24 20:17:16.394, 0, 17717, 97871, 2, 115.62
2026/09/24 20:17:16.394, 1, 17717, 97871, 3, 120.88
2026/09/24 20:17:16.394, 2, 17717, 97871, 2, 117.34
2026/09/24 20:17:16.394, 3, 17717, 97871, 2, 120.04
2026/09/24 20:17:16.594, 0, 17717, 97871, 2, 115.59
2026/09/24 20:17:16.594, 1, 17717, 97871, 2, 120.86
2026/09/24 20:17:16.594, 2, 17717, 97871, 2, 117.40
2026/09/24 20:17:16.594, 3, 17717, 97871, 1, 120.00
2026/09/24 20:17:16.794, 0, 17717, 97871, 3, 115.61
2026/09/24 20:17:16.794, 1, 17717, 97871, 5, 120.87
2026/09/24 20:17:16.794, 2, 17717, 97871, 3, 117.40
2026/09/24 20:17:16.794, 3, 17717, 97871, 2, 120.03
2026/09/24 20:17:16.994, 0, 17717, 97871, 2, 115.61
2026/09/24 20:17:16.994, 1, 17717, 97871, 1, 120.88
2026/09/24 20:17:16.994, 2, 17717, 97871, 2, 117.43
2026/09/24 20:17:16.994, 3, 17717, 97871, 1, 120.04
2026/09/24 20:17:17.194, 0, 17717, 97871, 3, 115.62
2026/09/24 20:17:17.194, 1, 17717, 97871, 2, 120.88
2026/09/24 20:17:17.194, 2, 17717, 97871, 3, 117.40
2026/09/24 20:17:17.195, 3, 17717, 97871, 1, 120.02
2026/09/24 20:17:17.395, 0, 17717, 97871, 2, 115.63
2026/09/24 20:17:17.395, 1, 17717, 97871, 1, 120.86
2026/09/24 20:17:17.395, 2, 17717, 97871, 1, 117.42
2026/09/24 20:17:17.395, 3, 17717, 97871, 2, 120.01
2026/09/24 20:17:17.595, 0, 17717, 97871, 3, 115.61
2026/09/24 20:17:17.595, 1, 17717, 97871, 2, 120.85
2026/09/24 20:17:17.595, 2, 17717, 97871, 2, 117.41
2026/09/24 20:17:17.595, 3, 17717, 97871, 2, 120.05
2026/09/24 20:17:17.795, 0, 17717, 97871, 2, 115.64
2026/09/24 20:17:17.795, 1, 17717, 97871, 1, 120.88
2026/09/24 20:17:17.795, 2, 17717, 97871, 1, 117.40
2026/09/24 20:17:17.795, 3, 17717, 97871, 2, 120.05
2026/09/24 20:17:17.995, 0, 17717, 97871, 5, 115.61
2026/09/24 20:17:17.995, 1, 17717, 97871, 2, 120.88
2026/09/24 20:17:17.995, 2, 17717, 97871, 2, 117.40
2026/09/24 20:17:17.995, 3, 17717, 97871, 2, 120.07
2026/09/24 20:17:18.195, 0, 17717, 97871, 1, 115.65
2026/09/24 20:17:18.195, 1, 17717, 97871, 2, 120.88
2026/09/24 20:17:18.195, 2, 17717, 97871, 1, 117.40
2026/09/24 20:17:18.195, 3, 17717, 97871, 5, 120.10
2026/09/24 20:17:18.395, 0, 17717, 97871, 2, 115.59
2026/09/24 20:17:18.395, 1, 17717, 97871, 2, 120.87
2026/09/24 20:17:18.395, 2, 17717, 97871, 1, 117.41
2026/09/24 20:17:18.395, 3, 17717, 97871, 2, 120.10
2026/09/24 20:17:18.596, 0, 17717, 97871, 2, 115.65
2026/09/24 20:17:18.596, 1, 17717, 97871, 2, 120.88
2026/09/24 20:17:18.596, 2, 17717, 97871, 1, 117.42
2026/09/24 20:17:18.596, 3, 17717, 97871, 3, 120.11
2026/09/24 20:17:18.796, 0, 17717, 97871, 3, 115.60
2026/09/24 20:17:18.796, 1, 17717, 97871, 2, 120.88
2026/09/24 20:17:18.796, 2, 17717, 97871, 2, 117.39
2026/09/24 20:17:18.796, 3, 17717, 97871, 2, 120.09
2026/09/24 20:17:18.996, 0, 17717, 97871, 2, 115.63
2026/09/24 20:17:18.996, 1, 17717, 97871, 1, 120.90
2026/09/24 20:17:18.996, 2, 17717, 97871, 1, 117.39
2026/09/24 20:17:18.996, 3, 17717, 97871, 2, 120.06
2026/09/24 20:17:19.196, 0, 17717, 97871, 3, 115.61
2026/09/24 20:17:19.196, 1, 17717, 97871, 2, 120.90
2026/09/24 20:17:19.196, 2, 17717, 97871, 3, 117.40
2026/09/24 20:17:19.196, 3, 17717, 97871, 2, 120.06
2026/09/24 20:17:19.396, 0, 17717, 97871, 2, 115.64
2026/09/24 20:17:19.396, 1, 17717, 97871, 1, 120.93
2026/09/24 20:17:19.396, 2, 17717, 97871, 2, 117.40
2026/09/24 20:17:19.396, 3, 17717, 97871, 2, 120.07
2026/09/24 20:17:19.596, 0, 17717, 97871, 2, 115.63
2026/09/24 20:17:19.596, 1, 17717, 97871, 2, 120.93
2026/09/24 20:17:19.596, 2, 17717, 97871, 3, 117.39
2026/09/24 20:17:19.596, 3, 17717, 97871, 2, 120.06
2026/09/24 20:17:19.796, 0, 17717, 97871, 2, 115.63
2026/09/24 20:17:19.796, 1, 17717, 97871, 2, 120.92
2026/09/24 20:17:19.796, 2, 17717, 97871, 2, 117.39
2026/09/24 20:17:19.797, 3, 17717, 97871, 1, 120.07
2026/09/24 20:17:19.997, 0, 17717, 97871, 3, 115.64
2026/09/24 20:17:19.997, 1, 17717, 97871, 2, 120.88
2026/09/24 20:17:19.997, 2, 17717, 97871, 3, 117.38
2026/09/24 20:17:19.997, 3, 17717, 97871, 2, 120.06
2026/09/24 20:17:20.197, 0, 17717, 97871, 2, 115.61
2026/09/24 20:17:20.197, 1, 17717, 97871, 1, 120.90
2026/09/24 20:17:20.197, 2, 17717, 97871, 2, 117.39
2026/09/24 20:17:20.197, 3, 17717, 97871, 1, 120.04
2026/09/24 20:17:20.397, 0, 17717, 97871, 2, 115.62
2026/09/24 20:17:20.397, 1, 17717, 97871, 2, 120.88
2026/09/24 20:17:20.397, 2, 17717, 97871, 3, 117.38
2026/09/24 20:17:20.397, 3, 17717, 97871, 1, 120.06
2026/09/24 20:17:20.597, 0, 17717, 97871, 2, 115.62
2026/09/24 20:17:20.597, 1, 17717, 97871, 1, 120.90
2026/09/24 20:17:20.597, 2, 17717, 97871, 2, 117.37
2026/09/24 20:17:20.597, 3, 17717, 97871, 1, 120.03
2026/09/24 20:17:20.797, 0, 17717, 97871, 2, 115.64
2026/09/24 20:17:20.797, 1, 17717, 97871, 2, 120.89
2026/09/24 20:17:20.797, 2, 17717, 97871, 3, 117.36
2026/09/24 20:17:20.797, 3, 17717, 97871, 1, 120.04
2026/09/24 20:17:20.997, 0, 17717, 97871, 1, 115.63
2026/09/24 20:17:20.997, 1, 17717, 97871, 1, 120.88
2026/09/24 20:17:20.997, 2, 17717, 97871, 2, 117.36
2026/09/24 20:17:20.997, 3, 17717, 97871, 1, 120.04
2026/09/24 20:17:21.198, 0, 17717, 97871, 3, 115.65
2026/09/24 20:17:21.198, 1, 17717, 97871, 2, 120.87
2026/09/24 20:17:21.198, 2, 17717, 97871, 2, 117.35
2026/09/24 20:17:21.198, 3, 17717, 97871, 2, 120.05
2026/09/24 20:17:21.398, 0, 17717, 97871, 2, 115.67
2026/09/24 20:17:21.398, 1, 17717, 97871, 2, 120.89
2026/09/24 20:17:21.398, 2, 17717, 97871, 2, 117.34
2026/09/24 20:17:21.398, 3, 17717, 97871, 2, 120.04
2026/09/24 20:17:21.598, 0, 17717, 97871, 3, 115.61
2026/09/24 20:17:21.598, 1, 17717, 97871, 2, 120.86
2026/09/24 20:17:21.598, 2, 17717, 97871, 2, 117.36
2026/09/24 20:17:21.598, 3, 17717, 97871, 2, 120.06
2026/09/24 20:17:21.798, 0, 17717, 97871, 2, 115.64
2026/09/24 20:17:21.798, 1, 17717, 97871, 1, 120.85
2026/09/24 20:17:21.798, 2, 17717, 97871, 1, 117.39
2026/09/24 20:17:21.798, 3, 17717, 97871, 1, 120.03
2026/09/24 20:17:21.998, 0, 17717, 97871, 3, 115.61
2026/09/24 20:17:21.998, 1, 17717, 97871, 1, 120.87
2026/09/24 20:17:21.998, 2, 17717, 97871, 2, 117.42
2026/09/24 20:17:21.998, 3, 17717, 97871, 2, 120.05
2026/09/24 20:17:22.198, 0, 17717, 97871, 2, 115.63
2026/09/24 20:17:22.198, 1, 17717, 97871, 1, 120.87
2026/09/24 20:17:22.198, 2, 17717, 97871, 1, 117.40
2026/09/24 20:17:22.198, 3, 17717, 97871, 2, 120.04
2026/09/24 20:17:22.398, 0, 17717, 97871, 3, 115.60
2026/09/24 20:17:22.398, 1, 17717, 97871, 2, 120.83
2026/09/24 20:17:22.399, 2, 17717, 97871, 2, 117.41
2026/09/24 20:17:22.399, 3, 17717, 97871, 3, 120.06
2026/09/24 20:17:22.599, 0, 17717, 97871, 2, 115.65
2026/09/24 20:17:22.599, 1, 17717, 97871, 1, 120.85
2026/09/24 20:17:22.599, 2, 17717, 97871, 1, 117.43
2026/09/24 20:17:22.599, 3, 17717, 97871, 1, 120.05
2026/09/24 20:17:22.799, 0, 17717, 97871, 3, 115.62
2026/09/24 20:17:22.799, 1, 17717, 97871, 2, 120.86
2026/09/24 20:17:22.799, 2, 17717, 97871, 2, 117.44
2026/09/24 20:17:22.799, 3, 17717, 97871, 2, 120.06
2026/09/24 20:17:22.999, 0, 17717, 97871, 1, 115.63
2026/09/24 20:17:22.999, 1, 17717, 97871, 1, 120.86
2026/09/24 20:17:22.999, 2, 17717, 97871, 1, 117.38
2026/09/24 20:17:22.999, 3, 17717, 97871, 1, 120.04
2026/09/24 20:17:23.199, 0, 17717, 97871, 1, 115.62
2026/09/24 20:17:23.199, 1, 17717, 97871, 1, 120.86
2026/09/24 20:17:23.199, 2, 17717, 97871, 2, 117.39
2026/09/24 20:17:23.199, 3, 17717, 97871, 1, 120.05
2026/09/24 20:17:23.399, 0, 17717, 97871, 2, 115.61
2026/09/24 20:17:23.399, 1, 17717, 97871, 2, 120.86
2026/09/24 20:17:23.399, 2, 17717, 97871, 1, 117.39
2026/09/24 20:17:23.399, 3, 17717, 97871, 3, 119.99
2026/09/24 20:17:23.599, 0, 17717, 97871, 1, 115.61
2026/09/24 20:17:23.599, 1, 17717, 97871, 1, 120.82
2026/09/24 20:17:23.599, 2, 17717, 97871, 1, 117.39
2026/09/24 20:17:23.599, 3, 17717, 97871, 1, 119.97
2026/09/24 20:17:23.800, 0, 17717, 97871, 2, 115.56
2026/09/24 20:17:23.800, 1, 17717, 97871, 1, 120.80
2026/09/24 20:17:23.800, 2, 17717, 97871, 2, 117.34
2026/09/24 20:17:23.800, 3, 17717, 97871, 1, 119.98
2026/09/24 20:17:24.000, 0, 17717, 97871, 1, 115.59
2026/09/24 20:17:24.000, 1, 17717, 97871, 1, 120.78
2026/09/24 20:17:24.000, 2, 17717, 97871, 1, 117.34
2026/09/24 20:17:24.000, 3, 17717, 97871, 1, 119.97
2026/09/24 20:17:24.200, 0, 17717, 97871, 1, 115.55
2026/09/24 20:17:24.200, 1, 17717, 97871, 1, 120.79
2026/09/24 20:17:24.200, 2, 17717, 97871, 2, 117.35
2026/09/24 20:17:24.200, 3, 17717, 97871, 1, 119.96
2026/09/24 20:17:24.400, 0, 17717, 97871, 1, 115.58
2026/09/24 20:17:24.400, 1, 17717, 97871, 3, 120.81
2026/09/24 20:17:24.400, 2, 17717, 97871, 1, 117.33
2026/09/24 20:17:24.400, 3, 17717, 97871, 3, 119.96
2026/09/24 20:17:24.600, 0, 17717, 97871, 1, 115.55
2026/09/24 20:17:24.600, 1, 17717, 97871, 2, 120.86
2026/09/24 20:17:24.600, 2, 17717, 97871, 2, 117.30
2026/09/24 20:17:24.600, 3, 17717, 97871, 1, 119.97
2026/09/24 20:17:24.800, 0, 17717, 97871, 2, 115.61
2026/09/24 20:17:24.800, 1, 17717, 97871, 3, 120.86
2026/09/24 20:17:24.800, 2, 17717, 97871, 1, 117.32
2026/09/24 20:17:24.800, 3, 17717, 97871, 1, 119.95
2026/09/24 20:17:25.000, 0, 17717, 97871, 1, 115.60
2026/09/24 20:17:25.000, 1, 17717, 97871, 1, 120.87
2026/09/24 20:17:25.001, 2, 17717, 97871, 1, 117.32
2026/09/24 20:17:25.001, 3, 17717, 97871, 1, 119.96
2026/09/24 20:17:25.201, 0, 17717, 97871, 1, 115.62
2026/09/24 20:17:25.201, 1, 17717, 97871, 1, 120.88
2026/09/24 20:17:25.201, 2, 17717, 97871, 2, 117.32
2026/09/24 20:17:25.201, 3, 17717, 97871, 1, 119.97
2026/09/24 20:17:25.401, 0, 17717, 97871, 2, 115.65
2026/09/24 20:17:25.401, 1, 17717, 97871, 2, 120.90
2026/09/24 20:17:25.401, 2, 17717, 97871, 1, 117.33
2026/09/24 20:17:25.401, 3, 17717, 97871, 1, 120.00
2026/09/24 20:17:25.601, 0, 17717, 97871, 1, 115.62
2026/09/24 20:17:25.601, 1, 17717, 97871, 1, 120.90
2026/09/24 20:17:25.601, 2, 17717, 97871, 1, 117.33
2026/09/24 20:17:25.601, 3, 17717, 97871, 1, 120.00
2026/09/24 20:17:25.801, 0, 17717, 97871, 3, 115.64
2026/09/24 20:17:25.801, 1, 17717, 97871, 2, 120.91
2026/09/24 20:17:25.801, 2, 17717, 97871, 1, 117.35
2026/09/24 20:17:25.801, 3, 17717, 97871, 1, 120.02
2026/09/24 20:17:26.001, 0, 17717, 97871, 1, 115.62
2026/09/24 20:17:26.001, 1, 17717, 97871, 2, 120.94
2026/09/24 20:17:26.001, 2, 17717, 97871, 1, 117.38
2026/09/24 20:17:26.001, 3, 17717, 97871, 2, 120.03
2026/09/24 20:17:26.201, 0, 17717, 97871, 1, 115.65
2026/09/24 20:17:26.201, 1, 17717, 97871, 2, 120.90
2026/09/24 20:17:26.201, 2, 17717, 97871, 2, 117.36
2026/09/24 20:17:26.201, 3, 17717, 97871, 1, 120.05
2026/09/24 20:17:26.402, 0, 17717, 97871, 1, 115.60
2026/09/24 20:17:26.402, 1, 17717, 97871, 1, 120.88
2026/09/24 20:17:26.402, 2, 17717, 97871, 1, 117.34
2026/09/24 20:17:26.402, 3, 17717, 97871, 2, 120.06
2026/09/24 20:17:26.602, 0, 17717, 97871, 1, 115.61
2026/09/24 20:17:26.602, 1, 17717, 97871, 1, 120.85
2026/09/24 20:17:26.602, 2, 17717, 97871, 2, 117.35
2026/09/24 20:17:26.602, 3, 17717, 97871, 1, 120.04
2026/09/24 20:17:26.802, 0, 17717, 97871, 2, 115.58
2026/09/24 20:17:26.802, 1, 17717, 97871, 2, 120.80
2026/09/24 20:17:26.802, 2, 17717, 97871, 1, 117.34
2026/09/24 20:17:26.802, 3, 17717, 97871, 1, 120.04
2026/09/24 20:17:27.002, 0, 17717, 97871, 1, 115.58
2026/09/24 20:17:27.002, 1, 17717, 97871, 1, 120.77
2026/09/24 20:17:27.003, 2, 17717, 97871, 1, 117.31
2026/09/24 20:17:27.003, 3, 17717, 97871, 2, 120.03
2026/09/24 20:17:27.203, 0, 17717, 97871, 1, 115.56
2026/09/24 20:17:27.203, 1, 17717, 97871, 2, 120.79
2026/09/24 20:17:27.203, 2, 17717, 97871, 0, 117.29
2026/09/24 20:17:27.203, 3, 17717, 97871, 1, 120.00
2026/09/24 20:17:27.403, 0, 17717, 97871, 0, 115.53
2026/09/24 20:17:27.403, 1, 17717, 97871, 0, 120.80
2026/09/24 20:17:27.403, 2, 17717, 97871, 0, 117.29
2026/09/24 20:17:27.403, 3, 17717, 97871, 1, 119.96
2026/09/24 20:17:27.603, 0, 17717, 97871, 0, 115.57
2026/09/24 20:17:27.603, 1, 17717, 97871, 0, 120.78
2026/09/24 20:17:27.603, 2, 17717, 97871, 0, 117.28
2026/09/24 20:17:27.603, 3, 17717, 97871, 0, 119.96
2026/09/24 20:17:27.803, 0, 17717, 97871, 0, 115.54
2026/09/24 20:17:27.803, 1, 17717, 97871, 0, 120.77
2026/09/24 20:17:27.803, 2, 17717, 97871, 0, 117.28
2026/09/24 20:17:27.803, 3, 17717, 97871, 0, 119.93
2026/09/24 20:17:28.003, 0, 17717, 97871, 0, 115.57
2026/09/24 20:17:28.003, 1, 17717, 97871, 0, 120.76
2026/09/24 20:17:28.003, 2, 17717, 97871, 0, 117.26
2026/09/24 20:17:28.003, 3, 17717, 97871, 0, 119.92
2026/09/24 20:17:28.203, 0, 17717, 97871, 0, 115.54
2026/09/24 20:17:28.203, 1, 17717, 97871, 0, 120.71
2026/09/24 20:17:28.203, 2, 17717, 97871, 0, 117.30
2026/09/24 20:17:28.203, 3, 17717, 97871, 0, 119.91
2026/09/24 20:17:28.404, 0, 17717, 97871, 0, 115.57
2026/09/24 20:17:28.404, 1, 17717, 97871, 0, 120.71
2026/09/24 20:17:28.404, 2, 17717, 97871, 0, 117.31
2026/09/24 20:17:28.404, 3, 17717, 97871, 0, 119.93
2026/09/24 20:17:28.604, 0, 17717, 97871, 0, 115.52
2026/09/24 20:17:28.604, 1, 17717, 97871, 0, 120.71
2026/09/24 20:17:28.604, 2, 17717, 97871, 0, 117.33
2026/09/24 20:17:28.604, 3, 17717, 97871, 0, 119.93
2026/09/24 20:17:28.804, 0, 17717, 97871, 0, 115.54
2026/09/24 20:17:28.804, 1, 17717, 97871, 0, 120.73
2026/09/24 20:17:28.804, 2, 17717, 97871, 0, 117.32
2026/09/24 20:17:28.804, 3, 17717, 97871, 0, 119.93
2026/09/24 20:17:29.004, 0, 17717, 97871, 0, 115.54
2026/09/24 20:17:29.004, 1, 17717, 97871, 0, 120.73
2026/09/24 20:17:29.004, 2, 17717, 97871, 0, 117.30
2026/09/24 20:17:29.004, 3, 17717, 97871, 0, 119.91
2026/09/24 20:17:29.204, 0, 17717, 97871, 0, 115.54
2026/09/24 20:17:29.204, 1, 17717, 97871, 0, 120.74
2026/09/24 20:17:29.204, 2, 17717, 97871, 0, 117.33
2026/09/24 20:17:29.204, 3, 17717, 97871, 0, 119.91
2026/09/24 20:17:29.404, 0, 17717, 97871, 0, 115.55
2026/09/24 20:17:29.404, 1, 17717, 97871, 0, 120.74
2026/09/24 20:17:29.404, 2, 17717, 97871, 0, 117.33
2026/09/24 20:17:29.404, 3, 17717, 97871, 0, 119.89
2026/09/24 20:17:29.605, 0, 17717, 97871, 0, 115.53
2026/09/24 20:17:29.605, 1, 17717, 97871, 0, 120.75
2026/09/24 20:17:29.605, 2, 17717, 97871, 0, 117.32
2026/09/24 20:17:29.605, 3, 17717, 97871, 0, 119.91
2026/09/24 20:17:29.805, 0, 17717, 97871, 0, 115.56
2026/09/24 20:17:29.805, 1, 17717, 97871, 0, 120.76
2026/09/24 20:17:29.805, 2, 17717, 97871, 0, 117.31
2026/09/24 20:17:29.805, 3, 17717, 97871, 0, 119.92
2026/09/24 20:17:30.005, 0, 17717, 97871, 0, 115.54
2026/09/24 20:17:30.005, 1, 17717, 97871, 0, 120.76
2026/09/24 20:17:30.005, 2, 17717, 97871, 0, 117.33
2026/09/24 20:17:30.005, 3, 17717, 97871, 0, 119.91
2026/09/24 20:17:30.205, 0, 17717, 97871, 0, 115.55
2026/09/24 20:17:30.205, 1, 17717, 97871, 0, 120.77
2026/09/24 20:17:30.205, 2, 17717, 97871, 0, 117.32
2026/09/24 20:17:30.205, 3, 17717, 97871, 0, 119.94
2026/09/24 20:17:30.405, 0, 17717, 97871, 0, 115.54
2026/09/24 20:17:30.405, 1, 17717, 97871, 0, 120.77
2026/09/24 20:17:30.405, 2, 17717, 97871, 0, 117.32
2026/09/24 20:17:30.405, 3, 17717, 97871, 0, 119.93
2026/09/24 20:17:30.605, 0, 17717, 97871, 0, 115.57
2026/09/24 20:17:30.605, 1, 17717, 97871, 0, 120.79
2026/09/24 20:17:30.605, 2, 17717, 97871, 0, 117.28
2026/09/24 20:17:30.605, 3, 17717, 97871, 0, 119.92
2026/09/24 20:17:30.805, 0, 17717, 97871, 0, 115.58
2026/09/24 20:17:30.805, 1, 17717, 97871, 0, 120.80
2026/09/24 20:17:30.805, 2, 17717, 97871, 0, 117.31
2026/09/24 20:17:30.806, 3, 17717, 97871, 0, 119.88
2026/09/24 20:17:31.006, 0, 17717, 97871, 0, 115.57
2026/09/24 20:17:31.006, 1, 17717, 97871, 0, 120.81
2026/09/24 20:17:31.006, 2, 17717, 97871, 0, 117.31
2026/09/24 20:17:31.006, 3, 17717, 97871, 0, 119.89
2026/09/24 20:17:31.206, 0, 17717, 97871, 0, 115.59
2026/09/24 20:17:31.206, 1, 17717, 97871, 0, 120.82
2026/09/24 20:17:31.206, 2, 17717, 97871, 0, 117.31
2026/09/24 20:17:31.206, 3, 17717, 97871, 0, 119.88
2026/09/24 20:17:31.406, 0, 17717, 97871, 0, 115.57
2026/09/24 20:17:31.406, 1, 17717, 97871, 0, 120.82
2026/09/24 20:17:31.406, 2, 17717, 97871, 0, 117.28
2026/09/24 20:17:31.406, 3, 17717, 97871, 0, 119.88
2026/09/24 20:17:31.606, 0, 17717, 97871, 0, 115.60
2026/09/24 20:17:31.606, 1, 17717, 97871, 0, 120.82
2026/09/24 20:17:31.606, 2, 17717, 97871, 0, 117.28
2026/09/24 20:17:31.606, 3, 17717, 97871, 0, 119.90
2026/09/24 20:17:31.806, 0, 17717, 97871, 0, 115.55
2026/09/24 20:17:31.806, 1, 17717, 97871, 0, 120.82
2026/09/24 20:17:31.806, 2, 17717, 97871, 0, 117.28
2026/09/24 20:17:31.806, 3, 17717, 97871, 0, 119.93
2026/09/24 20:17:32.006, 0, 17717, 97871, 0, 115.58
2026/09/24 20:17:32.006, 1, 17717, 97871, 0, 120.83
2026/09/24 20:17:32.006, 2, 17717, 97871, 0, 117.30
2026/09/24 20:17:32.006, 3, 17717, 97871, 0, 119.92
2026/09/24 20:17:32.207, 0, 17717, 97871, 0, 115.56
2026/09/24 20:17:32.207, 1, 17717, 97871, 0, 120.83
2026/09/24 20:17:32.207, 2, 17717, 97871, 0, 117.28
2026/09/24 20:17:32.207, 3, 17717, 97871, 0, 119.92
2026/09/24 20:17:32.407, 0, 17717, 97871, 0, 116.39
2026/09/24 20:17:32.407, 1, 17717, 97871, 0, 120.83
2026/09/24 20:17:32.407, 2, 17717, 97871, 0, 117.28
2026/09/24 20:17:32.407, 3, 19765, 97871, 0, 120.57
2026/09/24 20:17:32.607, 0, 17717, 97871, 0, 117.07
2026/09/24 20:17:32.607, 1, 17717, 97871, 0, 120.83
2026/09/24 20:17:32.607, 2, 17717, 97871, 0, 118.35
2026/09/24 20:17:32.607, 3, 19765, 97871, 68, 122.37
2026/09/24 20:17:32.807, 0, 17717, 97871, 0, 117.12
2026/09/24 20:17:32.807, 1, 17717, 97871, 0, 120.82
2026/09/24 20:17:32.807, 2, 17717, 97871, 0, 118.38
2026/09/24 20:17:32.807, 3, 19765, 97871, 100, 122.85
2026/09/24 20:17:33.007, 0, 17717, 97871, 0, 117.13
2026/09/24 20:17:33.007, 1, 17717, 97871, 0, 120.80
2026/09/24 20:17:33.007, 2, 17717, 97871, 0, 118.38
2026/09/24 20:17:33.007, 3, 19765, 97871, 100, 123.37
2026/09/24 20:17:33.207, 0, 17717, 97871, 0, 117.13
2026/09/24 20:17:33.207, 1, 17717, 97871, 0, 120.83
2026/09/24 20:17:33.207, 2, 17717, 97871, 0, 118.38
2026/09/24 20:17:33.207, 3, 19765, 97871, 100, 123.83
2026/09/24 20:17:33.407, 0, 17717, 97871, 0, 116.32
2026/09/24 20:17:33.408, 1, 17717, 97871, 0, 120.84
2026/09/24 20:17:33.408, 2, 17717, 97871, 0, 118.42
2026/09/24 20:17:33.408, 3, 19765, 97871, 100, 124.22
2026/09/24 20:17:33.608, 0, 17717, 97871, 0, 115.60
2026/09/24 20:17:33.608, 1, 17717, 97871, 0, 120.84
2026/09/24 20:17:33.608, 2, 17717, 97871, 0, 117.37
2026/09/24 20:17:33.608, 3, 19765, 97871, 100, 122.33
2026/09/24 20:17:33.808, 0, 17717, 97871, 0, 115.62
2026/09/24 20:17:33.808, 1, 18741, 97871, 0, 120.84
2026/09/24 20:17:33.808, 2, 17717, 97871, 0, 117.38
2026/09/24 20:17:33.808, 3, 19765, 97871, 100, 122.33
2026/09/24 20:17:34.008, 0, 17717, 97871, 0, 116.53
2026/09/24 20:17:34.008, 1, 19765, 97871, 0, 123.16
2026/09/24 20:17:34.008, 2, 17717, 97871, 0, 118.63
2026/09/24 20:17:34.008, 3, 19765, 97871, 100, 122.32
2026/09/24 20:17:34.208, 0, 17717, 97871, 0, 116.54
2026/09/24 20:17:34.208, 1, 19765, 97871, 100, 123.57
2026/09/24 20:17:34.208, 2, 17717, 97871, 0, 118.67
2026/09/24 20:17:34.208, 3, 19765, 97871, 100, 122.32
2026/09/24 20:17:34.408, 0, 17717, 97871, 0, 116.52
2026/09/24 20:17:34.408, 1, 19765, 97871, 100, 124.08
2026/09/24 20:17:34.408, 2, 17717, 97871, 0, 118.65
2026/09/24 20:17:34.408, 3, 19765, 97871, 100, 122.33
2026/09/24 20:17:34.608, 0, 17717, 97871, 0, 116.54
2026/09/24 20:17:34.608, 1, 19765, 97871, 100, 124.47
2026/09/24 20:17:34.608, 2, 17717, 97871, 0, 118.70
2026/09/24 20:17:34.608, 3, 19765, 97871, 100, 122.31
2026/09/24 20:17:34.809, 0, 17717, 97871, 0, 116.58
2026/09/24 20:17:34.809, 1, 19765, 97871, 100, 125.00
2026/09/24 20:17:34.809, 2, 17717, 97871, 0, 118.66
2026/09/24 20:17:34.809, 3, 19765, 97871, 100, 122.29
2026/09/24 20:17:35.009, 0, 17717, 97871, 0, 115.63
2026/09/24 20:17:35.009, 1, 19765, 97871, 100, 123.16
2026/09/24 20:17:35.009, 2, 17717, 97871, 0, 117.41
2026/09/24 20:17:35.009, 3, 19765, 97871, 100, 122.25
2026/09/24 20:17:35.209, 0, 17717, 97871, 0, 115.66
2026/09/24 20:17:35.209, 1, 19765, 97871, 100, 123.14
2026/09/24 20:17:35.209, 2, 18741, 97871, 0, 117.40
2026/09/24 20:17:35.209, 3, 19765, 97871, 100, 122.24
2026/09/24 20:17:35.409, 0, 17717, 97871, 0, 117.14
2026/09/24 20:17:35.409, 1, 19765, 97871, 100, 124.16
2026/09/24 20:17:35.409, 2, 19765, 97871, 0, 119.94
2026/09/24 20:17:35.409, 3, 19765, 97871, 100, 123.73
2026/09/24 20:17:35.609, 0, 17717, 97871, 0, 117.17
2026/09/24 20:17:35.609, 1, 19765, 97871, 100, 124.18
2026/09/24 20:17:35.609, 2, 19765, 97871, 100, 120.36
2026/09/24 20:17:35.609, 3, 19765, 97871, 100, 123.74
2026/09/24 20:17:35.809, 0, 17717, 97871, 0, 117.11
2026/09/24 20:17:35.809, 1, 19765, 97871, 100, 124.18
2026/09/24 20:17:35.809, 2, 19765, 97871, 100, 120.90
2026/09/24 20:17:35.809, 3, 19765, 97871, 100, 123.72
2026/09/24 20:17:36.009, 0, 17717, 97871, 0, 117.13
2026/09/24 20:17:36.009, 1, 19765, 97871, 100, 124.20
2026/09/24 20:17:36.010, 2, 19765, 97871, 100, 121.27
2026/09/24 20:17:36.010, 3, 19765, 97871, 100, 123.74
2026/09/24 20:17:36.210, 0, 17717, 97871, 0, 117.12
2026/09/24 20:17:36.210, 1, 19765, 97871, 100, 124.19
2026/09/24 20:17:36.210, 2, 19765, 97871, 100, 121.83
2026/09/24 20:17:36.210, 3, 19765, 97871, 100, 123.74
2026/09/24 20:17:36.410, 0, 17717, 97871, 0, 115.63
2026/09/24 20:17:36.410, 1, 19765, 97871, 100, 123.15
2026/09/24 20:17:36.410, 2, 19765, 97871, 100, 119.66
2026/09/24 20:17:36.410, 3, 19765, 97871, 100, 122.29
2026/09/24 20:17:36.610, 0, 20503, 97871, 0, 118.59
2026/09/24 20:17:36.610, 1, 20405, 97871, 69, 124.69
2026/09/24 20:17:36.610, 2, 20503, 97871, 100, 119.67
2026/09/24 20:17:36.610, 3, 20407, 97871, 100, 123.65
2026/09/24 20:17:36.810, 0, 25111, 97871, 10, 130.63
2026/09/24 20:17:36.810, 1, 25111, 97871, 67, 141.12
2026/09/24 20:17:36.810, 2, 25111, 97871, 100, 127.32
2026/09/24 20:17:36.810, 3, 25111, 97871, 45, 138.24
2026/09/24 20:17:37.010, 0, 25111, 97871, 65, 160.31
2026/09/24 20:17:37.010, 1, 25111, 97871, 100, 160.32
2026/09/24 20:17:37.010, 2, 25111, 97871, 53, 168.58
2026/09/24 20:17:37.010, 3, 25111, 97871, 84, 195.36
2026/09/24 20:17:37.210, 0, 25111, 97871, 100, 204.15
2026/09/24 20:17:37.210, 1, 25111, 97871, 100, 205.73
2026/09/24 20:17:37.210, 2, 25111, 97871, 100, 226.82
2026/09/24 20:17:37.210, 3, 25111, 97871, 100, 251.16
2026/09/24 20:17:37.411, 0, 25111, 97871, 100, 247.23
2026/09/24 20:17:37.411, 1, 25111, 97871, 100, 240.38
2026/09/24 20:17:37.411, 2, 25111, 97871, 100, 261.81
2026/09/24 20:17:37.411, 3, 25111, 97871, 100, 312.60
2026/09/24 20:17:37.611, 0, 25111, 97871, 100, 288.94
2026/09/24 20:17:37.611, 1, 25111, 97871, 100, 289.36
2026/09/24 20:17:37.611, 2, 25111, 97871, 100, 319.39
2026/09/24 20:17:37.611, 3, 25111, 97871, 100, 339.60
2026/09/24 20:17:37.811, 0, 25111, 97871, 100, 318.28
2026/09/24 20:17:37.811, 1, 25111, 97871, 100, 335.27
2026/09/24 20:17:37.811, 2, 25111, 97871, 100, 349.24
2026/09/24 20:17:37.811, 3, 25111, 97871, 100, 370.90
2026/09/24 20:17:38.011, 0, 25111, 97871, 100, 332.96
2026/09/24 20:17:38.011, 1, 25111, 97871, 100, 355.95
2026/09/24 20:17:38.011, 2, 25111, 97871, 100, 366.48
2026/09/24 20:17:38.011, 3, 25111, 97871, 100, 346.65
2026/09/24 20:17:38.211, 0, 25111, 97871, 100, 325.82
2026/09/24 20:17:38.211, 1, 25111, 97871, 100, 355.15
2026/09/24 20:17:38.211, 2, 25111, 97871, 100, 364.87
2026/09/24 20:17:38.211, 3, 25111, 97871, 100, 340.30
2026/09/24 20:17:38.411, 0, 25111, 97871, 100, 314.36
2026/09/24 20:17:38.411, 1, 25111, 97871, 100, 350.84
2026/09/24 20:17:38.411, 2, 25111, 97871, 100, 392.48
2026/09/24 20:17:38.411, 3, 25111, 97871, 100, 313.29
2026/09/24 20:17:38.611, 0, 25111, 97871, 100, 298.30
2026/09/24 20:17:38.611, 1, 25111, 97871, 100, 350.38
2026/09/24 20:17:38.611, 2, 25111, 97871, 100, 383.04
2026/09/24 20:17:38.611, 3, 25111, 97871, 100, 335.52
2026/09/24 20:17:38.812, 0, 25111, 97871, 100, 299.53
2026/09/24 20:17:38.812, 1, 25111, 97871, 100, 331.20
2026/09/24 20:17:38.812, 2, 25111, 97871, 100, 402.41
2026/09/24 20:17:38.812, 3, 25111, 97871, 100, 332.96
2026/09/24 20:17:39.012, 0, 25111, 97871, 100, 290.18
2026/09/24 20:17:39.012, 1, 25111, 97871, 100, 333.80
2026/09/24 20:17:39.012, 2, 25111, 97871, 100, 381.23
2026/09/24 20:17:39.012, 3, 25111, 97871, 100, 359.29
2026/09/24 20:17:39.212, 0, 25111, 97871, 100, 303.32
2026/09/24 20:17:39.212, 1, 25111, 97871, 100, 340.75
2026/09/24 20:17:39.212, 2, 25111, 97871, 100, 383.48
2026/09/24 20:17:39.212, 3, 25111, 97871, 100, 339.56
2026/09/24 20:17:39.412, 0, 25111, 97871, 100, 331.77
2026/09/24 20:17:39.412, 1, 25111, 97871, 100, 341.58
2026/09/24 20:17:39.412, 2, 25111, 97871, 100, 362.98
2026/09/24 20:17:39.412, 3, 25111, 97871, 100, 342.20
2026/09/24 20:17:39.612, 0, 25111, 97871, 100, 349.71
2026/09/24 20:17:39.612, 1, 25111, 97871, 100, 342.33
2026/09/24 20:17:39.612, 2, 25111, 97871, 100, 374.38
2026/09/24 20:17:39.612, 3, 25111, 97871, 100, 339.14
2026/09/24 20:17:39.812, 0, 25111, 97871, 100, 354.38
2026/09/24 20:17:39.812, 1, 25111, 97871, 100, 339.69
2026/09/24 20:17:39.812, 2, 25111, 97871, 100, 363.34
2026/09/24 20:17:39.812, 3, 25111, 97871, 100, 326.27
2026/09/24 20:17:40.012, 0, 25111, 97871, 100, 360.87
2026/09/24 20:17:40.012, 1, 25111, 97871, 100, 344.96
2026/09/24 20:17:40.012, 2, 25111, 97871, 100, 375.56
2026/09/24 20:17:40.012, 3, 25111, 97871, 100, 315.24
2026/09/24 20:17:40.213, 0, 25111, 97871, 100, 360.72
2026/09/24 20:17:40.213, 1, 25111, 97871, 100, 344.68
2026/09/24 20:17:40.213, 2, 25111, 97871, 100, 374.74
2026/09/24 20:17:40.213, 3, 25111, 97871, 100, 325.94
2026/09/24 20:17:40.413, 0, 25111, 97871, 100, 352.64
2026/09/24 20:17:40.413, 1, 25111, 97871, 100, 355.76
2026/09/24 20:17:40.413, 2, 25111, 97871, 100, 368.59
2026/09/24 20:17:40.413, 3, 25111, 97871, 100, 335.90
2026/09/24 20:17:40.613, 0, 25111, 97871, 100, 360.18
2026/09/24 20:17:40.613, 1, 25111, 97871, 100, 359.64
2026/09/24 20:17:40.613, 2, 25111, 97871, 100, 353.68
2026/09/24 20:17:40.613, 3, 25111, 97871, 100, 336.73
2026/09/24 20:17:40.813, 0, 25111, 97871, 100, 353.04
2026/09/24 20:17:40.813, 1, 25111, 97871, 100, 370.37
2026/09/24 20:17:40.813, 2, 25111, 97871, 100, 357.35
2026/09/24 20:17:40.813, 3, 25111, 97871, 100, 352.96
2026/09/24 20:17:41.013, 0, 25111, 97871, 100, 354.91
2026/09/24 20:17:41.013, 1, 25111, 97871, 100, 368.32
2026/09/24 20:17:41.013, 2, 25111, 97871, 100, 363.63
2026/09/24 20:17:41.013, 3, 25111, 97871, 100, 345.00
2026/09/24 20:17:41.213, 0, 25111, 97871, 100, 354.89
2026/09/24 20:17:41.213, 1, 25111, 97871, 100, 371.46
2026/09/24 20:17:41.213, 2, 25111, 97871, 100, 355.57
2026/09/24 20:17:41.213, 3, 25111, 97871, 100, 347.09
2026/09/24 20:17:41.413, 0, 25111, 97871, 100, 341.90
2026/09/24 20:17:41.413, 1, 25111, 97871, 100, 385.04
2026/09/24 20:17:41.413, 2, 25111, 97871, 100, 364.15
2026/09/24 20:17:41.413, 3, 25111, 97871, 100, 349.55
2026/09/24 20:17:41.614, 0, 25111, 97871, 100, 336.05
2026/09/24 20:17:41.614, 1, 25111, 97871, 100, 373.47
2026/09/24 20:17:41.614, 2, 25111, 97871, 100, 374.34
2026/09/24 20:17:41.614, 3, 25111, 97871, 100, 358.08
2026/09/24 20:17:41.814, 0, 25111, 97871, 100, 329.63
2026/09/24 20:17:41.814, 1, 25111, 97871, 100, 386.56
2026/09/24 20:17:41.814, 2, 25111, 97871, 100, 372.65
2026/09/24 20:17:41.814, 3, 25111, 97871, 100, 361.98
2026/09/24 20:17:42.014, 0, 25111, 97871, 100, 325.72
2026/09/24 20:17:42.014, 1, 25111, 97871, 100, 383.77
2026/09/24 20:17:42.014, 2, 25111, 97871, 100, 368.86
2026/09/24 20:17:42.014, 3, 25111, 97871, 100, 366.47
2026/09/24 20:17:42.214, 0, 25111, 97871, 100, 335.35
2026/09/24 20:17:42.214, 1, 25111, 97871, 100, 379.02
2026/09/24 20:17:42.214, 2, 25111, 97871, 100, 371.83
2026/09/24 20:17:42.214, 3, 25111, 97871, 100, 370.29
2026/09/24 20:17:42.414, 0, 25355, 97871, 100, 322.31
2026/09/24 20:17:42.414, 1, 25355, 97871, 100, 355.48
2026/09/24 20:17:42.414, 2, 25355, 97871, 100, 362.63
2026/09/24 20:17:42.414, 3, 25355, 97871, 100, 372.64
2026/09/24 20:17:42.614, 0, 25647, 97871, 1, 276.49
2026/09/24 20:17:42.615, 1, 25647, 97871, 1, 309.01
2026/09/24 20:17:42.615, 2, 25647, 97871, 19, 311.92
2026/09/24 20:17:42.616, 3, 25647, 97871, 1, 310.16
2026/09/24 20:17:42.816, 0, 25649, 97871, 1, 244.01
2026/09/24 20:17:42.816, 1, 25649, 97871, 0, 253.35
2026/09/24 20:17:42.816, 2, 25649, 97871, 1, 264.52
2026/09/24 20:17:42.816, 3, 25649, 97871, 0, 256.19
2026/09/24 20:17:43.016, 0, 25649, 97871, 0, 203.20
2026/09/24 20:17:43.016, 1, 25649, 97871, 2, 208.46
2026/09/24 20:17:43.016, 2, 25649, 97871, 0, 218.06
2026/09/24 20:17:43.016, 3, 25649, 97871, 7, 217.92
2026/09/24 20:17:43.216, 0, 26673, 97871, 0, 148.00
2026/09/24 20:17:43.216, 1, 26673, 97871, 0, 163.49
2026/09/24 20:17:43.216, 2, 26673, 97871, 0, 169.46
2026/09/24 20:17:43.216, 3, 26673, 97871, 0, 171.67
2026/09/24 20:17:43.416, 0, 26673, 97871, 21, 157.74
2026/09/24 20:17:43.416, 1, 26673, 97871, 37, 163.84
2026/09/24 20:17:43.416, 2, 26673, 97871, 1, 155.19
2026/09/24 20:17:43.416, 3, 26673, 97871, 100, 173.82
2026/09/24 20:17:43.616, 0, 26673, 97871, 100, 193.32
2026/09/24 20:17:43.616, 1, 26673, 97871, 100, 194.04
2026/09/24 20:17:43.616, 2, 26673, 97871, 100, 215.62
2026/09/24 20:17:43.616, 3, 26673, 97871, 100, 217.66
2026/09/24 20:17:43.816, 0, 26673, 97871, 100, 240.57
2026/09/24 20:17:43.816, 1, 26673, 97871, 100, 237.92
2026/09/24 20:17:43.817, 2, 26673, 97871, 100, 256.78
2026/09/24 20:17:43.817, 3, 26673, 97871, 100, 275.50
2026/09/24 20:17:44.017, 0, 26673, 97871, 100, 280.76
2026/09/24 20:17:44.017, 1, 26673, 97871, 100, 275.61
2026/09/24 20:17:44.017, 2, 26673, 97871, 100, 301.26
2026/09/24 20:17:44.017, 3, 26673, 97871, 100, 316.95
2026/09/24 20:17:44.217, 0, 26673, 97871, 100, 319.63
2026/09/24 20:17:44.217, 1, 26673, 97871, 100, 333.39
2026/09/24 20:17:44.217, 2, 26673, 97871, 100, 343.80
2026/09/24 20:17:44.217, 3, 26673, 97871, 100, 362.08
2026/09/24 20:17:44.417, 0, 26673, 97871, 100, 333.89
2026/09/24 20:17:44.417, 1, 26673, 97871, 100, 349.83
2026/09/24 20:17:44.417, 2, 26673, 97871, 100, 368.58
2026/09/24 20:17:44.417, 3, 26673, 97871, 100, 350.70
2026/09/24 20:17:44.617, 0, 26673, 97871, 100, 335.49
2026/09/24 20:17:44.617, 1, 26673, 97871, 100, 366.75
2026/09/24 20:17:44.617, 2, 26673, 97871, 100, 362.38
2026/09/24 20:17:44.617, 3, 26673, 97871, 100, 353.52
2026/09/24 20:17:44.817, 0, 26673, 97871, 100, 314.26
2026/09/24 20:17:44.817, 1, 26673, 97871, 100, 349.39
2026/09/24 20:17:44.817, 2, 26673, 97871, 100, 383.77
2026/09/24 20:17:44.817, 3, 26673, 97871, 100, 330.48
2026/09/24 20:17:45.017, 0, 26673, 97871, 100, 304.17
2026/09/24 20:17:45.017, 1, 26673, 97871, 100, 359.12
2026/09/24 20:17:45.017, 2, 26673, 97871, 100, 381.22
2026/09/24 20:17:45.017, 3, 26673, 97871, 100, 322.92
2026/09/24 20:17:45.217, 0, 26673, 97871, 100, 299.84
2026/09/24 20:17:45.217, 1, 26673, 97871, 100, 348.63
2026/09/24 20:17:45.217, 2, 26673, 97871, 100, 393.74
2026/09/24 20:17:45.217, 3, 26673, 97871, 100, 329.34
2026/09/24 20:17:45.418, 0, 26673, 97871, 100, 293.05
2026/09/24 20:17:45.418, 1, 26673, 97871, 100, 339.47
2026/09/24 20:17:45.418, 2, 26673, 97871, 100, 388.67
2026/09/24 20:17:45.418, 3, 26673, 97871, 100, 345.02
2026/09/24 20:17:45.618, 0, 26673, 97871, 100, 301.77
2026/09/24 20:17:45.618, 1, 26673, 97871, 100, 335.95
2026/09/24 20:17:45.618, 2, 26673, 97871, 100, 390.95
2026/09/24 20:17:45.618, 3, 26673, 97871, 100, 341.99
2026/09/24 20:17:45.818, 0, 26673, 97871, 100, 332.65
2026/09/24 20:17:45.818, 1, 26673, 97871, 100, 353.53
2026/09/24 20:17:45.818, 2, 26673, 97871, 100, 363.38
2026/09/24 20:17:45.818, 3, 26673, 97871, 100, 340.13
2026/09/24 20:17:46.018, 0, 26673, 97871, 100, 345.95
2026/09/24 20:17:46.018, 1, 26673, 97871, 100, 346.75
2026/09/24 20:17:46.018, 2, 26673, 97871, 100, 381.02
2026/09/24 20:17:46.018, 3, 26673, 97871, 100, 339.83
2026/09/24 20:17:46.218, 0, 26673, 97871, 100, 355.99
2026/09/24 20:17:46.218, 1, 26673, 97871, 100, 335.81
2026/09/24 20:17:46.218, 2, 26673, 97871, 100, 364.00
2026/09/24 20:17:46.218, 3, 26673, 97871, 100, 339.70
2026/09/24 20:17:46.418, 0, 26673, 97871, 100, 360.74
2026/09/24 20:17:46.418, 1, 26673, 97871, 100, 348.32
2026/09/24 20:17:46.418, 2, 26673, 97871, 100, 366.50
2026/09/24 20:17:46.418, 3, 26673, 97871, 100, 332.96
2026/09/24 20:17:46.618, 0, 26673, 97871, 100, 354.12
2026/09/24 20:17:46.618, 1, 26673, 97871, 100, 356.52
2026/09/24 20:17:46.618, 2, 26673, 97871, 100, 377.06
2026/09/24 20:17:46.618, 3, 26673, 97871, 100, 325.90
2026/09/24 20:17:46.819, 0, 26673, 97871, 100, 351.22
2026/09/24 20:17:46.819, 1, 26673, 97871, 100, 349.14
2026/09/24 20:17:46.819, 2, 26673, 97871, 100, 378.80
2026/09/24 20:17:46.819, 3, 26673, 97871, 100, 332.85
2026/09/24 20:17:47.019, 0, 26673, 97871, 100, 357.20
2026/09/24 20:17:47.019, 1, 26673, 97871, 100, 356.86
2026/09/24 20:17:47.019, 2, 26673, 97871, 100, 363.98
2026/09/24 20:17:47.019, 3, 26673, 97871, 100, 348.15
2026/09/24 20:17:47.219, 0, 26673, 97871, 100, 356.33
2026/09/24 20:17:47.219, 1, 26673, 97871, 100, 368.33
2026/09/24 20:17:47.219, 2, 26673, 97871, 100, 365.78
2026/09/24 20:17:47.219, 3, 26673, 97871, 100, 350.13
2026/09/24 20:17:47.420, 0, 26673, 97871, 100, 361.65
2026/09/24 20:17:47.420, 1, 26673, 97871, 100, 367.42
2026/09/24 20:17:47.420, 2, 26673, 97871, 100, 374.06
2026/09/24 20:17:47.420, 3, 26673, 97871, 100, 343.91
2026/09/24 20:17:47.620, 0, 26673, 97871, 100, 368.83
2026/09/24 20:17:47.620, 1, 26673, 97871, 100, 366.99
2026/09/24 20:17:47.620, 2, 26673, 97871, 100, 361.65
2026/09/24 20:17:47.620, 3, 26673, 97871, 100, 340.10
2026/09/24 20:17:47.820, 0, 26673, 97871, 100, 349.28
2026/09/24 20:17:47.820, 1, 26673, 97871, 100, 380.51
2026/09/24 20:17:47.820, 2, 26673, 97871, 100, 374.63
2026/09/24 20:17:47.820, 3, 26673, 97871, 100, 347.87
2026/09/24 20:17:48.020, 0, 26673, 97871, 100, 339.70
2026/09/24 20:17:48.020, 1, 26673, 97871, 100, 375.07
2026/09/24 20:17:48.020, 2, 26673, 97871, 100, 378.14
2026/09/24 20:17:48.020, 3, 26673, 97871, 100, 351.57
2026/09/24 20:17:48.220, 0, 26673, 97871, 100, 329.52
2026/09/24 20:17:48.220, 1, 26673, 97871, 100, 387.76
2026/09/24 20:17:48.220, 2, 26673, 97871, 100, 387.46
2026/09/24 20:17:48.220, 3, 26673, 97871, 100, 362.33
2026/09/24 20:17:48.420, 0, 26673, 97871, 100, 328.86
2026/09/24 20:17:48.420, 1, 26673, 97871, 100, 388.81
2026/09/24 20:17:48.420, 2, 26673, 97871, 100, 372.60
2026/09/24 20:17:48.420, 3, 26673, 97871, 100, 364.91
2026/09/24 20:17:48.620, 0, 26673, 97871, 100, 335.56
2026/09/24 20:17:48.620, 1, 26673, 97871, 100, 389.61
2026/09/24 20:17:48.620, 2, 26673, 97871, 100, 375.76
2026/09/24 20:17:48.620, 3, 26673, 97871, 100, 370.73
2026/09/24 20:17:48.820, 0, 26673, 97871, 100, 334.12
2026/09/24 20:17:48.821, 1, 26673, 97871, 100, 374.27
2026/09/24 20:17:48.821, 2, 26673, 97871, 100, 373.31
2026/09/24 20:17:48.821, 3, 26673, 97871, 100, 376.84
2026/09/24 20:17:49.021, 0, 26675, 97871, 43, 297.99
2026/09/24 20:17:49.021, 1, 26675, 97871, 68, 332.02
2026/09/24 20:17:49.021, 2, 26675, 97871, 68, 335.30
2026/09/24 20:17:49.021, 3, 26675, 97871, 27, 327.58
2026/09/24 20:17:49.221, 0, 26675, 97871, 42, 260.44
2026/09/24 20:17:49.221, 1, 26675, 97871, 26, 274.43
2026/09/24 20:17:49.221, 2, 26675, 97871, 60, 281.43
2026/09/24 20:17:49.221, 3, 26675, 97871, 0, 274.58
2026/09/24 20:17:49.421, 0, 26675, 97871, 0, 214.96
2026/09/24 20:17:49.421, 1, 26675, 97871, 0, 221.55
2026/09/24 20:17:49.421, 2, 26675, 97871, 0, 237.72
2026/09/24 20:17:49.421, 3, 26675, 97871, 0, 230.02
2026/09/24 20:17:49.621, 0, 26675, 97871, 0, 161.40
2026/09/24 20:17:49.621, 1, 26675, 97871, 0, 174.62
2026/09/24 20:17:49.621, 2, 26675, 97871, 0, 184.09
2026/09/24 20:17:49.621, 3, 26675, 97871, 0, 185.68
2026/09/24 20:17:49.821, 0, 26675, 97871, 0, 126.54
2026/09/24 20:17:49.821, 1, 26675, 97871, 0, 134.76
2026/09/24 20:17:49.821, 2, 26675, 97871, 0, 132.69
2026/09/24 20:17:49.821, 3, 26675, 97871, 0, 141.10
2026/09/24 20:17:50.021, 0, 26675, 97871, 0, 117.41
2026/09/24 20:17:50.022, 1, 26675, 97871, 0, 124.20
2026/09/24 20:17:50.022, 2, 26675, 97871, 0, 122.15
2026/09/24 20:17:50.022, 3, 26675, 97871, 0, 128.04
2026/09/24 20:17:50.222, 0, 26675, 97871, 0, 117.02
2026/09/24 20:17:50.222, 1, 26675, 97871, 0, 124.07
2026/09/24 20:17:50.222, 2, 26675, 97871, 0, 120.03
2026/09/24 20:17:50.222, 3, 26675, 97871, 0, 122.42
2026/09/24 20:17:50.422, 0, 26675, 97871, 0, 142.12
2026/09/24 20:17:50.422, 1, 26675, 97871, 0, 153.10
2026/09/24 20:17:50.422, 2, 26675, 97871, 0, 131.42
2026/09/24 20:17:50.422, 3, 26675, 97871, 64, 133.77
2026/09/24 20:17:50.622, 0, 26675, 97871, 82, 185.20
2026/09/24 20:17:50.622, 1, 26675, 97871, 96, 195.83
2026/09/24 20:17:50.622, 2, 26675, 97871, 66, 179.59
2026/09/24 20:17:50.622, 3, 26675, 97871, 100, 179.31
2026/09/24 20:17:50.822, 0, 26675, 97871, 100, 228.80
2026/09/24 20:17:50.822, 1, 26675, 97871, 100, 248.94
2026/09/24 20:17:50.822, 2, 26675, 97871, 100, 229.65
2026/09/24 20:17:50.822, 3, 26675, 97871, 100, 228.07
2026/09/24 20:17:51.022, 0, 26675, 97871, 100, 276.47
2026/09/24 20:17:51.022, 1, 26675, 97871, 100, 303.65
2026/09/24 20:17:51.022, 2, 26675, 97871, 100, 274.85
2026/09/24 20:17:51.022, 3, 26675, 97871, 100, 276.98
2026/09/24 20:17:51.222, 0, 26675, 97871, 100, 322.94
2026/09/24 20:17:51.222, 1, 26675, 97871, 100, 361.34
2026/09/24 20:17:51.222, 2, 26675, 97871, 100, 324.85
2026/09/24 20:17:51.222, 3, 26675, 97871, 100, 323.86
2026/09/24 20:17:51.423, 0, 26675, 97871, 100, 349.69
2026/09/24 20:17:51.423, 1, 26675, 97871, 100, 384.76
2026/09/24 20:17:51.423, 2, 26675, 97871, 100, 356.52
2026/09/24 20:17:51.423, 3, 26675, 97871, 100, 365.44
2026/09/24 20:17:51.623, 0, 26675, 97871, 100, 360.82
2026/09/24 20:17:51.623, 1, 26675, 97871, 100, 386.37
2026/09/24 20:17:51.623, 2, 26675, 97871, 100, 359.00
2026/09/24 20:17:51.623, 3, 26675, 97871, 100, 365.41
2026/09/24 20:17:51.823, 0, 26675, 97871, 100, 363.85
2026/09/24 20:17:51.823, 1, 26675, 97871, 100, 377.12
2026/09/24 20:17:51.823, 2, 26675, 97871, 100, 358.90
2026/09/24 20:17:51.823, 3, 26675, 97871, 100, 370.45
2026/09/24 20:17:52.023, 0, 26675, 97871, 100, 356.71
2026/09/24 20:17:52.023, 1, 26675, 97871, 100, 366.01
2026/09/24 20:17:52.023, 2, 26675, 97871, 100, 362.61
2026/09/24 20:17:52.023, 3, 26675, 97871, 100, 377.57
2026/09/24 20:17:52.223, 0, 26675, 97871, 100, 355.06
2026/09/24 20:17:52.223, 1, 26675, 97871, 100, 358.56
2026/09/24 20:17:52.223, 2, 26675, 97871, 100, 369.33
2026/09/24 20:17:52.223, 3, 26675, 97871, 100, 380.42
2026/09/24 20:17:52.423, 0, 26675, 97871, 100, 343.38
2026/09/24 20:17:52.423, 1, 26675, 97871, 100, 348.45
2026/09/24 20:17:52.423, 2, 26675, 97871, 76, 367.16
2026/09/24 20:17:52.423, 3, 26675, 97871, 84, 376.63
2026/09/24 20:17:52.623, 0, 26675, 97871, 100, 338.18
2026/09/24 20:17:52.623, 1, 26675, 97871, 100, 354.83
2026/09/24 20:17:52.623, 2, 26675, 97871, 100, 366.59
2026/09/24 20:17:52.623, 3, 26675, 97871, 100, 386.92
2026/09/24 20:17:52.824, 0, 26675, 97871, 100, 337.78
2026/09/24 20:17:52.824, 1, 26675, 97871, 100, 358.36
2026/09/24 20:17:52.824, 2, 26675, 97871, 100, 372.35
2026/09/24 20:17:52.824, 3, 26675, 97871, 100, 375.03
2026/09/24 20:17:53.024, 0, 26675, 97871, 100, 343.64
2026/09/24 20:17:53.024, 1, 26675, 97871, 100, 375.64
2026/09/24 20:17:53.024, 2, 26675, 97871, 100, 368.60
2026/09/24 20:17:53.024, 3, 26675, 97871, 100, 370.84
2026/09/24 20:17:53.224, 0, 26675, 97871, 100, 353.35
2026/09/24 20:17:53.224, 1, 26675, 97871, 100, 376.64
2026/09/24 20:17:53.224, 2, 26675, 97871, 100, 359.59
2026/09/24 20:17:53.224, 3, 26675, 97871, 100, 371.58
2026/09/24 20:17:53.424, 0, 26675, 97871, 100, 364.20
2026/09/24 20:17:53.424, 1, 26675, 97871, 100, 381.15
2026/09/24 20:17:53.424, 2, 26675, 97871, 100, 359.10
2026/09/24 20:17:53.424, 3, 26675, 97871, 100, 378.56
2026/09/24 20:17:53.624, 0, 26675, 97871, 100, 369.34
2026/09/24 20:17:53.624, 1, 26675, 97871, 100, 381.89
2026/09/24 20:17:53.624, 2, 26675, 97871, 100, 364.87
2026/09/24 20:17:53.624, 3, 26675, 97871, 100, 368.34
2026/09/24 20:17:53.824, 0, 26675, 97871, 100, 369.63
2026/09/24 20:17:53.824, 1, 26675, 97871, 100, 379.67
2026/09/24 20:17:53.824, 2, 26675, 97871, 100, 358.06
2026/09/24 20:17:53.824, 3, 26675, 97871, 100, 379.02
2026/09/24 20:17:54.024, 0, 26675, 97871, 100, 362.69
2026/09/24 20:17:54.024, 1, 26675, 97871, 100, 365.73
2026/09/24 20:17:54.024, 2, 26675, 97871, 100, 367.96
2026/09/24 20:17:54.025, 3, 26675, 97871, 100, 374.71
2026/09/24 20:17:54.225, 0, 26675, 97871, 100, 348.53
2026/09/24 20:17:54.225, 1, 26675, 97871, 100, 359.83
2026/09/24 20:17:54.225, 2, 26675, 97871, 100, 369.71
2026/09/24 20:17:54.225, 3, 26675, 97871, 100, 386.05
2026/09/24 20:17:54.425, 0, 26675, 97871, 76, 344.06
2026/09/24 20:17:54.425, 1, 26675, 97871, 76, 359.98
2026/09/24 20:17:54.425, 2, 26675, 97871, 94, 371.82
2026/09/24 20:17:54.425, 3, 26675, 97871, 100, 373.77
2026/09/24 20:17:54.625, 0, 26675, 97871, 100, 332.98
2026/09/24 20:17:54.625, 1, 26675, 97871, 100, 361.90
2026/09/24 20:17:54.625, 2, 26675, 97871, 100, 365.74
2026/09/24 20:17:54.625, 3, 26675, 97871, 100, 384.18
2026/09/24 20:17:54.825, 0, 26675, 97871, 100, 332.62
2026/09/24 20:17:54.825, 1, 26675, 97871, 100, 369.02
2026/09/24 20:17:54.825, 2, 26675, 97871, 100, 367.91
2026/09/24 20:17:54.825, 3, 26675, 97871, 100, 373.98
2026/09/24 20:17:55.025, 0, 26675, 97871, 100, 338.05
2026/09/24 20:17:55.025, 1, 26675, 97871, 100, 380.31
2026/09/24 20:17:55.025, 2, 26675, 97871, 100, 359.76
2026/09/24 20:17:55.025, 3, 26675, 97871, 100, 369.42
2026/09/24 20:17:55.225, 0, 26675, 97871, 100, 355.10
2026/09/24 20:17:55.225, 1, 26675, 97871, 100, 388.70
2026/09/24 20:17:55.225, 2, 26675, 97871, 100, 354.82
2026/09/24 20:17:55.225, 3, 26675, 97871, 100, 361.84
2026/09/24 20:17:55.425, 0, 26675, 97871, 100, 360.02
2026/09/24 20:17:55.425, 1, 26675, 97871, 100, 384.66
2026/09/24 20:17:55.425, 2, 26675, 97871, 100, 361.91
2026/09/24 20:17:55.425, 3, 26675, 97871, 100, 365.86
2026/09/24 20:17:55.626, 0, 26675, 97871, 100, 371.50
2026/09/24 20:17:55.626, 1, 26675, 97871, 100, 385.93
2026/09/24 20:17:55.626, 2, 26675, 97871, 100, 363.19
2026/09/24 20:17:55.626, 3, 26675, 97871, 100, 362.60
2026/09/24 20:17:55.826, 0, 26675, 97871, 100, 359.82
2026/09/24 20:17:55.826, 1, 26675, 97871, 100, 373.91
2026/09/24 20:17:55.826, 2, 26675, 97871, 100, 357.31
2026/09/24 20:17:55.826, 3, 26675, 97871, 100, 376.25
2026/09/24 20:17:56.026, 0, 26675, 97871, 100, 357.27
2026/09/24 20:17:56.026, 1, 26675, 97871, 100, 364.76
2026/09/24 20:17:56.026, 2, 26675, 97871, 100, 368.71
2026/09/24 20:17:56.026, 3, 26675, 97871, 100, 379.48
2026/09/24 20:17:56.226, 0, 26675, 97871, 100, 330.24
2026/09/24 20:17:56.226, 1, 26675, 97871, 100, 341.65
2026/09/24 20:17:56.226, 2, 26675, 97871, 100, 364.80
2026/09/24 20:17:56.226, 3, 26675, 97871, 85, 374.53
2026/09/24 20:17:56.426, 0, 26675, 97871, 60, 324.95
2026/09/24 20:17:56.426, 1, 26675, 97871, 42, 343.09
2026/09/24 20:17:56.426, 2, 26675, 97871, 80, 350.80
2026/09/24 20:17:56.426, 3, 26675, 97871, 100, 362.76
2026/09/24 20:17:56.626, 0, 26675, 97871, 100, 315.58
2026/09/24 20:17:56.626, 1, 26675, 97871, 100, 343.78
2026/09/24 20:17:56.626, 2, 26675, 97871, 100, 350.83
2026/09/24 20:17:56.626, 3, 26675, 97871, 100, 370.71
2026/09/24 20:17:56.826, 0, 26675, 97871, 100, 331.19
2026/09/24 20:17:56.826, 1, 26675, 97871, 100, 353.42
2026/09/24 20:17:56.826, 2, 26675, 97871, 100, 358.16
2026/09/24 20:17:56.826, 3, 26675, 97871, 100, 354.56
2026/09/24 20:17:57.027, 0, 26675, 97871, 100, 331.24
2026/09/24 20:17:57.027, 1, 26675, 97871, 100, 363.81
2026/09/24 20:17:57.027, 2, 26675, 97871, 100, 347.43
2026/09/24 20:17:57.027, 3, 26675, 97871, 100, 355.77
2026/09/24 20:17:57.227, 0, 26675, 97871, 100, 353.99
2026/09/24 20:17:57.227, 1, 26675, 97871, 100, 386.86
2026/09/24 20:17:57.227, 2, 26675, 97871, 100, 353.27
2026/09/24 20:17:57.227, 3, 26675, 97871, 100, 359.64
2026/09/24 20:17:57.427, 0, 26675, 97871, 100, 362.59
2026/09/24 20:17:57.427, 1, 26675, 97871, 100, 386.83
2026/09/24 20:17:57.427, 2, 26675, 97871, 100, 363.48
2026/09/24 20:17:57.427, 3, 26675, 97871, 100, 377.65
2026/09/24 20:17:57.627, 0, 26675, 97871, 100, 367.65
2026/09/24 20:17:57.627, 1, 26675, 97871, 100, 385.14
2026/09/24 20:17:57.627, 2, 26675, 97871, 100, 364.92
2026/09/24 20:17:57.627, 3, 26675, 97871, 100, 368.32
2026/09/24 20:17:57.827, 0, 26675, 97871, 100, 365.01
2026/09/24 20:17:57.827, 1, 26675, 97871, 100, 375.10
2026/09/24 20:17:57.827, 2, 26675, 97871, 100, 362.84
2026/09/24 20:17:57.827, 3, 26675, 97871, 100, 382.86
2026/09/24 20:17:58.027, 0, 26675, 97871, 100, 358.19
2026/09/24 20:17:58.027, 1, 26675, 97871, 100, 364.65
2026/09/24 20:17:58.027, 2, 26675, 97871, 100, 372.07
2026/09/24 20:17:58.027, 3, 26675, 97871, 100, 380.58
2026/09/24 20:17:58.227, 0, 26675, 97871, 100, 342.20
2026/09/24 20:17:58.227, 1, 26675, 97871, 76, 357.46
2026/09/24 20:17:58.228, 2, 26675, 97871, 100, 365.09
2026/09/24 20:17:58.228, 3, 26675, 97871, 88, 385.32
2026/09/24 20:17:58.428, 0, 26675, 97871, 76, 342.90
2026/09/24 20:17:58.428, 1, 26675, 97871, 100, 354.30
2026/09/24 20:17:58.428, 2, 26675, 97871, 100, 374.66
2026/09/24 20:17:58.428, 3, 26675, 97871, 100, 380.03
2026/09/24 20:17:58.628, 0, 26675, 97871, 100, 334.10
2026/09/24 20:17:58.628, 1, 26675, 97871, 100, 356.88
2026/09/24 20:17:58.628, 2, 26675, 97871, 100, 374.25
2026/09/24 20:17:58.628, 3, 26675, 97871, 100, 380.75
2026/09/24 20:17:58.828, 0, 26675, 97871, 100, 332.11
2026/09/24 20:17:58.828, 1, 26675, 97871, 100, 371.06
2026/09/24 20:17:58.828, 2, 26675, 97871, 100, 366.09
2026/09/24 20:17:58.828, 3, 26675, 97871, 100, 378.65
2026/09/24 20:17:59.028, 0, 26675, 97871, 100, 343.42
2026/09/24 20:17:59.028, 1, 26675, 97871, 100, 377.04
2026/09/24 20:17:59.028, 2, 26675, 97871, 100, 359.84
2026/09/24 20:17:59.028, 3, 26675, 97871, 100, 376.12
2026/09/24 20:17:59.228, 0, 26675, 97871, 100, 359.89
2026/09/24 20:17:59.228, 1, 26675, 97871, 100, 380.21
2026/09/24 20:17:59.228, 2, 26675, 97871, 100, 356.67
2026/09/24 20:17:59.228, 3, 26675, 97871, 100, 364.84
2026/09/24 20:17:59.428, 0, 26675, 97871, 100, 363.39
2026/09/24 20:17:59.428, 1, 26675, 97871, 100, 381.57
2026/09/24 20:17:59.428, 2, 26675, 97871, 100, 361.30
2026/09/24 20:17:59.428, 3, 26675, 97871, 100, 367.17
2026/09/24 20:17:59.628, 0, 26675, 97871, 100, 370.42
2026/09/24 20:17:59.628, 1, 26675, 97871, 100, 380.02
2026/09/24 20:17:59.629, 2, 26675, 97871, 100, 361.73
2026/09/24 20:17:59.629, 3, 26675, 97871, 100, 368.19
2026/09/24 20:17:59.829, 0, 26675, 97871, 100, 359.67
2026/09/24 20:17:59.829, 1, 26675, 97871, 100, 370.22
2026/09/24 20:17:59.829, 2, 26675, 97871, 100, 357.20
2026/09/24 20:17:59.829, 3, 26675, 97871, 100, 379.82
2026/09/24 20:18:00.029, 0, 26675, 97871, 100, 357.85
2026/09/24 20:18:00.029, 1, 26675, 97871, 100, 365.65
2026/09/24 20:18:00.029, 2, 26675, 97871, 100, 369.81
2026/09/24 20:18:00.029, 3, 26675, 97871, 100, 381.27
2026/09/24 20:18:00.229, 0, 26675, 97871, 100, 343.40
2026/09/24 20:18:00.229, 1, 26675, 97871, 100, 360.47
2026/09/24 20:18:00.229, 2, 26675, 97871, 79, 370.52
2026/09/24 20:18:00.229, 3, 26675, 97871, 78, 381.24
2026/09/24 20:18:00.429, 0, 26675, 97871, 100, 337.41
2026/09/24 20:18:00.429, 1, 26675, 97871, 100, 363.38
2026/09/24 20:18:00.429, 2, 26675, 97871, 100, 367.53
2026/09/24 20:18:00.429, 3, 26675, 97871, 100, 388.35
2026/09/24 20:18:00.629, 0, 26675, 97871, 100, 334.57
2026/09/24 20:18:00.629, 1, 26675, 97871, 100, 368.41
2026/09/24 20:18:00.629, 2, 26675, 97871, 100, 372.55
2026/09/24 20:18:00.629, 3, 26675, 97871, 100, 380.00
2026/09/24 20:18:00.829, 0, 26675, 97871, 100, 337.52
2026/09/24 20:18:00.829, 1, 26675, 97871, 100, 379.07
2026/09/24 20:18:00.829, 2, 26675, 97871, 100, 370.93
2026/09/24 20:18:00.829, 3, 26675, 97871, 100, 373.16
2026/09/24 20:18:01.030, 0, 26675, 97871, 100, 348.06
2026/09/24 20:18:01.030, 1, 26675, 97871, 100, 385.83
2026/09/24 20:18:01.030, 2, 26675, 97871, 100, 361.99
2026/09/24 20:18:01.030, 3, 26675, 97871, 100, 373.36
2026/09/24 20:18:01.230, 0, 26675, 97871, 100, 360.58
2026/09/24 20:18:01.230, 1, 26675, 97871, 100, 389.92
2026/09/24 20:18:01.230, 2, 26675, 97871, 100, 361.05
2026/09/24 20:18:01.230, 3, 26675, 97871, 100, 375.78
2026/09/24 20:18:01.430, 0, 26675, 97871, 100, 366.07
2026/09/24 20:18:01.430, 1, 26675, 97871, 100, 387.63
2026/09/24 20:18:01.430, 2, 26675, 97871, 100, 368.47
2026/09/24 20:18:01.430, 3, 26675, 97871, 100, 366.65
2026/09/24 20:18:01.630, 0, 26675, 97871, 100, 368.83
2026/09/24 20:18:01.630, 1, 26675, 97871, 100, 379.35
2026/09/24 20:18:01.630, 2, 26675, 97871, 100, 360.68
2026/09/24 20:18:01.630, 3, 26675, 97871, 100, 377.67
2026/09/24 20:18:01.830, 0, 26675, 97871, 100, 361.57
2026/09/24 20:18:01.830, 1, 26675, 97871, 100, 368.25
2026/09/24 20:18:01.830, 2, 26675, 97871, 100, 372.16
2026/09/24 20:18:01.830, 3, 26675, 97871, 100, 379.68
2026/09/24 20:18:02.030, 0, 26675, 97871, 100, 353.18
2026/09/24 20:18:02.030, 1, 26675, 97871, 80, 356.06
2026/09/24 20:18:02.030, 2, 26675, 97871, 100, 371.72
2026/09/24 20:18:02.030, 3, 26675, 97871, 100, 386.33
2026/09/24 20:18:02.230, 0, 26675, 97871, 90, 336.12
2026/09/24 20:18:02.231, 1, 26675, 97871, 100, 345.60
2026/09/24 20:18:02.231, 2, 26675, 97871, 47, 361.72
2026/09/24 20:18:02.231, 3, 26675, 97871, 81, 367.28
2026/09/24 20:18:02.431, 0, 26675, 97871, 100, 327.23
2026/09/24 20:18:02.431, 1, 26675, 97871, 100, 349.48
2026/09/24 20:18:02.431, 2, 26675, 97871, 100, 355.79
2026/09/24 20:18:02.431, 3, 26675, 97871, 100, 380.00
2026/09/24 20:18:02.631, 0, 26675, 97871, 100, 325.70
2026/09/24 20:18:02.631, 1, 26675, 97871, 100, 355.40
2026/09/24 20:18:02.631, 2, 26675, 97871, 100, 365.24
2026/09/24 20:18:02.631, 3, 26675, 97871, 100, 364.80
2026/09/24 20:18:02.831, 0, 26675, 97871, 100, 329.64
2026/09/24 20:18:02.831, 1, 26675, 97871, 100, 371.14
2026/09/24 20:18:02.831, 2, 26675, 97871, 100, 354.45
2026/09/24 20:18:02.831, 3, 26675, 97871, 100, 363.77
2026/09/24 20:18:03.031, 0, 26675, 97871, 100, 339.95
2026/09/24 20:18:03.031, 1, 26675, 97871, 100, 377.96
2026/09/24 20:18:03.031, 2, 26675, 97871, 100, 350.05
2026/09/24 20:18:03.031, 3, 26675, 97871, 100, 361.01
2026/09/24 20:18:03.231, 0, 26675, 97871, 100, 355.62
2026/09/24 20:18:03.231, 1, 26675, 97871, 100, 386.30
2026/09/24 20:18:03.231, 2, 26675, 97871, 100, 361.85
2026/09/24 20:18:03.231, 3, 26675, 97871, 100, 376.74
2026/09/24 20:18:03.431, 0, 26675, 97871, 100, 363.76
2026/09/24 20:18:03.431, 1, 26675, 97871, 100, 386.13
2026/09/24 20:18:03.431, 2, 26675, 97871, 100, 367.00
2026/09/24 20:18:03.431, 3, 26675, 97871, 100, 367.95
2026/09/24 20:18:03.632, 0, 26675, 97871, 100, 366.63
2026/09/24 20:18:03.632, 1, 26675, 97871, 100, 376.68
2026/09/24 20:18:03.632, 2, 26675, 97871, 100, 362.18
2026/09/24 20:18:03.632, 3, 26675, 97871, 100, 381.55
2026/09/24 20:18:03.832, 0, 26675, 97871, 100, 360.96
2026/09/24 20:18:03.832, 1, 26675, 97871, 100, 362.03
2026/09/24 20:18:03.832, 2, 26675, 97871, 100, 373.09
2026/09/24 20:18:03.832, 3, 26675, 97871, 100, 379.12
2026/09/24 20:18:04.032, 0, 26675, 97871, 100, 351.36
2026/09/24 20:18:04.032, 1, 26675, 97871, 78, 356.70
2026/09/24 20:18:04.032, 2, 26675, 97871, 100, 376.21
2026/09/24 20:18:04.032, 3, 26675, 97871, 100, 386.45
2026/09/24 20:18:04.232, 0, 26675, 97871, 78, 346.76
2026/09/24 20:18:04.232, 1, 26675, 97871, 78, 354.11
2026/09/24 20:18:04.232, 2, 26675, 97871, 86, 378.24
2026/09/24 20:18:04.232, 3, 26675, 97871, 100, 379.74
2026/09/24 20:18:04.432, 0, 26675, 97871, 100, 339.32
2026/09/24 20:18:04.432, 1, 26675, 97871, 100, 361.64
2026/09/24 20:18:04.432, 2, 26675, 97871, 100, 373.89
2026/09/24 20:18:04.432, 3, 26675, 97871, 100, 389.83
2026/09/24 20:18:04.632, 0, 26675, 97871, 100, 341.03
2026/09/24 20:18:04.632, 1, 26675, 97871, 100, 372.34
2026/09/24 20:18:04.632, 2, 26675, 97871, 100, 374.03
2026/09/24 20:18:04.632, 3, 26675, 97871, 100, 379.29
2026/09/24 20:18:04.832, 0, 26675, 97871, 100, 347.03
2026/09/24 20:18:04.832, 1, 26675, 97871, 100, 384.92
2026/09/24 20:18:04.832, 2, 26675, 97871, 100, 363.15
2026/09/24 20:18:04.832, 3, 26675, 97871, 100, 376.28
2026/09/24 20:18:05.033, 0, 26675, 97871, 100, 362.32
2026/09/24 20:18:05.033, 1, 26675, 97871, 100, 392.61
2026/09/24 20:18:05.033, 2, 26675, 97871, 100, 357.36
2026/09/24 20:18:05.033, 3, 26675, 97871, 100, 369.84
2026/09/24 20:18:05.233, 0, 26675, 97871, 100, 365.81
2026/09/24 20:18:05.233, 1, 26675, 97871, 100, 394.44
2026/09/24 20:18:05.233, 2, 26675, 97871, 100, 363.67
2026/09/24 20:18:05.233, 3, 26675, 97871, 100, 371.27
2026/09/24 20:18:05.433, 0, 26675, 97871, 100, 375.57
2026/09/24 20:18:05.433, 1, 26675, 97871, 100, 394.85
2026/09/24 20:18:05.433, 2, 26675, 97871, 100, 363.67
2026/09/24 20:18:05.433, 3, 26675, 97871, 100, 369.57
2026/09/24 20:18:05.633, 0, 26675, 97871, 100, 363.74
2026/09/24 20:18:05.633, 1, 26675, 97871, 100, 383.45
2026/09/24 20:18:05.633, 2, 26675, 97871, 100, 357.68
2026/09/24 20:18:05.633, 3, 26675, 97871, 100, 382.86
2026/09/24 20:18:05.833, 0, 26675, 97871, 100, 361.48
2026/09/24 20:18:05.833, 1, 26675, 97871, 100, 375.42
2026/09/24 20:18:05.833, 2, 26675, 97871, 100, 373.85
2026/09/24 20:18:05.833, 3, 26675, 97871, 100, 383.51
2026/09/24 20:18:06.033, 0, 26675, 97871, 100, 350.24
2026/09/24 20:18:06.033, 1, 26675, 97871, 100, 366.39
2026/09/24 20:18:06.033, 2, 26675, 97871, 100, 370.60
2026/09/24 20:18:06.033, 3, 26675, 97871, 78, 386.84
2026/09/24 20:18:06.233, 0, 26675, 97871, 80, 345.17
2026/09/24 20:18:06.233, 1, 26675, 97871, 95, 363.44
2026/09/24 20:18:06.234, 2, 26675, 97871, 100, 370.02
2026/09/24 20:18:06.234, 3, 26675, 97871, 100, 382.74
2026/09/24 20:18:06.434, 0, 26675, 97871, 100, 337.95
2026/09/24 20:18:06.434, 1, 26675, 97871, 100, 365.93
2026/09/24 20:18:06.434, 2, 26675, 97871, 100, 376.22
2026/09/24 20:18:06.434, 3, 26675, 97871, 100, 383.45
2026/09/24 20:18:06.634, 0, 26675, 97871, 100, 341.60
2026/09/24 20:18:06.634, 1, 26675, 97871, 100, 377.15
2026/09/24 20:18:06.634, 2, 26675, 97871, 100, 370.75
2026/09/24 20:18:06.634, 3, 26675, 97871, 100, 379.69
2026/09/24 20:18:06.834, 0, 26675, 97871, 100, 351.09
2026/09/24 20:18:06.834, 1, 26675, 97871, 100, 383.87
2026/09/24 20:18:06.834, 2, 26675, 97871, 100, 364.68
2026/09/24 20:18:06.834, 3, 26675, 97871, 100, 378.29
2026/09/24 20:18:07.034, 0, 26675, 97871, 100, 360.62
2026/09/24 20:18:07.035, 1, 26675, 97871, 100, 388.17
2026/09/24 20:18:07.035, 2, 26675, 97871, 100, 367.44
2026/09/24 20:18:07.035, 3, 26675, 97871, 100, 374.42
2026/09/24 20:18:07.235, 0, 26675, 97871, 100, 367.52
2026/09/24 20:18:07.235, 1, 26675, 97871, 100, 388.61
2026/09/24 20:18:07.235, 2, 26675, 97871, 100, 366.50
2026/09/24 20:18:07.235, 3, 26675, 97871, 100, 373.33
2026/09/24 20:18:07.435, 0, 26675, 97871, 100, 370.32
2026/09/24 20:18:07.435, 1, 26675, 97871, 100, 383.78
2026/09/24 20:18:07.435, 2, 26675, 97871, 100, 362.76
2026/09/24 20:18:07.435, 3, 26675, 97871, 100, 376.11
2026/09/24 20:18:07.635, 0, 26675, 97871, 100, 362.90
2026/09/24 20:18:07.635, 1, 26675, 97871, 100, 371.87
2026/09/24 20:18:07.635, 2, 26675, 97871, 100, 370.87
2026/09/24 20:18:07.635, 3, 26675, 97871, 100, 381.26
2026/09/24 20:18:07.835, 0, 26675, 97871, 100, 358.49
2026/09/24 20:18:07.835, 1, 26675, 97871, 100, 363.02
2026/09/24 20:18:07.835, 2, 26675, 97871, 100, 372.18
2026/09/24 20:18:07.835, 3, 26675, 97871, 100, 384.67
2026/09/24 20:18:08.035, 0, 26675, 97871, 81, 332.60
2026/09/24 20:18:08.035, 1, 26675, 97871, 100, 347.52
2026/09/24 20:18:08.035, 2, 26675, 97871, 66, 356.64
2026/09/24 20:18:08.035, 3, 26675, 97871, 82, 371.14
2026/09/24 20:18:08.236, 0, 26675, 97871, 100, 324.93
2026/09/24 20:18:08.236, 1, 26675, 97871, 81, 346.02
2026/09/24 20:18:08.236, 2, 26675, 97871, 100, 356.52
2026/09/24 20:18:08.236, 3, 26675, 97871, 100, 371.31
2026/09/24 20:18:08.436, 0, 26675, 97871, 100, 321.17
2026/09/24 20:18:08.436, 1, 26675, 97871, 100, 350.59
2026/09/24 20:18:08.436, 2, 26675, 97871, 100, 356.95
2026/09/24 20:18:08.436, 3, 26675, 97871, 100, 369.24
2026/09/24 20:18:08.636, 0, 26675, 97871, 100, 326.40
2026/09/24 20:18:08.636, 1, 26675, 97871, 100, 363.19
2026/09/24 20:18:08.636, 2, 26675, 97871, 100, 351.36
2026/09/24 20:18:08.636, 3, 26675, 97871, 100, 361.34
2026/09/24 20:18:08.836, 0, 26675, 97871, 100, 331.01
2026/09/24 20:18:08.836, 1, 26675, 97871, 100, 370.11
2026/09/24 20:18:08.836, 2, 26675, 97871, 100, 347.90
2026/09/24 20:18:08.836, 3, 26675, 97871, 100, 359.16
2026/09/24 20:18:09.036, 0, 26675, 97871, 100, 356.55
2026/09/24 20:18:09.036, 1, 26675, 97871, 100, 388.65
2026/09/24 20:18:09.036, 2, 26675, 97871, 100, 365.18
2026/09/24 20:18:09.036, 3, 26675, 97871, 100, 371.42
2026/09/24 20:18:09.236, 0, 26675, 97871, 100, 365.44
2026/09/24 20:18:09.236, 1, 26675, 97871, 100, 391.68
2026/09/24 20:18:09.236, 2, 26675, 97871, 100, 366.28
2026/09/24 20:18:09.236, 3, 26675, 97871, 100, 372.68
2026/09/24 20:18:09.436, 0, 26675, 97871, 100, 373.24
2026/09/24 20:18:09.436, 1, 26675, 97871, 100, 384.70
2026/09/24 20:18:09.436, 2, 26675, 97871, 100, 364.79
2026/09/24 20:18:09.436, 3, 26675, 97871, 100, 371.91
2026/09/24 20:18:09.637, 0, 26675, 97871, 100, 362.63
2026/09/24 20:18:09.637, 1, 26675, 97871, 100, 372.54
2026/09/24 20:18:09.637, 2, 26675, 97871, 100, 368.18
2026/09/24 20:18:09.637, 3, 26675, 97871, 100, 383.04
2026/09/24 20:18:09.837, 0, 26675, 97871, 100, 358.78
2026/09/24 20:18:09.837, 1, 26675, 97871, 100, 363.62
2026/09/24 20:18:09.837, 2, 26675, 97871, 100, 374.60
2026/09/24 20:18:09.837, 3, 26675, 97871, 100, 390.13
2026/09/24 20:18:10.037, 0, 26675, 97871, 100, 346.97
2026/09/24 20:18:10.037, 1, 26675, 97871, 100, 358.38
2026/09/24 20:18:10.037, 2, 26675, 97871, 78, 371.13
2026/09/24 20:18:10.037, 3, 26675, 97871, 78, 379.32
2026/09/24 20:18:10.237, 0, 26675, 97871, 100, 338.68
2026/09/24 20:18:10.237, 1, 26675, 97871, 100, 362.09
2026/09/24 20:18:10.237, 2, 26675, 97871, 100, 369.30
2026/09/24 20:18:10.237, 3, 26675, 97871, 100, 389.32
2026/09/24 20:18:10.437, 0, 26675, 97871, 100, 334.52
2026/09/24 20:18:10.437, 1, 26675, 97871, 100, 370.84
2026/09/24 20:18:10.437, 2, 26675, 97871, 100, 377.36
2026/09/24 20:18:10.437, 3, 26675, 97871, 100, 379.83
2026/09/24 20:18:10.637, 0, 26675, 97871, 100, 341.42
2026/09/24 20:18:10.637, 1, 26675, 97871, 100, 384.83
2026/09/24 20:18:10.637, 2, 26675, 97871, 100, 370.64
2026/09/24 20:18:10.637, 3, 26675, 97871, 100, 375.36
2026/09/24 20:18:10.837, 0, 26675, 97871, 100, 350.08
2026/09/24 20:18:10.837, 1, 26675, 97871, 100, 389.49
2026/09/24 20:18:10.837, 2, 26675, 97871, 100, 362.85
2026/09/24 20:18:10.838, 3, 26675, 97871, 100, 366.92
2026/09/24 20:18:11.038, 0, 26675, 97871, 100, 361.02
2026/09/24 20:18:11.038, 1, 26675, 97871, 100, 392.20
2026/09/24 20:18:11.038, 2, 26675, 97871, 100, 364.27
2026/09/24 20:18:11.038, 3, 26675, 97871, 100, 372.26
2026/09/24 20:18:11.238, 0, 26675, 97871, 100, 367.61
2026/09/24 20:18:11.238, 1, 26675, 97871, 100, 392.78
2026/09/24 20:18:11.238, 2, 26675, 97871, 100, 367.03
2026/09/24 20:18:11.238, 3, 26675, 97871, 100, 370.35
2026/09/24 20:18:11.438, 0, 26675, 97871, 100, 368.79
2026/09/24 20:18:11.438, 1, 26675, 97871, 100, 382.71
2026/09/24 20:18:11.438, 2, 26675, 97871, 100, 358.99
2026/09/24 20:18:11.438, 3, 26675, 97871, 100, 384.36
2026/09/24 20:18:11.638, 0, 26675, 97871, 100, 362.23
2026/09/24 20:18:11.638, 1, 26675, 97871, 100, 368.85
2026/09/24 20:18:11.638, 2, 26675, 97871, 100, 369.42
2026/09/24 20:18:11.638, 3, 26675, 97871, 100, 384.24
2026/09/24 20:18:11.838, 0, 26675, 97871, 100, 357.01
2026/09/24 20:18:11.838, 1, 26675, 97871, 100, 364.31
2026/09/24 20:18:11.838, 2, 26675, 97871, 100, 372.81
2026/09/24 20:18:11.838, 3, 26675, 97871, 100, 383.93
2026/09/24 20:18:12.038, 0, 26675, 97871, 77, 348.97
2026/09/24 20:18:12.038, 1, 26675, 97871, 77, 356.82
2026/09/24 20:18:12.038, 2, 26675, 97871, 82, 374.00
2026/09/24 20:18:12.038, 3, 26675, 97871, 100, 387.79
2026/09/24 20:18:12.238, 0, 26675, 97871, 100, 338.05
2026/09/24 20:18:12.239, 1, 26675, 97871, 100, 365.70
2026/09/24 20:18:12.239, 2, 26675, 97871, 100, 369.79
2026/09/24 20:18:12.239, 3, 26675, 97871, 100, 382.38
2026/09/24 20:18:12.439, 0, 26675, 97871, 100, 341.08
2026/09/24 20:18:12.439, 1, 26675, 97871, 100, 371.30
2026/09/24 20:18:12.439, 2, 26675, 97871, 100, 374.10
2026/09/24 20:18:12.439, 3, 26675, 97871, 100, 376.85
2026/09/24 20:18:12.639, 0, 26675, 97871, 100, 347.47
2026/09/24 20:18:12.639, 1, 26675, 97871, 100, 385.20
2026/09/24 20:18:12.639, 2, 26675, 97871, 100, 366.16
2026/09/24 20:18:12.639, 3, 26675, 97871, 100, 380.21
2026/09/24 20:18:12.839, 0, 26675, 97871, 100, 361.91
2026/09/24 20:18:12.839, 1, 26675, 97871, 100, 392.08
2026/09/24 20:18:12.839, 2, 26675, 97871, 100, 359.86
2026/09/24 20:18:12.839, 3, 26675, 97871, 100, 377.21
2026/09/24 20:18:13.039, 0, 26675, 97871, 100, 366.24
2026/09/24 20:18:13.039, 1, 26675, 97871, 100, 390.81
2026/09/24 20:18:13.039, 2, 26675, 97871, 100, 365.73
2026/09/24 20:18:13.039, 3, 26675, 97871, 100, 375.36
2026/09/24 20:18:13.239, 0, 26675, 97871, 100, 374.89
2026/09/24 20:18:13.239, 1, 26675, 97871, 100, 385.71
2026/09/24 20:18:13.239, 2, 26675, 97871, 100, 366.66
2026/09/24 20:18:13.239, 3, 26675, 97871, 100, 383.46
2026/09/24 20:18:13.439, 0, 26675, 97871, 100, 365.17
2026/09/24 20:18:13.439, 1, 26675, 97871, 100, 375.92
2026/09/24 20:18:13.439, 2, 26675, 97871, 100, 359.58
2026/09/24 20:18:13.439, 3, 26675, 97871, 100, 384.83
2026/09/24 20:18:13.640, 0, 26675, 97871, 100, 361.30
2026/09/24 20:18:13.640, 1, 26675, 97871, 100, 368.98
2026/09/24 20:18:13.640, 2, 26675, 97871, 100, 372.76
2026/09/24 20:18:13.640, 3, 26675, 97871, 100, 386.62
2026/09/24 20:18:13.840, 0, 26675, 97871, 100, 332.15
2026/09/24 20:18:13.840, 1, 26675, 97871, 100, 338.79
2026/09/24 20:18:13.840, 2, 26675, 97871, 100, 365.20
2026/09/24 20:18:13.840, 3, 26675, 97871, 92, 363.86
2026/09/24 20:18:14.040, 0, 26675, 97871, 30, 320.12
2026/09/24 20:18:14.040, 1, 26675, 97871, 43, 337.22
2026/09/24 20:18:14.040, 2, 26675, 97871, 44, 344.85
2026/09/24 20:18:14.040, 3, 26675, 97871, 86, 356.38
2026/09/24 20:18:14.240, 0, 26675, 97871, 82, 308.39
2026/09/24 20:18:14.240, 1, 26675, 97871, 83, 331.72
2026/09/24 20:18:14.240, 2, 26675, 97871, 81, 334.93
2026/09/24 20:18:14.240, 3, 26675, 97871, 93, 344.21
2026/09/24 20:18:14.440, 0, 26675, 97871, 84, 285.46
2026/09/24 20:18:14.440, 1, 26675, 97871, 84, 313.11
2026/09/24 20:18:14.440, 2, 26675, 97871, 97, 321.64
2026/09/24 20:18:14.440, 3, 26675, 97871, 82, 310.01
2026/09/24 20:18:14.640, 0, 26675, 97871, 42, 265.02
2026/09/24 20:18:14.640, 1, 26675, 97871, 75, 278.60
2026/09/24 20:18:14.640, 2, 26675, 97871, 58, 280.76
2026/09/24 20:18:14.640, 3, 26675, 97871, 77, 271.68
2026/09/24 20:18:14.840, 0, 26675, 97871, 34, 252.14
2026/09/24 20:18:14.840, 1, 26675, 97871, 78, 271.71
2026/09/24 20:18:14.840, 2, 26675, 97871, 62, 258.30
2026/09/24 20:18:14.841, 3, 26675, 97871, 80, 263.01
2026/09/24 20:18:15.041, 0, 26675, 97871, 38, 231.91
2026/09/24 20:18:15.041, 1, 26675, 97871, 79, 247.16
2026/09/24 20:18:15.041, 2, 26675, 97871, 34, 247.49
2026/09/24 20:18:15.041, 3, 26675, 97871, 80, 241.18
2026/09/24 20:18:15.241, 0, 26675, 97871, 65, 207.73
2026/09/24 20:18:15.241, 1, 26675, 97871, 82, 223.04
2026/09/24 20:18:15.241, 2, 26675, 97871, 35, 223.62
2026/09/24 20:18:15.241, 3, 26675, 97871, 78, 217.59
2026/09/24 20:18:15.441, 0, 26675, 97871, 32, 201.14
2026/09/24 20:18:15.441, 1, 26675, 97871, 75, 214.67
2026/09/24 20:18:15.441, 2, 26675, 97871, 73, 206.57
2026/09/24 20:18:15.441, 3, 26675, 97871, 81, 212.96
2026/09/24 20:18:15.641, 0, 26675, 97871, 35, 201.09
2026/09/24 20:18:15.641, 1, 26675, 97871, 76, 213.71
2026/09/24 20:18:15.641, 2, 26675, 97871, 64, 207.20
2026/09/24 20:18:15.641, 3, 26675, 97871, 78, 213.40
2026/09/24 20:18:15.841, 0, 26675, 97871, 33, 200.18
2026/09/24 20:18:15.841, 1, 26675, 97871, 83, 213.58
2026/09/24 20:18:15.841, 2, 26675, 97871, 79, 206.50
2026/09/24 20:18:15.841, 3, 26675, 97871, 79, 213.46
2026/09/24 20:18:16.041, 0, 26675, 97871, 32, 199.77
2026/09/24 20:18:16.041, 1, 26675, 97871, 73, 213.22
2026/09/24 20:18:16.041, 2, 26675, 97871, 63, 206.90
2026/09/24 20:18:16.041, 3, 26675, 97871, 77, 214.59
2026/09/24 20:18:16.241, 0, 26675, 97871, 32, 199.48
2026/09/24 20:18:16.242, 1, 26675, 97871, 79, 213.90
2026/09/24 20:18:16.242, 2, 26675, 97871, 69, 206.76
2026/09/24 20:18:16.242, 3, 26675, 97871, 76, 214.98
2026/09/24 20:18:16.442, 0, 26675, 97871, 32, 198.71
2026/09/24 20:18:16.442, 1, 26675, 97871, 76, 213.14
2026/09/24 20:18:16.442, 2, 26675, 97871, 68, 207.10
2026/09/24 20:18:16.442, 3, 26675, 97871, 85, 215.25
2026/09/24 20:18:16.642, 0, 26675, 97871, 36, 198.12
2026/09/24 20:18:16.642, 1, 26675, 97871, 77, 213.37
2026/09/24 20:18:16.642, 2, 26675, 97871, 65, 206.79
2026/09/24 20:18:16.642, 3, 26675, 97871, 79, 214.56
2026/09/24 20:18:16.842, 0, 26675, 97871, 51, 199.55
2026/09/24 20:18:16.842, 1, 26675, 97871, 78, 214.69
2026/09/24 20:18:16.842, 2, 26675, 97871, 63, 207.02
2026/09/24 20:18:16.842, 3, 26675, 97871, 78, 213.94
2026/09/24 20:18:17.042, 0, 26675, 97871, 34, 200.75
2026/09/24 20:18:17.042, 1, 26675, 97871, 72, 216.40
2026/09/24 20:18:17.042, 2, 26675, 97871, 51, 207.49
2026/09/24 20:18:17.042, 3, 26675, 97871, 77, 211.79
2026/09/24 20:18:17.242, 0, 26675, 97871, 34, 202.77
2026/09/24 20:18:17.242, 1, 26675, 97871, 79, 216.42
2026/09/24 20:18:17.242, 2, 26675, 97871, 65, 208.29
2026/09/24 20:18:17.242, 3, 26675, 97871, 77, 210.02
2026/09/24 20:18:17.442, 0, 26675, 97871, 55, 203.80
2026/09/24 20:18:17.442, 1, 26675, 97871, 71, 217.64
2026/09/24 20:18:17.442, 2, 26675, 97871, 57, 209.37
2026/09/24 20:18:17.442, 3, 26675, 97871, 80, 207.86
2026/09/24 20:18:17.643, 0, 26675, 97871, 39, 205.30
2026/09/24 20:18:17.643, 1, 26675, 97871, 76, 218.81
2026/09/24 20:18:17.643, 2, 26675, 97871, 58, 209.71
2026/09/24 20:18:17.643, 3, 26675, 97871, 75, 206.65
2026/09/24 20:18:17.843, 0, 26675, 97871, 34, 205.70
2026/09/24 20:18:17.843, 1, 26675, 97871, 81, 219.53
2026/09/24 20:18:17.843, 2, 26675, 97871, 67, 209.77
2026/09/24 20:18:17.843, 3, 26675, 97871, 82, 204.65
2026/09/24 20:18:18.043, 0, 26675, 97871, 35, 206.01
2026/09/24 20:18:18.043, 1, 26675, 97871, 73, 219.21
2026/09/24 20:18:18.043, 2, 26675, 97871, 56, 209.36
2026/09/24 20:18:18.043, 3, 26675, 97871, 76, 204.74
2026/09/24 20:18:18.243, 0, 26675, 97871, 36, 206.91
2026/09/24 20:18:18.243, 1, 26675, 97871, 84, 220.31
2026/09/24 20:18:18.243, 2, 26675, 97871, 68, 207.94
2026/09/24 20:18:18.243, 3, 26675, 97871, 78, 204.81
2026/09/24 20:18:18.443, 0, 26675, 97871, 57, 207.54
2026/09/24 20:18:18.443, 1, 26675, 97871, 73, 221.24
2026/09/24 20:18:18.443, 2, 26675, 97871, 62, 207.27
2026/09/24 20:18:18.443, 3, 26675, 97871, 80, 206.39
2026/09/24 20:18:18.643, 0, 26675, 97871, 46, 208.68
2026/09/24 20:18:18.643, 1, 26675, 97871, 76, 220.29
2026/09/24 20:18:18.643, 2, 26675, 97871, 55, 207.32
2026/09/24 20:18:18.643, 3, 26675, 97871, 75, 206.22
2026/09/24 20:18:18.843, 0, 26675, 97871, 36, 209.49
2026/09/24 20:18:18.843, 1, 26675, 97871, 79, 220.28
2026/09/24 20:18:18.843, 2, 26675, 97871, 37, 207.41
2026/09/24 20:18:18.844, 3, 26675, 97871, 85, 206.32
2026/09/24 20:18:19.044, 0, 26675, 97871, 36, 209.75
2026/09/24 20:18:19.044, 1, 26675, 97871, 76, 220.24
2026/09/24 20:18:19.044, 2, 26675, 97871, 53, 205.33
2026/09/24 20:18:19.044, 3, 26675, 97871, 78, 206.32
2026/09/24 20:18:19.244, 0, 26675, 97871, 47, 209.34
2026/09/24 20:18:19.244, 1, 26675, 97871, 85, 219.72
2026/09/24 20:18:19.244, 2, 26675, 97871, 39, 205.72
2026/09/24 20:18:19.244, 3, 26675, 97871, 80, 207.17
2026/09/24 20:18:19.444, 0, 26675, 97871, 69, 208.95
2026/09/24 20:18:19.444, 1, 26675, 97871, 77, 219.17
2026/09/24 20:18:19.444, 2, 26675, 97871, 56, 205.96
2026/09/24 20:18:19.444, 3, 26675, 97871, 77, 206.52
2026/09/24 20:18:19.644, 0, 26675, 97871, 35, 208.45
2026/09/24 20:18:19.644, 1, 26675, 97871, 57, 221.03
2026/09/24 20:18:19.644, 2, 26675, 97871, 63, 206.76
2026/09/24 20:18:19.644, 3, 26675, 97871, 76, 207.02
2026/09/24 20:18:19.844, 0, 26675, 97871, 43, 208.60
2026/09/24 20:18:19.844, 1, 26675, 97871, 72, 221.83
2026/09/24 20:18:19.844, 2, 26675, 97871, 47, 206.99
2026/09/24 20:18:19.844, 3, 26675, 97871, 84, 207.66
2026/09/24 20:18:20.044, 0, 26675, 97871, 37, 208.78
2026/09/24 20:18:20.044, 1, 26675, 97871, 70, 221.21
2026/09/24 20:18:20.044, 2, 26675, 97871, 51, 209.35
2026/09/24 20:18:20.044, 3, 26675, 97871, 78, 208.27
2026/09/24 20:18:20.244, 0, 26675, 97871, 36, 208.64
2026/09/24 20:18:20.244, 1, 26675, 97871, 72, 220.90
2026/09/24 20:18:20.245, 2, 26675, 97871, 59, 208.95
2026/09/24 20:18:20.245, 3, 26675, 97871, 81, 207.73
2026/09/24 20:18:20.445, 0, 26675, 97871, 57, 209.04
2026/09/24 20:18:20.445, 1, 26675, 97871, 68, 220.74
2026/09/24 20:18:20.445, 2, 26675, 97871, 72, 209.37
2026/09/24 20:18:20.445, 3, 26675, 97871, 78, 208.47
2026/09/24 20:18:20.645, 0, 26675, 97871, 36, 209.98
2026/09/24 20:18:20.645, 1, 26675, 97871, 82, 220.54
2026/09/24 20:18:20.645, 2, 26675, 97871, 73, 209.92
2026/09/24 20:18:20.645, 3, 26675, 97871, 77, 209.25
2026/09/24 20:18:20.845, 0, 26675, 97871, 40, 210.21
2026/09/24 20:18:20.845, 1, 26675, 97871, 68, 219.88
2026/09/24 20:18:20.845, 2, 26675, 97871, 58, 210.72
2026/09/24 20:18:20.845, 3, 26675, 97871, 84, 210.56
2026/09/24 20:18:21.045, 0, 26675, 97871, 36, 210.01
2026/09/24 20:18:21.045, 1, 26675, 97871, 71, 220.52
2026/09/24 20:18:21.045, 2, 26675, 97871, 57, 210.43
2026/09/24 20:18:21.045, 3, 26675, 97871, 79, 210.49
2026/09/24 20:18:21.245, 0, 26675, 97871, 35, 208.93
2026/09/24 20:18:21.245, 1, 26675, 97871, 80, 220.56
2026/09/24 20:18:21.245, 2, 26675, 97871, 62, 210.30
2026/09/24 20:18:21.245, 3, 26675, 97871, 85, 209.39
2026/09/24 20:18:21.445, 0, 26675, 97871, 38, 202.56
2026/09/24 20:18:21.445, 1, 26675, 97871, 63, 214.34
2026/09/24 20:18:21.445, 2, 26675, 97871, 34, 204.86
2026/09/24 20:18:21.445, 3, 26675, 97871, 69, 203.17
2026/09/24 20:18:21.645, 0, 26675, 97871, 85, 218.60
2026/09/24 20:18:21.645, 1, 26675, 97871, 62, 232.25
2026/09/24 20:18:21.646, 2, 26675, 97871, 55, 215.66
2026/09/24 20:18:21.646, 3, 26675, 97871, 81, 220.97
2026/09/24 20:18:21.846, 0, 26675, 97871, 85, 234.01
2026/09/24 20:18:21.846, 1, 26675, 97871, 72, 249.21
2026/09/24 20:18:21.846, 2, 26675, 97871, 66, 234.05
2026/09/24 20:18:21.846, 3, 26675, 97871, 78, 236.82
2026/09/24 20:18:22.046, 0, 26675, 97871, 82, 253.60
2026/09/24 20:18:22.046, 1, 26675, 97871, 70, 266.39
2026/09/24 20:18:22.046, 2, 26675, 97871, 60, 254.01
2026/09/24 20:18:22.046, 3, 26675, 97871, 80, 256.82
2026/09/24 20:18:22.246, 0, 26675, 97871, 42, 252.55
2026/09/24 20:18:22.246, 1, 26675, 97871, 82, 267.04
2026/09/24 20:18:22.246, 2, 26675, 97871, 63, 263.28
2026/09/24 20:18:22.246, 3, 26675, 97871, 85, 258.88
2026/09/24 20:18:22.446, 0, 26675, 97871, 66, 258.08
2026/09/24 20:18:22.446, 1, 26675, 97871, 73, 272.85
2026/09/24 20:18:22.446, 2, 26675, 97871, 43, 266.77
2026/09/24 20:18:22.446, 3, 26675, 97871, 80, 267.03
2026/09/24 20:18:22.646, 0, 26675, 97871, 48, 240.00
2026/09/24 20:18:22.646, 1, 26675, 97871, 85, 253.37
2026/09/24 20:18:22.646, 2, 26675, 97871, 36, 255.55
2026/09/24 20:18:22.646, 3, 26675, 97871, 79, 247.18
2026/09/24 20:18:22.846, 0, 26675, 97871, 43, 222.66
2026/09/24 20:18:22.846, 1, 26675, 97871, 73, 234.05
2026/09/24 20:18:22.846, 2, 26675, 97871, 43, 235.16
2026/09/24 20:18:22.846, 3, 26675, 97871, 82, 232.61
2026/09/24 20:18:23.047, 0, 26675, 97871, 32, 200.01
2026/09/24 20:18:23.047, 1, 26675, 97871, 77, 214.46
2026/09/24 20:18:23.047, 2, 26675, 97871, 37, 217.32
2026/09/24 20:18:23.047, 3, 26675, 97871, 77, 214.22
2026/09/24 20:18:23.247, 0, 26675, 97871, 43, 199.40
2026/09/24 20:18:23.247, 1, 26675, 97871, 77, 214.55
2026/09/24 20:18:23.247, 2, 26675, 97871, 45, 205.37
2026/09/24 20:18:23.247, 3, 26675, 97871, 85, 214.01
2026/09/24 20:18:23.447, 0, 26675, 97871, 60, 199.46
2026/09/24 20:18:23.447, 1, 26675, 97871, 74, 214.39
2026/09/24 20:18:23.447, 2, 26675, 97871, 38, 205.65
2026/09/24 20:18:23.447, 3, 26675, 97871, 82, 214.05
2026/09/24 20:18:23.647, 0, 26675, 97871, 68, 200.23
2026/09/24 20:18:23.647, 1, 26675, 97871, 83, 214.30
2026/09/24 20:18:23.647, 2, 26675, 97871, 52, 205.00
2026/09/24 20:18:23.647, 3, 26675, 97871, 81, 213.91
2026/09/24 20:18:23.847, 0, 26675, 97871, 44, 199.70
2026/09/24 20:18:23.847, 1, 26675, 97871, 70, 214.21
2026/09/24 20:18:23.847, 2, 26675, 97871, 45, 205.44
2026/09/24 20:18:23.847, 3, 26675, 97871, 78, 214.29
2026/09/24 20:18:24.047, 0, 26675, 97871, 39, 198.99
2026/09/24 20:18:24.047, 1, 26675, 97871, 72, 214.02
2026/09/24 20:18:24.047, 2, 26675, 97871, 34, 206.19
2026/09/24 20:18:24.047, 3, 26675, 97871, 80, 213.78
2026/09/24 20:18:24.247, 0, 26675, 97871, 36, 199.28
2026/09/24 20:18:24.247, 1, 26675, 97871, 77, 214.57
2026/09/24 20:18:24.247, 2, 26675, 97871, 37, 206.74
2026/09/24 20:18:24.247, 3, 26675, 97871, 87, 212.28
2026/09/24 20:18:24.448, 0, 26675, 97871, 35, 201.32
2026/09/24 20:18:24.448, 1, 26675, 97871, 71, 216.28
2026/09/24 20:18:24.448, 2, 26675, 97871, 61, 207.73
2026/09/24 20:18:24.448, 3, 26675, 97871, 79, 212.78
2026/09/24 20:18:24.648, 0, 26675, 97871, 35, 201.97
2026/09/24 20:18:24.648, 1, 26675, 97871, 81, 218.46
2026/09/24 20:18:24.648, 2, 26675, 97871, 73, 209.58
2026/09/24 20:18:24.648, 3, 26675, 97871, 82, 212.83
2026/09/24 20:18:24.848, 0, 26675, 97871, 52, 203.41
2026/09/24 20:18:24.848, 1, 26675, 97871, 77, 219.75
2026/09/24 20:18:24.848, 2, 26675, 97871, 60, 209.38
2026/09/24 20:18:24.848, 3, 26675, 97871, 80, 210.83
2026/09/24 20:18:25.048, 0, 26675, 97871, 35, 206.07
2026/09/24 20:18:25.048, 1, 26675, 97871, 81, 220.96
2026/09/24 20:18:25.048, 2, 26675, 97871, 52, 211.02
2026/09/24 20:18:25.048, 3, 26675, 97871, 80, 209.99
2026/09/24 20:18:25.248, 0, 26675, 97871, 47, 207.60
2026/09/24 20:18:25.248, 1, 26675, 97871, 71, 221.87
2026/09/24 20:18:25.248, 2, 26675, 97871, 40, 211.82
2026/09/24 20:18:25.248, 3, 26675, 97871, 83, 209.47
2026/09/24 20:18:25.448, 0, 26675, 97871, 44, 207.60
2026/09/24 20:18:25.448, 1, 26675, 97871, 78, 221.14
2026/09/24 20:18:25.448, 2, 26675, 97871, 44, 211.00
2026/09/24 20:18:25.448, 3, 26675, 97871, 77, 208.01
2026/09/24 20:18:25.648, 0, 26675, 97871, 36, 208.15
2026/09/24 20:18:25.648, 1, 26675, 97871, 68, 219.91
2026/09/24 20:18:25.648, 2, 26675, 97871, 61, 210.42
2026/09/24 20:18:25.648, 3, 26675, 97871, 86, 206.40
2026/09/24 20:18:25.849, 0, 26675, 97871, 42, 208.66
2026/09/24 20:18:25.849, 1, 26675, 97871, 75, 219.99
2026/09/24 20:18:25.849, 2, 26675, 97871, 37, 210.61
2026/09/24 20:18:25.849, 3, 26675, 97871, 79, 206.16
2026/09/24 20:18:26.049, 0, 26675, 97871, 35, 208.46
2026/09/24 20:18:26.049, 1, 26675, 97871, 84, 220.13
2026/09/24 20:18:26.049, 2, 26675, 97871, 44, 208.98
2026/09/24 20:18:26.049, 3, 26675, 97871, 79, 206.21
2026/09/24 20:18:26.249, 0, 26675, 97871, 35, 207.34
2026/09/24 20:18:26.249, 1, 26675, 97871, 74, 220.34
2026/09/24 20:18:26.249, 2, 26675, 97871, 67, 209.40
2026/09/24 20:18:26.249, 3, 26675, 97871, 78, 205.77
2026/09/24 20:18:26.449, 0, 26675, 97871, 41, 207.78
2026/09/24 20:18:26.449, 1, 26675, 97871, 81, 220.18
2026/09/24 20:18:26.449, 2, 26675, 97871, 66, 210.20
2026/09/24 20:18:26.449, 3, 26675, 97871, 78, 206.13
2026/09/24 20:18:26.649, 0, 26675, 97871, 40, 207.60
2026/09/24 20:18:26.649, 1, 26675, 97871, 76, 220.91
2026/09/24 20:18:26.649, 2, 26675, 97871, 59, 210.35
2026/09/24 20:18:26.649, 3, 26675, 97871, 86, 206.79
2026/09/24 20:18:26.849, 0, 26675, 97871, 56, 207.98
2026/09/24 20:18:26.849, 1, 26675, 97871, 76, 222.18
2026/09/24 20:18:26.849, 2, 26675, 97871, 38, 209.57
2026/09/24 20:18:26.849, 3, 26675, 97871, 80, 207.89
2026/09/24 20:18:27.049, 0, 26675, 97871, 34, 207.65
2026/09/24 20:18:27.049, 1, 26675, 97871, 87, 221.82
2026/09/24 20:18:27.050, 2, 26675, 97871, 49, 209.59
2026/09/24 20:18:27.050, 3, 26675, 97871, 83, 208.07
2026/09/24 20:18:27.250, 0, 26675, 97871, 45, 207.50
2026/09/24 20:18:27.250, 1, 26675, 97871, 84, 222.05
2026/09/24 20:18:27.250, 2, 26675, 97871, 58, 208.34
2026/09/24 20:18:27.250, 3, 26675, 97871, 80, 208.61
2026/09/24 20:18:27.450, 0, 26675, 97871, 40, 206.54
2026/09/24 20:18:27.450, 1, 26675, 97871, 74, 222.93
2026/09/24 20:18:27.450, 2, 26675, 97871, 46, 208.79
2026/09/24 20:18:27.450, 3, 26675, 97871, 81, 208.36
2026/09/24 20:18:27.650, 0, 26675, 97871, 50, 207.64
2026/09/24 20:18:27.650, 1, 26675, 97871, 73, 222.84
2026/09/24 20:18:27.650, 2, 26675, 97871, 40, 208.69
2026/09/24 20:18:27.650, 3, 26675, 97871, 80, 208.39
2026/09/24 20:18:27.850, 0, 26675, 97871, 43, 207.80
2026/09/24 20:18:27.850, 1, 26675, 97871, 78, 221.27
2026/09/24 20:18:27.850, 2, 26675, 97871, 40, 209.24
2026/09/24 20:18:27.851, 3, 26675, 97871, 79, 208.68
2026/09/24 20:18:28.051, 0, 26675, 97871, 56, 208.02
2026/09/24 20:18:28.051, 1, 26675, 97871, 76, 222.00
2026/09/24 20:18:28.051, 2, 26675, 97871, 38, 209.14
2026/09/24 20:18:28.051, 3, 26675, 97871, 89, 209.05
2026/09/24 20:18:28.251, 0, 26675, 97871, 58, 210.33
2026/09/24 20:18:28.251, 1, 26675, 97871, 85, 221.00
2026/09/24 20:18:28.251, 2, 26675, 97871, 37, 208.67
2026/09/24 20:18:28.251, 3, 26675, 97871, 80, 210.27
2026/09/24 20:18:28.451, 0, 26675, 97871, 63, 210.99
2026/09/24 20:18:28.451, 1, 26675, 97871, 74, 220.04
2026/09/24 20:18:28.451, 2, 26675, 97871, 45, 207.79
2026/09/24 20:18:28.451, 3, 26675, 97871, 83, 210.72
2026/09/24 20:18:28.651, 0, 26675, 97871, 58, 211.17
2026/09/24 20:18:28.651, 1, 26675, 97871, 82, 220.54
2026/09/24 20:18:28.651, 2, 26675, 97871, 36, 208.01
2026/09/24 20:18:28.651, 3, 26675, 97871, 80, 210.71
2026/09/24 20:18:28.851, 0, 26675, 97871, 63, 208.95
2026/09/24 20:18:28.851, 1, 26675, 97871, 62, 218.94
2026/09/24 20:18:28.851, 2, 26675, 97871, 37, 207.69
2026/09/24 20:18:28.851, 3, 26675, 97871, 73, 207.99
2026/09/24 20:18:29.051, 0, 26679, 97871, 33, 202.90
2026/09/24 20:18:29.051, 1, 26679, 97871, 66, 212.04
2026/09/24 20:18:29.051, 2, 26679, 97871, 26, 203.12
2026/09/24 20:18:29.051, 3, 26679, 97871, 68, 202.26
2026/09/24 20:18:29.251, 0, 26681, 97871, 38, 198.67
2026/09/24 20:18:29.251, 1, 26681, 97871, 72, 209.15
2026/09/24 20:18:29.251, 2, 26681, 97871, 22, 195.29
2026/09/24 20:18:29.252, 3, 26681, 97871, 83, 201.27
2026/09/24 20:18:29.452, 0, 26681, 97871, 78, 213.25
2026/09/24 20:18:29.452, 1, 26681, 97871, 79, 226.54
2026/09/24 20:18:29.452, 2, 26681, 97871, 58, 209.76
2026/09/24 20:18:29.452, 3, 26681, 97871, 79, 216.77
2026/09/24 20:18:29.652, 0, 26681, 97871, 72, 225.69
2026/09/24 20:18:29.652, 1, 26681, 97871, 84, 238.38
2026/09/24 20:18:29.652, 2, 26681, 97871, 52, 224.30
2026/09/24 20:18:29.652, 3, 26681, 97871, 73, 232.52
2026/09/24 20:18:29.852, 0, 26681, 97871, 71, 246.13
2026/09/24 20:18:29.852, 1, 26681, 97871, 70, 259.75
2026/09/24 20:18:29.852, 2, 26681, 97871, 83, 245.91
2026/09/24 20:18:29.852, 3, 26681, 97871, 82, 252.11
2026/09/24 20:18:30.052, 0, 26681, 97871, 61, 252.31
2026/09/24 20:18:30.052, 1, 26681, 97871, 87, 266.31
2026/09/24 20:18:30.052, 2, 26681, 97871, 55, 257.37
2026/09/24 20:18:30.052, 3, 26681, 97871, 79, 261.11
2026/09/24 20:18:30.252, 0, 26681, 97871, 47, 255.16
2026/09/24 20:18:30.252, 1, 26681, 97871, 87, 267.63
2026/09/24 20:18:30.252, 2, 26681, 97871, 36, 263.94
2026/09/24 20:18:30.252, 3, 26681, 97871, 81, 261.84
2026/09/24 20:18:30.452, 0, 26681, 97871, 60, 236.62
2026/09/24 20:18:30.452, 1, 26681, 97871, 75, 250.75
2026/09/24 20:18:30.452, 2, 26681, 97871, 35, 252.43
2026/09/24 20:18:30.452, 3, 26681, 97871, 80, 246.46
2026/09/24 20:18:30.652, 0, 26681, 97871, 35, 220.85
2026/09/24 20:18:30.652, 1, 26681, 97871, 82, 234.58
2026/09/24 20:18:30.652, 2, 26681, 97871, 35, 235.50
2026/09/24 20:18:30.653, 3, 26681, 97871, 79, 230.95
2026/09/24 20:18:30.853, 0, 26681, 97871, 47, 199.34
2026/09/24 20:18:30.853, 1, 26681, 97871, 74, 212.59
2026/09/24 20:18:30.853, 2, 26681, 97871, 34, 216.38
2026/09/24 20:18:30.853, 3, 26681, 97871, 84, 212.78
2026/09/24 20:18:31.053, 0, 26681, 97871, 42, 198.02
2026/09/24 20:18:31.053, 1, 26681, 97871, 76, 212.03
2026/09/24 20:18:31.053, 2, 26681, 97871, 46, 204.90
2026/09/24 20:18:31.053, 3, 26681, 97871, 81, 211.94
2026/09/24 20:18:31.253, 0, 26681, 97871, 34, 198.83
2026/09/24 20:18:31.253, 1, 26681, 97871, 74, 213.46
2026/09/24 20:18:31.253, 2, 26681, 97871, 47, 204.90
2026/09/24 20:18:31.253, 3, 26681, 97871, 88, 213.34
2026/09/24 20:18:31.453, 0, 26681, 97871, 66, 199.23
2026/09/24 20:18:31.453, 1, 26681, 97871, 75, 213.60
2026/09/24 20:18:31.453, 2, 26681, 97871, 40, 203.91
2026/09/24 20:18:31.453, 3, 26681, 97871, 79, 213.90
2026/09/24 20:18:31.653, 0, 26681, 97871, 57, 199.96
2026/09/24 20:18:31.653, 1, 26681, 97871, 86, 213.64
2026/09/24 20:18:31.653, 2, 26681, 97871, 35, 203.68
2026/09/24 20:18:31.653, 3, 26681, 97871, 81, 214.51
2026/09/24 20:18:31.853, 0, 26681, 97871, 50, 198.59
2026/09/24 20:18:31.853, 1, 26681, 97871, 71, 214.38
2026/09/24 20:18:31.853, 2, 26681, 97871, 35, 203.42
2026/09/24 20:18:31.853, 3, 26681, 97871, 80, 214.84
2026/09/24 20:18:32.053, 0, 26681, 97871, 48, 198.83
2026/09/24 20:18:32.054, 1, 26681, 97871, 81, 215.08
2026/09/24 20:18:32.054, 2, 26681, 97871, 37, 204.12
2026/09/24 20:18:32.054, 3, 26681, 97871, 79, 215.05
2026/09/24 20:18:32.254, 0, 26681, 97871, 51, 199.39
2026/09/24 20:18:32.254, 1, 26681, 97871, 72, 215.58
2026/09/24 20:18:32.254, 2, 26681, 97871, 42, 205.35
2026/09/24 20:18:32.254, 3, 26681, 97871, 81, 214.00
2026/09/24 20:18:32.454, 0, 26681, 97871, 45, 201.22
2026/09/24 20:18:32.454, 1, 26681, 97871, 78, 217.52
2026/09/24 20:18:32.454, 2, 26681, 97871, 36, 206.18
2026/09/24 20:18:32.454, 3, 26681, 97871, 78, 212.88
2026/09/24 20:18:32.654, 0, 26681, 97871, 52, 202.77
2026/09/24 20:18:32.654, 1, 26681, 97871, 75, 220.98
2026/09/24 20:18:32.655, 2, 26681, 97871, 40, 208.49
2026/09/24 20:18:32.655, 3, 26681, 97871, 89, 211.09
2026/09/24 20:18:32.855, 0, 26681, 97871, 60, 205.97
2026/09/24 20:18:32.855, 1, 26681, 97871, 74, 222.34
2026/09/24 20:18:32.855, 2, 26681, 97871, 39, 209.63
2026/09/24 20:18:32.855, 3, 26681, 97871, 79, 210.05
2026/09/24 20:18:33.055, 0, 26681, 97871, 54, 207.65
2026/09/24 20:18:33.055, 1, 26681, 97871, 79, 222.78
2026/09/24 20:18:33.055, 2, 26681, 97871, 50, 210.08
2026/09/24 20:18:33.055, 3, 26681, 97871, 81, 208.20
2026/09/24 20:18:33.255, 0, 26681, 97871, 48, 208.29
2026/09/24 20:18:33.255, 1, 26681, 97871, 77, 223.09
2026/09/24 20:18:33.255, 2, 26681, 97871, 35, 210.33
2026/09/24 20:18:33.255, 3, 26681, 97871, 79, 206.01
2026/09/24 20:18:33.455, 0, 26681, 97871, 52, 208.35
2026/09/24 20:18:33.455, 1, 26681, 97871, 83, 222.23
2026/09/24 20:18:33.455, 2, 26681, 97871, 36, 210.74
2026/09/24 20:18:33.455, 3, 26681, 97871, 79, 205.40
2026/09/24 20:18:33.655, 0, 26681, 97871, 53, 208.78
2026/09/24 20:18:33.655, 1, 26681, 97871, 74, 219.60
2026/09/24 20:18:33.655, 2, 26681, 97871, 34, 209.66
2026/09/24 20:18:33.655, 3, 26681, 97871, 81, 205.15
2026/09/24 20:18:33.855, 0, 26681, 97871, 39, 208.01
2026/09/24 20:18:33.855, 1, 26681, 97871, 77, 219.14
2026/09/24 20:18:33.855, 2, 26681, 97871, 42, 208.97
2026/09/24 20:18:33.855, 3, 26681, 97871, 79, 204.90
2026/09/24 20:18:34.055, 0, 26681, 97871, 42, 208.80
2026/09/24 20:18:34.056, 1, 26681, 97871, 74, 219.79
2026/09/24 20:18:34.056, 2, 26681, 97871, 48, 209.56
2026/09/24 20:18:34.056, 3, 26681, 97871, 87, 205.29
2026/09/24 20:18:34.256, 0, 26681, 97871, 35, 208.75
2026/09/24 20:18:34.256, 1, 26681, 97871, 76, 219.48
2026/09/24 20:18:34.256, 2, 26681, 97871, 47, 208.84
2026/09/24 20:18:34.256, 3, 26681, 97871, 75, 206.37
2026/09/24 20:18:34.456, 0, 26681, 97871, 47, 208.83
2026/09/24 20:18:34.456, 1, 26681, 97871, 82, 219.17
2026/09/24 20:18:34.456, 2, 26681, 97871, 45, 208.18
2026/09/24 20:18:34.456, 3, 26681, 97871, 80, 206.48
2026/09/24 20:18:34.656, 0, 26681, 97871, 41, 208.34
2026/09/24 20:18:34.656, 1, 26681, 97871, 69, 220.12
2026/09/24 20:18:34.656, 2, 26681, 97871, 35, 208.23
2026/09/24 20:18:34.656, 3, 26681, 97871, 78, 206.75
2026/09/24 20:18:34.856, 0, 26681, 97871, 39, 207.64
2026/09/24 20:18:34.856, 1, 26681, 97871, 82, 220.96
2026/09/24 20:18:34.856, 2, 26681, 97871, 37, 209.15
2026/09/24 20:18:34.856, 3, 26681, 97871, 78, 206.83
2026/09/24 20:18:35.056, 0, 26681, 97871, 62, 208.24
2026/09/24 20:18:35.056, 1, 26681, 97871, 74, 220.02
2026/09/24 20:18:35.056, 2, 26681, 97871, 36, 208.80
2026/09/24 20:18:35.056, 3, 26681, 97871, 85, 207.12
2026/09/24 20:18:35.256, 0, 26681, 97871, 38, 208.88
2026/09/24 20:18:35.256, 1, 26681, 97871, 76, 220.18
2026/09/24 20:18:35.256, 2, 26681, 97871, 37, 209.16
2026/09/24 20:18:35.256, 3, 26681, 97871, 78, 207.03
2026/09/24 20:18:35.457, 0, 26681, 97871, 60, 209.05
2026/09/24 20:18:35.457, 1, 26681, 97871, 74, 220.32
2026/09/24 20:18:35.457, 2, 26681, 97871, 39, 209.62
2026/09/24 20:18:35.457, 3, 26681, 97871, 87, 207.41
2026/09/24 20:18:35.657, 0, 26681, 97871, 38, 210.56
2026/09/24 20:18:35.657, 1, 26681, 97871, 74, 220.05
2026/09/24 20:18:35.657, 2, 26681, 97871, 39, 210.63
2026/09/24 20:18:35.657, 3, 26681, 97871, 81, 208.30
2026/09/24 20:18:35.857, 0, 26681, 97871, 54, 211.40
2026/09/24 20:18:35.857, 1, 26681, 97871, 86, 220.80
2026/09/24 20:18:35.857, 2, 26681, 97871, 38, 209.92
2026/09/24 20:18:35.857, 3, 26681, 97871, 79, 209.29
2026/09/24 20:18:36.057, 0, 26681, 97871, 59, 210.91
2026/09/24 20:18:36.057, 1, 26681, 97871, 76, 221.71
2026/09/24 20:18:36.057, 2, 26681, 97871, 40, 209.55
2026/09/24 20:18:36.057, 3, 26681, 97871, 79, 208.93
2026/09/24 20:18:36.257, 0, 26681, 97871, 39, 210.35
2026/09/24 20:18:36.257, 1, 26681, 97871, 78, 221.51
2026/09/24 20:18:36.257, 2, 26681, 97871, 38, 209.86
2026/09/24 20:18:36.257, 3, 26681, 97871, 77, 209.63
2026/09/24 20:18:36.457, 0, 26681, 97871, 56, 210.26
2026/09/24 20:18:36.457, 1, 26681, 97871, 76, 221.54
2026/09/24 20:18:36.457, 2, 26681, 97871, 47, 210.62
2026/09/24 20:18:36.457, 3, 26681, 97871, 85, 209.58
2026/09/24 20:18:36.657, 0, 26681, 97871, 33, 206.60
2026/09/24 20:18:36.657, 1, 26681, 97871, 79, 219.15
2026/09/24 20:18:36.657, 2, 26681, 97871, 37, 208.44
2026/09/24 20:18:36.657, 3, 26681, 97871, 68, 207.44
2026/09/24 20:18:36.858, 0, 26681, 97871, 30, 202.04
2026/09/24 20:18:36.858, 1, 26681, 97871, 63, 213.46
2026/09/24 20:18:36.858, 2, 26681, 97871, 29, 203.57
2026/09/24 20:18:36.858, 3, 26681, 97871, 75, 202.50
2026/09/24 20:18:37.058, 0, 26681, 97871, 23, 193.40
2026/09/24 20:18:37.058, 1, 26681, 97871, 72, 204.40
2026/09/24 20:18:37.058, 2, 26681, 97871, 27, 196.01
2026/09/24 20:18:37.058, 3, 26681, 97871, 77, 197.79
2026/09/24 20:18:37.258, 0, 26681, 97871, 77, 217.91
2026/09/24 20:18:37.258, 1, 26681, 97871, 68, 227.99
2026/09/24 20:18:37.258, 2, 26681, 97871, 49, 212.12
2026/09/24 20:18:37.258, 3, 26681, 97871, 87, 218.10
2026/09/24 20:18:37.458, 0, 26681, 97871, 55, 230.60
2026/09/24 20:18:37.458, 1, 26681, 97871, 76, 243.83
2026/09/24 20:18:37.458, 2, 26681, 97871, 69, 226.53
2026/09/24 20:18:37.458, 3, 26681, 97871, 67, 233.31
2026/09/24 20:18:37.658, 0, 26681, 97871, 85, 250.55
2026/09/24 20:18:37.658, 1, 26681, 97871, 70, 263.17
2026/09/24 20:18:37.658, 2, 26681, 97871, 74, 250.10
2026/09/24 20:18:37.658, 3, 26681, 97871, 72, 251.41
2026/09/24 20:18:37.858, 0, 26681, 97871, 33, 253.29
2026/09/24 20:18:37.858, 1, 26681, 97871, 74, 265.48
2026/09/24 20:18:37.858, 2, 26681, 97871, 58, 257.53
2026/09/24 20:18:37.858, 3, 26681, 97871, 77, 256.24
2026/09/24 20:18:38.058, 0, 26681, 97871, 34, 260.32
2026/09/24 20:18:38.058, 1, 26681, 97871, 74, 273.95
2026/09/24 20:18:38.058, 2, 26681, 97871, 72, 266.96
2026/09/24 20:18:38.058, 3, 26681, 97871, 86, 262.25
2026/09/24 20:18:38.258, 0, 26681, 97871, 33, 235.97
2026/09/24 20:18:38.259, 1, 26681, 97871, 71, 250.97
2026/09/24 20:18:38.259, 2, 26681, 97871, 67, 249.17
2026/09/24 20:18:38.259, 3, 26681, 97871, 78, 242.02
2026/09/24 20:18:38.459, 0, 26681, 97871, 33, 220.93
2026/09/24 20:18:38.459, 1, 26681, 97871, 82, 231.40
2026/09/24 20:18:38.459, 2, 26681, 97871, 76, 233.12
2026/09/24 20:18:38.459, 3, 26681, 97871, 77, 227.92
2026/09/24 20:18:38.659, 0, 26681, 97871, 34, 199.63
2026/09/24 20:18:38.659, 1, 26681, 97871, 73, 213.22
2026/09/24 20:18:38.659, 2, 26681, 97871, 67, 209.99
2026/09/24 20:18:38.659, 3, 26681, 97871, 76, 212.93
2026/09/24 20:18:38.859, 0, 26681, 97871, 52, 199.05
2026/09/24 20:18:38.860, 1, 26681, 97871, 80, 213.20
2026/09/24 20:18:38.860, 2, 26681, 97871, 59, 205.82
2026/09/24 20:18:38.860, 3, 26681, 97871, 78, 212.97
2026/09/24 20:18:39.060, 0, 26681, 97871, 67, 199.13
2026/09/24 20:18:39.060, 1, 26681, 97871, 79, 213.93
2026/09/24 20:18:39.060, 2, 26681, 97871, 55, 205.81
2026/09/24 20:18:39.060, 3, 26681, 97871, 88, 211.62
2026/09/24 20:18:39.260, 0, 26681, 97871, 32, 197.92
2026/09/24 20:18:39.260, 1, 26681, 97871, 77, 213.67
2026/09/24 20:18:39.260, 2, 26681, 97871, 34, 205.16
2026/09/24 20:18:39.260, 3, 26681, 97871, 79, 211.95
2026/09/24 20:18:39.460, 0, 26681, 97871, 32, 197.50
2026/09/24 20:18:39.460, 1, 26681, 97871, 82, 213.96
2026/09/24 20:18:39.460, 2, 26681, 97871, 75, 205.65
2026/09/24 20:18:39.460, 3, 26681, 97871, 79, 211.00
2026/09/24 20:18:39.660, 0, 26681, 97871, 32, 196.86
2026/09/24 20:18:39.660, 1, 26681, 97871, 67, 213.56
2026/09/24 20:18:39.660, 2, 26681, 97871, 68, 203.97
2026/09/24 20:18:39.660, 3, 26681, 97871, 75, 210.61
2026/09/24 20:18:39.860, 0, 26681, 97871, 33, 197.64
2026/09/24 20:18:39.860, 1, 26681, 97871, 77, 214.24
2026/09/24 20:18:39.860, 2, 26681, 97871, 72, 202.96
2026/09/24 20:18:39.860, 3, 26681, 97871, 76, 211.62
2026/09/24 20:18:40.060, 0, 26681, 97871, 37, 199.55
2026/09/24 20:18:40.060, 1, 26681, 97871, 71, 215.43
2026/09/24 20:18:40.060, 2, 26681, 97871, 71, 204.07
2026/09/24 20:18:40.060, 3, 26681, 97871, 83, 211.63
2026/09/24 20:18:40.260, 0, 26681, 97871, 35, 201.49
2026/09/24 20:18:40.261, 1, 26681, 97871, 74, 217.03
2026/09/24 20:18:40.261, 2, 26681, 97871, 68, 205.05
2026/09/24 20:18:40.261, 3, 26681, 97871, 75, 211.76
2026/09/24 20:18:40.461, 0, 26681, 97871, 35, 203.54
2026/09/24 20:18:40.461, 1, 26681, 97871, 75, 218.07
2026/09/24 20:18:40.461, 2, 26681, 97871, 80, 206.90
2026/09/24 20:18:40.461, 3, 26681, 97871, 84, 210.49
2026/09/24 20:18:40.661, 0, 26681, 97871, 35, 205.41
2026/09/24 20:18:40.661, 1, 26681, 97871, 73, 219.96
2026/09/24 20:18:40.661, 2, 26681, 97871, 73, 208.78
2026/09/24 20:18:40.661, 3, 26681, 97871, 75, 209.41
2026/09/24 20:18:40.861, 0, 26681, 97871, 35, 207.37
2026/09/24 20:18:40.861, 1, 26681, 97871, 82, 221.91
2026/09/24 20:18:40.861, 2, 26681, 97871, 64, 210.91
2026/09/24 20:18:40.861, 3, 26681, 97871, 78, 207.07
2026/09/24 20:18:41.061, 0, 26681, 97871, 36, 207.37
2026/09/24 20:18:41.061, 1, 26681, 97871, 71, 221.90
2026/09/24 20:18:41.061, 2, 26681, 97871, 54, 210.12
2026/09/24 20:18:41.061, 3, 26681, 97871, 79, 205.85
2026/09/24 20:18:41.261, 0, 26681, 97871, 35, 207.75
2026/09/24 20:18:41.261, 1, 26681, 97871, 73, 221.79
2026/09/24 20:18:41.261, 2, 26681, 97871, 72, 210.47
2026/09/24 20:18:41.261, 3, 26681, 97871, 74, 205.14
2026/09/24 20:18:41.461, 0, 26681, 97871, 42, 207.66
2026/09/24 20:18:41.461, 1, 26681, 97871, 61, 221.77
2026/09/24 20:18:41.461, 2, 26681, 97871, 71, 210.47
2026/09/24 20:18:41.461, 3, 26681, 97871, 85, 205.63
2026/09/24 20:18:41.661, 0, 26681, 97871, 35, 207.99
2026/09/24 20:18:41.661, 1, 26681, 97871, 68, 222.28
2026/09/24 20:18:41.661, 2, 26681, 97871, 63, 210.23
2026/09/24 20:18:41.661, 3, 26681, 97871, 77, 206.80
2026/09/24 20:18:41.862, 0, 26681, 97871, 34, 207.71
2026/09/24 20:18:41.862, 1, 26681, 97871, 82, 219.48
2026/09/24 20:18:41.862, 2, 26681, 97871, 75, 208.63
2026/09/24 20:18:41.862, 3, 26681, 97871, 80, 206.93
2026/09/24 20:18:42.062, 0, 26681, 97871, 34, 206.80
2026/09/24 20:18:42.062, 1, 26681, 97871, 70, 219.80
2026/09/24 20:18:42.062, 2, 26681, 97871, 69, 209.33
2026/09/24 20:18:42.062, 3, 26681, 97871, 78, 206.90
2026/09/24 20:18:42.262, 0, 26681, 97871, 40, 205.79
2026/09/24 20:18:42.262, 1, 26681, 97871, 75, 219.29
2026/09/24 20:18:42.262, 2, 26681, 97871, 74, 209.44
2026/09/24 20:18:42.262, 3, 26681, 97871, 79, 207.17
2026/09/24 20:18:42.462, 0, 26681, 97871, 44, 205.62
2026/09/24 20:18:42.462, 1, 26681, 97871, 78, 219.76
2026/09/24 20:18:42.462, 2, 26681, 97871, 70, 208.15
2026/09/24 20:18:42.462, 3, 26681, 97871, 79, 207.64
2026/09/24 20:18:42.662, 0, 26681, 97871, 35, 204.94
2026/09/24 20:18:42.662, 1, 26681, 97871, 75, 219.76
2026/09/24 20:18:42.662, 2, 26681, 97871, 67, 208.09
2026/09/24 20:18:42.662, 3, 26681, 97871, 74, 208.19
2026/09/24 20:18:42.862, 0, 26681, 97871, 37, 205.91
2026/09/24 20:18:42.862, 1, 26681, 97871, 62, 220.58
2026/09/24 20:18:42.862, 2, 26681, 97871, 79, 209.85
2026/09/24 20:18:42.862, 3, 26681, 97871, 82, 208.30
2026/09/24 20:18:43.062, 0, 26681, 97871, 36, 206.84
2026/09/24 20:18:43.062, 1, 26681, 97871, 63, 222.05
2026/09/24 20:18:43.062, 2, 26681, 97871, 57, 210.65
2026/09/24 20:18:43.062, 3, 26681, 97871, 76, 208.74
2026/09/24 20:18:43.263, 0, 26681, 97871, 36, 208.96
2026/09/24 20:18:43.263, 1, 26681, 97871, 61, 221.76
2026/09/24 20:18:43.263, 2, 26681, 97871, 59, 210.05
2026/09/24 20:18:43.263, 3, 26681, 97871, 78, 209.49
2026/09/24 20:18:43.463, 0, 26681, 97871, 40, 208.78
2026/09/24 20:18:43.463, 1, 26681, 97871, 61, 222.31
2026/09/24 20:18:43.463, 2, 26681, 97871, 71, 210.38
2026/09/24 20:18:43.463, 3, 26681, 97871, 78, 208.98
2026/09/24 20:18:43.663, 0, 26681, 97871, 38, 209.39
2026/09/24 20:18:43.663, 1, 26681, 97871, 80, 222.32
2026/09/24 20:18:43.663, 2, 26681, 97871, 71, 209.63
2026/09/24 20:18:43.663, 3, 26681, 97871, 75, 209.05
2026/09/24 20:18:43.863, 0, 26681, 97871, 39, 210.02
2026/09/24 20:18:43.863, 1, 26681, 97871, 73, 223.01
2026/09/24 20:18:43.863, 2, 26681, 97871, 66, 208.70
2026/09/24 20:18:43.863, 3, 26681, 97871, 80, 210.34
2026/09/24 20:18:44.063, 0, 26681, 97871, 36, 209.67
2026/09/24 20:18:44.063, 1, 26681, 97871, 73, 221.06
2026/09/24 20:18:44.063, 2, 26681, 97871, 57, 207.56
2026/09/24 20:18:44.063, 3, 26681, 97871, 79, 210.74
2026/09/24 20:18:44.263, 0, 26681, 97871, 36, 209.51
2026/09/24 20:18:44.263, 1, 26681, 97871, 57, 220.66
2026/09/24 20:18:44.263, 2, 26681, 97871, 60, 208.67
2026/09/24 20:18:44.263, 3, 26681, 97871, 84, 210.40
2026/09/24 20:18:44.463, 0, 26681, 97871, 53, 207.28
2026/09/24 20:18:44.463, 1, 26681, 97871, 76, 216.94
2026/09/24 20:18:44.463, 2, 26681, 97871, 61, 207.38
2026/09/24 20:18:44.463, 3, 26681, 97871, 72, 208.43
2026/09/24 20:18:44.664, 0, 26681, 97871, 30, 201.37
2026/09/24 20:18:44.664, 1, 26681, 97871, 60, 209.62
2026/09/24 20:18:44.664, 2, 26681, 97871, 48, 203.03
2026/09/24 20:18:44.664, 3, 26681, 97871, 79, 202.75
2026/09/24 20:18:44.864, 0, 26147, 97871, 30, 187.32
2026/09/24 20:18:44.881, 1, 26279, 97871, 0, 194.19
2026/09/24 20:18:44.881, 2, 26147, 97871, 27, 184.32
2026/09/24 20:18:44.881, 3, 26237, 97871, 49, 188.37
2026/09/24 20:18:45.081, 0, 26113, 97871, 2, 173.41
2026/09/24 20:18:45.081, 1, 26113, 97871, 0, 177.08
2026/09/24 20:18:45.081, 2, 26113, 97871, 2, 167.06
2026/09/24 20:18:45.081, 3, 26113, 97871, 2, 172.52
2026/09/24 20:18:45.282, 0, 26113, 97871, 0, 154.77
2026/09/24 20:18:45.282, 1, 26113, 97871, 0, 158.27
2026/09/24 20:18:45.282, 2, 26113, 97871, 0, 150.19
2026/09/24 20:18:45.282, 3, 26113, 97871, 0, 155.61
2026/09/24 20:18:45.482, 0, 26113, 97871, 0, 137.93
2026/09/24 20:18:45.482, 1, 26113, 97871, 0, 143.01
2026/09/24 20:18:45.482, 2, 26113, 97871, 0, 134.55
2026/09/24 20:18:45.482, 3, 26113, 97871, 0, 140.81
2026/09/24 20:18:45.682, 0, 26113, 97871, 0, 125.78
2026/09/24 20:18:45.682, 1, 26113, 97871, 0, 132.27
2026/09/24 20:18:45.682, 2, 26113, 97871, 0, 124.00
2026/09/24 20:18:45.682, 3, 26113, 97871, 0, 129.40
2026/09/24 20:18:45.882, 0, 26113, 97871, 0, 119.51
2026/09/24 20:18:45.882, 1, 26113, 97871, 0, 127.43
2026/09/24 20:18:45.882, 2, 26113, 97871, 0, 121.31
2026/09/24 20:18:45.882, 3, 26113, 97871, 0, 125.07
2026/09/24 20:18:46.082, 0, 26113, 97871, 0, 119.28
2026/09/24 20:18:46.082, 1, 26113, 97871, 0, 127.31
2026/09/24 20:18:46.082, 2, 26113, 97871, 0, 121.20
2026/09/24 20:18:46.082, 3, 26113, 97871, 0, 124.94
2026/09/24 20:18:46.282, 0, 26113, 97871, 0, 119.21
2026/09/24 20:18:46.282, 1, 26113, 97871, 0, 127.25
2026/09/24 20:18:46.282, 2, 26113, 97871, 0, 121.17
2026/09/24 20:18:46.282, 3, 26113, 97871, 0, 124.89
2026/09/24 20:18:46.482, 0, 26113, 97871, 0, 119.19
2026/09/24 20:18:46.482, 1, 26113, 97871, 0, 127.20
2026/09/24 20:18:46.483, 2, 26113, 97871, 0, 121.15
2026/09/24 20:18:46.483, 3, 26113, 97871, 0, 124.83
2026/09/24 20:18:46.683, 0, 26111, 97871, 0, 119.14
2026/09/24 20:18:46.683, 1, 26111, 97871, 0, 127.17
2026/09/24 20:18:46.684, 2, 26111, 97871, 0, 121.10
2026/09/24 20:18:46.691, 3, 26111, 97871, 0, 124.82
2026/09/24 20:18:46.895, 0, 26108, 97871, 0, 119.69
2026/09/24 20:18:46.930, 1, 501, 97871, 0, 129.42
2026/09/24 20:18:47.062, 2, 22, 97871, 1, 124.38
2026/09/24 20:18:47.189, 3, 118, 97871, 28, 127.20
2026/09/24 20:18:47.389, 0, 0, 97871, 0, 122.10
2026/09/24 20:18:47.465, 1, 0, 97871, 0, 131.24
2026/09/24 20:18:47.465, 2, 0, 97871, 0, 124.84
2026/09/24 20:18:47.465, 3, 0, 97871, 0, 128.75
2026/09/24 20:18:47.665, 0, 0, 97871, 24, 123.54
2026/09/24 20:18:47.665, 1, 0, 97871, 0, 131.75
2026/09/24 20:18:47.665, 2, 0, 97871, 0, 125.36
2026/09/24 20:18:47.665, 3, 0, 97871, 0, 129.24
2026/09/24 20:18:47.866, 0, 0, 97871, 0, 123.59
2026/09/24 20:18:47.866, 1, 0, 97871, 0, 131.71
2026/09/24 20:18:47.866, 2, 0, 97871, 0, 125.42
2026/09/24 20:18:47.866, 3, 0, 97871, 0, 129.23
2026/09/24 20:18:48.066, 0, 0, 97871, 0, 123.61
2026/09/24 20:18:48.066, 1, 0, 97871, 0, 130.44
2026/09/24 20:18:48.066, 2, 0, 97871, 0, 123.35
2026/09/24 20:18:48.066, 3, 0, 97871, 0, 129.22
2026/09/24 20:18:48.266, 0, 0, 97871, 0, 123.59
2026/09/24 20:18:48.266, 1, 0, 97871, 0, 127.68
2026/09/24 20:18:48.266, 2, 0, 97871, 0, 120.41
2026/09/24 20:18:48.266, 3, 0, 97871, 0, 127.14
2026/09/24 20:18:48.466, 0, 0, 97871, 0, 122.25
2026/09/24 20:18:48.466, 1, 0, 97871, 0, 117.75
2026/09/24 20:18:48.466, 2, 0, 97871, 0, 111.21
2026/09/24 20:18:48.466, 3, 0, 97871, 0, 127.08
2026/09/24 20:18:48.666, 0, 0, 97871, 0, 118.00
2026/09/24 20:18:48.666, 1, 0, 97871, 0, 107.78
2026/09/24 20:18:48.666, 2, 0, 97871, 0, 102.06
2026/09/24 20:18:48.666, 3, 0, 97871, 0, 127.04
2026/09/24 20:18:48.866, 0, 0, 97871, 0, 109.60
2026/09/24 20:18:48.866, 1, 0, 97871, 0, 97.11
2026/09/24 20:18:48.866, 2, 0, 97871, 0, 92.90
2026/09/24 20:18:48.866, 3, 0, 97871, 0, 127.03
