timestamp,gpu_index,memory_used_mib,memory_total_mib,gpu_utilization_percent,power_watts
2026/09/11 12:08:14.479, 0, 0, 97871, 0, 73.32
2026/09/11 12:08:14.483, 1, 0, 97871, 0, 74.57
2026/09/11 12:08:14.486, 2, 0, 97871, 0, 73.49
2026/09/11 12:08:14.490, 3, 0, 97871, 0, 74.19
2026/09/11 12:08:14.693, 0, 0, 97871, 0, 73.33
2026/09/11 12:08:14.693, 1, 0, 97871, 0, 74.56
2026/09/11 12:08:14.694, 2, 0, 97871, 0, 73.52
2026/09/11 12:08:14.694, 3, 0, 97871, 0, 74.23
2026/09/11 12:08:14.894, 0, 0, 97871, 0, 73.29
2026/09/11 12:08:14.894, 1, 0, 97871, 0, 74.56
2026/09/11 12:08:14.894, 2, 0, 97871, 0, 73.54
2026/09/11 12:08:14.894, 3, 0, 97871, 0, 74.22
2026/09/11 12:08:15.094, 0, 0, 97871, 0, 73.27
2026/09/11 12:08:15.094, 1, 0, 97871, 0, 74.58
2026/09/11 12:08:15.094, 2, 0, 97871, 0, 73.55
2026/09/11 12:08:15.094, 3, 0, 97871, 0, 74.17
2026/09/11 12:08:15.294, 0, 0, 97871, 0, 73.29
2026/09/11 12:08:15.294, 1, 0, 97871, 0, 74.59
2026/09/11 12:08:15.294, 2, 0, 97871, 0, 73.56
2026/09/11 12:08:15.295, 3, 0, 97871, 0, 74.19
2026/09/11 12:08:15.495, 0, 0, 97871, 0, 73.30
2026/09/11 12:08:15.495, 1, 0, 97871, 0, 74.62
2026/09/11 12:08:15.495, 2, 0, 97871, 0, 73.55
2026/09/11 12:08:15.495, 3, 0, 97871, 0, 74.19
2026/09/11 12:08:15.695, 0, 0, 97871, 0, 73.26
2026/09/11 12:08:15.695, 1, 0, 97871, 0, 74.64
2026/09/11 12:08:15.695, 2, 0, 97871, 0, 73.55
2026/09/11 12:08:15.695, 3, 0, 97871, 0, 74.20
2026/09/11 12:08:15.895, 0, 0, 97871, 0, 73.25
2026/09/11 12:08:15.895, 1, 0, 97871, 0, 74.65
2026/09/11 12:08:15.895, 2, 0, 97871, 0, 73.55
2026/09/11 12:08:15.895, 3, 0, 97871, 0, 74.20
2026/09/11 12:08:16.096, 0, 0, 97871, 0, 73.27
2026/09/11 12:08:16.096, 1, 0, 97871, 0, 74.65
2026/09/11 12:08:16.096, 2, 0, 97871, 0, 73.54
2026/09/11 12:08:16.096, 3, 0, 97871, 0, 74.19
2026/09/11 12:08:16.296, 0, 0, 97871, 0, 73.26
2026/09/11 12:08:16.296, 1, 0, 97871, 0, 74.64
2026/09/11 12:08:16.296, 2, 0, 97871, 0, 73.52
2026/09/11 12:08:16.296, 3, 0, 97871, 0, 74.23
2026/09/11 12:08:16.496, 0, 0, 97871, 0, 73.24
2026/09/11 12:08:16.496, 1, 0, 97871, 0, 74.61
2026/09/11 12:08:16.496, 2, 0, 97871, 0, 73.53
2026/09/11 12:08:16.496, 3, 0, 97871, 0, 74.26
2026/09/11 12:08:16.697, 0, 0, 97871, 0, 73.28
2026/09/11 12:08:16.697, 1, 0, 97871, 0, 74.60
2026/09/11 12:08:16.697, 2, 0, 97871, 0, 73.52
2026/09/11 12:08:16.697, 3, 0, 97871, 0, 74.26
2026/09/11 12:08:16.897, 0, 0, 97871, 0, 73.32
2026/09/11 12:08:16.897, 1, 0, 97871, 0, 74.61
2026/09/11 12:08:16.897, 2, 0, 97871, 0, 73.51
2026/09/11 12:08:16.897, 3, 0, 97871, 0, 74.24
2026/09/11 12:08:17.097, 0, 0, 97871, 0, 73.30
2026/09/11 12:08:17.097, 1, 0, 97871, 0, 74.61
2026/09/11 12:08:17.097, 2, 0, 97871, 0, 73.51
2026/09/11 12:08:17.097, 3, 0, 97871, 0, 74.32
2026/09/11 12:08:17.297, 0, 0, 97871, 0, 73.30
2026/09/11 12:08:17.298, 1, 0, 97871, 0, 74.63
2026/09/11 12:08:17.298, 2, 0, 97871, 0, 73.51
2026/09/11 12:08:17.298, 3, 0, 97871, 0, 74.34
2026/09/11 12:08:17.498, 0, 0, 97871, 0, 73.31
2026/09/11 12:08:17.498, 1, 0, 97871, 0, 74.64
2026/09/11 12:08:17.498, 2, 0, 97871, 0, 73.50
2026/09/11 12:08:17.498, 3, 0, 97871, 0, 74.30
2026/09/11 12:08:17.698, 0, 0, 97871, 0, 73.30
2026/09/11 12:08:17.698, 1, 0, 97871, 0, 74.66
2026/09/11 12:08:17.698, 2, 0, 97871, 0, 73.52
2026/09/11 12:08:17.698, 3, 0, 97871, 0, 74.31
2026/09/11 12:08:17.898, 0, 0, 97871, 0, 73.29
2026/09/11 12:08:17.899, 1, 0, 97871, 0, 74.63
2026/09/11 12:08:17.899, 2, 0, 97871, 0, 73.54
2026/09/11 12:08:17.899, 3, 0, 97871, 0, 74.32
2026/09/11 12:08:18.099, 0, 0, 97871, 0, 73.31
2026/09/11 12:08:18.099, 1, 0, 97871, 0, 74.66
2026/09/11 12:08:18.099, 2, 0, 97871, 0, 73.57
2026/09/11 12:08:18.099, 3, 0, 97871, 0, 74.29
2026/09/11 12:08:18.299, 0, 0, 97871, 0, 73.34
2026/09/11 12:08:18.299, 1, 0, 97871, 0, 74.64
2026/09/11 12:08:18.299, 2, 0, 97871, 0, 73.58
2026/09/11 12:08:18.299, 3, 0, 97871, 0, 74.28
2026/09/11 12:08:18.499, 0, 0, 97871, 0, 73.40
2026/09/11 12:08:18.499, 1, 0, 97871, 0, 74.63
2026/09/11 12:08:18.499, 2, 0, 97871, 0, 73.58
2026/09/11 12:08:18.500, 3, 0, 97871, 0, 74.25
2026/09/11 12:08:18.700, 0, 0, 97871, 0, 73.37
2026/09/11 12:08:18.700, 1, 0, 97871, 0, 74.61
2026/09/11 12:08:18.700, 2, 0, 97871, 0, 73.57
2026/09/11 12:08:18.700, 3, 0, 97871, 0, 74.27
2026/09/11 12:08:18.900, 0, 0, 97871, 0, 73.35
2026/09/11 12:08:18.900, 1, 0, 97871, 0, 74.62
2026/09/11 12:08:18.900, 2, 0, 97871, 0, 73.54
2026/09/11 12:08:18.900, 3, 0, 97871, 0, 74.32
2026/09/11 12:08:19.100, 0, 0, 97871, 0, 73.37
2026/09/11 12:08:19.100, 1, 0, 97871, 0, 74.61
2026/09/11 12:08:19.100, 2, 0, 97871, 0, 73.52
2026/09/11 12:08:19.101, 3, 0, 97871, 0, 74.34
2026/09/11 12:08:19.301, 0, 0, 97871, 0, 73.37
2026/09/11 12:08:19.301, 1, 0, 97871, 0, 74.62
2026/09/11 12:08:19.301, 2, 0, 97871, 0, 73.54
2026/09/11 12:08:19.301, 3, 0, 97871, 0, 74.31
2026/09/11 12:08:19.501, 0, 0, 97871, 0, 73.33
2026/09/11 12:08:19.501, 1, 0, 97871, 0, 74.62
2026/09/11 12:08:19.501, 2, 0, 97871, 0, 73.56
2026/09/11 12:08:19.501, 3, 0, 97871, 0, 74.33
2026/09/11 12:08:19.701, 0, 0, 97871, 0, 73.37
2026/09/11 12:08:19.701, 1, 0, 97871, 0, 74.62
2026/09/11 12:08:19.701, 2, 0, 97871, 0, 73.60
2026/09/11 12:08:19.701, 3, 0, 97871, 0, 74.34
2026/09/11 12:08:19.902, 0, 0, 97871, 0, 73.41
2026/09/11 12:08:19.902, 1, 0, 97871, 0, 74.62
2026/09/11 12:08:19.902, 2, 0, 97871, 0, 73.60
2026/09/11 12:08:19.902, 3, 0, 97871, 0, 74.32
2026/09/11 12:08:20.102, 0, 0, 97871, 0, 73.38
2026/09/11 12:08:20.102, 1, 0, 97871, 0, 74.62
2026/09/11 12:08:20.102, 2, 0, 97871, 0, 73.62
2026/09/11 12:08:20.102, 3, 0, 97871, 0, 74.28
2026/09/11 12:08:20.302, 0, 0, 97871, 0, 73.37
2026/09/11 12:08:20.302, 1, 0, 97871, 0, 74.60
2026/09/11 12:08:20.302, 2, 0, 97871, 0, 73.59
2026/09/11 12:08:20.302, 3, 0, 97871, 0, 74.29
2026/09/11 12:08:20.502, 0, 0, 97871, 0, 73.37
2026/09/11 12:08:20.503, 1, 0, 97871, 0, 74.60
2026/09/11 12:08:20.503, 2, 0, 97871, 0, 73.54
2026/09/11 12:08:20.503, 3, 0, 97871, 0, 74.31
2026/09/11 12:08:20.703, 0, 0, 97871, 0, 73.35
2026/09/11 12:08:20.703, 1, 0, 97871, 0, 74.60
2026/09/11 12:08:20.703, 2, 0, 97871, 0, 73.51
2026/09/11 12:08:20.703, 3, 0, 97871, 0, 74.28
2026/09/11 12:08:20.903, 0, 0, 97871, 0, 73.28
2026/09/11 12:08:20.903, 1, 0, 97871, 0, 74.59
2026/09/11 12:08:20.903, 2, 0, 97871, 0, 73.49
2026/09/11 12:08:20.903, 3, 0, 97871, 0, 74.23
2026/09/11 12:08:21.103, 0, 0, 97871, 0, 73.29
2026/09/11 12:08:21.104, 1, 0, 97871, 0, 74.59
2026/09/11 12:08:21.104, 2, 0, 97871, 0, 73.47
2026/09/11 12:08:21.104, 3, 0, 97871, 0, 74.24
2026/09/11 12:08:21.304, 0, 0, 97871, 0, 73.28
2026/09/11 12:08:21.304, 1, 0, 97871, 0, 74.61
2026/09/11 12:08:21.304, 2, 0, 97871, 0, 73.50
2026/09/11 12:08:21.304, 3, 0, 97871, 0, 74.26
2026/09/11 12:08:21.504, 0, 0, 97871, 0, 73.27
2026/09/11 12:08:21.504, 1, 0, 97871, 0, 74.60
2026/09/11 12:08:21.504, 2, 0, 97871, 0, 73.50
2026/09/11 12:08:21.504, 3, 0, 97871, 0, 74.25
2026/09/11 12:08:21.704, 0, 0, 97871, 0, 73.23
2026/09/11 12:08:21.705, 1, 0, 97871, 0, 74.63
2026/09/11 12:08:21.705, 2, 0, 97871, 0, 73.49
2026/09/11 12:08:21.705, 3, 0, 97871, 0, 74.23
2026/09/11 12:08:21.905, 0, 0, 97871, 0, 73.27
2026/09/11 12:08:21.905, 1, 0, 97871, 0, 74.64
2026/09/11 12:08:21.905, 2, 0, 97871, 0, 73.49
2026/09/11 12:08:21.905, 3, 0, 97871, 0, 74.24
2026/09/11 12:08:22.105, 0, 0, 97871, 0, 73.28
2026/09/11 12:08:22.105, 1, 0, 97871, 0, 74.65
2026/09/11 12:08:22.105, 2, 0, 97871, 0, 73.47
2026/09/11 12:08:22.105, 3, 0, 97871, 0, 74.26
2026/09/11 12:08:22.305, 0, 0, 97871, 0, 73.28
2026/09/11 12:08:22.305, 1, 0, 97871, 0, 74.62
2026/09/11 12:08:22.305, 2, 0, 97871, 0, 73.46
2026/09/11 12:08:22.305, 3, 0, 97871, 0, 74.27
2026/09/11 12:08:22.506, 0, 0, 97871, 0, 73.26
2026/09/11 12:08:22.506, 1, 0, 97871, 0, 74.62
2026/09/11 12:08:22.506, 2, 0, 97871, 0, 73.46
2026/09/11 12:08:22.506, 3, 0, 97871, 0, 74.24
2026/09/11 12:08:22.706, 0, 0, 97871, 0, 73.29
2026/09/11 12:08:22.706, 1, 0, 97871, 0, 74.58
2026/09/11 12:08:22.706, 2, 0, 97871, 0, 73.48
2026/09/11 12:08:22.706, 3, 0, 97871, 0, 74.24
2026/09/11 12:08:22.906, 0, 0, 97871, 0, 73.28
2026/09/11 12:08:22.906, 1, 0, 97871, 0, 74.58
2026/09/11 12:08:22.906, 2, 0, 97871, 0, 73.50
2026/09/11 12:08:22.906, 3, 0, 97871, 0, 74.28
2026/09/11 12:08:23.107, 0, 0, 97871, 0, 73.28
2026/09/11 12:08:23.107, 1, 0, 97871, 0, 74.59
2026/09/11 12:08:23.107, 2, 0, 97871, 0, 73.52
2026/09/11 12:08:23.107, 3, 0, 97871, 0, 74.30
2026/09/11 12:08:23.307, 0, 0, 97871, 0, 73.28
2026/09/11 12:08:23.307, 1, 0, 97871, 0, 74.61
2026/09/11 12:08:23.307, 2, 0, 97871, 0, 73.53
2026/09/11 12:08:23.307, 3, 0, 97871, 0, 74.29
2026/09/11 12:08:23.507, 0, 0, 97871, 0, 73.31
2026/09/11 12:08:23.507, 1, 0, 97871, 0, 74.61
2026/09/11 12:08:23.507, 2, 0, 97871, 0, 73.53
2026/09/11 12:08:23.507, 3, 0, 97871, 0, 74.26
2026/09/11 12:08:23.707, 0, 0, 97871, 0, 73.33
2026/09/11 12:08:23.708, 1, 0, 97871, 0, 74.66
2026/09/11 12:08:23.708, 2, 0, 97871, 0, 73.51
2026/09/11 12:08:23.708, 3, 0, 97871, 0, 74.29
2026/09/11 12:08:23.908, 0, 0, 97871, 0, 73.32
2026/09/11 12:08:23.908, 1, 0, 97871, 0, 74.64
2026/09/11 12:08:23.908, 2, 0, 97871, 0, 73.51
2026/09/11 12:08:23.908, 3, 0, 97871, 0, 74.33
2026/09/11 12:08:24.110, 0, 0, 97871, 0, 73.33
2026/09/11 12:08:24.110, 1, 0, 97871, 0, 74.62
2026/09/11 12:08:24.110, 2, 0, 97871, 0, 73.50
2026/09/11 12:08:24.110, 3, 0, 97871, 0, 74.29
2026/09/11 12:08:24.310, 0, 0, 97871, 0, 73.36
2026/09/11 12:08:24.310, 1, 0, 97871, 0, 74.61
2026/09/11 12:08:24.310, 2, 0, 97871, 0, 73.52
2026/09/11 12:08:24.310, 3, 0, 97871, 0, 74.25
2026/09/11 12:08:24.511, 0, 0, 97871, 0, 73.36
2026/09/11 12:08:24.511, 1, 0, 97871, 0, 74.60
2026/09/11 12:08:24.511, 2, 0, 97871, 0, 73.54
2026/09/11 12:08:24.511, 3, 0, 97871, 0, 74.29
2026/09/11 12:08:24.711, 0, 0, 97871, 0, 73.35
2026/09/11 12:08:24.711, 1, 0, 97871, 0, 74.57
2026/09/11 12:08:24.711, 2, 0, 97871, 0, 73.57
2026/09/11 12:08:24.711, 3, 0, 97871, 0, 74.31
2026/09/11 12:08:24.911, 0, 0, 97871, 0, 73.39
2026/09/11 12:08:24.911, 1, 0, 97871, 0, 74.56
2026/09/11 12:08:24.911, 2, 0, 97871, 0, 73.58
2026/09/11 12:08:24.911, 3, 0, 97871, 0, 74.26
2026/09/11 12:08:25.111, 0, 0, 97871, 0, 73.42
2026/09/11 12:08:25.112, 1, 0, 97871, 0, 74.57
2026/09/11 12:08:25.112, 2, 0, 97871, 0, 73.60
2026/09/11 12:08:25.112, 3, 0, 97871, 0, 74.24
2026/09/11 12:08:25.312, 0, 0, 97871, 0, 73.38
2026/09/11 12:08:25.312, 1, 0, 97871, 0, 74.58
2026/09/11 12:08:25.312, 2, 0, 97871, 0, 73.56
2026/09/11 12:08:25.312, 3, 0, 97871, 0, 74.25
2026/09/11 12:08:25.512, 0, 0, 97871, 0, 73.36
2026/09/11 12:08:25.512, 1, 0, 97871, 0, 74.60
2026/09/11 12:08:25.512, 2, 0, 97871, 0, 73.53
2026/09/11 12:08:25.512, 3, 0, 97871, 0, 74.27
2026/09/11 12:08:25.712, 0, 0, 97871, 0, 73.39
2026/09/11 12:08:25.713, 1, 0, 97871, 0, 74.61
2026/09/11 12:08:25.713, 2, 0, 97871, 0, 73.54
2026/09/11 12:08:25.713, 3, 0, 97871, 0, 74.28
2026/09/11 12:08:25.913, 0, 0, 97871, 0, 73.38
2026/09/11 12:08:25.913, 1, 0, 97871, 0, 74.62
2026/09/11 12:08:25.913, 2, 0, 97871, 0, 73.54
2026/09/11 12:08:25.913, 3, 0, 97871, 0, 74.23
2026/09/11 12:08:26.113, 0, 0, 97871, 0, 73.37
2026/09/11 12:08:26.113, 1, 0, 97871, 0, 74.61
2026/09/11 12:08:26.113, 2, 0, 97871, 0, 73.56
2026/09/11 12:08:26.113, 3, 0, 97871, 0, 74.25
2026/09/11 12:08:26.313, 0, 0, 97871, 0, 73.36
2026/09/11 12:08:26.314, 1, 0, 97871, 0, 74.60
2026/09/11 12:08:26.314, 2, 0, 97871, 0, 73.58
2026/09/11 12:08:26.314, 3, 0, 97871, 0, 74.25
2026/09/11 12:08:26.514, 0, 0, 97871, 0, 73.36
2026/09/11 12:08:26.514, 1, 0, 97871, 0, 74.57
2026/09/11 12:08:26.514, 2, 0, 97871, 0, 73.62
2026/09/11 12:08:26.514, 3, 0, 97871, 0, 74.23
2026/09/11 12:08:26.714, 0, 0, 97871, 0, 73.32
2026/09/11 12:08:26.714, 1, 0, 97871, 0, 74.58
2026/09/11 12:08:26.714, 2, 0, 97871, 0, 73.60
2026/09/11 12:08:26.714, 3, 0, 97871, 0, 74.18
2026/09/11 12:08:26.914, 0, 0, 97871, 0, 73.29
2026/09/11 12:08:26.914, 1, 0, 97871, 0, 74.57
2026/09/11 12:08:26.915, 2, 0, 97871, 0, 73.60
2026/09/11 12:08:26.915, 3, 0, 97871, 0, 74.18
2026/09/11 12:08:27.115, 0, 0, 97871, 0, 73.32
2026/09/11 12:08:27.115, 1, 0, 97871, 0, 74.57
2026/09/11 12:08:27.115, 2, 0, 97871, 0, 73.56
2026/09/11 12:08:27.115, 3, 0, 97871, 0, 74.20
2026/09/11 12:08:27.315, 0, 0, 97871, 0, 73.33
2026/09/11 12:08:27.315, 1, 0, 97871, 0, 74.61
2026/09/11 12:08:27.315, 2, 0, 97871, 0, 73.54
2026/09/11 12:08:27.315, 3, 0, 97871, 0, 74.21
2026/09/11 12:08:27.515, 0, 0, 97871, 0, 73.33
2026/09/11 12:08:27.515, 1, 0, 97871, 0, 74.61
2026/09/11 12:08:27.516, 2, 0, 97871, 0, 73.53
2026/09/11 12:08:27.516, 3, 0, 97871, 0, 74.18
2026/09/11 12:08:27.716, 0, 0, 97871, 0, 73.32
2026/09/11 12:08:27.716, 1, 0, 97871, 0, 74.61
2026/09/11 12:08:27.716, 2, 0, 97871, 0, 73.52
2026/09/11 12:08:27.716, 3, 0, 97871, 0, 74.18
2026/09/11 12:08:27.916, 0, 0, 97871, 0, 73.34
2026/09/11 12:08:27.916, 1, 0, 97871, 0, 74.63
2026/09/11 12:08:27.916, 2, 0, 97871, 0, 73.52
2026/09/11 12:08:27.916, 3, 0, 97871, 0, 74.23
2026/09/11 12:08:28.116, 0, 0, 97871, 0, 73.31
2026/09/11 12:08:28.116, 1, 0, 97871, 0, 74.61
2026/09/11 12:08:28.116, 2, 0, 97871, 0, 73.53
2026/09/11 12:08:28.117, 3, 0, 97871, 0, 74.25
2026/09/11 12:08:28.317, 0, 0, 97871, 0, 73.28
2026/09/11 12:08:28.317, 1, 0, 97871, 0, 74.61
2026/09/11 12:08:28.317, 2, 0, 97871, 0, 73.54
2026/09/11 12:08:28.317, 3, 0, 97871, 0, 74.23
2026/09/11 12:08:28.517, 0, 0, 97871, 0, 73.28
2026/09/11 12:08:28.517, 1, 0, 97871, 0, 74.59
2026/09/11 12:08:28.517, 2, 0, 97871, 0, 73.50
2026/09/11 12:08:28.517, 3, 0, 97871, 0, 74.25
2026/09/11 12:08:28.717, 0, 0, 97871, 0, 73.34
2026/09/11 12:08:28.717, 1, 0, 97871, 0, 74.58
2026/09/11 12:08:28.717, 2, 0, 97871, 0, 73.51
2026/09/11 12:08:28.718, 3, 0, 97871, 0, 74.29
2026/09/11 12:08:28.918, 0, 0, 97871, 0, 73.36
2026/09/11 12:08:28.918, 1, 0, 97871, 0, 74.58
2026/09/11 12:08:28.918, 2, 0, 97871, 0, 73.49
2026/09/11 12:08:28.918, 3, 0, 97871, 0, 74.31
2026/09/11 12:08:29.118, 0, 0, 97871, 0, 73.34
2026/09/11 12:08:29.118, 1, 0, 97871, 0, 74.60
2026/09/11 12:08:29.118, 2, 0, 97871, 0, 73.50
2026/09/11 12:08:29.118, 3, 0, 97871, 0, 74.31
2026/09/11 12:08:29.318, 0, 0, 97871, 0, 73.38
2026/09/11 12:08:29.318, 1, 0, 97871, 0, 74.61
2026/09/11 12:08:29.318, 2, 0, 97871, 0, 73.49
2026/09/11 12:08:29.318, 3, 0, 97871, 0, 74.26
2026/09/11 12:08:29.519, 0, 0, 97871, 0, 73.38
2026/09/11 12:08:29.519, 1, 0, 97871, 0, 74.61
2026/09/11 12:08:29.519, 2, 0, 97871, 0, 73.53
2026/09/11 12:08:29.519, 3, 0, 97871, 0, 74.25
2026/09/11 12:08:29.719, 0, 0, 97871, 0, 73.36
2026/09/11 12:08:29.719, 1, 0, 97871, 0, 74.62
2026/09/11 12:08:29.719, 2, 0, 97871, 0, 73.53
2026/09/11 12:08:29.719, 3, 0, 97871, 0, 74.28
2026/09/11 12:08:29.919, 0, 0, 97871, 0, 73.35
2026/09/11 12:08:29.919, 1, 0, 97871, 0, 74.64
2026/09/11 12:08:29.919, 2, 0, 97871, 0, 73.54
2026/09/11 12:08:29.919, 3, 0, 97871, 0, 74.29
2026/09/11 12:08:30.120, 0, 0, 97871, 0, 73.39
2026/09/11 12:08:30.120, 1, 0, 97871, 0, 74.63
2026/09/11 12:08:30.120, 2, 0, 97871, 0, 73.53
2026/09/11 12:08:30.120, 3, 0, 97871, 0, 74.25
2026/09/11 12:08:30.320, 0, 0, 97871, 0, 73.39
2026/09/11 12:08:30.320, 1, 0, 97871, 0, 74.61
2026/09/11 12:08:30.320, 2, 0, 97871, 0, 73.54
2026/09/11 12:08:30.320, 3, 0, 97871, 0, 74.29
2026/09/11 12:08:30.520, 0, 0, 97871, 0, 73.36
2026/09/11 12:08:30.520, 1, 0, 97871, 0, 74.59
2026/09/11 12:08:30.520, 2, 0, 97871, 0, 73.53
2026/09/11 12:08:30.520, 3, 0, 97871, 0, 74.34
2026/09/11 12:08:30.720, 0, 0, 97871, 0, 73.34
2026/09/11 12:08:30.721, 1, 0, 97871, 0, 74.58
2026/09/11 12:08:30.721, 2, 0, 97871, 0, 73.51
2026/09/11 12:08:30.721, 3, 0, 97871, 0, 74.30
2026/09/11 12:08:30.921, 0, 0, 97871, 0, 73.36
2026/09/11 12:08:30.921, 1, 0, 97871, 0, 74.57
2026/09/11 12:08:30.921, 2, 0, 97871, 0, 73.51
2026/09/11 12:08:30.921, 3, 0, 97871, 0, 74.27
2026/09/11 12:08:31.121, 0, 0, 97871, 0, 73.34
2026/09/11 12:08:31.121, 1, 0, 97871, 0, 74.57
2026/09/11 12:08:31.121, 2, 0, 97871, 0, 73.56
2026/09/11 12:08:31.121, 3, 0, 97871, 0, 74.25
2026/09/11 12:08:31.321, 0, 0, 97871, 0, 73.33
2026/09/11 12:08:31.321, 1, 0, 97871, 0, 74.57
2026/09/11 12:08:31.322, 2, 0, 97871, 0, 73.56
2026/09/11 12:08:31.322, 3, 0, 97871, 0, 74.27
2026/09/11 12:08:31.522, 0, 0, 97871, 0, 73.38
2026/09/11 12:08:31.522, 1, 0, 97871, 0, 74.58
2026/09/11 12:08:31.522, 2, 0, 97871, 0, 73.56
2026/09/11 12:08:31.522, 3, 0, 97871, 0, 74.26
2026/09/11 12:08:31.722, 0, 0, 97871, 0, 73.43
2026/09/11 12:08:31.722, 1, 0, 97871, 0, 74.59
2026/09/11 12:08:31.722, 2, 0, 97871, 0, 73.58
2026/09/11 12:08:31.722, 3, 0, 97871, 0, 74.22
2026/09/11 12:08:31.922, 0, 0, 97871, 0, 73.38
2026/09/11 12:08:31.922, 1, 0, 97871, 0, 74.60
2026/09/11 12:08:31.922, 2, 0, 97871, 0, 73.55
2026/09/11 12:08:31.922, 3, 0, 97871, 0, 74.21
2026/09/11 12:08:32.123, 0, 0, 97871, 0, 73.37
2026/09/11 12:08:32.123, 1, 0, 97871, 0, 74.59
2026/09/11 12:08:32.123, 2, 0, 97871, 0, 73.51
2026/09/11 12:08:32.123, 3, 0, 97871, 0, 74.23
2026/09/11 12:08:32.323, 0, 0, 97871, 0, 73.38
2026/09/11 12:08:32.323, 1, 0, 97871, 0, 74.60
2026/09/11 12:08:32.323, 2, 0, 97871, 0, 73.50
2026/09/11 12:08:32.323, 3, 0, 97871, 0, 74.22
2026/09/11 12:08:32.523, 0, 0, 97871, 0, 73.38
2026/09/11 12:08:32.523, 1, 0, 97871, 0, 74.58
2026/09/11 12:08:32.523, 2, 0, 97871, 0, 73.49
2026/09/11 12:08:32.523, 3, 0, 97871, 0, 74.21
2026/09/11 12:08:32.723, 0, 0, 97871, 0, 73.34
2026/09/11 12:08:32.724, 1, 0, 97871, 0, 74.58
2026/09/11 12:08:32.724, 2, 0, 97871, 0, 73.48
2026/09/11 12:08:32.724, 3, 0, 97871, 0, 74.18
2026/09/11 12:08:32.924, 0, 0, 97871, 0, 73.33
2026/09/11 12:08:32.924, 1, 0, 97871, 0, 74.58
2026/09/11 12:08:32.924, 2, 0, 97871, 0, 73.51
2026/09/11 12:08:32.924, 3, 0, 97871, 0, 74.24
2026/09/11 12:08:33.124, 0, 0, 97871, 0, 73.33
2026/09/11 12:08:33.124, 1, 0, 97871, 0, 74.60
2026/09/11 12:08:33.124, 2, 0, 97871, 0, 73.51
2026/09/11 12:08:33.124, 3, 0, 97871, 0, 74.22
2026/09/11 12:08:33.324, 0, 0, 97871, 0, 73.33
2026/09/11 12:08:33.325, 1, 0, 97871, 0, 74.58
2026/09/11 12:08:33.325, 2, 0, 97871, 0, 73.52
2026/09/11 12:08:33.325, 3, 0, 97871, 0, 74.20
2026/09/11 12:08:33.525, 0, 0, 97871, 0, 73.30
2026/09/11 12:08:33.525, 1, 0, 97871, 0, 74.61
2026/09/11 12:08:33.525, 2, 0, 97871, 0, 73.54
2026/09/11 12:08:33.525, 3, 0, 97871, 0, 74.15
2026/09/11 12:08:33.725, 0, 0, 97871, 0, 73.30
2026/09/11 12:08:33.725, 1, 0, 97871, 0, 74.62
2026/09/11 12:08:33.725, 2, 0, 97871, 0, 73.53
2026/09/11 12:08:33.725, 3, 0, 97871, 0, 74.21
2026/09/11 12:08:33.925, 0, 0, 97871, 0, 73.34
2026/09/11 12:08:33.925, 1, 0, 97871, 0, 74.63
2026/09/11 12:08:33.926, 2, 0, 97871, 0, 73.51
2026/09/11 12:08:33.926, 3, 0, 97871, 0, 74.21
2026/09/11 12:08:34.126, 0, 0, 97871, 0, 73.36
2026/09/11 12:08:34.126, 1, 0, 97871, 0, 74.63
2026/09/11 12:08:34.126, 2, 0, 97871, 0, 73.53
2026/09/11 12:08:34.126, 3, 0, 97871, 0, 74.24
2026/09/11 12:08:34.326, 0, 0, 97871, 0, 73.32
2026/09/11 12:08:34.326, 1, 0, 97871, 0, 74.63
2026/09/11 12:08:34.326, 2, 0, 97871, 0, 73.51
2026/09/11 12:08:34.326, 3, 0, 97871, 0, 74.19
2026/09/11 12:08:34.536, 0, 0, 97871, 0, 73.31
2026/09/11 12:08:34.536, 1, 0, 97871, 0, 74.61
2026/09/11 12:08:34.536, 2, 0, 97871, 0, 73.51
2026/09/11 12:08:34.536, 3, 0, 97871, 0, 74.25
2026/09/11 12:08:34.736, 0, 0, 97871, 0, 73.32
2026/09/11 12:08:34.736, 1, 0, 97871, 0, 74.61
2026/09/11 12:08:34.737, 2, 0, 97871, 0, 73.50
2026/09/11 12:08:34.737, 3, 0, 97871, 0, 74.25
2026/09/11 12:08:34.937, 0, 0, 97871, 0, 73.29
2026/09/11 12:08:34.937, 1, 0, 97871, 0, 74.62
2026/09/11 12:08:34.937, 2, 0, 97871, 0, 73.50
2026/09/11 12:08:34.937, 3, 0, 97871, 0, 74.25
2026/09/11 12:08:35.137, 0, 0, 97871, 0, 73.26
2026/09/11 12:08:35.137, 1, 0, 97871, 0, 74.63
2026/09/11 12:08:35.137, 2, 0, 97871, 0, 73.48
2026/09/11 12:08:35.137, 3, 0, 97871, 0, 74.19
2026/09/11 12:08:35.337, 0, 0, 97871, 0, 73.29
2026/09/11 12:08:35.337, 1, 0, 97871, 0, 74.64
2026/09/11 12:08:35.338, 2, 0, 97871, 0, 73.48
2026/09/11 12:08:35.338, 3, 0, 97871, 0, 74.26
2026/09/11 12:08:35.538, 0, 0, 97871, 0, 73.33
2026/09/11 12:08:35.538, 1, 0, 97871, 0, 74.65
2026/09/11 12:08:35.538, 2, 0, 97871, 0, 73.46
2026/09/11 12:08:35.538, 3, 0, 97871, 0, 74.25
2026/09/11 12:08:35.738, 0, 0, 97871, 0, 73.32
2026/09/11 12:08:35.738, 1, 0, 97871, 0, 74.67
2026/09/11 12:08:35.738, 2, 0, 97871, 0, 73.47
2026/09/11 12:08:35.738, 3, 0, 97871, 0, 74.28
2026/09/11 12:08:35.938, 0, 0, 97871, 0, 73.33
2026/09/11 12:08:35.938, 1, 0, 97871, 0, 74.65
2026/09/11 12:08:35.938, 2, 0, 97871, 0, 73.48
2026/09/11 12:08:35.938, 3, 0, 97871, 0, 74.24
2026/09/11 12:08:36.139, 0, 0, 97871, 0, 73.38
2026/09/11 12:08:36.139, 1, 0, 97871, 0, 74.64
2026/09/11 12:08:36.139, 2, 0, 97871, 0, 73.51
2026/09/11 12:08:36.139, 3, 0, 97871, 0, 74.29
2026/09/11 12:08:36.339, 0, 0, 97871, 0, 73.37
2026/09/11 12:08:36.339, 1, 0, 97871, 0, 74.62
2026/09/11 12:08:36.339, 2, 0, 97871, 0, 73.51
2026/09/11 12:08:36.339, 3, 0, 97871, 0, 74.30
2026/09/11 12:08:36.539, 0, 0, 97871, 0, 73.34
2026/09/11 12:08:36.539, 1, 0, 97871, 0, 74.59
2026/09/11 12:08:36.539, 2, 0, 97871, 0, 73.53
2026/09/11 12:08:36.539, 3, 0, 97871, 0, 74.33
2026/09/11 12:08:36.740, 0, 0, 97871, 0, 73.36
2026/09/11 12:08:36.740, 1, 0, 97871, 0, 74.56
2026/09/11 12:08:36.740, 2, 0, 97871, 0, 73.52
2026/09/11 12:08:36.740, 3, 0, 97871, 0, 74.28
2026/09/11 12:08:36.940, 0, 0, 97871, 0, 73.41
2026/09/11 12:08:36.940, 1, 0, 97871, 0, 74.56
2026/09/11 12:08:36.940, 2, 0, 97871, 0, 73.52
2026/09/11 12:08:36.940, 3, 0, 97871, 0, 74.30
2026/09/11 12:08:37.140, 0, 0, 97871, 0, 73.41
2026/09/11 12:08:37.140, 1, 0, 97871, 0, 74.57
2026/09/11 12:08:37.140, 2, 0, 97871, 0, 73.53
2026/09/11 12:08:37.140, 3, 0, 97871, 0, 74.33
2026/09/11 12:08:37.340, 0, 0, 97871, 0, 73.39
2026/09/11 12:08:37.341, 1, 0, 97871, 0, 74.58
2026/09/11 12:08:37.341, 2, 0, 97871, 0, 73.52
2026/09/11 12:08:37.341, 3, 0, 97871, 0, 74.32
2026/09/11 12:08:37.541, 0, 0, 97871, 0, 73.39
2026/09/11 12:08:37.541, 1, 0, 97871, 0, 74.58
2026/09/11 12:08:37.541, 2, 0, 97871, 0, 73.51
2026/09/11 12:08:37.541, 3, 0, 97871, 0, 74.27
2026/09/11 12:08:37.741, 0, 0, 97871, 0, 73.38
2026/09/11 12:08:37.741, 1, 0, 97871, 0, 74.61
2026/09/11 12:08:37.741, 2, 0, 97871, 0, 73.54
2026/09/11 12:08:37.741, 3, 0, 97871, 0, 74.28
2026/09/11 12:08:37.941, 0, 0, 97871, 0, 73.30
2026/09/11 12:08:37.942, 1, 0, 97871, 0, 74.60
2026/09/11 12:08:37.942, 2, 0, 97871, 0, 73.56
2026/09/11 12:08:37.942, 3, 0, 97871, 0, 74.30
2026/09/11 12:08:38.142, 0, 1, 97871, 0, 73.30
2026/09/11 12:08:38.186, 1, 1, 97871, 0, 74.60
2026/09/11 12:08:38.186, 2, 1, 97871, 0, 73.60
2026/09/11 12:08:38.186, 3, 1, 97871, 0, 74.29
2026/09/11 12:08:38.386, 0, 4, 97871, 0, 73.34
2026/09/11 12:08:38.386, 1, 1, 97871, 0, 74.57
2026/09/11 12:08:38.386, 2, 1, 97871, 0, 73.60
2026/09/11 12:08:38.387, 3, 1, 97871, 0, 74.26
2026/09/11 12:08:38.588, 0, 4, 97871, 0, 73.36
2026/09/11 12:08:38.591, 1, 4, 97871, 0, 74.62
2026/09/11 12:08:38.593, 2, 1, 97871, 0, 73.61
2026/09/11 12:08:38.593, 3, 1, 97871, 0, 74.25
2026/09/11 12:08:38.793, 0, 4, 97871, 0, 73.36
2026/09/11 12:08:38.809, 1, 4, 97871, 0, 74.65
2026/09/11 12:08:38.809, 2, 4, 97871, 0, 73.62
2026/09/11 12:08:38.809, 3, 1, 97871, 0, 74.29
2026/09/11 12:08:39.009, 0, 4, 97871, 0, 73.41
2026/09/11 12:08:39.010, 1, 4, 97871, 0, 74.65
2026/09/11 12:08:39.010, 2, 4, 97871, 0, 73.60
2026/09/11 12:08:39.010, 3, 4, 97871, 0, 74.63
2026/09/11 12:08:39.210, 0, 4, 97871, 0, 73.41
2026/09/11 12:08:39.211, 1, 4, 97871, 0, 74.64
2026/09/11 12:08:39.211, 2, 4, 97871, 0, 73.59
2026/09/11 12:08:39.211, 3, 4, 97871, 0, 75.14
2026/09/11 12:08:39.411, 0, 4, 97871, 0, 73.39
2026/09/11 12:08:39.411, 1, 4, 97871, 0, 74.61
2026/09/11 12:08:39.411, 2, 4, 97871, 0, 73.60
2026/09/11 12:08:39.411, 3, 4, 97871, 0, 75.67
2026/09/11 12:08:39.611, 0, 4, 97871, 0, 73.37
2026/09/11 12:08:39.611, 1, 4, 97871, 0, 74.61
2026/09/11 12:08:39.611, 2, 4, 97871, 0, 73.58
2026/09/11 12:08:39.611, 3, 4, 97871, 0, 76.13
2026/09/11 12:08:39.811, 0, 4, 97871, 0, 73.40
2026/09/11 12:08:39.812, 1, 4, 97871, 0, 74.60
2026/09/11 12:08:39.812, 2, 4, 97871, 0, 73.55
2026/09/11 12:08:39.812, 3, 4, 97871, 0, 76.63
2026/09/11 12:08:40.012, 0, 4, 97871, 0, 73.36
2026/09/11 12:08:40.012, 1, 4, 97871, 0, 74.62
2026/09/11 12:08:40.012, 2, 4, 97871, 0, 73.53
2026/09/11 12:08:40.012, 3, 4, 97871, 0, 76.91
2026/09/11 12:08:40.212, 0, 4, 97871, 0, 73.32
2026/09/11 12:08:40.212, 1, 4, 97871, 0, 74.65
2026/09/11 12:08:40.212, 2, 4, 97871, 0, 73.53
2026/09/11 12:08:40.212, 3, 4, 97871, 0, 76.93
2026/09/11 12:08:40.412, 0, 4, 97871, 0, 73.30
2026/09/11 12:08:40.412, 1, 4, 97871, 0, 74.67
2026/09/11 12:08:40.412, 2, 4, 97871, 0, 73.50
2026/09/11 12:08:40.413, 3, 4, 97871, 0, 76.90
2026/09/11 12:08:40.613, 0, 4, 97871, 0, 73.35
2026/09/11 12:08:40.613, 1, 4, 97871, 0, 74.68
2026/09/11 12:08:40.613, 2, 4, 97871, 0, 73.50
2026/09/11 12:08:40.613, 3, 4, 97871, 0, 76.92
2026/09/11 12:08:40.813, 0, 4, 97871, 0, 73.33
2026/09/11 12:08:40.813, 1, 4, 97871, 0, 74.69
2026/09/11 12:08:40.813, 2, 4, 97871, 0, 73.52
2026/09/11 12:08:40.813, 3, 4, 97871, 0, 76.64
2026/09/11 12:08:41.013, 0, 4, 97871, 0, 73.30
2026/09/11 12:08:41.013, 1, 4, 97871, 0, 74.68
2026/09/11 12:08:41.013, 2, 4, 97871, 0, 73.55
2026/09/11 12:08:41.013, 3, 4, 97871, 0, 76.13
2026/09/11 12:08:41.214, 0, 4, 97871, 0, 73.29
2026/09/11 12:08:41.214, 1, 4, 97871, 0, 74.67
2026/09/11 12:08:41.214, 2, 4, 97871, 0, 73.55
2026/09/11 12:08:41.214, 3, 4, 97871, 0, 75.57
2026/09/11 12:08:41.414, 0, 4, 97871, 0, 73.31
2026/09/11 12:08:41.414, 1, 4, 97871, 0, 74.65
2026/09/11 12:08:41.414, 2, 4, 97871, 0, 73.56
2026/09/11 12:08:41.414, 3, 4, 97871, 0, 75.07
2026/09/11 12:08:41.614, 0, 4, 97871, 0, 73.33
2026/09/11 12:08:41.614, 1, 4, 97871, 0, 74.62
2026/09/11 12:08:41.614, 2, 4, 97871, 0, 73.57
2026/09/11 12:08:41.614, 3, 4, 97871, 0, 74.56
2026/09/11 12:08:41.814, 0, 4, 97871, 0, 73.34
2026/09/11 12:08:41.815, 1, 4, 97871, 0, 74.62
2026/09/11 12:08:41.815, 2, 4, 97871, 0, 73.56
2026/09/11 12:08:41.815, 3, 4, 97871, 0, 74.35
2026/09/11 12:08:42.015, 0, 4, 97871, 0, 73.39
2026/09/11 12:08:42.015, 1, 4, 97871, 0, 74.62
2026/09/11 12:08:42.015, 2, 4, 97871, 0, 73.54
2026/09/11 12:08:42.015, 3, 4, 97871, 0, 74.35
2026/09/11 12:08:42.215, 0, 4, 97871, 0, 73.45
2026/09/11 12:08:42.215, 1, 4, 97871, 0, 74.61
2026/09/11 12:08:42.215, 2, 4, 97871, 0, 73.54
2026/09/11 12:08:42.215, 3, 4, 97871, 0, 74.32
2026/09/11 12:08:42.415, 0, 4, 97871, 0, 73.50
2026/09/11 12:08:42.416, 1, 4, 97871, 0, 74.62
2026/09/11 12:08:42.416, 2, 4, 97871, 0, 73.54
2026/09/11 12:08:42.416, 3, 4, 97871, 0, 74.39
2026/09/11 12:08:42.616, 0, 4, 97871, 0, 73.45
2026/09/11 12:08:42.616, 1, 4, 97871, 0, 74.64
2026/09/11 12:08:42.616, 2, 4, 97871, 0, 73.55
2026/09/11 12:08:42.616, 3, 4, 97871, 0, 74.38
2026/09/11 12:08:42.816, 0, 4, 97871, 0, 73.47
2026/09/11 12:08:42.816, 1, 4, 97871, 0, 74.64
2026/09/11 12:08:42.816, 2, 4, 97871, 0, 73.57
2026/09/11 12:08:42.816, 3, 4, 97871, 0, 74.39
2026/09/11 12:08:43.016, 0, 4, 97871, 0, 73.47
2026/09/11 12:08:43.017, 1, 4, 97871, 0, 74.63
2026/09/11 12:08:43.017, 2, 4, 97871, 0, 73.61
2026/09/11 12:08:43.017, 3, 4, 97871, 0, 74.30
2026/09/11 12:08:43.217, 0, 4, 97871, 0, 73.46
2026/09/11 12:08:43.217, 1, 4, 97871, 0, 74.62
2026/09/11 12:08:43.217, 2, 4, 97871, 0, 73.59
2026/09/11 12:08:43.217, 3, 4, 97871, 0, 74.37
2026/09/11 12:08:43.417, 0, 4, 97871, 0, 73.45
2026/09/11 12:08:43.417, 1, 4, 97871, 0, 74.61
2026/09/11 12:08:43.417, 2, 4, 97871, 0, 73.60
2026/09/11 12:08:43.417, 3, 4, 97871, 0, 74.37
2026/09/11 12:08:43.617, 0, 4, 97871, 0, 73.50
2026/09/11 12:08:43.617, 1, 4, 97871, 0, 74.60
2026/09/11 12:08:43.617, 2, 4, 97871, 0, 73.56
2026/09/11 12:08:43.618, 3, 4, 97871, 0, 74.35
2026/09/11 12:08:43.818, 0, 4, 97871, 0, 73.49
2026/09/11 12:08:43.818, 1, 4, 97871, 0, 74.61
2026/09/11 12:08:43.818, 2, 4, 97871, 0, 73.54
2026/09/11 12:08:43.818, 3, 4, 97871, 0, 74.30
2026/09/11 12:08:44.018, 0, 4, 97871, 0, 73.43
2026/09/11 12:08:44.018, 1, 4, 97871, 0, 74.60
2026/09/11 12:08:44.018, 2, 4, 97871, 0, 73.53
2026/09/11 12:08:44.018, 3, 4, 97871, 0, 74.36
2026/09/11 12:08:44.218, 0, 4, 97871, 0, 73.39
2026/09/11 12:08:44.218, 1, 4, 97871, 0, 74.61
2026/09/11 12:08:44.218, 2, 4, 97871, 0, 73.53
2026/09/11 12:08:44.218, 3, 4, 97871, 0, 74.35
2026/09/11 12:08:44.419, 0, 4, 97871, 0, 73.37
2026/09/11 12:08:44.419, 1, 4, 97871, 0, 74.60
2026/09/11 12:08:44.419, 2, 4, 97871, 0, 73.56
2026/09/11 12:08:44.419, 3, 4, 97871, 0, 74.37
2026/09/11 12:08:44.619, 0, 4, 97871, 0, 73.30
2026/09/11 12:08:44.619, 1, 4, 97871, 0, 74.61
2026/09/11 12:08:44.619, 2, 4, 97871, 0, 73.62
2026/09/11 12:08:44.619, 3, 4, 97871, 0, 74.33
2026/09/11 12:08:44.819, 0, 4, 97871, 0, 73.28
2026/09/11 12:08:44.819, 1, 4, 97871, 0, 74.60
2026/09/11 12:08:44.819, 2, 4, 97871, 0, 73.64
2026/09/11 12:08:44.819, 3, 4, 97871, 0, 74.36
2026/09/11 12:08:45.019, 0, 4, 97871, 0, 73.29
2026/09/11 12:08:45.020, 1, 4, 97871, 0, 74.62
2026/09/11 12:08:45.020, 2, 4, 97871, 0, 73.62
2026/09/11 12:08:45.020, 3, 4, 97871, 0, 74.36
2026/09/11 12:08:45.220, 0, 4, 97871, 0, 73.29
2026/09/11 12:08:45.220, 1, 4, 97871, 0, 74.61
2026/09/11 12:08:45.220, 2, 4, 97871, 0, 73.62
2026/09/11 12:08:45.220, 3, 4, 97871, 0, 74.35
2026/09/11 12:08:45.420, 0, 4, 97871, 0, 73.31
2026/09/11 12:08:45.420, 1, 4, 97871, 0, 74.61
2026/09/11 12:08:45.420, 2, 4, 97871, 0, 73.59
2026/09/11 12:08:45.420, 3, 4, 97871, 0, 74.28
2026/09/11 12:08:45.620, 0, 4, 97871, 0, 73.31
2026/09/11 12:08:45.621, 1, 4, 97871, 0, 74.60
2026/09/11 12:08:45.621, 2, 4, 97871, 0, 73.56
2026/09/11 12:08:45.621, 3, 4, 97871, 0, 74.28
2026/09/11 12:08:45.821, 0, 4, 97871, 0, 73.32
2026/09/11 12:08:45.821, 1, 4, 97871, 0, 74.60
2026/09/11 12:08:45.821, 2, 4, 97871, 0, 73.55
2026/09/11 12:08:45.821, 3, 4, 97871, 0, 74.31
2026/09/11 12:08:46.021, 0, 4, 97871, 0, 73.34
2026/09/11 12:08:46.021, 1, 4, 97871, 0, 74.62
2026/09/11 12:08:46.021, 2, 4, 97871, 0, 73.56
2026/09/11 12:08:46.021, 3, 4, 97871, 0, 74.31
2026/09/11 12:08:46.221, 0, 4, 97871, 0, 73.35
2026/09/11 12:08:46.221, 1, 4, 97871, 0, 74.63
2026/09/11 12:08:46.221, 2, 4, 97871, 0, 73.55
2026/09/11 12:08:46.222, 3, 4, 97871, 0, 74.28
2026/09/11 12:08:46.422, 0, 4, 97871, 0, 73.31
2026/09/11 12:08:46.422, 1, 4, 97871, 0, 74.65
2026/09/11 12:08:46.422, 2, 4, 97871, 0, 73.56
2026/09/11 12:08:46.422, 3, 4, 97871, 0, 74.30
2026/09/11 12:08:46.622, 0, 4, 97871, 0, 73.33
2026/09/11 12:08:46.622, 1, 4, 97871, 0, 74.67
2026/09/11 12:08:46.622, 2, 4, 97871, 0, 73.56
2026/09/11 12:08:46.622, 3, 4, 97871, 0, 74.33
2026/09/11 12:08:46.822, 0, 4, 97871, 0, 73.32
2026/09/11 12:08:46.822, 1, 4, 97871, 0, 74.68
2026/09/11 12:08:46.822, 2, 4, 97871, 0, 73.55
2026/09/11 12:08:46.822, 3, 4, 97871, 0, 74.35
2026/09/11 12:08:47.023, 0, 4, 97871, 0, 73.32
2026/09/11 12:08:47.023, 1, 4, 97871, 0, 74.67
2026/09/11 12:08:47.023, 2, 4, 97871, 0, 73.53
2026/09/11 12:08:47.023, 3, 4, 97871, 0, 74.33
2026/09/11 12:08:47.223, 0, 4, 97871, 0, 73.31
2026/09/11 12:08:47.223, 1, 4, 97871, 0, 74.66
2026/09/11 12:08:47.223, 2, 4, 97871, 0, 73.51
2026/09/11 12:08:47.223, 3, 4, 97871, 0, 74.33
2026/09/11 12:08:47.423, 0, 4, 97871, 0, 73.34
2026/09/11 12:08:47.423, 1, 4, 97871, 0, 74.62
2026/09/11 12:08:47.423, 2, 4, 97871, 0, 73.51
2026/09/11 12:08:47.423, 3, 4, 97871, 0, 74.37
2026/09/11 12:08:47.624, 0, 4, 97871, 0, 73.34
2026/09/11 12:08:47.624, 1, 4, 97871, 0, 74.61
2026/09/11 12:08:47.624, 2, 4, 97871, 0, 73.54
2026/09/11 12:08:47.624, 3, 4, 97871, 0, 74.36
2026/09/11 12:08:47.824, 0, 4, 97871, 0, 73.33
2026/09/11 12:08:47.824, 1, 4, 97871, 0, 74.62
2026/09/11 12:08:47.824, 2, 4, 97871, 0, 73.55
2026/09/11 12:08:47.824, 3, 4, 97871, 0, 74.36
2026/09/11 12:08:48.024, 0, 4, 97871, 0, 73.35
2026/09/11 12:08:48.024, 1, 4, 97871, 0, 74.62
2026/09/11 12:08:48.024, 2, 4, 97871, 0, 73.56
2026/09/11 12:08:48.024, 3, 4, 97871, 0, 74.30
2026/09/11 12:08:48.225, 0, 4, 97871, 0, 73.41
2026/09/11 12:08:48.225, 1, 4, 97871, 0, 74.64
2026/09/11 12:08:48.225, 2, 4, 97871, 0, 73.57
2026/09/11 12:08:48.225, 3, 4, 97871, 0, 74.37
2026/09/11 12:08:48.425, 0, 4, 97871, 0, 73.38
2026/09/11 12:08:48.425, 1, 4, 97871, 0, 74.67
2026/09/11 12:08:48.425, 2, 4, 97871, 0, 73.56
2026/09/11 12:08:48.425, 3, 4, 97871, 0, 74.35
2026/09/11 12:08:48.625, 0, 4, 97871, 0, 73.39
2026/09/11 12:08:48.625, 1, 4, 97871, 0, 74.67
2026/09/11 12:08:48.625, 2, 4, 97871, 0, 73.53
2026/09/11 12:08:48.625, 3, 4, 97871, 0, 74.34
2026/09/11 12:08:48.825, 0, 4, 97871, 0, 73.40
2026/09/11 12:08:48.826, 1, 4, 97871, 0, 74.66
2026/09/11 12:08:48.826, 2, 4, 97871, 0, 73.51
2026/09/11 12:08:48.826, 3, 4, 97871, 0, 74.28
2026/09/11 12:08:49.026, 0, 4, 97871, 0, 73.42
2026/09/11 12:08:49.026, 1, 4, 97871, 0, 74.64
2026/09/11 12:08:49.026, 2, 4, 97871, 0, 73.51
2026/09/11 12:08:49.026, 3, 4, 97871, 0, 74.35
2026/09/11 12:08:49.226, 0, 4, 97871, 0, 73.38
2026/09/11 12:08:49.226, 1, 4, 97871, 0, 74.62
2026/09/11 12:08:49.226, 2, 4, 97871, 0, 73.51
2026/09/11 12:08:49.226, 3, 4, 97871, 0, 74.35
2026/09/11 12:08:49.426, 0, 4, 97871, 0, 73.36
2026/09/11 12:08:49.427, 1, 4, 97871, 0, 74.62
2026/09/11 12:08:49.427, 2, 4, 97871, 0, 73.54
2026/09/11 12:08:49.427, 3, 4, 97871, 0, 74.34
2026/09/11 12:08:49.627, 0, 4, 97871, 0, 73.37
2026/09/11 12:08:49.627, 1, 4, 97871, 0, 74.61
2026/09/11 12:08:49.627, 2, 4, 97871, 0, 73.57
2026/09/11 12:08:49.627, 3, 4, 97871, 0, 74.33
2026/09/11 12:08:49.827, 0, 4, 97871, 0, 73.39
2026/09/11 12:08:49.827, 1, 4, 97871, 0, 74.62
2026/09/11 12:08:49.827, 2, 4, 97871, 0, 73.59
2026/09/11 12:08:49.827, 3, 4, 97871, 0, 74.35
2026/09/11 12:08:50.027, 0, 4, 97871, 0, 73.36
2026/09/11 12:08:50.028, 1, 4, 97871, 0, 74.63
2026/09/11 12:08:50.028, 2, 4, 97871, 0, 73.59
2026/09/11 12:08:50.028, 3, 4, 97871, 0, 74.35
2026/09/11 12:08:50.228, 0, 4, 97871, 0, 73.36
2026/09/11 12:08:50.228, 1, 4, 97871, 0, 74.64
2026/09/11 12:08:50.228, 2, 4, 97871, 0, 73.57
2026/09/11 12:08:50.228, 3, 4, 97871, 0, 74.32
2026/09/11 12:08:50.428, 0, 4, 97871, 0, 73.38
2026/09/11 12:08:50.428, 1, 4, 97871, 0, 74.63
2026/09/11 12:08:50.428, 2, 4, 97871, 0, 73.56
2026/09/11 12:08:50.428, 3, 4, 97871, 0, 74.25
2026/09/11 12:08:50.628, 0, 4, 97871, 0, 73.36
2026/09/11 12:08:50.628, 1, 4, 97871, 0, 74.64
2026/09/11 12:08:50.628, 2, 4, 97871, 0, 73.56
2026/09/11 12:08:50.629, 3, 4, 97871, 0, 74.27
2026/09/11 12:08:50.829, 0, 4, 97871, 0, 73.31
2026/09/11 12:08:50.829, 1, 4, 97871, 0, 74.63
2026/09/11 12:08:50.829, 2, 4, 97871, 0, 73.55
2026/09/11 12:08:50.829, 3, 4, 97871, 0, 74.25
2026/09/11 12:08:51.029, 0, 4, 97871, 0, 73.33
2026/09/11 12:08:51.029, 1, 4, 97871, 0, 74.64
2026/09/11 12:08:51.029, 2, 4, 97871, 0, 73.54
2026/09/11 12:08:51.029, 3, 4, 97871, 0, 74.22
2026/09/11 12:08:51.229, 0, 4, 97871, 0, 73.36
2026/09/11 12:08:51.229, 1, 4, 97871, 0, 74.63
2026/09/11 12:08:51.229, 2, 4, 97871, 0, 73.55
2026/09/11 12:08:51.229, 3, 4, 97871, 0, 74.17
2026/09/11 12:08:51.429, 0, 4, 97871, 0, 73.39
2026/09/11 12:08:51.430, 1, 4, 97871, 0, 74.63
2026/09/11 12:08:51.430, 2, 4, 97871, 0, 73.55
2026/09/11 12:08:51.430, 3, 4, 97871, 0, 74.23
2026/09/11 12:08:51.630, 0, 4, 97871, 0, 73.37
2026/09/11 12:08:51.630, 1, 4, 97871, 0, 74.62
2026/09/11 12:08:51.630, 2, 4, 97871, 0, 73.52
2026/09/11 12:08:51.630, 3, 4, 97871, 0, 74.24
2026/09/11 12:08:51.830, 0, 4, 97871, 0, 73.40
2026/09/11 12:08:51.830, 1, 4, 97871, 0, 74.63
2026/09/11 12:08:51.830, 2, 4, 97871, 0, 73.53
2026/09/11 12:08:51.830, 3, 4, 97871, 0, 74.28
2026/09/11 12:08:52.030, 0, 4, 97871, 0, 73.39
2026/09/11 12:08:52.031, 1, 4, 97871, 0, 74.62
2026/09/11 12:08:52.031, 2, 4, 97871, 0, 73.53
2026/09/11 12:08:52.031, 3, 4, 97871, 0, 74.27
2026/09/11 12:08:52.231, 0, 4, 97871, 0, 73.36
2026/09/11 12:08:52.231, 1, 4, 97871, 0, 74.63
2026/09/11 12:08:52.231, 2, 4, 97871, 0, 73.53
2026/09/11 12:08:52.231, 3, 4, 97871, 0, 74.29
2026/09/11 12:08:52.431, 0, 4, 97871, 0, 73.31
2026/09/11 12:08:52.431, 1, 4, 97871, 0, 74.64
2026/09/11 12:08:52.431, 2, 4, 97871, 0, 73.52
2026/09/11 12:08:52.431, 3, 4, 97871, 0, 74.30
2026/09/11 12:08:52.631, 0, 4, 97871, 0, 73.32
2026/09/11 12:08:52.631, 1, 4, 97871, 0, 74.65
2026/09/11 12:08:52.632, 2, 4, 97871, 0, 73.54
2026/09/11 12:08:52.632, 3, 4, 97871, 0, 74.32
2026/09/11 12:08:52.832, 0, 4, 97871, 0, 73.33
2026/09/11 12:08:52.832, 1, 4, 97871, 0, 74.66
2026/09/11 12:08:52.832, 2, 4, 97871, 0, 73.53
2026/09/11 12:08:52.832, 3, 4, 97871, 0, 74.26
2026/09/11 12:08:53.032, 0, 4, 97871, 0, 73.30
2026/09/11 12:08:53.032, 1, 4, 97871, 0, 74.66
2026/09/11 12:08:53.032, 2, 4, 97871, 0, 73.53
2026/09/11 12:08:53.032, 3, 4, 97871, 0, 74.25
2026/09/11 12:08:53.232, 0, 4, 97871, 0, 73.29
2026/09/11 12:08:53.232, 1, 4, 97871, 0, 74.66
2026/09/11 12:08:53.233, 2, 4, 97871, 0, 73.54
2026/09/11 12:08:53.233, 3, 4, 97871, 0, 74.27
2026/09/11 12:08:53.433, 0, 4, 97871, 0, 73.35
2026/09/11 12:08:53.433, 1, 4, 97871, 0, 74.65
2026/09/11 12:08:53.433, 2, 4, 97871, 0, 73.53
2026/09/11 12:08:53.433, 3, 4, 97871, 0, 74.27
2026/09/11 12:08:53.633, 0, 4, 97871, 0, 73.36
2026/09/11 12:08:53.633, 1, 4, 97871, 0, 74.63
2026/09/11 12:08:53.633, 2, 4, 97871, 0, 73.53
2026/09/11 12:08:53.633, 3, 4, 97871, 0, 74.23
2026/09/11 12:08:53.833, 0, 4, 97871, 0, 73.34
2026/09/11 12:08:53.833, 1, 4, 97871, 0, 74.62
2026/09/11 12:08:53.834, 2, 4, 97871, 0, 73.51
2026/09/11 12:08:53.834, 3, 4, 97871, 0, 74.22
2026/09/11 12:08:54.034, 0, 4, 97871, 0, 73.38
2026/09/11 12:08:54.034, 1, 4, 97871, 0, 74.62
2026/09/11 12:08:54.034, 2, 4, 97871, 0, 73.51
2026/09/11 12:08:54.034, 3, 4, 97871, 0, 74.28
2026/09/11 12:08:54.234, 0, 4, 97871, 0, 73.42
2026/09/11 12:08:54.234, 1, 4, 97871, 0, 74.64
2026/09/11 12:08:54.234, 2, 4, 97871, 0, 73.56
2026/09/11 12:08:54.234, 3, 4, 97871, 0, 74.29
2026/09/11 12:08:54.434, 0, 4, 97871, 0, 73.42
2026/09/11 12:08:54.434, 1, 4, 97871, 0, 74.65
2026/09/11 12:08:54.434, 2, 4, 97871, 0, 73.58
2026/09/11 12:08:54.434, 3, 4, 97871, 0, 74.31
2026/09/11 12:08:54.635, 0, 4, 97871, 0, 73.39
2026/09/11 12:08:54.635, 1, 4, 97871, 0, 74.67
2026/09/11 12:08:54.637, 2, 4, 97871, 0, 73.58
2026/09/11 12:08:54.638, 3, 4, 97871, 0, 74.23
2026/09/11 12:08:54.839, 0, 4, 97871, 0, 73.44
2026/09/11 12:08:54.839, 1, 4, 97871, 0, 74.68
2026/09/11 12:08:54.839, 2, 4, 97871, 0, 73.59
2026/09/11 12:08:54.839, 3, 4, 97871, 0, 74.27
2026/09/11 12:08:55.040, 0, 4, 97871, 0, 73.45
2026/09/11 12:08:55.040, 1, 4, 97871, 0, 74.66
2026/09/11 12:08:55.040, 2, 4, 97871, 0, 73.58
2026/09/11 12:08:55.040, 3, 4, 97871, 0, 74.27
2026/09/11 12:08:55.240, 0, 4, 97871, 0, 73.41
2026/09/11 12:08:55.240, 1, 4, 97871, 0, 74.64
2026/09/11 12:08:55.240, 2, 4, 97871, 0, 73.54
2026/09/11 12:08:55.240, 3, 4, 97871, 0, 74.28
2026/09/11 12:08:55.440, 0, 4, 97871, 0, 73.41
2026/09/11 12:08:55.440, 1, 4, 97871, 0, 74.62
2026/09/11 12:08:55.440, 2, 4, 97871, 0, 73.53
2026/09/11 12:08:55.440, 3, 4, 97871, 0, 74.22
2026/09/11 12:08:55.641, 0, 4, 97871, 0, 73.44
2026/09/11 12:08:55.641, 1, 4, 97871, 0, 74.61
2026/09/11 12:08:55.641, 2, 4, 97871, 0, 73.54
2026/09/11 12:08:55.641, 3, 4, 97871, 0, 74.28
2026/09/11 12:08:55.841, 0, 4, 97871, 0, 73.44
2026/09/11 12:08:55.841, 1, 4, 97871, 0, 74.60
2026/09/11 12:08:55.841, 2, 4, 97871, 0, 73.57
2026/09/11 12:08:55.841, 3, 4, 97871, 0, 74.28
2026/09/11 12:08:56.041, 0, 4, 97871, 0, 73.40
2026/09/11 12:08:56.041, 1, 4, 97871, 0, 74.62
2026/09/11 12:08:56.041, 2, 4, 97871, 0, 73.59
2026/09/11 12:08:56.041, 3, 4, 97871, 0, 74.27
2026/09/11 12:08:56.242, 0, 4, 97871, 0, 73.41
2026/09/11 12:08:56.242, 1, 4, 97871, 0, 74.64
2026/09/11 12:08:56.242, 2, 4, 97871, 0, 73.63
2026/09/11 12:08:56.242, 3, 4, 97871, 0, 74.23
2026/09/11 12:08:56.442, 0, 4, 97871, 0, 73.41
2026/09/11 12:08:56.442, 1, 4, 97871, 0, 74.66
2026/09/11 12:08:56.442, 2, 4, 97871, 0, 73.63
2026/09/11 12:08:56.442, 3, 4, 97871, 0, 74.23
2026/09/11 12:08:56.642, 0, 4, 97871, 0, 73.40
2026/09/11 12:08:56.642, 1, 4, 97871, 0, 74.65
2026/09/11 12:08:56.642, 2, 4, 97871, 0, 73.64
2026/09/11 12:08:56.642, 3, 4, 97871, 0, 74.23
2026/09/11 12:08:56.843, 0, 4, 97871, 0, 73.38
2026/09/11 12:08:56.843, 1, 4, 97871, 0, 74.67
2026/09/11 12:08:56.843, 2, 4, 97871, 0, 73.61
2026/09/11 12:08:56.843, 3, 4, 97871, 0, 74.23
2026/09/11 12:08:57.043, 0, 4, 97871, 0, 73.38
2026/09/11 12:08:57.043, 1, 4, 97871, 0, 74.65
2026/09/11 12:08:57.043, 2, 4, 97871, 0, 73.57
2026/09/11 12:08:57.043, 3, 4, 97871, 0, 74.19
2026/09/11 12:08:57.243, 0, 4, 97871, 0, 73.39
2026/09/11 12:08:57.243, 1, 4, 97871, 0, 74.62
2026/09/11 12:08:57.243, 2, 4, 97871, 0, 73.53
2026/09/11 12:08:57.243, 3, 4, 97871, 0, 74.17
2026/09/11 12:08:57.444, 0, 4, 97871, 0, 73.36
2026/09/11 12:08:57.444, 1, 4, 97871, 0, 74.61
2026/09/11 12:08:57.444, 2, 4, 97871, 0, 73.56
2026/09/11 12:08:57.444, 3, 4, 97871, 0, 74.21
2026/09/11 12:08:57.644, 0, 4, 97871, 0, 73.34
2026/09/11 12:08:57.644, 1, 4, 97871, 0, 74.63
2026/09/11 12:08:57.644, 2, 4, 97871, 0, 73.54
2026/09/11 12:08:57.644, 3, 4, 97871, 0, 74.23
2026/09/11 12:08:57.844, 0, 4, 97871, 0, 73.36
2026/09/11 12:08:57.844, 1, 4, 97871, 0, 74.61
2026/09/11 12:08:57.844, 2, 4, 97871, 0, 73.54
2026/09/11 12:08:57.844, 3, 4, 97871, 0, 74.21
2026/09/11 12:08:58.044, 0, 4, 97871, 0, 73.38
2026/09/11 12:08:58.045, 1, 4, 97871, 0, 74.62
2026/09/11 12:08:58.045, 2, 4, 97871, 0, 73.56
2026/09/11 12:08:58.045, 3, 4, 97871, 0, 74.21
2026/09/11 12:08:58.245, 0, 4, 97871, 0, 73.35
2026/09/11 12:08:58.245, 1, 4, 97871, 0, 74.64
2026/09/11 12:08:58.245, 2, 4, 97871, 0, 73.54
2026/09/11 12:08:58.245, 3, 4, 97871, 0, 74.26
2026/09/11 12:08:58.445, 0, 4, 97871, 0, 73.36
2026/09/11 12:08:58.445, 1, 4, 97871, 0, 74.65
2026/09/11 12:08:58.445, 2, 4, 97871, 0, 73.51
2026/09/11 12:08:58.445, 3, 4, 97871, 0, 74.29
2026/09/11 12:08:58.645, 0, 4, 97871, 0, 73.38
2026/09/11 12:08:58.645, 1, 4, 97871, 0, 74.65
2026/09/11 12:08:58.646, 2, 4, 97871, 0, 73.52
2026/09/11 12:08:58.646, 3, 4, 97871, 0, 74.28
2026/09/11 12:08:58.846, 0, 4, 97871, 0, 73.37
2026/09/11 12:08:58.846, 1, 4, 97871, 0, 74.67
2026/09/11 12:08:58.846, 2, 4, 97871, 0, 73.51
2026/09/11 12:08:58.846, 3, 4, 97871, 0, 74.26
2026/09/11 12:08:59.046, 0, 4, 97871, 0, 73.34
2026/09/11 12:08:59.046, 1, 4, 97871, 0, 74.68
2026/09/11 12:08:59.046, 2, 4, 97871, 0, 73.51
2026/09/11 12:08:59.046, 3, 4, 97871, 0, 74.31
2026/09/11 12:08:59.246, 0, 4, 97871, 0, 73.36
2026/09/11 12:08:59.246, 1, 4, 97871, 0, 74.65
2026/09/11 12:08:59.246, 2, 4, 97871, 0, 73.54
2026/09/11 12:08:59.247, 3, 4, 97871, 0, 74.33
2026/09/11 12:08:59.447, 0, 4, 97871, 0, 73.41
2026/09/11 12:08:59.452, 1, 4, 97871, 0, 74.67
2026/09/11 12:08:59.453, 2, 4, 97871, 0, 73.57
2026/09/11 12:08:59.453, 3, 4, 97871, 0, 74.32
2026/09/11 12:08:59.653, 0, 4, 97871, 0, 73.39
2026/09/11 12:08:59.653, 1, 4, 97871, 0, 74.65
2026/09/11 12:08:59.653, 2, 4, 97871, 0, 73.56
2026/09/11 12:08:59.653, 3, 4, 97871, 0, 74.27
2026/09/11 12:08:59.854, 0, 4, 97871, 0, 73.39
2026/09/11 12:08:59.874, 1, 4, 97871, 0, 74.63
2026/09/11 12:08:59.875, 2, 4, 97871, 0, 73.59
2026/09/11 12:08:59.875, 3, 4, 97871, 0, 74.34
2026/09/11 12:09:00.077, 0, 4, 97871, 0, 73.43
2026/09/11 12:09:00.078, 1, 4, 97871, 0, 74.63
2026/09/11 12:09:00.078, 2, 4, 97871, 0, 73.59
2026/09/11 12:09:00.078, 3, 4, 97871, 0, 74.34
2026/09/11 12:09:00.278, 0, 4, 97871, 0, 73.43
2026/09/11 12:09:00.278, 1, 4, 97871, 0, 74.65
2026/09/11 12:09:00.278, 2, 4, 97871, 0, 73.57
2026/09/11 12:09:00.278, 3, 4, 97871, 0, 74.35
2026/09/11 12:09:00.478, 0, 4, 97871, 0, 73.38
2026/09/11 12:09:00.478, 1, 4, 97871, 0, 74.65
2026/09/11 12:09:00.478, 2, 4, 97871, 0, 73.55
2026/09/11 12:09:00.478, 3, 4, 97871, 0, 74.36
2026/09/11 12:09:00.678, 0, 4, 97871, 0, 73.34
2026/09/11 12:09:00.679, 1, 4, 97871, 0, 74.66
2026/09/11 12:09:00.679, 2, 21, 97871, 0, 76.72
2026/09/11 12:09:00.679, 3, 20, 97871, 0, 74.41
2026/09/11 12:09:00.881, 0, 4, 97871, 0, 73.36
2026/09/11 12:09:00.881, 1, 4, 97871, 0, 74.68
2026/09/11 12:09:00.881, 2, 385, 97871, 0, 85.64
2026/09/11 12:09:00.881, 3, 385, 97871, 0, 83.15
2026/09/11 12:09:01.081, 0, 4, 97871, 0, 73.35
2026/09/11 12:09:01.081, 1, 21, 97871, 0, 74.74
2026/09/11 12:09:01.084, 2, 385, 97871, 1, 94.31
2026/09/11 12:09:01.084, 3, 385, 97871, 3, 92.05
2026/09/11 12:09:01.286, 0, 327, 97871, 0, 79.60
2026/09/11 12:09:01.286, 1, 385, 97871, 0, 84.56
2026/09/11 12:09:01.286, 2, 385, 97871, 0, 102.98
2026/09/11 12:09:01.286, 3, 385, 97871, 0, 101.43
2026/09/11 12:09:01.486, 0, 385, 97871, 2, 88.42
2026/09/11 12:09:01.486, 1, 385, 97871, 1, 93.72
2026/09/11 12:09:01.486, 2, 385, 97871, 0, 112.40
2026/09/11 12:09:01.486, 3, 385, 97871, 0, 109.79
2026/09/11 12:09:01.686, 0, 385, 97871, 0, 97.22
2026/09/11 12:09:01.687, 1, 385, 97871, 0, 102.14
2026/09/11 12:09:01.687, 2, 385, 97871, 0, 117.98
2026/09/11 12:09:01.687, 3, 385, 97871, 0, 119.58
2026/09/11 12:09:01.887, 0, 385, 97871, 0, 106.01
2026/09/11 12:09:01.887, 1, 385, 97871, 0, 110.93
2026/09/11 12:09:01.887, 2, 385, 97871, 0, 117.69
2026/09/11 12:09:01.887, 3, 385, 97871, 0, 119.75
2026/09/11 12:09:02.087, 0, 483, 97871, 0, 115.61
2026/09/11 12:09:02.087, 1, 483, 97871, 0, 119.68
2026/09/11 12:09:02.088, 2, 483, 97871, 0, 117.67
2026/09/11 12:09:02.088, 3, 483, 97871, 0, 119.75
2026/09/11 12:09:02.289, 0, 727, 97871, 8, 118.26
2026/09/11 12:09:02.291, 1, 727, 97871, 8, 119.55
2026/09/11 12:09:02.291, 2, 727, 97871, 4, 117.68
2026/09/11 12:09:02.291, 3, 727, 97871, 8, 119.75
2026/09/11 12:09:02.491, 0, 1019, 97871, 1, 118.20
2026/09/11 12:09:02.493, 1, 1019, 97871, 1, 119.59
2026/09/11 12:09:02.495, 2, 1019, 97871, 1, 117.70
2026/09/11 12:09:02.495, 3, 1019, 97871, 1, 119.91
2026/09/11 12:09:02.695, 0, 1019, 97871, 0, 118.21
2026/09/11 12:09:02.695, 1, 1019, 97871, 0, 119.61
2026/09/11 12:09:02.696, 2, 1019, 97871, 0, 117.74
2026/09/11 12:09:02.697, 3, 1019, 97871, 0, 119.93
2026/09/11 12:09:02.897, 0, 1201, 97871, 0, 118.43
2026/09/11 12:09:02.897, 1, 1201, 97871, 0, 119.96
2026/09/11 12:09:02.897, 2, 1201, 97871, 0, 118.33
2026/09/11 12:09:02.897, 3, 1201, 97871, 1, 120.24
2026/09/11 12:09:03.097, 0, 1443, 97871, 0, 118.44
2026/09/11 12:09:03.097, 1, 1443, 97871, 0, 120.00
2026/09/11 12:09:03.097, 2, 1443, 97871, 0, 118.38
2026/09/11 12:09:03.097, 3, 1443, 97871, 0, 120.26
2026/09/11 12:09:03.297, 0, 1735, 97871, 1, 118.43
2026/09/11 12:09:03.299, 1, 1735, 97871, 1, 120.00
2026/09/11 12:09:03.300, 2, 1735, 97871, 1, 118.40
2026/09/11 12:09:03.300, 3, 1735, 97871, 1, 120.29
2026/09/11 12:09:03.501, 0, 1735, 97871, 0, 118.44
2026/09/11 12:09:03.501, 1, 1735, 97871, 0, 119.99
2026/09/11 12:09:03.501, 2, 1735, 97871, 0, 118.39
2026/09/11 12:09:03.501, 3, 1735, 97871, 0, 120.50
2026/09/11 12:09:03.701, 0, 1735, 97871, 0, 118.77
2026/09/11 12:09:03.701, 1, 1735, 97871, 1, 120.27
2026/09/11 12:09:03.701, 2, 1735, 97871, 0, 118.71
2026/09/11 12:09:03.701, 3, 1735, 97871, 0, 120.65
2026/09/11 12:09:03.901, 0, 1869, 97871, 0, 118.59
2026/09/11 12:09:03.902, 1, 1869, 97871, 0, 119.97
2026/09/11 12:09:03.902, 2, 1869, 97871, 0, 118.18
2026/09/11 12:09:03.902, 3, 1869, 97871, 0, 120.30
2026/09/11 12:09:04.102, 0, 1869, 97871, 0, 118.59
2026/09/11 12:09:04.102, 1, 1869, 97871, 0, 119.97
2026/09/11 12:09:04.102, 2, 1869, 97871, 0, 118.16
2026/09/11 12:09:04.102, 3, 1869, 97871, 0, 120.28
2026/09/11 12:09:04.302, 0, 1869, 97871, 0, 118.57
2026/09/11 12:09:04.302, 1, 1869, 97871, 0, 119.99
2026/09/11 12:09:04.302, 2, 1869, 97871, 0, 118.13
2026/09/11 12:09:04.302, 3, 1869, 97871, 0, 120.25
2026/09/11 12:09:04.502, 0, 1869, 97871, 0, 118.56
2026/09/11 12:09:04.502, 1, 1869, 97871, 0, 120.00
2026/09/11 12:09:04.502, 2, 1869, 97871, 0, 118.13
2026/09/11 12:09:04.502, 3, 1869, 97871, 0, 119.99
2026/09/11 12:09:04.703, 0, 1869, 97871, 0, 118.27
2026/09/11 12:09:04.703, 1, 1869, 97871, 0, 119.72
2026/09/11 12:09:04.703, 2, 1869, 97871, 0, 117.80
2026/09/11 12:09:04.703, 3, 1869, 97871, 0, 119.80
2026/09/11 12:09:04.903, 0, 1869, 97871, 0, 118.24
2026/09/11 12:09:04.903, 1, 1869, 97871, 0, 119.74
2026/09/11 12:09:04.903, 2, 1869, 97871, 0, 117.80
2026/09/11 12:09:04.903, 3, 1869, 97871, 0, 119.80
2026/09/11 12:09:05.103, 0, 1869, 97871, 0, 118.26
2026/09/11 12:09:05.103, 1, 1869, 97871, 0, 119.74
2026/09/11 12:09:05.103, 2, 1869, 97871, 0, 117.82
2026/09/11 12:09:05.103, 3, 1869, 97871, 0, 119.87
2026/09/11 12:09:05.303, 0, 1869, 97871, 0, 118.26
2026/09/11 12:09:05.303, 1, 1869, 97871, 0, 119.74
2026/09/11 12:09:05.303, 2, 1869, 97871, 0, 117.82
2026/09/11 12:09:05.304, 3, 1869, 97871, 0, 119.89
2026/09/11 12:09:05.504, 0, 1869, 97871, 0, 118.30
2026/09/11 12:09:05.504, 1, 1869, 97871, 0, 119.74
2026/09/11 12:09:05.504, 2, 1869, 97871, 0, 117.83
2026/09/11 12:09:05.504, 3, 1869, 97871, 0, 119.88
2026/09/11 12:09:05.704, 0, 1869, 97871, 0, 118.27
2026/09/11 12:09:05.704, 1, 1869, 97871, 0, 119.74
2026/09/11 12:09:05.704, 2, 1869, 97871, 0, 117.83
2026/09/11 12:09:05.704, 3, 1869, 97871, 0, 119.88
2026/09/11 12:09:05.904, 0, 1869, 97871, 0, 118.28
2026/09/11 12:09:05.904, 1, 1869, 97871, 0, 119.75
2026/09/11 12:09:05.904, 2, 1869, 97871, 0, 117.86
2026/09/11 12:09:05.904, 3, 1869, 97871, 0, 119.92
2026/09/11 12:09:06.104, 0, 1869, 97871, 0, 118.30
2026/09/11 12:09:06.105, 1, 1869, 97871, 0, 119.76
2026/09/11 12:09:06.105, 2, 1869, 97871, 0, 117.86
2026/09/11 12:09:06.105, 3, 1869, 97871, 0, 119.93
2026/09/11 12:09:06.305, 0, 1869, 97871, 0, 118.37
2026/09/11 12:09:06.305, 1, 1869, 97871, 0, 119.79
2026/09/11 12:09:06.305, 2, 1869, 97871, 0, 117.88
2026/09/11 12:09:06.305, 3, 1869, 97871, 0, 119.91
2026/09/11 12:09:06.505, 0, 1869, 97871, 0, 118.36
2026/09/11 12:09:06.505, 1, 1869, 97871, 0, 119.82
2026/09/11 12:09:06.505, 2, 1869, 97871, 0, 117.90
2026/09/11 12:09:06.505, 3, 1869, 97871, 0, 119.78
2026/09/11 12:09:06.705, 0, 1869, 97871, 0, 118.38
2026/09/11 12:09:06.706, 1, 1869, 97871, 0, 119.84
2026/09/11 12:09:06.706, 2, 1869, 97871, 0, 117.93
2026/09/11 12:09:06.706, 3, 1869, 97871, 0, 119.71
2026/09/11 12:09:06.906, 0, 1869, 97871, 0, 118.40
2026/09/11 12:09:06.906, 1, 1869, 97871, 0, 119.84
2026/09/11 12:09:06.906, 2, 1869, 97871, 0, 117.93
2026/09/11 12:09:06.906, 3, 1869, 97871, 0, 119.62
2026/09/11 12:09:07.106, 0, 1869, 97871, 0, 118.39
2026/09/11 12:09:07.106, 1, 1869, 97871, 0, 119.88
2026/09/11 12:09:07.106, 2, 1869, 97871, 0, 117.93
2026/09/11 12:09:07.106, 3, 1869, 97871, 0, 119.52
2026/09/11 12:09:07.306, 0, 1869, 97871, 0, 118.38
2026/09/11 12:09:07.306, 1, 1869, 97871, 0, 119.87
2026/09/11 12:09:07.307, 2, 1869, 97871, 0, 117.93
2026/09/11 12:09:07.307, 3, 1869, 97871, 0, 119.39
2026/09/11 12:09:07.507, 0, 1869, 97871, 0, 118.41
2026/09/11 12:09:07.507, 1, 1869, 97871, 0, 119.86
2026/09/11 12:09:07.507, 2, 1869, 97871, 0, 117.97
2026/09/11 12:09:07.507, 3, 1869, 97871, 0, 119.44
2026/09/11 12:09:07.707, 0, 1869, 97871, 0, 118.44
2026/09/11 12:09:07.707, 1, 1869, 97871, 0, 119.83
2026/09/11 12:09:07.707, 2, 1869, 97871, 0, 117.99
2026/09/11 12:09:07.707, 3, 1869, 97871, 0, 119.47
2026/09/11 12:09:07.907, 0, 1869, 97871, 0, 118.42
2026/09/11 12:09:07.907, 1, 1869, 97871, 0, 119.84
2026/09/11 12:09:07.907, 2, 1869, 97871, 0, 118.02
2026/09/11 12:09:07.908, 3, 1869, 97871, 0, 119.48
2026/09/11 12:09:08.108, 0, 1869, 97871, 0, 118.41
2026/09/11 12:09:08.108, 1, 1869, 97871, 0, 119.84
2026/09/11 12:09:08.108, 2, 1869, 97871, 0, 118.01
2026/09/11 12:09:08.108, 3, 3581, 97871, 0, 119.43
2026/09/11 12:09:08.308, 0, 1869, 97871, 0, 118.40
2026/09/11 12:09:08.308, 1, 1869, 97871, 0, 119.84
2026/09/11 12:09:08.308, 2, 3581, 97871, 0, 118.00
2026/09/11 12:09:08.308, 3, 3581, 97871, 3, 120.49
2026/09/11 12:09:08.508, 0, 3581, 97871, 0, 118.39
2026/09/11 12:09:08.508, 1, 1881, 97871, 0, 119.85
2026/09/11 12:09:08.508, 2, 3871, 97871, 3, 118.37
2026/09/11 12:09:08.508, 3, 13881, 97871, 8, 120.48
2026/09/11 12:09:08.709, 0, 11205, 97871, 3, 119.89
2026/09/11 12:09:08.709, 1, 3581, 97871, 0, 120.26
2026/09/11 12:09:08.709, 2, 12975, 97871, 6, 118.33
2026/09/11 12:09:08.709, 3, 17209, 97871, 8, 120.47
2026/09/11 12:09:08.909, 0, 17209, 97871, 11, 119.96
2026/09/11 12:09:08.909, 1, 7333, 97871, 0, 120.26
2026/09/11 12:09:08.909, 2, 17209, 97871, 8, 118.32
2026/09/11 12:09:08.909, 3, 17209, 97871, 1, 120.42
2026/09/11 12:09:09.109, 0, 17209, 97871, 4, 120.02
2026/09/11 12:09:09.109, 1, 14765, 97871, 6, 120.25
2026/09/11 12:09:09.109, 2, 17209, 97871, 2, 118.34
2026/09/11 12:09:09.109, 3, 17209, 97871, 1, 120.47
2026/09/11 12:09:09.309, 0, 17209, 97871, 2, 120.05
2026/09/11 12:09:09.310, 1, 17209, 97871, 7, 120.25
2026/09/11 12:09:09.310, 2, 17209, 97871, 2, 118.34
2026/09/11 12:09:09.310, 3, 17209, 97871, 2, 119.47
2026/09/11 12:09:09.510, 0, 17209, 97871, 1, 120.02
2026/09/11 12:09:09.510, 1, 17209, 97871, 1, 120.22
2026/09/11 12:09:09.510, 2, 17209, 97871, 1, 117.95
2026/09/11 12:09:09.510, 3, 17209, 97871, 2, 119.47
2026/09/11 12:09:09.710, 0, 17209, 97871, 1, 118.53
2026/09/11 12:09:09.710, 1, 17209, 97871, 0, 119.84
2026/09/11 12:09:09.710, 2, 17209, 97871, 1, 117.95
2026/09/11 12:09:09.710, 3, 17209, 97871, 0, 119.46
2026/09/11 12:09:09.910, 0, 17209, 97871, 1, 118.46
2026/09/11 12:09:09.911, 1, 17209, 97871, 1, 119.82
2026/09/11 12:09:09.911, 2, 17209, 97871, 1, 117.96
2026/09/11 12:09:09.911, 3, 17209, 97871, 1, 119.48
2026/09/11 12:09:10.111, 0, 17209, 97871, 0, 118.44
2026/09/11 12:09:10.111, 1, 17209, 97871, 1, 119.84
2026/09/11 12:09:10.111, 2, 17209, 97871, 0, 117.99
2026/09/11 12:09:10.111, 3, 17209, 97871, 1, 119.46
2026/09/11 12:09:10.311, 0, 17209, 97871, 1, 118.38
2026/09/11 12:09:10.311, 1, 17209, 97871, 1, 119.87
2026/09/11 12:09:10.311, 2, 17209, 97871, 1, 117.97
2026/09/11 12:09:10.311, 3, 17209, 97871, 1, 119.43
2026/09/11 12:09:10.511, 0, 17209, 97871, 1, 118.38
2026/09/11 12:09:10.512, 1, 17209, 97871, 0, 119.87
2026/09/11 12:09:10.512, 2, 17209, 97871, 0, 117.96
2026/09/11 12:09:10.512, 3, 17209, 97871, 0, 119.39
2026/09/11 12:09:10.712, 0, 17209, 97871, 1, 118.38
2026/09/11 12:09:10.712, 1, 17209, 97871, 1, 119.89
2026/09/11 12:09:10.712, 2, 17209, 97871, 1, 117.96
2026/09/11 12:09:10.712, 3, 17209, 97871, 0, 119.37
2026/09/11 12:09:10.912, 0, 17209, 97871, 1, 118.34
2026/09/11 12:09:10.912, 1, 17209, 97871, 1, 119.93
2026/09/11 12:09:10.912, 2, 17209, 97871, 1, 117.93
2026/09/11 12:09:10.912, 3, 17209, 97871, 1, 119.40
2026/09/11 12:09:11.112, 0, 17209, 97871, 1, 118.36
2026/09/11 12:09:11.113, 1, 17209, 97871, 0, 119.91
2026/09/11 12:09:11.113, 2, 17209, 97871, 2, 117.92
2026/09/11 12:09:11.113, 3, 17209, 97871, 1, 119.42
2026/09/11 12:09:11.313, 0, 17209, 97871, 1, 118.39
2026/09/11 12:09:11.313, 1, 17209, 97871, 1, 119.89
2026/09/11 12:09:11.313, 2, 17209, 97871, 2, 117.91
2026/09/11 12:09:11.313, 3, 17209, 97871, 0, 119.38
2026/09/11 12:09:11.513, 0, 17209, 97871, 0, 118.39
2026/09/11 12:09:11.513, 1, 17209, 97871, 1, 119.89
2026/09/11 12:09:11.513, 2, 17209, 97871, 1, 117.92
2026/09/11 12:09:11.513, 3, 17209, 97871, 1, 119.36
2026/09/11 12:09:11.713, 0, 17209, 97871, 1, 118.37
2026/09/11 12:09:11.714, 1, 17209, 97871, 1, 119.86
2026/09/11 12:09:11.714, 2, 17209, 97871, 0, 117.93
2026/09/11 12:09:11.714, 3, 17209, 97871, 2, 119.41
2026/09/11 12:09:11.914, 0, 17209, 97871, 1, 118.40
2026/09/11 12:09:11.914, 1, 17209, 97871, 0, 119.85
2026/09/11 12:09:11.914, 2, 17209, 97871, 2, 117.93
2026/09/11 12:09:11.914, 3, 17209, 97871, 0, 119.41
2026/09/11 12:09:12.114, 0, 17209, 97871, 0, 118.41
2026/09/11 12:09:12.114, 1, 17209, 97871, 0, 119.86
2026/09/11 12:09:12.114, 2, 17209, 97871, 1, 117.95
2026/09/11 12:09:12.114, 3, 17209, 97871, 1, 119.38
2026/09/11 12:09:12.314, 0, 17209, 97871, 1, 118.43
2026/09/11 12:09:12.315, 1, 17209, 97871, 1, 119.87
2026/09/11 12:09:12.315, 2, 17209, 97871, 1, 117.96
2026/09/11 12:09:12.315, 3, 17209, 97871, 2, 119.41
2026/09/11 12:09:12.515, 0, 17209, 97871, 1, 118.45
2026/09/11 12:09:12.515, 1, 17209, 97871, 2, 119.89
2026/09/11 12:09:12.515, 2, 17209, 97871, 1, 117.98
2026/09/11 12:09:12.515, 3, 17209, 97871, 0, 119.48
2026/09/11 12:09:12.715, 0, 17209, 97871, 1, 118.50
2026/09/11 12:09:12.715, 1, 17209, 97871, 0, 119.91
2026/09/11 12:09:12.715, 2, 17209, 97871, 0, 118.00
2026/09/11 12:09:12.715, 3, 17209, 97871, 0, 119.47
2026/09/11 12:09:12.915, 0, 17209, 97871, 0, 118.50
2026/09/11 12:09:12.916, 1, 17209, 97871, 2, 119.90
2026/09/11 12:09:12.916, 2, 17209, 97871, 0, 118.02
2026/09/11 12:09:12.916, 3, 17209, 97871, 1, 119.46
2026/09/11 12:09:13.116, 0, 17209, 97871, 1, 118.47
2026/09/11 12:09:13.116, 1, 17209, 97871, 2, 119.89
2026/09/11 12:09:13.116, 2, 17209, 97871, 1, 118.04
2026/09/11 12:09:13.117, 3, 17209, 97871, 2, 119.46
2026/09/11 12:09:13.317, 0, 17209, 97871, 1, 118.47
2026/09/11 12:09:13.317, 1, 17209, 97871, 1, 119.92
2026/09/11 12:09:13.317, 2, 17209, 97871, 1, 118.04
2026/09/11 12:09:13.317, 3, 17209, 97871, 2, 119.50
2026/09/11 12:09:13.517, 0, 17209, 97871, 2, 118.50
2026/09/11 12:09:13.517, 1, 17209, 97871, 1, 119.90
2026/09/11 12:09:13.517, 2, 17209, 97871, 1, 118.04
2026/09/11 12:09:13.517, 3, 17209, 97871, 2, 119.54
2026/09/11 12:09:13.717, 0, 17209, 97871, 2, 118.45
2026/09/11 12:09:13.717, 1, 17209, 97871, 1, 119.90
2026/09/11 12:09:13.717, 2, 17209, 97871, 2, 118.04
2026/09/11 12:09:13.717, 3, 17209, 97871, 1, 119.51
2026/09/11 12:09:13.918, 0, 17209, 97871, 1, 118.47
2026/09/11 12:09:13.918, 1, 17209, 97871, 0, 119.90
2026/09/11 12:09:13.918, 2, 17209, 97871, 2, 118.03
2026/09/11 12:09:13.918, 3, 17209, 97871, 1, 119.50
2026/09/11 12:09:14.118, 0, 17209, 97871, 0, 118.47
2026/09/11 12:09:14.118, 1, 17209, 97871, 1, 119.92
2026/09/11 12:09:14.118, 2, 17209, 97871, 2, 118.00
2026/09/11 12:09:14.118, 3, 17209, 97871, 1, 119.51
2026/09/11 12:09:14.318, 0, 17209, 97871, 1, 118.49
2026/09/11 12:09:14.318, 1, 17209, 97871, 1, 119.91
2026/09/11 12:09:14.318, 2, 17209, 97871, 1, 118.01
2026/09/11 12:09:14.318, 3, 17209, 97871, 0, 119.48
2026/09/11 12:09:14.519, 0, 17209, 97871, 2, 118.42
2026/09/11 12:09:14.519, 1, 17209, 97871, 1, 119.94
2026/09/11 12:09:14.519, 2, 17209, 97871, 0, 118.04
2026/09/11 12:09:14.519, 3, 17209, 97871, 1, 119.44
2026/09/11 12:09:14.719, 0, 17209, 97871, 1, 118.42
2026/09/11 12:09:14.719, 1, 17209, 97871, 2, 119.93
2026/09/11 12:09:14.719, 2, 17209, 97871, 2, 118.07
2026/09/11 12:09:14.719, 3, 17209, 97871, 1, 119.39
2026/09/11 12:09:14.919, 0, 17209, 97871, 0, 118.45
2026/09/11 12:09:14.919, 1, 17209, 97871, 2, 119.94
2026/09/11 12:09:14.919, 2, 17209, 97871, 1, 118.08
2026/09/11 12:09:14.919, 3, 17209, 97871, 1, 119.42
2026/09/11 12:09:15.119, 0, 17209, 97871, 1, 118.45
2026/09/11 12:09:15.120, 1, 17209, 97871, 2, 119.92
2026/09/11 12:09:15.120, 2, 17209, 97871, 1, 118.09
2026/09/11 12:09:15.120, 3, 17209, 97871, 0, 119.42
2026/09/11 12:09:15.320, 0, 17209, 97871, 0, 118.44
2026/09/11 12:09:15.320, 1, 17209, 97871, 1, 119.92
2026/09/11 12:09:15.320, 2, 17209, 97871, 1, 118.07
2026/09/11 12:09:15.320, 3, 17209, 97871, 0, 119.43
2026/09/11 12:09:15.520, 0, 17209, 97871, 2, 118.43
2026/09/11 12:09:15.520, 1, 17209, 97871, 0, 119.90
2026/09/11 12:09:15.520, 2, 17209, 97871, 0, 118.03
2026/09/11 12:09:15.520, 3, 17209, 97871, 1, 119.39
2026/09/11 12:09:15.720, 0, 17209, 97871, 1, 118.44
2026/09/11 12:09:15.721, 1, 17209, 97871, 1, 119.88
2026/09/11 12:09:15.721, 2, 17209, 97871, 0, 118.02
2026/09/11 12:09:15.721, 3, 17209, 97871, 1, 119.42
2026/09/11 12:09:15.921, 0, 17209, 97871, 0, 118.39
2026/09/11 12:09:15.921, 1, 17209, 97871, 1, 119.86
2026/09/11 12:09:15.921, 2, 17209, 97871, 1, 118.02
2026/09/11 12:09:15.921, 3, 17209, 97871, 2, 119.44
2026/09/11 12:09:16.121, 0, 17209, 97871, 1, 118.38
2026/09/11 12:09:16.121, 1, 17209, 97871, 0, 119.89
2026/09/11 12:09:16.121, 2, 17209, 97871, 1, 118.00
2026/09/11 12:09:16.121, 3, 17209, 97871, 2, 119.45
2026/09/11 12:09:16.321, 0, 17209, 97871, 2, 118.38
2026/09/11 12:09:16.321, 1, 17209, 97871, 1, 119.90
2026/09/11 12:09:16.321, 2, 17209, 97871, 1, 117.99
2026/09/11 12:09:16.322, 3, 17209, 97871, 2, 119.41
2026/09/11 12:09:16.522, 0, 17209, 97871, 2, 118.43
2026/09/11 12:09:16.522, 1, 17209, 97871, 1, 119.90
2026/09/11 12:09:16.522, 2, 17209, 97871, 2, 118.00
2026/09/11 12:09:16.522, 3, 17209, 97871, 2, 119.44
2026/09/11 12:09:16.722, 0, 17209, 97871, 1, 118.43
2026/09/11 12:09:16.722, 1, 17209, 97871, 1, 119.92
2026/09/11 12:09:16.722, 2, 17209, 97871, 1, 117.98
2026/09/11 12:09:16.722, 3, 17209, 97871, 2, 119.47
2026/09/11 12:09:16.922, 0, 17209, 97871, 2, 118.46
2026/09/11 12:09:16.922, 1, 17209, 97871, 1, 119.94
2026/09/11 12:09:16.922, 2, 17209, 97871, 1, 117.97
2026/09/11 12:09:16.922, 3, 17209, 97871, 2, 119.47
2026/09/11 12:09:17.123, 0, 17209, 97871, 1, 118.50
2026/09/11 12:09:17.123, 1, 17209, 97871, 0, 119.96
2026/09/11 12:09:17.123, 2, 17209, 97871, 2, 117.97
2026/09/11 12:09:17.123, 3, 17209, 97871, 1, 119.44
2026/09/11 12:09:17.323, 0, 17209, 97871, 0, 118.51
2026/09/11 12:09:17.323, 1, 17209, 97871, 0, 119.95
2026/09/11 12:09:17.323, 2, 17209, 97871, 0, 118.00
2026/09/11 12:09:17.323, 3, 17209, 97871, 1, 119.45
2026/09/11 12:09:17.523, 0, 17209, 97871, 0, 118.48
2026/09/11 12:09:17.523, 1, 17209, 97871, 1, 119.94
2026/09/11 12:09:17.523, 2, 17209, 97871, 0, 118.04
2026/09/11 12:09:17.523, 3, 17209, 97871, 0, 119.46
2026/09/11 12:09:17.724, 0, 17209, 97871, 1, 118.52
2026/09/11 12:09:17.724, 1, 17209, 97871, 0, 119.94
2026/09/11 12:09:17.724, 2, 17209, 97871, 0, 118.12
2026/09/11 12:09:17.724, 3, 17209, 97871, 2, 119.47
2026/09/11 12:09:17.924, 0, 17209, 97871, 0, 118.53
2026/09/11 12:09:17.925, 1, 17209, 97871, 1, 119.93
2026/09/11 12:09:17.925, 2, 17209, 97871, 1, 118.13
2026/09/11 12:09:17.925, 3, 17209, 97871, 1, 119.46
2026/09/11 12:09:18.125, 0, 17209, 97871, 1, 118.51
2026/09/11 12:09:18.125, 1, 17209, 97871, 2, 119.93
2026/09/11 12:09:18.125, 2, 17209, 97871, 1, 118.17
2026/09/11 12:09:18.125, 3, 17209, 97871, 1, 119.46
2026/09/11 12:09:18.325, 0, 17209, 97871, 0, 118.50
2026/09/11 12:09:18.325, 1, 17209, 97871, 0, 119.94
2026/09/11 12:09:18.325, 2, 17209, 97871, 0, 118.17
2026/09/11 12:09:18.325, 3, 17209, 97871, 1, 119.50
2026/09/11 12:09:18.525, 0, 17209, 97871, 1, 118.55
2026/09/11 12:09:18.526, 1, 17209, 97871, 1, 119.99
2026/09/11 12:09:18.526, 2, 17209, 97871, 1, 118.17
2026/09/11 12:09:18.526, 3, 17209, 97871, 0, 119.53
2026/09/11 12:09:18.726, 0, 17209, 97871, 1, 118.52
2026/09/11 12:09:18.726, 1, 17209, 97871, 1, 120.01
2026/09/11 12:09:18.726, 2, 17209, 97871, 1, 118.13
2026/09/11 12:09:18.726, 3, 17209, 97871, 1, 119.52
2026/09/11 12:09:18.926, 0, 17209, 97871, 1, 118.50
2026/09/11 12:09:18.926, 1, 17209, 97871, 2, 120.07
2026/09/11 12:09:18.926, 2, 17209, 97871, 1, 118.11
2026/09/11 12:09:18.926, 3, 17209, 97871, 1, 119.51
2026/09/11 12:09:19.126, 0, 17209, 97871, 1, 118.52
2026/09/11 12:09:19.127, 1, 17209, 97871, 1, 120.06
2026/09/11 12:09:19.127, 2, 17209, 97871, 1, 118.08
2026/09/11 12:09:19.127, 3, 17209, 97871, 1, 119.53
2026/09/11 12:09:19.327, 0, 17209, 97871, 0, 118.54
2026/09/11 12:09:19.327, 1, 17209, 97871, 0, 120.06
2026/09/11 12:09:19.327, 2, 17209, 97871, 1, 118.09
2026/09/11 12:09:19.327, 3, 17209, 97871, 1, 119.55
2026/09/11 12:09:19.527, 0, 17209, 97871, 0, 118.54
2026/09/11 12:09:19.527, 1, 17209, 97871, 1, 120.01
2026/09/11 12:09:19.527, 2, 17209, 97871, 1, 118.07
2026/09/11 12:09:19.527, 3, 17209, 97871, 0, 119.51
2026/09/11 12:09:19.727, 0, 17209, 97871, 0, 118.52
2026/09/11 12:09:19.728, 1, 17209, 97871, 2, 120.00
2026/09/11 12:09:19.728, 2, 17209, 97871, 0, 118.10
2026/09/11 12:09:19.728, 3, 17209, 97871, 1, 119.48
2026/09/11 12:09:19.928, 0, 17209, 97871, 0, 118.51
2026/09/11 12:09:19.928, 1, 17209, 97871, 1, 119.96
2026/09/11 12:09:19.928, 2, 17209, 97871, 2, 118.11
2026/09/11 12:09:19.928, 3, 17209, 97871, 1, 119.50
2026/09/11 12:09:20.128, 0, 17209, 97871, 1, 118.52
2026/09/11 12:09:20.128, 1, 17209, 97871, 0, 119.95
2026/09/11 12:09:20.128, 2, 17209, 97871, 1, 118.13
2026/09/11 12:09:20.128, 3, 17209, 97871, 0, 119.50
2026/09/11 12:09:20.328, 0, 17209, 97871, 2, 118.51
2026/09/11 12:09:20.329, 1, 17209, 97871, 1, 119.96
2026/09/11 12:09:20.329, 2, 17209, 97871, 1, 118.14
2026/09/11 12:09:20.329, 3, 17209, 97871, 1, 119.48
2026/09/11 12:09:20.529, 0, 17209, 97871, 1, 118.50
2026/09/11 12:09:20.529, 1, 17209, 97871, 1, 119.98
2026/09/11 12:09:20.529, 2, 17209, 97871, 2, 118.13
2026/09/11 12:09:20.529, 3, 17209, 97871, 1, 119.41
2026/09/11 12:09:20.729, 0, 17209, 97871, 2, 118.55
2026/09/11 12:09:20.729, 1, 17209, 97871, 0, 119.98
2026/09/11 12:09:20.729, 2, 17209, 97871, 1, 118.12
2026/09/11 12:09:20.729, 3, 17209, 97871, 1, 119.44
2026/09/11 12:09:20.929, 0, 17209, 97871, 1, 118.55
2026/09/11 12:09:20.930, 1, 17209, 97871, 1, 119.99
2026/09/11 12:09:20.930, 2, 17209, 97871, 1, 118.11
2026/09/11 12:09:20.930, 3, 17209, 97871, 0, 119.45
2026/09/11 12:09:21.130, 0, 17209, 97871, 2, 118.51
2026/09/11 12:09:21.130, 1, 17209, 97871, 1, 120.02
2026/09/11 12:09:21.130, 2, 17209, 97871, 1, 118.11
2026/09/11 12:09:21.130, 3, 17209, 97871, 1, 119.43
2026/09/11 12:09:21.330, 0, 17209, 97871, 2, 118.52
2026/09/11 12:09:21.330, 1, 17209, 97871, 0, 120.03
2026/09/11 12:09:21.330, 2, 17209, 97871, 1, 118.12
2026/09/11 12:09:21.330, 3, 17209, 97871, 0, 119.39
2026/09/11 12:09:21.530, 0, 17209, 97871, 1, 118.54
2026/09/11 12:09:21.531, 1, 17209, 97871, 2, 120.01
2026/09/11 12:09:21.531, 2, 17209, 97871, 1, 118.15
2026/09/11 12:09:21.531, 3, 17209, 97871, 1, 119.46
2026/09/11 12:09:21.731, 0, 17209, 97871, 2, 118.50
2026/09/11 12:09:21.731, 1, 17209, 97871, 2, 120.04
2026/09/11 12:09:21.731, 2, 17209, 97871, 1, 118.18
2026/09/11 12:09:21.731, 3, 17209, 97871, 2, 119.50
2026/09/11 12:09:21.931, 0, 17209, 97871, 2, 118.54
2026/09/11 12:09:21.931, 1, 17209, 97871, 1, 120.06
2026/09/11 12:09:21.931, 2, 17209, 97871, 1, 118.22
2026/09/11 12:09:21.931, 3, 17209, 97871, 1, 119.49
2026/09/11 12:09:22.131, 0, 17209, 97871, 2, 118.55
2026/09/11 12:09:22.131, 1, 17209, 97871, 1, 120.06
2026/09/11 12:09:22.132, 2, 17209, 97871, 1, 118.21
2026/09/11 12:09:22.132, 3, 17209, 97871, 0, 119.45
2026/09/11 12:09:22.332, 0, 17209, 97871, 2, 118.57
2026/09/11 12:09:22.332, 1, 17209, 97871, 0, 120.09
2026/09/11 12:09:22.332, 2, 17209, 97871, 0, 118.22
2026/09/11 12:09:22.332, 3, 17209, 97871, 1, 119.50
2026/09/11 12:09:22.532, 0, 17209, 97871, 2, 118.51
2026/09/11 12:09:22.532, 1, 17209, 97871, 0, 120.08
2026/09/11 12:09:22.532, 2, 17209, 97871, 2, 118.18
2026/09/11 12:09:22.532, 3, 17209, 97871, 1, 119.51
2026/09/11 12:09:22.732, 0, 17209, 97871, 1, 118.50
2026/09/11 12:09:22.732, 1, 17209, 97871, 1, 120.08
2026/09/11 12:09:22.732, 2, 17209, 97871, 1, 118.19
2026/09/11 12:09:22.732, 3, 17209, 97871, 1, 119.48
2026/09/11 12:09:22.933, 0, 17209, 97871, 0, 118.53
2026/09/11 12:09:22.933, 1, 17209, 97871, 2, 120.07
2026/09/11 12:09:22.933, 2, 17209, 97871, 1, 118.21
2026/09/11 12:09:22.933, 3, 17209, 97871, 1, 119.44
2026/09/11 12:09:23.133, 0, 17209, 97871, 1, 118.52
2026/09/11 12:09:23.133, 1, 17209, 97871, 1, 120.07
2026/09/11 12:09:23.133, 2, 17209, 97871, 2, 118.22
2026/09/11 12:09:23.133, 3, 17209, 97871, 0, 119.48
2026/09/11 12:09:23.333, 0, 17209, 97871, 1, 118.51
2026/09/11 12:09:23.333, 1, 17209, 97871, 0, 120.06
2026/09/11 12:09:23.333, 2, 17209, 97871, 2, 118.24
2026/09/11 12:09:23.333, 3, 17209, 97871, 1, 119.50
2026/09/11 12:09:23.534, 0, 17209, 97871, 0, 118.55
2026/09/11 12:09:23.534, 1, 17209, 97871, 1, 120.03
2026/09/11 12:09:23.534, 2, 17209, 97871, 1, 118.24
2026/09/11 12:09:23.534, 3, 17209, 97871, 1, 119.50
2026/09/11 12:09:23.734, 0, 17209, 97871, 1, 118.59
2026/09/11 12:09:23.734, 1, 17209, 97871, 1, 120.01
2026/09/11 12:09:23.734, 2, 17209, 97871, 1, 118.25
2026/09/11 12:09:23.734, 3, 17209, 97871, 1, 119.46
2026/09/11 12:09:23.934, 0, 17209, 97871, 0, 118.55
2026/09/11 12:09:23.934, 1, 17209, 97871, 1, 120.04
2026/09/11 12:09:23.934, 2, 17209, 97871, 1, 118.24
2026/09/11 12:09:23.934, 3, 17209, 97871, 1, 119.50
2026/09/11 12:09:24.135, 0, 17209, 97871, 2, 118.58
2026/09/11 12:09:24.135, 1, 17209, 97871, 0, 120.06
2026/09/11 12:09:24.135, 2, 17209, 97871, 1, 118.22
2026/09/11 12:09:24.135, 3, 17209, 97871, 1, 119.54
2026/09/11 12:09:24.335, 0, 17209, 97871, 2, 118.61
2026/09/11 12:09:24.335, 1, 17209, 97871, 1, 120.07
2026/09/11 12:09:24.335, 2, 17209, 97871, 1, 118.20
2026/09/11 12:09:24.335, 3, 17209, 97871, 1, 119.57
2026/09/11 12:09:24.535, 0, 17209, 97871, 2, 118.63
2026/09/11 12:09:24.535, 1, 17209, 97871, 1, 120.12
2026/09/11 12:09:24.535, 2, 17209, 97871, 1, 118.21
2026/09/11 12:09:24.535, 3, 17209, 97871, 0, 119.53
2026/09/11 12:09:24.736, 0, 17209, 97871, 2, 118.60
2026/09/11 12:09:24.736, 1, 17209, 97871, 1, 120.16
2026/09/11 12:09:24.736, 2, 17209, 97871, 1, 118.20
2026/09/11 12:09:24.736, 3, 17209, 97871, 2, 119.56
2026/09/11 12:09:24.936, 0, 17209, 97871, 2, 118.65
2026/09/11 12:09:24.936, 1, 17209, 97871, 1, 120.17
2026/09/11 12:09:24.936, 2, 17209, 97871, 0, 118.24
2026/09/11 12:09:24.936, 3, 17209, 97871, 2, 119.62
2026/09/11 12:09:25.136, 0, 17209, 97871, 2, 118.67
2026/09/11 12:09:25.136, 1, 17209, 97871, 1, 120.17
2026/09/11 12:09:25.136, 2, 17209, 97871, 2, 118.25
2026/09/11 12:09:25.136, 3, 17209, 97871, 1, 119.63
2026/09/11 12:09:25.337, 0, 17209, 97871, 2, 118.66
2026/09/11 12:09:25.337, 1, 17209, 97871, 1, 120.18
2026/09/11 12:09:25.337, 2, 17209, 97871, 2, 118.29
2026/09/11 12:09:25.337, 3, 17209, 97871, 1, 119.57
2026/09/11 12:09:25.537, 0, 17209, 97871, 1, 118.64
2026/09/11 12:09:25.537, 1, 17209, 97871, 1, 120.16
2026/09/11 12:09:25.537, 2, 17209, 97871, 2, 118.31
2026/09/11 12:09:25.537, 3, 17209, 97871, 0, 119.61
2026/09/11 12:09:25.737, 0, 17209, 97871, 1, 118.68
2026/09/11 12:09:25.737, 1, 17209, 97871, 1, 120.15
2026/09/11 12:09:25.737, 2, 17209, 97871, 2, 118.31
2026/09/11 12:09:25.737, 3, 17209, 97871, 1, 119.67
2026/09/11 12:09:25.937, 0, 17209, 97871, 2, 118.63
2026/09/11 12:09:25.938, 1, 17209, 97871, 1, 120.12
2026/09/11 12:09:25.938, 2, 17209, 97871, 2, 118.26
2026/09/11 12:09:25.938, 3, 17209, 97871, 1, 119.66
2026/09/11 12:09:26.138, 0, 17209, 97871, 2, 118.61
2026/09/11 12:09:26.138, 1, 17209, 97871, 0, 120.11
2026/09/11 12:09:26.138, 2, 17209, 97871, 2, 118.24
2026/09/11 12:09:26.138, 3, 17209, 97871, 1, 119.58
2026/09/11 12:09:26.338, 0, 17209, 97871, 1, 118.63
2026/09/11 12:09:26.338, 1, 17209, 97871, 1, 120.10
2026/09/11 12:09:26.338, 2, 17209, 97871, 2, 118.23
2026/09/11 12:09:26.338, 3, 17209, 97871, 2, 119.59
2026/09/11 12:09:26.538, 0, 17209, 97871, 1, 118.66
2026/09/11 12:09:26.538, 1, 17209, 97871, 1, 120.11
2026/09/11 12:09:26.538, 2, 17209, 97871, 2, 118.25
2026/09/11 12:09:26.539, 3, 17209, 97871, 1, 119.61
2026/09/11 12:09:26.739, 0, 17209, 97871, 2, 118.64
2026/09/11 12:09:26.739, 1, 17209, 97871, 1, 120.09
2026/09/11 12:09:26.739, 2, 17209, 97871, 2, 118.27
2026/09/11 12:09:26.739, 3, 17209, 97871, 1, 119.58
2026/09/11 12:09:26.939, 0, 17209, 97871, 2, 118.67
2026/09/11 12:09:26.939, 1, 17209, 97871, 2, 120.08
2026/09/11 12:09:26.939, 2, 17209, 97871, 3, 118.34
2026/09/11 12:09:26.939, 3, 17209, 97871, 0, 119.53
2026/09/11 12:09:27.139, 0, 17209, 97871, 2, 118.67
2026/09/11 12:09:27.139, 1, 17209, 97871, 2, 120.11
2026/09/11 12:09:27.139, 2, 17209, 97871, 0, 118.35
2026/09/11 12:09:27.139, 3, 17209, 97871, 0, 119.54
2026/09/11 12:09:27.339, 0, 17209, 97871, 2, 118.67
2026/09/11 12:09:27.340, 1, 17209, 97871, 1, 120.12
2026/09/11 12:09:27.340, 2, 17209, 97871, 0, 118.35
2026/09/11 12:09:27.340, 3, 17209, 97871, 1, 119.59
2026/09/11 12:09:27.540, 0, 17209, 97871, 2, 118.63
2026/09/11 12:09:27.540, 1, 17209, 97871, 1, 120.10
2026/09/11 12:09:27.540, 2, 17209, 97871, 4, 118.37
2026/09/11 12:09:27.540, 3, 17209, 97871, 1, 119.54
2026/09/11 12:09:27.740, 0, 17209, 97871, 2, 118.62
2026/09/11 12:09:27.740, 1, 17209, 97871, 2, 120.10
2026/09/11 12:09:27.740, 2, 17209, 97871, 1, 118.35
2026/09/11 12:09:27.740, 3, 17209, 97871, 0, 119.49
2026/09/11 12:09:27.940, 0, 17209, 97871, 2, 118.66
2026/09/11 12:09:27.940, 1, 17209, 97871, 2, 120.12
2026/09/11 12:09:27.940, 2, 17209, 97871, 1, 118.30
2026/09/11 12:09:27.940, 3, 17209, 97871, 1, 119.52
2026/09/11 12:09:28.141, 0, 17209, 97871, 1, 118.68
2026/09/11 12:09:28.141, 1, 17209, 97871, 1, 120.08
2026/09/11 12:09:28.141, 2, 17209, 97871, 1, 118.30
2026/09/11 12:09:28.141, 3, 17209, 97871, 1, 119.56
2026/09/11 12:09:28.341, 0, 17209, 97871, 1, 118.68
2026/09/11 12:09:28.341, 1, 17209, 97871, 2, 120.10
2026/09/11 12:09:28.341, 2, 17209, 97871, 1, 118.31
2026/09/11 12:09:28.341, 3, 17209, 97871, 1, 119.57
2026/09/11 12:09:28.541, 0, 17209, 97871, 1, 118.74
2026/09/11 12:09:28.541, 1, 17209, 97871, 2, 120.10
2026/09/11 12:09:28.541, 2, 17209, 97871, 1, 118.29
2026/09/11 12:09:28.541, 3, 17209, 97871, 1, 119.56
2026/09/11 12:09:28.742, 0, 17209, 97871, 5, 118.75
2026/09/11 12:09:28.742, 1, 17209, 97871, 1, 120.13
2026/09/11 12:09:28.742, 2, 17209, 97871, 1, 118.30
2026/09/11 12:09:28.742, 3, 17209, 97871, 1, 119.59
2026/09/11 12:09:28.942, 0, 17209, 97871, 2, 118.70
2026/09/11 12:09:28.942, 1, 17209, 97871, 2, 120.18
2026/09/11 12:09:28.942, 2, 17209, 97871, 2, 118.30
2026/09/11 12:09:28.942, 3, 17209, 97871, 1, 119.61
2026/09/11 12:09:29.142, 0, 17209, 97871, 0, 118.72
2026/09/11 12:09:29.142, 1, 17209, 97871, 3, 120.25
2026/09/11 12:09:29.142, 2, 17209, 97871, 1, 118.31
2026/09/11 12:09:29.143, 3, 17209, 97871, 1, 119.63
2026/09/11 12:09:29.343, 0, 17209, 97871, 1, 118.72
2026/09/11 12:09:29.343, 1, 17209, 97871, 1, 120.27
2026/09/11 12:09:29.343, 2, 17209, 97871, 1, 118.32
2026/09/11 12:09:29.343, 3, 17209, 97871, 1, 119.57
2026/09/11 12:09:29.543, 0, 17209, 97871, 2, 118.70
2026/09/11 12:09:29.543, 1, 17209, 97871, 1, 120.30
2026/09/11 12:09:29.543, 2, 17209, 97871, 1, 118.35
2026/09/11 12:09:29.543, 3, 17209, 97871, 1, 119.62
2026/09/11 12:09:29.743, 0, 17209, 97871, 2, 118.69
2026/09/11 12:09:29.743, 1, 17209, 97871, 6, 120.33
2026/09/11 12:09:29.743, 2, 17209, 97871, 1, 118.35
2026/09/11 12:09:29.744, 3, 17209, 97871, 3, 119.64
2026/09/11 12:09:29.944, 0, 17209, 97871, 1, 118.70
2026/09/11 12:09:29.944, 1, 17209, 97871, 2, 120.30
2026/09/11 12:09:29.944, 2, 17209, 97871, 1, 118.36
2026/09/11 12:09:29.944, 3, 17209, 97871, 0, 119.65
2026/09/11 12:09:30.144, 0, 17209, 97871, 1, 118.70
2026/09/11 12:09:30.144, 1, 17209, 97871, 1, 120.27
2026/09/11 12:09:30.144, 2, 17209, 97871, 0, 118.34
2026/09/11 12:09:30.144, 3, 17209, 97871, 1, 119.65
2026/09/11 12:09:30.344, 0, 17209, 97871, 2, 118.67
2026/09/11 12:09:30.345, 1, 17209, 97871, 1, 120.25
2026/09/11 12:09:30.345, 2, 17209, 97871, 2, 118.34
2026/09/11 12:09:30.345, 3, 17209, 97871, 4, 119.70
2026/09/11 12:09:30.545, 0, 17209, 97871, 2, 118.68
2026/09/11 12:09:30.545, 1, 17209, 97871, 1, 120.29
2026/09/11 12:09:30.545, 2, 17209, 97871, 2, 118.33
2026/09/11 12:09:30.545, 3, 17209, 97871, 0, 119.69
2026/09/11 12:09:30.745, 0, 17209, 97871, 2, 118.69
2026/09/11 12:09:30.745, 1, 17209, 97871, 1, 120.28
2026/09/11 12:09:30.745, 2, 17209, 97871, 1, 118.35
2026/09/11 12:09:30.745, 3, 17209, 97871, 0, 119.73
2026/09/11 12:09:30.945, 0, 17209, 97871, 0, 118.68
2026/09/11 12:09:30.946, 1, 17209, 97871, 2, 120.28
2026/09/11 12:09:30.946, 2, 17209, 97871, 1, 118.36
2026/09/11 12:09:30.946, 3, 17209, 97871, 1, 119.68
2026/09/11 12:09:31.146, 0, 17209, 97871, 1, 118.67
2026/09/11 12:09:31.146, 1, 17209, 97871, 2, 120.28
2026/09/11 12:09:31.146, 2, 17209, 97871, 2, 118.38
2026/09/11 12:09:31.146, 3, 17209, 97871, 1, 119.69
2026/09/11 12:09:31.346, 0, 17209, 97871, 1, 118.71
2026/09/11 12:09:31.346, 1, 17209, 97871, 2, 120.28
2026/09/11 12:09:31.346, 2, 17209, 97871, 2, 118.41
2026/09/11 12:09:31.346, 3, 17209, 97871, 0, 119.71
2026/09/11 12:09:31.546, 0, 17209, 97871, 2, 118.69
2026/09/11 12:09:31.547, 1, 17209, 97871, 2, 120.24
2026/09/11 12:09:31.547, 2, 17209, 97871, 2, 118.44
2026/09/11 12:09:31.547, 3, 17209, 97871, 1, 119.78
2026/09/11 12:09:31.747, 0, 17209, 97871, 2, 118.70
2026/09/11 12:09:31.747, 1, 17209, 97871, 2, 120.20
2026/09/11 12:09:31.747, 2, 17209, 97871, 2, 118.42
2026/09/11 12:09:31.747, 3, 17209, 97871, 1, 119.73
2026/09/11 12:09:31.947, 0, 17209, 97871, 1, 118.73
2026/09/11 12:09:31.947, 1, 17209, 97871, 2, 120.18
2026/09/11 12:09:31.947, 2, 17209, 97871, 2, 118.43
2026/09/11 12:09:31.947, 3, 17209, 97871, 0, 119.71
2026/09/11 12:09:32.147, 0, 17209, 97871, 2, 118.74
2026/09/11 12:09:32.148, 1, 17209, 97871, 0, 120.20
2026/09/11 12:09:32.148, 2, 17209, 97871, 2, 118.43
2026/09/11 12:09:32.148, 3, 17209, 97871, 1, 119.73
2026/09/11 12:09:32.348, 0, 17209, 97871, 2, 118.70
2026/09/11 12:09:32.348, 1, 17209, 97871, 1, 120.20
2026/09/11 12:09:32.348, 2, 17209, 97871, 2, 118.40
2026/09/11 12:09:32.348, 3, 17209, 97871, 1, 119.71
2026/09/11 12:09:32.548, 0, 17209, 97871, 1, 118.69
2026/09/11 12:09:32.548, 1, 17209, 97871, 1, 120.21
2026/09/11 12:09:32.548, 2, 17209, 97871, 1, 118.38
2026/09/11 12:09:32.548, 3, 17209, 97871, 0, 119.61
2026/09/11 12:09:32.748, 0, 17209, 97871, 2, 118.70
2026/09/11 12:09:32.749, 1, 17209, 97871, 2, 120.26
2026/09/11 12:09:32.749, 2, 17209, 97871, 1, 118.38
2026/09/11 12:09:32.749, 3, 17209, 97871, 1, 119.61
2026/09/11 12:09:32.949, 0, 17209, 97871, 2, 118.66
2026/09/11 12:09:32.949, 1, 17209, 97871, 2, 120.28
2026/09/11 12:09:32.949, 2, 17209, 97871, 1, 118.38
2026/09/11 12:09:32.949, 3, 17209, 97871, 1, 119.67
2026/09/11 12:09:33.149, 0, 17209, 97871, 2, 118.64
2026/09/11 12:09:33.149, 1, 17209, 97871, 1, 120.30
2026/09/11 12:09:33.149, 2, 17209, 97871, 1, 118.37
2026/09/11 12:09:33.149, 3, 17209, 97871, 1, 119.68
2026/09/11 12:09:33.349, 0, 17209, 97871, 2, 118.63
2026/09/11 12:09:33.350, 1, 17209, 97871, 2, 120.30
2026/09/11 12:09:33.350, 2, 17209, 97871, 1, 118.39
2026/09/11 12:09:33.350, 3, 17209, 97871, 1, 119.65
2026/09/11 12:09:33.550, 0, 17209, 97871, 0, 118.66
2026/09/11 12:09:33.550, 1, 17209, 97871, 2, 120.32
2026/09/11 12:09:33.550, 2, 17209, 97871, 1, 118.45
2026/09/11 12:09:33.550, 3, 17209, 97871, 0, 119.67
2026/09/11 12:09:33.750, 0, 17209, 97871, 2, 118.64
2026/09/11 12:09:33.750, 1, 17209, 97871, 2, 120.28
2026/09/11 12:09:33.750, 2, 17209, 97871, 2, 118.46
2026/09/11 12:09:33.750, 3, 17209, 97871, 0, 119.71
2026/09/11 12:09:33.950, 0, 17209, 97871, 2, 118.64
2026/09/11 12:09:33.951, 1, 17209, 97871, 2, 120.25
2026/09/11 12:09:33.951, 2, 17209, 97871, 1, 118.47
2026/09/11 12:09:33.951, 3, 17209, 97871, 0, 119.70
2026/09/11 12:09:34.151, 0, 17209, 97871, 1, 118.68
2026/09/11 12:09:34.151, 1, 17209, 97871, 2, 120.22
2026/09/11 12:09:34.151, 2, 17209, 97871, 1, 118.49
2026/09/11 12:09:34.151, 3, 17209, 97871, 1, 119.68
2026/09/11 12:09:34.351, 0, 17209, 97871, 1, 118.72
2026/09/11 12:09:34.351, 1, 17209, 97871, 1, 120.24
2026/09/11 12:09:34.351, 2, 17209, 97871, 1, 118.48
2026/09/11 12:09:34.351, 3, 17209, 97871, 2, 119.69
2026/09/11 12:09:34.551, 0, 17209, 97871, 1, 118.71
2026/09/11 12:09:34.552, 1, 17209, 97871, 1, 120.23
2026/09/11 12:09:34.552, 2, 17209, 97871, 1, 118.45
2026/09/11 12:09:34.552, 3, 17209, 97871, 2, 119.71
2026/09/11 12:09:34.752, 0, 17209, 97871, 1, 118.71
2026/09/11 12:09:34.752, 1, 17209, 97871, 0, 120.24
2026/09/11 12:09:34.752, 2, 17209, 97871, 1, 118.43
2026/09/11 12:09:34.752, 3, 17209, 97871, 2, 119.74
2026/09/11 12:09:34.952, 0, 17209, 97871, 1, 118.72
2026/09/11 12:09:34.952, 1, 17209, 97871, 2, 120.27
2026/09/11 12:09:34.952, 2, 17209, 97871, 0, 118.42
2026/09/11 12:09:34.952, 3, 17209, 97871, 2, 119.71
2026/09/11 12:09:35.152, 0, 17209, 97871, 1, 118.67
2026/09/11 12:09:35.152, 1, 17209, 97871, 2, 120.30
2026/09/11 12:09:35.153, 2, 17209, 97871, 1, 118.43
2026/09/11 12:09:35.153, 3, 17209, 97871, 2, 119.69
2026/09/11 12:09:35.353, 0, 17209, 97871, 0, 118.64
2026/09/11 12:09:35.353, 1, 17209, 97871, 2, 120.30
2026/09/11 12:09:35.353, 2, 17209, 97871, 1, 118.44
2026/09/11 12:09:35.353, 3, 17209, 97871, 2, 119.73
2026/09/11 12:09:35.553, 0, 17209, 97871, 0, 118.65
2026/09/11 12:09:35.553, 1, 17209, 97871, 2, 120.32
2026/09/11 12:09:35.553, 2, 17209, 97871, 1, 118.45
2026/09/11 12:09:35.553, 3, 17209, 97871, 2, 119.73
2026/09/11 12:09:35.753, 0, 17209, 97871, 1, 118.68
2026/09/11 12:09:35.753, 1, 17209, 97871, 2, 120.35
2026/09/11 12:09:35.753, 2, 17209, 97871, 0, 118.45
2026/09/11 12:09:35.753, 3, 17209, 97871, 0, 119.68
2026/09/11 12:09:35.954, 0, 17209, 97871, 0, 118.67
2026/09/11 12:09:35.954, 1, 17209, 97871, 2, 120.33
2026/09/11 12:09:35.954, 2, 17209, 97871, 1, 118.46
2026/09/11 12:09:35.954, 3, 17209, 97871, 0, 119.69
2026/09/11 12:09:36.154, 0, 17209, 97871, 0, 118.70
2026/09/11 12:09:36.154, 1, 17209, 97871, 2, 120.32
2026/09/11 12:09:36.154, 2, 17209, 97871, 1, 118.48
2026/09/11 12:09:36.154, 3, 17209, 97871, 1, 119.71
2026/09/11 12:09:36.354, 0, 17209, 97871, 2, 118.74
2026/09/11 12:09:36.354, 1, 17209, 97871, 2, 120.29
2026/09/11 12:09:36.354, 2, 17209, 97871, 0, 118.47
2026/09/11 12:09:36.354, 3, 17209, 97871, 1, 119.76
2026/09/11 12:09:36.555, 0, 17209, 97871, 2, 118.73
2026/09/11 12:09:36.555, 1, 17209, 97871, 1, 120.30
2026/09/11 12:09:36.555, 2, 17209, 97871, 0, 118.46
2026/09/11 12:09:36.555, 3, 17209, 97871, 0, 119.73
2026/09/11 12:09:36.755, 0, 17209, 97871, 2, 118.70
2026/09/11 12:09:36.755, 1, 17209, 97871, 1, 120.31
2026/09/11 12:09:36.755, 2, 17209, 97871, 1, 118.47
2026/09/11 12:09:36.755, 3, 17209, 97871, 1, 119.74
2026/09/11 12:09:36.955, 0, 17209, 97871, 2, 118.75
2026/09/11 12:09:36.955, 1, 17209, 97871, 0, 120.33
2026/09/11 12:09:36.955, 2, 17209, 97871, 1, 118.46
2026/09/11 12:09:36.955, 3, 17209, 97871, 1, 119.80
2026/09/11 12:09:37.156, 0, 17209, 97871, 2, 118.80
2026/09/11 12:09:37.156, 1, 17209, 97871, 1, 120.33
2026/09/11 12:09:37.156, 2, 17209, 97871, 1, 118.46
2026/09/11 12:09:37.156, 3, 17209, 97871, 0, 119.79
2026/09/11 12:09:37.356, 0, 17209, 97871, 2, 118.77
2026/09/11 12:09:37.356, 1, 17209, 97871, 1, 120.34
2026/09/11 12:09:37.356, 2, 17209, 97871, 0, 118.44
2026/09/11 12:09:37.356, 3, 17209, 97871, 1, 119.71
2026/09/11 12:09:37.556, 0, 17209, 97871, 2, 118.77
2026/09/11 12:09:37.556, 1, 17209, 97871, 0, 120.33
2026/09/11 12:09:37.556, 2, 17209, 97871, 1, 118.45
2026/09/11 12:09:37.556, 3, 17209, 97871, 1, 119.71
2026/09/11 12:09:37.757, 0, 17209, 97871, 2, 118.78
2026/09/11 12:09:37.757, 1, 17209, 97871, 1, 120.32
2026/09/11 12:09:37.757, 2, 17209, 97871, 1, 118.45
2026/09/11 12:09:37.757, 3, 17209, 97871, 0, 119.74
2026/09/11 12:09:37.957, 0, 17209, 97871, 2, 118.74
2026/09/11 12:09:37.957, 1, 17209, 97871, 0, 120.33
2026/09/11 12:09:37.957, 2, 17209, 97871, 1, 118.46
2026/09/11 12:09:37.957, 3, 17209, 97871, 1, 119.76
2026/09/11 12:09:38.157, 0, 17209, 97871, 2, 118.71
2026/09/11 12:09:38.157, 1, 17209, 97871, 1, 120.34
2026/09/11 12:09:38.157, 2, 17209, 97871, 1, 118.48
2026/09/11 12:09:38.158, 3, 17209, 97871, 1, 119.74
2026/09/11 12:09:38.358, 0, 17209, 97871, 2, 118.75
2026/09/11 12:09:38.358, 1, 17209, 97871, 1, 120.37
2026/09/11 12:09:38.358, 2, 17209, 97871, 1, 118.49
2026/09/11 12:09:38.358, 3, 17209, 97871, 2, 119.75
2026/09/11 12:09:38.558, 0, 17209, 97871, 1, 118.77
2026/09/11 12:09:38.558, 1, 17209, 97871, 0, 120.36
2026/09/11 12:09:38.558, 2, 17209, 97871, 1, 118.50
2026/09/11 12:09:38.558, 3, 17209, 97871, 1, 119.81
2026/09/11 12:09:38.758, 0, 17209, 97871, 1, 118.75
2026/09/11 12:09:38.758, 1, 17209, 97871, 1, 120.32
2026/09/11 12:09:38.758, 2, 17209, 97871, 1, 118.55
2026/09/11 12:09:38.758, 3, 17209, 97871, 1, 119.83
2026/09/11 12:09:38.959, 0, 17209, 97871, 1, 118.74
2026/09/11 12:09:38.959, 1, 17209, 97871, 0, 120.30
2026/09/11 12:09:38.959, 2, 17209, 97871, 1, 118.56
2026/09/11 12:09:38.959, 3, 17209, 97871, 2, 119.80
2026/09/11 12:09:39.159, 0, 17209, 97871, 1, 118.74
2026/09/11 12:09:39.159, 1, 17209, 97871, 1, 120.28
2026/09/11 12:09:39.159, 2, 17209, 97871, 2, 118.56
2026/09/11 12:09:39.159, 3, 17209, 97871, 2, 119.76
2026/09/11 12:09:39.359, 0, 17209, 97871, 2, 118.71
2026/09/11 12:09:39.359, 1, 17209, 97871, 1, 120.30
2026/09/11 12:09:39.359, 2, 17209, 97871, 1, 118.56
2026/09/11 12:09:39.359, 3, 17209, 97871, 2, 119.83
2026/09/11 12:09:39.560, 0, 17209, 97871, 2, 118.67
2026/09/11 12:09:39.560, 1, 17209, 97871, 1, 120.28
2026/09/11 12:09:39.560, 2, 17209, 97871, 1, 118.55
2026/09/11 12:09:39.560, 3, 17209, 97871, 1, 119.83
2026/09/11 12:09:39.760, 0, 17209, 97871, 2, 118.68
2026/09/11 12:09:39.760, 1, 17209, 97871, 1, 120.34
2026/09/11 12:09:39.760, 2, 17209, 97871, 0, 118.51
2026/09/11 12:09:39.760, 3, 17209, 97871, 1, 119.77
2026/09/11 12:09:39.960, 0, 17209, 97871, 2, 118.67
2026/09/11 12:09:39.960, 1, 17209, 97871, 1, 120.35
2026/09/11 12:09:39.960, 2, 17209, 97871, 0, 118.49
2026/09/11 12:09:39.960, 3, 17209, 97871, 2, 119.76
2026/09/11 12:09:40.161, 0, 17209, 97871, 2, 118.64
2026/09/11 12:09:40.161, 1, 17209, 97871, 1, 120.36
2026/09/11 12:09:40.161, 2, 17209, 97871, 0, 118.49
2026/09/11 12:09:40.161, 3, 17209, 97871, 2, 119.79
2026/09/11 12:09:40.361, 0, 17209, 97871, 2, 118.64
2026/09/11 12:09:40.361, 1, 17209, 97871, 1, 120.38
2026/09/11 12:09:40.361, 2, 17209, 97871, 0, 118.50
2026/09/11 12:09:40.361, 3, 17209, 97871, 2, 119.78
2026/09/11 12:09:40.561, 0, 17209, 97871, 2, 118.68
2026/09/11 12:09:40.561, 1, 17209, 97871, 1, 120.37
2026/09/11 12:09:40.561, 2, 17209, 97871, 0, 118.53
2026/09/11 12:09:40.561, 3, 17209, 97871, 2, 119.75
2026/09/11 12:09:40.762, 0, 17209, 97871, 2, 118.67
2026/09/11 12:09:40.762, 1, 17209, 97871, 1, 120.36
2026/09/11 12:09:40.762, 2, 17209, 97871, 0, 118.55
2026/09/11 12:09:40.762, 3, 17209, 97871, 1, 119.74
2026/09/11 12:09:40.962, 0, 17209, 97871, 2, 118.65
2026/09/11 12:09:40.962, 1, 17209, 97871, 1, 120.38
2026/09/11 12:09:40.962, 2, 17209, 97871, 0, 118.58
2026/09/11 12:09:40.962, 3, 17209, 97871, 1, 119.75
2026/09/11 12:09:41.162, 0, 17209, 97871, 2, 118.67
2026/09/11 12:09:41.162, 1, 17209, 97871, 1, 120.39
2026/09/11 12:09:41.162, 2, 17209, 97871, 0, 118.59
2026/09/11 12:09:41.162, 3, 17209, 97871, 1, 119.75
2026/09/11 12:09:41.362, 0, 17209, 97871, 0, 118.69
2026/09/11 12:09:41.363, 1, 17209, 97871, 2, 120.38
2026/09/11 12:09:41.363, 2, 17209, 97871, 0, 118.57
2026/09/11 12:09:41.363, 3, 17209, 97871, 2, 119.74
2026/09/11 12:09:41.563, 0, 17209, 97871, 0, 118.66
2026/09/11 12:09:41.563, 1, 17209, 97871, 2, 120.40
2026/09/11 12:09:41.563, 2, 17209, 97871, 0, 118.56
2026/09/11 12:09:41.563, 3, 17209, 97871, 1, 119.73
2026/09/11 12:09:41.763, 0, 17209, 97871, 0, 118.69
2026/09/11 12:09:41.763, 1, 17209, 97871, 1, 120.42
2026/09/11 12:09:41.763, 2, 17209, 97871, 0, 118.57
2026/09/11 12:09:41.763, 3, 17209, 97871, 1, 119.75
2026/09/11 12:09:41.963, 0, 17209, 97871, 0, 118.78
2026/09/11 12:09:41.964, 1, 17209, 97871, 2, 120.43
2026/09/11 12:09:41.964, 2, 17209, 97871, 0, 118.57
2026/09/11 12:09:41.964, 3, 17209, 97871, 2, 119.76
2026/09/11 12:09:42.164, 0, 17209, 97871, 0, 118.80
2026/09/11 12:09:42.164, 1, 17209, 97871, 2, 120.42
2026/09/11 12:09:42.164, 2, 17209, 97871, 0, 118.59
2026/09/11 12:09:42.164, 3, 17209, 97871, 2, 119.73
2026/09/11 12:09:42.364, 0, 17209, 97871, 0, 118.80
2026/09/11 12:09:42.364, 1, 17209, 97871, 2, 120.42
2026/09/11 12:09:42.364, 2, 17209, 97871, 0, 118.61
2026/09/11 12:09:42.364, 3, 17209, 97871, 2, 119.73
2026/09/11 12:09:42.564, 0, 17209, 97871, 0, 118.82
2026/09/11 12:09:42.565, 1, 17209, 97871, 0, 120.43
2026/09/11 12:09:42.565, 2, 17209, 97871, 0, 118.62
2026/09/11 12:09:42.565, 3, 17209, 97871, 0, 119.78
2026/09/11 12:09:42.765, 0, 17209, 97871, 0, 118.85
2026/09/11 12:09:42.765, 1, 17209, 97871, 0, 120.40
2026/09/11 12:09:42.765, 2, 17209, 97871, 0, 118.61
2026/09/11 12:09:42.765, 3, 17209, 97871, 0, 119.81
2026/09/11 12:09:42.965, 0, 17209, 97871, 0, 118.82
2026/09/11 12:09:42.965, 1, 17209, 97871, 0, 120.40
2026/09/11 12:09:42.965, 2, 17209, 97871, 0, 118.61
2026/09/11 12:09:42.965, 3, 17209, 97871, 0, 119.81
2026/09/11 12:09:43.165, 0, 17209, 97871, 0, 118.84
2026/09/11 12:09:43.165, 1, 17209, 97871, 0, 120.42
2026/09/11 12:09:43.166, 2, 17209, 97871, 0, 118.59
2026/09/11 12:09:43.166, 3, 17209, 97871, 0, 119.81
2026/09/11 12:09:43.366, 0, 17209, 97871, 0, 118.88
2026/09/11 12:09:43.366, 1, 17209, 97871, 0, 120.45
2026/09/11 12:09:43.366, 2, 17209, 97871, 0, 118.57
2026/09/11 12:09:43.366, 3, 17209, 97871, 0, 119.86
2026/09/11 12:09:43.566, 0, 17209, 97871, 0, 118.88
2026/09/11 12:09:43.566, 1, 17209, 97871, 0, 120.47
2026/09/11 12:09:43.566, 2, 17209, 97871, 0, 118.57
2026/09/11 12:09:43.566, 3, 17209, 97871, 0, 119.88
2026/09/11 12:09:43.766, 0, 17209, 97871, 0, 118.87
2026/09/11 12:09:43.766, 1, 17209, 97871, 0, 120.50
2026/09/11 12:09:43.766, 2, 17209, 97871, 0, 118.60
2026/09/11 12:09:43.767, 3, 17209, 97871, 0, 119.87
2026/09/11 12:09:43.967, 0, 17209, 97871, 0, 118.91
2026/09/11 12:09:43.967, 1, 17209, 97871, 0, 120.52
2026/09/11 12:09:43.967, 2, 17209, 97871, 0, 118.63
2026/09/11 12:09:43.967, 3, 17209, 97871, 0, 119.85
2026/09/11 12:09:44.167, 0, 17209, 97871, 0, 118.89
2026/09/11 12:09:44.167, 1, 17209, 97871, 0, 120.53
2026/09/11 12:09:44.167, 2, 17209, 97871, 0, 118.66
2026/09/11 12:09:44.167, 3, 17209, 97871, 0, 119.89
2026/09/11 12:09:44.367, 0, 17209, 97871, 0, 118.86
2026/09/11 12:09:44.367, 1, 17209, 97871, 0, 120.53
2026/09/11 12:09:44.367, 2, 17209, 97871, 0, 118.66
2026/09/11 12:09:44.367, 3, 17209, 97871, 0, 119.88
2026/09/11 12:09:44.568, 0, 17209, 97871, 0, 118.88
2026/09/11 12:09:44.568, 1, 17209, 97871, 0, 120.50
2026/09/11 12:09:44.568, 2, 17209, 97871, 0, 118.64
2026/09/11 12:09:44.568, 3, 17209, 97871, 0, 119.84
2026/09/11 12:09:44.768, 0, 17209, 97871, 0, 118.91
2026/09/11 12:09:44.768, 1, 17209, 97871, 0, 120.48
2026/09/11 12:09:44.768, 2, 17209, 97871, 0, 118.62
2026/09/11 12:09:44.768, 3, 17209, 97871, 0, 119.82
2026/09/11 12:09:44.968, 0, 17209, 97871, 0, 118.89
2026/09/11 12:09:44.968, 1, 17209, 97871, 0, 120.46
2026/09/11 12:09:44.968, 2, 17209, 97871, 0, 118.58
2026/09/11 12:09:44.968, 3, 17209, 97871, 0, 119.85
2026/09/11 12:09:45.169, 0, 17209, 97871, 0, 118.85
2026/09/11 12:09:45.169, 1, 17209, 97871, 0, 120.45
2026/09/11 12:09:45.169, 2, 17209, 97871, 0, 118.60
2026/09/11 12:09:45.169, 3, 17209, 97871, 0, 119.85
2026/09/11 12:09:45.369, 0, 17209, 97871, 0, 118.86
2026/09/11 12:09:45.369, 1, 17209, 97871, 0, 120.44
2026/09/11 12:09:45.369, 2, 17209, 97871, 0, 118.60
2026/09/11 12:09:45.369, 3, 17209, 97871, 0, 119.81
2026/09/11 12:09:45.569, 0, 17209, 97871, 0, 118.86
2026/09/11 12:09:45.569, 1, 17209, 97871, 0, 120.46
2026/09/11 12:09:45.569, 2, 17209, 97871, 0, 118.65
2026/09/11 12:09:45.569, 3, 17209, 97871, 0, 119.82
2026/09/11 12:09:45.770, 0, 17209, 97871, 0, 118.81
2026/09/11 12:09:45.770, 1, 17209, 97871, 0, 120.47
2026/09/11 12:09:45.770, 2, 17209, 97871, 0, 118.65
2026/09/11 12:09:45.770, 3, 17209, 97871, 0, 119.83
2026/09/11 12:09:45.970, 0, 17209, 97871, 0, 118.79
2026/09/11 12:09:45.970, 1, 17209, 97871, 0, 120.46
2026/09/11 12:09:45.970, 2, 17209, 97871, 0, 118.70
2026/09/11 12:09:45.970, 3, 17209, 97871, 0, 119.83
2026/09/11 12:09:46.170, 0, 17209, 97871, 0, 118.83
2026/09/11 12:09:46.170, 1, 17209, 97871, 0, 120.47
2026/09/11 12:09:46.170, 2, 17209, 97871, 0, 118.68
2026/09/11 12:09:46.170, 3, 17209, 97871, 0, 119.81
2026/09/11 12:09:46.371, 0, 17209, 97871, 0, 118.84
2026/09/11 12:09:46.371, 1, 17209, 97871, 0, 120.48
2026/09/11 12:09:46.371, 2, 17209, 97871, 0, 118.70
2026/09/11 12:09:46.371, 3, 17209, 97871, 0, 119.81
2026/09/11 12:09:46.571, 0, 17209, 97871, 0, 118.81
2026/09/11 12:09:46.571, 1, 17209, 97871, 0, 120.48
2026/09/11 12:09:46.571, 2, 17209, 97871, 0, 118.66
2026/09/11 12:09:46.571, 3, 17209, 97871, 0, 119.86
2026/09/11 12:09:46.771, 0, 17209, 97871, 0, 118.83
2026/09/11 12:09:46.771, 1, 17209, 97871, 0, 120.48
2026/09/11 12:09:46.771, 2, 17209, 97871, 0, 118.65
2026/09/11 12:09:46.771, 3, 17209, 97871, 0, 119.85
2026/09/11 12:09:46.971, 0, 17209, 97871, 0, 118.87
2026/09/11 12:09:46.972, 1, 17209, 97871, 0, 120.49
2026/09/11 12:09:46.972, 2, 17209, 97871, 0, 118.62
2026/09/11 12:09:46.972, 3, 17209, 97871, 0, 119.83
2026/09/11 12:09:47.172, 0, 17209, 97871, 0, 118.87
2026/09/11 12:09:47.172, 1, 17209, 97871, 0, 120.48
2026/09/11 12:09:47.172, 2, 17209, 97871, 0, 118.62
2026/09/11 12:09:47.172, 3, 17209, 97871, 0, 119.81
2026/09/11 12:09:47.372, 0, 17209, 97871, 0, 118.85
2026/09/11 12:09:47.372, 1, 17209, 97871, 0, 120.50
2026/09/11 12:09:47.372, 2, 17209, 97871, 0, 118.62
2026/09/11 12:09:47.372, 3, 17209, 97871, 0, 119.81
2026/09/11 12:09:47.572, 0, 17209, 97871, 0, 118.88
2026/09/11 12:09:47.573, 1, 17209, 97871, 0, 120.52
2026/09/11 12:09:47.573, 2, 17209, 97871, 0, 118.65
2026/09/11 12:09:47.573, 3, 17209, 97871, 0, 119.83
2026/09/11 12:09:47.773, 0, 17209, 97871, 0, 118.87
2026/09/11 12:09:47.773, 1, 17209, 97871, 0, 120.53
2026/09/11 12:09:47.773, 2, 17209, 97871, 0, 118.65
2026/09/11 12:09:47.773, 3, 17209, 97871, 0, 119.80
2026/09/11 12:09:47.973, 0, 17209, 97871, 0, 118.85
2026/09/11 12:09:47.973, 1, 17209, 97871, 0, 120.55
2026/09/11 12:09:47.973, 2, 17209, 97871, 0, 118.66
2026/09/11 12:09:47.973, 3, 17209, 97871, 0, 119.77
2026/09/11 12:09:48.173, 0, 17209, 97871, 0, 118.85
2026/09/11 12:09:48.174, 1, 17209, 97871, 0, 120.56
2026/09/11 12:09:48.174, 2, 17209, 97871, 0, 118.66
2026/09/11 12:09:48.174, 3, 17209, 97871, 0, 119.84
2026/09/11 12:09:48.374, 0, 17209, 97871, 0, 118.89
2026/09/11 12:09:48.374, 1, 17209, 97871, 0, 120.56
2026/09/11 12:09:48.374, 2, 17209, 97871, 0, 118.66
2026/09/11 12:09:48.374, 3, 17209, 97871, 0, 119.88
2026/09/11 12:09:48.574, 0, 17209, 97871, 0, 118.86
2026/09/11 12:09:48.574, 1, 17209, 97871, 0, 120.57
2026/09/11 12:09:48.574, 2, 18093, 97871, 0, 118.71
2026/09/11 12:09:48.574, 3, 17209, 97871, 0, 119.84
2026/09/11 12:09:48.774, 0, 17209, 97871, 0, 118.86
2026/09/11 12:09:48.775, 1, 17209, 97871, 0, 120.56
2026/09/11 12:09:48.775, 2, 18201, 97871, 4, 119.88
2026/09/11 12:09:48.775, 3, 17209, 97871, 0, 119.83
2026/09/11 12:09:48.975, 0, 17209, 97871, 0, 118.89
2026/09/11 12:09:48.975, 1, 17209, 97871, 0, 120.55
2026/09/11 12:09:48.975, 2, 18201, 97871, 0, 119.88
2026/09/11 12:09:48.975, 3, 17209, 97871, 0, 119.90
2026/09/11 12:09:49.175, 0, 17209, 97871, 0, 118.90
2026/09/11 12:09:49.175, 1, 17557, 97871, 0, 120.57
2026/09/11 12:09:49.175, 2, 18201, 97871, 0, 119.91
2026/09/11 12:09:49.175, 3, 17209, 97871, 0, 119.89
2026/09/11 12:09:49.375, 0, 17209, 97871, 0, 118.88
2026/09/11 12:09:49.375, 1, 18201, 97871, 2, 123.18
2026/09/11 12:09:49.376, 2, 18203, 97871, 0, 127.25
2026/09/11 12:09:49.376, 3, 17557, 97871, 0, 120.07
2026/09/11 12:09:49.576, 0, 18201, 97871, 3, 119.58
2026/09/11 12:09:49.576, 1, 18201, 97871, 4, 123.28
2026/09/11 12:09:49.576, 2, 18203, 97871, 100, 127.94
2026/09/11 12:09:49.576, 3, 18201, 97871, 3, 122.22
2026/09/11 12:09:49.776, 0, 18201, 97871, 0, 119.86
2026/09/11 12:09:49.776, 1, 18201, 97871, 0, 123.43
2026/09/11 12:09:49.776, 2, 18203, 97871, 100, 127.25
2026/09/11 12:09:49.776, 3, 18201, 97871, 0, 122.24
2026/09/11 12:09:49.977, 0, 18201, 97871, 0, 119.72
2026/09/11 12:09:49.977, 1, 18201, 97871, 0, 123.37
2026/09/11 12:09:49.977, 2, 18203, 97871, 100, 127.70
2026/09/11 12:09:49.977, 3, 18201, 97871, 0, 122.32
2026/09/11 12:09:50.177, 0, 18201, 97871, 0, 120.58
2026/09/11 12:09:50.177, 1, 18203, 97871, 0, 130.55
2026/09/11 12:09:50.177, 2, 18203, 97871, 100, 129.71
2026/09/11 12:09:50.177, 3, 18201, 97871, 0, 122.65
2026/09/11 12:09:50.377, 0, 18203, 97871, 0, 122.04
2026/09/11 12:09:50.377, 1, 18203, 97871, 56, 129.00
2026/09/11 12:09:50.377, 2, 18203, 97871, 100, 124.26
2026/09/11 12:09:50.377, 3, 18203, 97871, 0, 131.09
2026/09/11 12:09:50.578, 0, 18311, 97871, 95, 152.26
2026/09/11 12:09:50.578, 1, 18311, 97871, 100, 156.58
2026/09/11 12:09:50.578, 2, 18311, 97871, 100, 152.70
2026/09/11 12:09:50.578, 3, 18311, 97871, 100, 149.29
2026/09/11 12:09:50.778, 0, 18311, 97871, 100, 188.71
2026/09/11 12:09:50.778, 1, 18311, 97871, 100, 192.82
2026/09/11 12:09:50.778, 2, 18311, 97871, 100, 187.49
2026/09/11 12:09:50.778, 3, 18311, 97871, 100, 186.81
2026/09/11 12:09:50.978, 0, 20999, 97871, 96, 225.29
2026/09/11 12:09:50.978, 1, 20999, 97871, 100, 228.60
2026/09/11 12:09:50.978, 2, 20999, 97871, 100, 224.15
2026/09/11 12:09:50.978, 3, 20999, 97871, 100, 221.46
2026/09/11 12:09:51.178, 0, 20999, 97871, 100, 258.47
2026/09/11 12:09:51.179, 1, 20999, 97871, 100, 256.14
2026/09/11 12:09:51.179, 2, 20999, 97871, 100, 256.42
2026/09/11 12:09:51.179, 3, 20999, 97871, 100, 260.84
2026/09/11 12:09:51.379, 0, 20999, 97871, 100, 293.05
2026/09/11 12:09:51.379, 1, 20999, 97871, 100, 291.48
2026/09/11 12:09:51.379, 2, 20999, 97871, 100, 290.46
2026/09/11 12:09:51.379, 3, 20999, 97871, 100, 287.12
2026/09/11 12:09:51.579, 0, 20999, 97871, 100, 301.73
2026/09/11 12:09:51.579, 1, 20999, 97871, 100, 304.06
2026/09/11 12:09:51.579, 2, 20999, 97871, 100, 301.60
2026/09/11 12:09:51.579, 3, 20999, 97871, 100, 307.36
2026/09/11 12:09:51.779, 0, 21703, 97871, 88, 302.37
2026/09/11 12:09:51.780, 1, 21703, 97871, 100, 295.48
2026/09/11 12:09:51.780, 2, 21703, 97871, 100, 290.89
2026/09/11 12:09:51.780, 3, 21703, 97871, 100, 301.80
2026/09/11 12:09:51.980, 0, 21703, 97871, 100, 316.32
2026/09/11 12:09:51.980, 1, 21703, 97871, 73, 276.50
2026/09/11 12:09:51.980, 2, 21703, 97871, 72, 272.55
2026/09/11 12:09:51.980, 3, 21703, 97871, 90, 281.97
2026/09/11 12:09:52.180, 0, 21703, 97871, 100, 330.91
2026/09/11 12:09:52.180, 1, 21703, 97871, 100, 256.09
2026/09/11 12:09:52.180, 2, 21703, 97871, 100, 252.12
2026/09/11 12:09:52.180, 3, 21703, 97871, 100, 262.23
2026/09/11 12:09:52.380, 0, 21849, 97871, 100, 332.16
2026/09/11 12:09:52.381, 1, 21855, 97871, 100, 231.93
2026/09/11 12:09:52.381, 2, 21859, 97871, 100, 226.29
2026/09/11 12:09:52.381, 3, 21833, 97871, 100, 240.92
2026/09/11 12:09:52.581, 0, 22239, 97871, 0, 295.79
2026/09/11 12:09:52.582, 1, 22239, 97871, 75, 195.07
2026/09/11 12:09:52.583, 2, 22239, 97871, 24, 189.74
2026/09/11 12:09:52.583, 3, 22209, 97871, 1, 197.66
2026/09/11 12:09:52.784, 0, 22239, 97871, 0, 261.67
2026/09/11 12:09:52.784, 1, 22239, 97871, 1, 168.17
2026/09/11 12:09:52.784, 2, 22239, 97871, 1, 164.81
2026/09/11 12:09:52.784, 3, 22239, 97871, 1, 168.40
2026/09/11 12:09:52.984, 0, 27883, 97871, 2, 216.17
2026/09/11 12:09:52.985, 1, 27883, 97871, 0, 158.33
2026/09/11 12:09:52.985, 2, 27883, 97871, 0, 153.86
2026/09/11 12:09:52.985, 3, 27883, 97871, 0, 157.65
2026/09/11 12:09:53.185, 0, 27883, 97871, 3, 172.51
2026/09/11 12:09:53.185, 1, 27883, 97871, 0, 144.10
2026/09/11 12:09:53.185, 2, 27883, 97871, 23, 139.83
2026/09/11 12:09:53.185, 3, 27883, 97871, 27, 143.97
2026/09/11 12:09:53.385, 0, 27883, 97871, 0, 133.04
2026/09/11 12:09:53.385, 1, 27883, 97871, 0, 132.21
2026/09/11 12:09:53.385, 2, 27883, 97871, 0, 131.42
2026/09/11 12:09:53.385, 3, 27883, 97871, 0, 131.08
2026/09/11 12:09:53.585, 0, 27883, 97871, 100, 181.74
2026/09/11 12:09:53.586, 1, 27883, 97871, 100, 148.64
2026/09/11 12:09:53.586, 2, 27883, 97871, 29, 146.95
2026/09/11 12:09:53.586, 3, 27883, 97871, 52, 147.29
2026/09/11 12:09:53.786, 0, 27883, 97871, 100, 233.40
2026/09/11 12:09:53.786, 1, 27883, 97871, 100, 165.42
2026/09/11 12:09:53.786, 2, 27883, 97871, 100, 164.05
2026/09/11 12:09:53.786, 3, 27883, 97871, 100, 164.64
2026/09/11 12:09:53.986, 0, 27883, 97871, 100, 275.00
2026/09/11 12:09:53.986, 1, 27883, 97871, 100, 174.48
2026/09/11 12:09:53.986, 2, 27883, 97871, 100, 171.30
2026/09/11 12:09:53.986, 3, 27883, 97871, 100, 174.14
2026/09/11 12:09:54.186, 0, 29665, 97871, 48, 291.11
2026/09/11 12:09:54.187, 1, 29665, 97871, 28, 184.43
2026/09/11 12:09:54.187, 2, 29665, 97871, 87, 180.63
2026/09/11 12:09:54.187, 3, 29665, 97871, 67, 182.66
2026/09/11 12:09:54.387, 0, 29665, 97871, 0, 288.30
2026/09/11 12:09:54.387, 1, 29665, 97871, 0, 183.58
2026/09/11 12:09:54.387, 2, 29665, 97871, 0, 178.55
2026/09/11 12:09:54.387, 3, 29665, 97871, 0, 182.41
2026/09/11 12:09:54.587, 0, 29665, 97871, 0, 240.91
2026/09/11 12:09:54.587, 1, 29665, 97871, 0, 167.64
2026/09/11 12:09:54.587, 2, 29665, 97871, 0, 161.97
2026/09/11 12:09:54.587, 3, 29665, 97871, 0, 165.54
2026/09/11 12:09:54.787, 0, 29665, 97871, 0, 190.80
2026/09/11 12:09:54.788, 1, 29665, 97871, 0, 150.44
2026/09/11 12:09:54.788, 2, 29665, 97871, 0, 146.36
2026/09/11 12:09:54.788, 3, 29665, 97871, 0, 149.78
2026/09/11 12:09:54.988, 0, 29665, 97871, 0, 141.10
2026/09/11 12:09:54.988, 1, 29665, 97871, 0, 134.55
2026/09/11 12:09:54.988, 2, 29665, 97871, 0, 131.42
2026/09/11 12:09:54.988, 3, 29665, 97871, 0, 133.00
2026/09/11 12:09:55.188, 0, 29665, 97871, 0, 119.05
2026/09/11 12:09:55.188, 1, 29665, 97871, 0, 121.03
2026/09/11 12:09:55.188, 2, 29665, 97871, 0, 119.30
2026/09/11 12:09:55.188, 3, 29665, 97871, 0, 120.20
2026/09/11 12:09:55.388, 0, 29665, 97871, 0, 118.98
2026/09/11 12:09:55.388, 1, 29665, 97871, 0, 120.97
2026/09/11 12:09:55.388, 2, 29665, 97871, 0, 119.20
2026/09/11 12:09:55.389, 3, 29665, 97871, 0, 120.26
2026/09/11 12:09:55.589, 0, 29665, 97871, 0, 118.87
2026/09/11 12:09:55.589, 1, 29665, 97871, 0, 120.95
2026/09/11 12:09:55.589, 2, 29665, 97871, 0, 119.15
2026/09/11 12:09:55.589, 3, 29665, 97871, 0, 120.25
2026/09/11 12:09:55.789, 0, 29665, 97871, 0, 118.88
2026/09/11 12:09:55.789, 1, 29665, 97871, 0, 120.93
2026/09/11 12:09:55.789, 2, 29665, 97871, 0, 119.12
2026/09/11 12:09:55.789, 3, 29665, 97871, 0, 120.20
2026/09/11 12:09:55.989, 0, 29665, 97871, 0, 118.98
2026/09/11 12:09:55.989, 1, 29665, 97871, 0, 120.93
2026/09/11 12:09:55.989, 2, 29665, 97871, 0, 119.11
2026/09/11 12:09:55.989, 3, 29665, 97871, 0, 120.18
2026/09/11 12:09:56.189, 0, 29665, 97871, 0, 119.05
2026/09/11 12:09:56.190, 1, 29665, 97871, 0, 120.92
2026/09/11 12:09:56.190, 2, 29665, 97871, 0, 119.13
2026/09/11 12:09:56.190, 3, 29665, 97871, 0, 120.22
2026/09/11 12:09:56.390, 0, 29665, 97871, 0, 119.11
2026/09/11 12:09:56.390, 1, 29665, 97871, 0, 120.88
2026/09/11 12:09:56.390, 2, 29665, 97871, 0, 119.11
2026/09/11 12:09:56.390, 3, 29665, 97871, 0, 120.20
2026/09/11 12:09:56.590, 0, 29665, 97871, 0, 119.25
2026/09/11 12:09:56.590, 1, 29665, 97871, 0, 120.88
2026/09/11 12:09:56.590, 2, 29665, 97871, 0, 119.14
2026/09/11 12:09:56.590, 3, 29665, 97871, 0, 120.15
2026/09/11 12:09:56.790, 0, 29665, 97871, 0, 119.32
2026/09/11 12:09:56.791, 1, 29665, 97871, 0, 120.86
2026/09/11 12:09:56.791, 2, 29665, 97871, 0, 119.12
2026/09/11 12:09:56.791, 3, 29665, 97871, 0, 120.09
2026/09/11 12:09:56.991, 0, 29665, 97871, 0, 119.31
2026/09/11 12:09:56.991, 1, 29665, 97871, 0, 120.83
2026/09/11 12:09:56.991, 2, 29665, 97871, 0, 119.12
2026/09/11 12:09:56.991, 3, 29665, 97871, 0, 120.14
2026/09/11 12:09:57.191, 0, 29665, 97871, 0, 119.29
2026/09/11 12:09:57.191, 1, 29665, 97871, 0, 120.79
2026/09/11 12:09:57.191, 2, 29665, 97871, 0, 119.09
2026/09/11 12:09:57.191, 3, 29665, 97871, 0, 120.12
2026/09/11 12:09:57.391, 0, 29665, 97871, 0, 119.30
2026/09/11 12:09:57.391, 1, 29665, 97871, 0, 120.80
2026/09/11 12:09:57.392, 2, 29665, 97871, 0, 119.05
2026/09/11 12:09:57.392, 3, 29665, 97871, 0, 120.08
2026/09/11 12:09:57.592, 0, 29665, 97871, 0, 119.26
2026/09/11 12:09:57.592, 1, 29665, 97871, 0, 120.79
2026/09/11 12:09:57.592, 2, 29665, 97871, 0, 119.05
2026/09/11 12:09:57.592, 3, 29665, 97871, 0, 120.07
2026/09/11 12:09:57.792, 0, 29665, 97871, 0, 119.24
2026/09/11 12:09:57.792, 1, 29665, 97871, 0, 120.82
2026/09/11 12:09:57.792, 2, 29665, 97871, 0, 119.05
2026/09/11 12:09:57.792, 3, 29665, 97871, 0, 120.11
2026/09/11 12:09:57.992, 0, 29665, 97871, 0, 119.23
2026/09/11 12:09:57.992, 1, 29665, 97871, 0, 120.83
2026/09/11 12:09:57.992, 2, 29665, 97871, 0, 119.04
2026/09/11 12:09:57.993, 3, 29665, 97871, 0, 120.08
2026/09/11 12:09:58.193, 0, 29665, 97871, 0, 119.22
2026/09/11 12:09:58.193, 1, 29665, 97871, 0, 120.85
2026/09/11 12:09:58.193, 2, 29665, 97871, 0, 119.04
2026/09/11 12:09:58.193, 3, 29665, 97871, 0, 120.05
2026/09/11 12:09:58.393, 0, 29665, 97871, 0, 119.21
2026/09/11 12:09:58.393, 1, 29665, 97871, 0, 120.85
2026/09/11 12:09:58.393, 2, 29665, 97871, 0, 119.03
2026/09/11 12:09:58.393, 3, 29665, 97871, 0, 120.04
2026/09/11 12:09:58.597, 0, 29665, 97871, 0, 119.21
2026/09/11 12:09:58.597, 1, 29665, 97871, 0, 120.85
2026/09/11 12:09:58.597, 2, 29665, 97871, 0, 119.02
2026/09/11 12:09:58.597, 3, 29665, 97871, 0, 120.11
2026/09/11 12:09:58.797, 0, 29665, 97871, 0, 119.20
2026/09/11 12:09:58.798, 1, 29665, 97871, 0, 120.83
2026/09/11 12:09:58.798, 2, 29665, 97871, 0, 119.00
2026/09/11 12:09:58.798, 3, 29665, 97871, 0, 120.09
2026/09/11 12:09:58.998, 0, 29665, 97871, 0, 119.19
2026/09/11 12:09:58.998, 1, 29665, 97871, 0, 120.83
2026/09/11 12:09:58.998, 2, 29665, 97871, 0, 118.98
2026/09/11 12:09:58.998, 3, 29665, 97871, 0, 120.05
2026/09/11 12:09:59.198, 0, 29665, 97871, 0, 119.22
2026/09/11 12:09:59.198, 1, 29665, 97871, 0, 120.82
2026/09/11 12:09:59.198, 2, 29665, 97871, 0, 118.99
2026/09/11 12:09:59.198, 3, 29665, 97871, 0, 120.07
2026/09/11 12:09:59.398, 0, 29665, 97871, 0, 119.25
2026/09/11 12:09:59.399, 1, 29665, 97871, 0, 120.84
2026/09/11 12:09:59.399, 2, 29665, 97871, 0, 118.99
2026/09/11 12:09:59.399, 3, 29665, 97871, 0, 120.10
2026/09/11 12:09:59.599, 0, 29665, 97871, 0, 119.23
2026/09/11 12:09:59.599, 1, 29665, 97871, 0, 120.83
2026/09/11 12:09:59.599, 2, 29665, 97871, 0, 119.00
2026/09/11 12:09:59.599, 3, 29665, 97871, 0, 120.08
2026/09/11 12:09:59.799, 0, 29665, 97871, 0, 119.23
2026/09/11 12:09:59.799, 1, 29665, 97871, 0, 120.84
2026/09/11 12:09:59.799, 2, 29665, 97871, 0, 119.04
2026/09/11 12:09:59.799, 3, 29665, 97871, 0, 120.08
2026/09/11 12:09:59.999, 0, 29665, 97871, 0, 119.22
2026/09/11 12:09:59.999, 1, 29665, 97871, 0, 120.84
2026/09/11 12:09:59.999, 2, 29665, 97871, 0, 119.05
2026/09/11 12:10:00.000, 3, 29665, 97871, 0, 120.10
2026/09/11 12:10:00.200, 0, 29665, 97871, 0, 119.21
2026/09/11 12:10:00.200, 1, 29665, 97871, 0, 120.87
2026/09/11 12:10:00.200, 2, 29665, 97871, 0, 119.06
2026/09/11 12:10:00.200, 3, 29665, 97871, 0, 120.08
2026/09/11 12:10:00.401, 0, 29665, 97871, 0, 119.18
2026/09/11 12:10:00.401, 1, 29665, 97871, 0, 120.86
2026/09/11 12:10:00.401, 2, 29665, 97871, 0, 119.07
2026/09/11 12:10:00.401, 3, 29665, 97871, 0, 120.10
2026/09/11 12:10:00.601, 0, 29665, 97871, 0, 119.24
2026/09/11 12:10:00.602, 1, 29665, 97871, 0, 120.89
2026/09/11 12:10:00.602, 2, 29665, 97871, 0, 119.06
2026/09/11 12:10:00.602, 3, 29665, 97871, 0, 120.04
2026/09/11 12:10:00.802, 0, 29665, 97871, 0, 119.25
2026/09/11 12:10:00.802, 1, 29665, 97871, 0, 120.90
2026/09/11 12:10:00.802, 2, 29665, 97871, 0, 119.04
2026/09/11 12:10:00.802, 3, 29665, 97871, 0, 120.05
2026/09/11 12:10:01.002, 0, 29665, 97871, 0, 119.24
2026/09/11 12:10:01.002, 1, 29665, 97871, 0, 120.89
2026/09/11 12:10:01.002, 2, 29665, 97871, 0, 119.03
2026/09/11 12:10:01.002, 3, 29665, 97871, 0, 120.09
2026/09/11 12:10:01.202, 0, 29665, 97871, 0, 119.25
2026/09/11 12:10:01.202, 1, 29665, 97871, 0, 120.87
2026/09/11 12:10:01.203, 2, 29665, 97871, 0, 119.02
2026/09/11 12:10:01.203, 3, 29665, 97871, 0, 120.10
2026/09/11 12:10:01.403, 0, 29665, 97871, 0, 119.24
2026/09/11 12:10:01.403, 1, 29665, 97871, 0, 120.88
2026/09/11 12:10:01.403, 2, 29665, 97871, 0, 119.02
2026/09/11 12:10:01.403, 3, 29665, 97871, 0, 120.07
2026/09/11 12:10:01.603, 0, 29665, 97871, 0, 119.18
2026/09/11 12:10:01.603, 1, 29665, 97871, 0, 120.88
2026/09/11 12:10:01.603, 2, 29665, 97871, 0, 119.03
2026/09/11 12:10:01.603, 3, 29665, 97871, 0, 120.09
2026/09/11 12:10:01.803, 0, 29665, 97871, 0, 119.20
2026/09/11 12:10:01.803, 1, 29665, 97871, 0, 120.87
2026/09/11 12:10:01.804, 2, 29665, 97871, 0, 119.06
2026/09/11 12:10:01.804, 3, 29665, 97871, 0, 120.12
2026/09/11 12:10:02.004, 0, 29665, 97871, 0, 119.22
2026/09/11 12:10:02.004, 1, 29665, 97871, 0, 120.87
2026/09/11 12:10:02.004, 2, 29665, 97871, 0, 119.08
2026/09/11 12:10:02.004, 3, 29665, 97871, 0, 120.11
2026/09/11 12:10:02.204, 0, 29665, 97871, 0, 119.21
2026/09/11 12:10:02.204, 1, 29665, 97871, 0, 120.88
2026/09/11 12:10:02.204, 2, 29665, 97871, 0, 119.11
2026/09/11 12:10:02.204, 3, 29665, 97871, 0, 120.06
2026/09/11 12:10:02.404, 0, 29665, 97871, 0, 119.18
2026/09/11 12:10:02.404, 1, 29665, 97871, 0, 120.86
2026/09/11 12:10:02.404, 2, 29665, 97871, 0, 119.09
2026/09/11 12:10:02.404, 3, 29665, 97871, 0, 120.07
2026/09/11 12:10:02.605, 0, 29665, 97871, 0, 119.21
2026/09/11 12:10:02.605, 1, 29665, 97871, 0, 120.85
2026/09/11 12:10:02.605, 2, 29665, 97871, 0, 119.06
2026/09/11 12:10:02.605, 3, 29665, 97871, 0, 120.11
2026/09/11 12:10:02.805, 0, 29665, 97871, 0, 119.18
2026/09/11 12:10:02.805, 1, 29665, 97871, 0, 120.84
2026/09/11 12:10:02.805, 2, 29665, 97871, 0, 119.02
2026/09/11 12:10:02.805, 3, 29665, 97871, 0, 120.10
2026/09/11 12:10:03.005, 0, 29665, 97871, 0, 119.15
2026/09/11 12:10:03.005, 1, 29665, 97871, 0, 120.84
2026/09/11 12:10:03.005, 2, 29665, 97871, 0, 119.02
2026/09/11 12:10:03.005, 3, 29665, 97871, 0, 120.02
2026/09/11 12:10:03.205, 0, 29665, 97871, 0, 119.16
2026/09/11 12:10:03.206, 1, 29665, 97871, 0, 120.82
2026/09/11 12:10:03.206, 2, 29665, 97871, 0, 119.03
2026/09/11 12:10:03.206, 3, 29665, 97871, 0, 120.07
2026/09/11 12:10:03.406, 0, 29665, 97871, 0, 119.19
2026/09/11 12:10:03.406, 1, 29665, 97871, 0, 120.82
2026/09/11 12:10:03.406, 2, 29665, 97871, 0, 119.03
2026/09/11 12:10:03.406, 3, 29665, 97871, 0, 120.10
2026/09/11 12:10:03.606, 0, 29665, 97871, 0, 119.19
2026/09/11 12:10:03.606, 1, 29665, 97871, 0, 120.82
2026/09/11 12:10:03.606, 2, 29665, 97871, 0, 119.07
2026/09/11 12:10:03.606, 3, 29665, 97871, 0, 120.10
2026/09/11 12:10:03.806, 0, 29665, 97871, 0, 119.18
2026/09/11 12:10:03.807, 1, 29665, 97871, 0, 120.84
2026/09/11 12:10:03.807, 2, 29665, 97871, 0, 119.11
2026/09/11 12:10:03.807, 3, 29665, 97871, 0, 120.00
2026/09/11 12:10:04.007, 0, 29665, 97871, 0, 119.20
2026/09/11 12:10:04.007, 1, 29665, 97871, 0, 120.85
2026/09/11 12:10:04.007, 2, 29665, 97871, 0, 119.11
2026/09/11 12:10:04.007, 3, 29665, 97871, 0, 120.05
2026/09/11 12:10:04.207, 0, 29665, 97871, 0, 119.17
2026/09/11 12:10:04.207, 1, 29665, 97871, 0, 120.86
2026/09/11 12:10:04.207, 2, 29665, 97871, 0, 119.12
2026/09/11 12:10:04.207, 3, 29665, 97871, 0, 120.07
2026/09/11 12:10:04.407, 0, 29665, 97871, 0, 119.15
2026/09/11 12:10:04.407, 1, 29665, 97871, 0, 120.87
2026/09/11 12:10:04.408, 2, 29665, 97871, 0, 119.13
2026/09/11 12:10:04.408, 3, 29665, 97871, 0, 120.02
2026/09/11 12:10:04.608, 0, 29665, 97871, 0, 119.15
2026/09/11 12:10:04.608, 1, 29665, 97871, 0, 120.90
2026/09/11 12:10:04.608, 2, 29665, 97871, 0, 119.11
2026/09/11 12:10:04.608, 3, 29665, 97871, 0, 119.94
2026/09/11 12:10:04.808, 0, 29665, 97871, 0, 119.17
2026/09/11 12:10:04.808, 1, 29665, 97871, 0, 120.88
2026/09/11 12:10:04.808, 2, 29665, 97871, 0, 119.09
2026/09/11 12:10:04.808, 3, 29665, 97871, 0, 120.00
2026/09/11 12:10:05.008, 0, 29665, 97871, 0, 119.13
2026/09/11 12:10:05.008, 1, 29665, 97871, 0, 120.88
2026/09/11 12:10:05.008, 2, 29665, 97871, 0, 119.07
2026/09/11 12:10:05.008, 3, 29665, 97871, 0, 120.04
2026/09/11 12:10:05.209, 0, 29665, 97871, 0, 119.18
2026/09/11 12:10:05.209, 1, 29665, 97871, 0, 120.86
2026/09/11 12:10:05.209, 2, 29665, 97871, 0, 119.07
2026/09/11 12:10:05.209, 3, 29665, 97871, 0, 120.00
2026/09/11 12:10:05.409, 0, 29665, 97871, 0, 119.20
2026/09/11 12:10:05.409, 1, 29665, 97871, 0, 120.86
2026/09/11 12:10:05.409, 2, 29665, 97871, 0, 119.07
2026/09/11 12:10:05.409, 3, 29665, 97871, 0, 120.00
2026/09/11 12:10:05.609, 0, 29665, 97871, 0, 119.19
2026/09/11 12:10:05.609, 1, 29665, 97871, 0, 120.84
2026/09/11 12:10:05.609, 2, 29665, 97871, 0, 119.07
2026/09/11 12:10:05.609, 3, 29665, 97871, 0, 120.07
2026/09/11 12:10:05.810, 0, 29669, 97871, 86, 120.66
2026/09/11 12:10:05.810, 1, 29669, 97871, 19, 122.80
2026/09/11 12:10:05.810, 2, 29669, 97871, 30, 121.15
2026/09/11 12:10:05.810, 3, 29669, 97871, 0, 121.76
2026/09/11 12:10:06.010, 0, 29669, 97871, 0, 123.83
2026/09/11 12:10:06.010, 1, 29669, 97871, 0, 125.45
2026/09/11 12:10:06.010, 2, 29669, 97871, 0, 123.57
2026/09/11 12:10:06.010, 3, 29669, 97871, 23, 124.57
2026/09/11 12:10:06.210, 0, 29669, 97871, 0, 123.83
2026/09/11 12:10:06.210, 1, 29669, 97871, 0, 125.49
2026/09/11 12:10:06.210, 2, 29669, 97871, 0, 123.50
2026/09/11 12:10:06.210, 3, 29669, 97871, 0, 124.59
2026/09/11 12:10:06.410, 0, 29669, 97871, 0, 123.94
2026/09/11 12:10:06.411, 1, 29669, 97871, 0, 125.50
2026/09/11 12:10:06.411, 2, 29669, 97871, 0, 123.50
2026/09/11 12:10:06.411, 3, 29669, 97871, 0, 124.75
2026/09/11 12:10:06.611, 0, 29669, 97871, 0, 123.88
2026/09/11 12:10:06.611, 1, 29669, 97871, 0, 125.62
2026/09/11 12:10:06.611, 2, 29669, 97871, 0, 123.51
2026/09/11 12:10:06.611, 3, 29669, 97871, 0, 124.76
2026/09/11 12:10:06.811, 0, 29669, 97871, 0, 123.03
2026/09/11 12:10:06.811, 1, 29669, 97871, 0, 124.30
2026/09/11 12:10:06.811, 2, 29669, 97871, 0, 121.51
2026/09/11 12:10:06.811, 3, 29669, 97871, 0, 123.04
2026/09/11 12:10:07.011, 0, 29669, 97871, 0, 119.24
2026/09/11 12:10:07.011, 1, 29669, 97871, 0, 120.96
2026/09/11 12:10:07.012, 2, 29669, 97871, 0, 119.14
2026/09/11 12:10:07.012, 3, 29669, 97871, 0, 120.09
2026/09/11 12:10:07.212, 0, 29669, 97871, 0, 119.23
2026/09/11 12:10:07.212, 1, 29669, 97871, 0, 120.92
2026/09/11 12:10:07.212, 2, 29669, 97871, 0, 119.15
2026/09/11 12:10:07.212, 3, 29669, 97871, 0, 120.12
2026/09/11 12:10:07.412, 0, 29669, 97871, 0, 119.23
2026/09/11 12:10:07.412, 1, 29669, 97871, 0, 120.91
2026/09/11 12:10:07.412, 2, 29669, 97871, 0, 119.15
2026/09/11 12:10:07.412, 3, 29669, 97871, 0, 120.13
2026/09/11 12:10:07.612, 0, 29669, 97871, 0, 119.23
2026/09/11 12:10:07.612, 1, 29669, 97871, 0, 120.90
2026/09/11 12:10:07.612, 2, 29669, 97871, 0, 119.14
2026/09/11 12:10:07.612, 3, 29669, 97871, 0, 120.11
2026/09/11 12:10:07.813, 0, 29669, 97871, 0, 119.22
2026/09/11 12:10:07.813, 1, 29669, 97871, 0, 120.90
2026/09/11 12:10:07.813, 2, 29669, 97871, 0, 119.12
2026/09/11 12:10:07.813, 3, 29669, 97871, 0, 120.11
2026/09/11 12:10:08.013, 0, 29669, 97871, 0, 119.24
2026/09/11 12:10:08.013, 1, 29669, 97871, 0, 120.92
2026/09/11 12:10:08.013, 2, 29669, 97871, 0, 119.12
2026/09/11 12:10:08.013, 3, 29669, 97871, 0, 120.17
2026/09/11 12:10:08.213, 0, 29669, 97871, 0, 119.20
2026/09/11 12:10:08.213, 1, 29669, 97871, 0, 120.93
2026/09/11 12:10:08.213, 2, 29669, 97871, 0, 119.10
2026/09/11 12:10:08.213, 3, 29669, 97871, 0, 120.17
2026/09/11 12:10:08.413, 0, 29669, 97871, 0, 119.15
2026/09/11 12:10:08.414, 1, 29669, 97871, 0, 120.95
2026/09/11 12:10:08.414, 2, 29669, 97871, 0, 119.10
2026/09/11 12:10:08.414, 3, 29669, 97871, 0, 120.10
2026/09/11 12:10:08.614, 0, 29669, 97871, 0, 119.17
2026/09/11 12:10:08.614, 1, 29669, 97871, 0, 120.93
2026/09/11 12:10:08.614, 2, 29669, 97871, 0, 119.11
2026/09/11 12:10:08.614, 3, 29669, 97871, 0, 120.09
2026/09/11 12:10:08.814, 0, 29669, 97871, 0, 119.17
2026/09/11 12:10:08.814, 1, 29669, 97871, 0, 120.94
2026/09/11 12:10:08.814, 2, 29669, 97871, 0, 119.13
2026/09/11 12:10:08.814, 3, 29669, 97871, 0, 120.11
2026/09/11 12:10:09.014, 0, 29669, 97871, 0, 119.17
2026/09/11 12:10:09.015, 1, 29669, 97871, 0, 120.91
2026/09/11 12:10:09.015, 2, 29669, 97871, 0, 119.14
2026/09/11 12:10:09.015, 3, 29669, 97871, 0, 120.10
2026/09/11 12:10:09.215, 0, 29669, 97871, 0, 119.23
2026/09/11 12:10:09.215, 1, 29669, 97871, 0, 120.88
2026/09/11 12:10:09.215, 2, 29669, 97871, 0, 119.18
2026/09/11 12:10:09.215, 3, 29669, 97871, 0, 120.06
2026/09/11 12:10:09.415, 0, 29669, 97871, 0, 119.26
2026/09/11 12:10:09.415, 1, 29669, 97871, 0, 120.86
2026/09/11 12:10:09.415, 2, 29669, 97871, 0, 119.18
2026/09/11 12:10:09.415, 3, 29669, 97871, 0, 120.09
2026/09/11 12:10:09.615, 0, 29669, 97871, 0, 119.23
2026/09/11 12:10:09.616, 1, 29669, 97871, 0, 120.88
2026/09/11 12:10:09.616, 2, 29669, 97871, 0, 119.20
2026/09/11 12:10:09.616, 3, 29669, 97871, 0, 120.11
2026/09/11 12:10:09.816, 0, 29669, 97871, 0, 119.20
2026/09/11 12:10:09.816, 1, 29669, 97871, 0, 120.88
2026/09/11 12:10:09.816, 2, 29669, 97871, 0, 119.19
2026/09/11 12:10:09.816, 3, 29669, 97871, 0, 120.09
2026/09/11 12:10:10.016, 0, 29669, 97871, 0, 119.25
2026/09/11 12:10:10.016, 1, 29669, 97871, 0, 120.90
2026/09/11 12:10:10.016, 2, 29669, 97871, 0, 119.18
2026/09/11 12:10:10.016, 3, 29669, 97871, 0, 120.02
2026/09/11 12:10:10.216, 0, 29669, 97871, 0, 119.20
2026/09/11 12:10:10.217, 1, 29669, 97871, 0, 120.92
2026/09/11 12:10:10.217, 2, 29669, 97871, 0, 119.13
2026/09/11 12:10:10.217, 3, 29669, 97871, 0, 120.06
2026/09/11 12:10:10.417, 0, 29669, 97871, 0, 119.16
2026/09/11 12:10:10.417, 1, 29669, 97871, 0, 120.93
2026/09/11 12:10:10.417, 2, 29669, 97871, 0, 119.11
2026/09/11 12:10:10.417, 3, 29669, 97871, 0, 120.07
2026/09/11 12:10:10.617, 0, 29669, 97871, 0, 119.20
2026/09/11 12:10:10.617, 1, 29669, 97871, 0, 120.92
2026/09/11 12:10:10.617, 2, 29669, 97871, 0, 119.09
2026/09/11 12:10:10.617, 3, 29669, 97871, 0, 120.07
2026/09/11 12:10:10.818, 0, 29669, 97871, 0, 119.24
2026/09/11 12:10:10.818, 1, 29669, 97871, 0, 120.92
2026/09/11 12:10:10.818, 2, 29669, 97871, 0, 119.10
2026/09/11 12:10:10.818, 3, 29669, 97871, 0, 120.03
2026/09/11 12:10:11.018, 0, 29669, 97871, 0, 119.15
2026/09/11 12:10:11.018, 1, 29669, 97871, 0, 120.90
2026/09/11 12:10:11.018, 2, 29669, 97871, 0, 119.09
2026/09/11 12:10:11.018, 3, 29669, 97871, 0, 120.06
2026/09/11 12:10:11.218, 0, 29669, 97871, 0, 119.16
2026/09/11 12:10:11.218, 1, 29669, 97871, 0, 120.91
2026/09/11 12:10:11.218, 2, 29669, 97871, 0, 119.10
2026/09/11 12:10:11.218, 3, 29669, 97871, 0, 120.08
2026/09/11 12:10:11.418, 0, 29669, 97871, 0, 119.20
2026/09/11 12:10:11.419, 1, 29669, 97871, 0, 120.90
2026/09/11 12:10:11.419, 2, 29669, 97871, 0, 119.09
2026/09/11 12:10:11.419, 3, 29669, 97871, 0, 120.07
2026/09/11 12:10:11.619, 0, 29669, 97871, 0, 119.16
2026/09/11 12:10:11.619, 1, 29669, 97871, 0, 120.91
2026/09/11 12:10:11.619, 2, 29669, 97871, 0, 119.10
2026/09/11 12:10:11.619, 3, 29669, 97871, 0, 120.04
2026/09/11 12:10:11.819, 0, 29669, 97871, 0, 119.14
2026/09/11 12:10:11.819, 1, 29669, 97871, 0, 120.93
2026/09/11 12:10:11.819, 2, 29669, 97871, 0, 119.07
2026/09/11 12:10:11.819, 3, 29669, 97871, 0, 120.08
2026/09/11 12:10:12.019, 0, 29669, 97871, 0, 119.47
2026/09/11 12:10:12.020, 1, 29669, 97871, 100, 121.77
2026/09/11 12:10:12.020, 2, 29669, 97871, 0, 119.34
2026/09/11 12:10:12.020, 3, 29669, 97871, 0, 120.42
2026/09/11 12:10:12.220, 0, 29669, 97871, 0, 119.44
2026/09/11 12:10:12.220, 1, 29669, 97871, 100, 122.42
2026/09/11 12:10:12.220, 2, 29669, 97871, 0, 119.36
2026/09/11 12:10:12.220, 3, 29669, 97871, 0, 120.39
2026/09/11 12:10:12.420, 0, 29669, 97871, 0, 119.45
2026/09/11 12:10:12.420, 1, 29669, 97871, 100, 123.04
2026/09/11 12:10:12.420, 2, 29669, 97871, 0, 119.36
2026/09/11 12:10:12.420, 3, 29669, 97871, 0, 120.32
2026/09/11 12:10:12.620, 0, 29669, 97871, 0, 119.49
2026/09/11 12:10:12.621, 1, 29669, 97871, 100, 123.67
2026/09/11 12:10:12.621, 2, 29669, 97871, 0, 119.38
2026/09/11 12:10:12.621, 3, 29669, 97871, 0, 120.34
2026/09/11 12:10:12.821, 0, 29669, 97871, 0, 119.52
2026/09/11 12:10:12.821, 1, 29669, 97871, 100, 124.29
2026/09/11 12:10:12.821, 2, 29669, 97871, 0, 119.41
2026/09/11 12:10:12.821, 3, 29669, 97871, 0, 120.35
2026/09/11 12:10:13.021, 0, 29669, 97871, 0, 119.21
2026/09/11 12:10:13.021, 1, 29669, 97871, 100, 124.17
2026/09/11 12:10:13.021, 2, 29669, 97871, 0, 119.13
2026/09/11 12:10:13.021, 3, 29669, 97871, 0, 120.05
2026/09/11 12:10:13.221, 0, 29669, 97871, 0, 119.22
2026/09/11 12:10:13.221, 1, 29669, 97871, 100, 124.17
2026/09/11 12:10:13.222, 2, 29669, 97871, 0, 119.13
2026/09/11 12:10:13.222, 3, 29669, 97871, 0, 120.02
2026/09/11 12:10:13.422, 0, 29669, 97871, 0, 119.21
2026/09/11 12:10:13.422, 1, 29669, 97871, 100, 124.15
2026/09/11 12:10:13.422, 2, 29669, 97871, 0, 119.13
2026/09/11 12:10:13.422, 3, 29669, 97871, 0, 120.06
2026/09/11 12:10:13.622, 0, 29669, 97871, 0, 119.18
2026/09/11 12:10:13.622, 1, 29669, 97871, 100, 124.14
2026/09/11 12:10:13.622, 2, 29669, 97871, 0, 119.11
2026/09/11 12:10:13.622, 3, 29669, 97871, 0, 120.11
2026/09/11 12:10:13.822, 0, 29669, 97871, 83, 119.58
2026/09/11 12:10:13.822, 1, 29669, 97871, 100, 124.44
2026/09/11 12:10:13.822, 2, 29669, 97871, 0, 119.42
2026/09/11 12:10:13.822, 3, 29669, 97871, 0, 120.37
2026/09/11 12:10:14.023, 0, 29669, 97871, 100, 120.30
2026/09/11 12:10:14.023, 1, 29669, 97871, 100, 124.43
2026/09/11 12:10:14.023, 2, 29669, 97871, 0, 119.43
2026/09/11 12:10:14.023, 3, 29669, 97871, 0, 120.40
2026/09/11 12:10:14.223, 0, 29669, 97871, 100, 120.91
2026/09/11 12:10:14.223, 1, 29669, 97871, 100, 124.42
2026/09/11 12:10:14.223, 2, 29669, 97871, 0, 119.45
2026/09/11 12:10:14.223, 3, 29669, 97871, 0, 120.43
2026/09/11 12:10:14.423, 0, 29669, 97871, 100, 121.55
2026/09/11 12:10:14.423, 1, 29669, 97871, 100, 124.43
2026/09/11 12:10:14.423, 2, 29669, 97871, 0, 119.46
2026/09/11 12:10:14.423, 3, 29669, 97871, 0, 120.44
2026/09/11 12:10:14.624, 0, 29669, 97871, 100, 122.20
2026/09/11 12:10:14.624, 1, 29669, 97871, 100, 124.42
2026/09/11 12:10:14.624, 2, 29669, 97871, 0, 119.46
2026/09/11 12:10:14.624, 3, 29669, 97871, 0, 120.39
2026/09/11 12:10:14.824, 0, 29669, 97871, 100, 122.36
2026/09/11 12:10:14.824, 1, 29669, 97871, 100, 124.14
2026/09/11 12:10:14.824, 2, 29669, 97871, 0, 119.20
2026/09/11 12:10:14.824, 3, 29669, 97871, 0, 120.08
2026/09/11 12:10:15.024, 0, 29669, 97871, 100, 122.31
2026/09/11 12:10:15.024, 1, 29669, 97871, 100, 124.12
2026/09/11 12:10:15.024, 2, 29669, 97871, 0, 119.18
2026/09/11 12:10:15.024, 3, 29669, 97871, 0, 120.11
2026/09/11 12:10:15.224, 0, 29669, 97871, 100, 122.33
2026/09/11 12:10:15.225, 1, 29669, 97871, 100, 124.10
2026/09/11 12:10:15.225, 2, 29669, 97871, 0, 119.19
2026/09/11 12:10:15.225, 3, 29669, 97871, 0, 120.12
2026/09/11 12:10:15.425, 0, 29669, 97871, 100, 122.36
2026/09/11 12:10:15.425, 1, 29669, 97871, 100, 124.09
2026/09/11 12:10:15.425, 2, 29669, 97871, 0, 119.17
2026/09/11 12:10:15.425, 3, 29669, 97871, 0, 120.07
2026/09/11 12:10:15.625, 0, 29669, 97871, 100, 122.61
2026/09/11 12:10:15.625, 1, 29669, 97871, 100, 124.40
2026/09/11 12:10:15.625, 2, 29669, 97871, 0, 119.49
2026/09/11 12:10:15.625, 3, 29669, 97871, 62, 120.79
2026/09/11 12:10:15.825, 0, 29669, 97871, 100, 122.64
2026/09/11 12:10:15.825, 1, 29669, 97871, 100, 124.40
2026/09/11 12:10:15.826, 2, 29669, 97871, 0, 119.45
2026/09/11 12:10:15.826, 3, 29669, 97871, 100, 121.42
2026/09/11 12:10:16.026, 0, 29669, 97871, 100, 122.63
2026/09/11 12:10:16.026, 1, 29669, 97871, 100, 124.39
2026/09/11 12:10:16.026, 2, 29669, 97871, 0, 119.43
2026/09/11 12:10:16.026, 3, 29669, 97871, 100, 122.03
2026/09/11 12:10:16.226, 0, 29669, 97871, 100, 122.56
2026/09/11 12:10:16.226, 1, 29669, 97871, 100, 124.43
2026/09/11 12:10:16.226, 2, 29669, 97871, 0, 119.44
2026/09/11 12:10:16.226, 3, 29669, 97871, 100, 122.64
2026/09/11 12:10:16.426, 0, 29669, 97871, 100, 122.54
2026/09/11 12:10:16.426, 1, 29669, 97871, 100, 124.44
2026/09/11 12:10:16.426, 2, 29669, 97871, 0, 119.44
2026/09/11 12:10:16.426, 3, 29669, 97871, 100, 123.28
2026/09/11 12:10:16.627, 0, 29669, 97871, 100, 122.27
2026/09/11 12:10:16.627, 1, 29669, 97871, 100, 124.14
2026/09/11 12:10:16.627, 2, 29669, 97871, 0, 119.13
2026/09/11 12:10:16.627, 3, 29669, 97871, 100, 123.21
2026/09/11 12:10:16.827, 0, 29669, 97871, 100, 122.24
2026/09/11 12:10:16.827, 1, 29669, 97871, 100, 124.13
2026/09/11 12:10:16.827, 2, 29669, 97871, 0, 119.13
2026/09/11 12:10:16.827, 3, 29669, 97871, 100, 123.22
2026/09/11 12:10:17.027, 0, 29669, 97871, 100, 122.24
2026/09/11 12:10:17.027, 1, 29669, 97871, 100, 124.15
2026/09/11 12:10:17.027, 2, 29669, 97871, 0, 119.12
2026/09/11 12:10:17.027, 3, 29669, 97871, 100, 123.19
2026/09/11 12:10:17.227, 0, 29669, 97871, 100, 122.28
2026/09/11 12:10:17.228, 1, 29669, 97871, 100, 124.14
2026/09/11 12:10:17.228, 2, 29669, 97871, 0, 119.12
2026/09/11 12:10:17.228, 3, 29669, 97871, 100, 123.23
2026/09/11 12:10:17.428, 0, 29669, 97871, 100, 122.31
2026/09/11 12:10:17.428, 1, 29669, 97871, 100, 124.17
2026/09/11 12:10:17.428, 2, 29669, 97871, 0, 119.12
2026/09/11 12:10:17.428, 3, 29669, 97871, 100, 123.28
2026/09/11 12:10:17.628, 0, 29669, 97871, 10, 126.89
2026/09/11 12:10:17.628, 1, 29669, 97871, 65, 130.44
2026/09/11 12:10:17.628, 2, 29669, 97871, 67, 125.04
2026/09/11 12:10:17.628, 3, 29669, 97871, 60, 129.23
2026/09/11 12:10:17.829, 0, 29669, 97871, 78, 137.83
2026/09/11 12:10:17.829, 1, 29669, 97871, 20, 140.78
2026/09/11 12:10:17.829, 2, 29669, 97871, 55, 134.38
2026/09/11 12:10:17.829, 3, 29669, 97871, 2, 137.61
2026/09/11 12:10:18.029, 0, 29669, 97871, 11, 152.41
2026/09/11 12:10:18.029, 1, 29669, 97871, 83, 155.34
2026/09/11 12:10:18.029, 2, 29669, 97871, 88, 148.28
2026/09/11 12:10:18.029, 3, 29669, 97871, 40, 152.16
2026/09/11 12:10:18.229, 0, 29669, 97871, 3, 155.49
2026/09/11 12:10:18.229, 1, 29669, 97871, 15, 157.94
2026/09/11 12:10:18.229, 2, 29669, 97871, 63, 152.94
2026/09/11 12:10:18.229, 3, 29669, 97871, 2, 156.26
2026/09/11 12:10:18.430, 0, 29669, 97871, 0, 158.20
2026/09/11 12:10:18.430, 1, 29669, 97871, 16, 160.60
2026/09/11 12:10:18.430, 2, 29669, 97871, 0, 156.45
2026/09/11 12:10:18.430, 3, 29669, 97871, 43, 159.22
2026/09/11 12:10:18.630, 0, 29669, 97871, 0, 153.57
2026/09/11 12:10:18.630, 1, 29671, 97871, 0, 154.44
2026/09/11 12:10:18.630, 2, 29671, 97871, 0, 150.54
2026/09/11 12:10:18.630, 3, 29671, 97871, 0, 152.50
2026/09/11 12:10:18.830, 0, 29671, 97871, 37, 147.27
2026/09/11 12:10:18.830, 1, 29671, 97871, 75, 149.62
2026/09/11 12:10:18.830, 2, 29671, 97871, 32, 146.46
2026/09/11 12:10:18.830, 3, 29671, 97871, 64, 151.17
2026/09/11 12:10:19.030, 0, 29671, 97871, 94, 141.14
2026/09/11 12:10:19.031, 1, 29671, 97871, 51, 144.43
2026/09/11 12:10:19.031, 2, 29671, 97871, 63, 141.27
2026/09/11 12:10:19.031, 3, 29671, 97871, 77, 144.00
2026/09/11 12:10:19.231, 0, 29671, 97871, 67, 146.01
2026/09/11 12:10:19.231, 1, 29671, 97871, 11, 148.67
2026/09/11 12:10:19.231, 2, 29671, 97871, 76, 145.90
2026/09/11 12:10:19.231, 3, 29671, 97871, 100, 151.90
2026/09/11 12:10:19.431, 0, 29671, 97871, 99, 149.40
2026/09/11 12:10:19.431, 1, 29671, 97871, 15, 153.87
2026/09/11 12:10:19.431, 2, 29671, 97871, 78, 150.78
2026/09/11 12:10:19.431, 3, 29671, 97871, 91, 156.34
2026/09/11 12:10:19.631, 0, 29671, 97871, 71, 158.09
2026/09/11 12:10:19.632, 1, 29671, 97871, 5, 160.65
2026/09/11 12:10:19.632, 2, 29671, 97871, 39, 158.18
2026/09/11 12:10:19.632, 3, 29671, 97871, 60, 164.74
2026/09/11 12:10:19.832, 0, 29671, 97871, 61, 165.70
2026/09/11 12:10:19.832, 1, 29671, 97871, 85, 168.28
2026/09/11 12:10:19.832, 2, 29671, 97871, 36, 166.04
2026/09/11 12:10:19.832, 3, 29671, 97871, 35, 171.50
2026/09/11 12:10:20.032, 0, 29671, 97871, 31, 167.13
2026/09/11 12:10:20.032, 1, 29671, 97871, 71, 167.47
2026/09/11 12:10:20.032, 2, 29671, 97871, 4, 165.39
2026/09/11 12:10:20.032, 3, 29671, 97871, 92, 170.92
2026/09/11 12:10:20.232, 0, 29671, 97871, 11, 158.94
2026/09/11 12:10:20.233, 1, 29671, 97871, 0, 160.61
2026/09/11 12:10:20.233, 2, 29671, 97871, 10, 157.95
2026/09/11 12:10:20.233, 3, 29671, 97871, 0, 160.34
2026/09/11 12:10:20.433, 0, 29671, 97871, 32, 156.65
2026/09/11 12:10:20.433, 1, 29671, 97871, 7, 158.38
2026/09/11 12:10:20.433, 2, 29671, 97871, 14, 154.32
2026/09/11 12:10:20.433, 3, 29671, 97871, 14, 157.54
2026/09/11 12:10:20.633, 0, 29671, 97871, 36, 158.33
2026/09/11 12:10:20.633, 1, 29671, 97871, 97, 160.77
2026/09/11 12:10:20.633, 2, 29671, 97871, 56, 156.46
2026/09/11 12:10:20.633, 3, 29671, 97871, 74, 159.04
2026/09/11 12:10:20.833, 0, 29671, 97871, 95, 152.17
2026/09/11 12:10:20.833, 1, 29671, 97871, 10, 153.57
2026/09/11 12:10:20.833, 2, 29671, 97871, 95, 150.21
2026/09/11 12:10:20.834, 3, 29671, 97871, 55, 151.71
2026/09/11 12:10:21.034, 0, 29671, 97871, 67, 150.66
2026/09/11 12:10:21.034, 1, 29671, 97871, 10, 153.79
2026/09/11 12:10:21.034, 2, 29671, 97871, 25, 151.10
2026/09/11 12:10:21.034, 3, 29671, 97871, 98, 151.56
2026/09/11 12:10:21.234, 0, 29671, 97871, 93, 161.23
2026/09/11 12:10:21.234, 1, 29671, 97871, 57, 164.11
2026/09/11 12:10:21.234, 2, 29671, 97871, 95, 160.18
2026/09/11 12:10:21.234, 3, 29671, 97871, 95, 161.35
2026/09/11 12:10:21.434, 0, 29671, 97871, 95, 165.36
2026/09/11 12:10:21.434, 1, 29671, 97871, 92, 169.12
2026/09/11 12:10:21.434, 2, 29671, 97871, 14, 163.23
2026/09/11 12:10:21.434, 3, 29671, 97871, 75, 166.78
2026/09/11 12:10:21.635, 0, 29671, 97871, 58, 169.22
2026/09/11 12:10:21.635, 1, 29671, 97871, 88, 170.10
2026/09/11 12:10:21.635, 2, 29671, 97871, 69, 166.55
2026/09/11 12:10:21.635, 3, 29671, 97871, 88, 170.69
2026/09/11 12:10:21.835, 0, 29671, 97871, 13, 174.26
2026/09/11 12:10:21.835, 1, 29671, 97871, 82, 175.66
2026/09/11 12:10:21.835, 2, 29671, 97871, 91, 172.25
2026/09/11 12:10:21.835, 3, 29671, 97871, 72, 176.87
2026/09/11 12:10:22.035, 0, 29671, 97871, 93, 171.71
2026/09/11 12:10:22.035, 1, 29671, 97871, 17, 172.47
2026/09/11 12:10:22.035, 2, 29671, 97871, 95, 169.46
2026/09/11 12:10:22.035, 3, 29671, 97871, 98, 174.17
2026/09/11 12:10:22.235, 0, 29671, 97871, 92, 167.48
2026/09/11 12:10:22.236, 1, 29671, 97871, 9, 168.39
2026/09/11 12:10:22.236, 2, 29671, 97871, 95, 166.17
2026/09/11 12:10:22.236, 3, 29671, 97871, 98, 170.44
2026/09/11 12:10:22.436, 0, 29671, 97871, 38, 165.29
2026/09/11 12:10:22.436, 1, 29671, 97871, 9, 164.56
2026/09/11 12:10:22.436, 2, 29671, 97871, 88, 164.41
2026/09/11 12:10:22.436, 3, 29671, 97871, 93, 166.12
2026/09/11 12:10:22.636, 0, 29671, 97871, 30, 156.84
2026/09/11 12:10:22.636, 1, 29671, 97871, 20, 159.69
2026/09/11 12:10:22.636, 2, 29671, 97871, 90, 158.57
2026/09/11 12:10:22.636, 3, 29671, 97871, 95, 159.83
2026/09/11 12:10:22.836, 0, 29671, 97871, 13, 152.85
2026/09/11 12:10:22.837, 1, 29671, 97871, 11, 155.45
2026/09/11 12:10:22.837, 2, 29671, 97871, 84, 153.06
2026/09/11 12:10:22.837, 3, 29671, 97871, 95, 154.10
2026/09/11 12:10:23.037, 0, 29671, 97871, 0, 147.45
2026/09/11 12:10:23.037, 1, 29671, 97871, 0, 149.37
2026/09/11 12:10:23.037, 2, 29671, 97871, 0, 147.33
2026/09/11 12:10:23.037, 3, 29671, 97871, 0, 148.33
2026/09/11 12:10:23.237, 0, 29671, 97871, 0, 145.98
2026/09/11 12:10:23.237, 1, 29671, 97871, 8, 147.68
2026/09/11 12:10:23.237, 2, 29671, 97871, 4, 146.43
2026/09/11 12:10:23.237, 3, 29671, 97871, 76, 146.83
2026/09/11 12:10:23.437, 0, 29671, 97871, 95, 149.78
2026/09/11 12:10:23.438, 1, 29671, 97871, 70, 150.82
2026/09/11 12:10:23.438, 2, 29671, 97871, 77, 148.93
2026/09/11 12:10:23.438, 3, 29671, 97871, 70, 150.79
2026/09/11 12:10:23.638, 0, 29671, 97871, 12, 152.35
2026/09/11 12:10:23.638, 1, 29671, 97871, 74, 153.20
2026/09/11 12:10:23.638, 2, 29671, 97871, 100, 151.46
2026/09/11 12:10:23.638, 3, 29671, 97871, 67, 154.56
2026/09/11 12:10:23.838, 0, 29671, 97871, 12, 154.07
2026/09/11 12:10:23.839, 1, 29671, 97871, 83, 157.20
2026/09/11 12:10:23.839, 2, 29671, 97871, 100, 154.92
2026/09/11 12:10:23.839, 3, 29671, 97871, 84, 157.96
2026/09/11 12:10:24.039, 0, 29671, 97871, 11, 162.51
2026/09/11 12:10:24.039, 1, 29671, 97871, 84, 166.14
2026/09/11 12:10:24.039, 2, 29671, 97871, 85, 165.12
2026/09/11 12:10:24.039, 3, 29671, 97871, 100, 169.38
2026/09/11 12:10:24.239, 0, 29671, 97871, 95, 170.19
2026/09/11 12:10:24.239, 1, 29671, 97871, 65, 174.75
2026/09/11 12:10:24.239, 2, 29671, 97871, 73, 174.56
2026/09/11 12:10:24.240, 3, 29671, 97871, 85, 176.79
2026/09/11 12:10:24.440, 0, 29671, 97871, 66, 168.37
2026/09/11 12:10:24.440, 1, 29671, 97871, 10, 173.49
2026/09/11 12:10:24.440, 2, 29671, 97871, 70, 173.30
2026/09/11 12:10:24.440, 3, 29671, 97871, 63, 174.45
2026/09/11 12:10:24.640, 0, 29671, 97871, 0, 160.31
2026/09/11 12:10:24.640, 1, 29671, 97871, 0, 165.50
2026/09/11 12:10:24.640, 2, 29671, 97871, 0, 165.07
2026/09/11 12:10:24.640, 3, 29671, 97871, 0, 164.87
2026/09/11 12:10:24.840, 0, 29671, 97871, 4, 152.57
2026/09/11 12:10:24.840, 1, 29671, 97871, 0, 155.83
2026/09/11 12:10:24.840, 2, 29671, 97871, 24, 156.08
2026/09/11 12:10:24.840, 3, 29671, 97871, 0, 155.82
2026/09/11 12:10:25.041, 0, 29671, 97871, 77, 154.12
2026/09/11 12:10:25.041, 1, 29671, 97871, 94, 158.54
2026/09/11 12:10:25.041, 2, 29671, 97871, 52, 156.17
2026/09/11 12:10:25.041, 3, 29671, 97871, 100, 153.66
2026/09/11 12:10:25.241, 0, 29671, 97871, 100, 150.01
2026/09/11 12:10:25.241, 1, 29671, 97871, 90, 153.44
2026/09/11 12:10:25.241, 2, 29671, 97871, 13, 149.13
2026/09/11 12:10:25.241, 3, 29671, 97871, 89, 150.56
2026/09/11 12:10:25.441, 0, 29671, 97871, 100, 149.89
2026/09/11 12:10:25.441, 1, 29671, 97871, 78, 155.95
2026/09/11 12:10:25.441, 2, 29671, 97871, 17, 151.62
2026/09/11 12:10:25.441, 3, 29671, 97871, 78, 153.02
2026/09/11 12:10:25.641, 0, 29671, 97871, 100, 159.70
2026/09/11 12:10:25.642, 1, 29671, 97871, 81, 166.66
2026/09/11 12:10:25.642, 2, 29671, 97871, 71, 161.59
2026/09/11 12:10:25.642, 3, 29671, 97871, 80, 163.08
2026/09/11 12:10:25.842, 0, 29671, 97871, 18, 171.48
2026/09/11 12:10:25.842, 1, 29671, 97871, 100, 176.59
2026/09/11 12:10:25.842, 2, 29671, 97871, 100, 173.11
2026/09/11 12:10:25.842, 3, 29671, 97871, 92, 174.47
2026/09/11 12:10:26.042, 0, 29671, 97871, 22, 168.55
2026/09/11 12:10:26.042, 1, 29671, 97871, 81, 177.98
2026/09/11 12:10:26.042, 2, 29671, 97871, 23, 171.32
2026/09/11 12:10:26.042, 3, 29671, 97871, 87, 175.29
2026/09/11 12:10:26.242, 0, 29671, 97871, 11, 168.90
2026/09/11 12:10:26.243, 1, 29671, 97871, 85, 178.58
2026/09/11 12:10:26.243, 2, 29671, 97871, 12, 173.27
2026/09/11 12:10:26.243, 3, 29671, 97871, 85, 173.24
2026/09/11 12:10:26.443, 0, 29671, 97871, 8, 166.33
2026/09/11 12:10:26.443, 1, 29671, 97871, 92, 175.00
2026/09/11 12:10:26.443, 2, 29671, 97871, 8, 169.52
2026/09/11 12:10:26.443, 3, 29671, 97871, 92, 168.72
2026/09/11 12:10:26.643, 0, 29671, 97871, 6, 160.68
2026/09/11 12:10:26.643, 1, 29671, 97871, 91, 170.48
2026/09/11 12:10:26.643, 2, 29671, 97871, 7, 163.78
2026/09/11 12:10:26.643, 3, 29671, 97871, 87, 164.91
2026/09/11 12:10:26.843, 0, 29671, 97871, 14, 151.34
2026/09/11 12:10:26.843, 1, 29671, 97871, 0, 159.79
2026/09/11 12:10:26.843, 2, 29671, 97871, 9, 153.73
2026/09/11 12:10:26.844, 3, 29671, 97871, 0, 153.41
2026/09/11 12:10:27.044, 0, 29671, 97871, 95, 150.61
2026/09/11 12:10:27.044, 1, 29671, 97871, 10, 153.85
2026/09/11 12:10:27.044, 2, 29671, 97871, 95, 151.98
2026/09/11 12:10:27.044, 3, 29671, 97871, 95, 153.02
2026/09/11 12:10:27.244, 0, 29671, 97871, 90, 148.63
2026/09/11 12:10:27.244, 1, 29671, 97871, 6, 151.15
2026/09/11 12:10:27.244, 2, 29671, 97871, 89, 148.84
2026/09/11 12:10:27.244, 3, 29671, 97871, 95, 150.49
2026/09/11 12:10:27.444, 0, 29671, 97871, 93, 152.02
2026/09/11 12:10:27.444, 1, 29671, 97871, 11, 154.36
2026/09/11 12:10:27.444, 2, 29671, 97871, 100, 152.53
2026/09/11 12:10:27.444, 3, 29671, 97871, 100, 154.48
2026/09/11 12:10:27.645, 0, 29671, 97871, 82, 157.50
2026/09/11 12:10:27.645, 1, 29671, 97871, 15, 157.78
2026/09/11 12:10:27.645, 2, 29671, 97871, 90, 157.54
2026/09/11 12:10:27.645, 3, 29671, 97871, 100, 158.77
2026/09/11 12:10:27.845, 0, 29671, 97871, 92, 168.31
2026/09/11 12:10:27.845, 1, 29671, 97871, 20, 168.60
2026/09/11 12:10:27.845, 2, 29671, 97871, 92, 166.40
2026/09/11 12:10:27.845, 3, 29671, 97871, 99, 168.69
2026/09/11 12:10:28.045, 0, 29671, 97871, 67, 166.46
2026/09/11 12:10:28.045, 1, 29671, 97871, 8, 167.12
2026/09/11 12:10:28.045, 2, 29671, 97871, 80, 164.95
2026/09/11 12:10:28.045, 3, 29671, 97871, 87, 168.01
2026/09/11 12:10:28.245, 0, 29671, 97871, 0, 161.65
2026/09/11 12:10:28.246, 1, 29671, 97871, 0, 161.55
2026/09/11 12:10:28.246, 2, 29671, 97871, 0, 159.21
2026/09/11 12:10:28.246, 3, 29671, 97871, 0, 162.37
2026/09/11 12:10:28.446, 0, 29671, 97871, 9, 153.14
2026/09/11 12:10:28.446, 1, 29671, 97871, 0, 152.88
2026/09/11 12:10:28.446, 2, 29671, 97871, 5, 150.91
2026/09/11 12:10:28.446, 3, 29671, 97871, 0, 152.85
2026/09/11 12:10:28.646, 0, 29671, 97871, 13, 150.53
2026/09/11 12:10:28.646, 1, 29671, 97871, 89, 152.50
2026/09/11 12:10:28.646, 2, 29671, 97871, 9, 149.91
2026/09/11 12:10:28.646, 3, 29671, 97871, 91, 153.36
2026/09/11 12:10:28.846, 0, 29671, 97871, 82, 147.85
2026/09/11 12:10:28.847, 1, 29671, 97871, 100, 150.29
2026/09/11 12:10:28.847, 2, 29671, 97871, 99, 150.65
2026/09/11 12:10:28.847, 3, 29671, 97871, 17, 150.87
2026/09/11 12:10:29.047, 0, 29671, 97871, 100, 151.39
2026/09/11 12:10:29.047, 1, 29671, 97871, 100, 152.76
2026/09/11 12:10:29.047, 2, 29671, 97871, 100, 154.53
2026/09/11 12:10:29.047, 3, 29671, 97871, 9, 152.87
2026/09/11 12:10:29.247, 0, 29671, 97871, 100, 161.52
2026/09/11 12:10:29.247, 1, 29671, 97871, 91, 161.46
2026/09/11 12:10:29.247, 2, 29671, 97871, 100, 163.10
2026/09/11 12:10:29.247, 3, 29671, 97871, 12, 161.60
2026/09/11 12:10:29.447, 0, 29671, 97871, 100, 170.91
2026/09/11 12:10:29.448, 1, 29671, 97871, 91, 171.49
2026/09/11 12:10:29.448, 2, 29671, 97871, 100, 173.02
2026/09/11 12:10:29.448, 3, 29671, 97871, 10, 170.09
2026/09/11 12:10:29.648, 0, 29671, 97871, 20, 174.21
2026/09/11 12:10:29.648, 1, 29671, 97871, 88, 171.99
2026/09/11 12:10:29.648, 2, 29671, 97871, 22, 178.25
2026/09/11 12:10:29.648, 3, 29671, 97871, 45, 173.14
2026/09/11 12:10:29.848, 0, 29671, 97871, 12, 172.36
2026/09/11 12:10:29.848, 1, 29671, 97871, 96, 169.81
2026/09/11 12:10:29.848, 2, 29671, 97871, 13, 174.10
2026/09/11 12:10:29.848, 3, 29671, 97871, 93, 173.42
2026/09/11 12:10:30.048, 0, 29671, 97871, 9, 169.99
2026/09/11 12:10:30.048, 1, 29671, 97871, 93, 167.45
2026/09/11 12:10:30.048, 2, 29671, 97871, 9, 171.34
2026/09/11 12:10:30.049, 3, 29671, 97871, 94, 171.37
2026/09/11 12:10:30.249, 0, 29671, 97871, 9, 164.55
2026/09/11 12:10:30.249, 1, 29671, 97871, 97, 164.32
2026/09/11 12:10:30.249, 2, 29671, 97871, 9, 167.45
2026/09/11 12:10:30.249, 3, 29671, 97871, 94, 168.35
2026/09/11 12:10:30.449, 0, 29671, 97871, 9, 160.61
2026/09/11 12:10:30.449, 1, 29671, 97871, 93, 160.35
2026/09/11 12:10:30.449, 2, 29671, 97871, 9, 163.91
2026/09/11 12:10:30.449, 3, 29671, 97871, 95, 165.47
2026/09/11 12:10:30.649, 0, 29671, 97871, 5, 154.66
2026/09/11 12:10:30.649, 1, 29671, 97871, 96, 156.53
2026/09/11 12:10:30.649, 2, 29671, 97871, 6, 154.07
2026/09/11 12:10:30.649, 3, 29671, 97871, 93, 157.48
2026/09/11 12:10:30.849, 0, 29671, 97871, 0, 147.05
2026/09/11 12:10:30.850, 1, 29671, 97871, 0, 149.34
2026/09/11 12:10:30.850, 2, 29671, 97871, 0, 147.08
2026/09/11 12:10:30.850, 3, 29671, 97871, 0, 148.54
2026/09/11 12:10:31.050, 0, 29671, 97871, 23, 141.77
2026/09/11 12:10:31.050, 1, 29671, 97871, 0, 144.66
2026/09/11 12:10:31.050, 2, 29671, 97871, 20, 143.87
2026/09/11 12:10:31.050, 3, 29671, 97871, 0, 143.46
2026/09/11 12:10:31.250, 0, 29671, 97871, 24, 146.35
2026/09/11 12:10:31.250, 1, 29671, 97871, 86, 147.86
2026/09/11 12:10:31.250, 2, 29671, 97871, 90, 147.13
2026/09/11 12:10:31.250, 3, 29671, 97871, 74, 147.71
2026/09/11 12:10:31.450, 0, 29671, 97871, 73, 150.32
2026/09/11 12:10:31.451, 1, 29671, 97871, 78, 152.35
2026/09/11 12:10:31.451, 2, 29671, 97871, 20, 150.74
2026/09/11 12:10:31.451, 3, 29671, 97871, 66, 152.22
2026/09/11 12:10:31.651, 0, 29671, 97871, 29, 154.27
2026/09/11 12:10:31.651, 1, 29671, 97871, 56, 154.94
2026/09/11 12:10:31.651, 2, 29671, 97871, 15, 153.29
2026/09/11 12:10:31.651, 3, 29671, 97871, 81, 156.75
2026/09/11 12:10:31.851, 0, 29671, 97871, 89, 162.82
2026/09/11 12:10:31.851, 1, 29671, 97871, 100, 165.69
2026/09/11 12:10:31.851, 2, 29671, 97871, 98, 162.73
2026/09/11 12:10:31.851, 3, 29671, 97871, 11, 163.88
2026/09/11 12:10:32.051, 0, 29671, 97871, 15, 172.14
2026/09/11 12:10:32.051, 1, 29671, 97871, 91, 176.83
2026/09/11 12:10:32.052, 2, 29671, 97871, 18, 168.07
2026/09/11 12:10:32.052, 3, 29671, 97871, 89, 175.74
2026/09/11 12:10:32.252, 0, 29671, 97871, 0, 161.71
2026/09/11 12:10:32.252, 1, 29671, 97871, 0, 166.88
2026/09/11 12:10:32.252, 2, 29671, 97871, 0, 158.46
2026/09/11 12:10:32.252, 3, 29671, 97871, 0, 165.30
2026/09/11 12:10:32.452, 0, 29671, 97871, 43, 152.21
2026/09/11 12:10:32.452, 1, 29671, 97871, 0, 156.82
2026/09/11 12:10:32.452, 2, 29671, 97871, 26, 149.41
2026/09/11 12:10:32.452, 3, 29671, 97871, 0, 156.27
2026/09/11 12:10:32.652, 0, 29671, 97871, 94, 151.26
2026/09/11 12:10:32.652, 1, 29671, 97871, 15, 158.38
2026/09/11 12:10:32.652, 2, 29671, 97871, 94, 152.14
2026/09/11 12:10:32.652, 3, 29671, 97871, 100, 155.66
2026/09/11 12:10:32.853, 0, 29671, 97871, 99, 150.41
2026/09/11 12:10:32.853, 1, 29671, 97871, 26, 155.59
2026/09/11 12:10:32.853, 2, 29671, 97871, 88, 151.98
2026/09/11 12:10:32.853, 3, 29671, 97871, 82, 155.87
2026/09/11 12:10:33.053, 0, 29671, 97871, 90, 150.86
2026/09/11 12:10:33.053, 1, 29671, 97871, 71, 152.73
2026/09/11 12:10:33.053, 2, 29671, 97871, 87, 153.56
2026/09/11 12:10:33.053, 3, 29671, 97871, 13, 152.94
2026/09/11 12:10:33.253, 0, 29671, 97871, 94, 163.49
2026/09/11 12:10:33.253, 1, 29671, 97871, 69, 166.79
2026/09/11 12:10:33.253, 2, 29671, 97871, 59, 167.01
2026/09/11 12:10:33.253, 3, 29671, 97871, 33, 166.33
2026/09/11 12:10:33.454, 0, 29671, 97871, 0, 168.00
2026/09/11 12:10:33.454, 1, 29671, 97871, 25, 170.13
2026/09/11 12:10:33.454, 2, 29671, 97871, 0, 168.72
2026/09/11 12:10:33.454, 3, 29671, 97871, 49, 169.08
2026/09/11 12:10:33.654, 0, 29671, 97871, 0, 158.24
2026/09/11 12:10:33.654, 1, 29671, 97871, 0, 159.93
2026/09/11 12:10:33.654, 2, 29671, 97871, 0, 156.96
2026/09/11 12:10:33.654, 3, 29671, 97871, 0, 157.62
2026/09/11 12:10:33.854, 0, 29425, 97871, 0, 148.95
2026/09/11 12:10:33.854, 1, 29383, 97871, 0, 151.69
2026/09/11 12:10:33.854, 2, 29425, 97871, 0, 147.61
2026/09/11 12:10:33.854, 3, 29383, 97871, 0, 149.58
2026/09/11 12:10:34.054, 0, 29103, 97871, 1, 139.12
2026/09/11 12:10:34.055, 1, 29103, 97871, 1, 140.76
2026/09/11 12:10:34.055, 2, 29103, 97871, 1, 138.23
2026/09/11 12:10:34.055, 3, 29103, 97871, 1, 139.24
2026/09/11 12:10:34.255, 0, 29103, 97871, 0, 125.98
2026/09/11 12:10:34.255, 1, 29103, 97871, 0, 125.45
2026/09/11 12:10:34.255, 2, 29103, 97871, 0, 123.46
2026/09/11 12:10:34.255, 3, 29103, 97871, 0, 125.89
2026/09/11 12:10:34.455, 0, 29103, 97871, 0, 119.67
2026/09/11 12:10:34.455, 1, 29103, 97871, 0, 121.56
2026/09/11 12:10:34.455, 2, 29103, 97871, 0, 119.88
2026/09/11 12:10:34.455, 3, 29103, 97871, 0, 120.48
2026/09/11 12:10:34.655, 0, 29103, 97871, 0, 119.63
2026/09/11 12:10:34.656, 1, 29103, 97871, 0, 121.53
2026/09/11 12:10:34.656, 2, 29103, 97871, 0, 119.79
2026/09/11 12:10:34.656, 3, 29103, 97871, 0, 120.43
2026/09/11 12:10:34.856, 0, 29103, 97871, 0, 119.61
2026/09/11 12:10:34.856, 1, 29103, 97871, 0, 121.49
2026/09/11 12:10:34.856, 2, 29103, 97871, 0, 119.70
2026/09/11 12:10:34.856, 3, 29103, 97871, 0, 120.37
2026/09/11 12:10:35.056, 0, 29103, 97871, 0, 119.53
2026/09/11 12:10:35.056, 1, 29103, 97871, 0, 121.42
2026/09/11 12:10:35.056, 2, 29103, 97871, 0, 119.67
2026/09/11 12:10:35.056, 3, 29103, 97871, 0, 120.33
2026/09/11 12:10:35.256, 0, 29103, 97871, 0, 119.53
2026/09/11 12:10:35.257, 1, 29103, 97871, 0, 121.40
2026/09/11 12:10:35.257, 2, 29103, 97871, 0, 119.63
2026/09/11 12:10:35.257, 3, 29103, 97871, 0, 120.37
2026/09/11 12:10:35.457, 0, 29103, 97871, 0, 119.57
2026/09/11 12:10:35.457, 1, 29103, 97871, 0, 121.42
2026/09/11 12:10:35.457, 2, 29103, 97871, 0, 119.63
2026/09/11 12:10:35.457, 3, 29103, 97871, 0, 120.42
2026/09/11 12:10:35.657, 0, 29103, 97871, 0, 119.54
2026/09/11 12:10:35.657, 1, 29103, 97871, 0, 121.42
2026/09/11 12:10:35.657, 2, 29103, 97871, 0, 119.62
2026/09/11 12:10:35.657, 3, 29103, 97871, 0, 120.39
2026/09/11 12:10:35.857, 0, 29103, 97871, 0, 119.54
2026/09/11 12:10:35.857, 1, 29103, 97871, 0, 121.43
2026/09/11 12:10:35.858, 2, 29103, 97871, 0, 119.63
2026/09/11 12:10:35.858, 3, 29103, 97871, 0, 120.41
2026/09/11 12:10:36.058, 0, 29103, 97871, 0, 119.55
2026/09/11 12:10:36.061, 1, 29103, 97871, 0, 121.44
2026/09/11 12:10:36.067, 2, 29103, 97871, 0, 119.59
2026/09/11 12:10:36.068, 3, 29103, 97871, 0, 120.40
2026/09/11 12:10:36.268, 0, 4, 97871, 44, 123.10
2026/09/11 12:10:36.594, 1, 4, 97871, 0, 122.47
2026/09/11 12:10:36.594, 2, 4, 97871, 55, 123.30
2026/09/11 12:10:36.594, 3, 4, 97871, 73, 123.91
2026/09/11 12:10:36.794, 0, 4, 97871, 0, 123.63
2026/09/11 12:10:36.794, 1, 4, 97871, 73, 125.24
2026/09/11 12:10:36.794, 2, 4, 97871, 2, 123.80
2026/09/11 12:10:36.794, 3, 4, 97871, 0, 124.49
2026/09/11 12:10:36.994, 0, 4, 97871, 0, 124.17
2026/09/11 12:10:36.994, 1, 4, 97871, 0, 125.81
2026/09/11 12:10:36.994, 2, 4, 97871, 0, 124.24
2026/09/11 12:10:36.994, 3, 4, 97871, 0, 125.01
2026/09/11 12:10:37.194, 0, 4, 97871, 0, 124.35
2026/09/11 12:10:37.195, 1, 4, 97871, 0, 126.28
2026/09/11 12:10:37.195, 2, 4, 97871, 0, 124.42
2026/09/11 12:10:37.195, 3, 4, 97871, 0, 125.21
2026/09/11 12:10:37.395, 0, 4, 97871, 0, 123.49
2026/09/11 12:10:37.395, 1, 4, 97871, 0, 126.24
2026/09/11 12:10:37.395, 2, 4, 97871, 0, 122.20
2026/09/11 12:10:37.395, 3, 4, 97871, 0, 125.25
2026/09/11 12:10:37.595, 0, 4, 97871, 0, 121.97
2026/09/11 12:10:37.595, 1, 4, 97871, 0, 126.23
2026/09/11 12:10:37.595, 2, 4, 97871, 0, 115.90
2026/09/11 12:10:37.595, 3, 4, 97871, 0, 122.89
2026/09/11 12:10:37.795, 0, 4, 97871, 0, 121.92
2026/09/11 12:10:37.796, 1, 4, 97871, 0, 123.93
2026/09/11 12:10:37.796, 2, 4, 97871, 0, 107.36
2026/09/11 12:10:37.796, 3, 4, 97871, 0, 122.90
2026/09/11 12:10:37.996, 0, 4, 97871, 0, 121.97
2026/09/11 12:10:37.996, 1, 4, 97871, 0, 121.56
2026/09/11 12:10:37.996, 2, 4, 97871, 0, 98.59
2026/09/11 12:10:37.996, 3, 4, 97871, 0, 122.84
2026/09/11 12:10:38.196, 0, 4, 97871, 0, 121.96
2026/09/11 12:10:38.196, 1, 4, 97871, 0, 113.11
2026/09/11 12:10:38.196, 2, 4, 97871, 0, 89.65
2026/09/11 12:10:38.196, 3, 4, 97871, 0, 119.54
2026/09/11 12:10:38.396, 0, 4, 97871, 0, 114.53
2026/09/11 12:10:38.397, 1, 4, 97871, 0, 104.02
2026/09/11 12:10:38.397, 2, 4, 97871, 0, 81.43
2026/09/11 12:10:38.397, 3, 4, 97871, 0, 110.71
2026/09/11 12:10:38.597, 0, 4, 97871, 0, 105.18
2026/09/11 12:10:38.597, 1, 4, 97871, 0, 94.99
2026/09/11 12:10:38.597, 2, 4, 97871, 0, 77.79
2026/09/11 12:10:38.597, 3, 4, 97871, 0, 101.69
2026/09/11 12:10:38.797, 0, 4, 97871, 0, 96.40
2026/09/11 12:10:38.797, 1, 4, 97871, 0, 85.84
2026/09/11 12:10:38.797, 2, 4, 97871, 0, 77.12
2026/09/11 12:10:38.797, 3, 4, 97871, 0, 93.12
2026/09/11 12:10:38.997, 0, 4, 97871, 0, 87.21
2026/09/11 12:10:38.998, 1, 4, 97871, 0, 79.01
2026/09/11 12:10:38.998, 2, 4, 97871, 0, 76.68
2026/09/11 12:10:38.998, 3, 4, 97871, 0, 83.37
2026/09/11 12:10:39.198, 0, 4, 97871, 0, 77.15
2026/09/11 12:10:39.198, 1, 4, 97871, 0, 78.35
2026/09/11 12:10:39.198, 2, 4, 97871, 0, 76.35
2026/09/11 12:10:39.198, 3, 4, 97871, 0, 77.44
2026/09/11 12:10:39.398, 0, 0, 97871, 0, 75.28
2026/09/11 12:10:39.398, 1, 0, 97871, 0, 77.81
2026/09/11 12:10:39.398, 2, 3, 97871, 0, 76.05
2026/09/11 12:10:39.398, 3, 4, 97871, 0, 76.90
2026/09/11 12:10:39.599, 0, 0, 97871, 0, 75.00
2026/09/11 12:10:39.599, 1, 0, 97871, 0, 77.35
2026/09/11 12:10:39.599, 2, 0, 97871, 0, 75.79
2026/09/11 12:10:39.599, 3, 0, 97871, 0, 76.48
2026/09/11 12:10:39.799, 0, 0, 97871, 0, 74.73
2026/09/11 12:10:39.799, 1, 0, 97871, 0, 76.99
2026/09/11 12:10:39.799, 2, 0, 97871, 0, 75.52
2026/09/11 12:10:39.799, 3, 0, 97871, 0, 76.20
2026/09/11 12:10:39.999, 0, 0, 97871, 0, 74.51
2026/09/11 12:10:39.999, 1, 0, 97871, 0, 76.61
2026/09/11 12:10:39.999, 2, 0, 97871, 0, 75.27
2026/09/11 12:10:39.999, 3, 0, 97871, 0, 75.93
2026/09/11 12:10:40.200, 0, 0, 97871, 0, 74.32
2026/09/11 12:10:40.200, 1, 0, 97871, 0, 76.35
2026/09/11 12:10:40.200, 2, 0, 97871, 0, 75.03
2026/09/11 12:10:40.200, 3, 0, 97871, 0, 75.59
2026/09/11 12:10:40.400, 0, 0, 97871, 0, 74.15
2026/09/11 12:10:40.400, 1, 0, 97871, 0, 76.09
2026/09/11 12:10:40.400, 2, 0, 97871, 0, 74.83
2026/09/11 12:10:40.400, 3, 0, 97871, 0, 75.38
2026/09/11 12:10:40.600, 0, 0, 97871, 0, 74.09
2026/09/11 12:10:40.600, 1, 0, 97871, 0, 75.86
2026/09/11 12:10:40.600, 2, 0, 97871, 0, 74.65
2026/09/11 12:10:40.600, 3, 0, 97871, 0, 75.22
