timestamp,gpu_index,memory_used_mib,memory_total_mib,gpu_utilization_percent,power_watts
2026/09/22 22:22:53.848, 0, 0, 97871, 0, 73.99
2026/09/22 22:22:53.852, 1, 0, 97871, 0, 76.11
2026/09/22 22:22:53.855, 2, 0, 97871, 0, 73.97
2026/09/22 22:22:53.859, 3, 0, 97871, 0, 74.08
2026/09/22 22:22:54.062, 0, 0, 97871, 0, 73.90
2026/09/22 22:22:54.062, 1, 0, 97871, 0, 76.07
2026/09/22 22:22:54.062, 2, 0, 97871, 0, 73.96
2026/09/22 22:22:54.062, 3, 0, 97871, 0, 74.11
2026/09/22 22:22:54.262, 0, 0, 97871, 0, 73.91
2026/09/22 22:22:54.262, 1, 0, 97871, 0, 76.06
2026/09/22 22:22:54.262, 2, 0, 97871, 0, 73.95
2026/09/22 22:22:54.262, 3, 0, 97871, 0, 74.13
2026/09/22 22:22:54.462, 0, 0, 97871, 0, 73.91
2026/09/22 22:22:54.462, 1, 0, 97871, 0, 76.06
2026/09/22 22:22:54.463, 2, 0, 97871, 0, 73.93
2026/09/22 22:22:54.463, 3, 0, 97871, 0, 74.12
2026/09/22 22:22:54.663, 0, 0, 97871, 0, 73.91
2026/09/22 22:22:54.663, 1, 0, 97871, 0, 76.03
2026/09/22 22:22:54.663, 2, 0, 97871, 0, 73.91
2026/09/22 22:22:54.663, 3, 0, 97871, 0, 74.15
2026/09/22 22:22:54.863, 0, 0, 97871, 0, 73.90
2026/09/22 22:22:54.863, 1, 0, 97871, 0, 76.04
2026/09/22 22:22:54.863, 2, 0, 97871, 0, 73.90
2026/09/22 22:22:54.863, 3, 0, 97871, 0, 74.18
2026/09/22 22:22:55.063, 0, 0, 97871, 0, 73.88
2026/09/22 22:22:55.063, 1, 0, 97871, 0, 76.04
2026/09/22 22:22:55.063, 2, 0, 97871, 0, 73.89
2026/09/22 22:22:55.063, 3, 0, 97871, 0, 74.18
2026/09/22 22:22:55.263, 0, 0, 97871, 0, 73.87
2026/09/22 22:22:55.263, 1, 0, 97871, 0, 76.02
2026/09/22 22:22:55.263, 2, 0, 97871, 0, 73.90
2026/09/22 22:22:55.263, 3, 0, 97871, 0, 74.17
2026/09/22 22:22:55.463, 0, 0, 97871, 0, 73.85
2026/09/22 22:22:55.463, 1, 0, 97871, 0, 76.00
2026/09/22 22:22:55.463, 2, 0, 97871, 0, 73.91
2026/09/22 22:22:55.463, 3, 0, 97871, 0, 74.18
2026/09/22 22:22:55.663, 0, 0, 97871, 0, 73.84
2026/09/22 22:22:55.664, 1, 0, 97871, 0, 76.00
2026/09/22 22:22:55.664, 2, 0, 97871, 0, 73.90
2026/09/22 22:22:55.664, 3, 0, 97871, 0, 74.18
2026/09/22 22:22:55.864, 0, 0, 97871, 0, 73.84
2026/09/22 22:22:55.864, 1, 0, 97871, 0, 75.98
2026/09/22 22:22:55.864, 2, 0, 97871, 0, 73.89
2026/09/22 22:22:55.864, 3, 0, 97871, 0, 74.14
2026/09/22 22:22:56.064, 0, 0, 97871, 0, 73.85
2026/09/22 22:22:56.064, 1, 0, 97871, 0, 75.96
2026/09/22 22:22:56.064, 2, 0, 97871, 0, 73.89
2026/09/22 22:22:56.064, 3, 0, 97871, 0, 74.13
2026/09/22 22:22:56.264, 0, 0, 97871, 0, 73.84
2026/09/22 22:22:56.264, 1, 0, 97871, 0, 75.98
2026/09/22 22:22:56.264, 2, 0, 97871, 0, 73.86
2026/09/22 22:22:56.264, 3, 0, 97871, 0, 74.14
2026/09/22 22:22:56.464, 0, 0, 97871, 0, 73.82
2026/09/22 22:22:56.464, 1, 0, 97871, 0, 75.98
2026/09/22 22:22:56.464, 2, 0, 97871, 0, 73.85
2026/09/22 22:22:56.464, 3, 0, 97871, 0, 74.10
2026/09/22 22:22:56.664, 0, 0, 97871, 0, 73.79
2026/09/22 22:22:56.664, 1, 0, 97871, 0, 75.97
2026/09/22 22:22:56.664, 2, 0, 97871, 0, 73.82
2026/09/22 22:22:56.664, 3, 0, 97871, 0, 74.08
2026/09/22 22:22:56.864, 0, 0, 97871, 0, 73.79
2026/09/22 22:22:56.865, 1, 0, 97871, 0, 75.96
2026/09/22 22:22:56.865, 2, 0, 97871, 0, 73.83
2026/09/22 22:22:56.865, 3, 0, 97871, 0, 74.06
2026/09/22 22:22:57.065, 0, 0, 97871, 0, 73.79
2026/09/22 22:22:57.065, 1, 0, 97871, 0, 75.97
2026/09/22 22:22:57.065, 2, 0, 97871, 0, 73.79
2026/09/22 22:22:57.065, 3, 0, 97871, 0, 74.09
2026/09/22 22:22:57.265, 0, 0, 97871, 0, 73.80
2026/09/22 22:22:57.265, 1, 0, 97871, 0, 75.97
2026/09/22 22:22:57.265, 2, 0, 97871, 0, 73.80
2026/09/22 22:22:57.265, 3, 0, 97871, 0, 74.06
2026/09/22 22:22:57.465, 0, 0, 97871, 0, 73.79
2026/09/22 22:22:57.465, 1, 0, 97871, 0, 75.97
2026/09/22 22:22:57.465, 2, 0, 97871, 0, 73.78
2026/09/22 22:22:57.465, 3, 0, 97871, 0, 74.08
2026/09/22 22:22:57.665, 0, 0, 97871, 0, 73.80
2026/09/22 22:22:57.665, 1, 0, 97871, 0, 75.97
2026/09/22 22:22:57.665, 2, 0, 97871, 0, 73.79
2026/09/22 22:22:57.665, 3, 0, 97871, 0, 74.09
2026/09/22 22:22:57.865, 0, 0, 97871, 0, 73.80
2026/09/22 22:22:57.865, 1, 0, 97871, 0, 75.99
2026/09/22 22:22:57.865, 2, 0, 97871, 0, 73.78
2026/09/22 22:22:57.865, 3, 0, 97871, 0, 74.12
2026/09/22 22:22:58.066, 0, 0, 97871, 0, 73.80
2026/09/22 22:22:58.066, 1, 0, 97871, 0, 75.97
2026/09/22 22:22:58.066, 2, 0, 97871, 0, 73.79
2026/09/22 22:22:58.066, 3, 0, 97871, 0, 74.07
2026/09/22 22:22:58.266, 0, 0, 97871, 0, 73.77
2026/09/22 22:22:58.266, 1, 0, 97871, 0, 75.96
2026/09/22 22:22:58.266, 2, 0, 97871, 0, 73.78
2026/09/22 22:22:58.266, 3, 0, 97871, 0, 74.06
2026/09/22 22:22:58.466, 0, 0, 97871, 0, 73.78
2026/09/22 22:22:58.466, 1, 0, 97871, 0, 75.93
2026/09/22 22:22:58.466, 2, 0, 97871, 0, 73.77
2026/09/22 22:22:58.466, 3, 0, 97871, 0, 74.03
2026/09/22 22:22:58.666, 0, 0, 97871, 0, 73.79
2026/09/22 22:22:58.666, 1, 0, 97871, 0, 75.95
2026/09/22 22:22:58.666, 2, 0, 97871, 0, 73.75
2026/09/22 22:22:58.666, 3, 0, 97871, 0, 74.01
2026/09/22 22:22:58.866, 0, 0, 97871, 0, 73.77
2026/09/22 22:22:58.866, 1, 0, 97871, 0, 75.92
2026/09/22 22:22:58.866, 2, 0, 97871, 0, 73.74
2026/09/22 22:22:58.866, 3, 0, 97871, 0, 73.99
2026/09/22 22:22:59.066, 0, 0, 97871, 0, 73.76
2026/09/22 22:22:59.066, 1, 0, 97871, 0, 75.92
2026/09/22 22:22:59.066, 2, 0, 97871, 0, 73.72
2026/09/22 22:22:59.066, 3, 0, 97871, 0, 74.02
2026/09/22 22:22:59.267, 0, 0, 97871, 0, 73.76
2026/09/22 22:22:59.267, 1, 0, 97871, 0, 75.90
2026/09/22 22:22:59.267, 2, 0, 97871, 0, 73.72
2026/09/22 22:22:59.267, 3, 0, 97871, 0, 74.01
2026/09/22 22:22:59.467, 0, 0, 97871, 0, 73.75
2026/09/22 22:22:59.467, 1, 0, 97871, 0, 75.94
2026/09/22 22:22:59.467, 2, 0, 97871, 0, 73.74
2026/09/22 22:22:59.467, 3, 0, 97871, 0, 74.01
2026/09/22 22:22:59.667, 0, 0, 97871, 0, 73.75
2026/09/22 22:22:59.667, 1, 0, 97871, 0, 75.90
2026/09/22 22:22:59.667, 2, 0, 97871, 0, 73.75
2026/09/22 22:22:59.667, 3, 0, 97871, 0, 74.02
2026/09/22 22:22:59.867, 0, 0, 97871, 0, 73.75
2026/09/22 22:22:59.867, 1, 0, 97871, 0, 75.89
2026/09/22 22:22:59.867, 2, 0, 97871, 0, 73.74
2026/09/22 22:22:59.867, 3, 0, 97871, 0, 74.01
2026/09/22 22:23:00.067, 0, 0, 97871, 0, 73.73
2026/09/22 22:23:00.067, 1, 0, 97871, 0, 75.88
2026/09/22 22:23:00.067, 2, 0, 97871, 0, 73.74
2026/09/22 22:23:00.067, 3, 0, 97871, 0, 74.02
2026/09/22 22:23:00.267, 0, 0, 97871, 0, 73.74
2026/09/22 22:23:00.267, 1, 0, 97871, 0, 75.89
2026/09/22 22:23:00.267, 2, 0, 97871, 0, 73.74
2026/09/22 22:23:00.267, 3, 0, 97871, 0, 74.02
2026/09/22 22:23:00.467, 0, 0, 97871, 0, 73.75
2026/09/22 22:23:00.467, 1, 0, 97871, 0, 75.86
2026/09/22 22:23:00.467, 2, 0, 97871, 0, 73.71
2026/09/22 22:23:00.467, 3, 0, 97871, 0, 73.99
2026/09/22 22:23:00.668, 0, 0, 97871, 0, 73.75
2026/09/22 22:23:00.668, 1, 0, 97871, 0, 75.85
2026/09/22 22:23:00.668, 2, 0, 97871, 0, 73.69
2026/09/22 22:23:00.668, 3, 0, 97871, 0, 73.98
2026/09/22 22:23:00.868, 0, 0, 97871, 0, 73.74
2026/09/22 22:23:00.868, 1, 0, 97871, 0, 75.85
2026/09/22 22:23:00.868, 2, 0, 97871, 0, 73.71
2026/09/22 22:23:00.868, 3, 0, 97871, 0, 74.01
2026/09/22 22:23:01.068, 0, 0, 97871, 0, 73.72
2026/09/22 22:23:01.068, 1, 0, 97871, 0, 75.83
2026/09/22 22:23:01.068, 2, 0, 97871, 0, 73.73
2026/09/22 22:23:01.068, 3, 0, 97871, 0, 74.00
2026/09/22 22:23:01.268, 0, 0, 97871, 0, 73.71
2026/09/22 22:23:01.268, 1, 0, 97871, 0, 75.81
2026/09/22 22:23:01.268, 2, 0, 97871, 0, 73.73
2026/09/22 22:23:01.268, 3, 0, 97871, 0, 73.98
2026/09/22 22:23:01.468, 0, 0, 97871, 0, 73.70
2026/09/22 22:23:01.468, 1, 0, 97871, 0, 75.81
2026/09/22 22:23:01.468, 2, 0, 97871, 0, 73.74
2026/09/22 22:23:01.468, 3, 0, 97871, 0, 73.99
2026/09/22 22:23:01.668, 0, 0, 97871, 0, 73.70
2026/09/22 22:23:01.668, 1, 0, 97871, 0, 75.80
2026/09/22 22:23:01.668, 2, 0, 97871, 0, 73.76
2026/09/22 22:23:01.668, 3, 0, 97871, 0, 73.99
2026/09/22 22:23:01.869, 0, 0, 97871, 0, 73.68
2026/09/22 22:23:01.869, 1, 0, 97871, 0, 75.79
2026/09/22 22:23:01.869, 2, 0, 97871, 0, 73.74
2026/09/22 22:23:01.869, 3, 0, 97871, 0, 73.98
2026/09/22 22:23:02.069, 0, 0, 97871, 0, 73.69
2026/09/22 22:23:02.069, 1, 0, 97871, 0, 75.79
2026/09/22 22:23:02.069, 2, 0, 97871, 0, 73.73
2026/09/22 22:23:02.069, 3, 0, 97871, 0, 73.96
2026/09/22 22:23:02.269, 0, 0, 97871, 0, 73.65
2026/09/22 22:23:02.269, 1, 0, 97871, 0, 75.80
2026/09/22 22:23:02.269, 2, 0, 97871, 0, 73.70
2026/09/22 22:23:02.269, 3, 0, 97871, 0, 73.99
2026/09/22 22:23:02.469, 0, 0, 97871, 0, 73.62
2026/09/22 22:23:02.469, 1, 0, 97871, 0, 75.80
2026/09/22 22:23:02.469, 2, 0, 97871, 0, 73.68
2026/09/22 22:23:02.469, 3, 0, 97871, 0, 73.98
2026/09/22 22:23:02.669, 0, 0, 97871, 0, 73.57
2026/09/22 22:23:02.669, 1, 0, 97871, 0, 75.81
2026/09/22 22:23:02.669, 2, 0, 97871, 0, 73.67
2026/09/22 22:23:02.669, 3, 0, 97871, 0, 73.99
2026/09/22 22:23:02.869, 0, 0, 97871, 0, 73.51
2026/09/22 22:23:02.869, 1, 0, 97871, 0, 75.79
2026/09/22 22:23:02.869, 2, 0, 97871, 0, 73.65
2026/09/22 22:23:02.869, 3, 0, 97871, 0, 73.98
2026/09/22 22:23:03.069, 0, 0, 97871, 0, 73.47
2026/09/22 22:23:03.069, 1, 0, 97871, 0, 75.79
2026/09/22 22:23:03.069, 2, 0, 97871, 0, 73.65
2026/09/22 22:23:03.069, 3, 0, 97871, 0, 74.00
2026/09/22 22:23:03.270, 0, 0, 97871, 0, 73.46
2026/09/22 22:23:03.270, 1, 0, 97871, 0, 75.76
2026/09/22 22:23:03.270, 2, 0, 97871, 0, 73.67
2026/09/22 22:23:03.270, 3, 0, 97871, 0, 73.98
2026/09/22 22:23:03.470, 0, 0, 97871, 0, 73.45
2026/09/22 22:23:03.470, 1, 0, 97871, 0, 75.73
2026/09/22 22:23:03.470, 2, 0, 97871, 0, 73.65
2026/09/22 22:23:03.470, 3, 0, 97871, 0, 73.96
2026/09/22 22:23:03.670, 0, 0, 97871, 0, 73.45
2026/09/22 22:23:03.670, 1, 0, 97871, 0, 75.74
2026/09/22 22:23:03.670, 2, 0, 97871, 0, 73.63
2026/09/22 22:23:03.670, 3, 0, 97871, 0, 73.95
2026/09/22 22:23:03.870, 0, 0, 97871, 0, 73.43
2026/09/22 22:23:03.870, 1, 0, 97871, 0, 75.74
2026/09/22 22:23:03.870, 2, 0, 97871, 0, 73.63
2026/09/22 22:23:03.870, 3, 0, 97871, 0, 73.96
2026/09/22 22:23:04.070, 0, 0, 97871, 0, 73.43
2026/09/22 22:23:04.070, 1, 0, 97871, 0, 75.74
2026/09/22 22:23:04.070, 2, 0, 97871, 0, 73.62
2026/09/22 22:23:04.070, 3, 0, 97871, 0, 73.92
2026/09/22 22:23:04.270, 0, 0, 97871, 0, 73.43
2026/09/22 22:23:04.270, 1, 0, 97871, 0, 75.75
2026/09/22 22:23:04.270, 2, 0, 97871, 0, 73.61
2026/09/22 22:23:04.270, 3, 0, 97871, 0, 73.89
2026/09/22 22:23:04.470, 0, 0, 97871, 0, 73.43
2026/09/22 22:23:04.470, 1, 0, 97871, 0, 75.75
2026/09/22 22:23:04.470, 2, 0, 97871, 0, 73.61
2026/09/22 22:23:04.470, 3, 0, 97871, 0, 73.90
2026/09/22 22:23:04.671, 0, 0, 97871, 0, 73.42
2026/09/22 22:23:04.672, 1, 0, 97871, 0, 75.73
2026/09/22 22:23:04.674, 2, 0, 97871, 0, 73.59
2026/09/22 22:23:04.675, 3, 0, 97871, 0, 73.88
2026/09/22 22:23:04.877, 0, 0, 97871, 0, 73.43
2026/09/22 22:23:04.877, 1, 0, 97871, 0, 75.73
2026/09/22 22:23:04.877, 2, 0, 97871, 0, 73.58
2026/09/22 22:23:04.877, 3, 0, 97871, 0, 73.86
2026/09/22 22:23:05.077, 0, 0, 97871, 0, 73.43
2026/09/22 22:23:05.077, 1, 0, 97871, 0, 75.71
2026/09/22 22:23:05.077, 2, 0, 97871, 0, 73.56
2026/09/22 22:23:05.077, 3, 0, 97871, 0, 73.83
2026/09/22 22:23:05.277, 0, 0, 97871, 0, 73.42
2026/09/22 22:23:05.278, 1, 0, 97871, 0, 75.71
2026/09/22 22:23:05.278, 2, 0, 97871, 0, 73.55
2026/09/22 22:23:05.278, 3, 0, 97871, 0, 73.83
2026/09/22 22:23:05.478, 0, 0, 97871, 0, 73.42
2026/09/22 22:23:05.478, 1, 0, 97871, 0, 75.68
2026/09/22 22:23:05.478, 2, 0, 97871, 0, 73.56
2026/09/22 22:23:05.478, 3, 0, 97871, 0, 73.84
2026/09/22 22:23:05.678, 0, 0, 97871, 0, 73.42
2026/09/22 22:23:05.678, 1, 0, 97871, 0, 75.65
2026/09/22 22:23:05.678, 2, 0, 97871, 0, 73.57
2026/09/22 22:23:05.678, 3, 0, 97871, 0, 73.83
2026/09/22 22:23:05.878, 0, 0, 97871, 0, 73.42
2026/09/22 22:23:05.878, 1, 0, 97871, 0, 75.64
2026/09/22 22:23:05.878, 2, 0, 97871, 0, 73.56
2026/09/22 22:23:05.878, 3, 0, 97871, 0, 73.82
2026/09/22 22:23:06.078, 0, 0, 97871, 0, 73.43
2026/09/22 22:23:06.078, 1, 0, 97871, 0, 75.66
2026/09/22 22:23:06.078, 2, 0, 97871, 0, 73.57
2026/09/22 22:23:06.078, 3, 0, 97871, 0, 73.84
2026/09/22 22:23:06.278, 0, 0, 97871, 0, 73.44
2026/09/22 22:23:06.278, 1, 0, 97871, 0, 75.62
2026/09/22 22:23:06.278, 2, 0, 97871, 0, 73.56
2026/09/22 22:23:06.278, 3, 0, 97871, 0, 73.84
2026/09/22 22:23:06.478, 0, 0, 97871, 0, 73.43
2026/09/22 22:23:06.479, 1, 0, 97871, 0, 75.64
2026/09/22 22:23:06.479, 2, 0, 97871, 0, 73.54
2026/09/22 22:23:06.479, 3, 0, 97871, 0, 73.86
2026/09/22 22:23:06.679, 0, 0, 97871, 0, 73.44
2026/09/22 22:23:06.679, 1, 0, 97871, 0, 75.65
2026/09/22 22:23:06.679, 2, 0, 97871, 0, 73.55
2026/09/22 22:23:06.679, 3, 0, 97871, 0, 73.86
2026/09/22 22:23:06.879, 0, 0, 97871, 0, 73.44
2026/09/22 22:23:06.879, 1, 0, 97871, 0, 75.63
2026/09/22 22:23:06.879, 2, 0, 97871, 0, 73.55
2026/09/22 22:23:06.879, 3, 0, 97871, 0, 73.87
2026/09/22 22:23:07.079, 0, 0, 97871, 0, 73.42
2026/09/22 22:23:07.079, 1, 0, 97871, 0, 75.58
2026/09/22 22:23:07.079, 2, 0, 97871, 0, 73.55
2026/09/22 22:23:07.079, 3, 0, 97871, 0, 73.87
2026/09/22 22:23:07.279, 0, 0, 97871, 0, 73.42
2026/09/22 22:23:07.279, 1, 0, 97871, 0, 75.61
2026/09/22 22:23:07.279, 2, 0, 97871, 0, 73.55
2026/09/22 22:23:07.279, 3, 0, 97871, 0, 73.86
2026/09/22 22:23:07.479, 0, 0, 97871, 0, 73.39
2026/09/22 22:23:07.479, 1, 0, 97871, 0, 75.61
2026/09/22 22:23:07.479, 2, 0, 97871, 0, 73.56
2026/09/22 22:23:07.479, 3, 0, 97871, 0, 73.85
2026/09/22 22:23:07.679, 0, 0, 97871, 0, 73.38
2026/09/22 22:23:07.679, 1, 0, 97871, 0, 75.60
2026/09/22 22:23:07.679, 2, 0, 97871, 0, 73.54
2026/09/22 22:23:07.679, 3, 0, 97871, 0, 73.86
2026/09/22 22:23:07.880, 0, 0, 97871, 0, 73.38
2026/09/22 22:23:07.880, 1, 0, 97871, 0, 75.60
2026/09/22 22:23:07.880, 2, 0, 97871, 0, 73.54
2026/09/22 22:23:07.880, 3, 0, 97871, 0, 73.84
2026/09/22 22:23:08.080, 0, 0, 97871, 0, 73.39
2026/09/22 22:23:08.080, 1, 0, 97871, 0, 75.64
2026/09/22 22:23:08.080, 2, 0, 97871, 0, 73.54
2026/09/22 22:23:08.080, 3, 0, 97871, 0, 73.82
2026/09/22 22:23:08.280, 0, 0, 97871, 0, 73.36
2026/09/22 22:23:08.280, 1, 0, 97871, 0, 75.61
2026/09/22 22:23:08.280, 2, 0, 97871, 0, 73.54
2026/09/22 22:23:08.280, 3, 0, 97871, 0, 73.85
2026/09/22 22:23:08.480, 0, 0, 97871, 0, 73.36
2026/09/22 22:23:08.480, 1, 0, 97871, 0, 75.62
2026/09/22 22:23:08.480, 2, 0, 97871, 0, 73.52
2026/09/22 22:23:08.480, 3, 0, 97871, 0, 73.84
2026/09/22 22:23:08.680, 0, 0, 97871, 0, 73.35
2026/09/22 22:23:08.680, 1, 0, 97871, 0, 75.59
2026/09/22 22:23:08.680, 2, 0, 97871, 0, 73.53
2026/09/22 22:23:08.680, 3, 0, 97871, 0, 73.84
2026/09/22 22:23:08.880, 0, 0, 97871, 0, 73.35
2026/09/22 22:23:08.880, 1, 0, 97871, 0, 75.60
2026/09/22 22:23:08.880, 2, 0, 97871, 0, 73.52
2026/09/22 22:23:08.880, 3, 0, 97871, 0, 73.86
2026/09/22 22:23:09.080, 0, 0, 97871, 0, 73.36
2026/09/22 22:23:09.080, 1, 0, 97871, 0, 75.57
2026/09/22 22:23:09.080, 2, 0, 97871, 0, 73.50
2026/09/22 22:23:09.080, 3, 0, 97871, 0, 73.88
2026/09/22 22:23:09.281, 0, 1, 97871, 0, 73.36
2026/09/22 22:23:09.282, 1, 1, 97871, 0, 75.57
2026/09/22 22:23:09.282, 2, 0, 97871, 0, 73.48
2026/09/22 22:23:09.282, 3, 0, 97871, 0, 73.88
2026/09/22 22:23:09.483, 0, 1, 97871, 0, 73.38
2026/09/22 22:23:09.484, 1, 1, 97871, 0, 75.56
2026/09/22 22:23:09.484, 2, 1, 97871, 0, 73.49
2026/09/22 22:23:09.484, 3, 1, 97871, 0, 73.89
2026/09/22 22:23:09.684, 0, 4, 97871, 0, 73.44
2026/09/22 22:23:09.685, 1, 4, 97871, 0, 75.60
2026/09/22 22:23:09.687, 2, 1, 97871, 0, 73.48
2026/09/22 22:23:09.689, 3, 1, 97871, 0, 73.92
2026/09/22 22:23:09.890, 0, 4, 97871, 0, 73.45
2026/09/22 22:23:09.891, 1, 4, 97871, 0, 75.60
2026/09/22 22:23:09.893, 2, 4, 97871, 0, 73.51
2026/09/22 22:23:09.895, 3, 1, 97871, 0, 73.92
2026/09/22 22:23:10.108, 0, 4, 97871, 0, 73.47
2026/09/22 22:23:10.110, 1, 4, 97871, 0, 75.63
2026/09/22 22:23:10.110, 2, 4, 97871, 0, 73.53
2026/09/22 22:23:10.111, 3, 2, 97871, 0, 73.90
2026/09/22 22:23:10.312, 0, 4, 97871, 0, 73.50
2026/09/22 22:23:10.312, 1, 4, 97871, 0, 75.66
2026/09/22 22:23:10.312, 2, 4, 97871, 0, 73.55
2026/09/22 22:23:10.312, 3, 4, 97871, 0, 73.90
2026/09/22 22:23:10.512, 0, 4, 97871, 0, 73.49
2026/09/22 22:23:10.512, 1, 4, 97871, 0, 75.68
2026/09/22 22:23:10.512, 2, 4, 97871, 0, 73.54
2026/09/22 22:23:10.512, 3, 4, 97871, 0, 73.89
2026/09/22 22:23:10.712, 0, 4, 97871, 0, 73.47
2026/09/22 22:23:10.712, 1, 4, 97871, 0, 75.67
2026/09/22 22:23:10.712, 2, 4, 97871, 0, 73.53
2026/09/22 22:23:10.712, 3, 4, 97871, 0, 73.88
2026/09/22 22:23:10.912, 0, 4, 97871, 0, 73.44
2026/09/22 22:23:10.912, 1, 4, 97871, 0, 75.65
2026/09/22 22:23:10.912, 2, 4, 97871, 0, 73.50
2026/09/22 22:23:10.912, 3, 4, 97871, 0, 73.85
2026/09/22 22:23:11.112, 0, 4, 97871, 0, 73.39
2026/09/22 22:23:11.112, 1, 4, 97871, 0, 75.64
2026/09/22 22:23:11.112, 2, 4, 97871, 0, 73.48
2026/09/22 22:23:11.112, 3, 4, 97871, 0, 73.87
2026/09/22 22:23:11.312, 0, 4, 97871, 0, 73.38
2026/09/22 22:23:11.312, 1, 4, 97871, 0, 75.63
2026/09/22 22:23:11.312, 2, 4, 97871, 0, 73.46
2026/09/22 22:23:11.312, 3, 4, 97871, 0, 73.83
2026/09/22 22:23:11.512, 0, 4, 97871, 0, 73.44
2026/09/22 22:23:11.512, 1, 4, 97871, 0, 75.61
2026/09/22 22:23:11.512, 2, 4, 97871, 0, 73.48
2026/09/22 22:23:11.512, 3, 4, 97871, 0, 73.81
2026/09/22 22:23:11.712, 0, 4, 97871, 0, 73.49
2026/09/22 22:23:11.712, 1, 4, 97871, 0, 75.60
2026/09/22 22:23:11.712, 2, 4, 97871, 0, 73.46
2026/09/22 22:23:11.712, 3, 4, 97871, 0, 73.79
2026/09/22 22:23:11.913, 0, 4, 97871, 0, 73.52
2026/09/22 22:23:11.913, 1, 4, 97871, 0, 75.62
2026/09/22 22:23:11.913, 2, 4, 97871, 0, 73.46
2026/09/22 22:23:11.913, 3, 4, 97871, 0, 73.81
2026/09/22 22:23:12.113, 0, 4, 97871, 0, 73.56
2026/09/22 22:23:12.113, 1, 4, 97871, 0, 75.58
2026/09/22 22:23:12.113, 2, 4, 97871, 0, 73.47
2026/09/22 22:23:12.113, 3, 4, 97871, 0, 73.81
2026/09/22 22:23:12.313, 0, 4, 97871, 0, 73.59
2026/09/22 22:23:12.313, 1, 4, 97871, 0, 75.58
2026/09/22 22:23:12.313, 2, 4, 97871, 0, 73.48
2026/09/22 22:23:12.313, 3, 4, 97871, 0, 73.82
2026/09/22 22:23:12.513, 0, 4, 97871, 0, 73.57
2026/09/22 22:23:12.513, 1, 4, 97871, 0, 75.59
2026/09/22 22:23:12.513, 2, 4, 97871, 0, 73.48
2026/09/22 22:23:12.513, 3, 4, 97871, 0, 73.85
2026/09/22 22:23:12.713, 0, 4, 97871, 0, 73.53
2026/09/22 22:23:12.713, 1, 4, 97871, 0, 75.57
2026/09/22 22:23:12.713, 2, 4, 97871, 0, 73.48
2026/09/22 22:23:12.713, 3, 4, 97871, 0, 73.87
2026/09/22 22:23:12.913, 0, 4, 97871, 0, 73.48
2026/09/22 22:23:12.913, 1, 4, 97871, 0, 75.52
2026/09/22 22:23:12.913, 2, 4, 97871, 0, 73.48
2026/09/22 22:23:12.913, 3, 4, 97871, 0, 73.87
2026/09/22 22:23:13.113, 0, 4, 97871, 0, 73.43
2026/09/22 22:23:13.113, 1, 4, 97871, 0, 75.53
2026/09/22 22:23:13.113, 2, 4, 97871, 0, 73.47
2026/09/22 22:23:13.113, 3, 4, 97871, 0, 73.88
2026/09/22 22:23:13.313, 0, 4, 97871, 0, 73.40
2026/09/22 22:23:13.313, 1, 4, 97871, 0, 75.52
2026/09/22 22:23:13.314, 2, 4, 97871, 0, 73.47
2026/09/22 22:23:13.314, 3, 4, 97871, 0, 73.92
2026/09/22 22:23:13.514, 0, 4, 97871, 0, 73.38
2026/09/22 22:23:13.514, 1, 4, 97871, 0, 75.51
2026/09/22 22:23:13.514, 2, 4, 97871, 0, 73.48
2026/09/22 22:23:13.514, 3, 4, 97871, 0, 73.91
2026/09/22 22:23:13.714, 0, 4, 97871, 0, 73.35
2026/09/22 22:23:13.714, 1, 4, 97871, 0, 75.51
2026/09/22 22:23:13.714, 2, 4, 97871, 0, 73.46
2026/09/22 22:23:13.714, 3, 4, 97871, 0, 73.90
2026/09/22 22:23:13.914, 0, 4, 97871, 0, 73.33
2026/09/22 22:23:13.914, 1, 4, 97871, 0, 75.53
2026/09/22 22:23:13.914, 2, 4, 97871, 0, 73.46
2026/09/22 22:23:13.914, 3, 4, 97871, 0, 73.93
2026/09/22 22:23:14.114, 0, 4, 97871, 0, 73.32
2026/09/22 22:23:14.114, 1, 4, 97871, 0, 75.52
2026/09/22 22:23:14.114, 2, 4, 97871, 0, 73.48
2026/09/22 22:23:14.114, 3, 4, 97871, 0, 73.92
2026/09/22 22:23:14.314, 0, 4, 97871, 0, 73.32
2026/09/22 22:23:14.314, 1, 4, 97871, 0, 75.51
2026/09/22 22:23:14.314, 2, 4, 97871, 0, 73.46
2026/09/22 22:23:14.314, 3, 4, 97871, 0, 73.87
2026/09/22 22:23:14.514, 0, 4, 97871, 0, 73.31
2026/09/22 22:23:14.514, 1, 4, 97871, 0, 75.50
2026/09/22 22:23:14.514, 2, 4, 97871, 0, 73.45
2026/09/22 22:23:14.514, 3, 4, 97871, 0, 73.87
2026/09/22 22:23:14.714, 0, 4, 97871, 0, 73.32
2026/09/22 22:23:14.714, 1, 4, 97871, 0, 75.50
2026/09/22 22:23:14.714, 2, 4, 97871, 0, 73.45
2026/09/22 22:23:14.715, 3, 4, 97871, 0, 73.89
2026/09/22 22:23:14.915, 0, 4, 97871, 0, 73.31
2026/09/22 22:23:14.915, 1, 4, 97871, 0, 75.47
2026/09/22 22:23:14.915, 2, 4, 97871, 0, 73.45
2026/09/22 22:23:14.915, 3, 4, 97871, 0, 73.84
2026/09/22 22:23:15.115, 0, 4, 97871, 0, 73.30
2026/09/22 22:23:15.115, 1, 4, 97871, 0, 75.46
2026/09/22 22:23:15.115, 2, 4, 97871, 0, 73.42
2026/09/22 22:23:15.115, 3, 4, 97871, 0, 73.83
2026/09/22 22:23:15.315, 0, 4, 97871, 0, 73.28
2026/09/22 22:23:15.315, 1, 4, 97871, 0, 75.46
2026/09/22 22:23:15.315, 2, 4, 97871, 0, 73.42
2026/09/22 22:23:15.315, 3, 4, 97871, 0, 73.86
2026/09/22 22:23:15.515, 0, 4, 97871, 0, 73.25
2026/09/22 22:23:15.515, 1, 4, 97871, 0, 75.47
2026/09/22 22:23:15.515, 2, 4, 97871, 0, 73.41
2026/09/22 22:23:15.515, 3, 4, 97871, 0, 73.86
2026/09/22 22:23:15.715, 0, 4, 97871, 0, 73.22
2026/09/22 22:23:15.715, 1, 4, 97871, 0, 75.48
2026/09/22 22:23:15.715, 2, 4, 97871, 0, 73.42
2026/09/22 22:23:15.715, 3, 4, 97871, 0, 73.82
2026/09/22 22:23:15.916, 0, 4, 97871, 0, 73.24
2026/09/22 22:23:15.916, 1, 4, 97871, 0, 75.49
2026/09/22 22:23:15.916, 2, 4, 97871, 0, 73.42
2026/09/22 22:23:15.916, 3, 4, 97871, 0, 73.80
2026/09/22 22:23:16.116, 0, 4, 97871, 0, 73.27
2026/09/22 22:23:16.116, 1, 4, 97871, 0, 75.50
2026/09/22 22:23:16.116, 2, 4, 97871, 0, 73.43
2026/09/22 22:23:16.116, 3, 4, 97871, 0, 73.79
2026/09/22 22:23:16.316, 0, 4, 97871, 0, 73.31
2026/09/22 22:23:16.316, 1, 4, 97871, 0, 75.52
2026/09/22 22:23:16.316, 2, 4, 97871, 0, 73.43
2026/09/22 22:23:16.316, 3, 4, 97871, 0, 73.79
2026/09/22 22:23:16.516, 0, 4, 97871, 0, 73.36
2026/09/22 22:23:16.516, 1, 4, 97871, 0, 75.52
2026/09/22 22:23:16.516, 2, 4, 97871, 0, 73.43
2026/09/22 22:23:16.516, 3, 4, 97871, 0, 73.75
2026/09/22 22:23:16.716, 0, 4, 97871, 0, 73.42
2026/09/22 22:23:16.716, 1, 4, 97871, 0, 75.51
2026/09/22 22:23:16.716, 2, 4, 97871, 0, 73.44
2026/09/22 22:23:16.716, 3, 4, 97871, 0, 73.77
2026/09/22 22:23:16.916, 0, 4, 97871, 0, 73.41
2026/09/22 22:23:16.917, 1, 4, 97871, 0, 75.51
2026/09/22 22:23:16.917, 2, 4, 97871, 0, 73.43
2026/09/22 22:23:16.917, 3, 4, 97871, 0, 73.79
2026/09/22 22:23:17.117, 0, 4, 97871, 0, 73.38
2026/09/22 22:23:17.117, 1, 4, 97871, 0, 75.51
2026/09/22 22:23:17.117, 2, 4, 97871, 0, 73.42
2026/09/22 22:23:17.117, 3, 4, 97871, 0, 73.79
2026/09/22 22:23:17.317, 0, 4, 97871, 0, 73.36
2026/09/22 22:23:17.317, 1, 4, 97871, 0, 75.50
2026/09/22 22:23:17.317, 2, 4, 97871, 0, 73.39
2026/09/22 22:23:17.317, 3, 4, 97871, 0, 73.79
2026/09/22 22:23:17.517, 0, 4, 97871, 0, 73.31
2026/09/22 22:23:17.517, 1, 4, 97871, 0, 75.49
2026/09/22 22:23:17.517, 2, 4, 97871, 0, 73.40
2026/09/22 22:23:17.517, 3, 4, 97871, 0, 73.80
2026/09/22 22:23:17.717, 0, 4, 97871, 0, 73.25
2026/09/22 22:23:17.717, 1, 4, 97871, 0, 75.50
2026/09/22 22:23:17.717, 2, 4, 97871, 0, 73.37
2026/09/22 22:23:17.717, 3, 4, 97871, 0, 73.80
2026/09/22 22:23:17.917, 0, 4, 97871, 0, 73.26
2026/09/22 22:23:17.917, 1, 4, 97871, 0, 75.50
2026/09/22 22:23:17.917, 2, 4, 97871, 0, 73.36
2026/09/22 22:23:17.917, 3, 4, 97871, 0, 73.78
2026/09/22 22:23:18.117, 0, 4, 97871, 0, 73.27
2026/09/22 22:23:18.117, 1, 4, 97871, 0, 75.47
2026/09/22 22:23:18.117, 2, 4, 97871, 0, 73.36
2026/09/22 22:23:18.117, 3, 4, 97871, 0, 73.78
2026/09/22 22:23:18.318, 0, 4, 97871, 0, 73.28
2026/09/22 22:23:18.318, 1, 4, 97871, 0, 75.46
2026/09/22 22:23:18.318, 2, 4, 97871, 0, 73.36
2026/09/22 22:23:18.318, 3, 4, 97871, 0, 73.78
2026/09/22 22:23:18.518, 0, 4, 97871, 0, 73.28
2026/09/22 22:23:18.518, 1, 4, 97871, 0, 75.49
2026/09/22 22:23:18.518, 2, 4, 97871, 0, 73.36
2026/09/22 22:23:18.518, 3, 4, 97871, 0, 73.75
2026/09/22 22:23:18.718, 0, 4, 97871, 0, 73.29
2026/09/22 22:23:18.718, 1, 4, 97871, 0, 75.47
2026/09/22 22:23:18.718, 2, 4, 97871, 0, 73.38
2026/09/22 22:23:18.718, 3, 4, 97871, 0, 73.71
2026/09/22 22:23:18.918, 0, 4, 97871, 0, 73.27
2026/09/22 22:23:18.918, 1, 4, 97871, 0, 75.45
2026/09/22 22:23:18.918, 2, 4, 97871, 0, 73.39
2026/09/22 22:23:18.918, 3, 4, 97871, 0, 73.72
2026/09/22 22:23:19.118, 0, 4, 97871, 0, 73.29
2026/09/22 22:23:19.118, 1, 4, 97871, 0, 75.44
2026/09/22 22:23:19.118, 2, 4, 97871, 0, 73.40
2026/09/22 22:23:19.118, 3, 4, 97871, 0, 73.73
2026/09/22 22:23:19.318, 0, 4, 97871, 0, 73.31
2026/09/22 22:23:19.318, 1, 4, 97871, 0, 75.41
2026/09/22 22:23:19.318, 2, 4, 97871, 0, 73.39
2026/09/22 22:23:19.318, 3, 4, 97871, 0, 73.72
2026/09/22 22:23:19.519, 0, 4, 97871, 0, 73.33
2026/09/22 22:23:19.519, 1, 4, 97871, 0, 75.37
2026/09/22 22:23:19.519, 2, 4, 97871, 0, 73.38
2026/09/22 22:23:19.519, 3, 4, 97871, 0, 73.75
2026/09/22 22:23:19.719, 0, 4, 97871, 0, 73.36
2026/09/22 22:23:19.719, 1, 4, 97871, 0, 75.36
2026/09/22 22:23:19.719, 2, 4, 97871, 0, 73.39
2026/09/22 22:23:19.719, 3, 4, 97871, 0, 73.76
2026/09/22 22:23:19.919, 0, 4, 97871, 0, 73.42
2026/09/22 22:23:19.919, 1, 4, 97871, 0, 75.35
2026/09/22 22:23:19.919, 2, 4, 97871, 0, 73.37
2026/09/22 22:23:19.919, 3, 4, 97871, 0, 73.77
2026/09/22 22:23:20.119, 0, 4, 97871, 0, 73.38
2026/09/22 22:23:20.119, 1, 4, 97871, 0, 75.34
2026/09/22 22:23:20.119, 2, 4, 97871, 0, 73.35
2026/09/22 22:23:20.119, 3, 4, 97871, 0, 73.77
2026/09/22 22:23:20.319, 0, 4, 97871, 0, 73.33
2026/09/22 22:23:20.319, 1, 4, 97871, 0, 75.37
2026/09/22 22:23:20.319, 2, 4, 97871, 0, 73.35
2026/09/22 22:23:20.319, 3, 4, 97871, 0, 73.79
2026/09/22 22:23:20.519, 0, 4, 97871, 0, 73.27
2026/09/22 22:23:20.519, 1, 4, 97871, 0, 75.41
2026/09/22 22:23:20.520, 2, 4, 97871, 0, 73.36
2026/09/22 22:23:20.520, 3, 4, 97871, 0, 73.79
2026/09/22 22:23:20.720, 0, 4, 97871, 0, 73.24
2026/09/22 22:23:20.720, 1, 4, 97871, 0, 75.52
2026/09/22 22:23:20.720, 2, 4, 97871, 0, 73.35
2026/09/22 22:23:20.720, 3, 4, 97871, 0, 73.78
2026/09/22 22:23:20.920, 0, 4, 97871, 0, 73.22
2026/09/22 22:23:20.920, 1, 4, 97871, 0, 75.62
2026/09/22 22:23:20.920, 2, 4, 97871, 0, 73.36
2026/09/22 22:23:20.920, 3, 4, 97871, 0, 73.80
2026/09/22 22:23:21.120, 0, 4, 97871, 0, 73.28
2026/09/22 22:23:21.120, 1, 4, 97871, 0, 75.70
2026/09/22 22:23:21.120, 2, 4, 97871, 0, 73.36
2026/09/22 22:23:21.120, 3, 4, 97871, 0, 73.80
2026/09/22 22:23:21.320, 0, 4, 97871, 0, 73.33
2026/09/22 22:23:21.320, 1, 4, 97871, 0, 75.79
2026/09/22 22:23:21.320, 2, 4, 97871, 0, 73.35
2026/09/22 22:23:21.320, 3, 4, 97871, 0, 73.77
2026/09/22 22:23:21.520, 0, 4, 97871, 0, 73.37
2026/09/22 22:23:21.520, 1, 4, 97871, 0, 75.85
2026/09/22 22:23:21.520, 2, 4, 97871, 0, 73.33
2026/09/22 22:23:21.520, 3, 4, 97871, 0, 73.74
2026/09/22 22:23:21.720, 0, 4, 97871, 0, 73.40
2026/09/22 22:23:21.720, 1, 4, 97871, 0, 75.84
2026/09/22 22:23:21.720, 2, 4, 97871, 0, 73.32
2026/09/22 22:23:21.720, 3, 4, 97871, 0, 73.74
2026/09/22 22:23:21.920, 0, 4, 97871, 0, 73.39
2026/09/22 22:23:21.920, 1, 4, 97871, 0, 75.82
2026/09/22 22:23:21.921, 2, 4, 97871, 0, 73.31
2026/09/22 22:23:21.921, 3, 4, 97871, 0, 73.72
2026/09/22 22:23:22.121, 0, 4, 97871, 0, 73.39
2026/09/22 22:23:22.121, 1, 4, 97871, 0, 75.84
2026/09/22 22:23:22.121, 2, 4, 97871, 0, 73.30
2026/09/22 22:23:22.121, 3, 4, 97871, 0, 73.69
2026/09/22 22:23:22.321, 0, 4, 97871, 0, 73.38
2026/09/22 22:23:22.321, 1, 4, 97871, 0, 75.83
2026/09/22 22:23:22.321, 2, 4, 97871, 0, 73.30
2026/09/22 22:23:22.321, 3, 4, 97871, 0, 73.71
2026/09/22 22:23:22.521, 0, 4, 97871, 0, 73.38
2026/09/22 22:23:22.521, 1, 4, 97871, 0, 75.82
2026/09/22 22:23:22.521, 2, 4, 97871, 0, 73.29
2026/09/22 22:23:22.521, 3, 4, 97871, 0, 73.71
2026/09/22 22:23:22.721, 0, 4, 97871, 0, 73.37
2026/09/22 22:23:22.721, 1, 4, 97871, 0, 75.82
2026/09/22 22:23:22.721, 2, 4, 97871, 0, 73.27
2026/09/22 22:23:22.721, 3, 4, 97871, 0, 73.70
2026/09/22 22:23:22.921, 0, 4, 97871, 0, 73.38
2026/09/22 22:23:22.921, 1, 4, 97871, 0, 75.86
2026/09/22 22:23:22.921, 2, 4, 97871, 0, 73.27
2026/09/22 22:23:22.921, 3, 4, 97871, 0, 73.70
2026/09/22 22:23:23.121, 0, 4, 97871, 0, 73.37
2026/09/22 22:23:23.121, 1, 4, 97871, 0, 75.85
2026/09/22 22:23:23.121, 2, 4, 97871, 0, 73.25
2026/09/22 22:23:23.121, 3, 4, 97871, 0, 73.70
2026/09/22 22:23:23.321, 0, 4, 97871, 0, 73.38
2026/09/22 22:23:23.321, 1, 4, 97871, 0, 75.85
2026/09/22 22:23:23.321, 2, 4, 97871, 0, 73.28
2026/09/22 22:23:23.322, 3, 4, 97871, 0, 73.69
2026/09/22 22:23:23.522, 0, 4, 97871, 0, 73.37
2026/09/22 22:23:23.522, 1, 4, 97871, 0, 75.83
2026/09/22 22:23:23.522, 2, 4, 97871, 0, 73.28
2026/09/22 22:23:23.522, 3, 4, 97871, 0, 73.68
2026/09/22 22:23:23.722, 0, 4, 97871, 0, 73.38
2026/09/22 22:23:23.722, 1, 4, 97871, 0, 75.84
2026/09/22 22:23:23.722, 2, 4, 97871, 0, 73.30
2026/09/22 22:23:23.722, 3, 4, 97871, 0, 73.71
2026/09/22 22:23:23.922, 0, 4, 97871, 0, 73.39
2026/09/22 22:23:23.922, 1, 4, 97871, 0, 75.81
2026/09/22 22:23:23.922, 2, 4, 97871, 0, 73.29
2026/09/22 22:23:23.922, 3, 4, 97871, 0, 73.72
2026/09/22 22:23:24.122, 0, 4, 97871, 0, 73.40
2026/09/22 22:23:24.124, 1, 4, 97871, 0, 75.81
2026/09/22 22:23:24.127, 2, 4, 97871, 0, 73.30
2026/09/22 22:23:24.128, 3, 4, 97871, 0, 73.72
2026/09/22 22:23:24.330, 0, 4, 97871, 0, 73.40
2026/09/22 22:23:24.333, 1, 4, 97871, 0, 75.84
2026/09/22 22:23:24.334, 2, 4, 97871, 0, 73.30
2026/09/22 22:23:24.336, 3, 4, 97871, 0, 73.74
2026/09/22 22:23:24.538, 0, 4, 97871, 0, 73.41
2026/09/22 22:23:24.538, 1, 4, 97871, 0, 75.87
2026/09/22 22:23:24.538, 2, 4, 97871, 0, 73.32
2026/09/22 22:23:24.538, 3, 4, 97871, 0, 73.77
2026/09/22 22:23:24.738, 0, 4, 97871, 0, 73.42
2026/09/22 22:23:24.738, 1, 4, 97871, 0, 75.85
2026/09/22 22:23:24.738, 2, 4, 97871, 0, 73.32
2026/09/22 22:23:24.738, 3, 4, 97871, 0, 73.74
2026/09/22 22:23:24.938, 0, 4, 97871, 0, 73.44
2026/09/22 22:23:24.938, 1, 4, 97871, 0, 75.86
2026/09/22 22:23:24.939, 2, 4, 97871, 0, 73.32
2026/09/22 22:23:24.939, 3, 4, 97871, 0, 73.74
2026/09/22 22:23:25.139, 0, 4, 97871, 0, 73.44
2026/09/22 22:23:25.139, 1, 4, 97871, 0, 75.85
2026/09/22 22:23:25.139, 2, 4, 97871, 0, 73.31
2026/09/22 22:23:25.139, 3, 4, 97871, 0, 73.73
2026/09/22 22:23:25.339, 0, 21, 97871, 0, 78.37
2026/09/22 22:23:25.340, 1, 21, 97871, 0, 81.26
2026/09/22 22:23:25.342, 2, 21, 97871, 0, 77.33
2026/09/22 22:23:25.344, 3, 21, 97871, 0, 79.32
2026/09/22 22:23:25.546, 0, 83, 97871, 0, 87.85
2026/09/22 22:23:25.546, 1, 83, 97871, 0, 90.96
2026/09/22 22:23:25.546, 2, 83, 97871, 0, 87.76
2026/09/22 22:23:25.546, 3, 327, 97871, 0, 88.88
2026/09/22 22:23:25.746, 0, 385, 97871, 2, 96.35
2026/09/22 22:23:25.746, 1, 385, 97871, 1, 99.68
2026/09/22 22:23:25.746, 2, 385, 97871, 3, 96.37
2026/09/22 22:23:25.746, 3, 385, 97871, 0, 97.47
2026/09/22 22:23:25.947, 0, 385, 97871, 0, 105.04
2026/09/22 22:23:25.947, 1, 385, 97871, 0, 109.23
2026/09/22 22:23:25.947, 2, 385, 97871, 0, 105.13
2026/09/22 22:23:25.947, 3, 385, 97871, 0, 106.27
2026/09/22 22:23:26.147, 0, 385, 97871, 0, 113.72
2026/09/22 22:23:26.147, 1, 385, 97871, 0, 118.31
2026/09/22 22:23:26.147, 2, 385, 97871, 0, 113.92
2026/09/22 22:23:26.147, 3, 385, 97871, 0, 115.90
2026/09/22 22:23:26.347, 0, 485, 97871, 0, 118.37
2026/09/22 22:23:26.347, 1, 485, 97871, 8, 121.90
2026/09/22 22:23:26.347, 2, 483, 97871, 0, 118.65
2026/09/22 22:23:26.347, 3, 485, 97871, 8, 119.19
2026/09/22 22:23:26.547, 0, 1019, 97871, 0, 117.88
2026/09/22 22:23:26.547, 1, 1019, 97871, 1, 121.42
2026/09/22 22:23:26.547, 2, 1019, 97871, 3, 118.13
2026/09/22 22:23:26.547, 3, 1019, 97871, 1, 118.72
2026/09/22 22:23:26.748, 0, 1019, 97871, 1, 117.77
2026/09/22 22:23:26.748, 1, 1019, 97871, 0, 121.36
2026/09/22 22:23:26.749, 2, 1019, 97871, 1, 118.06
2026/09/22 22:23:26.749, 3, 1019, 97871, 0, 118.59
2026/09/22 22:23:26.949, 0, 1181, 97871, 0, 117.86
2026/09/22 22:23:26.950, 1, 1181, 97871, 1, 121.66
2026/09/22 22:23:26.950, 2, 1181, 97871, 2, 118.39
2026/09/22 22:23:26.950, 3, 1181, 97871, 1, 118.87
2026/09/22 22:23:27.150, 0, 1443, 97871, 0, 118.04
2026/09/22 22:23:27.150, 1, 1443, 97871, 0, 121.74
2026/09/22 22:23:27.150, 2, 1443, 97871, 1, 118.66
2026/09/22 22:23:27.150, 3, 1443, 97871, 1, 118.98
2026/09/22 22:23:27.350, 0, 1735, 97871, 1, 118.04
2026/09/22 22:23:27.351, 1, 1735, 97871, 1, 121.75
2026/09/22 22:23:27.352, 2, 1735, 97871, 0, 118.68
2026/09/22 22:23:27.352, 3, 1735, 97871, 0, 119.05
2026/09/22 22:23:27.554, 0, 1735, 97871, 0, 118.12
2026/09/22 22:23:27.554, 1, 1735, 97871, 1, 121.89
2026/09/22 22:23:27.554, 2, 1735, 97871, 1, 118.80
2026/09/22 22:23:27.554, 3, 1735, 97871, 1, 119.43
2026/09/22 22:23:27.754, 0, 1807, 97871, 0, 118.36
2026/09/22 22:23:27.754, 1, 1807, 97871, 0, 122.01
2026/09/22 22:23:27.754, 2, 1807, 97871, 0, 118.93
2026/09/22 22:23:27.754, 3, 1807, 97871, 0, 119.45
2026/09/22 22:23:27.954, 0, 2319, 97871, 0, 118.34
2026/09/22 22:23:27.954, 1, 2319, 97871, 1, 121.84
2026/09/22 22:23:27.954, 2, 2319, 97871, 2, 118.82
2026/09/22 22:23:27.954, 3, 2319, 97871, 1, 119.12
2026/09/22 22:23:28.154, 0, 2319, 97871, 0, 118.25
2026/09/22 22:23:28.154, 1, 2319, 97871, 0, 121.68
2026/09/22 22:23:28.154, 2, 2319, 97871, 0, 118.49
2026/09/22 22:23:28.154, 3, 2319, 97871, 0, 119.06
2026/09/22 22:23:28.354, 0, 2319, 97871, 0, 118.33
2026/09/22 22:23:28.354, 1, 2319, 97871, 0, 121.65
2026/09/22 22:23:28.354, 2, 2319, 97871, 0, 118.48
2026/09/22 22:23:28.354, 3, 2319, 97871, 0, 118.96
2026/09/22 22:23:28.554, 0, 2319, 97871, 0, 118.38
2026/09/22 22:23:28.554, 1, 2319, 97871, 0, 121.58
2026/09/22 22:23:28.554, 2, 2319, 97871, 0, 118.45
2026/09/22 22:23:28.555, 3, 2319, 97871, 0, 118.59
2026/09/22 22:23:28.755, 0, 2319, 97871, 0, 118.17
2026/09/22 22:23:28.755, 1, 2319, 97871, 0, 121.33
2026/09/22 22:23:28.755, 2, 2319, 97871, 0, 118.20
2026/09/22 22:23:28.755, 3, 2319, 97871, 0, 118.54
2026/09/22 22:23:28.955, 0, 2319, 97871, 0, 118.23
2026/09/22 22:23:28.955, 1, 2319, 97871, 0, 121.36
2026/09/22 22:23:28.955, 2, 2319, 97871, 0, 118.16
2026/09/22 22:23:28.955, 3, 2319, 97871, 0, 118.52
2026/09/22 22:23:29.155, 0, 2319, 97871, 0, 118.23
2026/09/22 22:23:29.155, 1, 2319, 97871, 0, 121.35
2026/09/22 22:23:29.155, 2, 2319, 97871, 0, 118.04
2026/09/22 22:23:29.155, 3, 2319, 97871, 0, 118.53
2026/09/22 22:23:29.355, 0, 2319, 97871, 0, 118.23
2026/09/22 22:23:29.355, 1, 2319, 97871, 0, 121.36
2026/09/22 22:23:29.355, 2, 2319, 97871, 0, 118.04
2026/09/22 22:23:29.355, 3, 2319, 97871, 0, 118.55
2026/09/22 22:23:29.555, 0, 2319, 97871, 0, 118.23
2026/09/22 22:23:29.555, 1, 2319, 97871, 0, 121.35
2026/09/22 22:23:29.555, 2, 2319, 97871, 0, 118.04
2026/09/22 22:23:29.555, 3, 2319, 97871, 0, 118.51
2026/09/22 22:23:29.755, 0, 2319, 97871, 0, 118.24
2026/09/22 22:23:29.755, 1, 2319, 97871, 0, 121.38
2026/09/22 22:23:29.755, 2, 2319, 97871, 0, 118.04
2026/09/22 22:23:29.755, 3, 2319, 97871, 0, 118.55
2026/09/22 22:23:29.956, 0, 2319, 97871, 0, 118.25
2026/09/22 22:23:29.956, 1, 2319, 97871, 0, 121.35
2026/09/22 22:23:29.956, 2, 2319, 97871, 0, 118.08
2026/09/22 22:23:29.956, 3, 2319, 97871, 0, 118.58
2026/09/22 22:23:30.156, 0, 2319, 97871, 0, 118.28
2026/09/22 22:23:30.156, 1, 2319, 97871, 0, 121.37
2026/09/22 22:23:30.156, 2, 2319, 97871, 0, 118.09
2026/09/22 22:23:30.156, 3, 2319, 97871, 0, 118.64
2026/09/22 22:23:30.356, 0, 2319, 97871, 0, 118.29
2026/09/22 22:23:30.356, 1, 2319, 97871, 0, 121.39
2026/09/22 22:23:30.356, 2, 2319, 97871, 0, 118.12
2026/09/22 22:23:30.356, 3, 2319, 97871, 0, 118.64
2026/09/22 22:23:30.556, 0, 4031, 97871, 0, 118.29
2026/09/22 22:23:30.556, 1, 4031, 97871, 0, 121.41
2026/09/22 22:23:30.556, 2, 4031, 97871, 3, 118.66
2026/09/22 22:23:30.556, 3, 4031, 97871, 1, 119.83
2026/09/22 22:23:30.756, 0, 9501, 97871, 2, 118.57
2026/09/22 22:23:30.756, 1, 9279, 97871, 2, 121.66
2026/09/22 22:23:30.756, 2, 16701, 97871, 5, 118.70
2026/09/22 22:23:30.756, 3, 13733, 97871, 4, 119.82
2026/09/22 22:23:30.956, 0, 12093, 97871, 4, 118.78
2026/09/22 22:23:30.956, 1, 14397, 97871, 4, 121.77
2026/09/22 22:23:30.956, 2, 16701, 97871, 2, 118.78
2026/09/22 22:23:30.956, 3, 19001, 97871, 2, 119.79
2026/09/22 22:23:31.156, 0, 12093, 97871, 1, 118.77
2026/09/22 22:23:31.157, 1, 14397, 97871, 1, 121.78
2026/09/22 22:23:31.157, 2, 16701, 97871, 2, 118.76
2026/09/22 22:23:31.157, 3, 19001, 97871, 1, 119.74
2026/09/22 22:23:31.357, 0, 12093, 97871, 1, 118.78
2026/09/22 22:23:31.357, 1, 14397, 97871, 1, 121.73
2026/09/22 22:23:31.357, 2, 16701, 97871, 1, 118.77
2026/09/22 22:23:31.357, 3, 19001, 97871, 1, 119.81
2026/09/22 22:23:31.557, 0, 12093, 97871, 1, 118.77
2026/09/22 22:23:31.557, 1, 14397, 97871, 1, 121.72
2026/09/22 22:23:31.557, 2, 16701, 97871, 2, 118.32
2026/09/22 22:23:31.557, 3, 19001, 97871, 1, 118.65
2026/09/22 22:23:31.757, 0, 12093, 97871, 1, 118.49
2026/09/22 22:23:31.757, 1, 14397, 97871, 1, 121.42
2026/09/22 22:23:31.757, 2, 16701, 97871, 1, 118.20
2026/09/22 22:23:31.757, 3, 19001, 97871, 1, 118.63
2026/09/22 22:23:31.957, 0, 12093, 97871, 1, 118.26
2026/09/22 22:23:31.957, 1, 14397, 97871, 1, 121.32
2026/09/22 22:23:31.957, 2, 16701, 97871, 1, 118.10
2026/09/22 22:23:31.957, 3, 19001, 97871, 1, 118.64
2026/09/22 22:23:32.157, 0, 12093, 97871, 1, 118.24
2026/09/22 22:23:32.157, 1, 14397, 97871, 1, 121.29
2026/09/22 22:23:32.157, 2, 16701, 97871, 2, 118.11
2026/09/22 22:23:32.157, 3, 19001, 97871, 0, 118.68
2026/09/22 22:23:32.357, 0, 12093, 97871, 1, 118.20
2026/09/22 22:23:32.357, 1, 14397, 97871, 1, 121.29
2026/09/22 22:23:32.357, 2, 16701, 97871, 1, 118.08
2026/09/22 22:23:32.357, 3, 19001, 97871, 1, 118.64
2026/09/22 22:23:32.558, 0, 12093, 97871, 1, 118.18
2026/09/22 22:23:32.558, 1, 14397, 97871, 2, 121.26
2026/09/22 22:23:32.558, 2, 16701, 97871, 1, 118.07
2026/09/22 22:23:32.558, 3, 19001, 97871, 1, 118.64
2026/09/22 22:23:32.758, 0, 12093, 97871, 1, 118.14
2026/09/22 22:23:32.758, 1, 14397, 97871, 1, 121.28
2026/09/22 22:23:32.758, 2, 16701, 97871, 1, 118.06
2026/09/22 22:23:32.758, 3, 19001, 97871, 1, 118.64
2026/09/22 22:23:32.958, 0, 12093, 97871, 1, 118.14
2026/09/22 22:23:32.958, 1, 14397, 97871, 1, 121.26
2026/09/22 22:23:32.958, 2, 16701, 97871, 1, 118.06
2026/09/22 22:23:32.958, 3, 19001, 97871, 1, 118.65
2026/09/22 22:23:33.158, 0, 12093, 97871, 1, 118.14
2026/09/22 22:23:33.158, 1, 14397, 97871, 1, 121.28
2026/09/22 22:23:33.158, 2, 16701, 97871, 1, 118.05
2026/09/22 22:23:33.158, 3, 19001, 97871, 1, 118.63
2026/09/22 22:23:33.358, 0, 12093, 97871, 1, 118.16
2026/09/22 22:23:33.359, 1, 14397, 97871, 1, 121.28
2026/09/22 22:23:33.359, 2, 16701, 97871, 2, 118.03
2026/09/22 22:23:33.359, 3, 19001, 97871, 1, 118.65
2026/09/22 22:23:33.559, 0, 12093, 97871, 1, 118.15
2026/09/22 22:23:33.559, 1, 14397, 97871, 1, 121.27
2026/09/22 22:23:33.559, 2, 16701, 97871, 1, 118.04
2026/09/22 22:23:33.559, 3, 19001, 97871, 1, 118.63
2026/09/22 22:23:33.759, 0, 12093, 97871, 1, 118.16
2026/09/22 22:23:33.759, 1, 14397, 97871, 1, 121.26
2026/09/22 22:23:33.759, 2, 16701, 97871, 1, 118.02
2026/09/22 22:23:33.759, 3, 19001, 97871, 0, 118.61
2026/09/22 22:23:33.959, 0, 12093, 97871, 1, 118.15
2026/09/22 22:23:33.960, 1, 14397, 97871, 1, 121.25
2026/09/22 22:23:33.960, 2, 16701, 97871, 2, 118.01
2026/09/22 22:23:33.960, 3, 19001, 97871, 2, 118.57
2026/09/22 22:23:34.160, 0, 12093, 97871, 1, 118.14
2026/09/22 22:23:34.160, 1, 14397, 97871, 2, 121.25
2026/09/22 22:23:34.160, 2, 16701, 97871, 1, 117.98
2026/09/22 22:23:34.160, 3, 19001, 97871, 1, 118.59
2026/09/22 22:23:34.360, 0, 12093, 97871, 2, 118.14
2026/09/22 22:23:34.360, 1, 14397, 97871, 1, 121.26
2026/09/22 22:23:34.360, 2, 16701, 97871, 2, 117.96
2026/09/22 22:23:34.360, 3, 19001, 97871, 2, 118.59
2026/09/22 22:23:34.561, 0, 12093, 97871, 1, 118.15
2026/09/22 22:23:34.561, 1, 14397, 97871, 1, 121.27
2026/09/22 22:23:34.561, 2, 16701, 97871, 1, 117.94
2026/09/22 22:23:34.561, 3, 19001, 97871, 1, 118.56
2026/09/22 22:23:34.761, 0, 12093, 97871, 1, 118.16
2026/09/22 22:23:34.761, 1, 14397, 97871, 0, 121.28
2026/09/22 22:23:34.761, 2, 16701, 97871, 1, 117.92
2026/09/22 22:23:34.761, 3, 19001, 97871, 1, 118.58
2026/09/22 22:23:34.961, 0, 12093, 97871, 1, 118.17
2026/09/22 22:23:34.961, 1, 14397, 97871, 1, 121.32
2026/09/22 22:23:34.962, 2, 16701, 97871, 1, 117.91
2026/09/22 22:23:34.962, 3, 19001, 97871, 0, 118.61
2026/09/22 22:23:35.162, 0, 12093, 97871, 1, 118.19
2026/09/22 22:23:35.162, 1, 14397, 97871, 1, 121.30
2026/09/22 22:23:35.162, 2, 16701, 97871, 1, 117.93
2026/09/22 22:23:35.162, 3, 19001, 97871, 1, 118.58
2026/09/22 22:23:35.362, 0, 12093, 97871, 1, 118.18
2026/09/22 22:23:35.362, 1, 14397, 97871, 1, 121.30
2026/09/22 22:23:35.362, 2, 16701, 97871, 1, 117.94
2026/09/22 22:23:35.362, 3, 19001, 97871, 1, 118.56
2026/09/22 22:23:35.562, 0, 12093, 97871, 1, 118.19
2026/09/22 22:23:35.563, 1, 14397, 97871, 1, 121.32
2026/09/22 22:23:35.563, 2, 16701, 97871, 1, 117.94
2026/09/22 22:23:35.563, 3, 19001, 97871, 1, 118.58
2026/09/22 22:23:35.763, 0, 12093, 97871, 1, 118.18
2026/09/22 22:23:35.763, 1, 14397, 97871, 1, 121.32
2026/09/22 22:23:35.763, 2, 16701, 97871, 1, 117.96
2026/09/22 22:23:35.763, 3, 19001, 97871, 2, 118.56
2026/09/22 22:23:35.963, 0, 12093, 97871, 1, 118.18
2026/09/22 22:23:35.963, 1, 14397, 97871, 1, 121.31
2026/09/22 22:23:35.963, 2, 16701, 97871, 1, 117.96
2026/09/22 22:23:35.963, 3, 19001, 97871, 1, 118.55
2026/09/22 22:23:36.164, 0, 12093, 97871, 1, 118.17
2026/09/22 22:23:36.164, 1, 14397, 97871, 1, 121.31
2026/09/22 22:23:36.164, 2, 16701, 97871, 1, 117.99
2026/09/22 22:23:36.164, 3, 19001, 97871, 1, 118.56
2026/09/22 22:23:36.364, 0, 12093, 97871, 1, 118.18
2026/09/22 22:23:36.364, 1, 14397, 97871, 1, 121.33
2026/09/22 22:23:36.364, 2, 16701, 97871, 1, 117.99
2026/09/22 22:23:36.364, 3, 19001, 97871, 0, 118.57
2026/09/22 22:23:36.564, 0, 12093, 97871, 1, 118.17
2026/09/22 22:23:36.564, 1, 14397, 97871, 1, 121.32
2026/09/22 22:23:36.564, 2, 16701, 97871, 1, 118.01
2026/09/22 22:23:36.565, 3, 19001, 97871, 1, 118.57
2026/09/22 22:23:36.765, 0, 12093, 97871, 1, 118.20
2026/09/22 22:23:36.765, 1, 14397, 97871, 1, 121.30
2026/09/22 22:23:36.765, 2, 16701, 97871, 0, 117.99
2026/09/22 22:23:36.765, 3, 19001, 97871, 2, 118.57
2026/09/22 22:23:36.965, 0, 12093, 97871, 1, 118.22
2026/09/22 22:23:36.965, 1, 14397, 97871, 1, 121.29
2026/09/22 22:23:36.965, 2, 16701, 97871, 1, 118.00
2026/09/22 22:23:36.965, 3, 19001, 97871, 2, 118.60
2026/09/22 22:23:37.165, 0, 12093, 97871, 1, 118.23
2026/09/22 22:23:37.165, 1, 14397, 97871, 1, 121.29
2026/09/22 22:23:37.166, 2, 16701, 97871, 1, 117.99
2026/09/22 22:23:37.166, 3, 19001, 97871, 1, 118.60
2026/09/22 22:23:37.366, 0, 12093, 97871, 1, 118.22
2026/09/22 22:23:37.366, 1, 14397, 97871, 1, 121.25
2026/09/22 22:23:37.366, 2, 16701, 97871, 1, 118.05
2026/09/22 22:23:37.366, 3, 19001, 97871, 0, 118.61
2026/09/22 22:23:37.566, 0, 12093, 97871, 1, 118.20
2026/09/22 22:23:37.566, 1, 14397, 97871, 1, 121.23
2026/09/22 22:23:37.566, 2, 16701, 97871, 1, 118.04
2026/09/22 22:23:37.566, 3, 19001, 97871, 0, 118.63
2026/09/22 22:23:37.766, 0, 12093, 97871, 1, 118.20
2026/09/22 22:23:37.767, 1, 14397, 97871, 1, 121.23
2026/09/22 22:23:37.767, 2, 16701, 97871, 1, 118.05
2026/09/22 22:23:37.767, 3, 19001, 97871, 1, 118.62
2026/09/22 22:23:37.967, 0, 12093, 97871, 1, 118.20
2026/09/22 22:23:37.967, 1, 14397, 97871, 1, 121.21
2026/09/22 22:23:37.967, 2, 16701, 97871, 1, 118.07
2026/09/22 22:23:37.967, 3, 19001, 97871, 1, 118.61
2026/09/22 22:23:38.167, 0, 12093, 97871, 1, 118.22
2026/09/22 22:23:38.167, 1, 14397, 97871, 1, 121.22
2026/09/22 22:23:38.167, 2, 16701, 97871, 1, 118.06
2026/09/22 22:23:38.167, 3, 19001, 97871, 2, 118.61
2026/09/22 22:23:38.368, 0, 12093, 97871, 1, 118.23
2026/09/22 22:23:38.368, 1, 14397, 97871, 1, 121.25
2026/09/22 22:23:38.368, 2, 16701, 97871, 2, 118.01
2026/09/22 22:23:38.368, 3, 19001, 97871, 1, 118.61
2026/09/22 22:23:38.568, 0, 12093, 97871, 1, 118.24
2026/09/22 22:23:38.568, 1, 14397, 97871, 1, 121.26
2026/09/22 22:23:38.568, 2, 16701, 97871, 2, 118.03
2026/09/22 22:23:38.568, 3, 19001, 97871, 1, 118.61
2026/09/22 22:23:38.768, 0, 12093, 97871, 1, 118.22
2026/09/22 22:23:38.768, 1, 14397, 97871, 1, 121.26
2026/09/22 22:23:38.768, 2, 16701, 97871, 2, 118.03
2026/09/22 22:23:38.768, 3, 19001, 97871, 0, 118.62
2026/09/22 22:23:38.969, 0, 12093, 97871, 1, 118.22
2026/09/22 22:23:38.969, 1, 14397, 97871, 1, 121.29
2026/09/22 22:23:38.969, 2, 16701, 97871, 2, 118.01
2026/09/22 22:23:38.969, 3, 19001, 97871, 1, 118.64
2026/09/22 22:23:39.169, 0, 12093, 97871, 1, 118.19
2026/09/22 22:23:39.169, 1, 14397, 97871, 1, 121.30
2026/09/22 22:23:39.169, 2, 16701, 97871, 1, 118.00
2026/09/22 22:23:39.169, 3, 19001, 97871, 1, 118.64
2026/09/22 22:23:39.369, 0, 12093, 97871, 1, 118.20
2026/09/22 22:23:39.370, 1, 14397, 97871, 1, 121.29
2026/09/22 22:23:39.370, 2, 16701, 97871, 1, 118.01
2026/09/22 22:23:39.370, 3, 19001, 97871, 2, 118.65
2026/09/22 22:23:39.570, 0, 12093, 97871, 1, 118.23
2026/09/22 22:23:39.570, 1, 14397, 97871, 2, 121.30
2026/09/22 22:23:39.570, 2, 16701, 97871, 1, 117.98
2026/09/22 22:23:39.570, 3, 19001, 97871, 1, 118.64
2026/09/22 22:23:39.770, 0, 12093, 97871, 0, 118.25
2026/09/22 22:23:39.770, 1, 14397, 97871, 2, 121.30
2026/09/22 22:23:39.770, 2, 16701, 97871, 1, 117.96
2026/09/22 22:23:39.770, 3, 19001, 97871, 1, 118.63
2026/09/22 22:23:39.970, 0, 12093, 97871, 1, 118.23
2026/09/22 22:23:39.971, 1, 14397, 97871, 1, 121.28
2026/09/22 22:23:39.971, 2, 16701, 97871, 1, 117.97
2026/09/22 22:23:39.971, 3, 19001, 97871, 1, 118.64
2026/09/22 22:23:40.171, 0, 12093, 97871, 1, 118.26
2026/09/22 22:23:40.171, 1, 14397, 97871, 1, 121.26
2026/09/22 22:23:40.171, 2, 16701, 97871, 1, 117.96
2026/09/22 22:23:40.171, 3, 19001, 97871, 0, 118.64
2026/09/22 22:23:40.371, 0, 12093, 97871, 1, 118.25
2026/09/22 22:23:40.371, 1, 14397, 97871, 1, 121.28
2026/09/22 22:23:40.371, 2, 16701, 97871, 2, 117.97
2026/09/22 22:23:40.371, 3, 19001, 97871, 1, 118.62
2026/09/22 22:23:40.572, 0, 12093, 97871, 1, 118.24
2026/09/22 22:23:40.572, 1, 14397, 97871, 1, 121.28
2026/09/22 22:23:40.572, 2, 16701, 97871, 1, 117.98
2026/09/22 22:23:40.572, 3, 19001, 97871, 1, 118.64
2026/09/22 22:23:40.772, 0, 12093, 97871, 1, 118.23
2026/09/22 22:23:40.772, 1, 14397, 97871, 1, 121.30
2026/09/22 22:23:40.772, 2, 16701, 97871, 1, 117.98
2026/09/22 22:23:40.772, 3, 19001, 97871, 1, 118.65
2026/09/22 22:23:40.972, 0, 12093, 97871, 2, 118.28
2026/09/22 22:23:40.972, 1, 14397, 97871, 1, 121.28
2026/09/22 22:23:40.973, 2, 16701, 97871, 1, 117.95
2026/09/22 22:23:40.973, 3, 19001, 97871, 2, 118.62
2026/09/22 22:23:41.173, 0, 12093, 97871, 1, 118.25
2026/09/22 22:23:41.173, 1, 14397, 97871, 1, 121.30
2026/09/22 22:23:41.173, 2, 16701, 97871, 1, 117.98
2026/09/22 22:23:41.173, 3, 19001, 97871, 2, 118.61
2026/09/22 22:23:41.373, 0, 12093, 97871, 2, 118.25
2026/09/22 22:23:41.373, 1, 14397, 97871, 1, 121.26
2026/09/22 22:23:41.373, 2, 16701, 97871, 0, 117.97
2026/09/22 22:23:41.373, 3, 19001, 97871, 2, 118.60
2026/09/22 22:23:41.573, 0, 12093, 97871, 1, 118.25
2026/09/22 22:23:41.573, 1, 14397, 97871, 1, 121.28
2026/09/22 22:23:41.573, 2, 16701, 97871, 1, 117.96
2026/09/22 22:23:41.573, 3, 19001, 97871, 1, 118.57
2026/09/22 22:23:41.773, 0, 12093, 97871, 1, 118.29
2026/09/22 22:23:41.773, 1, 14397, 97871, 2, 121.27
2026/09/22 22:23:41.773, 2, 16701, 97871, 1, 117.94
2026/09/22 22:23:41.773, 3, 19001, 97871, 1, 118.56
2026/09/22 22:23:41.973, 0, 12093, 97871, 1, 118.26
2026/09/22 22:23:41.973, 1, 14397, 97871, 1, 121.29
2026/09/22 22:23:41.973, 2, 16701, 97871, 2, 117.96
2026/09/22 22:23:41.973, 3, 19001, 97871, 0, 118.57
2026/09/22 22:23:42.174, 0, 12093, 97871, 4, 118.31
2026/09/22 22:23:42.174, 1, 14397, 97871, 1, 121.30
2026/09/22 22:23:42.174, 2, 16701, 97871, 1, 117.96
2026/09/22 22:23:42.174, 3, 19001, 97871, 1, 118.57
2026/09/22 22:23:42.374, 0, 12093, 97871, 1, 118.30
2026/09/22 22:23:42.374, 1, 14397, 97871, 1, 121.33
2026/09/22 22:23:42.374, 2, 16701, 97871, 2, 117.96
2026/09/22 22:23:42.374, 3, 19001, 97871, 2, 118.56
2026/09/22 22:23:42.574, 0, 12093, 97871, 2, 118.32
2026/09/22 22:23:42.574, 1, 14397, 97871, 1, 121.30
2026/09/22 22:23:42.574, 2, 16701, 97871, 1, 117.98
2026/09/22 22:23:42.574, 3, 19001, 97871, 2, 118.58
2026/09/22 22:23:42.774, 0, 12093, 97871, 1, 118.30
2026/09/22 22:23:42.774, 1, 14397, 97871, 2, 121.30
2026/09/22 22:23:42.774, 2, 16701, 97871, 1, 118.00
2026/09/22 22:23:42.774, 3, 19001, 97871, 1, 118.62
2026/09/22 22:23:42.974, 0, 12093, 97871, 1, 118.30
2026/09/22 22:23:42.974, 1, 14397, 97871, 1, 121.30
2026/09/22 22:23:42.974, 2, 16701, 97871, 1, 118.00
2026/09/22 22:23:42.974, 3, 19001, 97871, 1, 118.61
2026/09/22 22:23:43.174, 0, 12093, 97871, 1, 118.28
2026/09/22 22:23:43.174, 1, 14397, 97871, 1, 121.30
2026/09/22 22:23:43.174, 2, 16701, 97871, 1, 117.99
2026/09/22 22:23:43.174, 3, 19001, 97871, 1, 118.63
2026/09/22 22:23:43.374, 0, 12093, 97871, 1, 118.29
2026/09/22 22:23:43.374, 1, 14397, 97871, 1, 121.29
2026/09/22 22:23:43.374, 2, 16701, 97871, 1, 117.98
2026/09/22 22:23:43.375, 3, 19001, 97871, 1, 118.63
2026/09/22 22:23:43.575, 0, 12093, 97871, 1, 118.29
2026/09/22 22:23:43.575, 1, 14397, 97871, 1, 121.29
2026/09/22 22:23:43.575, 2, 16701, 97871, 2, 117.97
2026/09/22 22:23:43.575, 3, 19001, 97871, 0, 118.63
2026/09/22 22:23:43.775, 0, 12093, 97871, 1, 118.32
2026/09/22 22:23:43.775, 1, 14397, 97871, 1, 121.31
2026/09/22 22:23:43.775, 2, 16701, 97871, 2, 117.98
2026/09/22 22:23:43.775, 3, 19001, 97871, 1, 118.58
2026/09/22 22:23:43.975, 0, 12093, 97871, 1, 118.33
2026/09/22 22:23:43.975, 1, 14397, 97871, 1, 121.27
2026/09/22 22:23:43.975, 2, 16701, 97871, 2, 118.00
2026/09/22 22:23:43.975, 3, 19001, 97871, 1, 118.60
2026/09/22 22:23:44.175, 0, 12093, 97871, 1, 118.29
2026/09/22 22:23:44.175, 1, 14397, 97871, 1, 121.27
2026/09/22 22:23:44.175, 2, 16701, 97871, 2, 118.02
2026/09/22 22:23:44.175, 3, 19001, 97871, 2, 118.61
2026/09/22 22:23:44.375, 0, 12093, 97871, 1, 118.27
2026/09/22 22:23:44.375, 1, 14397, 97871, 1, 121.28
2026/09/22 22:23:44.375, 2, 16701, 97871, 2, 118.03
2026/09/22 22:23:44.375, 3, 19001, 97871, 2, 118.59
2026/09/22 22:23:44.576, 0, 12093, 97871, 1, 118.24
2026/09/22 22:23:44.576, 1, 14397, 97871, 1, 121.29
2026/09/22 22:23:44.576, 2, 16701, 97871, 2, 118.05
2026/09/22 22:23:44.576, 3, 19001, 97871, 1, 118.57
2026/09/22 22:23:44.776, 0, 12093, 97871, 1, 118.23
2026/09/22 22:23:44.776, 1, 14397, 97871, 4, 121.29
2026/09/22 22:23:44.776, 2, 16701, 97871, 2, 118.04
2026/09/22 22:23:44.776, 3, 19001, 97871, 2, 118.62
2026/09/22 22:23:44.976, 0, 12093, 97871, 1, 118.25
2026/09/22 22:23:44.976, 1, 14397, 97871, 1, 121.30
2026/09/22 22:23:44.976, 2, 16701, 97871, 2, 118.09
2026/09/22 22:23:44.977, 3, 19001, 97871, 0, 118.59
2026/09/22 22:23:45.177, 0, 12093, 97871, 2, 118.24
2026/09/22 22:23:45.177, 1, 14397, 97871, 1, 121.29
2026/09/22 22:23:45.177, 2, 16701, 97871, 2, 118.07
2026/09/22 22:23:45.177, 3, 19001, 97871, 1, 118.56
2026/09/22 22:23:45.377, 0, 12093, 97871, 1, 118.25
2026/09/22 22:23:45.377, 1, 14397, 97871, 5, 121.31
2026/09/22 22:23:45.377, 2, 16701, 97871, 1, 118.08
2026/09/22 22:23:45.377, 3, 19001, 97871, 0, 118.57
2026/09/22 22:23:45.577, 0, 12093, 97871, 2, 118.25
2026/09/22 22:23:45.578, 1, 14397, 97871, 1, 121.30
2026/09/22 22:23:45.578, 2, 16701, 97871, 2, 118.06
2026/09/22 22:23:45.578, 3, 19001, 97871, 1, 118.59
2026/09/22 22:23:45.778, 0, 12093, 97871, 1, 118.22
2026/09/22 22:23:45.778, 1, 14397, 97871, 1, 121.29
2026/09/22 22:23:45.778, 2, 16701, 97871, 1, 118.07
2026/09/22 22:23:45.778, 3, 19001, 97871, 1, 118.54
2026/09/22 22:23:45.978, 0, 12093, 97871, 1, 118.20
2026/09/22 22:23:45.978, 1, 14397, 97871, 2, 121.32
2026/09/22 22:23:45.978, 2, 16701, 97871, 1, 118.01
2026/09/22 22:23:45.978, 3, 19001, 97871, 1, 118.55
2026/09/22 22:23:46.178, 0, 12093, 97871, 1, 118.23
2026/09/22 22:23:46.179, 1, 14397, 97871, 1, 121.33
2026/09/22 22:23:46.179, 2, 16701, 97871, 1, 118.01
2026/09/22 22:23:46.179, 3, 19001, 97871, 2, 118.58
2026/09/22 22:23:46.379, 0, 12093, 97871, 1, 118.23
2026/09/22 22:23:46.379, 1, 14397, 97871, 1, 121.29
2026/09/22 22:23:46.379, 2, 16701, 97871, 1, 118.00
2026/09/22 22:23:46.379, 3, 19001, 97871, 2, 118.57
2026/09/22 22:23:46.579, 0, 12093, 97871, 1, 118.24
2026/09/22 22:23:46.579, 1, 14397, 97871, 1, 121.28
2026/09/22 22:23:46.579, 2, 16701, 97871, 4, 118.03
2026/09/22 22:23:46.579, 3, 19001, 97871, 1, 118.55
2026/09/22 22:23:46.780, 0, 12093, 97871, 1, 118.26
2026/09/22 22:23:46.780, 1, 14397, 97871, 1, 121.32
2026/09/22 22:23:46.780, 2, 16701, 97871, 1, 118.02
2026/09/22 22:23:46.780, 3, 19001, 97871, 1, 118.57
2026/09/22 22:23:46.980, 0, 12093, 97871, 1, 118.26
2026/09/22 22:23:46.980, 1, 14397, 97871, 2, 121.30
2026/09/22 22:23:46.980, 2, 16701, 97871, 1, 118.00
2026/09/22 22:23:46.980, 3, 19001, 97871, 1, 118.55
2026/09/22 22:23:47.180, 0, 12093, 97871, 1, 118.27
2026/09/22 22:23:47.180, 1, 14397, 97871, 1, 121.29
2026/09/22 22:23:47.181, 2, 16701, 97871, 6, 118.01
2026/09/22 22:23:47.181, 3, 19001, 97871, 1, 118.52
2026/09/22 22:23:47.381, 0, 12093, 97871, 1, 118.26
2026/09/22 22:23:47.381, 1, 14397, 97871, 1, 121.28
2026/09/22 22:23:47.381, 2, 16701, 97871, 2, 118.03
2026/09/22 22:23:47.381, 3, 19001, 97871, 1, 118.51
2026/09/22 22:23:47.581, 0, 12093, 97871, 1, 118.25
2026/09/22 22:23:47.581, 1, 14397, 97871, 1, 121.30
2026/09/22 22:23:47.581, 2, 16701, 97871, 1, 117.99
2026/09/22 22:23:47.581, 3, 19001, 97871, 4, 118.57
2026/09/22 22:23:47.781, 0, 12093, 97871, 1, 118.25
2026/09/22 22:23:47.782, 1, 14397, 97871, 1, 121.28
2026/09/22 22:23:47.782, 2, 16701, 97871, 1, 117.97
2026/09/22 22:23:47.782, 3, 19001, 97871, 2, 118.55
2026/09/22 22:23:47.982, 0, 12093, 97871, 1, 118.24
2026/09/22 22:23:47.982, 1, 14397, 97871, 2, 121.28
2026/09/22 22:23:47.982, 2, 16701, 97871, 0, 118.01
2026/09/22 22:23:47.982, 3, 19001, 97871, 2, 118.57
2026/09/22 22:23:48.182, 0, 12093, 97871, 1, 118.22
2026/09/22 22:23:48.182, 1, 14397, 97871, 1, 121.27
2026/09/22 22:23:48.182, 2, 16701, 97871, 0, 117.98
2026/09/22 22:23:48.182, 3, 19001, 97871, 2, 118.60
2026/09/22 22:23:48.383, 0, 12093, 97871, 2, 118.21
2026/09/22 22:23:48.383, 1, 14397, 97871, 1, 121.28
2026/09/22 22:23:48.383, 2, 16701, 97871, 0, 117.97
2026/09/22 22:23:48.383, 3, 19001, 97871, 1, 118.61
2026/09/22 22:23:48.583, 0, 12093, 97871, 1, 118.24
2026/09/22 22:23:48.583, 1, 14397, 97871, 1, 121.25
2026/09/22 22:23:48.583, 2, 16701, 97871, 1, 117.98
2026/09/22 22:23:48.583, 3, 19001, 97871, 1, 118.56
2026/09/22 22:23:48.783, 0, 12093, 97871, 2, 118.24
2026/09/22 22:23:48.783, 1, 14397, 97871, 1, 121.23
2026/09/22 22:23:48.783, 2, 16701, 97871, 1, 117.97
2026/09/22 22:23:48.784, 3, 19001, 97871, 1, 118.58
2026/09/22 22:23:48.984, 0, 12093, 97871, 1, 118.25
2026/09/22 22:23:48.984, 1, 14397, 97871, 1, 121.23
2026/09/22 22:23:48.984, 2, 16701, 97871, 1, 117.98
2026/09/22 22:23:48.984, 3, 19001, 97871, 1, 118.59
2026/09/22 22:23:49.184, 0, 12093, 97871, 2, 118.27
2026/09/22 22:23:49.184, 1, 14397, 97871, 1, 121.23
2026/09/22 22:23:49.184, 2, 16701, 97871, 1, 118.00
2026/09/22 22:23:49.184, 3, 19001, 97871, 1, 118.60
2026/09/22 22:23:49.384, 0, 12093, 97871, 1, 118.27
2026/09/22 22:23:49.385, 1, 14397, 97871, 1, 121.21
2026/09/22 22:23:49.385, 2, 16701, 97871, 2, 117.97
2026/09/22 22:23:49.385, 3, 19001, 97871, 1, 118.57
2026/09/22 22:23:49.585, 0, 12093, 97871, 1, 118.26
2026/09/22 22:23:49.585, 1, 14397, 97871, 0, 121.25
2026/09/22 22:23:49.585, 2, 16701, 97871, 1, 117.99
2026/09/22 22:23:49.585, 3, 19001, 97871, 2, 118.63
2026/09/22 22:23:49.785, 0, 12093, 97871, 1, 118.25
2026/09/22 22:23:49.785, 1, 14397, 97871, 1, 121.24
2026/09/22 22:23:49.785, 2, 16701, 97871, 1, 118.01
2026/09/22 22:23:49.785, 3, 19001, 97871, 1, 118.67
2026/09/22 22:23:49.985, 0, 12093, 97871, 1, 118.24
2026/09/22 22:23:49.986, 1, 14397, 97871, 1, 121.23
2026/09/22 22:23:49.986, 2, 16701, 97871, 2, 118.00
2026/09/22 22:23:49.986, 3, 19001, 97871, 1, 118.67
2026/09/22 22:23:50.186, 0, 12093, 97871, 1, 118.25
2026/09/22 22:23:50.186, 1, 14397, 97871, 1, 121.21
2026/09/22 22:23:50.186, 2, 16701, 97871, 2, 117.98
2026/09/22 22:23:50.186, 3, 19001, 97871, 0, 118.69
2026/09/22 22:23:50.386, 0, 12093, 97871, 1, 118.27
2026/09/22 22:23:50.386, 1, 14397, 97871, 1, 121.25
2026/09/22 22:23:50.386, 2, 16701, 97871, 1, 118.01
2026/09/22 22:23:50.386, 3, 19001, 97871, 6, 118.77
2026/09/22 22:23:50.587, 0, 12093, 97871, 1, 118.27
2026/09/22 22:23:50.587, 1, 14397, 97871, 0, 121.24
2026/09/22 22:23:50.587, 2, 16701, 97871, 1, 118.03
2026/09/22 22:23:50.587, 3, 19001, 97871, 1, 118.73
2026/09/22 22:23:50.787, 0, 12093, 97871, 0, 118.25
2026/09/22 22:23:50.787, 1, 14397, 97871, 1, 121.23
2026/09/22 22:23:50.787, 2, 16701, 97871, 2, 118.02
2026/09/22 22:23:50.787, 3, 19001, 97871, 1, 118.68
2026/09/22 22:23:50.987, 0, 12093, 97871, 0, 118.24
2026/09/22 22:23:50.987, 1, 14397, 97871, 2, 121.22
2026/09/22 22:23:50.987, 2, 16701, 97871, 1, 118.03
2026/09/22 22:23:50.988, 3, 19001, 97871, 1, 118.69
2026/09/22 22:23:51.188, 0, 12093, 97871, 0, 118.24
2026/09/22 22:23:51.188, 1, 14397, 97871, 1, 121.26
2026/09/22 22:23:51.188, 2, 16701, 97871, 1, 118.06
2026/09/22 22:23:51.188, 3, 19001, 97871, 0, 118.67
2026/09/22 22:23:51.388, 0, 12093, 97871, 0, 118.26
2026/09/22 22:23:51.388, 1, 14397, 97871, 1, 121.24
2026/09/22 22:23:51.388, 2, 16701, 97871, 1, 118.05
2026/09/22 22:23:51.388, 3, 19001, 97871, 0, 118.61
2026/09/22 22:23:51.588, 0, 12093, 97871, 0, 118.31
2026/09/22 22:23:51.589, 1, 14397, 97871, 1, 121.25
2026/09/22 22:23:51.589, 2, 16701, 97871, 1, 118.02
2026/09/22 22:23:51.589, 3, 19001, 97871, 1, 118.61
2026/09/22 22:23:51.789, 0, 12093, 97871, 0, 118.32
2026/09/22 22:23:51.789, 1, 14397, 97871, 1, 121.26
2026/09/22 22:23:51.789, 2, 16701, 97871, 1, 117.99
2026/09/22 22:23:51.789, 3, 19001, 97871, 1, 118.65
2026/09/22 22:23:51.989, 0, 12093, 97871, 0, 118.35
2026/09/22 22:23:51.989, 1, 14397, 97871, 1, 121.30
2026/09/22 22:23:51.989, 2, 16701, 97871, 1, 117.99
2026/09/22 22:23:51.989, 3, 19001, 97871, 2, 118.63
2026/09/22 22:23:52.190, 0, 12093, 97871, 0, 118.36
2026/09/22 22:23:52.190, 1, 14397, 97871, 2, 121.28
2026/09/22 22:23:52.190, 2, 16701, 97871, 1, 117.97
2026/09/22 22:23:52.190, 3, 19001, 97871, 2, 118.62
2026/09/22 22:23:52.390, 0, 12093, 97871, 0, 118.36
2026/09/22 22:23:52.390, 1, 14397, 97871, 1, 121.30
2026/09/22 22:23:52.390, 2, 16701, 97871, 0, 117.97
2026/09/22 22:23:52.390, 3, 19001, 97871, 1, 118.60
2026/09/22 22:23:52.590, 0, 12093, 97871, 0, 118.34
2026/09/22 22:23:52.590, 1, 14397, 97871, 1, 121.28
2026/09/22 22:23:52.591, 2, 16701, 97871, 1, 117.94
2026/09/22 22:23:52.591, 3, 19001, 97871, 1, 118.61
2026/09/22 22:23:52.791, 0, 12093, 97871, 0, 118.36
2026/09/22 22:23:52.791, 1, 14397, 97871, 1, 121.31
2026/09/22 22:23:52.791, 2, 16701, 97871, 1, 117.95
2026/09/22 22:23:52.791, 3, 19001, 97871, 1, 118.60
2026/09/22 22:23:52.991, 0, 12093, 97871, 0, 118.35
2026/09/22 22:23:52.991, 1, 14397, 97871, 1, 121.29
2026/09/22 22:23:52.991, 2, 16701, 97871, 0, 117.94
2026/09/22 22:23:52.991, 3, 19001, 97871, 1, 118.59
2026/09/22 22:23:53.191, 0, 12093, 97871, 0, 118.36
2026/09/22 22:23:53.192, 1, 14397, 97871, 1, 121.30
2026/09/22 22:23:53.192, 2, 16701, 97871, 1, 117.94
2026/09/22 22:23:53.192, 3, 19001, 97871, 1, 118.60
2026/09/22 22:23:53.392, 0, 12093, 97871, 0, 118.35
2026/09/22 22:23:53.392, 1, 14397, 97871, 1, 121.28
2026/09/22 22:23:53.392, 2, 16701, 97871, 1, 117.95
2026/09/22 22:23:53.392, 3, 19001, 97871, 2, 118.64
2026/09/22 22:23:53.592, 0, 12093, 97871, 0, 118.37
2026/09/22 22:23:53.592, 1, 14397, 97871, 1, 121.30
2026/09/22 22:23:53.592, 2, 16701, 97871, 1, 117.98
2026/09/22 22:23:53.592, 3, 19001, 97871, 2, 118.65
2026/09/22 22:23:53.793, 0, 12093, 97871, 0, 118.36
2026/09/22 22:23:53.793, 1, 14397, 97871, 1, 121.28
2026/09/22 22:23:53.793, 2, 16701, 97871, 1, 118.00
2026/09/22 22:23:53.793, 3, 19001, 97871, 2, 118.68
2026/09/22 22:23:53.993, 0, 12093, 97871, 0, 118.38
2026/09/22 22:23:53.993, 1, 14397, 97871, 0, 121.28
2026/09/22 22:23:53.993, 2, 16701, 97871, 1, 117.98
2026/09/22 22:23:53.993, 3, 19001, 97871, 1, 118.69
2026/09/22 22:23:54.193, 0, 12093, 97871, 0, 118.38
2026/09/22 22:23:54.193, 1, 14397, 97871, 1, 121.28
2026/09/22 22:23:54.193, 2, 16701, 97871, 0, 117.98
2026/09/22 22:23:54.193, 3, 19001, 97871, 1, 118.71
2026/09/22 22:23:54.394, 0, 12093, 97871, 0, 118.38
2026/09/22 22:23:54.394, 1, 14397, 97871, 2, 121.33
2026/09/22 22:23:54.394, 2, 16701, 97871, 1, 117.98
2026/09/22 22:23:54.394, 3, 19001, 97871, 0, 118.70
2026/09/22 22:23:54.594, 0, 12093, 97871, 0, 118.38
2026/09/22 22:23:54.594, 1, 14397, 97871, 1, 121.30
2026/09/22 22:23:54.594, 2, 16701, 97871, 1, 117.97
2026/09/22 22:23:54.594, 3, 19001, 97871, 1, 118.68
2026/09/22 22:23:54.794, 0, 12093, 97871, 0, 118.38
2026/09/22 22:23:54.795, 1, 14397, 97871, 1, 121.28
2026/09/22 22:23:54.795, 2, 16701, 97871, 2, 117.98
2026/09/22 22:23:54.795, 3, 19001, 97871, 1, 118.68
2026/09/22 22:23:54.995, 0, 12093, 97871, 0, 118.39
2026/09/22 22:23:54.995, 1, 14397, 97871, 1, 121.27
2026/09/22 22:23:54.995, 2, 16701, 97871, 2, 118.03
2026/09/22 22:23:54.995, 3, 19001, 97871, 1, 118.64
2026/09/22 22:23:55.195, 0, 12093, 97871, 0, 118.40
2026/09/22 22:23:55.195, 1, 14397, 97871, 2, 121.27
2026/09/22 22:23:55.195, 2, 16701, 97871, 1, 118.02
2026/09/22 22:23:55.195, 3, 19001, 97871, 2, 118.62
2026/09/22 22:23:55.396, 0, 12093, 97871, 0, 118.40
2026/09/22 22:23:55.396, 1, 14397, 97871, 0, 121.19
2026/09/22 22:23:55.396, 2, 16701, 97871, 1, 118.02
2026/09/22 22:23:55.396, 3, 19001, 97871, 1, 118.64
2026/09/22 22:23:55.596, 0, 12093, 97871, 0, 118.43
2026/09/22 22:23:55.596, 1, 14397, 97871, 0, 121.22
2026/09/22 22:23:55.596, 2, 16701, 97871, 1, 118.02
2026/09/22 22:23:55.596, 3, 19001, 97871, 1, 118.63
2026/09/22 22:23:55.796, 0, 12093, 97871, 0, 118.46
2026/09/22 22:23:55.796, 1, 14397, 97871, 0, 121.26
2026/09/22 22:23:55.796, 2, 16701, 97871, 1, 118.04
2026/09/22 22:23:55.796, 3, 19001, 97871, 0, 118.63
2026/09/22 22:23:55.996, 0, 12093, 97871, 0, 118.44
2026/09/22 22:23:55.996, 1, 14397, 97871, 0, 121.27
2026/09/22 22:23:55.996, 2, 16701, 97871, 1, 118.01
2026/09/22 22:23:55.996, 3, 19001, 97871, 1, 118.66
2026/09/22 22:23:56.196, 0, 12093, 97871, 0, 118.42
2026/09/22 22:23:56.196, 1, 14397, 97871, 0, 121.28
2026/09/22 22:23:56.196, 2, 16701, 97871, 1, 118.02
2026/09/22 22:23:56.196, 3, 19001, 97871, 2, 118.66
2026/09/22 22:23:56.396, 0, 12093, 97871, 0, 118.40
2026/09/22 22:23:56.396, 1, 14397, 97871, 0, 121.32
2026/09/22 22:23:56.396, 2, 16701, 97871, 1, 118.04
2026/09/22 22:23:56.396, 3, 19001, 97871, 1, 118.66
2026/09/22 22:23:56.597, 0, 12093, 97871, 0, 118.40
2026/09/22 22:23:56.597, 1, 14397, 97871, 0, 121.33
2026/09/22 22:23:56.597, 2, 16701, 97871, 1, 118.05
2026/09/22 22:23:56.597, 3, 19001, 97871, 1, 118.70
2026/09/22 22:23:56.797, 0, 12093, 97871, 0, 118.37
2026/09/22 22:23:56.797, 1, 14397, 97871, 0, 121.35
2026/09/22 22:23:56.797, 2, 16701, 97871, 2, 118.05
2026/09/22 22:23:56.797, 3, 19001, 97871, 0, 118.71
2026/09/22 22:23:56.997, 0, 12093, 97871, 0, 118.36
2026/09/22 22:23:56.997, 1, 14397, 97871, 0, 121.34
2026/09/22 22:23:56.997, 2, 16701, 97871, 2, 118.05
2026/09/22 22:23:56.997, 3, 19001, 97871, 0, 118.69
2026/09/22 22:23:57.197, 0, 12093, 97871, 0, 118.37
2026/09/22 22:23:57.197, 1, 14397, 97871, 0, 121.36
2026/09/22 22:23:57.197, 2, 16701, 97871, 1, 118.05
2026/09/22 22:23:57.197, 3, 19001, 97871, 1, 118.72
2026/09/22 22:23:57.397, 0, 12093, 97871, 0, 118.37
2026/09/22 22:23:57.397, 1, 14397, 97871, 0, 121.36
2026/09/22 22:23:57.397, 2, 16701, 97871, 1, 118.05
2026/09/22 22:23:57.397, 3, 19001, 97871, 2, 118.71
2026/09/22 22:23:57.597, 0, 12093, 97871, 0, 118.37
2026/09/22 22:23:57.597, 1, 14397, 97871, 0, 121.37
2026/09/22 22:23:57.597, 2, 16701, 97871, 0, 118.04
2026/09/22 22:23:57.597, 3, 19001, 97871, 2, 118.69
2026/09/22 22:23:57.797, 0, 12093, 97871, 0, 118.36
2026/09/22 22:23:57.797, 1, 14397, 97871, 0, 121.37
2026/09/22 22:23:57.797, 2, 16701, 97871, 1, 118.04
2026/09/22 22:23:57.797, 3, 19001, 97871, 1, 118.65
2026/09/22 22:23:57.998, 0, 12093, 97871, 0, 118.35
2026/09/22 22:23:57.998, 1, 14397, 97871, 0, 121.40
2026/09/22 22:23:57.998, 2, 16701, 97871, 1, 118.01
2026/09/22 22:23:57.998, 3, 19001, 97871, 1, 118.69
2026/09/22 22:23:58.198, 0, 12093, 97871, 0, 118.33
2026/09/22 22:23:58.198, 1, 14397, 97871, 0, 121.39
2026/09/22 22:23:58.198, 2, 16701, 97871, 1, 117.99
2026/09/22 22:23:58.198, 3, 19001, 97871, 0, 118.65
2026/09/22 22:23:58.398, 0, 12093, 97871, 0, 118.34
2026/09/22 22:23:58.398, 1, 14397, 97871, 0, 121.38
2026/09/22 22:23:58.398, 2, 16701, 97871, 2, 117.97
2026/09/22 22:23:58.398, 3, 19001, 97871, 0, 118.63
2026/09/22 22:23:58.598, 0, 12093, 97871, 0, 118.35
2026/09/22 22:23:58.598, 1, 14397, 97871, 0, 121.36
2026/09/22 22:23:58.598, 2, 16701, 97871, 0, 117.97
2026/09/22 22:23:58.598, 3, 19001, 97871, 1, 118.59
2026/09/22 22:23:58.798, 0, 12093, 97871, 0, 118.34
2026/09/22 22:23:58.798, 1, 14397, 97871, 0, 121.37
2026/09/22 22:23:58.798, 2, 16701, 97871, 0, 117.94
2026/09/22 22:23:58.798, 3, 19001, 97871, 1, 118.59
2026/09/22 22:23:58.998, 0, 12093, 97871, 0, 118.38
2026/09/22 22:23:58.998, 1, 14397, 97871, 0, 121.37
2026/09/22 22:23:58.998, 2, 16701, 97871, 0, 117.97
2026/09/22 22:23:58.998, 3, 19001, 97871, 2, 118.57
2026/09/22 22:23:59.198, 0, 12093, 97871, 0, 118.39
2026/09/22 22:23:59.198, 1, 14397, 97871, 0, 121.38
2026/09/22 22:23:59.198, 2, 16701, 97871, 0, 117.97
2026/09/22 22:23:59.198, 3, 19001, 97871, 2, 118.56
2026/09/22 22:23:59.399, 0, 12093, 97871, 0, 118.39
2026/09/22 22:23:59.399, 1, 14397, 97871, 0, 121.39
2026/09/22 22:23:59.399, 2, 16701, 97871, 0, 117.88
2026/09/22 22:23:59.399, 3, 19001, 97871, 2, 118.57
2026/09/22 22:23:59.599, 0, 12093, 97871, 0, 118.38
2026/09/22 22:23:59.599, 1, 14397, 97871, 0, 121.43
2026/09/22 22:23:59.599, 2, 16701, 97871, 0, 117.78
2026/09/22 22:23:59.599, 3, 19001, 97871, 1, 118.59
2026/09/22 22:23:59.799, 0, 12093, 97871, 0, 118.39
2026/09/22 22:23:59.799, 1, 14397, 97871, 0, 121.41
2026/09/22 22:23:59.799, 2, 16701, 97871, 0, 117.68
2026/09/22 22:23:59.799, 3, 19001, 97871, 1, 118.60
2026/09/22 22:23:59.999, 0, 12093, 97871, 0, 118.37
2026/09/22 22:23:59.999, 1, 14397, 97871, 0, 121.39
2026/09/22 22:23:59.999, 2, 16701, 97871, 0, 117.56
2026/09/22 22:23:59.999, 3, 19001, 97871, 1, 118.63
2026/09/22 22:24:00.199, 0, 12093, 97871, 0, 118.38
2026/09/22 22:24:00.199, 1, 14397, 97871, 0, 121.38
2026/09/22 22:24:00.199, 2, 16701, 97871, 0, 117.47
2026/09/22 22:24:00.199, 3, 19001, 97871, 0, 118.66
2026/09/22 22:24:00.399, 0, 12093, 97871, 0, 118.37
2026/09/22 22:24:00.399, 1, 14397, 97871, 0, 121.42
2026/09/22 22:24:00.399, 2, 16701, 97871, 0, 117.47
2026/09/22 22:24:00.399, 3, 19001, 97871, 1, 118.67
2026/09/22 22:24:00.599, 0, 12093, 97871, 0, 118.37
2026/09/22 22:24:00.599, 1, 14397, 97871, 0, 121.37
2026/09/22 22:24:00.599, 2, 16701, 97871, 0, 117.47
2026/09/22 22:24:00.599, 3, 19001, 97871, 1, 118.67
2026/09/22 22:24:00.800, 0, 12093, 97871, 0, 118.39
2026/09/22 22:24:00.800, 1, 14397, 97871, 0, 121.37
2026/09/22 22:24:00.800, 2, 16701, 97871, 0, 117.48
2026/09/22 22:24:00.800, 3, 19001, 97871, 1, 118.68
2026/09/22 22:24:01.000, 0, 12093, 97871, 0, 118.38
2026/09/22 22:24:01.000, 1, 14397, 97871, 0, 121.38
2026/09/22 22:24:01.000, 2, 16701, 97871, 0, 117.49
2026/09/22 22:24:01.000, 3, 19001, 97871, 1, 118.66
2026/09/22 22:24:01.200, 0, 12093, 97871, 0, 118.40
2026/09/22 22:24:01.200, 1, 14397, 97871, 0, 121.37
2026/09/22 22:24:01.200, 2, 16701, 97871, 0, 117.49
2026/09/22 22:24:01.200, 3, 19001, 97871, 1, 118.64
2026/09/22 22:24:01.400, 0, 12093, 97871, 0, 118.40
2026/09/22 22:24:01.400, 1, 14397, 97871, 0, 121.33
2026/09/22 22:24:01.400, 2, 16701, 97871, 0, 117.48
2026/09/22 22:24:01.400, 3, 19001, 97871, 2, 118.61
2026/09/22 22:24:01.600, 0, 12093, 97871, 0, 118.40
2026/09/22 22:24:01.600, 1, 14397, 97871, 0, 121.37
2026/09/22 22:24:01.600, 2, 16701, 97871, 0, 117.49
2026/09/22 22:24:01.600, 3, 19001, 97871, 1, 118.63
2026/09/22 22:24:01.800, 0, 12093, 97871, 0, 118.39
2026/09/22 22:24:01.800, 1, 14397, 97871, 0, 121.36
2026/09/22 22:24:01.800, 2, 16701, 97871, 0, 117.49
2026/09/22 22:24:01.800, 3, 19001, 97871, 1, 118.60
2026/09/22 22:24:02.000, 0, 12093, 97871, 0, 118.36
2026/09/22 22:24:02.000, 1, 14397, 97871, 0, 121.35
2026/09/22 22:24:02.000, 2, 16701, 97871, 0, 117.49
2026/09/22 22:24:02.001, 3, 19001, 97871, 1, 118.58
2026/09/22 22:24:02.201, 0, 12093, 97871, 0, 118.36
2026/09/22 22:24:02.201, 1, 14397, 97871, 0, 121.35
2026/09/22 22:24:02.201, 2, 16701, 97871, 0, 117.52
2026/09/22 22:24:02.201, 3, 19001, 97871, 1, 118.59
2026/09/22 22:24:02.401, 0, 12093, 97871, 0, 118.35
2026/09/22 22:24:02.401, 1, 14397, 97871, 0, 121.35
2026/09/22 22:24:02.401, 2, 16701, 97871, 0, 117.51
2026/09/22 22:24:02.401, 3, 19001, 97871, 1, 118.61
2026/09/22 22:24:02.601, 0, 12093, 97871, 0, 118.33
2026/09/22 22:24:02.601, 1, 14397, 97871, 0, 121.32
2026/09/22 22:24:02.601, 2, 16701, 97871, 0, 117.53
2026/09/22 22:24:02.601, 3, 19001, 97871, 1, 118.59
2026/09/22 22:24:02.801, 0, 12093, 97871, 0, 118.32
2026/09/22 22:24:02.801, 1, 14397, 97871, 0, 121.32
2026/09/22 22:24:02.801, 2, 16701, 97871, 0, 117.52
2026/09/22 22:24:02.801, 3, 19001, 97871, 0, 118.62
2026/09/22 22:24:03.001, 0, 12093, 97871, 0, 118.32
2026/09/22 22:24:03.001, 1, 14397, 97871, 0, 121.34
2026/09/22 22:24:03.001, 2, 16701, 97871, 0, 117.53
2026/09/22 22:24:03.001, 3, 19001, 97871, 1, 118.62
2026/09/22 22:24:03.201, 0, 12093, 97871, 0, 118.30
2026/09/22 22:24:03.201, 1, 14397, 97871, 0, 121.35
2026/09/22 22:24:03.201, 2, 16701, 97871, 0, 117.52
2026/09/22 22:24:03.201, 3, 19001, 97871, 1, 118.59
2026/09/22 22:24:03.401, 0, 12093, 97871, 0, 118.30
2026/09/22 22:24:03.401, 1, 14397, 97871, 0, 121.33
2026/09/22 22:24:03.401, 2, 16701, 97871, 0, 117.54
2026/09/22 22:24:03.401, 3, 19001, 97871, 1, 118.55
2026/09/22 22:24:03.602, 0, 12093, 97871, 0, 118.32
2026/09/22 22:24:03.602, 1, 14397, 97871, 0, 121.35
2026/09/22 22:24:03.602, 2, 16701, 97871, 0, 117.50
2026/09/22 22:24:03.602, 3, 19001, 97871, 1, 118.57
2026/09/22 22:24:03.802, 0, 12093, 97871, 0, 118.32
2026/09/22 22:24:03.802, 1, 14397, 97871, 0, 121.36
2026/09/22 22:24:03.802, 2, 16701, 97871, 0, 117.49
2026/09/22 22:24:03.802, 3, 19001, 97871, 1, 118.53
2026/09/22 22:24:04.002, 0, 12093, 97871, 0, 118.33
2026/09/22 22:24:04.002, 1, 14397, 97871, 0, 121.35
2026/09/22 22:24:04.002, 2, 16701, 97871, 0, 117.49
2026/09/22 22:24:04.002, 3, 19001, 97871, 1, 118.50
2026/09/22 22:24:04.202, 0, 12093, 97871, 0, 118.32
2026/09/22 22:24:04.202, 1, 14397, 97871, 0, 121.34
2026/09/22 22:24:04.202, 2, 16701, 97871, 0, 117.48
2026/09/22 22:24:04.202, 3, 19001, 97871, 0, 118.51
2026/09/22 22:24:04.402, 0, 12093, 97871, 0, 118.32
2026/09/22 22:24:04.402, 1, 14397, 97871, 0, 121.34
2026/09/22 22:24:04.402, 2, 16701, 97871, 0, 117.47
2026/09/22 22:24:04.402, 3, 19001, 97871, 0, 118.55
2026/09/22 22:24:04.602, 0, 12093, 97871, 0, 118.31
2026/09/22 22:24:04.603, 1, 14397, 97871, 0, 121.34
2026/09/22 22:24:04.603, 2, 16701, 97871, 0, 117.47
2026/09/22 22:24:04.603, 3, 19001, 97871, 0, 118.54
2026/09/22 22:24:04.803, 0, 12093, 97871, 0, 118.31
2026/09/22 22:24:04.803, 1, 14397, 97871, 0, 121.34
2026/09/22 22:24:04.803, 2, 16701, 97871, 0, 117.47
2026/09/22 22:24:04.803, 3, 19001, 97871, 0, 118.54
2026/09/22 22:24:05.003, 0, 12093, 97871, 0, 118.31
2026/09/22 22:24:05.003, 1, 14397, 97871, 0, 121.34
2026/09/22 22:24:05.003, 2, 16701, 97871, 0, 117.45
2026/09/22 22:24:05.003, 3, 19001, 97871, 0, 118.56
2026/09/22 22:24:05.203, 0, 12093, 97871, 0, 118.30
2026/09/22 22:24:05.203, 1, 14397, 97871, 0, 121.33
2026/09/22 22:24:05.203, 2, 16701, 97871, 0, 117.43
2026/09/22 22:24:05.203, 3, 19001, 97871, 0, 118.56
2026/09/22 22:24:05.404, 0, 12093, 97871, 0, 118.31
2026/09/22 22:24:05.404, 1, 14397, 97871, 0, 121.34
2026/09/22 22:24:05.404, 2, 16701, 97871, 0, 117.41
2026/09/22 22:24:05.404, 3, 19001, 97871, 0, 118.53
2026/09/22 22:24:05.604, 0, 12093, 97871, 0, 118.32
2026/09/22 22:24:05.604, 1, 14397, 97871, 0, 121.36
2026/09/22 22:24:05.604, 2, 16701, 97871, 0, 117.42
2026/09/22 22:24:05.604, 3, 19001, 97871, 0, 118.53
2026/09/22 22:24:05.804, 0, 12093, 97871, 0, 118.32
2026/09/22 22:24:05.804, 1, 14397, 97871, 0, 121.36
2026/09/22 22:24:05.804, 2, 16701, 97871, 0, 117.42
2026/09/22 22:24:05.804, 3, 19001, 97871, 0, 118.54
2026/09/22 22:24:06.004, 0, 12093, 97871, 0, 118.33
2026/09/22 22:24:06.004, 1, 14397, 97871, 0, 121.35
2026/09/22 22:24:06.004, 2, 16701, 97871, 0, 117.43
2026/09/22 22:24:06.004, 3, 19001, 97871, 0, 118.54
2026/09/22 22:24:06.204, 0, 12093, 97871, 0, 118.33
2026/09/22 22:24:06.204, 1, 14397, 97871, 0, 121.36
2026/09/22 22:24:06.204, 2, 16701, 97871, 0, 117.43
2026/09/22 22:24:06.204, 3, 19001, 97871, 0, 118.54
2026/09/22 22:24:06.404, 0, 12093, 97871, 0, 118.33
2026/09/22 22:24:06.404, 1, 14397, 97871, 0, 121.38
2026/09/22 22:24:06.404, 2, 16701, 97871, 0, 117.44
2026/09/22 22:24:06.405, 3, 19001, 97871, 0, 118.58
2026/09/22 22:24:06.605, 0, 12093, 97871, 0, 118.33
2026/09/22 22:24:06.605, 1, 14397, 97871, 0, 121.35
2026/09/22 22:24:06.605, 2, 16701, 97871, 0, 117.45
2026/09/22 22:24:06.605, 3, 19001, 97871, 0, 118.60
2026/09/22 22:24:06.805, 0, 12093, 97871, 0, 118.33
2026/09/22 22:24:06.805, 1, 14397, 97871, 0, 121.34
2026/09/22 22:24:06.805, 2, 16701, 97871, 0, 117.45
2026/09/22 22:24:06.805, 3, 19001, 97871, 0, 118.59
2026/09/22 22:24:07.005, 0, 12093, 97871, 0, 118.31
2026/09/22 22:24:07.005, 1, 14397, 97871, 0, 121.36
2026/09/22 22:24:07.005, 2, 16701, 97871, 0, 117.45
2026/09/22 22:24:07.005, 3, 19001, 97871, 0, 118.61
2026/09/22 22:24:07.205, 0, 13087, 97871, 3, 119.36
2026/09/22 22:24:07.205, 1, 15391, 97871, 0, 121.36
2026/09/22 22:24:07.205, 2, 17695, 97871, 3, 117.48
2026/09/22 22:24:07.205, 3, 19995, 97871, 0, 118.64
2026/09/22 22:24:07.405, 0, 13087, 97871, 0, 119.56
2026/09/22 22:24:07.405, 1, 15391, 97871, 2, 122.13
2026/09/22 22:24:07.405, 2, 17695, 97871, 0, 118.32
2026/09/22 22:24:07.405, 3, 19995, 97871, 5, 119.32
2026/09/22 22:24:07.605, 0, 13087, 97871, 0, 119.55
2026/09/22 22:24:07.606, 1, 15391, 97871, 0, 122.14
2026/09/22 22:24:07.606, 2, 17695, 97871, 0, 118.37
2026/09/22 22:24:07.606, 3, 19995, 97871, 0, 119.29
2026/09/22 22:24:07.806, 0, 13197, 97871, 61, 136.10
2026/09/22 22:24:07.806, 1, 15501, 97871, 5, 127.88
2026/09/22 22:24:07.806, 2, 17805, 97871, 55, 123.81
2026/09/22 22:24:07.806, 3, 20105, 97871, 4, 129.44
2026/09/22 22:24:08.006, 0, 13197, 97871, 100, 173.30
2026/09/22 22:24:08.006, 1, 15501, 97871, 100, 160.29
2026/09/22 22:24:08.006, 2, 17805, 97871, 100, 156.50
2026/09/22 22:24:08.006, 3, 20105, 97871, 100, 165.87
2026/09/22 22:24:08.206, 0, 16397, 97871, 99, 207.76
2026/09/22 22:24:08.206, 1, 18701, 97871, 100, 196.82
2026/09/22 22:24:08.206, 2, 21005, 97871, 100, 191.03
2026/09/22 22:24:08.206, 3, 23305, 97871, 100, 203.32
2026/09/22 22:24:08.406, 0, 16397, 97871, 100, 243.30
2026/09/22 22:24:08.406, 1, 18701, 97871, 100, 233.38
2026/09/22 22:24:08.406, 2, 21005, 97871, 100, 225.90
2026/09/22 22:24:08.406, 3, 23305, 97871, 100, 237.16
2026/09/22 22:24:08.606, 0, 16397, 97871, 100, 283.10
2026/09/22 22:24:08.606, 1, 18701, 97871, 100, 267.25
2026/09/22 22:24:08.606, 2, 21005, 97871, 100, 265.11
2026/09/22 22:24:08.606, 3, 23305, 97871, 100, 276.73
2026/09/22 22:24:08.806, 0, 16397, 97871, 100, 303.40
2026/09/22 22:24:08.806, 1, 18701, 97871, 100, 301.29
2026/09/22 22:24:08.806, 2, 21005, 97871, 100, 296.67
2026/09/22 22:24:08.806, 3, 23305, 97871, 100, 303.51
2026/09/22 22:24:09.006, 0, 19277, 97871, 100, 303.55
2026/09/22 22:24:09.007, 1, 21581, 97871, 100, 305.82
2026/09/22 22:24:09.007, 2, 23885, 97871, 100, 300.46
2026/09/22 22:24:09.007, 3, 26185, 97871, 100, 303.77
2026/09/22 22:24:09.207, 0, 20301, 97871, 99, 317.12
2026/09/22 22:24:09.207, 1, 22605, 97871, 87, 298.01
2026/09/22 22:24:09.207, 2, 24909, 97871, 100, 294.52
2026/09/22 22:24:09.207, 3, 26697, 97871, 88, 296.20
2026/09/22 22:24:09.407, 0, 20301, 97871, 100, 333.58
2026/09/22 22:24:09.407, 1, 22605, 97871, 100, 282.85
2026/09/22 22:24:09.407, 2, 24909, 97871, 100, 283.37
2026/09/22 22:24:09.407, 3, 26697, 97871, 100, 280.92
2026/09/22 22:24:09.607, 0, 20301, 97871, 100, 351.22
2026/09/22 22:24:09.607, 1, 22605, 97871, 100, 269.17
2026/09/22 22:24:09.608, 2, 24909, 97871, 100, 268.70
2026/09/22 22:24:09.608, 3, 26697, 97871, 100, 269.69
2026/09/22 22:24:09.808, 0, 20301, 97871, 100, 368.15
2026/09/22 22:24:09.808, 1, 22605, 97871, 100, 253.99
2026/09/22 22:24:09.808, 2, 24909, 97871, 100, 254.21
2026/09/22 22:24:09.808, 3, 26697, 97871, 100, 257.39
2026/09/22 22:24:10.008, 0, 20301, 97871, 100, 386.17
2026/09/22 22:24:10.008, 1, 22605, 97871, 100, 237.31
2026/09/22 22:24:10.008, 2, 24909, 97871, 100, 242.14
2026/09/22 22:24:10.008, 3, 26697, 97871, 100, 242.63
2026/09/22 22:24:10.208, 0, 20301, 97871, 100, 391.93
2026/09/22 22:24:10.208, 1, 22605, 97871, 100, 232.86
2026/09/22 22:24:10.208, 2, 24909, 97871, 100, 232.37
2026/09/22 22:24:10.208, 3, 26697, 97871, 100, 238.25
2026/09/22 22:24:10.408, 0, 20301, 97871, 100, 392.77
2026/09/22 22:24:10.408, 1, 22605, 97871, 100, 234.57
2026/09/22 22:24:10.408, 2, 24909, 97871, 100, 231.23
2026/09/22 22:24:10.408, 3, 26697, 97871, 100, 241.40
2026/09/22 22:24:10.608, 0, 20301, 97871, 100, 390.48
2026/09/22 22:24:10.608, 1, 22605, 97871, 100, 231.35
2026/09/22 22:24:10.608, 2, 24909, 97871, 100, 232.08
2026/09/22 22:24:10.608, 3, 26697, 97871, 100, 240.32
2026/09/22 22:24:10.808, 0, 20301, 97871, 100, 391.95
2026/09/22 22:24:10.808, 1, 22605, 97871, 100, 233.93
2026/09/22 22:24:10.808, 2, 24909, 97871, 100, 232.60
2026/09/22 22:24:10.808, 3, 26697, 97871, 100, 237.75
2026/09/22 22:24:11.008, 0, 20301, 97871, 100, 390.66
2026/09/22 22:24:11.008, 1, 22605, 97871, 100, 233.09
2026/09/22 22:24:11.008, 2, 24909, 97871, 100, 231.04
2026/09/22 22:24:11.008, 3, 26697, 97871, 100, 241.33
2026/09/22 22:24:11.209, 0, 20301, 97871, 100, 390.80
2026/09/22 22:24:11.209, 1, 22605, 97871, 100, 232.17
2026/09/22 22:24:11.209, 2, 24909, 97871, 100, 232.82
2026/09/22 22:24:11.209, 3, 26697, 97871, 100, 238.46
2026/09/22 22:24:11.409, 0, 20301, 97871, 100, 391.73
2026/09/22 22:24:11.409, 1, 22605, 97871, 100, 232.66
2026/09/22 22:24:11.409, 2, 24909, 97871, 100, 232.54
2026/09/22 22:24:11.409, 3, 26697, 97871, 100, 239.53
2026/09/22 22:24:11.609, 0, 20301, 97871, 100, 393.13
2026/09/22 22:24:11.609, 1, 22605, 97871, 100, 235.54
2026/09/22 22:24:11.609, 2, 24909, 97871, 100, 229.99
2026/09/22 22:24:11.609, 3, 26697, 97871, 100, 240.73
2026/09/22 22:24:11.809, 0, 20303, 97871, 100, 392.23
2026/09/22 22:24:11.809, 1, 22607, 97871, 100, 231.53
2026/09/22 22:24:11.809, 2, 24911, 97871, 100, 234.69
2026/09/22 22:24:11.809, 3, 26699, 97871, 100, 240.61
2026/09/22 22:24:12.009, 0, 20837, 97871, 2, 343.34
2026/09/22 22:24:12.013, 1, 23141, 97871, 29, 220.35
2026/09/22 22:24:12.014, 2, 25445, 97871, 1, 220.39
2026/09/22 22:24:12.014, 3, 27233, 97871, 1, 219.79
2026/09/22 22:24:12.214, 0, 22323, 97871, 0, 289.12
2026/09/22 22:24:12.215, 1, 24627, 97871, 0, 200.65
2026/09/22 22:24:12.215, 2, 26931, 97871, 0, 194.90
2026/09/22 22:24:12.215, 3, 28719, 97871, 0, 198.07
2026/09/22 22:24:12.415, 0, 22323, 97871, 11, 243.24
2026/09/22 22:24:12.415, 1, 24627, 97871, 13, 180.26
2026/09/22 22:24:12.415, 2, 26931, 97871, 9, 178.75
2026/09/22 22:24:12.415, 3, 28719, 97871, 0, 180.63
2026/09/22 22:24:12.615, 0, 22323, 97871, 0, 190.06
2026/09/22 22:24:12.615, 1, 24627, 97871, 0, 159.18
2026/09/22 22:24:12.615, 2, 26931, 97871, 0, 156.35
2026/09/22 22:24:12.615, 3, 28719, 97871, 0, 153.43
2026/09/22 22:24:12.815, 0, 12731, 97871, 0, 132.21
2026/09/22 22:24:12.815, 1, 15035, 97871, 0, 136.66
2026/09/22 22:24:12.815, 2, 17339, 97871, 0, 133.57
2026/09/22 22:24:12.815, 3, 19639, 97871, 22, 129.95
2026/09/22 22:24:13.015, 0, 32831, 97871, 0, 127.53
2026/09/22 22:24:13.016, 1, 35135, 97871, 15, 127.92
2026/09/22 22:24:13.016, 2, 38779, 97871, 0, 124.14
2026/09/22 22:24:13.016, 3, 41079, 97871, 0, 124.90
2026/09/22 22:24:13.216, 0, 81725, 97871, 90, 168.16
2026/09/22 22:24:13.217, 1, 84029, 97871, 41, 140.46
2026/09/22 22:24:13.217, 2, 86333, 97871, 88, 139.94
2026/09/22 22:24:13.217, 3, 88121, 97871, 100, 142.13
2026/09/22 22:24:13.417, 0, 81725, 97871, 100, 217.73
2026/09/22 22:24:13.417, 1, 84029, 97871, 100, 159.23
2026/09/22 22:24:13.417, 2, 86333, 97871, 100, 156.32
2026/09/22 22:24:13.417, 3, 88121, 97871, 100, 163.20
2026/09/22 22:24:13.617, 0, 81725, 97871, 100, 270.43
2026/09/22 22:24:13.617, 1, 84029, 97871, 100, 177.46
2026/09/22 22:24:13.617, 2, 86333, 97871, 100, 182.11
2026/09/22 22:24:13.617, 3, 88121, 97871, 100, 184.98
2026/09/22 22:24:13.817, 0, 81725, 97871, 100, 321.78
2026/09/22 22:24:13.817, 1, 84029, 97871, 100, 203.12
2026/09/22 22:24:13.817, 2, 86333, 97871, 100, 201.68
2026/09/22 22:24:13.817, 3, 88121, 97871, 100, 209.55
2026/09/22 22:24:14.017, 0, 81725, 97871, 100, 374.73
2026/09/22 22:24:14.017, 1, 84029, 97871, 100, 223.66
2026/09/22 22:24:14.017, 2, 86333, 97871, 100, 225.40
2026/09/22 22:24:14.017, 3, 88121, 97871, 100, 235.90
2026/09/22 22:24:14.217, 0, 81725, 97871, 100, 391.91
2026/09/22 22:24:14.217, 1, 84029, 97871, 100, 232.30
2026/09/22 22:24:14.217, 2, 86333, 97871, 100, 232.79
2026/09/22 22:24:14.217, 3, 88121, 97871, 100, 239.49
2026/09/22 22:24:14.417, 0, 81725, 97871, 100, 393.38
2026/09/22 22:24:14.417, 1, 84029, 97871, 100, 231.88
2026/09/22 22:24:14.417, 2, 86333, 97871, 100, 233.49
2026/09/22 22:24:14.417, 3, 88121, 97871, 100, 238.91
2026/09/22 22:24:14.617, 0, 81725, 97871, 100, 392.73
2026/09/22 22:24:14.618, 1, 84029, 97871, 100, 235.84
2026/09/22 22:24:14.618, 2, 86333, 97871, 100, 231.21
2026/09/22 22:24:14.618, 3, 88121, 97871, 100, 240.72
2026/09/22 22:24:14.818, 0, 81725, 97871, 100, 393.34
2026/09/22 22:24:14.818, 1, 84029, 97871, 100, 234.68
2026/09/22 22:24:14.818, 2, 86333, 97871, 100, 232.73
2026/09/22 22:24:14.818, 3, 88121, 97871, 100, 241.55
2026/09/22 22:24:15.018, 0, 81725, 97871, 100, 391.41
2026/09/22 22:24:15.018, 1, 84029, 97871, 100, 231.93
2026/09/22 22:24:15.018, 2, 86333, 97871, 100, 235.97
2026/09/22 22:24:15.018, 3, 88121, 97871, 100, 237.51
2026/09/22 22:24:15.218, 0, 81725, 97871, 100, 394.25
2026/09/22 22:24:15.218, 1, 84029, 97871, 100, 236.31
2026/09/22 22:24:15.218, 2, 86333, 97871, 100, 230.23
2026/09/22 22:24:15.218, 3, 88121, 97871, 100, 240.33
2026/09/22 22:24:15.418, 0, 81725, 97871, 100, 392.59
2026/09/22 22:24:15.418, 1, 84029, 97871, 100, 234.31
2026/09/22 22:24:15.418, 2, 86333, 97871, 100, 231.35
2026/09/22 22:24:15.418, 3, 88121, 97871, 100, 242.60
2026/09/22 22:24:15.618, 0, 81725, 97871, 100, 393.28
2026/09/22 22:24:15.618, 1, 84029, 97871, 100, 232.87
2026/09/22 22:24:15.618, 2, 86333, 97871, 100, 232.62
2026/09/22 22:24:15.618, 3, 88121, 97871, 100, 238.52
2026/09/22 22:24:15.818, 0, 81725, 97871, 100, 394.25
2026/09/22 22:24:15.818, 1, 84029, 97871, 100, 232.88
2026/09/22 22:24:15.818, 2, 86333, 97871, 100, 232.11
2026/09/22 22:24:15.818, 3, 88121, 97871, 100, 239.94
2026/09/22 22:24:16.018, 0, 82619, 97871, 73, 367.18
2026/09/22 22:24:16.019, 1, 84923, 97871, 83, 234.05
2026/09/22 22:24:16.019, 2, 87227, 97871, 76, 227.21
2026/09/22 22:24:16.019, 3, 89609, 97871, 18, 234.72
2026/09/22 22:24:16.219, 0, 82619, 97871, 0, 311.99
2026/09/22 22:24:16.219, 1, 84923, 97871, 0, 210.53
2026/09/22 22:24:16.219, 2, 87227, 97871, 0, 206.79
2026/09/22 22:24:16.219, 3, 89609, 97871, 0, 211.19
2026/09/22 22:24:16.419, 0, 82619, 97871, 0, 260.08
2026/09/22 22:24:16.419, 1, 84923, 97871, 0, 188.97
2026/09/22 22:24:16.419, 2, 87227, 97871, 0, 186.36
2026/09/22 22:24:16.419, 3, 89609, 97871, 0, 185.98
2026/09/22 22:24:16.619, 0, 82619, 97871, 0, 207.90
2026/09/22 22:24:16.619, 1, 84923, 97871, 0, 169.96
2026/09/22 22:24:16.619, 2, 87227, 97871, 0, 160.40
2026/09/22 22:24:16.619, 3, 89609, 97871, 0, 162.75
2026/09/22 22:24:16.819, 0, 82619, 97871, 0, 153.69
2026/09/22 22:24:16.819, 1, 84923, 97871, 0, 146.11
2026/09/22 22:24:16.819, 2, 87227, 97871, 0, 137.82
2026/09/22 22:24:16.819, 3, 89609, 97871, 0, 141.11
2026/09/22 22:24:17.019, 0, 82619, 97871, 0, 121.03
2026/09/22 22:24:17.019, 1, 84923, 97871, 0, 127.13
2026/09/22 22:24:17.019, 2, 87227, 97871, 0, 119.66
2026/09/22 22:24:17.019, 3, 89609, 97871, 0, 119.36
2026/09/22 22:24:17.220, 0, 82619, 97871, 0, 120.83
2026/09/22 22:24:17.220, 1, 84923, 97871, 0, 122.88
2026/09/22 22:24:17.220, 2, 87227, 97871, 0, 118.79
2026/09/22 22:24:17.220, 3, 89609, 97871, 0, 119.26
2026/09/22 22:24:17.420, 0, 82619, 97871, 0, 120.62
2026/09/22 22:24:17.420, 1, 84923, 97871, 0, 122.80
2026/09/22 22:24:17.420, 2, 87227, 97871, 0, 118.74
2026/09/22 22:24:17.420, 3, 89609, 97871, 0, 119.21
2026/09/22 22:24:17.620, 0, 82619, 97871, 0, 120.47
2026/09/22 22:24:17.620, 1, 84923, 97871, 0, 122.79
2026/09/22 22:24:17.620, 2, 87227, 97871, 0, 118.69
2026/09/22 22:24:17.620, 3, 89609, 97871, 0, 119.21
2026/09/22 22:24:17.820, 0, 82619, 97871, 0, 120.36
2026/09/22 22:24:17.820, 1, 84923, 97871, 0, 122.73
2026/09/22 22:24:17.820, 2, 87227, 97871, 0, 118.67
2026/09/22 22:24:17.820, 3, 89609, 97871, 0, 119.20
2026/09/22 22:24:18.020, 0, 82619, 97871, 0, 120.26
2026/09/22 22:24:18.020, 1, 84923, 97871, 0, 122.71
2026/09/22 22:24:18.020, 2, 87227, 97871, 0, 118.65
2026/09/22 22:24:18.020, 3, 89609, 97871, 0, 119.17
2026/09/22 22:24:18.220, 0, 82619, 97871, 0, 120.17
2026/09/22 22:24:18.220, 1, 84923, 97871, 0, 122.69
2026/09/22 22:24:18.220, 2, 87227, 97871, 0, 118.62
2026/09/22 22:24:18.220, 3, 89609, 97871, 0, 119.14
2026/09/22 22:24:18.421, 0, 82619, 97871, 0, 119.97
2026/09/22 22:24:18.421, 1, 84923, 97871, 0, 122.69
2026/09/22 22:24:18.421, 2, 87227, 97871, 0, 118.61
2026/09/22 22:24:18.421, 3, 89609, 97871, 0, 119.13
2026/09/22 22:24:18.621, 0, 82619, 97871, 0, 119.76
2026/09/22 22:24:18.621, 1, 84923, 97871, 0, 122.63
2026/09/22 22:24:18.621, 2, 87227, 97871, 0, 118.61
2026/09/22 22:24:18.621, 3, 89609, 97871, 0, 119.12
2026/09/22 22:24:18.821, 0, 82619, 97871, 0, 119.58
2026/09/22 22:24:18.821, 1, 84923, 97871, 0, 122.64
2026/09/22 22:24:18.821, 2, 87227, 97871, 0, 118.60
2026/09/22 22:24:18.821, 3, 89609, 97871, 0, 119.11
2026/09/22 22:24:19.021, 0, 82619, 97871, 0, 119.41
2026/09/22 22:24:19.021, 1, 84923, 97871, 0, 122.62
2026/09/22 22:24:19.021, 2, 87227, 97871, 0, 118.60
2026/09/22 22:24:19.021, 3, 89609, 97871, 0, 119.10
2026/09/22 22:24:19.221, 0, 82619, 97871, 0, 119.21
2026/09/22 22:24:19.221, 1, 84923, 97871, 0, 122.60
2026/09/22 22:24:19.221, 2, 87227, 97871, 0, 118.60
2026/09/22 22:24:19.221, 3, 89609, 97871, 0, 119.10
2026/09/22 22:24:19.421, 0, 82619, 97871, 0, 119.15
2026/09/22 22:24:19.421, 1, 84923, 97871, 0, 122.57
2026/09/22 22:24:19.421, 2, 87227, 97871, 0, 118.61
2026/09/22 22:24:19.421, 3, 89609, 97871, 0, 119.08
2026/09/22 22:24:19.622, 0, 82619, 97871, 0, 119.13
2026/09/22 22:24:19.622, 1, 84923, 97871, 0, 122.58
2026/09/22 22:24:19.622, 2, 87227, 97871, 0, 118.59
2026/09/22 22:24:19.622, 3, 89609, 97871, 0, 119.06
2026/09/22 22:24:19.822, 0, 82619, 97871, 0, 119.08
2026/09/22 22:24:19.822, 1, 84923, 97871, 0, 122.57
2026/09/22 22:24:19.822, 2, 87227, 97871, 0, 118.57
2026/09/22 22:24:19.822, 3, 89609, 97871, 0, 119.08
2026/09/22 22:24:20.022, 0, 82619, 97871, 0, 119.04
2026/09/22 22:24:20.022, 1, 84923, 97871, 0, 122.52
2026/09/22 22:24:20.022, 2, 87227, 97871, 0, 118.55
2026/09/22 22:24:20.022, 3, 89609, 97871, 0, 119.08
2026/09/22 22:24:20.222, 0, 82619, 97871, 0, 119.01
2026/09/22 22:24:20.222, 1, 84923, 97871, 0, 122.53
2026/09/22 22:24:20.222, 2, 87227, 97871, 0, 118.58
2026/09/22 22:24:20.222, 3, 89609, 97871, 0, 119.08
2026/09/22 22:24:20.422, 0, 82619, 97871, 0, 118.99
2026/09/22 22:24:20.422, 1, 84923, 97871, 0, 122.55
2026/09/22 22:24:20.422, 2, 87227, 97871, 0, 118.55
2026/09/22 22:24:20.422, 3, 89609, 97871, 0, 119.10
2026/09/22 22:24:20.622, 0, 82619, 97871, 0, 118.95
2026/09/22 22:24:20.622, 1, 84923, 97871, 0, 122.54
2026/09/22 22:24:20.622, 2, 87227, 97871, 0, 118.57
2026/09/22 22:24:20.622, 3, 89609, 97871, 0, 119.11
2026/09/22 22:24:20.823, 0, 82619, 97871, 0, 118.92
2026/09/22 22:24:20.823, 1, 84923, 97871, 0, 122.51
2026/09/22 22:24:20.823, 2, 87227, 97871, 0, 118.57
2026/09/22 22:24:20.823, 3, 89609, 97871, 0, 119.09
2026/09/22 22:24:21.023, 0, 82619, 97871, 0, 118.89
2026/09/22 22:24:21.023, 1, 84923, 97871, 0, 122.50
2026/09/22 22:24:21.023, 2, 87227, 97871, 0, 118.58
2026/09/22 22:24:21.023, 3, 89609, 97871, 0, 119.06
2026/09/22 22:24:21.223, 0, 82619, 97871, 0, 118.89
2026/09/22 22:24:21.223, 1, 84923, 97871, 0, 122.50
2026/09/22 22:24:21.223, 2, 87227, 97871, 0, 118.56
2026/09/22 22:24:21.223, 3, 89609, 97871, 0, 119.06
2026/09/22 22:24:21.423, 0, 82619, 97871, 0, 118.91
2026/09/22 22:24:21.423, 1, 84923, 97871, 0, 122.48
2026/09/22 22:24:21.423, 2, 87227, 97871, 0, 118.57
2026/09/22 22:24:21.423, 3, 89609, 97871, 0, 119.03
2026/09/22 22:24:21.623, 0, 82619, 97871, 0, 118.90
2026/09/22 22:24:21.624, 1, 84923, 97871, 0, 122.48
2026/09/22 22:24:21.624, 2, 87227, 97871, 0, 118.45
2026/09/22 22:24:21.624, 3, 89609, 97871, 0, 119.02
2026/09/22 22:24:21.824, 0, 82619, 97871, 0, 118.91
2026/09/22 22:24:21.824, 1, 84923, 97871, 0, 122.49
2026/09/22 22:24:21.824, 2, 87227, 97871, 0, 118.36
2026/09/22 22:24:21.824, 3, 89609, 97871, 0, 119.01
2026/09/22 22:24:22.024, 0, 82619, 97871, 0, 118.89
2026/09/22 22:24:22.024, 1, 84923, 97871, 0, 122.51
2026/09/22 22:24:22.024, 2, 87227, 97871, 0, 118.25
2026/09/22 22:24:22.024, 3, 89609, 97871, 0, 119.02
2026/09/22 22:24:22.224, 0, 82619, 97871, 0, 118.87
2026/09/22 22:24:22.225, 1, 84923, 97871, 0, 122.50
2026/09/22 22:24:22.225, 2, 87227, 97871, 0, 118.13
2026/09/22 22:24:22.225, 3, 89609, 97871, 0, 119.01
2026/09/22 22:24:22.425, 0, 82619, 97871, 0, 118.84
2026/09/22 22:24:22.425, 1, 84923, 97871, 0, 122.51
2026/09/22 22:24:22.425, 2, 87227, 97871, 0, 118.01
2026/09/22 22:24:22.425, 3, 89609, 97871, 0, 118.97
2026/09/22 22:24:22.625, 0, 82619, 97871, 0, 118.82
2026/09/22 22:24:22.625, 1, 84923, 97871, 0, 122.53
2026/09/22 22:24:22.625, 2, 87227, 97871, 0, 117.99
2026/09/22 22:24:22.625, 3, 89609, 97871, 0, 118.96
2026/09/22 22:24:22.825, 0, 82619, 97871, 0, 118.79
2026/09/22 22:24:22.825, 1, 84923, 97871, 0, 122.54
2026/09/22 22:24:22.825, 2, 87227, 97871, 0, 117.98
2026/09/22 22:24:22.825, 3, 89609, 97871, 0, 118.96
2026/09/22 22:24:23.025, 0, 82619, 97871, 0, 118.79
2026/09/22 22:24:23.025, 1, 84923, 97871, 0, 122.55
2026/09/22 22:24:23.025, 2, 87227, 97871, 0, 117.97
2026/09/22 22:24:23.025, 3, 89609, 97871, 0, 118.93
2026/09/22 22:24:23.225, 0, 82619, 97871, 0, 118.78
2026/09/22 22:24:23.225, 1, 84923, 97871, 0, 122.54
2026/09/22 22:24:23.225, 2, 87227, 97871, 0, 117.97
2026/09/22 22:24:23.225, 3, 89609, 97871, 0, 118.94
2026/09/22 22:24:23.425, 0, 82619, 97871, 0, 118.79
2026/09/22 22:24:23.426, 1, 84923, 97871, 0, 122.56
2026/09/22 22:24:23.426, 2, 87227, 97871, 0, 117.96
2026/09/22 22:24:23.426, 3, 89609, 97871, 0, 118.97
2026/09/22 22:24:23.626, 0, 82619, 97871, 0, 118.78
2026/09/22 22:24:23.626, 1, 84923, 97871, 0, 122.54
2026/09/22 22:24:23.626, 2, 87227, 97871, 0, 117.95
2026/09/22 22:24:23.626, 3, 89609, 97871, 0, 118.99
2026/09/22 22:24:23.826, 0, 82619, 97871, 0, 118.78
2026/09/22 22:24:23.826, 1, 84923, 97871, 0, 122.52
2026/09/22 22:24:23.826, 2, 87227, 97871, 0, 117.94
2026/09/22 22:24:23.826, 3, 89609, 97871, 0, 118.98
2026/09/22 22:24:24.026, 0, 82619, 97871, 0, 118.78
2026/09/22 22:24:24.026, 1, 84923, 97871, 0, 122.50
2026/09/22 22:24:24.026, 2, 87227, 97871, 0, 117.91
2026/09/22 22:24:24.026, 3, 89609, 97871, 0, 119.01
2026/09/22 22:24:24.226, 0, 82619, 97871, 0, 118.79
2026/09/22 22:24:24.226, 1, 84923, 97871, 0, 122.53
2026/09/22 22:24:24.226, 2, 87227, 97871, 0, 117.89
2026/09/22 22:24:24.226, 3, 89609, 97871, 0, 119.00
2026/09/22 22:24:24.426, 0, 82619, 97871, 0, 118.77
2026/09/22 22:24:24.426, 1, 84923, 97871, 0, 122.51
2026/09/22 22:24:24.426, 2, 87227, 97871, 0, 117.90
2026/09/22 22:24:24.426, 3, 89609, 97871, 0, 118.99
2026/09/22 22:24:24.626, 0, 82619, 97871, 0, 118.77
2026/09/22 22:24:24.626, 1, 84923, 97871, 0, 122.49
2026/09/22 22:24:24.626, 2, 87227, 97871, 0, 117.90
2026/09/22 22:24:24.626, 3, 89609, 97871, 0, 118.98
2026/09/22 22:24:24.827, 0, 82619, 97871, 0, 118.78
2026/09/22 22:24:24.827, 1, 84923, 97871, 0, 122.49
2026/09/22 22:24:24.827, 2, 87227, 97871, 0, 117.91
2026/09/22 22:24:24.827, 3, 89609, 97871, 0, 118.98
2026/09/22 22:24:25.027, 0, 82619, 97871, 0, 118.79
2026/09/22 22:24:25.027, 1, 84923, 97871, 0, 122.48
2026/09/22 22:24:25.027, 2, 87227, 97871, 0, 117.92
2026/09/22 22:24:25.027, 3, 89609, 97871, 0, 118.96
2026/09/22 22:24:25.227, 0, 82619, 97871, 0, 118.79
2026/09/22 22:24:25.227, 1, 84923, 97871, 0, 122.42
2026/09/22 22:24:25.227, 2, 87227, 97871, 0, 117.95
2026/09/22 22:24:25.227, 3, 89609, 97871, 0, 118.94
2026/09/22 22:24:25.427, 0, 82619, 97871, 0, 118.80
2026/09/22 22:24:25.427, 1, 84923, 97871, 0, 122.43
2026/09/22 22:24:25.427, 2, 87227, 97871, 0, 117.92
2026/09/22 22:24:25.427, 3, 89609, 97871, 0, 118.95
2026/09/22 22:24:25.627, 0, 82619, 97871, 0, 118.79
2026/09/22 22:24:25.627, 1, 84923, 97871, 0, 122.43
2026/09/22 22:24:25.627, 2, 87227, 97871, 0, 117.95
2026/09/22 22:24:25.627, 3, 89609, 97871, 0, 118.93
2026/09/22 22:24:25.827, 0, 82619, 97871, 0, 118.75
2026/09/22 22:24:25.827, 1, 84923, 97871, 0, 122.43
2026/09/22 22:24:25.827, 2, 87227, 97871, 0, 117.94
2026/09/22 22:24:25.827, 3, 89609, 97871, 0, 118.93
2026/09/22 22:24:26.027, 0, 82619, 97871, 0, 118.74
2026/09/22 22:24:26.028, 1, 84923, 97871, 0, 122.41
2026/09/22 22:24:26.028, 2, 87227, 97871, 0, 117.94
2026/09/22 22:24:26.028, 3, 89609, 97871, 0, 118.95
2026/09/22 22:24:26.228, 0, 82619, 97871, 0, 118.72
2026/09/22 22:24:26.228, 1, 84923, 97871, 0, 122.47
2026/09/22 22:24:26.228, 2, 87227, 97871, 0, 117.92
2026/09/22 22:24:26.228, 3, 89609, 97871, 0, 118.98
2026/09/22 22:24:26.428, 0, 82619, 97871, 0, 118.71
2026/09/22 22:24:26.428, 1, 84923, 97871, 0, 122.45
2026/09/22 22:24:26.428, 2, 87227, 97871, 0, 117.95
2026/09/22 22:24:26.428, 3, 89609, 97871, 0, 118.97
2026/09/22 22:24:26.628, 0, 82619, 97871, 0, 118.71
2026/09/22 22:24:26.628, 1, 84923, 97871, 0, 122.44
2026/09/22 22:24:26.628, 2, 87227, 97871, 0, 117.92
2026/09/22 22:24:26.628, 3, 89609, 97871, 0, 118.97
2026/09/22 22:24:26.828, 0, 82619, 97871, 0, 118.73
2026/09/22 22:24:26.828, 1, 84923, 97871, 0, 122.43
2026/09/22 22:24:26.828, 2, 87227, 97871, 0, 117.93
2026/09/22 22:24:26.828, 3, 89609, 97871, 0, 119.00
2026/09/22 22:24:27.028, 0, 82619, 97871, 0, 118.68
2026/09/22 22:24:27.028, 1, 84923, 97871, 0, 122.45
2026/09/22 22:24:27.028, 2, 87227, 97871, 0, 117.92
2026/09/22 22:24:27.028, 3, 89609, 97871, 0, 118.99
2026/09/22 22:24:27.228, 0, 82619, 97871, 0, 118.68
2026/09/22 22:24:27.228, 1, 84923, 97871, 0, 122.43
2026/09/22 22:24:27.228, 2, 87227, 97871, 0, 117.93
2026/09/22 22:24:27.229, 3, 89609, 97871, 0, 118.97
2026/09/22 22:24:27.429, 0, 82619, 97871, 0, 118.63
2026/09/22 22:24:27.429, 1, 84923, 97871, 0, 122.41
2026/09/22 22:24:27.429, 2, 87227, 97871, 0, 117.93
2026/09/22 22:24:27.429, 3, 89609, 97871, 0, 118.97
2026/09/22 22:24:27.629, 0, 82619, 97871, 0, 118.62
2026/09/22 22:24:27.629, 1, 84923, 97871, 0, 122.41
2026/09/22 22:24:27.629, 2, 87227, 97871, 0, 117.93
2026/09/22 22:24:27.629, 3, 89609, 97871, 0, 118.98
2026/09/22 22:24:27.829, 0, 82619, 97871, 0, 118.58
2026/09/22 22:24:27.829, 1, 84923, 97871, 0, 122.43
2026/09/22 22:24:27.829, 2, 87227, 97871, 0, 117.93
2026/09/22 22:24:27.829, 3, 89609, 97871, 0, 118.94
2026/09/22 22:24:28.029, 0, 82619, 97871, 0, 118.62
2026/09/22 22:24:28.029, 1, 84923, 97871, 0, 122.43
2026/09/22 22:24:28.029, 2, 87227, 97871, 0, 117.94
2026/09/22 22:24:28.029, 3, 89609, 97871, 0, 118.90
2026/09/22 22:24:28.229, 0, 82619, 97871, 0, 118.61
2026/09/22 22:24:28.229, 1, 84923, 97871, 0, 122.45
2026/09/22 22:24:28.229, 2, 87227, 97871, 0, 117.93
2026/09/22 22:24:28.229, 3, 89609, 97871, 0, 118.91
2026/09/22 22:24:28.429, 0, 82619, 97871, 0, 118.62
2026/09/22 22:24:28.429, 1, 84923, 97871, 0, 122.46
2026/09/22 22:24:28.429, 2, 87227, 97871, 0, 117.93
2026/09/22 22:24:28.429, 3, 89609, 97871, 0, 118.88
2026/09/22 22:24:28.630, 0, 82621, 97871, 0, 121.09
2026/09/22 22:24:28.630, 1, 84925, 97871, 0, 122.49
2026/09/22 22:24:28.630, 2, 87229, 97871, 0, 118.20
2026/09/22 22:24:28.630, 3, 89611, 97871, 37, 120.25
2026/09/22 22:24:28.830, 0, 82621, 97871, 0, 121.82
2026/09/22 22:24:28.830, 1, 84925, 97871, 9, 125.56
2026/09/22 22:24:28.830, 2, 87229, 97871, 0, 121.01
2026/09/22 22:24:28.830, 3, 89611, 97871, 0, 122.02
2026/09/22 22:24:29.030, 0, 82621, 97871, 0, 121.83
2026/09/22 22:24:29.030, 1, 84925, 97871, 0, 125.56
2026/09/22 22:24:29.030, 2, 87229, 97871, 0, 121.09
2026/09/22 22:24:29.030, 3, 89611, 97871, 0, 122.11
2026/09/22 22:24:29.230, 0, 82621, 97871, 0, 121.78
2026/09/22 22:24:29.231, 1, 84925, 97871, 0, 125.65
2026/09/22 22:24:29.231, 2, 87229, 97871, 0, 121.08
2026/09/22 22:24:29.231, 3, 89611, 97871, 0, 122.07
2026/09/22 22:24:29.431, 0, 82621, 97871, 0, 121.86
2026/09/22 22:24:29.431, 1, 84925, 97871, 0, 125.69
2026/09/22 22:24:29.431, 2, 87229, 97871, 0, 121.00
2026/09/22 22:24:29.431, 3, 89611, 97871, 0, 122.08
2026/09/22 22:24:29.631, 0, 82621, 97871, 0, 119.99
2026/09/22 22:24:29.631, 1, 84925, 97871, 0, 123.01
2026/09/22 22:24:29.631, 2, 87229, 97871, 0, 120.79
2026/09/22 22:24:29.631, 3, 89611, 97871, 0, 121.53
2026/09/22 22:24:29.831, 0, 82621, 97871, 0, 118.72
2026/09/22 22:24:29.831, 1, 84925, 97871, 0, 122.56
2026/09/22 22:24:29.831, 2, 87229, 97871, 0, 117.92
2026/09/22 22:24:29.831, 3, 89611, 97871, 0, 118.99
2026/09/22 22:24:30.031, 0, 82621, 97871, 0, 118.71
2026/09/22 22:24:30.032, 1, 84925, 97871, 0, 122.57
2026/09/22 22:24:30.032, 2, 87229, 97871, 0, 117.92
2026/09/22 22:24:30.032, 3, 89611, 97871, 0, 118.98
2026/09/22 22:24:30.232, 0, 82621, 97871, 0, 118.69
2026/09/22 22:24:30.232, 1, 84925, 97871, 0, 122.58
2026/09/22 22:24:30.232, 2, 87229, 97871, 0, 117.90
2026/09/22 22:24:30.232, 3, 89611, 97871, 0, 118.96
2026/09/22 22:24:30.432, 0, 82621, 97871, 0, 118.68
2026/09/22 22:24:30.432, 1, 84925, 97871, 0, 122.56
2026/09/22 22:24:30.432, 2, 87229, 97871, 0, 117.89
2026/09/22 22:24:30.432, 3, 89611, 97871, 0, 118.98
2026/09/22 22:24:30.632, 0, 82621, 97871, 0, 118.67
2026/09/22 22:24:30.632, 1, 84925, 97871, 0, 122.55
2026/09/22 22:24:30.632, 2, 87229, 97871, 0, 117.89
2026/09/22 22:24:30.632, 3, 89611, 97871, 0, 118.99
2026/09/22 22:24:30.832, 0, 82621, 97871, 0, 118.67
2026/09/22 22:24:30.832, 1, 84925, 97871, 0, 122.58
2026/09/22 22:24:30.832, 2, 87229, 97871, 0, 117.88
2026/09/22 22:24:30.832, 3, 89611, 97871, 0, 118.97
2026/09/22 22:24:31.032, 0, 82621, 97871, 0, 118.65
2026/09/22 22:24:31.032, 1, 84925, 97871, 0, 122.55
2026/09/22 22:24:31.032, 2, 87229, 97871, 0, 117.87
2026/09/22 22:24:31.032, 3, 89611, 97871, 0, 118.97
2026/09/22 22:24:31.232, 0, 82621, 97871, 0, 118.64
2026/09/22 22:24:31.232, 1, 84925, 97871, 0, 122.51
2026/09/22 22:24:31.232, 2, 87229, 97871, 0, 117.88
2026/09/22 22:24:31.232, 3, 89611, 97871, 0, 118.96
2026/09/22 22:24:31.433, 0, 82621, 97871, 0, 118.64
2026/09/22 22:24:31.433, 1, 84925, 97871, 0, 122.50
2026/09/22 22:24:31.433, 2, 87229, 97871, 0, 117.89
2026/09/22 22:24:31.433, 3, 89611, 97871, 0, 118.93
2026/09/22 22:24:31.633, 0, 82621, 97871, 0, 118.66
2026/09/22 22:24:31.633, 1, 84925, 97871, 0, 122.49
2026/09/22 22:24:31.633, 2, 87229, 97871, 0, 117.91
2026/09/22 22:24:31.633, 3, 89611, 97871, 0, 118.92
2026/09/22 22:24:31.833, 0, 82621, 97871, 0, 118.64
2026/09/22 22:24:31.833, 1, 84925, 97871, 0, 122.45
2026/09/22 22:24:31.833, 2, 87229, 97871, 0, 117.89
2026/09/22 22:24:31.833, 3, 89611, 97871, 0, 118.93
2026/09/22 22:24:32.033, 0, 82621, 97871, 0, 118.62
2026/09/22 22:24:32.033, 1, 84925, 97871, 0, 122.46
2026/09/22 22:24:32.033, 2, 87229, 97871, 0, 117.90
2026/09/22 22:24:32.033, 3, 89611, 97871, 0, 118.93
2026/09/22 22:24:32.233, 0, 82621, 97871, 0, 118.76
2026/09/22 22:24:32.233, 1, 84925, 97871, 0, 122.73
2026/09/22 22:24:32.233, 2, 87229, 97871, 0, 117.90
2026/09/22 22:24:32.233, 3, 89611, 97871, 8, 118.93
2026/09/22 22:24:32.433, 0, 82621, 97871, 0, 118.90
2026/09/22 22:24:32.433, 1, 84925, 97871, 0, 122.75
2026/09/22 22:24:32.433, 2, 87229, 97871, 0, 118.21
2026/09/22 22:24:32.433, 3, 89611, 97871, 100, 119.89
2026/09/22 22:24:32.633, 0, 82621, 97871, 0, 118.89
2026/09/22 22:24:32.634, 1, 84925, 97871, 0, 122.74
2026/09/22 22:24:32.634, 2, 87229, 97871, 0, 118.20
2026/09/22 22:24:32.634, 3, 89611, 97871, 100, 120.52
2026/09/22 22:24:32.834, 0, 82621, 97871, 0, 118.89
2026/09/22 22:24:32.834, 1, 84925, 97871, 0, 122.75
2026/09/22 22:24:32.834, 2, 87229, 97871, 0, 118.20
2026/09/22 22:24:32.834, 3, 89611, 97871, 100, 121.12
2026/09/22 22:24:33.034, 0, 82621, 97871, 0, 118.88
2026/09/22 22:24:33.034, 1, 84925, 97871, 0, 122.76
2026/09/22 22:24:33.034, 2, 87229, 97871, 0, 118.20
2026/09/22 22:24:33.034, 3, 89611, 97871, 100, 121.74
2026/09/22 22:24:33.234, 0, 82621, 97871, 0, 118.71
2026/09/22 22:24:33.234, 1, 84925, 97871, 0, 122.55
2026/09/22 22:24:33.234, 2, 87229, 97871, 0, 118.18
2026/09/22 22:24:33.234, 3, 89611, 97871, 100, 122.30
2026/09/22 22:24:33.434, 0, 82621, 97871, 0, 119.07
2026/09/22 22:24:33.434, 1, 84925, 97871, 0, 122.77
2026/09/22 22:24:33.434, 2, 87229, 97871, 0, 117.93
2026/09/22 22:24:33.434, 3, 89611, 97871, 100, 122.23
2026/09/22 22:24:33.634, 0, 82621, 97871, 100, 119.68
2026/09/22 22:24:33.634, 1, 84925, 97871, 0, 122.78
2026/09/22 22:24:33.634, 2, 87229, 97871, 0, 118.19
2026/09/22 22:24:33.634, 3, 89611, 97871, 100, 122.31
2026/09/22 22:24:33.834, 0, 82621, 97871, 100, 120.29
2026/09/22 22:24:33.835, 1, 84925, 97871, 0, 122.81
2026/09/22 22:24:33.835, 2, 87229, 97871, 0, 118.19
2026/09/22 22:24:33.835, 3, 89611, 97871, 100, 122.36
2026/09/22 22:24:34.035, 0, 82621, 97871, 100, 120.91
2026/09/22 22:24:34.035, 1, 84925, 97871, 0, 122.81
2026/09/22 22:24:34.035, 2, 87229, 97871, 0, 118.21
2026/09/22 22:24:34.035, 3, 89611, 97871, 100, 122.36
2026/09/22 22:24:34.235, 0, 82621, 97871, 100, 121.51
2026/09/22 22:24:34.235, 1, 84925, 97871, 0, 122.83
2026/09/22 22:24:34.235, 2, 87229, 97871, 0, 118.22
2026/09/22 22:24:34.235, 3, 89611, 97871, 100, 122.36
2026/09/22 22:24:34.435, 0, 82621, 97871, 100, 121.73
2026/09/22 22:24:34.436, 1, 84925, 97871, 0, 122.51
2026/09/22 22:24:34.436, 2, 87229, 97871, 0, 118.21
2026/09/22 22:24:34.436, 3, 89611, 97871, 100, 122.19
2026/09/22 22:24:34.636, 0, 82621, 97871, 100, 121.99
2026/09/22 22:24:34.636, 1, 84925, 97871, 0, 123.04
2026/09/22 22:24:34.636, 2, 87229, 97871, 0, 117.93
2026/09/22 22:24:34.637, 3, 89611, 97871, 100, 122.18
2026/09/22 22:24:34.837, 0, 82621, 97871, 100, 122.01
2026/09/22 22:24:34.837, 1, 84925, 97871, 100, 123.64
2026/09/22 22:24:34.837, 2, 87229, 97871, 0, 118.26
2026/09/22 22:24:34.837, 3, 89611, 97871, 100, 122.39
2026/09/22 22:24:35.037, 0, 82621, 97871, 100, 121.99
2026/09/22 22:24:35.037, 1, 84925, 97871, 100, 124.25
2026/09/22 22:24:35.037, 2, 87229, 97871, 0, 118.23
2026/09/22 22:24:35.037, 3, 89611, 97871, 100, 122.38
2026/09/22 22:24:35.237, 0, 82621, 97871, 100, 122.01
2026/09/22 22:24:35.237, 1, 84925, 97871, 100, 124.92
2026/09/22 22:24:35.237, 2, 87229, 97871, 0, 118.21
2026/09/22 22:24:35.237, 3, 89611, 97871, 100, 122.38
2026/09/22 22:24:35.437, 0, 82621, 97871, 100, 122.00
2026/09/22 22:24:35.437, 1, 84925, 97871, 100, 125.48
2026/09/22 22:24:35.437, 2, 87229, 97871, 0, 118.20
2026/09/22 22:24:35.437, 3, 89611, 97871, 100, 122.36
2026/09/22 22:24:35.637, 0, 82621, 97871, 100, 121.81
2026/09/22 22:24:35.637, 1, 84925, 97871, 100, 125.65
2026/09/22 22:24:35.637, 2, 87229, 97871, 0, 118.15
2026/09/22 22:24:35.637, 3, 89611, 97871, 100, 122.25
2026/09/22 22:24:35.837, 0, 82621, 97871, 86, 125.82
2026/09/22 22:24:35.837, 1, 84925, 97871, 100, 130.25
2026/09/22 22:24:35.837, 2, 87229, 97871, 1, 119.14
2026/09/22 22:24:35.838, 3, 89611, 97871, 58, 133.20
2026/09/22 22:24:36.038, 0, 82621, 97871, 0, 125.54
2026/09/22 22:24:36.038, 1, 84925, 97871, 0, 129.64
2026/09/22 22:24:36.038, 2, 87229, 97871, 0, 123.19
2026/09/22 22:24:36.038, 3, 89611, 97871, 0, 134.66
2026/09/22 22:24:36.238, 0, 82621, 97871, 0, 124.94
2026/09/22 22:24:36.238, 1, 84925, 97871, 0, 128.98
2026/09/22 22:24:36.238, 2, 87229, 97871, 0, 123.30
2026/09/22 22:24:36.238, 3, 89611, 97871, 0, 134.18
2026/09/22 22:24:36.438, 0, 82621, 97871, 0, 124.35
2026/09/22 22:24:36.438, 1, 84925, 97871, 0, 128.43
2026/09/22 22:24:36.438, 2, 87229, 97871, 0, 123.32
2026/09/22 22:24:36.438, 3, 89611, 97871, 0, 133.92
2026/09/22 22:24:36.638, 0, 82621, 97871, 0, 123.73
2026/09/22 22:24:36.638, 1, 84925, 97871, 0, 127.82
2026/09/22 22:24:36.638, 2, 87229, 97871, 0, 123.57
2026/09/22 22:24:36.638, 3, 89611, 97871, 0, 133.22
2026/09/22 22:24:36.838, 0, 82621, 97871, 0, 119.46
2026/09/22 22:24:36.838, 1, 84925, 97871, 0, 122.61
2026/09/22 22:24:36.839, 2, 87229, 97871, 0, 123.14
2026/09/22 22:24:36.839, 3, 89611, 97871, 0, 121.55
2026/09/22 22:24:37.039, 0, 82621, 97871, 0, 118.64
2026/09/22 22:24:37.039, 1, 84925, 97871, 0, 122.56
2026/09/22 22:24:37.039, 2, 87229, 97871, 0, 118.43
2026/09/22 22:24:37.039, 3, 89611, 97871, 0, 119.55
2026/09/22 22:24:37.239, 0, 82621, 97871, 0, 118.62
2026/09/22 22:24:37.239, 1, 84925, 97871, 0, 122.52
2026/09/22 22:24:37.239, 2, 87229, 97871, 0, 118.45
2026/09/22 22:24:37.239, 3, 89611, 97871, 0, 119.54
2026/09/22 22:24:37.439, 0, 82621, 97871, 0, 118.60
2026/09/22 22:24:37.439, 1, 84925, 97871, 0, 122.54
2026/09/22 22:24:37.439, 2, 87229, 97871, 0, 118.44
2026/09/22 22:24:37.439, 3, 89611, 97871, 0, 119.54
2026/09/22 22:24:37.639, 0, 82621, 97871, 0, 118.59
2026/09/22 22:24:37.639, 1, 84925, 97871, 0, 122.51
2026/09/22 22:24:37.639, 2, 87229, 97871, 0, 118.43
2026/09/22 22:24:37.639, 3, 89611, 97871, 0, 119.53
2026/09/22 22:24:37.839, 0, 82621, 97871, 0, 118.60
2026/09/22 22:24:37.839, 1, 84925, 97871, 0, 122.49
2026/09/22 22:24:37.839, 2, 87229, 97871, 0, 118.42
2026/09/22 22:24:37.839, 3, 89611, 97871, 0, 119.51
2026/09/22 22:24:38.040, 0, 82621, 97871, 0, 118.58
2026/09/22 22:24:38.040, 1, 84925, 97871, 0, 122.50
2026/09/22 22:24:38.040, 2, 87229, 97871, 0, 118.43
2026/09/22 22:24:38.040, 3, 89611, 97871, 0, 119.51
2026/09/22 22:24:38.240, 0, 83199, 97871, 3, 120.50
2026/09/22 22:24:38.240, 1, 85503, 97871, 0, 125.95
2026/09/22 22:24:38.240, 2, 90649, 97871, 3, 119.36
2026/09/22 22:24:38.240, 3, 91341, 97871, 31, 121.12
2026/09/22 22:24:38.440, 0, 86041, 97871, 73, 162.74
2026/09/22 22:24:38.440, 1, 88345, 97871, 59, 173.84
2026/09/22 22:24:38.440, 2, 90649, 97871, 99, 145.04
2026/09/22 22:24:38.440, 3, 93031, 97871, 100, 154.91
2026/09/22 22:24:38.640, 0, 90869, 97871, 100, 217.45
2026/09/22 22:24:38.640, 1, 93173, 97871, 100, 230.63
2026/09/22 22:24:38.640, 2, 95477, 97871, 100, 198.95
2026/09/22 22:24:38.640, 3, 95097, 97871, 100, 209.54
2026/09/22 22:24:38.840, 0, 90869, 97871, 100, 272.43
2026/09/22 22:24:38.840, 1, 93173, 97871, 100, 286.78
2026/09/22 22:24:38.841, 2, 95477, 97871, 100, 252.78
2026/09/22 22:24:38.841, 3, 95097, 97871, 100, 267.10
2026/09/22 22:24:39.041, 0, 90869, 97871, 100, 326.08
2026/09/22 22:24:39.041, 1, 93173, 97871, 100, 342.34
2026/09/22 22:24:39.041, 2, 95477, 97871, 100, 310.21
2026/09/22 22:24:39.041, 3, 95097, 97871, 100, 327.64
2026/09/22 22:24:39.241, 0, 90869, 97871, 100, 382.60
2026/09/22 22:24:39.241, 1, 93173, 97871, 100, 393.84
2026/09/22 22:24:39.241, 2, 95477, 97871, 100, 362.65
2026/09/22 22:24:39.241, 3, 92717, 97871, 100, 382.85
2026/09/22 22:24:39.441, 0, 90869, 97871, 100, 382.95
2026/09/22 22:24:39.441, 1, 93173, 97871, 100, 389.87
2026/09/22 22:24:39.441, 2, 95477, 97871, 100, 385.86
2026/09/22 22:24:39.441, 3, 92717, 97871, 100, 403.54
2026/09/22 22:24:39.641, 0, 90869, 97871, 100, 373.36
2026/09/22 22:24:39.641, 1, 93173, 97871, 100, 385.32
2026/09/22 22:24:39.641, 2, 95477, 97871, 100, 386.87
2026/09/22 22:24:39.641, 3, 92717, 97871, 100, 409.34
2026/09/22 22:24:39.841, 0, 90869, 97871, 100, 362.89
2026/09/22 22:24:39.841, 1, 93173, 97871, 100, 379.05
2026/09/22 22:24:39.841, 2, 95477, 97871, 100, 386.85
2026/09/22 22:24:39.841, 3, 92717, 97871, 100, 411.37
2026/09/22 22:24:40.041, 0, 90869, 97871, 100, 353.07
2026/09/22 22:24:40.041, 1, 93173, 97871, 100, 372.62
2026/09/22 22:24:40.041, 2, 95477, 97871, 100, 387.07
2026/09/22 22:24:40.041, 3, 92717, 97871, 100, 415.26
2026/09/22 22:24:40.241, 0, 90869, 97871, 100, 342.20
2026/09/22 22:24:40.242, 1, 93173, 97871, 100, 368.49
2026/09/22 22:24:40.242, 2, 95477, 97871, 100, 389.56
2026/09/22 22:24:40.242, 3, 92717, 97871, 100, 421.02
2026/09/22 22:24:40.442, 0, 90869, 97871, 100, 342.86
2026/09/22 22:24:40.442, 1, 93173, 97871, 100, 373.82
2026/09/22 22:24:40.442, 2, 95477, 97871, 100, 393.08
2026/09/22 22:24:40.442, 3, 92717, 97871, 100, 426.40
2026/09/22 22:24:40.642, 0, 90869, 97871, 100, 338.77
2026/09/22 22:24:40.642, 1, 93173, 97871, 100, 376.01
2026/09/22 22:24:40.642, 2, 95477, 97871, 100, 397.37
2026/09/22 22:24:40.642, 3, 92717, 97871, 100, 427.15
2026/09/22 22:24:40.842, 0, 90869, 97871, 80, 319.17
2026/09/22 22:24:40.842, 1, 93173, 97871, 100, 346.24
2026/09/22 22:24:40.842, 2, 95477, 97871, 84, 388.89
2026/09/22 22:24:40.842, 3, 92717, 97871, 16, 409.88
2026/09/22 22:24:41.042, 0, 90869, 97871, 0, 273.29
2026/09/22 22:24:41.042, 1, 93173, 97871, 0, 297.23
2026/09/22 22:24:41.042, 2, 95477, 97871, 0, 334.79
2026/09/22 22:24:41.042, 3, 92717, 97871, 0, 350.64
2026/09/22 22:24:41.242, 0, 90869, 97871, 0, 233.66
2026/09/22 22:24:41.243, 1, 93173, 97871, 0, 246.55
2026/09/22 22:24:41.243, 2, 95477, 97871, 0, 281.60
2026/09/22 22:24:41.243, 3, 92717, 97871, 0, 286.23
2026/09/22 22:24:41.443, 0, 90869, 97871, 0, 185.32
2026/09/22 22:24:41.443, 1, 93173, 97871, 0, 199.49
2026/09/22 22:24:41.443, 2, 95477, 97871, 0, 228.81
2026/09/22 22:24:41.443, 3, 92717, 97871, 0, 229.48
2026/09/22 22:24:41.643, 0, 90869, 97871, 0, 144.11
2026/09/22 22:24:41.643, 1, 93173, 97871, 0, 143.26
2026/09/22 22:24:41.643, 2, 95477, 97871, 0, 167.08
2026/09/22 22:24:41.643, 3, 92717, 97871, 0, 163.14
2026/09/22 22:24:41.843, 0, 90869, 97871, 0, 119.93
2026/09/22 22:24:41.843, 1, 93173, 97871, 0, 123.71
2026/09/22 22:24:41.843, 2, 95477, 97871, 0, 120.12
2026/09/22 22:24:41.843, 3, 92717, 97871, 0, 120.12
2026/09/22 22:24:42.044, 0, 90869, 97871, 0, 119.82
2026/09/22 22:24:42.044, 1, 93173, 97871, 0, 123.51
2026/09/22 22:24:42.044, 2, 95477, 97871, 0, 119.56
2026/09/22 22:24:42.044, 3, 92717, 97871, 0, 119.85
2026/09/22 22:24:42.244, 0, 90869, 97871, 0, 119.72
2026/09/22 22:24:42.244, 1, 93173, 97871, 0, 123.38
2026/09/22 22:24:42.244, 2, 95477, 97871, 0, 119.41
2026/09/22 22:24:42.244, 3, 92717, 97871, 0, 119.65
2026/09/22 22:24:42.444, 0, 90869, 97871, 0, 119.64
2026/09/22 22:24:42.444, 1, 93173, 97871, 0, 123.27
2026/09/22 22:24:42.444, 2, 95477, 97871, 0, 119.36
2026/09/22 22:24:42.444, 3, 92717, 97871, 0, 119.51
2026/09/22 22:24:42.644, 0, 90869, 97871, 0, 119.61
2026/09/22 22:24:42.644, 1, 93173, 97871, 0, 123.23
2026/09/22 22:24:42.644, 2, 95477, 97871, 0, 119.39
2026/09/22 22:24:42.644, 3, 92717, 97871, 0, 119.49
2026/09/22 22:24:42.844, 0, 90869, 97871, 0, 119.56
2026/09/22 22:24:42.844, 1, 93173, 97871, 0, 123.20
2026/09/22 22:24:42.844, 2, 95477, 97871, 0, 119.45
2026/09/22 22:24:42.844, 3, 92717, 97871, 0, 119.46
2026/09/22 22:24:43.044, 0, 90869, 97871, 0, 119.52
2026/09/22 22:24:43.044, 1, 93173, 97871, 0, 123.13
2026/09/22 22:24:43.044, 2, 95477, 97871, 0, 119.50
2026/09/22 22:24:43.045, 3, 92717, 97871, 0, 119.44
2026/09/22 22:24:43.245, 0, 90869, 97871, 0, 119.50
2026/09/22 22:24:43.245, 1, 93173, 97871, 0, 123.10
2026/09/22 22:24:43.245, 2, 95477, 97871, 0, 119.36
2026/09/22 22:24:43.245, 3, 92717, 97871, 0, 119.42
2026/09/22 22:24:43.445, 0, 90869, 97871, 0, 119.47
2026/09/22 22:24:43.445, 1, 93173, 97871, 0, 123.07
2026/09/22 22:24:43.445, 2, 95477, 97871, 0, 119.19
2026/09/22 22:24:43.445, 3, 92717, 97871, 0, 119.39
2026/09/22 22:24:43.645, 0, 90869, 97871, 0, 119.44
2026/09/22 22:24:43.645, 1, 93173, 97871, 0, 123.03
2026/09/22 22:24:43.645, 2, 95477, 97871, 0, 118.93
2026/09/22 22:24:43.645, 3, 92717, 97871, 0, 119.38
2026/09/22 22:24:43.845, 0, 90869, 97871, 0, 119.43
2026/09/22 22:24:43.845, 1, 93173, 97871, 0, 122.99
2026/09/22 22:24:43.845, 2, 95477, 97871, 0, 118.67
2026/09/22 22:24:43.845, 3, 92717, 97871, 0, 119.37
2026/09/22 22:24:44.045, 0, 90869, 97871, 0, 119.42
2026/09/22 22:24:44.045, 1, 93173, 97871, 0, 122.99
2026/09/22 22:24:44.045, 2, 95477, 97871, 0, 118.46
2026/09/22 22:24:44.045, 3, 92717, 97871, 0, 119.37
2026/09/22 22:24:44.245, 0, 90869, 97871, 0, 119.40
2026/09/22 22:24:44.245, 1, 93173, 97871, 0, 122.97
2026/09/22 22:24:44.245, 2, 95477, 97871, 0, 118.44
2026/09/22 22:24:44.245, 3, 92717, 97871, 0, 119.35
2026/09/22 22:24:44.445, 0, 90869, 97871, 0, 119.39
2026/09/22 22:24:44.445, 1, 93173, 97871, 0, 122.95
2026/09/22 22:24:44.446, 2, 95477, 97871, 0, 118.42
2026/09/22 22:24:44.446, 3, 92717, 97871, 0, 119.38
2026/09/22 22:24:44.646, 0, 90869, 97871, 0, 119.37
2026/09/22 22:24:44.646, 1, 93173, 97871, 0, 122.94
2026/09/22 22:24:44.646, 2, 95477, 97871, 0, 118.39
2026/09/22 22:24:44.646, 3, 92717, 97871, 0, 119.34
2026/09/22 22:24:44.846, 0, 90869, 97871, 0, 119.35
2026/09/22 22:24:44.846, 1, 93173, 97871, 0, 122.93
2026/09/22 22:24:44.846, 2, 95477, 97871, 0, 118.38
2026/09/22 22:24:44.846, 3, 92717, 97871, 0, 119.33
2026/09/22 22:24:45.046, 0, 90869, 97871, 0, 119.31
2026/09/22 22:24:45.046, 1, 93173, 97871, 0, 122.90
2026/09/22 22:24:45.046, 2, 95477, 97871, 0, 118.35
2026/09/22 22:24:45.046, 3, 92717, 97871, 0, 119.31
2026/09/22 22:24:45.246, 0, 90869, 97871, 0, 119.28
2026/09/22 22:24:45.246, 1, 93173, 97871, 0, 122.90
2026/09/22 22:24:45.246, 2, 95477, 97871, 0, 118.33
2026/09/22 22:24:45.246, 3, 92717, 97871, 0, 119.32
2026/09/22 22:24:45.446, 0, 90869, 97871, 0, 119.26
2026/09/22 22:24:45.446, 1, 93173, 97871, 0, 122.92
2026/09/22 22:24:45.446, 2, 95477, 97871, 0, 118.34
2026/09/22 22:24:45.446, 3, 92717, 97871, 0, 119.27
2026/09/22 22:24:45.646, 0, 90869, 97871, 0, 119.29
2026/09/22 22:24:45.646, 1, 93173, 97871, 0, 122.92
2026/09/22 22:24:45.646, 2, 95477, 97871, 0, 118.35
2026/09/22 22:24:45.646, 3, 92717, 97871, 0, 119.26
2026/09/22 22:24:45.846, 0, 90869, 97871, 0, 119.29
2026/09/22 22:24:45.847, 1, 93173, 97871, 0, 122.91
2026/09/22 22:24:45.847, 2, 95477, 97871, 0, 118.35
2026/09/22 22:24:45.847, 3, 92717, 97871, 0, 119.24
2026/09/22 22:24:46.047, 0, 90869, 97871, 2, 123.00
2026/09/22 22:24:46.047, 1, 93173, 97871, 0, 127.15
2026/09/22 22:24:46.047, 2, 95477, 97871, 2, 120.05
2026/09/22 22:24:46.047, 3, 92719, 97871, 47, 122.80
2026/09/22 22:24:46.247, 0, 90871, 97871, 12, 140.58
2026/09/22 22:24:46.247, 1, 93175, 97871, 0, 150.10
2026/09/22 22:24:46.247, 2, 95479, 97871, 12, 128.95
2026/09/22 22:24:46.247, 3, 92721, 97871, 72, 135.34
2026/09/22 22:24:46.447, 0, 90871, 97871, 0, 145.63
2026/09/22 22:24:46.447, 1, 93175, 97871, 54, 151.97
2026/09/22 22:24:46.447, 2, 95479, 97871, 4, 148.83
2026/09/22 22:24:46.447, 3, 92721, 97871, 0, 151.01
2026/09/22 22:24:46.647, 0, 90871, 97871, 0, 145.05
2026/09/22 22:24:46.647, 1, 93175, 97871, 0, 152.02
2026/09/22 22:24:46.648, 2, 95479, 97871, 0, 148.88
2026/09/22 22:24:46.648, 3, 92721, 97871, 0, 151.05
2026/09/22 22:24:46.848, 0, 90871, 97871, 0, 145.01
2026/09/22 22:24:46.848, 1, 93175, 97871, 0, 151.49
2026/09/22 22:24:46.848, 2, 95479, 97871, 0, 148.30
2026/09/22 22:24:46.848, 3, 92721, 97871, 0, 151.72
2026/09/22 22:24:47.048, 0, 90871, 97871, 27, 170.01
2026/09/22 22:24:47.048, 1, 93175, 97871, 0, 182.27
2026/09/22 22:24:47.048, 2, 95479, 97871, 28, 159.34
2026/09/22 22:24:47.048, 3, 92721, 97871, 94, 165.93
2026/09/22 22:24:47.248, 0, 90871, 97871, 100, 200.45
2026/09/22 22:24:47.248, 1, 93175, 97871, 100, 208.08
2026/09/22 22:24:47.248, 2, 95479, 97871, 100, 204.19
2026/09/22 22:24:47.248, 3, 92721, 97871, 100, 211.51
2026/09/22 22:24:47.448, 0, 90871, 97871, 81, 214.02
2026/09/22 22:24:47.448, 1, 93175, 97871, 100, 225.68
2026/09/22 22:24:47.448, 2, 95479, 97871, 85, 227.11
2026/09/22 22:24:47.448, 3, 92721, 97871, 17, 234.79
2026/09/22 22:24:47.648, 0, 90871, 97871, 0, 215.96
2026/09/22 22:24:47.648, 1, 93175, 97871, 0, 224.02
2026/09/22 22:24:47.648, 2, 95479, 97871, 0, 227.57
2026/09/22 22:24:47.648, 3, 92721, 97871, 0, 237.15
2026/09/22 22:24:47.849, 0, 90871, 97871, 0, 214.11
2026/09/22 22:24:47.849, 1, 93175, 97871, 0, 226.09
2026/09/22 22:24:47.849, 2, 95479, 97871, 0, 227.65
2026/09/22 22:24:47.849, 3, 92721, 97871, 0, 237.40
2026/09/22 22:24:48.049, 0, 90871, 97871, 0, 190.84
2026/09/22 22:24:48.049, 1, 93175, 97871, 0, 195.61
2026/09/22 22:24:48.049, 2, 95479, 97871, 0, 219.55
2026/09/22 22:24:48.049, 3, 92721, 97871, 0, 219.55
2026/09/22 22:24:48.249, 0, 90871, 97871, 0, 141.84
2026/09/22 22:24:48.249, 1, 93175, 97871, 0, 143.00
2026/09/22 22:24:48.249, 2, 95479, 97871, 0, 163.91
2026/09/22 22:24:48.249, 3, 92721, 97871, 0, 166.73
2026/09/22 22:24:48.449, 0, 90871, 97871, 0, 119.16
2026/09/22 22:24:48.449, 1, 93175, 97871, 0, 123.37
2026/09/22 22:24:48.449, 2, 95479, 97871, 0, 119.91
2026/09/22 22:24:48.449, 3, 92721, 97871, 0, 119.95
2026/09/22 22:24:48.649, 0, 90871, 97871, 10, 140.12
2026/09/22 22:24:48.649, 1, 93175, 97871, 0, 150.84
2026/09/22 22:24:48.650, 2, 95479, 97871, 7, 122.93
2026/09/22 22:24:48.650, 3, 92721, 97871, 71, 130.99
2026/09/22 22:24:48.850, 0, 90871, 97871, 100, 188.13
2026/09/22 22:24:48.850, 1, 93175, 97871, 99, 201.78
2026/09/22 22:24:48.850, 2, 95479, 97871, 100, 176.02
2026/09/22 22:24:48.850, 3, 92721, 97871, 100, 187.10
2026/09/22 22:24:49.050, 0, 90871, 97871, 100, 232.71
2026/09/22 22:24:49.050, 1, 93175, 97871, 100, 248.01
2026/09/22 22:24:49.050, 2, 95479, 97871, 100, 231.01
2026/09/22 22:24:49.050, 3, 92721, 97871, 100, 244.41
2026/09/22 22:24:49.250, 0, 90871, 97871, 100, 263.25
2026/09/22 22:24:49.250, 1, 93175, 97871, 100, 279.39
2026/09/22 22:24:49.250, 2, 95479, 97871, 100, 285.76
2026/09/22 22:24:49.250, 3, 92721, 97871, 66, 304.31
2026/09/22 22:24:49.450, 0, 90871, 97871, 0, 266.47
2026/09/22 22:24:49.450, 1, 93175, 97871, 0, 282.70
2026/09/22 22:24:49.450, 2, 95479, 97871, 0, 290.25
2026/09/22 22:24:49.450, 3, 92721, 97871, 0, 305.77
2026/09/22 22:24:49.650, 0, 90871, 97871, 0, 248.24
2026/09/22 22:24:49.650, 1, 93175, 97871, 0, 257.89
2026/09/22 22:24:49.650, 2, 95479, 97871, 0, 286.72
2026/09/22 22:24:49.650, 3, 92721, 97871, 0, 295.82
2026/09/22 22:24:49.851, 0, 90871, 97871, 0, 196.27
2026/09/22 22:24:49.851, 1, 93175, 97871, 0, 207.55
2026/09/22 22:24:49.851, 2, 95479, 97871, 0, 233.43
2026/09/22 22:24:49.851, 3, 92721, 97871, 0, 243.38
2026/09/22 22:24:50.051, 0, 90871, 97871, 0, 157.43
2026/09/22 22:24:50.051, 1, 93175, 97871, 0, 155.52
2026/09/22 22:24:50.051, 2, 95479, 97871, 0, 182.55
2026/09/22 22:24:50.051, 3, 92721, 97871, 0, 178.48
2026/09/22 22:24:50.251, 0, 90871, 97871, 0, 120.22
2026/09/22 22:24:50.251, 1, 93175, 97871, 0, 123.54
2026/09/22 22:24:50.251, 2, 95479, 97871, 0, 128.81
2026/09/22 22:24:50.251, 3, 92721, 97871, 0, 122.72
2026/09/22 22:24:50.451, 0, 90871, 97871, 0, 119.58
2026/09/22 22:24:50.451, 1, 93175, 97871, 0, 123.34
2026/09/22 22:24:50.451, 2, 95479, 97871, 0, 119.96
2026/09/22 22:24:50.451, 3, 92721, 97871, 0, 119.66
2026/09/22 22:24:50.651, 0, 90871, 97871, 0, 119.52
2026/09/22 22:24:50.651, 1, 93175, 97871, 0, 123.27
2026/09/22 22:24:50.651, 2, 95479, 97871, 0, 119.93
2026/09/22 22:24:50.651, 3, 92721, 97871, 0, 119.56
2026/09/22 22:24:50.851, 0, 90871, 97871, 0, 119.50
2026/09/22 22:24:50.852, 1, 93175, 97871, 0, 123.22
2026/09/22 22:24:50.852, 2, 95479, 97871, 0, 119.79
2026/09/22 22:24:50.852, 3, 92721, 97871, 0, 119.53
2026/09/22 22:24:51.052, 0, 90871, 97871, 0, 119.46
2026/09/22 22:24:51.052, 1, 93175, 97871, 0, 123.19
2026/09/22 22:24:51.052, 2, 95479, 97871, 0, 119.61
2026/09/22 22:24:51.052, 3, 92721, 97871, 0, 119.49
2026/09/22 22:24:51.252, 0, 90871, 97871, 0, 119.46
2026/09/22 22:24:51.252, 1, 93175, 97871, 0, 123.18
2026/09/22 22:24:51.252, 2, 95479, 97871, 0, 119.47
2026/09/22 22:24:51.252, 3, 92721, 97871, 0, 119.44
2026/09/22 22:24:51.452, 0, 90871, 97871, 0, 119.42
2026/09/22 22:24:51.452, 1, 93175, 97871, 0, 123.16
2026/09/22 22:24:51.452, 2, 95479, 97871, 0, 119.26
2026/09/22 22:24:51.452, 3, 92721, 97871, 0, 119.40
2026/09/22 22:24:51.652, 0, 90871, 97871, 0, 119.38
2026/09/22 22:24:51.652, 1, 93175, 97871, 0, 123.14
2026/09/22 22:24:51.652, 2, 95479, 97871, 0, 119.01
2026/09/22 22:24:51.652, 3, 92721, 97871, 0, 119.39
2026/09/22 22:24:51.852, 0, 90871, 97871, 0, 119.36
2026/09/22 22:24:51.852, 1, 93175, 97871, 0, 123.11
2026/09/22 22:24:51.852, 2, 95479, 97871, 0, 118.86
2026/09/22 22:24:51.852, 3, 92721, 97871, 0, 119.37
2026/09/22 22:24:52.053, 0, 90871, 97871, 0, 119.39
2026/09/22 22:24:52.053, 1, 93175, 97871, 0, 123.10
2026/09/22 22:24:52.053, 2, 95479, 97871, 0, 118.73
2026/09/22 22:24:52.053, 3, 92721, 97871, 0, 119.36
2026/09/22 22:24:52.253, 0, 90871, 97871, 0, 119.34
2026/09/22 22:24:52.253, 1, 93175, 97871, 0, 123.08
2026/09/22 22:24:52.253, 2, 95479, 97871, 0, 118.61
2026/09/22 22:24:52.253, 3, 92721, 97871, 0, 119.36
2026/09/22 22:24:52.453, 0, 90871, 97871, 0, 119.32
2026/09/22 22:24:52.453, 1, 93175, 97871, 0, 123.08
2026/09/22 22:24:52.453, 2, 95479, 97871, 0, 118.51
2026/09/22 22:24:52.453, 3, 92721, 97871, 0, 119.34
2026/09/22 22:24:52.653, 0, 90871, 97871, 0, 119.29
2026/09/22 22:24:52.653, 1, 93175, 97871, 0, 123.06
2026/09/22 22:24:52.653, 2, 95479, 97871, 0, 118.48
2026/09/22 22:24:52.653, 3, 92721, 97871, 0, 119.33
2026/09/22 22:24:52.853, 0, 90871, 97871, 0, 119.29
2026/09/22 22:24:52.853, 1, 93175, 97871, 0, 123.05
2026/09/22 22:24:52.853, 2, 95479, 97871, 0, 118.46
2026/09/22 22:24:52.853, 3, 92721, 97871, 0, 119.31
2026/09/22 22:24:53.053, 0, 90871, 97871, 0, 119.25
2026/09/22 22:24:53.053, 1, 93175, 97871, 0, 123.04
2026/09/22 22:24:53.053, 2, 95479, 97871, 0, 118.44
2026/09/22 22:24:53.053, 3, 92721, 97871, 0, 119.29
2026/09/22 22:24:53.254, 0, 90871, 97871, 0, 119.25
2026/09/22 22:24:53.254, 1, 93175, 97871, 0, 123.03
2026/09/22 22:24:53.254, 2, 95479, 97871, 0, 118.42
2026/09/22 22:24:53.254, 3, 92721, 97871, 0, 119.28
2026/09/22 22:24:53.454, 0, 90871, 97871, 0, 119.24
2026/09/22 22:24:53.454, 1, 93175, 97871, 0, 123.00
2026/09/22 22:24:53.454, 2, 95479, 97871, 0, 118.42
2026/09/22 22:24:53.454, 3, 92721, 97871, 0, 119.27
2026/09/22 22:24:53.654, 0, 90871, 97871, 0, 119.23
2026/09/22 22:24:53.654, 1, 93175, 97871, 0, 122.99
2026/09/22 22:24:53.654, 2, 95479, 97871, 0, 118.41
2026/09/22 22:24:53.654, 3, 92721, 97871, 0, 119.26
2026/09/22 22:24:53.854, 0, 90871, 97871, 0, 119.23
2026/09/22 22:24:53.854, 1, 93175, 97871, 0, 123.01
2026/09/22 22:24:53.854, 2, 95479, 97871, 0, 118.41
2026/09/22 22:24:53.854, 3, 92721, 97871, 0, 119.26
2026/09/22 22:24:54.054, 0, 90871, 97871, 0, 119.25
2026/09/22 22:24:54.054, 1, 93175, 97871, 0, 122.99
2026/09/22 22:24:54.054, 2, 95479, 97871, 0, 118.39
2026/09/22 22:24:54.054, 3, 92721, 97871, 0, 119.23
2026/09/22 22:24:54.254, 0, 90871, 97871, 0, 119.22
2026/09/22 22:24:54.254, 1, 93175, 97871, 0, 122.99
2026/09/22 22:24:54.255, 2, 95479, 97871, 0, 118.39
2026/09/22 22:24:54.255, 3, 92721, 97871, 0, 119.23
2026/09/22 22:24:54.455, 0, 90871, 97871, 0, 119.20
2026/09/22 22:24:54.455, 1, 93175, 97871, 0, 122.99
2026/09/22 22:24:54.455, 2, 95479, 97871, 0, 118.36
2026/09/22 22:24:54.455, 3, 92721, 97871, 0, 119.24
2026/09/22 22:24:54.655, 0, 90871, 97871, 36, 122.78
2026/09/22 22:24:54.655, 1, 93175, 97871, 8, 128.12
2026/09/22 22:24:54.655, 2, 95479, 97871, 44, 122.21
2026/09/22 22:24:54.655, 3, 92721, 97871, 0, 123.69
2026/09/22 22:24:54.855, 0, 90871, 97871, 34, 136.20
2026/09/22 22:24:54.855, 1, 93175, 97871, 0, 143.59
2026/09/22 22:24:54.855, 2, 95479, 97871, 29, 134.45
2026/09/22 22:24:54.855, 3, 92721, 97871, 85, 139.54
2026/09/22 22:24:55.055, 0, 90871, 97871, 0, 136.78
2026/09/22 22:24:55.055, 1, 93175, 97871, 0, 143.78
2026/09/22 22:24:55.056, 2, 95479, 97871, 0, 138.95
2026/09/22 22:24:55.056, 3, 92721, 97871, 0, 142.54
2026/09/22 22:24:55.256, 0, 90871, 97871, 0, 136.41
2026/09/22 22:24:55.256, 1, 93175, 97871, 0, 143.82
2026/09/22 22:24:55.256, 2, 95479, 97871, 0, 138.97
2026/09/22 22:24:55.256, 3, 92721, 97871, 0, 143.04
2026/09/22 22:24:55.456, 0, 90871, 97871, 0, 136.37
2026/09/22 22:24:55.456, 1, 93175, 97871, 0, 144.24
2026/09/22 22:24:55.456, 2, 95479, 97871, 0, 139.02
2026/09/22 22:24:55.456, 3, 92721, 97871, 0, 142.58
2026/09/22 22:24:55.656, 0, 90871, 97871, 0, 132.82
2026/09/22 22:24:55.656, 1, 93175, 97871, 0, 139.12
2026/09/22 22:24:55.656, 2, 95479, 97871, 0, 135.59
2026/09/22 22:24:55.656, 3, 92721, 97871, 0, 138.50
2026/09/22 22:24:55.856, 0, 90871, 97871, 1, 133.85
2026/09/22 22:24:55.856, 1, 93175, 97871, 20, 142.58
2026/09/22 22:24:55.856, 2, 95479, 97871, 2, 131.48
2026/09/22 22:24:55.856, 3, 92721, 97871, 53, 128.38
2026/09/22 22:24:56.056, 0, 90871, 97871, 98, 173.12
2026/09/22 22:24:56.056, 1, 93175, 97871, 100, 191.06
2026/09/22 22:24:56.056, 2, 95479, 97871, 98, 173.53
2026/09/22 22:24:56.056, 3, 92721, 97871, 100, 182.66
2026/09/22 22:24:56.256, 0, 90871, 97871, 25, 184.74
2026/09/22 22:24:56.256, 1, 93175, 97871, 0, 195.11
2026/09/22 22:24:56.256, 2, 95479, 97871, 28, 198.26
2026/09/22 22:24:56.256, 3, 92721, 97871, 0, 205.50
2026/09/22 22:24:56.456, 0, 90871, 97871, 0, 184.79
2026/09/22 22:24:56.457, 1, 93175, 97871, 0, 195.17
2026/09/22 22:24:56.457, 2, 95479, 97871, 0, 196.77
2026/09/22 22:24:56.457, 3, 92721, 97871, 0, 205.57
2026/09/22 22:24:56.657, 0, 90871, 97871, 0, 184.81
2026/09/22 22:24:56.657, 1, 93175, 97871, 0, 195.21
2026/09/22 22:24:56.657, 2, 95479, 97871, 0, 196.80
2026/09/22 22:24:56.657, 3, 92721, 97871, 0, 207.33
2026/09/22 22:24:56.857, 0, 90871, 97871, 0, 171.13
2026/09/22 22:24:56.857, 1, 93175, 97871, 0, 180.74
2026/09/22 22:24:56.857, 2, 95479, 97871, 0, 194.52
2026/09/22 22:24:56.857, 3, 92721, 97871, 0, 204.46
2026/09/22 22:24:57.057, 0, 90871, 97871, 96, 163.59
2026/09/22 22:24:57.057, 1, 93175, 97871, 98, 175.01
2026/09/22 22:24:57.057, 2, 95479, 97871, 96, 175.56
2026/09/22 22:24:57.057, 3, 92721, 97871, 100, 184.21
2026/09/22 22:24:57.257, 0, 90871, 97871, 6, 159.75
2026/09/22 22:24:57.257, 1, 93175, 97871, 0, 166.99
2026/09/22 22:24:57.257, 2, 95479, 97871, 9, 165.71
2026/09/22 22:24:57.258, 3, 92721, 97871, 0, 174.34
2026/09/22 22:24:57.458, 0, 90871, 97871, 0, 158.98
2026/09/22 22:24:57.458, 1, 93175, 97871, 0, 167.85
2026/09/22 22:24:57.458, 2, 95479, 97871, 0, 166.73
2026/09/22 22:24:57.458, 3, 92721, 97871, 0, 173.28
2026/09/22 22:24:57.658, 0, 90871, 97871, 0, 158.96
2026/09/22 22:24:57.658, 1, 93175, 97871, 0, 166.97
2026/09/22 22:24:57.658, 2, 95479, 97871, 0, 165.79
2026/09/22 22:24:57.658, 3, 92721, 97871, 0, 174.33
2026/09/22 22:24:57.858, 0, 90871, 97871, 0, 158.93
2026/09/22 22:24:57.858, 1, 93175, 97871, 0, 167.75
2026/09/22 22:24:57.858, 2, 95479, 97871, 0, 166.75
2026/09/22 22:24:57.858, 3, 92721, 97871, 0, 174.32
2026/09/22 22:24:58.059, 0, 90871, 97871, 0, 129.55
2026/09/22 22:24:58.059, 1, 93175, 97871, 0, 128.57
2026/09/22 22:24:58.059, 2, 95479, 97871, 0, 143.23
2026/09/22 22:24:58.059, 3, 92721, 97871, 0, 139.19
2026/09/22 22:24:58.259, 0, 90871, 97871, 0, 118.99
2026/09/22 22:24:58.259, 1, 93175, 97871, 0, 123.22
2026/09/22 22:24:58.259, 2, 95479, 97871, 0, 118.75
2026/09/22 22:24:58.259, 3, 92721, 97871, 0, 119.40
2026/09/22 22:24:58.459, 0, 90871, 97871, 0, 118.93
2026/09/22 22:24:58.459, 1, 93175, 97871, 0, 123.17
2026/09/22 22:24:58.459, 2, 95479, 97871, 0, 118.60
2026/09/22 22:24:58.459, 3, 92721, 97871, 0, 119.31
2026/09/22 22:24:58.659, 0, 90871, 97871, 0, 118.90
2026/09/22 22:24:58.659, 1, 93175, 97871, 0, 123.13
2026/09/22 22:24:58.659, 2, 95479, 97871, 0, 118.55
2026/09/22 22:24:58.659, 3, 92721, 97871, 0, 119.29
2026/09/22 22:24:58.860, 0, 90871, 97871, 0, 118.89
2026/09/22 22:24:58.860, 1, 93175, 97871, 0, 123.13
2026/09/22 22:24:58.860, 2, 95479, 97871, 0, 118.51
2026/09/22 22:24:58.860, 3, 92721, 97871, 0, 119.28
2026/09/22 22:24:59.060, 0, 90871, 97871, 0, 118.87
2026/09/22 22:24:59.060, 1, 93175, 97871, 0, 123.11
2026/09/22 22:24:59.060, 2, 95479, 97871, 0, 118.49
2026/09/22 22:24:59.060, 3, 92721, 97871, 0, 119.28
2026/09/22 22:24:59.260, 0, 90871, 97871, 0, 118.85
2026/09/22 22:24:59.260, 1, 93175, 97871, 0, 123.08
2026/09/22 22:24:59.260, 2, 95479, 97871, 0, 118.47
2026/09/22 22:24:59.260, 3, 92721, 97871, 0, 119.28
2026/09/22 22:24:59.460, 0, 90871, 97871, 0, 118.84
2026/09/22 22:24:59.460, 1, 93175, 97871, 0, 123.08
2026/09/22 22:24:59.460, 2, 95479, 97871, 0, 118.44
2026/09/22 22:24:59.460, 3, 92721, 97871, 0, 119.28
2026/09/22 22:24:59.660, 0, 90871, 97871, 0, 118.82
2026/09/22 22:24:59.660, 1, 93175, 97871, 0, 123.07
2026/09/22 22:24:59.660, 2, 95479, 97871, 0, 118.42
2026/09/22 22:24:59.660, 3, 92721, 97871, 0, 119.28
2026/09/22 22:24:59.860, 0, 90871, 97871, 0, 118.78
2026/09/22 22:24:59.860, 1, 93175, 97871, 0, 123.04
2026/09/22 22:24:59.860, 2, 95479, 97871, 0, 118.41
2026/09/22 22:24:59.860, 3, 92721, 97871, 0, 119.24
2026/09/22 22:25:00.060, 0, 90871, 97871, 0, 118.75
2026/09/22 22:25:00.060, 1, 93175, 97871, 0, 123.00
2026/09/22 22:25:00.060, 2, 95479, 97871, 0, 118.40
2026/09/22 22:25:00.060, 3, 92721, 97871, 0, 119.23
2026/09/22 22:25:00.261, 0, 90871, 97871, 0, 118.78
2026/09/22 22:25:00.261, 1, 93175, 97871, 0, 122.99
2026/09/22 22:25:00.261, 2, 95479, 97871, 0, 118.39
2026/09/22 22:25:00.261, 3, 92721, 97871, 0, 119.23
2026/09/22 22:25:00.461, 0, 90871, 97871, 0, 118.78
2026/09/22 22:25:00.461, 1, 93175, 97871, 0, 122.99
2026/09/22 22:25:00.461, 2, 95479, 97871, 0, 118.39
2026/09/22 22:25:00.461, 3, 92721, 97871, 0, 119.21
2026/09/22 22:25:00.661, 0, 90871, 97871, 0, 118.75
2026/09/22 22:25:00.661, 1, 93175, 97871, 0, 122.96
2026/09/22 22:25:00.661, 2, 95479, 97871, 0, 118.37
2026/09/22 22:25:00.661, 3, 92721, 97871, 0, 119.21
2026/09/22 22:25:00.861, 0, 90871, 97871, 0, 118.76
2026/09/22 22:25:00.861, 1, 93175, 97871, 0, 122.95
2026/09/22 22:25:00.861, 2, 95479, 97871, 0, 118.37
2026/09/22 22:25:00.861, 3, 92721, 97871, 0, 119.21
2026/09/22 22:25:01.061, 0, 90871, 97871, 0, 118.78
2026/09/22 22:25:01.061, 1, 93175, 97871, 0, 122.96
2026/09/22 22:25:01.061, 2, 95479, 97871, 0, 118.35
2026/09/22 22:25:01.061, 3, 92721, 97871, 0, 119.20
2026/09/22 22:25:01.261, 0, 90871, 97871, 0, 118.76
2026/09/22 22:25:01.261, 1, 93175, 97871, 0, 122.95
2026/09/22 22:25:01.261, 2, 95479, 97871, 0, 118.35
2026/09/22 22:25:01.261, 3, 92721, 97871, 0, 119.17
2026/09/22 22:25:01.461, 0, 90871, 97871, 0, 118.74
2026/09/22 22:25:01.462, 1, 93175, 97871, 0, 122.92
2026/09/22 22:25:01.462, 2, 95479, 97871, 0, 118.32
2026/09/22 22:25:01.462, 3, 92721, 97871, 0, 119.19
2026/09/22 22:25:01.662, 0, 90871, 97871, 0, 118.74
2026/09/22 22:25:01.662, 1, 93175, 97871, 0, 122.92
2026/09/22 22:25:01.662, 2, 95479, 97871, 0, 118.33
2026/09/22 22:25:01.662, 3, 92721, 97871, 0, 119.19
2026/09/22 22:25:01.862, 0, 90871, 97871, 0, 118.73
2026/09/22 22:25:01.862, 1, 93175, 97871, 0, 122.92
2026/09/22 22:25:01.862, 2, 95479, 97871, 0, 118.33
2026/09/22 22:25:01.862, 3, 92721, 97871, 0, 119.17
2026/09/22 22:25:02.062, 0, 90871, 97871, 0, 118.70
2026/09/22 22:25:02.062, 1, 93175, 97871, 0, 122.90
2026/09/22 22:25:02.062, 2, 95479, 97871, 0, 118.33
2026/09/22 22:25:02.062, 3, 92721, 97871, 0, 119.19
2026/09/22 22:25:02.262, 0, 90871, 97871, 0, 119.17
2026/09/22 22:25:02.262, 1, 93175, 97871, 0, 125.61
2026/09/22 22:25:02.262, 2, 95479, 97871, 0, 118.32
2026/09/22 22:25:02.262, 3, 92721, 97871, 0, 119.19
2026/09/22 22:25:02.462, 0, 90871, 97871, 21, 122.24
2026/09/22 22:25:02.463, 1, 93175, 97871, 0, 129.20
2026/09/22 22:25:02.463, 2, 95479, 97871, 25, 124.61
2026/09/22 22:25:02.463, 3, 92721, 97871, 0, 123.67
2026/09/22 22:25:02.663, 0, 90871, 97871, 74, 138.63
2026/09/22 22:25:02.663, 1, 93175, 97871, 47, 147.20
2026/09/22 22:25:02.663, 2, 95479, 97871, 74, 141.80
2026/09/22 22:25:02.663, 3, 92721, 97871, 31, 139.32
2026/09/22 22:25:02.863, 0, 90871, 97871, 0, 139.06
2026/09/22 22:25:02.863, 1, 93175, 97871, 0, 147.23
2026/09/22 22:25:02.863, 2, 95479, 97871, 0, 142.14
2026/09/22 22:25:02.863, 3, 92721, 97871, 0, 139.03
2026/09/22 22:25:03.063, 0, 90871, 97871, 0, 139.07
2026/09/22 22:25:03.063, 1, 93175, 97871, 0, 146.78
2026/09/22 22:25:03.063, 2, 95479, 97871, 0, 142.22
2026/09/22 22:25:03.063, 3, 92721, 97871, 0, 139.44
2026/09/22 22:25:03.263, 0, 90871, 97871, 0, 138.60
2026/09/22 22:25:03.263, 1, 93175, 97871, 0, 146.35
2026/09/22 22:25:03.263, 2, 95479, 97871, 0, 141.88
2026/09/22 22:25:03.264, 3, 92721, 97871, 0, 139.45
2026/09/22 22:25:03.464, 0, 90871, 97871, 57, 162.17
2026/09/22 22:25:03.464, 1, 93175, 97871, 92, 176.68
2026/09/22 22:25:03.464, 2, 95479, 97871, 56, 156.76
2026/09/22 22:25:03.464, 3, 92721, 97871, 99, 163.87
2026/09/22 22:25:03.664, 0, 90871, 97871, 100, 173.36
2026/09/22 22:25:03.664, 1, 93175, 97871, 60, 184.70
2026/09/22 22:25:03.664, 2, 95479, 97871, 100, 184.38
2026/09/22 22:25:03.664, 3, 92721, 97871, 41, 189.71
2026/09/22 22:25:03.864, 0, 90871, 97871, 0, 173.43
2026/09/22 22:25:03.864, 1, 93175, 97871, 0, 184.78
2026/09/22 22:25:03.864, 2, 95479, 97871, 0, 184.01
2026/09/22 22:25:03.864, 3, 92721, 97871, 0, 191.09
2026/09/22 22:25:04.064, 0, 90871, 97871, 0, 172.38
2026/09/22 22:25:04.064, 1, 93175, 97871, 0, 184.84
2026/09/22 22:25:04.064, 2, 95479, 97871, 0, 185.30
2026/09/22 22:25:04.064, 3, 92721, 97871, 0, 189.68
2026/09/22 22:25:04.264, 0, 90871, 97871, 0, 173.43
2026/09/22 22:25:04.264, 1, 93175, 97871, 0, 184.86
2026/09/22 22:25:04.264, 2, 95479, 97871, 0, 185.21
2026/09/22 22:25:04.264, 3, 92721, 97871, 0, 189.70
2026/09/22 22:25:04.465, 0, 90871, 97871, 0, 145.90
2026/09/22 22:25:04.465, 1, 93175, 97871, 0, 150.65
2026/09/22 22:25:04.465, 2, 95479, 97871, 0, 164.45
2026/09/22 22:25:04.465, 3, 92721, 97871, 0, 166.76
2026/09/22 22:25:04.665, 0, 90871, 97871, 99, 159.27
2026/09/22 22:25:04.665, 1, 93175, 97871, 100, 170.09
2026/09/22 22:25:04.665, 2, 95479, 97871, 99, 154.46
2026/09/22 22:25:04.665, 3, 92721, 97871, 100, 167.19
2026/09/22 22:25:04.865, 0, 90871, 97871, 0, 163.14
2026/09/22 22:25:04.865, 1, 93175, 97871, 0, 170.59
2026/09/22 22:25:04.865, 2, 95479, 97871, 0, 170.20
2026/09/22 22:25:04.865, 3, 92721, 97871, 0, 175.77
2026/09/22 22:25:05.065, 0, 90871, 97871, 0, 163.18
2026/09/22 22:25:05.066, 1, 93175, 97871, 0, 170.60
2026/09/22 22:25:05.066, 2, 95479, 97871, 0, 170.22
2026/09/22 22:25:05.066, 3, 92721, 97871, 0, 176.95
2026/09/22 22:25:05.266, 0, 90871, 97871, 0, 162.31
2026/09/22 22:25:05.266, 1, 93175, 97871, 0, 170.61
2026/09/22 22:25:05.266, 2, 95479, 97871, 0, 170.25
2026/09/22 22:25:05.266, 3, 92721, 97871, 0, 175.82
2026/09/22 22:25:05.466, 0, 90871, 97871, 0, 162.35
2026/09/22 22:25:05.466, 1, 93175, 97871, 0, 170.63
2026/09/22 22:25:05.466, 2, 95479, 97871, 0, 160.71
2026/09/22 22:25:05.466, 3, 92721, 97871, 0, 175.82
2026/09/22 22:25:05.666, 0, 90871, 97871, 0, 127.47
2026/09/22 22:25:05.666, 1, 93175, 97871, 0, 126.59
2026/09/22 22:25:05.666, 2, 95479, 97871, 0, 119.63
2026/09/22 22:25:05.666, 3, 92721, 97871, 0, 129.23
2026/09/22 22:25:05.867, 0, 90871, 97871, 0, 118.85
2026/09/22 22:25:05.867, 1, 93175, 97871, 0, 123.21
2026/09/22 22:25:05.867, 2, 95479, 97871, 0, 118.59
2026/09/22 22:25:05.867, 3, 92721, 97871, 0, 119.35
2026/09/22 22:25:06.067, 0, 90871, 97871, 0, 118.80
2026/09/22 22:25:06.067, 1, 93175, 97871, 0, 123.14
2026/09/22 22:25:06.067, 2, 95479, 97871, 0, 118.54
2026/09/22 22:25:06.067, 3, 92721, 97871, 0, 119.30
2026/09/22 22:25:06.267, 0, 90871, 97871, 0, 118.78
2026/09/22 22:25:06.267, 1, 93175, 97871, 0, 123.12
2026/09/22 22:25:06.267, 2, 95479, 97871, 0, 118.48
2026/09/22 22:25:06.267, 3, 92721, 97871, 0, 119.28
2026/09/22 22:25:06.467, 0, 90871, 97871, 0, 118.74
2026/09/22 22:25:06.467, 1, 93175, 97871, 0, 123.09
2026/09/22 22:25:06.467, 2, 95479, 97871, 0, 118.43
2026/09/22 22:25:06.467, 3, 92721, 97871, 0, 119.28
2026/09/22 22:25:06.667, 0, 90871, 97871, 0, 118.72
2026/09/22 22:25:06.667, 1, 93175, 97871, 0, 123.04
2026/09/22 22:25:06.667, 2, 95479, 97871, 0, 118.41
2026/09/22 22:25:06.667, 3, 92721, 97871, 0, 119.26
2026/09/22 22:25:06.868, 0, 90871, 97871, 0, 118.71
2026/09/22 22:25:06.868, 1, 93175, 97871, 0, 123.01
2026/09/22 22:25:06.868, 2, 95479, 97871, 0, 118.39
2026/09/22 22:25:06.868, 3, 92721, 97871, 0, 119.25
2026/09/22 22:25:07.068, 0, 90871, 97871, 0, 118.71
2026/09/22 22:25:07.068, 1, 93175, 97871, 0, 123.02
2026/09/22 22:25:07.068, 2, 95479, 97871, 0, 118.38
2026/09/22 22:25:07.068, 3, 92721, 97871, 0, 119.23
2026/09/22 22:25:07.268, 0, 90871, 97871, 0, 118.70
2026/09/22 22:25:07.268, 1, 93175, 97871, 0, 123.01
2026/09/22 22:25:07.268, 2, 95479, 97871, 0, 118.40
2026/09/22 22:25:07.268, 3, 92721, 97871, 0, 119.23
2026/09/22 22:25:07.468, 0, 90871, 97871, 0, 118.71
2026/09/22 22:25:07.468, 1, 93175, 97871, 0, 122.97
2026/09/22 22:25:07.468, 2, 95479, 97871, 0, 118.41
2026/09/22 22:25:07.468, 3, 92721, 97871, 0, 119.21
2026/09/22 22:25:07.668, 0, 90871, 97871, 0, 118.68
2026/09/22 22:25:07.668, 1, 93175, 97871, 0, 122.97
2026/09/22 22:25:07.668, 2, 95479, 97871, 0, 118.39
2026/09/22 22:25:07.668, 3, 92721, 97871, 0, 119.19
2026/09/22 22:25:07.868, 0, 90871, 97871, 0, 118.67
2026/09/22 22:25:07.868, 1, 93175, 97871, 0, 122.95
2026/09/22 22:25:07.868, 2, 95479, 97871, 0, 118.38
2026/09/22 22:25:07.868, 3, 92721, 97871, 0, 119.19
2026/09/22 22:25:08.068, 0, 90871, 97871, 0, 118.66
2026/09/22 22:25:08.068, 1, 93175, 97871, 0, 122.92
2026/09/22 22:25:08.068, 2, 95479, 97871, 0, 118.36
2026/09/22 22:25:08.068, 3, 92721, 97871, 0, 119.19
2026/09/22 22:25:08.269, 0, 90871, 97871, 0, 118.68
2026/09/22 22:25:08.269, 1, 93175, 97871, 0, 122.91
2026/09/22 22:25:08.269, 2, 95479, 97871, 0, 118.34
2026/09/22 22:25:08.269, 3, 92721, 97871, 0, 119.18
2026/09/22 22:25:08.469, 0, 90871, 97871, 0, 118.66
2026/09/22 22:25:08.469, 1, 93175, 97871, 0, 122.92
2026/09/22 22:25:08.469, 2, 95479, 97871, 0, 118.34
2026/09/22 22:25:08.469, 3, 92721, 97871, 0, 119.18
2026/09/22 22:25:08.669, 0, 90871, 97871, 0, 118.65
2026/09/22 22:25:08.669, 1, 93175, 97871, 0, 122.92
2026/09/22 22:25:08.669, 2, 95479, 97871, 0, 118.33
2026/09/22 22:25:08.669, 3, 92721, 97871, 0, 119.18
2026/09/22 22:25:08.869, 0, 90871, 97871, 0, 118.64
2026/09/22 22:25:08.869, 1, 93175, 97871, 0, 122.91
2026/09/22 22:25:08.869, 2, 95479, 97871, 0, 118.32
2026/09/22 22:25:08.869, 3, 92721, 97871, 0, 119.17
2026/09/22 22:25:09.069, 0, 90871, 97871, 0, 118.62
2026/09/22 22:25:09.069, 1, 93175, 97871, 0, 122.90
2026/09/22 22:25:09.069, 2, 95479, 97871, 0, 118.31
2026/09/22 22:25:09.069, 3, 92721, 97871, 0, 119.14
2026/09/22 22:25:09.269, 0, 90871, 97871, 0, 118.60
2026/09/22 22:25:09.269, 1, 93175, 97871, 0, 122.87
2026/09/22 22:25:09.269, 2, 95479, 97871, 0, 118.32
2026/09/22 22:25:09.269, 3, 92721, 97871, 0, 119.13
2026/09/22 22:25:09.469, 0, 90871, 97871, 0, 118.59
2026/09/22 22:25:09.469, 1, 93175, 97871, 0, 122.86
2026/09/22 22:25:09.469, 2, 95479, 97871, 0, 118.30
2026/09/22 22:25:09.469, 3, 92721, 97871, 0, 119.10
2026/09/22 22:25:09.670, 0, 90871, 97871, 0, 118.57
2026/09/22 22:25:09.670, 1, 93175, 97871, 0, 122.84
2026/09/22 22:25:09.670, 2, 95479, 97871, 0, 118.29
2026/09/22 22:25:09.670, 3, 92721, 97871, 0, 119.07
2026/09/22 22:25:09.870, 0, 90871, 97871, 16, 122.20
2026/09/22 22:25:09.870, 1, 93175, 97871, 27, 127.82
2026/09/22 22:25:09.870, 2, 95479, 97871, 4, 122.65
2026/09/22 22:25:09.870, 3, 92721, 97871, 33, 122.12
2026/09/22 22:25:10.070, 0, 90871, 97871, 10, 131.06
2026/09/22 22:25:10.070, 1, 93175, 97871, 55, 139.44
2026/09/22 22:25:10.070, 2, 95479, 97871, 8, 134.09
2026/09/22 22:25:10.070, 3, 92721, 97871, 41, 134.34
2026/09/22 22:25:10.270, 0, 90871, 97871, 0, 131.14
2026/09/22 22:25:10.270, 1, 93175, 97871, 0, 139.58
2026/09/22 22:25:10.270, 2, 95479, 97871, 0, 133.76
2026/09/22 22:25:10.270, 3, 92721, 97871, 0, 135.54
2026/09/22 22:25:10.470, 0, 90871, 97871, 0, 130.90
2026/09/22 22:25:10.471, 1, 93175, 97871, 0, 139.93
2026/09/22 22:25:10.471, 2, 95479, 97871, 0, 133.99
2026/09/22 22:25:10.471, 3, 92721, 97871, 0, 135.55
2026/09/22 22:25:10.671, 0, 90871, 97871, 0, 131.18
2026/09/22 22:25:10.671, 1, 93175, 97871, 0, 139.97
2026/09/22 22:25:10.671, 2, 95479, 97871, 0, 135.42
2026/09/22 22:25:10.671, 3, 92721, 97871, 0, 135.26
2026/09/22 22:25:10.871, 0, 90871, 97871, 70, 161.94
2026/09/22 22:25:10.871, 1, 93175, 97871, 99, 173.13
2026/09/22 22:25:10.871, 2, 95479, 97871, 80, 172.41
2026/09/22 22:25:10.871, 3, 92721, 97871, 99, 167.29
2026/09/22 22:25:11.071, 0, 90871, 97871, 9, 155.82
2026/09/22 22:25:11.071, 1, 93175, 97871, 0, 164.82
2026/09/22 22:25:11.071, 2, 95479, 97871, 13, 161.97
2026/09/22 22:25:11.071, 3, 92721, 97871, 0, 169.93
2026/09/22 22:25:11.272, 0, 90871, 97871, 0, 155.40
2026/09/22 22:25:11.272, 1, 93175, 97871, 0, 163.94
2026/09/22 22:25:11.272, 2, 95479, 97871, 0, 162.87
2026/09/22 22:25:11.272, 3, 92721, 97871, 0, 167.39
2026/09/22 22:25:11.472, 0, 90871, 97871, 0, 156.14
2026/09/22 22:25:11.472, 1, 93175, 97871, 0, 164.81
2026/09/22 22:25:11.472, 2, 95479, 97871, 0, 162.00
2026/09/22 22:25:11.472, 3, 92721, 97871, 0, 168.39
2026/09/22 22:25:11.672, 0, 90871, 97871, 0, 156.15
2026/09/22 22:25:11.672, 1, 93175, 97871, 0, 164.76
2026/09/22 22:25:11.672, 2, 95479, 97871, 0, 161.41
2026/09/22 22:25:11.672, 3, 92721, 97871, 0, 167.41
2026/09/22 22:25:11.872, 0, 90871, 97871, 26, 142.63
2026/09/22 22:25:11.873, 1, 93175, 97871, 38, 152.91
2026/09/22 22:25:11.873, 2, 95479, 97871, 24, 154.28
2026/09/22 22:25:11.873, 3, 92721, 97871, 63, 155.10
2026/09/22 22:25:12.073, 0, 90871, 97871, 78, 156.86
2026/09/22 22:25:12.073, 1, 93175, 97871, 32, 163.94
2026/09/22 22:25:12.073, 2, 95479, 97871, 82, 165.70
2026/09/22 22:25:12.073, 3, 92721, 97871, 14, 169.56
2026/09/22 22:25:12.273, 0, 90871, 97871, 0, 156.12
2026/09/22 22:25:12.273, 1, 93175, 97871, 0, 163.96
2026/09/22 22:25:12.273, 2, 95479, 97871, 0, 164.87
2026/09/22 22:25:12.273, 3, 92721, 97871, 0, 169.73
2026/09/22 22:25:12.473, 0, 90871, 97871, 0, 156.90
2026/09/22 22:25:12.473, 1, 93175, 97871, 0, 163.93
2026/09/22 22:25:12.473, 2, 95479, 97871, 0, 165.91
2026/09/22 22:25:12.473, 3, 92721, 97871, 0, 168.84
2026/09/22 22:25:12.673, 0, 90871, 97871, 0, 156.16
2026/09/22 22:25:12.673, 1, 93175, 97871, 0, 163.93
2026/09/22 22:25:12.673, 2, 95479, 97871, 0, 165.07
2026/09/22 22:25:12.673, 3, 92721, 97871, 0, 168.98
2026/09/22 22:25:12.874, 0, 90871, 97871, 0, 139.95
2026/09/22 22:25:12.874, 1, 93175, 97871, 0, 136.90
2026/09/22 22:25:12.874, 2, 95479, 97871, 0, 135.46
2026/09/22 22:25:12.874, 3, 92721, 97871, 0, 153.52
2026/09/22 22:25:13.074, 0, 90871, 97871, 0, 118.83
2026/09/22 22:25:13.074, 1, 93175, 97871, 0, 123.10
2026/09/22 22:25:13.074, 2, 95479, 97871, 0, 118.59
2026/09/22 22:25:13.074, 3, 92721, 97871, 0, 119.90
2026/09/22 22:25:13.274, 0, 90469, 97871, 0, 118.79
2026/09/22 22:25:13.286, 1, 92723, 97871, 0, 123.03
2026/09/22 22:25:13.286, 2, 95039, 97871, 0, 118.49
2026/09/22 22:25:13.286, 3, 92253, 97871, 0, 119.82
2026/09/22 22:25:13.486, 0, 90303, 97871, 2, 118.88
2026/09/22 22:25:13.486, 1, 92607, 97871, 1, 123.05
2026/09/22 22:25:13.486, 2, 94911, 97871, 2, 118.46
2026/09/22 22:25:13.486, 3, 92153, 97871, 0, 119.84
2026/09/22 22:25:13.686, 0, 90303, 97871, 0, 118.83
2026/09/22 22:25:13.686, 1, 92607, 97871, 0, 123.04
2026/09/22 22:25:13.686, 2, 94911, 97871, 0, 118.41
2026/09/22 22:25:13.686, 3, 92153, 97871, 0, 119.80
2026/09/22 22:25:13.887, 0, 90303, 97871, 0, 118.81
2026/09/22 22:25:13.887, 1, 92607, 97871, 0, 123.01
2026/09/22 22:25:13.887, 2, 94911, 97871, 0, 118.39
2026/09/22 22:25:13.887, 3, 92153, 97871, 0, 119.76
2026/09/22 22:25:14.087, 0, 90303, 97871, 0, 118.76
2026/09/22 22:25:14.087, 1, 92607, 97871, 0, 123.00
2026/09/22 22:25:14.087, 2, 94911, 97871, 0, 118.39
2026/09/22 22:25:14.087, 3, 92153, 97871, 0, 119.73
2026/09/22 22:25:14.287, 0, 90303, 97871, 0, 118.71
2026/09/22 22:25:14.287, 1, 92607, 97871, 0, 122.99
2026/09/22 22:25:14.287, 2, 94911, 97871, 0, 118.37
2026/09/22 22:25:14.287, 3, 92153, 97871, 0, 119.74
2026/09/22 22:25:14.487, 0, 90303, 97871, 0, 118.57
2026/09/22 22:25:14.487, 1, 92607, 97871, 0, 122.91
2026/09/22 22:25:14.487, 2, 94911, 97871, 0, 118.34
2026/09/22 22:25:14.487, 3, 92153, 97871, 0, 119.67
2026/09/22 22:25:14.687, 0, 90303, 97871, 0, 118.58
2026/09/22 22:25:14.687, 1, 92607, 97871, 0, 122.89
2026/09/22 22:25:14.687, 2, 94911, 97871, 0, 118.34
2026/09/22 22:25:14.687, 3, 92153, 97871, 0, 119.66
2026/09/22 22:25:14.887, 0, 90303, 97871, 0, 118.57
2026/09/22 22:25:14.889, 1, 92607, 97871, 0, 122.88
2026/09/22 22:25:14.890, 2, 94911, 97871, 0, 118.33
2026/09/22 22:25:14.892, 3, 92153, 97871, 0, 119.66
2026/09/22 22:25:15.095, 0, 90299, 97871, 0, 119.85
2026/09/22 22:25:15.463, 1, 4, 97871, 100, 132.76
2026/09/22 22:25:15.883, 2, 4, 97871, 20, 128.28
2026/09/22 22:25:15.883, 3, 4, 97871, 0, 129.50
2026/09/22 22:25:16.083, 0, 4, 97871, 94, 128.24
2026/09/22 22:25:16.083, 1, 4, 97871, 0, 132.69
2026/09/22 22:25:16.083, 2, 4, 97871, 0, 128.40
2026/09/22 22:25:16.083, 3, 4, 97871, 0, 129.73
2026/09/22 22:25:16.283, 0, 4, 97871, 2, 128.10
2026/09/22 22:25:16.283, 1, 4, 97871, 0, 132.68
2026/09/22 22:25:16.283, 2, 4, 97871, 0, 128.38
2026/09/22 22:25:16.283, 3, 4, 97871, 0, 128.31
2026/09/22 22:25:16.483, 0, 4, 97871, 0, 128.21
2026/09/22 22:25:16.483, 1, 4, 97871, 0, 132.82
2026/09/22 22:25:16.483, 2, 4, 97871, 0, 126.89
2026/09/22 22:25:16.483, 3, 4, 97871, 0, 124.20
2026/09/22 22:25:16.683, 0, 4, 97871, 0, 128.21
2026/09/22 22:25:16.683, 1, 4, 97871, 0, 131.49
2026/09/22 22:25:16.683, 2, 4, 97871, 0, 120.79
2026/09/22 22:25:16.683, 3, 4, 97871, 0, 122.19
2026/09/22 22:25:16.884, 0, 4, 97871, 0, 126.88
2026/09/22 22:25:16.884, 1, 4, 97871, 0, 125.45
2026/09/22 22:25:16.884, 2, 4, 97871, 0, 120.75
2026/09/22 22:25:16.884, 3, 4, 97871, 0, 122.19
2026/09/22 22:25:17.084, 0, 4, 97871, 0, 121.10
2026/09/22 22:25:17.084, 1, 4, 97871, 0, 125.34
2026/09/22 22:25:17.084, 2, 4, 97871, 0, 120.72
2026/09/22 22:25:17.084, 3, 4, 97871, 0, 122.21
2026/09/22 22:25:17.284, 0, 4, 97871, 0, 121.05
2026/09/22 22:25:17.284, 1, 4, 97871, 0, 125.35
2026/09/22 22:25:17.284, 2, 4, 97871, 0, 120.70
2026/09/22 22:25:17.284, 3, 4, 97871, 0, 122.01
2026/09/22 22:25:17.484, 0, 4, 97871, 0, 121.07
2026/09/22 22:25:17.484, 1, 4, 97871, 0, 125.33
2026/09/22 22:25:17.484, 2, 4, 97871, 0, 118.92
2026/09/22 22:25:17.484, 3, 4, 97871, 0, 112.95
2026/09/22 22:25:17.684, 0, 4, 97871, 0, 121.06
2026/09/22 22:25:17.689, 1, 4, 97871, 0, 125.33
2026/09/22 22:25:17.690, 2, 4, 97871, 0, 109.61
2026/09/22 22:25:17.690, 3, 4, 97871, 0, 103.25
2026/09/22 22:25:17.890, 0, 0, 97871, 0, 120.15
2026/09/22 22:25:17.890, 1, 0, 97871, 0, 116.56
2026/09/22 22:25:17.890, 2, 0, 97871, 0, 100.69
2026/09/22 22:25:17.890, 3, 0, 97871, 0, 94.30
