timestamp,gpu_index,memory_used_mib,memory_total_mib,gpu_utilization_percent,power_watts
2026/09/22 23:10:29.176, 0, 0, 97871, 0, 74.76
2026/09/22 23:10:29.180, 1, 0, 97871, 0, 78.44
2026/09/22 23:10:29.183, 2, 0, 97871, 0, 75.83
2026/09/22 23:10:29.186, 3, 0, 97871, 0, 75.07
2026/09/22 23:10:29.390, 0, 0, 97871, 0, 74.74
2026/09/22 23:10:29.390, 1, 0, 97871, 0, 78.40
2026/09/22 23:10:29.390, 2, 0, 97871, 0, 75.78
2026/09/22 23:10:29.390, 3, 0, 97871, 0, 75.06
2026/09/22 23:10:29.590, 0, 0, 97871, 0, 74.74
2026/09/22 23:10:29.590, 1, 0, 97871, 0, 78.40
2026/09/22 23:10:29.590, 2, 0, 97871, 0, 75.75
2026/09/22 23:10:29.590, 3, 0, 97871, 0, 75.03
2026/09/22 23:10:29.790, 0, 0, 97871, 0, 74.71
2026/09/22 23:10:29.790, 1, 0, 97871, 0, 78.37
2026/09/22 23:10:29.790, 2, 0, 97871, 0, 75.71
2026/09/22 23:10:29.790, 3, 0, 97871, 0, 75.03
2026/09/22 23:10:29.990, 0, 0, 97871, 0, 74.70
2026/09/22 23:10:29.991, 1, 0, 97871, 0, 78.36
2026/09/22 23:10:29.991, 2, 0, 97871, 0, 75.71
2026/09/22 23:10:29.991, 3, 0, 97871, 0, 75.02
2026/09/22 23:10:30.191, 0, 0, 97871, 0, 74.72
2026/09/22 23:10:30.191, 1, 0, 97871, 0, 78.31
2026/09/22 23:10:30.191, 2, 0, 97871, 0, 75.68
2026/09/22 23:10:30.191, 3, 0, 97871, 0, 74.98
2026/09/22 23:10:30.391, 0, 0, 97871, 0, 74.71
2026/09/22 23:10:30.391, 1, 0, 97871, 0, 78.30
2026/09/22 23:10:30.391, 2, 0, 97871, 0, 75.68
2026/09/22 23:10:30.391, 3, 0, 97871, 0, 74.96
2026/09/22 23:10:30.591, 0, 0, 97871, 0, 74.68
2026/09/22 23:10:30.591, 1, 0, 97871, 0, 78.26
2026/09/22 23:10:30.591, 2, 0, 97871, 0, 75.68
2026/09/22 23:10:30.591, 3, 0, 97871, 0, 74.97
2026/09/22 23:10:30.791, 0, 0, 97871, 0, 74.67
2026/09/22 23:10:30.791, 1, 0, 97871, 0, 78.23
2026/09/22 23:10:30.791, 2, 0, 97871, 0, 75.66
2026/09/22 23:10:30.791, 3, 0, 97871, 0, 74.94
2026/09/22 23:10:30.991, 0, 0, 97871, 0, 74.64
2026/09/22 23:10:30.991, 1, 0, 97871, 0, 78.19
2026/09/22 23:10:30.991, 2, 0, 97871, 0, 75.65
2026/09/22 23:10:30.991, 3, 0, 97871, 0, 74.92
2026/09/22 23:10:31.191, 0, 0, 97871, 0, 74.60
2026/09/22 23:10:31.192, 1, 0, 97871, 0, 78.18
2026/09/22 23:10:31.192, 2, 0, 97871, 0, 75.62
2026/09/22 23:10:31.192, 3, 0, 97871, 0, 74.92
2026/09/22 23:10:31.392, 0, 0, 97871, 0, 74.59
2026/09/22 23:10:31.392, 1, 0, 97871, 0, 78.14
2026/09/22 23:10:31.392, 2, 0, 97871, 0, 75.62
2026/09/22 23:10:31.392, 3, 0, 97871, 0, 74.94
2026/09/22 23:10:31.592, 0, 0, 97871, 0, 74.57
2026/09/22 23:10:31.592, 1, 0, 97871, 0, 78.15
2026/09/22 23:10:31.592, 2, 0, 97871, 0, 75.60
2026/09/22 23:10:31.592, 3, 0, 97871, 0, 74.93
2026/09/22 23:10:31.792, 0, 0, 97871, 0, 74.52
2026/09/22 23:10:31.792, 1, 0, 97871, 0, 78.13
2026/09/22 23:10:31.792, 2, 0, 97871, 0, 75.59
2026/09/22 23:10:31.792, 3, 0, 97871, 0, 74.92
2026/09/22 23:10:31.992, 0, 0, 97871, 0, 74.54
2026/09/22 23:10:31.992, 1, 0, 97871, 0, 78.13
2026/09/22 23:10:31.992, 2, 0, 97871, 0, 75.58
2026/09/22 23:10:31.992, 3, 0, 97871, 0, 74.92
2026/09/22 23:10:32.192, 0, 0, 97871, 0, 74.52
2026/09/22 23:10:32.192, 1, 0, 97871, 0, 78.10
2026/09/22 23:10:32.192, 2, 0, 97871, 0, 75.59
2026/09/22 23:10:32.192, 3, 0, 97871, 0, 74.92
2026/09/22 23:10:32.393, 0, 0, 97871, 0, 74.50
2026/09/22 23:10:32.393, 1, 0, 97871, 0, 78.09
2026/09/22 23:10:32.393, 2, 0, 97871, 0, 75.58
2026/09/22 23:10:32.393, 3, 0, 97871, 0, 74.88
2026/09/22 23:10:32.593, 0, 0, 97871, 0, 74.49
2026/09/22 23:10:32.593, 1, 0, 97871, 0, 78.07
2026/09/22 23:10:32.593, 2, 0, 97871, 0, 75.55
2026/09/22 23:10:32.593, 3, 0, 97871, 0, 74.86
2026/09/22 23:10:32.793, 0, 0, 97871, 0, 74.50
2026/09/22 23:10:32.793, 1, 0, 97871, 0, 78.07
2026/09/22 23:10:32.793, 2, 0, 97871, 0, 75.55
2026/09/22 23:10:32.793, 3, 0, 97871, 0, 74.87
2026/09/22 23:10:32.993, 0, 0, 97871, 0, 74.49
2026/09/22 23:10:32.993, 1, 0, 97871, 0, 78.06
2026/09/22 23:10:32.993, 2, 0, 97871, 0, 75.52
2026/09/22 23:10:32.993, 3, 0, 97871, 0, 74.88
2026/09/22 23:10:33.193, 0, 0, 97871, 0, 74.49
2026/09/22 23:10:33.193, 1, 0, 97871, 0, 78.07
2026/09/22 23:10:33.193, 2, 0, 97871, 0, 75.51
2026/09/22 23:10:33.193, 3, 0, 97871, 0, 74.87
2026/09/22 23:10:33.394, 0, 0, 97871, 0, 74.48
2026/09/22 23:10:33.394, 1, 0, 97871, 0, 78.06
2026/09/22 23:10:33.394, 2, 0, 97871, 0, 75.50
2026/09/22 23:10:33.394, 3, 0, 97871, 0, 74.86
2026/09/22 23:10:33.594, 0, 0, 97871, 0, 74.47
2026/09/22 23:10:33.594, 1, 0, 97871, 0, 78.03
2026/09/22 23:10:33.594, 2, 0, 97871, 0, 75.50
2026/09/22 23:10:33.594, 3, 0, 97871, 0, 74.87
2026/09/22 23:10:33.794, 0, 0, 97871, 0, 74.48
2026/09/22 23:10:33.794, 1, 0, 97871, 0, 78.04
2026/09/22 23:10:33.794, 2, 0, 97871, 0, 75.50
2026/09/22 23:10:33.794, 3, 0, 97871, 0, 74.86
2026/09/22 23:10:33.994, 0, 0, 97871, 0, 74.47
2026/09/22 23:10:33.994, 1, 0, 97871, 0, 78.01
2026/09/22 23:10:33.994, 2, 0, 97871, 0, 75.49
2026/09/22 23:10:33.994, 3, 0, 97871, 0, 74.86
2026/09/22 23:10:34.194, 0, 0, 97871, 0, 74.43
2026/09/22 23:10:34.194, 1, 0, 97871, 0, 77.98
2026/09/22 23:10:34.194, 2, 0, 97871, 0, 75.46
2026/09/22 23:10:34.194, 3, 0, 97871, 0, 74.86
2026/09/22 23:10:34.394, 0, 0, 97871, 0, 74.43
2026/09/22 23:10:34.394, 1, 0, 97871, 0, 78.00
2026/09/22 23:10:34.394, 2, 0, 97871, 0, 75.45
2026/09/22 23:10:34.394, 3, 0, 97871, 0, 74.86
2026/09/22 23:10:34.594, 0, 0, 97871, 0, 74.44
2026/09/22 23:10:34.594, 1, 0, 97871, 0, 78.00
2026/09/22 23:10:34.594, 2, 0, 97871, 0, 75.45
2026/09/22 23:10:34.594, 3, 0, 97871, 0, 74.85
2026/09/22 23:10:34.795, 0, 0, 97871, 0, 74.42
2026/09/22 23:10:34.795, 1, 0, 97871, 0, 77.97
2026/09/22 23:10:34.795, 2, 0, 97871, 0, 75.41
2026/09/22 23:10:34.795, 3, 0, 97871, 0, 74.82
2026/09/22 23:10:34.995, 0, 0, 97871, 0, 74.42
2026/09/22 23:10:34.995, 1, 0, 97871, 0, 78.06
2026/09/22 23:10:34.995, 2, 0, 97871, 0, 75.40
2026/09/22 23:10:34.995, 3, 0, 97871, 0, 74.82
2026/09/22 23:10:35.195, 0, 0, 97871, 0, 74.43
2026/09/22 23:10:35.195, 1, 0, 97871, 0, 78.13
2026/09/22 23:10:35.195, 2, 0, 97871, 0, 75.40
2026/09/22 23:10:35.195, 3, 0, 97871, 0, 74.79
2026/09/22 23:10:35.395, 0, 0, 97871, 0, 74.42
2026/09/22 23:10:35.395, 1, 0, 97871, 0, 78.16
2026/09/22 23:10:35.395, 2, 0, 97871, 0, 75.37
2026/09/22 23:10:35.395, 3, 0, 97871, 0, 74.78
2026/09/22 23:10:35.595, 0, 0, 97871, 0, 74.38
2026/09/22 23:10:35.595, 1, 0, 97871, 0, 78.21
2026/09/22 23:10:35.595, 2, 0, 97871, 0, 75.31
2026/09/22 23:10:35.595, 3, 0, 97871, 0, 74.75
2026/09/22 23:10:35.795, 0, 0, 97871, 0, 74.38
2026/09/22 23:10:35.795, 1, 0, 97871, 0, 78.26
2026/09/22 23:10:35.795, 2, 0, 97871, 0, 75.32
2026/09/22 23:10:35.795, 3, 0, 97871, 0, 74.72
2026/09/22 23:10:35.996, 0, 0, 97871, 0, 74.37
2026/09/22 23:10:35.996, 1, 0, 97871, 0, 78.18
2026/09/22 23:10:35.996, 2, 0, 97871, 0, 75.27
2026/09/22 23:10:35.996, 3, 0, 97871, 0, 74.71
2026/09/22 23:10:36.196, 0, 0, 97871, 0, 74.38
2026/09/22 23:10:36.196, 1, 0, 97871, 0, 78.17
2026/09/22 23:10:36.196, 2, 0, 97871, 0, 75.25
2026/09/22 23:10:36.196, 3, 0, 97871, 0, 74.70
2026/09/22 23:10:36.396, 0, 0, 97871, 0, 74.36
2026/09/22 23:10:36.396, 1, 0, 97871, 0, 78.17
2026/09/22 23:10:36.396, 2, 0, 97871, 0, 75.23
2026/09/22 23:10:36.396, 3, 0, 97871, 0, 74.67
2026/09/22 23:10:36.596, 0, 0, 97871, 0, 74.36
2026/09/22 23:10:36.596, 1, 0, 97871, 0, 78.14
2026/09/22 23:10:36.596, 2, 0, 97871, 0, 75.22
2026/09/22 23:10:36.596, 3, 0, 97871, 0, 74.69
2026/09/22 23:10:36.796, 0, 0, 97871, 0, 74.33
2026/09/22 23:10:36.796, 1, 0, 97871, 0, 78.11
2026/09/22 23:10:36.796, 2, 0, 97871, 0, 75.19
2026/09/22 23:10:36.796, 3, 0, 97871, 0, 74.68
2026/09/22 23:10:36.996, 0, 0, 97871, 0, 74.32
2026/09/22 23:10:36.996, 1, 0, 97871, 0, 78.10
2026/09/22 23:10:36.996, 2, 0, 97871, 0, 75.22
2026/09/22 23:10:36.996, 3, 0, 97871, 0, 74.68
2026/09/22 23:10:37.196, 0, 0, 97871, 0, 74.31
2026/09/22 23:10:37.196, 1, 0, 97871, 0, 78.07
2026/09/22 23:10:37.196, 2, 0, 97871, 0, 75.20
2026/09/22 23:10:37.197, 3, 0, 97871, 0, 74.68
2026/09/22 23:10:37.397, 0, 0, 97871, 0, 74.26
2026/09/22 23:10:37.397, 1, 0, 97871, 0, 78.05
2026/09/22 23:10:37.397, 2, 0, 97871, 0, 75.21
2026/09/22 23:10:37.397, 3, 0, 97871, 0, 74.69
2026/09/22 23:10:37.597, 0, 0, 97871, 0, 74.26
2026/09/22 23:10:37.597, 1, 0, 97871, 0, 78.02
2026/09/22 23:10:37.597, 2, 0, 97871, 0, 75.20
2026/09/22 23:10:37.597, 3, 0, 97871, 0, 74.71
2026/09/22 23:10:37.797, 0, 0, 97871, 0, 74.24
2026/09/22 23:10:37.797, 1, 0, 97871, 0, 78.01
2026/09/22 23:10:37.797, 2, 0, 97871, 0, 75.20
2026/09/22 23:10:37.797, 3, 0, 97871, 0, 74.75
2026/09/22 23:10:37.997, 0, 0, 97871, 0, 74.22
2026/09/22 23:10:37.997, 1, 0, 97871, 0, 78.01
2026/09/22 23:10:37.997, 2, 0, 97871, 0, 75.18
2026/09/22 23:10:37.997, 3, 0, 97871, 0, 74.77
2026/09/22 23:10:38.197, 0, 0, 97871, 0, 74.20
2026/09/22 23:10:38.197, 1, 0, 97871, 0, 78.00
2026/09/22 23:10:38.197, 2, 0, 97871, 0, 75.17
2026/09/22 23:10:38.197, 3, 0, 97871, 0, 74.82
2026/09/22 23:10:38.397, 0, 0, 97871, 0, 74.21
2026/09/22 23:10:38.397, 1, 0, 97871, 0, 77.97
2026/09/22 23:10:38.397, 2, 0, 97871, 0, 75.16
2026/09/22 23:10:38.397, 3, 0, 97871, 0, 74.82
2026/09/22 23:10:38.597, 0, 0, 97871, 0, 74.19
2026/09/22 23:10:38.597, 1, 0, 97871, 0, 77.95
2026/09/22 23:10:38.597, 2, 0, 97871, 0, 75.15
2026/09/22 23:10:38.598, 3, 0, 97871, 0, 74.85
2026/09/22 23:10:38.798, 0, 0, 97871, 0, 74.18
2026/09/22 23:10:38.798, 1, 0, 97871, 0, 77.95
2026/09/22 23:10:38.798, 2, 0, 97871, 0, 75.12
2026/09/22 23:10:38.798, 3, 0, 97871, 0, 74.82
2026/09/22 23:10:38.998, 0, 0, 97871, 0, 74.17
2026/09/22 23:10:38.998, 1, 0, 97871, 0, 77.93
2026/09/22 23:10:38.998, 2, 0, 97871, 0, 75.10
2026/09/22 23:10:38.998, 3, 0, 97871, 0, 74.82
2026/09/22 23:10:39.198, 0, 0, 97871, 0, 74.14
2026/09/22 23:10:39.198, 1, 0, 97871, 0, 77.92
2026/09/22 23:10:39.198, 2, 0, 97871, 0, 75.08
2026/09/22 23:10:39.198, 3, 0, 97871, 0, 74.79
2026/09/22 23:10:39.398, 0, 0, 97871, 0, 74.12
2026/09/22 23:10:39.398, 1, 0, 97871, 0, 77.92
2026/09/22 23:10:39.398, 2, 0, 97871, 0, 75.07
2026/09/22 23:10:39.398, 3, 0, 97871, 0, 74.79
2026/09/22 23:10:39.598, 0, 0, 97871, 0, 74.13
2026/09/22 23:10:39.598, 1, 0, 97871, 0, 77.90
2026/09/22 23:10:39.598, 2, 0, 97871, 0, 75.06
2026/09/22 23:10:39.598, 3, 0, 97871, 0, 74.75
2026/09/22 23:10:39.798, 0, 0, 97871, 0, 74.13
2026/09/22 23:10:39.798, 1, 0, 97871, 0, 77.86
2026/09/22 23:10:39.798, 2, 0, 97871, 0, 75.04
2026/09/22 23:10:39.798, 3, 0, 97871, 0, 74.75
2026/09/22 23:10:39.999, 0, 0, 97871, 0, 74.11
2026/09/22 23:10:40.000, 1, 0, 97871, 0, 77.85
2026/09/22 23:10:40.002, 2, 0, 97871, 0, 75.04
2026/09/22 23:10:40.003, 3, 0, 97871, 0, 74.74
2026/09/22 23:10:40.204, 0, 0, 97871, 0, 74.12
2026/09/22 23:10:40.204, 1, 0, 97871, 0, 77.83
2026/09/22 23:10:40.204, 2, 0, 97871, 0, 75.05
2026/09/22 23:10:40.204, 3, 0, 97871, 0, 74.73
2026/09/22 23:10:40.404, 0, 0, 97871, 0, 74.15
2026/09/22 23:10:40.404, 1, 0, 97871, 0, 77.81
2026/09/22 23:10:40.404, 2, 0, 97871, 0, 75.05
2026/09/22 23:10:40.404, 3, 0, 97871, 0, 74.74
2026/09/22 23:10:40.604, 0, 0, 97871, 0, 74.14
2026/09/22 23:10:40.604, 1, 0, 97871, 0, 77.84
2026/09/22 23:10:40.604, 2, 0, 97871, 0, 75.03
2026/09/22 23:10:40.604, 3, 0, 97871, 0, 74.72
2026/09/22 23:10:40.804, 0, 0, 97871, 0, 74.12
2026/09/22 23:10:40.804, 1, 0, 97871, 0, 77.82
2026/09/22 23:10:40.804, 2, 0, 97871, 0, 75.03
2026/09/22 23:10:40.804, 3, 0, 97871, 0, 74.70
2026/09/22 23:10:41.004, 0, 0, 97871, 0, 74.14
2026/09/22 23:10:41.004, 1, 0, 97871, 0, 77.81
2026/09/22 23:10:41.004, 2, 0, 97871, 0, 75.03
2026/09/22 23:10:41.004, 3, 0, 97871, 0, 74.66
2026/09/22 23:10:41.204, 0, 0, 97871, 0, 74.13
2026/09/22 23:10:41.204, 1, 0, 97871, 0, 77.83
2026/09/22 23:10:41.204, 2, 0, 97871, 0, 75.00
2026/09/22 23:10:41.204, 3, 0, 97871, 0, 74.66
2026/09/22 23:10:41.405, 0, 0, 97871, 0, 74.09
2026/09/22 23:10:41.405, 1, 0, 97871, 0, 77.82
2026/09/22 23:10:41.405, 2, 0, 97871, 0, 75.02
2026/09/22 23:10:41.405, 3, 0, 97871, 0, 74.63
2026/09/22 23:10:41.605, 0, 0, 97871, 0, 74.11
2026/09/22 23:10:41.605, 1, 0, 97871, 0, 77.77
2026/09/22 23:10:41.605, 2, 0, 97871, 0, 75.06
2026/09/22 23:10:41.605, 3, 0, 97871, 0, 74.61
2026/09/22 23:10:41.805, 0, 0, 97871, 0, 74.10
2026/09/22 23:10:41.805, 1, 0, 97871, 0, 77.78
2026/09/22 23:10:41.805, 2, 0, 97871, 0, 75.07
2026/09/22 23:10:41.805, 3, 0, 97871, 0, 74.61
2026/09/22 23:10:42.005, 0, 0, 97871, 0, 74.08
2026/09/22 23:10:42.005, 1, 0, 97871, 0, 77.74
2026/09/22 23:10:42.005, 2, 0, 97871, 0, 75.07
2026/09/22 23:10:42.005, 3, 0, 97871, 0, 74.63
2026/09/22 23:10:42.205, 0, 0, 97871, 0, 74.07
2026/09/22 23:10:42.205, 1, 0, 97871, 0, 77.72
2026/09/22 23:10:42.205, 2, 0, 97871, 0, 75.09
2026/09/22 23:10:42.205, 3, 0, 97871, 0, 74.62
2026/09/22 23:10:42.405, 0, 0, 97871, 0, 74.08
2026/09/22 23:10:42.405, 1, 0, 97871, 0, 77.72
2026/09/22 23:10:42.405, 2, 0, 97871, 0, 75.08
2026/09/22 23:10:42.405, 3, 0, 97871, 0, 74.61
2026/09/22 23:10:42.605, 0, 0, 97871, 0, 74.02
2026/09/22 23:10:42.605, 1, 0, 97871, 0, 77.71
2026/09/22 23:10:42.605, 2, 0, 97871, 0, 75.06
2026/09/22 23:10:42.605, 3, 0, 97871, 0, 74.61
2026/09/22 23:10:42.806, 0, 0, 97871, 0, 74.02
2026/09/22 23:10:42.806, 1, 0, 97871, 0, 77.68
2026/09/22 23:10:42.806, 2, 0, 97871, 0, 75.06
2026/09/22 23:10:42.806, 3, 0, 97871, 0, 74.61
2026/09/22 23:10:43.006, 0, 0, 97871, 0, 74.03
2026/09/22 23:10:43.006, 1, 0, 97871, 0, 77.68
2026/09/22 23:10:43.006, 2, 0, 97871, 0, 75.05
2026/09/22 23:10:43.006, 3, 0, 97871, 0, 74.59
2026/09/22 23:10:43.206, 0, 0, 97871, 0, 74.02
2026/09/22 23:10:43.206, 1, 0, 97871, 0, 77.62
2026/09/22 23:10:43.206, 2, 0, 97871, 0, 75.04
2026/09/22 23:10:43.206, 3, 0, 97871, 0, 74.59
2026/09/22 23:10:43.406, 0, 0, 97871, 0, 73.98
2026/09/22 23:10:43.406, 1, 0, 97871, 0, 77.60
2026/09/22 23:10:43.406, 2, 0, 97871, 0, 75.02
2026/09/22 23:10:43.406, 3, 0, 97871, 0, 74.60
2026/09/22 23:10:43.606, 0, 0, 97871, 0, 74.00
2026/09/22 23:10:43.606, 1, 0, 97871, 0, 77.59
2026/09/22 23:10:43.606, 2, 0, 97871, 0, 75.01
2026/09/22 23:10:43.606, 3, 0, 97871, 0, 74.60
2026/09/22 23:10:43.806, 0, 0, 97871, 0, 73.96
2026/09/22 23:10:43.806, 1, 0, 97871, 0, 77.56
2026/09/22 23:10:43.806, 2, 0, 97871, 0, 74.98
2026/09/22 23:10:43.806, 3, 0, 97871, 0, 74.59
2026/09/22 23:10:44.006, 0, 0, 97871, 0, 73.93
2026/09/22 23:10:44.006, 1, 0, 97871, 0, 77.54
2026/09/22 23:10:44.006, 2, 0, 97871, 0, 74.97
2026/09/22 23:10:44.007, 3, 0, 97871, 0, 74.60
2026/09/22 23:10:44.207, 0, 0, 97871, 0, 73.95
2026/09/22 23:10:44.207, 1, 0, 97871, 0, 77.55
2026/09/22 23:10:44.207, 2, 0, 97871, 0, 74.97
2026/09/22 23:10:44.207, 3, 0, 97871, 0, 74.61
2026/09/22 23:10:44.407, 0, 0, 97871, 0, 73.96
2026/09/22 23:10:44.407, 1, 0, 97871, 0, 77.55
2026/09/22 23:10:44.407, 2, 0, 97871, 0, 74.95
2026/09/22 23:10:44.407, 3, 0, 97871, 0, 74.62
2026/09/22 23:10:44.607, 0, 1, 97871, 0, 73.95
2026/09/22 23:10:44.607, 1, 1, 97871, 0, 77.53
2026/09/22 23:10:44.607, 2, 1, 97871, 0, 74.95
2026/09/22 23:10:44.607, 3, 1, 97871, 0, 74.59
2026/09/22 23:10:44.808, 0, 2, 97871, 0, 73.98
2026/09/22 23:10:44.808, 1, 1, 97871, 0, 77.52
2026/09/22 23:10:44.808, 2, 1, 97871, 0, 74.97
2026/09/22 23:10:44.808, 3, 1, 97871, 0, 74.61
2026/09/22 23:10:45.008, 0, 4, 97871, 0, 74.00
2026/09/22 23:10:45.009, 1, 4, 97871, 0, 77.55
2026/09/22 23:10:45.010, 2, 1, 97871, 0, 74.97
2026/09/22 23:10:45.012, 3, 1, 97871, 0, 74.60
2026/09/22 23:10:45.214, 0, 4, 97871, 0, 73.95
2026/09/22 23:10:45.215, 1, 4, 97871, 0, 77.54
2026/09/22 23:10:45.217, 2, 4, 97871, 0, 74.98
2026/09/22 23:10:45.218, 3, 1, 97871, 0, 74.57
2026/09/22 23:10:45.419, 0, 4, 97871, 0, 73.94
2026/09/22 23:10:45.420, 1, 4, 97871, 0, 77.55
2026/09/22 23:10:45.421, 2, 4, 97871, 0, 74.99
2026/09/22 23:10:45.423, 3, 4, 97871, 0, 74.57
2026/09/22 23:10:45.625, 0, 4, 97871, 0, 73.96
2026/09/22 23:10:45.625, 1, 4, 97871, 0, 77.55
2026/09/22 23:10:45.625, 2, 4, 97871, 0, 74.97
2026/09/22 23:10:45.625, 3, 4, 97871, 0, 74.61
2026/09/22 23:10:45.825, 0, 4, 97871, 0, 73.95
2026/09/22 23:10:45.825, 1, 4, 97871, 0, 77.53
2026/09/22 23:10:45.825, 2, 4, 97871, 0, 74.97
2026/09/22 23:10:45.825, 3, 4, 97871, 0, 74.64
2026/09/22 23:10:46.025, 0, 4, 97871, 0, 73.95
2026/09/22 23:10:46.025, 1, 4, 97871, 0, 77.51
2026/09/22 23:10:46.025, 2, 4, 97871, 0, 74.96
2026/09/22 23:10:46.025, 3, 4, 97871, 0, 74.64
2026/09/22 23:10:46.225, 0, 4, 97871, 0, 73.94
2026/09/22 23:10:46.225, 1, 4, 97871, 0, 77.51
2026/09/22 23:10:46.225, 2, 4, 97871, 0, 74.93
2026/09/22 23:10:46.225, 3, 4, 97871, 0, 74.62
2026/09/22 23:10:46.425, 0, 4, 97871, 0, 73.94
2026/09/22 23:10:46.425, 1, 4, 97871, 0, 77.48
2026/09/22 23:10:46.425, 2, 4, 97871, 0, 74.92
2026/09/22 23:10:46.425, 3, 4, 97871, 0, 74.61
2026/09/22 23:10:46.625, 0, 4, 97871, 0, 73.93
2026/09/22 23:10:46.625, 1, 4, 97871, 0, 77.49
2026/09/22 23:10:46.625, 2, 4, 97871, 0, 74.92
2026/09/22 23:10:46.625, 3, 4, 97871, 0, 74.58
2026/09/22 23:10:46.825, 0, 4, 97871, 0, 73.92
2026/09/22 23:10:46.825, 1, 4, 97871, 0, 77.47
2026/09/22 23:10:46.825, 2, 4, 97871, 0, 74.89
2026/09/22 23:10:46.825, 3, 4, 97871, 0, 74.55
2026/09/22 23:10:47.025, 0, 4, 97871, 0, 73.92
2026/09/22 23:10:47.026, 1, 4, 97871, 0, 77.47
2026/09/22 23:10:47.026, 2, 4, 97871, 0, 74.87
2026/09/22 23:10:47.026, 3, 4, 97871, 0, 74.53
2026/09/22 23:10:47.226, 0, 4, 97871, 0, 73.92
2026/09/22 23:10:47.226, 1, 4, 97871, 0, 77.46
2026/09/22 23:10:47.226, 2, 4, 97871, 0, 74.87
2026/09/22 23:10:47.226, 3, 4, 97871, 0, 74.55
2026/09/22 23:10:47.426, 0, 4, 97871, 0, 73.91
2026/09/22 23:10:47.426, 1, 4, 97871, 0, 77.46
2026/09/22 23:10:47.426, 2, 4, 97871, 0, 74.87
2026/09/22 23:10:47.426, 3, 4, 97871, 0, 74.51
2026/09/22 23:10:47.626, 0, 4, 97871, 0, 73.91
2026/09/22 23:10:47.626, 1, 4, 97871, 0, 77.44
2026/09/22 23:10:47.626, 2, 4, 97871, 0, 74.85
2026/09/22 23:10:47.626, 3, 4, 97871, 0, 74.50
2026/09/22 23:10:47.826, 0, 4, 97871, 0, 73.91
2026/09/22 23:10:47.826, 1, 4, 97871, 0, 77.42
2026/09/22 23:10:47.828, 2, 4, 97871, 0, 74.83
2026/09/22 23:10:47.830, 3, 4, 97871, 0, 74.50
2026/09/22 23:10:48.032, 0, 4, 97871, 0, 73.88
2026/09/22 23:10:48.032, 1, 4, 97871, 0, 77.41
2026/09/22 23:10:48.032, 2, 4, 97871, 0, 74.83
2026/09/22 23:10:48.032, 3, 4, 97871, 0, 74.50
2026/09/22 23:10:48.232, 0, 4, 97871, 0, 73.90
2026/09/22 23:10:48.232, 1, 4, 97871, 0, 77.37
2026/09/22 23:10:48.232, 2, 4, 97871, 0, 74.81
2026/09/22 23:10:48.232, 3, 4, 97871, 0, 74.45
2026/09/22 23:10:48.432, 0, 4, 97871, 0, 73.92
2026/09/22 23:10:48.432, 1, 4, 97871, 0, 77.36
2026/09/22 23:10:48.432, 2, 4, 97871, 0, 74.78
2026/09/22 23:10:48.432, 3, 4, 97871, 0, 74.45
2026/09/22 23:10:48.632, 0, 4, 97871, 0, 73.89
2026/09/22 23:10:48.632, 1, 4, 97871, 0, 77.38
2026/09/22 23:10:48.632, 2, 4, 97871, 0, 74.76
2026/09/22 23:10:48.632, 3, 4, 97871, 0, 74.44
2026/09/22 23:10:48.832, 0, 4, 97871, 0, 73.89
2026/09/22 23:10:48.832, 1, 4, 97871, 0, 77.37
2026/09/22 23:10:48.832, 2, 4, 97871, 0, 74.75
2026/09/22 23:10:48.832, 3, 4, 97871, 0, 74.43
2026/09/22 23:10:49.032, 0, 4, 97871, 0, 73.88
2026/09/22 23:10:49.032, 1, 4, 97871, 0, 77.35
2026/09/22 23:10:49.032, 2, 4, 97871, 0, 74.75
2026/09/22 23:10:49.032, 3, 4, 97871, 0, 74.40
2026/09/22 23:10:49.233, 0, 4, 97871, 0, 73.86
2026/09/22 23:10:49.233, 1, 4, 97871, 0, 77.36
2026/09/22 23:10:49.233, 2, 4, 97871, 0, 74.74
2026/09/22 23:10:49.233, 3, 4, 97871, 0, 74.41
2026/09/22 23:10:49.433, 0, 4, 97871, 0, 73.81
2026/09/22 23:10:49.433, 1, 4, 97871, 0, 77.31
2026/09/22 23:10:49.433, 2, 4, 97871, 0, 74.74
2026/09/22 23:10:49.433, 3, 4, 97871, 0, 74.42
2026/09/22 23:10:49.633, 0, 4, 97871, 0, 73.82
2026/09/22 23:10:49.633, 1, 4, 97871, 0, 77.27
2026/09/22 23:10:49.633, 2, 4, 97871, 0, 74.73
2026/09/22 23:10:49.633, 3, 4, 97871, 0, 74.41
2026/09/22 23:10:49.833, 0, 4, 97871, 0, 73.81
2026/09/22 23:10:49.833, 1, 4, 97871, 0, 77.26
2026/09/22 23:10:49.833, 2, 4, 97871, 0, 74.72
2026/09/22 23:10:49.833, 3, 4, 97871, 0, 74.39
2026/09/22 23:10:50.033, 0, 4, 97871, 0, 73.79
2026/09/22 23:10:50.033, 1, 4, 97871, 0, 77.22
2026/09/22 23:10:50.033, 2, 4, 97871, 0, 74.71
2026/09/22 23:10:50.033, 3, 4, 97871, 0, 74.41
2026/09/22 23:10:50.233, 0, 4, 97871, 0, 73.77
2026/09/22 23:10:50.233, 1, 4, 97871, 0, 77.19
2026/09/22 23:10:50.233, 2, 4, 97871, 0, 74.69
2026/09/22 23:10:50.233, 3, 4, 97871, 0, 74.41
2026/09/22 23:10:50.433, 0, 4, 97871, 0, 73.77
2026/09/22 23:10:50.433, 1, 4, 97871, 0, 77.20
2026/09/22 23:10:50.433, 2, 4, 97871, 0, 74.69
2026/09/22 23:10:50.433, 3, 4, 97871, 0, 74.41
2026/09/22 23:10:50.634, 0, 4, 97871, 0, 73.77
2026/09/22 23:10:50.634, 1, 4, 97871, 0, 77.19
2026/09/22 23:10:50.634, 2, 4, 97871, 0, 74.68
2026/09/22 23:10:50.634, 3, 4, 97871, 0, 74.40
2026/09/22 23:10:50.834, 0, 4, 97871, 0, 73.74
2026/09/22 23:10:50.834, 1, 4, 97871, 0, 77.17
2026/09/22 23:10:50.834, 2, 4, 97871, 0, 74.68
2026/09/22 23:10:50.834, 3, 4, 97871, 0, 74.43
2026/09/22 23:10:51.034, 0, 4, 97871, 0, 73.75
2026/09/22 23:10:51.034, 1, 4, 97871, 0, 77.18
2026/09/22 23:10:51.034, 2, 4, 97871, 0, 74.68
2026/09/22 23:10:51.034, 3, 4, 97871, 0, 74.42
2026/09/22 23:10:51.234, 0, 4, 97871, 0, 73.75
2026/09/22 23:10:51.234, 1, 4, 97871, 0, 77.18
2026/09/22 23:10:51.234, 2, 4, 97871, 0, 74.68
2026/09/22 23:10:51.234, 3, 4, 97871, 0, 74.40
2026/09/22 23:10:51.434, 0, 4, 97871, 0, 73.74
2026/09/22 23:10:51.434, 1, 4, 97871, 0, 77.16
2026/09/22 23:10:51.434, 2, 4, 97871, 0, 74.65
2026/09/22 23:10:51.434, 3, 4, 97871, 0, 74.42
2026/09/22 23:10:51.634, 0, 4, 97871, 0, 73.75
2026/09/22 23:10:51.634, 1, 4, 97871, 0, 77.16
2026/09/22 23:10:51.634, 2, 4, 97871, 0, 74.65
2026/09/22 23:10:51.634, 3, 4, 97871, 0, 74.44
2026/09/22 23:10:51.835, 0, 4, 97871, 0, 73.79
2026/09/22 23:10:51.835, 1, 4, 97871, 0, 77.16
2026/09/22 23:10:51.835, 2, 4, 97871, 0, 74.63
2026/09/22 23:10:51.835, 3, 4, 97871, 0, 74.44
2026/09/22 23:10:52.035, 0, 4, 97871, 0, 73.76
2026/09/22 23:10:52.035, 1, 4, 97871, 0, 77.15
2026/09/22 23:10:52.035, 2, 4, 97871, 0, 74.63
2026/09/22 23:10:52.035, 3, 4, 97871, 0, 74.42
2026/09/22 23:10:52.235, 0, 4, 97871, 0, 73.76
2026/09/22 23:10:52.235, 1, 4, 97871, 0, 77.15
2026/09/22 23:10:52.237, 2, 4, 97871, 0, 74.62
2026/09/22 23:10:52.238, 3, 4, 97871, 0, 74.42
2026/09/22 23:10:52.440, 0, 4, 97871, 0, 73.77
2026/09/22 23:10:52.440, 1, 4, 97871, 0, 77.17
2026/09/22 23:10:52.440, 2, 4, 97871, 0, 74.63
2026/09/22 23:10:52.440, 3, 4, 97871, 0, 74.43
2026/09/22 23:10:52.640, 0, 4, 97871, 0, 73.77
2026/09/22 23:10:52.641, 1, 4, 97871, 0, 77.16
2026/09/22 23:10:52.641, 2, 4, 97871, 0, 74.61
2026/09/22 23:10:52.641, 3, 4, 97871, 0, 74.40
2026/09/22 23:10:52.841, 0, 4, 97871, 0, 73.74
2026/09/22 23:10:52.841, 1, 4, 97871, 0, 77.15
2026/09/22 23:10:52.841, 2, 4, 97871, 0, 74.62
2026/09/22 23:10:52.841, 3, 4, 97871, 0, 74.39
2026/09/22 23:10:53.041, 0, 4, 97871, 0, 73.75
2026/09/22 23:10:53.041, 1, 4, 97871, 0, 77.14
2026/09/22 23:10:53.041, 2, 4, 97871, 0, 74.60
2026/09/22 23:10:53.041, 3, 4, 97871, 0, 74.40
2026/09/22 23:10:53.241, 0, 4, 97871, 0, 73.74
2026/09/22 23:10:53.241, 1, 4, 97871, 0, 77.12
2026/09/22 23:10:53.241, 2, 4, 97871, 0, 74.59
2026/09/22 23:10:53.241, 3, 4, 97871, 0, 74.39
2026/09/22 23:10:53.441, 0, 4, 97871, 0, 73.74
2026/09/22 23:10:53.441, 1, 4, 97871, 0, 77.10
2026/09/22 23:10:53.441, 2, 4, 97871, 0, 74.57
2026/09/22 23:10:53.441, 3, 4, 97871, 0, 74.36
2026/09/22 23:10:53.641, 0, 4, 97871, 0, 73.71
2026/09/22 23:10:53.641, 1, 4, 97871, 0, 77.09
2026/09/22 23:10:53.641, 2, 4, 97871, 0, 74.57
2026/09/22 23:10:53.641, 3, 4, 97871, 0, 74.34
2026/09/22 23:10:53.841, 0, 4, 97871, 0, 73.74
2026/09/22 23:10:53.841, 1, 4, 97871, 0, 77.08
2026/09/22 23:10:53.841, 2, 4, 97871, 0, 74.55
2026/09/22 23:10:53.841, 3, 4, 97871, 0, 74.35
2026/09/22 23:10:54.042, 0, 4, 97871, 0, 73.74
2026/09/22 23:10:54.042, 1, 4, 97871, 0, 77.07
2026/09/22 23:10:54.042, 2, 4, 97871, 0, 74.54
2026/09/22 23:10:54.042, 3, 4, 97871, 0, 74.32
2026/09/22 23:10:54.242, 0, 4, 97871, 0, 73.74
2026/09/22 23:10:54.242, 1, 4, 97871, 0, 77.08
2026/09/22 23:10:54.242, 2, 4, 97871, 0, 74.53
2026/09/22 23:10:54.242, 3, 4, 97871, 0, 74.31
2026/09/22 23:10:54.442, 0, 4, 97871, 0, 73.73
2026/09/22 23:10:54.442, 1, 4, 97871, 0, 77.07
2026/09/22 23:10:54.442, 2, 4, 97871, 0, 74.51
2026/09/22 23:10:54.442, 3, 4, 97871, 0, 74.30
2026/09/22 23:10:54.642, 0, 4, 97871, 0, 73.76
2026/09/22 23:10:54.642, 1, 4, 97871, 0, 77.06
2026/09/22 23:10:54.642, 2, 4, 97871, 0, 74.52
2026/09/22 23:10:54.642, 3, 4, 97871, 0, 74.30
2026/09/22 23:10:54.842, 0, 4, 97871, 0, 73.73
2026/09/22 23:10:54.842, 1, 4, 97871, 0, 77.07
2026/09/22 23:10:54.842, 2, 4, 97871, 0, 74.49
2026/09/22 23:10:54.842, 3, 4, 97871, 0, 74.28
2026/09/22 23:10:55.042, 0, 4, 97871, 0, 73.70
2026/09/22 23:10:55.042, 1, 4, 97871, 0, 77.03
2026/09/22 23:10:55.042, 2, 4, 97871, 0, 74.49
2026/09/22 23:10:55.042, 3, 4, 97871, 0, 74.26
2026/09/22 23:10:55.243, 0, 4, 97871, 0, 73.71
2026/09/22 23:10:55.243, 1, 4, 97871, 0, 77.01
2026/09/22 23:10:55.243, 2, 4, 97871, 0, 74.46
2026/09/22 23:10:55.243, 3, 4, 97871, 0, 74.26
2026/09/22 23:10:55.443, 0, 4, 97871, 0, 73.72
2026/09/22 23:10:55.443, 1, 4, 97871, 0, 77.00
2026/09/22 23:10:55.443, 2, 4, 97871, 0, 74.45
2026/09/22 23:10:55.443, 3, 4, 97871, 0, 74.28
2026/09/22 23:10:55.643, 0, 4, 97871, 0, 73.69
2026/09/22 23:10:55.643, 1, 4, 97871, 0, 76.97
2026/09/22 23:10:55.643, 2, 4, 97871, 0, 74.43
2026/09/22 23:10:55.643, 3, 4, 97871, 0, 74.26
2026/09/22 23:10:55.843, 0, 4, 97871, 0, 73.68
2026/09/22 23:10:55.843, 1, 4, 97871, 0, 76.97
2026/09/22 23:10:55.843, 2, 4, 97871, 0, 74.46
2026/09/22 23:10:55.843, 3, 4, 97871, 0, 74.25
2026/09/22 23:10:56.043, 0, 4, 97871, 0, 73.68
2026/09/22 23:10:56.043, 1, 4, 97871, 0, 76.99
2026/09/22 23:10:56.043, 2, 4, 97871, 0, 74.45
2026/09/22 23:10:56.043, 3, 4, 97871, 0, 74.27
2026/09/22 23:10:56.243, 0, 4, 97871, 0, 73.65
2026/09/22 23:10:56.243, 1, 4, 97871, 0, 76.98
2026/09/22 23:10:56.243, 2, 4, 97871, 0, 74.45
2026/09/22 23:10:56.243, 3, 4, 97871, 0, 74.31
2026/09/22 23:10:56.443, 0, 4, 97871, 0, 73.61
2026/09/22 23:10:56.444, 1, 4, 97871, 0, 76.96
2026/09/22 23:10:56.445, 2, 4, 97871, 0, 74.45
2026/09/22 23:10:56.445, 3, 4, 97871, 0, 74.27
2026/09/22 23:10:56.645, 0, 4, 97871, 0, 73.60
2026/09/22 23:10:56.646, 1, 4, 97871, 0, 76.97
2026/09/22 23:10:56.646, 2, 4, 97871, 0, 74.45
2026/09/22 23:10:56.646, 3, 4, 97871, 0, 74.26
2026/09/22 23:10:56.846, 0, 4, 97871, 0, 73.61
2026/09/22 23:10:56.846, 1, 4, 97871, 0, 76.95
2026/09/22 23:10:56.846, 2, 4, 97871, 0, 74.43
2026/09/22 23:10:56.846, 3, 4, 97871, 0, 74.29
2026/09/22 23:10:57.046, 0, 4, 97871, 0, 73.61
2026/09/22 23:10:57.046, 1, 4, 97871, 0, 76.91
2026/09/22 23:10:57.046, 2, 4, 97871, 0, 74.42
2026/09/22 23:10:57.046, 3, 4, 97871, 0, 74.30
2026/09/22 23:10:57.246, 0, 4, 97871, 0, 73.61
2026/09/22 23:10:57.246, 1, 4, 97871, 0, 76.90
2026/09/22 23:10:57.246, 2, 4, 97871, 0, 74.41
2026/09/22 23:10:57.246, 3, 4, 97871, 0, 74.27
2026/09/22 23:10:57.446, 0, 4, 97871, 0, 73.59
2026/09/22 23:10:57.446, 1, 4, 97871, 0, 76.92
2026/09/22 23:10:57.446, 2, 4, 97871, 0, 74.41
2026/09/22 23:10:57.446, 3, 4, 97871, 0, 74.31
2026/09/22 23:10:57.646, 0, 4, 97871, 0, 73.59
2026/09/22 23:10:57.646, 1, 4, 97871, 0, 76.90
2026/09/22 23:10:57.646, 2, 4, 97871, 0, 74.40
2026/09/22 23:10:57.646, 3, 4, 97871, 0, 74.32
2026/09/22 23:10:57.846, 0, 4, 97871, 0, 73.58
2026/09/22 23:10:57.847, 1, 4, 97871, 0, 76.90
2026/09/22 23:10:57.847, 2, 4, 97871, 0, 74.41
2026/09/22 23:10:57.847, 3, 4, 97871, 0, 74.31
2026/09/22 23:10:58.047, 0, 4, 97871, 0, 73.59
2026/09/22 23:10:58.047, 1, 4, 97871, 0, 76.90
2026/09/22 23:10:58.047, 2, 4, 97871, 0, 74.39
2026/09/22 23:10:58.047, 3, 4, 97871, 0, 74.28
2026/09/22 23:10:58.247, 0, 4, 97871, 0, 73.61
2026/09/22 23:10:58.247, 1, 4, 97871, 0, 76.88
2026/09/22 23:10:58.247, 2, 4, 97871, 0, 74.40
2026/09/22 23:10:58.247, 3, 4, 97871, 0, 74.30
2026/09/22 23:10:58.447, 0, 4, 97871, 0, 73.61
2026/09/22 23:10:58.447, 1, 4, 97871, 0, 76.86
2026/09/22 23:10:58.447, 2, 4, 97871, 0, 74.38
2026/09/22 23:10:58.447, 3, 4, 97871, 0, 74.25
2026/09/22 23:10:58.647, 0, 4, 97871, 0, 73.59
2026/09/22 23:10:58.647, 1, 4, 97871, 0, 76.87
2026/09/22 23:10:58.647, 2, 4, 97871, 0, 74.39
2026/09/22 23:10:58.647, 3, 4, 97871, 0, 74.22
2026/09/22 23:10:58.847, 0, 4, 97871, 0, 73.59
2026/09/22 23:10:58.847, 1, 4, 97871, 0, 76.87
2026/09/22 23:10:58.847, 2, 4, 97871, 0, 74.37
2026/09/22 23:10:58.847, 3, 4, 97871, 0, 74.19
2026/09/22 23:10:59.047, 0, 4, 97871, 0, 73.59
2026/09/22 23:10:59.047, 1, 4, 97871, 0, 76.86
2026/09/22 23:10:59.047, 2, 4, 97871, 0, 74.36
2026/09/22 23:10:59.047, 3, 4, 97871, 0, 74.21
2026/09/22 23:10:59.248, 0, 4, 97871, 0, 73.56
2026/09/22 23:10:59.248, 1, 4, 97871, 0, 76.86
2026/09/22 23:10:59.248, 2, 4, 97871, 0, 74.36
2026/09/22 23:10:59.248, 3, 4, 97871, 0, 74.18
2026/09/22 23:10:59.448, 0, 4, 97871, 0, 73.56
2026/09/22 23:10:59.448, 1, 4, 97871, 0, 76.86
2026/09/22 23:10:59.448, 2, 4, 97871, 0, 74.37
2026/09/22 23:10:59.448, 3, 4, 97871, 0, 74.19
2026/09/22 23:10:59.648, 0, 4, 97871, 0, 73.61
2026/09/22 23:10:59.650, 1, 4, 97871, 0, 76.84
2026/09/22 23:10:59.650, 2, 4, 97871, 0, 74.35
2026/09/22 23:10:59.654, 3, 4, 97871, 0, 74.21
2026/09/22 23:10:59.854, 0, 4, 97871, 0, 73.61
2026/09/22 23:10:59.856, 1, 4, 97871, 0, 76.84
2026/09/22 23:10:59.858, 2, 4, 97871, 0, 74.38
2026/09/22 23:10:59.858, 3, 4, 97871, 0, 74.21
2026/09/22 23:11:00.060, 0, 4, 97871, 0, 73.61
2026/09/22 23:11:00.060, 1, 4, 97871, 0, 76.85
2026/09/22 23:11:00.060, 2, 4, 97871, 0, 74.38
2026/09/22 23:11:00.060, 3, 4, 97871, 0, 74.18
2026/09/22 23:11:00.260, 0, 4, 97871, 0, 73.61
2026/09/22 23:11:00.260, 1, 4, 97871, 0, 76.82
2026/09/22 23:11:00.260, 2, 4, 97871, 0, 74.36
2026/09/22 23:11:00.260, 3, 4, 97871, 0, 74.15
2026/09/22 23:11:00.460, 0, 4, 97871, 0, 73.61
2026/09/22 23:11:00.460, 1, 4, 97871, 0, 76.80
2026/09/22 23:11:00.460, 2, 4, 97871, 0, 74.32
2026/09/22 23:11:00.460, 3, 4, 97871, 0, 74.15
2026/09/22 23:11:00.660, 0, 4, 97871, 0, 73.58
2026/09/22 23:11:00.661, 1, 21, 97871, 0, 76.81
2026/09/22 23:11:00.661, 2, 4, 97871, 0, 74.31
2026/09/22 23:11:00.662, 3, 4, 97871, 0, 74.13
2026/09/22 23:11:00.863, 0, 21, 97871, 0, 78.59
2026/09/22 23:11:00.876, 1, 27, 97871, 0, 87.03
2026/09/22 23:11:00.885, 2, 21, 97871, 0, 80.28
2026/09/22 23:11:00.890, 3, 21, 97871, 0, 79.39
2026/09/22 23:11:01.092, 0, 385, 97871, 2, 88.88
2026/09/22 23:11:01.092, 1, 385, 97871, 1, 96.44
2026/09/22 23:11:01.092, 2, 385, 97871, 2, 89.77
2026/09/22 23:11:01.092, 3, 385, 97871, 0, 89.04
2026/09/22 23:11:01.292, 0, 385, 97871, 0, 98.34
2026/09/22 23:11:01.292, 1, 385, 97871, 0, 106.39
2026/09/22 23:11:01.292, 2, 385, 97871, 0, 98.80
2026/09/22 23:11:01.292, 3, 385, 97871, 0, 97.75
2026/09/22 23:11:01.492, 0, 385, 97871, 0, 106.78
2026/09/22 23:11:01.492, 1, 385, 97871, 0, 115.88
2026/09/22 23:11:01.492, 2, 385, 97871, 0, 108.73
2026/09/22 23:11:01.492, 3, 385, 97871, 0, 106.70
2026/09/22 23:11:01.692, 0, 385, 97871, 0, 116.56
2026/09/22 23:11:01.692, 1, 385, 97871, 0, 124.47
2026/09/22 23:11:01.692, 2, 385, 97871, 0, 117.75
2026/09/22 23:11:01.692, 3, 385, 97871, 0, 116.51
2026/09/22 23:11:01.892, 0, 385, 97871, 0, 119.62
2026/09/22 23:11:01.892, 1, 385, 97871, 0, 124.54
2026/09/22 23:11:01.892, 2, 385, 97871, 0, 120.76
2026/09/22 23:11:01.892, 3, 385, 97871, 0, 120.40
2026/09/22 23:11:02.092, 0, 485, 97871, 8, 119.20
2026/09/22 23:11:02.092, 1, 485, 97871, 4, 124.40
2026/09/22 23:11:02.092, 2, 485, 97871, 7, 120.30
2026/09/22 23:11:02.093, 3, 485, 97871, 4, 119.90
2026/09/22 23:11:02.293, 0, 1019, 97871, 1, 119.17
2026/09/22 23:11:02.294, 1, 1019, 97871, 1, 124.42
2026/09/22 23:11:02.294, 2, 1019, 97871, 1, 120.39
2026/09/22 23:11:02.295, 3, 1019, 97871, 1, 119.86
2026/09/22 23:11:02.495, 0, 1019, 97871, 0, 119.21
2026/09/22 23:11:02.496, 1, 1019, 97871, 0, 124.48
2026/09/22 23:11:02.496, 2, 1019, 97871, 0, 120.45
2026/09/22 23:11:02.496, 3, 1019, 97871, 0, 119.92
2026/09/22 23:11:02.696, 0, 1201, 97871, 1, 119.52
2026/09/22 23:11:02.696, 1, 1201, 97871, 1, 124.80
2026/09/22 23:11:02.696, 2, 1201, 97871, 1, 120.93
2026/09/22 23:11:02.696, 3, 1201, 97871, 2, 120.36
2026/09/22 23:11:02.896, 0, 1735, 97871, 1, 119.53
2026/09/22 23:11:02.898, 1, 1735, 97871, 0, 124.88
2026/09/22 23:11:02.899, 2, 1735, 97871, 1, 120.95
2026/09/22 23:11:02.899, 3, 1735, 97871, 0, 120.41
2026/09/22 23:11:03.099, 0, 1735, 97871, 0, 119.55
2026/09/22 23:11:03.099, 1, 1735, 97871, 1, 124.93
2026/09/22 23:11:03.099, 2, 1735, 97871, 0, 120.96
2026/09/22 23:11:03.100, 3, 1735, 97871, 0, 120.43
2026/09/22 23:11:03.300, 0, 1735, 97871, 0, 119.88
2026/09/22 23:11:03.300, 1, 1735, 97871, 1, 125.27
2026/09/22 23:11:03.300, 2, 1735, 97871, 1, 121.19
2026/09/22 23:11:03.300, 3, 1735, 97871, 1, 120.88
2026/09/22 23:11:03.500, 0, 1807, 97871, 0, 119.89
2026/09/22 23:11:03.500, 1, 1807, 97871, 0, 125.26
2026/09/22 23:11:03.500, 2, 1807, 97871, 0, 121.14
2026/09/22 23:11:03.500, 3, 1807, 97871, 0, 120.87
2026/09/22 23:11:03.701, 0, 2319, 97871, 2, 119.59
2026/09/22 23:11:03.701, 1, 2319, 97871, 2, 124.99
2026/09/22 23:11:03.701, 2, 2319, 97871, 0, 120.69
2026/09/22 23:11:03.701, 3, 2319, 97871, 1, 120.46
2026/09/22 23:11:03.901, 0, 2319, 97871, 0, 119.58
2026/09/22 23:11:03.901, 1, 2319, 97871, 0, 124.99
2026/09/22 23:11:03.901, 2, 2319, 97871, 0, 120.68
2026/09/22 23:11:03.901, 3, 2319, 97871, 0, 120.32
2026/09/22 23:11:04.101, 0, 2319, 97871, 0, 119.57
2026/09/22 23:11:04.101, 1, 2319, 97871, 0, 124.88
2026/09/22 23:11:04.101, 2, 2319, 97871, 0, 120.66
2026/09/22 23:11:04.101, 3, 2319, 97871, 0, 120.22
2026/09/22 23:11:04.301, 0, 2319, 97871, 0, 119.25
2026/09/22 23:11:04.301, 1, 2319, 97871, 0, 124.54
2026/09/22 23:11:04.301, 2, 2319, 97871, 0, 120.35
2026/09/22 23:11:04.301, 3, 2319, 97871, 0, 119.69
2026/09/22 23:11:04.501, 0, 2319, 97871, 0, 119.23
2026/09/22 23:11:04.501, 1, 2319, 97871, 0, 124.56
2026/09/22 23:11:04.501, 2, 2319, 97871, 0, 120.32
2026/09/22 23:11:04.501, 3, 2319, 97871, 0, 119.55
2026/09/22 23:11:04.701, 0, 2319, 97871, 0, 119.24
2026/09/22 23:11:04.701, 1, 2319, 97871, 0, 124.51
2026/09/22 23:11:04.702, 2, 2319, 97871, 0, 120.29
2026/09/22 23:11:04.702, 3, 2319, 97871, 0, 119.43
2026/09/22 23:11:04.902, 0, 2319, 97871, 0, 119.28
2026/09/22 23:11:04.902, 1, 2319, 97871, 0, 124.50
2026/09/22 23:11:04.902, 2, 2319, 97871, 0, 120.29
2026/09/22 23:11:04.902, 3, 2319, 97871, 0, 119.43
2026/09/22 23:11:05.102, 0, 2319, 97871, 0, 119.29
2026/09/22 23:11:05.102, 1, 2319, 97871, 0, 124.51
2026/09/22 23:11:05.102, 2, 2319, 97871, 0, 120.28
2026/09/22 23:11:05.102, 3, 2319, 97871, 0, 119.39
2026/09/22 23:11:05.302, 0, 2319, 97871, 0, 119.27
2026/09/22 23:11:05.302, 1, 2319, 97871, 0, 124.50
2026/09/22 23:11:05.302, 2, 2319, 97871, 0, 120.29
2026/09/22 23:11:05.302, 3, 2319, 97871, 0, 119.35
2026/09/22 23:11:05.502, 0, 2319, 97871, 0, 119.28
2026/09/22 23:11:05.502, 1, 2319, 97871, 0, 124.47
2026/09/22 23:11:05.502, 2, 2319, 97871, 0, 120.29
2026/09/22 23:11:05.502, 3, 2319, 97871, 0, 119.36
2026/09/22 23:11:05.702, 0, 2319, 97871, 0, 119.28
2026/09/22 23:11:05.702, 1, 2319, 97871, 0, 124.48
2026/09/22 23:11:05.702, 2, 2319, 97871, 0, 120.29
2026/09/22 23:11:05.702, 3, 2319, 97871, 0, 119.37
2026/09/22 23:11:05.902, 0, 2319, 97871, 0, 119.23
2026/09/22 23:11:05.902, 1, 2319, 97871, 0, 124.49
2026/09/22 23:11:05.902, 2, 2319, 97871, 0, 120.28
2026/09/22 23:11:05.902, 3, 2319, 97871, 0, 119.36
2026/09/22 23:11:06.102, 0, 2319, 97871, 0, 119.22
2026/09/22 23:11:06.103, 1, 2319, 97871, 0, 124.47
2026/09/22 23:11:06.103, 2, 2319, 97871, 0, 120.27
2026/09/22 23:11:06.103, 3, 2319, 97871, 0, 119.36
2026/09/22 23:11:06.303, 0, 2319, 97871, 0, 119.25
2026/09/22 23:11:06.303, 1, 2319, 97871, 0, 124.47
2026/09/22 23:11:06.303, 2, 2319, 97871, 0, 120.25
2026/09/22 23:11:06.303, 3, 2319, 97871, 0, 119.39
2026/09/22 23:11:06.503, 0, 2811, 97871, 0, 119.25
2026/09/22 23:11:06.503, 1, 2811, 97871, 0, 124.58
2026/09/22 23:11:06.503, 2, 2319, 97871, 0, 120.24
2026/09/22 23:11:06.503, 3, 2319, 97871, 0, 119.35
2026/09/22 23:11:06.703, 0, 8897, 97871, 1, 119.38
2026/09/22 23:11:06.703, 1, 10407, 97871, 0, 124.60
2026/09/22 23:11:06.703, 2, 3477, 97871, 0, 120.39
2026/09/22 23:11:06.703, 3, 2811, 97871, 2, 119.47
2026/09/22 23:11:06.903, 0, 10407, 97871, 3, 119.39
2026/09/22 23:11:06.903, 1, 10407, 97871, 3, 124.68
2026/09/22 23:11:06.903, 2, 10391, 97871, 5, 120.43
2026/09/22 23:11:06.903, 3, 10399, 97871, 4, 119.48
2026/09/22 23:11:07.103, 0, 10407, 97871, 4, 119.45
2026/09/22 23:11:07.103, 1, 10407, 97871, 4, 124.71
2026/09/22 23:11:07.103, 2, 10391, 97871, 3, 120.47
2026/09/22 23:11:07.103, 3, 10399, 97871, 4, 119.51
2026/09/22 23:11:07.303, 0, 10407, 97871, 3, 119.49
2026/09/22 23:11:07.304, 1, 10407, 97871, 3, 124.72
2026/09/22 23:11:07.304, 2, 10391, 97871, 4, 120.49
2026/09/22 23:11:07.304, 3, 10399, 97871, 4, 119.56
2026/09/22 23:11:07.504, 0, 10407, 97871, 4, 119.51
2026/09/22 23:11:07.504, 1, 10407, 97871, 4, 124.63
2026/09/22 23:11:07.504, 2, 10391, 97871, 4, 120.48
2026/09/22 23:11:07.504, 3, 10399, 97871, 3, 119.58
2026/09/22 23:11:07.704, 0, 10407, 97871, 4, 119.41
2026/09/22 23:11:07.704, 1, 10407, 97871, 4, 124.56
2026/09/22 23:11:07.704, 2, 10391, 97871, 4, 120.32
2026/09/22 23:11:07.704, 3, 10399, 97871, 4, 119.50
2026/09/22 23:11:07.904, 0, 10407, 97871, 4, 119.42
2026/09/22 23:11:07.904, 1, 10407, 97871, 4, 124.47
2026/09/22 23:11:07.904, 2, 10391, 97871, 2, 120.29
2026/09/22 23:11:07.904, 3, 10399, 97871, 4, 119.56
2026/09/22 23:11:08.104, 0, 10407, 97871, 4, 119.39
2026/09/22 23:11:08.104, 1, 10407, 97871, 4, 124.45
2026/09/22 23:11:08.104, 2, 10391, 97871, 4, 120.25
2026/09/22 23:11:08.104, 3, 10399, 97871, 3, 119.55
2026/09/22 23:11:08.304, 0, 10407, 97871, 3, 119.33
2026/09/22 23:11:08.304, 1, 10407, 97871, 3, 124.43
2026/09/22 23:11:08.304, 2, 10391, 97871, 4, 120.24
2026/09/22 23:11:08.304, 3, 10399, 97871, 4, 119.51
2026/09/22 23:11:08.504, 0, 10407, 97871, 4, 119.31
2026/09/22 23:11:08.504, 1, 10407, 97871, 4, 124.44
2026/09/22 23:11:08.504, 2, 10391, 97871, 4, 120.25
2026/09/22 23:11:08.504, 3, 10399, 97871, 3, 119.55
2026/09/22 23:11:08.705, 0, 10407, 97871, 4, 119.34
2026/09/22 23:11:08.705, 1, 10407, 97871, 3, 124.44
2026/09/22 23:11:08.705, 2, 10391, 97871, 4, 120.26
2026/09/22 23:11:08.705, 3, 10399, 97871, 4, 119.56
2026/09/22 23:11:08.905, 0, 10407, 97871, 4, 119.31
2026/09/22 23:11:08.905, 1, 10407, 97871, 4, 124.46
2026/09/22 23:11:08.905, 2, 10391, 97871, 3, 120.24
2026/09/22 23:11:08.905, 3, 10399, 97871, 4, 119.50
2026/09/22 23:11:09.105, 0, 10407, 97871, 4, 119.33
2026/09/22 23:11:09.105, 1, 10407, 97871, 4, 124.44
2026/09/22 23:11:09.105, 2, 10391, 97871, 4, 120.23
2026/09/22 23:11:09.105, 3, 10399, 97871, 4, 119.53
2026/09/22 23:11:09.305, 0, 10407, 97871, 4, 119.32
2026/09/22 23:11:09.305, 1, 10407, 97871, 4, 124.43
2026/09/22 23:11:09.305, 2, 10391, 97871, 4, 120.21
2026/09/22 23:11:09.305, 3, 10399, 97871, 4, 119.54
2026/09/22 23:11:09.505, 0, 10407, 97871, 4, 119.32
2026/09/22 23:11:09.505, 1, 10407, 97871, 4, 124.44
2026/09/22 23:11:09.505, 2, 10391, 97871, 4, 120.21
2026/09/22 23:11:09.505, 3, 10399, 97871, 3, 119.52
2026/09/22 23:11:09.705, 0, 10407, 97871, 5, 119.31
2026/09/22 23:11:09.705, 1, 10407, 97871, 6, 124.45
2026/09/22 23:11:09.705, 2, 10391, 97871, 4, 120.18
2026/09/22 23:11:09.705, 3, 10399, 97871, 4, 119.49
2026/09/22 23:11:09.906, 0, 10407, 97871, 4, 119.34
2026/09/22 23:11:09.906, 1, 10407, 97871, 4, 124.44
2026/09/22 23:11:09.906, 2, 10391, 97871, 5, 120.22
2026/09/22 23:11:09.906, 3, 10399, 97871, 4, 119.57
2026/09/22 23:11:10.106, 0, 10407, 97871, 7, 119.37
2026/09/22 23:11:10.106, 1, 10407, 97871, 7, 124.51
2026/09/22 23:11:10.106, 2, 10391, 97871, 4, 120.23
2026/09/22 23:11:10.106, 3, 10399, 97871, 4, 119.53
2026/09/22 23:11:10.306, 0, 10407, 97871, 3, 119.41
2026/09/22 23:11:10.306, 1, 10407, 97871, 4, 124.51
2026/09/22 23:11:10.306, 2, 10391, 97871, 6, 120.27
2026/09/22 23:11:10.306, 3, 10399, 97871, 5, 119.54
2026/09/22 23:11:10.506, 0, 10407, 97871, 4, 119.39
2026/09/22 23:11:10.506, 1, 10407, 97871, 4, 124.49
2026/09/22 23:11:10.506, 2, 10391, 97871, 3, 120.28
2026/09/22 23:11:10.506, 3, 10399, 97871, 6, 119.57
2026/09/22 23:11:10.706, 0, 10407, 97871, 3, 119.39
2026/09/22 23:11:10.706, 1, 10407, 97871, 4, 124.45
2026/09/22 23:11:10.706, 2, 10391, 97871, 4, 120.27
2026/09/22 23:11:10.706, 3, 10399, 97871, 4, 119.57
2026/09/22 23:11:10.906, 0, 10407, 97871, 4, 119.37
2026/09/22 23:11:10.906, 1, 10407, 97871, 4, 124.46
2026/09/22 23:11:10.906, 2, 10391, 97871, 4, 120.25
2026/09/22 23:11:10.906, 3, 10399, 97871, 4, 119.49
2026/09/22 23:11:11.106, 0, 10407, 97871, 4, 119.36
2026/09/22 23:11:11.106, 1, 10407, 97871, 4, 124.38
2026/09/22 23:11:11.106, 2, 10391, 97871, 3, 120.22
2026/09/22 23:11:11.106, 3, 10399, 97871, 4, 119.52
2026/09/22 23:11:11.307, 0, 10407, 97871, 4, 119.33
2026/09/22 23:11:11.307, 1, 10407, 97871, 4, 124.39
2026/09/22 23:11:11.307, 2, 10391, 97871, 4, 120.16
2026/09/22 23:11:11.307, 3, 10399, 97871, 4, 119.47
2026/09/22 23:11:11.507, 0, 10407, 97871, 4, 119.38
2026/09/22 23:11:11.507, 1, 10407, 97871, 4, 124.40
2026/09/22 23:11:11.507, 2, 10391, 97871, 4, 120.14
2026/09/22 23:11:11.507, 3, 10399, 97871, 4, 119.43
2026/09/22 23:11:11.707, 0, 10407, 97871, 4, 119.36
2026/09/22 23:11:11.707, 1, 10407, 97871, 3, 124.41
2026/09/22 23:11:11.707, 2, 10391, 97871, 4, 120.13
2026/09/22 23:11:11.707, 3, 10399, 97871, 4, 119.42
2026/09/22 23:11:11.907, 0, 10407, 97871, 4, 119.38
2026/09/22 23:11:11.907, 1, 10407, 97871, 4, 124.40
2026/09/22 23:11:11.907, 2, 10391, 97871, 4, 120.11
2026/09/22 23:11:11.907, 3, 10399, 97871, 3, 119.43
2026/09/22 23:11:12.107, 0, 10407, 97871, 3, 119.34
2026/09/22 23:11:12.107, 1, 10407, 97871, 4, 124.38
2026/09/22 23:11:12.107, 2, 10391, 97871, 3, 120.11
2026/09/22 23:11:12.107, 3, 10399, 97871, 4, 119.43
2026/09/22 23:11:12.307, 0, 10407, 97871, 4, 119.34
2026/09/22 23:11:12.307, 1, 10407, 97871, 4, 124.36
2026/09/22 23:11:12.307, 2, 10391, 97871, 4, 120.13
2026/09/22 23:11:12.307, 3, 10399, 97871, 3, 119.44
2026/09/22 23:11:12.507, 0, 10407, 97871, 4, 119.31
2026/09/22 23:11:12.507, 1, 10407, 97871, 4, 124.36
2026/09/22 23:11:12.507, 2, 10391, 97871, 4, 120.11
2026/09/22 23:11:12.507, 3, 10399, 97871, 4, 119.43
2026/09/22 23:11:12.708, 0, 10407, 97871, 0, 119.28
2026/09/22 23:11:12.708, 1, 10407, 97871, 0, 124.32
2026/09/22 23:11:12.708, 2, 10391, 97871, 4, 120.14
2026/09/22 23:11:12.708, 3, 10399, 97871, 4, 119.43
2026/09/22 23:11:12.908, 0, 10407, 97871, 0, 119.23
2026/09/22 23:11:12.908, 1, 10407, 97871, 0, 124.27
2026/09/22 23:11:12.908, 2, 10391, 97871, 4, 120.16
2026/09/22 23:11:12.908, 3, 10399, 97871, 0, 119.40
2026/09/22 23:11:13.108, 0, 10407, 97871, 0, 119.21
2026/09/22 23:11:13.108, 1, 10407, 97871, 0, 124.23
2026/09/22 23:11:13.108, 2, 10391, 97871, 1, 120.15
2026/09/22 23:11:13.108, 3, 10399, 97871, 0, 119.35
2026/09/22 23:11:13.308, 0, 10407, 97871, 0, 119.17
2026/09/22 23:11:13.308, 1, 10407, 97871, 0, 124.20
2026/09/22 23:11:13.308, 2, 10391, 97871, 0, 120.06
2026/09/22 23:11:13.308, 3, 10399, 97871, 0, 119.31
2026/09/22 23:11:13.508, 0, 10407, 97871, 0, 119.11
2026/09/22 23:11:13.508, 1, 10407, 97871, 0, 124.15
2026/09/22 23:11:13.508, 2, 10391, 97871, 0, 120.04
2026/09/22 23:11:13.508, 3, 10399, 97871, 0, 119.31
2026/09/22 23:11:13.708, 0, 10407, 97871, 0, 119.10
2026/09/22 23:11:13.708, 1, 10407, 97871, 0, 124.13
2026/09/22 23:11:13.708, 2, 10391, 97871, 0, 119.96
2026/09/22 23:11:13.708, 3, 10399, 97871, 0, 119.30
2026/09/22 23:11:13.909, 0, 10407, 97871, 0, 119.10
2026/09/22 23:11:13.909, 1, 10407, 97871, 0, 124.12
2026/09/22 23:11:13.909, 2, 10391, 97871, 0, 119.90
2026/09/22 23:11:13.909, 3, 10399, 97871, 0, 119.30
2026/09/22 23:11:14.109, 0, 12083, 97871, 3, 119.07
2026/09/22 23:11:14.109, 1, 12083, 97871, 0, 124.12
2026/09/22 23:11:14.109, 2, 12067, 97871, 3, 119.90
2026/09/22 23:11:14.109, 3, 12075, 97871, 0, 119.31
2026/09/22 23:11:14.309, 0, 18495, 97871, 64, 136.60
2026/09/22 23:11:14.309, 1, 15321, 97871, 15, 140.61
2026/09/22 23:11:14.309, 2, 17421, 97871, 64, 137.67
2026/09/22 23:11:14.309, 3, 18487, 97871, 20, 137.24
2026/09/22 23:11:14.509, 0, 20613, 97871, 100, 156.79
2026/09/22 23:11:14.509, 1, 20615, 97871, 60, 164.44
2026/09/22 23:11:14.509, 2, 20599, 97871, 98, 162.20
2026/09/22 23:11:14.509, 3, 20607, 97871, 69, 159.13
2026/09/22 23:11:14.709, 0, 20613, 97871, 100, 199.78
2026/09/22 23:11:14.709, 1, 20615, 97871, 100, 204.88
2026/09/22 23:11:14.709, 2, 20599, 97871, 100, 201.87
2026/09/22 23:11:14.709, 3, 20607, 97871, 100, 201.37
2026/09/22 23:11:14.909, 0, 20613, 97871, 100, 239.17
2026/09/22 23:11:14.909, 1, 20615, 97871, 100, 249.41
2026/09/22 23:11:14.909, 2, 20599, 97871, 100, 246.59
2026/09/22 23:11:14.909, 3, 20607, 97871, 100, 242.78
2026/09/22 23:11:15.109, 0, 20613, 97871, 100, 280.92
2026/09/22 23:11:15.109, 1, 20615, 97871, 100, 289.47
2026/09/22 23:11:15.110, 2, 20599, 97871, 100, 289.69
2026/09/22 23:11:15.110, 3, 20607, 97871, 100, 289.60
2026/09/22 23:11:15.310, 0, 20613, 97871, 100, 309.55
2026/09/22 23:11:15.310, 1, 20615, 97871, 100, 320.90
2026/09/22 23:11:15.310, 2, 20599, 97871, 100, 310.71
2026/09/22 23:11:15.310, 3, 20607, 97871, 100, 314.97
2026/09/22 23:11:15.510, 0, 20613, 97871, 100, 332.14
2026/09/22 23:11:15.510, 1, 20615, 97871, 100, 340.23
2026/09/22 23:11:15.510, 2, 20599, 97871, 100, 332.11
2026/09/22 23:11:15.510, 3, 20607, 97871, 100, 337.01
2026/09/22 23:11:15.710, 0, 20613, 97871, 100, 332.83
2026/09/22 23:11:15.710, 1, 20615, 97871, 100, 342.64
2026/09/22 23:11:15.710, 2, 20599, 97871, 100, 333.51
2026/09/22 23:11:15.710, 3, 20607, 97871, 100, 338.31
2026/09/22 23:11:15.910, 0, 20613, 97871, 100, 334.20
2026/09/22 23:11:15.910, 1, 20615, 97871, 100, 342.80
2026/09/22 23:11:15.910, 2, 20599, 97871, 100, 334.47
2026/09/22 23:11:15.910, 3, 20607, 97871, 100, 338.75
2026/09/22 23:11:16.110, 0, 20613, 97871, 100, 334.21
2026/09/22 23:11:16.110, 1, 20615, 97871, 100, 343.96
2026/09/22 23:11:16.110, 2, 20599, 97871, 100, 334.67
2026/09/22 23:11:16.110, 3, 20607, 97871, 100, 338.23
2026/09/22 23:11:16.310, 0, 20613, 97871, 100, 334.08
2026/09/22 23:11:16.310, 1, 20615, 97871, 100, 343.15
2026/09/22 23:11:16.310, 2, 20599, 97871, 100, 335.90
2026/09/22 23:11:16.310, 3, 20607, 97871, 100, 337.82
2026/09/22 23:11:16.510, 0, 20613, 97871, 100, 334.23
2026/09/22 23:11:16.510, 1, 20615, 97871, 100, 343.24
2026/09/22 23:11:16.510, 2, 20599, 97871, 100, 335.47
2026/09/22 23:11:16.510, 3, 20607, 97871, 100, 337.39
2026/09/22 23:11:16.711, 0, 31175, 97871, 100, 333.42
2026/09/22 23:11:16.711, 1, 31175, 97871, 100, 343.38
2026/09/22 23:11:16.711, 2, 31159, 97871, 100, 334.49
2026/09/22 23:11:16.711, 3, 31167, 97871, 100, 337.27
2026/09/22 23:11:16.911, 0, 32199, 97871, 0, 314.50
2026/09/22 23:11:16.911, 1, 32199, 97871, 41, 319.86
2026/09/22 23:11:16.911, 2, 32183, 97871, 0, 308.64
2026/09/22 23:11:16.911, 3, 32191, 97871, 36, 316.32
2026/09/22 23:11:17.111, 0, 33223, 97871, 0, 271.68
2026/09/22 23:11:17.111, 1, 32711, 97871, 25, 276.48
2026/09/22 23:11:17.111, 2, 33207, 97871, 0, 267.80
2026/09/22 23:11:17.111, 3, 33215, 97871, 0, 273.83
2026/09/22 23:11:17.311, 0, 33223, 97871, 100, 260.14
2026/09/22 23:11:17.312, 1, 32711, 97871, 100, 271.38
2026/09/22 23:11:17.312, 2, 33207, 97871, 100, 263.72
2026/09/22 23:11:17.312, 3, 33215, 97871, 100, 262.08
2026/09/22 23:11:17.512, 0, 33223, 97871, 100, 256.41
2026/09/22 23:11:17.512, 1, 32711, 97871, 100, 270.16
2026/09/22 23:11:17.512, 2, 33207, 97871, 100, 260.25
2026/09/22 23:11:17.512, 3, 33215, 97871, 100, 258.62
2026/09/22 23:11:17.712, 0, 33223, 97871, 100, 245.22
2026/09/22 23:11:17.712, 1, 32711, 97871, 100, 270.58
2026/09/22 23:11:17.712, 2, 33207, 97871, 100, 248.22
2026/09/22 23:11:17.712, 3, 33215, 97871, 100, 256.66
2026/09/22 23:11:17.912, 0, 33223, 97871, 100, 258.48
2026/09/22 23:11:17.912, 1, 32711, 97871, 100, 284.15
2026/09/22 23:11:17.912, 2, 33207, 97871, 100, 262.31
2026/09/22 23:11:17.912, 3, 33215, 97871, 100, 267.27
2026/09/22 23:11:18.112, 0, 33223, 97871, 100, 288.85
2026/09/22 23:11:18.112, 1, 32711, 97871, 100, 329.34
2026/09/22 23:11:18.112, 2, 33207, 97871, 100, 297.98
2026/09/22 23:11:18.112, 3, 33215, 97871, 100, 297.83
2026/09/22 23:11:18.312, 0, 33223, 97871, 100, 300.30
2026/09/22 23:11:18.312, 1, 32711, 97871, 100, 328.32
2026/09/22 23:11:18.312, 2, 33207, 97871, 100, 296.84
2026/09/22 23:11:18.312, 3, 33215, 97871, 100, 306.84
2026/09/22 23:11:18.512, 0, 33223, 97871, 100, 302.33
2026/09/22 23:11:18.512, 1, 32711, 97871, 100, 319.91
2026/09/22 23:11:18.512, 2, 33207, 97871, 100, 299.95
2026/09/22 23:11:18.512, 3, 33215, 97871, 100, 305.45
2026/09/22 23:11:18.712, 0, 33223, 97871, 100, 305.71
2026/09/22 23:11:18.712, 1, 32711, 97871, 100, 321.02
2026/09/22 23:11:18.712, 2, 33207, 97871, 100, 305.04
2026/09/22 23:11:18.712, 3, 33215, 97871, 100, 308.33
2026/09/22 23:11:18.913, 0, 33223, 97871, 100, 311.05
2026/09/22 23:11:18.913, 1, 32711, 97871, 100, 312.28
2026/09/22 23:11:18.913, 2, 33207, 97871, 100, 305.33
2026/09/22 23:11:18.913, 3, 33215, 97871, 100, 311.94
2026/09/22 23:11:19.113, 0, 33223, 97871, 100, 311.42
2026/09/22 23:11:19.113, 1, 32711, 97871, 100, 306.14
2026/09/22 23:11:19.113, 2, 33207, 97871, 100, 305.61
2026/09/22 23:11:19.113, 3, 33215, 97871, 100, 316.05
2026/09/22 23:11:19.313, 0, 33759, 97871, 30, 307.64
2026/09/22 23:11:19.314, 1, 33247, 97871, 1, 287.44
2026/09/22 23:11:19.315, 2, 33743, 97871, 20, 293.33
2026/09/22 23:11:19.316, 3, 33751, 97871, 80, 301.80
2026/09/22 23:11:19.517, 0, 33759, 97871, 0, 265.74
2026/09/22 23:11:19.517, 1, 33247, 97871, 0, 253.84
2026/09/22 23:11:19.518, 2, 33743, 97871, 0, 250.94
2026/09/22 23:11:19.519, 3, 33751, 97871, 0, 265.34
2026/09/22 23:11:19.719, 0, 35245, 97871, 11, 238.28
2026/09/22 23:11:19.719, 1, 34733, 97871, 16, 217.93
2026/09/22 23:11:19.719, 2, 34635, 97871, 11, 219.21
2026/09/22 23:11:19.719, 3, 34643, 97871, 2, 228.21
2026/09/22 23:11:19.919, 0, 35245, 97871, 0, 196.73
2026/09/22 23:11:19.919, 1, 34733, 97871, 0, 188.69
2026/09/22 23:11:19.919, 2, 34635, 97871, 0, 187.43
2026/09/22 23:11:19.919, 3, 34643, 97871, 0, 191.43
2026/09/22 23:11:20.120, 0, 35245, 97871, 0, 163.50
2026/09/22 23:11:20.120, 1, 34733, 97871, 0, 149.42
2026/09/22 23:11:20.120, 2, 34635, 97871, 0, 156.13
2026/09/22 23:11:20.120, 3, 34643, 97871, 0, 153.94
2026/09/22 23:11:20.320, 0, 12077, 97871, 57, 128.20
2026/09/22 23:11:20.320, 1, 12077, 97871, 8, 131.49
2026/09/22 23:11:20.320, 2, 12061, 97871, 45, 130.25
2026/09/22 23:11:20.320, 3, 12069, 97871, 40, 127.45
2026/09/22 23:11:20.520, 0, 72749, 97871, 16, 129.15
2026/09/22 23:11:20.520, 1, 72749, 97871, 59, 141.14
2026/09/22 23:11:20.520, 2, 72221, 97871, 25, 136.42
2026/09/22 23:11:20.520, 3, 72229, 97871, 0, 130.23
2026/09/22 23:11:20.720, 0, 72749, 97871, 100, 161.49
2026/09/22 23:11:20.720, 1, 72749, 97871, 100, 180.38
2026/09/22 23:11:20.720, 2, 72221, 97871, 100, 172.44
2026/09/22 23:11:20.720, 3, 72229, 97871, 100, 162.67
2026/09/22 23:11:20.920, 0, 72749, 97871, 100, 199.46
2026/09/22 23:11:20.920, 1, 72749, 97871, 100, 221.34
2026/09/22 23:11:20.920, 2, 72221, 97871, 100, 207.37
2026/09/22 23:11:20.920, 3, 72229, 97871, 100, 198.46
2026/09/22 23:11:21.120, 0, 72749, 97871, 100, 227.45
2026/09/22 23:11:21.120, 1, 72749, 97871, 100, 265.32
2026/09/22 23:11:21.120, 2, 72221, 97871, 100, 238.89
2026/09/22 23:11:21.120, 3, 72229, 97871, 100, 240.60
2026/09/22 23:11:21.320, 0, 72749, 97871, 100, 262.72
2026/09/22 23:11:21.320, 1, 72749, 97871, 100, 301.88
2026/09/22 23:11:21.320, 2, 72221, 97871, 100, 272.12
2026/09/22 23:11:21.320, 3, 72229, 97871, 100, 273.70
2026/09/22 23:11:21.520, 0, 72749, 97871, 100, 295.99
2026/09/22 23:11:21.521, 1, 72749, 97871, 100, 334.67
2026/09/22 23:11:21.521, 2, 72221, 97871, 100, 300.20
2026/09/22 23:11:21.521, 3, 72229, 97871, 100, 304.11
2026/09/22 23:11:21.721, 0, 72749, 97871, 100, 298.03
2026/09/22 23:11:21.721, 1, 72749, 97871, 100, 329.13
2026/09/22 23:11:21.721, 2, 72221, 97871, 100, 298.30
2026/09/22 23:11:21.721, 3, 72229, 97871, 100, 306.41
2026/09/22 23:11:21.921, 0, 72749, 97871, 100, 299.81
2026/09/22 23:11:21.921, 1, 72749, 97871, 100, 322.10
2026/09/22 23:11:21.921, 2, 72221, 97871, 100, 301.44
2026/09/22 23:11:21.921, 3, 72229, 97871, 100, 305.10
2026/09/22 23:11:22.121, 0, 72749, 97871, 100, 303.93
2026/09/22 23:11:22.121, 1, 72749, 97871, 100, 321.51
2026/09/22 23:11:22.121, 2, 72221, 97871, 100, 308.65
2026/09/22 23:11:22.121, 3, 72229, 97871, 100, 309.99
2026/09/22 23:11:22.321, 0, 72749, 97871, 100, 311.51
2026/09/22 23:11:22.321, 1, 72749, 97871, 100, 311.97
2026/09/22 23:11:22.321, 2, 72221, 97871, 100, 308.63
2026/09/22 23:11:22.321, 3, 72229, 97871, 100, 311.00
2026/09/22 23:11:22.521, 0, 72749, 97871, 100, 312.69
2026/09/22 23:11:22.521, 1, 72749, 97871, 100, 309.05
2026/09/22 23:11:22.521, 2, 72221, 97871, 100, 309.19
2026/09/22 23:11:22.521, 3, 72229, 97871, 100, 314.21
2026/09/22 23:11:22.721, 0, 73643, 97871, 64, 312.80
2026/09/22 23:11:22.721, 1, 73643, 97871, 23, 296.78
2026/09/22 23:11:22.721, 2, 73115, 97871, 49, 299.67
2026/09/22 23:11:22.721, 3, 73123, 97871, 86, 307.99
2026/09/22 23:11:22.921, 0, 73643, 97871, 0, 275.18
2026/09/22 23:11:22.921, 1, 73643, 97871, 0, 264.91
2026/09/22 23:11:22.921, 2, 73115, 97871, 0, 257.20
2026/09/22 23:11:22.921, 3, 73123, 97871, 0, 271.17
2026/09/22 23:11:23.122, 0, 73643, 97871, 0, 242.71
2026/09/22 23:11:23.122, 1, 73643, 97871, 0, 222.43
2026/09/22 23:11:23.122, 2, 73115, 97871, 0, 220.30
2026/09/22 23:11:23.122, 3, 73123, 97871, 0, 226.71
2026/09/22 23:11:23.322, 0, 73643, 97871, 0, 195.31
2026/09/22 23:11:23.322, 1, 73643, 97871, 0, 192.25
2026/09/22 23:11:23.322, 2, 73115, 97871, 0, 189.57
2026/09/22 23:11:23.322, 3, 73123, 97871, 0, 193.01
2026/09/22 23:11:23.522, 0, 73643, 97871, 0, 160.18
2026/09/22 23:11:23.522, 1, 73643, 97871, 0, 151.67
2026/09/22 23:11:23.522, 2, 73115, 97871, 0, 151.90
2026/09/22 23:11:23.522, 3, 73123, 97871, 0, 151.48
2026/09/22 23:11:23.722, 0, 73643, 97871, 0, 122.28
2026/09/22 23:11:23.722, 1, 73643, 97871, 0, 126.17
2026/09/22 23:11:23.722, 2, 73115, 97871, 0, 122.28
2026/09/22 23:11:23.722, 3, 73123, 97871, 0, 121.29
2026/09/22 23:11:23.922, 0, 73643, 97871, 0, 120.57
2026/09/22 23:11:23.922, 1, 73643, 97871, 0, 125.67
2026/09/22 23:11:23.922, 2, 73115, 97871, 0, 121.29
2026/09/22 23:11:23.922, 3, 73123, 97871, 0, 120.26
2026/09/22 23:11:24.122, 0, 73643, 97871, 0, 120.45
2026/09/22 23:11:24.122, 1, 73643, 97871, 0, 125.52
2026/09/22 23:11:24.122, 2, 73115, 97871, 0, 121.17
2026/09/22 23:11:24.122, 3, 73123, 97871, 0, 120.16
2026/09/22 23:11:24.322, 0, 73643, 97871, 0, 120.36
2026/09/22 23:11:24.322, 1, 73643, 97871, 0, 125.42
2026/09/22 23:11:24.323, 2, 73115, 97871, 0, 121.09
2026/09/22 23:11:24.323, 3, 73123, 97871, 0, 120.10
2026/09/22 23:11:24.523, 0, 73643, 97871, 0, 120.28
2026/09/22 23:11:24.523, 1, 73643, 97871, 0, 125.35
2026/09/22 23:11:24.523, 2, 73115, 97871, 0, 121.07
2026/09/22 23:11:24.523, 3, 73123, 97871, 0, 120.05
2026/09/22 23:11:24.723, 0, 73643, 97871, 0, 120.21
2026/09/22 23:11:24.723, 1, 73643, 97871, 0, 125.25
2026/09/22 23:11:24.723, 2, 73115, 97871, 0, 121.04
2026/09/22 23:11:24.723, 3, 73123, 97871, 0, 120.04
2026/09/22 23:11:24.923, 0, 73643, 97871, 0, 120.20
2026/09/22 23:11:24.923, 1, 73643, 97871, 0, 125.18
2026/09/22 23:11:24.923, 2, 73115, 97871, 0, 120.99
2026/09/22 23:11:24.923, 3, 73123, 97871, 0, 120.01
2026/09/22 23:11:25.123, 0, 73643, 97871, 0, 120.15
2026/09/22 23:11:25.123, 1, 73643, 97871, 0, 125.14
2026/09/22 23:11:25.123, 2, 73115, 97871, 0, 120.95
2026/09/22 23:11:25.123, 3, 73123, 97871, 0, 120.01
2026/09/22 23:11:25.323, 0, 73643, 97871, 0, 120.07
2026/09/22 23:11:25.323, 1, 73643, 97871, 0, 125.08
2026/09/22 23:11:25.323, 2, 73115, 97871, 0, 120.90
2026/09/22 23:11:25.323, 3, 73123, 97871, 0, 120.00
2026/09/22 23:11:25.523, 0, 73643, 97871, 0, 120.04
2026/09/22 23:11:25.523, 1, 73643, 97871, 0, 125.03
2026/09/22 23:11:25.524, 2, 73115, 97871, 0, 120.84
2026/09/22 23:11:25.524, 3, 73123, 97871, 0, 119.97
2026/09/22 23:11:25.724, 0, 73643, 97871, 0, 120.02
2026/09/22 23:11:25.724, 1, 73643, 97871, 0, 125.00
2026/09/22 23:11:25.724, 2, 73115, 97871, 0, 120.78
2026/09/22 23:11:25.724, 3, 73123, 97871, 0, 119.94
2026/09/22 23:11:25.924, 0, 73643, 97871, 0, 120.00
2026/09/22 23:11:25.924, 1, 73643, 97871, 0, 124.96
2026/09/22 23:11:25.924, 2, 73115, 97871, 0, 120.74
2026/09/22 23:11:25.924, 3, 73123, 97871, 0, 119.92
2026/09/22 23:11:26.124, 0, 73643, 97871, 0, 119.94
2026/09/22 23:11:26.124, 1, 73643, 97871, 0, 124.93
2026/09/22 23:11:26.124, 2, 73115, 97871, 0, 120.71
2026/09/22 23:11:26.124, 3, 73123, 97871, 0, 119.92
2026/09/22 23:11:26.324, 0, 73643, 97871, 0, 119.95
2026/09/22 23:11:26.324, 1, 73643, 97871, 0, 124.92
2026/09/22 23:11:26.324, 2, 73115, 97871, 0, 120.68
2026/09/22 23:11:26.324, 3, 73123, 97871, 0, 119.90
2026/09/22 23:11:26.524, 0, 73643, 97871, 0, 119.92
2026/09/22 23:11:26.524, 1, 73643, 97871, 0, 124.87
2026/09/22 23:11:26.524, 2, 73115, 97871, 0, 120.67
2026/09/22 23:11:26.524, 3, 73123, 97871, 0, 119.88
2026/09/22 23:11:26.724, 0, 73643, 97871, 0, 119.88
2026/09/22 23:11:26.724, 1, 73643, 97871, 0, 124.86
2026/09/22 23:11:26.725, 2, 73115, 97871, 0, 120.67
2026/09/22 23:11:26.725, 3, 73123, 97871, 0, 119.87
2026/09/22 23:11:26.925, 0, 73643, 97871, 0, 119.84
2026/09/22 23:11:26.925, 1, 73643, 97871, 0, 124.85
2026/09/22 23:11:26.925, 2, 73115, 97871, 0, 120.67
2026/09/22 23:11:26.925, 3, 73123, 97871, 0, 119.86
2026/09/22 23:11:27.125, 0, 73643, 97871, 0, 119.84
2026/09/22 23:11:27.125, 1, 73643, 97871, 0, 124.79
2026/09/22 23:11:27.125, 2, 73115, 97871, 0, 120.66
2026/09/22 23:11:27.125, 3, 73123, 97871, 0, 119.83
2026/09/22 23:11:27.325, 0, 73643, 97871, 0, 119.81
2026/09/22 23:11:27.325, 1, 73643, 97871, 0, 124.76
2026/09/22 23:11:27.325, 2, 73115, 97871, 0, 120.63
2026/09/22 23:11:27.325, 3, 73123, 97871, 0, 119.81
2026/09/22 23:11:27.525, 0, 73643, 97871, 0, 119.79
2026/09/22 23:11:27.525, 1, 73643, 97871, 0, 124.78
2026/09/22 23:11:27.525, 2, 73115, 97871, 0, 120.65
2026/09/22 23:11:27.525, 3, 73123, 97871, 0, 119.81
2026/09/22 23:11:27.725, 0, 73643, 97871, 0, 119.76
2026/09/22 23:11:27.725, 1, 73643, 97871, 0, 124.78
2026/09/22 23:11:27.725, 2, 73115, 97871, 0, 120.73
2026/09/22 23:11:27.725, 3, 73123, 97871, 0, 119.80
2026/09/22 23:11:27.925, 0, 73643, 97871, 0, 119.77
2026/09/22 23:11:27.925, 1, 73643, 97871, 0, 124.76
2026/09/22 23:11:27.925, 2, 73115, 97871, 0, 120.85
2026/09/22 23:11:27.925, 3, 73123, 97871, 0, 119.77
2026/09/22 23:11:28.125, 0, 73643, 97871, 0, 119.74
2026/09/22 23:11:28.126, 1, 73643, 97871, 0, 124.78
2026/09/22 23:11:28.126, 2, 73115, 97871, 0, 120.94
2026/09/22 23:11:28.126, 3, 73123, 97871, 0, 119.75
2026/09/22 23:11:28.326, 0, 73643, 97871, 0, 119.73
2026/09/22 23:11:28.326, 1, 73643, 97871, 0, 124.79
2026/09/22 23:11:28.326, 2, 73115, 97871, 0, 121.06
2026/09/22 23:11:28.326, 3, 73123, 97871, 0, 119.75
2026/09/22 23:11:28.526, 0, 73643, 97871, 0, 119.74
2026/09/22 23:11:28.526, 1, 73643, 97871, 0, 124.74
2026/09/22 23:11:28.526, 2, 73115, 97871, 0, 121.14
2026/09/22 23:11:28.526, 3, 73123, 97871, 0, 119.73
2026/09/22 23:11:28.726, 0, 73643, 97871, 0, 119.75
2026/09/22 23:11:28.726, 1, 73643, 97871, 0, 124.74
2026/09/22 23:11:28.726, 2, 73115, 97871, 0, 121.13
2026/09/22 23:11:28.726, 3, 73123, 97871, 0, 119.71
2026/09/22 23:11:28.926, 0, 73643, 97871, 0, 119.72
2026/09/22 23:11:28.927, 1, 73643, 97871, 0, 124.72
2026/09/22 23:11:28.927, 2, 73115, 97871, 0, 121.07
2026/09/22 23:11:28.927, 3, 73123, 97871, 0, 119.69
2026/09/22 23:11:29.127, 0, 73643, 97871, 0, 119.71
2026/09/22 23:11:29.127, 1, 73643, 97871, 0, 124.70
2026/09/22 23:11:29.127, 2, 73115, 97871, 0, 121.08
2026/09/22 23:11:29.127, 3, 73123, 97871, 0, 119.70
2026/09/22 23:11:29.327, 0, 73643, 97871, 0, 119.69
2026/09/22 23:11:29.327, 1, 73643, 97871, 0, 124.68
2026/09/22 23:11:29.327, 2, 73115, 97871, 0, 121.07
2026/09/22 23:11:29.327, 3, 73123, 97871, 0, 119.68
2026/09/22 23:11:29.527, 0, 73643, 97871, 0, 119.69
2026/09/22 23:11:29.527, 1, 73643, 97871, 0, 124.71
2026/09/22 23:11:29.528, 2, 73115, 97871, 0, 121.04
2026/09/22 23:11:29.528, 3, 73123, 97871, 0, 119.66
2026/09/22 23:11:29.728, 0, 73643, 97871, 0, 119.68
2026/09/22 23:11:29.728, 1, 73643, 97871, 0, 124.68
2026/09/22 23:11:29.728, 2, 73115, 97871, 0, 121.04
2026/09/22 23:11:29.728, 3, 73123, 97871, 0, 119.66
2026/09/22 23:11:29.928, 0, 73643, 97871, 0, 119.69
2026/09/22 23:11:29.928, 1, 73643, 97871, 0, 124.67
2026/09/22 23:11:29.928, 2, 73115, 97871, 0, 121.05
2026/09/22 23:11:29.928, 3, 73123, 97871, 0, 119.66
2026/09/22 23:11:30.128, 0, 73643, 97871, 0, 119.69
2026/09/22 23:11:30.128, 1, 73643, 97871, 0, 124.68
2026/09/22 23:11:30.128, 2, 73115, 97871, 0, 121.04
2026/09/22 23:11:30.128, 3, 73123, 97871, 0, 119.64
2026/09/22 23:11:30.328, 0, 73643, 97871, 0, 119.70
2026/09/22 23:11:30.328, 1, 73643, 97871, 0, 124.65
2026/09/22 23:11:30.328, 2, 73115, 97871, 0, 121.03
2026/09/22 23:11:30.328, 3, 73123, 97871, 0, 119.65
2026/09/22 23:11:30.528, 0, 73643, 97871, 0, 119.67
2026/09/22 23:11:30.528, 1, 73643, 97871, 0, 124.63
2026/09/22 23:11:30.528, 2, 73115, 97871, 0, 121.04
2026/09/22 23:11:30.528, 3, 73123, 97871, 0, 119.65
2026/09/22 23:11:30.729, 0, 73643, 97871, 0, 119.66
2026/09/22 23:11:30.729, 1, 73643, 97871, 0, 124.62
2026/09/22 23:11:30.729, 2, 73115, 97871, 0, 121.02
2026/09/22 23:11:30.729, 3, 73123, 97871, 0, 119.63
2026/09/22 23:11:30.929, 0, 73643, 97871, 0, 119.66
2026/09/22 23:11:30.929, 1, 73643, 97871, 0, 124.61
2026/09/22 23:11:30.929, 2, 73115, 97871, 0, 121.00
2026/09/22 23:11:30.929, 3, 73123, 97871, 0, 119.62
2026/09/22 23:11:31.129, 0, 73643, 97871, 0, 119.66
2026/09/22 23:11:31.129, 1, 73643, 97871, 0, 124.59
2026/09/22 23:11:31.129, 2, 73115, 97871, 0, 120.99
2026/09/22 23:11:31.129, 3, 73123, 97871, 0, 119.62
2026/09/22 23:11:31.329, 0, 73643, 97871, 0, 119.64
2026/09/22 23:11:31.329, 1, 73643, 97871, 0, 124.61
2026/09/22 23:11:31.329, 2, 73115, 97871, 0, 120.97
2026/09/22 23:11:31.329, 3, 73123, 97871, 0, 119.60
2026/09/22 23:11:31.529, 0, 73643, 97871, 0, 119.65
2026/09/22 23:11:31.529, 1, 73643, 97871, 0, 124.59
2026/09/22 23:11:31.529, 2, 73115, 97871, 0, 120.94
2026/09/22 23:11:31.529, 3, 73123, 97871, 0, 119.58
2026/09/22 23:11:31.729, 0, 73643, 97871, 0, 119.65
2026/09/22 23:11:31.729, 1, 73643, 97871, 0, 124.57
2026/09/22 23:11:31.729, 2, 73115, 97871, 0, 120.91
2026/09/22 23:11:31.729, 3, 73123, 97871, 0, 119.56
2026/09/22 23:11:31.929, 0, 73643, 97871, 0, 119.63
2026/09/22 23:11:31.930, 1, 73643, 97871, 0, 124.56
2026/09/22 23:11:31.930, 2, 73115, 97871, 0, 120.92
2026/09/22 23:11:31.930, 3, 73123, 97871, 0, 119.58
2026/09/22 23:11:32.130, 0, 73643, 97871, 0, 119.61
2026/09/22 23:11:32.130, 1, 73643, 97871, 0, 124.55
2026/09/22 23:11:32.130, 2, 73115, 97871, 0, 120.90
2026/09/22 23:11:32.130, 3, 73123, 97871, 0, 119.57
2026/09/22 23:11:32.330, 0, 73643, 97871, 0, 119.62
2026/09/22 23:11:32.330, 1, 73643, 97871, 0, 124.53
2026/09/22 23:11:32.330, 2, 73115, 97871, 0, 120.88
2026/09/22 23:11:32.330, 3, 73123, 97871, 0, 119.58
2026/09/22 23:11:32.530, 0, 73643, 97871, 0, 119.61
2026/09/22 23:11:32.530, 1, 73643, 97871, 0, 124.51
2026/09/22 23:11:32.530, 2, 73115, 97871, 0, 120.88
2026/09/22 23:11:32.530, 3, 73123, 97871, 0, 119.58
2026/09/22 23:11:32.730, 0, 73643, 97871, 0, 119.60
2026/09/22 23:11:32.730, 1, 73643, 97871, 0, 124.51
2026/09/22 23:11:32.730, 2, 73115, 97871, 0, 120.90
2026/09/22 23:11:32.730, 3, 73123, 97871, 0, 119.60
2026/09/22 23:11:32.930, 0, 73643, 97871, 0, 119.58
2026/09/22 23:11:32.930, 1, 73643, 97871, 0, 124.50
2026/09/22 23:11:32.930, 2, 73115, 97871, 0, 120.89
2026/09/22 23:11:32.930, 3, 73123, 97871, 0, 119.59
2026/09/22 23:11:33.131, 0, 73643, 97871, 0, 119.58
2026/09/22 23:11:33.131, 1, 73643, 97871, 0, 124.48
2026/09/22 23:11:33.131, 2, 73115, 97871, 0, 120.89
2026/09/22 23:11:33.131, 3, 73123, 97871, 0, 119.58
2026/09/22 23:11:33.331, 0, 73643, 97871, 0, 119.55
2026/09/22 23:11:33.331, 1, 73643, 97871, 0, 124.46
2026/09/22 23:11:33.331, 2, 73115, 97871, 0, 120.88
2026/09/22 23:11:33.331, 3, 73123, 97871, 0, 119.56
2026/09/22 23:11:33.531, 0, 73643, 97871, 0, 119.52
2026/09/22 23:11:33.531, 1, 73643, 97871, 0, 124.46
2026/09/22 23:11:33.531, 2, 73115, 97871, 0, 120.86
2026/09/22 23:11:33.531, 3, 73123, 97871, 0, 119.56
2026/09/22 23:11:33.731, 0, 73643, 97871, 0, 119.50
2026/09/22 23:11:33.731, 1, 73643, 97871, 0, 124.47
2026/09/22 23:11:33.731, 2, 73115, 97871, 0, 120.83
2026/09/22 23:11:33.731, 3, 73123, 97871, 0, 119.54
2026/09/22 23:11:33.931, 0, 73643, 97871, 0, 119.54
2026/09/22 23:11:33.931, 1, 73643, 97871, 0, 124.46
2026/09/22 23:11:33.931, 2, 73115, 97871, 0, 120.83
2026/09/22 23:11:33.931, 3, 73123, 97871, 0, 119.56
2026/09/22 23:11:34.131, 0, 73643, 97871, 0, 119.55
2026/09/22 23:11:34.131, 1, 73643, 97871, 0, 124.46
2026/09/22 23:11:34.131, 2, 73115, 97871, 0, 120.82
2026/09/22 23:11:34.131, 3, 73123, 97871, 0, 119.57
2026/09/22 23:11:34.331, 0, 73643, 97871, 0, 119.55
2026/09/22 23:11:34.332, 1, 73643, 97871, 0, 124.46
2026/09/22 23:11:34.332, 2, 73115, 97871, 0, 120.80
2026/09/22 23:11:34.332, 3, 73123, 97871, 0, 119.57
2026/09/22 23:11:34.532, 0, 73643, 97871, 0, 119.56
2026/09/22 23:11:34.532, 1, 73643, 97871, 0, 124.46
2026/09/22 23:11:34.532, 2, 73115, 97871, 0, 120.80
2026/09/22 23:11:34.532, 3, 73123, 97871, 0, 119.57
2026/09/22 23:11:34.732, 0, 73643, 97871, 0, 119.56
2026/09/22 23:11:34.732, 1, 73643, 97871, 0, 124.45
2026/09/22 23:11:34.732, 2, 73115, 97871, 0, 120.82
2026/09/22 23:11:34.732, 3, 73123, 97871, 0, 119.58
2026/09/22 23:11:34.932, 0, 73643, 97871, 0, 119.53
2026/09/22 23:11:34.932, 1, 73643, 97871, 0, 124.46
2026/09/22 23:11:34.932, 2, 73115, 97871, 0, 120.79
2026/09/22 23:11:34.932, 3, 73123, 97871, 0, 119.57
2026/09/22 23:11:35.132, 0, 73643, 97871, 0, 119.50
2026/09/22 23:11:35.132, 1, 73643, 97871, 0, 124.47
2026/09/22 23:11:35.132, 2, 73115, 97871, 0, 120.79
2026/09/22 23:11:35.132, 3, 73123, 97871, 0, 119.55
2026/09/22 23:11:35.332, 0, 73643, 97871, 0, 119.51
2026/09/22 23:11:35.332, 1, 73643, 97871, 0, 124.47
2026/09/22 23:11:35.332, 2, 73115, 97871, 0, 120.80
2026/09/22 23:11:35.332, 3, 73123, 97871, 0, 119.52
2026/09/22 23:11:35.533, 0, 73643, 97871, 0, 119.51
2026/09/22 23:11:35.533, 1, 73643, 97871, 0, 124.49
2026/09/22 23:11:35.533, 2, 73115, 97871, 0, 120.79
2026/09/22 23:11:35.533, 3, 73123, 97871, 0, 119.51
2026/09/22 23:11:35.733, 0, 73643, 97871, 0, 119.48
2026/09/22 23:11:35.733, 1, 73643, 97871, 0, 124.48
2026/09/22 23:11:35.733, 2, 73115, 97871, 0, 120.78
2026/09/22 23:11:35.733, 3, 73123, 97871, 0, 119.51
2026/09/22 23:11:35.933, 0, 73643, 97871, 0, 119.47
2026/09/22 23:11:35.933, 1, 73643, 97871, 0, 124.46
2026/09/22 23:11:35.933, 2, 73115, 97871, 0, 120.80
2026/09/22 23:11:35.933, 3, 73123, 97871, 0, 119.47
2026/09/22 23:11:36.133, 0, 73643, 97871, 0, 119.49
2026/09/22 23:11:36.133, 1, 73643, 97871, 0, 124.45
2026/09/22 23:11:36.133, 2, 73115, 97871, 0, 120.80
2026/09/22 23:11:36.133, 3, 73123, 97871, 0, 119.49
2026/09/22 23:11:36.333, 0, 73643, 97871, 0, 119.47
2026/09/22 23:11:36.333, 1, 73643, 97871, 0, 124.43
2026/09/22 23:11:36.333, 2, 73115, 97871, 0, 120.79
2026/09/22 23:11:36.333, 3, 73123, 97871, 0, 119.50
2026/09/22 23:11:36.533, 0, 73643, 97871, 20, 124.11
2026/09/22 23:11:36.534, 1, 73643, 97871, 0, 128.65
2026/09/22 23:11:36.534, 2, 73115, 97871, 13, 125.34
2026/09/22 23:11:36.534, 3, 73123, 97871, 17, 124.00
2026/09/22 23:11:36.734, 0, 73643, 97871, 0, 124.18
2026/09/22 23:11:36.734, 1, 73643, 97871, 0, 128.68
2026/09/22 23:11:36.734, 2, 73115, 97871, 0, 125.35
2026/09/22 23:11:36.734, 3, 73123, 97871, 0, 124.01
2026/09/22 23:11:36.934, 0, 73643, 97871, 0, 124.33
2026/09/22 23:11:36.934, 1, 73643, 97871, 0, 128.70
2026/09/22 23:11:36.934, 2, 73115, 97871, 0, 125.25
2026/09/22 23:11:36.934, 3, 73123, 97871, 0, 123.97
2026/09/22 23:11:37.134, 0, 73643, 97871, 0, 124.35
2026/09/22 23:11:37.134, 1, 73643, 97871, 0, 128.70
2026/09/22 23:11:37.134, 2, 73115, 97871, 0, 125.12
2026/09/22 23:11:37.134, 3, 73123, 97871, 0, 123.97
2026/09/22 23:11:37.334, 0, 73643, 97871, 0, 124.26
2026/09/22 23:11:37.335, 1, 73643, 97871, 0, 128.73
2026/09/22 23:11:37.335, 2, 73115, 97871, 0, 125.21
2026/09/22 23:11:37.335, 3, 73123, 97871, 0, 124.07
2026/09/22 23:11:37.535, 0, 73643, 97871, 0, 119.67
2026/09/22 23:11:37.535, 1, 73643, 97871, 0, 124.50
2026/09/22 23:11:37.535, 2, 73115, 97871, 0, 120.62
2026/09/22 23:11:37.535, 3, 73123, 97871, 0, 119.59
2026/09/22 23:11:37.735, 0, 73643, 97871, 0, 119.57
2026/09/22 23:11:37.735, 1, 73643, 97871, 0, 124.47
2026/09/22 23:11:37.735, 2, 73115, 97871, 0, 120.68
2026/09/22 23:11:37.735, 3, 73123, 97871, 0, 119.56
2026/09/22 23:11:37.935, 0, 73643, 97871, 0, 119.55
2026/09/22 23:11:37.935, 1, 73643, 97871, 0, 124.46
2026/09/22 23:11:37.935, 2, 73115, 97871, 0, 120.78
2026/09/22 23:11:37.935, 3, 73123, 97871, 0, 119.54
2026/09/22 23:11:38.136, 0, 73643, 97871, 0, 119.51
2026/09/22 23:11:38.136, 1, 73643, 97871, 0, 124.43
2026/09/22 23:11:38.136, 2, 73115, 97871, 0, 120.80
2026/09/22 23:11:38.136, 3, 73123, 97871, 0, 119.53
2026/09/22 23:11:38.336, 0, 73643, 97871, 0, 119.51
2026/09/22 23:11:38.336, 1, 73643, 97871, 0, 124.41
2026/09/22 23:11:38.336, 2, 73115, 97871, 0, 120.82
2026/09/22 23:11:38.336, 3, 73123, 97871, 0, 119.51
2026/09/22 23:11:38.536, 0, 73643, 97871, 0, 119.53
2026/09/22 23:11:38.536, 1, 73643, 97871, 0, 124.41
2026/09/22 23:11:38.536, 2, 73115, 97871, 0, 120.76
2026/09/22 23:11:38.536, 3, 73123, 97871, 0, 119.52
2026/09/22 23:11:38.736, 0, 73643, 97871, 0, 119.49
2026/09/22 23:11:38.736, 1, 73643, 97871, 0, 124.38
2026/09/22 23:11:38.736, 2, 73115, 97871, 0, 120.77
2026/09/22 23:11:38.737, 3, 73123, 97871, 0, 119.51
2026/09/22 23:11:38.937, 0, 73643, 97871, 0, 119.46
2026/09/22 23:11:38.937, 1, 73643, 97871, 0, 124.36
2026/09/22 23:11:38.937, 2, 73115, 97871, 0, 120.74
2026/09/22 23:11:38.937, 3, 73123, 97871, 0, 119.51
2026/09/22 23:11:39.137, 0, 73643, 97871, 0, 119.47
2026/09/22 23:11:39.137, 1, 73643, 97871, 0, 124.37
2026/09/22 23:11:39.137, 2, 73115, 97871, 0, 120.75
2026/09/22 23:11:39.137, 3, 73123, 97871, 0, 119.50
2026/09/22 23:11:39.337, 0, 73643, 97871, 0, 119.47
2026/09/22 23:11:39.337, 1, 73643, 97871, 0, 124.36
2026/09/22 23:11:39.337, 2, 73115, 97871, 0, 120.74
2026/09/22 23:11:39.337, 3, 73123, 97871, 0, 119.51
2026/09/22 23:11:39.537, 0, 73643, 97871, 0, 119.46
2026/09/22 23:11:39.538, 1, 73643, 97871, 0, 124.32
2026/09/22 23:11:39.538, 2, 73115, 97871, 0, 120.74
2026/09/22 23:11:39.538, 3, 73123, 97871, 0, 119.49
2026/09/22 23:11:39.738, 0, 73643, 97871, 0, 119.44
2026/09/22 23:11:39.738, 1, 73643, 97871, 0, 124.32
2026/09/22 23:11:39.738, 2, 73115, 97871, 0, 120.72
2026/09/22 23:11:39.738, 3, 73123, 97871, 0, 119.50
2026/09/22 23:11:39.938, 0, 73643, 97871, 0, 119.46
2026/09/22 23:11:39.938, 1, 73643, 97871, 0, 124.31
2026/09/22 23:11:39.938, 2, 73115, 97871, 0, 120.73
2026/09/22 23:11:39.938, 3, 73123, 97871, 0, 119.50
2026/09/22 23:11:40.138, 0, 73643, 97871, 0, 119.46
2026/09/22 23:11:40.138, 1, 73643, 97871, 0, 124.31
2026/09/22 23:11:40.138, 2, 73115, 97871, 0, 120.71
2026/09/22 23:11:40.139, 3, 73123, 97871, 0, 119.50
2026/09/22 23:11:40.339, 0, 73643, 97871, 0, 119.45
2026/09/22 23:11:40.339, 1, 73643, 97871, 0, 124.29
2026/09/22 23:11:40.339, 2, 73115, 97871, 0, 120.69
2026/09/22 23:11:40.339, 3, 73123, 97871, 0, 119.49
2026/09/22 23:11:40.539, 0, 73643, 97871, 0, 119.44
2026/09/22 23:11:40.539, 1, 73643, 97871, 0, 124.32
2026/09/22 23:11:40.539, 2, 73115, 97871, 0, 120.67
2026/09/22 23:11:40.539, 3, 73123, 97871, 0, 119.50
2026/09/22 23:11:40.739, 0, 73643, 97871, 71, 120.33
2026/09/22 23:11:40.739, 1, 73643, 97871, 0, 124.61
2026/09/22 23:11:40.739, 2, 73115, 97871, 0, 121.00
2026/09/22 23:11:40.739, 3, 73123, 97871, 0, 119.81
2026/09/22 23:11:40.939, 0, 73643, 97871, 100, 120.94
2026/09/22 23:11:40.940, 1, 73643, 97871, 0, 124.60
2026/09/22 23:11:40.940, 2, 73115, 97871, 0, 121.00
2026/09/22 23:11:40.940, 3, 73123, 97871, 0, 119.80
2026/09/22 23:11:41.140, 0, 73643, 97871, 100, 121.59
2026/09/22 23:11:41.140, 1, 73643, 97871, 0, 124.59
2026/09/22 23:11:41.140, 2, 73115, 97871, 0, 121.00
2026/09/22 23:11:41.140, 3, 73123, 97871, 0, 119.79
2026/09/22 23:11:41.340, 0, 73643, 97871, 100, 122.24
2026/09/22 23:11:41.340, 1, 73643, 97871, 0, 124.61
2026/09/22 23:11:41.340, 2, 73115, 97871, 0, 121.03
2026/09/22 23:11:41.340, 3, 73123, 97871, 0, 119.82
2026/09/22 23:11:41.540, 0, 73643, 97871, 100, 122.92
2026/09/22 23:11:41.540, 1, 73643, 97871, 0, 124.60
2026/09/22 23:11:41.540, 2, 73115, 97871, 0, 121.04
2026/09/22 23:11:41.540, 3, 73123, 97871, 0, 119.80
2026/09/22 23:11:41.740, 0, 73643, 97871, 100, 122.69
2026/09/22 23:11:41.741, 1, 73643, 97871, 0, 124.29
2026/09/22 23:11:41.741, 2, 73115, 97871, 0, 120.69
2026/09/22 23:11:41.741, 3, 73123, 97871, 0, 119.46
2026/09/22 23:11:41.941, 0, 73643, 97871, 100, 122.68
2026/09/22 23:11:41.941, 1, 73643, 97871, 0, 124.29
2026/09/22 23:11:41.941, 2, 73115, 97871, 0, 120.68
2026/09/22 23:11:41.941, 3, 73123, 97871, 0, 119.45
2026/09/22 23:11:42.141, 0, 73643, 97871, 100, 123.10
2026/09/22 23:11:42.141, 1, 73643, 97871, 100, 125.37
2026/09/22 23:11:42.141, 2, 73115, 97871, 0, 120.98
2026/09/22 23:11:42.141, 3, 73123, 97871, 0, 119.77
2026/09/22 23:11:42.341, 0, 73643, 97871, 100, 123.12
2026/09/22 23:11:42.341, 1, 73643, 97871, 100, 125.98
2026/09/22 23:11:42.341, 2, 73115, 97871, 0, 120.93
2026/09/22 23:11:42.341, 3, 73123, 97871, 0, 119.75
2026/09/22 23:11:42.541, 0, 73643, 97871, 100, 123.09
2026/09/22 23:11:42.541, 1, 73643, 97871, 100, 126.59
2026/09/22 23:11:42.541, 2, 73115, 97871, 0, 120.91
2026/09/22 23:11:42.541, 3, 73123, 97871, 0, 119.71
2026/09/22 23:11:42.742, 0, 73643, 97871, 100, 123.07
2026/09/22 23:11:42.742, 1, 73643, 97871, 100, 127.29
2026/09/22 23:11:42.742, 2, 73115, 97871, 0, 120.90
2026/09/22 23:11:42.742, 3, 73123, 97871, 0, 119.72
2026/09/22 23:11:42.942, 0, 73643, 97871, 100, 123.09
2026/09/22 23:11:42.942, 1, 73643, 97871, 100, 127.90
2026/09/22 23:11:42.942, 2, 73115, 97871, 0, 120.89
2026/09/22 23:11:42.942, 3, 73123, 97871, 0, 119.70
2026/09/22 23:11:43.142, 0, 73643, 97871, 100, 123.08
2026/09/22 23:11:43.142, 1, 73643, 97871, 100, 127.51
2026/09/22 23:11:43.142, 2, 73115, 97871, 0, 120.59
2026/09/22 23:11:43.142, 3, 73123, 97871, 0, 119.35
2026/09/22 23:11:43.342, 0, 73643, 97871, 100, 123.07
2026/09/22 23:11:43.342, 1, 73643, 97871, 100, 127.71
2026/09/22 23:11:43.342, 2, 73115, 97871, 100, 121.88
2026/09/22 23:11:43.342, 3, 73123, 97871, 0, 119.63
2026/09/22 23:11:43.542, 0, 73643, 97871, 100, 123.05
2026/09/22 23:11:43.543, 1, 73643, 97871, 100, 127.68
2026/09/22 23:11:43.543, 2, 73115, 97871, 100, 122.55
2026/09/22 23:11:43.543, 3, 73123, 97871, 0, 119.66
2026/09/22 23:11:43.743, 0, 73643, 97871, 100, 123.07
2026/09/22 23:11:43.743, 1, 73643, 97871, 100, 127.67
2026/09/22 23:11:43.743, 2, 73115, 97871, 100, 123.20
2026/09/22 23:11:43.743, 3, 73123, 97871, 0, 119.66
2026/09/22 23:11:43.943, 0, 73643, 97871, 100, 123.06
2026/09/22 23:11:43.943, 1, 73643, 97871, 100, 127.67
2026/09/22 23:11:43.943, 2, 73115, 97871, 100, 123.77
2026/09/22 23:11:43.943, 3, 73123, 97871, 0, 119.64
2026/09/22 23:11:44.143, 0, 73643, 97871, 100, 122.62
2026/09/22 23:11:44.143, 1, 73643, 97871, 100, 127.64
2026/09/22 23:11:44.143, 2, 73115, 97871, 100, 124.38
2026/09/22 23:11:44.143, 3, 73123, 97871, 0, 119.66
2026/09/22 23:11:44.343, 0, 73643, 97871, 85, 128.86
2026/09/22 23:11:44.343, 1, 73643, 97871, 41, 133.29
2026/09/22 23:11:44.343, 2, 73115, 97871, 76, 127.96
2026/09/22 23:11:44.343, 3, 73123, 97871, 0, 123.79
2026/09/22 23:11:44.543, 0, 73643, 97871, 0, 128.25
2026/09/22 23:11:44.543, 1, 73643, 97871, 0, 133.03
2026/09/22 23:11:44.543, 2, 73115, 97871, 0, 128.80
2026/09/22 23:11:44.543, 3, 73123, 97871, 0, 125.48
2026/09/22 23:11:44.743, 0, 73643, 97871, 0, 127.71
2026/09/22 23:11:44.744, 1, 73643, 97871, 0, 132.41
2026/09/22 23:11:44.744, 2, 73115, 97871, 0, 128.07
2026/09/22 23:11:44.744, 3, 73123, 97871, 0, 125.37
2026/09/22 23:11:44.944, 0, 73643, 97871, 0, 127.04
2026/09/22 23:11:44.944, 1, 73643, 97871, 0, 131.70
2026/09/22 23:11:44.944, 2, 73115, 97871, 0, 127.30
2026/09/22 23:11:44.944, 3, 73123, 97871, 0, 125.53
2026/09/22 23:11:45.144, 0, 73643, 97871, 0, 126.32
2026/09/22 23:11:45.144, 1, 73643, 97871, 0, 131.18
2026/09/22 23:11:45.144, 2, 73115, 97871, 0, 126.52
2026/09/22 23:11:45.144, 3, 73123, 97871, 0, 125.54
2026/09/22 23:11:45.344, 0, 73643, 97871, 0, 119.38
2026/09/22 23:11:45.344, 1, 73643, 97871, 0, 125.20
2026/09/22 23:11:45.344, 2, 73115, 97871, 0, 121.62
2026/09/22 23:11:45.344, 3, 73123, 97871, 0, 122.83
2026/09/22 23:11:45.544, 0, 73643, 97871, 0, 119.36
2026/09/22 23:11:45.544, 1, 73643, 97871, 0, 124.20
2026/09/22 23:11:45.544, 2, 73115, 97871, 0, 120.01
2026/09/22 23:11:45.544, 3, 73123, 97871, 0, 119.47
2026/09/22 23:11:45.744, 0, 73643, 97871, 0, 119.33
2026/09/22 23:11:45.744, 1, 73643, 97871, 0, 124.16
2026/09/22 23:11:45.744, 2, 73115, 97871, 0, 120.00
2026/09/22 23:11:45.744, 3, 73123, 97871, 0, 119.47
2026/09/22 23:11:45.944, 0, 79705, 97871, 28, 147.55
2026/09/22 23:11:45.944, 1, 79705, 97871, 80, 143.58
2026/09/22 23:11:45.944, 2, 79177, 97871, 27, 130.94
2026/09/22 23:11:45.944, 3, 79185, 97871, 0, 123.70
2026/09/22 23:11:46.145, 0, 79705, 97871, 100, 186.48
2026/09/22 23:11:46.145, 1, 79705, 97871, 100, 180.76
2026/09/22 23:11:46.145, 2, 79177, 97871, 100, 172.69
2026/09/22 23:11:46.145, 3, 79185, 97871, 100, 168.37
2026/09/22 23:11:46.345, 0, 79705, 97871, 100, 232.36
2026/09/22 23:11:46.345, 1, 79705, 97871, 100, 225.35
2026/09/22 23:11:46.345, 2, 79177, 97871, 100, 217.70
2026/09/22 23:11:46.345, 3, 79185, 97871, 100, 213.53
2026/09/22 23:11:46.545, 0, 79705, 97871, 100, 253.95
2026/09/22 23:11:46.545, 1, 79705, 97871, 100, 266.49
2026/09/22 23:11:46.545, 2, 79177, 97871, 100, 261.16
2026/09/22 23:11:46.545, 3, 79185, 97871, 100, 258.47
2026/09/22 23:11:46.745, 0, 79705, 97871, 100, 294.25
2026/09/22 23:11:46.745, 1, 79705, 97871, 100, 309.95
2026/09/22 23:11:46.745, 2, 79177, 97871, 100, 305.01
2026/09/22 23:11:46.745, 3, 79185, 97871, 100, 303.55
2026/09/22 23:11:46.945, 0, 79705, 97871, 100, 336.24
2026/09/22 23:11:46.945, 1, 79705, 97871, 100, 337.22
2026/09/22 23:11:46.945, 2, 79177, 97871, 100, 338.00
2026/09/22 23:11:46.945, 3, 79185, 97871, 100, 344.15
2026/09/22 23:11:47.145, 0, 79705, 97871, 100, 338.60
2026/09/22 23:11:47.145, 1, 79705, 97871, 100, 344.08
2026/09/22 23:11:47.145, 2, 79177, 97871, 100, 338.74
2026/09/22 23:11:47.145, 3, 79185, 97871, 100, 341.97
2026/09/22 23:11:47.345, 0, 79705, 97871, 100, 338.12
2026/09/22 23:11:47.345, 1, 79705, 97871, 100, 345.51
2026/09/22 23:11:47.345, 2, 79177, 97871, 100, 340.19
2026/09/22 23:11:47.345, 3, 79185, 97871, 100, 343.19
2026/09/22 23:11:47.546, 0, 79705, 97871, 100, 338.50
2026/09/22 23:11:47.546, 1, 79705, 97871, 100, 346.71
2026/09/22 23:11:47.546, 2, 79177, 97871, 100, 339.76
2026/09/22 23:11:47.546, 3, 79185, 97871, 100, 342.13
2026/09/22 23:11:47.746, 0, 79705, 97871, 100, 338.39
2026/09/22 23:11:47.746, 1, 79705, 97871, 100, 346.90
2026/09/22 23:11:47.746, 2, 79177, 97871, 100, 340.55
2026/09/22 23:11:47.746, 3, 79185, 97871, 100, 342.64
2026/09/22 23:11:47.946, 0, 79705, 97871, 100, 338.82
2026/09/22 23:11:47.946, 1, 79705, 97871, 100, 348.13
2026/09/22 23:11:47.946, 2, 79177, 97871, 100, 339.96
2026/09/22 23:11:47.946, 3, 79185, 97871, 100, 342.87
2026/09/22 23:11:48.146, 0, 79705, 97871, 100, 339.52
2026/09/22 23:11:48.146, 1, 79705, 97871, 100, 347.58
2026/09/22 23:11:48.146, 2, 79177, 97871, 100, 340.45
2026/09/22 23:11:48.146, 3, 79185, 97871, 100, 343.61
2026/09/22 23:11:48.346, 0, 81753, 97871, 97, 342.90
2026/09/22 23:11:48.346, 1, 81753, 97871, 100, 353.10
2026/09/22 23:11:48.346, 2, 81225, 97871, 97, 341.71
2026/09/22 23:11:48.346, 3, 81233, 97871, 97, 343.80
2026/09/22 23:11:48.546, 0, 81753, 97871, 100, 348.82
2026/09/22 23:11:48.546, 1, 81753, 97871, 100, 351.33
2026/09/22 23:11:48.546, 2, 81225, 97871, 100, 349.34
2026/09/22 23:11:48.546, 3, 81233, 97871, 100, 353.77
2026/09/22 23:11:48.746, 0, 81753, 97871, 100, 355.06
2026/09/22 23:11:48.746, 1, 81753, 97871, 100, 360.77
2026/09/22 23:11:48.746, 2, 81225, 97871, 100, 357.44
2026/09/22 23:11:48.746, 3, 81233, 97871, 100, 361.51
2026/09/22 23:11:48.946, 0, 81753, 97871, 100, 358.73
2026/09/22 23:11:48.946, 1, 81753, 97871, 100, 370.70
2026/09/22 23:11:48.946, 2, 81225, 97871, 100, 366.68
2026/09/22 23:11:48.946, 3, 81233, 97871, 100, 364.39
2026/09/22 23:11:49.147, 0, 81753, 97871, 100, 357.99
2026/09/22 23:11:49.147, 1, 81753, 97871, 100, 373.06
2026/09/22 23:11:49.147, 2, 81225, 97871, 100, 375.61
2026/09/22 23:11:49.147, 3, 81233, 97871, 100, 366.56
2026/09/22 23:11:49.347, 0, 81753, 97871, 100, 358.98
2026/09/22 23:11:49.347, 1, 81753, 97871, 100, 370.17
2026/09/22 23:11:49.347, 2, 81225, 97871, 100, 375.55
2026/09/22 23:11:49.347, 3, 81233, 97871, 100, 372.48
2026/09/22 23:11:49.547, 0, 81753, 97871, 100, 354.76
2026/09/22 23:11:49.547, 1, 81753, 97871, 100, 377.66
2026/09/22 23:11:49.547, 2, 81225, 97871, 100, 373.61
2026/09/22 23:11:49.547, 3, 81233, 97871, 100, 367.74
2026/09/22 23:11:49.747, 0, 81753, 97871, 100, 354.02
2026/09/22 23:11:49.747, 1, 81753, 97871, 100, 375.56
2026/09/22 23:11:49.747, 2, 81225, 97871, 100, 373.94
2026/09/22 23:11:49.747, 3, 81233, 97871, 100, 363.96
2026/09/22 23:11:49.947, 0, 81753, 97871, 100, 350.63
2026/09/22 23:11:49.947, 1, 81753, 97871, 100, 373.10
2026/09/22 23:11:49.947, 2, 81225, 97871, 100, 372.64
2026/09/22 23:11:49.947, 3, 81233, 97871, 100, 373.67
2026/09/22 23:11:50.147, 0, 81753, 97871, 100, 357.26
2026/09/22 23:11:50.147, 1, 81753, 97871, 100, 375.76
2026/09/22 23:11:50.147, 2, 81225, 97871, 100, 368.90
2026/09/22 23:11:50.147, 3, 81233, 97871, 100, 377.19
2026/09/22 23:11:50.347, 0, 81753, 97871, 100, 355.51
2026/09/22 23:11:50.347, 1, 81753, 97871, 100, 378.21
2026/09/22 23:11:50.347, 2, 81225, 97871, 100, 374.85
2026/09/22 23:11:50.347, 3, 81233, 97871, 100, 382.01
2026/09/22 23:11:50.547, 0, 81753, 97871, 100, 359.47
2026/09/22 23:11:50.548, 1, 81753, 97871, 90, 373.43
2026/09/22 23:11:50.548, 2, 81225, 97871, 100, 371.93
2026/09/22 23:11:50.548, 3, 81233, 97871, 100, 380.78
2026/09/22 23:11:50.748, 0, 81753, 97871, 0, 322.01
2026/09/22 23:11:50.748, 1, 81753, 97871, 0, 326.90
2026/09/22 23:11:50.748, 2, 81225, 97871, 0, 321.85
2026/09/22 23:11:50.748, 3, 81233, 97871, 0, 338.08
2026/09/22 23:11:50.948, 0, 81753, 97871, 0, 277.62
2026/09/22 23:11:50.948, 1, 81753, 97871, 0, 272.89
2026/09/22 23:11:50.948, 2, 81225, 97871, 0, 271.98
2026/09/22 23:11:50.948, 3, 81233, 97871, 0, 282.24
2026/09/22 23:11:51.148, 0, 81753, 97871, 0, 227.11
2026/09/22 23:11:51.148, 1, 81753, 97871, 0, 228.22
2026/09/22 23:11:51.148, 2, 81225, 97871, 0, 225.49
2026/09/22 23:11:51.148, 3, 81233, 97871, 0, 231.81
2026/09/22 23:11:51.348, 0, 81753, 97871, 0, 183.67
2026/09/22 23:11:51.348, 1, 81753, 97871, 0, 171.96
2026/09/22 23:11:51.348, 2, 81225, 97871, 0, 170.24
2026/09/22 23:11:51.348, 3, 81233, 97871, 0, 180.35
2026/09/22 23:11:51.549, 0, 81753, 97871, 0, 132.34
2026/09/22 23:11:51.549, 1, 81753, 97871, 0, 130.02
2026/09/22 23:11:51.549, 2, 81225, 97871, 0, 124.39
2026/09/22 23:11:51.549, 3, 81233, 97871, 0, 128.35
2026/09/22 23:11:51.749, 0, 81753, 97871, 0, 120.88
2026/09/22 23:11:51.749, 1, 81753, 97871, 0, 125.84
2026/09/22 23:11:51.749, 2, 81225, 97871, 0, 121.50
2026/09/22 23:11:51.749, 3, 81233, 97871, 0, 120.44
2026/09/22 23:11:51.949, 0, 81753, 97871, 0, 120.70
2026/09/22 23:11:51.949, 1, 81753, 97871, 0, 125.60
2026/09/22 23:11:51.949, 2, 81225, 97871, 0, 121.29
2026/09/22 23:11:51.949, 3, 81233, 97871, 0, 120.30
2026/09/22 23:11:52.149, 0, 81753, 97871, 53, 134.19
2026/09/22 23:11:52.149, 1, 81753, 97871, 98, 148.64
2026/09/22 23:11:52.149, 2, 81225, 97871, 53, 139.26
2026/09/22 23:11:52.149, 3, 81233, 97871, 0, 131.38
2026/09/22 23:11:52.349, 0, 81753, 97871, 100, 172.85
2026/09/22 23:11:52.349, 1, 81753, 97871, 100, 185.88
2026/09/22 23:11:52.349, 2, 81225, 97871, 100, 179.70
2026/09/22 23:11:52.349, 3, 81233, 97871, 100, 175.64
2026/09/22 23:11:52.549, 0, 81753, 97871, 100, 215.49
2026/09/22 23:11:52.549, 1, 81753, 97871, 100, 231.25
2026/09/22 23:11:52.549, 2, 81225, 97871, 100, 224.37
2026/09/22 23:11:52.549, 3, 81233, 97871, 100, 218.87
2026/09/22 23:11:52.750, 0, 81753, 97871, 100, 257.89
2026/09/22 23:11:52.750, 1, 81753, 97871, 100, 272.98
2026/09/22 23:11:52.750, 2, 81225, 97871, 100, 265.73
2026/09/22 23:11:52.750, 3, 81233, 97871, 100, 262.97
2026/09/22 23:11:52.950, 0, 81753, 97871, 100, 304.95
2026/09/22 23:11:52.950, 1, 81753, 97871, 100, 316.98
2026/09/22 23:11:52.950, 2, 81225, 97871, 100, 309.04
2026/09/22 23:11:52.950, 3, 81233, 97871, 100, 306.81
2026/09/22 23:11:53.150, 0, 81753, 97871, 100, 337.56
2026/09/22 23:11:53.150, 1, 81753, 97871, 100, 341.32
2026/09/22 23:11:53.150, 2, 81225, 97871, 100, 338.49
2026/09/22 23:11:53.150, 3, 81233, 97871, 100, 345.41
2026/09/22 23:11:53.350, 0, 81753, 97871, 100, 339.83
2026/09/22 23:11:53.350, 1, 81753, 97871, 100, 348.62
2026/09/22 23:11:53.350, 2, 81225, 97871, 100, 340.55
2026/09/22 23:11:53.350, 3, 81233, 97871, 100, 344.67
2026/09/22 23:11:53.550, 0, 81753, 97871, 100, 340.52
2026/09/22 23:11:53.550, 1, 81753, 97871, 100, 349.15
2026/09/22 23:11:53.550, 2, 81225, 97871, 100, 342.55
2026/09/22 23:11:53.550, 3, 81233, 97871, 100, 344.22
2026/09/22 23:11:53.750, 0, 81753, 97871, 100, 342.16
2026/09/22 23:11:53.750, 1, 81753, 97871, 100, 348.98
2026/09/22 23:11:53.750, 2, 81225, 97871, 100, 342.33
2026/09/22 23:11:53.750, 3, 81233, 97871, 100, 344.65
2026/09/22 23:11:53.950, 0, 81753, 97871, 100, 342.62
2026/09/22 23:11:53.950, 1, 81753, 97871, 100, 349.35
2026/09/22 23:11:53.950, 2, 81225, 97871, 100, 342.83
2026/09/22 23:11:53.951, 3, 81233, 97871, 100, 344.30
2026/09/22 23:11:54.151, 0, 81753, 97871, 100, 341.83
2026/09/22 23:11:54.151, 1, 81753, 97871, 100, 350.08
2026/09/22 23:11:54.151, 2, 81225, 97871, 100, 343.61
2026/09/22 23:11:54.151, 3, 81233, 97871, 100, 344.54
2026/09/22 23:11:54.351, 0, 81753, 97871, 97, 344.91
2026/09/22 23:11:54.351, 1, 81753, 97871, 99, 352.77
2026/09/22 23:11:54.351, 2, 81225, 97871, 97, 345.81
2026/09/22 23:11:54.351, 3, 81233, 97871, 99, 347.76
2026/09/22 23:11:54.551, 0, 81753, 97871, 100, 355.16
2026/09/22 23:11:54.551, 1, 81753, 97871, 100, 355.32
2026/09/22 23:11:54.551, 2, 81225, 97871, 100, 353.06
2026/09/22 23:11:54.551, 3, 81233, 97871, 100, 354.70
2026/09/22 23:11:54.751, 0, 81753, 97871, 100, 357.02
2026/09/22 23:11:54.751, 1, 81753, 97871, 100, 362.81
2026/09/22 23:11:54.751, 2, 81225, 97871, 100, 363.37
2026/09/22 23:11:54.751, 3, 81233, 97871, 100, 363.19
2026/09/22 23:11:54.951, 0, 81753, 97871, 100, 361.87
2026/09/22 23:11:54.951, 1, 81753, 97871, 100, 371.69
2026/09/22 23:11:54.951, 2, 81225, 97871, 100, 373.54
2026/09/22 23:11:54.951, 3, 81233, 97871, 100, 362.25
2026/09/22 23:11:55.151, 0, 81753, 97871, 100, 361.97
2026/09/22 23:11:55.151, 1, 81753, 97871, 100, 373.08
2026/09/22 23:11:55.151, 2, 81225, 97871, 100, 376.35
2026/09/22 23:11:55.151, 3, 81233, 97871, 100, 369.65
2026/09/22 23:11:55.352, 0, 81753, 97871, 100, 363.49
2026/09/22 23:11:55.352, 1, 81753, 97871, 100, 379.04
2026/09/22 23:11:55.352, 2, 81225, 97871, 100, 373.24
2026/09/22 23:11:55.352, 3, 81233, 97871, 100, 371.93
2026/09/22 23:11:55.552, 0, 81753, 97871, 100, 360.51
2026/09/22 23:11:55.552, 1, 81753, 97871, 100, 384.58
2026/09/22 23:11:55.552, 2, 81225, 97871, 100, 376.21
2026/09/22 23:11:55.552, 3, 81233, 97871, 100, 369.06
2026/09/22 23:11:55.752, 0, 81753, 97871, 100, 359.45
2026/09/22 23:11:55.752, 1, 81753, 97871, 100, 383.46
2026/09/22 23:11:55.752, 2, 81225, 97871, 100, 370.37
2026/09/22 23:11:55.752, 3, 81233, 97871, 100, 371.55
2026/09/22 23:11:55.952, 0, 81753, 97871, 100, 360.12
2026/09/22 23:11:55.952, 1, 81753, 97871, 100, 379.71
2026/09/22 23:11:55.952, 2, 81225, 97871, 100, 364.30
2026/09/22 23:11:55.952, 3, 81233, 97871, 100, 377.43
2026/09/22 23:11:56.152, 0, 81753, 97871, 100, 362.82
2026/09/22 23:11:56.152, 1, 81753, 97871, 100, 385.99
2026/09/22 23:11:56.152, 2, 81225, 97871, 100, 368.75
2026/09/22 23:11:56.152, 3, 81233, 97871, 100, 376.59
2026/09/22 23:11:56.352, 0, 81753, 97871, 76, 358.46
2026/09/22 23:11:56.352, 1, 81753, 97871, 30, 363.72
2026/09/22 23:11:56.352, 2, 81225, 97871, 64, 360.91
2026/09/22 23:11:56.352, 3, 81233, 97871, 25, 370.07
2026/09/22 23:11:56.552, 0, 81753, 97871, 0, 308.79
2026/09/22 23:11:56.553, 1, 81753, 97871, 0, 313.70
2026/09/22 23:11:56.553, 2, 81225, 97871, 0, 308.25
2026/09/22 23:11:56.553, 3, 81233, 97871, 0, 320.09
2026/09/22 23:11:56.753, 0, 81753, 97871, 0, 264.50
2026/09/22 23:11:56.753, 1, 81753, 97871, 0, 259.91
2026/09/22 23:11:56.753, 2, 81225, 97871, 0, 261.48
2026/09/22 23:11:56.753, 3, 81233, 97871, 0, 267.79
2026/09/22 23:11:56.953, 0, 81753, 97871, 0, 215.03
2026/09/22 23:11:56.953, 1, 81753, 97871, 0, 210.64
2026/09/22 23:11:56.953, 2, 81225, 97871, 0, 213.84
2026/09/22 23:11:56.953, 3, 81233, 97871, 0, 218.14
2026/09/22 23:11:57.153, 0, 81753, 97871, 0, 165.01
2026/09/22 23:11:57.153, 1, 81753, 97871, 0, 160.36
2026/09/22 23:11:57.153, 2, 81225, 97871, 0, 158.21
2026/09/22 23:11:57.153, 3, 81233, 97871, 0, 166.28
2026/09/22 23:11:57.353, 0, 81753, 97871, 0, 122.45
2026/09/22 23:11:57.353, 1, 81753, 97871, 33, 134.71
2026/09/22 23:11:57.353, 2, 81225, 97871, 0, 122.54
2026/09/22 23:11:57.353, 3, 81233, 97871, 22, 122.19
2026/09/22 23:11:57.553, 0, 81753, 97871, 100, 165.55
2026/09/22 23:11:57.553, 1, 81753, 97871, 100, 173.83
2026/09/22 23:11:57.553, 2, 81225, 97871, 100, 166.34
2026/09/22 23:11:57.553, 3, 81233, 97871, 100, 160.97
2026/09/22 23:11:57.753, 0, 81753, 97871, 100, 206.96
2026/09/22 23:11:57.753, 1, 81753, 97871, 100, 217.03
2026/09/22 23:11:57.754, 2, 81225, 97871, 100, 209.96
2026/09/22 23:11:57.754, 3, 81233, 97871, 100, 205.84
2026/09/22 23:11:57.954, 0, 81753, 97871, 100, 252.78
2026/09/22 23:11:57.954, 1, 81753, 97871, 100, 263.15
2026/09/22 23:11:57.954, 2, 81225, 97871, 100, 251.99
2026/09/22 23:11:57.954, 3, 81233, 97871, 100, 250.42
2026/09/22 23:11:58.154, 0, 81753, 97871, 100, 296.62
2026/09/22 23:11:58.154, 1, 81753, 97871, 100, 307.38
2026/09/22 23:11:58.154, 2, 81225, 97871, 100, 295.15
2026/09/22 23:11:58.154, 3, 81233, 97871, 100, 292.99
2026/09/22 23:11:58.354, 0, 81753, 97871, 100, 335.78
2026/09/22 23:11:58.354, 1, 81753, 97871, 100, 345.51
2026/09/22 23:11:58.354, 2, 81225, 97871, 100, 338.92
2026/09/22 23:11:58.354, 3, 81233, 97871, 100, 340.81
2026/09/22 23:11:58.554, 0, 81753, 97871, 100, 340.87
2026/09/22 23:11:58.554, 1, 81753, 97871, 100, 349.57
2026/09/22 23:11:58.554, 2, 81225, 97871, 100, 342.86
2026/09/22 23:11:58.554, 3, 81233, 97871, 100, 344.41
2026/09/22 23:11:58.754, 0, 81753, 97871, 100, 342.45
2026/09/22 23:11:58.754, 1, 81753, 97871, 100, 350.06
2026/09/22 23:11:58.754, 2, 81225, 97871, 100, 343.67
2026/09/22 23:11:58.754, 3, 81233, 97871, 100, 345.66
2026/09/22 23:11:58.954, 0, 81753, 97871, 100, 344.13
2026/09/22 23:11:58.954, 1, 81753, 97871, 100, 350.25
2026/09/22 23:11:58.954, 2, 81225, 97871, 100, 343.09
2026/09/22 23:11:58.954, 3, 81233, 97871, 100, 346.21
2026/09/22 23:11:59.154, 0, 81753, 97871, 100, 344.23
2026/09/22 23:11:59.154, 1, 81753, 97871, 100, 350.64
2026/09/22 23:11:59.154, 2, 81225, 97871, 100, 343.73
2026/09/22 23:11:59.154, 3, 81233, 97871, 100, 344.89
2026/09/22 23:11:59.354, 0, 81753, 97871, 100, 346.23
2026/09/22 23:11:59.355, 1, 81753, 97871, 100, 350.66
2026/09/22 23:11:59.355, 2, 81225, 97871, 100, 344.17
2026/09/22 23:11:59.355, 3, 81233, 97871, 100, 345.82
2026/09/22 23:11:59.555, 0, 81753, 97871, 100, 345.65
2026/09/22 23:11:59.555, 1, 81753, 97871, 98, 350.66
2026/09/22 23:11:59.555, 2, 81225, 97871, 100, 344.27
2026/09/22 23:11:59.555, 3, 81233, 97871, 98, 346.54
2026/09/22 23:11:59.755, 0, 81753, 97871, 100, 351.13
2026/09/22 23:11:59.755, 1, 81753, 97871, 100, 353.66
2026/09/22 23:11:59.755, 2, 81225, 97871, 100, 351.26
2026/09/22 23:11:59.755, 3, 81233, 97871, 100, 351.83
2026/09/22 23:11:59.955, 0, 81753, 97871, 100, 355.46
2026/09/22 23:11:59.955, 1, 81753, 97871, 100, 357.35
2026/09/22 23:11:59.955, 2, 81225, 97871, 100, 359.69
2026/09/22 23:11:59.955, 3, 81233, 97871, 100, 358.69
2026/09/22 23:12:00.155, 0, 81753, 97871, 100, 360.83
2026/09/22 23:12:00.155, 1, 81753, 97871, 100, 365.82
2026/09/22 23:12:00.155, 2, 81225, 97871, 100, 368.23
2026/09/22 23:12:00.155, 3, 81233, 97871, 100, 362.77
2026/09/22 23:12:00.355, 0, 81753, 97871, 100, 357.78
2026/09/22 23:12:00.355, 1, 81753, 97871, 100, 369.48
2026/09/22 23:12:00.355, 2, 81225, 97871, 100, 377.75
2026/09/22 23:12:00.355, 3, 81233, 97871, 100, 365.46
2026/09/22 23:12:00.555, 0, 81753, 97871, 100, 359.41
2026/09/22 23:12:00.555, 1, 81753, 97871, 100, 374.51
2026/09/22 23:12:00.555, 2, 81225, 97871, 100, 381.24
2026/09/22 23:12:00.555, 3, 81233, 97871, 100, 370.25
2026/09/22 23:12:00.755, 0, 81753, 97871, 100, 357.28
2026/09/22 23:12:00.755, 1, 81753, 97871, 100, 374.06
2026/09/22 23:12:00.755, 2, 81225, 97871, 100, 375.48
2026/09/22 23:12:00.756, 3, 81233, 97871, 100, 368.91
2026/09/22 23:12:00.956, 0, 81753, 97871, 100, 357.42
2026/09/22 23:12:00.956, 1, 81753, 97871, 100, 376.61
2026/09/22 23:12:00.956, 2, 81225, 97871, 100, 375.33
2026/09/22 23:12:00.956, 3, 81233, 97871, 100, 366.57
2026/09/22 23:12:01.156, 0, 81753, 97871, 100, 353.71
2026/09/22 23:12:01.156, 1, 81753, 97871, 100, 377.29
2026/09/22 23:12:01.156, 2, 81225, 97871, 100, 375.99
2026/09/22 23:12:01.156, 3, 81233, 97871, 100, 370.11
2026/09/22 23:12:01.356, 0, 81753, 97871, 100, 363.70
2026/09/22 23:12:01.356, 1, 81753, 97871, 100, 377.20
2026/09/22 23:12:01.356, 2, 81225, 97871, 100, 367.45
2026/09/22 23:12:01.356, 3, 81233, 97871, 100, 373.74
2026/09/22 23:12:01.556, 0, 81753, 97871, 100, 364.49
2026/09/22 23:12:01.556, 1, 81753, 97871, 100, 378.57
2026/09/22 23:12:01.556, 2, 81225, 97871, 100, 368.20
2026/09/22 23:12:01.556, 3, 81233, 97871, 100, 372.39
2026/09/22 23:12:01.756, 0, 81753, 97871, 51, 326.69
2026/09/22 23:12:01.756, 1, 81753, 97871, 7, 356.28
2026/09/22 23:12:01.756, 2, 81225, 97871, 41, 353.53
2026/09/22 23:12:01.756, 3, 81233, 97871, 1, 360.52
2026/09/22 23:12:01.956, 0, 81753, 97871, 0, 279.44
2026/09/22 23:12:01.956, 1, 81753, 97871, 0, 306.00
2026/09/22 23:12:01.956, 2, 81225, 97871, 0, 301.28
2026/09/22 23:12:01.956, 3, 81233, 97871, 0, 311.80
2026/09/22 23:12:02.156, 0, 81753, 97871, 0, 228.48
2026/09/22 23:12:02.156, 1, 81753, 97871, 0, 256.00
2026/09/22 23:12:02.156, 2, 81225, 97871, 0, 252.41
2026/09/22 23:12:02.156, 3, 81233, 97871, 0, 261.88
2026/09/22 23:12:02.357, 0, 81753, 97871, 0, 185.04
2026/09/22 23:12:02.357, 1, 81753, 97871, 0, 203.58
2026/09/22 23:12:02.357, 2, 81225, 97871, 0, 207.51
2026/09/22 23:12:02.357, 3, 81233, 97871, 0, 210.13
2026/09/22 23:12:02.557, 0, 81753, 97871, 0, 133.41
2026/09/22 23:12:02.557, 1, 81753, 97871, 0, 157.55
2026/09/22 23:12:02.557, 2, 81225, 97871, 0, 157.90
2026/09/22 23:12:02.557, 3, 81233, 97871, 0, 162.46
2026/09/22 23:12:02.757, 0, 81753, 97871, 0, 124.38
2026/09/22 23:12:02.757, 1, 81753, 97871, 0, 127.52
2026/09/22 23:12:02.757, 2, 81225, 97871, 0, 123.03
2026/09/22 23:12:02.757, 3, 81233, 97871, 0, 121.47
2026/09/22 23:12:02.957, 0, 81753, 97871, 89, 164.91
2026/09/22 23:12:02.957, 1, 81753, 97871, 100, 158.46
2026/09/22 23:12:02.957, 2, 81225, 97871, 93, 148.05
2026/09/22 23:12:02.957, 3, 81233, 97871, 100, 139.34
2026/09/22 23:12:03.157, 0, 81753, 97871, 100, 206.18
2026/09/22 23:12:03.157, 1, 81753, 97871, 100, 195.85
2026/09/22 23:12:03.157, 2, 81225, 97871, 100, 188.75
2026/09/22 23:12:03.157, 3, 81233, 97871, 100, 183.07
2026/09/22 23:12:03.357, 0, 81753, 97871, 100, 248.90
2026/09/22 23:12:03.358, 1, 81753, 97871, 100, 237.62
2026/09/22 23:12:03.358, 2, 81225, 97871, 100, 232.18
2026/09/22 23:12:03.358, 3, 81233, 97871, 100, 226.94
2026/09/22 23:12:03.558, 0, 81753, 97871, 100, 292.80
2026/09/22 23:12:03.558, 1, 81753, 97871, 100, 281.33
2026/09/22 23:12:03.558, 2, 81225, 97871, 100, 276.41
2026/09/22 23:12:03.558, 3, 81233, 97871, 100, 268.64
2026/09/22 23:12:03.758, 0, 81753, 97871, 100, 336.63
2026/09/22 23:12:03.758, 1, 81753, 97871, 100, 324.85
2026/09/22 23:12:03.758, 2, 81225, 97871, 100, 316.49
2026/09/22 23:12:03.758, 3, 81233, 97871, 100, 316.66
2026/09/22 23:12:03.958, 0, 81753, 97871, 100, 342.84
2026/09/22 23:12:03.958, 1, 81753, 97871, 100, 341.31
2026/09/22 23:12:03.958, 2, 81225, 97871, 100, 338.68
2026/09/22 23:12:03.958, 3, 81233, 97871, 100, 343.44
2026/09/22 23:12:04.158, 0, 81753, 97871, 100, 343.68
2026/09/22 23:12:04.158, 1, 81753, 97871, 100, 349.48
2026/09/22 23:12:04.158, 2, 81225, 97871, 100, 341.55
2026/09/22 23:12:04.158, 3, 81233, 97871, 100, 345.05
2026/09/22 23:12:04.358, 0, 81753, 97871, 100, 344.47
2026/09/22 23:12:04.358, 1, 81753, 97871, 100, 350.34
2026/09/22 23:12:04.358, 2, 81225, 97871, 100, 342.37
2026/09/22 23:12:04.358, 3, 81233, 97871, 100, 345.68
2026/09/22 23:12:04.558, 0, 81753, 97871, 100, 344.64
2026/09/22 23:12:04.559, 1, 81753, 97871, 100, 350.95
2026/09/22 23:12:04.559, 2, 81225, 97871, 100, 343.52
2026/09/22 23:12:04.559, 3, 81233, 97871, 100, 346.38
2026/09/22 23:12:04.759, 0, 81753, 97871, 100, 344.89
2026/09/22 23:12:04.759, 1, 81753, 97871, 100, 351.56
2026/09/22 23:12:04.759, 2, 81225, 97871, 100, 343.20
2026/09/22 23:12:04.759, 3, 81233, 97871, 100, 347.92
2026/09/22 23:12:04.959, 0, 81753, 97871, 100, 344.03
2026/09/22 23:12:04.959, 1, 81753, 97871, 100, 352.74
2026/09/22 23:12:04.959, 2, 81225, 97871, 100, 342.69
2026/09/22 23:12:04.959, 3, 81233, 97871, 100, 347.34
2026/09/22 23:12:05.159, 0, 81753, 97871, 97, 349.93
2026/09/22 23:12:05.159, 1, 81753, 97871, 97, 354.19
2026/09/22 23:12:05.159, 2, 81225, 97871, 97, 343.32
2026/09/22 23:12:05.159, 3, 81233, 97871, 97, 346.43
2026/09/22 23:12:05.360, 0, 81753, 97871, 100, 356.73
2026/09/22 23:12:05.360, 1, 81753, 97871, 100, 357.09
2026/09/22 23:12:05.360, 2, 81225, 97871, 100, 348.77
2026/09/22 23:12:05.360, 3, 81233, 97871, 100, 354.93
2026/09/22 23:12:05.560, 0, 81753, 97871, 100, 357.94
2026/09/22 23:12:05.560, 1, 81753, 97871, 100, 366.12
2026/09/22 23:12:05.560, 2, 81225, 97871, 100, 359.25
2026/09/22 23:12:05.560, 3, 81233, 97871, 100, 357.14
2026/09/22 23:12:05.760, 0, 81753, 97871, 100, 359.35
2026/09/22 23:12:05.760, 1, 81753, 97871, 100, 370.12
2026/09/22 23:12:05.760, 2, 81225, 97871, 100, 365.98
2026/09/22 23:12:05.760, 3, 81233, 97871, 100, 360.60
2026/09/22 23:12:05.960, 0, 81753, 97871, 100, 366.45
2026/09/22 23:12:05.960, 1, 81753, 97871, 100, 373.21
2026/09/22 23:12:05.960, 2, 81225, 97871, 100, 370.39
2026/09/22 23:12:05.960, 3, 81233, 97871, 100, 363.96
2026/09/22 23:12:06.160, 0, 81753, 97871, 100, 363.91
2026/09/22 23:12:06.160, 1, 81753, 97871, 100, 378.23
2026/09/22 23:12:06.160, 2, 81225, 97871, 100, 378.75
2026/09/22 23:12:06.160, 3, 81233, 97871, 100, 371.05
2026/09/22 23:12:06.360, 0, 81753, 97871, 100, 361.60
2026/09/22 23:12:06.360, 1, 81753, 97871, 100, 381.17
2026/09/22 23:12:06.360, 2, 81225, 97871, 100, 379.55
2026/09/22 23:12:06.360, 3, 81233, 97871, 100, 371.51
2026/09/22 23:12:06.560, 0, 81753, 97871, 100, 340.06
2026/09/22 23:12:06.560, 1, 81753, 97871, 72, 367.09
2026/09/22 23:12:06.560, 2, 81225, 97871, 100, 367.39
2026/09/22 23:12:06.560, 3, 81233, 97871, 68, 367.93
2026/09/22 23:12:06.761, 0, 81753, 97871, 0, 293.65
2026/09/22 23:12:06.761, 1, 81753, 97871, 0, 319.57
2026/09/22 23:12:06.761, 2, 81225, 97871, 0, 318.68
2026/09/22 23:12:06.761, 3, 81233, 97871, 0, 320.87
2026/09/22 23:12:06.961, 0, 81753, 97871, 0, 245.48
2026/09/22 23:12:06.961, 1, 81753, 97871, 0, 271.27
2026/09/22 23:12:06.961, 2, 81225, 97871, 0, 269.99
2026/09/22 23:12:06.961, 3, 81233, 97871, 0, 274.06
2026/09/22 23:12:07.161, 0, 81753, 97871, 0, 196.96
2026/09/22 23:12:07.161, 1, 81753, 97871, 0, 224.29
2026/09/22 23:12:07.161, 2, 81225, 97871, 0, 220.86
2026/09/22 23:12:07.161, 3, 81233, 97871, 0, 219.35
2026/09/22 23:12:07.361, 0, 81753, 97871, 0, 153.63
2026/09/22 23:12:07.361, 1, 81753, 97871, 0, 173.19
2026/09/22 23:12:07.361, 2, 81225, 97871, 0, 172.25
2026/09/22 23:12:07.361, 3, 81233, 97871, 0, 167.02
2026/09/22 23:12:07.561, 0, 81753, 97871, 0, 122.84
2026/09/22 23:12:07.561, 1, 81753, 97871, 0, 129.95
2026/09/22 23:12:07.561, 2, 81225, 97871, 0, 126.45
2026/09/22 23:12:07.561, 3, 81233, 97871, 0, 124.69
2026/09/22 23:12:07.761, 0, 81753, 97871, 1, 141.82
2026/09/22 23:12:07.761, 1, 81753, 97871, 11, 129.07
2026/09/22 23:12:07.761, 2, 81225, 97871, 1, 123.18
2026/09/22 23:12:07.761, 3, 81233, 97871, 11, 121.48
2026/09/22 23:12:07.962, 0, 81753, 97871, 100, 185.05
2026/09/22 23:12:07.962, 1, 81753, 97871, 100, 172.40
2026/09/22 23:12:07.962, 2, 81225, 97871, 100, 164.31
2026/09/22 23:12:07.962, 3, 81233, 97871, 100, 163.02
2026/09/22 23:12:08.162, 0, 81753, 97871, 100, 229.02
2026/09/22 23:12:08.162, 1, 81753, 97871, 100, 215.42
2026/09/22 23:12:08.162, 2, 81225, 97871, 100, 207.60
2026/09/22 23:12:08.162, 3, 81233, 97871, 100, 206.76
2026/09/22 23:12:08.362, 0, 81753, 97871, 100, 276.83
2026/09/22 23:12:08.362, 1, 81753, 97871, 100, 262.35
2026/09/22 23:12:08.362, 2, 81225, 97871, 100, 247.61
2026/09/22 23:12:08.362, 3, 81233, 97871, 100, 247.75
2026/09/22 23:12:08.562, 0, 81753, 97871, 100, 323.49
2026/09/22 23:12:08.562, 1, 81753, 97871, 100, 308.33
2026/09/22 23:12:08.562, 2, 81225, 97871, 100, 293.55
2026/09/22 23:12:08.562, 3, 81233, 97871, 100, 295.01
2026/09/22 23:12:08.762, 0, 81753, 97871, 100, 349.84
2026/09/22 23:12:08.762, 1, 81753, 97871, 100, 352.73
2026/09/22 23:12:08.762, 2, 81225, 97871, 100, 332.30
2026/09/22 23:12:08.762, 3, 81233, 97871, 100, 338.98
2026/09/22 23:12:08.962, 0, 81753, 97871, 100, 353.89
2026/09/22 23:12:08.962, 1, 81753, 97871, 100, 355.43
2026/09/22 23:12:08.962, 2, 81225, 97871, 100, 338.61
2026/09/22 23:12:08.962, 3, 81233, 97871, 100, 342.43
2026/09/22 23:12:09.162, 0, 81753, 97871, 100, 353.92
2026/09/22 23:12:09.162, 1, 81753, 97871, 100, 356.30
2026/09/22 23:12:09.162, 2, 81225, 97871, 100, 339.76
2026/09/22 23:12:09.162, 3, 81233, 97871, 100, 342.95
2026/09/22 23:12:09.362, 0, 81753, 97871, 100, 355.12
2026/09/22 23:12:09.362, 1, 81753, 97871, 100, 357.89
2026/09/22 23:12:09.362, 2, 81225, 97871, 100, 341.30
2026/09/22 23:12:09.362, 3, 81233, 97871, 100, 344.65
2026/09/22 23:12:09.563, 0, 81753, 97871, 100, 354.43
2026/09/22 23:12:09.563, 1, 81753, 97871, 100, 357.56
2026/09/22 23:12:09.563, 2, 81225, 97871, 100, 341.83
2026/09/22 23:12:09.563, 3, 81233, 97871, 100, 344.75
2026/09/22 23:12:09.763, 0, 81753, 97871, 100, 355.63
2026/09/22 23:12:09.763, 1, 81753, 97871, 100, 358.34
2026/09/22 23:12:09.763, 2, 81225, 97871, 100, 343.53
2026/09/22 23:12:09.763, 3, 81233, 97871, 100, 345.58
2026/09/22 23:12:09.963, 0, 81753, 97871, 100, 359.66
2026/09/22 23:12:09.963, 1, 81753, 97871, 100, 355.93
2026/09/22 23:12:09.963, 2, 81225, 97871, 100, 349.99
2026/09/22 23:12:09.963, 3, 81233, 97871, 100, 352.10
2026/09/22 23:12:10.163, 0, 81753, 97871, 100, 357.63
2026/09/22 23:12:10.163, 1, 81753, 97871, 100, 362.70
2026/09/22 23:12:10.163, 2, 81225, 97871, 100, 358.97
2026/09/22 23:12:10.163, 3, 81233, 97871, 100, 353.82
2026/09/22 23:12:10.363, 0, 81753, 97871, 100, 356.35
2026/09/22 23:12:10.363, 1, 81753, 97871, 100, 364.54
2026/09/22 23:12:10.363, 2, 81225, 97871, 100, 358.36
2026/09/22 23:12:10.363, 3, 81233, 97871, 100, 360.04
2026/09/22 23:12:10.563, 0, 81753, 97871, 100, 357.00
2026/09/22 23:12:10.563, 1, 81753, 97871, 100, 367.08
2026/09/22 23:12:10.563, 2, 81225, 97871, 100, 364.26
2026/09/22 23:12:10.563, 3, 81233, 97871, 100, 368.16
2026/09/22 23:12:10.763, 0, 81753, 97871, 100, 355.85
2026/09/22 23:12:10.763, 1, 81753, 97871, 100, 370.23
2026/09/22 23:12:10.763, 2, 81225, 97871, 100, 370.72
2026/09/22 23:12:10.763, 3, 81233, 97871, 100, 375.78
2026/09/22 23:12:10.964, 0, 81753, 97871, 90, 324.66
2026/09/22 23:12:10.964, 1, 81753, 97871, 44, 363.89
2026/09/22 23:12:10.964, 2, 81225, 97871, 78, 358.62
2026/09/22 23:12:10.964, 3, 81233, 97871, 40, 363.91
2026/09/22 23:12:11.164, 0, 81753, 97871, 0, 279.75
2026/09/22 23:12:11.164, 1, 81753, 97871, 0, 312.03
2026/09/22 23:12:11.164, 2, 81225, 97871, 0, 308.01
2026/09/22 23:12:11.164, 3, 81233, 97871, 0, 318.17
2026/09/22 23:12:11.364, 0, 81753, 97871, 0, 235.86
2026/09/22 23:12:11.364, 1, 81753, 97871, 0, 263.60
2026/09/22 23:12:11.364, 2, 81225, 97871, 0, 262.33
2026/09/22 23:12:11.364, 3, 81233, 97871, 0, 266.89
2026/09/22 23:12:11.564, 0, 81753, 97871, 0, 191.47
2026/09/22 23:12:11.564, 1, 81753, 97871, 0, 215.49
2026/09/22 23:12:11.564, 2, 81225, 97871, 0, 216.75
2026/09/22 23:12:11.564, 3, 81233, 97871, 0, 213.42
2026/09/22 23:12:11.764, 0, 81753, 97871, 0, 146.40
2026/09/22 23:12:11.764, 1, 81753, 97871, 0, 170.43
2026/09/22 23:12:11.764, 2, 81225, 97871, 0, 165.54
2026/09/22 23:12:11.764, 3, 81233, 97871, 0, 165.51
2026/09/22 23:12:11.964, 0, 81753, 97871, 0, 123.07
2026/09/22 23:12:11.964, 1, 81753, 97871, 0, 128.83
2026/09/22 23:12:11.964, 2, 81225, 97871, 0, 124.64
2026/09/22 23:12:11.964, 3, 81233, 97871, 0, 122.07
2026/09/22 23:12:12.164, 0, 81753, 97871, 18, 152.93
2026/09/22 23:12:12.164, 1, 81753, 97871, 58, 142.26
2026/09/22 23:12:12.164, 2, 81225, 97871, 14, 131.52
2026/09/22 23:12:12.165, 3, 81233, 97871, 65, 131.72
2026/09/22 23:12:12.365, 0, 81753, 97871, 100, 194.31
2026/09/22 23:12:12.365, 1, 81753, 97871, 100, 181.88
2026/09/22 23:12:12.365, 2, 81225, 97871, 100, 175.47
2026/09/22 23:12:12.365, 3, 81233, 97871, 100, 174.66
2026/09/22 23:12:12.565, 0, 81753, 97871, 100, 236.39
2026/09/22 23:12:12.565, 1, 81753, 97871, 100, 225.27
2026/09/22 23:12:12.565, 2, 81225, 97871, 100, 218.36
2026/09/22 23:12:12.565, 3, 81233, 97871, 100, 217.99
2026/09/22 23:12:12.765, 0, 81753, 97871, 100, 282.57
2026/09/22 23:12:12.765, 1, 81753, 97871, 100, 268.78
2026/09/22 23:12:12.765, 2, 81225, 97871, 100, 263.90
2026/09/22 23:12:12.765, 3, 81233, 97871, 100, 261.23
2026/09/22 23:12:12.965, 0, 81753, 97871, 100, 326.52
2026/09/22 23:12:12.965, 1, 81753, 97871, 100, 316.58
2026/09/22 23:12:12.965, 2, 81225, 97871, 100, 307.95
2026/09/22 23:12:12.965, 3, 81233, 97871, 100, 305.23
2026/09/22 23:12:13.165, 0, 81753, 97871, 100, 340.55
2026/09/22 23:12:13.165, 1, 81753, 97871, 100, 347.32
2026/09/22 23:12:13.165, 2, 81225, 97871, 100, 345.23
2026/09/22 23:12:13.165, 3, 81233, 97871, 100, 345.04
2026/09/22 23:12:13.365, 0, 81753, 97871, 100, 343.55
2026/09/22 23:12:13.365, 1, 81753, 97871, 100, 350.93
2026/09/22 23:12:13.365, 2, 81225, 97871, 100, 343.72
2026/09/22 23:12:13.365, 3, 81233, 97871, 100, 345.84
2026/09/22 23:12:13.565, 0, 81753, 97871, 100, 343.12
2026/09/22 23:12:13.565, 1, 81753, 97871, 100, 351.41
2026/09/22 23:12:13.565, 2, 81225, 97871, 100, 343.77
2026/09/22 23:12:13.565, 3, 81233, 97871, 100, 345.36
2026/09/22 23:12:13.765, 0, 81753, 97871, 100, 344.52
2026/09/22 23:12:13.765, 1, 81753, 97871, 100, 352.47
2026/09/22 23:12:13.766, 2, 81225, 97871, 100, 345.14
2026/09/22 23:12:13.766, 3, 81233, 97871, 100, 346.26
2026/09/22 23:12:13.966, 0, 81753, 97871, 100, 345.58
2026/09/22 23:12:13.966, 1, 81753, 97871, 100, 352.54
2026/09/22 23:12:13.966, 2, 81225, 97871, 100, 346.21
2026/09/22 23:12:13.966, 3, 81233, 97871, 100, 347.50
2026/09/22 23:12:14.166, 0, 81753, 97871, 100, 345.27
2026/09/22 23:12:14.166, 1, 81753, 97871, 100, 352.04
2026/09/22 23:12:14.166, 2, 81225, 97871, 100, 345.07
2026/09/22 23:12:14.166, 3, 81233, 97871, 100, 347.22
2026/09/22 23:12:14.366, 0, 81753, 97871, 100, 351.39
2026/09/22 23:12:14.366, 1, 81753, 97871, 98, 353.44
2026/09/22 23:12:14.366, 2, 81225, 97871, 98, 346.50
2026/09/22 23:12:14.366, 3, 81233, 97871, 98, 349.28
2026/09/22 23:12:14.566, 0, 81753, 97871, 100, 352.93
2026/09/22 23:12:14.566, 1, 81753, 97871, 100, 356.17
2026/09/22 23:12:14.566, 2, 81225, 97871, 100, 354.75
2026/09/22 23:12:14.566, 3, 81233, 97871, 100, 358.07
2026/09/22 23:12:14.766, 0, 81753, 97871, 100, 354.94
2026/09/22 23:12:14.766, 1, 81753, 97871, 100, 366.78
2026/09/22 23:12:14.766, 2, 81225, 97871, 100, 362.25
2026/09/22 23:12:14.766, 3, 81233, 97871, 100, 363.50
2026/09/22 23:12:14.966, 0, 81753, 97871, 100, 353.78
2026/09/22 23:12:14.966, 1, 81753, 97871, 100, 368.85
2026/09/22 23:12:14.966, 2, 81225, 97871, 100, 369.60
2026/09/22 23:12:14.966, 3, 81233, 97871, 100, 368.14
2026/09/22 23:12:15.166, 0, 81753, 97871, 100, 358.45
2026/09/22 23:12:15.166, 1, 81753, 97871, 100, 376.48
2026/09/22 23:12:15.166, 2, 81225, 97871, 100, 372.46
2026/09/22 23:12:15.166, 3, 81233, 97871, 100, 369.90
2026/09/22 23:12:15.366, 0, 81753, 97871, 100, 362.72
2026/09/22 23:12:15.367, 1, 81753, 97871, 100, 380.19
2026/09/22 23:12:15.367, 2, 81225, 97871, 100, 380.64
2026/09/22 23:12:15.367, 3, 81233, 97871, 100, 376.98
2026/09/22 23:12:15.567, 0, 81753, 97871, 100, 359.77
2026/09/22 23:12:15.567, 1, 81753, 97871, 100, 382.59
2026/09/22 23:12:15.567, 2, 81225, 97871, 100, 377.61
2026/09/22 23:12:15.567, 3, 81233, 97871, 100, 378.00
2026/09/22 23:12:15.767, 0, 81753, 97871, 100, 360.25
2026/09/22 23:12:15.767, 1, 81753, 97871, 100, 377.97
2026/09/22 23:12:15.767, 2, 81225, 97871, 100, 374.44
2026/09/22 23:12:15.767, 3, 81233, 97871, 97, 377.28
2026/09/22 23:12:15.967, 0, 81753, 97871, 0, 326.98
2026/09/22 23:12:15.967, 1, 81753, 97871, 0, 333.02
2026/09/22 23:12:15.967, 2, 81225, 97871, 0, 327.27
2026/09/22 23:12:15.967, 3, 81233, 97871, 0, 333.99
2026/09/22 23:12:16.167, 0, 81753, 97871, 0, 279.85
2026/09/22 23:12:16.167, 1, 81753, 97871, 0, 281.35
2026/09/22 23:12:16.167, 2, 81225, 97871, 0, 279.66
2026/09/22 23:12:16.167, 3, 81233, 97871, 0, 284.72
2026/09/22 23:12:16.367, 0, 81753, 97871, 0, 228.51
2026/09/22 23:12:16.367, 1, 81753, 97871, 0, 232.05
2026/09/22 23:12:16.367, 2, 81225, 97871, 0, 230.73
2026/09/22 23:12:16.367, 3, 81233, 97871, 0, 233.97
2026/09/22 23:12:16.567, 0, 81753, 97871, 0, 179.10
2026/09/22 23:12:16.567, 1, 81753, 97871, 0, 186.21
2026/09/22 23:12:16.568, 2, 81225, 97871, 0, 177.83
2026/09/22 23:12:16.568, 3, 81233, 97871, 0, 182.86
2026/09/22 23:12:16.768, 0, 81753, 97871, 0, 132.38
2026/09/22 23:12:16.768, 1, 81753, 97871, 0, 131.71
2026/09/22 23:12:16.768, 2, 81225, 97871, 0, 133.85
2026/09/22 23:12:16.768, 3, 81233, 97871, 0, 131.86
2026/09/22 23:12:16.968, 0, 81753, 97871, 100, 158.88
2026/09/22 23:12:16.968, 1, 81753, 97871, 100, 170.75
2026/09/22 23:12:16.968, 2, 81225, 97871, 100, 163.40
2026/09/22 23:12:16.968, 3, 81233, 97871, 100, 159.66
2026/09/22 23:12:17.168, 0, 81753, 97871, 100, 204.02
2026/09/22 23:12:17.168, 1, 81753, 97871, 100, 212.52
2026/09/22 23:12:17.168, 2, 81225, 97871, 100, 206.54
2026/09/22 23:12:17.168, 3, 81233, 97871, 100, 202.66
2026/09/22 23:12:17.368, 0, 81753, 97871, 100, 245.42
2026/09/22 23:12:17.368, 1, 81753, 97871, 100, 260.12
2026/09/22 23:12:17.368, 2, 81225, 97871, 100, 251.64
2026/09/22 23:12:17.368, 3, 81233, 97871, 100, 250.10
2026/09/22 23:12:17.568, 0, 81753, 97871, 100, 290.08
2026/09/22 23:12:17.568, 1, 81753, 97871, 100, 303.77
2026/09/22 23:12:17.568, 2, 81225, 97871, 100, 293.26
2026/09/22 23:12:17.568, 3, 81233, 97871, 100, 296.17
2026/09/22 23:12:17.768, 0, 81753, 97871, 100, 334.41
2026/09/22 23:12:17.768, 1, 81753, 97871, 100, 344.07
2026/09/22 23:12:17.768, 2, 81225, 97871, 100, 340.46
2026/09/22 23:12:17.768, 3, 81233, 97871, 100, 340.61
2026/09/22 23:12:17.968, 0, 81753, 97871, 100, 346.33
2026/09/22 23:12:17.968, 1, 81753, 97871, 100, 351.33
2026/09/22 23:12:17.968, 2, 81225, 97871, 100, 346.11
2026/09/22 23:12:17.968, 3, 81233, 97871, 100, 347.68
2026/09/22 23:12:18.169, 0, 81753, 97871, 100, 347.23
2026/09/22 23:12:18.169, 1, 81753, 97871, 100, 353.64
2026/09/22 23:12:18.169, 2, 81225, 97871, 100, 347.82
2026/09/22 23:12:18.169, 3, 81233, 97871, 100, 349.65
2026/09/22 23:12:18.369, 0, 81753, 97871, 100, 349.57
2026/09/22 23:12:18.369, 1, 81753, 97871, 100, 354.89
2026/09/22 23:12:18.369, 2, 81225, 97871, 100, 347.05
2026/09/22 23:12:18.369, 3, 81233, 97871, 100, 348.48
2026/09/22 23:12:18.569, 0, 81753, 97871, 100, 349.25
2026/09/22 23:12:18.569, 1, 81753, 97871, 100, 354.96
2026/09/22 23:12:18.569, 2, 81225, 97871, 100, 347.65
2026/09/22 23:12:18.569, 3, 81233, 97871, 100, 348.29
2026/09/22 23:12:18.769, 0, 81753, 97871, 100, 349.30
2026/09/22 23:12:18.769, 1, 81753, 97871, 100, 356.35
2026/09/22 23:12:18.769, 2, 81225, 97871, 100, 349.62
2026/09/22 23:12:18.769, 3, 81233, 97871, 100, 349.80
2026/09/22 23:12:18.969, 0, 81753, 97871, 100, 350.40
2026/09/22 23:12:18.969, 1, 81753, 97871, 98, 357.03
2026/09/22 23:12:18.969, 2, 81225, 97871, 100, 348.75
2026/09/22 23:12:18.969, 3, 81233, 97871, 98, 350.50
2026/09/22 23:12:19.169, 0, 81753, 97871, 100, 355.22
2026/09/22 23:12:19.169, 1, 81753, 97871, 100, 359.94
2026/09/22 23:12:19.169, 2, 81225, 97871, 100, 354.47
2026/09/22 23:12:19.169, 3, 81233, 97871, 100, 356.82
2026/09/22 23:12:19.369, 0, 81753, 97871, 100, 355.74
2026/09/22 23:12:19.369, 1, 81753, 97871, 100, 364.30
2026/09/22 23:12:19.369, 2, 81225, 97871, 100, 357.40
2026/09/22 23:12:19.369, 3, 81233, 97871, 100, 358.82
2026/09/22 23:12:19.569, 0, 81753, 97871, 100, 359.57
2026/09/22 23:12:19.569, 1, 81753, 97871, 100, 368.30
2026/09/22 23:12:19.570, 2, 81225, 97871, 100, 364.36
2026/09/22 23:12:19.570, 3, 81233, 97871, 100, 364.49
2026/09/22 23:12:19.770, 0, 81753, 97871, 100, 364.35
2026/09/22 23:12:19.770, 1, 81753, 97871, 92, 363.08
2026/09/22 23:12:19.770, 2, 81225, 97871, 100, 367.58
2026/09/22 23:12:19.770, 3, 81233, 97871, 88, 367.66
2026/09/22 23:12:19.970, 0, 81753, 97871, 0, 324.83
2026/09/22 23:12:19.970, 1, 81753, 97871, 0, 318.99
2026/09/22 23:12:19.970, 2, 81225, 97871, 0, 326.98
2026/09/22 23:12:19.970, 3, 81233, 97871, 0, 325.06
2026/09/22 23:12:20.170, 0, 81753, 97871, 0, 275.84
2026/09/22 23:12:20.170, 1, 81753, 97871, 0, 268.10
2026/09/22 23:12:20.170, 2, 81225, 97871, 0, 276.29
2026/09/22 23:12:20.170, 3, 81233, 97871, 0, 274.24
2026/09/22 23:12:20.370, 0, 81753, 97871, 0, 230.39
2026/09/22 23:12:20.371, 1, 81753, 97871, 0, 222.46
2026/09/22 23:12:20.371, 2, 81225, 97871, 0, 228.89
2026/09/22 23:12:20.371, 3, 81233, 97871, 0, 227.55
2026/09/22 23:12:20.571, 0, 81753, 97871, 0, 182.94
2026/09/22 23:12:20.571, 1, 81753, 97871, 0, 174.10
2026/09/22 23:12:20.571, 2, 81225, 97871, 0, 176.73
2026/09/22 23:12:20.571, 3, 81233, 97871, 0, 175.21
2026/09/22 23:12:20.771, 0, 81753, 97871, 0, 128.48
2026/09/22 23:12:20.771, 1, 81753, 97871, 0, 129.86
2026/09/22 23:12:20.771, 2, 81225, 97871, 0, 133.23
2026/09/22 23:12:20.771, 3, 81233, 97871, 0, 125.43
2026/09/22 23:12:20.971, 0, 81753, 97871, 0, 123.04
2026/09/22 23:12:20.971, 1, 81753, 97871, 0, 128.70
2026/09/22 23:12:20.971, 2, 81225, 97871, 0, 124.10
2026/09/22 23:12:20.972, 3, 81233, 97871, 0, 122.10
2026/09/22 23:12:21.172, 0, 81753, 97871, 0, 122.90
2026/09/22 23:12:21.172, 1, 81753, 97871, 0, 128.40
2026/09/22 23:12:21.172, 2, 81225, 97871, 0, 123.80
2026/09/22 23:12:21.172, 3, 81233, 97871, 0, 121.97
2026/09/22 23:12:21.372, 0, 81753, 97871, 0, 122.83
2026/09/22 23:12:21.372, 1, 81753, 97871, 0, 128.20
2026/09/22 23:12:21.372, 2, 81225, 97871, 0, 123.65
2026/09/22 23:12:21.372, 3, 81233, 97871, 0, 121.89
2026/09/22 23:12:21.572, 0, 81753, 97871, 0, 122.73
2026/09/22 23:12:21.572, 1, 81753, 97871, 0, 128.05
2026/09/22 23:12:21.572, 2, 81225, 97871, 0, 123.47
2026/09/22 23:12:21.572, 3, 81233, 97871, 0, 121.79
2026/09/22 23:12:21.772, 0, 81753, 97871, 0, 122.62
2026/09/22 23:12:21.772, 1, 81753, 97871, 0, 127.95
2026/09/22 23:12:21.772, 2, 81225, 97871, 0, 123.37
2026/09/22 23:12:21.772, 3, 81233, 97871, 0, 121.78
2026/09/22 23:12:21.972, 0, 81753, 97871, 0, 122.54
2026/09/22 23:12:21.972, 1, 81753, 97871, 0, 127.86
2026/09/22 23:12:21.972, 2, 81225, 97871, 0, 123.28
2026/09/22 23:12:21.972, 3, 81233, 97871, 0, 121.71
2026/09/22 23:12:22.172, 0, 81753, 97871, 0, 122.51
2026/09/22 23:12:22.172, 1, 81753, 97871, 0, 127.78
2026/09/22 23:12:22.172, 2, 81225, 97871, 0, 123.21
2026/09/22 23:12:22.172, 3, 81233, 97871, 0, 121.65
2026/09/22 23:12:22.372, 0, 81753, 97871, 0, 122.46
2026/09/22 23:12:22.373, 1, 81753, 97871, 0, 127.71
2026/09/22 23:12:22.373, 2, 81225, 97871, 0, 123.12
2026/09/22 23:12:22.373, 3, 81233, 97871, 0, 121.58
2026/09/22 23:12:22.573, 0, 81753, 97871, 0, 122.40
2026/09/22 23:12:22.573, 1, 81753, 97871, 0, 127.68
2026/09/22 23:12:22.573, 2, 81225, 97871, 0, 123.06
2026/09/22 23:12:22.573, 3, 81233, 97871, 0, 121.58
2026/09/22 23:12:22.773, 0, 81753, 97871, 0, 122.37
2026/09/22 23:12:22.773, 1, 81753, 97871, 0, 127.62
2026/09/22 23:12:22.773, 2, 81225, 97871, 0, 123.00
2026/09/22 23:12:22.773, 3, 81233, 97871, 0, 121.51
2026/09/22 23:12:22.973, 0, 81753, 97871, 0, 122.35
2026/09/22 23:12:22.973, 1, 81753, 97871, 0, 127.56
2026/09/22 23:12:22.973, 2, 81225, 97871, 0, 122.96
2026/09/22 23:12:22.973, 3, 81233, 97871, 0, 121.48
2026/09/22 23:12:23.173, 0, 81753, 97871, 0, 122.28
2026/09/22 23:12:23.173, 1, 81753, 97871, 0, 127.54
2026/09/22 23:12:23.173, 2, 81225, 97871, 0, 122.91
2026/09/22 23:12:23.173, 3, 81233, 97871, 0, 121.45
2026/09/22 23:12:23.373, 0, 81753, 97871, 0, 122.25
2026/09/22 23:12:23.373, 1, 81753, 97871, 0, 127.51
2026/09/22 23:12:23.373, 2, 81225, 97871, 0, 122.89
2026/09/22 23:12:23.373, 3, 81233, 97871, 0, 121.43
2026/09/22 23:12:23.573, 0, 81753, 97871, 0, 122.21
2026/09/22 23:12:23.573, 1, 81753, 97871, 0, 127.44
2026/09/22 23:12:23.573, 2, 81225, 97871, 0, 122.84
2026/09/22 23:12:23.573, 3, 81233, 97871, 0, 121.38
2026/09/22 23:12:23.773, 0, 81753, 97871, 0, 122.14
2026/09/22 23:12:23.774, 1, 81753, 97871, 0, 127.42
2026/09/22 23:12:23.774, 2, 81225, 97871, 0, 122.81
2026/09/22 23:12:23.774, 3, 81233, 97871, 0, 121.35
2026/09/22 23:12:23.974, 0, 81753, 97871, 0, 122.09
2026/09/22 23:12:23.974, 1, 81753, 97871, 0, 127.39
2026/09/22 23:12:23.974, 2, 81225, 97871, 0, 122.76
2026/09/22 23:12:23.974, 3, 81233, 97871, 0, 121.35
2026/09/22 23:12:24.174, 0, 81753, 97871, 0, 122.07
2026/09/22 23:12:24.174, 1, 81753, 97871, 0, 127.33
2026/09/22 23:12:24.174, 2, 81225, 97871, 0, 122.72
2026/09/22 23:12:24.174, 3, 81233, 97871, 0, 121.34
2026/09/22 23:12:24.374, 0, 81753, 97871, 0, 122.01
2026/09/22 23:12:24.374, 1, 81753, 97871, 0, 127.28
2026/09/22 23:12:24.374, 2, 81225, 97871, 0, 122.68
2026/09/22 23:12:24.374, 3, 81233, 97871, 0, 121.30
2026/09/22 23:12:24.574, 0, 81753, 97871, 0, 121.98
2026/09/22 23:12:24.574, 1, 81753, 97871, 0, 127.28
2026/09/22 23:12:24.574, 2, 81225, 97871, 0, 122.65
2026/09/22 23:12:24.574, 3, 81233, 97871, 0, 121.27
2026/09/22 23:12:24.774, 0, 81753, 97871, 0, 121.99
2026/09/22 23:12:24.774, 1, 81753, 97871, 0, 127.22
2026/09/22 23:12:24.774, 2, 81225, 97871, 0, 122.60
2026/09/22 23:12:24.774, 3, 81233, 97871, 0, 121.27
2026/09/22 23:12:24.974, 0, 81753, 97871, 0, 125.62
2026/09/22 23:12:24.974, 1, 81753, 97871, 0, 127.81
2026/09/22 23:12:24.974, 2, 81225, 97871, 0, 122.81
2026/09/22 23:12:24.975, 3, 81233, 97871, 0, 121.23
2026/09/22 23:12:25.175, 0, 81753, 97871, 0, 141.98
2026/09/22 23:12:25.175, 1, 81753, 97871, 0, 133.54
2026/09/22 23:12:25.175, 2, 81225, 97871, 0, 126.16
2026/09/22 23:12:25.175, 3, 81233, 97871, 0, 124.88
2026/09/22 23:12:25.375, 0, 81753, 97871, 100, 186.60
2026/09/22 23:12:25.375, 1, 81753, 97871, 100, 175.34
2026/09/22 23:12:25.375, 2, 81225, 97871, 100, 166.53
2026/09/22 23:12:25.375, 3, 81233, 97871, 100, 160.41
2026/09/22 23:12:25.575, 0, 81753, 97871, 88, 210.71
2026/09/22 23:12:25.575, 1, 81755, 97871, 100, 211.56
2026/09/22 23:12:25.575, 2, 81227, 97871, 88, 208.09
2026/09/22 23:12:25.575, 3, 81235, 97871, 96, 204.36
2026/09/22 23:12:25.775, 0, 81753, 97871, 0, 209.05
2026/09/22 23:12:25.776, 1, 81755, 97871, 0, 212.69
2026/09/22 23:12:25.776, 2, 81227, 97871, 0, 209.83
2026/09/22 23:12:25.776, 3, 81235, 97871, 0, 208.43
2026/09/22 23:12:25.976, 0, 81753, 97871, 0, 207.13
2026/09/22 23:12:25.976, 1, 81755, 97871, 0, 213.85
2026/09/22 23:12:25.976, 2, 81227, 97871, 0, 209.60
2026/09/22 23:12:25.976, 3, 81235, 97871, 0, 205.20
2026/09/22 23:12:26.176, 0, 81753, 97871, 0, 193.69
2026/09/22 23:12:26.176, 1, 81755, 97871, 0, 209.64
2026/09/22 23:12:26.176, 2, 81227, 97871, 0, 206.13
2026/09/22 23:12:26.176, 3, 81235, 97871, 0, 194.72
2026/09/22 23:12:26.376, 0, 81753, 97871, 0, 146.25
2026/09/22 23:12:26.376, 1, 81755, 97871, 0, 169.35
2026/09/22 23:12:26.376, 2, 81227, 97871, 0, 164.99
2026/09/22 23:12:26.377, 3, 81235, 97871, 0, 149.18
2026/09/22 23:12:26.577, 0, 81753, 97871, 0, 122.17
2026/09/22 23:12:26.577, 1, 81755, 97871, 0, 129.51
2026/09/22 23:12:26.577, 2, 81227, 97871, 0, 124.33
2026/09/22 23:12:26.577, 3, 81235, 97871, 0, 121.48
2026/09/22 23:12:26.777, 0, 81753, 97871, 0, 122.08
2026/09/22 23:12:26.777, 1, 81755, 97871, 0, 127.35
2026/09/22 23:12:26.777, 2, 81227, 97871, 0, 122.61
2026/09/22 23:12:26.777, 3, 81235, 97871, 0, 123.91
2026/09/22 23:12:26.977, 0, 81753, 97871, 0, 146.92
2026/09/22 23:12:26.977, 1, 81755, 97871, 100, 157.76
2026/09/22 23:12:26.977, 2, 81227, 97871, 91, 151.72
2026/09/22 23:12:26.977, 3, 81235, 97871, 100, 154.97
2026/09/22 23:12:27.178, 0, 81753, 97871, 100, 190.14
2026/09/22 23:12:27.178, 1, 81755, 97871, 100, 178.93
2026/09/22 23:12:27.178, 2, 81227, 97871, 100, 172.53
2026/09/22 23:12:27.178, 3, 81235, 97871, 100, 188.34
2026/09/22 23:12:27.378, 0, 81753, 97871, 100, 232.30
2026/09/22 23:12:27.378, 1, 81755, 97871, 100, 223.35
2026/09/22 23:12:27.378, 2, 81227, 97871, 100, 216.41
2026/09/22 23:12:27.378, 3, 81235, 97871, 100, 230.62
2026/09/22 23:12:27.578, 0, 81753, 97871, 100, 278.74
2026/09/22 23:12:27.578, 1, 81755, 97871, 100, 267.66
2026/09/22 23:12:27.578, 2, 81227, 97871, 100, 257.52
2026/09/22 23:12:27.578, 3, 81235, 97871, 100, 278.30
2026/09/22 23:12:27.778, 0, 81753, 97871, 100, 318.60
2026/09/22 23:12:27.778, 1, 81755, 97871, 100, 312.14
2026/09/22 23:12:27.778, 2, 81227, 97871, 100, 300.46
2026/09/22 23:12:27.778, 3, 81235, 97871, 100, 319.46
2026/09/22 23:12:27.978, 0, 81753, 97871, 100, 342.12
2026/09/22 23:12:27.978, 1, 81755, 97871, 100, 326.12
2026/09/22 23:12:27.978, 2, 81227, 97871, 100, 318.12
2026/09/22 23:12:27.978, 3, 81235, 97871, 100, 334.52
2026/09/22 23:12:28.178, 0, 81753, 97871, 100, 343.98
2026/09/22 23:12:28.178, 1, 81755, 97871, 100, 350.51
2026/09/22 23:12:28.178, 2, 81227, 97871, 100, 343.07
2026/09/22 23:12:28.178, 3, 81235, 97871, 100, 346.53
2026/09/22 23:12:28.379, 0, 81753, 97871, 100, 344.82
2026/09/22 23:12:28.379, 1, 81755, 97871, 100, 350.78
2026/09/22 23:12:28.379, 2, 81227, 97871, 100, 343.77
2026/09/22 23:12:28.379, 3, 81235, 97871, 100, 347.83
2026/09/22 23:12:28.579, 0, 81753, 97871, 100, 344.29
2026/09/22 23:12:28.579, 1, 81755, 97871, 100, 351.01
2026/09/22 23:12:28.579, 2, 81227, 97871, 100, 343.62
2026/09/22 23:12:28.579, 3, 81235, 97871, 100, 346.99
2026/09/22 23:12:28.779, 0, 81753, 97871, 100, 345.43
2026/09/22 23:12:28.779, 1, 81755, 97871, 100, 352.30
2026/09/22 23:12:28.779, 2, 81227, 97871, 100, 344.68
2026/09/22 23:12:28.779, 3, 81235, 97871, 100, 346.85
2026/09/22 23:12:28.979, 0, 81753, 97871, 100, 346.04
2026/09/22 23:12:28.979, 1, 81755, 97871, 100, 351.99
2026/09/22 23:12:28.979, 2, 81227, 97871, 100, 346.15
2026/09/22 23:12:28.979, 3, 81235, 97871, 100, 346.67
2026/09/22 23:12:29.179, 0, 81755, 97871, 100, 350.56
2026/09/22 23:12:29.179, 1, 81755, 97871, 100, 352.71
2026/09/22 23:12:29.179, 2, 81227, 97871, 100, 345.87
2026/09/22 23:12:29.179, 3, 81235, 97871, 99, 349.21
2026/09/22 23:12:29.379, 0, 81755, 97871, 100, 351.84
2026/09/22 23:12:29.379, 1, 81755, 97871, 100, 358.99
2026/09/22 23:12:29.379, 2, 81227, 97871, 100, 351.49
2026/09/22 23:12:29.379, 3, 81235, 97871, 100, 351.20
2026/09/22 23:12:29.579, 0, 81755, 97871, 100, 354.29
2026/09/22 23:12:29.579, 1, 81755, 97871, 100, 364.36
2026/09/22 23:12:29.579, 2, 81227, 97871, 100, 356.84
2026/09/22 23:12:29.579, 3, 81235, 97871, 100, 355.81
2026/09/22 23:12:29.780, 0, 81755, 97871, 100, 357.51
2026/09/22 23:12:29.780, 1, 81755, 97871, 100, 366.30
2026/09/22 23:12:29.780, 2, 81227, 97871, 100, 360.99
2026/09/22 23:12:29.780, 3, 81235, 97871, 100, 362.63
2026/09/22 23:12:29.980, 0, 81755, 97871, 100, 333.96
2026/09/22 23:12:29.980, 1, 81755, 97871, 78, 360.21
2026/09/22 23:12:29.980, 2, 81227, 97871, 100, 357.00
2026/09/22 23:12:29.980, 3, 81235, 97871, 74, 340.53
2026/09/22 23:12:30.180, 0, 81755, 97871, 0, 287.27
2026/09/22 23:12:30.180, 1, 81755, 97871, 0, 315.10
2026/09/22 23:12:30.180, 2, 81227, 97871, 0, 313.16
2026/09/22 23:12:30.180, 3, 81235, 97871, 0, 293.07
2026/09/22 23:12:30.380, 0, 81755, 97871, 0, 240.43
2026/09/22 23:12:30.380, 1, 81755, 97871, 0, 267.17
2026/09/22 23:12:30.380, 2, 81227, 97871, 0, 265.83
2026/09/22 23:12:30.380, 3, 81235, 97871, 0, 248.20
2026/09/22 23:12:30.580, 0, 81755, 97871, 0, 196.16
2026/09/22 23:12:30.580, 1, 81755, 97871, 0, 217.75
2026/09/22 23:12:30.580, 2, 81227, 97871, 0, 217.12
2026/09/22 23:12:30.580, 3, 81235, 97871, 0, 196.01
2026/09/22 23:12:30.780, 0, 81755, 97871, 0, 148.24
2026/09/22 23:12:30.780, 1, 81755, 97871, 0, 167.95
2026/09/22 23:12:30.780, 2, 81227, 97871, 0, 168.57
2026/09/22 23:12:30.780, 3, 81235, 97871, 0, 144.57
2026/09/22 23:12:30.981, 0, 81755, 97871, 0, 123.03
2026/09/22 23:12:30.981, 1, 81755, 97871, 0, 129.64
2026/09/22 23:12:30.981, 2, 81227, 97871, 0, 125.68
2026/09/22 23:12:30.981, 3, 81235, 97871, 0, 125.08
2026/09/22 23:12:31.181, 0, 81755, 97871, 0, 137.27
2026/09/22 23:12:31.181, 1, 81755, 97871, 100, 161.38
2026/09/22 23:12:31.181, 2, 81227, 97871, 99, 155.54
2026/09/22 23:12:31.181, 3, 81235, 97871, 100, 156.01
2026/09/22 23:12:31.381, 0, 81755, 97871, 99, 180.38
2026/09/22 23:12:31.381, 1, 81755, 97871, 100, 169.94
2026/09/22 23:12:31.381, 2, 81227, 97871, 100, 161.86
2026/09/22 23:12:31.381, 3, 81235, 97871, 100, 178.68
2026/09/22 23:12:31.581, 0, 81755, 97871, 100, 224.29
2026/09/22 23:12:31.581, 1, 81755, 97871, 100, 214.22
2026/09/22 23:12:31.581, 2, 81227, 97871, 100, 203.30
2026/09/22 23:12:31.581, 3, 81235, 97871, 100, 221.13
2026/09/22 23:12:31.781, 0, 81755, 97871, 100, 265.83
2026/09/22 23:12:31.781, 1, 81755, 97871, 100, 255.98
2026/09/22 23:12:31.781, 2, 81227, 97871, 100, 248.80
2026/09/22 23:12:31.781, 3, 81235, 97871, 100, 264.89
2026/09/22 23:12:31.981, 0, 81755, 97871, 100, 312.96
2026/09/22 23:12:31.981, 1, 81755, 97871, 100, 300.39
2026/09/22 23:12:31.981, 2, 81227, 97871, 100, 293.31
2026/09/22 23:12:31.981, 3, 81235, 97871, 100, 309.57
2026/09/22 23:12:32.181, 0, 81755, 97871, 100, 343.27
2026/09/22 23:12:32.181, 1, 81755, 97871, 100, 313.45
2026/09/22 23:12:32.181, 2, 81227, 97871, 100, 305.73
2026/09/22 23:12:32.181, 3, 81235, 97871, 100, 323.49
2026/09/22 23:12:32.382, 0, 81755, 97871, 100, 345.57
2026/09/22 23:12:32.382, 1, 81755, 97871, 100, 351.54
2026/09/22 23:12:32.382, 2, 81227, 97871, 100, 344.57
2026/09/22 23:12:32.382, 3, 81235, 97871, 100, 346.18
2026/09/22 23:12:32.582, 0, 81755, 97871, 100, 345.44
2026/09/22 23:12:32.582, 1, 81755, 97871, 100, 352.66
2026/09/22 23:12:32.582, 2, 81227, 97871, 100, 345.82
2026/09/22 23:12:32.582, 3, 81235, 97871, 100, 346.67
2026/09/22 23:12:32.782, 0, 81755, 97871, 100, 345.73
2026/09/22 23:12:32.782, 1, 81755, 97871, 100, 354.14
2026/09/22 23:12:32.782, 2, 81227, 97871, 100, 345.61
2026/09/22 23:12:32.782, 3, 81235, 97871, 100, 347.00
2026/09/22 23:12:32.982, 0, 81755, 97871, 100, 347.38
2026/09/22 23:12:32.982, 1, 81755, 97871, 100, 354.18
2026/09/22 23:12:32.982, 2, 81227, 97871, 100, 347.16
2026/09/22 23:12:32.982, 3, 81235, 97871, 100, 347.83
2026/09/22 23:12:33.182, 0, 81755, 97871, 100, 347.74
2026/09/22 23:12:33.182, 1, 81755, 97871, 100, 352.44
2026/09/22 23:12:33.182, 2, 81227, 97871, 100, 347.46
2026/09/22 23:12:33.182, 3, 81235, 97871, 100, 348.27
2026/09/22 23:12:33.382, 0, 81755, 97871, 100, 347.12
2026/09/22 23:12:33.382, 1, 81755, 97871, 100, 353.04
2026/09/22 23:12:33.382, 2, 81227, 97871, 100, 346.35
2026/09/22 23:12:33.382, 3, 81235, 97871, 100, 347.66
2026/09/22 23:12:33.582, 0, 81755, 97871, 98, 352.06
2026/09/22 23:12:33.582, 1, 81755, 97871, 100, 354.99
2026/09/22 23:12:33.582, 2, 81227, 97871, 98, 348.27
2026/09/22 23:12:33.582, 3, 81235, 97871, 100, 354.05
2026/09/22 23:12:33.782, 0, 81755, 97871, 100, 357.55
2026/09/22 23:12:33.783, 1, 81755, 97871, 100, 358.85
2026/09/22 23:12:33.783, 2, 81227, 97871, 100, 356.38
2026/09/22 23:12:33.783, 3, 81235, 97871, 100, 356.37
2026/09/22 23:12:33.983, 0, 81755, 97871, 100, 358.69
2026/09/22 23:12:33.983, 1, 81755, 97871, 100, 363.92
2026/09/22 23:12:33.983, 2, 81227, 97871, 100, 359.80
2026/09/22 23:12:33.983, 3, 81235, 97871, 100, 363.14
2026/09/22 23:12:34.183, 0, 81755, 97871, 100, 361.73
2026/09/22 23:12:34.183, 1, 81755, 97871, 100, 367.00
2026/09/22 23:12:34.183, 2, 81227, 97871, 100, 364.35
2026/09/22 23:12:34.183, 3, 81235, 97871, 100, 368.67
2026/09/22 23:12:34.383, 0, 81755, 97871, 100, 335.24
2026/09/22 23:12:34.383, 1, 81755, 97871, 60, 357.43
2026/09/22 23:12:34.383, 2, 81227, 97871, 94, 356.75
2026/09/22 23:12:34.383, 3, 81235, 97871, 56, 342.00
2026/09/22 23:12:34.583, 0, 81755, 97871, 0, 286.42
2026/09/22 23:12:34.583, 1, 81755, 97871, 0, 312.86
2026/09/22 23:12:34.583, 2, 81227, 97871, 0, 312.43
2026/09/22 23:12:34.583, 3, 81235, 97871, 0, 290.35
2026/09/22 23:12:34.783, 0, 81755, 97871, 0, 235.68
2026/09/22 23:12:34.783, 1, 81755, 97871, 0, 263.61
2026/09/22 23:12:34.783, 2, 81227, 97871, 0, 261.81
2026/09/22 23:12:34.783, 3, 81235, 97871, 0, 245.16
2026/09/22 23:12:34.983, 0, 81755, 97871, 0, 188.79
2026/09/22 23:12:34.983, 1, 81755, 97871, 0, 215.85
2026/09/22 23:12:34.983, 2, 81227, 97871, 0, 210.29
2026/09/22 23:12:34.983, 3, 81235, 97871, 0, 191.25
2026/09/22 23:12:35.184, 0, 81755, 97871, 0, 145.74
2026/09/22 23:12:35.184, 1, 81755, 97871, 0, 169.46
2026/09/22 23:12:35.184, 2, 81227, 97871, 0, 160.88
2026/09/22 23:12:35.184, 3, 81235, 97871, 0, 139.57
2026/09/22 23:12:35.384, 0, 81755, 97871, 0, 126.37
2026/09/22 23:12:35.384, 1, 81755, 97871, 0, 129.17
2026/09/22 23:12:35.384, 2, 81227, 97871, 0, 125.21
2026/09/22 23:12:35.384, 3, 81235, 97871, 0, 129.59
2026/09/22 23:12:35.584, 0, 81755, 97871, 74, 172.31
2026/09/22 23:12:35.584, 1, 81755, 97871, 100, 160.83
2026/09/22 23:12:35.584, 2, 81227, 97871, 100, 155.50
2026/09/22 23:12:35.584, 3, 81235, 97871, 100, 169.01
2026/09/22 23:12:35.784, 0, 81755, 97871, 100, 216.76
2026/09/22 23:12:35.784, 1, 81755, 97871, 100, 203.69
2026/09/22 23:12:35.784, 2, 81227, 97871, 100, 196.04
2026/09/22 23:12:35.784, 3, 81235, 97871, 100, 213.74
2026/09/22 23:12:35.984, 0, 81755, 97871, 100, 258.35
2026/09/22 23:12:35.984, 1, 81755, 97871, 100, 245.15
2026/09/22 23:12:35.984, 2, 81227, 97871, 100, 242.05
2026/09/22 23:12:35.984, 3, 81235, 97871, 100, 255.82
2026/09/22 23:12:36.184, 0, 81755, 97871, 100, 305.04
2026/09/22 23:12:36.184, 1, 81755, 97871, 100, 293.55
2026/09/22 23:12:36.184, 2, 81227, 97871, 100, 282.96
2026/09/22 23:12:36.184, 3, 81235, 97871, 100, 300.42
2026/09/22 23:12:36.384, 0, 81755, 97871, 100, 346.21
2026/09/22 23:12:36.385, 1, 81755, 97871, 100, 333.88
2026/09/22 23:12:36.385, 2, 81227, 97871, 100, 331.27
2026/09/22 23:12:36.385, 3, 81235, 97871, 100, 340.71
2026/09/22 23:12:36.585, 0, 81755, 97871, 100, 345.10
2026/09/22 23:12:36.585, 1, 81755, 97871, 100, 350.65
2026/09/22 23:12:36.585, 2, 81227, 97871, 100, 344.54
2026/09/22 23:12:36.585, 3, 81235, 97871, 100, 346.59
2026/09/22 23:12:36.785, 0, 81755, 97871, 100, 345.80
2026/09/22 23:12:36.785, 1, 81755, 97871, 100, 352.72
2026/09/22 23:12:36.785, 2, 81227, 97871, 100, 346.33
2026/09/22 23:12:36.785, 3, 81235, 97871, 100, 347.54
2026/09/22 23:12:36.985, 0, 81755, 97871, 100, 347.24
2026/09/22 23:12:36.985, 1, 81755, 97871, 100, 353.37
2026/09/22 23:12:36.985, 2, 81227, 97871, 100, 347.03
2026/09/22 23:12:36.985, 3, 81235, 97871, 100, 347.93
2026/09/22 23:12:37.185, 0, 81755, 97871, 100, 347.00
2026/09/22 23:12:37.185, 1, 81755, 97871, 100, 354.30
2026/09/22 23:12:37.185, 2, 81227, 97871, 100, 347.15
2026/09/22 23:12:37.185, 3, 81235, 97871, 100, 348.64
2026/09/22 23:12:37.385, 0, 81755, 97871, 100, 347.01
2026/09/22 23:12:37.385, 1, 81755, 97871, 100, 354.22
2026/09/22 23:12:37.385, 2, 81227, 97871, 100, 347.02
2026/09/22 23:12:37.385, 3, 81235, 97871, 100, 349.15
2026/09/22 23:12:37.585, 0, 81755, 97871, 100, 350.34
2026/09/22 23:12:37.585, 1, 81755, 97871, 100, 354.36
2026/09/22 23:12:37.585, 2, 81227, 97871, 100, 347.79
2026/09/22 23:12:37.585, 3, 81235, 97871, 100, 351.74
2026/09/22 23:12:37.785, 0, 81755, 97871, 100, 353.25
2026/09/22 23:12:37.786, 1, 81755, 97871, 100, 360.70
2026/09/22 23:12:37.786, 2, 81227, 97871, 100, 354.83
2026/09/22 23:12:37.786, 3, 81235, 97871, 100, 357.05
2026/09/22 23:12:37.986, 0, 81755, 97871, 100, 355.56
2026/09/22 23:12:37.986, 1, 81755, 97871, 100, 363.80
2026/09/22 23:12:37.986, 2, 81227, 97871, 100, 357.67
2026/09/22 23:12:37.986, 3, 81235, 97871, 100, 364.59
2026/09/22 23:12:38.186, 0, 81755, 97871, 100, 360.49
2026/09/22 23:12:38.186, 1, 81755, 97871, 100, 367.51
2026/09/22 23:12:38.186, 2, 81227, 97871, 100, 362.51
2026/09/22 23:12:38.186, 3, 81235, 97871, 100, 368.74
2026/09/22 23:12:38.386, 0, 81755, 97871, 65, 323.30
2026/09/22 23:12:38.386, 1, 81755, 97871, 20, 349.02
2026/09/22 23:12:38.386, 2, 81227, 97871, 53, 346.86
2026/09/22 23:12:38.386, 3, 81235, 97871, 15, 334.80
2026/09/22 23:12:38.586, 0, 81755, 97871, 0, 275.94
2026/09/22 23:12:38.586, 1, 81755, 97871, 0, 302.97
2026/09/22 23:12:38.586, 2, 81227, 97871, 0, 303.07
2026/09/22 23:12:38.586, 3, 81235, 97871, 0, 287.65
2026/09/22 23:12:38.786, 0, 81755, 97871, 0, 230.91
2026/09/22 23:12:38.786, 1, 81755, 97871, 0, 253.14
2026/09/22 23:12:38.786, 2, 81227, 97871, 0, 250.96
2026/09/22 23:12:38.786, 3, 81235, 97871, 0, 237.92
2026/09/22 23:12:38.986, 0, 81755, 97871, 0, 180.42
2026/09/22 23:12:38.987, 1, 81755, 97871, 0, 207.63
2026/09/22 23:12:38.987, 2, 81227, 97871, 0, 206.20
2026/09/22 23:12:38.987, 3, 81235, 97871, 0, 187.83
2026/09/22 23:12:39.187, 0, 81755, 97871, 0, 130.98
2026/09/22 23:12:39.187, 1, 81755, 97871, 0, 158.92
2026/09/22 23:12:39.187, 2, 81227, 97871, 0, 153.41
2026/09/22 23:12:39.187, 3, 81235, 97871, 0, 132.11
2026/09/22 23:12:39.387, 0, 81755, 97871, 0, 138.24
2026/09/22 23:12:39.387, 1, 81755, 97871, 0, 129.28
2026/09/22 23:12:39.387, 2, 81227, 97871, 0, 124.61
2026/09/22 23:12:39.387, 3, 81235, 97871, 0, 134.76
2026/09/22 23:12:39.587, 0, 81755, 97871, 100, 181.38
2026/09/22 23:12:39.587, 1, 81755, 97871, 100, 169.09
2026/09/22 23:12:39.587, 2, 81227, 97871, 100, 163.03
2026/09/22 23:12:39.587, 3, 81235, 97871, 100, 177.01
2026/09/22 23:12:39.787, 0, 81755, 97871, 100, 225.36
2026/09/22 23:12:39.787, 1, 81755, 97871, 100, 212.19
2026/09/22 23:12:39.787, 2, 81227, 97871, 100, 205.96
2026/09/22 23:12:39.787, 3, 81235, 97871, 100, 222.78
2026/09/22 23:12:39.987, 0, 81755, 97871, 100, 268.74
2026/09/22 23:12:39.987, 1, 81755, 97871, 100, 258.89
2026/09/22 23:12:39.987, 2, 81227, 97871, 100, 249.86
2026/09/22 23:12:39.987, 3, 81235, 97871, 100, 267.59
2026/09/22 23:12:40.188, 0, 81755, 97871, 100, 313.86
2026/09/22 23:12:40.188, 1, 81755, 97871, 100, 304.22
2026/09/22 23:12:40.188, 2, 81227, 97871, 100, 294.51
2026/09/22 23:12:40.188, 3, 81235, 97871, 100, 317.40
2026/09/22 23:12:40.388, 0, 81755, 97871, 100, 345.04
2026/09/22 23:12:40.388, 1, 81755, 97871, 100, 343.90
2026/09/22 23:12:40.388, 2, 81227, 97871, 100, 334.65
2026/09/22 23:12:40.388, 3, 81235, 97871, 100, 345.36
2026/09/22 23:12:40.588, 0, 81755, 97871, 100, 344.16
2026/09/22 23:12:40.588, 1, 81755, 97871, 100, 352.10
2026/09/22 23:12:40.588, 2, 81227, 97871, 100, 344.23
2026/09/22 23:12:40.588, 3, 81235, 97871, 100, 346.44
2026/09/22 23:12:40.788, 0, 81755, 97871, 100, 345.46
2026/09/22 23:12:40.788, 1, 81755, 97871, 100, 352.44
2026/09/22 23:12:40.788, 2, 81227, 97871, 100, 346.08
2026/09/22 23:12:40.788, 3, 81235, 97871, 100, 347.17
2026/09/22 23:12:40.988, 0, 81755, 97871, 100, 347.42
2026/09/22 23:12:40.988, 1, 81755, 97871, 100, 353.00
2026/09/22 23:12:40.988, 2, 81227, 97871, 100, 347.55
2026/09/22 23:12:40.988, 3, 81235, 97871, 100, 347.44
2026/09/22 23:12:41.188, 0, 81755, 97871, 100, 346.98
2026/09/22 23:12:41.188, 1, 81755, 97871, 100, 353.34
2026/09/22 23:12:41.188, 2, 81227, 97871, 100, 347.68
2026/09/22 23:12:41.188, 3, 81235, 97871, 100, 347.27
2026/09/22 23:12:41.388, 0, 81755, 97871, 100, 346.58
2026/09/22 23:12:41.388, 1, 81755, 97871, 100, 354.94
2026/09/22 23:12:41.388, 2, 81227, 97871, 100, 347.25
2026/09/22 23:12:41.388, 3, 81235, 97871, 100, 347.32
2026/09/22 23:12:41.589, 0, 81757, 97871, 100, 347.95
2026/09/22 23:12:41.589, 1, 81757, 97871, 100, 355.06
2026/09/22 23:12:41.589, 2, 81229, 97871, 100, 348.22
2026/09/22 23:12:41.589, 3, 81237, 97871, 100, 350.92
2026/09/22 23:12:41.789, 0, 81757, 97871, 100, 351.04
2026/09/22 23:12:41.789, 1, 81757, 97871, 100, 358.78
2026/09/22 23:12:41.789, 2, 81229, 97871, 100, 354.82
2026/09/22 23:12:41.789, 3, 81237, 97871, 100, 355.57
2026/09/22 23:12:41.989, 0, 81757, 97871, 100, 354.51
2026/09/22 23:12:41.989, 1, 81757, 97871, 100, 362.43
2026/09/22 23:12:41.989, 2, 81229, 97871, 100, 358.32
2026/09/22 23:12:41.989, 3, 81237, 97871, 100, 363.47
2026/09/22 23:12:42.189, 0, 81757, 97871, 100, 333.30
2026/09/22 23:12:42.189, 1, 81757, 97871, 81, 357.22
2026/09/22 23:12:42.189, 2, 81229, 97871, 100, 357.83
2026/09/22 23:12:42.189, 3, 81237, 97871, 77, 338.69
2026/09/22 23:12:42.389, 0, 81757, 97871, 0, 288.90
2026/09/22 23:12:42.389, 1, 81757, 97871, 0, 312.45
2026/09/22 23:12:42.389, 2, 81229, 97871, 0, 315.55
2026/09/22 23:12:42.389, 3, 81237, 97871, 0, 293.72
2026/09/22 23:12:42.589, 0, 81757, 97871, 0, 242.22
2026/09/22 23:12:42.589, 1, 81757, 97871, 0, 267.47
2026/09/22 23:12:42.589, 2, 81229, 97871, 0, 272.11
2026/09/22 23:12:42.589, 3, 81237, 97871, 0, 245.98
2026/09/22 23:12:42.789, 0, 81757, 97871, 0, 194.94
2026/09/22 23:12:42.790, 1, 81757, 97871, 0, 219.22
2026/09/22 23:12:42.790, 2, 81229, 97871, 0, 221.93
2026/09/22 23:12:42.790, 3, 81237, 97871, 0, 195.87
2026/09/22 23:12:42.990, 0, 81757, 97871, 0, 146.61
2026/09/22 23:12:42.990, 1, 81757, 97871, 0, 170.34
2026/09/22 23:12:42.990, 2, 81229, 97871, 0, 169.68
2026/09/22 23:12:42.990, 3, 81237, 97871, 0, 147.49
2026/09/22 23:12:43.190, 0, 81757, 97871, 0, 128.01
2026/09/22 23:12:43.190, 1, 81757, 97871, 0, 130.73
2026/09/22 23:12:43.190, 2, 81229, 97871, 0, 126.84
2026/09/22 23:12:43.190, 3, 81237, 97871, 0, 126.28
2026/09/22 23:12:43.390, 0, 81757, 97871, 81, 170.12
2026/09/22 23:12:43.390, 1, 81757, 97871, 100, 159.04
2026/09/22 23:12:43.390, 2, 81229, 97871, 91, 153.87
2026/09/22 23:12:43.390, 3, 81237, 97871, 100, 170.28
2026/09/22 23:12:43.590, 0, 81757, 97871, 100, 214.72
2026/09/22 23:12:43.590, 1, 81757, 97871, 100, 202.30
2026/09/22 23:12:43.590, 2, 81229, 97871, 100, 195.28
2026/09/22 23:12:43.590, 3, 81237, 97871, 100, 216.77
2026/09/22 23:12:43.790, 0, 81757, 97871, 100, 259.54
2026/09/22 23:12:43.790, 1, 81757, 97871, 100, 244.82
2026/09/22 23:12:43.790, 2, 81229, 97871, 100, 236.29
2026/09/22 23:12:43.790, 3, 81237, 97871, 100, 257.58
2026/09/22 23:12:43.990, 0, 81757, 97871, 100, 302.63
2026/09/22 23:12:43.990, 1, 81757, 97871, 100, 292.42
2026/09/22 23:12:43.990, 2, 81229, 97871, 100, 279.62
2026/09/22 23:12:43.990, 3, 81237, 97871, 100, 306.08
2026/09/22 23:12:44.191, 0, 81757, 97871, 100, 343.49
2026/09/22 23:12:44.191, 1, 81757, 97871, 100, 337.71
2026/09/22 23:12:44.191, 2, 81229, 97871, 100, 323.71
2026/09/22 23:12:44.191, 3, 81237, 97871, 100, 346.77
2026/09/22 23:12:44.391, 0, 81757, 97871, 100, 344.14
2026/09/22 23:12:44.391, 1, 81757, 97871, 100, 351.88
2026/09/22 23:12:44.391, 2, 81229, 97871, 100, 343.35
2026/09/22 23:12:44.391, 3, 81237, 97871, 100, 346.61
2026/09/22 23:12:44.591, 0, 81757, 97871, 100, 344.67
2026/09/22 23:12:44.591, 1, 81757, 97871, 100, 354.10
2026/09/22 23:12:44.591, 2, 81229, 97871, 100, 346.21
2026/09/22 23:12:44.591, 3, 81237, 97871, 100, 347.23
2026/09/22 23:12:44.791, 0, 81757, 97871, 100, 345.07
2026/09/22 23:12:44.791, 1, 81757, 97871, 100, 354.73
2026/09/22 23:12:44.792, 2, 81229, 97871, 100, 348.54
2026/09/22 23:12:44.792, 3, 81237, 97871, 100, 348.45
2026/09/22 23:12:44.992, 0, 81757, 97871, 100, 345.60
2026/09/22 23:12:44.992, 1, 81757, 97871, 100, 355.43
2026/09/22 23:12:44.992, 2, 81229, 97871, 100, 348.54
2026/09/22 23:12:44.992, 3, 81237, 97871, 100, 348.21
2026/09/22 23:12:45.192, 0, 81757, 97871, 100, 345.36
2026/09/22 23:12:45.192, 1, 81757, 97871, 100, 355.21
2026/09/22 23:12:45.192, 2, 81229, 97871, 100, 348.94
2026/09/22 23:12:45.192, 3, 81237, 97871, 100, 348.30
2026/09/22 23:12:45.392, 0, 81757, 97871, 100, 347.76
2026/09/22 23:12:45.392, 1, 81757, 97871, 100, 355.14
2026/09/22 23:12:45.392, 2, 81229, 97871, 100, 349.09
2026/09/22 23:12:45.392, 3, 81237, 97871, 100, 350.51
2026/09/22 23:12:45.592, 0, 81757, 97871, 100, 349.09
2026/09/22 23:12:45.592, 1, 81757, 97871, 100, 360.10
2026/09/22 23:12:45.592, 2, 81229, 97871, 100, 356.70
2026/09/22 23:12:45.592, 3, 81237, 97871, 100, 354.87
2026/09/22 23:12:45.792, 0, 81757, 97871, 100, 349.63
2026/09/22 23:12:45.792, 1, 81757, 97871, 100, 363.67
2026/09/22 23:12:45.792, 2, 81229, 97871, 100, 360.30
2026/09/22 23:12:45.792, 3, 81237, 97871, 100, 361.78
2026/09/22 23:12:45.992, 0, 81757, 97871, 98, 321.70
2026/09/22 23:12:45.992, 1, 81757, 97871, 53, 350.54
2026/09/22 23:12:45.992, 2, 81229, 97871, 87, 351.21
2026/09/22 23:12:45.992, 3, 81237, 97871, 49, 330.10
2026/09/22 23:12:46.192, 0, 81757, 97871, 0, 277.09
2026/09/22 23:12:46.193, 1, 81757, 97871, 0, 306.31
2026/09/22 23:12:46.193, 2, 81229, 97871, 0, 307.13
2026/09/22 23:12:46.193, 3, 81237, 97871, 0, 287.17
2026/09/22 23:12:46.393, 0, 81757, 97871, 0, 230.40
2026/09/22 23:12:46.393, 1, 81757, 97871, 0, 263.81
2026/09/22 23:12:46.393, 2, 81229, 97871, 0, 260.97
2026/09/22 23:12:46.393, 3, 81237, 97871, 0, 237.87
2026/09/22 23:12:46.593, 0, 81757, 97871, 0, 185.33
2026/09/22 23:12:46.593, 1, 81757, 97871, 0, 211.05
2026/09/22 23:12:46.593, 2, 81229, 97871, 0, 212.65
2026/09/22 23:12:46.593, 3, 81237, 97871, 0, 191.37
2026/09/22 23:12:46.793, 0, 81757, 97871, 0, 143.38
2026/09/22 23:12:46.793, 1, 81757, 97871, 0, 166.62
2026/09/22 23:12:46.793, 2, 81229, 97871, 0, 164.56
2026/09/22 23:12:46.793, 3, 81237, 97871, 0, 135.91
2026/09/22 23:12:46.993, 0, 81757, 97871, 0, 128.20
2026/09/22 23:12:46.993, 1, 81757, 97871, 0, 129.82
2026/09/22 23:12:46.993, 2, 81229, 97871, 0, 125.26
2026/09/22 23:12:46.993, 3, 81237, 97871, 0, 126.65
2026/09/22 23:12:47.193, 0, 81757, 97871, 84, 170.38
2026/09/22 23:12:47.193, 1, 81757, 97871, 100, 160.24
2026/09/22 23:12:47.193, 2, 81229, 97871, 93, 153.98
2026/09/22 23:12:47.193, 3, 81237, 97871, 100, 170.16
2026/09/22 23:12:47.393, 0, 81757, 97871, 100, 213.63
2026/09/22 23:12:47.394, 1, 81757, 97871, 100, 203.90
2026/09/22 23:12:47.394, 2, 81229, 97871, 100, 194.79
2026/09/22 23:12:47.394, 3, 81237, 97871, 100, 214.23
2026/09/22 23:12:47.594, 0, 81757, 97871, 100, 259.36
2026/09/22 23:12:47.594, 1, 81757, 97871, 100, 246.40
2026/09/22 23:12:47.594, 2, 81229, 97871, 100, 239.96
2026/09/22 23:12:47.594, 3, 81237, 97871, 100, 258.39
2026/09/22 23:12:47.794, 0, 81757, 97871, 100, 303.48
2026/09/22 23:12:47.794, 1, 81757, 97871, 100, 293.18
2026/09/22 23:12:47.794, 2, 81229, 97871, 100, 284.33
2026/09/22 23:12:47.794, 3, 81237, 97871, 100, 301.77
2026/09/22 23:12:47.994, 0, 81757, 97871, 100, 344.05
2026/09/22 23:12:47.994, 1, 81757, 97871, 100, 338.80
2026/09/22 23:12:47.994, 2, 81229, 97871, 100, 329.13
2026/09/22 23:12:47.994, 3, 81237, 97871, 100, 345.83
2026/09/22 23:12:48.194, 0, 81757, 97871, 100, 345.81
2026/09/22 23:12:48.194, 1, 81757, 97871, 100, 352.56
2026/09/22 23:12:48.194, 2, 81229, 97871, 100, 344.23
2026/09/22 23:12:48.194, 3, 81237, 97871, 100, 346.12
2026/09/22 23:12:48.394, 0, 81757, 97871, 100, 345.93
2026/09/22 23:12:48.394, 1, 81757, 97871, 100, 354.16
2026/09/22 23:12:48.394, 2, 81229, 97871, 100, 346.45
2026/09/22 23:12:48.394, 3, 81237, 97871, 100, 345.73
2026/09/22 23:12:48.594, 0, 81757, 97871, 100, 346.14
2026/09/22 23:12:48.594, 1, 81757, 97871, 100, 355.01
2026/09/22 23:12:48.594, 2, 81229, 97871, 100, 347.00
2026/09/22 23:12:48.594, 3, 81237, 97871, 100, 346.03
2026/09/22 23:12:48.795, 0, 81757, 97871, 100, 347.07
2026/09/22 23:12:48.795, 1, 81757, 97871, 100, 355.43
2026/09/22 23:12:48.795, 2, 81229, 97871, 100, 347.62
2026/09/22 23:12:48.795, 3, 81237, 97871, 100, 347.26
2026/09/22 23:12:48.995, 0, 81757, 97871, 100, 347.79
2026/09/22 23:12:48.995, 1, 81757, 97871, 100, 354.68
2026/09/22 23:12:48.995, 2, 81229, 97871, 100, 348.70
2026/09/22 23:12:48.995, 3, 81237, 97871, 100, 346.34
2026/09/22 23:12:49.195, 0, 81757, 97871, 100, 348.93
2026/09/22 23:12:49.195, 1, 81757, 97871, 100, 354.93
2026/09/22 23:12:49.195, 2, 81229, 97871, 100, 347.95
2026/09/22 23:12:49.195, 3, 81237, 97871, 100, 349.03
2026/09/22 23:12:49.395, 0, 81757, 97871, 97, 353.10
2026/09/22 23:12:49.395, 1, 81757, 97871, 100, 357.68
2026/09/22 23:12:49.395, 2, 81229, 97871, 99, 351.57
2026/09/22 23:12:49.395, 3, 81237, 97871, 100, 353.64
2026/09/22 23:12:49.595, 0, 81757, 97871, 100, 352.92
2026/09/22 23:12:49.595, 1, 81757, 97871, 100, 360.90
2026/09/22 23:12:49.595, 2, 81229, 97871, 100, 355.56
2026/09/22 23:12:49.595, 3, 81237, 97871, 100, 361.44
2026/09/22 23:12:49.795, 0, 81757, 97871, 100, 326.60
2026/09/22 23:12:49.795, 1, 81757, 97871, 64, 347.52
2026/09/22 23:12:49.795, 2, 81229, 97871, 99, 350.52
2026/09/22 23:12:49.795, 3, 81237, 97871, 60, 331.64
2026/09/22 23:12:49.995, 0, 81757, 97871, 0, 281.72
2026/09/22 23:12:49.995, 1, 81757, 97871, 0, 303.34
2026/09/22 23:12:49.995, 2, 81229, 97871, 0, 306.40
2026/09/22 23:12:49.995, 3, 81237, 97871, 0, 288.34
2026/09/22 23:12:50.196, 0, 81757, 97871, 0, 237.26
2026/09/22 23:12:50.196, 1, 81757, 97871, 0, 258.14
2026/09/22 23:12:50.196, 2, 81229, 97871, 0, 263.72
2026/09/22 23:12:50.196, 3, 81237, 97871, 0, 243.18
2026/09/22 23:12:50.396, 0, 81757, 97871, 0, 190.19
2026/09/22 23:12:50.396, 1, 81757, 97871, 0, 213.05
2026/09/22 23:12:50.396, 2, 81229, 97871, 0, 217.27
2026/09/22 23:12:50.396, 3, 81237, 97871, 0, 195.57
2026/09/22 23:12:50.596, 0, 81757, 97871, 0, 147.20
2026/09/22 23:12:50.596, 1, 81757, 97871, 0, 165.63
2026/09/22 23:12:50.596, 2, 81229, 97871, 0, 165.66
2026/09/22 23:12:50.596, 3, 81237, 97871, 0, 137.88
2026/09/22 23:12:50.796, 0, 81757, 97871, 0, 128.14
2026/09/22 23:12:50.796, 1, 81757, 97871, 0, 129.86
2026/09/22 23:12:50.796, 2, 81229, 97871, 0, 126.05
2026/09/22 23:12:50.796, 3, 81237, 97871, 0, 126.93
2026/09/22 23:12:50.996, 0, 81757, 97871, 81, 170.27
2026/09/22 23:12:50.996, 1, 81757, 97871, 100, 165.59
2026/09/22 23:12:50.996, 2, 81229, 97871, 95, 154.39
2026/09/22 23:12:50.996, 3, 81237, 97871, 100, 172.96
2026/09/22 23:12:51.196, 0, 81757, 97871, 100, 212.91
2026/09/22 23:12:51.196, 1, 81757, 97871, 100, 206.45
2026/09/22 23:12:51.197, 2, 81229, 97871, 100, 198.54
2026/09/22 23:12:51.197, 3, 81237, 97871, 100, 217.46
2026/09/22 23:12:51.397, 0, 81757, 97871, 100, 259.69
2026/09/22 23:12:51.397, 1, 81757, 97871, 100, 253.10
2026/09/22 23:12:51.397, 2, 81229, 97871, 100, 241.24
2026/09/22 23:12:51.397, 3, 81237, 97871, 100, 261.96
2026/09/22 23:12:51.597, 0, 81757, 97871, 100, 303.41
2026/09/22 23:12:51.597, 1, 81757, 97871, 100, 295.34
2026/09/22 23:12:51.597, 2, 81229, 97871, 100, 283.47
2026/09/22 23:12:51.597, 3, 81237, 97871, 100, 308.70
2026/09/22 23:12:51.797, 0, 81757, 97871, 100, 343.96
2026/09/22 23:12:51.797, 1, 81757, 97871, 100, 338.16
2026/09/22 23:12:51.797, 2, 81229, 97871, 100, 332.28
2026/09/22 23:12:51.797, 3, 81237, 97871, 100, 347.92
2026/09/22 23:12:51.997, 0, 81757, 97871, 100, 346.69
2026/09/22 23:12:51.997, 1, 81757, 97871, 100, 352.39
2026/09/22 23:12:51.997, 2, 81229, 97871, 100, 345.30
2026/09/22 23:12:51.997, 3, 81237, 97871, 100, 347.94
2026/09/22 23:12:52.197, 0, 81757, 97871, 100, 346.78
2026/09/22 23:12:52.197, 1, 81757, 97871, 100, 354.34
2026/09/22 23:12:52.197, 2, 81229, 97871, 100, 347.82
2026/09/22 23:12:52.197, 3, 81237, 97871, 100, 349.40
2026/09/22 23:12:52.397, 0, 81757, 97871, 100, 347.35
2026/09/22 23:12:52.397, 1, 81757, 97871, 100, 355.33
2026/09/22 23:12:52.397, 2, 81229, 97871, 100, 350.63
2026/09/22 23:12:52.397, 3, 81237, 97871, 100, 348.89
2026/09/22 23:12:52.597, 0, 81757, 97871, 100, 349.66
2026/09/22 23:12:52.597, 1, 81757, 97871, 100, 355.67
2026/09/22 23:12:52.597, 2, 81229, 97871, 100, 350.22
2026/09/22 23:12:52.598, 3, 81237, 97871, 100, 348.49
2026/09/22 23:12:52.798, 0, 81757, 97871, 100, 348.42
2026/09/22 23:12:52.798, 1, 81757, 97871, 100, 356.83
2026/09/22 23:12:52.798, 2, 81229, 97871, 100, 349.98
2026/09/22 23:12:52.798, 3, 81237, 97871, 100, 349.65
2026/09/22 23:12:52.998, 0, 81757, 97871, 100, 351.95
2026/09/22 23:12:52.998, 1, 81757, 97871, 98, 356.71
2026/09/22 23:12:52.998, 2, 81229, 97871, 98, 352.33
2026/09/22 23:12:52.998, 3, 81237, 97871, 98, 353.58
2026/09/22 23:12:53.198, 0, 81757, 97871, 100, 355.37
2026/09/22 23:12:53.198, 1, 81757, 97871, 100, 360.76
2026/09/22 23:12:53.198, 2, 81229, 97871, 100, 355.84
2026/09/22 23:12:53.198, 3, 81237, 97871, 100, 355.89
2026/09/22 23:12:53.398, 0, 81757, 97871, 100, 337.49
2026/09/22 23:12:53.398, 1, 81757, 97871, 100, 358.64
2026/09/22 23:12:53.398, 2, 81229, 97871, 100, 356.91
2026/09/22 23:12:53.398, 3, 81237, 97871, 98, 337.33
2026/09/22 23:12:53.598, 0, 81757, 97871, 0, 318.70
2026/09/22 23:12:53.598, 1, 81757, 97871, 13, 324.42
2026/09/22 23:12:53.598, 2, 81229, 97871, 0, 320.58
2026/09/22 23:12:53.598, 3, 81237, 97871, 17, 317.85
2026/09/22 23:12:53.798, 0, 81757, 97871, 100, 320.18
2026/09/22 23:12:53.798, 1, 81757, 97871, 100, 326.61
2026/09/22 23:12:53.798, 2, 81229, 97871, 100, 319.56
2026/09/22 23:12:53.798, 3, 81237, 97871, 100, 319.65
2026/09/22 23:12:53.999, 0, 81757, 97871, 90, 284.65
2026/09/22 23:12:53.999, 1, 81757, 97871, 41, 306.31
2026/09/22 23:12:53.999, 2, 81229, 97871, 87, 307.66
2026/09/22 23:12:53.999, 3, 81237, 97871, 53, 281.12
2026/09/22 23:12:54.199, 0, 81757, 97871, 0, 232.76
2026/09/22 23:12:54.199, 1, 81757, 97871, 0, 260.18
2026/09/22 23:12:54.199, 2, 81229, 97871, 0, 257.35
2026/09/22 23:12:54.199, 3, 81237, 97871, 0, 230.81
2026/09/22 23:12:54.399, 0, 81757, 97871, 0, 205.58
2026/09/22 23:12:54.399, 1, 81757, 97871, 0, 214.29
2026/09/22 23:12:54.399, 2, 81229, 97871, 0, 211.46
2026/09/22 23:12:54.399, 3, 81237, 97871, 0, 205.95
2026/09/22 23:12:54.599, 0, 81757, 97871, 0, 180.48
2026/09/22 23:12:54.600, 1, 81757, 97871, 0, 205.49
2026/09/22 23:12:54.600, 2, 81229, 97871, 0, 203.28
2026/09/22 23:12:54.600, 3, 81237, 97871, 0, 182.46
2026/09/22 23:12:54.800, 0, 81757, 97871, 0, 135.11
2026/09/22 23:12:54.800, 1, 81757, 97871, 0, 155.92
2026/09/22 23:12:54.800, 2, 81229, 97871, 0, 161.59
2026/09/22 23:12:54.800, 3, 81237, 97871, 0, 132.29
2026/09/22 23:12:55.000, 0, 81757, 97871, 0, 123.68
2026/09/22 23:12:55.000, 1, 81757, 97871, 0, 129.99
2026/09/22 23:12:55.000, 2, 81229, 97871, 0, 125.38
2026/09/22 23:12:55.000, 3, 81237, 97871, 0, 122.43
2026/09/22 23:12:55.200, 0, 81757, 97871, 0, 123.46
2026/09/22 23:12:55.200, 1, 81757, 97871, 0, 129.60
2026/09/22 23:12:55.200, 2, 81229, 97871, 0, 124.83
2026/09/22 23:12:55.200, 3, 81237, 97871, 0, 122.26
2026/09/22 23:12:55.401, 0, 81757, 97871, 0, 123.25
2026/09/22 23:12:55.401, 1, 81757, 97871, 0, 129.33
2026/09/22 23:12:55.401, 2, 81229, 97871, 0, 124.61
2026/09/22 23:12:55.401, 3, 81237, 97871, 0, 122.16
2026/09/22 23:12:55.601, 0, 81757, 97871, 0, 123.13
2026/09/22 23:12:55.601, 1, 81757, 97871, 0, 129.18
2026/09/22 23:12:55.601, 2, 81229, 97871, 0, 124.45
2026/09/22 23:12:55.601, 3, 81237, 97871, 0, 122.08
2026/09/22 23:12:55.801, 0, 81757, 97871, 0, 123.07
2026/09/22 23:12:55.801, 1, 81757, 97871, 0, 129.05
2026/09/22 23:12:55.801, 2, 81229, 97871, 0, 124.37
2026/09/22 23:12:55.801, 3, 81237, 97871, 0, 122.04
2026/09/22 23:12:56.001, 0, 81757, 97871, 0, 122.96
2026/09/22 23:12:56.001, 1, 81757, 97871, 0, 128.92
2026/09/22 23:12:56.001, 2, 81229, 97871, 0, 124.26
2026/09/22 23:12:56.001, 3, 81237, 97871, 0, 121.97
2026/09/22 23:12:56.201, 0, 81757, 97871, 0, 122.90
2026/09/22 23:12:56.201, 1, 81757, 97871, 0, 128.83
2026/09/22 23:12:56.201, 2, 81229, 97871, 0, 124.18
2026/09/22 23:12:56.201, 3, 81237, 97871, 0, 121.94
2026/09/22 23:12:56.401, 0, 81757, 97871, 0, 122.86
2026/09/22 23:12:56.401, 1, 81757, 97871, 0, 128.73
2026/09/22 23:12:56.401, 2, 81229, 97871, 0, 124.03
2026/09/22 23:12:56.401, 3, 81237, 97871, 0, 121.91
2026/09/22 23:12:56.601, 0, 81757, 97871, 0, 122.81
2026/09/22 23:12:56.601, 1, 81757, 97871, 0, 128.66
2026/09/22 23:12:56.601, 2, 81229, 97871, 0, 123.88
2026/09/22 23:12:56.601, 3, 81237, 97871, 0, 121.88
2026/09/22 23:12:56.802, 0, 81757, 97871, 0, 122.73
2026/09/22 23:12:56.802, 1, 81757, 97871, 0, 128.57
2026/09/22 23:12:56.802, 2, 81229, 97871, 0, 123.71
2026/09/22 23:12:56.802, 3, 81237, 97871, 0, 121.84
2026/09/22 23:12:57.002, 0, 81757, 97871, 0, 122.70
2026/09/22 23:12:57.002, 1, 81757, 97871, 0, 128.51
2026/09/22 23:12:57.002, 2, 81229, 97871, 0, 123.57
2026/09/22 23:12:57.002, 3, 81237, 97871, 0, 121.80
2026/09/22 23:12:57.202, 0, 81757, 97871, 0, 122.65
2026/09/22 23:12:57.202, 1, 81757, 97871, 0, 128.46
2026/09/22 23:12:57.202, 2, 81229, 97871, 0, 123.43
2026/09/22 23:12:57.202, 3, 81237, 97871, 0, 121.78
2026/09/22 23:12:57.402, 0, 81757, 97871, 0, 122.58
2026/09/22 23:12:57.402, 1, 81757, 97871, 0, 128.41
2026/09/22 23:12:57.402, 2, 81229, 97871, 0, 123.37
2026/09/22 23:12:57.402, 3, 81237, 97871, 0, 121.77
2026/09/22 23:12:57.602, 0, 81757, 97871, 0, 122.53
2026/09/22 23:12:57.602, 1, 81757, 97871, 0, 128.35
2026/09/22 23:12:57.602, 2, 81229, 97871, 0, 123.32
2026/09/22 23:12:57.602, 3, 81237, 97871, 0, 121.74
2026/09/22 23:12:57.802, 0, 81757, 97871, 0, 122.50
2026/09/22 23:12:57.802, 1, 81757, 97871, 0, 128.31
2026/09/22 23:12:57.802, 2, 81229, 97871, 0, 123.27
2026/09/22 23:12:57.802, 3, 81237, 97871, 0, 121.72
2026/09/22 23:12:58.002, 0, 81757, 97871, 0, 122.45
2026/09/22 23:12:58.003, 1, 81757, 97871, 0, 128.27
2026/09/22 23:12:58.003, 2, 81229, 97871, 0, 123.21
2026/09/22 23:12:58.003, 3, 81237, 97871, 0, 121.70
2026/09/22 23:12:58.203, 0, 81757, 97871, 0, 122.40
2026/09/22 23:12:58.203, 1, 81757, 97871, 0, 128.22
2026/09/22 23:12:58.203, 2, 81229, 97871, 0, 123.15
2026/09/22 23:12:58.203, 3, 81237, 97871, 0, 121.68
2026/09/22 23:12:58.403, 0, 81757, 97871, 0, 122.37
2026/09/22 23:12:58.403, 1, 81757, 97871, 0, 128.18
2026/09/22 23:12:58.403, 2, 81229, 97871, 0, 123.10
2026/09/22 23:12:58.403, 3, 81237, 97871, 0, 121.63
2026/09/22 23:12:58.603, 0, 81757, 97871, 0, 122.33
2026/09/22 23:12:58.603, 1, 81757, 97871, 0, 128.16
2026/09/22 23:12:58.603, 2, 81229, 97871, 0, 123.05
2026/09/22 23:12:58.603, 3, 81237, 97871, 0, 121.60
2026/09/22 23:12:58.803, 0, 81757, 97871, 0, 122.27
2026/09/22 23:12:58.803, 1, 81757, 97871, 0, 128.13
2026/09/22 23:12:58.803, 2, 81229, 97871, 0, 123.03
2026/09/22 23:12:58.803, 3, 81237, 97871, 0, 121.59
2026/09/22 23:12:59.003, 0, 81757, 97871, 0, 122.29
2026/09/22 23:12:59.003, 1, 81757, 97871, 0, 128.10
2026/09/22 23:12:59.003, 2, 81229, 97871, 0, 122.99
2026/09/22 23:12:59.003, 3, 81237, 97871, 0, 121.56
2026/09/22 23:12:59.204, 0, 81757, 97871, 0, 128.30
2026/09/22 23:12:59.204, 1, 81757, 97871, 0, 128.08
2026/09/22 23:12:59.204, 2, 81229, 97871, 0, 122.98
2026/09/22 23:12:59.204, 3, 81237, 97871, 0, 127.02
2026/09/22 23:12:59.404, 0, 81757, 97871, 70, 132.23
2026/09/22 23:12:59.404, 1, 81757, 97871, 25, 138.60
2026/09/22 23:12:59.404, 2, 81229, 97871, 75, 133.80
2026/09/22 23:12:59.404, 3, 81237, 97871, 50, 131.93
2026/09/22 23:12:59.604, 0, 81757, 97871, 0, 132.26
2026/09/22 23:12:59.604, 1, 81757, 97871, 0, 138.35
2026/09/22 23:12:59.604, 2, 81229, 97871, 0, 134.02
2026/09/22 23:12:59.604, 3, 81237, 97871, 0, 131.95
2026/09/22 23:12:59.804, 0, 81757, 97871, 0, 132.47
2026/09/22 23:12:59.804, 1, 81757, 97871, 0, 138.57
2026/09/22 23:12:59.804, 2, 81229, 97871, 0, 133.80
2026/09/22 23:12:59.804, 3, 81237, 97871, 0, 132.14
2026/09/22 23:13:00.005, 0, 81757, 97871, 0, 167.12
2026/09/22 23:13:00.005, 1, 81757, 97871, 51, 156.35
2026/09/22 23:13:00.005, 2, 81229, 97871, 7, 166.28
2026/09/22 23:13:00.005, 3, 81237, 97871, 46, 164.62
2026/09/22 23:13:00.205, 0, 81757, 97871, 100, 207.95
2026/09/22 23:13:00.205, 1, 81757, 97871, 100, 201.41
2026/09/22 23:13:00.205, 2, 81229, 97871, 100, 207.54
2026/09/22 23:13:00.205, 3, 81237, 97871, 100, 208.36
2026/09/22 23:13:00.405, 0, 81757, 97871, 100, 247.69
2026/09/22 23:13:00.405, 1, 81757, 97871, 100, 236.84
2026/09/22 23:13:00.405, 2, 81229, 97871, 100, 245.77
2026/09/22 23:13:00.405, 3, 81237, 97871, 100, 247.54
2026/09/22 23:13:00.605, 0, 81757, 97871, 100, 296.81
2026/09/22 23:13:00.605, 1, 81757, 97871, 100, 282.91
2026/09/22 23:13:00.605, 2, 81229, 97871, 100, 295.95
2026/09/22 23:13:00.605, 3, 81237, 97871, 100, 294.77
2026/09/22 23:13:00.805, 0, 81757, 97871, 100, 339.10
2026/09/22 23:13:00.806, 1, 81757, 97871, 100, 329.36
2026/09/22 23:13:00.806, 2, 81229, 97871, 100, 341.90
2026/09/22 23:13:00.806, 3, 81237, 97871, 100, 341.23
2026/09/22 23:13:01.006, 0, 81757, 97871, 100, 351.01
2026/09/22 23:13:01.006, 1, 81757, 97871, 100, 361.29
2026/09/22 23:13:01.006, 2, 81229, 97871, 100, 354.44
2026/09/22 23:13:01.006, 3, 81237, 97871, 100, 354.34
2026/09/22 23:13:01.206, 0, 81757, 97871, 86, 312.88
2026/09/22 23:13:01.206, 1, 81757, 97871, 41, 340.21
2026/09/22 23:13:01.206, 2, 81229, 97871, 74, 313.62
2026/09/22 23:13:01.206, 3, 81237, 97871, 36, 317.28
2026/09/22 23:13:01.406, 0, 81757, 97871, 0, 265.78
2026/09/22 23:13:01.406, 1, 81757, 97871, 0, 293.07
2026/09/22 23:13:01.406, 2, 81229, 97871, 0, 266.73
2026/09/22 23:13:01.406, 3, 81237, 97871, 0, 272.86
2026/09/22 23:13:01.606, 0, 81757, 97871, 0, 221.92
2026/09/22 23:13:01.606, 1, 81757, 97871, 0, 246.24
2026/09/22 23:13:01.606, 2, 81229, 97871, 0, 220.80
2026/09/22 23:13:01.606, 3, 81237, 97871, 0, 226.94
2026/09/22 23:13:01.806, 0, 81757, 97871, 0, 176.58
2026/09/22 23:13:01.806, 1, 81757, 97871, 0, 199.02
2026/09/22 23:13:01.806, 2, 81229, 97871, 0, 177.65
2026/09/22 23:13:01.806, 3, 81237, 97871, 0, 181.15
2026/09/22 23:13:02.006, 0, 81757, 97871, 0, 133.94
2026/09/22 23:13:02.006, 1, 81757, 97871, 0, 156.53
2026/09/22 23:13:02.006, 2, 81229, 97871, 0, 132.50
2026/09/22 23:13:02.006, 3, 81237, 97871, 0, 131.28
2026/09/22 23:13:02.207, 0, 81757, 97871, 0, 138.46
2026/09/22 23:13:02.207, 1, 81757, 97871, 0, 128.85
2026/09/22 23:13:02.207, 2, 81229, 97871, 0, 142.71
2026/09/22 23:13:02.207, 3, 81237, 97871, 0, 131.85
2026/09/22 23:13:02.407, 0, 81757, 97871, 100, 178.66
2026/09/22 23:13:02.407, 1, 81757, 97871, 100, 168.07
2026/09/22 23:13:02.407, 2, 81229, 97871, 100, 181.65
2026/09/22 23:13:02.407, 3, 81237, 97871, 100, 176.43
2026/09/22 23:13:02.607, 0, 81757, 97871, 100, 224.22
2026/09/22 23:13:02.607, 1, 81757, 97871, 100, 210.42
2026/09/22 23:13:02.607, 2, 81229, 97871, 100, 224.09
2026/09/22 23:13:02.607, 3, 81237, 97871, 100, 219.41
2026/09/22 23:13:02.807, 0, 81757, 97871, 100, 265.39
2026/09/22 23:13:02.807, 1, 81757, 97871, 100, 256.81
2026/09/22 23:13:02.807, 2, 81229, 97871, 100, 267.77
2026/09/22 23:13:02.807, 3, 81237, 97871, 100, 262.93
2026/09/22 23:13:03.007, 0, 81757, 97871, 100, 312.97
2026/09/22 23:13:03.007, 1, 81757, 97871, 100, 302.08
2026/09/22 23:13:03.007, 2, 81229, 97871, 100, 315.17
2026/09/22 23:13:03.007, 3, 81237, 97871, 100, 306.78
2026/09/22 23:13:03.207, 0, 81757, 97871, 100, 342.77
2026/09/22 23:13:03.207, 1, 81757, 97871, 100, 346.87
2026/09/22 23:13:03.207, 2, 81229, 97871, 100, 341.69
2026/09/22 23:13:03.207, 3, 81237, 97871, 100, 347.41
2026/09/22 23:13:03.407, 0, 81757, 97871, 100, 344.66
2026/09/22 23:13:03.407, 1, 81757, 97871, 100, 351.26
2026/09/22 23:13:03.408, 2, 81229, 97871, 100, 345.77
2026/09/22 23:13:03.408, 3, 81237, 97871, 100, 347.36
2026/09/22 23:13:03.608, 0, 81757, 97871, 100, 344.80
2026/09/22 23:13:03.608, 1, 81757, 97871, 100, 353.48
2026/09/22 23:13:03.608, 2, 81229, 97871, 100, 347.05
2026/09/22 23:13:03.608, 3, 81237, 97871, 100, 346.66
2026/09/22 23:13:03.808, 0, 81757, 97871, 100, 346.15
2026/09/22 23:13:03.808, 1, 81757, 97871, 100, 353.54
2026/09/22 23:13:03.808, 2, 81229, 97871, 100, 347.75
2026/09/22 23:13:03.808, 3, 81237, 97871, 100, 347.78
2026/09/22 23:13:04.008, 0, 81757, 97871, 100, 347.34
2026/09/22 23:13:04.008, 1, 81757, 97871, 100, 353.13
2026/09/22 23:13:04.008, 2, 81229, 97871, 100, 347.91
2026/09/22 23:13:04.008, 3, 81237, 97871, 100, 348.08
2026/09/22 23:13:04.208, 0, 81757, 97871, 100, 346.84
2026/09/22 23:13:04.208, 1, 81757, 97871, 100, 352.90
2026/09/22 23:13:04.208, 2, 81229, 97871, 100, 347.25
2026/09/22 23:13:04.208, 3, 81237, 97871, 100, 346.58
2026/09/22 23:13:04.408, 0, 81757, 97871, 100, 348.76
2026/09/22 23:13:04.408, 1, 81757, 97871, 100, 353.98
2026/09/22 23:13:04.408, 2, 81229, 97871, 100, 349.14
2026/09/22 23:13:04.408, 3, 81237, 97871, 100, 348.31
2026/09/22 23:13:04.608, 0, 81757, 97871, 97, 351.41
2026/09/22 23:13:04.608, 1, 81757, 97871, 100, 357.33
2026/09/22 23:13:04.608, 2, 81229, 97871, 99, 354.58
2026/09/22 23:13:04.608, 3, 81237, 97871, 100, 351.93
2026/09/22 23:13:04.808, 0, 81757, 97871, 100, 332.81
2026/09/22 23:13:04.809, 1, 81757, 97871, 100, 355.89
2026/09/22 23:13:04.809, 2, 81229, 97871, 100, 332.73
2026/09/22 23:13:04.809, 3, 81237, 97871, 100, 336.82
2026/09/22 23:13:05.009, 0, 81757, 97871, 0, 286.90
2026/09/22 23:13:05.009, 1, 81757, 97871, 0, 312.65
2026/09/22 23:13:05.009, 2, 81229, 97871, 0, 288.64
2026/09/22 23:13:05.009, 3, 81237, 97871, 0, 291.17
2026/09/22 23:13:05.209, 0, 81757, 97871, 0, 243.97
2026/09/22 23:13:05.209, 1, 81757, 97871, 0, 270.07
2026/09/22 23:13:05.209, 2, 81229, 97871, 0, 246.38
2026/09/22 23:13:05.209, 3, 81237, 97871, 0, 248.50
2026/09/22 23:13:05.409, 0, 81757, 97871, 0, 199.63
2026/09/22 23:13:05.409, 1, 81757, 97871, 0, 222.33
2026/09/22 23:13:05.409, 2, 81229, 97871, 0, 201.31
2026/09/22 23:13:05.409, 3, 81237, 97871, 0, 204.27
2026/09/22 23:13:05.609, 0, 81757, 97871, 0, 149.42
2026/09/22 23:13:05.609, 1, 81757, 97871, 0, 174.13
2026/09/22 23:13:05.609, 2, 81229, 97871, 0, 153.23
2026/09/22 23:13:05.609, 3, 81237, 97871, 0, 152.10
2026/09/22 23:13:05.809, 0, 81757, 97871, 0, 123.06
2026/09/22 23:13:05.809, 1, 81757, 97871, 0, 131.68
2026/09/22 23:13:05.809, 2, 81229, 97871, 0, 124.64
2026/09/22 23:13:05.809, 3, 81237, 97871, 0, 122.67
2026/09/22 23:13:06.009, 0, 81757, 97871, 3, 153.86
2026/09/22 23:13:06.009, 1, 81757, 97871, 20, 144.24
2026/09/22 23:13:06.009, 2, 81229, 97871, 7, 157.97
2026/09/22 23:13:06.010, 3, 81237, 97871, 37, 152.43
2026/09/22 23:13:06.210, 0, 81757, 97871, 100, 197.82
2026/09/22 23:13:06.210, 1, 81757, 97871, 100, 186.28
2026/09/22 23:13:06.210, 2, 81229, 97871, 100, 201.50
2026/09/22 23:13:06.210, 3, 81237, 97871, 100, 195.11
2026/09/22 23:13:06.410, 0, 81757, 97871, 100, 239.30
2026/09/22 23:13:06.410, 1, 81757, 97871, 100, 229.59
2026/09/22 23:13:06.410, 2, 81229, 97871, 100, 242.35
2026/09/22 23:13:06.410, 3, 81237, 97871, 100, 240.76
2026/09/22 23:13:06.610, 0, 81757, 97871, 100, 286.41
2026/09/22 23:13:06.610, 1, 81757, 97871, 100, 273.68
2026/09/22 23:13:06.610, 2, 81229, 97871, 100, 286.75
2026/09/22 23:13:06.610, 3, 81237, 97871, 100, 282.95
2026/09/22 23:13:06.810, 0, 81757, 97871, 100, 331.46
2026/09/22 23:13:06.810, 1, 81757, 97871, 100, 317.30
2026/09/22 23:13:06.810, 2, 81229, 97871, 100, 329.56
2026/09/22 23:13:06.810, 3, 81237, 97871, 100, 331.01
2026/09/22 23:13:07.010, 0, 81757, 97871, 100, 340.39
2026/09/22 23:13:07.010, 1, 81757, 97871, 100, 350.85
2026/09/22 23:13:07.010, 2, 81229, 97871, 100, 344.94
2026/09/22 23:13:07.010, 3, 81237, 97871, 100, 345.35
2026/09/22 23:13:07.210, 0, 81757, 97871, 100, 346.51
2026/09/22 23:13:07.210, 1, 81757, 97871, 100, 353.01
2026/09/22 23:13:07.210, 2, 81229, 97871, 100, 345.77
2026/09/22 23:13:07.210, 3, 81237, 97871, 100, 347.29
2026/09/22 23:13:07.410, 0, 81757, 97871, 100, 346.20
2026/09/22 23:13:07.410, 1, 81757, 97871, 100, 354.02
2026/09/22 23:13:07.410, 2, 81229, 97871, 100, 348.79
2026/09/22 23:13:07.410, 3, 81237, 97871, 100, 348.48
2026/09/22 23:13:07.610, 0, 81757, 97871, 100, 348.20
2026/09/22 23:13:07.611, 1, 81757, 97871, 100, 354.56
2026/09/22 23:13:07.611, 2, 81229, 97871, 100, 347.70
2026/09/22 23:13:07.611, 3, 81237, 97871, 100, 347.05
2026/09/22 23:13:07.811, 0, 81757, 97871, 100, 346.88
2026/09/22 23:13:07.811, 1, 81757, 97871, 100, 355.64
2026/09/22 23:13:07.811, 2, 81229, 97871, 100, 349.67
2026/09/22 23:13:07.811, 3, 81237, 97871, 100, 349.23
2026/09/22 23:13:08.011, 0, 81757, 97871, 100, 348.97
2026/09/22 23:13:08.011, 1, 81757, 97871, 100, 354.16
2026/09/22 23:13:08.011, 2, 81229, 97871, 100, 347.38
2026/09/22 23:13:08.011, 3, 81237, 97871, 100, 347.31
2026/09/22 23:13:08.211, 0, 81757, 97871, 94, 350.07
2026/09/22 23:13:08.211, 1, 81757, 97871, 100, 357.87
2026/09/22 23:13:08.211, 2, 81229, 97871, 94, 349.02
2026/09/22 23:13:08.211, 3, 81237, 97871, 100, 352.05
2026/09/22 23:13:08.411, 0, 81757, 97871, 69, 310.27
2026/09/22 23:13:08.411, 1, 81757, 97871, 24, 335.07
2026/09/22 23:13:08.411, 2, 81229, 97871, 57, 306.34
2026/09/22 23:13:08.411, 3, 81237, 97871, 19, 312.07
2026/09/22 23:13:08.611, 0, 81757, 97871, 0, 265.31
2026/09/22 23:13:08.611, 1, 81757, 97871, 0, 289.54
2026/09/22 23:13:08.611, 2, 81229, 97871, 0, 263.32
2026/09/22 23:13:08.611, 3, 81237, 97871, 0, 267.71
2026/09/22 23:13:08.811, 0, 81757, 97871, 0, 222.15
2026/09/22 23:13:08.811, 1, 81757, 97871, 0, 244.45
2026/09/22 23:13:08.811, 2, 81229, 97871, 0, 215.76
2026/09/22 23:13:08.812, 3, 81237, 97871, 0, 223.60
2026/09/22 23:13:09.012, 0, 81757, 97871, 0, 174.11
2026/09/22 23:13:09.012, 1, 81757, 97871, 0, 203.65
2026/09/22 23:13:09.012, 2, 81229, 97871, 0, 172.84
2026/09/22 23:13:09.012, 3, 81237, 97871, 0, 177.18
2026/09/22 23:13:09.212, 0, 81757, 97871, 0, 126.94
2026/09/22 23:13:09.212, 1, 81757, 97871, 0, 152.01
2026/09/22 23:13:09.212, 2, 81229, 97871, 0, 129.87
2026/09/22 23:13:09.212, 3, 81237, 97871, 0, 127.78
2026/09/22 23:13:09.412, 0, 81757, 97871, 0, 142.18
2026/09/22 23:13:09.412, 1, 81757, 97871, 0, 129.70
2026/09/22 23:13:09.412, 2, 81229, 97871, 0, 144.59
2026/09/22 23:13:09.412, 3, 81237, 97871, 0, 137.13
2026/09/22 23:13:09.612, 0, 81757, 97871, 100, 181.18
2026/09/22 23:13:09.612, 1, 81757, 97871, 100, 172.74
2026/09/22 23:13:09.613, 2, 81229, 97871, 100, 186.77
2026/09/22 23:13:09.613, 3, 81237, 97871, 100, 180.08
2026/09/22 23:13:09.813, 0, 81757, 97871, 100, 226.12
2026/09/22 23:13:09.813, 1, 81757, 97871, 100, 217.27
2026/09/22 23:13:09.813, 2, 81229, 97871, 100, 228.80
2026/09/22 23:13:09.813, 3, 81237, 97871, 100, 225.64
2026/09/22 23:13:10.013, 0, 81757, 97871, 100, 270.28
2026/09/22 23:13:10.013, 1, 81757, 97871, 100, 262.18
2026/09/22 23:13:10.013, 2, 81229, 97871, 100, 272.36
2026/09/22 23:13:10.013, 3, 81237, 97871, 100, 270.37
2026/09/22 23:13:10.213, 0, 81757, 97871, 100, 315.08
2026/09/22 23:13:10.213, 1, 81757, 97871, 100, 306.84
2026/09/22 23:13:10.213, 2, 81229, 97871, 100, 320.34
2026/09/22 23:13:10.213, 3, 81237, 97871, 100, 311.28
2026/09/22 23:13:10.413, 0, 81757, 97871, 100, 341.52
2026/09/22 23:13:10.413, 1, 81757, 97871, 100, 347.29
2026/09/22 23:13:10.413, 2, 81229, 97871, 100, 345.04
2026/09/22 23:13:10.413, 3, 81237, 97871, 100, 345.66
2026/09/22 23:13:10.613, 0, 81757, 97871, 100, 344.91
2026/09/22 23:13:10.613, 1, 81757, 97871, 100, 351.74
2026/09/22 23:13:10.613, 2, 81229, 97871, 100, 346.73
2026/09/22 23:13:10.613, 3, 81237, 97871, 100, 346.56
2026/09/22 23:13:10.813, 0, 81757, 97871, 100, 345.47
2026/09/22 23:13:10.813, 1, 81757, 97871, 100, 353.28
2026/09/22 23:13:10.813, 2, 81229, 97871, 100, 347.12
2026/09/22 23:13:10.813, 3, 81237, 97871, 100, 346.90
2026/09/22 23:13:11.014, 0, 81757, 97871, 100, 347.36
2026/09/22 23:13:11.014, 1, 81757, 97871, 100, 354.02
2026/09/22 23:13:11.014, 2, 81229, 97871, 100, 347.83
2026/09/22 23:13:11.014, 3, 81237, 97871, 100, 346.98
2026/09/22 23:13:11.214, 0, 81757, 97871, 100, 348.09
2026/09/22 23:13:11.214, 1, 81757, 97871, 100, 354.82
2026/09/22 23:13:11.214, 2, 81229, 97871, 100, 347.26
2026/09/22 23:13:11.214, 3, 81237, 97871, 100, 348.60
2026/09/22 23:13:11.414, 0, 81757, 97871, 100, 346.86
2026/09/22 23:13:11.414, 1, 81757, 97871, 100, 354.58
2026/09/22 23:13:11.414, 2, 81229, 97871, 100, 347.03
2026/09/22 23:13:11.414, 3, 81237, 97871, 100, 348.43
2026/09/22 23:13:11.614, 0, 81757, 97871, 100, 348.89
2026/09/22 23:13:11.614, 1, 81757, 97871, 100, 355.15
2026/09/22 23:13:11.614, 2, 81229, 97871, 100, 348.38
2026/09/22 23:13:11.614, 3, 81237, 97871, 100, 348.79
2026/09/22 23:13:11.814, 0, 81757, 97871, 97, 350.93
2026/09/22 23:13:11.814, 1, 81757, 97871, 100, 357.61
2026/09/22 23:13:11.814, 2, 81229, 97871, 97, 352.43
2026/09/22 23:13:11.814, 3, 81237, 97871, 100, 353.61
2026/09/22 23:13:12.014, 0, 81757, 97871, 100, 338.43
2026/09/22 23:13:12.014, 1, 81757, 97871, 100, 360.25
2026/09/22 23:13:12.014, 2, 81229, 97871, 100, 336.87
2026/09/22 23:13:12.014, 3, 81237, 97871, 100, 346.12
2026/09/22 23:13:12.214, 0, 81757, 97871, 0, 293.56
2026/09/22 23:13:12.214, 1, 81757, 97871, 0, 318.17
2026/09/22 23:13:12.214, 2, 81229, 97871, 0, 293.94
2026/09/22 23:13:12.214, 3, 81237, 97871, 0, 301.61
2026/09/22 23:13:12.414, 0, 81757, 97871, 0, 249.30
2026/09/22 23:13:12.414, 1, 81757, 97871, 0, 273.74
2026/09/22 23:13:12.415, 2, 81229, 97871, 0, 250.33
2026/09/22 23:13:12.415, 3, 81237, 97871, 0, 255.51
2026/09/22 23:13:12.615, 0, 81757, 97871, 0, 206.78
2026/09/22 23:13:12.615, 1, 81757, 97871, 0, 231.04
2026/09/22 23:13:12.615, 2, 81229, 97871, 0, 206.55
2026/09/22 23:13:12.615, 3, 81237, 97871, 0, 209.69
2026/09/22 23:13:12.815, 0, 81757, 97871, 0, 156.29
2026/09/22 23:13:12.815, 1, 81757, 97871, 0, 184.22
2026/09/22 23:13:12.815, 2, 81229, 97871, 0, 158.80
2026/09/22 23:13:12.815, 3, 81237, 97871, 0, 160.08
2026/09/22 23:13:13.015, 0, 81757, 97871, 0, 123.34
2026/09/22 23:13:13.015, 1, 81757, 97871, 0, 133.24
2026/09/22 23:13:13.015, 2, 81229, 97871, 0, 125.21
2026/09/22 23:13:13.015, 3, 81237, 97871, 0, 122.82
2026/09/22 23:13:13.215, 0, 81757, 97871, 0, 157.60
2026/09/22 23:13:13.215, 1, 81757, 97871, 43, 148.80
2026/09/22 23:13:13.215, 2, 81229, 97871, 5, 161.32
2026/09/22 23:13:13.215, 3, 81237, 97871, 43, 154.41
2026/09/22 23:13:13.415, 0, 81757, 97871, 100, 200.92
2026/09/22 23:13:13.415, 1, 81757, 97871, 100, 189.04
2026/09/22 23:13:13.415, 2, 81229, 97871, 100, 204.34
2026/09/22 23:13:13.415, 3, 81237, 97871, 100, 198.96
2026/09/22 23:13:13.615, 0, 81757, 97871, 100, 246.62
2026/09/22 23:13:13.615, 1, 81757, 97871, 100, 234.54
2026/09/22 23:13:13.615, 2, 81229, 97871, 100, 246.28
2026/09/22 23:13:13.615, 3, 81237, 97871, 100, 240.93
2026/09/22 23:13:13.815, 0, 81757, 97871, 100, 288.04
2026/09/22 23:13:13.815, 1, 81757, 97871, 100, 279.91
2026/09/22 23:13:13.815, 2, 81229, 97871, 100, 294.18
2026/09/22 23:13:13.815, 3, 81237, 97871, 100, 285.93
2026/09/22 23:13:14.016, 0, 81757, 97871, 100, 336.60
2026/09/22 23:13:14.016, 1, 81757, 97871, 100, 323.86
2026/09/22 23:13:14.016, 2, 81229, 97871, 100, 332.95
2026/09/22 23:13:14.016, 3, 81237, 97871, 100, 333.58
2026/09/22 23:13:14.216, 0, 81757, 97871, 100, 346.09
2026/09/22 23:13:14.216, 1, 81757, 97871, 100, 349.23
2026/09/22 23:13:14.216, 2, 81229, 97871, 100, 344.81
2026/09/22 23:13:14.216, 3, 81237, 97871, 100, 346.63
2026/09/22 23:13:14.416, 0, 81757, 97871, 100, 346.67
2026/09/22 23:13:14.416, 1, 81757, 97871, 100, 354.46
2026/09/22 23:13:14.416, 2, 81229, 97871, 100, 348.06
2026/09/22 23:13:14.416, 3, 81237, 97871, 100, 348.40
2026/09/22 23:13:14.616, 0, 81757, 97871, 100, 348.11
2026/09/22 23:13:14.616, 1, 81757, 97871, 100, 353.96
2026/09/22 23:13:14.616, 2, 81229, 97871, 100, 347.46
2026/09/22 23:13:14.616, 3, 81237, 97871, 100, 348.91
2026/09/22 23:13:14.816, 0, 81757, 97871, 100, 348.29
2026/09/22 23:13:14.816, 1, 81757, 97871, 100, 354.20
2026/09/22 23:13:14.816, 2, 81229, 97871, 100, 347.03
2026/09/22 23:13:14.816, 3, 81237, 97871, 100, 348.31
2026/09/22 23:13:15.016, 0, 81757, 97871, 100, 347.80
2026/09/22 23:13:15.016, 1, 81757, 97871, 100, 355.97
2026/09/22 23:13:15.016, 2, 81229, 97871, 100, 349.79
2026/09/22 23:13:15.016, 3, 81237, 97871, 100, 350.39
2026/09/22 23:13:15.216, 0, 81757, 97871, 100, 348.49
2026/09/22 23:13:15.216, 1, 81757, 97871, 100, 355.53
2026/09/22 23:13:15.216, 2, 81229, 97871, 100, 348.63
2026/09/22 23:13:15.216, 3, 81237, 97871, 100, 349.22
2026/09/22 23:13:15.416, 0, 81757, 97871, 96, 344.16
2026/09/22 23:13:15.417, 1, 81757, 97871, 96, 357.09
2026/09/22 23:13:15.417, 2, 81229, 97871, 96, 342.13
2026/09/22 23:13:15.417, 3, 81237, 97871, 96, 346.98
2026/09/22 23:13:15.617, 0, 81757, 97871, 0, 300.44
2026/09/22 23:13:15.617, 1, 81757, 97871, 0, 325.56
2026/09/22 23:13:15.617, 2, 81229, 97871, 21, 299.14
2026/09/22 23:13:15.617, 3, 81237, 97871, 0, 303.86
2026/09/22 23:13:15.817, 0, 81757, 97871, 0, 255.43
2026/09/22 23:13:15.817, 1, 81757, 97871, 0, 281.77
2026/09/22 23:13:15.817, 2, 81229, 97871, 0, 255.29
2026/09/22 23:13:15.817, 3, 81237, 97871, 0, 257.72
2026/09/22 23:13:16.017, 0, 81757, 97871, 0, 213.56
2026/09/22 23:13:16.017, 1, 81757, 97871, 0, 234.28
2026/09/22 23:13:16.017, 2, 81229, 97871, 0, 211.04
2026/09/22 23:13:16.017, 3, 81237, 97871, 0, 214.57
2026/09/22 23:13:16.217, 0, 81757, 97871, 0, 168.67
2026/09/22 23:13:16.217, 1, 81757, 97871, 0, 189.29
2026/09/22 23:13:16.217, 2, 81229, 97871, 0, 164.52
2026/09/22 23:13:16.217, 3, 81237, 97871, 0, 169.97
2026/09/22 23:13:16.417, 0, 81757, 97871, 0, 125.29
2026/09/22 23:13:16.417, 1, 81757, 97871, 0, 137.69
2026/09/22 23:13:16.417, 2, 81229, 97871, 0, 126.30
2026/09/22 23:13:16.417, 3, 81237, 97871, 0, 123.60
2026/09/22 23:13:16.617, 0, 81757, 97871, 49, 147.91
2026/09/22 23:13:16.618, 1, 81757, 97871, 0, 143.99
2026/09/22 23:13:16.618, 2, 81229, 97871, 0, 155.01
2026/09/22 23:13:16.618, 3, 81237, 97871, 0, 142.34
2026/09/22 23:13:16.818, 0, 81757, 97871, 100, 188.54
2026/09/22 23:13:16.818, 1, 81757, 97871, 100, 184.21
2026/09/22 23:13:16.818, 2, 81229, 97871, 100, 192.45
2026/09/22 23:13:16.818, 3, 81237, 97871, 100, 185.74
2026/09/22 23:13:17.018, 0, 81757, 97871, 100, 234.25
2026/09/22 23:13:17.018, 1, 81757, 97871, 100, 226.99
2026/09/22 23:13:17.018, 2, 81229, 97871, 100, 237.99
2026/09/22 23:13:17.018, 3, 81237, 97871, 100, 228.61
2026/09/22 23:13:17.218, 0, 81757, 97871, 100, 275.49
2026/09/22 23:13:17.218, 1, 81757, 97871, 100, 273.65
2026/09/22 23:13:17.218, 2, 81229, 97871, 100, 282.75
2026/09/22 23:13:17.218, 3, 81237, 97871, 100, 276.76
2026/09/22 23:13:17.418, 0, 81757, 97871, 100, 324.27
2026/09/22 23:13:17.418, 1, 81757, 97871, 100, 315.36
2026/09/22 23:13:17.418, 2, 81229, 97871, 100, 326.86
2026/09/22 23:13:17.418, 3, 81237, 97871, 100, 317.52
2026/09/22 23:13:17.618, 0, 81757, 97871, 100, 344.03
2026/09/22 23:13:17.618, 1, 81757, 97871, 100, 349.22
2026/09/22 23:13:17.618, 2, 81229, 97871, 100, 341.85
2026/09/22 23:13:17.618, 3, 81237, 97871, 100, 345.53
2026/09/22 23:13:17.818, 0, 81757, 97871, 100, 348.70
2026/09/22 23:13:17.818, 1, 81757, 97871, 100, 353.67
2026/09/22 23:13:17.818, 2, 81229, 97871, 100, 347.24
2026/09/22 23:13:17.818, 3, 81237, 97871, 100, 348.25
2026/09/22 23:13:18.019, 0, 81757, 97871, 100, 348.99
2026/09/22 23:13:18.019, 1, 81757, 97871, 100, 353.73
2026/09/22 23:13:18.019, 2, 81229, 97871, 100, 348.36
2026/09/22 23:13:18.019, 3, 81237, 97871, 100, 348.45
2026/09/22 23:13:18.219, 0, 81757, 97871, 100, 349.38
2026/09/22 23:13:18.219, 1, 81757, 97871, 100, 355.05
2026/09/22 23:13:18.219, 2, 81229, 97871, 100, 348.35
2026/09/22 23:13:18.219, 3, 81237, 97871, 100, 348.26
2026/09/22 23:13:18.419, 0, 81757, 97871, 100, 349.74
2026/09/22 23:13:18.419, 1, 81757, 97871, 100, 354.44
2026/09/22 23:13:18.419, 2, 81229, 97871, 100, 349.04
2026/09/22 23:13:18.419, 3, 81237, 97871, 100, 348.59
2026/09/22 23:13:18.619, 0, 81757, 97871, 100, 349.35
2026/09/22 23:13:18.619, 1, 81757, 97871, 100, 354.14
2026/09/22 23:13:18.619, 2, 81229, 97871, 100, 347.91
2026/09/22 23:13:18.619, 3, 81237, 97871, 100, 347.74
2026/09/22 23:13:18.819, 0, 81757, 97871, 93, 347.20
2026/09/22 23:13:18.819, 1, 81757, 97871, 96, 353.38
2026/09/22 23:13:18.819, 2, 81229, 97871, 100, 351.01
2026/09/22 23:13:18.819, 3, 81237, 97871, 93, 348.93
2026/09/22 23:13:19.019, 0, 81757, 97871, 0, 312.56
2026/09/22 23:13:19.019, 1, 81757, 97871, 51, 331.89
2026/09/22 23:13:19.019, 2, 81229, 97871, 86, 314.05
2026/09/22 23:13:19.019, 3, 81237, 97871, 47, 311.32
2026/09/22 23:13:19.219, 0, 81757, 97871, 0, 268.75
2026/09/22 23:13:19.219, 1, 81757, 97871, 0, 287.46
2026/09/22 23:13:19.219, 2, 81229, 97871, 0, 270.90
2026/09/22 23:13:19.219, 3, 81237, 97871, 0, 267.44
2026/09/22 23:13:19.420, 0, 81757, 97871, 0, 220.89
2026/09/22 23:13:19.420, 1, 81757, 97871, 0, 243.79
2026/09/22 23:13:19.420, 2, 81229, 97871, 0, 226.68
2026/09/22 23:13:19.420, 3, 81237, 97871, 0, 220.65
2026/09/22 23:13:19.620, 0, 81757, 97871, 0, 175.80
2026/09/22 23:13:19.620, 1, 81757, 97871, 0, 197.41
2026/09/22 23:13:19.620, 2, 81229, 97871, 0, 183.42
2026/09/22 23:13:19.620, 3, 81237, 97871, 0, 176.38
2026/09/22 23:13:19.820, 0, 81757, 97871, 0, 137.16
2026/09/22 23:13:19.820, 1, 81757, 97871, 0, 153.25
2026/09/22 23:13:19.820, 2, 81229, 97871, 0, 132.95
2026/09/22 23:13:19.820, 3, 81237, 97871, 0, 130.15
2026/09/22 23:13:20.020, 0, 81757, 97871, 0, 133.33
2026/09/22 23:13:20.020, 1, 81757, 97871, 0, 130.13
2026/09/22 23:13:20.020, 2, 81229, 97871, 0, 139.84
2026/09/22 23:13:20.020, 3, 81237, 97871, 0, 132.42
2026/09/22 23:13:20.220, 0, 81757, 97871, 100, 175.44
2026/09/22 23:13:20.220, 1, 81757, 97871, 100, 170.77
2026/09/22 23:13:20.220, 2, 81229, 97871, 95, 179.77
2026/09/22 23:13:20.220, 3, 81237, 97871, 100, 176.09
2026/09/22 23:13:20.421, 0, 81757, 97871, 100, 218.11
2026/09/22 23:13:20.421, 1, 81757, 97871, 100, 214.21
2026/09/22 23:13:20.421, 2, 81229, 97871, 100, 223.28
2026/09/22 23:13:20.421, 3, 81237, 97871, 100, 220.13
2026/09/22 23:13:20.621, 0, 81757, 97871, 100, 261.52
2026/09/22 23:13:20.621, 1, 81757, 97871, 100, 256.87
2026/09/22 23:13:20.621, 2, 81229, 97871, 100, 264.24
2026/09/22 23:13:20.621, 3, 81237, 97871, 100, 263.46
2026/09/22 23:13:20.821, 0, 81757, 97871, 100, 305.48
2026/09/22 23:13:20.821, 1, 81757, 97871, 100, 301.04
2026/09/22 23:13:20.821, 2, 81229, 97871, 100, 307.73
2026/09/22 23:13:20.821, 3, 81237, 97871, 100, 311.18
2026/09/22 23:13:21.021, 0, 81757, 97871, 100, 343.70
2026/09/22 23:13:21.021, 1, 81757, 97871, 100, 348.73
2026/09/22 23:13:21.021, 2, 81229, 97871, 100, 334.29
2026/09/22 23:13:21.021, 3, 81237, 97871, 100, 346.83
2026/09/22 23:13:21.221, 0, 81757, 97871, 100, 346.29
2026/09/22 23:13:21.221, 1, 81757, 97871, 100, 352.09
2026/09/22 23:13:21.221, 2, 81229, 97871, 100, 345.38
2026/09/22 23:13:21.221, 3, 81237, 97871, 100, 346.89
2026/09/22 23:13:21.421, 0, 81757, 97871, 100, 346.52
2026/09/22 23:13:21.421, 1, 81757, 97871, 100, 353.43
2026/09/22 23:13:21.421, 2, 81229, 97871, 100, 346.75
2026/09/22 23:13:21.421, 3, 81237, 97871, 100, 346.94
2026/09/22 23:13:21.621, 0, 81757, 97871, 100, 346.99
2026/09/22 23:13:21.621, 1, 81757, 97871, 100, 353.79
2026/09/22 23:13:21.621, 2, 81229, 97871, 100, 347.73
2026/09/22 23:13:21.621, 3, 81237, 97871, 100, 348.27
2026/09/22 23:13:21.822, 0, 81757, 97871, 100, 348.23
2026/09/22 23:13:21.822, 1, 81757, 97871, 100, 354.30
2026/09/22 23:13:21.822, 2, 81229, 97871, 100, 347.54
2026/09/22 23:13:21.822, 3, 81237, 97871, 100, 349.07
2026/09/22 23:13:22.022, 0, 81757, 97871, 100, 348.81
2026/09/22 23:13:22.022, 1, 81757, 97871, 100, 355.07
2026/09/22 23:13:22.022, 2, 81229, 97871, 100, 347.76
2026/09/22 23:13:22.022, 3, 81237, 97871, 100, 348.96
2026/09/22 23:13:22.222, 0, 81757, 97871, 100, 347.79
2026/09/22 23:13:22.222, 1, 81757, 97871, 100, 355.72
2026/09/22 23:13:22.222, 2, 81229, 97871, 100, 347.92
2026/09/22 23:13:22.222, 3, 81237, 97871, 100, 348.90
2026/09/22 23:13:22.422, 0, 81757, 97871, 100, 346.50
2026/09/22 23:13:22.422, 1, 81757, 97871, 98, 357.58
2026/09/22 23:13:22.422, 2, 81229, 97871, 100, 350.70
2026/09/22 23:13:22.422, 3, 81237, 97871, 99, 347.29
2026/09/22 23:13:22.622, 0, 81757, 97871, 0, 305.20
2026/09/22 23:13:22.622, 1, 81757, 97871, 12, 326.29
2026/09/22 23:13:22.622, 2, 81229, 97871, 0, 323.56
2026/09/22 23:13:22.622, 3, 81237, 97871, 7, 303.88
2026/09/22 23:13:22.822, 0, 81757, 97871, 0, 261.16
2026/09/22 23:13:22.822, 1, 81757, 97871, 0, 280.45
2026/09/22 23:13:22.822, 2, 81229, 97871, 0, 279.66
2026/09/22 23:13:22.822, 3, 81237, 97871, 0, 258.52
2026/09/22 23:13:23.022, 0, 81757, 97871, 9, 231.70
2026/09/22 23:13:23.022, 1, 81757, 97871, 0, 239.58
2026/09/22 23:13:23.023, 2, 81229, 97871, 21, 234.52
2026/09/22 23:13:23.023, 3, 81237, 97871, 0, 232.45
2026/09/22 23:13:23.223, 0, 81757, 97871, 100, 231.36
2026/09/22 23:13:23.223, 1, 81757, 97871, 100, 238.88
2026/09/22 23:13:23.223, 2, 81229, 97871, 100, 235.81
2026/09/22 23:13:23.223, 3, 81237, 97871, 100, 236.01
2026/09/22 23:13:23.423, 0, 81757, 97871, 100, 234.87
2026/09/22 23:13:23.423, 1, 81757, 97871, 100, 241.35
2026/09/22 23:13:23.423, 2, 81229, 97871, 100, 238.58
2026/09/22 23:13:23.423, 3, 81237, 97871, 100, 236.79
2026/09/22 23:13:23.623, 0, 81757, 97871, 100, 275.35
2026/09/22 23:13:23.623, 1, 81757, 97871, 100, 272.85
2026/09/22 23:13:23.623, 2, 81229, 97871, 100, 267.81
2026/09/22 23:13:23.623, 3, 81237, 97871, 100, 278.65
2026/09/22 23:13:23.823, 0, 81757, 97871, 100, 324.76
2026/09/22 23:13:23.823, 1, 81757, 97871, 100, 319.11
2026/09/22 23:13:23.823, 2, 81229, 97871, 100, 315.37
2026/09/22 23:13:23.823, 3, 81237, 97871, 100, 328.92
2026/09/22 23:13:24.023, 0, 81757, 97871, 56, 329.44
2026/09/22 23:13:24.023, 1, 81757, 97871, 90, 347.66
2026/09/22 23:13:24.023, 2, 81229, 97871, 36, 350.59
2026/09/22 23:13:24.023, 3, 81237, 97871, 90, 330.89
2026/09/22 23:13:24.224, 0, 81757, 97871, 0, 284.62
2026/09/22 23:13:24.224, 1, 81757, 97871, 0, 304.80
2026/09/22 23:13:24.224, 2, 81229, 97871, 0, 307.12
2026/09/22 23:13:24.224, 3, 81237, 97871, 0, 284.62
2026/09/22 23:13:24.424, 0, 81757, 97871, 0, 237.41
2026/09/22 23:13:24.424, 1, 81757, 97871, 0, 256.59
2026/09/22 23:13:24.424, 2, 81229, 97871, 0, 258.15
2026/09/22 23:13:24.424, 3, 81237, 97871, 0, 235.96
2026/09/22 23:13:24.624, 0, 81757, 97871, 0, 190.93
2026/09/22 23:13:24.624, 1, 81757, 97871, 0, 212.91
2026/09/22 23:13:24.624, 2, 81229, 97871, 0, 212.85
2026/09/22 23:13:24.624, 3, 81237, 97871, 0, 192.67
2026/09/22 23:13:24.825, 0, 81757, 97871, 0, 148.52
2026/09/22 23:13:24.825, 1, 81757, 97871, 0, 167.40
2026/09/22 23:13:24.825, 2, 81229, 97871, 0, 166.56
2026/09/22 23:13:24.825, 3, 81237, 97871, 0, 146.93
2026/09/22 23:13:25.025, 0, 81757, 97871, 0, 124.02
2026/09/22 23:13:25.025, 1, 81757, 97871, 0, 131.35
2026/09/22 23:13:25.025, 2, 81229, 97871, 0, 127.12
2026/09/22 23:13:25.025, 3, 81237, 97871, 0, 123.29
2026/09/22 23:13:25.225, 0, 81757, 97871, 0, 123.68
2026/09/22 23:13:25.225, 1, 81757, 97871, 0, 130.07
2026/09/22 23:13:25.225, 2, 81229, 97871, 0, 125.33
2026/09/22 23:13:25.225, 3, 81237, 97871, 0, 123.15
2026/09/22 23:13:25.425, 0, 81757, 97871, 0, 123.51
2026/09/22 23:13:25.425, 1, 81757, 97871, 0, 129.85
2026/09/22 23:13:25.425, 2, 81229, 97871, 0, 125.10
2026/09/22 23:13:25.425, 3, 81237, 97871, 0, 123.07
2026/09/22 23:13:25.625, 0, 81757, 97871, 0, 123.42
2026/09/22 23:13:25.626, 1, 81757, 97871, 0, 129.69
2026/09/22 23:13:25.626, 2, 81229, 97871, 0, 124.93
2026/09/22 23:13:25.626, 3, 81237, 97871, 0, 123.00
2026/09/22 23:13:25.826, 0, 81757, 97871, 0, 123.28
2026/09/22 23:13:25.826, 1, 81757, 97871, 0, 129.56
2026/09/22 23:13:25.826, 2, 81229, 97871, 0, 124.82
2026/09/22 23:13:25.826, 3, 81237, 97871, 0, 122.95
2026/09/22 23:13:26.026, 0, 81757, 97871, 0, 123.22
2026/09/22 23:13:26.026, 1, 81757, 97871, 0, 129.45
2026/09/22 23:13:26.026, 2, 81229, 97871, 0, 124.72
2026/09/22 23:13:26.026, 3, 81237, 97871, 0, 122.91
2026/09/22 23:13:26.226, 0, 81757, 97871, 0, 123.16
2026/09/22 23:13:26.226, 1, 81757, 97871, 0, 129.37
2026/09/22 23:13:26.226, 2, 81229, 97871, 0, 124.63
2026/09/22 23:13:26.226, 3, 81237, 97871, 0, 122.88
2026/09/22 23:13:26.426, 0, 81757, 97871, 0, 123.09
2026/09/22 23:13:26.426, 1, 81757, 97871, 0, 129.26
2026/09/22 23:13:26.426, 2, 81229, 97871, 0, 124.54
2026/09/22 23:13:26.426, 3, 81237, 97871, 0, 122.83
2026/09/22 23:13:26.626, 0, 81757, 97871, 0, 123.04
2026/09/22 23:13:26.626, 1, 81757, 97871, 0, 129.18
2026/09/22 23:13:26.626, 2, 81229, 97871, 0, 124.49
2026/09/22 23:13:26.626, 3, 81237, 97871, 0, 122.82
2026/09/22 23:13:26.826, 0, 81757, 97871, 0, 123.00
2026/09/22 23:13:26.827, 1, 81757, 97871, 0, 129.11
2026/09/22 23:13:26.827, 2, 81229, 97871, 0, 124.41
2026/09/22 23:13:26.827, 3, 81237, 97871, 0, 122.78
2026/09/22 23:13:27.027, 0, 81757, 97871, 0, 122.93
2026/09/22 23:13:27.027, 1, 81757, 97871, 0, 129.04
2026/09/22 23:13:27.027, 2, 81229, 97871, 0, 124.27
2026/09/22 23:13:27.027, 3, 81237, 97871, 0, 122.73
2026/09/22 23:13:27.227, 0, 81757, 97871, 0, 122.90
2026/09/22 23:13:27.227, 1, 81757, 97871, 0, 128.98
2026/09/22 23:13:27.227, 2, 81229, 97871, 0, 124.14
2026/09/22 23:13:27.227, 3, 81237, 97871, 0, 122.68
2026/09/22 23:13:27.427, 0, 81757, 97871, 0, 122.86
2026/09/22 23:13:27.427, 1, 81757, 97871, 0, 128.94
2026/09/22 23:13:27.427, 2, 81229, 97871, 0, 124.02
2026/09/22 23:13:27.427, 3, 81237, 97871, 0, 122.68
2026/09/22 23:13:27.627, 0, 81757, 97871, 0, 122.79
2026/09/22 23:13:27.627, 1, 81757, 97871, 0, 128.88
2026/09/22 23:13:27.627, 2, 81229, 97871, 0, 123.89
2026/09/22 23:13:27.627, 3, 81237, 97871, 0, 122.65
2026/09/22 23:13:27.827, 0, 81757, 97871, 0, 122.77
2026/09/22 23:13:27.827, 1, 81757, 97871, 0, 128.84
2026/09/22 23:13:27.827, 2, 81229, 97871, 0, 123.79
2026/09/22 23:13:27.827, 3, 81237, 97871, 0, 122.62
2026/09/22 23:13:28.027, 0, 81757, 97871, 0, 122.75
2026/09/22 23:13:28.027, 1, 81757, 97871, 0, 128.82
2026/09/22 23:13:28.028, 2, 81229, 97871, 0, 123.73
2026/09/22 23:13:28.028, 3, 81237, 97871, 0, 122.62
2026/09/22 23:13:28.228, 0, 81757, 97871, 0, 122.69
2026/09/22 23:13:28.228, 1, 81757, 97871, 0, 128.79
2026/09/22 23:13:28.228, 2, 81229, 97871, 0, 123.71
2026/09/22 23:13:28.228, 3, 81237, 97871, 0, 122.61
2026/09/22 23:13:28.428, 0, 81757, 97871, 0, 122.65
2026/09/22 23:13:28.428, 1, 81757, 97871, 0, 128.78
2026/09/22 23:13:28.428, 2, 81229, 97871, 0, 123.68
2026/09/22 23:13:28.428, 3, 81237, 97871, 0, 122.57
2026/09/22 23:13:28.628, 0, 81757, 97871, 0, 122.65
2026/09/22 23:13:28.628, 1, 81757, 97871, 0, 128.73
2026/09/22 23:13:28.628, 2, 81229, 97871, 0, 123.64
2026/09/22 23:13:28.628, 3, 81237, 97871, 0, 122.53
2026/09/22 23:13:28.828, 0, 81757, 97871, 0, 122.61
2026/09/22 23:13:28.828, 1, 81757, 97871, 0, 128.70
2026/09/22 23:13:28.828, 2, 81229, 97871, 0, 123.60
2026/09/22 23:13:28.828, 3, 81237, 97871, 0, 122.48
2026/09/22 23:13:29.028, 0, 81757, 97871, 0, 123.82
2026/09/22 23:13:29.028, 1, 81757, 97871, 0, 128.65
2026/09/22 23:13:29.028, 2, 81229, 97871, 0, 123.57
2026/09/22 23:13:29.028, 3, 81237, 97871, 0, 122.46
2026/09/22 23:13:29.228, 0, 81757, 97871, 30, 131.98
2026/09/22 23:13:29.229, 1, 81757, 97871, 45, 138.19
2026/09/22 23:13:29.229, 2, 81229, 97871, 17, 133.15
2026/09/22 23:13:29.229, 3, 81237, 97871, 49, 132.11
2026/09/22 23:13:29.429, 0, 81757, 97871, 0, 132.00
2026/09/22 23:13:29.429, 1, 81757, 97871, 0, 138.40
2026/09/22 23:13:29.429, 2, 81229, 97871, 0, 133.19
2026/09/22 23:13:29.429, 3, 81237, 97871, 0, 131.98
2026/09/22 23:13:29.629, 0, 81757, 97871, 0, 131.97
2026/09/22 23:13:29.629, 1, 81757, 97871, 0, 138.44
2026/09/22 23:13:29.629, 2, 81229, 97871, 0, 132.99
2026/09/22 23:13:29.629, 3, 81237, 97871, 0, 132.05
2026/09/22 23:13:29.829, 0, 81757, 97871, 87, 169.77
2026/09/22 23:13:29.829, 1, 81757, 97871, 33, 159.16
2026/09/22 23:13:29.829, 2, 81229, 97871, 98, 151.44
2026/09/22 23:13:29.829, 3, 81237, 97871, 38, 167.65
2026/09/22 23:13:30.029, 0, 81757, 97871, 100, 214.83
2026/09/22 23:13:30.030, 1, 81757, 97871, 100, 205.54
2026/09/22 23:13:30.030, 2, 81229, 97871, 100, 195.57
2026/09/22 23:13:30.030, 3, 81237, 97871, 100, 214.59
2026/09/22 23:13:30.230, 0, 81757, 97871, 100, 253.77
2026/09/22 23:13:30.230, 1, 81757, 97871, 100, 242.81
2026/09/22 23:13:30.230, 2, 81229, 97871, 100, 232.21
2026/09/22 23:13:30.230, 3, 81237, 97871, 100, 251.62
2026/09/22 23:13:30.430, 0, 81757, 97871, 100, 300.28
2026/09/22 23:13:30.430, 1, 81757, 97871, 100, 286.55
2026/09/22 23:13:30.430, 2, 81229, 97871, 100, 281.19
2026/09/22 23:13:30.430, 3, 81237, 97871, 100, 298.96
2026/09/22 23:13:30.630, 0, 81757, 97871, 100, 347.32
2026/09/22 23:13:30.630, 1, 81757, 97871, 100, 336.48
2026/09/22 23:13:30.630, 2, 81229, 97871, 100, 327.64
2026/09/22 23:13:30.630, 3, 81237, 97871, 100, 346.88
2026/09/22 23:13:30.830, 0, 81757, 97871, 100, 353.27
2026/09/22 23:13:30.830, 1, 81757, 97871, 100, 362.89
2026/09/22 23:13:30.830, 2, 81229, 97871, 100, 356.05
2026/09/22 23:13:30.830, 3, 81237, 97871, 100, 357.15
2026/09/22 23:13:31.030, 0, 81757, 97871, 31, 318.30
2026/09/22 23:13:31.030, 1, 81757, 97871, 76, 343.75
2026/09/22 23:13:31.031, 2, 81229, 97871, 19, 342.27
2026/09/22 23:13:31.031, 3, 81237, 97871, 72, 324.28
2026/09/22 23:13:31.231, 0, 81757, 97871, 0, 273.52
2026/09/22 23:13:31.231, 1, 81757, 97871, 0, 298.16
2026/09/22 23:13:31.231, 2, 81229, 97871, 0, 297.17
2026/09/22 23:13:31.231, 3, 81237, 97871, 0, 276.55
2026/09/22 23:13:31.431, 0, 81757, 97871, 0, 228.13
2026/09/22 23:13:31.431, 1, 81757, 97871, 0, 249.91
2026/09/22 23:13:31.431, 2, 81229, 97871, 0, 251.24
2026/09/22 23:13:31.431, 3, 81237, 97871, 0, 232.02
2026/09/22 23:13:31.631, 0, 81757, 97871, 0, 181.71
2026/09/22 23:13:31.631, 1, 81757, 97871, 0, 203.25
2026/09/22 23:13:31.631, 2, 81229, 97871, 0, 202.81
2026/09/22 23:13:31.631, 3, 81237, 97871, 0, 185.19
2026/09/22 23:13:31.831, 0, 81757, 97871, 0, 137.39
2026/09/22 23:13:31.831, 1, 81757, 97871, 0, 155.89
2026/09/22 23:13:31.831, 2, 81229, 97871, 0, 155.59
2026/09/22 23:13:31.831, 3, 81237, 97871, 0, 138.71
2026/09/22 23:13:32.031, 0, 81757, 97871, 0, 124.52
2026/09/22 23:13:32.031, 1, 81757, 97871, 0, 129.50
2026/09/22 23:13:32.031, 2, 81229, 97871, 0, 124.89
2026/09/22 23:13:32.031, 3, 81237, 97871, 0, 122.73
2026/09/22 23:13:32.231, 0, 81757, 97871, 100, 167.64
2026/09/22 23:13:32.232, 1, 81757, 97871, 100, 162.56
2026/09/22 23:13:32.232, 2, 81229, 97871, 100, 156.92
2026/09/22 23:13:32.232, 3, 81237, 97871, 66, 165.83
2026/09/22 23:13:32.432, 0, 81757, 97871, 100, 211.30
2026/09/22 23:13:32.432, 1, 81757, 97871, 100, 201.76
2026/09/22 23:13:32.432, 2, 81229, 97871, 100, 193.98
2026/09/22 23:13:32.432, 3, 81237, 97871, 100, 207.93
2026/09/22 23:13:32.632, 0, 81757, 97871, 100, 257.84
2026/09/22 23:13:32.632, 1, 81757, 97871, 100, 246.46
2026/09/22 23:13:32.632, 2, 81229, 97871, 100, 235.94
2026/09/22 23:13:32.632, 3, 81237, 97871, 100, 251.41
2026/09/22 23:13:32.832, 0, 81757, 97871, 100, 302.82
2026/09/22 23:13:32.832, 1, 81757, 97871, 100, 287.60
2026/09/22 23:13:32.832, 2, 81229, 97871, 100, 279.51
2026/09/22 23:13:32.832, 3, 81237, 97871, 100, 299.61
2026/09/22 23:13:33.032, 0, 81757, 97871, 100, 345.86
2026/09/22 23:13:33.032, 1, 81757, 97871, 100, 330.85
2026/09/22 23:13:33.032, 2, 81229, 97871, 100, 322.61
2026/09/22 23:13:33.032, 3, 81237, 97871, 100, 340.09
2026/09/22 23:13:33.232, 0, 81757, 97871, 100, 346.54
2026/09/22 23:13:33.232, 1, 81757, 97871, 100, 343.09
2026/09/22 23:13:33.232, 2, 81229, 97871, 100, 338.96
2026/09/22 23:13:33.232, 3, 81237, 97871, 100, 345.27
2026/09/22 23:13:33.432, 0, 81757, 97871, 100, 347.71
2026/09/22 23:13:33.432, 1, 81757, 97871, 100, 353.02
2026/09/22 23:13:33.433, 2, 81229, 97871, 100, 346.03
2026/09/22 23:13:33.433, 3, 81237, 97871, 100, 347.32
2026/09/22 23:13:33.633, 0, 81757, 97871, 100, 348.34
2026/09/22 23:13:33.633, 1, 81757, 97871, 100, 353.21
2026/09/22 23:13:33.633, 2, 81229, 97871, 100, 346.79
2026/09/22 23:13:33.633, 3, 81237, 97871, 100, 348.48
2026/09/22 23:13:33.833, 0, 81757, 97871, 100, 348.32
2026/09/22 23:13:33.833, 1, 81757, 97871, 100, 353.51
2026/09/22 23:13:33.833, 2, 81229, 97871, 100, 347.18
2026/09/22 23:13:33.833, 3, 81237, 97871, 100, 347.99
2026/09/22 23:13:34.033, 0, 81757, 97871, 100, 347.96
2026/09/22 23:13:34.033, 1, 81757, 97871, 100, 354.76
2026/09/22 23:13:34.033, 2, 81229, 97871, 100, 347.66
2026/09/22 23:13:34.033, 3, 81237, 97871, 100, 348.02
2026/09/22 23:13:34.233, 0, 81757, 97871, 100, 347.55
2026/09/22 23:13:34.233, 1, 81757, 97871, 100, 355.05
2026/09/22 23:13:34.233, 2, 81229, 97871, 100, 348.54
2026/09/22 23:13:34.233, 3, 81237, 97871, 100, 347.91
2026/09/22 23:13:34.433, 0, 81757, 97871, 97, 348.92
2026/09/22 23:13:34.433, 1, 81757, 97871, 97, 355.36
2026/09/22 23:13:34.433, 2, 81229, 97871, 97, 351.22
2026/09/22 23:13:34.433, 3, 81237, 97871, 97, 352.49
2026/09/22 23:13:34.633, 0, 81757, 97871, 100, 344.31
2026/09/22 23:13:34.634, 1, 81757, 97871, 100, 360.74
2026/09/22 23:13:34.634, 2, 81229, 97871, 100, 354.54
2026/09/22 23:13:34.634, 3, 81237, 97871, 100, 348.86
2026/09/22 23:13:34.834, 0, 81757, 97871, 0, 300.52
2026/09/22 23:13:34.834, 1, 81757, 97871, 1, 327.38
2026/09/22 23:13:34.834, 2, 81229, 97871, 0, 323.95
2026/09/22 23:13:34.834, 3, 81237, 97871, 0, 305.52
2026/09/22 23:13:35.034, 0, 81757, 97871, 0, 257.06
2026/09/22 23:13:35.034, 1, 81757, 97871, 0, 282.36
2026/09/22 23:13:35.034, 2, 81229, 97871, 0, 280.98
2026/09/22 23:13:35.034, 3, 81237, 97871, 0, 261.05
2026/09/22 23:13:35.234, 0, 81757, 97871, 0, 213.76
2026/09/22 23:13:35.234, 1, 81757, 97871, 0, 239.97
2026/09/22 23:13:35.234, 2, 81229, 97871, 0, 235.97
2026/09/22 23:13:35.234, 3, 81237, 97871, 0, 217.87
2026/09/22 23:13:35.434, 0, 81757, 97871, 0, 168.12
2026/09/22 23:13:35.435, 1, 81757, 97871, 0, 195.12
2026/09/22 23:13:35.435, 2, 81229, 97871, 0, 191.06
2026/09/22 23:13:35.435, 3, 81237, 97871, 0, 165.49
2026/09/22 23:13:35.635, 0, 81757, 97871, 0, 124.06
2026/09/22 23:13:35.635, 1, 81757, 97871, 0, 146.24
2026/09/22 23:13:35.635, 2, 81229, 97871, 0, 143.68
2026/09/22 23:13:35.635, 3, 81237, 97871, 0, 124.31
2026/09/22 23:13:35.835, 0, 81757, 97871, 50, 152.63
2026/09/22 23:13:35.835, 1, 81757, 97871, 1, 145.34
2026/09/22 23:13:35.835, 2, 81229, 97871, 63, 135.03
2026/09/22 23:13:35.835, 3, 81237, 97871, 0, 147.41
2026/09/22 23:13:36.035, 0, 81757, 97871, 100, 193.05
2026/09/22 23:13:36.035, 1, 81757, 97871, 100, 185.78
2026/09/22 23:13:36.035, 2, 81229, 97871, 100, 176.44
2026/09/22 23:13:36.035, 3, 81237, 97871, 100, 192.06
2026/09/22 23:13:36.235, 0, 81757, 97871, 100, 238.97
2026/09/22 23:13:36.235, 1, 81757, 97871, 100, 230.04
2026/09/22 23:13:36.235, 2, 81229, 97871, 100, 219.96
2026/09/22 23:13:36.235, 3, 81237, 97871, 100, 235.56
2026/09/22 23:13:36.435, 0, 81757, 97871, 100, 282.28
2026/09/22 23:13:36.435, 1, 81757, 97871, 100, 274.10
2026/09/22 23:13:36.435, 2, 81229, 97871, 100, 266.30
2026/09/22 23:13:36.435, 3, 81237, 97871, 100, 282.75
2026/09/22 23:13:36.636, 0, 81757, 97871, 100, 322.82
2026/09/22 23:13:36.636, 1, 81757, 97871, 100, 319.46
2026/09/22 23:13:36.636, 2, 81229, 97871, 100, 310.69
2026/09/22 23:13:36.636, 3, 81237, 97871, 100, 328.07
2026/09/22 23:13:36.836, 0, 81757, 97871, 100, 341.89
2026/09/22 23:13:36.836, 1, 81757, 97871, 100, 349.78
2026/09/22 23:13:36.836, 2, 81229, 97871, 100, 345.81
2026/09/22 23:13:36.836, 3, 81237, 97871, 100, 347.23
2026/09/22 23:13:37.036, 0, 81757, 97871, 100, 343.60
2026/09/22 23:13:37.036, 1, 81757, 97871, 100, 352.55
2026/09/22 23:13:37.036, 2, 81229, 97871, 100, 347.86
2026/09/22 23:13:37.036, 3, 81237, 97871, 100, 347.19
2026/09/22 23:13:37.236, 0, 81757, 97871, 100, 344.59
2026/09/22 23:13:37.236, 1, 81757, 97871, 100, 353.30
2026/09/22 23:13:37.236, 2, 81229, 97871, 100, 348.88
2026/09/22 23:13:37.236, 3, 81237, 97871, 100, 347.81
2026/09/22 23:13:37.436, 0, 81757, 97871, 100, 344.58
2026/09/22 23:13:37.436, 1, 81757, 97871, 100, 354.20
2026/09/22 23:13:37.436, 2, 81229, 97871, 100, 349.01
2026/09/22 23:13:37.436, 3, 81237, 97871, 100, 348.31
2026/09/22 23:13:37.636, 0, 81757, 97871, 100, 344.88
2026/09/22 23:13:37.636, 1, 81757, 97871, 100, 354.27
2026/09/22 23:13:37.636, 2, 81229, 97871, 100, 349.88
2026/09/22 23:13:37.636, 3, 81237, 97871, 100, 348.64
2026/09/22 23:13:37.836, 0, 81757, 97871, 100, 345.45
2026/09/22 23:13:37.836, 1, 81757, 97871, 100, 354.08
2026/09/22 23:13:37.836, 2, 81229, 97871, 100, 350.55
2026/09/22 23:13:37.836, 3, 81237, 97871, 100, 348.97
2026/09/22 23:13:38.036, 0, 81757, 97871, 92, 325.88
2026/09/22 23:13:38.037, 1, 81757, 97871, 91, 347.91
2026/09/22 23:13:38.037, 2, 81229, 97871, 81, 348.29
2026/09/22 23:13:38.037, 3, 81237, 97871, 91, 331.15
2026/09/22 23:13:38.237, 0, 81757, 97871, 0, 281.53
2026/09/22 23:13:38.237, 1, 81757, 97871, 0, 304.88
2026/09/22 23:13:38.237, 2, 81229, 97871, 0, 304.79
2026/09/22 23:13:38.237, 3, 81237, 97871, 0, 285.65
2026/09/22 23:13:38.437, 0, 81757, 97871, 0, 236.84
2026/09/22 23:13:38.437, 1, 81757, 97871, 0, 260.01
2026/09/22 23:13:38.437, 2, 81229, 97871, 0, 260.52
2026/09/22 23:13:38.437, 3, 81237, 97871, 0, 241.70
2026/09/22 23:13:38.637, 0, 81757, 97871, 0, 192.19
2026/09/22 23:13:38.637, 1, 81757, 97871, 0, 215.11
2026/09/22 23:13:38.637, 2, 81229, 97871, 0, 215.53
2026/09/22 23:13:38.637, 3, 81237, 97871, 0, 198.40
2026/09/22 23:13:38.837, 0, 81757, 97871, 0, 151.28
2026/09/22 23:13:38.837, 1, 81757, 97871, 0, 171.01
2026/09/22 23:13:38.837, 2, 81229, 97871, 0, 169.43
2026/09/22 23:13:38.837, 3, 81237, 97871, 0, 153.98
2026/09/22 23:13:39.038, 0, 81757, 97871, 0, 123.65
2026/09/22 23:13:39.038, 1, 81757, 97871, 0, 131.60
2026/09/22 23:13:39.038, 2, 81229, 97871, 0, 130.95
2026/09/22 23:13:39.038, 3, 81237, 97871, 0, 122.44
2026/09/22 23:13:39.238, 0, 81757, 97871, 100, 162.33
2026/09/22 23:13:39.238, 1, 81757, 97871, 49, 154.26
2026/09/22 23:13:39.238, 2, 81229, 97871, 100, 144.58
2026/09/22 23:13:39.238, 3, 81237, 97871, 48, 158.90
2026/09/22 23:13:39.438, 0, 81757, 97871, 100, 206.09
2026/09/22 23:13:39.438, 1, 81757, 97871, 100, 195.05
2026/09/22 23:13:39.438, 2, 81229, 97871, 100, 186.13
2026/09/22 23:13:39.438, 3, 81237, 97871, 100, 203.28
2026/09/22 23:13:39.638, 0, 81757, 97871, 100, 248.12
2026/09/22 23:13:39.638, 1, 81757, 97871, 100, 238.20
2026/09/22 23:13:39.638, 2, 81229, 97871, 100, 229.38
2026/09/22 23:13:39.638, 3, 81237, 97871, 100, 247.58
2026/09/22 23:13:39.838, 0, 81757, 97871, 100, 296.12
2026/09/22 23:13:39.838, 1, 81757, 97871, 100, 281.82
2026/09/22 23:13:39.838, 2, 81229, 97871, 100, 273.96
2026/09/22 23:13:39.838, 3, 81237, 97871, 100, 292.81
2026/09/22 23:13:40.038, 0, 81757, 97871, 100, 335.96
2026/09/22 23:13:40.038, 1, 81757, 97871, 100, 326.14
2026/09/22 23:13:40.038, 2, 81229, 97871, 100, 317.16
2026/09/22 23:13:40.038, 3, 81237, 97871, 100, 333.59
2026/09/22 23:13:40.238, 0, 81757, 97871, 100, 344.92
2026/09/22 23:13:40.238, 1, 81757, 97871, 100, 350.55
2026/09/22 23:13:40.238, 2, 81229, 97871, 100, 344.54
2026/09/22 23:13:40.238, 3, 81237, 97871, 100, 346.22
2026/09/22 23:13:40.439, 0, 81757, 97871, 100, 346.52
2026/09/22 23:13:40.439, 1, 81757, 97871, 100, 353.93
2026/09/22 23:13:40.439, 2, 81229, 97871, 100, 346.85
2026/09/22 23:13:40.439, 3, 81237, 97871, 100, 347.14
2026/09/22 23:13:40.639, 0, 81757, 97871, 100, 347.87
2026/09/22 23:13:40.639, 1, 81757, 97871, 100, 354.88
2026/09/22 23:13:40.639, 2, 81229, 97871, 100, 348.17
2026/09/22 23:13:40.639, 3, 81237, 97871, 100, 347.72
2026/09/22 23:13:40.839, 0, 81757, 97871, 100, 347.37
2026/09/22 23:13:40.839, 1, 81757, 97871, 100, 355.57
2026/09/22 23:13:40.839, 2, 81229, 97871, 100, 348.61
2026/09/22 23:13:40.839, 3, 81237, 97871, 100, 346.87
2026/09/22 23:13:41.039, 0, 81757, 97871, 100, 348.21
2026/09/22 23:13:41.039, 1, 81757, 97871, 100, 356.20
2026/09/22 23:13:41.039, 2, 81229, 97871, 100, 348.83
2026/09/22 23:13:41.039, 3, 81237, 97871, 100, 347.71
2026/09/22 23:13:41.239, 0, 81757, 97871, 100, 348.26
2026/09/22 23:13:41.239, 1, 81757, 97871, 100, 356.14
2026/09/22 23:13:41.239, 2, 81229, 97871, 100, 350.00
2026/09/22 23:13:41.239, 3, 81237, 97871, 100, 348.23
2026/09/22 23:13:41.439, 0, 81757, 97871, 100, 351.55
2026/09/22 23:13:41.439, 1, 81757, 97871, 100, 357.41
2026/09/22 23:13:41.439, 2, 81229, 97871, 100, 350.52
2026/09/22 23:13:41.439, 3, 81237, 97871, 95, 351.67
2026/09/22 23:13:41.639, 0, 81757, 97871, 26, 318.92
2026/09/22 23:13:41.639, 1, 81757, 97871, 0, 343.28
2026/09/22 23:13:41.640, 2, 81229, 97871, 14, 339.45
2026/09/22 23:13:41.640, 3, 81237, 97871, 77, 323.05
2026/09/22 23:13:41.840, 0, 81757, 97871, 0, 273.91
2026/09/22 23:13:41.840, 1, 81757, 97871, 0, 299.19
2026/09/22 23:13:41.840, 2, 81229, 97871, 0, 294.28
2026/09/22 23:13:41.840, 3, 81237, 97871, 0, 279.08
2026/09/22 23:13:42.040, 0, 81757, 97871, 0, 231.87
2026/09/22 23:13:42.040, 1, 81757, 97871, 0, 252.46
2026/09/22 23:13:42.040, 2, 81229, 97871, 0, 249.55
2026/09/22 23:13:42.040, 3, 81237, 97871, 0, 234.67
2026/09/22 23:13:42.240, 0, 81757, 97871, 0, 187.55
2026/09/22 23:13:42.240, 1, 81757, 97871, 0, 207.02
2026/09/22 23:13:42.240, 2, 81229, 97871, 0, 183.47
2026/09/22 23:13:42.240, 3, 81237, 97871, 0, 186.65
2026/09/22 23:13:42.440, 0, 81757, 97871, 0, 141.29
2026/09/22 23:13:42.440, 1, 81757, 97871, 0, 165.20
2026/09/22 23:13:42.440, 2, 81229, 97871, 0, 134.68
2026/09/22 23:13:42.441, 3, 81237, 97871, 0, 138.02
2026/09/22 23:13:42.641, 0, 81757, 97871, 0, 138.65
2026/09/22 23:13:42.641, 1, 81757, 97871, 20, 130.44
2026/09/22 23:13:42.641, 2, 81229, 97871, 0, 141.29
2026/09/22 23:13:42.641, 3, 81237, 97871, 0, 132.84
2026/09/22 23:13:42.841, 0, 81757, 97871, 100, 180.03
2026/09/22 23:13:42.841, 1, 81757, 97871, 100, 169.25
2026/09/22 23:13:42.841, 2, 81229, 97871, 100, 182.66
2026/09/22 23:13:42.841, 3, 81237, 97871, 100, 175.62
2026/09/22 23:13:43.041, 0, 81757, 97871, 100, 222.54
2026/09/22 23:13:43.041, 1, 81757, 97871, 100, 213.56
2026/09/22 23:13:43.041, 2, 81229, 97871, 100, 227.01
2026/09/22 23:13:43.041, 3, 81237, 97871, 100, 218.39
2026/09/22 23:13:43.241, 0, 81757, 97871, 100, 268.93
2026/09/22 23:13:43.241, 1, 81757, 97871, 100, 255.40
2026/09/22 23:13:43.241, 2, 81229, 97871, 100, 268.56
2026/09/22 23:13:43.241, 3, 81237, 97871, 100, 261.81
2026/09/22 23:13:43.441, 0, 81757, 97871, 100, 314.88
2026/09/22 23:13:43.441, 1, 81757, 97871, 100, 302.89
2026/09/22 23:13:43.441, 2, 81229, 97871, 100, 313.28
2026/09/22 23:13:43.441, 3, 81237, 97871, 100, 306.24
2026/09/22 23:13:43.641, 0, 81757, 97871, 100, 344.10
2026/09/22 23:13:43.641, 1, 81757, 97871, 100, 348.58
2026/09/22 23:13:43.641, 2, 81229, 97871, 100, 346.81
2026/09/22 23:13:43.641, 3, 81237, 97871, 100, 346.05
2026/09/22 23:13:43.842, 0, 81757, 97871, 100, 347.18
2026/09/22 23:13:43.842, 1, 81757, 97871, 100, 353.34
2026/09/22 23:13:43.842, 2, 81229, 97871, 100, 347.28
2026/09/22 23:13:43.842, 3, 81237, 97871, 100, 347.56
2026/09/22 23:13:44.042, 0, 81757, 97871, 100, 347.35
2026/09/22 23:13:44.042, 1, 81757, 97871, 100, 354.87
2026/09/22 23:13:44.042, 2, 81229, 97871, 100, 348.36
2026/09/22 23:13:44.042, 3, 81237, 97871, 100, 347.77
2026/09/22 23:13:44.242, 0, 81757, 97871, 100, 348.58
2026/09/22 23:13:44.242, 1, 81757, 97871, 100, 356.03
2026/09/22 23:13:44.242, 2, 81229, 97871, 100, 349.45
2026/09/22 23:13:44.242, 3, 81237, 97871, 100, 348.51
2026/09/22 23:13:44.442, 0, 81757, 97871, 100, 347.97
2026/09/22 23:13:44.442, 1, 81757, 97871, 100, 356.03
2026/09/22 23:13:44.442, 2, 81229, 97871, 100, 348.77
2026/09/22 23:13:44.442, 3, 81237, 97871, 100, 349.09
2026/09/22 23:13:44.642, 0, 81757, 97871, 100, 347.64
2026/09/22 23:13:44.642, 1, 81757, 97871, 100, 355.07
2026/09/22 23:13:44.642, 2, 81229, 97871, 100, 348.24
2026/09/22 23:13:44.642, 3, 81237, 97871, 100, 348.62
2026/09/22 23:13:44.842, 0, 81757, 97871, 100, 348.52
2026/09/22 23:13:44.842, 1, 81757, 97871, 98, 355.90
2026/09/22 23:13:44.842, 2, 81229, 97871, 100, 350.01
2026/09/22 23:13:44.842, 3, 81237, 97871, 100, 347.68
2026/09/22 23:13:45.042, 0, 81757, 97871, 78, 325.92
2026/09/22 23:13:45.042, 1, 81757, 97871, 32, 351.82
2026/09/22 23:13:45.042, 2, 81229, 97871, 66, 326.76
2026/09/22 23:13:45.042, 3, 81237, 97871, 100, 330.20
2026/09/22 23:13:45.243, 0, 81757, 97871, 0, 282.36
2026/09/22 23:13:45.243, 1, 81757, 97871, 0, 308.48
2026/09/22 23:13:45.243, 2, 81229, 97871, 0, 281.76
2026/09/22 23:13:45.243, 3, 81237, 97871, 0, 284.92
2026/09/22 23:13:45.443, 0, 81757, 97871, 0, 235.62
2026/09/22 23:13:45.443, 1, 81757, 97871, 0, 262.62
2026/09/22 23:13:45.443, 2, 81229, 97871, 0, 237.37
2026/09/22 23:13:45.443, 3, 81237, 97871, 0, 239.73
2026/09/22 23:13:45.643, 0, 81757, 97871, 0, 193.73
2026/09/22 23:13:45.643, 1, 81757, 97871, 0, 217.93
2026/09/22 23:13:45.643, 2, 81229, 97871, 0, 193.32
2026/09/22 23:13:45.643, 3, 81237, 97871, 0, 195.34
2026/09/22 23:13:45.843, 0, 81757, 97871, 0, 146.04
2026/09/22 23:13:45.843, 1, 81757, 97871, 0, 172.60
2026/09/22 23:13:45.843, 2, 81229, 97871, 0, 147.23
2026/09/22 23:13:45.843, 3, 81237, 97871, 0, 150.43
2026/09/22 23:13:46.043, 0, 81757, 97871, 0, 123.97
2026/09/22 23:13:46.043, 1, 81757, 97871, 0, 132.39
2026/09/22 23:13:46.044, 2, 81229, 97871, 0, 129.63
2026/09/22 23:13:46.044, 3, 81237, 97871, 0, 123.32
2026/09/22 23:13:46.244, 0, 81757, 97871, 100, 169.59
2026/09/22 23:13:46.244, 1, 81757, 97871, 100, 159.99
2026/09/22 23:13:46.244, 2, 81229, 97871, 100, 172.29
2026/09/22 23:13:46.244, 3, 81237, 97871, 79, 166.95
2026/09/22 23:13:46.444, 0, 81757, 97871, 100, 211.26
2026/09/22 23:13:46.444, 1, 81757, 97871, 100, 203.77
2026/09/22 23:13:46.444, 2, 81229, 97871, 100, 216.32
2026/09/22 23:13:46.444, 3, 81237, 97871, 100, 212.94
2026/09/22 23:13:46.644, 0, 81757, 97871, 100, 257.56
2026/09/22 23:13:46.644, 1, 81757, 97871, 100, 248.49
2026/09/22 23:13:46.644, 2, 81229, 97871, 100, 258.48
2026/09/22 23:13:46.644, 3, 81237, 97871, 100, 254.20
2026/09/22 23:13:46.844, 0, 81757, 97871, 100, 297.48
2026/09/22 23:13:46.844, 1, 81757, 97871, 100, 290.58
2026/09/22 23:13:46.844, 2, 81229, 97871, 100, 303.04
2026/09/22 23:13:46.844, 3, 81237, 97871, 100, 298.73
2026/09/22 23:13:47.044, 0, 81757, 97871, 100, 342.23
2026/09/22 23:13:47.044, 1, 81757, 97871, 100, 334.72
2026/09/22 23:13:47.044, 2, 81229, 97871, 100, 346.28
2026/09/22 23:13:47.044, 3, 81237, 97871, 100, 347.16
2026/09/22 23:13:47.244, 0, 81757, 97871, 100, 344.45
2026/09/22 23:13:47.244, 1, 81757, 97871, 100, 353.99
2026/09/22 23:13:47.244, 2, 81229, 97871, 100, 347.84
2026/09/22 23:13:47.244, 3, 81237, 97871, 100, 348.86
2026/09/22 23:13:47.444, 0, 81757, 97871, 100, 346.32
2026/09/22 23:13:47.444, 1, 81757, 97871, 100, 353.94
2026/09/22 23:13:47.444, 2, 81229, 97871, 100, 347.86
2026/09/22 23:13:47.444, 3, 81237, 97871, 100, 347.78
2026/09/22 23:13:47.645, 0, 81757, 97871, 100, 345.90
2026/09/22 23:13:47.645, 1, 81757, 97871, 100, 355.69
2026/09/22 23:13:47.645, 2, 81229, 97871, 100, 350.04
2026/09/22 23:13:47.645, 3, 81237, 97871, 100, 349.79
2026/09/22 23:13:47.845, 0, 81757, 97871, 100, 347.35
2026/09/22 23:13:47.845, 1, 81757, 97871, 100, 355.52
2026/09/22 23:13:47.845, 2, 81229, 97871, 100, 348.67
2026/09/22 23:13:47.845, 3, 81237, 97871, 100, 349.23
2026/09/22 23:13:48.045, 0, 81757, 97871, 100, 347.21
2026/09/22 23:13:48.045, 1, 81757, 97871, 100, 356.50
2026/09/22 23:13:48.045, 2, 81229, 97871, 100, 349.89
2026/09/22 23:13:48.045, 3, 81237, 97871, 100, 349.83
2026/09/22 23:13:48.245, 0, 81757, 97871, 98, 347.23
2026/09/22 23:13:48.245, 1, 81757, 97871, 97, 356.19
2026/09/22 23:13:48.245, 2, 81229, 97871, 97, 348.15
2026/09/22 23:13:48.245, 3, 81237, 97871, 100, 347.96
2026/09/22 23:13:48.445, 0, 81757, 97871, 7, 310.20
2026/09/22 23:13:48.445, 1, 81757, 97871, 0, 335.94
2026/09/22 23:13:48.445, 2, 81229, 97871, 0, 308.20
2026/09/22 23:13:48.445, 3, 81237, 97871, 57, 313.60
2026/09/22 23:13:48.645, 0, 81757, 97871, 0, 266.50
2026/09/22 23:13:48.645, 1, 81757, 97871, 0, 291.08
2026/09/22 23:13:48.645, 2, 81229, 97871, 0, 261.76
2026/09/22 23:13:48.645, 3, 81237, 97871, 0, 269.07
2026/09/22 23:13:48.845, 0, 81757, 97871, 0, 220.21
2026/09/22 23:13:48.846, 1, 81757, 97871, 0, 244.83
2026/09/22 23:13:48.846, 2, 81229, 97871, 0, 220.32
2026/09/22 23:13:48.846, 3, 81237, 97871, 0, 224.64
2026/09/22 23:13:49.046, 0, 81757, 97871, 0, 174.87
2026/09/22 23:13:49.046, 1, 81757, 97871, 0, 199.32
2026/09/22 23:13:49.046, 2, 81229, 97871, 0, 176.25
2026/09/22 23:13:49.046, 3, 81237, 97871, 0, 177.40
2026/09/22 23:13:49.246, 0, 81757, 97871, 0, 130.45
2026/09/22 23:13:49.246, 1, 81757, 97871, 0, 158.07
2026/09/22 23:13:49.246, 2, 81229, 97871, 0, 129.35
2026/09/22 23:13:49.246, 3, 81237, 97871, 0, 136.65
2026/09/22 23:13:49.446, 0, 81757, 97871, 13, 144.97
2026/09/22 23:13:49.446, 1, 81757, 97871, 48, 131.76
2026/09/22 23:13:49.446, 2, 81229, 97871, 10, 146.83
2026/09/22 23:13:49.446, 3, 81237, 97871, 0, 140.65
2026/09/22 23:13:49.646, 0, 81757, 97871, 100, 185.16
2026/09/22 23:13:49.646, 1, 81757, 97871, 100, 175.10
2026/09/22 23:13:49.646, 2, 81229, 97871, 100, 188.25
2026/09/22 23:13:49.646, 3, 81237, 97871, 100, 182.39
2026/09/22 23:13:49.846, 0, 81757, 97871, 100, 228.82
2026/09/22 23:13:49.846, 1, 81757, 97871, 100, 217.37
2026/09/22 23:13:49.847, 2, 81229, 97871, 100, 231.50
2026/09/22 23:13:49.847, 3, 81237, 97871, 100, 227.74
2026/09/22 23:13:50.047, 0, 81757, 97871, 100, 270.72
2026/09/22 23:13:50.047, 1, 81757, 97871, 100, 264.16
2026/09/22 23:13:50.047, 2, 81229, 97871, 100, 278.96
2026/09/22 23:13:50.047, 3, 81237, 97871, 100, 273.01
2026/09/22 23:13:50.247, 0, 81757, 97871, 100, 314.61
2026/09/22 23:13:50.247, 1, 81757, 97871, 100, 304.97
2026/09/22 23:13:50.247, 2, 81229, 97871, 100, 318.99
2026/09/22 23:13:50.247, 3, 81237, 97871, 100, 318.73
2026/09/22 23:13:50.447, 0, 81757, 97871, 100, 340.47
2026/09/22 23:13:50.447, 1, 81757, 97871, 100, 352.05
2026/09/22 23:13:50.447, 2, 81229, 97871, 100, 345.57
2026/09/22 23:13:50.447, 3, 81237, 97871, 100, 346.11
2026/09/22 23:13:50.647, 0, 81757, 97871, 100, 344.94
2026/09/22 23:13:50.647, 1, 81757, 97871, 100, 353.52
2026/09/22 23:13:50.647, 2, 81229, 97871, 100, 348.07
2026/09/22 23:13:50.647, 3, 81237, 97871, 100, 347.13
2026/09/22 23:13:50.847, 0, 81757, 97871, 100, 346.75
2026/09/22 23:13:50.847, 1, 81757, 97871, 100, 354.06
2026/09/22 23:13:50.847, 2, 81229, 97871, 100, 348.32
2026/09/22 23:13:50.847, 3, 81237, 97871, 100, 348.58
2026/09/22 23:13:51.047, 0, 81757, 97871, 100, 346.37
2026/09/22 23:13:51.047, 1, 81757, 97871, 100, 354.68
2026/09/22 23:13:51.047, 2, 81229, 97871, 100, 347.89
2026/09/22 23:13:51.047, 3, 81237, 97871, 100, 348.34
2026/09/22 23:13:51.247, 0, 81757, 97871, 100, 346.17
2026/09/22 23:13:51.247, 1, 81757, 97871, 100, 355.74
2026/09/22 23:13:51.247, 2, 81229, 97871, 100, 348.56
2026/09/22 23:13:51.247, 3, 81237, 97871, 100, 348.04
2026/09/22 23:13:51.448, 0, 81757, 97871, 100, 347.25
2026/09/22 23:13:51.448, 1, 81757, 97871, 100, 355.59
2026/09/22 23:13:51.448, 2, 81229, 97871, 100, 348.47
2026/09/22 23:13:51.448, 3, 81237, 97871, 100, 348.59
2026/09/22 23:13:51.648, 0, 81757, 97871, 98, 345.43
2026/09/22 23:13:51.648, 1, 81757, 97871, 98, 356.66
2026/09/22 23:13:51.648, 2, 81229, 97871, 98, 349.07
2026/09/22 23:13:51.648, 3, 81237, 97871, 100, 349.67
2026/09/22 23:13:51.848, 0, 81757, 97871, 44, 318.11
2026/09/22 23:13:51.848, 1, 81757, 97871, 0, 342.61
2026/09/22 23:13:51.848, 2, 81229, 97871, 32, 313.25
2026/09/22 23:13:51.848, 3, 81237, 97871, 95, 324.10
2026/09/22 23:13:52.048, 0, 81757, 97871, 0, 274.31
2026/09/22 23:13:52.048, 1, 81757, 97871, 0, 297.31
2026/09/22 23:13:52.048, 2, 81229, 97871, 0, 268.16
2026/09/22 23:13:52.048, 3, 81237, 97871, 0, 279.26
2026/09/22 23:13:52.248, 0, 81757, 97871, 0, 228.59
2026/09/22 23:13:52.248, 1, 81757, 97871, 0, 254.12
2026/09/22 23:13:52.248, 2, 81229, 97871, 0, 225.87
2026/09/22 23:13:52.248, 3, 81237, 97871, 0, 233.04
2026/09/22 23:13:52.448, 0, 81757, 97871, 12, 206.65
2026/09/22 23:13:52.449, 1, 81757, 97871, 57, 216.71
2026/09/22 23:13:52.449, 2, 81229, 97871, 18, 207.87
2026/09/22 23:13:52.449, 3, 81237, 97871, 0, 206.14
2026/09/22 23:13:52.649, 0, 81757, 97871, 100, 205.59
2026/09/22 23:13:52.649, 1, 81757, 97871, 100, 215.50
2026/09/22 23:13:52.649, 2, 81229, 97871, 100, 206.15
2026/09/22 23:13:52.649, 3, 81237, 97871, 100, 205.73
2026/09/22 23:13:52.849, 0, 81757, 97871, 100, 232.46
2026/09/22 23:13:52.849, 1, 81757, 97871, 100, 231.38
2026/09/22 23:13:52.849, 2, 81229, 97871, 100, 242.15
2026/09/22 23:13:52.849, 3, 81237, 97871, 100, 231.71
2026/09/22 23:13:53.049, 0, 81757, 97871, 100, 280.23
2026/09/22 23:13:53.049, 1, 81757, 97871, 100, 274.24
2026/09/22 23:13:53.049, 2, 81229, 97871, 100, 291.48
2026/09/22 23:13:53.049, 3, 81237, 97871, 100, 280.07
2026/09/22 23:13:53.249, 0, 81757, 97871, 100, 327.68
2026/09/22 23:13:53.249, 1, 81757, 97871, 100, 325.00
2026/09/22 23:13:53.249, 2, 81229, 97871, 100, 337.82
2026/09/22 23:13:53.249, 3, 81237, 97871, 100, 322.96
2026/09/22 23:13:53.449, 0, 81757, 97871, 100, 354.34
2026/09/22 23:13:53.449, 1, 81757, 97871, 100, 362.96
2026/09/22 23:13:53.449, 2, 81229, 97871, 100, 357.04
2026/09/22 23:13:53.449, 3, 81237, 97871, 100, 355.26
2026/09/22 23:13:53.649, 0, 81757, 97871, 100, 355.36
2026/09/22 23:13:53.649, 1, 81757, 97871, 100, 365.53
2026/09/22 23:13:53.649, 2, 81229, 97871, 100, 358.95
2026/09/22 23:13:53.649, 3, 81237, 97871, 100, 357.83
2026/09/22 23:13:53.850, 0, 81757, 97871, 96, 349.73
2026/09/22 23:13:53.850, 1, 81757, 97871, 96, 366.48
2026/09/22 23:13:53.850, 2, 81229, 97871, 96, 344.47
2026/09/22 23:13:53.850, 3, 81237, 97871, 100, 352.88
2026/09/22 23:13:54.050, 0, 81757, 97871, 0, 305.79
2026/09/22 23:13:54.050, 1, 81757, 97871, 0, 329.52
2026/09/22 23:13:54.050, 2, 81229, 97871, 0, 298.85
2026/09/22 23:13:54.050, 3, 81237, 97871, 11, 308.74
2026/09/22 23:13:54.250, 0, 81757, 97871, 0, 257.76
2026/09/22 23:13:54.250, 1, 81757, 97871, 0, 286.46
2026/09/22 23:13:54.250, 2, 81229, 97871, 0, 255.87
2026/09/22 23:13:54.250, 3, 81237, 97871, 0, 261.08
2026/09/22 23:13:54.450, 0, 81757, 97871, 0, 214.78
2026/09/22 23:13:54.450, 1, 81757, 97871, 0, 235.21
2026/09/22 23:13:54.450, 2, 81229, 97871, 0, 204.75
2026/09/22 23:13:54.450, 3, 81237, 97871, 0, 216.78
2026/09/22 23:13:54.650, 0, 81757, 97871, 0, 169.26
2026/09/22 23:13:54.651, 1, 81757, 97871, 0, 190.70
2026/09/22 23:13:54.651, 2, 81229, 97871, 0, 157.77
2026/09/22 23:13:54.651, 3, 81237, 97871, 0, 166.63
2026/09/22 23:13:54.851, 0, 81757, 97871, 0, 125.28
2026/09/22 23:13:54.851, 1, 81757, 97871, 0, 144.46
2026/09/22 23:13:54.851, 2, 81229, 97871, 0, 126.01
2026/09/22 23:13:54.851, 3, 81237, 97871, 0, 124.35
2026/09/22 23:13:55.051, 0, 81757, 97871, 0, 124.04
2026/09/22 23:13:55.051, 1, 81757, 97871, 0, 130.97
2026/09/22 23:13:55.051, 2, 81229, 97871, 0, 125.17
2026/09/22 23:13:55.051, 3, 81237, 97871, 0, 122.70
2026/09/22 23:13:55.251, 0, 81757, 97871, 0, 123.80
2026/09/22 23:13:55.251, 1, 81757, 97871, 0, 130.54
2026/09/22 23:13:55.251, 2, 81229, 97871, 0, 124.96
2026/09/22 23:13:55.251, 3, 81237, 97871, 0, 122.60
2026/09/22 23:13:55.451, 0, 81757, 97871, 0, 123.63
2026/09/22 23:13:55.451, 1, 81757, 97871, 0, 130.20
2026/09/22 23:13:55.451, 2, 81229, 97871, 0, 124.77
2026/09/22 23:13:55.451, 3, 81237, 97871, 0, 122.52
2026/09/22 23:13:55.651, 0, 81757, 97871, 0, 123.53
2026/09/22 23:13:55.651, 1, 81757, 97871, 0, 130.04
2026/09/22 23:13:55.651, 2, 81229, 97871, 0, 124.64
2026/09/22 23:13:55.652, 3, 81237, 97871, 0, 122.49
2026/09/22 23:13:55.852, 0, 81757, 97871, 0, 123.44
2026/09/22 23:13:55.852, 1, 81757, 97871, 0, 129.94
2026/09/22 23:13:55.852, 2, 81229, 97871, 0, 124.54
2026/09/22 23:13:55.852, 3, 81237, 97871, 0, 122.40
2026/09/22 23:13:56.052, 0, 81757, 97871, 0, 123.36
2026/09/22 23:13:56.052, 1, 81757, 97871, 0, 129.84
2026/09/22 23:13:56.052, 2, 81229, 97871, 0, 124.46
2026/09/22 23:13:56.052, 3, 81237, 97871, 0, 122.34
2026/09/22 23:13:56.252, 0, 81757, 97871, 0, 123.30
2026/09/22 23:13:56.252, 1, 81757, 97871, 0, 129.75
2026/09/22 23:13:56.252, 2, 81229, 97871, 0, 124.39
2026/09/22 23:13:56.252, 3, 81237, 97871, 0, 122.30
2026/09/22 23:13:56.452, 0, 81757, 97871, 0, 123.23
2026/09/22 23:13:56.452, 1, 81757, 97871, 0, 129.65
2026/09/22 23:13:56.452, 2, 81229, 97871, 0, 124.34
2026/09/22 23:13:56.452, 3, 81237, 97871, 0, 122.28
2026/09/22 23:13:56.652, 0, 81757, 97871, 0, 123.17
2026/09/22 23:13:56.652, 1, 81757, 97871, 0, 129.57
2026/09/22 23:13:56.652, 2, 81229, 97871, 0, 124.27
2026/09/22 23:13:56.652, 3, 81237, 97871, 0, 122.21
2026/09/22 23:13:56.852, 0, 81757, 97871, 0, 123.11
2026/09/22 23:13:56.853, 1, 81757, 97871, 0, 129.46
2026/09/22 23:13:56.853, 2, 81229, 97871, 0, 124.22
2026/09/22 23:13:56.853, 3, 81237, 97871, 0, 122.18
2026/09/22 23:13:57.053, 0, 81757, 97871, 0, 123.05
2026/09/22 23:13:57.053, 1, 81757, 97871, 0, 129.36
2026/09/22 23:13:57.053, 2, 81229, 97871, 0, 124.16
2026/09/22 23:13:57.053, 3, 81237, 97871, 0, 122.15
2026/09/22 23:13:57.253, 0, 81757, 97871, 0, 122.99
2026/09/22 23:13:57.253, 1, 81757, 97871, 0, 129.30
2026/09/22 23:13:57.253, 2, 81229, 97871, 0, 124.12
2026/09/22 23:13:57.253, 3, 81237, 97871, 0, 122.11
2026/09/22 23:13:57.453, 0, 81757, 97871, 0, 122.96
2026/09/22 23:13:57.453, 1, 81757, 97871, 0, 129.25
2026/09/22 23:13:57.453, 2, 81229, 97871, 0, 124.06
2026/09/22 23:13:57.453, 3, 81237, 97871, 0, 122.06
2026/09/22 23:13:57.653, 0, 81757, 97871, 0, 122.87
2026/09/22 23:13:57.653, 1, 81757, 97871, 0, 129.18
2026/09/22 23:13:57.653, 2, 81229, 97871, 0, 124.03
2026/09/22 23:13:57.653, 3, 81237, 97871, 0, 122.01
2026/09/22 23:13:57.853, 0, 81757, 97871, 0, 122.82
2026/09/22 23:13:57.853, 1, 81757, 97871, 0, 129.15
2026/09/22 23:13:57.853, 2, 81229, 97871, 0, 123.98
2026/09/22 23:13:57.854, 3, 81237, 97871, 0, 122.00
2026/09/22 23:13:58.054, 0, 81757, 97871, 0, 122.79
2026/09/22 23:13:58.054, 1, 81757, 97871, 0, 129.10
2026/09/22 23:13:58.054, 2, 81229, 97871, 0, 123.94
2026/09/22 23:13:58.054, 3, 81237, 97871, 0, 121.98
2026/09/22 23:13:58.254, 0, 81757, 97871, 0, 122.77
2026/09/22 23:13:58.254, 1, 81757, 97871, 0, 129.08
2026/09/22 23:13:58.254, 2, 81229, 97871, 0, 123.89
2026/09/22 23:13:58.254, 3, 81237, 97871, 0, 121.95
2026/09/22 23:13:58.454, 0, 81757, 97871, 0, 122.73
2026/09/22 23:13:58.454, 1, 81757, 97871, 0, 129.04
2026/09/22 23:13:58.454, 2, 81229, 97871, 0, 123.88
2026/09/22 23:13:58.454, 3, 81237, 97871, 0, 121.92
2026/09/22 23:13:58.654, 0, 81757, 97871, 0, 122.74
2026/09/22 23:13:58.654, 1, 81757, 97871, 0, 129.01
2026/09/22 23:13:58.654, 2, 81229, 97871, 0, 123.82
2026/09/22 23:13:58.654, 3, 81237, 97871, 0, 121.89
2026/09/22 23:13:58.854, 0, 81757, 97871, 0, 122.70
2026/09/22 23:13:58.854, 1, 81757, 97871, 0, 128.96
2026/09/22 23:13:58.855, 2, 81229, 97871, 0, 123.79
2026/09/22 23:13:58.855, 3, 81237, 97871, 0, 121.85
2026/09/22 23:13:59.055, 0, 81757, 97871, 47, 132.36
2026/09/22 23:13:59.055, 1, 81757, 97871, 22, 138.46
2026/09/22 23:13:59.055, 2, 81229, 97871, 45, 133.07
2026/09/22 23:13:59.055, 3, 81237, 97871, 28, 131.52
2026/09/22 23:13:59.255, 0, 81757, 97871, 0, 132.06
2026/09/22 23:13:59.255, 1, 81757, 97871, 0, 138.48
2026/09/22 23:13:59.255, 2, 81229, 97871, 0, 133.06
2026/09/22 23:13:59.255, 3, 81237, 97871, 0, 131.54
2026/09/22 23:13:59.455, 0, 81757, 97871, 0, 131.95
2026/09/22 23:13:59.455, 1, 81757, 97871, 0, 138.46
2026/09/22 23:13:59.455, 2, 81229, 97871, 0, 133.24
2026/09/22 23:13:59.456, 3, 81237, 97871, 0, 131.33
2026/09/22 23:13:59.656, 0, 81757, 97871, 22, 151.84
2026/09/22 23:13:59.656, 1, 81757, 97871, 58, 147.71
2026/09/22 23:13:59.656, 2, 81229, 97871, 32, 161.98
2026/09/22 23:13:59.656, 3, 81237, 97871, 0, 154.32
2026/09/22 23:13:59.856, 0, 81757, 97871, 100, 198.12
2026/09/22 23:13:59.856, 1, 81757, 97871, 100, 192.68
2026/09/22 23:13:59.856, 2, 81229, 97871, 100, 207.45
2026/09/22 23:13:59.856, 3, 81237, 97871, 100, 200.46
2026/09/22 23:14:00.056, 0, 81757, 97871, 100, 232.60
2026/09/22 23:14:00.056, 1, 81757, 97871, 100, 229.98
2026/09/22 23:14:00.056, 2, 81229, 97871, 100, 246.50
2026/09/22 23:14:00.056, 3, 81237, 97871, 100, 239.98
2026/09/22 23:14:00.256, 0, 81757, 97871, 100, 281.34
2026/09/22 23:14:00.256, 1, 81757, 97871, 100, 274.37
2026/09/22 23:14:00.256, 2, 81229, 97871, 100, 290.26
2026/09/22 23:14:00.256, 3, 81237, 97871, 100, 286.79
2026/09/22 23:14:00.456, 0, 81757, 97871, 100, 327.60
2026/09/22 23:14:00.457, 1, 81757, 97871, 100, 324.01
2026/09/22 23:14:00.457, 2, 81229, 97871, 100, 336.19
2026/09/22 23:14:00.457, 3, 81237, 97871, 100, 330.04
2026/09/22 23:14:00.657, 0, 81757, 97871, 100, 353.96
2026/09/22 23:14:00.657, 1, 81757, 97871, 100, 362.21
2026/09/22 23:14:00.657, 2, 81229, 97871, 100, 357.32
2026/09/22 23:14:00.657, 3, 81237, 97871, 100, 358.49
2026/09/22 23:14:00.857, 0, 81757, 97871, 89, 329.48
2026/09/22 23:14:00.857, 1, 81757, 97871, 54, 356.00
2026/09/22 23:14:00.857, 2, 81229, 97871, 87, 332.97
2026/09/22 23:14:00.857, 3, 81237, 97871, 100, 338.15
2026/09/22 23:14:01.057, 0, 81757, 97871, 0, 283.76
2026/09/22 23:14:01.057, 1, 81757, 97871, 0, 311.59
2026/09/22 23:14:01.057, 2, 81229, 97871, 0, 287.08
2026/09/22 23:14:01.057, 3, 81237, 97871, 0, 290.65
2026/09/22 23:14:01.257, 0, 81757, 97871, 0, 239.60
2026/09/22 23:14:01.257, 1, 81757, 97871, 0, 263.21
2026/09/22 23:14:01.257, 2, 81229, 97871, 0, 239.10
2026/09/22 23:14:01.257, 3, 81237, 97871, 0, 245.92
2026/09/22 23:14:01.457, 0, 81757, 97871, 0, 190.99
2026/09/22 23:14:01.457, 1, 81757, 97871, 0, 219.47
2026/09/22 23:14:01.457, 2, 81229, 97871, 0, 192.45
2026/09/22 23:14:01.458, 3, 81237, 97871, 0, 196.53
2026/09/22 23:14:01.658, 0, 81757, 97871, 0, 148.93
2026/09/22 23:14:01.658, 1, 81757, 97871, 0, 172.83
2026/09/22 23:14:01.658, 2, 81229, 97871, 0, 150.17
2026/09/22 23:14:01.658, 3, 81237, 97871, 0, 148.82
2026/09/22 23:14:01.858, 0, 81757, 97871, 0, 123.33
2026/09/22 23:14:01.858, 1, 81757, 97871, 0, 131.80
2026/09/22 23:14:01.858, 2, 81229, 97871, 0, 125.62
2026/09/22 23:14:01.858, 3, 81237, 97871, 0, 122.12
2026/09/22 23:14:02.058, 0, 81757, 97871, 99, 166.50
2026/09/22 23:14:02.058, 1, 81757, 97871, 100, 158.33
2026/09/22 23:14:02.058, 2, 81229, 97871, 99, 170.04
2026/09/22 23:14:02.058, 3, 81237, 97871, 44, 162.65
2026/09/22 23:14:02.258, 0, 81757, 97871, 100, 210.24
2026/09/22 23:14:02.258, 1, 81757, 97871, 100, 198.92
2026/09/22 23:14:02.258, 2, 81229, 97871, 100, 214.78
2026/09/22 23:14:02.258, 3, 81237, 97871, 100, 207.48
2026/09/22 23:14:02.458, 0, 81757, 97871, 100, 252.43
2026/09/22 23:14:02.458, 1, 81757, 97871, 100, 242.51
2026/09/22 23:14:02.458, 2, 81229, 97871, 100, 256.29
2026/09/22 23:14:02.458, 3, 81237, 97871, 100, 250.30
2026/09/22 23:14:02.658, 0, 81757, 97871, 100, 296.12
2026/09/22 23:14:02.659, 1, 81757, 97871, 100, 285.69
2026/09/22 23:14:02.659, 2, 81229, 97871, 100, 299.01
2026/09/22 23:14:02.659, 3, 81237, 97871, 100, 293.88
2026/09/22 23:14:02.859, 0, 81757, 97871, 100, 343.97
2026/09/22 23:14:02.859, 1, 81757, 97871, 100, 333.75
2026/09/22 23:14:02.859, 2, 81229, 97871, 100, 346.84
2026/09/22 23:14:02.859, 3, 81237, 97871, 100, 341.76
2026/09/22 23:14:03.059, 0, 81757, 97871, 100, 345.43
2026/09/22 23:14:03.059, 1, 81757, 97871, 100, 350.18
2026/09/22 23:14:03.059, 2, 81229, 97871, 100, 346.60
2026/09/22 23:14:03.059, 3, 81237, 97871, 100, 345.54
2026/09/22 23:14:03.259, 0, 81757, 97871, 100, 346.60
2026/09/22 23:14:03.259, 1, 81757, 97871, 100, 353.60
2026/09/22 23:14:03.259, 2, 81229, 97871, 100, 347.38
2026/09/22 23:14:03.259, 3, 81237, 97871, 100, 347.20
2026/09/22 23:14:03.459, 0, 81757, 97871, 100, 345.60
2026/09/22 23:14:03.459, 1, 81757, 97871, 100, 354.23
2026/09/22 23:14:03.459, 2, 81229, 97871, 100, 348.28
2026/09/22 23:14:03.459, 3, 81237, 97871, 100, 347.92
2026/09/22 23:14:03.659, 0, 81757, 97871, 100, 346.10
2026/09/22 23:14:03.659, 1, 81757, 97871, 100, 355.29
2026/09/22 23:14:03.659, 2, 81229, 97871, 100, 349.45
2026/09/22 23:14:03.659, 3, 81237, 97871, 100, 348.48
2026/09/22 23:14:03.859, 0, 81757, 97871, 100, 347.00
2026/09/22 23:14:03.859, 1, 81757, 97871, 100, 355.57
2026/09/22 23:14:03.859, 2, 81229, 97871, 100, 349.67
2026/09/22 23:14:03.859, 3, 81237, 97871, 100, 348.86
2026/09/22 23:14:04.059, 0, 81757, 97871, 100, 345.16
2026/09/22 23:14:04.060, 1, 81757, 97871, 100, 354.44
2026/09/22 23:14:04.060, 2, 81229, 97871, 100, 347.06
2026/09/22 23:14:04.060, 3, 81237, 97871, 100, 348.89
2026/09/22 23:14:04.260, 0, 81757, 97871, 56, 314.92
2026/09/22 23:14:04.260, 1, 81757, 97871, 15, 339.16
2026/09/22 23:14:04.260, 2, 81229, 97871, 48, 313.20
2026/09/22 23:14:04.260, 3, 81237, 97871, 90, 318.67
2026/09/22 23:14:04.460, 0, 81757, 97871, 0, 271.47
2026/09/22 23:14:04.460, 1, 81757, 97871, 0, 295.82
2026/09/22 23:14:04.460, 2, 81229, 97871, 0, 270.16
2026/09/22 23:14:04.460, 3, 81237, 97871, 0, 273.13
2026/09/22 23:14:04.660, 0, 81757, 97871, 0, 227.90
2026/09/22 23:14:04.660, 1, 81757, 97871, 0, 252.11
2026/09/22 23:14:04.660, 2, 81229, 97871, 0, 226.87
2026/09/22 23:14:04.660, 3, 81237, 97871, 0, 230.79
2026/09/22 23:14:04.860, 0, 81757, 97871, 0, 183.63
2026/09/22 23:14:04.860, 1, 81757, 97871, 0, 207.30
2026/09/22 23:14:04.860, 2, 81229, 97871, 0, 178.94
2026/09/22 23:14:04.860, 3, 81237, 97871, 0, 183.16
2026/09/22 23:14:05.061, 0, 81757, 97871, 0, 139.11
2026/09/22 23:14:05.061, 1, 81757, 97871, 0, 163.59
2026/09/22 23:14:05.061, 2, 81229, 97871, 0, 139.56
2026/09/22 23:14:05.061, 3, 81237, 97871, 0, 138.46
2026/09/22 23:14:05.261, 0, 81757, 97871, 0, 134.40
2026/09/22 23:14:05.261, 1, 81757, 97871, 0, 130.20
2026/09/22 23:14:05.261, 2, 81229, 97871, 0, 138.25
2026/09/22 23:14:05.261, 3, 81237, 97871, 0, 131.61
2026/09/22 23:14:05.461, 0, 81757, 97871, 100, 176.83
2026/09/22 23:14:05.461, 1, 81757, 97871, 100, 167.64
2026/09/22 23:14:05.461, 2, 81229, 97871, 100, 181.27
2026/09/22 23:14:05.461, 3, 81237, 97871, 97, 173.79
2026/09/22 23:14:05.661, 0, 81757, 97871, 100, 221.10
2026/09/22 23:14:05.661, 1, 81757, 97871, 100, 212.19
2026/09/22 23:14:05.661, 2, 81229, 97871, 100, 226.12
2026/09/22 23:14:05.661, 3, 81237, 97871, 100, 218.85
2026/09/22 23:14:05.861, 0, 81757, 97871, 100, 265.69
2026/09/22 23:14:05.861, 1, 81757, 97871, 100, 256.46
2026/09/22 23:14:05.861, 2, 81229, 97871, 100, 267.61
2026/09/22 23:14:05.861, 3, 81237, 97871, 100, 263.89
2026/09/22 23:14:06.061, 0, 81757, 97871, 100, 306.33
2026/09/22 23:14:06.061, 1, 81757, 97871, 100, 300.82
2026/09/22 23:14:06.061, 2, 81229, 97871, 100, 314.42
2026/09/22 23:14:06.061, 3, 81237, 97871, 100, 305.10
2026/09/22 23:14:06.262, 0, 81757, 97871, 100, 344.44
2026/09/22 23:14:06.262, 1, 81757, 97871, 100, 341.62
2026/09/22 23:14:06.262, 2, 81229, 97871, 100, 345.70
2026/09/22 23:14:06.262, 3, 81237, 97871, 100, 344.34
2026/09/22 23:14:06.462, 0, 81757, 97871, 100, 345.92
2026/09/22 23:14:06.462, 1, 81757, 97871, 100, 352.93
2026/09/22 23:14:06.462, 2, 81229, 97871, 100, 346.01
2026/09/22 23:14:06.462, 3, 81237, 97871, 100, 346.50
2026/09/22 23:14:06.662, 0, 81757, 97871, 100, 345.82
2026/09/22 23:14:06.662, 1, 81757, 97871, 100, 354.04
2026/09/22 23:14:06.662, 2, 81229, 97871, 100, 347.42
2026/09/22 23:14:06.662, 3, 81237, 97871, 100, 346.77
2026/09/22 23:14:06.862, 0, 81757, 97871, 100, 346.56
2026/09/22 23:14:06.862, 1, 81757, 97871, 100, 355.20
2026/09/22 23:14:06.862, 2, 81229, 97871, 100, 347.62
2026/09/22 23:14:06.862, 3, 81237, 97871, 100, 347.92
2026/09/22 23:14:07.062, 0, 81757, 97871, 100, 347.08
2026/09/22 23:14:07.062, 1, 81757, 97871, 100, 355.04
2026/09/22 23:14:07.062, 2, 81229, 97871, 100, 348.16
2026/09/22 23:14:07.062, 3, 81237, 97871, 100, 347.44
2026/09/22 23:14:07.262, 0, 81757, 97871, 100, 347.76
2026/09/22 23:14:07.262, 1, 81757, 97871, 100, 355.78
2026/09/22 23:14:07.262, 2, 81229, 97871, 100, 348.02
2026/09/22 23:14:07.262, 3, 81237, 97871, 100, 347.86
2026/09/22 23:14:07.462, 0, 81757, 97871, 100, 346.92
2026/09/22 23:14:07.462, 1, 81757, 97871, 100, 356.24
2026/09/22 23:14:07.462, 2, 81229, 97871, 100, 348.48
2026/09/22 23:14:07.462, 3, 81237, 97871, 100, 348.49
2026/09/22 23:14:07.662, 0, 81757, 97871, 96, 350.67
2026/09/22 23:14:07.663, 1, 81757, 97871, 96, 358.68
2026/09/22 23:14:07.663, 2, 81229, 97871, 96, 348.78
2026/09/22 23:14:07.663, 3, 81237, 97871, 100, 350.89
2026/09/22 23:14:07.863, 0, 81757, 97871, 43, 318.85
2026/09/22 23:14:07.863, 1, 81757, 97871, 0, 343.51
2026/09/22 23:14:07.863, 2, 81229, 97871, 32, 312.79
2026/09/22 23:14:07.863, 3, 81237, 97871, 94, 318.77
2026/09/22 23:14:08.063, 0, 81757, 97871, 0, 272.76
2026/09/22 23:14:08.063, 1, 81757, 97871, 0, 300.10
2026/09/22 23:14:08.063, 2, 81229, 97871, 0, 267.51
2026/09/22 23:14:08.063, 3, 81237, 97871, 0, 275.96
2026/09/22 23:14:08.263, 0, 81757, 97871, 0, 228.00
2026/09/22 23:14:08.263, 1, 81757, 97871, 0, 255.65
2026/09/22 23:14:08.263, 2, 81229, 97871, 0, 222.80
2026/09/22 23:14:08.263, 3, 81237, 97871, 0, 231.45
2026/09/22 23:14:08.463, 0, 81757, 97871, 0, 183.72
2026/09/22 23:14:08.463, 1, 81757, 97871, 0, 208.70
2026/09/22 23:14:08.463, 2, 81229, 97871, 0, 178.51
2026/09/22 23:14:08.463, 3, 81237, 97871, 0, 184.27
2026/09/22 23:14:08.664, 0, 81757, 97871, 0, 139.82
2026/09/22 23:14:08.664, 1, 81757, 97871, 0, 165.61
2026/09/22 23:14:08.664, 2, 81229, 97871, 0, 132.96
2026/09/22 23:14:08.664, 3, 81237, 97871, 0, 140.66
2026/09/22 23:14:08.864, 0, 81757, 97871, 0, 142.82
2026/09/22 23:14:08.864, 1, 81757, 97871, 0, 130.50
2026/09/22 23:14:08.864, 2, 81229, 97871, 0, 144.65
2026/09/22 23:14:08.864, 3, 81237, 97871, 0, 138.45
2026/09/22 23:14:09.064, 0, 81757, 97871, 100, 180.74
2026/09/22 23:14:09.064, 1, 81757, 97871, 100, 170.34
2026/09/22 23:14:09.064, 2, 81229, 97871, 100, 185.55
2026/09/22 23:14:09.064, 3, 81237, 97871, 100, 177.36
2026/09/22 23:14:09.264, 0, 81757, 97871, 100, 223.48
2026/09/22 23:14:09.264, 1, 81757, 97871, 100, 215.17
2026/09/22 23:14:09.264, 2, 81229, 97871, 100, 227.95
2026/09/22 23:14:09.264, 3, 81237, 97871, 100, 224.04
2026/09/22 23:14:09.464, 0, 81757, 97871, 100, 271.53
2026/09/22 23:14:09.464, 1, 81757, 97871, 100, 262.25
2026/09/22 23:14:09.464, 2, 81229, 97871, 100, 274.85
2026/09/22 23:14:09.464, 3, 81237, 97871, 100, 265.52
2026/09/22 23:14:09.664, 0, 81757, 97871, 100, 313.00
2026/09/22 23:14:09.664, 1, 81757, 97871, 100, 304.29
2026/09/22 23:14:09.664, 2, 81229, 97871, 100, 315.49
2026/09/22 23:14:09.664, 3, 81237, 97871, 100, 314.39
2026/09/22 23:14:09.865, 0, 81757, 97871, 100, 341.17
2026/09/22 23:14:09.865, 1, 81757, 97871, 100, 349.80
2026/09/22 23:14:09.865, 2, 81229, 97871, 100, 344.89
2026/09/22 23:14:09.865, 3, 81237, 97871, 100, 343.87
2026/09/22 23:14:10.065, 0, 81757, 97871, 100, 347.56
2026/09/22 23:14:10.065, 1, 81757, 97871, 100, 359.32
2026/09/22 23:14:10.065, 2, 81229, 97871, 100, 348.94
2026/09/22 23:14:10.065, 3, 81237, 97871, 100, 348.40
2026/09/22 23:14:10.265, 0, 81757, 97871, 100, 349.91
2026/09/22 23:14:10.265, 1, 81757, 97871, 100, 359.12
2026/09/22 23:14:10.265, 2, 81229, 97871, 100, 349.15
2026/09/22 23:14:10.265, 3, 81237, 97871, 100, 348.48
2026/09/22 23:14:10.465, 0, 81757, 97871, 100, 348.51
2026/09/22 23:14:10.465, 1, 81757, 97871, 100, 360.16
2026/09/22 23:14:10.465, 2, 81229, 97871, 100, 350.49
2026/09/22 23:14:10.465, 3, 81237, 97871, 100, 350.42
2026/09/22 23:14:10.665, 0, 81757, 97871, 100, 348.44
2026/09/22 23:14:10.665, 1, 81757, 97871, 100, 360.33
2026/09/22 23:14:10.665, 2, 81229, 97871, 100, 351.21
2026/09/22 23:14:10.665, 3, 81237, 97871, 100, 349.84
2026/09/22 23:14:10.865, 0, 81757, 97871, 100, 350.63
2026/09/22 23:14:10.865, 1, 81757, 97871, 100, 359.49
2026/09/22 23:14:10.865, 2, 81229, 97871, 100, 350.57
2026/09/22 23:14:10.865, 3, 81237, 97871, 100, 349.52
2026/09/22 23:14:11.065, 0, 81757, 97871, 100, 348.77
2026/09/22 23:14:11.065, 1, 81757, 97871, 92, 357.05
2026/09/22 23:14:11.065, 2, 81229, 97871, 92, 348.33
2026/09/22 23:14:11.065, 3, 81237, 97871, 100, 350.14
2026/09/22 23:14:11.266, 0, 81757, 97871, 10, 306.62
2026/09/22 23:14:11.266, 1, 81757, 97871, 0, 332.11
2026/09/22 23:14:11.266, 2, 81229, 97871, 0, 306.69
2026/09/22 23:14:11.266, 3, 81237, 97871, 60, 309.63
2026/09/22 23:14:11.466, 0, 81757, 97871, 0, 261.65
2026/09/22 23:14:11.466, 1, 81757, 97871, 0, 286.98
2026/09/22 23:14:11.466, 2, 81229, 97871, 0, 262.10
2026/09/22 23:14:11.466, 3, 81237, 97871, 0, 263.55
2026/09/22 23:14:11.666, 0, 81757, 97871, 0, 216.40
2026/09/22 23:14:11.666, 1, 81757, 97871, 0, 243.03
2026/09/22 23:14:11.666, 2, 81229, 97871, 0, 218.30
2026/09/22 23:14:11.666, 3, 81237, 97871, 0, 218.38
2026/09/22 23:14:11.866, 0, 81757, 97871, 0, 174.02
2026/09/22 23:14:11.866, 1, 81757, 97871, 0, 194.49
2026/09/22 23:14:11.866, 2, 81229, 97871, 0, 173.90
2026/09/22 23:14:11.866, 3, 81237, 97871, 0, 172.77
2026/09/22 23:14:12.067, 0, 81757, 97871, 0, 126.60
2026/09/22 23:14:12.067, 1, 81757, 97871, 0, 154.15
2026/09/22 23:14:12.067, 2, 81229, 97871, 0, 130.23
2026/09/22 23:14:12.067, 3, 81237, 97871, 0, 132.39
2026/09/22 23:14:12.267, 0, 81757, 97871, 1, 146.65
2026/09/22 23:14:12.267, 1, 81757, 97871, 58, 139.68
2026/09/22 23:14:12.267, 2, 81229, 97871, 14, 151.68
2026/09/22 23:14:12.267, 3, 81237, 97871, 0, 143.83
2026/09/22 23:14:12.467, 0, 81757, 97871, 100, 189.66
2026/09/22 23:14:12.467, 1, 81757, 97871, 100, 180.53
2026/09/22 23:14:12.467, 2, 81229, 97871, 100, 193.72
2026/09/22 23:14:12.467, 3, 81237, 97871, 100, 185.93
2026/09/22 23:14:12.667, 0, 81757, 97871, 100, 229.68
2026/09/22 23:14:12.667, 1, 81757, 97871, 100, 224.78
2026/09/22 23:14:12.667, 2, 81229, 97871, 100, 239.38
2026/09/22 23:14:12.667, 3, 81237, 97871, 100, 232.00
2026/09/22 23:14:12.867, 0, 81757, 97871, 100, 279.60
2026/09/22 23:14:12.867, 1, 81757, 97871, 100, 266.54
2026/09/22 23:14:12.867, 2, 81229, 97871, 100, 284.61
2026/09/22 23:14:12.867, 3, 81237, 97871, 100, 277.55
2026/09/22 23:14:13.067, 0, 81757, 97871, 100, 320.54
2026/09/22 23:14:13.067, 1, 81757, 97871, 100, 313.32
2026/09/22 23:14:13.067, 2, 81229, 97871, 100, 328.40
2026/09/22 23:14:13.067, 3, 81237, 97871, 100, 322.68
2026/09/22 23:14:13.267, 0, 81757, 97871, 100, 345.06
2026/09/22 23:14:13.267, 1, 81757, 97871, 100, 349.92
2026/09/22 23:14:13.267, 2, 81229, 97871, 100, 346.67
2026/09/22 23:14:13.268, 3, 81237, 97871, 100, 345.00
2026/09/22 23:14:13.468, 0, 81757, 97871, 100, 345.61
2026/09/22 23:14:13.468, 1, 81757, 97871, 100, 353.47
2026/09/22 23:14:13.468, 2, 81229, 97871, 100, 348.34
2026/09/22 23:14:13.468, 3, 81237, 97871, 100, 347.87
2026/09/22 23:14:13.668, 0, 81757, 97871, 100, 347.43
2026/09/22 23:14:13.668, 1, 81757, 97871, 100, 353.94
2026/09/22 23:14:13.668, 2, 81229, 97871, 100, 348.56
2026/09/22 23:14:13.668, 3, 81237, 97871, 100, 349.06
2026/09/22 23:14:13.868, 0, 81757, 97871, 100, 346.73
2026/09/22 23:14:13.868, 1, 81757, 97871, 100, 354.18
2026/09/22 23:14:13.868, 2, 81229, 97871, 100, 347.91
2026/09/22 23:14:13.868, 3, 81237, 97871, 100, 349.36
2026/09/22 23:14:14.068, 0, 81757, 97871, 100, 346.31
2026/09/22 23:14:14.068, 1, 81757, 97871, 100, 355.35
2026/09/22 23:14:14.068, 2, 81229, 97871, 100, 348.62
2026/09/22 23:14:14.068, 3, 81237, 97871, 100, 348.72
2026/09/22 23:14:14.268, 0, 81757, 97871, 100, 346.07
2026/09/22 23:14:14.268, 1, 81757, 97871, 100, 356.72
2026/09/22 23:14:14.268, 2, 81229, 97871, 100, 349.53
2026/09/22 23:14:14.268, 3, 81237, 97871, 100, 348.67
2026/09/22 23:14:14.468, 0, 81757, 97871, 100, 347.40
2026/09/22 23:14:14.468, 1, 81757, 97871, 96, 356.46
2026/09/22 23:14:14.468, 2, 81229, 97871, 100, 347.93
2026/09/22 23:14:14.468, 3, 81237, 97871, 100, 349.98
2026/09/22 23:14:14.668, 0, 81757, 97871, 51, 314.98
2026/09/22 23:14:14.668, 1, 81757, 97871, 5, 341.17
2026/09/22 23:14:14.668, 2, 81229, 97871, 39, 313.02
2026/09/22 23:14:14.668, 3, 81237, 97871, 100, 318.33
2026/09/22 23:14:14.869, 0, 81757, 97871, 0, 269.61
2026/09/22 23:14:14.869, 1, 81757, 97871, 0, 296.49
2026/09/22 23:14:14.869, 2, 81229, 97871, 0, 269.07
2026/09/22 23:14:14.869, 3, 81237, 97871, 0, 274.68
2026/09/22 23:14:15.069, 0, 81757, 97871, 0, 225.09
2026/09/22 23:14:15.069, 1, 81757, 97871, 0, 250.99
2026/09/22 23:14:15.069, 2, 81229, 97871, 0, 225.98
2026/09/22 23:14:15.069, 3, 81237, 97871, 0, 228.24
2026/09/22 23:14:15.269, 0, 81757, 97871, 0, 183.92
2026/09/22 23:14:15.269, 1, 81757, 97871, 0, 208.95
2026/09/22 23:14:15.269, 2, 81229, 97871, 0, 181.95
2026/09/22 23:14:15.269, 3, 81237, 97871, 0, 186.85
2026/09/22 23:14:15.469, 0, 81757, 97871, 0, 139.51
2026/09/22 23:14:15.469, 1, 81757, 97871, 0, 164.18
2026/09/22 23:14:15.469, 2, 81229, 97871, 0, 139.10
2026/09/22 23:14:15.469, 3, 81237, 97871, 0, 136.99
2026/09/22 23:14:15.670, 0, 81757, 97871, 0, 133.80
2026/09/22 23:14:15.670, 1, 81757, 97871, 0, 130.81
2026/09/22 23:14:15.670, 2, 81229, 97871, 0, 133.65
2026/09/22 23:14:15.670, 3, 81237, 97871, 0, 126.09
2026/09/22 23:14:15.870, 0, 81757, 97871, 100, 172.33
2026/09/22 23:14:15.870, 1, 81757, 97871, 100, 162.60
2026/09/22 23:14:15.870, 2, 81229, 97871, 100, 177.42
2026/09/22 23:14:15.870, 3, 81237, 97871, 77, 171.34
2026/09/22 23:14:16.070, 0, 81757, 97871, 100, 215.03
2026/09/22 23:14:16.070, 1, 81757, 97871, 100, 207.11
2026/09/22 23:14:16.070, 2, 81229, 97871, 100, 220.72
2026/09/22 23:14:16.070, 3, 81237, 97871, 100, 214.69
2026/09/22 23:14:16.270, 0, 81757, 97871, 100, 261.46
2026/09/22 23:14:16.270, 1, 81757, 97871, 100, 250.70
2026/09/22 23:14:16.270, 2, 81229, 97871, 100, 261.35
2026/09/22 23:14:16.270, 3, 81237, 97871, 100, 261.08
2026/09/22 23:14:16.470, 0, 81757, 97871, 100, 305.96
2026/09/22 23:14:16.470, 1, 81757, 97871, 100, 295.82
2026/09/22 23:14:16.470, 2, 81229, 97871, 100, 304.50
2026/09/22 23:14:16.470, 3, 81237, 97871, 100, 305.76
2026/09/22 23:14:16.670, 0, 81757, 97871, 100, 341.83
2026/09/22 23:14:16.670, 1, 81757, 97871, 100, 337.24
2026/09/22 23:14:16.670, 2, 81229, 97871, 100, 344.76
2026/09/22 23:14:16.670, 3, 81237, 97871, 100, 346.35
2026/09/22 23:14:16.870, 0, 81757, 97871, 100, 346.38
2026/09/22 23:14:16.870, 1, 81757, 97871, 100, 354.23
2026/09/22 23:14:16.870, 2, 81229, 97871, 100, 345.50
2026/09/22 23:14:16.870, 3, 81237, 97871, 100, 347.63
2026/09/22 23:14:17.070, 0, 81757, 97871, 100, 345.84
2026/09/22 23:14:17.071, 1, 81757, 97871, 100, 354.56
2026/09/22 23:14:17.071, 2, 81229, 97871, 100, 346.90
2026/09/22 23:14:17.071, 3, 81237, 97871, 100, 347.95
2026/09/22 23:14:17.271, 0, 81757, 97871, 100, 346.12
2026/09/22 23:14:17.271, 1, 81757, 97871, 100, 355.54
2026/09/22 23:14:17.271, 2, 81229, 97871, 100, 348.54
2026/09/22 23:14:17.271, 3, 81237, 97871, 100, 347.37
2026/09/22 23:14:17.471, 0, 81757, 97871, 100, 347.27
2026/09/22 23:14:17.471, 1, 81757, 97871, 100, 355.72
2026/09/22 23:14:17.471, 2, 81229, 97871, 100, 349.90
2026/09/22 23:14:17.471, 3, 81237, 97871, 100, 347.98
2026/09/22 23:14:17.671, 0, 81757, 97871, 100, 347.35
2026/09/22 23:14:17.671, 1, 81757, 97871, 100, 355.37
2026/09/22 23:14:17.671, 2, 81229, 97871, 100, 350.08
2026/09/22 23:14:17.671, 3, 81237, 97871, 100, 348.37
2026/09/22 23:14:17.871, 0, 81757, 97871, 100, 345.66
2026/09/22 23:14:17.871, 1, 81757, 97871, 100, 354.97
2026/09/22 23:14:17.871, 2, 81229, 97871, 100, 350.17
2026/09/22 23:14:17.871, 3, 81237, 97871, 100, 346.84
2026/09/22 23:14:18.071, 0, 81757, 97871, 30, 309.28
2026/09/22 23:14:18.071, 1, 81757, 97871, 0, 333.37
2026/09/22 23:14:18.071, 2, 81229, 97871, 18, 310.69
2026/09/22 23:14:18.071, 3, 81237, 97871, 75, 311.96
2026/09/22 23:14:18.271, 0, 81757, 97871, 0, 266.21
2026/09/22 23:14:18.271, 1, 81757, 97871, 0, 288.60
2026/09/22 23:14:18.271, 2, 81229, 97871, 0, 265.64
2026/09/22 23:14:18.271, 3, 81237, 97871, 0, 268.89
2026/09/22 23:14:18.471, 0, 81757, 97871, 0, 219.25
2026/09/22 23:14:18.472, 1, 81757, 97871, 0, 246.11
2026/09/22 23:14:18.472, 2, 81229, 97871, 0, 220.27
2026/09/22 23:14:18.472, 3, 81237, 97871, 0, 221.50
2026/09/22 23:14:18.672, 0, 81757, 97871, 0, 178.18
2026/09/22 23:14:18.672, 1, 81757, 97871, 0, 201.35
2026/09/22 23:14:18.672, 2, 81229, 97871, 0, 178.13
2026/09/22 23:14:18.672, 3, 81237, 97871, 0, 176.44
2026/09/22 23:14:18.872, 0, 81757, 97871, 0, 131.59
2026/09/22 23:14:18.872, 1, 81757, 97871, 0, 153.79
2026/09/22 23:14:18.872, 2, 81229, 97871, 0, 134.37
2026/09/22 23:14:18.872, 3, 81237, 97871, 0, 136.63
2026/09/22 23:14:19.072, 0, 81757, 97871, 0, 144.81
2026/09/22 23:14:19.072, 1, 81757, 97871, 36, 134.07
2026/09/22 23:14:19.072, 2, 81229, 97871, 0, 146.50
2026/09/22 23:14:19.072, 3, 81237, 97871, 0, 139.98
2026/09/22 23:14:19.272, 0, 81757, 97871, 100, 183.80
2026/09/22 23:14:19.272, 1, 81757, 97871, 100, 176.73
2026/09/22 23:14:19.272, 2, 81229, 97871, 100, 191.29
2026/09/22 23:14:19.272, 3, 81237, 97871, 100, 183.04
2026/09/22 23:14:19.473, 0, 81757, 97871, 100, 231.40
2026/09/22 23:14:19.473, 1, 81757, 97871, 100, 221.53
2026/09/22 23:14:19.473, 2, 81229, 97871, 100, 232.93
2026/09/22 23:14:19.473, 3, 81237, 97871, 100, 225.82
2026/09/22 23:14:19.673, 0, 81757, 97871, 100, 275.21
2026/09/22 23:14:19.673, 1, 81757, 97871, 100, 266.55
2026/09/22 23:14:19.673, 2, 81229, 97871, 100, 277.10
2026/09/22 23:14:19.673, 3, 81237, 97871, 100, 270.74
2026/09/22 23:14:19.873, 0, 81757, 97871, 100, 319.53
2026/09/22 23:14:19.873, 1, 81757, 97871, 100, 308.08
2026/09/22 23:14:19.873, 2, 81229, 97871, 100, 324.44
2026/09/22 23:14:19.873, 3, 81237, 97871, 100, 318.48
2026/09/22 23:14:20.073, 0, 81757, 97871, 100, 343.63
2026/09/22 23:14:20.073, 1, 81757, 97871, 100, 352.26
2026/09/22 23:14:20.073, 2, 81229, 97871, 100, 347.77
2026/09/22 23:14:20.073, 3, 81237, 97871, 100, 345.40
2026/09/22 23:14:20.273, 0, 81757, 97871, 100, 348.41
2026/09/22 23:14:20.273, 1, 81757, 97871, 100, 355.24
2026/09/22 23:14:20.273, 2, 81229, 97871, 100, 348.79
2026/09/22 23:14:20.273, 3, 81237, 97871, 100, 347.27
2026/09/22 23:14:20.473, 0, 81757, 97871, 100, 347.17
2026/09/22 23:14:20.473, 1, 81757, 97871, 100, 355.54
2026/09/22 23:14:20.473, 2, 81229, 97871, 100, 349.45
2026/09/22 23:14:20.473, 3, 81237, 97871, 100, 348.11
2026/09/22 23:14:20.673, 0, 81757, 97871, 100, 348.50
2026/09/22 23:14:20.673, 1, 81757, 97871, 100, 355.57
2026/09/22 23:14:20.673, 2, 81229, 97871, 100, 349.93
2026/09/22 23:14:20.674, 3, 81237, 97871, 100, 347.61
2026/09/22 23:14:20.874, 0, 81757, 97871, 100, 348.73
2026/09/22 23:14:20.874, 1, 81757, 97871, 100, 356.33
2026/09/22 23:14:20.874, 2, 81229, 97871, 100, 350.64
2026/09/22 23:14:20.874, 3, 81237, 97871, 100, 348.55
2026/09/22 23:14:21.074, 0, 81757, 97871, 100, 349.14
2026/09/22 23:14:21.074, 1, 81757, 97871, 100, 356.36
2026/09/22 23:14:21.074, 2, 81229, 97871, 100, 350.28
2026/09/22 23:14:21.074, 3, 81237, 97871, 100, 348.10
2026/09/22 23:14:21.274, 0, 81757, 97871, 95, 334.62
2026/09/22 23:14:21.274, 1, 81757, 97871, 95, 356.50
2026/09/22 23:14:21.274, 2, 81229, 97871, 95, 334.74
2026/09/22 23:14:21.274, 3, 81237, 97871, 100, 339.61
2026/09/22 23:14:21.474, 0, 81757, 97871, 0, 290.79
2026/09/22 23:14:21.474, 1, 81757, 97871, 0, 318.00
2026/09/22 23:14:21.474, 2, 81229, 97871, 0, 292.20
2026/09/22 23:14:21.474, 3, 81237, 97871, 0, 296.12
2026/09/22 23:14:21.674, 0, 81757, 97871, 62, 280.72
2026/09/22 23:14:21.674, 1, 81757, 97871, 100, 293.13
2026/09/22 23:14:21.674, 2, 81229, 97871, 71, 284.49
2026/09/22 23:14:21.674, 3, 81237, 97871, 8, 285.16
2026/09/22 23:14:21.875, 0, 81757, 97871, 100, 283.60
2026/09/22 23:14:21.875, 1, 81757, 97871, 100, 294.37
2026/09/22 23:14:21.875, 2, 81229, 97871, 100, 286.10
2026/09/22 23:14:21.875, 3, 81237, 97871, 100, 287.05
2026/09/22 23:14:22.075, 0, 81757, 97871, 100, 283.31
2026/09/22 23:14:22.075, 1, 81757, 97871, 100, 299.25
2026/09/22 23:14:22.075, 2, 81229, 97871, 100, 287.82
2026/09/22 23:14:22.075, 3, 81237, 97871, 100, 289.74
2026/09/22 23:14:22.275, 0, 81757, 97871, 69, 263.83
2026/09/22 23:14:22.275, 1, 81757, 97871, 20, 283.64
2026/09/22 23:14:22.275, 2, 81229, 97871, 46, 269.85
2026/09/22 23:14:22.275, 3, 81237, 97871, 91, 269.38
2026/09/22 23:14:22.475, 0, 81757, 97871, 0, 266.32
2026/09/22 23:14:22.475, 1, 81757, 97871, 0, 275.73
2026/09/22 23:14:22.475, 2, 81229, 97871, 0, 269.55
2026/09/22 23:14:22.475, 3, 81237, 97871, 0, 269.04
2026/09/22 23:14:22.675, 0, 81757, 97871, 0, 229.91
2026/09/22 23:14:22.675, 1, 81757, 97871, 0, 258.27
2026/09/22 23:14:22.675, 2, 81229, 97871, 0, 232.49
2026/09/22 23:14:22.675, 3, 81237, 97871, 0, 234.08
2026/09/22 23:14:22.875, 0, 81757, 97871, 0, 186.98
2026/09/22 23:14:22.875, 1, 81757, 97871, 0, 211.72
2026/09/22 23:14:22.875, 2, 81229, 97871, 0, 187.14
2026/09/22 23:14:22.875, 3, 81237, 97871, 0, 187.36
2026/09/22 23:14:23.075, 0, 81757, 97871, 0, 141.62
2026/09/22 23:14:23.075, 1, 81757, 97871, 0, 163.49
2026/09/22 23:14:23.075, 2, 81229, 97871, 0, 137.52
2026/09/22 23:14:23.076, 3, 81237, 97871, 0, 140.26
2026/09/22 23:14:23.276, 0, 81223, 97871, 0, 123.62
2026/09/22 23:14:23.276, 1, 81223, 97871, 0, 132.00
2026/09/22 23:14:23.276, 2, 80695, 97871, 0, 125.37
2026/09/22 23:14:23.276, 3, 80703, 97871, 0, 122.75
2026/09/22 23:14:23.476, 0, 81189, 97871, 1, 123.49
2026/09/22 23:14:23.476, 1, 81189, 97871, 0, 130.54
2026/09/22 23:14:23.476, 2, 80661, 97871, 1, 125.14
2026/09/22 23:14:23.476, 3, 80669, 97871, 2, 122.60
2026/09/22 23:14:23.676, 0, 81189, 97871, 0, 123.40
2026/09/22 23:14:23.676, 1, 81189, 97871, 0, 130.21
2026/09/22 23:14:23.676, 2, 80661, 97871, 0, 124.95
2026/09/22 23:14:23.676, 3, 80669, 97871, 0, 122.51
2026/09/22 23:14:23.876, 0, 81189, 97871, 0, 123.36
2026/09/22 23:14:23.876, 1, 81189, 97871, 0, 130.07
2026/09/22 23:14:23.876, 2, 80661, 97871, 0, 124.81
2026/09/22 23:14:23.876, 3, 80669, 97871, 0, 122.46
2026/09/22 23:14:24.076, 0, 81189, 97871, 0, 123.37
2026/09/22 23:14:24.076, 1, 81189, 97871, 0, 129.94
2026/09/22 23:14:24.076, 2, 80661, 97871, 0, 124.69
2026/09/22 23:14:24.076, 3, 80669, 97871, 0, 122.40
2026/09/22 23:14:24.276, 0, 81189, 97871, 0, 123.40
2026/09/22 23:14:24.276, 1, 81189, 97871, 0, 129.79
2026/09/22 23:14:24.276, 2, 80661, 97871, 0, 124.60
2026/09/22 23:14:24.276, 3, 80669, 97871, 0, 122.35
2026/09/22 23:14:24.477, 0, 81189, 97871, 0, 123.28
2026/09/22 23:14:24.477, 1, 81189, 97871, 0, 129.71
2026/09/22 23:14:24.477, 2, 80661, 97871, 0, 124.45
2026/09/22 23:14:24.477, 3, 80669, 97871, 0, 122.31
2026/09/22 23:14:24.677, 0, 81189, 97871, 0, 123.21
2026/09/22 23:14:24.677, 1, 81189, 97871, 0, 129.65
2026/09/22 23:14:24.677, 2, 80661, 97871, 0, 124.37
2026/09/22 23:14:24.677, 3, 80669, 97871, 0, 122.29
2026/09/22 23:14:24.877, 0, 81189, 97871, 0, 123.15
2026/09/22 23:14:24.878, 1, 81189, 97871, 0, 129.59
2026/09/22 23:14:24.883, 2, 80661, 97871, 0, 124.31
2026/09/22 23:14:24.883, 3, 80669, 97871, 0, 122.25
2026/09/22 23:14:25.084, 0, 598, 97871, 10, 124.82
2026/09/22 23:14:25.297, 1, 22, 97871, 93, 137.54
2026/09/22 23:14:25.735, 2, 4, 97871, 43, 132.99
2026/09/22 23:14:25.983, 3, 4, 97871, 14, 125.82
2026/09/22 23:14:26.183, 0, 4, 97871, 0, 131.75
2026/09/22 23:14:26.183, 1, 4, 97871, 0, 138.29
2026/09/22 23:14:26.183, 2, 4, 97871, 30, 132.95
2026/09/22 23:14:26.184, 3, 4, 97871, 100, 131.07
2026/09/22 23:14:26.384, 0, 4, 97871, 0, 130.96
2026/09/22 23:14:26.384, 1, 4, 97871, 0, 137.46
2026/09/22 23:14:26.384, 2, 4, 97871, 0, 132.90
2026/09/22 23:14:26.384, 3, 4, 97871, 0, 131.07
2026/09/22 23:14:26.584, 0, 4, 97871, 0, 125.42
2026/09/22 23:14:26.584, 1, 4, 97871, 0, 134.86
2026/09/22 23:14:26.584, 2, 4, 97871, 0, 132.85
2026/09/22 23:14:26.584, 3, 4, 97871, 0, 130.91
2026/09/22 23:14:26.784, 0, 4, 97871, 0, 125.37
2026/09/22 23:14:26.784, 1, 4, 97871, 0, 131.52
2026/09/22 23:14:26.784, 2, 4, 97871, 0, 131.06
2026/09/22 23:14:26.784, 3, 4, 97871, 0, 130.98
2026/09/22 23:14:26.984, 0, 4, 97871, 0, 125.35
2026/09/22 23:14:26.984, 1, 4, 97871, 0, 131.49
2026/09/22 23:14:26.984, 2, 4, 97871, 0, 126.32
2026/09/22 23:14:26.984, 3, 4, 97871, 0, 130.05
2026/09/22 23:14:27.184, 0, 4, 97871, 0, 125.19
2026/09/22 23:14:27.184, 1, 4, 97871, 0, 131.45
2026/09/22 23:14:27.184, 2, 4, 97871, 0, 126.29
2026/09/22 23:14:27.184, 3, 4, 97871, 0, 124.43
2026/09/22 23:14:27.384, 0, 4, 97871, 0, 123.23
2026/09/22 23:14:27.384, 1, 4, 97871, 0, 131.43
2026/09/22 23:14:27.384, 2, 4, 97871, 0, 126.25
2026/09/22 23:14:27.384, 3, 4, 97871, 0, 124.38
2026/09/22 23:14:27.584, 0, 4, 97871, 0, 113.23
2026/09/22 23:14:27.584, 1, 4, 97871, 0, 127.30
2026/09/22 23:14:27.585, 2, 4, 97871, 0, 126.23
2026/09/22 23:14:27.585, 3, 4, 97871, 0, 124.35
2026/09/22 23:14:27.785, 0, 4, 97871, 0, 103.63
2026/09/22 23:14:27.785, 1, 4, 97871, 0, 116.05
2026/09/22 23:14:27.785, 2, 4, 97871, 0, 120.29
2026/09/22 23:14:27.785, 3, 4, 97871, 0, 124.35
2026/09/22 23:14:27.985, 0, 0, 97871, 0, 93.12
2026/09/22 23:14:27.985, 1, 0, 97871, 0, 105.23
2026/09/22 23:14:27.986, 2, 0, 97871, 0, 110.69
2026/09/22 23:14:27.986, 3, 4, 97871, 0, 124.34
2026/09/22 23:14:28.186, 0, 0, 97871, 0, 83.85
2026/09/22 23:14:28.186, 1, 0, 97871, 0, 94.69
2026/09/22 23:14:28.186, 2, 0, 97871, 0, 100.96
2026/09/22 23:14:28.186, 3, 0, 97871, 0, 117.64
2026/09/22 23:14:28.386, 0, 0, 97871, 0, 74.88
2026/09/22 23:14:28.386, 1, 0, 97871, 0, 84.16
2026/09/22 23:14:28.386, 2, 0, 97871, 0, 90.46
2026/09/22 23:14:28.386, 3, 0, 97871, 0, 108.04
