baseline,expert_high,expert_low,truth_high,truth_low,truth_gap,first_high,first_low,hessian_high,hessian_low,hessian_relative_error_high,hessian_relative_error_low
first_order_abs,13,57,1.8799617258767294e-07,1.0492276568045554e-07,8.30734069072174e-08,2.273276020758885e-08,2.2827513834755563e-08,1.8807284618560516e-07,1.0467472577602166e-07,0.0004078465900493794,0.0023640236971001296
first_order_signed,13,57,1.8799617258767294e-07,1.0492276568045554e-07,8.30734069072174e-08,2.273276020758885e-08,2.2827513834755563e-08,1.8807284618560516e-07,1.0467472577602166e-07,0.0004078465900493794,0.0023640236971001296
first_order_abs,13,98,1.8799617258767294e-07,1.0692258987152722e-07,8.107358271614572e-08,2.273276020758885e-08,2.6404627373466383e-08,1.8807284618560516e-07,1.0676933470676886e-07,0.0004078465900493794,0.0014333282138274752
first_order_signed,13,98,1.8799617258767294e-07,1.0692258987152722e-07,8.107358271614572e-08,2.273276020758885e-08,2.6404627373466383e-08,1.8807284618560516e-07,1.0676933470676886e-07,0.0004078465900493794,0.0014333282138274752
first_order_abs,19,57,1.854147713277629e-07,1.0492276568045554e-07,8.049200564730736e-08,2.1798215454893466e-08,2.2827513834755563e-08,1.8540910673436883e-07,1.0467472577602166e-07,3.0550928351109904e-05,0.0023640236971001296
first_order_signed,19,57,1.854147713277629e-07,1.0492276568045554e-07,8.049200564730736e-08,2.1798215454893466e-08,2.2827513834755563e-08,1.8540910673436883e-07,1.0467472577602166e-07,3.0550928351109904e-05,0.0023640236971001296
first_order_abs,19,98,1.854147713277629e-07,1.0692258987152722e-07,7.849218145623568e-08,2.1798215454893466e-08,2.6404627373466383e-08,1.8540910673436883e-07,1.0676933470676886e-07,3.0550928351109904e-05,0.0014333282138274752
first_order_signed,19,98,1.854147713277629e-07,1.0692258987152722e-07,7.849218145623568e-08,2.1798215454893466e-08,2.6404627373466383e-08,1.8540910673436883e-07,1.0676933470676886e-07,3.0550928351109904e-05,0.0014333282138274752
first_order_abs,125,114,4.1059475948358125e-07,3.323825035544902e-07,7.821225592909105e-08,5.598136905149431e-08,6.046135645476624e-08,4.105474999960279e-07,3.305815141629864e-07,0.00011510007485916863,0.005418424171681857
first_order_signed,125,114,4.1059475948358125e-07,3.323825035544902e-07,7.821225592909105e-08,5.598136905149431e-08,6.046135645476624e-08,4.105474999960279e-07,3.305815141629864e-07,0.00011510007485916863,0.005418424171681857
first_order_abs,124,98,1.7898613071536187e-07,1.0692258987152722e-07,7.206354084383465e-08,2.432921681894129e-08,2.6404627373466383e-08,1.7898321402753936e-07,1.0676933470676886e-07,1.629560799403568e-05,0.0014333282138274752
first_order_signed,124,98,1.7898613071536187e-07,1.0692258987152722e-07,7.206354084383465e-08,2.432921681894129e-08,2.6404627373466383e-08,1.7898321402753936e-07,1.0676933470676886e-07,1.629560799403568e-05,0.0014333282138274752
first_order_abs,102,84,2.652157119467927e-07,2.0099846921319143e-07,6.421724273360129e-08,3.5007076792936687e-08,3.532960430874254e-08,2.6525256657805585e-07,2.0089188979000028e-07,0.00013896096499184206,0.0005302499248295883
first_order_signed,102,84,2.652157119467927e-07,2.0099846921319143e-07,6.421724273360129e-08,3.5007076792936687e-08,3.532960430874254e-08,2.6525256657805585e-07,2.0089188979000028e-07,0.00013896096499184206,0.0005302499248295883
first_order_abs,34,98,1.612696370968909e-07,1.0692258987152722e-07,5.434704722536368e-08,2.6177402778770895e-08,2.6404627373466383e-08,1.6115104983782658e-07,1.0676933470676886e-07,0.0007353353129521718,0.0014333282138274752
first_order_signed,34,98,1.612696370968909e-07,1.0692258987152722e-07,5.434704722536368e-08,2.6177402778770895e-08,2.6404627373466383e-08,1.6115104983782658e-07,1.0676933470676886e-07,0.0007353353129521718,0.0014333282138274752
first_order_abs,79,50,1.2302294417981364e-07,7.102180668059992e-08,5.200113749921373e-08,1.5317005086501465e-08,1.5356485061346346e-08,1.2302251661822083e-07,7.090638831641627e-08,3.475462204720315e-06,0.0016251116323006036
first_order_signed,79,50,1.2302294417981364e-07,7.102180668059992e-08,5.200113749921373e-08,1.5317005086501465e-08,1.5356485061346346e-08,1.2302251661822083e-07,7.090638831641627e-08,3.475462204720315e-06,0.0016251116323006036
first_order_abs,35,114,3.8423935742571876e-07,3.323825035544902e-07,5.185685387122856e-08,5.319737859110773e-08,6.046135645476624e-08,3.8223680576265906e-07,3.305815141629864e-07,0.005211729679323219,0.005418424171681857
first_order_signed,35,114,3.8423935742571876e-07,3.323825035544902e-07,5.185685387122856e-08,5.319737859110773e-08,6.046135645476624e-08,3.8223680576265906e-07,3.305815141629864e-07,0.005211729679323219,0.005418424171681857
first_order_abs,125,16,4.1059475948358125e-07,3.6133281701343815e-07,4.9261942470143106e-08,5.598136905149431e-08,6.202242452957307e-08,4.105474999960279e-07,3.5923275731875037e-07,0.00011510007485916863,0.005811981629694241
first_order_signed,125,16,4.1059475948358125e-07,3.6133281701343815e-07,4.9261942470143106e-08,5.598136905149431e-08,6.202242452957307e-08,4.105474999960279e-07,3.5923275731875037e-07,0.00011510007485916863,0.005811981629694241
first_order_abs,19,75,1.854147713277629e-07,1.3793495141328e-07,4.74798199144829e-08,2.1798215454893466e-08,2.249351442884517e-08,1.8540910673436883e-07,1.3790193520435423e-07,3.0550928351109904e-05,0.00023936071740694417
first_order_signed,19,75,1.854147713277629e-07,1.3793495141328e-07,4.74798199144829e-08,2.1798215454893466e-08,2.249351442884517e-08,1.8540910673436883e-07,1.3790193520435423e-07,3.0550928351109904e-05,0.00023936071740694417
first_order_abs,1,98,1.4977038176988643e-07,1.0692258987152722e-07,4.284779189835921e-08,2.4052898339732565e-08,2.6404627373466383e-08,1.4977132423155126e-07,1.0676933470676886e-07,6.2927105726177815e-06,0.0014333282138274752
first_order_signed,1,98,1.4977038176988643e-07,1.0692258987152722e-07,4.284779189835921e-08,2.4052898339732565e-08,2.6404627373466383e-08,1.4977132423155126e-07,1.0676933470676886e-07,6.2927105726177815e-06,0.0014333282138274752
first_order_abs,85,53,8.524151710702273e-08,4.529262818169316e-08,3.994888892532957e-08,9.493916364178289e-09,9.662174127456068e-09,8.523826977580029e-08,4.528903829736919e-08,3.809565259570081e-05,7.92597927762417e-05
first_order_signed,85,53,8.524151710702273e-08,4.529262818169316e-08,3.994888892532957e-08,9.493916364178289e-09,9.662174127456068e-09,8.523826977580029e-08,4.528903829736919e-08,3.809565259570081e-05,7.92597927762417e-05
first_order_abs,7,110,1.2456171764452725e-07,8.632561303170921e-08,3.8236104612818046e-08,1.7722442580136998e-08,1.8151225145146554e-08,1.2450220765458653e-07,8.62886224695103e-08,0.000477755052403469,0.00042850042878143186
first_order_signed,7,110,1.2456171764452725e-07,8.632561303170921e-08,3.8236104612818046e-08,1.7722442580136998e-08,1.8151225145146554e-08,1.2450220765458653e-07,8.62886224695103e-08,0.000477755052403469,0.00042850042878143186
first_order_abs,13,1,1.8799617258767294e-07,1.4977038176988643e-07,3.822579081778651e-08,2.273276020758885e-08,2.4052898339732565e-08,1.8807284618560516e-07,1.4977132423155126e-07,0.0004078465900493794,6.2927105726177815e-06
first_order_signed,13,1,1.8799617258767294e-07,1.4977038176988643e-07,3.822579081778651e-08,2.273276020758885e-08,2.4052898339732565e-08,1.8807284618560516e-07,1.4977132423155126e-07,0.0004078465900493794,6.2927105726177815e-06
first_order_abs,108,53,8.226436222415004e-08,4.529262818169316e-08,3.697173404245688e-08,9.022701896732599e-09,9.662174127456068e-09,8.233610060415231e-08,4.528903829736919e-08,0.0008720468750100524,7.92597927762417e-05
first_order_signed,108,53,8.226436222415004e-08,4.529262818169316e-08,3.697173404245688e-08,9.022701896732599e-09,9.662174127456068e-09,8.233610060415231e-08,4.528903829736919e-08,0.0008720468750100524,7.92597927762417e-05
first_order_abs,79,107,1.2302294417981364e-07,8.606169340408391e-08,3.696125077572973e-08,1.5317005086501465e-08,1.663169879595472e-08,1.2302251661822083e-07,8.602605561236487e-08,3.475462204720315e-06,0.0004140958690147303
first_order_signed,79,107,1.2302294417981364e-07,8.606169340408391e-08,3.696125077572973e-08,1.5317005086501465e-08,1.663169879595472e-08,1.2302251661822083e-07,8.602605561236487e-08,3.475462204720315e-06,0.0004140958690147303
first_order_abs,79,110,1.2302294417981364e-07,8.632561303170921e-08,3.6697331148104436e-08,1.5317005086501465e-08,1.8151225145146554e-08,1.2302251661822083e-07,8.62886224695103e-08,3.475462204720315e-06,0.00042850042878143186
first_order_signed,79,110,1.2302294417981364e-07,8.632561303170921e-08,3.6697331148104436e-08,1.5317005086501465e-08,1.8151225145146554e-08,1.2302251661822083e-07,8.62886224695103e-08,3.475462204720315e-06,0.00042850042878143186
first_order_abs,19,1,1.854147713277629e-07,1.4977038176988643e-07,3.564438955787647e-08,2.1798215454893466e-08,2.4052898339732565e-08,1.8540910673436883e-07,1.4977132423155126e-07,3.0550928351109904e-05,6.2927105726177815e-06
first_order_signed,19,1,1.854147713277629e-07,1.4977038176988643e-07,3.564438955787647e-08,2.1798215454893466e-08,2.4052898339732565e-08,1.8540910673436883e-07,1.4977132423155126e-07,3.0550928351109904e-05,6.2927105726177815e-06
first_order_abs,112,61,9.327017850629176e-08,6.004634727754968e-08,3.3223831228742084e-08,1.151465867099688e-08,1.2295768159198417e-08,9.327463601493946e-08,6.004147223848122e-08,4.779135967236615e-05,8.11879371433461e-05
first_order_signed,112,61,9.327017850629176e-08,6.004634727754968e-08,3.3223831228742084e-08,1.151465867099688e-08,1.2295768159198417e-08,9.327463601493946e-08,6.004147223848122e-08,4.779135967236615e-05,8.11879371433461e-05
first_order_abs,75,57,1.3793495141328e-07,1.0492276568045554e-07,3.3012185732824465e-08,2.249351442884517e-08,2.2827513834755563e-08,1.3790193520435423e-07,1.0467472577602166e-07,0.00023936071740694417,0.0023640236971001296
first_order_signed,75,57,1.3793495141328e-07,1.0492276568045554e-07,3.3012185732824465e-08,2.249351442884517e-08,2.2827513834755563e-08,1.3790193520435423e-07,1.0467472577602166e-07,0.00023936071740694417,0.0023640236971001296
first_order_abs,89,53,7.762380133093168e-08,4.529262818169316e-08,3.233117314923852e-08,7.940589452637424e-09,9.662174127456068e-09,7.762312037584707e-08,4.528903829736919e-08,8.772503703012861e-06,7.92597927762417e-05
first_order_signed,89,53,7.762380133093168e-08,4.529262818169316e-08,3.233117314923852e-08,7.940589452637424e-09,9.662174127456068e-09,7.762312037584707e-08,4.528903829736919e-08,8.772503703012861e-06,7.92597927762417e-05
first_order_abs,89,26,7.762380133093168e-08,4.581858096179697e-08,3.180522036913471e-08,7.940589452637424e-09,8.090811853822544e-09,7.762312037584707e-08,4.5822922345450934e-08,8.772503703012861e-06,9.475159559354661e-05
first_order_signed,89,26,7.762380133093168e-08,4.581858096179697e-08,3.180522036913471e-08,7.940589452637424e-09,8.090811853822544e-09,7.762312037584707e-08,4.5822922345450934e-08,8.772503703012861e-06,9.475159559354661e-05
first_order_abs,101,53,7.64486784895922e-08,4.529262818169316e-08,3.115605030789904e-08,9.079268414868836e-09,9.662174127456068e-09,7.645348887308501e-08,4.528903829736919e-08,6.29230431166083e-05,7.92597927762417e-05
first_order_signed,101,53,7.64486784895922e-08,4.529262818169316e-08,3.115605030789904e-08,9.079268414868836e-09,9.662174127456068e-09,7.645348887308501e-08,4.528903829736919e-08,6.29230431166083e-05,7.92597927762417e-05
first_order_abs,75,98,1.3793495141328e-07,1.0692258987152722e-07,3.101236154175278e-08,2.249351442884517e-08,2.6404627373466383e-08,1.3790193520435423e-07,1.0676933470676886e-07,0.00023936071740694417,0.0014333282138274752
first_order_signed,75,98,1.3793495141328e-07,1.0692258987152722e-07,3.101236154175278e-08,2.249351442884517e-08,2.6404627373466383e-08,1.3790193520435423e-07,1.0676933470676886e-07,0.00023936071740694417,0.0014333282138274752
first_order_abs,68,107,1.168976121516777e-07,8.606169340408391e-08,3.0835918747593787e-08,1.6112810086177376e-08,1.663169879595472e-08,1.1685467171673736e-07,8.602605561236487e-08,0.0003673337217926029,0.0004140958690147303
first_order_signed,68,107,1.168976121516777e-07,8.606169340408391e-08,3.0835918747593787e-08,1.6112810086177376e-08,1.663169879595472e-08,1.1685467171673736e-07,8.602605561236487e-08,0.0003673337217926029,0.0004140958690147303
first_order_abs,89,77,7.762380133093168e-08,4.702571686254087e-08,3.059808446839081e-08,7.940589452637424e-09,8.094830517002548e-09,7.762312037584707e-08,4.7028592575770745e-08,8.772503703012861e-06,6.115192753527157e-05
first_order_signed,89,77,7.762380133093168e-08,4.702571686254087e-08,3.059808446839081e-08,7.940589452637424e-09,8.094830517002548e-09,7.762312037584707e-08,4.7028592575770745e-08,8.772503703012861e-06,6.115192753527157e-05
first_order_abs,68,110,1.168976121516777e-07,8.632561303170921e-08,3.057199911996849e-08,1.6112810086177376e-08,1.8151225145146554e-08,1.1685467171673736e-07,8.62886224695103e-08,0.0003673337217926029,0.00042850042878143186
first_order_signed,68,110,1.168976121516777e-07,8.632561303170921e-08,3.057199911996849e-08,1.6112810086177376e-08,1.8151225145146554e-08,1.1685467171673736e-07,8.62886224695103e-08,0.0003673337217926029,0.00042850042878143186
first_order_abs,13,126,1.8799617258767294e-07,1.575821954278224e-07,3.041397715985054e-08,2.273276020758885e-08,2.668303333841493e-08,1.8807284618560516e-07,1.5761642657707853e-07,0.0004078465900493794,0.0002172272645598948
first_order_signed,13,126,1.8799617258767294e-07,1.575821954278224e-07,3.041397715985054e-08,2.273276020758885e-08,2.668303333841493e-08,1.8807284618560516e-07,1.5761642657707853e-07,0.0004078465900493794,0.0002172272645598948
first_order_abs,4,61,8.944808191514077e-08,6.004634727754968e-08,2.9401734637591096e-08,1.0925105109471644e-08,1.2295768159198417e-08,8.94635334702798e-08,6.004147223848122e-08,0.00017274328088650527,8.11879371433461e-05
first_order_signed,4,61,8.944808191514077e-08,6.004634727754968e-08,2.9401734637591096e-08,1.0925105109471644e-08,1.2295768159198417e-08,8.94635334702798e-08,6.004147223848122e-08,0.00017274328088650527,8.11879371433461e-05
first_order_abs,13,63,1.8799617258767294e-07,1.598408723434112e-07,2.815530024426173e-08,2.273276020758885e-08,2.801087424231241e-08,1.8807284618560516e-07,1.5976854683685815e-07,0.0004078465900493794,0.0004524844333786793
first_order_signed,13,63,1.8799617258767294e-07,1.598408723434112e-07,2.815530024426173e-08,2.273276020758885e-08,2.801087424231241e-08,1.8807284618560516e-07,1.5976854683685815e-07,0.0004078465900493794,0.0004524844333786793
first_order_abs,65,57,1.3287731754290939e-07,1.0492276568045554e-07,2.7954551862453844e-08,1.974236938373508e-08,2.2827513834755563e-08,1.3265648135529773e-07,1.0467472577602166e-07,0.0016619554916913726,0.0023640236971001296
first_order_signed,65,57,1.3287731754290939e-07,1.0492276568045554e-07,2.7954551862453844e-08,1.974236938373508e-08,2.2827513834755563e-08,1.3265648135529773e-07,1.0467472577602166e-07,0.0016619554916913726,0.0023640236971001296
first_order_abs,19,126,1.854147713277629e-07,1.575821954278224e-07,2.7832575899940506e-08,2.1798215454893466e-08,2.668303333841493e-08,1.8540910673436883e-07,1.5761642657707853e-07,3.0550928351109904e-05,0.0002172272645598948
first_order_signed,19,126,1.854147713277629e-07,1.575821954278224e-07,2.7832575899940506e-08,2.1798215454893466e-08,2.668303333841493e-08,1.8540910673436883e-07,1.5761642657707853e-07,3.0550928351109904e-05,0.0002172272645598948
first_order_abs,111,61,8.728085554749227e-08,6.004634727754968e-08,2.723450826994259e-08,1.0025267971336405e-08,1.2295768159198417e-08,8.728105171940115e-08,6.004147223848122e-08,2.247593789604378e-06,8.11879371433461e-05
first_order_signed,111,61,8.728085554749227e-08,6.004634727754968e-08,2.723450826994259e-08,1.0025267971336405e-08,1.2295768159198417e-08,8.728105171940115e-08,6.004147223848122e-08,2.247593789604378e-06,8.11879371433461e-05
first_order_abs,13,34,1.8799617258767294e-07,1.612696370968909e-07,2.672653549078204e-08,2.273276020758885e-08,2.6177402778770895e-08,1.8807284618560516e-07,1.6115104983782658e-07,0.0004078465900493794,0.0007353353129521718
first_order_signed,13,34,1.8799617258767294e-07,1.612696370968909e-07,2.672653549078204e-08,2.273276020758885e-08,2.6177402778770895e-08,1.8807284618560516e-07,1.6115104983782658e-07,0.0004078465900493794,0.0007353353129521718
first_order_abs,108,27,8.226436222415004e-08,5.586618760855002e-08,2.639817461560002e-08,9.022701896732599e-09,9.388301736024117e-09,8.233610060415231e-08,5.584386641999117e-08,0.0008720468750100524,0.00039954737407987216
first_order_signed,108,27,8.226436222415004e-08,5.586618760855002e-08,2.639817461560002e-08,9.022701896732599e-09,9.388301736024117e-09,8.233610060415231e-08,5.584386641999117e-08,0.0008720468750100524,0.00039954737407987216
first_order_abs,67,61,8.611253858189556e-08,6.004634727754968e-08,2.606619130434588e-08,1.1134036781434986e-08,1.2295768159198417e-08,8.611957724724562e-08,6.004147223848122e-08,8.173798457194542e-05,8.11879371433461e-05
first_order_signed,67,61,8.611253858189556e-08,6.004634727754968e-08,2.606619130434588e-08,1.1134036781434986e-08,1.2295768159198417e-08,8.611957724724562e-08,6.004147223848122e-08,8.173798457194542e-05,8.11879371433461e-05
first_order_abs,65,98,1.3287731754290939e-07,1.0692258987152722e-07,2.5954727671382162e-08,1.974236938373508e-08,2.6404627373466383e-08,1.3265648135529773e-07,1.0676933470676886e-07,0.0016619554916913726,0.0014333282138274752
first_order_signed,65,98,1.3287731754290939e-07,1.0692258987152722e-07,2.5954727671382162e-08,1.974236938373508e-08,2.6404627373466383e-08,1.3265648135529773e-07,1.0676933470676886e-07,0.0016619554916913726,0.0014333282138274752
first_order_abs,111,23,8.728085554749227e-08,6.142159700314327e-08,2.5859258544348996e-08,1.0025267971336405e-08,1.0522774718246807e-08,8.728105171940115e-08,6.142444419765525e-08,2.247593789604378e-06,4.6354941110202366e-05
first_order_signed,111,23,8.728085554749227e-08,6.142159700314327e-08,2.5859258544348996e-08,1.0025267971336405e-08,1.0522774718246807e-08,8.728105171940115e-08,6.142444419765525e-08,2.247593789604378e-06,4.6354941110202366e-05
first_order_abs,82,21,2.7224126636784057e-07,2.46422925594775e-07,2.5818340773065546e-08,3.5421716937378275e-08,4.1460119604153076e-08,2.721936880334397e-07,2.45963832412599e-07,0.0001747653286941391,0.0018630295094011061
first_order_signed,82,21,2.7224126636784057e-07,2.46422925594775e-07,2.5818340773065546e-08,3.5421716937378275e-08,4.1460119604153076e-08,2.721936880334397e-07,2.45963832412599e-07,0.0001747653286941391,0.0018630295094011061
first_order_abs,116,53,7.10998220131772e-08,4.529262818169316e-08,2.5807193831484036e-08,8.909839710469213e-09,9.662174127456068e-09,7.109583322062463e-08,4.528903829736919e-08,5.610130151704737e-05,7.92597927762417e-05
first_order_signed,116,53,7.10998220131772e-08,4.529262818169316e-08,2.5807193831484036e-08,8.909839710469213e-09,9.662174127456068e-09,7.109583322062463e-08,4.528903829736919e-08,5.610130151704737e-05,7.92597927762417e-05
first_order_abs,65,2,1.3287731754290939e-07,1.0729894294663803e-07,2.5578374596271357e-08,1.974236938373508e-08,1.9928708283600827e-08,1.3265648135529773e-07,1.0701042896243962e-07,0.0016619554916913726,0.002688880023188049
first_order_signed,65,2,1.3287731754290939e-07,1.0729894294663803e-07,2.5578374596271357e-08,1.974236938373508e-08,1.9928708283600827e-08,1.3265648135529773e-07,1.0701042896243962e-07,0.0016619554916913726,0.002688880023188049
first_order_abs,19,63,1.854147713277629e-07,1.598408723434112e-07,2.5573898984351694e-08,2.1798215454893466e-08,2.801087424231241e-08,1.8540910673436883e-07,1.5976854683685815e-07,3.0550928351109904e-05,0.0004524844333786793
first_order_signed,19,63,1.854147713277629e-07,1.598408723434112e-07,2.5573898984351694e-08,2.1798215454893466e-08,2.801087424231241e-08,1.8540910673436883e-07,1.5976854683685815e-07,3.0550928351109904e-05,0.0004524844333786793
first_order_abs,89,122,7.762380133093168e-08,5.205540461196481e-08,2.5568396718966874e-08,7.940589452637424e-09,7.999724194185376e-09,7.762312037584707e-08,5.205438924349437e-08,8.772503703012861e-06,1.9505534113269672e-05
first_order_signed,89,122,7.762380133093168e-08,5.205540461196481e-08,2.5568396718966874e-08,7.940589452637424e-09,7.999724194185376e-09,7.762312037584707e-08,5.205438924349437e-08,8.772503703012861e-06,1.9505534113269672e-05
first_order_abs,89,45,7.762380133093168e-08,5.214470753305639e-08,2.547909379787529e-08,7.940589452637424e-09,8.629702330509302e-09,7.762312037584707e-08,5.21381764428952e-08,8.772503703012861e-06,0.00012524933919806996
first_order_signed,89,45,7.762380133093168e-08,5.214470753305639e-08,2.547909379787529e-08,7.940589452637424e-09,8.629702330509302e-09,7.762312037584707e-08,5.21381764428952e-08,8.772503703012861e-06,0.00012524933919806996
first_order_abs,112,100,9.327017850629176e-08,6.780699859506189e-08,2.5463179911229874e-08,1.151465867099688e-08,1.2649099589978618e-08,9.327463601493946e-08,6.780321371024911e-08,4.779135967236615e-05,5.5818497960348926e-05
first_order_signed,112,100,9.327017850629176e-08,6.780699859506189e-08,2.5463179911229874e-08,1.151465867099688e-08,1.2649099589978618e-08,9.327463601493946e-08,6.780321371024911e-08,4.779135967236615e-05,5.5818497960348926e-05
first_order_abs,85,61,8.524151710702273e-08,6.004634727754968e-08,2.5195169829473054e-08,9.493916364178289e-09,1.2295768159198417e-08,8.523826977580029e-08,6.004147223848122e-08,3.809565259570081e-05,8.11879371433461e-05
first_order_signed,85,61,8.524151710702273e-08,6.004634727754968e-08,2.5195169829473054e-08,9.493916364178289e-09,1.2295768159198417e-08,8.523826977580029e-08,6.004147223848122e-08,3.809565259570081e-05,8.11879371433461e-05
first_order_abs,19,34,1.854147713277629e-07,1.612696370968909e-07,2.4145134230872004e-08,2.1798215454893466e-08,2.6177402778770895e-08,1.8540910673436883e-07,1.6115104983782658e-07,3.0550928351109904e-05,0.0007353353129521718
first_order_signed,19,34,1.854147713277629e-07,1.612696370968909e-07,2.4145134230872004e-08,2.1798215454893466e-08,2.6177402778770895e-08,1.8540910673436883e-07,1.6115104983782658e-07,3.0550928351109904e-05,0.0007353353129521718
first_order_abs,85,23,8.524151710702273e-08,6.142159700314327e-08,2.3819920103879457e-08,9.493916364178289e-09,1.0522774718246807e-08,8.523826977580029e-08,6.142444419765525e-08,3.809565259570081e-05,4.6354941110202366e-05
first_order_signed,85,23,8.524151710702273e-08,6.142159700314327e-08,2.3819920103879457e-08,9.493916364178289e-09,1.0522774718246807e-08,8.523826977580029e-08,6.142444419765525e-08,3.809565259570081e-05,4.6354941110202366e-05
first_order_abs,112,83,9.327017850629176e-08,6.973023412726003e-08,2.3539944379031726e-08,1.151465867099688e-08,1.1616830297711543e-08,9.327463601493946e-08,6.966891419324384e-08,4.779135967236615e-05,0.0008793880414095233
first_order_signed,112,83,9.327017850629176e-08,6.973023412726003e-08,2.3539944379031726e-08,1.151465867099688e-08,1.1616830297711543e-08,9.327463601493946e-08,6.966891419324384e-08,4.779135967236615e-05,0.0008793880414095233
first_order_abs,30,53,6.839451191867113e-08,4.529262818169316e-08,2.3101883736977966e-08,8.452934729952232e-09,9.662174127456068e-09,6.839911748102168e-08,4.528903829736919e-08,6.733818578931836e-05,7.92597927762417e-05
first_order_signed,30,53,6.839451191867113e-08,4.529262818169316e-08,2.3101883736977966e-08,8.452934729952232e-09,9.662174127456068e-09,6.839911748102168e-08,4.528903829736919e-08,6.733818578931836e-05,7.92597927762417e-05
first_order_abs,35,16,3.8423935742571876e-07,3.6133281701343815e-07,2.2906540412280615e-08,5.319737859110773e-08,6.202242452957307e-08,3.8223680576265906e-07,3.5923275731875037e-07,0.005211729679323219,0.005811981629694241
first_order_signed,35,16,3.8423935742571876e-07,3.6133281701343815e-07,2.2906540412280615e-08,5.319737859110773e-08,6.202242452957307e-08,3.8223680576265906e-07,3.5923275731875037e-07,0.005211729679323219,0.005811981629694241
first_order_abs,33,57,1.2760294037135902e-07,1.0492276568045554e-07,2.2680174690903478e-08,1.9076595592082412e-08,2.2827513834755563e-08,1.2759559808728227e-07,1.0467472577602166e-07,5.754008532547613e-05,0.0023640236971001296
first_order_signed,33,57,1.2760294037135902e-07,1.0492276568045554e-07,2.2680174690903478e-08,1.9076595592082412e-08,2.2827513834755563e-08,1.2759559808728227e-07,1.0467472577602166e-07,5.754008532547613e-05,0.0023640236971001296
first_order_abs,112,50,9.327017850629176e-08,7.102180668059992e-08,2.2248371825691844e-08,1.151465867099688e-08,1.5356485061346346e-08,9.327463601493946e-08,7.090638831641627e-08,4.779135967236615e-05,0.0016251116323006036
first_order_signed,112,50,9.327017850629176e-08,7.102180668059992e-08,2.2248371825691844e-08,1.151465867099688e-08,1.5356485061346346e-08,9.327463601493946e-08,7.090638831641627e-08,4.779135967236615e-05,0.0016251116323006036
first_order_abs,108,61,8.226436222415004e-08,6.004634727754968e-08,2.2218014946600365e-08,9.022701896732599e-09,1.2295768159198417e-08,8.233610060415231e-08,6.004147223848122e-08,0.0008720468750100524,8.11879371433461e-05
first_order_signed,108,61,8.226436222415004e-08,6.004634727754968e-08,2.2218014946600365e-08,9.022701896732599e-09,1.2295768159198417e-08,8.233610060415231e-08,6.004147223848122e-08,0.0008720468750100524,8.11879371433461e-05
first_order_abs,40,61,8.224532038438185e-08,6.004634727754968e-08,2.219897310683217e-08,1.0020814977806936e-08,1.2295768159198417e-08,8.227036119023978e-08,6.004147223848122e-08,0.0003044648101667692,8.11879371433461e-05
first_order_signed,40,61,8.224532038438185e-08,6.004634727754968e-08,2.219897310683217e-08,1.0020814977806936e-08,1.2295768159198417e-08,8.227036119023978e-08,6.004147223848122e-08,0.0003044648101667692,8.11879371433461e-05
first_order_abs,79,87,1.2302294417981364e-07,1.0094680253510039e-07,2.2076141644713252e-08,1.5317005086501465e-08,1.7210672753620313e-08,1.2302251661822083e-07,1.0093371827224473e-07,3.475462204720315e-06,0.0001296154264134363
first_order_signed,79,87,1.2302294417981364e-07,1.0094680253510039e-07,2.2076141644713252e-08,1.5317005086501465e-08,1.7210672753620313e-08,1.2302251661822083e-07,1.0093371827224473e-07,3.475462204720315e-06,0.0001296154264134363
first_order_abs,89,27,7.762380133093168e-08,5.586618760855002e-08,2.175761372238166e-08,7.940589452637424e-09,9.388301736024117e-09,7.762312037584707e-08,5.584386641999117e-08,8.772503703012861e-06,0.00039954737407987216
first_order_signed,89,27,7.762380133093168e-08,5.586618760855002e-08,2.175761372238166e-08,7.940589452637424e-09,9.388301736024117e-09,7.762312037584707e-08,5.584386641999117e-08,8.772503703012861e-06,0.00039954737407987216
first_order_abs,7,28,1.2456171764452725e-07,1.0282117197151253e-07,2.1740545673014726e-08,1.7722442580136998e-08,1.8532727930065106e-08,1.2450220765458653e-07,1.0281124929178986e-07,0.000477755052403469,9.650424647380948e-05
first_order_signed,7,28,1.2456171764452725e-07,1.0282117197151253e-07,2.1740545673014726e-08,1.7722442580136998e-08,1.8532727930065106e-08,1.2450220765458653e-07,1.0281124929178986e-07,0.000477755052403469,9.650424647380948e-05
first_order_abs,4,100,8.944808191514077e-08,6.780699859506189e-08,2.1641083320078886e-08,1.0925105109471644e-08,1.2649099589978618e-08,8.94635334702798e-08,6.780321371024911e-08,0.00017274328088650527,5.5818497960348926e-05
first_order_signed,4,100,8.944808191514077e-08,6.780699859506189e-08,2.1641083320078886e-08,1.0925105109471644e-08,1.2649099589978618e-08,8.94635334702798e-08,6.780321371024911e-08,0.00017274328088650527,5.5818497960348926e-05
first_order_abs,124,126,1.7898613071536187e-07,1.575821954278224e-07,2.140393528753947e-08,2.432921681894129e-08,2.668303333841493e-08,1.7898321402753936e-07,1.5761642657707853e-07,1.629560799403568e-05,0.0002172272645598948
first_order_signed,124,126,1.7898613071536187e-07,1.575821954278224e-07,2.140393528753947e-08,2.432921681894129e-08,2.668303333841493e-08,1.7898321402753936e-07,1.5761642657707853e-07,1.629560799403568e-05,0.0002172272645598948
first_order_abs,70,103,5.140813809835442e-08,3.054582773673119e-08,2.086231036162323e-08,5.444629203044115e-09,5.6440286000380974e-09,5.140811509818377e-08,3.0536554618265654e-08,4.4740330031152993e-07,0.0003035805264619527
first_order_signed,70,103,5.140813809835442e-08,3.054582773673119e-08,2.086231036162323e-08,5.444629203044115e-09,5.6440286000380974e-09,5.140811509818377e-08,3.0536554618265654e-08,4.4740330031152993e-07,0.0003035805264619527
first_order_abs,108,23,8.226436222415004e-08,6.142159700314327e-08,2.084276522100677e-08,9.022701896732599e-09,1.0522774718246807e-08,8.233610060415231e-08,6.142444419765525e-08,0.0008720468750100524,4.6354941110202366e-05
first_order_signed,108,23,8.226436222415004e-08,6.142159700314327e-08,2.084276522100677e-08,9.022701896732599e-09,1.0522774718246807e-08,8.233610060415231e-08,6.142444419765525e-08,0.0008720468750100524,4.6354941110202366e-05
first_order_abs,40,23,8.224532038438185e-08,6.142159700314327e-08,2.0823723381238574e-08,1.0020814977806936e-08,1.0522774718246807e-08,8.227036119023978e-08,6.142444419765525e-08,0.0003044648101667692,4.6354941110202366e-05
first_order_signed,40,23,8.224532038438185e-08,6.142159700314327e-08,2.0823723381238574e-08,1.0020814977806936e-08,1.0522774718246807e-08,8.227036119023978e-08,6.142444419765525e-08,0.0003044648101667692,4.6354941110202366e-05
first_order_abs,56,53,6.610402179973573e-08,4.529262818169316e-08,2.081139361804257e-08,8.800131112707276e-09,9.662174127456068e-09,6.611438152503979e-08,4.528903829736919e-08,0.0001567185327307947,7.92597927762417e-05
first_order_signed,56,53,6.610402179973573e-08,4.529262818169316e-08,2.081139361804257e-08,8.800131112707276e-09,9.662174127456068e-09,6.611438152503979e-08,4.528903829736919e-08,0.0001567185327307947,7.92597927762417e-05
first_order_abs,91,107,1.0686680253673104e-07,8.606169340408391e-08,2.0805109132647125e-08,1.6102579802890203e-08,1.663169879595472e-08,1.0685110396480013e-07,8.602605561236487e-08,0.0001468984900667551,0.0004140958690147303
first_order_signed,91,107,1.0686680253673104e-07,8.606169340408391e-08,2.0805109132647125e-08,1.6102579802890203e-08,1.663169879595472e-08,1.0685110396480013e-07,8.602605561236487e-08,0.0001468984900667551,0.0004140958690147303
first_order_abs,33,98,1.2760294037135902e-07,1.0692258987152722e-07,2.0680350499831796e-08,1.9076595592082412e-08,2.6404627373466383e-08,1.2759559808728227e-07,1.0676933470676886e-07,5.754008532547613e-05,0.0014333282138274752
first_order_signed,33,98,1.2760294037135902e-07,1.0692258987152722e-07,2.0680350499831796e-08,1.9076595592082412e-08,2.6404627373466383e-08,1.2759559808728227e-07,1.0676933470676886e-07,5.754008532547613e-05,0.0014333282138274752
first_order_abs,101,27,7.64486784895922e-08,5.586618760855002e-08,2.0582490881042176e-08,9.079268414868836e-09,9.388301736024117e-09,7.645348887308501e-08,5.584386641999117e-08,6.29230431166083e-05,0.00039954737407987216
first_order_signed,101,27,7.64486784895922e-08,5.586618760855002e-08,2.0582490881042176e-08,9.079268414868836e-09,9.388301736024117e-09,7.645348887308501e-08,5.584386641999117e-08,6.29230431166083e-05,0.00039954737407987216
first_order_abs,91,110,1.0686680253673104e-07,8.632561303170921e-08,2.054118950502183e-08,1.6102579802890203e-08,1.8151225145146554e-08,1.0685110396480013e-07,8.62886224695103e-08,0.0001468984900667551,0.00042850042878143186
first_order_signed,91,110,1.0686680253673104e-07,8.632561303170921e-08,2.054118950502183e-08,1.6102579802890203e-08,1.8151225145146554e-08,1.0685110396480013e-07,8.62886224695103e-08,0.0001468984900667551,0.00042850042878143186
first_order_abs,89,99,7.762380133093168e-08,5.722321193806525e-08,2.040058939286643e-08,7.940589452637424e-09,8.1265473905745e-09,7.762312037584707e-08,5.722526807971917e-08,8.772503703012861e-06,3.5931951113555046e-05
first_order_signed,89,99,7.762380133093168e-08,5.722321193806525e-08,2.040058939286643e-08,7.940589452637424e-09,8.1265473905745e-09,7.762312037584707e-08,5.722526807971917e-08,8.772503703012861e-06,3.5931951113555046e-05
first_order_abs,33,2,1.2760294037135902e-07,1.0729894294663803e-07,2.030399742472099e-08,1.9076595592082412e-08,1.9928708283600827e-08,1.2759559808728227e-07,1.0701042896243962e-07,5.754008532547613e-05,0.002688880023188049
first_order_signed,33,2,1.2760294037135902e-07,1.0729894294663803e-07,2.030399742472099e-08,1.9076595592082412e-08,1.9928708283600827e-08,1.2759559808728227e-07,1.0701042896243962e-07,5.754008532547613e-05,0.002688880023188049
first_order_abs,79,28,1.2302294417981364e-07,1.0282117197151253e-07,2.0201772208301116e-08,1.5317005086501465e-08,1.8532727930065106e-08,1.2302251661822083e-07,1.0281124929178986e-07,3.475462204720315e-06,9.650424647380948e-05
first_order_signed,79,28,1.2302294417981364e-07,1.0282117197151253e-07,2.0201772208301116e-08,1.5317005086501465e-08,1.8532727930065106e-08,1.2302251661822083e-07,1.0281124929178986e-07,3.475462204720315e-06,9.650424647380948e-05
first_order_abs,4,83,8.944808191514077e-08,6.973023412726003e-08,1.9717847787880738e-08,1.0925105109471644e-08,1.1616830297711543e-08,8.94635334702798e-08,6.966891419324384e-08,0.00017274328088650527,0.0008793880414095233
first_order_signed,4,83,8.944808191514077e-08,6.973023412726003e-08,1.9717847787880738e-08,1.0925105109471644e-08,1.1616830297711543e-08,8.94635334702798e-08,6.966891419324384e-08,0.00017274328088650527,0.0008793880414095233
first_order_abs,7,57,1.2456171764452725e-07,1.0492276568045554e-07,1.9638951964071714e-08,1.7722442580136998e-08,2.2827513834755563e-08,1.2450220765458653e-07,1.0467472577602166e-07,0.000477755052403469,0.0023640236971001296
first_order_signed,7,57,1.2456171764452725e-07,1.0492276568045554e-07,1.9638951964071714e-08,1.7722442580136998e-08,2.2827513834755563e-08,1.2450220765458653e-07,1.0467472577602166e-07,0.000477755052403469,0.0023640236971001296
first_order_abs,111,100,8.728085554749227e-08,6.780699859506189e-08,1.9473856952430382e-08,1.0025267971336405e-08,1.2649099589978618e-08,8.728105171940115e-08,6.780321371024911e-08,2.247593789604378e-06,5.5818497960348926e-05
first_order_signed,111,100,8.728085554749227e-08,6.780699859506189e-08,1.9473856952430382e-08,1.0025267971336405e-08,1.2649099589978618e-08,8.728105171940115e-08,6.780321371024911e-08,2.247593789604378e-06,5.5818497960348926e-05
first_order_abs,109,103,4.9944298504261063e-08,3.054582773673119e-08,1.9398470767529876e-08,5.029720950844307e-09,5.6440286000380974e-09,4.994455338191983e-08,3.0536554618265654e-08,5.103238335535275e-06,0.0003035805264619527
first_order_signed,109,103,4.9944298504261063e-08,3.054582773673119e-08,1.9398470767529876e-08,5.029720950844307e-09,5.6440286000380974e-09,4.994455338191983e-08,3.0536554618265654e-08,5.103238335535275e-06,0.0003035805264619527
first_order_abs,120,64,1.9765267480948507e-07,1.784940156586585e-07,1.9158659150826578e-08,2.996336530003418e-08,3.005048618831552e-08,1.9754398294935527e-07,1.7838425492300303e-07,0.0005499134288699731,0.0006149266979648695
first_order_signed,120,64,1.9765267480948507e-07,1.784940156586585e-07,1.9158659150826578e-08,2.996336530003418e-08,3.005048618831552e-08,1.9754398294935527e-07,1.7838425492300303e-07,0.0005499134288699731,0.0006149266979648695
first_order_abs,124,63,1.7898613071536187e-07,1.598408723434112e-07,1.9145258371950656e-08,2.432921681894129e-08,2.801087424231241e-08,1.7898321402753936e-07,1.5976854683685815e-07,1.629560799403568e-05,0.0004524844333786793
first_order_signed,124,63,1.7898613071536187e-07,1.598408723434112e-07,1.9145258371950656e-08,2.432921681894129e-08,2.801087424231241e-08,1.7898321402753936e-07,1.5976854683685815e-07,1.629560799403568e-05,0.0004524844333786793
first_order_abs,8,61,7.907671690233087e-08,6.004634727754968e-08,1.9030369624781197e-08,1.0133829464464839e-08,1.2295768159198417e-08,7.908275279078225e-08,6.004147223848122e-08,7.63295276766804e-05,8.11879371433461e-05
first_order_signed,8,61,7.907671690233087e-08,6.004634727754968e-08,1.9030369624781197e-08,1.0133829464464839e-08,1.2295768159198417e-08,7.908275279078225e-08,6.004147223848122e-08,7.63295276766804e-05,8.11879371433461e-05
first_order_abs,102,21,2.652157119467927e-07,2.46422925594775e-07,1.87927863520177e-08,3.5007076792936687e-08,4.1460119604153076e-08,2.6525256657805585e-07,2.45963832412599e-07,0.00013896096499184206,0.0018630295094011061
first_order_signed,102,21,2.652157119467927e-07,2.46422925594775e-07,1.87927863520177e-08,3.5007076792936687e-08,4.1460119604153076e-08,2.6525256657805585e-07,2.45963832412599e-07,0.00013896096499184206,0.0018630295094011061
first_order_abs,74,103,4.9159058114979576e-08,3.054582773673119e-08,1.861323037824839e-08,5.260755375768866e-09,5.6440286000380974e-09,4.9158860093712065e-08,3.0536554618265654e-08,4.0281745644674956e-06,0.0003035805264619527
first_order_signed,74,103,4.9159058114979576e-08,3.054582773673119e-08,1.861323037824839e-08,5.260755375768866e-09,5.6440286000380974e-09,4.9158860093712065e-08,3.0536554618265654e-08,4.0281745644674956e-06,0.0003035805264619527
first_order_abs,127,53,6.388480561595673e-08,4.529262818169316e-08,1.8592177434263574e-08,9.048648652587587e-09,9.662174127456068e-09,6.38730170976487e-08,4.528903829736919e-08,0.00018452773228899269,7.92597927762417e-05
first_order_signed,127,53,6.388480561595673e-08,4.529262818169316e-08,1.8592177434263574e-08,9.048648652587587e-09,9.662174127456068e-09,6.38730170976487e-08,4.528903829736919e-08,0.00018452773228899269,7.92597927762417e-05
first_order_abs,51,32,5.7434612864860814e-08,3.889107321269704e-08,1.8543539652163772e-08,6.2621806740104085e-09,6.693580612004979e-09,5.743674336144977e-08,3.889088873165747e-08,3.709429702208857e-05,4.7435317241855306e-06
first_order_signed,51,32,5.7434612864860814e-08,3.889107321269704e-08,1.8543539652163772e-08,6.2621806740104085e-09,6.693580612004979e-09,5.743674336144977e-08,3.889088873165747e-08,3.709429702208857e-05,4.7435317241855306e-06
first_order_abs,4,50,8.944808191514077e-08,7.102180668059992e-08,1.8426275234540856e-08,1.0925105109471644e-08,1.5356485061346346e-08,8.94635334702798e-08,7.090638831641627e-08,0.00017274328088650527,0.0016251116323006036
first_order_signed,4,50,8.944808191514077e-08,7.102180668059992e-08,1.8426275234540856e-08,1.0925105109471644e-08,1.5356485061346346e-08,8.94635334702798e-08,7.090638831641627e-08,0.00017274328088650527,0.0016251116323006036
first_order_abs,108,127,8.226436222415004e-08,6.388480561595673e-08,1.8379556608193307e-08,9.022701896732599e-09,9.048648652587587e-09,8.233610060415231e-08,6.38730170976487e-08,0.0008720468750100524,0.00018452773228899269
first_order_signed,108,127,8.226436222415004e-08,6.388480561595673e-08,1.8379556608193307e-08,9.022701896732599e-09,9.048648652587587e-09,8.233610060415231e-08,6.38730170976487e-08,0.0008720468750100524,0.00018452773228899269
first_order_abs,67,100,8.611253858189556e-08,6.780699859506189e-08,1.830553998683367e-08,1.1134036781434986e-08,1.2649099589978618e-08,8.611957724724562e-08,6.780321371024911e-08,8.173798457194542e-05,5.5818497960348926e-05
first_order_signed,67,100,8.611253858189556e-08,6.780699859506189e-08,1.830553998683367e-08,1.1134036781434986e-08,1.2649099589978618e-08,8.611957724724562e-08,6.780321371024911e-08,8.173798457194542e-05,5.5818497960348926e-05
first_order_abs,79,57,1.2302294417981364e-07,1.0492276568045554e-07,1.8100178499358103e-08,1.5317005086501465e-08,2.2827513834755563e-08,1.2302251661822083e-07,1.0467472577602166e-07,3.475462204720315e-06,0.0023640236971001296
first_order_signed,79,57,1.2302294417981364e-07,1.0492276568045554e-07,1.8100178499358103e-08,1.5317005086501465e-08,2.2827513834755563e-08,1.2302251661822083e-07,1.0467472577602166e-07,3.475462204720315e-06,0.0023640236971001296
first_order_abs,124,34,1.7898613071536187e-07,1.612696370968909e-07,1.7716493618470966e-08,2.432921681894129e-08,2.6177402778770895e-08,1.7898321402753936e-07,1.6115104983782658e-07,1.629560799403568e-05,0.0007353353129521718
first_order_signed,124,34,1.7898613071536187e-07,1.612696370968909e-07,1.7716493618470966e-08,2.432921681894129e-08,2.6177402778770895e-08,1.7898321402753936e-07,1.6115104983782658e-07,1.629560799403568e-05,0.0007353353129521718
first_order_abs,81,57,1.2259017961143253e-07,1.0492276568045554e-07,1.7667413930976994e-08,2.0547738088794175e-08,2.2827513834755563e-08,1.2256998616066994e-07,1.0467472577602166e-07,0.00016472323335033512,0.0023640236971001296
first_order_signed,81,57,1.2259017961143253e-07,1.0492276568045554e-07,1.7667413930976994e-08,2.0547738088794175e-08,2.2827513834755563e-08,1.2256998616066994e-07,1.0467472577602166e-07,0.00016472323335033512,0.0023640236971001296
first_order_abs,8,23,7.907671690233087e-08,6.142159700314327e-08,1.76551198991876e-08,1.0133829464464839e-08,1.0522774718246807e-08,7.908275279078225e-08,6.142444419765525e-08,7.63295276766804e-05,4.6354941110202366e-05
first_order_signed,8,23,7.907671690233087e-08,6.142159700314327e-08,1.76551198991876e-08,1.0133829464464839e-08,1.0522774718246807e-08,7.908275279078225e-08,6.142444419765525e-08,7.63295276766804e-05,4.6354941110202366e-05
first_order_abs,7,98,1.2456171764452725e-07,1.0692258987152722e-07,1.7639127773000032e-08,1.7722442580136998e-08,2.6404627373466383e-08,1.2450220765458653e-07,1.0676933470676886e-07,0.000477755052403469,0.0014333282138274752
first_order_signed,7,98,1.2456171764452725e-07,1.0692258987152722e-07,1.7639127773000032e-08,1.7722442580136998e-08,2.6404627373466383e-08,1.2450220765458653e-07,1.0676933470676886e-07,0.000477755052403469,0.0014333282138274752
first_order_abs,89,61,7.762380133093168e-08,6.004634727754968e-08,1.7577454053382006e-08,7.940589452637424e-09,1.2295768159198417e-08,7.762312037584707e-08,6.004147223848122e-08,8.772503703012861e-06,8.11879371433461e-05
first_order_signed,89,61,7.762380133093168e-08,6.004634727754968e-08,1.7577454053382006e-08,7.940589452637424e-09,1.2295768159198417e-08,7.762312037584707e-08,6.004147223848122e-08,8.772503703012861e-06,8.11879371433461e-05
first_order_abs,111,83,8.728085554749227e-08,6.973023412726003e-08,1.7550621420232233e-08,1.0025267971336405e-08,1.1616830297711543e-08,8.728105171940115e-08,6.966891419324384e-08,2.247593789604378e-06,0.0008793880414095233
first_order_signed,111,83,8.728085554749227e-08,6.973023412726003e-08,1.7550621420232233e-08,1.0025267971336405e-08,1.1616830297711543e-08,8.728105171940115e-08,6.966891419324384e-08,2.247593789604378e-06,0.0008793880414095233
first_order_abs,37,61,7.758321146589115e-08,6.004634727754968e-08,1.753686418834147e-08,1.0405443928718227e-08,1.2295768159198417e-08,7.758733744367419e-08,6.004147223848122e-08,5.31813224160334e-05,8.11879371433461e-05
first_order_signed,37,61,7.758321146589115e-08,6.004634727754968e-08,1.753686418834147e-08,1.0405443928718227e-08,1.2295768159198417e-08,7.758733744367419e-08,6.004147223848122e-08,5.31813224160334e-05,8.11879371433461e-05
first_order_abs,85,100,8.524151710702273e-08,6.780699859506189e-08,1.7434518511960844e-08,9.493916364178289e-09,1.2649099589978618e-08,8.523826977580029e-08,6.780321371024911e-08,3.809565259570081e-05,5.5818497960348926e-05
first_order_signed,85,100,8.524151710702273e-08,6.780699859506189e-08,1.7434518511960844e-08,9.493916364178289e-09,1.2649099589978618e-08,8.523826977580029e-08,6.780321371024911e-08,3.809565259570081e-05,5.5818497960348926e-05
first_order_abs,52,103,4.7919858990302697e-08,3.054582773673119e-08,1.737403125357151e-08,5.440760098007757e-09,5.6440286000380974e-09,4.791996133235443e-08,3.0536554618265654e-08,2.135691838256902e-06,0.0003035805264619527
first_order_signed,52,103,4.7919858990302697e-08,3.054582773673119e-08,1.737403125357151e-08,5.440760098007757e-09,5.6440286000380974e-09,4.791996133235443e-08,3.0536554618265654e-08,2.135691838256902e-06,0.0003035805264619527
first_order_abs,62,50,8.831674016387329e-08,7.102180668059992e-08,1.729493348327337e-08,1.3893052930313843e-08,1.5356485061346346e-08,8.832030573557859e-08,7.090638831641627e-08,4.037254657139266e-05,0.0016251116323006036
first_order_signed,62,50,8.831674016387329e-08,7.102180668059992e-08,1.729493348327337e-08,1.3893052930313843e-08,1.5356485061346346e-08,8.832030573557859e-08,7.090638831641627e-08,4.037254657139266e-05,0.0016251116323006036
first_order_abs,7,2,1.2456171764452725e-07,1.0729894294663803e-07,1.7262774697889227e-08,1.7722442580136998e-08,1.9928708283600827e-08,1.2450220765458653e-07,1.0701042896243962e-07,0.000477755052403469,0.002688880023188049
first_order_signed,7,2,1.2456171764452725e-07,1.0729894294663803e-07,1.7262774697889227e-08,1.7722442580136998e-08,1.9928708283600827e-08,1.2450220765458653e-07,1.0701042896243962e-07,0.000477755052403469,0.002688880023188049
first_order_abs,18,32,5.55925818781157e-08,3.889107321269704e-08,1.6701508665418656e-08,6.206722658053109e-09,6.693580612004979e-09,5.5604544968446135e-08,3.889088873165747e-08,0.00021519220597931667,4.7435317241855306e-06
first_order_signed,18,32,5.55925818781157e-08,3.889107321269704e-08,1.6701508665418656e-08,6.206722658053109e-09,6.693580612004979e-09,5.5604544968446135e-08,3.889088873165747e-08,0.00021519220597931667,4.7435317241855306e-06
first_order_abs,101,61,7.64486784895922e-08,6.004634727754968e-08,1.6402331212042522e-08,9.079268414868836e-09,1.2295768159198417e-08,7.645348887308501e-08,6.004147223848122e-08,6.29230431166083e-05,8.11879371433461e-05
first_order_signed,101,61,7.64486784895922e-08,6.004634727754968e-08,1.6402331212042522e-08,9.079268414868836e-09,1.2295768159198417e-08,7.645348887308501e-08,6.004147223848122e-08,6.29230431166083e-05,8.11879371433461e-05
first_order_abs,67,83,8.611253858189556e-08,6.973023412726003e-08,1.6382304454635523e-08,1.1134036781434986e-08,1.1616830297711543e-08,8.611957724724562e-08,6.966891419324384e-08,8.173798457194542e-05,0.0008793880414095233
first_order_signed,67,83,8.611253858189556e-08,6.973023412726003e-08,1.6382304454635523e-08,1.1134036781434986e-08,1.1616830297711543e-08,8.611957724724562e-08,6.966891419324384e-08,8.173798457194542e-05,0.0008793880414095233
first_order_abs,92,41,4.2152293846120464e-08,2.5885927878612967e-08,1.6266365967507498e-08,4.440829748375563e-09,4.976692991043308e-09,4.215273108343354e-08,2.5885404042469418e-08,1.0372799987313574e-05,2.0236328634061015e-05
first_order_signed,92,41,4.2152293846120464e-08,2.5885927878612967e-08,1.6266365967507498e-08,4.440829748375563e-09,4.976692991043308e-09,4.215273108343354e-08,2.5885404042469418e-08,1.0372799987313574e-05,2.0236328634061015e-05
first_order_abs,111,50,8.728085554749227e-08,7.102180668059992e-08,1.6259048866892352e-08,1.0025267971336405e-08,1.5356485061346346e-08,8.728105171940115e-08,7.090638831641627e-08,2.247593789604378e-06,0.0016251116323006036
first_order_signed,111,50,8.728085554749227e-08,7.102180668059992e-08,1.6259048866892352e-08,1.0025267971336405e-08,1.5356485061346346e-08,8.728105171940115e-08,7.090638831641627e-08,2.247593789604378e-06,0.0016251116323006036
first_order_abs,30,45,6.839451191867113e-08,5.214470753305639e-08,1.6249804385614734e-08,8.452934729952232e-09,8.629702330509302e-09,6.839911748102168e-08,5.21381764428952e-08,6.733818578931836e-05,0.00012524933919806996
first_order_signed,30,45,6.839451191867113e-08,5.214470753305639e-08,1.6249804385614734e-08,8.452934729952232e-09,8.629702330509302e-09,6.839911748102168e-08,5.21381764428952e-08,6.733818578931836e-05,0.00012524933919806996
first_order_abs,89,23,7.762380133093168e-08,6.142159700314327e-08,1.620220432778841e-08,7.940589452637424e-09,1.0522774718246807e-08,7.762312037584707e-08,6.142444419765525e-08,8.772503703012861e-06,4.6354941110202366e-05
first_order_signed,89,23,7.762380133093168e-08,6.142159700314327e-08,1.620220432778841e-08,7.940589452637424e-09,1.0522774718246807e-08,7.762312037584707e-08,6.142444419765525e-08,8.772503703012861e-06,4.6354941110202366e-05
first_order_abs,51,69,5.7434612864860814e-08,4.126403798840492e-08,1.617057487645589e-08,6.2621806740104085e-09,7.323551998172916e-09,5.743674336144977e-08,4.126890118527626e-08,3.709429702208857e-05,0.00011785557372515352
first_order_signed,51,69,5.7434612864860814e-08,4.126403798840492e-08,1.617057487645589e-08,6.2621806740104085e-09,7.323551998172916e-09,5.743674336144977e-08,4.126890118527626e-08,3.709429702208857e-05,0.00011785557372515352
first_order_abs,37,23,7.758321146589115e-08,6.142159700314327e-08,1.6161614462747875e-08,1.0405443928718227e-08,1.0522774718246807e-08,7.758733744367419e-08,6.142444419765525e-08,5.31813224160334e-05,4.6354941110202366e-05
first_order_signed,37,23,7.758321146589115e-08,6.142159700314327e-08,1.6161614462747875e-08,1.0405443928718227e-08,1.0522774718246807e-08,7.758733744367419e-08,6.142444419765525e-08,5.31813224160334e-05,4.6354941110202366e-05
first_order_abs,79,91,1.2302294417981364e-07,1.0686680253673104e-07,1.6156141643082605e-08,1.5317005086501465e-08,1.6102579802890203e-08,1.2302251661822083e-07,1.0685110396480013e-07,3.475462204720315e-06,0.0001468984900667551
first_order_signed,79,91,1.2302294417981364e-07,1.0686680253673104e-07,1.6156141643082605e-08,1.5317005086501465e-08,1.6102579802890203e-08,1.2302251661822083e-07,1.0685110396480013e-07,3.475462204720315e-06,0.0001468984900667551
first_order_abs,79,98,1.2302294417981364e-07,1.0692258987152722e-07,1.610035430828642e-08,1.5317005086501465e-08,2.6404627373466383e-08,1.2302251661822083e-07,1.0676933470676886e-07,3.475462204720315e-06,0.0014333282138274752
first_order_signed,79,98,1.2302294417981364e-07,1.0692258987152722e-07,1.610035430828642e-08,1.5317005086501465e-08,2.6404627373466383e-08,1.2302251661822083e-07,1.0676933470676886e-07,3.475462204720315e-06,0.0014333282138274752
first_order_abs,86,53,6.134473596044345e-08,4.529262818169316e-08,1.6052107778750288e-08,7.929969769726597e-09,9.662174127456068e-09,6.133922170192818e-08,4.528903829736919e-08,8.988967723037618e-05,7.92597927762417e-05
first_order_signed,86,53,6.134473596044345e-08,4.529262818169316e-08,1.6052107778750288e-08,7.929969769726597e-09,9.662174127456068e-09,6.133922170192818e-08,4.528903829736919e-08,8.988967723037618e-05,7.92597927762417e-05
first_order_abs,51,96,5.7434612864860814e-08,4.138486400791027e-08,1.6049748856950546e-08,6.2621806740104085e-09,6.279506636897025e-09,5.743674336144977e-08,4.1399985661882965e-08,3.709429702208857e-05,0.0003653909306022377
first_order_signed,51,96,5.7434612864860814e-08,4.138486400791027e-08,1.6049748856950546e-08,6.2621806740104085e-09,6.279506636897025e-09,5.743674336144977e-08,4.1399985661882965e-08,3.709429702208857e-05,0.0003653909306022377
first_order_abs,68,87,1.168976121516777e-07,1.0094680253510039e-07,1.595080961657731e-08,1.6112810086177376e-08,1.7210672753620313e-08,1.1685467171673736e-07,1.0093371827224473e-07,0.0003673337217926029,0.0001296154264134363
first_order_signed,68,87,1.168976121516777e-07,1.0094680253510039e-07,1.595080961657731e-08,1.6112810086177376e-08,1.7210672753620313e-08,1.1685467171673736e-07,1.0093371827224473e-07,0.0003673337217926029,0.0001296154264134363
first_order_abs,79,2,1.2302294417981364e-07,1.0729894294663803e-07,1.5724001233175616e-08,1.5317005086501465e-08,1.9928708283600827e-08,1.2302251661822083e-07,1.0701042896243962e-07,3.475462204720315e-06,0.002688880023188049
first_order_signed,79,2,1.2302294417981364e-07,1.0729894294663803e-07,1.5724001233175616e-08,1.5317005086501465e-08,1.9928708283600827e-08,1.2302251661822083e-07,1.0701042896243962e-07,3.475462204720315e-06,0.002688880023188049
first_order_abs,81,98,1.2259017961143253e-07,1.0692258987152722e-07,1.5667589739905312e-08,2.0547738088794175e-08,2.6404627373466383e-08,1.2256998616066994e-07,1.0676933470676886e-07,0.00016472323335033512,0.0014333282138274752
first_order_signed,81,98,1.2259017961143253e-07,1.0692258987152722e-07,1.5667589739905312e-08,2.0547738088794175e-08,2.6404627373466383e-08,1.2256998616066994e-07,1.0676933470676886e-07,0.00016472323335033512,0.0014333282138274752
first_order_abs,86,26,6.134473596044345e-08,4.581858096179697e-08,1.5526154998646477e-08,7.929969769726597e-09,8.090811853822544e-09,6.133922170192818e-08,4.5822922345450934e-08,8.988967723037618e-05,9.475159559354661e-05
first_order_signed,86,26,6.134473596044345e-08,4.581858096179697e-08,1.5526154998646477e-08,7.929969769726597e-09,8.090811853822544e-09,6.133922170192818e-08,4.5822922345450934e-08,8.988967723037618e-05,9.475159559354661e-05
first_order_abs,85,83,8.524151710702273e-08,6.973023412726003e-08,1.5511282979762695e-08,9.493916364178289e-09,1.1616830297711543e-08,8.523826977580029e-08,6.966891419324384e-08,3.809565259570081e-05,0.0008793880414095233
first_order_signed,85,83,8.524151710702273e-08,6.973023412726003e-08,1.5511282979762695e-08,9.493916364178289e-09,1.1616830297711543e-08,8.523826977580029e-08,6.966891419324384e-08,3.809565259570081e-05,0.0008793880414095233
first_order_abs,116,27,7.10998220131772e-08,5.586618760855002e-08,1.5233634404627174e-08,8.909839710469213e-09,9.388301736024117e-09,7.109583322062463e-08,5.584386641999117e-08,5.610130151704737e-05,0.00039954737407987216
first_order_signed,116,27,7.10998220131772e-08,5.586618760855002e-08,1.5233634404627174e-08,8.909839710469213e-09,9.388301736024117e-09,7.109583322062463e-08,5.584386641999117e-08,5.610130151704737e-05,0.00039954737407987216
first_order_abs,67,50,8.611253858189556e-08,7.102180668059992e-08,1.509073190129564e-08,1.1134036781434986e-08,1.5356485061346346e-08,8.611957724724562e-08,7.090638831641627e-08,8.173798457194542e-05,0.0016251116323006036
first_order_signed,67,50,8.611253858189556e-08,7.102180668059992e-08,1.509073190129564e-08,1.1134036781434986e-08,1.5356485061346346e-08,8.611957724724562e-08,7.090638831641627e-08,8.173798457194542e-05,0.0016251116323006036
first_order_abs,101,23,7.64486784895922e-08,6.142159700314327e-08,1.5027081486448926e-08,9.079268414868836e-09,1.0522774718246807e-08,7.645348887308501e-08,6.142444419765525e-08,6.29230431166083e-05,4.6354941110202366e-05
first_order_signed,101,23,7.64486784895922e-08,6.142159700314327e-08,1.5027081486448926e-08,9.079268414868836e-09,1.0522774718246807e-08,7.645348887308501e-08,6.142444419765525e-08,6.29230431166083e-05,4.6354941110202366e-05
first_order_abs,46,103,4.5385162035830736e-08,3.054582773673119e-08,1.4839334299099548e-08,5.620037069054006e-09,5.6440286000380974e-09,4.5386340019604177e-08,3.0536554618265654e-08,2.5955262041613758e-05,0.0003035805264619527
first_order_signed,46,103,4.5385162035830736e-08,3.054582773673119e-08,1.4839334299099548e-08,5.620037069054006e-09,5.6440286000380974e-09,4.5386340019604177e-08,3.0536554618265654e-08,2.5955262041613758e-05,0.0003035805264619527
first_order_abs,22,41,4.0700582754728744e-08,2.5885927878612967e-08,1.4814654876115777e-08,4.742286863201883e-09,4.976692991043308e-09,4.0700605552501656e-08,2.5885404042469418e-08,5.601338204464766e-07,2.0236328634061015e-05
first_order_signed,22,41,4.0700582754728744e-08,2.5885927878612967e-08,1.4814654876115777e-08,4.742286863201883e-09,4.976692991043308e-09,4.0700605552501656e-08,2.5885404042469418e-08,5.601338204464766e-07,2.0236328634061015e-05
first_order_abs,3,50,8.571599272853237e-08,7.102180668059992e-08,1.4694186047932455e-08,1.2657010772798571e-08,1.5356485061346346e-08,8.572295229214433e-08,7.090638831641627e-08,8.119329182825081e-05,0.0016251116323006036
first_order_signed,3,50,8.571599272853237e-08,7.102180668059992e-08,1.4694186047932455e-08,1.2657010772798571e-08,1.5356485061346346e-08,8.572295229214433e-08,7.090638831641627e-08,8.119329182825081e-05,0.0016251116323006036
first_order_abs,87,110,1.0094680253510039e-07,8.632561303170921e-08,1.4621189503391184e-08,1.7210672753620313e-08,1.8151225145146554e-08,1.0093371827224473e-07,8.62886224695103e-08,0.0001296154264134363,0.00042850042878143186
first_order_signed,87,110,1.0094680253510039e-07,8.632561303170921e-08,1.4621189503391184e-08,1.7210672753620313e-08,1.8151225145146554e-08,1.0093371827224473e-07,8.62886224695103e-08,0.0001296154264134363,0.00042850042878143186
first_order_abs,93,100,8.236008620938032e-08,6.780699859506189e-08,1.4553087614318436e-08,1.2308405716865422e-08,1.2649099589978618e-08,8.235043935655995e-08,6.780321371024911e-08,0.00011713019332996172,5.5818497960348926e-05
first_order_signed,93,100,8.236008620938032e-08,6.780699859506189e-08,1.4553087614318436e-08,1.2308405716865422e-08,1.2649099589978618e-08,8.235043935655995e-08,6.780321371024911e-08,0.00011713019332996172,5.5818497960348926e-05
first_order_abs,108,100,8.226436222415004e-08,6.780699859506189e-08,1.4457363629088155e-08,9.022701896732599e-09,1.2649099589978618e-08,8.233610060415231e-08,6.780321371024911e-08,0.0008720468750100524,5.5818497960348926e-05
first_order_signed,108,100,8.226436222415004e-08,6.780699859506189e-08,1.4457363629088155e-08,9.022701896732599e-09,1.2649099589978618e-08,8.233610060415231e-08,6.780321371024911e-08,0.0008720468750100524,5.5818497960348926e-05
first_order_abs,40,100,8.224532038438185e-08,6.780699859506189e-08,1.443832178931996e-08,1.0020814977806936e-08,1.2649099589978618e-08,8.227036119023978e-08,6.780321371024911e-08,0.0003044648101667692,5.5818497960348926e-05
first_order_signed,40,100,8.224532038438185e-08,6.780699859506189e-08,1.443832178931996e-08,1.0020814977806936e-08,1.2649099589978618e-08,8.227036119023978e-08,6.780321371024911e-08,0.0003044648101667692,5.5818497960348926e-05
first_order_abs,18,69,5.55925818781157e-08,4.126403798840492e-08,1.4328543889710774e-08,6.206722658053109e-09,7.323551998172916e-09,5.5604544968446135e-08,4.126890118527626e-08,0.00021519220597931667,0.00011785557372515352
first_order_signed,18,69,5.55925818781157e-08,4.126403798840492e-08,1.4328543889710774e-08,6.206722658053109e-09,7.323551998172916e-09,5.5604544968446135e-08,4.126890118527626e-08,0.00021519220597931667,0.00011785557372515352
first_order_abs,86,77,6.134473596044345e-08,4.702571686254087e-08,1.4319019097902576e-08,7.929969769726597e-09,8.094830517002548e-09,6.133922170192818e-08,4.7028592575770745e-08,8.988967723037618e-05,6.115192753527157e-05
first_order_signed,86,77,6.134473596044345e-08,4.702571686254087e-08,1.4319019097902576e-08,7.929969769726597e-09,8.094830517002548e-09,6.133922170192818e-08,4.7028592575770745e-08,8.988967723037618e-05,6.115192753527157e-05
first_order_abs,85,50,8.524151710702273e-08,7.102180668059992e-08,1.4219710426422814e-08,9.493916364178289e-09,1.5356485061346346e-08,8.523826977580029e-08,7.090638831641627e-08,3.809565259570081e-05,0.0016251116323006036
first_order_signed,85,50,8.524151710702273e-08,7.102180668059992e-08,1.4219710426422814e-08,9.493916364178289e-09,1.5356485061346346e-08,8.523826977580029e-08,7.090638831641627e-08,3.809565259570081e-05,0.0016251116323006036
first_order_abs,18,96,5.55925818781157e-08,4.138486400791027e-08,1.4207717870205429e-08,6.206722658053109e-09,6.279506636897025e-09,5.5604544968446135e-08,4.1399985661882965e-08,0.00021519220597931667,0.0003653909306022377
first_order_signed,18,96,5.55925818781157e-08,4.138486400791027e-08,1.4207717870205429e-08,6.206722658053109e-09,6.279506636897025e-09,5.5604544968446135e-08,4.1399985661882965e-08,0.00021519220597931667,0.0003653909306022377
first_order_abs,68,28,1.168976121516777e-07,1.0282117197151253e-07,1.4076440180165173e-08,1.6112810086177376e-08,1.8532727930065106e-08,1.1685467171673736e-07,1.0281124929178986e-07,0.0003673337217926029,9.650424647380948e-05
first_order_signed,68,28,1.168976121516777e-07,1.0282117197151253e-07,1.4076440180165173e-08,1.6112810086177376e-08,1.8532727930065106e-08,1.1685467171673736e-07,1.0281124929178986e-07,0.0003673337217926029,9.650424647380948e-05
first_order_abs,42,32,5.275661659685142e-08,3.889107321269704e-08,1.386554338415438e-08,6.42900529479462e-09,6.693580612004979e-09,5.2756888635485666e-08,3.889088873165747e-08,5.156483713204325e-06,4.7435317241855306e-06
first_order_signed,42,32,5.275661659685142e-08,3.889107321269704e-08,1.386554338415438e-08,6.42900529479462e-09,6.693580612004979e-09,5.2756888635485666e-08,3.889088873165747e-08,5.156483713204325e-06,4.7435317241855306e-06
first_order_abs,89,127,7.762380133093168e-08,6.388480561595673e-08,1.3738995714974949e-08,7.940589452637424e-09,9.048648652587587e-09,7.762312037584707e-08,6.38730170976487e-08,8.772503703012861e-06,0.00018452773228899269
first_order_signed,89,127,7.762380133093168e-08,6.388480561595673e-08,1.3738995714974949e-08,7.940589452637424e-09,9.048648652587587e-09,7.762312037584707e-08,6.38730170976487e-08,8.772503703012861e-06,0.00018452773228899269
first_order_abs,113,43,2.6938039710700217e-08,1.3308153352114076e-08,1.3629886358586141e-08,2.9982507476766783e-09,3.1135301226115074e-09,2.6941652464529398e-08,1.3306790336287122e-08,0.0001341134643789807,0.00010241960630378627
first_order_signed,113,43,2.6938039710700217e-08,1.3308153352114076e-08,1.3629886358586141e-08,2.9982507476766783e-09,3.1135301226115074e-09,2.6941652464529398e-08,1.3306790336287122e-08,0.0001341134643789807,0.00010241960630378627
first_order_abs,0,41,3.946906734021471e-08,2.5885927878612967e-08,1.3583139461601746e-08,4.329394376334505e-09,4.976692991043308e-09,3.946882998207002e-08,2.5885404042469418e-08,6.013776374488217e-06,2.0236328634061015e-05
first_order_signed,0,41,3.946906734021471e-08,2.5885927878612967e-08,1.3583139461601746e-08,4.329394376334505e-09,4.976692991043308e-09,3.946882998207002e-08,2.5885404042469418e-08,6.013776374488217e-06,2.0236328634061015e-05
first_order_abs,66,41,3.9427801162292135e-08,2.5885927878612967e-08,1.3541873283679168e-08,4.5747444055166396e-09,4.976692991043308e-09,3.9427376918865775e-08,2.5885404042469418e-08,1.076000725004724e-05,2.0236328634061015e-05
first_order_signed,66,41,3.9427801162292135e-08,2.5885927878612967e-08,1.3541873283679168e-08,4.5747444055166396e-09,4.976692991043308e-09,3.9427376918865775e-08,2.5885404042469418e-08,1.076000725004724e-05,2.0236328634061015e-05
first_order_abs,109,58,4.9944298504261063e-08,3.640890247775986e-08,1.3535396026501201e-08,5.029720950844307e-09,5.138042391550357e-09,4.994455338191983e-08,3.6410312986845383e-08,5.103238335535275e-06,3.874077463288361e-05
first_order_signed,109,58,4.9944298504261063e-08,3.640890247775986e-08,1.3535396026501201e-08,5.029720950844307e-09,5.138042391550357e-09,4.994455338191983e-08,3.6410312986845383e-08,5.103238335535275e-06,3.874077463288361e-05
first_order_abs,112,17,9.327017850629176e-08,7.989469686865492e-08,1.3375481637636844e-08,1.151465867099688e-08,1.3927396036450544e-08,9.327463601493946e-08,7.987748062987521e-08,4.779135967236615e-05,0.00021548662745427764
first_order_signed,112,17,9.327017850629176e-08,7.989469686865492e-08,1.3375481637636844e-08,1.151465867099688e-08,1.3927396036450544e-08,9.327463601493946e-08,7.987748062987521e-08,4.779135967236615e-05,0.00021548662745427764
first_order_abs,60,64,1.9184503835917952e-07,1.784940156586585e-07,1.3351022700521022e-08,2.8180709854552786e-08,3.005048618831552e-08,1.9184838606634003e-07,1.7838425492300303e-07,1.7450058594902043e-05,0.0006149266979648695
first_order_signed,60,64,1.9184503835917952e-07,1.784940156586585e-07,1.3351022700521022e-08,2.8180709854552786e-08,3.005048618831552e-08,1.9184838606634003e-07,1.7838425492300303e-07,1.7450058594902043e-05,0.0006149266979648695
first_order_abs,117,71,3.619141416768773e-08,2.350901276742256e-08,1.268240140026517e-08,4.061369518471025e-09,4.066717013140319e-09,3.6191455166090236e-08,2.3504512114413956e-08,1.1328212353256537e-06,0.00019144372641802495
first_order_signed,117,71,3.619141416768773e-08,2.350901276742256e-08,1.268240140026517e-08,4.061369518471025e-09,4.066717013140319e-09,3.6191455166090236e-08,2.3504512114413956e-08,1.1328212353256537e-06,0.00019144372641802495
first_order_abs,108,83,8.226436222415004e-08,6.973023412726003e-08,1.2534128096890007e-08,9.022701896732599e-09,1.1616830297711543e-08,8.233610060415231e-08,6.966891419324384e-08,0.0008720468750100524,0.0008793880414095233
first_order_signed,108,83,8.226436222415004e-08,6.973023412726003e-08,1.2534128096890007e-08,9.022701896732599e-09,1.1616830297711543e-08,8.233610060415231e-08,6.966891419324384e-08,0.0008720468750100524,0.0008793880414095233
first_order_abs,30,27,6.839451191867113e-08,5.586618760855002e-08,1.2528324310121105e-08,8.452934729952232e-09,9.388301736024117e-09,6.839911748102168e-08,5.584386641999117e-08,6.733818578931836e-05,0.00039954737407987216
first_order_signed,30,27,6.839451191867113e-08,5.586618760855002e-08,1.2528324310121105e-08,8.452934729952232e-09,9.388301736024117e-09,6.839911748102168e-08,5.584386641999117e-08,6.733818578931836e-05,0.00039954737407987216
first_order_abs,70,32,5.140813809835442e-08,3.889107321269704e-08,1.2517064885657378e-08,5.444629203044115e-09,6.693580612004979e-09,5.140811509818377e-08,3.889088873165747e-08,4.4740330031152993e-07,4.7435317241855306e-06
first_order_signed,70,32,5.140813809835442e-08,3.889107321269704e-08,1.2517064885657378e-08,5.444629203044115e-09,6.693580612004979e-09,5.140811509818377e-08,3.889088873165747e-08,4.4740330031152993e-07,4.7435317241855306e-06
first_order_abs,40,83,8.224532038438185e-08,6.973023412726003e-08,1.2515086257121812e-08,1.0020814977806936e-08,1.1616830297711543e-08,8.227036119023978e-08,6.966891419324384e-08,0.0003044648101667692,0.0008793880414095233
first_order_signed,40,83,8.224532038438185e-08,6.973023412726003e-08,1.2515086257121812e-08,1.0020814977806936e-08,1.1616830297711543e-08,8.227036119023978e-08,6.966891419324384e-08,0.0003044648101667692,0.0008793880414095233
first_order_abs,51,49,5.7434612864860814e-08,4.501271243377797e-08,1.2421900431082845e-08,6.2621806740104085e-09,7.0122936568495215e-09,5.743674336144977e-08,4.5020705385923065e-08,3.709429702208857e-05,0.00017757099523509488
first_order_signed,51,49,5.7434612864860814e-08,4.501271243377797e-08,1.2421900431082845e-08,6.2621806740104085e-09,7.0122936568495215e-09,5.743674336144977e-08,4.5020705385923065e-08,3.709429702208857e-05,0.00017757099523509488
first_order_abs,51,59,5.7434612864860814e-08,4.5095536694725035e-08,1.2339076170135779e-08,6.2621806740104085e-09,7.014085823264792e-09,5.743674336144977e-08,4.509104201133596e-08,3.709429702208857e-05,9.967024939748893e-05
first_order_signed,51,59,5.7434612864860814e-08,4.5095536694725035e-08,1.2339076170135779e-08,6.2621806740104085e-09,7.014085823264792e-09,5.743674336144977e-08,4.509104201133596e-08,3.709429702208857e-05,9.967024939748893e-05
first_order_abs,51,53,5.7434612864860814e-08,4.529262818169316e-08,1.2141984683167653e-08,6.2621806740104085e-09,9.662174127456068e-09,5.743674336144977e-08,4.528903829736919e-08,3.709429702208857e-05,7.92597927762417e-05
first_order_signed,51,53,5.7434612864860814e-08,4.529262818169316e-08,1.2141984683167653e-08,6.2621806740104085e-09,9.662174127456068e-09,5.743674336144977e-08,4.528903829736919e-08,3.709429702208857e-05,7.92597927762417e-05
first_order_abs,51,44,5.7434612864860814e-08,4.539078312846886e-08,1.2043829736391955e-08,6.2621806740104085e-09,6.845407862776653e-09,5.743674336144977e-08,4.539142040016486e-08,3.709429702208857e-05,1.4039671758904097e-05
first_order_signed,51,44,5.7434612864860814e-08,4.539078312846886e-08,1.2043829736391955e-08,6.2621806740104085e-09,6.845407862776653e-09,5.743674336144977e-08,4.539142040016486e-08,3.709429702208857e-05,1.4039671758904097e-05
first_order_abs,14,50,8.302144346340842e-08,7.102180668059992e-08,1.1999636782808505e-08,1.3122160646972247e-08,1.5356485061346346e-08,8.30201329904412e-08,7.090638831641627e-08,1.5784752860886056e-05,0.0016251116323006036
first_order_signed,14,50,8.302144346340842e-08,7.102180668059992e-08,1.1999636782808505e-08,1.3122160646972247e-08,1.5356485061346346e-08,8.30201329904412e-08,7.090638831641627e-08,1.5784752860886056e-05,0.0016251116323006036
first_order_abs,68,57,1.168976121516777e-07,1.0492276568045554e-07,1.197484647122216e-08,1.6112810086177376e-08,2.2827513834755563e-08,1.1685467171673736e-07,1.0467472577602166e-07,0.0003673337217926029,0.0023640236971001296
first_order_signed,68,57,1.168976121516777e-07,1.0492276568045554e-07,1.197484647122216e-08,1.6112810086177376e-08,2.2827513834755563e-08,1.1685467171673736e-07,1.0467472577602166e-07,0.0003673337217926029,0.0023640236971001296
first_order_abs,99,53,5.722321193806525e-08,4.529262818169316e-08,1.1930583756372091e-08,8.1265473905745e-09,9.662174127456068e-09,5.722526807971917e-08,4.528903829736919e-08,3.5931951113555046e-05,7.92597927762417e-05
first_order_signed,99,53,5.722321193806525e-08,4.529262818169316e-08,1.1930583756372091e-08,8.1265473905745e-09,9.662174127456068e-09,5.722526807971917e-08,4.528903829736919e-08,3.5931951113555046e-05,7.92597927762417e-05
first_order_abs,31,50,8.285786975798525e-08,7.102180668059992e-08,1.1836063077385332e-08,1.291547171433649e-08,1.5356485061346346e-08,8.281495667006311e-08,7.090638831641627e-08,0.0005179120347587894,0.0016251116323006036
first_order_signed,31,50,8.285786975798525e-08,7.102180668059992e-08,1.1836063077385332e-08,1.291547171433649e-08,1.5356485061346346e-08,8.281495667006311e-08,7.090638831641627e-08,0.0005179120347587894,0.0016251116323006036
first_order_abs,119,69,5.29832233549539e-08,4.126403798840492e-08,1.1719185366548978e-08,6.99365774181615e-09,7.323551998172916e-09,5.2978631259748e-08,4.126890118527626e-08,8.667074056892138e-05,0.00011785557372515352
first_order_signed,119,69,5.29832233549539e-08,4.126403798840492e-08,1.1719185366548978e-08,6.99365774181615e-09,7.323551998172916e-09,5.2978631259748e-08,4.126890118527626e-08,8.667074056892138e-05,0.00011785557372515352
first_order_abs,51,26,5.7434612864860814e-08,4.581858096179697e-08,1.1616031903063842e-08,6.2621806740104085e-09,8.090811853822544e-09,5.743674336144977e-08,4.5822922345450934e-08,3.709429702208857e-05,9.475159559354661e-05
first_order_signed,51,26,5.7434612864860814e-08,4.581858096179697e-08,1.1616031903063842e-08,6.2621806740104085e-09,8.090811853822544e-09,5.743674336144977e-08,4.5822922345450934e-08,3.709429702208857e-05,9.475159559354661e-05
first_order_abs,92,103,4.2152293846120464e-08,3.054582773673119e-08,1.1606466109389277e-08,4.440829748375563e-09,5.6440286000380974e-09,4.215273108343354e-08,3.0536554618265654e-08,1.0372799987313574e-05,0.0003035805264619527
first_order_signed,92,103,4.2152293846120464e-08,3.054582773673119e-08,1.1606466109389277e-08,4.440829748375563e-09,5.6440286000380974e-09,4.215273108343354e-08,3.0536554618265654e-08,1.0372799987313574e-05,0.0003035805264619527
first_order_abs,89,56,7.762380133093168e-08,6.610402179973573e-08,1.1519779531195953e-08,7.940589452637424e-09,8.800131112707276e-09,7.762312037584707e-08,6.611438152503979e-08,8.772503703012861e-06,0.0001567185327307947
first_order_signed,89,56,7.762380133093168e-08,6.610402179973573e-08,1.1519779531195953e-08,7.940589452637424e-09,8.800131112707276e-09,7.762312037584707e-08,6.611438152503979e-08,8.772503703012861e-06,0.0001567185327307947
first_order_abs,42,69,5.275661659685142e-08,4.126403798840492e-08,1.1492578608446497e-08,6.42900529479462e-09,7.323551998172916e-09,5.2756888635485666e-08,4.126890118527626e-08,5.156483713204325e-06,0.00011785557372515352
first_order_signed,42,69,5.275661659685142e-08,4.126403798840492e-08,1.1492578608446497e-08,6.42900529479462e-09,7.323551998172916e-09,5.2756888635485666e-08,4.126890118527626e-08,5.156483713204325e-06,0.00011785557372515352
first_order_abs,29,103,4.203100165945442e-08,3.054582773673119e-08,1.1485173922723235e-08,5.257889723608855e-09,5.6440286000380974e-09,4.20315906524138e-08,3.0536554618265654e-08,1.401329818754836e-05,0.0003035805264619527
first_order_signed,29,103,4.203100165945442e-08,3.054582773673119e-08,1.1485173922723235e-08,5.257889723608855e-09,5.6440286000380974e-09,4.20315906524138e-08,3.0536554618265654e-08,1.401329818754836e-05,0.0003035805264619527
first_order_abs,93,50,8.236008620938032e-08,7.102180668059992e-08,1.1338279528780406e-08,1.2308405716865422e-08,1.5356485061346346e-08,8.235043935655995e-08,7.090638831641627e-08,0.00011713019332996172,0.0016251116323006036
first_order_signed,93,50,8.236008620938032e-08,7.102180668059992e-08,1.1338279528780406e-08,1.2308405716865422e-08,1.5356485061346346e-08,8.235043935655995e-08,7.090638831641627e-08,0.00011713019332996172,0.0016251116323006036
first_order_abs,8,100,7.907671690233087e-08,6.780699859506189e-08,1.1269718307268987e-08,1.0133829464464839e-08,1.2649099589978618e-08,7.908275279078225e-08,6.780321371024911e-08,7.63295276766804e-05,5.5818497960348926e-05
first_order_signed,8,100,7.907671690233087e-08,6.780699859506189e-08,1.1269718307268987e-08,1.0133829464464839e-08,1.2649099589978618e-08,7.908275279078225e-08,6.780321371024911e-08,7.63295276766804e-05,5.5818497960348926e-05
first_order_abs,108,50,8.226436222415004e-08,7.102180668059992e-08,1.1242555543550125e-08,9.022701896732599e-09,1.5356485061346346e-08,8.233610060415231e-08,7.090638831641627e-08,0.0008720468750100524,0.0016251116323006036
first_order_signed,108,50,8.226436222415004e-08,7.102180668059992e-08,1.1242555543550125e-08,9.022701896732599e-09,1.5356485061346346e-08,8.233610060415231e-08,7.090638831641627e-08,0.0008720468750100524,0.0016251116323006036
first_order_abs,40,50,8.224532038438185e-08,7.102180668059992e-08,1.122351370378193e-08,1.0020814977806936e-08,1.5356485061346346e-08,8.227036119023978e-08,7.090638831641627e-08,0.0003044648101667692,0.0016251116323006036
first_order_signed,40,50,8.224532038438185e-08,7.102180668059992e-08,1.122351370378193e-08,1.0020814977806936e-08,1.5356485061346346e-08,8.227036119023978e-08,7.090638831641627e-08,0.0003044648101667692,0.0016251116323006036
first_order_abs,94,71,3.4651668890982216e-08,2.350901276742256e-08,1.1142656123559656e-08,3.894594258202488e-09,4.066717013140319e-09,3.465107667466327e-08,2.3504512114413956e-08,1.709055690237411e-05,0.00019144372641802495
first_order_signed,94,71,3.4651668890982216e-08,2.350901276742256e-08,1.1142656123559656e-08,3.894594258202488e-09,4.066717013140319e-09,3.465107667466327e-08,2.3504512114413956e-08,1.709055690237411e-05,0.00019144372641802495
first_order_abs,123,43,2.4399631714054834e-08,1.3308153352114076e-08,1.1091478361940758e-08,2.812325611278865e-09,3.1135301226115074e-09,2.4399206211001e-08,1.3306790336287122e-08,1.7438912964749398e-05,0.00010241960630378627
first_order_signed,123,43,2.4399631714054834e-08,1.3308153352114076e-08,1.1091478361940758e-08,2.812325611278865e-09,3.1135301226115074e-09,2.4399206211001e-08,1.3306790336287122e-08,1.7438912964749398e-05,0.00010241960630378627
first_order_abs,116,61,7.10998220131772e-08,6.004634727754968e-08,1.105347473562752e-08,8.909839710469213e-09,1.2295768159198417e-08,7.109583322062463e-08,6.004147223848122e-08,5.610130151704737e-05,8.11879371433461e-05
first_order_signed,116,61,7.10998220131772e-08,6.004634727754968e-08,1.105347473562752e-08,8.909839710469213e-09,1.2295768159198417e-08,7.109583322062463e-08,6.004147223848122e-08,5.610130151704737e-05,8.11879371433461e-05
first_order_abs,109,32,4.9944298504261063e-08,3.889107321269704e-08,1.1053225291564022e-08,5.029720950844307e-09,6.693580612004979e-09,4.994455338191983e-08,3.889088873165747e-08,5.103238335535275e-06,4.7435317241855306e-06
first_order_signed,109,32,4.9944298504261063e-08,3.889107321269704e-08,1.1053225291564022e-08,5.029720950844307e-09,6.693580612004979e-09,4.994455338191983e-08,3.889088873165747e-08,5.103238335535275e-06,4.7435317241855306e-06
first_order_abs,112,93,9.327017850629176e-08,8.236008620938032e-08,1.0910092296911438e-08,1.151465867099688e-08,1.2308405716865422e-08,9.327463601493946e-08,8.235043935655995e-08,4.779135967236615e-05,0.00011713019332996172
first_order_signed,112,93,9.327017850629176e-08,8.236008620938032e-08,1.0910092296911438e-08,1.151465867099688e-08,1.2308405716865422e-08,9.327463601493946e-08,8.235043935655995e-08,4.779135967236615e-05,0.00011713019332996172
first_order_abs,10,103,4.1312248773767634e-08,3.054582773673119e-08,1.0766421037036447e-08,5.157119387089182e-09,5.6440286000380974e-09,4.1309206721962255e-08,3.0536554618265654e-08,7.363558982319695e-05,0.0003035805264619527
first_order_signed,10,103,4.1312248773767634e-08,3.054582773673119e-08,1.0766421037036447e-08,5.157119387089182e-09,5.6440286000380974e-09,4.1309206721962255e-08,3.0536554618265654e-08,7.363558982319695e-05,0.0003035805264619527
first_order_abs,18,49,5.55925818781157e-08,4.501271243377797e-08,1.0579869444337729e-08,6.206722658053109e-09,7.0122936568495215e-09,5.5604544968446135e-08,4.5020705385923065e-08,0.00021519220597931667,0.00017757099523509488
first_order_signed,18,49,5.55925818781157e-08,4.501271243377797e-08,1.0579869444337729e-08,6.206722658053109e-09,7.0122936568495215e-09,5.5604544968446135e-08,4.5020705385923065e-08,0.00021519220597931667,0.00017757099523509488
first_order_abs,27,53,5.586618760855002e-08,4.529262818169316e-08,1.0573559426856862e-08,9.388301736024117e-09,9.662174127456068e-09,5.584386641999117e-08,4.528903829736919e-08,0.00039954737407987216,7.92597927762417e-05
first_order_signed,27,53,5.586618760855002e-08,4.529262818169316e-08,1.0573559426856862e-08,9.388301736024117e-09,9.662174127456068e-09,5.584386641999117e-08,4.528903829736919e-08,0.00039954737407987216,7.92597927762417e-05
first_order_abs,51,78,5.7434612864860814e-08,4.686430950857032e-08,1.0570303356290495e-08,6.2621806740104085e-09,7.21137685122386e-09,5.743674336144977e-08,4.686585342028593e-08,3.709429702208857e-05,3.294429666842613e-05
first_order_signed,51,78,5.7434612864860814e-08,4.686430950857032e-08,1.0570303356290495e-08,6.2621806740104085e-09,7.21137685122386e-09,5.743674336144977e-08,4.686585342028593e-08,3.709429702208857e-05,3.294429666842613e-05
first_order_abs,18,59,5.55925818781157e-08,4.5095536694725035e-08,1.0497045183390662e-08,6.206722658053109e-09,7.014085823264792e-09,5.5604544968446135e-08,4.509104201133596e-08,0.00021519220597931667,9.967024939748893e-05
first_order_signed,18,59,5.55925818781157e-08,4.5095536694725035e-08,1.0497045183390662e-08,6.206722658053109e-09,7.014085823264792e-09,5.5604544968446135e-08,4.509104201133596e-08,0.00021519220597931667,9.967024939748893e-05
first_order_abs,112,31,9.327017850629176e-08,8.285786975798525e-08,1.0412308748306512e-08,1.151465867099688e-08,1.291547171433649e-08,9.327463601493946e-08,8.281495667006311e-08,4.779135967236615e-05,0.0005179120347587894
first_order_signed,112,31,9.327017850629176e-08,8.285786975798525e-08,1.0412308748306512e-08,1.151465867099688e-08,1.291547171433649e-08,9.327463601493946e-08,8.281495667006311e-08,4.779135967236615e-05,0.0005179120347587894
first_order_abs,51,77,5.7434612864860814e-08,4.702571686254087e-08,1.0408896002319941e-08,6.2621806740104085e-09,8.094830517002548e-09,5.743674336144977e-08,4.7028592575770745e-08,3.709429702208857e-05,6.115192753527157e-05
first_order_signed,51,77,5.7434612864860814e-08,4.702571686254087e-08,1.0408896002319941e-08,6.2621806740104085e-09,8.094830517002548e-09,5.743674336144977e-08,4.7028592575770745e-08,3.709429702208857e-05,6.115192753527157e-05
first_order_abs,117,41,3.619141416768773e-08,2.5885927878612967e-08,1.0305486289074764e-08,4.061369518471025e-09,4.976692991043308e-09,3.6191455166090236e-08,2.5885404042469418e-08,1.1328212353256537e-06,2.0236328634061015e-05
first_order_signed,117,41,3.619141416768773e-08,2.5885927878612967e-08,1.0305486289074764e-08,4.061369518471025e-09,4.976692991043308e-09,3.6191455166090236e-08,2.5885404042469418e-08,1.1328212353256537e-06,2.0236328634061015e-05
first_order_abs,18,53,5.55925818781157e-08,4.529262818169316e-08,1.0299953696422536e-08,6.206722658053109e-09,9.662174127456068e-09,5.5604544968446135e-08,4.528903829736919e-08,0.00021519220597931667,7.92597927762417e-05
first_order_signed,18,53,5.55925818781157e-08,4.529262818169316e-08,1.0299953696422536e-08,6.206722658053109e-09,9.662174127456068e-09,5.5604544968446135e-08,4.528903829736919e-08,0.00021519220597931667,7.92597927762417e-05
first_order_abs,65,81,1.3287731754290939e-07,1.2259017961143253e-07,1.028713793147685e-08,1.974236938373508e-08,2.0547738088794175e-08,1.3265648135529773e-07,1.2256998616066994e-07,0.0016619554916913726,0.00016472323335033512
first_order_signed,65,81,1.3287731754290939e-07,1.2259017961143253e-07,1.028713793147685e-08,1.974236938373508e-08,2.0547738088794175e-08,1.3265648135529773e-07,1.2256998616066994e-07,0.0016619554916913726,0.00016472323335033512
first_order_abs,74,32,4.9159058114979576e-08,3.889107321269704e-08,1.0267984902282535e-08,5.260755375768866e-09,6.693580612004979e-09,4.9158860093712065e-08,3.889088873165747e-08,4.0281745644674956e-06,4.7435317241855306e-06
first_order_signed,74,32,4.9159058114979576e-08,3.889107321269704e-08,1.0267984902282535e-08,5.260755375768866e-09,6.693580612004979e-09,4.9158860093712065e-08,3.889088873165747e-08,4.0281745644674956e-06,4.7435317241855306e-06
first_order_abs,112,14,9.327017850629176e-08,8.302144346340842e-08,1.0248735042883339e-08,1.151465867099688e-08,1.3122160646972247e-08,9.327463601493946e-08,8.30201329904412e-08,4.779135967236615e-05,1.5784752860886056e-05
first_order_signed,112,14,9.327017850629176e-08,8.302144346340842e-08,1.0248735042883339e-08,1.151465867099688e-08,1.3122160646972247e-08,9.327463601493946e-08,8.30201329904412e-08,4.779135967236615e-05,1.5784752860886056e-05
first_order_abs,56,27,6.610402179973573e-08,5.586618760855002e-08,1.0237834191185708e-08,8.800131112707276e-09,9.388301736024117e-09,6.611438152503979e-08,5.584386641999117e-08,0.0001567185327307947,0.00039954737407987216
first_order_signed,56,27,6.610402179973573e-08,5.586618760855002e-08,1.0237834191185708e-08,8.800131112707276e-09,9.388301736024117e-09,6.611438152503979e-08,5.584386641999117e-08,0.0001567185327307947,0.00039954737407987216
first_order_abs,18,44,5.55925818781157e-08,4.539078312846886e-08,1.0201798749646839e-08,6.206722658053109e-09,6.845407862776653e-09,5.5604544968446135e-08,4.539142040016486e-08,0.00021519220597931667,1.4039671758904097e-05
first_order_signed,18,44,5.55925818781157e-08,4.539078312846886e-08,1.0201798749646839e-08,6.206722658053109e-09,6.845407862776653e-09,5.5604544968446135e-08,4.539142040016486e-08,0.00021519220597931667,1.4039671758904097e-05
first_order_abs,22,103,4.0700582754728744e-08,3.054582773673119e-08,1.0154755017997556e-08,4.742286863201883e-09,5.6440286000380974e-09,4.0700605552501656e-08,3.0536554618265654e-08,5.601338204464766e-07,0.0003035805264619527
first_order_signed,22,103,4.0700582754728744e-08,3.054582773673119e-08,1.0154755017997556e-08,4.742286863201883e-09,5.6440286000380974e-09,4.0700605552501656e-08,3.0536554618265654e-08,5.601338204464766e-07,0.0003035805264619527
first_order_abs,70,69,5.140813809835442e-08,4.126403798840492e-08,1.0144100109949496e-08,5.444629203044115e-09,7.323551998172916e-09,5.140811509818377e-08,4.126890118527626e-08,4.4740330031152993e-07,0.00011785557372515352
first_order_signed,70,69,5.140813809835442e-08,4.126403798840492e-08,1.0144100109949496e-08,5.444629203044115e-09,7.323551998172916e-09,5.140811509818377e-08,4.126890118527626e-08,4.4740330031152993e-07,0.00011785557372515352
first_order_abs,109,5,4.9944298504261063e-08,3.9864081232647824e-08,1.0080217271613239e-08,5.029720950844307e-09,5.054820773064961e-09,4.994455338191983e-08,3.9864161749392224e-08,5.103238335535275e-06,2.0197817661897704e-06
first_order_signed,109,5,4.9944298504261063e-08,3.9864081232647824e-08,1.0080217271613239e-08,5.029720950844307e-09,5.054820773064961e-09,4.994455338191983e-08,3.9864161749392224e-08,5.103238335535275e-06,2.0197817661897704e-06
first_order_abs,70,96,5.140813809835442e-08,4.138486400791027e-08,1.0023274090444151e-08,5.444629203044115e-09,6.279506636897025e-09,5.140811509818377e-08,4.1399985661882965e-08,4.4740330031152993e-07,0.0003653909306022377
first_order_signed,70,96,5.140813809835442e-08,4.138486400791027e-08,1.0023274090444151e-08,5.444629203044115e-09,6.279506636897025e-09,5.140811509818377e-08,4.1399985661882965e-08,4.4740330031152993e-07,0.0003653909306022377
first_order_abs,68,98,1.168976121516777e-07,1.0692258987152722e-07,9.975022280150478e-09,1.6112810086177376e-08,2.6404627373466383e-08,1.1685467171673736e-07,1.0676933470676886e-07,0.0003673337217926029,0.0014333282138274752
first_order_signed,68,98,1.168976121516777e-07,1.0692258987152722e-07,9.975022280150478e-09,1.6112810086177376e-08,2.6404627373466383e-08,1.1685467171673736e-07,1.0676933470676886e-07,0.0003673337217926029,0.0014333282138274752
first_order_abs,11,43,2.3197429317024262e-08,1.3308153352114076e-08,9.889275964910186e-09,3.112340407618319e-09,3.1135301226115074e-09,2.319486824831074e-08,1.3306790336287122e-08,0.00011040312607580594,0.00010241960630378627
first_order_signed,11,43,2.3197429317024262e-08,1.3308153352114076e-08,9.889275964910186e-09,3.112340407618319e-09,3.1135301226115074e-09,2.319486824831074e-08,1.3306790336287122e-08,0.00011040312607580594,0.00010241960630378627
first_order_abs,89,100,7.762380133093168e-08,6.780699859506189e-08,9.816802735869797e-09,7.940589452637424e-09,1.2649099589978618e-08,7.762312037584707e-08,6.780321371024911e-08,8.772503703012861e-06,5.5818497960348926e-05
first_order_signed,89,100,7.762380133093168e-08,6.780699859506189e-08,9.816802735869797e-09,7.940589452637424e-09,1.2649099589978618e-08,7.762312037584707e-08,6.780321371024911e-08,8.772503703012861e-06,5.5818497960348926e-05
first_order_abs,37,100,7.758321146589115e-08,6.780699859506189e-08,9.776212870829262e-09,1.0405443928718227e-08,1.2649099589978618e-08,7.758733744367419e-08,6.780321371024911e-08,5.31813224160334e-05,5.5818497960348926e-05
first_order_signed,37,100,7.758321146589115e-08,6.780699859506189e-08,9.776212870829262e-09,1.0405443928718227e-08,1.2649099589978618e-08,7.758733744367419e-08,6.780321371024911e-08,5.31813224160334e-05,5.5818497960348926e-05
first_order_abs,18,26,5.55925818781157e-08,4.581858096179697e-08,9.774000916318726e-09,6.206722658053109e-09,8.090811853822544e-09,5.5604544968446135e-08,4.5822922345450934e-08,0.00021519220597931667,9.475159559354661e-05
first_order_signed,18,26,5.55925818781157e-08,4.581858096179697e-08,9.774000916318726e-09,6.206722658053109e-09,8.090811853822544e-09,5.5604544968446135e-08,4.5822922345450934e-08,0.00021519220597931667,9.475159559354661e-05
first_order_abs,111,37,8.728085554749227e-08,7.758321146589115e-08,9.69764408160112e-09,1.0025267971336405e-08,1.0405443928718227e-08,8.728105171940115e-08,7.758733744367419e-08,2.247593789604378e-06,5.31813224160334e-05
first_order_signed,111,37,8.728085554749227e-08,7.758321146589115e-08,9.69764408160112e-09,1.0025267971336405e-08,1.0405443928718227e-08,8.728105171940115e-08,7.758733744367419e-08,2.247593789604378e-06,5.31813224160334e-05
first_order_abs,83,61,6.973023412726003e-08,6.004634727754968e-08,9.683886849710358e-09,1.1616830297711543e-08,1.2295768159198417e-08,6.966891419324384e-08,6.004147223848122e-08,0.0008793880414095233,8.11879371433461e-05
first_order_signed,83,61,6.973023412726003e-08,6.004634727754968e-08,9.683886849710358e-09,1.1616830297711543e-08,1.2295768159198417e-08,6.966891419324384e-08,6.004147223848122e-08,0.0008793880414095233,8.11879371433461e-05
first_order_abs,116,23,7.10998220131772e-08,6.142159700314327e-08,9.678225010033924e-09,8.909839710469213e-09,1.0522774718246807e-08,7.109583322062463e-08,6.142444419765525e-08,5.610130151704737e-05,4.6354941110202366e-05
first_order_signed,116,23,7.10998220131772e-08,6.142159700314327e-08,9.678225010033924e-09,8.909839710469213e-09,1.0522774718246807e-08,7.109583322062463e-08,6.142444419765525e-08,5.610130151704737e-05,4.6354941110202366e-05
first_order_abs,68,2,1.168976121516777e-07,1.0729894294663803e-07,9.598669205039673e-09,1.6112810086177376e-08,1.9928708283600827e-08,1.1685467171673736e-07,1.0701042896243962e-07,0.0003673337217926029,0.002688880023188049
first_order_signed,68,2,1.168976121516777e-07,1.0729894294663803e-07,9.598669205039673e-09,1.6112810086177376e-08,1.9928708283600827e-08,1.1685467171673736e-07,1.0701042896243962e-07,0.0003673337217926029,0.002688880023188049
first_order_abs,4,17,8.944808191514077e-08,7.989469686865492e-08,9.553385046485856e-09,1.0925105109471644e-08,1.3927396036450544e-08,8.94635334702798e-08,7.987748062987521e-08,0.00017274328088650527,0.00021548662745427764
first_order_signed,4,17,8.944808191514077e-08,7.989469686865492e-08,9.553385046485856e-09,1.0925105109471644e-08,1.3927396036450544e-08,8.94635334702798e-08,7.987748062987521e-08,0.00017274328088650527,0.00021548662745427764
first_order_abs,13,64,1.8799617258767294e-07,1.784940156586585e-07,9.502156929014445e-09,2.273276020758885e-08,3.005048618831552e-08,1.8807284618560516e-07,1.7838425492300303e-07,0.0004078465900493794,0.0006149266979648695
first_order_signed,13,64,1.8799617258767294e-07,1.784940156586585e-07,9.502156929014445e-09,2.273276020758885e-08,3.005048618831552e-08,1.8807284618560516e-07,1.7838425492300303e-07,0.0004078465900493794,0.0006149266979648695
first_order_abs,8,83,7.907671690233087e-08,6.973023412726003e-08,9.346482775070839e-09,1.0133829464464839e-08,1.1616830297711543e-08,7.908275279078225e-08,6.966891419324384e-08,7.63295276766804e-05,0.0008793880414095233
first_order_signed,8,83,7.907671690233087e-08,6.973023412726003e-08,9.346482775070839e-09,1.0133829464464839e-08,1.1616830297711543e-08,7.908275279078225e-08,6.966891419324384e-08,7.63295276766804e-05,0.0008793880414095233
first_order_abs,92,20,4.2152293846120464e-08,3.2819597571491435e-08,9.33269627462903e-09,4.440829748375563e-09,4.588047908260506e-09,4.215273108343354e-08,3.281592952930623e-08,1.0372799987313574e-05,0.00011176377703026983
first_order_signed,92,20,4.2152293846120464e-08,3.2819597571491435e-08,9.33269627462903e-09,4.440829748375563e-09,4.588047908260506e-09,4.215273108343354e-08,3.281592952930623e-08,1.0372799987313574e-05,0.00011176377703026983
first_order_abs,5,103,3.9864081232647824e-08,3.054582773673119e-08,9.318253495916637e-09,5.054820773064961e-09,5.6440286000380974e-09,3.9864161749392224e-08,3.0536554618265654e-08,2.0197817661897704e-06,0.0003035805264619527
first_order_signed,5,103,3.9864081232647824e-08,3.054582773673119e-08,9.318253495916637e-09,5.054820773064961e-09,5.6440286000380974e-09,3.9864161749392224e-08,3.0536554618265654e-08,2.0197817661897704e-06,0.0003035805264619527
first_order_abs,86,122,6.134473596044345e-08,5.205540461196481e-08,9.28933134847864e-09,7.929969769726597e-09,7.999724194185376e-09,6.133922170192818e-08,5.205438924349437e-08,8.988967723037618e-05,1.9505534113269672e-05
first_order_signed,86,122,6.134473596044345e-08,5.205540461196481e-08,9.28933134847864e-09,7.929969769726597e-09,7.999724194185376e-09,6.133922170192818e-08,5.205438924349437e-08,8.988967723037618e-05,1.9505534113269672e-05
first_order_abs,89,30,7.762380133093168e-08,6.839451191867113e-08,9.229289412260556e-09,7.940589452637424e-09,8.452934729952232e-09,7.762312037584707e-08,6.839911748102168e-08,8.772503703012861e-06,6.733818578931836e-05
first_order_signed,89,30,7.762380133093168e-08,6.839451191867113e-08,9.229289412260556e-09,7.940589452637424e-09,8.452934729952232e-09,7.762312037584707e-08,6.839911748102168e-08,8.772503703012861e-06,6.733818578931836e-05
first_order_abs,86,45,6.134473596044345e-08,5.214470753305639e-08,9.200028427387056e-09,7.929969769726597e-09,8.629702330509302e-09,6.133922170192818e-08,5.21381764428952e-08,8.988967723037618e-05,0.00012524933919806996
first_order_signed,86,45,6.134473596044345e-08,5.214470753305639e-08,9.200028427387056e-09,7.929969769726597e-09,8.629702330509302e-09,6.133922170192818e-08,5.21381764428952e-08,8.988967723037618e-05,0.00012524933919806996
first_order_abs,86,12,6.134473596044345e-08,5.220599517843521e-08,9.138740782008236e-09,7.929969769726597e-09,7.934605439352538e-09,6.133922170192818e-08,5.220657683935315e-08,8.988967723037618e-05,1.1141649842065713e-05
first_order_signed,86,12,6.134473596044345e-08,5.220599517843521e-08,9.138740782008236e-09,7.929969769726597e-09,7.934605439352538e-09,6.133922170192818e-08,5.220657683935315e-08,8.988967723037618e-05,1.1141649842065713e-05
first_order_abs,52,32,4.7919858990302697e-08,3.889107321269704e-08,9.028785777605655e-09,5.440760098007757e-09,6.693580612004979e-09,4.791996133235443e-08,3.889088873165747e-08,2.135691838256902e-06,4.7435317241855306e-06
first_order_signed,52,32,4.7919858990302697e-08,3.889107321269704e-08,9.028785777605655e-09,5.440760098007757e-09,6.693580612004979e-09,4.791996133235443e-08,3.889088873165747e-08,2.135691838256902e-06,4.7435317241855306e-06
first_order_abs,13,124,1.8799617258767294e-07,1.7898613071536187e-07,9.010041872311073e-09,2.273276020758885e-08,2.432921681894129e-08,1.8807284618560516e-07,1.7898321402753936e-07,0.0004078465900493794,1.629560799403568e-05
first_order_signed,13,124,1.8799617258767294e-07,1.7898613071536187e-07,9.010041872311073e-09,2.273276020758885e-08,2.432921681894129e-08,1.8807284618560516e-07,1.7898321402753936e-07,0.0004078465900493794,1.629560799403568e-05
first_order_abs,0,103,3.946906734021471e-08,3.054582773673119e-08,8.923239603483526e-09,4.329394376334505e-09,5.6440286000380974e-09,3.946882998207002e-08,3.0536554618265654e-08,6.013776374488217e-06,0.0003035805264619527
first_order_signed,0,103,3.946906734021471e-08,3.054582773673119e-08,8.923239603483526e-09,4.329394376334505e-09,5.6440286000380974e-09,3.946882998207002e-08,3.0536554618265654e-08,6.013776374488217e-06,0.0003035805264619527
first_order_abs,66,103,3.9427801162292135e-08,3.054582773673119e-08,8.881973425560948e-09,4.5747444055166396e-09,5.6440286000380974e-09,3.9427376918865775e-08,3.0536554618265654e-08,1.076000725004724e-05,0.0003035805264619527
first_order_signed,66,103,3.9427801162292135e-08,3.054582773673119e-08,8.881973425560948e-09,4.5747444055166396e-09,5.6440286000380974e-09,3.9427376918865775e-08,3.0536554618265654e-08,1.076000725004724e-05,0.0003035805264619527
first_order_abs,17,50,7.989469686865492e-08,7.102180668059992e-08,8.872890188055e-09,1.3927396036450544e-08,1.5356485061346346e-08,7.987748062987521e-08,7.090638831641627e-08,0.00021548662745427764,0.0016251116323006036
first_order_signed,17,50,7.989469686865492e-08,7.102180668059992e-08,8.872890188055e-09,1.3927396036450544e-08,1.5356485061346346e-08,7.987748062987521e-08,7.090638831641627e-08,0.00021548662745427764,0.0016251116323006036
first_order_abs,94,41,3.4651668890982216e-08,2.5885927878612967e-08,8.76574101236925e-09,3.894594258202488e-09,4.976692991043308e-09,3.465107667466327e-08,2.5885404042469418e-08,1.709055690237411e-05,2.0236328634061015e-05
first_order_signed,94,41,3.4651668890982216e-08,2.5885927878612967e-08,8.76574101236925e-09,3.894594258202488e-09,4.976692991043308e-09,3.465107667466327e-08,2.5885404042469418e-08,1.709055690237411e-05,2.0236328634061015e-05
first_order_abs,55,103,3.9295526583758535e-08,3.054582773673119e-08,8.749698847027348e-09,4.980787804420572e-09,5.6440286000380974e-09,3.929544334368984e-08,3.0536554618265654e-08,2.1183090273054887e-06,0.0003035805264619527
first_order_signed,55,103,3.9295526583758535e-08,3.054582773673119e-08,8.749698847027348e-09,4.980787804420572e-09,5.6440286000380974e-09,3.929544334368984e-08,3.0536554618265654e-08,2.1183090273054887e-06,0.0003035805264619527
first_order_abs,18,78,5.55925818781157e-08,4.686430950857032e-08,8.728272369545378e-09,6.206722658053109e-09,7.21137685122386e-09,5.5604544968446135e-08,4.686585342028593e-08,0.00021519220597931667,3.294429666842613e-05
first_order_signed,18,78,5.55925818781157e-08,4.686430950857032e-08,8.728272369545378e-09,6.206722658053109e-09,7.21137685122386e-09,5.5604544968446135e-08,4.686585342028593e-08,0.00021519220597931667,3.294429666842613e-05
first_order_abs,109,69,4.9944298504261063e-08,4.126403798840492e-08,8.68026051585614e-09,5.029720950844307e-09,7.323551998172916e-09,4.994455338191983e-08,4.126890118527626e-08,5.103238335535275e-06,0.00011785557372515352
first_order_signed,109,69,4.9944298504261063e-08,4.126403798840492e-08,8.68026051585614e-09,5.029720950844307e-09,7.323551998172916e-09,4.994455338191983e-08,4.126890118527626e-08,5.103238335535275e-06,0.00011785557372515352
first_order_abs,94,54,3.4651668890982216e-08,2.5997329282124308e-08,8.654339608857908e-09,3.894594258202488e-09,3.969049111596234e-09,3.465107667466327e-08,2.6000208208643016e-08,1.709055690237411e-05,0.00011073931816096476
first_order_signed,94,54,3.4651668890982216e-08,2.5997329282124308e-08,8.654339608857908e-09,3.894594258202488e-09,3.969049111596234e-09,3.465107667466327e-08,2.6000208208643016e-08,1.709055690237411e-05,0.00011073931816096476
first_order_abs,101,100,7.64486784895922e-08,6.780699859506189e-08,8.641679894530312e-09,9.079268414868836e-09,1.2649099589978618e-08,7.645348887308501e-08,6.780321371024911e-08,6.29230431166083e-05,5.5818497960348926e-05
first_order_signed,101,100,7.64486784895922e-08,6.780699859506189e-08,8.641679894530312e-09,9.079268414868836e-09,1.2649099589978618e-08,7.645348887308501e-08,6.780321371024911e-08,6.29230431166083e-05,5.5818497960348926e-05
first_order_abs,109,10,4.9944298504261063e-08,4.1312248773767634e-08,8.63204973049343e-09,5.029720950844307e-09,5.157119387089182e-09,4.994455338191983e-08,4.1309206721962255e-08,5.103238335535275e-06,7.363558982319695e-05
first_order_signed,109,10,4.9944298504261063e-08,4.1312248773767634e-08,8.63204973049343e-09,5.029720950844307e-09,5.157119387089182e-09,4.994455338191983e-08,4.1309206721962255e-08,5.103238335535275e-06,7.363558982319695e-05
first_order_abs,18,77,5.55925818781157e-08,4.702571686254087e-08,8.566865015574825e-09,6.206722658053109e-09,8.094830517002548e-09,5.5604544968446135e-08,4.7028592575770745e-08,0.00021519220597931667,6.115192753527157e-05
first_order_signed,18,77,5.55925818781157e-08,4.702571686254087e-08,8.566865015574825e-09,6.206722658053109e-09,8.094830517002548e-09,5.5604544968446135e-08,4.7028592575770745e-08,0.00021519220597931667,6.115192753527157e-05
first_order_abs,109,96,4.9944298504261063e-08,4.138486400791027e-08,8.559434496350795e-09,5.029720950844307e-09,6.279506636897025e-09,4.994455338191983e-08,4.1399985661882965e-08,5.103238335535275e-06,0.0003653909306022377
first_order_signed,109,96,4.9944298504261063e-08,4.138486400791027e-08,8.559434496350795e-09,5.029720950844307e-09,6.279506636897025e-09,4.994455338191983e-08,4.1399985661882965e-08,5.103238335535275e-06,0.0003653909306022377
first_order_abs,62,17,8.831674016387329e-08,7.989469686865492e-08,8.42204329521837e-09,1.3893052930313843e-08,1.3927396036450544e-08,8.832030573557859e-08,7.987748062987521e-08,4.037254657139266e-05,0.00021548662745427764
first_order_signed,62,17,8.831674016387329e-08,7.989469686865492e-08,8.42204329521837e-09,1.3893052930313843e-08,1.3927396036450544e-08,8.832030573557859e-08,7.987748062987521e-08,4.037254657139266e-05,0.00021548662745427764
first_order_abs,30,61,6.839451191867113e-08,6.004634727754968e-08,8.34816464112145e-09,8.452934729952232e-09,1.2295768159198417e-08,6.839911748102168e-08,6.004147223848122e-08,6.733818578931836e-05,8.11879371433461e-05
first_order_signed,30,61,6.839451191867113e-08,6.004634727754968e-08,8.34816464112145e-09,8.452934729952232e-09,1.2295768159198417e-08,6.839911748102168e-08,6.004147223848122e-08,6.733818578931836e-05,8.11879371433461e-05
first_order_abs,105,53,5.362963345726791e-08,4.529262818169316e-08,8.337005275574747e-09,7.433987292415622e-09,9.662174127456068e-09,5.362650412621406e-08,4.528903829736919e-08,5.8350782060491286e-05,7.92597927762417e-05
first_order_signed,105,53,5.362963345726791e-08,4.529262818169316e-08,8.337005275574747e-09,7.433987292415622e-09,9.662174127456068e-09,5.362650412621406e-08,4.528903829736919e-08,5.8350782060491286e-05,7.92597927762417e-05
first_order_abs,51,97,5.7434612864860814e-08,4.915254545596428e-08,8.282067408896532e-09,6.2621806740104085e-09,7.192669215783098e-09,5.743674336144977e-08,4.9149235792356194e-08,3.709429702208857e-05,6.733453125134107e-05
first_order_signed,51,97,5.7434612864860814e-08,4.915254545596428e-08,8.282067408896532e-09,6.2621806740104085e-09,7.192669215783098e-09,5.743674336144977e-08,4.9149235792356194e-08,3.709429702208857e-05,6.733453125134107e-05
first_order_abs,111,8,8.728085554749227e-08,7.907671690233087e-08,8.204138645161394e-09,1.0025267971336405e-08,1.0133829464464839e-08,8.728105171940115e-08,7.908275279078225e-08,2.247593789604378e-06,7.63295276766804e-05
first_order_signed,111,8,8.728085554749227e-08,7.907671690233087e-08,8.204138645161394e-09,1.0025267971336405e-08,1.0133829464464839e-08,8.728105171940115e-08,7.908275279078225e-08,2.247593789604378e-06,7.63295276766804e-05
first_order_abs,70,95,5.140813809835442e-08,4.3242039839971664e-08,8.166098258382755e-09,5.444629203044115e-09,6.121095874611626e-09,5.140811509818377e-08,4.3240234504082764e-08,4.4740330031152993e-07,4.1749554266658045e-05
first_order_signed,70,95,5.140813809835442e-08,4.3242039839971664e-08,8.166098258382755e-09,5.444629203044115e-09,6.121095874611626e-09,5.140811509818377e-08,4.3240234504082764e-08,4.4740330031152993e-07,4.1749554266658045e-05
first_order_abs,8,50,7.907671690233087e-08,7.102180668059992e-08,8.054910221730957e-09,1.0133829464464839e-08,1.5356485061346346e-08,7.908275279078225e-08,7.090638831641627e-08,7.63295276766804e-05,0.0016251116323006036
first_order_signed,8,50,7.907671690233087e-08,7.102180668059992e-08,8.054910221730957e-09,1.0133829464464839e-08,1.5356485061346346e-08,7.908275279078225e-08,7.090638831641627e-08,7.63295276766804e-05,0.0016251116323006036
first_order_abs,127,27,6.388480561595673e-08,5.586618760855002e-08,8.018618007406712e-09,9.048648652587587e-09,9.388301736024117e-09,6.38730170976487e-08,5.584386641999117e-08,0.00018452773228899269,0.00039954737407987216
first_order_signed,127,27,6.388480561595673e-08,5.586618760855002e-08,8.018618007406712e-09,9.048648652587587e-09,9.388301736024117e-09,6.38730170976487e-08,5.584386641999117e-08,0.00018452773228899269,0.00039954737407987216
first_order_abs,119,49,5.29832233549539e-08,4.501271243377797e-08,7.970510921175933e-09,6.99365774181615e-09,7.0122936568495215e-09,5.2978631259748e-08,4.5020705385923065e-08,8.667074056892138e-05,0.00017757099523509488
first_order_signed,119,49,5.29832233549539e-08,4.501271243377797e-08,7.970510921175933e-09,6.99365774181615e-09,7.0122936568495215e-09,5.2978631259748e-08,4.5020705385923065e-08,8.667074056892138e-05,0.00017757099523509488
first_order_abs,109,29,4.9944298504261063e-08,4.203100165945442e-08,7.913296844806641e-09,5.029720950844307e-09,5.257889723608855e-09,4.994455338191983e-08,4.20315906524138e-08,5.103238335535275e-06,1.401329818754836e-05
first_order_signed,109,29,4.9944298504261063e-08,4.203100165945442e-08,7.913296844806641e-09,5.029720950844307e-09,5.257889723608855e-09,4.994455338191983e-08,4.20315906524138e-08,5.103238335535275e-06,1.401329818754836e-05
first_order_abs,74,69,4.9159058114979576e-08,4.126403798840492e-08,7.895020126574653e-09,5.260755375768866e-09,7.323551998172916e-09,4.9158860093712065e-08,4.126890118527626e-08,4.0281745644674956e-06,0.00011785557372515352
first_order_signed,74,69,4.9159058114979576e-08,4.126403798840492e-08,7.895020126574653e-09,5.260755375768866e-09,7.323551998172916e-09,4.9158860093712065e-08,4.126890118527626e-08,4.0281745644674956e-06,0.00011785557372515352
first_order_abs,89,83,7.762380133093168e-08,6.973023412726003e-08,7.893567203671648e-09,7.940589452637424e-09,1.1616830297711543e-08,7.762312037584707e-08,6.966891419324384e-08,8.772503703012861e-06,0.0008793880414095233
first_order_signed,89,83,7.762380133093168e-08,6.973023412726003e-08,7.893567203671648e-09,7.940589452637424e-09,1.1616830297711543e-08,7.762312037584707e-08,6.966891419324384e-08,8.772503703012861e-06,0.0008793880414095233
first_order_abs,97,69,4.915254545596428e-08,4.126403798840492e-08,7.888507467559358e-09,7.192669215783098e-09,7.323551998172916e-09,4.9149235792356194e-08,4.126890118527626e-08,6.733453125134107e-05,0.00011785557372515352
first_order_signed,97,69,4.915254545596428e-08,4.126403798840492e-08,7.888507467559358e-09,7.192669215783098e-09,7.323551998172916e-09,4.9149235792356194e-08,4.126890118527626e-08,6.733453125134107e-05,0.00011785557372515352
first_order_abs,119,59,5.29832233549539e-08,4.5095536694725035e-08,7.887686660228867e-09,6.99365774181615e-09,7.014085823264792e-09,5.2978631259748e-08,4.509104201133596e-08,8.667074056892138e-05,9.967024939748893e-05
first_order_signed,119,59,5.29832233549539e-08,4.5095536694725035e-08,7.887686660228867e-09,6.99365774181615e-09,7.014085823264792e-09,5.2978631259748e-08,4.509104201133596e-08,8.667074056892138e-05,9.967024939748893e-05
first_order_abs,37,83,7.758321146589115e-08,6.973023412726003e-08,7.852977338631113e-09,1.0405443928718227e-08,1.1616830297711543e-08,7.758733744367419e-08,6.966891419324384e-08,5.31813224160334e-05,0.0008793880414095233
first_order_signed,37,83,7.758321146589115e-08,6.973023412726003e-08,7.852977338631113e-09,1.0405443928718227e-08,1.1616830297711543e-08,7.758733744367419e-08,6.966891419324384e-08,5.31813224160334e-05,0.0008793880414095233
first_order_abs,105,26,5.362963345726791e-08,4.581858096179697e-08,7.811052495470936e-09,7.433987292415622e-09,8.090811853822544e-09,5.362650412621406e-08,4.5822922345450934e-08,5.8350782060491286e-05,9.475159559354661e-05
first_order_signed,105,26,5.362963345726791e-08,4.581858096179697e-08,7.811052495470936e-09,7.433987292415622e-09,8.090811853822544e-09,5.362650412621406e-08,4.5822922345450934e-08,5.8350782060491286e-05,9.475159559354661e-05
first_order_abs,74,96,4.9159058114979576e-08,4.138486400791027e-08,7.774194107069309e-09,5.260755375768866e-09,6.279506636897025e-09,4.9158860093712065e-08,4.1399985661882965e-08,4.0281745644674956e-06,0.0003653909306022377
first_order_signed,74,96,4.9159058114979576e-08,4.138486400791027e-08,7.774194107069309e-09,5.260755375768866e-09,6.279506636897025e-09,4.9158860093712065e-08,4.1399985661882965e-08,4.0281745644674956e-06,0.0003653909306022377
first_order_abs,42,49,5.275661659685142e-08,4.501271243377797e-08,7.743904163073452e-09,6.42900529479462e-09,7.0122936568495215e-09,5.2756888635485666e-08,4.5020705385923065e-08,5.156483713204325e-06,0.00017757099523509488
first_order_signed,42,49,5.275661659685142e-08,4.501271243377797e-08,7.743904163073452e-09,6.42900529479462e-09,7.0122936568495215e-09,5.2756888635485666e-08,4.5020705385923065e-08,5.156483713204325e-06,0.00017757099523509488
first_order_abs,119,53,5.29832233549539e-08,4.529262818169316e-08,7.69059517326074e-09,6.99365774181615e-09,9.662174127456068e-09,5.2978631259748e-08,4.528903829736919e-08,8.667074056892138e-05,7.92597927762417e-05
first_order_signed,119,53,5.29832233549539e-08,4.529262818169316e-08,7.69059517326074e-09,6.99365774181615e-09,9.662174127456068e-09,5.2978631259748e-08,4.528903829736919e-08,8.667074056892138e-05,7.92597927762417e-05
first_order_abs,42,59,5.275661659685142e-08,4.5095536694725035e-08,7.661079902126386e-09,6.42900529479462e-09,7.014085823264792e-09,5.2756888635485666e-08,4.509104201133596e-08,5.156483713204325e-06,9.967024939748893e-05
first_order_signed,42,59,5.275661659685142e-08,4.5095536694725035e-08,7.661079902126386e-09,6.42900529479462e-09,7.014085823264792e-09,5.2756888635485666e-08,4.509104201133596e-08,5.156483713204325e-06,9.967024939748893e-05
first_order_abs,85,37,8.524151710702273e-08,7.758321146589115e-08,7.658305641131582e-09,9.493916364178289e-09,1.0405443928718227e-08,8.523826977580029e-08,7.758733744367419e-08,3.809565259570081e-05,5.31813224160334e-05
first_order_signed,85,37,8.524151710702273e-08,7.758321146589115e-08,7.658305641131582e-09,9.493916364178289e-09,1.0405443928718227e-08,8.523826977580029e-08,7.758733744367419e-08,3.809565259570081e-05,5.31813224160334e-05
first_order_abs,51,80,5.7434612864860814e-08,4.9858168296861605e-08,7.576444567999208e-09,6.2621806740104085e-09,7.877586449822615e-09,5.743674336144977e-08,4.9854183004072183e-08,3.709429702208857e-05,7.993259531102033e-05
first_order_signed,51,80,5.7434612864860814e-08,4.9858168296861605e-08,7.576444567999208e-09,6.2621806740104085e-09,7.877586449822615e-09,5.743674336144977e-08,4.9854183004072183e-08,3.709429702208857e-05,7.993259531102033e-05
first_order_abs,112,3,9.327017850629176e-08,8.571599272853237e-08,7.554185777759389e-09,1.151465867099688e-08,1.2657010772798571e-08,9.327463601493946e-08,8.572295229214433e-08,4.779135967236615e-05,8.119329182825081e-05
first_order_signed,112,3,9.327017850629176e-08,8.571599272853237e-08,7.554185777759389e-09,1.151465867099688e-08,1.2657010772798571e-08,9.327463601493946e-08,8.572295229214433e-08,4.779135967236615e-05,8.119329182825081e-05
first_order_abs,25,43,2.0779953836908197e-08,1.3308153352114076e-08,7.47180048479412e-09,2.8509323901637626e-09,3.1135301226115074e-09,2.0781278919912438e-08,1.3306790336287122e-08,6.376736996825773e-05,0.00010241960630378627
first_order_signed,25,43,2.0779953836908197e-08,1.3308153352114076e-08,7.47180048479412e-09,2.8509323901637626e-09,3.1135301226115074e-09,2.0781278919912438e-08,1.3306790336287122e-08,6.376736996825773e-05,0.00010241960630378627
first_order_abs,42,53,5.275661659685142e-08,4.529262818169316e-08,7.46398841515826e-09,6.42900529479462e-09,9.662174127456068e-09,5.2756888635485666e-08,4.528903829736919e-08,5.156483713204325e-06,7.92597927762417e-05
first_order_signed,42,53,5.275661659685142e-08,4.529262818169316e-08,7.46398841515826e-09,6.42900529479462e-09,9.662174127456068e-09,5.2756888635485666e-08,4.528903829736919e-08,5.156483713204325e-06,7.92597927762417e-05
first_order_abs,111,17,8.728085554749227e-08,7.989469686865492e-08,7.386158678837352e-09,1.0025267971336405e-08,1.3927396036450544e-08,8.728105171940115e-08,7.987748062987521e-08,2.247593789604378e-06,0.00021548662745427764
first_order_signed,111,17,8.728085554749227e-08,7.989469686865492e-08,7.386158678837352e-09,1.0025267971336405e-08,1.3927396036450544e-08,8.728105171940115e-08,7.987748062987521e-08,2.247593789604378e-06,0.00021548662745427764
first_order_abs,42,44,5.275661659685142e-08,4.539078312846886e-08,7.365833468382562e-09,6.42900529479462e-09,6.845407862776653e-09,5.2756888635485666e-08,4.539142040016486e-08,5.156483713204325e-06,1.4039671758904097e-05
first_order_signed,42,44,5.275661659685142e-08,4.539078312846886e-08,7.365833468382562e-09,6.42900529479462e-09,6.845407862776653e-09,5.2756888635485666e-08,4.539142040016486e-08,5.156483713204325e-06,1.4039671758904097e-05
first_order_abs,47,71,3.086969252435416e-08,2.350901276742256e-08,7.360679756931597e-09,3.4032799356431553e-09,4.066717013140319e-09,3.086938349383672e-08,2.3504512114413956e-08,1.0010806463043385e-05,0.00019144372641802495
first_order_signed,47,71,3.086969252435416e-08,2.350901276742256e-08,7.360679756931597e-09,3.4032799356431553e-09,4.066717013140319e-09,3.086938349383672e-08,2.3504512114413956e-08,1.0010806463043385e-05,0.00019144372641802495
first_order_abs,123,90,2.4399631714054834e-08,1.7124532904896447e-08,7.275098809158387e-09,2.812325611278865e-09,2.815058686156391e-09,2.4399206211001e-08,1.7123541695696076e-08,1.7438912964749398e-05,5.788240799768162e-05
first_order_signed,123,90,2.4399631714054834e-08,1.7124532904896447e-08,7.275098809158387e-09,2.812325611278865e-09,2.815058686156391e-09,2.4399206211001e-08,1.7123541695696076e-08,1.7438912964749398e-05,5.788240799768162e-05
first_order_abs,116,127,7.10998220131772e-08,6.388480561595673e-08,7.215016397220462e-09,8.909839710469213e-09,9.048648652587587e-09,7.109583322062463e-08,6.38730170976487e-08,5.610130151704737e-05,0.00018452773228899269
first_order_signed,116,127,7.10998220131772e-08,6.388480561595673e-08,7.215016397220462e-09,8.909839710469213e-09,9.048648652587587e-09,7.109583322062463e-08,6.38730170976487e-08,5.610130151704737e-05,0.00018452773228899269
first_order_abs,112,107,9.327017850629176e-08,8.606169340408391e-08,7.208485102207846e-09,1.151465867099688e-08,1.663169879595472e-08,9.327463601493946e-08,8.602605561236487e-08,4.779135967236615e-05,0.0004140958690147303
first_order_signed,112,107,9.327017850629176e-08,8.606169340408391e-08,7.208485102207846e-09,1.151465867099688e-08,1.663169879595472e-08,9.327463601493946e-08,8.602605561236487e-08,4.779135967236615e-05,0.0004140958690147303
first_order_abs,119,26,5.29832233549539e-08,4.581858096179697e-08,7.16464239315693e-09,6.99365774181615e-09,8.090811853822544e-09,5.2978631259748e-08,4.5822922345450934e-08,8.667074056892138e-05,9.475159559354661e-05
first_order_signed,119,26,5.29832233549539e-08,4.581858096179697e-08,7.16464239315693e-09,6.99365774181615e-09,8.090811853822544e-09,5.2978631259748e-08,4.5822922345450934e-08,8.667074056892138e-05,9.475159559354661e-05
first_order_abs,70,39,5.140813809835442e-08,4.426343179463155e-08,7.144706303722868e-09,5.444629203044115e-09,5.8790327495117365e-09,5.140811509818377e-08,4.426136257507096e-08,4.4740330031152993e-07,4.674783397251698e-05
first_order_signed,70,39,5.140813809835442e-08,4.426343179463155e-08,7.144706303722868e-09,5.444629203044115e-09,5.8790327495117365e-09,5.140811509818377e-08,4.426136257507096e-08,4.4740330031152993e-07,4.674783397251698e-05
first_order_abs,4,93,8.944808191514077e-08,8.236008620938032e-08,7.08799570576045e-09,1.0925105109471644e-08,1.2308405716865422e-08,8.94635334702798e-08,8.235043935655995e-08,0.00017274328088650527,0.00011713019332996172
first_order_signed,4,93,8.944808191514077e-08,8.236008620938032e-08,7.08799570576045e-09,1.0925105109471644e-08,1.2308405716865422e-08,8.94635334702798e-08,8.235043935655995e-08,0.00017274328088650527,0.00011713019332996172
first_order_abs,30,23,6.839451191867113e-08,6.142159700314327e-08,6.972914915527854e-09,8.452934729952232e-09,1.0522774718246807e-08,6.839911748102168e-08,6.142444419765525e-08,6.733818578931836e-05,4.6354941110202366e-05
first_order_signed,30,23,6.839451191867113e-08,6.142159700314327e-08,6.972914915527854e-09,8.452934729952232e-09,1.0522774718246807e-08,6.839911748102168e-08,6.142444419765525e-08,6.733818578931836e-05,4.6354941110202366e-05
first_order_abs,112,110,9.327017850629176e-08,8.632561303170921e-08,6.944565474582552e-09,1.151465867099688e-08,1.8151225145146554e-08,9.327463601493946e-08,8.62886224695103e-08,4.779135967236615e-05,0.00042850042878143186
first_order_signed,112,110,9.327017850629176e-08,8.632561303170921e-08,6.944565474582552e-09,1.151465867099688e-08,1.8151225145146554e-08,9.327463601493946e-08,8.62886224695103e-08,4.779135967236615e-05,0.00042850042878143186
first_order_abs,42,26,5.275661659685142e-08,4.581858096179697e-08,6.938035635054449e-09,6.42900529479462e-09,8.090811853822544e-09,5.2756888635485666e-08,4.5822922345450934e-08,5.156483713204325e-06,9.475159559354661e-05
first_order_signed,42,26,5.275661659685142e-08,4.581858096179697e-08,6.938035635054449e-09,6.42900529479462e-09,8.090811853822544e-09,5.2756888635485666e-08,4.5822922345450934e-08,5.156483713204325e-06,9.475159559354661e-05
first_order_abs,20,41,3.2819597571491435e-08,2.5885927878612967e-08,6.933669692878468e-09,4.588047908260506e-09,4.976692991043308e-09,3.281592952930623e-08,2.5885404042469418e-08,0.00011176377703026983,2.0236328634061015e-05
first_order_signed,20,41,3.2819597571491435e-08,2.5885927878612967e-08,6.933669692878468e-09,4.588047908260506e-09,4.976692991043308e-09,3.281592952930623e-08,2.5885404042469418e-08,0.00011176377703026983,2.0236328634061015e-05
first_order_abs,19,64,1.854147713277629e-07,1.784940156586585e-07,6.92075566910441e-09,2.1798215454893466e-08,3.005048618831552e-08,1.8540910673436883e-07,1.7838425492300303e-07,3.0550928351109904e-05,0.0006149266979648695
first_order_signed,19,64,1.854147713277629e-07,1.784940156586585e-07,6.92075566910441e-09,2.1798215454893466e-08,3.005048618831552e-08,1.8540910673436883e-07,1.7838425492300303e-07,3.0550928351109904e-05,0.0006149266979648695
first_order_abs,12,53,5.220599517843521e-08,4.529262818169316e-08,6.9133669967420515e-09,7.934605439352538e-09,9.662174127456068e-09,5.220657683935315e-08,4.528903829736919e-08,1.1141649842065713e-05,7.92597927762417e-05
first_order_signed,12,53,5.220599517843521e-08,4.529262818169316e-08,6.9133669967420515e-09,7.934605439352538e-09,9.662174127456068e-09,5.220657683935315e-08,4.528903829736919e-08,1.1141649842065713e-05,7.92597927762417e-05
first_order_abs,45,53,5.214470753305639e-08,4.529262818169316e-08,6.852079351363232e-09,8.629702330509302e-09,9.662174127456068e-09,5.21381764428952e-08,4.528903829736919e-08,0.00012524933919806996,7.92597927762417e-05
first_order_signed,45,53,5.214470753305639e-08,4.529262818169316e-08,6.852079351363232e-09,8.629702330509302e-09,9.662174127456068e-09,5.21381764428952e-08,4.528903829736919e-08,0.00012524933919806996,7.92597927762417e-05
first_order_abs,122,53,5.205540461196481e-08,4.529262818169316e-08,6.762776430271648e-09,7.999724194185376e-09,9.662174127456068e-09,5.205438924349437e-08,4.528903829736919e-08,1.9505534113269672e-05,7.92597927762417e-05
first_order_signed,122,53,5.205540461196481e-08,4.529262818169316e-08,6.762776430271648e-09,7.999724194185376e-09,9.662174127456068e-09,5.205438924349437e-08,4.528903829736919e-08,1.9505534113269672e-05,7.92597927762417e-05
first_order_abs,101,83,7.64486784895922e-08,6.973023412726003e-08,6.718444362332164e-09,9.079268414868836e-09,1.1616830297711543e-08,7.645348887308501e-08,6.966891419324384e-08,6.29230431166083e-05,0.0008793880414095233
first_order_signed,101,83,7.64486784895922e-08,6.973023412726003e-08,6.718444362332164e-09,9.079268414868836e-09,1.1616830297711543e-08,7.645348887308501e-08,6.966891419324384e-08,6.29230431166083e-05,0.0008793880414095233
first_order_abs,109,95,4.9944298504261063e-08,4.3242039839971664e-08,6.7022586642893995e-09,5.029720950844307e-09,6.121095874611626e-09,4.994455338191983e-08,4.3240234504082764e-08,5.103238335535275e-06,4.1749554266658045e-05
first_order_signed,109,95,4.9944298504261063e-08,4.3242039839971664e-08,6.7022586642893995e-09,5.029720950844307e-09,6.121095874611626e-09,4.994455338191983e-08,4.3240234504082764e-08,5.103238335535275e-06,4.1749554266658045e-05
first_order_abs,52,69,4.7919858990302697e-08,4.126403798840492e-08,6.655821001897773e-09,5.440760098007757e-09,7.323551998172916e-09,4.791996133235443e-08,4.126890118527626e-08,2.135691838256902e-06,0.00011785557372515352
first_order_signed,52,69,4.7919858990302697e-08,4.126403798840492e-08,6.655821001897773e-09,5.440760098007757e-09,7.323551998172916e-09,4.791996133235443e-08,4.126890118527626e-08,2.135691838256902e-06,0.00011785557372515352
first_order_abs,0,20,3.946906734021471e-08,3.2819597571491435e-08,6.649469768723278e-09,4.329394376334505e-09,4.588047908260506e-09,3.946882998207002e-08,3.281592952930623e-08,6.013776374488217e-06,0.00011176377703026983
first_order_signed,0,20,3.946906734021471e-08,3.2819597571491435e-08,6.649469768723278e-09,4.329394376334505e-09,4.588047908260506e-09,3.946882998207002e-08,3.281592952930623e-08,6.013776374488217e-06,0.00011176377703026983
first_order_abs,66,20,3.9427801162292135e-08,3.2819597571491435e-08,6.6082035908007e-09,4.5747444055166396e-09,4.588047908260506e-09,3.9427376918865775e-08,3.281592952930623e-08,1.076000725004724e-05,0.00011176377703026983
first_order_signed,66,20,3.9427801162292135e-08,3.2819597571491435e-08,6.6082035908007e-09,4.5747444055166396e-09,4.588047908260506e-09,3.9427376918865775e-08,3.281592952930623e-08,1.076000725004724e-05,0.00011176377703026983
first_order_abs,105,77,5.362963345726791e-08,4.702571686254087e-08,6.603916594727035e-09,7.433987292415622e-09,8.094830517002548e-09,5.362650412621406e-08,4.7028592575770745e-08,5.8350782060491286e-05,6.115192753527157e-05
first_order_signed,105,77,5.362963345726791e-08,4.702571686254087e-08,6.603916594727035e-09,7.433987292415622e-09,8.094830517002548e-09,5.362650412621406e-08,4.7028592575770745e-08,5.8350782060491286e-05,6.115192753527157e-05
first_order_abs,89,50,7.762380133093168e-08,7.102180668059992e-08,6.6019946503317665e-09,7.940589452637424e-09,1.5356485061346346e-08,7.762312037584707e-08,7.090638831641627e-08,8.772503703012861e-06,0.0016251116323006036
first_order_signed,89,50,7.762380133093168e-08,7.102180668059992e-08,6.6019946503317665e-09,7.940589452637424e-09,1.5356485061346346e-08,7.762312037584707e-08,7.090638831641627e-08,8.772503703012861e-06,0.0016251116323006036
first_order_abs,4,31,8.944808191514077e-08,8.285786975798525e-08,6.590212157155525e-09,1.0925105109471644e-08,1.291547171433649e-08,8.94635334702798e-08,8.281495667006311e-08,0.00017274328088650527,0.0005179120347587894
first_order_signed,4,31,8.944808191514077e-08,8.285786975798525e-08,6.590212157155525e-09,1.0925105109471644e-08,1.291547171433649e-08,8.94635334702798e-08,8.281495667006311e-08,0.00017274328088650527,0.0005179120347587894
first_order_abs,37,50,7.758321146589115e-08,7.102180668059992e-08,6.5614047852912315e-09,1.0405443928718227e-08,1.5356485061346346e-08,7.758733744367419e-08,7.090638831641627e-08,5.31813224160334e-05,0.0016251116323006036
first_order_signed,37,50,7.758321146589115e-08,7.102180668059992e-08,6.5614047852912315e-09,1.0405443928718227e-08,1.5356485061346346e-08,7.758733744367419e-08,7.090638831641627e-08,5.31813224160334e-05,0.0016251116323006036
first_order_abs,52,96,4.7919858990302697e-08,4.138486400791027e-08,6.534994982392429e-09,5.440760098007757e-09,6.279506636897025e-09,4.791996133235443e-08,4.1399985661882965e-08,2.135691838256902e-06,0.0003653909306022377
first_order_signed,52,96,4.7919858990302697e-08,4.138486400791027e-08,6.534994982392429e-09,5.440760098007757e-09,6.279506636897025e-09,4.791996133235443e-08,4.1399985661882965e-08,2.135691838256902e-06,0.0003653909306022377
first_order_abs,89,116,7.762380133093168e-08,7.10998220131772e-08,6.523979317754487e-09,7.940589452637424e-09,8.909839710469213e-09,7.762312037584707e-08,7.109583322062463e-08,8.772503703012861e-06,5.610130151704737e-05
first_order_signed,89,116,7.762380133093168e-08,7.10998220131772e-08,6.523979317754487e-09,7.940589452637424e-09,8.909839710469213e-09,7.762312037584707e-08,7.109583322062463e-08,8.772503703012861e-06,5.610130151704737e-05
first_order_abs,46,32,4.5385162035830736e-08,3.889107321269704e-08,6.494088823133694e-09,5.620037069054006e-09,6.693580612004979e-09,4.5386340019604177e-08,3.889088873165747e-08,2.5955262041613758e-05,4.7435317241855306e-06
first_order_signed,46,32,4.5385162035830736e-08,3.889107321269704e-08,6.494088823133694e-09,5.620037069054006e-09,6.693580612004979e-09,4.5386340019604177e-08,3.889088873165747e-08,2.5955262041613758e-05,4.7435317241855306e-06
first_order_abs,18,97,5.55925818781157e-08,4.915254545596428e-08,6.4400364221514155e-09,6.206722658053109e-09,7.192669215783098e-09,5.5604544968446135e-08,4.9149235792356194e-08,0.00021519220597931667,6.733453125134107e-05
first_order_signed,18,97,5.55925818781157e-08,4.915254545596428e-08,6.4400364221514155e-09,6.206722658053109e-09,7.192669215783098e-09,5.5604544968446135e-08,4.9149235792356194e-08,0.00021519220597931667,6.733453125134107e-05
first_order_abs,19,124,1.854147713277629e-07,1.7898613071536187e-07,6.428640612401038e-09,2.1798215454893466e-08,2.432921681894129e-08,1.8540910673436883e-07,1.7898321402753936e-07,3.0550928351109904e-05,1.629560799403568e-05
first_order_signed,19,124,1.854147713277629e-07,1.7898613071536187e-07,6.428640612401038e-09,2.1798215454893466e-08,2.432921681894129e-08,1.8540910673436883e-07,1.7898321402753936e-07,3.0550928351109904e-05,1.629560799403568e-05
first_order_abs,4,14,8.944808191514077e-08,8.302144346340842e-08,6.426638451732351e-09,1.0925105109471644e-08,1.3122160646972247e-08,8.94635334702798e-08,8.30201329904412e-08,0.00017274328088650527,1.5784752860886056e-05
first_order_signed,4,14,8.944808191514077e-08,8.302144346340842e-08,6.426638451732351e-09,1.0925105109471644e-08,1.3122160646972247e-08,8.94635334702798e-08,8.30201329904412e-08,0.00017274328088650527,1.5784752860886056e-05
first_order_abs,113,72,2.6938039710700217e-08,2.0514112874105924e-08,6.423926836594293e-09,2.9982507476766783e-09,3.2208488487395212e-09,2.6941652464529398e-08,2.0516852217156156e-08,0.0001341134643789807,0.00013353456067263257
first_order_signed,113,72,2.6938039710700217e-08,2.0514112874105924e-08,6.423926836594293e-09,2.9982507476766783e-09,3.2208488487395212e-09,2.6941652464529398e-08,2.0516852217156156e-08,0.0001341134643789807,0.00013353456067263257
first_order_abs,70,49,5.140813809835442e-08,4.501271243377797e-08,6.3954256645764506e-09,5.444629203044115e-09,7.0122936568495215e-09,5.140811509818377e-08,4.5020705385923065e-08,4.4740330031152993e-07,0.00017757099523509488
first_order_signed,70,49,5.140813809835442e-08,4.501271243377797e-08,6.3954256645764506e-09,5.444629203044115e-09,7.0122936568495215e-09,5.140811509818377e-08,4.5020705385923065e-08,4.4740330031152993e-07,0.00017757099523509488
first_order_abs,12,26,5.220599517843521e-08,4.581858096179697e-08,6.387414216638241e-09,7.934605439352538e-09,8.090811853822544e-09,5.220657683935315e-08,4.5822922345450934e-08,1.1141649842065713e-05,9.475159559354661e-05
first_order_signed,12,26,5.220599517843521e-08,4.581858096179697e-08,6.387414216638241e-09,7.934605439352538e-09,8.090811853822544e-09,5.220657683935315e-08,4.5822922345450934e-08,1.1141649842065713e-05,9.475159559354661e-05
first_order_abs,70,59,5.140813809835442e-08,4.5095536694725035e-08,6.312601403629384e-09,5.444629203044115e-09,7.014085823264792e-09,5.140811509818377e-08,4.509104201133596e-08,4.4740330031152993e-07,9.967024939748893e-05
first_order_signed,70,59,5.140813809835442e-08,4.5095536694725035e-08,6.312601403629384e-09,5.444629203044115e-09,7.014085823264792e-09,5.140811509818377e-08,4.509104201133596e-08,4.4740330031152993e-07,9.967024939748893e-05
first_order_abs,122,26,5.205540461196481e-08,4.581858096179697e-08,6.236823650167837e-09,7.999724194185376e-09,8.090811853822544e-09,5.205438924349437e-08,4.5822922345450934e-08,1.9505534113269672e-05,9.475159559354661e-05
first_order_signed,122,26,5.205540461196481e-08,4.581858096179697e-08,6.236823650167837e-09,7.999724194185376e-09,8.090811853822544e-09,5.205438924349437e-08,4.5822922345450934e-08,1.9505534113269672e-05,9.475159559354661e-05
first_order_abs,67,17,8.611253858189556e-08,7.989469686865492e-08,6.217841713240641e-09,1.1134036781434986e-08,1.3927396036450544e-08,8.611957724724562e-08,7.987748062987521e-08,8.173798457194542e-05,0.00021548662745427764
first_order_signed,67,17,8.611253858189556e-08,7.989469686865492e-08,6.217841713240641e-09,1.1134036781434986e-08,1.3927396036450544e-08,8.611957724724562e-08,7.987748062987521e-08,8.173798457194542e-05,0.00021548662745427764
first_order_abs,85,8,8.524151710702273e-08,7.907671690233087e-08,6.164800204691856e-09,9.493916364178289e-09,1.0133829464464839e-08,8.523826977580029e-08,7.908275279078225e-08,3.809565259570081e-05,7.63295276766804e-05
first_order_signed,85,8,8.524151710702273e-08,7.907671690233087e-08,6.164800204691856e-09,9.493916364178289e-09,1.0133829464464839e-08,8.523826977580029e-08,7.908275279078225e-08,3.809565259570081e-05,7.63295276766804e-05
first_order_abs,79,68,1.2302294417981364e-07,1.168976121516777e-07,6.125332028135943e-09,1.5317005086501465e-08,1.6112810086177376e-08,1.2302251661822083e-07,1.1685467171673736e-07,3.475462204720315e-06,0.0003673337217926029
first_order_signed,79,68,1.2302294417981364e-07,1.168976121516777e-07,6.125332028135943e-09,1.5317005086501465e-08,1.6112810086177376e-08,1.2302251661822083e-07,1.1685467171673736e-07,3.475462204720315e-06,0.0003673337217926029
first_order_abs,119,78,5.29832233549539e-08,4.686430950857032e-08,6.118913846383583e-09,6.99365774181615e-09,7.21137685122386e-09,5.2978631259748e-08,4.686585342028593e-08,8.667074056892138e-05,3.294429666842613e-05
first_order_signed,119,78,5.29832233549539e-08,4.686430950857032e-08,6.118913846383583e-09,6.99365774181615e-09,7.21137685122386e-09,5.2978631259748e-08,4.686585342028593e-08,8.667074056892138e-05,3.294429666842613e-05
first_order_abs,70,53,5.140813809835442e-08,4.529262818169316e-08,6.115509916661258e-09,5.444629203044115e-09,9.662174127456068e-09,5.140811509818377e-08,4.528903829736919e-08,4.4740330031152993e-07,7.92597927762417e-05
first_order_signed,70,53,5.140813809835442e-08,4.529262818169316e-08,6.115509916661258e-09,5.444629203044115e-09,9.662174127456068e-09,5.140811509818377e-08,4.528903829736919e-08,4.4740330031152993e-07,7.92597927762417e-05
first_order_abs,56,61,6.610402179973573e-08,6.004634727754968e-08,6.057674522186054e-09,8.800131112707276e-09,1.2295768159198417e-08,6.611438152503979e-08,6.004147223848122e-08,0.0001567185327307947,8.11879371433461e-05
first_order_signed,56,61,6.610402179973573e-08,6.004634727754968e-08,6.057674522186054e-09,8.800131112707276e-09,1.2295768159198417e-08,6.611438152503979e-08,6.004147223848122e-08,0.0001567185327307947,8.11879371433461e-05
first_order_abs,70,46,5.140813809835442e-08,4.5385162035830736e-08,6.0229760625236834e-09,5.444629203044115e-09,5.620037069054006e-09,5.140811509818377e-08,4.5386340019604177e-08,4.4740330031152993e-07,2.5955262041613758e-05
first_order_signed,70,46,5.140813809835442e-08,4.5385162035830736e-08,6.0229760625236834e-09,5.444629203044115e-09,5.620037069054006e-09,5.140811509818377e-08,4.5386340019604177e-08,4.4740330031152993e-07,2.5955262041613758e-05
first_order_abs,70,44,5.140813809835442e-08,4.539078312846886e-08,6.017354969885561e-09,5.444629203044115e-09,6.845407862776653e-09,5.140811509818377e-08,4.539142040016486e-08,4.4740330031152993e-07,1.4039671758904097e-05
first_order_signed,70,44,5.140813809835442e-08,4.539078312846886e-08,6.017354969885561e-09,5.444629203044115e-09,6.845407862776653e-09,5.140811509818377e-08,4.539142040016486e-08,4.4740330031152993e-07,1.4039671758904097e-05
first_order_abs,119,77,5.29832233549539e-08,4.702571686254087e-08,5.957506492413029e-09,6.99365774181615e-09,8.094830517002548e-09,5.2978631259748e-08,4.7028592575770745e-08,8.667074056892138e-05,6.115192753527157e-05
first_order_signed,119,77,5.29832233549539e-08,4.702571686254087e-08,5.957506492413029e-09,6.99365774181615e-09,8.094830517002548e-09,5.2978631259748e-08,4.7028592575770745e-08,8.667074056892138e-05,6.115192753527157e-05
first_order_abs,47,38,3.086969252435416e-08,2.4921564492323775e-08,5.948128032030381e-09,3.4032799356431553e-09,3.742356829983251e-09,3.086938349383672e-08,2.4920964847297e-08,1.0010806463043385e-05,2.4061291455432612e-05
first_order_signed,47,38,3.086969252435416e-08,2.4921564492323775e-08,5.948128032030381e-09,3.4032799356431553e-09,3.742356829983251e-09,3.086938349383672e-08,2.4920964847297e-08,1.0010806463043385e-05,2.4061291455432612e-05
first_order_abs,91,87,1.0686680253673104e-07,1.0094680253510039e-07,5.920000001630647e-09,1.6102579802890203e-08,1.7210672753620313e-08,1.0685110396480013e-07,1.0093371827224473e-07,0.0001468984900667551,0.0001296154264134363
first_order_signed,91,87,1.0686680253673104e-07,1.0094680253510039e-07,5.920000001630647e-09,1.6102579802890203e-08,1.7210672753620313e-08,1.0685110396480013e-07,1.0093371827224473e-07,0.0001468984900667551,0.0001296154264134363
first_order_abs,74,95,4.9159058114979576e-08,4.3242039839971664e-08,5.9170182750079126e-09,5.260755375768866e-09,6.121095874611626e-09,4.9158860093712065e-08,4.3240234504082764e-08,4.0281745644674956e-06,4.1749554266658045e-05
first_order_signed,74,95,4.9159058114979576e-08,4.3242039839971664e-08,5.9170182750079126e-09,5.260755375768866e-09,6.121095874611626e-09,4.9158860093712065e-08,4.3240234504082764e-08,4.0281745644674956e-06,4.1749554266658045e-05
first_order_abs,42,78,5.275661659685142e-08,4.686430950857032e-08,5.892307088281102e-09,6.42900529479462e-09,7.21137685122386e-09,5.2756888635485666e-08,4.686585342028593e-08,5.156483713204325e-06,3.294429666842613e-05
first_order_signed,42,78,5.275661659685142e-08,4.686430950857032e-08,5.892307088281102e-09,6.42900529479462e-09,7.21137685122386e-09,5.2756888635485666e-08,4.686585342028593e-08,5.156483713204325e-06,3.294429666842613e-05
first_order_abs,58,103,3.640890247775986e-08,3.054582773673119e-08,5.8630747410286745e-09,5.138042391550357e-09,5.6440286000380974e-09,3.6410312986845383e-08,3.0536554618265654e-08,3.874077463288361e-05,0.0003035805264619527
first_order_signed,58,103,3.640890247775986e-08,3.054582773673119e-08,5.8630747410286745e-09,5.138042391550357e-09,5.6440286000380974e-09,3.6410312986845383e-08,3.0536554618265654e-08,3.874077463288361e-05,0.0003035805264619527
first_order_abs,3,17,8.571599272853237e-08,7.989469686865492e-08,5.821295859877455e-09,1.2657010772798571e-08,1.3927396036450544e-08,8.572295229214433e-08,7.987748062987521e-08,8.119329182825081e-05,0.00021548662745427764
first_order_signed,3,17,8.571599272853237e-08,7.989469686865492e-08,5.821295859877455e-09,1.2657010772798571e-08,1.3927396036450544e-08,8.572295229214433e-08,7.987748062987521e-08,8.119329182825081e-05,0.00021548662745427764
first_order_abs,108,101,8.226436222415004e-08,7.64486784895922e-08,5.815683734557843e-09,9.022701896732599e-09,9.079268414868836e-09,8.233610060415231e-08,7.645348887308501e-08,0.0008720468750100524,6.29230431166083e-05
first_order_signed,108,101,8.226436222415004e-08,7.64486784895922e-08,5.815683734557843e-09,9.022701896732599e-09,9.079268414868836e-09,8.233610060415231e-08,7.645348887308501e-08,0.0008720468750100524,6.29230431166083e-05
first_order_abs,92,58,4.2152293846120464e-08,3.640890247775986e-08,5.7433913683606025e-09,4.440829748375563e-09,5.138042391550357e-09,4.215273108343354e-08,3.6410312986845383e-08,1.0372799987313574e-05,3.874077463288361e-05
first_order_signed,92,58,4.2152293846120464e-08,3.640890247775986e-08,5.7433913683606025e-09,4.440829748375563e-09,5.138042391550357e-09,4.215273108343354e-08,3.6410312986845383e-08,1.0372799987313574e-05,3.874077463288361e-05
first_order_abs,18,80,5.55925818781157e-08,4.9858168296861605e-08,5.734413581254092e-09,6.206722658053109e-09,7.877586449822615e-09,5.5604544968446135e-08,4.9854183004072183e-08,0.00021519220597931667,7.993259531102033e-05
first_order_signed,18,80,5.55925818781157e-08,4.9858168296861605e-08,5.734413581254092e-09,6.206722658053109e-09,7.877586449822615e-09,5.5604544968446135e-08,4.9854183004072183e-08,0.00021519220597931667,7.993259531102033e-05
first_order_abs,42,77,5.275661659685142e-08,4.702571686254087e-08,5.730899734310548e-09,6.42900529479462e-09,8.094830517002548e-09,5.2756888635485666e-08,4.7028592575770745e-08,5.156483713204325e-06,6.115192753527157e-05
first_order_signed,42,77,5.275661659685142e-08,4.702571686254087e-08,5.730899734310548e-09,6.42900529479462e-09,8.094830517002548e-09,5.2756888635485666e-08,4.7028592575770745e-08,5.156483713204325e-06,6.115192753527157e-05
first_order_abs,47,118,3.086969252435416e-08,2.5182389914537025e-08,5.687302609817132e-09,3.4032799356431553e-09,3.777695900541999e-09,3.086938349383672e-08,2.5182952612112786e-08,1.0010806463043385e-05,2.2344883772772715e-05
first_order_signed,47,118,3.086969252435416e-08,2.5182389914537025e-08,5.687302609817132e-09,3.4032799356431553e-09,3.777695900541999e-09,3.086938349383672e-08,2.5182952612112786e-08,1.0010806463043385e-05,2.2344883772772715e-05
first_order_abs,109,39,4.9944298504261063e-08,4.426343179463155e-08,5.6808667096295125e-09,5.029720950844307e-09,5.8790327495117365e-09,4.994455338191983e-08,4.426136257507096e-08,5.103238335535275e-06,4.674783397251698e-05
first_order_signed,109,39,4.9944298504261063e-08,4.426343179463155e-08,5.6808667096295125e-09,5.029720950844307e-09,5.8790327495117365e-09,4.994455338191983e-08,4.426136257507096e-08,5.103238335535275e-06,4.674783397251698e-05
first_order_abs,117,103,3.619141416768773e-08,3.054582773673119e-08,5.645586430956543e-09,4.061369518471025e-09,5.6440286000380974e-09,3.6191455166090236e-08,3.0536554618265654e-08,1.1328212353256537e-06,0.0003035805264619527
first_order_signed,117,103,3.619141416768773e-08,3.054582773673119e-08,5.645586430956543e-09,4.061369518471025e-09,5.6440286000380974e-09,3.6191455166090236e-08,3.0536554618265654e-08,1.1328212353256537e-06,0.0003035805264619527
first_order_abs,78,69,4.686430950857032e-08,4.126403798840492e-08,5.6002715201653955e-09,7.21137685122386e-09,7.323551998172916e-09,4.686585342028593e-08,4.126890118527626e-08,3.294429666842613e-05,0.00011785557372515352
first_order_signed,78,69,4.686430950857032e-08,4.126403798840492e-08,5.6002715201653955e-09,7.21137685122386e-09,7.323551998172916e-09,4.686585342028593e-08,4.126890118527626e-08,3.294429666842613e-05,0.00011785557372515352
first_order_abs,70,26,5.140813809835442e-08,4.581858096179697e-08,5.5895571365574475e-09,5.444629203044115e-09,8.090811853822544e-09,5.140811509818377e-08,4.5822922345450934e-08,4.4740330031152993e-07,9.475159559354661e-05
first_order_signed,70,26,5.140813809835442e-08,4.581858096179697e-08,5.5895571365574475e-09,5.444629203044115e-09,8.090811853822544e-09,5.140811509818377e-08,4.5822922345450934e-08,4.4740330031152993e-07,9.475159559354661e-05
first_order_abs,86,27,6.134473596044345e-08,5.586618760855002e-08,5.478548351893426e-09,7.929969769726597e-09,9.388301736024117e-09,6.133922170192818e-08,5.584386641999117e-08,8.988967723037618e-05,0.00039954737407987216
first_order_signed,86,27,6.134473596044345e-08,5.586618760855002e-08,5.478548351893426e-09,7.929969769726597e-09,9.388301736024117e-09,6.133922170192818e-08,5.584386641999117e-08,8.988967723037618e-05,0.00039954737407987216
first_order_abs,101,50,7.64486784895922e-08,7.102180668059992e-08,5.426871808992282e-09,9.079268414868836e-09,1.5356485061346346e-08,7.645348887308501e-08,7.090638831641627e-08,6.29230431166083e-05,0.0016251116323006036
first_order_signed,101,50,7.64486784895922e-08,7.102180668059992e-08,5.426871808992282e-09,9.079268414868836e-09,1.5356485061346346e-08,7.645348887308501e-08,7.090638831641627e-08,6.29230431166083e-05,0.0016251116323006036
first_order_abs,51,122,5.7434612864860814e-08,5.205540461196481e-08,5.379208252896005e-09,6.2621806740104085e-09,7.999724194185376e-09,5.743674336144977e-08,5.205438924349437e-08,3.709429702208857e-05,1.9505534113269672e-05
first_order_signed,51,122,5.7434612864860814e-08,5.205540461196481e-08,5.379208252896005e-09,6.2621806740104085e-09,7.999724194185376e-09,5.743674336144977e-08,5.205438924349437e-08,3.709429702208857e-05,1.9505534113269672e-05
first_order_abs,39,32,4.426343179463155e-08,3.889107321269704e-08,5.37235858193451e-09,5.8790327495117365e-09,6.693580612004979e-09,4.426136257507096e-08,3.889088873165747e-08,4.674783397251698e-05,4.7435317241855306e-06
first_order_signed,39,32,4.426343179463155e-08,3.889107321269704e-08,5.37235858193451e-09,5.8790327495117365e-09,6.693580612004979e-09,4.426136257507096e-08,3.889088873165747e-08,4.674783397251698e-05,4.7435317241855306e-06
first_order_abs,88,71,2.8869947463650012e-08,2.350901276742256e-08,5.3609346962274524e-09,3.4379818547591865e-09,4.066717013140319e-09,2.8868480939081564e-08,2.3504512114413956e-08,5.079761819083675e-05,0.00019144372641802495
first_order_signed,88,71,2.8869947463650012e-08,2.350901276742256e-08,5.3609346962274524e-09,3.4379818547591865e-09,4.066717013140319e-09,2.8868480939081564e-08,2.3504512114413956e-08,5.079761819083675e-05,0.00019144372641802495
first_order_abs,85,17,8.524151710702273e-08,7.989469686865492e-08,5.346820238367814e-09,9.493916364178289e-09,1.3927396036450544e-08,8.523826977580029e-08,7.987748062987521e-08,3.809565259570081e-05,0.00021548662745427764
first_order_signed,85,17,8.524151710702273e-08,7.989469686865492e-08,5.346820238367814e-09,9.493916364178289e-09,1.3927396036450544e-08,8.523826977580029e-08,7.987748062987521e-08,3.809565259570081e-05,0.00021548662745427764
first_order_abs,51,45,5.7434612864860814e-08,5.214470753305639e-08,5.2899053318044205e-09,6.2621806740104085e-09,8.629702330509302e-09,5.743674336144977e-08,5.21381764428952e-08,3.709429702208857e-05,0.00012524933919806996
first_order_signed,51,45,5.7434612864860814e-08,5.214470753305639e-08,5.2899053318044205e-09,6.2621806740104085e-09,8.629702330509302e-09,5.743674336144977e-08,5.21381764428952e-08,3.709429702208857e-05,0.00012524933919806996
first_order_abs,51,12,5.7434612864860814e-08,5.220599517843521e-08,5.228617686425601e-09,6.2621806740104085e-09,7.934605439352538e-09,5.743674336144977e-08,5.220657683935315e-08,3.709429702208857e-05,1.1141649842065713e-05
first_order_signed,51,12,5.7434612864860814e-08,5.220599517843521e-08,5.228617686425601e-09,6.2621806740104085e-09,7.934605439352538e-09,5.743674336144977e-08,5.220657683935315e-08,3.709429702208857e-05,1.1141649842065713e-05
first_order_abs,12,77,5.220599517843521e-08,4.702571686254087e-08,5.18027831589434e-09,7.934605439352538e-09,8.094830517002548e-09,5.220657683935315e-08,4.7028592575770745e-08,1.1141649842065713e-05,6.115192753527157e-05
first_order_signed,12,77,5.220599517843521e-08,4.702571686254087e-08,5.18027831589434e-09,7.934605439352538e-09,8.094830517002548e-09,5.220657683935315e-08,4.7028592575770745e-08,1.1141649842065713e-05,6.115192753527157e-05
first_order_abs,99,45,5.722321193806525e-08,5.214470753305639e-08,5.078504405008859e-09,8.1265473905745e-09,8.629702330509302e-09,5.722526807971917e-08,5.21381764428952e-08,3.5931951113555046e-05,0.00012524933919806996
first_order_signed,99,45,5.722321193806525e-08,5.214470753305639e-08,5.078504405008859e-09,8.1265473905745e-09,8.629702330509302e-09,5.722526807971917e-08,5.21381764428952e-08,3.5931951113555046e-05,0.00012524933919806996
first_order_abs,122,77,5.205540461196481e-08,4.702571686254087e-08,5.0296877494239365e-09,7.999724194185376e-09,8.094830517002548e-09,5.205438924349437e-08,4.7028592575770745e-08,1.9505534113269672e-05,6.115192753527157e-05
first_order_signed,122,77,5.205540461196481e-08,4.702571686254087e-08,5.0296877494239365e-09,7.999724194185376e-09,8.094830517002548e-09,5.205438924349437e-08,4.7028592575770745e-08,1.9505534113269672e-05,6.115192753527157e-05
first_order_abs,33,81,1.2760294037135902e-07,1.2259017961143253e-07,5.012760759926484e-09,1.9076595592082412e-08,2.0547738088794175e-08,1.2759559808728227e-07,1.2256998616066994e-07,5.754008532547613e-05,0.00016472323335033512
first_order_signed,33,81,1.2760294037135902e-07,1.2259017961143253e-07,5.012760759926484e-09,1.9076595592082412e-08,2.0547738088794175e-08,1.2759559808728227e-07,1.2256998616066994e-07,5.754008532547613e-05,0.00016472323335033512
first_order_abs,47,41,3.086969252435416e-08,2.5885927878612967e-08,4.98376464574119e-09,3.4032799356431553e-09,4.976692991043308e-09,3.086938349383672e-08,2.5885404042469418e-08,1.0010806463043385e-05,2.0236328634061015e-05
first_order_signed,47,41,3.086969252435416e-08,2.5885927878612967e-08,4.98376464574119e-09,3.4032799356431553e-09,4.976692991043308e-09,3.086938349383672e-08,2.5885404042469418e-08,1.0010806463043385e-05,2.0236328634061015e-05
first_order_abs,112,62,9.327017850629176e-08,8.831674016387329e-08,4.953438342418474e-09,1.151465867099688e-08,1.3893052930313843e-08,9.327463601493946e-08,8.832030573557859e-08,4.779135967236615e-05,4.037254657139266e-05
first_order_signed,112,62,9.327017850629176e-08,8.831674016387329e-08,4.953438342418474e-09,1.151465867099688e-08,1.3893052930313843e-08,9.327463601493946e-08,8.832030573557859e-08,4.779135967236615e-05,4.037254657139266e-05
first_order_abs,109,49,4.9944298504261063e-08,4.501271243377797e-08,4.931586070483095e-09,5.029720950844307e-09,7.0122936568495215e-09,4.994455338191983e-08,4.5020705385923065e-08,5.103238335535275e-06,0.00017757099523509488
first_order_signed,109,49,4.9944298504261063e-08,4.501271243377797e-08,4.931586070483095e-09,5.029720950844307e-09,7.0122936568495215e-09,4.994455338191983e-08,4.5020705385923065e-08,5.103238335535275e-06,0.00017757099523509488
first_order_abs,111,93,8.728085554749227e-08,8.236008620938032e-08,4.9207693381119455e-09,1.0025267971336405e-08,1.2308405716865422e-08,8.728105171940115e-08,8.235043935655995e-08,2.247593789604378e-06,0.00011713019332996172
first_order_signed,111,93,8.728085554749227e-08,8.236008620938032e-08,4.9207693381119455e-09,1.0025267971336405e-08,1.2308405716865422e-08,8.728105171940115e-08,8.235043935655995e-08,2.247593789604378e-06,0.00011713019332996172
first_order_abs,74,39,4.9159058114979576e-08,4.426343179463155e-08,4.895626320348026e-09,5.260755375768866e-09,5.8790327495117365e-09,4.9158860093712065e-08,4.426136257507096e-08,4.0281745644674956e-06,4.674783397251698e-05
first_order_signed,74,39,4.9159058114979576e-08,4.426343179463155e-08,4.895626320348026e-09,5.260755375768866e-09,5.8790327495117365e-09,4.9158860093712065e-08,4.426136257507096e-08,4.0281745644674956e-06,4.674783397251698e-05
first_order_abs,47,54,3.086969252435416e-08,2.5997329282124308e-08,4.872363242229849e-09,3.4032799356431553e-09,3.969049111596234e-09,3.086938349383672e-08,2.6000208208643016e-08,1.0010806463043385e-05,0.00011073931816096476
first_order_signed,47,54,3.086969252435416e-08,2.5997329282124308e-08,4.872363242229849e-09,3.4032799356431553e-09,3.969049111596234e-09,3.086938349383672e-08,2.6000208208643016e-08,1.0010806463043385e-05,0.00011073931816096476
first_order_abs,109,59,4.9944298504261063e-08,4.5095536694725035e-08,4.848761809536029e-09,5.029720950844307e-09,7.014085823264792e-09,4.994455338191983e-08,4.509104201133596e-08,5.103238335535275e-06,9.967024939748893e-05
first_order_signed,109,59,4.9944298504261063e-08,4.5095536694725035e-08,4.848761809536029e-09,5.029720950844307e-09,7.014085823264792e-09,4.994455338191983e-08,4.509104201133596e-08,5.103238335535275e-06,9.967024939748893e-05
first_order_abs,113,6,2.6938039710700217e-08,2.2108863036453564e-08,4.829176674246653e-09,2.9982507476766783e-09,3.2806666216966817e-09,2.6941652464529398e-08,2.2108423536337796e-08,0.0001341134643789807,1.9878910780880587e-05
first_order_signed,113,6,2.6938039710700217e-08,2.2108863036453564e-08,4.829176674246653e-09,2.9982507476766783e-09,3.2806666216966817e-09,2.6941652464529398e-08,2.2108423536337796e-08,0.0001341134643789807,1.9878910780880587e-05
first_order_abs,56,23,6.610402179973573e-08,6.142159700314327e-08,4.6824247965924575e-09,8.800131112707276e-09,1.0522774718246807e-08,6.611438152503979e-08,6.142444419765525e-08,0.0001567185327307947,4.6354941110202366e-05
first_order_signed,56,23,6.610402179973573e-08,6.142159700314327e-08,4.6824247965924575e-09,8.800131112707276e-09,1.0522774718246807e-08,6.611438152503979e-08,6.142444419765525e-08,0.0001567185327307947,4.6354941110202366e-05
first_order_abs,108,37,8.226436222415004e-08,7.758321146589115e-08,4.681150758258894e-09,9.022701896732599e-09,1.0405443928718227e-08,8.233610060415231e-08,7.758733744367419e-08,0.0008720468750100524,5.31813224160334e-05
first_order_signed,108,37,8.226436222415004e-08,7.758321146589115e-08,4.681150758258894e-09,9.022701896732599e-09,1.0405443928718227e-08,8.233610060415231e-08,7.758733744367419e-08,0.0008720468750100524,5.31813224160334e-05
first_order_abs,51,42,5.7434612864860814e-08,5.275661659685142e-08,4.677996268009393e-09,6.2621806740104085e-09,6.42900529479462e-09,5.743674336144977e-08,5.2756888635485666e-08,3.709429702208857e-05,5.156483713204325e-06
first_order_signed,51,42,5.7434612864860814e-08,5.275661659685142e-08,4.677996268009393e-09,6.2621806740104085e-09,6.42900529479462e-09,5.743674336144977e-08,5.2756888635485666e-08,3.709429702208857e-05,5.156483713204325e-06
first_order_abs,52,95,4.7919858990302697e-08,4.3242039839971664e-08,4.677819150331033e-09,5.440760098007757e-09,6.121095874611626e-09,4.791996133235443e-08,4.3240234504082764e-08,2.135691838256902e-06,4.1749554266658045e-05
first_order_signed,52,95,4.7919858990302697e-08,4.3242039839971664e-08,4.677819150331033e-09,5.440760098007757e-09,6.121095874611626e-09,4.791996133235443e-08,4.3240234504082764e-08,2.135691838256902e-06,4.1749554266658045e-05
first_order_abs,40,37,8.224532038438185e-08,7.758321146589115e-08,4.6621089184906984e-09,1.0020814977806936e-08,1.0405443928718227e-08,8.227036119023978e-08,7.758733744367419e-08,0.0003044648101667692,5.31813224160334e-05
first_order_signed,40,37,8.224532038438185e-08,7.758321146589115e-08,4.6621089184906984e-09,1.0020814977806936e-08,1.0405443928718227e-08,8.227036119023978e-08,7.758733744367419e-08,0.0003044648101667692,5.31813224160334e-05
first_order_abs,109,53,4.9944298504261063e-08,4.529262818169316e-08,4.6516703225679025e-09,5.029720950844307e-09,9.662174127456068e-09,4.994455338191983e-08,4.528903829736919e-08,5.103238335535275e-06,7.92597927762417e-05
first_order_signed,109,53,4.9944298504261063e-08,4.529262818169316e-08,4.6516703225679025e-09,5.029720950844307e-09,9.662174127456068e-09,4.994455338191983e-08,4.528903829736919e-08,5.103238335535275e-06,7.92597927762417e-05
first_order_abs,47,24,3.086969252435416e-08,2.6220676327255106e-08,4.6490161970990505e-09,3.4032799356431553e-09,3.6742379472265437e-09,3.086938349383672e-08,2.622040717881191e-08,1.0010806463043385e-05,1.026474068922597e-05
first_order_signed,47,24,3.086969252435416e-08,2.6220676327255106e-08,4.6490161970990505e-09,3.4032799356431553e-09,3.6742379472265437e-09,3.086938349383672e-08,2.622040717881191e-08,1.0010806463043385e-05,1.026474068922597e-05
first_order_abs,80,53,4.9858168296861605e-08,4.529262818169316e-08,4.565540115168444e-09,7.877586449822615e-09,9.662174127456068e-09,4.9854183004072183e-08,4.528903829736919e-08,7.993259531102033e-05,7.92597927762417e-05
first_order_signed,80,53,4.9858168296861605e-08,4.529262818169316e-08,4.565540115168444e-09,7.877586449822615e-09,9.662174127456068e-09,4.9854183004072183e-08,4.528903829736919e-08,7.993259531102033e-05,7.92597927762417e-05
first_order_abs,109,46,4.9944298504261063e-08,4.5385162035830736e-08,4.559136468430328e-09,5.029720950844307e-09,5.620037069054006e-09,4.994455338191983e-08,4.5386340019604177e-08,5.103238335535275e-06,2.5955262041613758e-05
first_order_signed,109,46,4.9944298504261063e-08,4.5385162035830736e-08,4.559136468430328e-09,5.029720950844307e-09,5.620037069054006e-09,4.994455338191983e-08,4.5386340019604177e-08,5.103238335535275e-06,2.5955262041613758e-05
first_order_abs,109,44,4.9944298504261063e-08,4.539078312846886e-08,4.553515375792205e-09,5.029720950844307e-09,6.845407862776653e-09,4.994455338191983e-08,4.539142040016486e-08,5.103238335535275e-06,1.4039671758904097e-05
first_order_signed,109,44,4.9944298504261063e-08,4.539078312846886e-08,4.553515375792205e-09,5.029720950844307e-09,6.845407862776653e-09,4.994455338191983e-08,4.539142040016486e-08,5.103238335535275e-06,1.4039671758904097e-05
first_order_abs,70,78,5.140813809835442e-08,4.686430950857032e-08,4.5438285897841e-09,5.444629203044115e-09,7.21137685122386e-09,5.140811509818377e-08,4.686585342028593e-08,4.4740330031152993e-07,3.294429666842613e-05
first_order_signed,70,78,5.140813809835442e-08,4.686430950857032e-08,4.5438285897841e-09,5.444629203044115e-09,7.21137685122386e-09,5.140811509818377e-08,4.686585342028593e-08,4.4740330031152993e-07,3.294429666842613e-05
first_order_abs,30,127,6.839451191867113e-08,6.388480561595673e-08,4.5097063027143926e-09,8.452934729952232e-09,9.048648652587587e-09,6.839911748102168e-08,6.38730170976487e-08,6.733818578931836e-05,0.00018452773228899269
first_order_signed,30,127,6.839451191867113e-08,6.388480561595673e-08,4.5097063027143926e-09,8.452934729952232e-09,9.048648652587587e-09,6.839911748102168e-08,6.38730170976487e-08,6.733818578931836e-05,0.00018452773228899269
first_order_abs,48,43,1.7797884492162883e-08,1.3308153352114076e-08,4.4897311400488075e-09,2.291587886116275e-09,3.1135301226115074e-09,1.7798102547317285e-08,1.3306790336287122e-08,1.2251745677835771e-05,0.00010241960630378627
first_order_signed,48,43,1.7797884492162883e-08,1.3308153352114076e-08,4.4897311400488075e-09,2.291587886116275e-09,3.1135301226115074e-09,1.7798102547317285e-08,1.3306790336287122e-08,1.2251745677835771e-05,0.00010241960630378627
first_order_abs,51,119,5.7434612864860814e-08,5.29832233549539e-08,4.451389509906912e-09,6.2621806740104085e-09,6.99365774181615e-09,5.743674336144977e-08,5.2978631259748e-08,3.709429702208857e-05,8.667074056892138e-05
first_order_signed,51,119,5.7434612864860814e-08,5.29832233549539e-08,4.451389509906912e-09,6.2621806740104085e-09,6.99365774181615e-09,5.743674336144977e-08,5.2978631259748e-08,3.709429702208857e-05,8.667074056892138e-05
first_order_abs,111,31,8.728085554749227e-08,8.285786975798525e-08,4.42298578950702e-09,1.0025267971336405e-08,1.291547171433649e-08,8.728105171940115e-08,8.281495667006311e-08,2.247593789604378e-06,0.0005179120347587894
first_order_signed,111,31,8.728085554749227e-08,8.285786975798525e-08,4.42298578950702e-09,1.0025267971336405e-08,1.291547171433649e-08,8.728105171940115e-08,8.281495667006311e-08,2.247593789604378e-06,0.0005179120347587894
first_order_abs,70,77,5.140813809835442e-08,4.702571686254087e-08,4.382421235813547e-09,5.444629203044115e-09,8.094830517002548e-09,5.140811509818377e-08,4.7028592575770745e-08,4.4740330031152993e-07,6.115192753527157e-05
first_order_signed,70,77,5.140813809835442e-08,4.702571686254087e-08,4.382421235813547e-09,5.444629203044115e-09,8.094830517002548e-09,5.140811509818377e-08,4.7028592575770745e-08,4.4740330031152993e-07,6.115192753527157e-05
first_order_abs,95,32,4.3242039839971664e-08,3.889107321269704e-08,4.350966627274623e-09,6.121095874611626e-09,6.693580612004979e-09,4.3240234504082764e-08,3.889088873165747e-08,4.1749554266658045e-05,4.7435317241855306e-06
first_order_signed,95,32,4.3242039839971664e-08,3.889107321269704e-08,4.350966627274623e-09,6.121095874611626e-09,6.693580612004979e-09,4.3240234504082764e-08,3.889088873165747e-08,4.1749554266658045e-05,4.7435317241855306e-06
first_order_abs,22,58,4.0700582754728744e-08,3.640890247775986e-08,4.291680276968882e-09,4.742286863201883e-09,5.138042391550357e-09,4.0700605552501656e-08,3.6410312986845383e-08,5.601338204464766e-07,3.874077463288361e-05
first_order_signed,22,58,4.0700582754728744e-08,3.640890247775986e-08,4.291680276968882e-09,4.742286863201883e-09,5.138042391550357e-09,4.0700605552501656e-08,3.6410312986845383e-08,5.601338204464766e-07,3.874077463288361e-05
first_order_abs,111,14,8.728085554749227e-08,8.302144346340842e-08,4.2594120840838466e-09,1.0025267971336405e-08,1.3122160646972247e-08,8.728105171940115e-08,8.30201329904412e-08,2.247593789604378e-06,1.5784752860886056e-05
first_order_signed,111,14,8.728085554749227e-08,8.302144346340842e-08,4.2594120840838466e-09,1.0025267971336405e-08,1.3122160646972247e-08,8.728105171940115e-08,8.30201329904412e-08,2.247593789604378e-06,1.5784752860886056e-05
first_order_abs,74,49,4.9159058114979576e-08,4.501271243377797e-08,4.146345681201608e-09,5.260755375768866e-09,7.0122936568495215e-09,4.9158860093712065e-08,4.5020705385923065e-08,4.0281745644674956e-06,0.00017757099523509488
first_order_signed,74,49,4.9159058114979576e-08,4.501271243377797e-08,4.146345681201608e-09,5.260755375768866e-09,7.0122936568495215e-09,4.9158860093712065e-08,4.5020705385923065e-08,4.0281745644674956e-06,0.00017757099523509488
first_order_abs,44,69,4.539078312846886e-08,4.126403798840492e-08,4.126745140063935e-09,6.845407862776653e-09,7.323551998172916e-09,4.539142040016486e-08,4.126890118527626e-08,1.4039671758904097e-05,0.00011785557372515352
first_order_signed,44,69,4.539078312846886e-08,4.126403798840492e-08,4.126745140063935e-09,6.845407862776653e-09,7.323551998172916e-09,4.539142040016486e-08,4.126890118527626e-08,1.4039671758904097e-05,0.00011785557372515352
first_order_abs,109,26,4.9944298504261063e-08,4.581858096179697e-08,4.125717542464092e-09,5.029720950844307e-09,8.090811853822544e-09,4.994455338191983e-08,4.5822922345450934e-08,5.103238335535275e-06,9.475159559354661e-05
first_order_signed,109,26,4.9944298504261063e-08,4.581858096179697e-08,4.125717542464092e-09,5.029720950844307e-09,8.090811853822544e-09,4.994455338191983e-08,4.5822922345450934e-08,5.103238335535275e-06,9.475159559354661e-05
first_order_abs,86,99,6.134473596044345e-08,5.722321193806525e-08,4.121524022378196e-09,7.929969769726597e-09,8.1265473905745e-09,6.133922170192818e-08,5.722526807971917e-08,8.988967723037618e-05,3.5931951113555046e-05
first_order_signed,86,99,6.134473596044345e-08,5.722321193806525e-08,4.121524022378196e-09,7.929969769726597e-09,8.1265473905745e-09,6.133922170192818e-08,5.722526807971917e-08,8.988967723037618e-05,3.5931951113555046e-05
first_order_abs,46,69,4.5385162035830736e-08,4.126403798840492e-08,4.121124047425812e-09,5.620037069054006e-09,7.323551998172916e-09,4.5386340019604177e-08,4.126890118527626e-08,2.5955262041613758e-05,0.00011785557372515352
first_order_signed,46,69,4.5385162035830736e-08,4.126403798840492e-08,4.121124047425812e-09,5.620037069054006e-09,7.323551998172916e-09,4.5386340019604177e-08,4.126890118527626e-08,2.5955262041613758e-05,0.00011785557372515352
first_order_abs,94,103,3.4651668890982216e-08,3.054582773673119e-08,4.105841154251029e-09,3.894594258202488e-09,5.6440286000380974e-09,3.465107667466327e-08,3.0536554618265654e-08,1.709055690237411e-05,0.0003035805264619527
first_order_signed,94,103,3.4651668890982216e-08,3.054582773673119e-08,4.105841154251029e-09,3.894594258202488e-09,5.6440286000380974e-09,3.465107667466327e-08,3.0536554618265654e-08,1.709055690237411e-05,0.0003035805264619527
first_order_abs,74,59,4.9159058114979576e-08,4.5095536694725035e-08,4.063521420254542e-09,5.260755375768866e-09,7.014085823264792e-09,4.9158860093712065e-08,4.509104201133596e-08,4.0281745644674956e-06,9.967024939748893e-05
first_order_signed,74,59,4.9159058114979576e-08,4.5095536694725035e-08,4.063521420254542e-09,5.260755375768866e-09,7.014085823264792e-09,4.9158860093712065e-08,4.509104201133596e-08,4.0281745644674956e-06,9.967024939748893e-05
first_order_abs,91,28,1.0686680253673104e-07,1.0282117197151253e-07,4.045630565218511e-09,1.6102579802890203e-08,1.8532727930065106e-08,1.0685110396480013e-07,1.0281124929178986e-07,0.0001468984900667551,9.650424647380948e-05
first_order_signed,91,28,1.0686680253673104e-07,1.0282117197151253e-07,4.045630565218511e-09,1.6102579802890203e-08,1.8532727930065106e-08,1.0685110396480013e-07,1.0281124929178986e-07,0.0001468984900667551,9.650424647380948e-05
first_order_abs,80,26,4.9858168296861605e-08,4.581858096179697e-08,4.039587335064634e-09,7.877586449822615e-09,8.090811853822544e-09,4.9854183004072183e-08,4.5822922345450934e-08,7.993259531102033e-05,9.475159559354661e-05
first_order_signed,80,26,4.9858168296861605e-08,4.581858096179697e-08,4.039587335064634e-09,7.877586449822615e-09,8.090811853822544e-09,4.9854183004072183e-08,4.5822922345450934e-08,7.993259531102033e-05,9.475159559354661e-05
first_order_abs,46,96,4.5385162035830736e-08,4.138486400791027e-08,4.0002980279204676e-09,5.620037069054006e-09,6.279506636897025e-09,4.5386340019604177e-08,4.1399985661882965e-08,2.5955262041613758e-05,0.0003653909306022377
first_order_signed,46,96,4.5385162035830736e-08,4.138486400791027e-08,4.0002980279204676e-09,5.620037069054006e-09,6.279506636897025e-09,4.5386340019604177e-08,4.1399985661882965e-08,2.5955262041613758e-05,0.0003653909306022377
first_order_abs,88,38,2.8869947463650012e-08,2.4921564492323775e-08,3.948382971326237e-09,3.4379818547591865e-09,3.742356829983251e-09,2.8868480939081564e-08,2.4920964847297e-08,5.079761819083675e-05,2.4061291455432612e-05
first_order_signed,88,38,2.8869947463650012e-08,2.4921564492323775e-08,3.948382971326237e-09,3.4379818547591865e-09,3.742356829983251e-09,2.8868480939081564e-08,2.4920964847297e-08,5.079761819083675e-05,2.4061291455432612e-05
first_order_abs,123,72,2.4399631714054834e-08,2.0514112874105924e-08,3.885518839948911e-09,2.812325611278865e-09,3.2208488487395212e-09,2.4399206211001e-08,2.0516852217156156e-08,1.7438912964749398e-05,0.00013353456067263257
first_order_signed,123,72,2.4399631714054834e-08,2.0514112874105924e-08,3.885518839948911e-09,2.812325611278865e-09,3.2208488487395212e-09,2.4399206211001e-08,2.0516852217156156e-08,1.7438912964749398e-05,0.00013353456067263257
first_order_abs,74,53,4.9159058114979576e-08,4.529262818169316e-08,3.866429933286416e-09,5.260755375768866e-09,9.662174127456068e-09,4.9158860093712065e-08,4.528903829736919e-08,4.0281745644674956e-06,7.92597927762417e-05
first_order_signed,74,53,4.9159058114979576e-08,4.529262818169316e-08,3.866429933286416e-09,5.260755375768866e-09,9.662174127456068e-09,4.9158860093712065e-08,4.528903829736919e-08,4.0281745644674956e-06,7.92597927762417e-05
first_order_abs,97,53,4.915254545596428e-08,4.529262818169316e-08,3.859917274271121e-09,7.192669215783098e-09,9.662174127456068e-09,4.9149235792356194e-08,4.528903829736919e-08,6.733453125134107e-05,7.92597927762417e-05
first_order_signed,97,53,4.915254545596428e-08,4.529262818169316e-08,3.859917274271121e-09,7.192669215783098e-09,9.662174127456068e-09,4.9149235792356194e-08,4.528903829736919e-08,6.733453125134107e-05,7.92597927762417e-05
first_order_abs,127,61,6.388480561595673e-08,6.004634727754968e-08,3.838458338407058e-09,9.048648652587587e-09,1.2295768159198417e-08,6.38730170976487e-08,6.004147223848122e-08,0.00018452773228899269,8.11879371433461e-05
first_order_signed,127,61,6.388480561595673e-08,6.004634727754968e-08,3.838458338407058e-09,9.048648652587587e-09,1.2295768159198417e-08,6.38730170976487e-08,6.004147223848122e-08,0.00018452773228899269,8.11879371433461e-05
first_order_abs,59,69,4.5095536694725035e-08,4.126403798840492e-08,3.831498706320111e-09,7.014085823264792e-09,7.323551998172916e-09,4.509104201133596e-08,4.126890118527626e-08,9.967024939748893e-05,0.00011785557372515352
first_order_signed,59,69,4.5095536694725035e-08,4.126403798840492e-08,3.831498706320111e-09,7.014085823264792e-09,7.323551998172916e-09,4.509104201133596e-08,4.126890118527626e-08,9.967024939748893e-05,0.00011785557372515352
first_order_abs,119,97,5.29832233549539e-08,4.915254545596428e-08,3.83067789898962e-09,6.99365774181615e-09,7.192669215783098e-09,5.2978631259748e-08,4.9149235792356194e-08,8.667074056892138e-05,6.733453125134107e-05
first_order_signed,119,97,5.29832233549539e-08,4.915254545596428e-08,3.83067789898962e-09,6.99365774181615e-09,7.192669215783098e-09,5.2978631259748e-08,4.9149235792356194e-08,8.667074056892138e-05,6.733453125134107e-05
first_order_abs,73,43,1.712803568112772e-08,1.3308153352114076e-08,3.8198823290136455e-09,2.712070606980532e-09,3.1135301226115074e-09,1.712809272191862e-08,1.3306790336287122e-08,3.3302587617206505e-06,0.00010241960630378627
first_order_signed,73,43,1.712803568112772e-08,1.3308153352114076e-08,3.8198823290136455e-09,2.712070606980532e-09,3.1135301226115074e-09,1.712809272191862e-08,1.3306790336287122e-08,3.3302587617206505e-06,0.00010241960630378627
first_order_abs,90,43,1.7124532904896447e-08,1.3308153352114076e-08,3.816379552782371e-09,2.815058686156391e-09,3.1135301226115074e-09,1.7123541695696076e-08,1.3306790336287122e-08,5.788240799768162e-05,0.00010241960630378627
first_order_signed,90,43,1.7124532904896447e-08,1.3308153352114076e-08,3.816379552782371e-09,2.815058686156391e-09,3.1135301226115074e-09,1.7123541695696076e-08,1.3306790336287122e-08,5.788240799768162e-05,0.00010241960630378627
first_order_abs,51,105,5.7434612864860814e-08,5.362963345726791e-08,3.804979407592906e-09,6.2621806740104085e-09,7.433987292415622e-09,5.743674336144977e-08,5.362650412621406e-08,3.709429702208857e-05,5.8350782060491286e-05
first_order_signed,51,105,5.7434612864860814e-08,5.362963345726791e-08,3.804979407592906e-09,6.2621806740104085e-09,7.433987292415622e-09,5.743674336144977e-08,5.362650412621406e-08,3.709429702208857e-05,5.8350782060491286e-05
first_order_abs,74,46,4.9159058114979576e-08,4.5385162035830736e-08,3.773896079148841e-09,5.260755375768866e-09,5.620037069054006e-09,4.9158860093712065e-08,4.5386340019604177e-08,4.0281745644674956e-06,2.5955262041613758e-05
first_order_signed,74,46,4.9159058114979576e-08,4.5385162035830736e-08,3.773896079148841e-09,5.260755375768866e-09,5.620037069054006e-09,4.9158860093712065e-08,4.5386340019604177e-08,4.0281745644674956e-06,2.5955262041613758e-05
first_order_abs,105,80,5.362963345726791e-08,4.9858168296861605e-08,3.771465160406302e-09,7.433987292415622e-09,7.877586449822615e-09,5.362650412621406e-08,4.9854183004072183e-08,5.8350782060491286e-05,7.993259531102033e-05
first_order_signed,105,80,5.362963345726791e-08,4.9858168296861605e-08,3.771465160406302e-09,7.433987292415622e-09,7.877586449822615e-09,5.362650412621406e-08,4.9854183004072183e-08,5.8350782060491286e-05,7.993259531102033e-05
first_order_abs,74,44,4.9159058114979576e-08,4.539078312846886e-08,3.7682749865107185e-09,5.260755375768866e-09,6.845407862776653e-09,4.9158860093712065e-08,4.539142040016486e-08,4.0281745644674956e-06,1.4039671758904097e-05
first_order_signed,74,44,4.9159058114979576e-08,4.539078312846886e-08,3.7682749865107185e-09,5.260755375768866e-09,6.845407862776653e-09,4.9158860093712065e-08,4.539142040016486e-08,4.0281745644674956e-06,1.4039671758904097e-05
first_order_abs,67,93,8.611253858189556e-08,8.236008620938032e-08,3.752452372515235e-09,1.1134036781434986e-08,1.2308405716865422e-08,8.611957724724562e-08,8.235043935655995e-08,8.173798457194542e-05,0.00011713019332996172
first_order_signed,67,93,8.611253858189556e-08,8.236008620938032e-08,3.752452372515235e-09,1.1134036781434986e-08,1.2308405716865422e-08,8.611957724724562e-08,8.235043935655995e-08,8.173798457194542e-05,0.00011713019332996172
first_order_abs,49,69,4.501271243377797e-08,4.126403798840492e-08,3.748674445373045e-09,7.0122936568495215e-09,7.323551998172916e-09,4.5020705385923065e-08,4.126890118527626e-08,0.00017757099523509488,0.00011785557372515352
first_order_signed,49,69,4.501271243377797e-08,4.126403798840492e-08,3.748674445373045e-09,7.0122936568495215e-09,7.323551998172916e-09,4.5020705385923065e-08,4.126890118527626e-08,0.00017757099523509488,0.00011785557372515352
first_order_abs,113,11,2.6938039710700217e-08,2.3197429317024262e-08,3.7406103936759545e-09,2.9982507476766783e-09,3.112340407618319e-09,2.6941652464529398e-08,2.319486824831074e-08,0.0001341134643789807,0.00011040312607580594
first_order_signed,113,11,2.6938039710700217e-08,2.3197429317024262e-08,3.7406103936759545e-09,2.9982507476766783e-09,3.112340407618319e-09,2.6941652464529398e-08,2.319486824831074e-08,0.0001341134643789807,0.00011040312607580594
first_order_abs,4,3,8.944808191514077e-08,8.571599272853237e-08,3.732089186608401e-09,1.0925105109471644e-08,1.2657010772798571e-08,8.94635334702798e-08,8.572295229214433e-08,0.00017274328088650527,8.119329182825081e-05
first_order_signed,4,3,8.944808191514077e-08,8.571599272853237e-08,3.732089186608401e-09,1.0925105109471644e-08,1.2657010772798571e-08,8.94635334702798e-08,8.572295229214433e-08,0.00017274328088650527,8.119329182825081e-05
first_order_abs,88,118,2.8869947463650012e-08,2.5182389914537025e-08,3.687557549112988e-09,3.4379818547591865e-09,3.777695900541999e-09,2.8868480939081564e-08,2.5182952612112786e-08,5.079761819083675e-05,2.2344883772772715e-05
first_order_signed,88,118,2.8869947463650012e-08,2.5182389914537025e-08,3.687557549112988e-09,3.4379818547591865e-09,3.777695900541999e-09,2.8868480939081564e-08,2.5182952612112786e-08,5.079761819083675e-05,2.2344883772772715e-05
first_order_abs,34,126,1.612696370968909e-07,1.575821954278224e-07,3.687441669068503e-09,2.6177402778770895e-08,2.668303333841493e-08,1.6115104983782658e-07,1.5761642657707853e-07,0.0007353353129521718,0.0002172272645598948
first_order_signed,34,126,1.612696370968909e-07,1.575821954278224e-07,3.687441669068503e-09,2.6177402778770895e-08,2.668303333841493e-08,1.6115104983782658e-07,1.5761642657707853e-07,0.0007353353129521718,0.0002172272645598948
first_order_abs,52,39,4.7919858990302697e-08,4.426343179463155e-08,3.6564271956711458e-09,5.440760098007757e-09,5.8790327495117365e-09,4.791996133235443e-08,4.426136257507096e-08,2.135691838256902e-06,4.674783397251698e-05
first_order_signed,52,39,4.7919858990302697e-08,4.426343179463155e-08,3.6564271956711458e-09,5.440760098007757e-09,5.8790327495117365e-09,4.791996133235443e-08,4.426136257507096e-08,2.135691838256902e-06,4.674783397251698e-05
first_order_abs,123,25,2.4399631714054834e-08,2.0779953836908197e-08,3.6196778771466377e-09,2.812325611278865e-09,2.8509323901637626e-09,2.4399206211001e-08,2.0781278919912438e-08,1.7438912964749398e-05,6.376736996825773e-05
first_order_signed,123,25,2.4399631714054834e-08,2.0779953836908197e-08,3.6196778771466377e-09,2.812325611278865e-09,2.8509323901637626e-09,2.4399206211001e-08,2.0781278919912438e-08,1.7438912964749398e-05,6.376736996825773e-05
first_order_abs,42,97,5.275661659685142e-08,4.915254545596428e-08,3.604071140887139e-09,6.42900529479462e-09,7.192669215783098e-09,5.2756888635485666e-08,4.9149235792356194e-08,5.156483713204325e-06,6.733453125134107e-05
first_order_signed,42,97,5.275661659685142e-08,4.915254545596428e-08,3.604071140887139e-09,6.42900529479462e-09,7.192669215783098e-09,5.2756888635485666e-08,4.9149235792356194e-08,5.156483713204325e-06,6.733453125134107e-05
first_order_abs,18,122,5.55925818781157e-08,5.205540461196481e-08,3.5371772661508883e-09,6.206722658053109e-09,7.999724194185376e-09,5.5604544968446135e-08,5.205438924349437e-08,0.00021519220597931667,1.9505534113269672e-05
first_order_signed,18,122,5.55925818781157e-08,5.205540461196481e-08,3.5371772661508883e-09,6.206722658053109e-09,7.999724194185376e-09,5.5604544968446135e-08,5.205438924349437e-08,0.00021519220597931667,1.9505534113269672e-05
first_order_abs,5,58,3.9864081232647824e-08,3.640890247775986e-08,3.4551787548879625e-09,5.054820773064961e-09,5.138042391550357e-09,3.9864161749392224e-08,3.6410312986845383e-08,2.0197817661897704e-06,3.874077463288361e-05
first_order_signed,5,58,3.9864081232647824e-08,3.640890247775986e-08,3.4551787548879625e-09,5.054820773064961e-09,5.138042391550357e-09,3.9864161749392224e-08,3.6410312986845383e-08,2.0197817661897704e-06,3.874077463288361e-05
first_order_abs,18,45,5.55925818781157e-08,5.214470753305639e-08,3.447874345059304e-09,6.206722658053109e-09,8.629702330509302e-09,5.5604544968446135e-08,5.21381764428952e-08,0.00021519220597931667,0.00012524933919806996
first_order_signed,18,45,5.55925818781157e-08,5.214470753305639e-08,3.447874345059304e-09,6.206722658053109e-09,8.629702330509302e-09,5.5604544968446135e-08,5.21381764428952e-08,0.00021519220597931667,0.00012524933919806996
first_order_abs,113,71,2.6938039710700217e-08,2.350901276742256e-08,3.429026943277657e-09,2.9982507476766783e-09,4.066717013140319e-09,2.6941652464529398e-08,2.3504512114413956e-08,0.0001341134643789807,0.00019144372641802495
first_order_signed,113,71,2.6938039710700217e-08,2.350901276742256e-08,3.429026943277657e-09,2.9982507476766783e-09,4.066717013140319e-09,2.6941652464529398e-08,2.3504512114413956e-08,0.0001341134643789807,0.00019144372641802495
first_order_abs,18,12,5.55925818781157e-08,5.220599517843521e-08,3.3865866996804847e-09,6.206722658053109e-09,7.934605439352538e-09,5.5604544968446135e-08,5.220657683935315e-08,0.00021519220597931667,1.1141649842065713e-05
first_order_signed,18,12,5.55925818781157e-08,5.220599517843521e-08,3.3865866996804847e-09,6.206722658053109e-09,7.934605439352538e-09,5.5604544968446135e-08,5.220657683935315e-08,0.00021519220597931667,1.1141649842065713e-05
first_order_abs,4,107,8.944808191514077e-08,8.606169340408391e-08,3.386388511056858e-09,1.0925105109471644e-08,1.663169879595472e-08,8.94635334702798e-08,8.602605561236487e-08,0.00017274328088650527,0.0004140958690147303
first_order_signed,4,107,8.944808191514077e-08,8.606169340408391e-08,3.386388511056858e-09,1.0925105109471644e-08,1.663169879595472e-08,8.94635334702798e-08,8.602605561236487e-08,0.00017274328088650527,0.0004140958690147303
first_order_abs,117,20,3.619141416768773e-08,3.2819597571491435e-08,3.3718165961962958e-09,4.061369518471025e-09,4.588047908260506e-09,3.6191455166090236e-08,3.281592952930623e-08,1.1328212353256537e-06,0.00011176377703026983
first_order_signed,117,20,3.619141416768773e-08,3.2819597571491435e-08,3.3718165961962958e-09,4.061369518471025e-09,4.588047908260506e-09,3.6191455166090236e-08,3.281592952930623e-08,1.1328212353256537e-06,0.00011176377703026983
first_order_abs,74,26,4.9159058114979576e-08,4.581858096179697e-08,3.340477153182605e-09,5.260755375768866e-09,8.090811853822544e-09,4.9158860093712065e-08,4.5822922345450934e-08,4.0281745644674956e-06,9.475159559354661e-05
first_order_signed,74,26,4.9159058114979576e-08,4.581858096179697e-08,3.340477153182605e-09,5.260755375768866e-09,8.090811853822544e-09,4.9158860093712065e-08,4.5822922345450934e-08,4.0281745644674956e-06,9.475159559354661e-05
first_order_abs,4,67,8.944808191514077e-08,8.611253858189556e-08,3.3355433332452152e-09,1.0925105109471644e-08,1.1134036781434986e-08,8.94635334702798e-08,8.611957724724562e-08,0.00017274328088650527,8.173798457194542e-05
first_order_signed,4,67,8.944808191514077e-08,8.611253858189556e-08,3.3355433332452152e-09,1.0925105109471644e-08,1.1134036781434986e-08,8.94635334702798e-08,8.611957724724562e-08,0.00017274328088650527,8.173798457194542e-05
first_order_abs,97,26,4.915254545596428e-08,4.581858096179697e-08,3.33396449416731e-09,7.192669215783098e-09,8.090811853822544e-09,4.9149235792356194e-08,4.5822922345450934e-08,6.733453125134107e-05,9.475159559354661e-05
first_order_signed,97,26,4.915254545596428e-08,4.581858096179697e-08,3.33396449416731e-09,7.192669215783098e-09,8.090811853822544e-09,4.9149235792356194e-08,4.5822922345450934e-08,6.733453125134107e-05,9.475159559354661e-05
first_order_abs,116,100,7.10998220131772e-08,6.780699859506189e-08,3.29282341811531e-09,8.909839710469213e-09,1.2649099589978618e-08,7.109583322062463e-08,6.780321371024911e-08,5.610130151704737e-05,5.5818497960348926e-05
first_order_signed,116,100,7.10998220131772e-08,6.780699859506189e-08,3.29282341811531e-09,8.909839710469213e-09,1.2649099589978618e-08,7.109583322062463e-08,6.780321371024911e-08,5.610130151704737e-05,5.5818497960348926e-05
first_order_abs,92,32,4.2152293846120464e-08,3.889107321269704e-08,3.261220633423423e-09,4.440829748375563e-09,6.693580612004979e-09,4.215273108343354e-08,3.889088873165747e-08,1.0372799987313574e-05,4.7435317241855306e-06
first_order_signed,92,32,4.2152293846120464e-08,3.889107321269704e-08,3.261220633423423e-09,4.440829748375563e-09,6.693580612004979e-09,4.215273108343354e-08,3.889088873165747e-08,1.0372799987313574e-05,4.7435317241855306e-06
first_order_abs,67,31,8.611253858189556e-08,8.285786975798525e-08,3.2546688239103094e-09,1.1134036781434986e-08,1.291547171433649e-08,8.611957724724562e-08,8.281495667006311e-08,8.173798457194542e-05,0.0005179120347587894
first_order_signed,67,31,8.611253858189556e-08,8.285786975798525e-08,3.2546688239103094e-09,1.1134036781434986e-08,1.291547171433649e-08,8.611957724724562e-08,8.281495667006311e-08,8.173798457194542e-05,0.0005179120347587894
first_order_abs,108,8,8.226436222415004e-08,7.907671690233087e-08,3.187645321819168e-09,9.022701896732599e-09,1.0133829464464839e-08,8.233610060415231e-08,7.908275279078225e-08,0.0008720468750100524,7.63295276766804e-05
first_order_signed,108,8,8.226436222415004e-08,7.907671690233087e-08,3.187645321819168e-09,9.022701896732599e-09,1.0133829464464839e-08,8.233610060415231e-08,7.908275279078225e-08,0.0008720468750100524,7.63295276766804e-05
first_order_abs,40,8,8.224532038438185e-08,7.907671690233087e-08,3.1686034820509726e-09,1.0020814977806936e-08,1.0133829464464839e-08,8.227036119023978e-08,7.908275279078225e-08,0.0003044648101667692,7.63295276766804e-05
first_order_signed,40,8,8.224532038438185e-08,7.907671690233087e-08,3.1686034820509726e-09,1.0020814977806936e-08,1.0133829464464839e-08,8.227036119023978e-08,7.908275279078225e-08,0.0003044648101667692,7.63295276766804e-05
first_order_abs,29,32,4.203100165945442e-08,3.889107321269704e-08,3.1399284467573807e-09,5.257889723608855e-09,6.693580612004979e-09,4.20315906524138e-08,3.889088873165747e-08,1.401329818754836e-05,4.7435317241855306e-06
first_order_signed,29,32,4.203100165945442e-08,3.889107321269704e-08,3.1399284467573807e-09,5.257889723608855e-09,6.693580612004979e-09,4.20315906524138e-08,3.889088873165747e-08,1.401329818754836e-05,4.7435317241855306e-06
first_order_abs,14,17,8.302144346340842e-08,7.989469686865492e-08,3.126746594753505e-09,1.3122160646972247e-08,1.3927396036450544e-08,8.30201329904412e-08,7.987748062987521e-08,1.5784752860886056e-05,0.00021548662745427764
first_order_signed,14,17,8.302144346340842e-08,7.989469686865492e-08,3.126746594753505e-09,1.3122160646972247e-08,1.3927396036450544e-08,8.30201329904412e-08,7.987748062987521e-08,1.5784752860886056e-05,0.00021548662745427764
first_order_abs,119,80,5.29832233549539e-08,4.9858168296861605e-08,3.1250550580922964e-09,6.99365774181615e-09,7.877586449822615e-09,5.2978631259748e-08,4.9854183004072183e-08,8.667074056892138e-05,7.993259531102033e-05
first_order_signed,119,80,5.29832233549539e-08,4.9858168296861605e-08,3.1250550580922964e-09,6.99365774181615e-09,7.877586449822615e-09,5.2978631259748e-08,4.9854183004072183e-08,8.667074056892138e-05,7.993259531102033e-05
first_order_abs,4,110,8.944808191514077e-08,8.632561303170921e-08,3.1224688834315644e-09,1.0925105109471644e-08,1.8151225145146554e-08,8.94635334702798e-08,8.62886224695103e-08,0.00017274328088650527,0.00042850042878143186
first_order_signed,4,110,8.944808191514077e-08,8.632561303170921e-08,3.1224688834315644e-09,1.0925105109471644e-08,1.8151225145146554e-08,8.94635334702798e-08,8.62886224695103e-08,0.00017274328088650527,0.00042850042878143186
first_order_abs,67,14,8.611253858189556e-08,8.302144346340842e-08,3.091095118487136e-09,1.1134036781434986e-08,1.3122160646972247e-08,8.611957724724562e-08,8.30201329904412e-08,8.173798457194542e-05,1.5784752860886056e-05
first_order_signed,67,14,8.611253858189556e-08,8.302144346340842e-08,3.091095118487136e-09,1.1134036781434986e-08,1.3122160646972247e-08,8.611957724724562e-08,8.30201329904412e-08,8.173798457194542e-05,1.5784752860886056e-05
first_order_abs,109,78,4.9944298504261063e-08,4.686430950857032e-08,3.0799889956907446e-09,5.029720950844307e-09,7.21137685122386e-09,4.994455338191983e-08,4.686585342028593e-08,5.103238335535275e-06,3.294429666842613e-05
first_order_signed,109,78,4.9944298504261063e-08,4.686430950857032e-08,3.0799889956907446e-09,5.029720950844307e-09,7.21137685122386e-09,4.994455338191983e-08,4.686585342028593e-08,5.103238335535275e-06,3.294429666842613e-05
first_order_abs,0,58,3.946906734021471e-08,3.640890247775986e-08,3.0601648624548512e-09,4.329394376334505e-09,5.138042391550357e-09,3.946882998207002e-08,3.6410312986845383e-08,6.013776374488217e-06,3.874077463288361e-05
first_order_signed,0,58,3.946906734021471e-08,3.640890247775986e-08,3.0601648624548512e-09,4.329394376334505e-09,5.138042391550357e-09,3.946882998207002e-08,3.6410312986845383e-08,6.013776374488217e-06,3.874077463288361e-05
first_order_abs,66,58,3.9427801162292135e-08,3.640890247775986e-08,3.018898684532273e-09,4.5747444055166396e-09,5.138042391550357e-09,3.9427376918865775e-08,3.6410312986845383e-08,1.076000725004724e-05,3.874077463288361e-05
first_order_signed,66,58,3.9427801162292135e-08,3.640890247775986e-08,3.018898684532273e-09,4.5747444055166396e-09,5.138042391550357e-09,3.9427376918865775e-08,3.6410312986845383e-08,1.076000725004724e-05,3.874077463288361e-05
first_order_abs,39,69,4.426343179463155e-08,4.126403798840492e-08,2.9993938062266276e-09,5.8790327495117365e-09,7.323551998172916e-09,4.426136257507096e-08,4.126890118527626e-08,4.674783397251698e-05,0.00011785557372515352
first_order_signed,39,69,4.426343179463155e-08,4.126403798840492e-08,2.9993938062266276e-09,5.8790327495117365e-09,7.323551998172916e-09,4.426136257507096e-08,4.126890118527626e-08,4.674783397251698e-05,0.00011785557372515352
first_order_abs,85,40,8.524151710702273e-08,8.224532038438185e-08,2.9961967226408836e-09,9.493916364178289e-09,1.0020814977806936e-08,8.523826977580029e-08,8.227036119023978e-08,3.809565259570081e-05,0.0003044648101667692
first_order_signed,85,40,8.524151710702273e-08,8.224532038438185e-08,2.9961967226408836e-09,9.493916364178289e-09,1.0020814977806936e-08,8.523826977580029e-08,8.227036119023978e-08,3.809565259570081e-05,0.0003044648101667692
first_order_abs,88,41,2.8869947463650012e-08,2.5885927878612967e-08,2.9840195850370456e-09,3.4379818547591865e-09,4.976692991043308e-09,2.8868480939081564e-08,2.5885404042469418e-08,5.079761819083675e-05,2.0236328634061015e-05
first_order_signed,88,41,2.8869947463650012e-08,2.5885927878612967e-08,2.9840195850370456e-09,3.4379818547591865e-09,4.976692991043308e-09,2.8868480939081564e-08,2.5885404042469418e-08,5.079761819083675e-05,2.0236328634061015e-05
first_order_abs,31,17,8.285786975798525e-08,7.989469686865492e-08,2.9631728893303316e-09,1.291547171433649e-08,1.3927396036450544e-08,8.281495667006311e-08,7.987748062987521e-08,0.0005179120347587894,0.00021548662745427764
first_order_signed,31,17,8.285786975798525e-08,7.989469686865492e-08,2.9631728893303316e-09,1.291547171433649e-08,1.3927396036450544e-08,8.281495667006311e-08,7.987748062987521e-08,0.0005179120347587894,0.00021548662745427764
first_order_abs,109,77,4.9944298504261063e-08,4.702571686254087e-08,2.918581641720191e-09,5.029720950844307e-09,8.094830517002548e-09,4.994455338191983e-08,4.7028592575770745e-08,5.103238335535275e-06,6.115192753527157e-05
first_order_signed,109,77,4.9944298504261063e-08,4.702571686254087e-08,2.918581641720191e-09,5.029720950844307e-09,8.094830517002548e-09,4.994455338191983e-08,4.7028592575770745e-08,5.103238335535275e-06,6.115192753527157e-05
first_order_abs,52,49,4.7919858990302697e-08,4.501271243377797e-08,2.9071465565247283e-09,5.440760098007757e-09,7.0122936568495215e-09,4.791996133235443e-08,4.5020705385923065e-08,2.135691838256902e-06,0.00017757099523509488
first_order_signed,52,49,4.7919858990302697e-08,4.501271243377797e-08,2.9071465565247283e-09,5.440760098007757e-09,7.0122936568495215e-09,4.791996133235443e-08,4.5020705385923065e-08,2.135691838256902e-06,0.00017757099523509488
first_order_abs,42,80,5.275661659685142e-08,4.9858168296861605e-08,2.8984482999898153e-09,6.42900529479462e-09,7.877586449822615e-09,5.2756888635485666e-08,4.9854183004072183e-08,5.156483713204325e-06,7.993259531102033e-05
first_order_signed,42,80,5.275661659685142e-08,4.9858168296861605e-08,2.8984482999898153e-09,6.42900529479462e-09,7.877586449822615e-09,5.2756888635485666e-08,4.9854183004072183e-08,5.156483713204325e-06,7.993259531102033e-05
first_order_abs,55,58,3.9295526583758535e-08,3.640890247775986e-08,2.886624105998673e-09,4.980787804420572e-09,5.138042391550357e-09,3.929544334368984e-08,3.6410312986845383e-08,2.1183090273054887e-06,3.874077463288361e-05
first_order_signed,55,58,3.9295526583758535e-08,3.640890247775986e-08,2.886624105998673e-09,4.980787804420572e-09,5.138042391550357e-09,3.929544334368984e-08,3.6410312986845383e-08,2.1183090273054887e-06,3.874077463288361e-05
first_order_abs,85,93,8.524151710702273e-08,8.236008620938032e-08,2.8814308976424074e-09,9.493916364178289e-09,1.2308405716865422e-08,8.523826977580029e-08,8.235043935655995e-08,3.809565259570081e-05,0.00011713019332996172
first_order_signed,85,93,8.524151710702273e-08,8.236008620938032e-08,2.8814308976424074e-09,9.493916364178289e-09,1.2308405716865422e-08,8.523826977580029e-08,8.235043935655995e-08,3.809565259570081e-05,0.00011713019332996172
first_order_abs,39,96,4.426343179463155e-08,4.138486400791027e-08,2.878567786721283e-09,5.8790327495117365e-09,6.279506636897025e-09,4.426136257507096e-08,4.1399985661882965e-08,4.674783397251698e-05,0.0003653909306022377
first_order_signed,39,96,4.426343179463155e-08,4.138486400791027e-08,2.878567786721283e-09,5.8790327495117365e-09,6.279506636897025e-09,4.426136257507096e-08,4.1399985661882965e-08,4.674783397251698e-05,0.0003653909306022377
first_order_abs,88,54,2.8869947463650012e-08,2.5997329282124308e-08,2.8726181815257046e-09,3.4379818547591865e-09,3.969049111596234e-09,2.8868480939081564e-08,2.6000208208643016e-08,5.079761819083675e-05,0.00011073931816096476
first_order_signed,88,54,2.8869947463650012e-08,2.5997329282124308e-08,2.8726181815257046e-09,3.4379818547591865e-09,3.969049111596234e-09,2.8868480939081564e-08,2.6000208208643016e-08,5.079761819083675e-05,0.00011073931816096476
first_order_abs,3,31,8.571599272853237e-08,8.285786975798525e-08,2.8581229705471236e-09,1.2657010772798571e-08,1.291547171433649e-08,8.572295229214433e-08,8.281495667006311e-08,8.119329182825081e-05,0.0005179120347587894
first_order_signed,3,31,8.571599272853237e-08,8.285786975798525e-08,2.8581229705471236e-09,1.2657010772798571e-08,1.291547171433649e-08,8.572295229214433e-08,8.281495667006311e-08,8.119329182825081e-05,0.0005179120347587894
first_order_abs,92,55,4.2152293846120464e-08,3.9295526583758535e-08,2.8567672623619295e-09,4.440829748375563e-09,4.980787804420572e-09,4.215273108343354e-08,3.929544334368984e-08,1.0372799987313574e-05,2.1183090273054887e-06
first_order_signed,92,55,4.2152293846120464e-08,3.9295526583758535e-08,2.8567672623619295e-09,4.440829748375563e-09,4.980787804420572e-09,4.215273108343354e-08,3.929544334368984e-08,1.0372799987313574e-05,2.1183090273054887e-06
first_order_abs,18,42,5.55925818781157e-08,5.275661659685142e-08,2.8359652812642766e-09,6.206722658053109e-09,6.42900529479462e-09,5.5604544968446135e-08,5.2756888635485666e-08,0.00021519220597931667,5.156483713204325e-06
first_order_signed,18,42,5.55925818781157e-08,5.275661659685142e-08,2.8359652812642766e-09,6.206722658053109e-09,6.42900529479462e-09,5.5604544968446135e-08,5.2756888635485666e-08,0.00021519220597931667,5.156483713204325e-06
first_order_abs,80,77,4.9858168296861605e-08,4.702571686254087e-08,2.832451434320733e-09,7.877586449822615e-09,8.094830517002548e-09,4.9854183004072183e-08,4.7028592575770745e-08,7.993259531102033e-05,6.115192753527157e-05
first_order_signed,80,77,4.9858168296861605e-08,4.702571686254087e-08,2.832451434320733e-09,7.877586449822615e-09,8.094830517002548e-09,4.9854183004072183e-08,4.7028592575770745e-08,7.993259531102033e-05,6.115192753527157e-05
first_order_abs,52,59,4.7919858990302697e-08,4.5095536694725035e-08,2.824322295577662e-09,5.440760098007757e-09,7.014085823264792e-09,4.791996133235443e-08,4.509104201133596e-08,2.135691838256902e-06,9.967024939748893e-05
first_order_signed,52,59,4.7919858990302697e-08,4.5095536694725035e-08,2.824322295577662e-09,5.440760098007757e-09,7.014085823264792e-09,4.791996133235443e-08,4.509104201133596e-08,2.135691838256902e-06,9.967024939748893e-05
first_order_abs,92,66,4.2152293846120464e-08,3.9427801162292135e-08,2.7244926838283295e-09,4.440829748375563e-09,4.5747444055166396e-09,4.215273108343354e-08,3.9427376918865775e-08,1.0372799987313574e-05,1.076000725004724e-05
first_order_signed,92,66,4.2152293846120464e-08,3.9427801162292135e-08,2.7244926838283295e-09,4.440829748375563e-09,4.5747444055166396e-09,4.215273108343354e-08,3.9427376918865775e-08,1.0372799987313574e-05,1.076000725004724e-05
first_order_abs,24,71,2.6220676327255106e-08,2.350901276742256e-08,2.7116635598325462e-09,3.6742379472265437e-09,4.066717013140319e-09,2.622040717881191e-08,2.3504512114413956e-08,1.026474068922597e-05,0.00019144372641802495
first_order_signed,24,71,2.6220676327255106e-08,2.350901276742256e-08,2.7116635598325462e-09,3.6742379472265437e-09,4.066717013140319e-09,2.622040717881191e-08,2.3504512114413956e-08,1.026474068922597e-05,0.00019144372641802495
first_order_abs,3,14,8.571599272853237e-08,8.302144346340842e-08,2.69454926512395e-09,1.2657010772798571e-08,1.3122160646972247e-08,8.572295229214433e-08,8.30201329904412e-08,8.119329182825081e-05,1.5784752860886056e-05
first_order_signed,3,14,8.571599272853237e-08,8.302144346340842e-08,2.69454926512395e-09,1.2657010772798571e-08,1.3122160646972247e-08,8.572295229214433e-08,8.30201329904412e-08,8.119329182825081e-05,1.5784752860886056e-05
first_order_abs,11,72,2.3197429317024262e-08,2.0514112874105924e-08,2.6833164429183388e-09,3.112340407618319e-09,3.2208488487395212e-09,2.319486824831074e-08,2.0516852217156156e-08,0.00011040312607580594,0.00013353456067263257
first_order_signed,11,72,2.3197429317024262e-08,2.0514112874105924e-08,2.6833164429183388e-09,3.112340407618319e-09,3.2208488487395212e-09,2.319486824831074e-08,2.0516852217156156e-08,0.00011040312607580594,0.00013353456067263257
first_order_abs,88,24,2.8869947463650012e-08,2.6220676327255106e-08,2.649271136394906e-09,3.4379818547591865e-09,3.6742379472265437e-09,2.8868480939081564e-08,2.622040717881191e-08,5.079761819083675e-05,1.026474068922597e-05
first_order_signed,88,24,2.8869947463650012e-08,2.6220676327255106e-08,2.649271136394906e-09,3.4379818547591865e-09,3.6742379472265437e-09,2.8868480939081564e-08,2.622040717881191e-08,5.079761819083675e-05,1.026474068922597e-05
first_order_abs,52,53,4.7919858990302697e-08,4.529262818169316e-08,2.6272308086095358e-09,5.440760098007757e-09,9.662174127456068e-09,4.791996133235443e-08,4.528903829736919e-08,2.135691838256902e-06,7.92597927762417e-05
first_order_signed,52,53,4.7919858990302697e-08,4.529262818169316e-08,2.6272308086095358e-09,5.440760098007757e-09,9.662174127456068e-09,4.791996133235443e-08,4.528903829736919e-08,2.135691838256902e-06,7.92597927762417e-05
first_order_abs,18,119,5.55925818781157e-08,5.29832233549539e-08,2.6093585231617955e-09,6.206722658053109e-09,6.99365774181615e-09,5.5604544968446135e-08,5.2978631259748e-08,0.00021519220597931667,8.667074056892138e-05
first_order_signed,18,119,5.55925818781157e-08,5.29832233549539e-08,2.6093585231617955e-09,6.206722658053109e-09,6.99365774181615e-09,5.5604544968446135e-08,5.2978631259748e-08,0.00021519220597931667,8.667074056892138e-05
first_order_abs,52,46,4.7919858990302697e-08,4.5385162035830736e-08,2.534696954471961e-09,5.440760098007757e-09,5.620037069054006e-09,4.791996133235443e-08,4.5386340019604177e-08,2.135691838256902e-06,2.5955262041613758e-05
first_order_signed,52,46,4.7919858990302697e-08,4.5385162035830736e-08,2.534696954471961e-09,5.440760098007757e-09,5.620037069054006e-09,4.791996133235443e-08,4.5386340019604177e-08,2.135691838256902e-06,2.5955262041613758e-05
first_order_abs,52,44,4.7919858990302697e-08,4.539078312846886e-08,2.5290758618338386e-09,5.440760098007757e-09,6.845407862776653e-09,4.791996133235443e-08,4.539142040016486e-08,2.135691838256902e-06,1.4039671758904097e-05
first_order_signed,52,44,4.7919858990302697e-08,4.539078312846886e-08,2.5290758618338386e-09,5.440760098007757e-09,6.845407862776653e-09,4.791996133235443e-08,4.539142040016486e-08,2.135691838256902e-06,1.4039671758904097e-05
first_order_abs,96,32,4.138486400791027e-08,3.889107321269704e-08,2.4937907952132267e-09,6.279506636897025e-09,6.693580612004979e-09,4.1399985661882965e-08,3.889088873165747e-08,0.0003653909306022377,4.7435317241855306e-06
first_order_signed,96,32,4.138486400791027e-08,3.889107321269704e-08,2.4937907952132267e-09,6.279506636897025e-09,6.693580612004979e-09,4.1399985661882965e-08,3.889088873165747e-08,0.0003653909306022377,4.7435317241855306e-06
first_order_abs,54,71,2.5997329282124308e-08,2.350901276742256e-08,2.488316514701748e-09,3.969049111596234e-09,4.066717013140319e-09,2.6000208208643016e-08,2.3504512114413956e-08,0.00011073931816096476,0.00019144372641802495
first_order_signed,54,71,2.5997329282124308e-08,2.350901276742256e-08,2.488316514701748e-09,3.969049111596234e-09,4.066717013140319e-09,2.6000208208643016e-08,2.3504512114413956e-08,0.00011073931816096476,0.00019144372641802495
first_order_abs,93,17,8.236008620938032e-08,7.989469686865492e-08,2.4653893407254062e-09,1.2308405716865422e-08,1.3927396036450544e-08,8.235043935655995e-08,7.987748062987521e-08,0.00011713019332996172,0.00021548662745427764
first_order_signed,93,17,8.236008620938032e-08,7.989469686865492e-08,2.4653893407254062e-09,1.2308405716865422e-08,1.3927396036450544e-08,8.235043935655995e-08,7.987748062987521e-08,0.00011713019332996172,0.00021548662745427764
first_order_abs,127,23,6.388480561595673e-08,6.142159700314327e-08,2.4632086128134617e-09,9.048648652587587e-09,1.0522774718246807e-08,6.38730170976487e-08,6.142444419765525e-08,0.00018452773228899269,4.6354941110202366e-05
first_order_signed,127,23,6.388480561595673e-08,6.142159700314327e-08,2.4632086128134617e-09,9.048648652587587e-09,1.0522774718246807e-08,6.38730170976487e-08,6.142444419765525e-08,0.00018452773228899269,4.6354941110202366e-05
first_order_abs,10,32,4.1312248773767634e-08,3.889107321269704e-08,2.4211755610705928e-09,5.157119387089182e-09,6.693580612004979e-09,4.1309206721962255e-08,3.889088873165747e-08,7.363558982319695e-05,4.7435317241855306e-06
first_order_signed,10,32,4.1312248773767634e-08,3.889107321269704e-08,2.4211755610705928e-09,5.157119387089182e-09,6.693580612004979e-09,4.1309206721962255e-08,3.889088873165747e-08,7.363558982319695e-05,4.7435317241855306e-06
first_order_abs,85,31,8.524151710702273e-08,8.285786975798525e-08,2.383647349037482e-09,9.493916364178289e-09,1.291547171433649e-08,8.523826977580029e-08,8.281495667006311e-08,3.809565259570081e-05,0.0005179120347587894
first_order_signed,85,31,8.524151710702273e-08,8.285786975798525e-08,2.383647349037482e-09,9.493916364178289e-09,1.291547171433649e-08,8.523826977580029e-08,8.281495667006311e-08,3.809565259570081e-05,0.0005179120347587894
first_order_abs,2,57,1.0729894294663803e-07,1.0492276568045554e-07,2.376177266182487e-09,1.9928708283600827e-08,2.2827513834755563e-08,1.0701042896243962e-07,1.0467472577602166e-07,0.002688880023188049,0.0023640236971001296
first_order_signed,2,57,1.0729894294663803e-07,1.0492276568045554e-07,2.376177266182487e-09,1.9928708283600827e-08,2.2827513834755563e-08,1.0701042896243962e-07,1.0467472577602166e-07,0.002688880023188049,0.0023640236971001296
first_order_abs,108,17,8.226436222415004e-08,7.989469686865492e-08,2.3696653554951253e-09,9.022701896732599e-09,1.3927396036450544e-08,8.233610060415231e-08,7.987748062987521e-08,0.0008720468750100524,0.00021548662745427764
first_order_signed,108,17,8.226436222415004e-08,7.989469686865492e-08,2.3696653554951253e-09,9.022701896732599e-09,1.3927396036450544e-08,8.233610060415231e-08,7.987748062987521e-08,0.0008720468750100524,0.00021548662745427764
first_order_abs,40,17,8.224532038438185e-08,7.989469686865492e-08,2.35062351572693e-09,1.0020814977806936e-08,1.3927396036450544e-08,8.227036119023978e-08,7.987748062987521e-08,0.0003044648101667692,0.00021548662745427764
first_order_signed,40,17,8.224532038438185e-08,7.989469686865492e-08,2.35062351572693e-09,1.0020814977806936e-08,1.3927396036450544e-08,8.227036119023978e-08,7.987748062987521e-08,0.0003044648101667692,0.00021548662745427764
first_order_abs,74,78,4.9159058114979576e-08,4.686430950857032e-08,2.2947486064092577e-09,5.260755375768866e-09,7.21137685122386e-09,4.9158860093712065e-08,4.686585342028593e-08,4.0281745644674956e-06,3.294429666842613e-05
first_order_signed,74,78,4.9159058114979576e-08,4.686430950857032e-08,2.2947486064092577e-09,5.260755375768866e-09,7.21137685122386e-09,4.9158860093712065e-08,4.686585342028593e-08,4.0281745644674956e-06,3.294429666842613e-05
first_order_abs,123,6,2.4399631714054834e-08,2.2108863036453564e-08,2.2907686776012704e-09,2.812325611278865e-09,3.2806666216966817e-09,2.4399206211001e-08,2.2108423536337796e-08,1.7438912964749398e-05,1.9878910780880587e-05
first_order_signed,123,6,2.4399631714054834e-08,2.2108863036453564e-08,2.2907686776012704e-09,2.812325611278865e-09,3.2806666216966817e-09,2.4399206211001e-08,2.2108423536337796e-08,1.7438912964749398e-05,1.9878910780880587e-05
first_order_abs,30,56,6.839451191867113e-08,6.610402179973573e-08,2.2904901189353968e-09,8.452934729952232e-09,8.800131112707276e-09,6.839911748102168e-08,6.611438152503979e-08,6.733818578931836e-05,0.0001567185327307947
first_order_signed,30,56,6.839451191867113e-08,6.610402179973573e-08,2.2904901189353968e-09,8.452934729952232e-09,8.800131112707276e-09,6.839911748102168e-08,6.611438152503979e-08,6.733818578931836e-05,0.0001567185327307947
first_order_abs,97,78,4.915254545596428e-08,4.686430950857032e-08,2.288235947393963e-09,7.192669215783098e-09,7.21137685122386e-09,4.9149235792356194e-08,4.686585342028593e-08,6.733453125134107e-05,3.294429666842613e-05
first_order_signed,97,78,4.915254545596428e-08,4.686430950857032e-08,2.288235947393963e-09,7.192669215783098e-09,7.21137685122386e-09,4.9149235792356194e-08,4.686585342028593e-08,6.733453125134107e-05,3.294429666842613e-05
first_order_abs,92,5,4.2152293846120464e-08,3.9864081232647824e-08,2.28821261347264e-09,4.440829748375563e-09,5.054820773064961e-09,4.215273108343354e-08,3.9864161749392224e-08,1.0372799987313574e-05,2.0197817661897704e-06
first_order_signed,92,5,4.2152293846120464e-08,3.9864081232647824e-08,2.28821261347264e-09,4.440829748375563e-09,5.054820773064961e-09,4.215273108343354e-08,3.9864161749392224e-08,1.0372799987313574e-05,2.0197817661897704e-06
first_order_abs,20,103,3.2819597571491435e-08,3.054582773673119e-08,2.2737698347602474e-09,4.588047908260506e-09,5.6440286000380974e-09,3.281592952930623e-08,3.0536554618265654e-08,0.00011176377703026983,0.0003035805264619527
first_order_signed,20,103,3.2819597571491435e-08,3.054582773673119e-08,2.2737698347602474e-09,4.588047908260506e-09,5.6440286000380974e-09,3.281592952930623e-08,3.0536554618265654e-08,0.00011176377703026983,0.0003035805264619527
first_order_abs,70,97,5.140813809835442e-08,4.915254545596428e-08,2.2555926423901374e-09,5.444629203044115e-09,7.192669215783098e-09,5.140811509818377e-08,4.9149235792356194e-08,4.4740330031152993e-07,6.733453125134107e-05
first_order_signed,70,97,5.140813809835442e-08,4.915254545596428e-08,2.2555926423901374e-09,5.444629203044115e-09,7.192669215783098e-09,5.140811509818377e-08,4.9149235792356194e-08,4.4740330031152993e-07,6.733453125134107e-05
first_order_abs,62,107,8.831674016387329e-08,8.606169340408391e-08,2.2550467597893717e-09,1.3893052930313843e-08,1.663169879595472e-08,8.832030573557859e-08,8.602605561236487e-08,4.037254657139266e-05,0.0004140958690147303
first_order_signed,62,107,8.831674016387329e-08,8.606169340408391e-08,2.2550467597893717e-09,1.3893052930313843e-08,1.663169879595472e-08,8.832030573557859e-08,8.602605561236487e-08,4.037254657139266e-05,0.0004140958690147303
first_order_abs,85,14,8.524151710702273e-08,8.302144346340842e-08,2.2200736436143085e-09,9.493916364178289e-09,1.3122160646972247e-08,8.523826977580029e-08,8.30201329904412e-08,3.809565259570081e-05,1.5784752860886056e-05
first_order_signed,85,14,8.524151710702273e-08,8.302144346340842e-08,2.2200736436143085e-09,9.493916364178289e-09,1.3122160646972247e-08,8.523826977580029e-08,8.30201329904412e-08,3.809565259570081e-05,1.5784752860886056e-05
first_order_abs,56,127,6.610402179973573e-08,6.388480561595673e-08,2.2192161837789958e-09,8.800131112707276e-09,9.048648652587587e-09,6.611438152503979e-08,6.38730170976487e-08,0.0001567185327307947,0.00018452773228899269
first_order_signed,56,127,6.610402179973573e-08,6.388480561595673e-08,2.2192161837789958e-09,8.800131112707276e-09,9.048648652587587e-09,6.611438152503979e-08,6.38730170976487e-08,0.0001567185327307947,0.00018452773228899269
first_order_abs,46,95,4.5385162035830736e-08,4.3242039839971664e-08,2.1431221958590716e-09,5.620037069054006e-09,6.121095874611626e-09,4.5386340019604177e-08,4.3240234504082764e-08,2.5955262041613758e-05,4.1749554266658045e-05
first_order_signed,46,95,4.5385162035830736e-08,4.3242039839971664e-08,2.1431221958590716e-09,5.620037069054006e-09,6.121095874611626e-09,4.5386340019604177e-08,4.3240234504082764e-08,2.5955262041613758e-05,4.1749554266658045e-05
first_order_abs,74,77,4.9159058114979576e-08,4.702571686254087e-08,2.133341252438704e-09,5.260755375768866e-09,8.094830517002548e-09,4.9158860093712065e-08,4.7028592575770745e-08,4.0281745644674956e-06,6.115192753527157e-05
first_order_signed,74,77,4.9159058114979576e-08,4.702571686254087e-08,2.133341252438704e-09,5.260755375768866e-09,8.094830517002548e-09,4.9158860093712065e-08,4.7028592575770745e-08,4.0281745644674956e-06,6.115192753527157e-05
first_order_abs,97,77,4.915254545596428e-08,4.702571686254087e-08,2.1268285934234093e-09,7.192669215783098e-09,8.094830517002548e-09,4.9149235792356194e-08,4.7028592575770745e-08,6.733453125134107e-05,6.115192753527157e-05
first_order_signed,97,77,4.915254545596428e-08,4.702571686254087e-08,2.1268285934234093e-09,7.192669215783098e-09,8.094830517002548e-09,4.9149235792356194e-08,4.7028592575770745e-08,6.733453125134107e-05,6.115192753527157e-05
first_order_abs,52,26,4.7919858990302697e-08,4.581858096179697e-08,2.1012780285057252e-09,5.440760098007757e-09,8.090811853822544e-09,4.791996133235443e-08,4.5822922345450934e-08,2.135691838256902e-06,9.475159559354661e-05
first_order_signed,52,26,4.7919858990302697e-08,4.581858096179697e-08,2.1012780285057252e-09,5.440760098007757e-09,8.090811853822544e-09,4.791996133235443e-08,4.5822922345450934e-08,2.135691838256902e-06,9.475159559354661e-05
first_order_abs,109,52,4.9944298504261063e-08,4.7919858990302697e-08,2.0244395139583667e-09,5.029720950844307e-09,5.440760098007757e-09,4.994455338191983e-08,4.791996133235443e-08,5.103238335535275e-06,2.135691838256902e-06
first_order_signed,109,52,4.9944298504261063e-08,4.7919858990302697e-08,2.0244395139583667e-09,5.029720950844307e-09,5.440760098007757e-09,4.994455338191983e-08,4.791996133235443e-08,5.103238335535275e-06,2.135691838256902e-06
first_order_abs,113,38,2.6938039710700217e-08,2.4921564492323775e-08,2.0164752183764416e-09,2.9982507476766783e-09,3.742356829983251e-09,2.6941652464529398e-08,2.4920964847297e-08,0.0001341134643789807,2.4061291455432612e-05
first_order_signed,113,38,2.6938039710700217e-08,2.4921564492323775e-08,2.0164752183764416e-09,2.9982507476766783e-09,3.742356829983251e-09,2.6941652464529398e-08,2.4920964847297e-08,0.0001341134643789807,2.4061291455432612e-05
first_order_abs,47,88,3.086969252435416e-08,2.8869947463650012e-08,1.9997450607041443e-09,3.4032799356431553e-09,3.4379818547591865e-09,3.086938349383672e-08,2.8868480939081564e-08,1.0010806463043385e-05,5.079761819083675e-05
first_order_signed,47,88,3.086969252435416e-08,2.8869947463650012e-08,1.9997450607041443e-09,3.4032799356431553e-09,3.4379818547591865e-09,3.086938349383672e-08,2.8868480939081564e-08,1.0010806463043385e-05,5.079761819083675e-05
first_order_abs,62,110,8.831674016387329e-08,8.632561303170921e-08,1.991127132164078e-09,1.3893052930313843e-08,1.8151225145146554e-08,8.832030573557859e-08,8.62886224695103e-08,4.037254657139266e-05,0.00042850042878143186
first_order_signed,62,110,8.831674016387329e-08,8.632561303170921e-08,1.991127132164078e-09,1.3893052930313843e-08,1.8151225145146554e-08,8.832030573557859e-08,8.62886224695103e-08,4.037254657139266e-05,0.00042850042878143186
first_order_abs,95,69,4.3242039839971664e-08,4.126403798840492e-08,1.9780018515667406e-09,6.121095874611626e-09,7.323551998172916e-09,4.3240234504082764e-08,4.126890118527626e-08,4.1749554266658045e-05,0.00011785557372515352
first_order_signed,95,69,4.3242039839971664e-08,4.126403798840492e-08,1.9780018515667406e-09,6.121095874611626e-09,7.323551998172916e-09,4.3240234504082764e-08,4.126890118527626e-08,4.1749554266658045e-05,0.00011785557372515352
first_order_abs,7,81,1.2456171764452725e-07,1.2259017961143253e-07,1.9715380330947198e-09,1.7722442580136998e-08,2.0547738088794175e-08,1.2450220765458653e-07,1.2256998616066994e-07,0.000477755052403469,0.00016472323335033512
first_order_signed,7,81,1.2456171764452725e-07,1.2259017961143253e-07,1.9715380330947198e-09,1.7722442580136998e-08,2.0547738088794175e-08,1.2450220765458653e-07,1.2256998616066994e-07,0.000477755052403469,0.00016472323335033512
first_order_abs,18,105,5.55925818781157e-08,5.362963345726791e-08,1.9629484208477895e-09,6.206722658053109e-09,7.433987292415622e-09,5.5604544968446135e-08,5.362650412621406e-08,0.00021519220597931667,5.8350782060491286e-05
first_order_signed,18,105,5.55925818781157e-08,5.362963345726791e-08,1.9629484208477895e-09,6.206722658053109e-09,7.433987292415622e-09,5.5604544968446135e-08,5.362650412621406e-08,0.00021519220597931667,5.8350782060491286e-05
first_order_abs,91,57,1.0686680253673104e-07,1.0492276568045554e-07,1.9440368562754984e-09,1.6102579802890203e-08,2.2827513834755563e-08,1.0685110396480013e-07,1.0467472577602166e-07,0.0001468984900667551,0.0023640236971001296
first_order_signed,91,57,1.0686680253673104e-07,1.0492276568045554e-07,1.9440368562754984e-09,1.6102579802890203e-08,2.2827513834755563e-08,1.0685110396480013e-07,1.0467472577602166e-07,0.0001468984900667551,0.0023640236971001296
first_order_abs,83,100,6.973023412726003e-08,6.780699859506189e-08,1.9232355321981483e-09,1.1616830297711543e-08,1.2649099589978618e-08,6.966891419324384e-08,6.780321371024911e-08,0.0008793880414095233,5.5818497960348926e-05
first_order_signed,83,100,6.973023412726003e-08,6.780699859506189e-08,1.9232355321981483e-09,1.1616830297711543e-08,1.2649099589978618e-08,6.966891419324384e-08,6.780321371024911e-08,0.0008793880414095233,5.5818497960348926e-05
first_order_abs,95,96,4.3242039839971664e-08,4.138486400791027e-08,1.857175832061396e-09,6.121095874611626e-09,6.279506636897025e-09,4.3240234504082764e-08,4.1399985661882965e-08,4.1749554266658045e-05,0.0003653909306022377
first_order_signed,95,96,4.3242039839971664e-08,4.138486400791027e-08,1.857175832061396e-09,6.121095874611626e-09,6.279506636897025e-09,4.3240234504082764e-08,4.1399985661882965e-08,4.1749554266658045e-05,0.0003653909306022377
first_order_abs,94,20,3.4651668890982216e-08,3.2819597571491435e-08,1.8320713194907814e-09,3.894594258202488e-09,4.588047908260506e-09,3.465107667466327e-08,3.281592952930623e-08,1.709055690237411e-05,0.00011176377703026983
first_order_signed,94,20,3.4651668890982216e-08,3.2819597571491435e-08,1.8320713194907814e-09,3.894594258202488e-09,4.588047908260506e-09,3.465107667466327e-08,3.281592952930623e-08,1.709055690237411e-05,0.00011176377703026983
first_order_abs,22,32,4.0700582754728744e-08,3.889107321269704e-08,1.8095095420317023e-09,4.742286863201883e-09,6.693580612004979e-09,4.0700605552501656e-08,3.889088873165747e-08,5.601338204464766e-07,4.7435317241855306e-06
first_order_signed,22,32,4.0700582754728744e-08,3.889107321269704e-08,1.8095095420317023e-09,4.742286863201883e-09,6.693580612004979e-09,4.0700605552501656e-08,3.889088873165747e-08,5.601338204464766e-07,4.7435317241855306e-06
first_order_abs,113,118,2.6938039710700217e-08,2.5182389914537025e-08,1.7556497961631924e-09,2.9982507476766783e-09,3.777695900541999e-09,2.6941652464529398e-08,2.5182952612112786e-08,0.0001341134643789807,2.2344883772772715e-05
first_order_signed,113,118,2.6938039710700217e-08,2.5182389914537025e-08,1.7556497961631924e-09,2.9982507476766783e-09,3.777695900541999e-09,2.6941652464529398e-08,2.5182952612112786e-08,0.0001341134643789807,2.2344883772772715e-05
first_order_abs,77,53,4.702571686254087e-08,4.529262818169316e-08,1.7330886808477114e-09,8.094830517002548e-09,9.662174127456068e-09,4.7028592575770745e-08,4.528903829736919e-08,6.115192753527157e-05,7.92597927762417e-05
first_order_signed,77,53,4.702571686254087e-08,4.529262818169316e-08,1.7330886808477114e-09,8.094830517002548e-09,9.662174127456068e-09,4.7028592575770745e-08,4.528903829736919e-08,6.115192753527157e-05,7.92597927762417e-05
first_order_abs,118,71,2.5182389914537025e-08,2.350901276742256e-08,1.6733771471144646e-09,3.777695900541999e-09,4.066717013140319e-09,2.5182952612112786e-08,2.3504512114413956e-08,2.2344883772772715e-05,0.00019144372641802495
first_order_signed,118,71,2.5182389914537025e-08,2.350901276742256e-08,1.6733771471144646e-09,3.777695900541999e-09,4.066717013140319e-09,2.5182952612112786e-08,2.3504512114413956e-08,2.2344883772772715e-05,0.00019144372641802495
first_order_abs,105,122,5.362963345726791e-08,5.205540461196481e-08,1.5742288453030988e-09,7.433987292415622e-09,7.999724194185376e-09,5.362650412621406e-08,5.205438924349437e-08,5.8350782060491286e-05,1.9505534113269672e-05
first_order_signed,105,122,5.362963345726791e-08,5.205540461196481e-08,1.5742288453030988e-09,7.433987292415622e-09,7.999724194185376e-09,5.362650412621406e-08,5.205438924349437e-08,5.8350782060491286e-05,1.9505534113269672e-05
first_order_abs,78,53,4.686430950857032e-08,4.529262818169316e-08,1.5716813268771579e-09,7.21137685122386e-09,9.662174127456068e-09,4.686585342028593e-08,4.528903829736919e-08,3.294429666842613e-05,7.92597927762417e-05
first_order_signed,78,53,4.686430950857032e-08,4.529262818169316e-08,1.5716813268771579e-09,7.21137685122386e-09,9.662174127456068e-09,4.686585342028593e-08,4.528903829736919e-08,3.294429666842613e-05,7.92597927762417e-05
first_order_abs,51,27,5.7434612864860814e-08,5.586618760855002e-08,1.5684252563107911e-09,6.2621806740104085e-09,9.388301736024117e-09,5.743674336144977e-08,5.584386641999117e-08,3.709429702208857e-05,0.00039954737407987216
first_order_signed,51,27,5.7434612864860814e-08,5.586618760855002e-08,1.5684252563107911e-09,6.2621806740104085e-09,9.388301736024117e-09,5.743674336144977e-08,5.584386641999117e-08,3.709429702208857e-05,0.00039954737407987216
first_order_abs,111,3,8.728085554749227e-08,8.571599272853237e-08,1.5648628189598965e-09,1.0025267971336405e-08,1.2657010772798571e-08,8.728105171940115e-08,8.572295229214433e-08,2.247593789604378e-06,8.119329182825081e-05
first_order_signed,111,3,8.728085554749227e-08,8.571599272853237e-08,1.5648628189598965e-09,1.0025267971336405e-08,1.2657010772798571e-08,8.728105171940115e-08,8.572295229214433e-08,2.247593789604378e-06,8.119329182825081e-05
first_order_abs,70,80,5.140813809835442e-08,4.9858168296861605e-08,1.5499698014928138e-09,5.444629203044115e-09,7.877586449822615e-09,5.140811509818377e-08,4.9854183004072183e-08,4.4740330031152993e-07,7.993259531102033e-05
first_order_signed,70,80,5.140813809835442e-08,4.9858168296861605e-08,1.5499698014928138e-09,5.444629203044115e-09,7.877586449822615e-09,5.140811509818377e-08,4.9854183004072183e-08,4.4740330031152993e-07,7.993259531102033e-05
first_order_abs,8,37,7.907671690233087e-08,7.758321146589115e-08,1.4935054364397258e-09,1.0133829464464839e-08,1.0405443928718227e-08,7.908275279078225e-08,7.758733744367419e-08,7.63295276766804e-05,5.31813224160334e-05
first_order_signed,8,37,7.907671690233087e-08,7.758321146589115e-08,1.4935054364397258e-09,1.0133829464464839e-08,1.0405443928718227e-08,7.908275279078225e-08,7.758733744367419e-08,7.63295276766804e-05,5.31813224160334e-05
first_order_abs,105,45,5.362963345726791e-08,5.214470753305639e-08,1.4849259242115146e-09,7.433987292415622e-09,8.629702330509302e-09,5.362650412621406e-08,5.21381764428952e-08,5.8350782060491286e-05,0.00012524933919806996
first_order_signed,105,45,5.362963345726791e-08,5.214470753305639e-08,1.4849259242115146e-09,7.433987292415622e-09,8.629702330509302e-09,5.362650412621406e-08,5.21381764428952e-08,5.8350782060491286e-05,0.00012524933919806996
first_order_abs,92,22,4.2152293846120464e-08,4.0700582754728744e-08,1.4517110913917209e-09,4.440829748375563e-09,4.742286863201883e-09,4.215273108343354e-08,4.0700605552501656e-08,1.0372799987313574e-05,5.601338204464766e-07
first_order_signed,92,22,4.2152293846120464e-08,4.0700582754728744e-08,1.4517110913917209e-09,4.440829748375563e-09,4.742286863201883e-09,4.215273108343354e-08,4.0700605552501656e-08,1.0372799987313574e-05,5.601338204464766e-07
first_order_abs,34,63,1.612696370968909e-07,1.598408723434112e-07,1.4287647534796901e-09,2.6177402778770895e-08,2.801087424231241e-08,1.6115104983782658e-07,1.5976854683685815e-07,0.0007353353129521718,0.0004524844333786793
first_order_signed,34,63,1.612696370968909e-07,1.598408723434112e-07,1.4287647534796901e-09,2.6177402778770895e-08,2.801087424231241e-08,1.6115104983782658e-07,1.5976854683685815e-07,0.0007353353129521718,0.0004524844333786793
first_order_abs,105,12,5.362963345726791e-08,5.220599517843521e-08,1.4236382788326952e-09,7.433987292415622e-09,7.934605439352538e-09,5.362650412621406e-08,5.220657683935315e-08,5.8350782060491286e-05,1.1141649842065713e-05
first_order_signed,105,12,5.362963345726791e-08,5.220599517843521e-08,1.4236382788326952e-09,7.433987292415622e-09,7.934605439352538e-09,5.362650412621406e-08,5.220657683935315e-08,5.8350782060491286e-05,1.1141649842065713e-05
first_order_abs,38,71,2.4921564492323775e-08,2.350901276742256e-08,1.4125517249012154e-09,3.742356829983251e-09,4.066717013140319e-09,2.4920964847297e-08,2.3504512114413956e-08,2.4061291455432612e-05,0.00019144372641802495
first_order_signed,38,71,2.4921564492323775e-08,2.350901276742256e-08,1.4125517249012154e-09,3.742356829983251e-09,4.066717013140319e-09,2.4920964847297e-08,2.3504512114413956e-08,2.4061291455432612e-05,0.00019144372641802495
first_order_abs,22,55,4.0700582754728744e-08,3.9295526583758535e-08,1.4050561709702086e-09,4.742286863201883e-09,4.980787804420572e-09,4.0700605552501656e-08,3.929544334368984e-08,5.601338204464766e-07,2.1183090273054887e-06
first_order_signed,22,55,4.0700582754728744e-08,3.9295526583758535e-08,1.4050561709702086e-09,4.742286863201883e-09,4.980787804420572e-09,4.0700605552501656e-08,3.929544334368984e-08,5.601338204464766e-07,2.1183090273054887e-06
first_order_abs,23,61,6.142159700314327e-08,6.004634727754968e-08,1.375249725593596e-09,1.0522774718246807e-08,1.2295768159198417e-08,6.142444419765525e-08,6.004147223848122e-08,4.6354941110202366e-05,8.11879371433461e-05
first_order_signed,23,61,6.142159700314327e-08,6.004634727754968e-08,1.375249725593596e-09,1.0522774718246807e-08,1.2295768159198417e-08,6.142444419765525e-08,6.004147223848122e-08,4.6354941110202366e-05,8.11879371433461e-05
first_order_abs,116,83,7.10998220131772e-08,6.973023412726003e-08,1.3695878859171617e-09,8.909839710469213e-09,1.1616830297711543e-08,7.109583322062463e-08,6.966891419324384e-08,5.610130151704737e-05,0.0008793880414095233
first_order_signed,116,83,7.10998220131772e-08,6.973023412726003e-08,1.3695878859171617e-09,8.909839710469213e-09,1.1616830297711543e-08,7.109583322062463e-08,6.966891419324384e-08,5.610130151704737e-05,0.0008793880414095233
first_order_abs,99,27,5.722321193806525e-08,5.586618760855002e-08,1.35702432951523e-09,8.1265473905745e-09,9.388301736024117e-09,5.722526807971917e-08,5.584386641999117e-08,3.5931951113555046e-05,0.00039954737407987216
first_order_signed,99,27,5.722321193806525e-08,5.586618760855002e-08,1.35702432951523e-09,8.1265473905745e-09,9.388301736024117e-09,5.722526807971917e-08,5.584386641999117e-08,3.5931951113555046e-05,0.00039954737407987216
first_order_abs,24,38,2.6220676327255106e-08,2.4921564492323775e-08,1.2991118349313309e-09,3.6742379472265437e-09,3.742356829983251e-09,2.622040717881191e-08,2.4920964847297e-08,1.026474068922597e-05,2.4061291455432612e-05
first_order_signed,24,38,2.6220676327255106e-08,2.4921564492323775e-08,1.2991118349313309e-09,3.6742379472265437e-09,3.742356829983251e-09,2.622040717881191e-08,2.4920964847297e-08,1.026474068922597e-05,2.4061291455432612e-05
first_order_abs,86,61,6.134473596044345e-08,6.004634727754968e-08,1.2983886828937719e-09,7.929969769726597e-09,1.2295768159198417e-08,6.133922170192818e-08,6.004147223848122e-08,8.988967723037618e-05,8.11879371433461e-05
first_order_signed,86,61,6.134473596044345e-08,6.004634727754968e-08,1.2983886828937719e-09,7.929969769726597e-09,1.2295768159198417e-08,6.133922170192818e-08,6.004147223848122e-08,8.988967723037618e-05,8.11879371433461e-05
first_order_abs,74,52,4.9159058114979576e-08,4.7919858990302697e-08,1.2391991246768798e-09,5.260755375768866e-09,5.440760098007757e-09,4.9158860093712065e-08,4.791996133235443e-08,4.0281745644674956e-06,2.135691838256902e-06
first_order_signed,74,52,4.9159058114979576e-08,4.7919858990302697e-08,1.2391991246768798e-09,5.260755375768866e-09,5.440760098007757e-09,4.9158860093712065e-08,4.791996133235443e-08,4.0281745644674956e-06,2.135691838256902e-06
first_order_abs,111,107,8.728085554749227e-08,8.606169340408391e-08,1.2191621434083536e-09,1.0025267971336405e-08,1.663169879595472e-08,8.728105171940115e-08,8.602605561236487e-08,2.247593789604378e-06,0.0004140958690147303
first_order_signed,111,107,8.728085554749227e-08,8.606169340408391e-08,1.2191621434083536e-09,1.0025267971336405e-08,1.663169879595472e-08,8.728105171940115e-08,8.602605561236487e-08,2.247593789604378e-06,0.0004140958690147303
first_order_abs,123,11,2.4399631714054834e-08,2.3197429317024262e-08,1.202202397030572e-09,2.812325611278865e-09,3.112340407618319e-09,2.4399206211001e-08,2.319486824831074e-08,1.7438912964749398e-05,0.00011040312607580594
first_order_signed,123,11,2.4399631714054834e-08,2.3197429317024262e-08,1.202202397030572e-09,2.812325611278865e-09,3.112340407618319e-09,2.4399206211001e-08,2.319486824831074e-08,1.7438912964749398e-05,0.00011040312607580594
first_order_abs,89,101,7.762380133093168e-08,7.64486784895922e-08,1.1751228413394844e-09,7.940589452637424e-09,9.079268414868836e-09,7.762312037584707e-08,7.645348887308501e-08,8.772503703012861e-06,6.29230431166083e-05
first_order_signed,89,101,7.762380133093168e-08,7.64486784895922e-08,1.1751228413394844e-09,7.940589452637424e-09,9.079268414868836e-09,7.762312037584707e-08,7.645348887308501e-08,8.772503703012861e-06,6.29230431166083e-05
first_order_abs,111,67,8.728085554749227e-08,8.611253858189556e-08,1.1683169655967107e-09,1.0025267971336405e-08,1.1134036781434986e-08,8.728105171940115e-08,8.611957724724562e-08,2.247593789604378e-06,8.173798457194542e-05
first_order_signed,111,67,8.728085554749227e-08,8.611253858189556e-08,1.1683169655967107e-09,1.0025267971336405e-08,1.1134036781434986e-08,8.728105171940115e-08,8.611957724724562e-08,2.247593789604378e-06,8.173798457194542e-05
first_order_abs,4,62,8.944808191514077e-08,8.831674016387329e-08,1.1313417512674865e-09,1.0925105109471644e-08,1.3893052930313843e-08,8.94635334702798e-08,8.832030573557859e-08,0.00017274328088650527,4.037254657139266e-05
first_order_signed,4,62,8.944808191514077e-08,8.831674016387329e-08,1.1313417512674865e-09,1.0925105109471644e-08,1.3893052930313843e-08,8.94635334702798e-08,8.832030573557859e-08,0.00017274328088650527,4.037254657139266e-05
first_order_abs,46,39,4.5385162035830736e-08,4.426343179463155e-08,1.1217302411991847e-09,5.620037069054006e-09,5.8790327495117365e-09,4.5386340019604177e-08,4.426136257507096e-08,2.5955262041613758e-05,4.674783397251698e-05
first_order_signed,46,39,4.5385162035830736e-08,4.426343179463155e-08,1.1217302411991847e-09,5.620037069054006e-09,5.8790327495117365e-09,4.5386340019604177e-08,4.426136257507096e-08,2.5955262041613758e-05,4.674783397251698e-05
first_order_abs,11,6,2.3197429317024262e-08,2.2108863036453564e-08,1.0885662805706984e-09,3.112340407618319e-09,3.2806666216966817e-09,2.319486824831074e-08,2.2108423536337796e-08,0.00011040312607580594,1.9878910780880587e-05
first_order_signed,11,6,2.3197429317024262e-08,2.2108863036453564e-08,1.0885662805706984e-09,3.112340407618319e-09,3.2806666216966817e-09,2.319486824831074e-08,2.2108423536337796e-08,0.00011040312607580594,1.9878910780880587e-05
first_order_abs,52,78,4.7919858990302697e-08,4.686430950857032e-08,1.055549481732378e-09,5.440760098007757e-09,7.21137685122386e-09,4.791996133235443e-08,4.686585342028593e-08,2.135691838256902e-06,3.294429666842613e-05
first_order_signed,52,78,4.7919858990302697e-08,4.686430950857032e-08,1.055549481732378e-09,5.440760098007757e-09,7.21137685122386e-09,4.791996133235443e-08,4.686585342028593e-08,2.135691838256902e-06,3.294429666842613e-05
first_order_abs,113,41,2.6938039710700217e-08,2.5885927878612967e-08,1.0521118320872502e-09,2.9982507476766783e-09,4.976692991043308e-09,2.6941652464529398e-08,2.5885404042469418e-08,0.0001341134643789807,2.0236328634061015e-05
first_order_signed,113,41,2.6938039710700217e-08,2.5885927878612967e-08,1.0521118320872502e-09,2.9982507476766783e-09,4.976692991043308e-09,2.6941652464529398e-08,2.5885404042469418e-08,0.0001341134643789807,2.0236328634061015e-05
first_order_abs,78,26,4.686430950857032e-08,4.581858096179697e-08,1.0457285467733473e-09,7.21137685122386e-09,8.090811853822544e-09,4.686585342028593e-08,4.5822922345450934e-08,3.294429666842613e-05,9.475159559354661e-05
first_order_signed,78,26,4.686430950857032e-08,4.581858096179697e-08,1.0457285467733473e-09,7.21137685122386e-09,8.090811853822544e-09,4.686585342028593e-08,4.5822922345450934e-08,3.294429666842613e-05,9.475159559354661e-05
first_order_abs,24,118,2.6220676327255106e-08,2.5182389914537025e-08,1.0382864127180817e-09,3.6742379472265437e-09,3.777695900541999e-09,2.622040717881191e-08,2.5182952612112786e-08,1.026474068922597e-05,2.2344883772772715e-05
first_order_signed,24,118,2.6220676327255106e-08,2.5182389914537025e-08,1.0382864127180817e-09,3.6742379472265437e-09,3.777695900541999e-09,2.622040717881191e-08,2.5182952612112786e-08,1.026474068922597e-05,2.2344883772772715e-05
first_order_abs,39,95,4.426343179463155e-08,4.3242039839971664e-08,1.021391954659887e-09,5.8790327495117365e-09,6.121095874611626e-09,4.426136257507096e-08,4.3240234504082764e-08,4.674783397251698e-05,4.1749554266658045e-05
first_order_signed,39,95,4.426343179463155e-08,4.3242039839971664e-08,1.021391954659887e-09,5.8790327495117365e-09,6.121095874611626e-09,4.426136257507096e-08,4.3240234504082764e-08,4.674783397251698e-05,4.1749554266658045e-05
first_order_abs,104,84,2.0200645953104113e-07,2.0099846921319143e-07,1.0079903178496908e-09,3.3442976210551476e-08,3.532960430874254e-08,2.0173349923879869e-07,2.0089188979000028e-07,0.001351245365500282,0.0005302499248295883
first_order_signed,104,84,2.0200645953104113e-07,2.0099846921319143e-07,1.0079903178496908e-09,3.3442976210551476e-08,3.532960430874254e-08,2.0173349923879869e-07,2.0089188979000028e-07,0.001351245365500282,0.0005302499248295883
first_order_abs,5,32,3.9864081232647824e-08,3.889107321269704e-08,9.730080199507832e-10,5.054820773064961e-09,6.693580612004979e-09,3.9864161749392224e-08,3.889088873165747e-08,2.0197817661897704e-06,4.7435317241855306e-06
first_order_signed,5,32,3.9864081232647824e-08,3.889107321269704e-08,9.730080199507832e-10,5.054820773064961e-09,6.693580612004979e-09,3.9864161749392224e-08,3.889088873165747e-08,2.0197817661897704e-06,4.7435317241855306e-06
first_order_abs,111,110,8.728085554749227e-08,8.632561303170921e-08,9.552425157830599e-10,1.0025267971336405e-08,1.8151225145146554e-08,8.728105171940115e-08,8.62886224695103e-08,2.247593789604378e-06,0.00042850042878143186
first_order_signed,111,110,8.728085554749227e-08,8.632561303170921e-08,9.552425157830599e-10,1.0025267971336405e-08,1.8151225145146554e-08,8.728105171940115e-08,8.62886224695103e-08,2.247593789604378e-06,0.00042850042878143186
first_order_abs,113,54,2.6938039710700217e-08,2.5997329282124308e-08,9.407104285759091e-10,2.9982507476766783e-09,3.969049111596234e-09,2.6941652464529398e-08,2.6000208208643016e-08,0.0001341134643789807,0.00011073931816096476
first_order_signed,113,54,2.6938039710700217e-08,2.5997329282124308e-08,9.407104285759091e-10,2.9982507476766783e-09,3.969049111596234e-09,2.6941652464529398e-08,2.6000208208643016e-08,0.0001341134643789807,0.00011073931816096476
first_order_abs,119,122,5.29832233549539e-08,5.205540461196481e-08,9.278187429890928e-10,6.99365774181615e-09,7.999724194185376e-09,5.2978631259748e-08,5.205438924349437e-08,8.667074056892138e-05,1.9505534113269672e-05
first_order_signed,119,122,5.29832233549539e-08,5.205540461196481e-08,9.278187429890928e-10,6.99365774181615e-09,7.999724194185376e-09,5.2978631259748e-08,5.205438924349437e-08,8.667074056892138e-05,1.9505534113269672e-05
first_order_abs,52,77,4.7919858990302697e-08,4.702571686254087e-08,8.941421277618244e-10,5.440760098007757e-09,8.094830517002548e-09,4.791996133235443e-08,4.7028592575770745e-08,2.135691838256902e-06,6.115192753527157e-05
first_order_signed,52,77,4.7919858990302697e-08,4.702571686254087e-08,8.941421277618244e-10,5.440760098007757e-09,8.094830517002548e-09,4.791996133235443e-08,4.7028592575770745e-08,2.135691838256902e-06,6.115192753527157e-05
first_order_abs,123,71,2.4399631714054834e-08,2.350901276742256e-08,8.906189466322744e-10,2.812325611278865e-09,4.066717013140319e-09,2.4399206211001e-08,2.3504512114413956e-08,1.7438912964749398e-05,0.00019144372641802495
first_order_signed,123,71,2.4399631714054834e-08,2.350901276742256e-08,8.906189466322744e-10,2.812325611278865e-09,4.066717013140319e-09,2.4399206211001e-08,2.3504512114413956e-08,1.7438912964749398e-05,0.00019144372641802495
first_order_abs,92,69,4.2152293846120464e-08,4.126403798840492e-08,8.882558577155411e-10,4.440829748375563e-09,7.323551998172916e-09,4.215273108343354e-08,4.126890118527626e-08,1.0372799987313574e-05,0.00011785557372515352
first_order_signed,92,69,4.2152293846120464e-08,4.126403798840492e-08,8.882558577155411e-10,4.440829748375563e-09,7.323551998172916e-09,4.215273108343354e-08,4.126890118527626e-08,1.0372799987313574e-05,0.00011785557372515352
first_order_abs,92,10,4.2152293846120464e-08,4.1312248773767634e-08,8.400450723528304e-10,4.440829748375563e-09,5.157119387089182e-09,4.215273108343354e-08,4.1309206721962255e-08,1.0372799987313574e-05,7.363558982319695e-05
first_order_signed,92,10,4.2152293846120464e-08,4.1312248773767634e-08,8.400450723528304e-10,4.440829748375563e-09,5.157119387089182e-09,4.215273108343354e-08,4.1309206721962255e-08,1.0372799987313574e-05,7.363558982319695e-05
first_order_abs,119,45,5.29832233549539e-08,5.214470753305639e-08,8.385158218975086e-10,6.99365774181615e-09,8.629702330509302e-09,5.2978631259748e-08,5.21381764428952e-08,8.667074056892138e-05,0.00012524933919806996
first_order_signed,119,45,5.29832233549539e-08,5.214470753305639e-08,8.385158218975086e-10,6.99365774181615e-09,8.629702330509302e-09,5.2978631259748e-08,5.21381764428952e-08,8.667074056892138e-05,0.00012524933919806996
first_order_abs,22,5,4.0700582754728744e-08,3.9864081232647824e-08,8.365015220809191e-10,4.742286863201883e-09,5.054820773064961e-09,4.0700605552501656e-08,3.9864161749392224e-08,5.601338204464766e-07,2.0197817661897704e-06
first_order_signed,22,5,4.0700582754728744e-08,3.9864081232647824e-08,8.365015220809191e-10,4.742286863201883e-09,5.054820773064961e-09,4.0700605552501656e-08,3.9864161749392224e-08,5.601338204464766e-07,2.0197817661897704e-06
first_order_abs,109,97,4.9944298504261063e-08,4.915254545596428e-08,7.917530482967818e-10,5.029720950844307e-09,7.192669215783098e-09,4.994455338191983e-08,4.9149235792356194e-08,5.103238335535275e-06,6.733453125134107e-05
first_order_signed,109,97,4.9944298504261063e-08,4.915254545596428e-08,7.917530482967818e-10,5.029720950844307e-09,7.192669215783098e-09,4.994455338191983e-08,4.9149235792356194e-08,5.103238335535275e-06,6.733453125134107e-05
first_order_abs,109,74,4.9944298504261063e-08,4.9159058114979576e-08,7.852403892814869e-10,5.029720950844307e-09,5.260755375768866e-09,4.994455338191983e-08,4.9158860093712065e-08,5.103238335535275e-06,4.0281745644674956e-06
first_order_signed,109,74,4.9944298504261063e-08,4.9159058114979576e-08,7.852403892814869e-10,5.029720950844307e-09,5.260755375768866e-09,4.994455338191983e-08,4.9158860093712065e-08,5.103238335535275e-06,4.0281745644674956e-06
first_order_abs,119,12,5.29832233549539e-08,5.220599517843521e-08,7.772281765186892e-10,6.99365774181615e-09,7.934605439352538e-09,5.2978631259748e-08,5.220657683935315e-08,8.667074056892138e-05,1.1141649842065713e-05
first_order_signed,119,12,5.29832233549539e-08,5.220599517843521e-08,7.772281765186892e-10,6.99365774181615e-09,7.934605439352538e-09,5.2978631259748e-08,5.220657683935315e-08,8.667074056892138e-05,1.1141649842065713e-05
first_order_abs,92,96,4.2152293846120464e-08,4.138486400791027e-08,7.674298382101964e-10,4.440829748375563e-09,6.279506636897025e-09,4.215273108343354e-08,4.1399985661882965e-08,1.0372799987313574e-05,0.0003653909306022377
first_order_signed,92,96,4.2152293846120464e-08,4.138486400791027e-08,7.674298382101964e-10,4.440829748375563e-09,6.279506636897025e-09,4.215273108343354e-08,4.1399985661882965e-08,1.0372799987313574e-05,0.0003653909306022377
first_order_abs,29,69,4.203100165945442e-08,4.126403798840492e-08,7.669636710494987e-10,5.257889723608855e-09,7.323551998172916e-09,4.20315906524138e-08,4.126890118527626e-08,1.401329818754836e-05,0.00011785557372515352
first_order_signed,29,69,4.203100165945442e-08,4.126403798840492e-08,7.669636710494987e-10,5.257889723608855e-09,7.323551998172916e-09,4.20315906524138e-08,4.126890118527626e-08,1.401329818754836e-05,0.00011785557372515352
first_order_abs,113,24,2.6938039710700217e-08,2.6220676327255106e-08,7.173633834451107e-10,2.9982507476766783e-09,3.6742379472265437e-09,2.6941652464529398e-08,2.622040717881191e-08,0.0001341134643789807,1.026474068922597e-05
first_order_signed,113,24,2.6938039710700217e-08,2.6220676327255106e-08,7.173633834451107e-10,2.9982507476766783e-09,3.6742379472265437e-09,2.6941652464529398e-08,2.622040717881191e-08,0.0001341134643789807,1.026474068922597e-05
first_order_abs,42,122,5.275661659685142e-08,5.205540461196481e-08,7.012119848866117e-10,6.42900529479462e-09,7.999724194185376e-09,5.2756888635485666e-08,5.205438924349437e-08,5.156483713204325e-06,1.9505534113269672e-05
first_order_signed,42,122,5.275661659685142e-08,5.205540461196481e-08,7.012119848866117e-10,6.42900529479462e-09,7.999724194185376e-09,5.2756888635485666e-08,5.205438924349437e-08,5.156483713204325e-06,1.9505534113269672e-05
first_order_abs,48,90,1.7797884492162883e-08,1.7124532904896447e-08,6.733515872664363e-10,2.291587886116275e-09,2.815058686156391e-09,1.7798102547317285e-08,1.7123541695696076e-08,1.2251745677835771e-05,5.788240799768162e-05
first_order_signed,48,90,1.7797884492162883e-08,1.7124532904896447e-08,6.733515872664363e-10,2.291587886116275e-09,2.815058686156391e-09,1.7798102547317285e-08,1.7123541695696076e-08,1.2251745677835771e-05,5.788240799768162e-05
first_order_abs,48,73,1.7797884492162883e-08,1.712803568112772e-08,6.698488110351619e-10,2.291587886116275e-09,2.712070606980532e-09,1.7798102547317285e-08,1.712809272191862e-08,1.2251745677835771e-05,3.3302587617206505e-06
first_order_signed,48,73,1.7797884492162883e-08,1.712803568112772e-08,6.698488110351619e-10,2.291587886116275e-09,2.712070606980532e-09,1.7798102547317285e-08,1.712809272191862e-08,1.2251745677835771e-05,3.3302587617206505e-06
first_order_abs,29,96,4.203100165945442e-08,4.138486400791027e-08,6.46137651544154e-10,5.257889723608855e-09,6.279506636897025e-09,4.20315906524138e-08,4.1399985661882965e-08,1.401329818754836e-05,0.0003653909306022377
first_order_signed,29,96,4.203100165945442e-08,4.138486400791027e-08,6.46137651544154e-10,5.257889723608855e-09,6.279506636897025e-09,4.20315906524138e-08,4.1399985661882965e-08,1.401329818754836e-05,0.0003653909306022377
first_order_abs,42,45,5.275661659685142e-08,5.214470753305639e-08,6.119090637950275e-10,6.42900529479462e-09,8.629702330509302e-09,5.2756888635485666e-08,5.21381764428952e-08,5.156483713204325e-06,0.00012524933919806996
first_order_signed,42,45,5.275661659685142e-08,5.214470753305639e-08,6.119090637950275e-10,6.42900529479462e-09,8.629702330509302e-09,5.2756888635485666e-08,5.21381764428952e-08,5.156483713204325e-06,0.00012524933919806996
first_order_abs,30,100,6.839451191867113e-08,6.780699859506189e-08,5.875133236092406e-10,8.452934729952232e-09,1.2649099589978618e-08,6.839911748102168e-08,6.780321371024911e-08,6.733818578931836e-05,5.5818497960348926e-05
first_order_signed,30,100,6.839451191867113e-08,6.780699859506189e-08,5.875133236092406e-10,8.452934729952232e-09,1.2649099589978618e-08,6.839911748102168e-08,6.780321371024911e-08,6.733818578931836e-05,5.5818497960348926e-05
first_order_abs,0,32,3.946906734021471e-08,3.889107321269704e-08,5.779941275176719e-10,4.329394376334505e-09,6.693580612004979e-09,3.946882998207002e-08,3.889088873165747e-08,6.013776374488217e-06,4.7435317241855306e-06
first_order_signed,0,32,3.946906734021471e-08,3.889107321269704e-08,5.779941275176719e-10,4.329394376334505e-09,6.693580612004979e-09,3.946882998207002e-08,3.889088873165747e-08,6.013776374488217e-06,4.7435317241855306e-06
first_order_abs,42,12,5.275661659685142e-08,5.220599517843521e-08,5.506214184162081e-10,6.42900529479462e-09,7.934605439352538e-09,5.2756888635485666e-08,5.220657683935315e-08,5.156483713204325e-06,1.1141649842065713e-05
first_order_signed,42,12,5.275661659685142e-08,5.220599517843521e-08,5.506214184162081e-10,6.42900529479462e-09,7.934605439352538e-09,5.2756888635485666e-08,5.220657683935315e-08,5.156483713204325e-06,1.1141649842065713e-05
first_order_abs,66,32,3.9427801162292135e-08,3.889107321269704e-08,5.367279495950937e-10,4.5747444055166396e-09,6.693580612004979e-09,3.9427376918865775e-08,3.889088873165747e-08,1.076000725004724e-05,4.7435317241855306e-06
first_order_signed,66,32,3.9427801162292135e-08,3.889107321269704e-08,5.367279495950937e-10,4.5747444055166396e-09,6.693580612004979e-09,3.9427376918865775e-08,3.889088873165747e-08,1.076000725004724e-05,4.7435317241855306e-06
first_order_abs,26,53,4.581858096179697e-08,4.529262818169316e-08,5.259527801038106e-10,8.090811853822544e-09,9.662174127456068e-09,4.5822922345450934e-08,4.528903829736919e-08,9.475159559354661e-05,7.92597927762417e-05
first_order_signed,26,53,4.581858096179697e-08,4.529262818169316e-08,5.259527801038106e-10,8.090811853822544e-09,9.662174127456068e-09,4.5822922345450934e-08,4.528903829736919e-08,9.475159559354661e-05,7.92597927762417e-05
first_order_abs,124,64,1.7898613071536187e-07,1.784940156586585e-07,4.921150567033722e-10,2.432921681894129e-08,3.005048618831552e-08,1.7898321402753936e-07,1.7838425492300303e-07,1.629560799403568e-05,0.0006149266979648695
first_order_signed,124,64,1.7898613071536187e-07,1.784940156586585e-07,4.921150567033722e-10,2.432921681894129e-08,3.005048618831552e-08,1.7898321402753936e-07,1.7838425492300303e-07,1.629560799403568e-05,0.0006149266979648695
first_order_abs,79,81,1.2302294417981364e-07,1.2259017961143253e-07,4.3276456838110947e-10,1.5317005086501465e-08,2.0547738088794175e-08,1.2302251661822083e-07,1.2256998616066994e-07,3.475462204720315e-06,0.00016472323335033512
first_order_signed,79,81,1.2302294417981364e-07,1.2259017961143253e-07,4.3276456838110947e-10,1.5317005086501465e-08,2.0547738088794175e-08,1.2302251661822083e-07,1.2256998616066994e-07,3.475462204720315e-06,0.00016472323335033512
first_order_abs,55,32,3.9295526583758535e-08,3.889107321269704e-08,4.044533710614937e-10,4.980787804420572e-09,6.693580612004979e-09,3.929544334368984e-08,3.889088873165747e-08,2.1183090273054887e-06,4.7435317241855306e-06
first_order_signed,55,32,3.9295526583758535e-08,3.889107321269704e-08,4.044533710614937e-10,4.980787804420572e-09,6.693580612004979e-09,3.929544334368984e-08,3.889088873165747e-08,2.1183090273054887e-06,4.7435317241855306e-06
first_order_abs,67,3,8.611253858189556e-08,8.571599272853237e-08,3.9654585336318584e-10,1.1134036781434986e-08,1.2657010772798571e-08,8.611957724724562e-08,8.572295229214433e-08,8.173798457194542e-05,8.119329182825081e-05
first_order_signed,67,3,8.611253858189556e-08,8.571599272853237e-08,3.9654585336318584e-10,1.1134036781434986e-08,1.2657010772798571e-08,8.611957724724562e-08,8.572295229214433e-08,8.173798457194542e-05,8.119329182825081e-05
first_order_abs,44,49,4.539078312846886e-08,4.501271243377797e-08,3.7807069469088965e-10,6.845407862776653e-09,7.0122936568495215e-09,4.539142040016486e-08,4.5020705385923065e-08,1.4039671758904097e-05,0.00017757099523509488
first_order_signed,44,49,4.539078312846886e-08,4.501271243377797e-08,3.7807069469088965e-10,6.845407862776653e-09,7.0122936568495215e-09,4.539142040016486e-08,4.5020705385923065e-08,1.4039671758904097e-05,0.00017757099523509488
first_order_abs,2,98,1.0729894294663803e-07,1.0692258987152722e-07,3.76353075110805e-10,1.9928708283600827e-08,2.6404627373466383e-08,1.0701042896243962e-07,1.0676933470676886e-07,0.002688880023188049,0.0014333282138274752
first_order_signed,2,98,1.0729894294663803e-07,1.0692258987152722e-07,3.76353075110805e-10,1.9928708283600827e-08,2.6404627373466383e-08,1.0701042896243962e-07,1.0676933470676886e-07,0.002688880023188049,0.0014333282138274752
first_order_abs,46,49,4.5385162035830736e-08,4.501271243377797e-08,3.7244960205276715e-10,5.620037069054006e-09,7.0122936568495215e-09,4.5386340019604177e-08,4.5020705385923065e-08,2.5955262041613758e-05,0.00017757099523509488
first_order_signed,46,49,4.5385162035830736e-08,4.501271243377797e-08,3.7244960205276715e-10,5.620037069054006e-09,7.0122936568495215e-09,4.5386340019604177e-08,4.5020705385923065e-08,2.5955262041613758e-05,0.00017757099523509488
first_order_abs,24,41,2.6220676327255106e-08,2.5885927878612967e-08,3.347484486421394e-10,3.6742379472265437e-09,4.976692991043308e-09,2.622040717881191e-08,2.5885404042469418e-08,1.026474068922597e-05,2.0236328634061015e-05
first_order_signed,24,41,2.6220676327255106e-08,2.5885927878612967e-08,3.347484486421394e-10,3.6742379472265437e-09,4.976692991043308e-09,2.622040717881191e-08,2.5885404042469418e-08,1.026474068922597e-05,2.0236328634061015e-05
first_order_abs,47,103,3.086969252435416e-08,3.054582773673119e-08,3.238647876229693e-10,3.4032799356431553e-09,5.6440286000380974e-09,3.086938349383672e-08,3.0536554618265654e-08,1.0010806463043385e-05,0.0003035805264619527
first_order_signed,47,103,3.086969252435416e-08,3.054582773673119e-08,3.238647876229693e-10,3.4032799356431553e-09,5.6440286000380974e-09,3.086938349383672e-08,3.0536554618265654e-08,1.0010806463043385e-05,0.0003035805264619527
first_order_abs,44,59,4.539078312846886e-08,4.5095536694725035e-08,2.952464337438234e-10,6.845407862776653e-09,7.014085823264792e-09,4.539142040016486e-08,4.509104201133596e-08,1.4039671758904097e-05,9.967024939748893e-05
first_order_signed,44,59,4.539078312846886e-08,4.5095536694725035e-08,2.952464337438234e-10,6.845407862776653e-09,7.014085823264792e-09,4.539142040016486e-08,4.509104201133596e-08,1.4039671758904097e-05,9.967024939748893e-05
first_order_abs,46,59,4.5385162035830736e-08,4.5095536694725035e-08,2.896253411057009e-10,5.620037069054006e-09,7.014085823264792e-09,4.5386340019604177e-08,4.509104201133596e-08,2.5955262041613758e-05,9.967024939748893e-05
first_order_signed,46,59,4.5385162035830736e-08,4.5095536694725035e-08,2.896253411057009e-10,5.620037069054006e-09,7.014085823264792e-09,4.5386340019604177e-08,4.509104201133596e-08,2.5955262041613758e-05,9.967024939748893e-05
first_order_abs,25,72,2.0779953836908197e-08,2.0514112874105924e-08,2.6584096280227297e-10,2.8509323901637626e-09,3.2208488487395212e-09,2.0781278919912438e-08,2.0516852217156156e-08,6.376736996825773e-05,0.00013353456067263257
first_order_signed,25,72,2.0779953836908197e-08,2.0514112874105924e-08,2.6584096280227297e-10,2.8509323901637626e-09,3.2208488487395212e-09,2.0781278919912438e-08,2.0516852217156156e-08,6.376736996825773e-05,0.00013353456067263257
first_order_abs,24,54,2.6220676327255106e-08,2.5997329282124308e-08,2.2334704513079838e-10,3.6742379472265437e-09,3.969049111596234e-09,2.622040717881191e-08,2.6000208208643016e-08,1.026474068922597e-05,0.00011073931816096476
first_order_signed,24,54,2.6220676327255106e-08,2.5997329282124308e-08,2.2334704513079838e-10,3.6742379472265437e-09,3.969049111596234e-09,2.622040717881191e-08,2.6000208208643016e-08,1.026474068922597e-05,0.00011073931816096476
first_order_abs,51,99,5.7434612864860814e-08,5.722321193806525e-08,2.1140092679556116e-10,6.2621806740104085e-09,8.1265473905745e-09,5.743674336144977e-08,5.722526807971917e-08,3.709429702208857e-05,3.5931951113555046e-05
first_order_signed,51,99,5.7434612864860814e-08,5.722321193806525e-08,2.1140092679556116e-10,6.2621806740104085e-09,8.1265473905745e-09,5.743674336144977e-08,5.722526807971917e-08,3.709429702208857e-05,3.5931951113555046e-05
first_order_abs,0,55,3.946906734021471e-08,3.9295526583758535e-08,1.7354075645617822e-10,4.329394376334505e-09,4.980787804420572e-09,3.946882998207002e-08,3.929544334368984e-08,6.013776374488217e-06,2.1183090273054887e-06
first_order_signed,0,55,3.946906734021471e-08,3.9295526583758535e-08,1.7354075645617822e-10,4.329394376334505e-09,4.980787804420572e-09,3.946882998207002e-08,3.929544334368984e-08,6.013776374488217e-06,2.1183090273054887e-06
first_order_abs,12,122,5.220599517843521e-08,5.205540461196481e-08,1.5059056647040363e-10,7.934605439352538e-09,7.999724194185376e-09,5.220657683935315e-08,5.205438924349437e-08,1.1141649842065713e-05,1.9505534113269672e-05
first_order_signed,12,122,5.220599517843521e-08,5.205540461196481e-08,1.5059056647040363e-10,7.934605439352538e-09,7.999724194185376e-09,5.220657683935315e-08,5.205438924349437e-08,1.1141649842065713e-05,1.9505534113269672e-05
first_order_abs,66,55,3.9427801162292135e-08,3.9295526583758535e-08,1.322745785336e-10,4.5747444055166396e-09,4.980787804420572e-09,3.9427376918865775e-08,3.929544334368984e-08,1.076000725004724e-05,2.1183090273054887e-06
first_order_signed,66,55,3.9427801162292135e-08,3.9295526583758535e-08,1.322745785336e-10,4.5747444055166396e-09,4.980787804420572e-09,3.9427376918865775e-08,3.929544334368984e-08,1.076000725004724e-05,2.1183090273054887e-06
first_order_abs,92,29,4.2152293846120464e-08,4.203100165945442e-08,1.2129218666604248e-10,4.440829748375563e-09,5.257889723608855e-09,4.215273108343354e-08,4.20315906524138e-08,1.0372799987313574e-05,1.401329818754836e-05
first_order_signed,92,29,4.2152293846120464e-08,4.203100165945442e-08,1.2129218666604248e-10,4.440829748375563e-09,5.257889723608855e-09,4.215273108343354e-08,4.20315906524138e-08,1.0372799987313574e-05,1.401329818754836e-05
first_order_abs,96,69,4.138486400791027e-08,4.126403798840492e-08,1.208260195053447e-10,6.279506636897025e-09,7.323551998172916e-09,4.1399985661882965e-08,4.126890118527626e-08,0.0003653909306022377,0.00011785557372515352
first_order_signed,96,69,4.138486400791027e-08,4.126403798840492e-08,1.208260195053447e-10,6.279506636897025e-09,7.323551998172916e-09,4.1399985661882965e-08,4.126890118527626e-08,0.0003653909306022377,0.00011785557372515352
first_order_abs,54,41,2.5997329282124308e-08,2.5885927878612967e-08,1.1140140351134104e-10,3.969049111596234e-09,4.976692991043308e-09,2.6000208208643016e-08,2.5885404042469418e-08,0.00011073931816096476,2.0236328634061015e-05
first_order_signed,54,41,2.5997329282124308e-08,2.5885927878612967e-08,1.1140140351134104e-10,3.969049111596234e-09,4.976692991043308e-09,2.6000208208643016e-08,2.5885404042469418e-08,0.00011073931816096476,2.0236328634061015e-05
first_order_abs,44,53,4.539078312846886e-08,4.529262818169316e-08,9.815494677569717e-11,6.845407862776653e-09,9.662174127456068e-09,4.539142040016486e-08,4.528903829736919e-08,1.4039671758904097e-05,7.92597927762417e-05
first_order_signed,44,53,4.539078312846886e-08,4.529262818169316e-08,9.815494677569717e-11,6.845407862776653e-09,9.662174127456068e-09,4.539142040016486e-08,4.528903829736919e-08,1.4039671758904097e-05,7.92597927762417e-05
first_order_abs,46,53,4.5385162035830736e-08,4.529262818169316e-08,9.253385413757467e-11,5.620037069054006e-09,9.662174127456068e-09,4.5386340019604177e-08,4.528903829736919e-08,2.5955262041613758e-05,7.92597927762417e-05
first_order_signed,46,53,4.5385162035830736e-08,4.529262818169316e-08,9.253385413757467e-11,5.620037069054006e-09,9.662174127456068e-09,4.5386340019604177e-08,4.528903829736919e-08,2.5955262041613758e-05,7.92597927762417e-05
first_order_abs,109,80,4.9944298504261063e-08,4.9858168296861605e-08,8.61302073994582e-11,5.029720950844307e-09,7.877586449822615e-09,4.994455338191983e-08,4.9854183004072183e-08,5.103238335535275e-06,7.993259531102033e-05
first_order_signed,109,80,4.9944298504261063e-08,4.9858168296861605e-08,8.61302073994582e-11,5.029720950844307e-09,7.877586449822615e-09,4.994455338191983e-08,4.9854183004072183e-08,5.103238335535275e-06,7.993259531102033e-05
first_order_abs,116,50,7.10998220131772e-08,7.102180668059992e-08,7.801533257727991e-11,8.909839710469213e-09,1.5356485061346346e-08,7.109583322062463e-08,7.090638831641627e-08,5.610130151704737e-05,0.0016251116323006036
first_order_signed,116,50,7.10998220131772e-08,7.102180668059992e-08,7.801533257727991e-11,8.909839710469213e-09,1.5356485061346346e-08,7.109583322062463e-08,7.090638831641627e-08,5.610130151704737e-05,0.0016251116323006036
first_order_abs,12,45,5.220599517843521e-08,5.214470753305639e-08,6.128764537881941e-11,7.934605439352538e-09,8.629702330509302e-09,5.220657683935315e-08,5.21381764428952e-08,1.1141649842065713e-05,0.00012524933919806996
first_order_signed,12,45,5.220599517843521e-08,5.214470753305639e-08,6.128764537881941e-11,7.934605439352538e-09,8.629702330509302e-09,5.220657683935315e-08,5.21381764428952e-08,1.1141649842065713e-05,0.00012524933919806996
first_order_abs,67,107,8.611253858189556e-08,8.606169340408391e-08,5.084517781164294e-11,1.1134036781434986e-08,1.663169879595472e-08,8.611957724724562e-08,8.602605561236487e-08,8.173798457194542e-05,0.0004140958690147303
first_order_signed,67,107,8.611253858189556e-08,8.606169340408391e-08,5.084517781164294e-11,1.1134036781434986e-08,1.663169879595472e-08,8.611957724724562e-08,8.602605561236487e-08,8.173798457194542e-05,0.0004140958690147303
first_order_abs,10,69,4.1312248773767634e-08,4.126403798840492e-08,4.82107853627107e-11,5.157119387089182e-09,7.323551998172916e-09,4.1309206721962255e-08,4.126890118527626e-08,7.363558982319695e-05,0.00011785557372515352
first_order_signed,10,69,4.1312248773767634e-08,4.126403798840492e-08,4.82107853627107e-11,5.157119387089182e-09,7.323551998172916e-09,4.1309206721962255e-08,4.126890118527626e-08,7.363558982319695e-05,0.00011785557372515352
first_order_abs,0,66,3.946906734021471e-08,3.9427801162292135e-08,4.126617792257823e-11,4.329394376334505e-09,4.5747444055166396e-09,3.946882998207002e-08,3.9427376918865775e-08,6.013776374488217e-06,1.076000725004724e-05
first_order_signed,0,66,3.946906734021471e-08,3.9427801162292135e-08,4.126617792257823e-11,4.329394376334505e-09,4.5747444055166396e-09,3.946882998207002e-08,3.9427376918865775e-08,6.013776374488217e-06,1.076000725004724e-05
first_order_abs,89,37,7.762380133093168e-08,7.758321146589115e-08,4.0589865040535034e-11,7.940589452637424e-09,1.0405443928718227e-08,7.762312037584707e-08,7.758733744367419e-08,8.772503703012861e-06,5.31813224160334e-05
first_order_signed,89,37,7.762380133093168e-08,7.758321146589115e-08,4.0589865040535034e-11,7.940589452637424e-09,1.0405443928718227e-08,7.762312037584707e-08,7.758733744367419e-08,8.772503703012861e-06,5.31813224160334e-05
first_order_abs,108,40,8.226436222415004e-08,8.224532038438185e-08,1.9041839768195347e-11,9.022701896732599e-09,1.0020814977806936e-08,8.233610060415231e-08,8.227036119023978e-08,0.0008720468750100524,0.0003044648101667692
first_order_signed,108,40,8.226436222415004e-08,8.224532038438185e-08,1.9041839768195347e-11,9.022701896732599e-09,1.0020814977806936e-08,8.233610060415231e-08,8.227036119023978e-08,0.0008720468750100524,0.0003044648101667692
first_order_abs,74,97,4.9159058114979576e-08,4.915254545596428e-08,6.512659015294908e-12,5.260755375768866e-09,7.192669215783098e-09,4.9158860093712065e-08,4.9149235792356194e-08,4.0281745644674956e-06,6.733453125134107e-05
first_order_signed,74,97,4.9159058114979576e-08,4.915254545596428e-08,6.512659015294908e-12,5.260755375768866e-09,7.192669215783098e-09,4.9158860093712065e-08,4.9149235792356194e-08,4.0281745644674956e-06,6.733453125134107e-05
first_order_abs,73,90,1.712803568112772e-08,1.7124532904896447e-08,3.502776231274362e-12,2.712070606980532e-09,2.815058686156391e-09,1.712809272191862e-08,1.7123541695696076e-08,3.3302587617206505e-06,5.788240799768162e-05
first_order_signed,73,90,1.712803568112772e-08,1.7124532904896447e-08,3.502776231274362e-12,2.712070606980532e-09,2.815058686156391e-09,1.712809272191862e-08,1.7123541695696076e-08,3.3302587617206505e-06,5.788240799768162e-05
