timestamp,index,memory_used_mib,memory_total_mib,utilization_gpu_percent,power_watts
2026/09/26 01:01:05.729, 0, 0, 97871, 0, 98.99
2026/09/26 01:01:05.733, 1, 0, 97871, 0, 78.44
2026/09/26 01:01:05.736, 2, 0, 97871, 0, 78.06
2026/09/26 01:01:05.740, 3, 0, 97871, 0, 79.58
2026/09/26 01:01:05.943, 0, 0, 97871, 0, 90.37
2026/09/26 01:01:05.943, 1, 0, 97871, 0, 78.18
2026/09/26 01:01:05.943, 2, 0, 97871, 0, 77.68
2026/09/26 01:01:05.943, 3, 0, 97871, 0, 79.19
2026/09/26 01:01:06.144, 0, 0, 97871, 0, 80.44
2026/09/26 01:01:06.144, 1, 0, 97871, 0, 77.95
2026/09/26 01:01:06.144, 2, 0, 97871, 0, 77.31
2026/09/26 01:01:06.144, 3, 0, 97871, 0, 78.91
2026/09/26 01:01:06.344, 0, 0, 97871, 0, 75.14
2026/09/26 01:01:06.344, 1, 0, 97871, 0, 77.69
2026/09/26 01:01:06.344, 2, 0, 97871, 0, 76.95
2026/09/26 01:01:06.344, 3, 0, 97871, 0, 78.64
2026/09/26 01:01:06.544, 0, 0, 97871, 0, 74.88
2026/09/26 01:01:06.544, 1, 0, 97871, 0, 77.46
2026/09/26 01:01:06.544, 2, 0, 97871, 0, 76.73
2026/09/26 01:01:06.544, 3, 0, 97871, 0, 78.41
2026/09/26 01:01:06.744, 0, 0, 97871, 0, 74.62
2026/09/26 01:01:06.744, 1, 0, 97871, 0, 77.24
2026/09/26 01:01:06.744, 2, 0, 97871, 0, 76.47
2026/09/26 01:01:06.744, 3, 0, 97871, 0, 78.18
2026/09/26 01:01:06.944, 0, 0, 97871, 0, 74.37
2026/09/26 01:01:06.945, 1, 0, 97871, 0, 77.08
2026/09/26 01:01:06.945, 2, 0, 97871, 0, 76.23
2026/09/26 01:01:06.945, 3, 0, 97871, 0, 78.00
2026/09/26 01:01:07.145, 0, 0, 97871, 0, 74.18
2026/09/26 01:01:07.145, 1, 0, 97871, 0, 76.99
2026/09/26 01:01:07.145, 2, 0, 97871, 0, 76.06
2026/09/26 01:01:07.145, 3, 0, 97871, 0, 77.82
2026/09/26 01:01:07.345, 0, 0, 97871, 0, 74.02
2026/09/26 01:01:07.345, 1, 0, 97871, 0, 76.90
2026/09/26 01:01:07.345, 2, 0, 97871, 0, 75.96
2026/09/26 01:01:07.345, 3, 0, 97871, 0, 77.74
2026/09/26 01:01:07.545, 0, 0, 97871, 0, 73.89
2026/09/26 01:01:07.545, 1, 0, 97871, 0, 76.88
2026/09/26 01:01:07.545, 2, 0, 97871, 0, 75.82
2026/09/26 01:01:07.545, 3, 0, 97871, 0, 77.65
2026/09/26 01:01:07.745, 0, 0, 97871, 0, 73.81
2026/09/26 01:01:07.745, 1, 0, 97871, 0, 76.85
2026/09/26 01:01:07.745, 2, 0, 97871, 0, 75.78
2026/09/26 01:01:07.745, 3, 0, 97871, 0, 77.62
2026/09/26 01:01:07.945, 0, 0, 97871, 0, 73.78
2026/09/26 01:01:07.945, 1, 0, 97871, 0, 76.83
2026/09/26 01:01:07.945, 2, 0, 97871, 0, 75.78
2026/09/26 01:01:07.946, 3, 0, 97871, 0, 77.60
2026/09/26 01:01:08.146, 0, 0, 97871, 0, 73.77
2026/09/26 01:01:08.146, 1, 0, 97871, 0, 76.81
2026/09/26 01:01:08.146, 2, 0, 97871, 0, 75.78
2026/09/26 01:01:08.146, 3, 0, 97871, 0, 77.59
2026/09/26 01:01:08.346, 0, 0, 97871, 0, 73.75
2026/09/26 01:01:08.346, 1, 0, 97871, 0, 76.79
2026/09/26 01:01:08.346, 2, 0, 97871, 0, 75.71
2026/09/26 01:01:08.346, 3, 0, 97871, 0, 77.55
2026/09/26 01:01:08.546, 0, 0, 97871, 0, 73.76
2026/09/26 01:01:08.546, 1, 0, 97871, 0, 76.78
2026/09/26 01:01:08.546, 2, 0, 97871, 0, 75.76
2026/09/26 01:01:08.546, 3, 0, 97871, 0, 77.55
2026/09/26 01:01:08.746, 0, 0, 97871, 0, 73.75
2026/09/26 01:01:08.746, 1, 0, 97871, 0, 76.75
2026/09/26 01:01:08.746, 2, 0, 97871, 0, 75.75
2026/09/26 01:01:08.746, 3, 0, 97871, 0, 77.54
2026/09/26 01:01:08.946, 0, 0, 97871, 0, 73.75
2026/09/26 01:01:08.946, 1, 0, 97871, 0, 76.73
2026/09/26 01:01:08.946, 2, 0, 97871, 0, 75.70
2026/09/26 01:01:08.946, 3, 0, 97871, 0, 77.50
2026/09/26 01:01:09.146, 0, 0, 97871, 0, 73.75
2026/09/26 01:01:09.146, 1, 0, 97871, 0, 76.72
2026/09/26 01:01:09.146, 2, 0, 97871, 0, 75.70
2026/09/26 01:01:09.146, 3, 0, 97871, 0, 77.48
2026/09/26 01:01:09.347, 0, 0, 97871, 0, 73.75
2026/09/26 01:01:09.347, 1, 0, 97871, 0, 76.71
2026/09/26 01:01:09.347, 2, 0, 97871, 0, 75.73
2026/09/26 01:01:09.347, 3, 0, 97871, 0, 77.46
2026/09/26 01:01:09.547, 0, 0, 97871, 0, 73.71
2026/09/26 01:01:09.547, 1, 0, 97871, 0, 76.69
2026/09/26 01:01:09.547, 2, 0, 97871, 0, 75.68
2026/09/26 01:01:09.547, 3, 0, 97871, 0, 77.42
2026/09/26 01:01:09.747, 0, 0, 97871, 0, 73.71
2026/09/26 01:01:09.747, 1, 0, 97871, 0, 76.69
2026/09/26 01:01:09.747, 2, 0, 97871, 0, 75.65
2026/09/26 01:01:09.747, 3, 0, 97871, 0, 77.42
2026/09/26 01:01:09.947, 0, 0, 97871, 0, 73.69
2026/09/26 01:01:09.947, 1, 0, 97871, 0, 76.68
2026/09/26 01:01:09.947, 2, 0, 97871, 0, 75.68
2026/09/26 01:01:09.947, 3, 0, 97871, 0, 77.43
2026/09/26 01:01:10.147, 0, 0, 97871, 0, 73.70
2026/09/26 01:01:10.147, 1, 0, 97871, 0, 76.66
2026/09/26 01:01:10.147, 2, 0, 97871, 0, 75.68
2026/09/26 01:01:10.147, 3, 0, 97871, 0, 77.40
2026/09/26 01:01:10.347, 0, 0, 97871, 0, 73.68
2026/09/26 01:01:10.347, 1, 0, 97871, 0, 76.66
2026/09/26 01:01:10.347, 2, 0, 97871, 0, 75.60
2026/09/26 01:01:10.347, 3, 0, 97871, 0, 77.38
2026/09/26 01:01:10.547, 0, 0, 97871, 0, 73.70
2026/09/26 01:01:10.547, 1, 0, 97871, 0, 76.67
2026/09/26 01:01:10.548, 2, 0, 97871, 0, 75.62
2026/09/26 01:01:10.548, 3, 0, 97871, 0, 77.38
2026/09/26 01:01:10.748, 0, 0, 97871, 0, 73.68
2026/09/26 01:01:10.748, 1, 0, 97871, 0, 76.66
2026/09/26 01:01:10.748, 2, 0, 97871, 0, 75.61
2026/09/26 01:01:10.748, 3, 0, 97871, 0, 77.35
2026/09/26 01:01:10.948, 0, 0, 97871, 0, 73.68
2026/09/26 01:01:10.948, 1, 0, 97871, 0, 76.63
2026/09/26 01:01:10.948, 2, 0, 97871, 0, 75.55
2026/09/26 01:01:10.948, 3, 0, 97871, 0, 77.34
2026/09/26 01:01:11.148, 0, 0, 97871, 0, 73.65
2026/09/26 01:01:11.148, 1, 0, 97871, 0, 76.62
2026/09/26 01:01:11.148, 2, 0, 97871, 0, 75.56
2026/09/26 01:01:11.148, 3, 0, 97871, 0, 77.37
2026/09/26 01:01:11.348, 0, 0, 97871, 0, 73.62
2026/09/26 01:01:11.348, 1, 0, 97871, 0, 76.60
2026/09/26 01:01:11.349, 2, 0, 97871, 0, 75.57
2026/09/26 01:01:11.349, 3, 0, 97871, 0, 77.39
2026/09/26 01:01:11.549, 0, 0, 97871, 0, 73.61
2026/09/26 01:01:11.549, 1, 0, 97871, 0, 76.58
2026/09/26 01:01:11.549, 2, 0, 97871, 0, 75.52
2026/09/26 01:01:11.549, 3, 0, 97871, 0, 77.43
2026/09/26 01:01:11.749, 0, 0, 97871, 0, 73.58
2026/09/26 01:01:11.749, 1, 0, 97871, 0, 76.55
2026/09/26 01:01:11.749, 2, 0, 97871, 0, 75.48
2026/09/26 01:01:11.749, 3, 0, 97871, 0, 77.46
2026/09/26 01:01:11.949, 0, 0, 97871, 0, 73.57
2026/09/26 01:01:11.949, 1, 0, 97871, 0, 76.56
2026/09/26 01:01:11.949, 2, 0, 97871, 0, 75.49
2026/09/26 01:01:11.949, 3, 0, 97871, 0, 77.47
2026/09/26 01:01:12.149, 0, 0, 97871, 0, 73.55
2026/09/26 01:01:12.149, 1, 0, 97871, 0, 76.54
2026/09/26 01:01:12.149, 2, 0, 97871, 0, 75.49
2026/09/26 01:01:12.149, 3, 0, 97871, 0, 77.48
2026/09/26 01:01:12.349, 0, 0, 97871, 0, 73.56
2026/09/26 01:01:12.349, 1, 0, 97871, 0, 76.54
2026/09/26 01:01:12.349, 2, 0, 97871, 0, 75.44
2026/09/26 01:01:12.349, 3, 0, 97871, 0, 77.47
2026/09/26 01:01:12.549, 0, 0, 97871, 0, 73.54
2026/09/26 01:01:12.549, 1, 0, 97871, 0, 76.54
2026/09/26 01:01:12.549, 2, 0, 97871, 0, 75.46
2026/09/26 01:01:12.549, 3, 0, 97871, 0, 77.46
2026/09/26 01:01:12.749, 0, 0, 97871, 0, 73.54
2026/09/26 01:01:12.750, 1, 0, 97871, 0, 76.53
2026/09/26 01:01:12.750, 2, 0, 97871, 0, 75.49
2026/09/26 01:01:12.750, 3, 0, 97871, 0, 77.43
2026/09/26 01:01:12.950, 0, 0, 97871, 0, 73.53
2026/09/26 01:01:12.950, 1, 0, 97871, 0, 76.49
2026/09/26 01:01:12.950, 2, 0, 97871, 0, 75.45
2026/09/26 01:01:12.950, 3, 0, 97871, 0, 77.42
2026/09/26 01:01:13.150, 0, 0, 97871, 0, 73.51
2026/09/26 01:01:13.150, 1, 0, 97871, 0, 76.49
2026/09/26 01:01:13.150, 2, 0, 97871, 0, 75.42
2026/09/26 01:01:13.150, 3, 0, 97871, 0, 77.39
2026/09/26 01:01:13.350, 0, 0, 97871, 0, 73.49
2026/09/26 01:01:13.350, 1, 0, 97871, 0, 76.46
2026/09/26 01:01:13.350, 2, 0, 97871, 0, 75.45
2026/09/26 01:01:13.350, 3, 0, 97871, 0, 77.38
2026/09/26 01:01:13.550, 0, 0, 97871, 0, 73.50
2026/09/26 01:01:13.550, 1, 0, 97871, 0, 76.44
2026/09/26 01:01:13.550, 2, 0, 97871, 0, 75.45
2026/09/26 01:01:13.550, 3, 0, 97871, 0, 77.36
2026/09/26 01:01:13.750, 0, 0, 97871, 0, 73.49
2026/09/26 01:01:13.750, 1, 0, 97871, 0, 76.43
2026/09/26 01:01:13.750, 2, 0, 97871, 0, 75.41
2026/09/26 01:01:13.750, 3, 0, 97871, 0, 77.37
2026/09/26 01:01:13.950, 0, 0, 97871, 0, 73.50
2026/09/26 01:01:13.951, 1, 0, 97871, 0, 76.41
2026/09/26 01:01:13.951, 2, 0, 97871, 0, 75.44
2026/09/26 01:01:13.951, 3, 0, 97871, 0, 77.36
2026/09/26 01:01:14.151, 0, 0, 97871, 0, 73.48
2026/09/26 01:01:14.151, 1, 0, 97871, 0, 76.41
2026/09/26 01:01:14.151, 2, 0, 97871, 0, 75.46
2026/09/26 01:01:14.151, 3, 0, 97871, 0, 77.34
2026/09/26 01:01:14.351, 0, 0, 97871, 0, 73.50
2026/09/26 01:01:14.351, 1, 0, 97871, 0, 76.39
2026/09/26 01:01:14.351, 2, 0, 97871, 0, 75.40
2026/09/26 01:01:14.351, 3, 0, 97871, 0, 77.32
2026/09/26 01:01:14.551, 0, 0, 97871, 0, 73.49
2026/09/26 01:01:14.551, 1, 0, 97871, 0, 76.37
2026/09/26 01:01:14.551, 2, 0, 97871, 0, 75.39
2026/09/26 01:01:14.551, 3, 0, 97871, 0, 77.32
2026/09/26 01:01:14.751, 0, 0, 97871, 0, 73.49
2026/09/26 01:01:14.751, 1, 0, 97871, 0, 76.34
2026/09/26 01:01:14.751, 2, 0, 97871, 0, 75.42
2026/09/26 01:01:14.751, 3, 0, 97871, 0, 77.29
2026/09/26 01:01:14.951, 0, 0, 97871, 0, 73.46
2026/09/26 01:01:14.951, 1, 0, 97871, 0, 76.35
2026/09/26 01:01:14.951, 2, 0, 97871, 0, 75.39
2026/09/26 01:01:14.951, 3, 0, 97871, 0, 77.29
2026/09/26 01:01:15.152, 0, 0, 97871, 0, 73.48
2026/09/26 01:01:15.152, 1, 0, 97871, 0, 76.29
2026/09/26 01:01:15.152, 2, 0, 97871, 0, 75.33
2026/09/26 01:01:15.152, 3, 0, 97871, 0, 77.27
2026/09/26 01:01:15.352, 0, 0, 97871, 0, 73.46
2026/09/26 01:01:15.352, 1, 0, 97871, 0, 76.28
2026/09/26 01:01:15.352, 2, 0, 97871, 0, 75.35
2026/09/26 01:01:15.352, 3, 0, 97871, 0, 77.29
2026/09/26 01:01:15.552, 0, 0, 97871, 0, 73.48
2026/09/26 01:01:15.552, 1, 0, 97871, 0, 76.24
2026/09/26 01:01:15.552, 2, 0, 97871, 0, 75.35
2026/09/26 01:01:15.552, 3, 0, 97871, 0, 77.26
2026/09/26 01:01:15.752, 0, 0, 97871, 0, 73.46
2026/09/26 01:01:15.752, 1, 0, 97871, 0, 76.24
2026/09/26 01:01:15.752, 2, 0, 97871, 0, 75.31
2026/09/26 01:01:15.752, 3, 0, 97871, 0, 77.26
2026/09/26 01:01:15.952, 0, 0, 97871, 0, 73.47
2026/09/26 01:01:15.952, 1, 0, 97871, 0, 76.22
2026/09/26 01:01:15.952, 2, 0, 97871, 0, 75.31
2026/09/26 01:01:15.952, 3, 0, 97871, 0, 77.24
2026/09/26 01:01:16.152, 0, 0, 97871, 0, 73.43
2026/09/26 01:01:16.152, 1, 0, 97871, 0, 76.24
2026/09/26 01:01:16.152, 2, 0, 97871, 0, 75.35
2026/09/26 01:01:16.152, 3, 0, 97871, 0, 77.23
2026/09/26 01:01:16.352, 0, 0, 97871, 0, 73.43
2026/09/26 01:01:16.352, 1, 0, 97871, 0, 76.21
2026/09/26 01:01:16.352, 2, 0, 97871, 0, 75.34
2026/09/26 01:01:16.352, 3, 0, 97871, 0, 77.22
2026/09/26 01:01:16.552, 0, 0, 97871, 0, 73.41
2026/09/26 01:01:16.553, 1, 0, 97871, 0, 76.22
2026/09/26 01:01:16.553, 2, 0, 97871, 0, 75.30
2026/09/26 01:01:16.553, 3, 0, 97871, 0, 77.21
2026/09/26 01:01:16.753, 0, 0, 97871, 0, 73.42
2026/09/26 01:01:16.753, 1, 0, 97871, 0, 76.23
2026/09/26 01:01:16.753, 2, 0, 97871, 0, 75.31
2026/09/26 01:01:16.753, 3, 0, 97871, 0, 77.19
2026/09/26 01:01:16.953, 0, 0, 97871, 0, 73.41
2026/09/26 01:01:16.953, 1, 0, 97871, 0, 76.23
2026/09/26 01:01:16.953, 2, 0, 97871, 0, 75.32
2026/09/26 01:01:16.953, 3, 0, 97871, 0, 77.18
2026/09/26 01:01:17.153, 0, 0, 97871, 0, 73.41
2026/09/26 01:01:17.153, 1, 0, 97871, 0, 76.20
2026/09/26 01:01:17.153, 2, 0, 97871, 0, 75.27
2026/09/26 01:01:17.153, 3, 0, 97871, 0, 77.18
2026/09/26 01:01:17.353, 0, 0, 97871, 0, 73.38
2026/09/26 01:01:17.353, 1, 0, 97871, 0, 76.19
2026/09/26 01:01:17.353, 2, 0, 97871, 0, 75.29
2026/09/26 01:01:17.353, 3, 0, 97871, 0, 77.15
2026/09/26 01:01:17.553, 0, 0, 97871, 0, 73.38
2026/09/26 01:01:17.553, 1, 0, 97871, 0, 76.20
2026/09/26 01:01:17.553, 2, 0, 97871, 0, 75.28
2026/09/26 01:01:17.553, 3, 0, 97871, 0, 77.14
2026/09/26 01:01:17.753, 0, 0, 97871, 0, 73.36
2026/09/26 01:01:17.754, 1, 0, 97871, 0, 76.19
2026/09/26 01:01:17.754, 2, 0, 97871, 0, 75.24
2026/09/26 01:01:17.754, 3, 0, 97871, 0, 77.14
2026/09/26 01:01:17.954, 0, 0, 97871, 0, 73.35
2026/09/26 01:01:17.954, 1, 0, 97871, 0, 76.16
2026/09/26 01:01:17.954, 2, 0, 97871, 0, 75.22
2026/09/26 01:01:17.954, 3, 0, 97871, 0, 77.13
2026/09/26 01:01:18.154, 0, 0, 97871, 0, 73.34
2026/09/26 01:01:18.154, 1, 0, 97871, 0, 76.16
2026/09/26 01:01:18.154, 2, 0, 97871, 0, 75.24
2026/09/26 01:01:18.154, 3, 0, 97871, 0, 77.11
2026/09/26 01:01:18.354, 0, 0, 97871, 0, 73.34
2026/09/26 01:01:18.354, 1, 0, 97871, 0, 76.16
2026/09/26 01:01:18.354, 2, 0, 97871, 0, 75.24
2026/09/26 01:01:18.354, 3, 0, 97871, 0, 77.11
2026/09/26 01:01:18.554, 0, 0, 97871, 0, 73.33
2026/09/26 01:01:18.554, 1, 0, 97871, 0, 76.16
2026/09/26 01:01:18.554, 2, 0, 97871, 0, 75.19
2026/09/26 01:01:18.554, 3, 0, 97871, 0, 77.08
2026/09/26 01:01:18.754, 0, 0, 97871, 0, 73.33
2026/09/26 01:01:18.754, 1, 0, 97871, 0, 76.12
2026/09/26 01:01:18.754, 2, 0, 97871, 0, 75.22
2026/09/26 01:01:18.754, 3, 0, 97871, 0, 77.07
2026/09/26 01:01:18.954, 0, 0, 97871, 0, 73.33
2026/09/26 01:01:18.954, 1, 0, 97871, 0, 76.13
2026/09/26 01:01:18.954, 2, 0, 97871, 0, 75.24
2026/09/26 01:01:18.954, 3, 0, 97871, 0, 77.05
2026/09/26 01:01:19.155, 0, 0, 97871, 0, 73.31
2026/09/26 01:01:19.155, 1, 0, 97871, 0, 76.10
2026/09/26 01:01:19.155, 2, 0, 97871, 0, 75.21
2026/09/26 01:01:19.155, 3, 0, 97871, 0, 77.05
2026/09/26 01:01:19.355, 0, 0, 97871, 0, 73.31
2026/09/26 01:01:19.355, 1, 0, 97871, 0, 76.10
2026/09/26 01:01:19.355, 2, 0, 97871, 0, 75.15
2026/09/26 01:01:19.355, 3, 0, 97871, 0, 77.03
2026/09/26 01:01:19.555, 0, 0, 97871, 0, 73.28
2026/09/26 01:01:19.555, 1, 0, 97871, 0, 76.08
2026/09/26 01:01:19.555, 2, 0, 97871, 0, 75.19
2026/09/26 01:01:19.555, 3, 0, 97871, 0, 77.02
2026/09/26 01:01:19.755, 0, 0, 97871, 0, 73.30
2026/09/26 01:01:19.755, 1, 0, 97871, 0, 76.09
2026/09/26 01:01:19.755, 2, 0, 97871, 0, 75.19
2026/09/26 01:01:19.755, 3, 0, 97871, 0, 77.02
2026/09/26 01:01:19.955, 0, 0, 97871, 0, 73.30
2026/09/26 01:01:19.955, 1, 0, 97871, 0, 76.07
2026/09/26 01:01:19.955, 2, 0, 97871, 0, 75.13
2026/09/26 01:01:19.955, 3, 0, 97871, 0, 76.99
2026/09/26 01:01:20.155, 0, 0, 97871, 0, 73.30
2026/09/26 01:01:20.155, 1, 0, 97871, 0, 76.06
2026/09/26 01:01:20.155, 2, 0, 97871, 0, 75.14
2026/09/26 01:01:20.155, 3, 0, 97871, 0, 76.96
2026/09/26 01:01:20.355, 0, 0, 97871, 0, 73.30
2026/09/26 01:01:20.355, 1, 0, 97871, 0, 76.04
2026/09/26 01:01:20.355, 2, 0, 97871, 0, 75.16
2026/09/26 01:01:20.355, 3, 0, 97871, 0, 76.94
2026/09/26 01:01:20.556, 0, 0, 97871, 0, 73.28
2026/09/26 01:01:20.556, 1, 0, 97871, 0, 76.00
2026/09/26 01:01:20.556, 2, 0, 97871, 0, 75.14
2026/09/26 01:01:20.556, 3, 0, 97871, 0, 76.92
2026/09/26 01:01:20.756, 0, 0, 97871, 0, 73.28
2026/09/26 01:01:20.756, 1, 0, 97871, 0, 75.98
2026/09/26 01:01:20.756, 2, 0, 97871, 0, 75.12
2026/09/26 01:01:20.756, 3, 0, 97871, 0, 76.89
2026/09/26 01:01:20.956, 0, 0, 97871, 0, 73.29
2026/09/26 01:01:20.956, 1, 0, 97871, 0, 75.95
2026/09/26 01:01:20.956, 2, 0, 97871, 0, 75.15
2026/09/26 01:01:20.956, 3, 0, 97871, 0, 76.86
2026/09/26 01:01:21.156, 0, 0, 97871, 0, 73.29
2026/09/26 01:01:21.156, 1, 0, 97871, 0, 75.93
2026/09/26 01:01:21.156, 2, 0, 97871, 0, 75.17
2026/09/26 01:01:21.156, 3, 0, 97871, 0, 76.86
2026/09/26 01:01:21.356, 0, 0, 97871, 0, 73.29
2026/09/26 01:01:21.356, 1, 0, 97871, 0, 75.94
2026/09/26 01:01:21.356, 2, 0, 97871, 0, 75.12
2026/09/26 01:01:21.356, 3, 0, 97871, 0, 76.85
2026/09/26 01:01:21.556, 0, 0, 97871, 0, 73.29
2026/09/26 01:01:21.556, 1, 0, 97871, 0, 75.92
2026/09/26 01:01:21.556, 2, 0, 97871, 0, 75.12
2026/09/26 01:01:21.556, 3, 0, 97871, 0, 76.86
2026/09/26 01:01:21.756, 0, 0, 97871, 0, 73.30
2026/09/26 01:01:21.757, 1, 0, 97871, 0, 75.92
2026/09/26 01:01:21.757, 2, 0, 97871, 0, 75.13
2026/09/26 01:01:21.757, 3, 0, 97871, 0, 76.85
2026/09/26 01:01:21.957, 0, 0, 97871, 0, 73.28
2026/09/26 01:01:21.957, 1, 0, 97871, 0, 75.90
2026/09/26 01:01:21.957, 2, 0, 97871, 0, 75.11
2026/09/26 01:01:21.957, 3, 0, 97871, 0, 76.85
2026/09/26 01:01:22.157, 0, 0, 97871, 0, 73.28
2026/09/26 01:01:22.157, 1, 0, 97871, 0, 75.90
2026/09/26 01:01:22.157, 2, 0, 97871, 0, 75.13
2026/09/26 01:01:22.157, 3, 0, 97871, 0, 76.83
2026/09/26 01:01:22.357, 0, 0, 97871, 0, 73.27
2026/09/26 01:01:22.358, 1, 0, 97871, 0, 75.87
2026/09/26 01:01:22.358, 2, 0, 97871, 0, 75.14
2026/09/26 01:01:22.358, 3, 0, 97871, 0, 76.84
2026/09/26 01:01:22.558, 0, 0, 97871, 0, 73.28
2026/09/26 01:01:22.558, 1, 0, 97871, 0, 75.85
2026/09/26 01:01:22.558, 2, 0, 97871, 0, 75.10
2026/09/26 01:01:22.558, 3, 0, 97871, 0, 76.80
2026/09/26 01:01:22.758, 0, 0, 97871, 0, 73.26
2026/09/26 01:01:22.758, 1, 0, 97871, 0, 75.86
2026/09/26 01:01:22.758, 2, 0, 97871, 0, 75.05
2026/09/26 01:01:22.758, 3, 0, 97871, 0, 76.80
2026/09/26 01:01:22.958, 0, 0, 97871, 0, 73.25
2026/09/26 01:01:22.958, 1, 0, 97871, 0, 75.87
2026/09/26 01:01:22.958, 2, 0, 97871, 0, 75.08
2026/09/26 01:01:22.958, 3, 0, 97871, 0, 76.78
2026/09/26 01:01:23.158, 0, 0, 97871, 0, 73.23
2026/09/26 01:01:23.158, 1, 0, 97871, 0, 75.87
2026/09/26 01:01:23.158, 2, 0, 97871, 0, 75.06
2026/09/26 01:01:23.158, 3, 0, 97871, 0, 76.79
2026/09/26 01:01:23.358, 0, 0, 97871, 0, 73.23
2026/09/26 01:01:23.358, 1, 0, 97871, 0, 75.86
2026/09/26 01:01:23.358, 2, 0, 97871, 0, 75.02
2026/09/26 01:01:23.358, 3, 0, 97871, 0, 76.76
2026/09/26 01:01:23.558, 0, 0, 97871, 0, 73.21
2026/09/26 01:01:23.558, 1, 0, 97871, 0, 75.86
2026/09/26 01:01:23.558, 2, 0, 97871, 0, 75.05
2026/09/26 01:01:23.559, 3, 0, 97871, 0, 76.77
2026/09/26 01:01:23.759, 0, 0, 97871, 0, 73.19
2026/09/26 01:01:23.759, 1, 0, 97871, 0, 75.85
2026/09/26 01:01:23.759, 2, 0, 97871, 0, 75.07
2026/09/26 01:01:23.759, 3, 0, 97871, 0, 76.76
2026/09/26 01:01:23.959, 0, 0, 97871, 0, 73.20
2026/09/26 01:01:23.959, 1, 0, 97871, 0, 75.86
2026/09/26 01:01:23.959, 2, 0, 97871, 0, 75.05
2026/09/26 01:01:23.959, 3, 0, 97871, 0, 76.76
2026/09/26 01:01:24.159, 0, 0, 97871, 0, 73.19
2026/09/26 01:01:24.159, 1, 0, 97871, 0, 75.86
2026/09/26 01:01:24.159, 2, 0, 97871, 0, 75.04
2026/09/26 01:01:24.159, 3, 0, 97871, 0, 76.76
2026/09/26 01:01:24.359, 0, 0, 97871, 0, 73.17
2026/09/26 01:01:24.359, 1, 0, 97871, 0, 75.86
2026/09/26 01:01:24.359, 2, 0, 97871, 0, 75.06
2026/09/26 01:01:24.359, 3, 0, 97871, 0, 76.76
2026/09/26 01:01:24.559, 0, 0, 97871, 0, 73.17
2026/09/26 01:01:24.559, 1, 0, 97871, 0, 75.85
2026/09/26 01:01:24.559, 2, 0, 97871, 0, 75.07
2026/09/26 01:01:24.559, 3, 0, 97871, 0, 76.74
2026/09/26 01:01:24.759, 0, 0, 97871, 0, 73.15
2026/09/26 01:01:24.759, 1, 0, 97871, 0, 75.86
2026/09/26 01:01:24.759, 2, 0, 97871, 0, 74.99
2026/09/26 01:01:24.759, 3, 0, 97871, 0, 76.75
2026/09/26 01:01:24.959, 0, 0, 97871, 0, 73.15
2026/09/26 01:01:24.960, 1, 0, 97871, 0, 75.82
2026/09/26 01:01:24.960, 2, 0, 97871, 0, 74.99
2026/09/26 01:01:24.960, 3, 0, 97871, 0, 76.72
2026/09/26 01:01:25.160, 0, 0, 97871, 0, 73.15
2026/09/26 01:01:25.160, 1, 0, 97871, 0, 75.82
2026/09/26 01:01:25.160, 2, 0, 97871, 0, 74.99
2026/09/26 01:01:25.160, 3, 0, 97871, 0, 76.71
2026/09/26 01:01:25.360, 0, 0, 97871, 0, 73.13
2026/09/26 01:01:25.360, 1, 0, 97871, 0, 75.81
2026/09/26 01:01:25.360, 2, 0, 97871, 0, 74.97
2026/09/26 01:01:25.360, 3, 0, 97871, 0, 76.68
2026/09/26 01:01:25.560, 0, 0, 97871, 0, 73.13
2026/09/26 01:01:25.560, 1, 0, 97871, 0, 75.81
2026/09/26 01:01:25.560, 2, 0, 97871, 0, 74.92
2026/09/26 01:01:25.560, 3, 0, 97871, 0, 76.66
2026/09/26 01:01:25.760, 0, 0, 97871, 0, 73.12
2026/09/26 01:01:25.760, 1, 0, 97871, 0, 75.79
2026/09/26 01:01:25.760, 2, 0, 97871, 0, 74.95
2026/09/26 01:01:25.760, 3, 0, 97871, 0, 76.64
2026/09/26 01:01:25.960, 0, 0, 97871, 0, 73.12
2026/09/26 01:01:25.960, 1, 0, 97871, 0, 75.78
2026/09/26 01:01:25.960, 2, 0, 97871, 0, 74.96
2026/09/26 01:01:25.960, 3, 0, 97871, 0, 76.65
2026/09/26 01:01:26.160, 0, 0, 97871, 0, 73.11
2026/09/26 01:01:26.160, 1, 0, 97871, 0, 75.74
2026/09/26 01:01:26.160, 2, 0, 97871, 0, 74.92
2026/09/26 01:01:26.160, 3, 0, 97871, 0, 76.63
2026/09/26 01:01:26.361, 0, 0, 97871, 0, 73.12
2026/09/26 01:01:26.361, 1, 0, 97871, 0, 75.72
2026/09/26 01:01:26.361, 2, 0, 97871, 0, 74.93
2026/09/26 01:01:26.361, 3, 0, 97871, 0, 76.63
2026/09/26 01:01:26.561, 0, 0, 97871, 0, 73.12
2026/09/26 01:01:26.561, 1, 0, 97871, 0, 75.71
2026/09/26 01:01:26.561, 2, 0, 97871, 0, 74.96
2026/09/26 01:01:26.561, 3, 0, 97871, 0, 76.62
2026/09/26 01:01:26.761, 0, 1, 97871, 0, 73.12
2026/09/26 01:01:26.762, 1, 1, 97871, 0, 75.70
2026/09/26 01:01:26.763, 2, 0, 97871, 0, 74.95
2026/09/26 01:01:26.764, 3, 0, 97871, 0, 76.61
2026/09/26 01:01:26.964, 0, 1, 97871, 0, 73.13
2026/09/26 01:01:27.018, 1, 1, 97871, 0, 75.70
2026/09/26 01:01:27.018, 2, 1, 97871, 0, 74.97
2026/09/26 01:01:27.021, 3, 1, 97871, 0, 76.62
2026/09/26 01:01:27.221, 0, 4, 97871, 0, 73.14
2026/09/26 01:01:27.311, 1, 1, 97871, 0, 75.70
2026/09/26 01:01:27.311, 2, 1, 97871, 0, 74.95
2026/09/26 01:01:27.311, 3, 1, 97871, 0, 76.61
2026/09/26 01:01:27.511, 0, 4, 97871, 0, 73.15
2026/09/26 01:01:27.519, 1, 4, 97871, 0, 75.71
2026/09/26 01:01:27.519, 2, 1, 97871, 0, 74.91
2026/09/26 01:01:27.519, 3, 1, 97871, 0, 76.60
2026/09/26 01:01:27.719, 0, 4, 97871, 0, 73.15
2026/09/26 01:01:27.755, 1, 4, 97871, 0, 75.71
2026/09/26 01:01:27.755, 2, 4, 97871, 0, 74.96
2026/09/26 01:01:27.755, 3, 1, 97871, 0, 76.60
2026/09/26 01:01:27.955, 0, 4, 97871, 0, 73.17
2026/09/26 01:01:27.955, 1, 4, 97871, 0, 75.70
2026/09/26 01:01:27.956, 2, 4, 97871, 0, 74.97
2026/09/26 01:01:27.956, 3, 4, 97871, 0, 76.59
2026/09/26 01:01:28.156, 0, 4, 97871, 0, 73.16
2026/09/26 01:01:28.156, 1, 4, 97871, 0, 75.69
2026/09/26 01:01:28.156, 2, 4, 97871, 0, 75.00
2026/09/26 01:01:28.156, 3, 4, 97871, 0, 76.59
2026/09/26 01:01:28.356, 0, 4, 97871, 0, 73.16
2026/09/26 01:01:28.356, 1, 4, 97871, 0, 75.68
2026/09/26 01:01:28.356, 2, 4, 97871, 0, 74.95
2026/09/26 01:01:28.356, 3, 4, 97871, 0, 76.57
2026/09/26 01:01:28.556, 0, 4, 97871, 0, 73.15
2026/09/26 01:01:28.562, 1, 20, 97871, 0, 75.65
2026/09/26 01:01:28.562, 2, 4, 97871, 0, 74.98
2026/09/26 01:01:28.562, 3, 4, 97871, 0, 76.57
2026/09/26 01:01:28.763, 0, 21, 97871, 0, 78.95
2026/09/26 01:01:28.767, 1, 21, 97871, 0, 84.27
2026/09/26 01:01:28.771, 2, 21, 97871, 0, 80.82
2026/09/26 01:01:28.772, 3, 21, 97871, 0, 83.88
2026/09/26 01:01:28.977, 0, 385, 97871, 1, 88.58
2026/09/26 01:01:28.977, 1, 385, 97871, 0, 94.24
2026/09/26 01:01:28.977, 2, 329, 97871, 1, 89.71
2026/09/26 01:01:28.977, 3, 385, 97871, 0, 94.53
2026/09/26 01:01:29.177, 0, 385, 97871, 0, 97.52
2026/09/26 01:01:29.177, 1, 385, 97871, 1, 103.72
2026/09/26 01:01:29.177, 2, 385, 97871, 0, 98.30
2026/09/26 01:01:29.177, 3, 385, 97871, 0, 103.68
2026/09/26 01:01:29.377, 0, 431, 97871, 0, 105.49
2026/09/26 01:01:29.377, 1, 421, 97871, 0, 113.23
2026/09/26 01:01:29.377, 2, 419, 97871, 0, 106.91
2026/09/26 01:01:29.377, 3, 423, 97871, 0, 112.84
2026/09/26 01:01:29.577, 0, 633, 97871, 0, 113.93
2026/09/26 01:01:29.578, 1, 635, 97871, 8, 122.73
2026/09/26 01:01:29.578, 2, 617, 97871, 4, 116.37
2026/09/26 01:01:29.578, 3, 609, 97871, 6, 122.92
2026/09/26 01:01:29.778, 0, 727, 97871, 0, 116.68
2026/09/26 01:01:29.778, 1, 727, 97871, 1, 124.50
2026/09/26 01:01:29.778, 2, 727, 97871, 0, 119.16
2026/09/26 01:01:29.778, 3, 727, 97871, 6, 124.06
2026/09/26 01:01:29.978, 0, 1019, 97871, 1, 116.33
2026/09/26 01:01:29.980, 1, 1019, 97871, 0, 124.04
2026/09/26 01:01:29.981, 2, 1019, 97871, 1, 118.71
2026/09/26 01:01:29.981, 3, 1019, 97871, 0, 123.47
2026/09/26 01:01:30.183, 0, 1163, 97871, 0, 116.41
2026/09/26 01:01:30.183, 1, 1163, 97871, 0, 124.07
2026/09/26 01:01:30.183, 2, 1163, 97871, 0, 118.70
2026/09/26 01:01:30.183, 3, 1163, 97871, 0, 123.47
2026/09/26 01:01:30.421, 0, 1163, 97871, 0, 116.74
2026/09/26 01:01:30.422, 1, 1163, 97871, 0, 124.40
2026/09/26 01:01:30.422, 2, 1163, 97871, 0, 119.09
2026/09/26 01:01:30.422, 3, 1163, 97871, 2, 123.80
2026/09/26 01:01:30.622, 0, 1319, 97871, 0, 116.86
2026/09/26 01:01:30.622, 1, 1315, 97871, 0, 124.41
2026/09/26 01:01:30.622, 2, 1315, 97871, 0, 119.12
2026/09/26 01:01:30.622, 3, 1289, 97871, 0, 123.82
2026/09/26 01:01:30.822, 0, 1735, 97871, 1, 116.96
2026/09/26 01:01:30.823, 1, 1735, 97871, 1, 124.48
2026/09/26 01:01:30.823, 2, 1735, 97871, 1, 119.08
2026/09/26 01:01:30.824, 3, 1735, 97871, 1, 123.89
2026/09/26 01:01:31.025, 0, 1735, 97871, 0, 116.92
2026/09/26 01:01:31.025, 1, 1735, 97871, 1, 124.46
2026/09/26 01:01:31.027, 2, 1735, 97871, 0, 119.14
2026/09/26 01:01:31.028, 3, 1735, 97871, 0, 123.78
2026/09/26 01:01:31.228, 0, 1735, 97871, 0, 117.05
2026/09/26 01:01:31.228, 1, 1735, 97871, 0, 124.37
2026/09/26 01:01:31.228, 2, 1735, 97871, 0, 119.03
2026/09/26 01:01:31.228, 3, 1735, 97871, 0, 124.09
2026/09/26 01:01:31.428, 0, 1805, 97871, 0, 117.01
2026/09/26 01:01:31.428, 1, 1805, 97871, 0, 124.32
2026/09/26 01:01:31.428, 2, 1805, 97871, 0, 119.03
2026/09/26 01:01:31.428, 3, 1805, 97871, 0, 123.76
2026/09/26 01:01:31.628, 0, 1805, 97871, 0, 117.00
2026/09/26 01:01:31.628, 1, 1805, 97871, 0, 124.31
2026/09/26 01:01:31.628, 2, 1805, 97871, 0, 118.98
2026/09/26 01:01:31.628, 3, 1805, 97871, 0, 123.69
2026/09/26 01:01:31.828, 0, 2831, 97871, 3, 117.22
2026/09/26 01:01:31.828, 1, 2831, 97871, 0, 124.51
2026/09/26 01:01:31.828, 2, 2831, 97871, 3, 119.08
2026/09/26 01:01:31.828, 3, 2831, 97871, 3, 123.51
2026/09/26 01:01:32.028, 0, 2831, 97871, 0, 117.19
2026/09/26 01:01:32.028, 1, 2831, 97871, 0, 124.48
2026/09/26 01:01:32.028, 2, 2831, 97871, 0, 119.07
2026/09/26 01:01:32.029, 3, 2831, 97871, 0, 123.68
2026/09/26 01:01:32.229, 0, 3333, 97871, 2, 117.06
2026/09/26 01:01:32.229, 1, 3333, 97871, 0, 124.36
2026/09/26 01:01:32.229, 2, 3333, 97871, 2, 118.87
2026/09/26 01:01:32.229, 3, 3333, 97871, 2, 123.41
2026/09/26 01:01:32.429, 0, 10675, 97871, 2, 117.07
2026/09/26 01:01:32.429, 1, 9923, 97871, 0, 124.38
2026/09/26 01:01:32.429, 2, 10721, 97871, 1, 118.86
2026/09/26 01:01:32.429, 3, 10663, 97871, 0, 123.42
2026/09/26 01:01:32.629, 0, 10915, 97871, 3, 117.03
2026/09/26 01:01:32.629, 1, 10919, 97871, 5, 124.40
2026/09/26 01:01:32.629, 2, 10907, 97871, 3, 118.94
2026/09/26 01:01:32.629, 3, 10919, 97871, 4, 123.41
2026/09/26 01:01:32.829, 0, 10915, 97871, 3, 116.77
2026/09/26 01:01:32.829, 1, 10919, 97871, 3, 124.24
2026/09/26 01:01:32.829, 2, 10907, 97871, 3, 118.93
2026/09/26 01:01:32.829, 3, 10919, 97871, 3, 123.44
2026/09/26 01:01:33.029, 0, 10915, 97871, 4, 116.66
2026/09/26 01:01:33.029, 1, 10919, 97871, 3, 124.18
2026/09/26 01:01:33.029, 2, 10907, 97871, 3, 118.91
2026/09/26 01:01:33.029, 3, 10919, 97871, 3, 123.21
2026/09/26 01:01:33.229, 0, 10915, 97871, 3, 116.52
2026/09/26 01:01:33.229, 1, 10919, 97871, 3, 124.11
2026/09/26 01:01:33.230, 2, 10907, 97871, 3, 118.84
2026/09/26 01:01:33.230, 3, 10919, 97871, 4, 123.15
2026/09/26 01:01:33.430, 0, 10915, 97871, 3, 116.52
2026/09/26 01:01:33.430, 1, 10919, 97871, 3, 124.12
2026/09/26 01:01:33.430, 2, 10907, 97871, 3, 118.88
2026/09/26 01:01:33.430, 3, 10919, 97871, 3, 123.15
2026/09/26 01:01:33.630, 0, 10915, 97871, 4, 116.56
2026/09/26 01:01:33.630, 1, 10919, 97871, 3, 124.11
2026/09/26 01:01:33.630, 2, 10907, 97871, 3, 118.81
2026/09/26 01:01:33.630, 3, 10919, 97871, 3, 123.16
2026/09/26 01:01:33.830, 0, 10915, 97871, 3, 116.67
2026/09/26 01:01:33.830, 1, 10919, 97871, 3, 124.08
2026/09/26 01:01:33.830, 2, 10907, 97871, 3, 118.78
2026/09/26 01:01:33.830, 3, 10919, 97871, 3, 123.11
2026/09/26 01:01:34.030, 0, 10915, 97871, 4, 116.77
2026/09/26 01:01:34.030, 1, 10919, 97871, 3, 124.08
2026/09/26 01:01:34.030, 2, 10907, 97871, 3, 118.82
2026/09/26 01:01:34.030, 3, 10919, 97871, 3, 123.13
2026/09/26 01:01:34.230, 0, 10915, 97871, 3, 116.81
2026/09/26 01:01:34.230, 1, 10919, 97871, 3, 124.05
2026/09/26 01:01:34.230, 2, 10907, 97871, 3, 118.87
2026/09/26 01:01:34.230, 3, 10919, 97871, 3, 123.12
2026/09/26 01:01:34.430, 0, 10915, 97871, 3, 116.84
2026/09/26 01:01:34.430, 1, 10919, 97871, 3, 124.03
2026/09/26 01:01:34.430, 2, 10907, 97871, 3, 118.81
2026/09/26 01:01:34.430, 3, 10919, 97871, 3, 123.13
2026/09/26 01:01:34.631, 0, 10915, 97871, 3, 116.81
2026/09/26 01:01:34.631, 1, 10919, 97871, 4, 124.00
2026/09/26 01:01:34.631, 2, 10907, 97871, 3, 118.82
2026/09/26 01:01:34.631, 3, 10919, 97871, 4, 123.13
2026/09/26 01:01:34.831, 0, 10915, 97871, 3, 116.82
2026/09/26 01:01:34.831, 1, 10919, 97871, 3, 124.01
2026/09/26 01:01:34.831, 2, 10907, 97871, 3, 118.81
2026/09/26 01:01:34.831, 3, 10919, 97871, 3, 123.15
2026/09/26 01:01:35.031, 0, 10915, 97871, 4, 116.79
2026/09/26 01:01:35.031, 1, 10919, 97871, 4, 124.02
2026/09/26 01:01:35.031, 2, 10907, 97871, 2, 118.78
2026/09/26 01:01:35.031, 3, 10919, 97871, 3, 123.16
2026/09/26 01:01:35.231, 0, 10915, 97871, 3, 116.80
2026/09/26 01:01:35.231, 1, 10919, 97871, 3, 124.03
2026/09/26 01:01:35.231, 2, 10907, 97871, 3, 118.72
2026/09/26 01:01:35.231, 3, 10919, 97871, 3, 123.10
2026/09/26 01:01:35.431, 0, 10915, 97871, 4, 116.78
2026/09/26 01:01:35.431, 1, 10919, 97871, 3, 124.03
2026/09/26 01:01:35.431, 2, 10907, 97871, 3, 118.75
2026/09/26 01:01:35.431, 3, 10919, 97871, 4, 123.09
2026/09/26 01:01:35.631, 0, 10915, 97871, 4, 116.80
2026/09/26 01:01:35.631, 1, 10919, 97871, 5, 124.05
2026/09/26 01:01:35.631, 2, 10907, 97871, 3, 118.75
2026/09/26 01:01:35.631, 3, 10919, 97871, 3, 123.08
2026/09/26 01:01:35.832, 0, 10915, 97871, 3, 116.80
2026/09/26 01:01:35.832, 1, 10919, 97871, 3, 124.02
2026/09/26 01:01:35.832, 2, 10907, 97871, 4, 118.74
2026/09/26 01:01:35.832, 3, 10919, 97871, 5, 123.08
2026/09/26 01:01:36.032, 0, 10915, 97871, 3, 116.80
2026/09/26 01:01:36.032, 1, 10919, 97871, 3, 124.04
2026/09/26 01:01:36.032, 2, 10907, 97871, 4, 118.73
2026/09/26 01:01:36.032, 3, 10919, 97871, 3, 123.10
2026/09/26 01:01:36.232, 0, 10915, 97871, 5, 116.82
2026/09/26 01:01:36.232, 1, 10919, 97871, 5, 124.05
2026/09/26 01:01:36.232, 2, 10907, 97871, 3, 118.74
2026/09/26 01:01:36.232, 3, 10919, 97871, 5, 123.14
2026/09/26 01:01:36.432, 0, 10915, 97871, 3, 116.78
2026/09/26 01:01:36.432, 1, 10919, 97871, 3, 124.04
2026/09/26 01:01:36.432, 2, 10907, 97871, 6, 118.79
2026/09/26 01:01:36.432, 3, 10919, 97871, 4, 123.16
2026/09/26 01:01:36.632, 0, 10915, 97871, 3, 116.75
2026/09/26 01:01:36.632, 1, 10919, 97871, 3, 124.00
2026/09/26 01:01:36.632, 2, 10907, 97871, 3, 118.75
2026/09/26 01:01:36.632, 3, 10919, 97871, 3, 123.15
2026/09/26 01:01:36.832, 0, 10915, 97871, 3, 116.75
2026/09/26 01:01:36.832, 1, 10919, 97871, 3, 124.00
2026/09/26 01:01:36.832, 2, 10907, 97871, 3, 118.77
2026/09/26 01:01:36.832, 3, 10919, 97871, 3, 123.11
2026/09/26 01:01:37.032, 0, 10915, 97871, 4, 116.69
2026/09/26 01:01:37.033, 1, 10919, 97871, 4, 123.97
2026/09/26 01:01:37.033, 2, 10907, 97871, 3, 118.76
2026/09/26 01:01:37.033, 3, 10919, 97871, 3, 123.10
2026/09/26 01:01:37.233, 0, 10915, 97871, 3, 116.70
2026/09/26 01:01:37.233, 1, 10919, 97871, 3, 123.96
2026/09/26 01:01:37.233, 2, 10907, 97871, 4, 118.74
2026/09/26 01:01:37.233, 3, 10919, 97871, 3, 123.05
2026/09/26 01:01:37.433, 0, 10915, 97871, 3, 116.68
2026/09/26 01:01:37.433, 1, 10919, 97871, 3, 123.92
2026/09/26 01:01:37.433, 2, 10907, 97871, 3, 118.65
2026/09/26 01:01:37.433, 3, 10919, 97871, 3, 123.04
2026/09/26 01:01:37.633, 0, 10915, 97871, 4, 116.72
2026/09/26 01:01:37.633, 1, 10919, 97871, 3, 123.91
2026/09/26 01:01:37.633, 2, 10907, 97871, 4, 118.64
2026/09/26 01:01:37.633, 3, 10919, 97871, 3, 122.98
2026/09/26 01:01:37.833, 0, 10915, 97871, 3, 116.73
2026/09/26 01:01:37.833, 1, 10919, 97871, 3, 123.89
2026/09/26 01:01:37.833, 2, 10907, 97871, 4, 118.64
2026/09/26 01:01:37.833, 3, 10919, 97871, 4, 122.96
2026/09/26 01:01:38.033, 0, 10915, 97871, 3, 116.74
2026/09/26 01:01:38.033, 1, 10919, 97871, 3, 123.89
2026/09/26 01:01:38.033, 2, 10907, 97871, 3, 118.61
2026/09/26 01:01:38.033, 3, 10919, 97871, 3, 122.93
2026/09/26 01:01:38.233, 0, 10915, 97871, 4, 116.71
2026/09/26 01:01:38.233, 1, 10919, 97871, 3, 123.89
2026/09/26 01:01:38.233, 2, 10907, 97871, 3, 118.58
2026/09/26 01:01:38.233, 3, 10919, 97871, 3, 122.90
2026/09/26 01:01:38.434, 0, 10915, 97871, 4, 116.73
2026/09/26 01:01:38.434, 1, 10919, 97871, 3, 123.89
2026/09/26 01:01:38.434, 2, 10907, 97871, 3, 118.61
2026/09/26 01:01:38.434, 3, 10919, 97871, 3, 122.85
2026/09/26 01:01:38.634, 0, 10915, 97871, 4, 116.72
2026/09/26 01:01:38.634, 1, 10919, 97871, 3, 123.89
2026/09/26 01:01:38.634, 2, 10907, 97871, 3, 118.65
2026/09/26 01:01:38.634, 3, 10919, 97871, 4, 122.87
2026/09/26 01:01:38.834, 0, 10915, 97871, 4, 116.69
2026/09/26 01:01:38.834, 1, 10919, 97871, 3, 123.88
2026/09/26 01:01:38.834, 2, 10907, 97871, 3, 118.59
2026/09/26 01:01:38.834, 3, 10919, 97871, 3, 122.86
2026/09/26 01:01:39.034, 0, 10915, 97871, 0, 116.67
2026/09/26 01:01:39.034, 1, 10919, 97871, 3, 123.81
2026/09/26 01:01:39.034, 2, 10907, 97871, 1, 118.56
2026/09/26 01:01:39.034, 3, 10919, 97871, 3, 122.84
2026/09/26 01:01:39.234, 0, 10915, 97871, 0, 116.63
2026/09/26 01:01:39.234, 1, 10919, 97871, 0, 123.74
2026/09/26 01:01:39.234, 2, 10907, 97871, 0, 118.56
2026/09/26 01:01:39.234, 3, 10919, 97871, 0, 122.81
2026/09/26 01:01:39.434, 0, 10915, 97871, 0, 116.59
2026/09/26 01:01:39.434, 1, 10919, 97871, 0, 123.69
2026/09/26 01:01:39.434, 2, 10907, 97871, 0, 118.50
2026/09/26 01:01:39.434, 3, 10919, 97871, 0, 122.75
2026/09/26 01:01:39.634, 0, 10915, 97871, 0, 116.56
2026/09/26 01:01:39.634, 1, 10919, 97871, 0, 123.64
2026/09/26 01:01:39.635, 2, 10907, 97871, 0, 118.41
2026/09/26 01:01:39.635, 3, 10919, 97871, 0, 122.71
2026/09/26 01:01:39.835, 0, 10915, 97871, 0, 116.49
2026/09/26 01:01:39.835, 1, 10919, 97871, 0, 123.59
2026/09/26 01:01:39.835, 2, 10907, 97871, 0, 118.43
2026/09/26 01:01:39.835, 3, 10919, 97871, 0, 122.68
2026/09/26 01:01:40.035, 0, 10915, 97871, 0, 116.51
2026/09/26 01:01:40.035, 1, 10919, 97871, 0, 123.58
2026/09/26 01:01:40.035, 2, 10907, 97871, 0, 118.46
2026/09/26 01:01:40.035, 3, 10919, 97871, 0, 122.64
2026/09/26 01:01:40.235, 0, 10915, 97871, 0, 116.47
2026/09/26 01:01:40.235, 1, 10919, 97871, 0, 123.59
2026/09/26 01:01:40.235, 2, 10907, 97871, 0, 118.40
2026/09/26 01:01:40.235, 3, 10919, 97871, 0, 122.65
2026/09/26 01:01:40.435, 0, 10915, 97871, 0, 116.50
2026/09/26 01:01:40.435, 1, 10919, 97871, 0, 123.59
2026/09/26 01:01:40.435, 2, 10907, 97871, 0, 118.39
2026/09/26 01:01:40.435, 3, 10919, 97871, 0, 122.64
2026/09/26 01:01:40.635, 0, 10915, 97871, 0, 116.48
2026/09/26 01:01:40.635, 1, 10919, 97871, 0, 123.58
2026/09/26 01:01:40.635, 2, 10907, 97871, 0, 118.41
2026/09/26 01:01:40.635, 3, 10919, 97871, 0, 122.63
2026/09/26 01:01:40.835, 0, 10915, 97871, 0, 116.50
2026/09/26 01:01:40.835, 1, 10919, 97871, 0, 123.56
2026/09/26 01:01:40.835, 2, 10907, 97871, 0, 118.40
2026/09/26 01:01:40.835, 3, 10919, 97871, 0, 122.62
2026/09/26 01:01:41.036, 0, 10915, 97871, 0, 116.49
2026/09/26 01:01:41.036, 1, 10919, 97871, 0, 123.55
2026/09/26 01:01:41.036, 2, 10907, 97871, 0, 118.33
2026/09/26 01:01:41.036, 3, 10919, 97871, 0, 122.62
2026/09/26 01:01:41.236, 0, 10915, 97871, 0, 116.50
2026/09/26 01:01:41.236, 1, 10919, 97871, 0, 123.52
2026/09/26 01:01:41.236, 2, 10907, 97871, 0, 118.35
2026/09/26 01:01:41.236, 3, 10919, 97871, 0, 122.61
2026/09/26 01:01:41.436, 0, 10915, 97871, 0, 116.47
2026/09/26 01:01:41.436, 1, 10919, 97871, 0, 123.51
2026/09/26 01:01:41.436, 2, 10907, 97871, 0, 118.37
2026/09/26 01:01:41.436, 3, 10919, 97871, 0, 122.62
2026/09/26 01:01:41.636, 0, 10915, 97871, 0, 116.45
2026/09/26 01:01:41.636, 1, 10919, 97871, 0, 123.52
2026/09/26 01:01:41.636, 2, 10907, 97871, 0, 118.36
2026/09/26 01:01:41.636, 3, 10919, 97871, 0, 122.61
2026/09/26 01:01:41.836, 0, 10915, 97871, 0, 116.44
2026/09/26 01:01:41.836, 1, 10919, 97871, 0, 123.51
2026/09/26 01:01:41.836, 2, 10907, 97871, 0, 118.31
2026/09/26 01:01:41.836, 3, 10919, 97871, 0, 122.62
2026/09/26 01:01:42.036, 0, 10915, 97871, 0, 116.43
2026/09/26 01:01:42.036, 1, 10919, 97871, 0, 123.50
2026/09/26 01:01:42.036, 2, 10907, 97871, 0, 118.34
2026/09/26 01:01:42.036, 3, 10919, 97871, 0, 122.61
2026/09/26 01:01:42.236, 0, 10915, 97871, 0, 116.43
2026/09/26 01:01:42.236, 1, 10919, 97871, 0, 123.51
2026/09/26 01:01:42.236, 2, 10907, 97871, 0, 118.35
2026/09/26 01:01:42.236, 3, 10919, 97871, 0, 122.59
2026/09/26 01:01:42.437, 0, 10915, 97871, 0, 116.44
2026/09/26 01:01:42.437, 1, 10919, 97871, 0, 123.52
2026/09/26 01:01:42.437, 2, 10907, 97871, 0, 118.29
2026/09/26 01:01:42.437, 3, 10919, 97871, 0, 122.58
2026/09/26 01:01:42.637, 0, 10915, 97871, 0, 116.40
2026/09/26 01:01:42.637, 1, 10919, 97871, 0, 123.50
2026/09/26 01:01:42.637, 2, 10907, 97871, 0, 118.28
2026/09/26 01:01:42.637, 3, 10919, 97871, 0, 122.57
2026/09/26 01:01:42.837, 0, 10915, 97871, 0, 116.42
2026/09/26 01:01:42.837, 1, 10919, 97871, 0, 123.50
2026/09/26 01:01:42.837, 2, 10907, 97871, 0, 118.32
2026/09/26 01:01:42.837, 3, 10919, 97871, 0, 122.57
2026/09/26 01:01:43.037, 0, 10915, 97871, 0, 116.40
2026/09/26 01:01:43.037, 1, 10919, 97871, 0, 123.50
2026/09/26 01:01:43.037, 2, 10907, 97871, 0, 118.33
2026/09/26 01:01:43.037, 3, 10919, 97871, 0, 122.57
2026/09/26 01:01:43.237, 0, 10915, 97871, 0, 116.40
2026/09/26 01:01:43.237, 1, 10919, 97871, 0, 123.48
2026/09/26 01:01:43.237, 2, 10907, 97871, 0, 118.29
2026/09/26 01:01:43.237, 3, 10919, 97871, 0, 122.57
2026/09/26 01:01:43.437, 0, 10915, 97871, 0, 116.40
2026/09/26 01:01:43.437, 1, 10919, 97871, 0, 123.49
2026/09/26 01:01:43.437, 2, 10907, 97871, 0, 118.32
2026/09/26 01:01:43.437, 3, 10919, 97871, 0, 122.56
2026/09/26 01:01:43.637, 0, 10915, 97871, 0, 116.40
2026/09/26 01:01:43.637, 1, 10919, 97871, 0, 123.45
2026/09/26 01:01:43.637, 2, 10907, 97871, 0, 118.33
2026/09/26 01:01:43.637, 3, 10919, 97871, 0, 122.55
2026/09/26 01:01:43.838, 0, 10915, 97871, 0, 116.40
2026/09/26 01:01:43.838, 1, 10919, 97871, 0, 123.43
2026/09/26 01:01:43.838, 2, 10907, 97871, 0, 118.32
2026/09/26 01:01:43.838, 3, 10919, 97871, 0, 122.54
2026/09/26 01:01:44.038, 0, 10915, 97871, 0, 116.39
2026/09/26 01:01:44.038, 1, 10919, 97871, 0, 123.39
2026/09/26 01:01:44.038, 2, 10907, 97871, 0, 118.30
2026/09/26 01:01:44.038, 3, 10919, 97871, 0, 122.50
2026/09/26 01:01:44.238, 0, 10915, 97871, 0, 116.40
2026/09/26 01:01:44.238, 1, 10919, 97871, 0, 123.39
2026/09/26 01:01:44.238, 2, 10907, 97871, 0, 118.33
2026/09/26 01:01:44.238, 3, 10919, 97871, 0, 122.48
2026/09/26 01:01:44.438, 0, 10915, 97871, 0, 116.38
2026/09/26 01:01:44.438, 1, 10919, 97871, 0, 123.37
2026/09/26 01:01:44.438, 2, 10907, 97871, 0, 118.37
2026/09/26 01:01:44.438, 3, 10919, 97871, 0, 122.44
2026/09/26 01:01:44.638, 0, 10915, 97871, 0, 116.40
2026/09/26 01:01:44.638, 1, 10919, 97871, 0, 123.38
2026/09/26 01:01:44.638, 2, 10907, 97871, 0, 118.33
2026/09/26 01:01:44.638, 3, 10919, 97871, 0, 122.42
2026/09/26 01:01:44.838, 0, 10915, 97871, 0, 116.41
2026/09/26 01:01:44.838, 1, 10919, 97871, 0, 123.36
2026/09/26 01:01:44.838, 2, 10907, 97871, 0, 118.32
2026/09/26 01:01:44.838, 3, 10919, 97871, 0, 122.42
2026/09/26 01:01:45.038, 0, 10915, 97871, 0, 116.40
2026/09/26 01:01:45.039, 1, 10919, 97871, 0, 123.37
2026/09/26 01:01:45.039, 2, 10907, 97871, 0, 118.35
2026/09/26 01:01:45.039, 3, 10919, 97871, 0, 122.41
2026/09/26 01:01:45.239, 0, 10915, 97871, 0, 116.43
2026/09/26 01:01:45.239, 1, 10919, 97871, 0, 123.36
2026/09/26 01:01:45.239, 2, 10907, 97871, 0, 118.34
2026/09/26 01:01:45.239, 3, 10919, 97871, 0, 122.41
2026/09/26 01:01:45.439, 0, 10915, 97871, 0, 116.42
2026/09/26 01:01:45.439, 1, 10919, 97871, 0, 123.34
2026/09/26 01:01:45.439, 2, 10907, 97871, 0, 118.28
2026/09/26 01:01:45.439, 3, 10919, 97871, 0, 122.42
2026/09/26 01:01:45.639, 0, 10915, 97871, 0, 116.46
2026/09/26 01:01:45.639, 1, 10919, 97871, 0, 123.34
2026/09/26 01:01:45.639, 2, 10907, 97871, 0, 118.31
2026/09/26 01:01:45.639, 3, 10919, 97871, 0, 122.43
2026/09/26 01:01:45.839, 0, 10915, 97871, 0, 116.44
2026/09/26 01:01:45.839, 1, 10919, 97871, 0, 123.35
2026/09/26 01:01:45.839, 2, 10907, 97871, 0, 118.31
2026/09/26 01:01:45.839, 3, 10919, 97871, 0, 122.43
2026/09/26 01:01:46.039, 0, 10915, 97871, 0, 116.45
2026/09/26 01:01:46.039, 1, 10919, 97871, 0, 123.35
2026/09/26 01:01:46.039, 2, 10907, 97871, 0, 118.30
2026/09/26 01:01:46.039, 3, 10919, 97871, 0, 122.42
2026/09/26 01:01:46.239, 0, 10915, 97871, 0, 116.44
2026/09/26 01:01:46.239, 1, 10919, 97871, 0, 123.33
2026/09/26 01:01:46.240, 2, 10907, 97871, 0, 118.25
2026/09/26 01:01:46.240, 3, 10919, 97871, 0, 122.41
2026/09/26 01:01:46.440, 0, 10915, 97871, 0, 116.42
2026/09/26 01:01:46.440, 1, 11943, 97871, 0, 123.35
2026/09/26 01:01:46.440, 2, 10907, 97871, 0, 118.30
2026/09/26 01:01:46.440, 3, 10919, 97871, 0, 122.41
2026/09/26 01:01:46.640, 0, 10915, 97871, 0, 117.41
2026/09/26 01:01:46.640, 1, 12967, 97871, 0, 125.37
2026/09/26 01:01:46.640, 2, 10907, 97871, 0, 119.74
2026/09/26 01:01:46.640, 3, 10919, 97871, 0, 122.38
2026/09/26 01:01:46.840, 0, 10915, 97871, 0, 117.36
2026/09/26 01:01:46.841, 1, 12967, 97871, 100, 125.88
2026/09/26 01:01:46.841, 2, 10907, 97871, 0, 119.68
2026/09/26 01:01:46.841, 3, 10919, 97871, 0, 122.38
2026/09/26 01:01:47.041, 0, 10915, 97871, 0, 117.36
2026/09/26 01:01:47.041, 1, 12967, 97871, 100, 126.30
2026/09/26 01:01:47.041, 2, 10907, 97871, 0, 119.69
2026/09/26 01:01:47.041, 3, 10919, 97871, 0, 122.38
2026/09/26 01:01:47.241, 0, 10915, 97871, 0, 117.32
2026/09/26 01:01:47.241, 1, 12967, 97871, 100, 126.78
2026/09/26 01:01:47.241, 2, 10907, 97871, 0, 119.69
2026/09/26 01:01:47.241, 3, 10919, 97871, 0, 122.39
2026/09/26 01:01:47.441, 0, 10915, 97871, 0, 117.32
2026/09/26 01:01:47.441, 1, 12967, 97871, 100, 127.25
2026/09/26 01:01:47.441, 2, 10907, 97871, 0, 119.72
2026/09/26 01:01:47.441, 3, 10919, 97871, 0, 122.38
2026/09/26 01:01:47.641, 0, 10915, 97871, 0, 116.32
2026/09/26 01:01:47.641, 1, 12967, 97871, 100, 125.73
2026/09/26 01:01:47.641, 2, 10907, 97871, 0, 118.25
2026/09/26 01:01:47.641, 3, 10919, 97871, 0, 122.38
2026/09/26 01:01:47.842, 0, 10915, 97871, 0, 116.31
2026/09/26 01:01:47.842, 1, 12967, 97871, 100, 125.71
2026/09/26 01:01:47.842, 2, 10907, 97871, 0, 118.27
2026/09/26 01:01:47.842, 3, 10919, 97871, 0, 122.37
2026/09/26 01:01:48.042, 0, 10915, 97871, 0, 116.34
2026/09/26 01:01:48.042, 1, 12967, 97871, 100, 125.70
2026/09/26 01:01:48.042, 2, 10907, 97871, 0, 118.29
2026/09/26 01:01:48.042, 3, 10919, 97871, 0, 122.37
2026/09/26 01:01:48.242, 0, 10915, 97871, 0, 116.35
2026/09/26 01:01:48.242, 1, 12967, 97871, 100, 125.71
2026/09/26 01:01:48.242, 2, 10907, 97871, 0, 118.32
2026/09/26 01:01:48.242, 3, 10919, 97871, 0, 122.35
2026/09/26 01:01:48.442, 0, 10915, 97871, 0, 116.36
2026/09/26 01:01:48.442, 1, 12967, 97871, 100, 125.72
2026/09/26 01:01:48.442, 2, 10907, 97871, 0, 118.29
2026/09/26 01:01:48.442, 3, 10919, 97871, 0, 122.33
2026/09/26 01:01:48.642, 0, 10915, 97871, 0, 116.36
2026/09/26 01:01:48.642, 1, 12967, 97871, 100, 125.71
2026/09/26 01:01:48.642, 2, 10907, 97871, 0, 118.33
2026/09/26 01:01:48.642, 3, 10919, 97871, 0, 122.31
2026/09/26 01:01:48.842, 0, 10915, 97871, 0, 116.36
2026/09/26 01:01:48.842, 1, 12967, 97871, 100, 126.81
2026/09/26 01:01:48.842, 2, 12955, 97871, 25, 120.81
2026/09/26 01:01:48.842, 3, 10919, 97871, 0, 123.61
2026/09/26 01:01:49.042, 0, 10915, 97871, 0, 116.37
2026/09/26 01:01:49.042, 1, 12967, 97871, 100, 126.85
2026/09/26 01:01:49.043, 2, 12955, 97871, 100, 121.32
2026/09/26 01:01:49.043, 3, 10919, 97871, 0, 123.65
2026/09/26 01:01:49.243, 0, 10915, 97871, 0, 116.34
2026/09/26 01:01:49.243, 1, 12967, 97871, 100, 126.82
2026/09/26 01:01:49.243, 2, 12955, 97871, 100, 121.87
2026/09/26 01:01:49.243, 3, 10919, 97871, 0, 123.63
2026/09/26 01:01:49.443, 0, 10915, 97871, 0, 116.36
2026/09/26 01:01:49.443, 1, 12967, 97871, 100, 126.83
2026/09/26 01:01:49.443, 2, 12955, 97871, 100, 122.42
2026/09/26 01:01:49.443, 3, 10919, 97871, 0, 123.66
2026/09/26 01:01:49.643, 0, 10915, 97871, 0, 116.34
2026/09/26 01:01:49.643, 1, 12967, 97871, 100, 126.81
2026/09/26 01:01:49.643, 2, 12955, 97871, 100, 122.97
2026/09/26 01:01:49.643, 3, 10919, 97871, 0, 123.67
2026/09/26 01:01:49.843, 0, 10915, 97871, 0, 116.35
2026/09/26 01:01:49.843, 1, 12967, 97871, 100, 125.69
2026/09/26 01:01:49.843, 2, 12955, 97871, 100, 121.05
2026/09/26 01:01:49.843, 3, 10919, 97871, 0, 122.35
2026/09/26 01:01:50.043, 0, 10915, 97871, 0, 116.35
2026/09/26 01:01:50.043, 1, 12967, 97871, 100, 125.68
2026/09/26 01:01:50.043, 2, 12955, 97871, 100, 121.07
2026/09/26 01:01:50.043, 3, 10919, 97871, 0, 122.33
2026/09/26 01:01:50.243, 0, 10915, 97871, 0, 116.35
2026/09/26 01:01:50.243, 1, 12967, 97871, 100, 125.66
2026/09/26 01:01:50.243, 2, 12955, 97871, 100, 121.07
2026/09/26 01:01:50.243, 3, 10919, 97871, 0, 122.33
2026/09/26 01:01:50.444, 0, 10915, 97871, 0, 116.36
2026/09/26 01:01:50.444, 1, 12967, 97871, 100, 125.62
2026/09/26 01:01:50.444, 2, 12955, 97871, 100, 121.09
2026/09/26 01:01:50.444, 3, 10919, 97871, 0, 122.34
2026/09/26 01:01:50.644, 0, 10915, 97871, 0, 116.33
2026/09/26 01:01:50.644, 1, 12967, 97871, 100, 125.60
2026/09/26 01:01:50.644, 2, 12955, 97871, 100, 121.03
2026/09/26 01:01:50.644, 3, 10919, 97871, 0, 122.29
2026/09/26 01:01:50.844, 0, 12963, 97871, 0, 116.32
2026/09/26 01:01:50.844, 1, 12967, 97871, 100, 125.59
2026/09/26 01:01:50.844, 2, 12955, 97871, 100, 121.06
2026/09/26 01:01:50.844, 3, 10919, 97871, 0, 122.29
2026/09/26 01:01:51.044, 0, 12963, 97871, 74, 118.51
2026/09/26 01:01:51.044, 1, 12967, 97871, 100, 127.20
2026/09/26 01:01:51.044, 2, 12955, 97871, 100, 122.45
2026/09/26 01:01:51.044, 3, 10919, 97871, 0, 123.22
2026/09/26 01:01:51.244, 0, 12963, 97871, 100, 119.04
2026/09/26 01:01:51.244, 1, 12967, 97871, 100, 127.19
2026/09/26 01:01:51.244, 2, 12955, 97871, 100, 122.37
2026/09/26 01:01:51.244, 3, 10919, 97871, 0, 123.22
2026/09/26 01:01:51.444, 0, 12963, 97871, 100, 119.52
2026/09/26 01:01:51.444, 1, 12967, 97871, 100, 127.20
2026/09/26 01:01:51.444, 2, 12955, 97871, 100, 122.24
2026/09/26 01:01:51.444, 3, 10919, 97871, 0, 123.23
2026/09/26 01:01:51.645, 0, 12963, 97871, 100, 119.99
2026/09/26 01:01:51.645, 1, 12967, 97871, 100, 127.20
2026/09/26 01:01:51.645, 2, 12955, 97871, 100, 122.23
2026/09/26 01:01:51.645, 3, 10919, 97871, 0, 123.22
2026/09/26 01:01:51.845, 0, 12963, 97871, 100, 120.49
2026/09/26 01:01:51.845, 1, 12967, 97871, 100, 127.20
2026/09/26 01:01:51.845, 2, 12955, 97871, 100, 122.17
2026/09/26 01:01:51.845, 3, 10919, 97871, 0, 123.22
2026/09/26 01:01:52.045, 0, 12963, 97871, 100, 118.71
2026/09/26 01:01:52.046, 1, 12967, 97871, 100, 125.61
2026/09/26 01:01:52.046, 2, 12955, 97871, 100, 120.65
2026/09/26 01:01:52.046, 3, 10919, 97871, 0, 122.31
2026/09/26 01:01:52.246, 0, 12963, 97871, 100, 118.73
2026/09/26 01:01:52.246, 1, 12967, 97871, 100, 125.61
2026/09/26 01:01:52.246, 2, 12955, 97871, 100, 120.65
2026/09/26 01:01:52.246, 3, 10919, 97871, 0, 122.29
2026/09/26 01:01:52.446, 0, 12963, 97871, 100, 118.71
2026/09/26 01:01:52.446, 1, 12967, 97871, 100, 125.61
2026/09/26 01:01:52.446, 2, 12955, 97871, 100, 120.65
2026/09/26 01:01:52.446, 3, 10919, 97871, 0, 122.27
2026/09/26 01:01:52.646, 0, 12963, 97871, 100, 118.73
2026/09/26 01:01:52.646, 1, 12967, 97871, 100, 125.59
2026/09/26 01:01:52.646, 2, 12955, 97871, 100, 120.65
2026/09/26 01:01:52.646, 3, 10919, 97871, 0, 122.27
2026/09/26 01:01:52.846, 0, 12963, 97871, 100, 118.74
2026/09/26 01:01:52.846, 1, 12967, 97871, 100, 125.59
2026/09/26 01:01:52.846, 2, 12955, 97871, 100, 120.63
2026/09/26 01:01:52.846, 3, 10919, 97871, 0, 122.26
2026/09/26 01:01:53.046, 0, 13603, 97871, 100, 118.72
2026/09/26 01:01:53.046, 1, 13607, 97871, 100, 127.11
2026/09/26 01:01:53.046, 2, 13595, 97871, 100, 121.97
2026/09/26 01:01:53.047, 3, 13607, 97871, 0, 122.24
2026/09/26 01:01:53.247, 0, 18309, 97871, 0, 127.38
2026/09/26 01:01:53.247, 1, 18313, 97871, 62, 138.54
2026/09/26 01:01:53.247, 2, 18301, 97871, 6, 130.74
2026/09/26 01:01:53.247, 3, 18313, 97871, 9, 129.55
2026/09/26 01:01:53.447, 0, 18309, 97871, 100, 176.24
2026/09/26 01:01:53.447, 1, 18313, 97871, 60, 181.15
2026/09/26 01:01:53.447, 2, 18301, 97871, 99, 177.63
2026/09/26 01:01:53.447, 3, 18313, 97871, 76, 156.25
2026/09/26 01:01:53.647, 0, 18309, 97871, 100, 222.40
2026/09/26 01:01:53.647, 1, 18313, 97871, 100, 217.19
2026/09/26 01:01:53.647, 2, 18301, 97871, 100, 223.58
2026/09/26 01:01:53.647, 3, 18313, 97871, 100, 189.03
2026/09/26 01:01:53.847, 0, 18309, 97871, 100, 266.77
2026/09/26 01:01:53.847, 1, 18313, 97871, 100, 261.41
2026/09/26 01:01:53.847, 2, 18301, 97871, 100, 271.56
2026/09/26 01:01:53.847, 3, 18313, 97871, 100, 234.59
2026/09/26 01:01:54.047, 0, 18309, 97871, 100, 296.05
2026/09/26 01:01:54.047, 1, 18313, 97871, 100, 284.32
2026/09/26 01:01:54.047, 2, 18301, 97871, 100, 322.37
2026/09/26 01:01:54.047, 3, 18313, 97871, 100, 273.82
2026/09/26 01:01:54.247, 0, 18309, 97871, 100, 338.98
2026/09/26 01:01:54.247, 1, 18313, 97871, 100, 327.59
2026/09/26 01:01:54.247, 2, 18301, 97871, 100, 351.64
2026/09/26 01:01:54.248, 3, 18313, 97871, 100, 308.52
2026/09/26 01:01:54.448, 0, 18309, 97871, 100, 336.93
2026/09/26 01:01:54.448, 1, 18313, 97871, 100, 329.04
2026/09/26 01:01:54.448, 2, 18301, 97871, 100, 328.53
2026/09/26 01:01:54.448, 3, 18313, 97871, 100, 311.10
2026/09/26 01:01:54.648, 0, 18309, 97871, 100, 341.79
2026/09/26 01:01:54.648, 1, 18313, 97871, 100, 339.77
2026/09/26 01:01:54.648, 2, 18301, 97871, 100, 311.45
2026/09/26 01:01:54.648, 3, 18313, 97871, 100, 315.32
2026/09/26 01:01:54.848, 0, 18309, 97871, 100, 338.66
2026/09/26 01:01:54.848, 1, 18313, 97871, 100, 344.21
2026/09/26 01:01:54.848, 2, 18301, 97871, 100, 319.70
2026/09/26 01:01:54.848, 3, 18313, 97871, 100, 304.06
2026/09/26 01:01:55.048, 0, 18309, 97871, 100, 341.30
2026/09/26 01:01:55.048, 1, 18313, 97871, 100, 355.38
2026/09/26 01:01:55.048, 2, 18301, 97871, 100, 317.70
2026/09/26 01:01:55.048, 3, 18313, 97871, 100, 312.42
2026/09/26 01:01:55.248, 0, 18309, 97871, 100, 324.48
2026/09/26 01:01:55.248, 1, 18313, 97871, 100, 356.98
2026/09/26 01:01:55.248, 2, 18301, 97871, 100, 322.51
2026/09/26 01:01:55.248, 3, 18313, 97871, 100, 296.14
2026/09/26 01:01:55.448, 0, 18309, 97871, 100, 330.16
2026/09/26 01:01:55.448, 1, 18313, 97871, 100, 350.89
2026/09/26 01:01:55.448, 2, 18301, 97871, 100, 325.23
2026/09/26 01:01:55.448, 3, 18313, 97871, 100, 312.41
2026/09/26 01:01:55.648, 0, 18309, 97871, 100, 322.96
2026/09/26 01:01:55.648, 1, 18313, 97871, 100, 350.69
2026/09/26 01:01:55.648, 2, 18301, 97871, 100, 342.03
2026/09/26 01:01:55.648, 3, 18313, 97871, 100, 320.85
2026/09/26 01:01:55.849, 0, 18309, 97871, 100, 311.35
2026/09/26 01:01:55.849, 1, 18313, 97871, 100, 346.91
2026/09/26 01:01:55.849, 2, 18301, 97871, 100, 334.24
2026/09/26 01:01:55.849, 3, 18313, 97871, 100, 320.14
2026/09/26 01:01:56.049, 0, 18309, 97871, 100, 307.35
2026/09/26 01:01:56.049, 1, 18313, 97871, 100, 350.00
2026/09/26 01:01:56.049, 2, 18301, 97871, 100, 320.41
2026/09/26 01:01:56.049, 3, 18313, 97871, 100, 331.51
2026/09/26 01:01:56.249, 0, 18309, 97871, 100, 325.62
2026/09/26 01:01:56.249, 1, 18313, 97871, 100, 335.71
2026/09/26 01:01:56.249, 2, 18301, 97871, 100, 317.03
2026/09/26 01:01:56.249, 3, 18313, 97871, 100, 347.76
2026/09/26 01:01:56.449, 0, 18309, 97871, 100, 304.69
2026/09/26 01:01:56.449, 1, 18313, 97871, 100, 346.85
2026/09/26 01:01:56.449, 2, 18301, 97871, 100, 329.71
2026/09/26 01:01:56.449, 3, 18313, 97871, 100, 354.99
2026/09/26 01:01:56.649, 0, 18309, 97871, 100, 299.59
2026/09/26 01:01:56.649, 1, 18313, 97871, 100, 357.73
2026/09/26 01:01:56.649, 2, 18301, 97871, 100, 313.56
2026/09/26 01:01:56.649, 3, 18313, 97871, 100, 353.80
2026/09/26 01:01:56.849, 0, 18309, 97871, 100, 313.77
2026/09/26 01:01:56.849, 1, 18313, 97871, 100, 368.34
2026/09/26 01:01:56.849, 2, 18301, 97871, 100, 303.29
2026/09/26 01:01:56.849, 3, 18313, 97871, 100, 343.14
2026/09/26 01:01:57.049, 0, 18309, 97871, 100, 321.59
2026/09/26 01:01:57.049, 1, 18313, 97871, 100, 362.88
2026/09/26 01:01:57.049, 2, 18301, 97871, 100, 316.54
2026/09/26 01:01:57.049, 3, 18313, 97871, 100, 326.32
2026/09/26 01:01:57.250, 0, 18309, 97871, 100, 321.31
2026/09/26 01:01:57.250, 1, 18313, 97871, 100, 381.69
2026/09/26 01:01:57.250, 2, 18301, 97871, 100, 305.01
2026/09/26 01:01:57.250, 3, 18313, 97871, 100, 321.11
2026/09/26 01:01:57.450, 0, 18309, 97871, 100, 319.94
2026/09/26 01:01:57.450, 1, 18313, 97871, 100, 372.70
2026/09/26 01:01:57.450, 2, 18301, 97871, 100, 326.21
2026/09/26 01:01:57.450, 3, 18313, 97871, 100, 299.32
2026/09/26 01:01:57.650, 0, 18309, 97871, 100, 320.52
2026/09/26 01:01:57.650, 1, 18313, 97871, 100, 342.24
2026/09/26 01:01:57.650, 2, 18301, 97871, 100, 345.51
2026/09/26 01:01:57.650, 3, 18313, 97871, 100, 306.21
2026/09/26 01:01:57.850, 0, 18553, 97871, 36, 284.83
2026/09/26 01:01:57.850, 1, 18557, 97871, 100, 288.21
2026/09/26 01:01:57.850, 2, 18545, 97871, 46, 341.69
2026/09/26 01:01:57.850, 3, 18557, 97871, 71, 295.92
2026/09/26 01:01:58.050, 0, 18845, 97871, 1, 243.49
2026/09/26 01:01:58.052, 1, 18849, 97871, 0, 254.40
2026/09/26 01:01:58.054, 2, 18837, 97871, 1, 283.08
2026/09/26 01:01:58.054, 3, 18849, 97871, 0, 254.03
2026/09/26 01:01:58.254, 0, 18847, 97871, 0, 193.04
2026/09/26 01:01:58.254, 1, 18851, 97871, 0, 198.57
2026/09/26 01:01:58.254, 2, 18839, 97871, 0, 254.64
2026/09/26 01:01:58.254, 3, 18851, 97871, 0, 215.52
2026/09/26 01:01:58.454, 0, 18847, 97871, 9, 164.54
2026/09/26 01:01:58.454, 1, 18851, 97871, 12, 167.67
2026/09/26 01:01:58.454, 2, 18839, 97871, 14, 208.77
2026/09/26 01:01:58.454, 3, 18851, 97871, 16, 189.27
2026/09/26 01:01:58.654, 0, 19871, 97871, 0, 142.63
2026/09/26 01:01:58.654, 1, 19875, 97871, 0, 149.62
2026/09/26 01:01:58.654, 2, 19863, 97871, 0, 160.64
2026/09/26 01:01:58.654, 3, 19875, 97871, 0, 148.58
2026/09/26 01:01:58.854, 0, 19871, 97871, 100, 186.44
2026/09/26 01:01:58.854, 1, 19875, 97871, 96, 186.85
2026/09/26 01:01:58.854, 2, 19863, 97871, 100, 167.36
2026/09/26 01:01:58.855, 3, 19875, 97871, 100, 165.65
2026/09/26 01:01:59.055, 0, 19871, 97871, 100, 232.59
2026/09/26 01:01:59.055, 1, 19875, 97871, 100, 224.46
2026/09/26 01:01:59.055, 2, 19863, 97871, 100, 223.61
2026/09/26 01:01:59.055, 3, 19875, 97871, 100, 197.55
2026/09/26 01:01:59.255, 0, 19871, 97871, 100, 276.63
2026/09/26 01:01:59.255, 1, 19875, 97871, 100, 264.40
2026/09/26 01:01:59.255, 2, 19863, 97871, 100, 263.73
2026/09/26 01:01:59.255, 3, 19875, 97871, 100, 238.84
2026/09/26 01:01:59.455, 0, 19871, 97871, 100, 305.74
2026/09/26 01:01:59.455, 1, 19875, 97871, 100, 287.26
2026/09/26 01:01:59.455, 2, 19863, 97871, 100, 318.04
2026/09/26 01:01:59.455, 3, 19875, 97871, 100, 273.50
2026/09/26 01:01:59.655, 0, 19871, 97871, 100, 345.57
2026/09/26 01:01:59.655, 1, 19875, 97871, 100, 326.15
2026/09/26 01:01:59.655, 2, 19863, 97871, 100, 355.84
2026/09/26 01:01:59.655, 3, 19875, 97871, 100, 314.43
2026/09/26 01:01:59.855, 0, 19871, 97871, 100, 342.93
2026/09/26 01:01:59.855, 1, 19875, 97871, 100, 330.93
2026/09/26 01:01:59.855, 2, 19863, 97871, 100, 336.95
2026/09/26 01:01:59.855, 3, 19875, 97871, 100, 311.38
2026/09/26 01:02:00.055, 0, 19871, 97871, 100, 340.68
2026/09/26 01:02:00.055, 1, 19875, 97871, 100, 344.90
2026/09/26 01:02:00.055, 2, 19863, 97871, 100, 308.17
2026/09/26 01:02:00.055, 3, 19875, 97871, 100, 312.67
2026/09/26 01:02:00.255, 0, 19871, 97871, 100, 341.93
2026/09/26 01:02:00.255, 1, 19875, 97871, 100, 348.52
2026/09/26 01:02:00.255, 2, 19863, 97871, 100, 319.42
2026/09/26 01:02:00.255, 3, 19875, 97871, 100, 308.45
2026/09/26 01:02:00.455, 0, 19871, 97871, 100, 339.36
2026/09/26 01:02:00.456, 1, 19875, 97871, 100, 355.24
2026/09/26 01:02:00.456, 2, 19863, 97871, 100, 313.27
2026/09/26 01:02:00.456, 3, 19875, 97871, 100, 314.74
2026/09/26 01:02:00.656, 0, 19871, 97871, 100, 321.26
2026/09/26 01:02:00.656, 1, 19875, 97871, 100, 358.55
2026/09/26 01:02:00.656, 2, 19863, 97871, 100, 320.84
2026/09/26 01:02:00.656, 3, 19875, 97871, 100, 301.36
2026/09/26 01:02:00.856, 0, 19871, 97871, 100, 330.05
2026/09/26 01:02:00.856, 1, 19875, 97871, 100, 348.27
2026/09/26 01:02:00.856, 2, 19863, 97871, 100, 331.12
2026/09/26 01:02:00.856, 3, 19875, 97871, 100, 314.52
2026/09/26 01:02:01.056, 0, 19871, 97871, 100, 325.56
2026/09/26 01:02:01.056, 1, 19875, 97871, 100, 348.98
2026/09/26 01:02:01.056, 2, 19863, 97871, 100, 339.53
2026/09/26 01:02:01.056, 3, 19875, 97871, 100, 325.29
2026/09/26 01:02:01.256, 0, 19871, 97871, 100, 308.68
2026/09/26 01:02:01.256, 1, 19875, 97871, 100, 348.84
2026/09/26 01:02:01.256, 2, 19863, 97871, 100, 336.53
2026/09/26 01:02:01.256, 3, 19875, 97871, 100, 322.11
2026/09/26 01:02:01.456, 0, 19871, 97871, 100, 313.00
2026/09/26 01:02:01.456, 1, 19875, 97871, 100, 352.56
2026/09/26 01:02:01.456, 2, 19863, 97871, 100, 326.84
2026/09/26 01:02:01.456, 3, 19875, 97871, 100, 334.66
2026/09/26 01:02:01.656, 0, 19871, 97871, 100, 322.83
2026/09/26 01:02:01.656, 1, 19875, 97871, 100, 334.01
2026/09/26 01:02:01.656, 2, 19863, 97871, 100, 318.17
2026/09/26 01:02:01.656, 3, 19875, 97871, 100, 351.29
2026/09/26 01:02:01.856, 0, 19871, 97871, 100, 300.85
2026/09/26 01:02:01.856, 1, 19875, 97871, 100, 348.92
2026/09/26 01:02:01.857, 2, 19863, 97871, 100, 328.88
2026/09/26 01:02:01.857, 3, 19875, 97871, 100, 359.64
2026/09/26 01:02:02.057, 0, 19871, 97871, 100, 293.92
2026/09/26 01:02:02.057, 1, 19875, 97871, 100, 359.71
2026/09/26 01:02:02.057, 2, 19863, 97871, 100, 321.47
2026/09/26 01:02:02.057, 3, 19875, 97871, 100, 355.07
2026/09/26 01:02:02.257, 0, 19871, 97871, 100, 312.27
2026/09/26 01:02:02.257, 1, 19875, 97871, 100, 368.48
2026/09/26 01:02:02.257, 2, 19863, 97871, 100, 299.13
2026/09/26 01:02:02.257, 3, 19875, 97871, 100, 346.73
2026/09/26 01:02:02.457, 0, 19871, 97871, 100, 318.29
2026/09/26 01:02:02.457, 1, 19875, 97871, 100, 366.41
2026/09/26 01:02:02.457, 2, 19863, 97871, 100, 316.92
2026/09/26 01:02:02.457, 3, 19875, 97871, 100, 330.60
2026/09/26 01:02:02.657, 0, 19871, 97871, 100, 325.43
2026/09/26 01:02:02.657, 1, 19875, 97871, 100, 386.35
2026/09/26 01:02:02.657, 2, 19863, 97871, 100, 303.67
2026/09/26 01:02:02.657, 3, 19875, 97871, 100, 324.83
2026/09/26 01:02:02.857, 0, 19871, 97871, 100, 329.24
2026/09/26 01:02:02.857, 1, 19875, 97871, 100, 369.57
2026/09/26 01:02:02.857, 2, 19863, 97871, 100, 317.05
2026/09/26 01:02:02.857, 3, 19875, 97871, 100, 305.23
2026/09/26 01:02:03.057, 0, 19871, 97871, 100, 321.24
2026/09/26 01:02:03.057, 1, 19875, 97871, 100, 339.71
2026/09/26 01:02:03.057, 2, 19863, 97871, 100, 328.82
2026/09/26 01:02:03.057, 3, 19875, 97871, 100, 314.07
2026/09/26 01:02:03.257, 0, 19873, 97871, 19, 290.76
2026/09/26 01:02:03.258, 1, 19877, 97871, 84, 296.30
2026/09/26 01:02:03.258, 2, 19865, 97871, 69, 337.40
2026/09/26 01:02:03.258, 3, 19877, 97871, 70, 297.91
2026/09/26 01:02:03.458, 0, 19873, 97871, 0, 246.50
2026/09/26 01:02:03.458, 1, 19877, 97871, 19, 263.81
2026/09/26 01:02:03.458, 2, 19865, 97871, 0, 289.42
2026/09/26 01:02:03.458, 3, 19877, 97871, 0, 262.85
2026/09/26 01:02:03.658, 0, 19873, 97871, 0, 201.35
2026/09/26 01:02:03.658, 1, 19877, 97871, 0, 198.56
2026/09/26 01:02:03.658, 2, 19865, 97871, 0, 262.54
2026/09/26 01:02:03.658, 3, 19877, 97871, 0, 221.49
2026/09/26 01:02:03.858, 0, 19873, 97871, 0, 165.18
2026/09/26 01:02:03.858, 1, 19877, 97871, 0, 167.47
2026/09/26 01:02:03.858, 2, 19865, 97871, 0, 207.72
2026/09/26 01:02:03.858, 3, 19877, 97871, 0, 184.78
2026/09/26 01:02:04.058, 0, 19873, 97871, 0, 129.87
2026/09/26 01:02:04.058, 1, 19877, 97871, 0, 138.32
2026/09/26 01:02:04.058, 2, 19865, 97871, 0, 159.68
2026/09/26 01:02:04.058, 3, 19877, 97871, 0, 137.36
2026/09/26 01:02:04.258, 0, 19873, 97871, 0, 117.87
2026/09/26 01:02:04.258, 1, 19877, 97871, 0, 125.73
2026/09/26 01:02:04.258, 2, 19865, 97871, 0, 126.67
2026/09/26 01:02:04.258, 3, 19877, 97871, 0, 124.87
2026/09/26 01:02:04.458, 0, 19873, 97871, 0, 117.41
2026/09/26 01:02:04.458, 1, 19877, 97871, 0, 124.94
2026/09/26 01:02:04.458, 2, 19865, 97871, 0, 119.88
2026/09/26 01:02:04.458, 3, 19877, 97871, 0, 123.31
2026/09/26 01:02:04.659, 0, 19873, 97871, 0, 117.20
2026/09/26 01:02:04.659, 1, 19877, 97871, 0, 124.83
2026/09/26 01:02:04.659, 2, 19865, 97871, 0, 119.78
2026/09/26 01:02:04.659, 3, 19877, 97871, 0, 123.20
2026/09/26 01:02:04.859, 0, 19873, 97871, 0, 117.13
2026/09/26 01:02:04.859, 1, 19877, 97871, 0, 124.78
2026/09/26 01:02:04.859, 2, 19865, 97871, 0, 119.68
2026/09/26 01:02:04.859, 3, 19877, 97871, 0, 123.13
2026/09/26 01:02:05.059, 0, 19873, 97871, 49, 155.61
2026/09/26 01:02:05.059, 1, 19877, 97871, 2, 150.45
2026/09/26 01:02:05.059, 2, 19865, 97871, 38, 131.99
2026/09/26 01:02:05.059, 3, 19877, 97871, 14, 141.57
2026/09/26 01:02:05.259, 0, 19873, 97871, 100, 206.21
2026/09/26 01:02:05.259, 1, 19877, 97871, 100, 195.35
2026/09/26 01:02:05.259, 2, 19865, 97871, 100, 175.24
2026/09/26 01:02:05.259, 3, 19877, 97871, 100, 193.13
2026/09/26 01:02:05.459, 0, 19873, 97871, 100, 255.45
2026/09/26 01:02:05.459, 1, 19877, 97871, 100, 241.89
2026/09/26 01:02:05.459, 2, 19865, 97871, 100, 223.64
2026/09/26 01:02:05.459, 3, 19877, 97871, 100, 230.65
2026/09/26 01:02:05.659, 0, 19873, 97871, 100, 292.92
2026/09/26 01:02:05.659, 1, 19877, 97871, 100, 293.07
2026/09/26 01:02:05.659, 2, 19865, 97871, 100, 271.68
2026/09/26 01:02:05.659, 3, 19877, 97871, 100, 274.22
2026/09/26 01:02:05.859, 0, 19873, 97871, 100, 334.79
2026/09/26 01:02:05.859, 1, 19877, 97871, 100, 326.70
2026/09/26 01:02:05.859, 2, 19865, 97871, 100, 323.17
2026/09/26 01:02:05.859, 3, 19877, 97871, 100, 326.29
2026/09/26 01:02:06.060, 0, 19873, 97871, 100, 338.35
2026/09/26 01:02:06.060, 1, 19877, 97871, 100, 347.18
2026/09/26 01:02:06.060, 2, 19865, 97871, 100, 352.76
2026/09/26 01:02:06.060, 3, 19877, 97871, 100, 371.44
2026/09/26 01:02:06.260, 0, 19873, 97871, 100, 336.97
2026/09/26 01:02:06.260, 1, 19877, 97871, 100, 348.96
2026/09/26 01:02:06.260, 2, 19865, 97871, 100, 351.39
2026/09/26 01:02:06.260, 3, 19877, 97871, 100, 366.14
2026/09/26 01:02:06.460, 0, 19873, 97871, 100, 325.60
2026/09/26 01:02:06.460, 1, 19877, 97871, 100, 343.23
2026/09/26 01:02:06.460, 2, 19865, 97871, 100, 350.02
2026/09/26 01:02:06.460, 3, 19877, 97871, 100, 364.86
2026/09/26 01:02:06.660, 0, 19873, 97871, 82, 335.11
2026/09/26 01:02:06.660, 1, 19877, 97871, 100, 329.46
2026/09/26 01:02:06.660, 2, 19865, 97871, 82, 346.70
2026/09/26 01:02:06.660, 3, 19877, 97871, 82, 360.89
2026/09/26 01:02:06.860, 0, 19873, 97871, 100, 342.99
2026/09/26 01:02:06.860, 1, 19877, 97871, 100, 340.82
2026/09/26 01:02:06.860, 2, 19865, 97871, 100, 344.52
2026/09/26 01:02:06.860, 3, 19877, 97871, 100, 356.30
2026/09/26 01:02:07.060, 0, 19873, 97871, 100, 351.00
2026/09/26 01:02:07.060, 1, 19877, 97871, 100, 342.65
2026/09/26 01:02:07.060, 2, 19865, 97871, 100, 348.34
2026/09/26 01:02:07.060, 3, 19877, 97871, 100, 338.40
2026/09/26 01:02:07.260, 0, 19873, 97871, 100, 350.59
2026/09/26 01:02:07.260, 1, 19877, 97871, 100, 344.62
2026/09/26 01:02:07.260, 2, 19865, 97871, 100, 356.35
2026/09/26 01:02:07.260, 3, 19877, 97871, 100, 335.80
2026/09/26 01:02:07.461, 0, 19873, 97871, 100, 349.49
2026/09/26 01:02:07.461, 1, 19877, 97871, 100, 338.52
2026/09/26 01:02:07.461, 2, 19865, 97871, 100, 352.46
2026/09/26 01:02:07.461, 3, 19877, 97871, 100, 358.76
2026/09/26 01:02:07.661, 0, 19873, 97871, 100, 341.45
2026/09/26 01:02:07.661, 1, 19877, 97871, 100, 350.55
2026/09/26 01:02:07.661, 2, 19865, 97871, 100, 346.74
2026/09/26 01:02:07.661, 3, 19877, 97871, 100, 373.06
2026/09/26 01:02:07.861, 0, 19873, 97871, 100, 340.32
2026/09/26 01:02:07.861, 1, 19877, 97871, 100, 347.55
2026/09/26 01:02:07.861, 2, 19865, 97871, 100, 344.98
2026/09/26 01:02:07.861, 3, 19877, 97871, 100, 367.41
2026/09/26 01:02:08.061, 0, 19873, 97871, 100, 337.39
2026/09/26 01:02:08.061, 1, 19877, 97871, 98, 339.96
2026/09/26 01:02:08.061, 2, 19865, 97871, 100, 352.02
2026/09/26 01:02:08.061, 3, 19877, 97871, 100, 363.15
2026/09/26 01:02:08.261, 0, 19873, 97871, 100, 341.72
2026/09/26 01:02:08.261, 1, 19877, 97871, 100, 332.50
2026/09/26 01:02:08.261, 2, 19865, 97871, 100, 343.19
2026/09/26 01:02:08.261, 3, 19877, 97871, 100, 370.67
2026/09/26 01:02:08.461, 0, 19873, 97871, 100, 353.94
2026/09/26 01:02:08.461, 1, 19877, 97871, 100, 343.21
2026/09/26 01:02:08.461, 2, 19865, 97871, 100, 345.76
2026/09/26 01:02:08.461, 3, 19877, 97871, 100, 353.67
2026/09/26 01:02:08.661, 0, 19873, 97871, 100, 352.96
2026/09/26 01:02:08.661, 1, 19877, 97871, 100, 348.02
2026/09/26 01:02:08.661, 2, 19865, 97871, 100, 355.73
2026/09/26 01:02:08.661, 3, 19877, 97871, 100, 341.67
2026/09/26 01:02:08.862, 0, 19873, 97871, 100, 352.37
2026/09/26 01:02:08.862, 1, 19877, 97871, 100, 341.09
2026/09/26 01:02:08.862, 2, 19865, 97871, 100, 361.52
2026/09/26 01:02:08.862, 3, 19877, 97871, 100, 342.55
2026/09/26 01:02:09.062, 0, 19873, 97871, 100, 346.74
2026/09/26 01:02:09.062, 1, 19877, 97871, 100, 343.90
2026/09/26 01:02:09.062, 2, 19865, 97871, 100, 351.21
2026/09/26 01:02:09.062, 3, 19877, 97871, 100, 365.14
2026/09/26 01:02:09.262, 0, 19873, 97871, 100, 339.33
2026/09/26 01:02:09.262, 1, 19877, 97871, 100, 355.15
2026/09/26 01:02:09.262, 2, 19865, 97871, 100, 346.95
2026/09/26 01:02:09.262, 3, 19877, 97871, 100, 363.35
2026/09/26 01:02:09.462, 0, 19873, 97871, 100, 332.08
2026/09/26 01:02:09.462, 1, 19877, 97871, 100, 349.90
2026/09/26 01:02:09.462, 2, 19865, 97871, 100, 347.18
2026/09/26 01:02:09.462, 3, 19877, 97871, 100, 361.55
2026/09/26 01:02:09.662, 0, 19873, 97871, 88, 321.19
2026/09/26 01:02:09.662, 1, 19877, 97871, 83, 329.33
2026/09/26 01:02:09.662, 2, 19865, 97871, 90, 339.59
2026/09/26 01:02:09.662, 3, 19877, 97871, 95, 347.13
2026/09/26 01:02:09.862, 0, 19873, 97871, 100, 326.28
2026/09/26 01:02:09.862, 1, 19877, 97871, 100, 324.89
2026/09/26 01:02:09.862, 2, 19865, 97871, 100, 331.95
2026/09/26 01:02:09.862, 3, 19877, 97871, 100, 347.21
2026/09/26 01:02:10.062, 0, 19873, 97871, 100, 344.62
2026/09/26 01:02:10.062, 1, 19877, 97871, 100, 338.76
2026/09/26 01:02:10.062, 2, 19865, 97871, 100, 336.98
2026/09/26 01:02:10.062, 3, 19877, 97871, 100, 333.70
2026/09/26 01:02:10.263, 0, 19873, 97871, 100, 341.01
2026/09/26 01:02:10.263, 1, 19877, 97871, 100, 330.20
2026/09/26 01:02:10.263, 2, 19865, 97871, 100, 346.63
2026/09/26 01:02:10.263, 3, 19877, 97871, 100, 331.95
2026/09/26 01:02:10.463, 0, 19873, 97871, 100, 344.09
2026/09/26 01:02:10.463, 1, 19877, 97871, 100, 332.59
2026/09/26 01:02:10.463, 2, 19865, 97871, 100, 345.29
2026/09/26 01:02:10.463, 3, 19877, 97871, 100, 335.07
2026/09/26 01:02:10.663, 0, 19873, 97871, 100, 348.27
2026/09/26 01:02:10.663, 1, 19877, 97871, 100, 340.75
2026/09/26 01:02:10.663, 2, 19865, 97871, 100, 354.44
2026/09/26 01:02:10.663, 3, 19877, 97871, 100, 364.06
2026/09/26 01:02:10.863, 0, 19873, 97871, 100, 343.57
2026/09/26 01:02:10.863, 1, 19877, 97871, 100, 350.95
2026/09/26 01:02:10.863, 2, 19865, 97871, 100, 347.83
2026/09/26 01:02:10.863, 3, 19877, 97871, 100, 368.46
2026/09/26 01:02:11.063, 0, 19873, 97871, 100, 335.10
2026/09/26 01:02:11.063, 1, 19877, 97871, 100, 344.93
2026/09/26 01:02:11.063, 2, 19865, 97871, 100, 349.91
2026/09/26 01:02:11.063, 3, 19877, 97871, 100, 365.66
2026/09/26 01:02:11.263, 0, 19873, 97871, 82, 341.03
2026/09/26 01:02:11.263, 1, 19877, 97871, 82, 337.47
2026/09/26 01:02:11.263, 2, 19865, 97871, 82, 349.97
2026/09/26 01:02:11.263, 3, 19877, 97871, 100, 358.61
2026/09/26 01:02:11.463, 0, 19873, 97871, 100, 346.67
2026/09/26 01:02:11.463, 1, 19877, 97871, 100, 337.77
2026/09/26 01:02:11.463, 2, 19865, 97871, 100, 346.98
2026/09/26 01:02:11.464, 3, 19877, 97871, 100, 366.33
2026/09/26 01:02:11.664, 0, 19873, 97871, 100, 357.93
2026/09/26 01:02:11.664, 1, 19877, 97871, 100, 348.04
2026/09/26 01:02:11.664, 2, 19865, 97871, 100, 349.76
2026/09/26 01:02:11.664, 3, 19877, 97871, 100, 347.18
2026/09/26 01:02:11.864, 0, 19873, 97871, 100, 351.56
2026/09/26 01:02:11.864, 1, 19877, 97871, 100, 350.06
2026/09/26 01:02:11.864, 2, 19865, 97871, 100, 367.21
2026/09/26 01:02:11.864, 3, 19877, 97871, 100, 340.45
2026/09/26 01:02:12.064, 0, 19873, 97871, 100, 351.99
2026/09/26 01:02:12.064, 1, 19877, 97871, 100, 346.93
2026/09/26 01:02:12.064, 2, 19865, 97871, 100, 366.36
2026/09/26 01:02:12.064, 3, 19877, 97871, 100, 350.35
2026/09/26 01:02:12.264, 0, 19873, 97871, 100, 341.84
2026/09/26 01:02:12.264, 1, 19877, 97871, 100, 353.75
2026/09/26 01:02:12.264, 2, 19865, 97871, 100, 355.90
2026/09/26 01:02:12.264, 3, 19877, 97871, 100, 370.35
2026/09/26 01:02:12.464, 0, 19873, 97871, 100, 341.02
2026/09/26 01:02:12.464, 1, 19877, 97871, 100, 357.62
2026/09/26 01:02:12.464, 2, 19865, 97871, 100, 353.75
2026/09/26 01:02:12.464, 3, 19877, 97871, 100, 365.80
2026/09/26 01:02:12.664, 0, 19873, 97871, 100, 329.17
2026/09/26 01:02:12.664, 1, 19877, 97871, 100, 346.44
2026/09/26 01:02:12.664, 2, 19865, 97871, 100, 357.02
2026/09/26 01:02:12.664, 3, 19877, 97871, 100, 366.90
2026/09/26 01:02:12.864, 0, 19873, 97871, 87, 342.58
2026/09/26 01:02:12.864, 1, 19877, 97871, 100, 332.64
2026/09/26 01:02:12.864, 2, 19865, 97871, 83, 349.11
2026/09/26 01:02:12.864, 3, 19877, 97871, 84, 362.73
2026/09/26 01:02:13.065, 0, 19873, 97871, 100, 348.54
2026/09/26 01:02:13.065, 1, 19877, 97871, 100, 339.88
2026/09/26 01:02:13.065, 2, 19865, 97871, 100, 353.00
2026/09/26 01:02:13.065, 3, 19877, 97871, 100, 360.30
2026/09/26 01:02:13.265, 0, 19873, 97871, 100, 360.73
2026/09/26 01:02:13.265, 1, 19877, 97871, 100, 342.02
2026/09/26 01:02:13.265, 2, 19865, 97871, 100, 362.36
2026/09/26 01:02:13.265, 3, 19877, 97871, 100, 339.80
2026/09/26 01:02:13.465, 0, 19873, 97871, 100, 356.73
2026/09/26 01:02:13.465, 1, 19877, 97871, 100, 339.59
2026/09/26 01:02:13.465, 2, 19865, 97871, 100, 369.76
2026/09/26 01:02:13.465, 3, 19877, 97871, 100, 337.04
2026/09/26 01:02:13.665, 0, 19873, 97871, 100, 351.29
2026/09/26 01:02:13.665, 1, 19877, 97871, 100, 342.70
2026/09/26 01:02:13.665, 2, 19865, 97871, 100, 360.49
2026/09/26 01:02:13.665, 3, 19877, 97871, 100, 360.08
2026/09/26 01:02:13.865, 0, 19873, 97871, 100, 345.19
2026/09/26 01:02:13.865, 1, 19877, 97871, 100, 355.62
2026/09/26 01:02:13.865, 2, 19865, 97871, 100, 357.49
2026/09/26 01:02:13.865, 3, 19877, 97871, 100, 373.17
2026/09/26 01:02:14.065, 0, 19873, 97871, 100, 337.26
2026/09/26 01:02:14.065, 1, 19877, 97871, 100, 350.27
2026/09/26 01:02:14.065, 2, 19865, 97871, 100, 349.02
2026/09/26 01:02:14.065, 3, 19877, 97871, 100, 368.29
2026/09/26 01:02:14.265, 0, 19873, 97871, 100, 320.14
2026/09/26 01:02:14.265, 1, 19877, 97871, 90, 333.69
2026/09/26 01:02:14.265, 2, 19865, 97871, 100, 352.66
2026/09/26 01:02:14.265, 3, 19877, 97871, 100, 359.07
2026/09/26 01:02:14.466, 0, 19873, 97871, 87, 326.25
2026/09/26 01:02:14.466, 1, 19877, 97871, 100, 325.30
2026/09/26 01:02:14.466, 2, 19865, 97871, 75, 335.83
2026/09/26 01:02:14.466, 3, 19877, 97871, 78, 348.54
2026/09/26 01:02:14.666, 0, 19873, 97871, 100, 339.26
2026/09/26 01:02:14.666, 1, 19877, 97871, 100, 338.53
2026/09/26 01:02:14.666, 2, 19865, 97871, 100, 341.11
2026/09/26 01:02:14.666, 3, 19877, 97871, 100, 338.33
2026/09/26 01:02:14.866, 0, 19873, 97871, 100, 338.69
2026/09/26 01:02:14.866, 1, 19877, 97871, 100, 330.85
2026/09/26 01:02:14.866, 2, 19865, 97871, 100, 344.99
2026/09/26 01:02:14.866, 3, 19877, 97871, 100, 327.30
2026/09/26 01:02:15.066, 0, 19873, 97871, 100, 341.44
2026/09/26 01:02:15.066, 1, 19877, 97871, 100, 336.52
2026/09/26 01:02:15.066, 2, 19865, 97871, 100, 352.17
2026/09/26 01:02:15.066, 3, 19877, 97871, 100, 324.61
2026/09/26 01:02:15.266, 0, 19873, 97871, 100, 350.82
2026/09/26 01:02:15.266, 1, 19877, 97871, 100, 345.90
2026/09/26 01:02:15.266, 2, 19865, 97871, 100, 341.64
2026/09/26 01:02:15.266, 3, 19877, 97871, 100, 356.58
2026/09/26 01:02:15.466, 0, 19873, 97871, 100, 344.07
2026/09/26 01:02:15.466, 1, 19877, 97871, 100, 352.69
2026/09/26 01:02:15.466, 2, 19865, 97871, 100, 353.35
2026/09/26 01:02:15.466, 3, 19877, 97871, 100, 374.84
2026/09/26 01:02:15.666, 0, 19873, 97871, 100, 340.65
2026/09/26 01:02:15.666, 1, 19877, 97871, 100, 345.31
2026/09/26 01:02:15.666, 2, 19865, 97871, 100, 348.25
2026/09/26 01:02:15.666, 3, 19877, 97871, 100, 369.36
2026/09/26 01:02:15.867, 0, 19873, 97871, 100, 337.26
2026/09/26 01:02:15.867, 1, 19877, 97871, 95, 340.90
2026/09/26 01:02:15.867, 2, 19865, 97871, 100, 358.90
2026/09/26 01:02:15.867, 3, 19877, 97871, 100, 365.00
2026/09/26 01:02:16.067, 0, 19873, 97871, 100, 341.75
2026/09/26 01:02:16.067, 1, 19877, 97871, 100, 335.64
2026/09/26 01:02:16.067, 2, 19865, 97871, 100, 352.39
2026/09/26 01:02:16.067, 3, 19877, 97871, 100, 371.59
2026/09/26 01:02:16.267, 0, 19873, 97871, 100, 353.49
2026/09/26 01:02:16.267, 1, 19877, 97871, 100, 346.66
2026/09/26 01:02:16.267, 2, 19865, 97871, 100, 355.82
2026/09/26 01:02:16.267, 3, 19877, 97871, 100, 353.84
2026/09/26 01:02:16.467, 0, 19873, 97871, 100, 351.47
2026/09/26 01:02:16.467, 1, 19877, 97871, 100, 350.45
2026/09/26 01:02:16.467, 2, 19865, 97871, 100, 365.17
2026/09/26 01:02:16.467, 3, 19877, 97871, 100, 343.20
2026/09/26 01:02:16.667, 0, 19873, 97871, 100, 351.94
2026/09/26 01:02:16.667, 1, 19877, 97871, 100, 349.57
2026/09/26 01:02:16.667, 2, 19865, 97871, 100, 369.81
2026/09/26 01:02:16.667, 3, 19877, 97871, 100, 342.90
2026/09/26 01:02:16.867, 0, 19873, 97871, 100, 345.63
2026/09/26 01:02:16.867, 1, 19877, 97871, 100, 350.06
2026/09/26 01:02:16.867, 2, 19865, 97871, 100, 356.78
2026/09/26 01:02:16.867, 3, 19877, 97871, 100, 366.13
2026/09/26 01:02:17.067, 0, 19873, 97871, 100, 342.12
2026/09/26 01:02:17.067, 1, 19877, 97871, 100, 356.75
2026/09/26 01:02:17.067, 2, 19865, 97871, 100, 352.41
2026/09/26 01:02:17.067, 3, 19877, 97871, 100, 365.55
2026/09/26 01:02:17.268, 0, 19873, 97871, 100, 333.33
2026/09/26 01:02:17.268, 1, 19877, 97871, 100, 354.74
2026/09/26 01:02:17.268, 2, 19865, 97871, 100, 351.46
2026/09/26 01:02:17.268, 3, 19877, 97871, 100, 363.92
2026/09/26 01:02:17.468, 0, 19873, 97871, 83, 341.50
2026/09/26 01:02:17.468, 1, 19877, 97871, 83, 338.38
2026/09/26 01:02:17.468, 2, 19865, 97871, 83, 347.18
2026/09/26 01:02:17.468, 3, 19877, 97871, 89, 359.55
2026/09/26 01:02:17.668, 0, 19873, 97871, 100, 345.69
2026/09/26 01:02:17.668, 1, 19877, 97871, 100, 345.18
2026/09/26 01:02:17.668, 2, 19865, 97871, 100, 347.23
2026/09/26 01:02:17.668, 3, 19877, 97871, 100, 366.15
2026/09/26 01:02:17.868, 0, 19873, 97871, 100, 359.98
2026/09/26 01:02:17.868, 1, 19877, 97871, 100, 354.27
2026/09/26 01:02:17.868, 2, 19865, 97871, 100, 350.54
2026/09/26 01:02:17.868, 3, 19877, 97871, 100, 345.45
2026/09/26 01:02:18.068, 0, 19873, 97871, 100, 355.97
2026/09/26 01:02:18.068, 1, 19877, 97871, 100, 353.87
2026/09/26 01:02:18.068, 2, 19865, 97871, 100, 367.20
2026/09/26 01:02:18.068, 3, 19877, 97871, 100, 342.20
2026/09/26 01:02:18.268, 0, 19873, 97871, 100, 354.21
2026/09/26 01:02:18.268, 1, 19877, 97871, 100, 346.55
2026/09/26 01:02:18.268, 2, 19865, 97871, 100, 364.98
2026/09/26 01:02:18.268, 3, 19877, 97871, 100, 355.02
2026/09/26 01:02:18.468, 0, 19873, 97871, 100, 345.91
2026/09/26 01:02:18.468, 1, 19877, 97871, 100, 359.18
2026/09/26 01:02:18.468, 2, 19865, 97871, 100, 358.15
2026/09/26 01:02:18.468, 3, 19877, 97871, 100, 374.18
2026/09/26 01:02:18.669, 0, 19873, 97871, 100, 341.14
2026/09/26 01:02:18.669, 1, 19877, 97871, 100, 360.85
2026/09/26 01:02:18.669, 2, 19865, 97871, 100, 353.61
2026/09/26 01:02:18.669, 3, 19877, 97871, 100, 369.45
2026/09/26 01:02:18.869, 0, 19873, 97871, 100, 328.19
2026/09/26 01:02:18.869, 1, 19877, 97871, 100, 342.75
2026/09/26 01:02:18.869, 2, 19865, 97871, 100, 358.31
2026/09/26 01:02:18.869, 3, 19877, 97871, 100, 367.47
2026/09/26 01:02:19.069, 0, 19873, 97871, 80, 330.45
2026/09/26 01:02:19.069, 1, 19877, 97871, 87, 325.75
2026/09/26 01:02:19.069, 2, 19865, 97871, 74, 341.98
2026/09/26 01:02:19.069, 3, 19877, 97871, 43, 349.68
2026/09/26 01:02:19.269, 0, 19873, 97871, 100, 335.34
2026/09/26 01:02:19.269, 1, 19877, 97871, 100, 332.90
2026/09/26 01:02:19.269, 2, 19865, 97871, 100, 341.18
2026/09/26 01:02:19.269, 3, 19877, 97871, 100, 344.54
2026/09/26 01:02:19.469, 0, 19873, 97871, 100, 344.06
2026/09/26 01:02:19.469, 1, 19877, 97871, 100, 335.42
2026/09/26 01:02:19.469, 2, 19865, 97871, 100, 347.64
2026/09/26 01:02:19.469, 3, 19877, 97871, 100, 327.52
2026/09/26 01:02:19.669, 0, 19873, 97871, 100, 338.53
2026/09/26 01:02:19.669, 1, 19877, 97871, 100, 329.66
2026/09/26 01:02:19.669, 2, 19865, 97871, 100, 358.47
2026/09/26 01:02:19.669, 3, 19877, 97871, 100, 323.37
2026/09/26 01:02:19.869, 0, 19873, 97871, 100, 342.36
2026/09/26 01:02:19.869, 1, 19877, 97871, 100, 338.23
2026/09/26 01:02:19.869, 2, 19865, 97871, 100, 352.64
2026/09/26 01:02:19.869, 3, 19877, 97871, 100, 339.46
2026/09/26 01:02:20.070, 0, 19873, 97871, 100, 342.48
2026/09/26 01:02:20.070, 1, 19877, 97871, 100, 350.50
2026/09/26 01:02:20.070, 2, 19865, 97871, 100, 358.27
2026/09/26 01:02:20.070, 3, 19877, 97871, 100, 373.75
2026/09/26 01:02:20.270, 0, 19873, 97871, 100, 340.68
2026/09/26 01:02:20.270, 1, 19877, 97871, 100, 354.57
2026/09/26 01:02:20.270, 2, 19865, 97871, 100, 354.04
2026/09/26 01:02:20.270, 3, 19877, 97871, 100, 371.39
2026/09/26 01:02:20.470, 0, 19873, 97871, 100, 328.70
2026/09/26 01:02:20.470, 1, 19877, 97871, 100, 342.02
2026/09/26 01:02:20.470, 2, 19865, 97871, 100, 359.89
2026/09/26 01:02:20.470, 3, 19877, 97871, 100, 369.39
2026/09/26 01:02:20.670, 0, 19873, 97871, 99, 341.73
2026/09/26 01:02:20.670, 1, 19877, 97871, 100, 334.07
2026/09/26 01:02:20.670, 2, 19865, 97871, 90, 349.36
2026/09/26 01:02:20.670, 3, 19877, 97871, 84, 366.15
2026/09/26 01:02:20.870, 0, 19873, 97871, 100, 348.60
2026/09/26 01:02:20.870, 1, 19877, 97871, 100, 345.32
2026/09/26 01:02:20.870, 2, 19865, 97871, 100, 351.61
2026/09/26 01:02:20.870, 3, 19877, 97871, 100, 359.45
2026/09/26 01:02:21.070, 0, 19873, 97871, 100, 354.63
2026/09/26 01:02:21.070, 1, 19877, 97871, 100, 345.04
2026/09/26 01:02:21.070, 2, 19865, 97871, 100, 359.03
2026/09/26 01:02:21.070, 3, 19877, 97871, 100, 343.29
2026/09/26 01:02:21.270, 0, 19873, 97871, 100, 352.75
2026/09/26 01:02:21.270, 1, 19877, 97871, 100, 342.67
2026/09/26 01:02:21.270, 2, 19865, 97871, 100, 359.84
2026/09/26 01:02:21.270, 3, 19877, 97871, 100, 337.19
2026/09/26 01:02:21.470, 0, 19873, 97871, 100, 355.15
2026/09/26 01:02:21.471, 1, 19877, 97871, 100, 343.28
2026/09/26 01:02:21.471, 2, 19865, 97871, 100, 352.97
2026/09/26 01:02:21.471, 3, 19877, 97871, 100, 360.63
2026/09/26 01:02:21.671, 0, 19873, 97871, 100, 344.44
2026/09/26 01:02:21.671, 1, 19877, 97871, 100, 354.05
2026/09/26 01:02:21.671, 2, 19865, 97871, 100, 350.58
2026/09/26 01:02:21.671, 3, 19877, 97871, 100, 370.90
2026/09/26 01:02:21.871, 0, 19873, 97871, 100, 337.81
2026/09/26 01:02:21.871, 1, 19877, 97871, 100, 344.80
2026/09/26 01:02:21.871, 2, 19865, 97871, 100, 349.49
2026/09/26 01:02:21.871, 3, 19877, 97871, 100, 367.45
2026/09/26 01:02:22.071, 0, 19873, 97871, 100, 337.16
2026/09/26 01:02:22.071, 1, 19877, 97871, 83, 342.06
2026/09/26 01:02:22.071, 2, 19865, 97871, 100, 351.24
2026/09/26 01:02:22.071, 3, 19877, 97871, 100, 362.18
2026/09/26 01:02:22.271, 0, 19873, 97871, 100, 341.21
2026/09/26 01:02:22.271, 1, 19877, 97871, 100, 338.24
2026/09/26 01:02:22.271, 2, 19865, 97871, 100, 349.59
2026/09/26 01:02:22.271, 3, 19877, 97871, 100, 370.89
2026/09/26 01:02:22.471, 0, 19873, 97871, 100, 352.05
2026/09/26 01:02:22.472, 1, 19877, 97871, 100, 349.34
2026/09/26 01:02:22.472, 2, 19865, 97871, 100, 353.88
2026/09/26 01:02:22.472, 3, 19877, 97871, 100, 355.02
2026/09/26 01:02:22.672, 0, 19873, 97871, 100, 349.62
2026/09/26 01:02:22.672, 1, 19877, 97871, 100, 350.92
2026/09/26 01:02:22.672, 2, 19865, 97871, 100, 365.64
2026/09/26 01:02:22.672, 3, 19877, 97871, 100, 346.47
2026/09/26 01:02:22.872, 0, 19873, 97871, 100, 353.03
2026/09/26 01:02:22.872, 1, 19877, 97871, 100, 348.37
2026/09/26 01:02:22.872, 2, 19865, 97871, 100, 365.70
2026/09/26 01:02:22.872, 3, 19877, 97871, 100, 351.70
2026/09/26 01:02:23.072, 0, 19873, 97871, 100, 344.41
2026/09/26 01:02:23.072, 1, 19877, 97871, 100, 350.20
2026/09/26 01:02:23.072, 2, 19865, 97871, 100, 352.59
2026/09/26 01:02:23.072, 3, 19877, 97871, 100, 373.77
2026/09/26 01:02:23.272, 0, 19873, 97871, 100, 342.89
2026/09/26 01:02:23.272, 1, 19877, 97871, 100, 355.95
2026/09/26 01:02:23.272, 2, 19865, 97871, 100, 355.95
2026/09/26 01:02:23.272, 3, 19877, 97871, 100, 369.48
2026/09/26 01:02:23.472, 0, 19873, 97871, 100, 336.98
2026/09/26 01:02:23.472, 1, 19877, 97871, 100, 351.59
2026/09/26 01:02:23.472, 2, 19865, 97871, 100, 358.59
2026/09/26 01:02:23.473, 3, 19877, 97871, 100, 367.12
2026/09/26 01:02:23.673, 0, 19873, 97871, 76, 317.49
2026/09/26 01:02:23.673, 1, 19877, 97871, 76, 322.32
2026/09/26 01:02:23.673, 2, 19865, 97871, 81, 339.42
2026/09/26 01:02:23.673, 3, 19877, 97871, 78, 347.14
2026/09/26 01:02:23.873, 0, 19873, 97871, 100, 319.34
2026/09/26 01:02:23.873, 1, 19877, 97871, 100, 326.38
2026/09/26 01:02:23.873, 2, 19865, 97871, 100, 334.13
2026/09/26 01:02:23.873, 3, 19877, 97871, 100, 344.62
2026/09/26 01:02:24.073, 0, 19873, 97871, 70, 306.44
2026/09/26 01:02:24.073, 1, 19877, 97871, 68, 305.40
2026/09/26 01:02:24.073, 2, 19865, 97871, 79, 324.36
2026/09/26 01:02:24.073, 3, 19877, 97871, 81, 308.58
2026/09/26 01:02:24.273, 0, 19873, 97871, 66, 275.65
2026/09/26 01:02:24.273, 1, 19877, 97871, 77, 273.87
2026/09/26 01:02:24.273, 2, 19865, 97871, 55, 292.63
2026/09/26 01:02:24.273, 3, 19877, 97871, 46, 276.23
2026/09/26 01:02:24.473, 0, 19873, 97871, 70, 249.34
2026/09/26 01:02:24.473, 1, 19877, 97871, 68, 244.95
2026/09/26 01:02:24.473, 2, 19865, 97871, 72, 257.64
2026/09/26 01:02:24.473, 3, 19877, 97871, 35, 252.51
2026/09/26 01:02:24.673, 0, 19873, 97871, 69, 242.93
2026/09/26 01:02:24.673, 1, 19877, 97871, 66, 239.71
2026/09/26 01:02:24.673, 2, 19865, 97871, 78, 244.07
2026/09/26 01:02:24.673, 3, 19877, 97871, 37, 242.57
2026/09/26 01:02:24.873, 0, 19873, 97871, 75, 211.55
2026/09/26 01:02:24.873, 1, 19877, 97871, 73, 210.19
2026/09/26 01:02:24.873, 2, 19865, 97871, 77, 216.99
2026/09/26 01:02:24.873, 3, 19877, 97871, 34, 212.39
2026/09/26 01:02:25.074, 0, 19873, 97871, 63, 204.07
2026/09/26 01:02:25.074, 1, 19877, 97871, 73, 205.18
2026/09/26 01:02:25.074, 2, 19865, 97871, 74, 195.57
2026/09/26 01:02:25.074, 3, 19877, 97871, 36, 204.67
2026/09/26 01:02:25.274, 0, 19873, 97871, 67, 200.46
2026/09/26 01:02:25.274, 1, 19877, 97871, 78, 203.94
2026/09/26 01:02:25.274, 2, 19865, 97871, 69, 194.46
2026/09/26 01:02:25.274, 3, 19877, 97871, 35, 204.24
2026/09/26 01:02:25.474, 0, 19873, 97871, 72, 199.89
2026/09/26 01:02:25.474, 1, 19877, 97871, 75, 204.60
2026/09/26 01:02:25.474, 2, 19865, 97871, 78, 194.40
2026/09/26 01:02:25.474, 3, 19877, 97871, 36, 201.37
2026/09/26 01:02:25.674, 0, 19873, 97871, 65, 198.90
2026/09/26 01:02:25.674, 1, 19877, 97871, 62, 205.26
2026/09/26 01:02:25.674, 2, 19865, 97871, 76, 197.47
2026/09/26 01:02:25.674, 3, 19877, 97871, 36, 202.99
2026/09/26 01:02:25.874, 0, 19873, 97871, 64, 196.83
2026/09/26 01:02:25.874, 1, 19877, 97871, 76, 206.35
2026/09/26 01:02:25.874, 2, 19865, 97871, 75, 199.89
2026/09/26 01:02:25.874, 3, 19877, 97871, 37, 204.30
2026/09/26 01:02:26.074, 0, 19873, 97871, 69, 192.87
2026/09/26 01:02:26.074, 1, 19877, 97871, 72, 209.86
2026/09/26 01:02:26.074, 2, 19865, 97871, 72, 203.99
2026/09/26 01:02:26.074, 3, 19877, 97871, 36, 205.03
2026/09/26 01:02:26.274, 0, 19873, 97871, 68, 192.63
2026/09/26 01:02:26.274, 1, 19877, 97871, 67, 211.49
2026/09/26 01:02:26.274, 2, 19865, 97871, 77, 204.31
2026/09/26 01:02:26.274, 3, 19877, 97871, 35, 205.41
2026/09/26 01:02:26.475, 0, 19873, 97871, 69, 194.82
2026/09/26 01:02:26.475, 1, 19877, 97871, 74, 209.66
2026/09/26 01:02:26.475, 2, 19865, 97871, 76, 203.70
2026/09/26 01:02:26.475, 3, 19877, 97871, 35, 205.24
2026/09/26 01:02:26.675, 0, 19873, 97871, 74, 197.79
2026/09/26 01:02:26.675, 1, 19877, 97871, 70, 209.08
2026/09/26 01:02:26.675, 2, 19865, 97871, 76, 198.61
2026/09/26 01:02:26.675, 3, 19877, 97871, 35, 205.09
2026/09/26 01:02:26.875, 0, 19873, 97871, 76, 197.32
2026/09/26 01:02:26.875, 1, 19877, 97871, 75, 209.50
2026/09/26 01:02:26.875, 2, 19865, 97871, 79, 195.29
2026/09/26 01:02:26.875, 3, 19877, 97871, 36, 203.72
2026/09/26 01:02:27.075, 0, 19873, 97871, 77, 200.92
2026/09/26 01:02:27.075, 1, 19877, 97871, 73, 206.45
2026/09/26 01:02:27.075, 2, 19865, 97871, 79, 194.27
2026/09/26 01:02:27.075, 3, 19877, 97871, 34, 204.75
2026/09/26 01:02:27.275, 0, 19873, 97871, 74, 199.26
2026/09/26 01:02:27.275, 1, 19877, 97871, 81, 204.69
2026/09/26 01:02:27.275, 2, 19865, 97871, 78, 196.67
2026/09/26 01:02:27.275, 3, 19877, 97871, 35, 206.00
2026/09/26 01:02:27.475, 0, 19873, 97871, 83, 195.76
2026/09/26 01:02:27.475, 1, 19877, 97871, 85, 207.69
2026/09/26 01:02:27.475, 2, 19865, 97871, 35, 196.31
2026/09/26 01:02:27.475, 3, 19877, 97871, 85, 207.80
2026/09/26 01:02:27.676, 0, 19873, 97871, 83, 194.62
2026/09/26 01:02:27.676, 1, 19877, 97871, 85, 208.92
2026/09/26 01:02:27.676, 2, 19865, 97871, 35, 196.86
2026/09/26 01:02:27.676, 3, 19877, 97871, 85, 207.48
2026/09/26 01:02:27.876, 0, 19873, 97871, 84, 197.64
2026/09/26 01:02:27.876, 1, 19877, 97871, 85, 208.56
2026/09/26 01:02:27.876, 2, 19865, 97871, 35, 198.55
2026/09/26 01:02:27.876, 3, 19877, 97871, 85, 208.78
2026/09/26 01:02:28.076, 0, 19873, 97871, 85, 196.29
2026/09/26 01:02:28.076, 1, 19877, 97871, 85, 209.74
2026/09/26 01:02:28.076, 2, 19865, 97871, 35, 200.48
2026/09/26 01:02:28.076, 3, 19877, 97871, 85, 207.42
2026/09/26 01:02:28.276, 0, 19873, 97871, 85, 199.94
2026/09/26 01:02:28.276, 1, 19877, 97871, 83, 210.04
2026/09/26 01:02:28.276, 2, 19865, 97871, 34, 202.16
2026/09/26 01:02:28.276, 3, 19877, 97871, 85, 206.36
2026/09/26 01:02:28.476, 0, 19873, 97871, 85, 202.06
2026/09/26 01:02:28.476, 1, 19877, 97871, 83, 208.95
2026/09/26 01:02:28.476, 2, 19865, 97871, 34, 200.92
2026/09/26 01:02:28.476, 3, 19877, 97871, 85, 206.38
2026/09/26 01:02:28.676, 0, 19873, 97871, 85, 202.65
2026/09/26 01:02:28.676, 1, 19877, 97871, 83, 207.97
2026/09/26 01:02:28.676, 2, 19865, 97871, 34, 199.91
2026/09/26 01:02:28.676, 3, 19877, 97871, 85, 207.64
2026/09/26 01:02:28.876, 0, 19873, 97871, 85, 203.33
2026/09/26 01:02:28.876, 1, 19877, 97871, 85, 208.12
2026/09/26 01:02:28.876, 2, 19865, 97871, 36, 201.75
2026/09/26 01:02:28.876, 3, 19877, 97871, 85, 207.84
2026/09/26 01:02:29.077, 0, 19873, 97871, 85, 203.34
2026/09/26 01:02:29.077, 1, 19877, 97871, 85, 207.94
2026/09/26 01:02:29.077, 2, 19865, 97871, 36, 201.09
2026/09/26 01:02:29.077, 3, 19877, 97871, 85, 209.16
2026/09/26 01:02:29.277, 0, 19873, 97871, 85, 203.29
2026/09/26 01:02:29.277, 1, 19877, 97871, 85, 209.43
2026/09/26 01:02:29.277, 2, 19865, 97871, 36, 200.29
2026/09/26 01:02:29.277, 3, 19877, 97871, 85, 210.27
2026/09/26 01:02:29.477, 0, 19873, 97871, 85, 203.76
2026/09/26 01:02:29.477, 1, 19877, 97871, 84, 211.35
2026/09/26 01:02:29.477, 2, 19865, 97871, 36, 202.95
2026/09/26 01:02:29.477, 3, 19877, 97871, 84, 208.21
2026/09/26 01:02:29.677, 0, 19873, 97871, 85, 203.29
2026/09/26 01:02:29.677, 1, 19877, 97871, 85, 213.37
2026/09/26 01:02:29.677, 2, 19865, 97871, 36, 205.05
2026/09/26 01:02:29.677, 3, 19877, 97871, 83, 207.65
2026/09/26 01:02:29.877, 0, 19873, 97871, 85, 203.00
2026/09/26 01:02:29.877, 1, 19877, 97871, 85, 213.84
2026/09/26 01:02:29.877, 2, 19865, 97871, 36, 205.65
2026/09/26 01:02:29.877, 3, 19877, 97871, 83, 208.20
2026/09/26 01:02:30.077, 0, 19873, 97871, 85, 204.56
2026/09/26 01:02:30.077, 1, 19877, 97871, 85, 214.85
2026/09/26 01:02:30.077, 2, 19865, 97871, 36, 206.07
2026/09/26 01:02:30.077, 3, 19877, 97871, 85, 207.73
2026/09/26 01:02:30.277, 0, 19873, 97871, 60, 208.91
2026/09/26 01:02:30.277, 1, 19877, 97871, 70, 215.34
2026/09/26 01:02:30.277, 2, 19865, 97871, 28, 201.91
2026/09/26 01:02:30.277, 3, 19877, 97871, 78, 201.73
2026/09/26 01:02:30.478, 0, 19873, 97871, 100, 236.83
2026/09/26 01:02:30.478, 1, 19877, 97871, 100, 242.04
2026/09/26 01:02:30.478, 2, 19865, 97871, 100, 226.01
2026/09/26 01:02:30.478, 3, 19877, 97871, 96, 230.01
2026/09/26 01:02:30.678, 0, 19873, 97871, 91, 238.72
2026/09/26 01:02:30.678, 1, 19877, 97871, 83, 243.13
2026/09/26 01:02:30.678, 2, 19865, 97871, 34, 240.85
2026/09/26 01:02:30.678, 3, 19877, 97871, 91, 240.16
2026/09/26 01:02:30.878, 0, 19873, 97871, 85, 238.26
2026/09/26 01:02:30.878, 1, 19877, 97871, 85, 243.20
2026/09/26 01:02:30.878, 2, 19865, 97871, 35, 239.30
2026/09/26 01:02:30.878, 3, 19877, 97871, 85, 238.62
2026/09/26 01:02:31.078, 0, 19873, 97871, 83, 235.52
2026/09/26 01:02:31.078, 1, 19877, 97871, 85, 242.84
2026/09/26 01:02:31.078, 2, 19865, 97871, 35, 237.64
2026/09/26 01:02:31.078, 3, 19877, 97871, 85, 238.31
2026/09/26 01:02:31.278, 0, 19873, 97871, 84, 230.47
2026/09/26 01:02:31.278, 1, 19877, 97871, 86, 243.09
2026/09/26 01:02:31.278, 2, 19865, 97871, 34, 239.10
2026/09/26 01:02:31.278, 3, 19877, 97871, 86, 240.62
2026/09/26 01:02:31.478, 0, 19873, 97871, 73, 202.55
2026/09/26 01:02:31.478, 1, 19877, 97871, 76, 212.60
2026/09/26 01:02:31.478, 2, 19865, 97871, 69, 213.47
2026/09/26 01:02:31.478, 3, 19877, 97871, 57, 217.84
2026/09/26 01:02:31.678, 0, 19873, 97871, 67, 199.43
2026/09/26 01:02:31.678, 1, 19877, 97871, 72, 211.13
2026/09/26 01:02:31.678, 2, 19865, 97871, 78, 196.19
2026/09/26 01:02:31.678, 3, 19877, 97871, 36, 201.59
2026/09/26 01:02:31.878, 0, 19873, 97871, 60, 197.77
2026/09/26 01:02:31.879, 1, 19877, 97871, 76, 209.81
2026/09/26 01:02:31.879, 2, 19865, 97871, 78, 192.71
2026/09/26 01:02:31.879, 3, 19877, 97871, 36, 200.29
2026/09/26 01:02:32.079, 0, 19873, 97871, 68, 196.31
2026/09/26 01:02:32.079, 1, 19877, 97871, 68, 207.05
2026/09/26 01:02:32.079, 2, 19865, 97871, 74, 194.96
2026/09/26 01:02:32.079, 3, 19877, 97871, 36, 201.46
2026/09/26 01:02:32.279, 0, 19873, 97871, 67, 195.10
2026/09/26 01:02:32.279, 1, 19877, 97871, 72, 204.86
2026/09/26 01:02:32.279, 2, 19865, 97871, 79, 195.15
2026/09/26 01:02:32.279, 3, 19877, 97871, 34, 202.05
2026/09/26 01:02:32.479, 0, 19873, 97871, 62, 194.26
2026/09/26 01:02:32.479, 1, 19877, 97871, 75, 204.61
2026/09/26 01:02:32.479, 2, 19865, 97871, 71, 196.46
2026/09/26 01:02:32.479, 3, 19877, 97871, 39, 201.83
2026/09/26 01:02:32.679, 0, 19873, 97871, 59, 194.28
2026/09/26 01:02:32.679, 1, 19877, 97871, 65, 202.44
2026/09/26 01:02:32.679, 2, 19865, 97871, 77, 199.94
2026/09/26 01:02:32.679, 3, 19877, 97871, 37, 203.46
2026/09/26 01:02:32.879, 0, 19873, 97871, 60, 195.48
2026/09/26 01:02:32.879, 1, 19877, 97871, 73, 203.01
2026/09/26 01:02:32.879, 2, 19865, 97871, 72, 201.97
2026/09/26 01:02:32.879, 3, 19877, 97871, 36, 204.60
2026/09/26 01:02:33.079, 0, 19873, 97871, 67, 196.52
2026/09/26 01:02:33.079, 1, 19877, 97871, 69, 204.10
2026/09/26 01:02:33.079, 2, 19865, 97871, 77, 204.47
2026/09/26 01:02:33.079, 3, 19877, 97871, 35, 203.26
2026/09/26 01:02:33.280, 0, 19873, 97871, 58, 199.39
2026/09/26 01:02:33.280, 1, 19877, 97871, 63, 205.91
2026/09/26 01:02:33.280, 2, 19865, 97871, 80, 201.88
2026/09/26 01:02:33.280, 3, 19877, 97871, 39, 204.88
2026/09/26 01:02:33.480, 0, 19873, 97871, 58, 197.32
2026/09/26 01:02:33.480, 1, 19877, 97871, 77, 206.75
2026/09/26 01:02:33.480, 2, 19865, 97871, 74, 201.07
2026/09/26 01:02:33.480, 3, 19877, 97871, 43, 204.69
2026/09/26 01:02:33.680, 0, 19873, 97871, 71, 195.85
2026/09/26 01:02:33.680, 1, 19877, 97871, 78, 207.16
2026/09/26 01:02:33.680, 2, 19865, 97871, 74, 201.09
2026/09/26 01:02:33.680, 3, 19877, 97871, 38, 204.30
2026/09/26 01:02:33.880, 0, 19873, 97871, 70, 196.95
2026/09/26 01:02:33.880, 1, 19877, 97871, 74, 207.40
2026/09/26 01:02:33.880, 2, 19865, 97871, 75, 200.41
2026/09/26 01:02:33.880, 3, 19877, 97871, 35, 203.83
2026/09/26 01:02:34.080, 0, 19873, 97871, 61, 197.82
2026/09/26 01:02:34.080, 1, 19877, 97871, 75, 208.24
2026/09/26 01:02:34.080, 2, 19865, 97871, 76, 197.27
2026/09/26 01:02:34.080, 3, 19877, 97871, 37, 204.47
2026/09/26 01:02:34.280, 0, 19873, 97871, 60, 194.83
2026/09/26 01:02:34.280, 1, 19877, 97871, 77, 207.92
2026/09/26 01:02:34.280, 2, 19865, 97871, 77, 198.71
2026/09/26 01:02:34.280, 3, 19877, 97871, 36, 202.91
2026/09/26 01:02:34.480, 0, 19873, 97871, 69, 196.36
2026/09/26 01:02:34.480, 1, 19877, 97871, 76, 208.95
2026/09/26 01:02:34.480, 2, 19865, 97871, 58, 196.99
2026/09/26 01:02:34.480, 3, 19877, 97871, 36, 204.06
2026/09/26 01:02:34.680, 0, 19873, 97871, 70, 199.98
2026/09/26 01:02:34.681, 1, 19877, 97871, 73, 210.32
2026/09/26 01:02:34.681, 2, 19865, 97871, 76, 196.50
2026/09/26 01:02:34.681, 3, 19877, 97871, 37, 205.23
2026/09/26 01:02:34.881, 0, 19873, 97871, 70, 200.24
2026/09/26 01:02:34.881, 1, 19877, 97871, 69, 210.12
2026/09/26 01:02:34.881, 2, 19865, 97871, 77, 199.07
2026/09/26 01:02:34.881, 3, 19877, 97871, 37, 205.96
2026/09/26 01:02:35.081, 0, 19873, 97871, 72, 200.02
2026/09/26 01:02:35.081, 1, 19877, 97871, 80, 209.68
2026/09/26 01:02:35.081, 2, 19865, 97871, 59, 198.72
2026/09/26 01:02:35.081, 3, 19877, 97871, 36, 205.81
2026/09/26 01:02:35.281, 0, 19873, 97871, 72, 202.91
2026/09/26 01:02:35.281, 1, 19877, 97871, 71, 210.76
2026/09/26 01:02:35.281, 2, 19865, 97871, 74, 196.77
2026/09/26 01:02:35.281, 3, 19877, 97871, 36, 206.94
2026/09/26 01:02:35.481, 0, 19873, 97871, 71, 205.33
2026/09/26 01:02:35.481, 1, 19877, 97871, 80, 210.01
2026/09/26 01:02:35.481, 2, 19865, 97871, 51, 199.66
2026/09/26 01:02:35.481, 3, 19877, 97871, 39, 207.55
2026/09/26 01:02:35.681, 0, 19873, 97871, 70, 203.61
2026/09/26 01:02:35.681, 1, 19877, 97871, 78, 210.43
2026/09/26 01:02:35.681, 2, 19865, 97871, 79, 200.89
2026/09/26 01:02:35.681, 3, 19877, 97871, 39, 207.50
2026/09/26 01:02:35.881, 0, 19873, 97871, 55, 206.09
2026/09/26 01:02:35.881, 1, 19877, 97871, 67, 212.35
2026/09/26 01:02:35.881, 2, 19865, 97871, 74, 200.95
2026/09/26 01:02:35.881, 3, 19877, 97871, 42, 209.46
2026/09/26 01:02:36.081, 0, 19873, 97871, 68, 207.14
2026/09/26 01:02:36.081, 1, 19877, 97871, 72, 214.99
2026/09/26 01:02:36.081, 2, 19865, 97871, 76, 200.99
2026/09/26 01:02:36.082, 3, 19877, 97871, 38, 209.44
2026/09/26 01:02:36.282, 0, 19873, 97871, 52, 206.36
2026/09/26 01:02:36.282, 1, 19877, 97871, 72, 215.25
2026/09/26 01:02:36.282, 2, 19865, 97871, 79, 204.02
2026/09/26 01:02:36.282, 3, 19877, 97871, 40, 209.65
2026/09/26 01:02:36.482, 0, 19873, 97871, 64, 204.29
2026/09/26 01:02:36.482, 1, 19877, 97871, 67, 215.53
2026/09/26 01:02:36.482, 2, 19865, 97871, 61, 202.92
2026/09/26 01:02:36.482, 3, 19877, 97871, 42, 209.94
2026/09/26 01:02:36.682, 0, 19873, 97871, 73, 204.95
2026/09/26 01:02:36.682, 1, 19877, 97871, 77, 216.12
2026/09/26 01:02:36.682, 2, 19865, 97871, 76, 199.43
2026/09/26 01:02:36.682, 3, 19877, 97871, 38, 210.04
2026/09/26 01:02:36.882, 0, 19873, 97871, 43, 222.32
2026/09/26 01:02:36.882, 1, 19877, 97871, 74, 231.63
2026/09/26 01:02:36.882, 2, 19865, 97871, 100, 206.32
2026/09/26 01:02:36.882, 3, 19877, 97871, 25, 218.03
2026/09/26 01:02:37.082, 0, 19873, 97871, 100, 240.73
2026/09/26 01:02:37.082, 1, 19877, 97871, 100, 246.81
2026/09/26 01:02:37.082, 2, 19865, 97871, 79, 234.51
2026/09/26 01:02:37.082, 3, 19877, 97871, 100, 238.71
2026/09/26 01:02:37.282, 0, 19873, 97871, 74, 240.41
2026/09/26 01:02:37.282, 1, 19877, 97871, 73, 246.04
2026/09/26 01:02:37.282, 2, 19865, 97871, 78, 234.32
2026/09/26 01:02:37.282, 3, 19877, 97871, 37, 240.35
2026/09/26 01:02:37.482, 0, 19873, 97871, 65, 241.11
2026/09/26 01:02:37.482, 1, 19877, 97871, 73, 245.20
2026/09/26 01:02:37.482, 2, 19865, 97871, 69, 237.92
2026/09/26 01:02:37.483, 3, 19877, 97871, 48, 238.61
2026/09/26 01:02:37.683, 0, 19873, 97871, 60, 238.70
2026/09/26 01:02:37.683, 1, 19877, 97871, 70, 244.66
2026/09/26 01:02:37.683, 2, 19865, 97871, 76, 239.52
2026/09/26 01:02:37.683, 3, 19877, 97871, 50, 238.35
2026/09/26 01:02:37.883, 0, 19873, 97871, 67, 217.90
2026/09/26 01:02:37.883, 1, 19877, 97871, 75, 230.06
2026/09/26 01:02:37.883, 2, 19865, 97871, 77, 236.93
2026/09/26 01:02:37.883, 3, 19877, 97871, 37, 229.94
2026/09/26 01:02:38.083, 0, 19873, 97871, 61, 200.00
2026/09/26 01:02:38.083, 1, 19877, 97871, 71, 209.81
2026/09/26 01:02:38.083, 2, 19865, 97871, 74, 208.67
2026/09/26 01:02:38.083, 3, 19877, 97871, 37, 205.53
2026/09/26 01:02:38.283, 0, 19873, 97871, 66, 198.78
2026/09/26 01:02:38.283, 1, 19877, 97871, 71, 207.50
2026/09/26 01:02:38.283, 2, 19865, 97871, 74, 203.10
2026/09/26 01:02:38.283, 3, 19877, 97871, 36, 201.58
2026/09/26 01:02:38.483, 0, 19873, 97871, 73, 198.93
2026/09/26 01:02:38.483, 1, 19877, 97871, 74, 208.36
2026/09/26 01:02:38.483, 2, 19865, 97871, 75, 201.41
2026/09/26 01:02:38.483, 3, 19877, 97871, 62, 202.29
2026/09/26 01:02:38.683, 0, 19873, 97871, 73, 200.83
2026/09/26 01:02:38.683, 1, 19877, 97871, 74, 206.43
2026/09/26 01:02:38.683, 2, 19865, 97871, 76, 204.01
2026/09/26 01:02:38.683, 3, 19877, 97871, 35, 201.51
2026/09/26 01:02:38.883, 0, 19873, 97871, 71, 205.82
2026/09/26 01:02:38.883, 1, 19877, 97871, 72, 207.24
2026/09/26 01:02:38.883, 2, 19865, 97871, 79, 203.93
2026/09/26 01:02:38.883, 3, 19877, 97871, 36, 202.20
2026/09/26 01:02:39.084, 0, 19873, 97871, 68, 204.98
2026/09/26 01:02:39.084, 1, 19877, 97871, 72, 207.94
2026/09/26 01:02:39.084, 2, 19865, 97871, 72, 206.65
2026/09/26 01:02:39.084, 3, 19877, 97871, 38, 202.58
2026/09/26 01:02:39.284, 0, 19873, 97871, 62, 209.17
2026/09/26 01:02:39.284, 1, 19877, 97871, 73, 207.26
2026/09/26 01:02:39.284, 2, 19865, 97871, 72, 208.63
2026/09/26 01:02:39.284, 3, 19877, 97871, 36, 203.56
2026/09/26 01:02:39.484, 0, 19873, 97871, 54, 208.02
2026/09/26 01:02:39.484, 1, 19877, 97871, 70, 208.14
2026/09/26 01:02:39.484, 2, 19865, 97871, 73, 209.71
2026/09/26 01:02:39.484, 3, 19877, 97871, 38, 202.88
2026/09/26 01:02:39.684, 0, 19873, 97871, 69, 207.38
2026/09/26 01:02:39.684, 1, 19877, 97871, 73, 210.05
2026/09/26 01:02:39.684, 2, 19865, 97871, 78, 204.52
2026/09/26 01:02:39.684, 3, 19877, 97871, 50, 202.15
2026/09/26 01:02:39.884, 0, 19873, 97871, 72, 203.19
2026/09/26 01:02:39.884, 1, 19877, 97871, 72, 211.43
2026/09/26 01:02:39.884, 2, 19865, 97871, 72, 203.81
2026/09/26 01:02:39.884, 3, 19877, 97871, 35, 202.98
2026/09/26 01:02:40.084, 0, 19873, 97871, 61, 200.57
2026/09/26 01:02:40.084, 1, 19877, 97871, 68, 210.47
2026/09/26 01:02:40.084, 2, 19865, 97871, 78, 197.77
2026/09/26 01:02:40.084, 3, 19877, 97871, 37, 202.78
2026/09/26 01:02:40.284, 0, 19873, 97871, 61, 196.74
2026/09/26 01:02:40.284, 1, 19877, 97871, 72, 209.88
2026/09/26 01:02:40.284, 2, 19865, 97871, 77, 199.00
2026/09/26 01:02:40.284, 3, 19877, 97871, 45, 201.74
2026/09/26 01:02:40.484, 0, 19873, 97871, 58, 196.49
2026/09/26 01:02:40.485, 1, 19877, 97871, 72, 209.95
2026/09/26 01:02:40.485, 2, 19865, 97871, 77, 198.99
2026/09/26 01:02:40.485, 3, 19877, 97871, 38, 203.62
2026/09/26 01:02:40.685, 0, 19873, 97871, 75, 192.56
2026/09/26 01:02:40.685, 1, 19877, 97871, 74, 210.37
2026/09/26 01:02:40.685, 2, 19865, 97871, 76, 202.62
2026/09/26 01:02:40.685, 3, 19877, 97871, 45, 204.73
2026/09/26 01:02:40.885, 0, 19873, 97871, 68, 191.84
2026/09/26 01:02:40.885, 1, 19877, 97871, 73, 209.04
2026/09/26 01:02:40.885, 2, 19865, 97871, 77, 204.57
2026/09/26 01:02:40.885, 3, 19877, 97871, 35, 205.79
2026/09/26 01:02:41.085, 0, 19873, 97871, 54, 194.08
2026/09/26 01:02:41.085, 1, 19877, 97871, 70, 209.64
2026/09/26 01:02:41.085, 2, 19865, 97871, 76, 208.25
2026/09/26 01:02:41.085, 3, 19877, 97871, 35, 206.15
2026/09/26 01:02:41.285, 0, 19873, 97871, 66, 197.31
2026/09/26 01:02:41.285, 1, 19877, 97871, 71, 211.09
2026/09/26 01:02:41.285, 2, 19865, 97871, 80, 203.51
2026/09/26 01:02:41.285, 3, 19877, 97871, 37, 207.43
2026/09/26 01:02:41.485, 0, 19873, 97871, 69, 196.98
2026/09/26 01:02:41.485, 1, 19877, 97871, 73, 209.81
2026/09/26 01:02:41.485, 2, 19865, 97871, 77, 202.07
2026/09/26 01:02:41.485, 3, 19877, 97871, 36, 207.54
2026/09/26 01:02:41.685, 0, 19873, 97871, 67, 201.37
2026/09/26 01:02:41.685, 1, 19877, 97871, 74, 208.98
2026/09/26 01:02:41.685, 2, 19865, 97871, 73, 197.34
2026/09/26 01:02:41.685, 3, 19877, 97871, 40, 208.11
2026/09/26 01:02:41.885, 0, 19873, 97871, 70, 204.10
2026/09/26 01:02:41.885, 1, 19877, 97871, 74, 208.27
2026/09/26 01:02:41.885, 2, 19865, 97871, 76, 196.29
2026/09/26 01:02:41.886, 3, 19877, 97871, 36, 207.50
2026/09/26 01:02:42.086, 0, 19873, 97871, 71, 203.50
2026/09/26 01:02:42.086, 1, 19877, 97871, 68, 209.76
2026/09/26 01:02:42.086, 2, 19865, 97871, 79, 196.36
2026/09/26 01:02:42.086, 3, 19877, 97871, 37, 207.99
2026/09/26 01:02:42.286, 0, 19873, 97871, 56, 202.93
2026/09/26 01:02:42.286, 1, 19877, 97871, 76, 205.81
2026/09/26 01:02:42.286, 2, 19865, 97871, 79, 200.90
2026/09/26 01:02:42.286, 3, 19877, 97871, 38, 206.10
2026/09/26 01:02:42.486, 0, 19873, 97871, 64, 204.73
2026/09/26 01:02:42.486, 1, 19877, 97871, 73, 207.22
2026/09/26 01:02:42.486, 2, 19865, 97871, 71, 200.64
2026/09/26 01:02:42.486, 3, 19877, 97871, 38, 207.14
2026/09/26 01:02:42.686, 0, 19873, 97871, 74, 203.37
2026/09/26 01:02:42.686, 1, 19877, 97871, 75, 207.35
2026/09/26 01:02:42.686, 2, 19865, 97871, 64, 204.95
2026/09/26 01:02:42.686, 3, 19877, 97871, 44, 207.42
2026/09/26 01:02:42.886, 0, 19873, 97871, 72, 206.00
2026/09/26 01:02:42.886, 1, 19877, 97871, 77, 207.25
2026/09/26 01:02:42.886, 2, 19865, 97871, 79, 206.09
2026/09/26 01:02:42.886, 3, 19877, 97871, 37, 208.58
2026/09/26 01:02:43.086, 0, 19873, 97871, 69, 203.48
2026/09/26 01:02:43.086, 1, 19877, 97871, 76, 207.57
2026/09/26 01:02:43.086, 2, 19865, 97871, 77, 203.92
2026/09/26 01:02:43.086, 3, 19877, 97871, 36, 208.89
2026/09/26 01:02:43.287, 0, 19873, 97871, 71, 196.97
2026/09/26 01:02:43.287, 1, 19877, 97871, 78, 207.36
2026/09/26 01:02:43.287, 2, 19865, 97871, 60, 199.99
2026/09/26 01:02:43.287, 3, 19877, 97871, 38, 210.23
2026/09/26 01:02:43.487, 0, 19873, 97871, 63, 219.60
2026/09/26 01:02:43.487, 1, 19877, 97871, 75, 229.55
2026/09/26 01:02:43.487, 2, 19865, 97871, 100, 208.04
2026/09/26 01:02:43.487, 3, 19877, 97871, 27, 220.35
2026/09/26 01:02:43.687, 0, 19873, 97871, 100, 236.85
2026/09/26 01:02:43.687, 1, 19877, 97871, 100, 244.42
2026/09/26 01:02:43.687, 2, 19865, 97871, 85, 233.49
2026/09/26 01:02:43.687, 3, 19877, 97871, 100, 243.61
2026/09/26 01:02:43.887, 0, 19873, 97871, 70, 231.60
2026/09/26 01:02:43.887, 1, 19877, 97871, 73, 243.58
2026/09/26 01:02:43.887, 2, 19865, 97871, 75, 234.72
2026/09/26 01:02:43.887, 3, 19877, 97871, 33, 240.74
2026/09/26 01:02:44.087, 0, 19873, 97871, 72, 233.84
2026/09/26 01:02:44.087, 1, 19877, 97871, 76, 242.90
2026/09/26 01:02:44.087, 2, 19865, 97871, 79, 236.09
2026/09/26 01:02:44.087, 3, 19877, 97871, 35, 241.56
2026/09/26 01:02:44.287, 0, 19873, 97871, 65, 237.72
2026/09/26 01:02:44.287, 1, 19877, 97871, 78, 246.07
2026/09/26 01:02:44.287, 2, 19865, 97871, 76, 239.71
2026/09/26 01:02:44.287, 3, 19877, 97871, 35, 240.57
2026/09/26 01:02:44.487, 0, 19873, 97871, 61, 216.32
2026/09/26 01:02:44.487, 1, 19877, 97871, 75, 219.28
2026/09/26 01:02:44.487, 2, 19865, 97871, 56, 229.10
2026/09/26 01:02:44.487, 3, 19877, 97871, 36, 227.83
2026/09/26 01:02:44.688, 0, 19873, 97871, 70, 196.40
2026/09/26 01:02:44.688, 1, 19877, 97871, 77, 203.05
2026/09/26 01:02:44.688, 2, 19865, 97871, 70, 204.13
2026/09/26 01:02:44.688, 3, 19877, 97871, 42, 203.05
2026/09/26 01:02:44.888, 0, 19873, 97871, 66, 199.02
2026/09/26 01:02:44.888, 1, 19877, 97871, 72, 202.64
2026/09/26 01:02:44.888, 2, 19865, 97871, 74, 199.24
2026/09/26 01:02:44.888, 3, 19877, 97871, 35, 204.83
2026/09/26 01:02:45.088, 0, 19873, 97871, 60, 198.07
2026/09/26 01:02:45.088, 1, 19877, 97871, 76, 204.43
2026/09/26 01:02:45.088, 2, 19865, 97871, 73, 200.16
2026/09/26 01:02:45.088, 3, 19877, 97871, 36, 204.79
2026/09/26 01:02:45.288, 0, 19873, 97871, 73, 199.98
2026/09/26 01:02:45.288, 1, 19877, 97871, 74, 203.11
2026/09/26 01:02:45.288, 2, 19865, 97871, 64, 197.76
2026/09/26 01:02:45.288, 3, 19877, 97871, 37, 204.89
2026/09/26 01:02:45.488, 0, 19873, 97871, 68, 201.13
2026/09/26 01:02:45.488, 1, 19877, 97871, 79, 206.67
2026/09/26 01:02:45.488, 2, 19865, 97871, 70, 197.29
2026/09/26 01:02:45.488, 3, 19877, 97871, 59, 206.91
2026/09/26 01:02:45.688, 0, 19873, 97871, 69, 202.31
2026/09/26 01:02:45.688, 1, 19877, 97871, 75, 209.39
2026/09/26 01:02:45.688, 2, 19865, 97871, 69, 194.73
2026/09/26 01:02:45.688, 3, 19877, 97871, 39, 206.66
2026/09/26 01:02:45.888, 0, 19873, 97871, 67, 199.91
2026/09/26 01:02:45.888, 1, 19877, 97871, 76, 212.01
2026/09/26 01:02:45.888, 2, 19865, 97871, 78, 198.56
2026/09/26 01:02:45.888, 3, 19877, 97871, 36, 206.26
2026/09/26 01:02:46.088, 0, 19873, 97871, 70, 201.68
2026/09/26 01:02:46.089, 1, 19877, 97871, 77, 210.04
2026/09/26 01:02:46.089, 2, 19865, 97871, 69, 197.68
2026/09/26 01:02:46.089, 3, 19877, 97871, 35, 204.68
2026/09/26 01:02:46.289, 0, 19873, 97871, 69, 198.91
2026/09/26 01:02:46.289, 1, 19877, 97871, 76, 211.30
2026/09/26 01:02:46.289, 2, 19865, 97871, 73, 200.65
2026/09/26 01:02:46.289, 3, 19877, 97871, 36, 205.21
2026/09/26 01:02:46.489, 0, 19873, 97871, 64, 200.16
2026/09/26 01:02:46.489, 1, 19877, 97871, 74, 211.30
2026/09/26 01:02:46.489, 2, 19865, 97871, 74, 200.14
2026/09/26 01:02:46.489, 3, 19877, 97871, 36, 202.94
2026/09/26 01:02:46.689, 0, 19873, 97871, 66, 197.36
2026/09/26 01:02:46.689, 1, 19877, 97871, 75, 211.97
2026/09/26 01:02:46.689, 2, 19865, 97871, 69, 202.63
2026/09/26 01:02:46.689, 3, 19877, 97871, 35, 202.64
2026/09/26 01:02:46.889, 0, 19873, 97871, 65, 199.30
2026/09/26 01:02:46.889, 1, 19877, 97871, 68, 210.07
2026/09/26 01:02:46.889, 2, 19865, 97871, 72, 203.20
2026/09/26 01:02:46.889, 3, 19877, 97871, 40, 203.10
2026/09/26 01:02:47.089, 0, 19873, 97871, 72, 198.30
2026/09/26 01:02:47.089, 1, 19877, 97871, 72, 210.69
2026/09/26 01:02:47.089, 2, 19865, 97871, 71, 201.70
2026/09/26 01:02:47.089, 3, 19877, 97871, 36, 204.13
2026/09/26 01:02:47.289, 0, 19873, 97871, 62, 200.77
2026/09/26 01:02:47.289, 1, 19877, 97871, 75, 210.34
2026/09/26 01:02:47.289, 2, 19865, 97871, 55, 198.02
2026/09/26 01:02:47.289, 3, 19877, 97871, 49, 203.80
2026/09/26 01:02:47.489, 0, 19873, 97871, 68, 199.66
2026/09/26 01:02:47.490, 1, 19877, 97871, 75, 208.01
2026/09/26 01:02:47.490, 2, 19865, 97871, 53, 198.93
2026/09/26 01:02:47.490, 3, 19877, 97871, 36, 205.71
2026/09/26 01:02:47.690, 0, 19873, 97871, 73, 202.25
2026/09/26 01:02:47.690, 1, 19877, 97871, 76, 206.54
2026/09/26 01:02:47.690, 2, 19865, 97871, 78, 199.14
2026/09/26 01:02:47.690, 3, 19877, 97871, 43, 206.45
2026/09/26 01:02:47.890, 0, 19873, 97871, 66, 204.49
2026/09/26 01:02:47.890, 1, 19877, 97871, 76, 207.39
2026/09/26 01:02:47.890, 2, 19865, 97871, 70, 198.08
2026/09/26 01:02:47.890, 3, 19877, 97871, 35, 204.36
2026/09/26 01:02:48.090, 0, 19873, 97871, 65, 202.94
2026/09/26 01:02:48.090, 1, 19877, 97871, 75, 208.21
2026/09/26 01:02:48.090, 2, 19865, 97871, 75, 202.82
2026/09/26 01:02:48.090, 3, 19877, 97871, 36, 205.88
2026/09/26 01:02:48.290, 0, 19873, 97871, 62, 204.60
2026/09/26 01:02:48.290, 1, 19877, 97871, 74, 208.01
2026/09/26 01:02:48.290, 2, 19865, 97871, 76, 206.63
2026/09/26 01:02:48.290, 3, 19877, 97871, 38, 206.49
2026/09/26 01:02:48.490, 0, 19873, 97871, 69, 205.49
2026/09/26 01:02:48.490, 1, 19877, 97871, 77, 210.32
2026/09/26 01:02:48.490, 2, 19865, 97871, 71, 209.04
2026/09/26 01:02:48.490, 3, 19877, 97871, 35, 207.04
2026/09/26 01:02:48.690, 0, 19873, 97871, 69, 204.99
2026/09/26 01:02:48.690, 1, 19877, 97871, 69, 211.79
2026/09/26 01:02:48.690, 2, 19865, 97871, 73, 205.23
2026/09/26 01:02:48.690, 3, 19877, 97871, 36, 206.84
2026/09/26 01:02:48.890, 0, 19873, 97871, 67, 204.64
2026/09/26 01:02:48.890, 1, 19877, 97871, 71, 211.62
2026/09/26 01:02:48.891, 2, 19865, 97871, 72, 206.18
2026/09/26 01:02:48.891, 3, 19877, 97871, 38, 209.13
2026/09/26 01:02:49.091, 0, 19873, 97871, 66, 204.90
2026/09/26 01:02:49.091, 1, 19877, 97871, 78, 208.36
2026/09/26 01:02:49.091, 2, 19865, 97871, 71, 202.94
2026/09/26 01:02:49.091, 3, 19877, 97871, 38, 209.98
2026/09/26 01:02:49.291, 0, 19873, 97871, 55, 202.71
2026/09/26 01:02:49.291, 1, 19877, 97871, 78, 210.25
2026/09/26 01:02:49.291, 2, 19865, 97871, 76, 198.27
2026/09/26 01:02:49.291, 3, 19877, 97871, 39, 209.15
2026/09/26 01:02:49.491, 0, 19873, 97871, 62, 202.83
2026/09/26 01:02:49.491, 1, 19877, 97871, 76, 209.04
2026/09/26 01:02:49.491, 2, 19865, 97871, 66, 199.40
2026/09/26 01:02:49.491, 3, 19877, 97871, 51, 208.05
2026/09/26 01:02:49.691, 0, 19873, 97871, 72, 203.23
2026/09/26 01:02:49.691, 1, 19877, 97871, 75, 209.95
2026/09/26 01:02:49.691, 2, 19865, 97871, 79, 200.74
2026/09/26 01:02:49.691, 3, 19877, 97871, 44, 209.90
2026/09/26 01:02:49.891, 0, 19873, 97871, 68, 195.45
2026/09/26 01:02:49.891, 1, 19877, 97871, 75, 204.78
2026/09/26 01:02:49.891, 2, 19865, 97871, 41, 201.11
2026/09/26 01:02:49.891, 3, 19877, 97871, 37, 206.64
2026/09/26 01:02:50.091, 0, 19873, 97871, 0, 179.80
2026/09/26 01:02:50.091, 1, 19877, 97871, 0, 191.28
2026/09/26 01:02:50.091, 2, 19865, 97871, 0, 187.11
2026/09/26 01:02:50.091, 3, 19877, 97871, 0, 189.77
2026/09/26 01:02:50.291, 0, 19339, 97871, 0, 162.35
2026/09/26 01:02:50.292, 1, 19361, 97871, 0, 173.33
2026/09/26 01:02:50.292, 2, 19331, 97871, 0, 171.32
2026/09/26 01:02:50.292, 3, 19343, 97871, 0, 173.98
2026/09/26 01:02:50.492, 0, 19305, 97871, 0, 152.81
2026/09/26 01:02:50.492, 1, 19309, 97871, 1, 157.06
2026/09/26 01:02:50.492, 2, 19297, 97871, 0, 154.74
2026/09/26 01:02:50.492, 3, 19309, 97871, 1, 158.62
2026/09/26 01:02:50.692, 0, 19305, 97871, 0, 133.57
2026/09/26 01:02:50.692, 1, 19309, 97871, 0, 139.08
2026/09/26 01:02:50.692, 2, 19297, 97871, 0, 140.23
2026/09/26 01:02:50.692, 3, 19309, 97871, 0, 141.37
2026/09/26 01:02:50.892, 0, 19305, 97871, 0, 119.92
2026/09/26 01:02:50.892, 1, 19309, 97871, 0, 127.55
2026/09/26 01:02:50.892, 2, 19297, 97871, 0, 122.54
2026/09/26 01:02:50.892, 3, 19309, 97871, 0, 126.13
2026/09/26 01:02:51.092, 0, 19305, 97871, 0, 119.48
2026/09/26 01:02:51.092, 1, 19309, 97871, 0, 127.42
2026/09/26 01:02:51.092, 2, 19297, 97871, 0, 120.98
2026/09/26 01:02:51.092, 3, 19309, 97871, 0, 125.26
2026/09/26 01:02:51.292, 0, 19305, 97871, 0, 119.43
2026/09/26 01:02:51.292, 1, 19309, 97871, 0, 127.35
2026/09/26 01:02:51.292, 2, 19297, 97871, 0, 120.80
2026/09/26 01:02:51.292, 3, 19309, 97871, 0, 125.11
2026/09/26 01:02:51.492, 0, 19305, 97871, 0, 119.25
2026/09/26 01:02:51.493, 1, 19309, 97871, 0, 127.28
2026/09/26 01:02:51.493, 2, 19297, 97871, 0, 120.65
2026/09/26 01:02:51.493, 3, 19309, 97871, 0, 125.06
2026/09/26 01:02:51.693, 0, 19305, 97871, 0, 119.22
2026/09/26 01:02:51.693, 1, 19309, 97871, 0, 127.25
2026/09/26 01:02:51.693, 2, 19297, 97871, 0, 120.49
2026/09/26 01:02:51.693, 3, 19309, 97871, 0, 125.04
2026/09/26 01:02:51.893, 0, 19305, 97871, 0, 119.19
2026/09/26 01:02:51.893, 1, 19309, 97871, 0, 127.23
2026/09/26 01:02:51.893, 2, 19297, 97871, 0, 120.54
2026/09/26 01:02:51.893, 3, 19309, 97871, 0, 124.99
2026/09/26 01:02:52.093, 0, 598, 97871, 3, 120.35
2026/09/26 01:02:52.123, 1, 19309, 97871, 0, 127.22
2026/09/26 01:02:52.123, 2, 19297, 97871, 0, 120.47
2026/09/26 01:02:52.123, 3, 19309, 97871, 0, 124.99
2026/09/26 01:02:52.323, 0, 594, 97871, 20, 121.54
2026/09/26 01:02:52.405, 1, 19288, 97871, 0, 128.03
2026/09/26 01:02:52.533, 2, 502, 97871, 40, 122.80
2026/09/26 01:02:52.533, 3, 22, 97871, 0, 126.62
2026/09/26 01:02:52.733, 0, 0, 97871, 1, 122.47
2026/09/26 01:02:52.801, 1, 0, 97871, 44, 130.35
2026/09/26 01:02:52.801, 2, 0, 97871, 0, 123.63
2026/09/26 01:02:52.801, 3, 0, 97871, 0, 127.79
2026/09/26 01:02:53.002, 0, 0, 97871, 0, 123.06
2026/09/26 01:02:53.002, 1, 0, 97871, 0, 130.99
2026/09/26 01:02:53.002, 2, 0, 97871, 0, 124.07
2026/09/26 01:02:53.002, 3, 0, 97871, 0, 128.25
2026/09/26 01:02:53.202, 0, 0, 97871, 0, 122.36
2026/09/26 01:02:53.202, 1, 0, 97871, 0, 131.41
2026/09/26 01:02:53.202, 2, 0, 97871, 0, 124.39
2026/09/26 01:02:53.202, 3, 0, 97871, 0, 128.68
2026/09/26 01:02:53.402, 0, 0, 97871, 0, 116.61
2026/09/26 01:02:53.402, 1, 0, 97871, 0, 131.40
2026/09/26 01:02:53.402, 2, 0, 97871, 0, 123.60
2026/09/26 01:02:53.402, 3, 0, 97871, 0, 128.83
2026/09/26 01:02:53.602, 0, 0, 97871, 0, 107.70
2026/09/26 01:02:53.602, 1, 0, 97871, 0, 131.31
2026/09/26 01:02:53.602, 2, 0, 97871, 0, 122.80
2026/09/26 01:02:53.602, 3, 0, 97871, 0, 127.96
2026/09/26 01:02:53.802, 0, 0, 97871, 0, 98.16
2026/09/26 01:02:53.802, 1, 0, 97871, 0, 130.28
2026/09/26 01:02:53.802, 2, 0, 97871, 0, 122.67
2026/09/26 01:02:53.802, 3, 0, 97871, 0, 127.20
2026/09/26 01:02:54.002, 0, 0, 97871, 0, 89.43
2026/09/26 01:02:54.002, 1, 0, 97871, 0, 129.63
2026/09/26 01:02:54.002, 2, 0, 97871, 0, 122.69
2026/09/26 01:02:54.002, 3, 0, 97871, 0, 127.17
2026/09/26 01:02:54.202, 0, 0, 97871, 0, 80.28
2026/09/26 01:02:54.203, 1, 0, 97871, 0, 129.59
2026/09/26 01:02:54.203, 2, 0, 97871, 0, 122.69
2026/09/26 01:02:54.203, 3, 0, 97871, 0, 127.15
2026/09/26 01:02:54.403, 0, 0, 97871, 0, 75.07
2026/09/26 01:02:54.403, 1, 0, 97871, 0, 120.43
2026/09/26 01:02:54.403, 2, 0, 97871, 0, 121.31
2026/09/26 01:02:54.403, 3, 0, 97871, 0, 127.12
