timestamp,gpu_index,memory_used_mib,memory_total_mib,gpu_utilization_percent,power_watts
2026/09/22 22:53:29.744, 0, 0, 97871, 0, 74.55
2026/09/22 22:53:29.748, 1, 0, 97871, 0, 78.43
2026/09/22 22:53:29.751, 2, 0, 97871, 0, 76.09
2026/09/22 22:53:29.755, 3, 0, 97871, 0, 75.15
2026/09/22 22:53:29.958, 0, 0, 97871, 0, 74.53
2026/09/22 22:53:29.958, 1, 0, 97871, 0, 78.40
2026/09/22 22:53:29.958, 2, 0, 97871, 0, 76.07
2026/09/22 22:53:29.958, 3, 0, 97871, 0, 75.15
2026/09/22 22:53:30.158, 0, 0, 97871, 0, 74.50
2026/09/22 22:53:30.158, 1, 0, 97871, 0, 78.39
2026/09/22 22:53:30.158, 2, 0, 97871, 0, 76.05
2026/09/22 22:53:30.158, 3, 0, 97871, 0, 75.13
2026/09/22 22:53:30.358, 0, 0, 97871, 0, 74.49
2026/09/22 22:53:30.358, 1, 0, 97871, 0, 78.37
2026/09/22 22:53:30.358, 2, 0, 97871, 0, 76.03
2026/09/22 22:53:30.358, 3, 0, 97871, 0, 75.15
2026/09/22 22:53:30.559, 0, 0, 97871, 0, 74.46
2026/09/22 22:53:30.559, 1, 0, 97871, 0, 78.35
2026/09/22 22:53:30.559, 2, 0, 97871, 0, 76.01
2026/09/22 22:53:30.559, 3, 0, 97871, 0, 75.13
2026/09/22 22:53:30.759, 0, 0, 97871, 0, 74.44
2026/09/22 22:53:30.759, 1, 0, 97871, 0, 78.29
2026/09/22 22:53:30.759, 2, 0, 97871, 0, 75.99
2026/09/22 22:53:30.759, 3, 0, 97871, 0, 75.12
2026/09/22 22:53:30.959, 0, 0, 97871, 0, 74.44
2026/09/22 22:53:30.959, 1, 0, 97871, 0, 78.27
2026/09/22 22:53:30.959, 2, 0, 97871, 0, 75.96
2026/09/22 22:53:30.959, 3, 0, 97871, 0, 75.11
2026/09/22 22:53:31.159, 0, 0, 97871, 0, 74.48
2026/09/22 22:53:31.159, 1, 0, 97871, 0, 78.26
2026/09/22 22:53:31.159, 2, 0, 97871, 0, 75.96
2026/09/22 22:53:31.159, 3, 0, 97871, 0, 75.11
2026/09/22 22:53:31.359, 0, 0, 97871, 0, 74.47
2026/09/22 22:53:31.359, 1, 0, 97871, 0, 78.21
2026/09/22 22:53:31.359, 2, 0, 97871, 0, 75.95
2026/09/22 22:53:31.359, 3, 0, 97871, 0, 75.08
2026/09/22 22:53:31.559, 0, 0, 97871, 0, 74.52
2026/09/22 22:53:31.559, 1, 0, 97871, 0, 78.20
2026/09/22 22:53:31.559, 2, 0, 97871, 0, 75.92
2026/09/22 22:53:31.559, 3, 0, 97871, 0, 75.07
2026/09/22 22:53:31.759, 0, 0, 97871, 0, 74.55
2026/09/22 22:53:31.759, 1, 0, 97871, 0, 78.18
2026/09/22 22:53:31.759, 2, 0, 97871, 0, 75.94
2026/09/22 22:53:31.760, 3, 0, 97871, 0, 75.06
2026/09/22 22:53:31.960, 0, 0, 97871, 0, 74.54
2026/09/22 22:53:31.960, 1, 0, 97871, 0, 78.17
2026/09/22 22:53:31.960, 2, 0, 97871, 0, 75.92
2026/09/22 22:53:31.960, 3, 0, 97871, 0, 75.04
2026/09/22 22:53:32.160, 0, 0, 97871, 0, 74.51
2026/09/22 22:53:32.160, 1, 0, 97871, 0, 78.13
2026/09/22 22:53:32.160, 2, 0, 97871, 0, 75.92
2026/09/22 22:53:32.160, 3, 0, 97871, 0, 75.01
2026/09/22 22:53:32.360, 0, 0, 97871, 0, 74.51
2026/09/22 22:53:32.360, 1, 0, 97871, 0, 78.14
2026/09/22 22:53:32.360, 2, 0, 97871, 0, 75.89
2026/09/22 22:53:32.360, 3, 0, 97871, 0, 75.01
2026/09/22 22:53:32.560, 0, 0, 97871, 0, 74.47
2026/09/22 22:53:32.560, 1, 0, 97871, 0, 78.12
2026/09/22 22:53:32.560, 2, 0, 97871, 0, 75.87
2026/09/22 22:53:32.560, 3, 0, 97871, 0, 75.00
2026/09/22 22:53:32.760, 0, 0, 97871, 0, 74.46
2026/09/22 22:53:32.760, 1, 0, 97871, 0, 78.15
2026/09/22 22:53:32.760, 2, 0, 97871, 0, 75.86
2026/09/22 22:53:32.760, 3, 0, 97871, 0, 75.00
2026/09/22 22:53:32.960, 0, 0, 97871, 0, 74.49
2026/09/22 22:53:32.960, 1, 0, 97871, 0, 78.14
2026/09/22 22:53:32.960, 2, 0, 97871, 0, 75.85
2026/09/22 22:53:32.960, 3, 0, 97871, 0, 74.97
2026/09/22 22:53:33.161, 0, 0, 97871, 0, 74.45
2026/09/22 22:53:33.161, 1, 0, 97871, 0, 78.12
2026/09/22 22:53:33.161, 2, 0, 97871, 0, 75.79
2026/09/22 22:53:33.161, 3, 0, 97871, 0, 74.98
2026/09/22 22:53:33.361, 0, 0, 97871, 0, 74.44
2026/09/22 22:53:33.361, 1, 0, 97871, 0, 78.10
2026/09/22 22:53:33.361, 2, 0, 97871, 0, 75.78
2026/09/22 22:53:33.361, 3, 0, 97871, 0, 74.94
2026/09/22 22:53:33.561, 0, 0, 97871, 0, 74.44
2026/09/22 22:53:33.561, 1, 0, 97871, 0, 78.06
2026/09/22 22:53:33.561, 2, 0, 97871, 0, 75.75
2026/09/22 22:53:33.561, 3, 0, 97871, 0, 74.92
2026/09/22 22:53:33.761, 0, 0, 97871, 0, 74.44
2026/09/22 22:53:33.761, 1, 0, 97871, 0, 78.00
2026/09/22 22:53:33.761, 2, 0, 97871, 0, 75.71
2026/09/22 22:53:33.761, 3, 0, 97871, 0, 74.90
2026/09/22 22:53:33.961, 0, 0, 97871, 0, 74.40
2026/09/22 22:53:33.961, 1, 0, 97871, 0, 78.01
2026/09/22 22:53:33.961, 2, 0, 97871, 0, 75.69
2026/09/22 22:53:33.961, 3, 0, 97871, 0, 74.89
2026/09/22 22:53:34.161, 0, 0, 97871, 0, 74.41
2026/09/22 22:53:34.161, 1, 0, 97871, 0, 77.95
2026/09/22 22:53:34.161, 2, 0, 97871, 0, 75.69
2026/09/22 22:53:34.162, 3, 0, 97871, 0, 74.87
2026/09/22 22:53:34.362, 0, 0, 97871, 0, 74.38
2026/09/22 22:53:34.362, 1, 0, 97871, 0, 77.92
2026/09/22 22:53:34.362, 2, 0, 97871, 0, 75.66
2026/09/22 22:53:34.362, 3, 0, 97871, 0, 74.85
2026/09/22 22:53:34.562, 0, 0, 97871, 0, 74.36
2026/09/22 22:53:34.562, 1, 0, 97871, 0, 77.93
2026/09/22 22:53:34.562, 2, 0, 97871, 0, 75.65
2026/09/22 22:53:34.562, 3, 0, 97871, 0, 74.85
2026/09/22 22:53:34.762, 0, 0, 97871, 0, 74.37
2026/09/22 22:53:34.762, 1, 0, 97871, 0, 77.91
2026/09/22 22:53:34.762, 2, 0, 97871, 0, 75.61
2026/09/22 22:53:34.762, 3, 0, 97871, 0, 74.83
2026/09/22 22:53:34.962, 0, 0, 97871, 0, 74.37
2026/09/22 22:53:34.962, 1, 0, 97871, 0, 77.88
2026/09/22 22:53:34.962, 2, 0, 97871, 0, 75.61
2026/09/22 22:53:34.962, 3, 0, 97871, 0, 74.80
2026/09/22 22:53:35.162, 0, 0, 97871, 0, 74.32
2026/09/22 22:53:35.162, 1, 0, 97871, 0, 77.91
2026/09/22 22:53:35.162, 2, 0, 97871, 0, 75.58
2026/09/22 22:53:35.162, 3, 0, 97871, 0, 74.78
2026/09/22 22:53:35.362, 0, 0, 97871, 0, 74.35
2026/09/22 22:53:35.362, 1, 0, 97871, 0, 77.90
2026/09/22 22:53:35.362, 2, 0, 97871, 0, 75.57
2026/09/22 22:53:35.362, 3, 0, 97871, 0, 74.78
2026/09/22 22:53:35.562, 0, 0, 97871, 0, 74.36
2026/09/22 22:53:35.562, 1, 0, 97871, 0, 77.88
2026/09/22 22:53:35.562, 2, 0, 97871, 0, 75.56
2026/09/22 22:53:35.562, 3, 0, 97871, 0, 74.74
2026/09/22 22:53:35.763, 0, 0, 97871, 0, 74.31
2026/09/22 22:53:35.763, 1, 0, 97871, 0, 77.87
2026/09/22 22:53:35.763, 2, 0, 97871, 0, 75.56
2026/09/22 22:53:35.763, 3, 0, 97871, 0, 74.72
2026/09/22 22:53:35.963, 0, 0, 97871, 0, 74.34
2026/09/22 22:53:35.963, 1, 0, 97871, 0, 77.88
2026/09/22 22:53:35.963, 2, 0, 97871, 0, 75.53
2026/09/22 22:53:35.963, 3, 0, 97871, 0, 74.72
2026/09/22 22:53:36.163, 0, 0, 97871, 0, 74.34
2026/09/22 22:53:36.163, 1, 0, 97871, 0, 77.81
2026/09/22 22:53:36.163, 2, 0, 97871, 0, 75.49
2026/09/22 22:53:36.163, 3, 0, 97871, 0, 74.74
2026/09/22 22:53:36.363, 0, 0, 97871, 0, 74.29
2026/09/22 22:53:36.363, 1, 0, 97871, 0, 77.79
2026/09/22 22:53:36.363, 2, 0, 97871, 0, 75.47
2026/09/22 22:53:36.363, 3, 0, 97871, 0, 74.74
2026/09/22 22:53:36.563, 0, 0, 97871, 0, 74.26
2026/09/22 22:53:36.563, 1, 0, 97871, 0, 77.78
2026/09/22 22:53:36.563, 2, 0, 97871, 0, 75.46
2026/09/22 22:53:36.563, 3, 0, 97871, 0, 74.76
2026/09/22 22:53:36.763, 0, 0, 97871, 0, 74.25
2026/09/22 22:53:36.763, 1, 0, 97871, 0, 77.74
2026/09/22 22:53:36.763, 2, 0, 97871, 0, 75.44
2026/09/22 22:53:36.763, 3, 0, 97871, 0, 74.77
2026/09/22 22:53:36.963, 0, 0, 97871, 0, 74.21
2026/09/22 22:53:36.964, 1, 0, 97871, 0, 77.69
2026/09/22 22:53:36.964, 2, 0, 97871, 0, 75.44
2026/09/22 22:53:36.964, 3, 0, 97871, 0, 74.78
2026/09/22 22:53:37.164, 0, 0, 97871, 0, 74.18
2026/09/22 22:53:37.164, 1, 0, 97871, 0, 77.70
2026/09/22 22:53:37.164, 2, 0, 97871, 0, 75.45
2026/09/22 22:53:37.164, 3, 0, 97871, 0, 74.75
2026/09/22 22:53:37.364, 0, 0, 97871, 0, 74.21
2026/09/22 22:53:37.364, 1, 0, 97871, 0, 77.68
2026/09/22 22:53:37.364, 2, 0, 97871, 0, 75.44
2026/09/22 22:53:37.364, 3, 0, 97871, 0, 74.73
2026/09/22 22:53:37.564, 0, 0, 97871, 0, 74.18
2026/09/22 22:53:37.564, 1, 0, 97871, 0, 77.68
2026/09/22 22:53:37.564, 2, 0, 97871, 0, 75.42
2026/09/22 22:53:37.564, 3, 0, 97871, 0, 74.73
2026/09/22 22:53:37.764, 0, 0, 97871, 0, 74.16
2026/09/22 22:53:37.764, 1, 0, 97871, 0, 77.66
2026/09/22 22:53:37.764, 2, 0, 97871, 0, 75.42
2026/09/22 22:53:37.764, 3, 0, 97871, 0, 74.74
2026/09/22 22:53:37.964, 0, 0, 97871, 0, 74.15
2026/09/22 22:53:37.964, 1, 0, 97871, 0, 77.66
2026/09/22 22:53:37.964, 2, 0, 97871, 0, 75.40
2026/09/22 22:53:37.965, 3, 0, 97871, 0, 74.69
2026/09/22 22:53:38.165, 0, 0, 97871, 0, 74.13
2026/09/22 22:53:38.165, 1, 0, 97871, 0, 77.65
2026/09/22 22:53:38.165, 2, 0, 97871, 0, 75.38
2026/09/22 22:53:38.165, 3, 0, 97871, 0, 74.71
2026/09/22 22:53:38.365, 0, 0, 97871, 0, 74.08
2026/09/22 22:53:38.365, 1, 0, 97871, 0, 77.64
2026/09/22 22:53:38.365, 2, 0, 97871, 0, 75.38
2026/09/22 22:53:38.365, 3, 0, 97871, 0, 74.72
2026/09/22 22:53:38.565, 0, 0, 97871, 0, 74.09
2026/09/22 22:53:38.565, 1, 0, 97871, 0, 77.61
2026/09/22 22:53:38.565, 2, 0, 97871, 0, 75.38
2026/09/22 22:53:38.565, 3, 0, 97871, 0, 74.71
2026/09/22 22:53:38.765, 0, 0, 97871, 0, 74.10
2026/09/22 22:53:38.766, 1, 0, 97871, 0, 77.61
2026/09/22 22:53:38.766, 2, 0, 97871, 0, 75.38
2026/09/22 22:53:38.766, 3, 0, 97871, 0, 74.68
2026/09/22 22:53:38.966, 0, 0, 97871, 0, 74.09
2026/09/22 22:53:38.966, 1, 0, 97871, 0, 77.69
2026/09/22 22:53:38.966, 2, 0, 97871, 0, 75.37
2026/09/22 22:53:38.966, 3, 0, 97871, 0, 74.70
2026/09/22 22:53:39.166, 0, 0, 97871, 0, 74.09
2026/09/22 22:53:39.166, 1, 0, 97871, 0, 77.72
2026/09/22 22:53:39.166, 2, 0, 97871, 0, 75.37
2026/09/22 22:53:39.166, 3, 0, 97871, 0, 74.68
2026/09/22 22:53:39.366, 0, 0, 97871, 0, 74.13
2026/09/22 22:53:39.366, 1, 0, 97871, 0, 77.78
2026/09/22 22:53:39.366, 2, 0, 97871, 0, 75.33
2026/09/22 22:53:39.366, 3, 0, 97871, 0, 74.69
2026/09/22 22:53:39.567, 0, 0, 97871, 0, 74.10
2026/09/22 22:53:39.567, 1, 0, 97871, 0, 77.84
2026/09/22 22:53:39.567, 2, 0, 97871, 0, 75.32
2026/09/22 22:53:39.567, 3, 0, 97871, 0, 74.68
2026/09/22 22:53:39.767, 0, 0, 97871, 0, 74.10
2026/09/22 22:53:39.767, 1, 0, 97871, 0, 77.88
2026/09/22 22:53:39.767, 2, 0, 97871, 0, 75.30
2026/09/22 22:53:39.767, 3, 0, 97871, 0, 74.71
2026/09/22 22:53:39.967, 0, 0, 97871, 0, 74.11
2026/09/22 22:53:39.967, 1, 0, 97871, 0, 77.87
2026/09/22 22:53:39.967, 2, 0, 97871, 0, 75.28
2026/09/22 22:53:39.967, 3, 0, 97871, 0, 74.69
2026/09/22 22:53:40.167, 0, 0, 97871, 0, 74.09
2026/09/22 22:53:40.168, 1, 0, 97871, 0, 77.86
2026/09/22 22:53:40.168, 2, 0, 97871, 0, 75.29
2026/09/22 22:53:40.168, 3, 0, 97871, 0, 74.67
2026/09/22 22:53:40.368, 0, 0, 97871, 0, 74.06
2026/09/22 22:53:40.368, 1, 0, 97871, 0, 77.86
2026/09/22 22:53:40.368, 2, 0, 97871, 0, 75.27
2026/09/22 22:53:40.368, 3, 0, 97871, 0, 74.61
2026/09/22 22:53:40.568, 0, 0, 97871, 0, 74.07
2026/09/22 22:53:40.568, 1, 0, 97871, 0, 77.85
2026/09/22 22:53:40.568, 2, 0, 97871, 0, 75.26
2026/09/22 22:53:40.568, 3, 0, 97871, 0, 74.61
2026/09/22 22:53:40.768, 0, 0, 97871, 0, 74.03
2026/09/22 22:53:40.768, 1, 0, 97871, 0, 77.83
2026/09/22 22:53:40.768, 2, 0, 97871, 0, 75.25
2026/09/22 22:53:40.768, 3, 0, 97871, 0, 74.61
2026/09/22 22:53:40.968, 0, 0, 97871, 0, 74.00
2026/09/22 22:53:40.968, 1, 0, 97871, 0, 77.82
2026/09/22 22:53:40.968, 2, 0, 97871, 0, 75.23
2026/09/22 22:53:40.968, 3, 0, 97871, 0, 74.64
2026/09/22 22:53:41.169, 0, 0, 97871, 0, 74.02
2026/09/22 22:53:41.169, 1, 0, 97871, 0, 77.80
2026/09/22 22:53:41.169, 2, 0, 97871, 0, 75.20
2026/09/22 22:53:41.169, 3, 0, 97871, 0, 74.63
2026/09/22 22:53:41.369, 0, 0, 97871, 0, 74.04
2026/09/22 22:53:41.369, 1, 0, 97871, 0, 77.78
2026/09/22 22:53:41.369, 2, 0, 97871, 0, 75.17
2026/09/22 22:53:41.369, 3, 0, 97871, 0, 74.69
2026/09/22 22:53:41.569, 0, 0, 97871, 0, 74.02
2026/09/22 22:53:41.569, 1, 0, 97871, 0, 77.75
2026/09/22 22:53:41.569, 2, 0, 97871, 0, 75.15
2026/09/22 22:53:41.569, 3, 0, 97871, 0, 74.68
2026/09/22 22:53:41.769, 0, 0, 97871, 0, 74.05
2026/09/22 22:53:41.769, 1, 0, 97871, 0, 77.73
2026/09/22 22:53:41.769, 2, 0, 97871, 0, 75.13
2026/09/22 22:53:41.769, 3, 0, 97871, 0, 74.67
2026/09/22 22:53:41.969, 0, 0, 97871, 0, 74.06
2026/09/22 22:53:41.969, 1, 0, 97871, 0, 77.71
2026/09/22 22:53:41.969, 2, 0, 97871, 0, 75.12
2026/09/22 22:53:41.969, 3, 0, 97871, 0, 74.64
2026/09/22 22:53:42.169, 0, 0, 97871, 0, 74.05
2026/09/22 22:53:42.169, 1, 0, 97871, 0, 77.66
2026/09/22 22:53:42.169, 2, 0, 97871, 0, 75.10
2026/09/22 22:53:42.169, 3, 0, 97871, 0, 74.64
2026/09/22 22:53:42.370, 0, 0, 97871, 0, 74.00
2026/09/22 22:53:42.370, 1, 0, 97871, 0, 77.65
2026/09/22 22:53:42.370, 2, 0, 97871, 0, 75.09
2026/09/22 22:53:42.370, 3, 0, 97871, 0, 74.64
2026/09/22 22:53:42.570, 0, 0, 97871, 0, 74.03
2026/09/22 22:53:42.570, 1, 0, 97871, 0, 77.63
2026/09/22 22:53:42.570, 2, 0, 97871, 0, 75.08
2026/09/22 22:53:42.570, 3, 0, 97871, 0, 74.64
2026/09/22 22:53:42.770, 0, 0, 97871, 0, 74.00
2026/09/22 22:53:42.770, 1, 0, 97871, 0, 77.59
2026/09/22 22:53:42.770, 2, 0, 97871, 0, 75.07
2026/09/22 22:53:42.770, 3, 0, 97871, 0, 74.64
2026/09/22 22:53:42.970, 0, 0, 97871, 0, 74.00
2026/09/22 22:53:42.971, 1, 0, 97871, 0, 77.60
2026/09/22 22:53:42.971, 2, 0, 97871, 0, 75.06
2026/09/22 22:53:42.971, 3, 0, 97871, 0, 74.64
2026/09/22 22:53:43.171, 0, 0, 97871, 0, 73.99
2026/09/22 22:53:43.171, 1, 0, 97871, 0, 77.61
2026/09/22 22:53:43.171, 2, 0, 97871, 0, 75.06
2026/09/22 22:53:43.171, 3, 0, 97871, 0, 74.65
2026/09/22 22:53:43.371, 0, 0, 97871, 0, 73.98
2026/09/22 22:53:43.371, 1, 0, 97871, 0, 77.58
2026/09/22 22:53:43.371, 2, 0, 97871, 0, 75.07
2026/09/22 22:53:43.371, 3, 0, 97871, 0, 74.61
2026/09/22 22:53:43.571, 0, 0, 97871, 0, 73.95
2026/09/22 22:53:43.571, 1, 0, 97871, 0, 77.59
2026/09/22 22:53:43.571, 2, 0, 97871, 0, 75.04
2026/09/22 22:53:43.571, 3, 0, 97871, 0, 74.60
2026/09/22 22:53:43.771, 0, 0, 97871, 0, 73.95
2026/09/22 22:53:43.771, 1, 0, 97871, 0, 77.59
2026/09/22 22:53:43.771, 2, 0, 97871, 0, 75.03
2026/09/22 22:53:43.771, 3, 0, 97871, 0, 74.60
2026/09/22 22:53:43.971, 0, 0, 97871, 0, 73.92
2026/09/22 22:53:43.972, 1, 0, 97871, 0, 77.56
2026/09/22 22:53:43.972, 2, 0, 97871, 0, 75.02
2026/09/22 22:53:43.972, 3, 0, 97871, 0, 74.59
2026/09/22 22:53:44.172, 0, 0, 97871, 0, 73.89
2026/09/22 22:53:44.172, 1, 0, 97871, 0, 77.57
2026/09/22 22:53:44.172, 2, 0, 97871, 0, 75.01
2026/09/22 22:53:44.172, 3, 0, 97871, 0, 74.56
2026/09/22 22:53:44.372, 0, 0, 97871, 0, 73.89
2026/09/22 22:53:44.372, 1, 0, 97871, 0, 77.58
2026/09/22 22:53:44.372, 2, 0, 97871, 0, 75.01
2026/09/22 22:53:44.372, 3, 0, 97871, 0, 74.59
2026/09/22 22:53:44.572, 0, 0, 97871, 0, 73.89
2026/09/22 22:53:44.572, 1, 0, 97871, 0, 77.55
2026/09/22 22:53:44.572, 2, 0, 97871, 0, 75.02
2026/09/22 22:53:44.572, 3, 0, 97871, 0, 74.59
2026/09/22 22:53:44.772, 0, 0, 97871, 0, 73.88
2026/09/22 22:53:44.772, 1, 0, 97871, 0, 77.53
2026/09/22 22:53:44.772, 2, 0, 97871, 0, 75.01
2026/09/22 22:53:44.772, 3, 0, 97871, 0, 74.57
2026/09/22 22:53:44.972, 0, 0, 97871, 0, 73.86
2026/09/22 22:53:44.972, 1, 0, 97871, 0, 77.53
2026/09/22 22:53:44.972, 2, 0, 97871, 0, 75.02
2026/09/22 22:53:44.972, 3, 0, 97871, 0, 74.57
2026/09/22 22:53:45.172, 0, 1, 97871, 0, 73.88
2026/09/22 22:53:45.188, 1, 1, 97871, 0, 77.51
2026/09/22 22:53:45.188, 2, 1, 97871, 0, 74.99
2026/09/22 22:53:45.189, 3, 1, 97871, 0, 74.56
2026/09/22 22:53:45.390, 0, 4, 97871, 0, 73.94
2026/09/22 22:53:45.392, 1, 1, 97871, 0, 77.50
2026/09/22 22:53:45.499, 2, 1, 97871, 0, 74.99
2026/09/22 22:53:45.499, 3, 1, 97871, 0, 74.54
2026/09/22 22:53:45.699, 0, 4, 97871, 0, 73.92
2026/09/22 22:53:45.702, 1, 4, 97871, 0, 77.53
2026/09/22 22:53:45.702, 2, 1, 97871, 0, 74.97
2026/09/22 22:53:45.702, 3, 1, 97871, 0, 74.53
2026/09/22 22:53:45.903, 0, 4, 97871, 0, 73.90
2026/09/22 22:53:45.938, 1, 4, 97871, 0, 77.53
2026/09/22 22:53:45.938, 2, 4, 97871, 0, 74.97
2026/09/22 22:53:45.938, 3, 1, 97871, 0, 74.54
2026/09/22 22:53:46.138, 0, 4, 97871, 0, 73.90
2026/09/22 22:53:46.138, 1, 4, 97871, 0, 77.54
2026/09/22 22:53:46.139, 2, 4, 97871, 0, 74.97
2026/09/22 22:53:46.140, 3, 4, 97871, 0, 74.55
2026/09/22 22:53:46.341, 0, 4, 97871, 0, 73.87
2026/09/22 22:53:46.341, 1, 4, 97871, 0, 77.53
2026/09/22 22:53:46.341, 2, 4, 97871, 0, 74.99
2026/09/22 22:53:46.341, 3, 4, 97871, 0, 74.54
2026/09/22 22:53:46.541, 0, 4, 97871, 0, 73.86
2026/09/22 22:53:46.541, 1, 4, 97871, 0, 77.52
2026/09/22 22:53:46.541, 2, 4, 97871, 0, 74.96
2026/09/22 22:53:46.541, 3, 4, 97871, 0, 74.54
2026/09/22 22:53:46.741, 0, 4, 97871, 0, 73.89
2026/09/22 22:53:46.741, 1, 4, 97871, 0, 77.48
2026/09/22 22:53:46.741, 2, 4, 97871, 0, 74.95
2026/09/22 22:53:46.741, 3, 4, 97871, 0, 74.57
2026/09/22 22:53:46.941, 0, 4, 97871, 0, 73.88
2026/09/22 22:53:46.941, 1, 4, 97871, 0, 77.49
2026/09/22 22:53:46.941, 2, 4, 97871, 0, 74.92
2026/09/22 22:53:46.941, 3, 4, 97871, 0, 74.55
2026/09/22 22:53:47.141, 0, 4, 97871, 0, 73.88
2026/09/22 22:53:47.141, 1, 4, 97871, 0, 77.48
2026/09/22 22:53:47.141, 2, 4, 97871, 0, 74.89
2026/09/22 22:53:47.141, 3, 4, 97871, 0, 74.50
2026/09/22 22:53:47.341, 0, 4, 97871, 0, 73.87
2026/09/22 22:53:47.341, 1, 4, 97871, 0, 77.47
2026/09/22 22:53:47.342, 2, 4, 97871, 0, 74.88
2026/09/22 22:53:47.342, 3, 4, 97871, 0, 74.51
2026/09/22 22:53:47.542, 0, 4, 97871, 0, 73.86
2026/09/22 22:53:47.542, 1, 4, 97871, 0, 77.47
2026/09/22 22:53:47.542, 2, 4, 97871, 0, 74.86
2026/09/22 22:53:47.542, 3, 4, 97871, 0, 74.52
2026/09/22 22:53:47.742, 0, 4, 97871, 0, 73.82
2026/09/22 22:53:47.742, 1, 4, 97871, 0, 77.46
2026/09/22 22:53:47.742, 2, 4, 97871, 0, 74.84
2026/09/22 22:53:47.742, 3, 4, 97871, 0, 74.49
2026/09/22 22:53:47.942, 0, 4, 97871, 0, 73.86
2026/09/22 22:53:47.942, 1, 4, 97871, 0, 77.43
2026/09/22 22:53:47.942, 2, 4, 97871, 0, 74.83
2026/09/22 22:53:47.942, 3, 4, 97871, 0, 74.48
2026/09/22 22:53:48.142, 0, 4, 97871, 0, 73.87
2026/09/22 22:53:48.142, 1, 4, 97871, 0, 77.42
2026/09/22 22:53:48.142, 2, 4, 97871, 0, 74.84
2026/09/22 22:53:48.142, 3, 4, 97871, 0, 74.51
2026/09/22 22:53:48.342, 0, 4, 97871, 0, 73.85
2026/09/22 22:53:48.342, 1, 4, 97871, 0, 77.39
2026/09/22 22:53:48.342, 2, 4, 97871, 0, 74.81
2026/09/22 22:53:48.342, 3, 4, 97871, 0, 74.52
2026/09/22 22:53:48.542, 0, 4, 97871, 0, 73.85
2026/09/22 22:53:48.542, 1, 4, 97871, 0, 77.36
2026/09/22 22:53:48.542, 2, 4, 97871, 0, 74.82
2026/09/22 22:53:48.542, 3, 4, 97871, 0, 74.49
2026/09/22 22:53:48.742, 0, 4, 97871, 0, 73.85
2026/09/22 22:53:48.742, 1, 4, 97871, 0, 77.34
2026/09/22 22:53:48.742, 2, 4, 97871, 0, 74.82
2026/09/22 22:53:48.742, 3, 4, 97871, 0, 74.53
2026/09/22 22:53:48.943, 0, 4, 97871, 0, 73.82
2026/09/22 22:53:48.943, 1, 4, 97871, 0, 77.32
2026/09/22 22:53:48.943, 2, 4, 97871, 0, 74.81
2026/09/22 22:53:48.943, 3, 4, 97871, 0, 74.53
2026/09/22 22:53:49.143, 0, 4, 97871, 0, 73.80
2026/09/22 22:53:49.143, 1, 4, 97871, 0, 77.30
2026/09/22 22:53:49.143, 2, 4, 97871, 0, 74.80
2026/09/22 22:53:49.143, 3, 4, 97871, 0, 74.52
2026/09/22 22:53:49.343, 0, 4, 97871, 0, 73.80
2026/09/22 22:53:49.343, 1, 4, 97871, 0, 77.31
2026/09/22 22:53:49.343, 2, 4, 97871, 0, 74.80
2026/09/22 22:53:49.343, 3, 4, 97871, 0, 74.48
2026/09/22 22:53:49.543, 0, 4, 97871, 0, 73.79
2026/09/22 22:53:49.543, 1, 4, 97871, 0, 77.27
2026/09/22 22:53:49.543, 2, 4, 97871, 0, 74.77
2026/09/22 22:53:49.543, 3, 4, 97871, 0, 74.50
2026/09/22 22:53:49.743, 0, 4, 97871, 0, 73.77
2026/09/22 22:53:49.743, 1, 4, 97871, 0, 77.25
2026/09/22 22:53:49.743, 2, 4, 97871, 0, 74.75
2026/09/22 22:53:49.743, 3, 4, 97871, 0, 74.47
2026/09/22 22:53:49.943, 0, 4, 97871, 0, 73.77
2026/09/22 22:53:49.943, 1, 4, 97871, 0, 77.24
2026/09/22 22:53:49.943, 2, 4, 97871, 0, 74.73
2026/09/22 22:53:49.943, 3, 4, 97871, 0, 74.45
2026/09/22 22:53:50.143, 0, 4, 97871, 0, 73.75
2026/09/22 22:53:50.143, 1, 4, 97871, 0, 77.23
2026/09/22 22:53:50.143, 2, 4, 97871, 0, 74.72
2026/09/22 22:53:50.143, 3, 4, 97871, 0, 74.45
2026/09/22 22:53:50.344, 0, 4, 97871, 0, 73.73
2026/09/22 22:53:50.344, 1, 4, 97871, 0, 77.21
2026/09/22 22:53:50.344, 2, 4, 97871, 0, 74.72
2026/09/22 22:53:50.344, 3, 4, 97871, 0, 74.45
2026/09/22 22:53:50.544, 0, 4, 97871, 0, 73.70
2026/09/22 22:53:50.544, 1, 4, 97871, 0, 77.23
2026/09/22 22:53:50.544, 2, 4, 97871, 0, 74.72
2026/09/22 22:53:50.544, 3, 4, 97871, 0, 74.44
2026/09/22 22:53:50.744, 0, 4, 97871, 0, 73.71
2026/09/22 22:53:50.744, 1, 4, 97871, 0, 77.22
2026/09/22 22:53:50.744, 2, 4, 97871, 0, 74.73
2026/09/22 22:53:50.744, 3, 4, 97871, 0, 74.42
2026/09/22 22:53:50.944, 0, 4, 97871, 0, 73.71
2026/09/22 22:53:50.944, 1, 4, 97871, 0, 77.22
2026/09/22 22:53:50.944, 2, 4, 97871, 0, 74.73
2026/09/22 22:53:50.944, 3, 4, 97871, 0, 74.42
2026/09/22 22:53:51.144, 0, 4, 97871, 0, 73.67
2026/09/22 22:53:51.144, 1, 4, 97871, 0, 77.23
2026/09/22 22:53:51.144, 2, 4, 97871, 0, 74.73
2026/09/22 22:53:51.144, 3, 4, 97871, 0, 74.43
2026/09/22 22:53:51.344, 0, 4, 97871, 0, 73.69
2026/09/22 22:53:51.344, 1, 4, 97871, 0, 77.24
2026/09/22 22:53:51.344, 2, 4, 97871, 0, 74.73
2026/09/22 22:53:51.344, 3, 4, 97871, 0, 74.40
2026/09/22 22:53:51.544, 0, 4, 97871, 0, 73.70
2026/09/22 22:53:51.544, 1, 4, 97871, 0, 77.22
2026/09/22 22:53:51.545, 2, 4, 97871, 0, 74.73
2026/09/22 22:53:51.545, 3, 4, 97871, 0, 74.37
2026/09/22 22:53:51.745, 0, 4, 97871, 0, 73.71
2026/09/22 22:53:51.745, 1, 4, 97871, 0, 77.22
2026/09/22 22:53:51.745, 2, 4, 97871, 0, 74.72
2026/09/22 22:53:51.745, 3, 4, 97871, 0, 74.37
2026/09/22 22:53:51.945, 0, 4, 97871, 0, 73.69
2026/09/22 22:53:51.945, 1, 4, 97871, 0, 77.21
2026/09/22 22:53:51.945, 2, 4, 97871, 0, 74.71
2026/09/22 22:53:51.945, 3, 4, 97871, 0, 74.36
2026/09/22 22:53:52.145, 0, 4, 97871, 0, 73.72
2026/09/22 22:53:52.145, 1, 4, 97871, 0, 77.18
2026/09/22 22:53:52.145, 2, 4, 97871, 0, 74.67
2026/09/22 22:53:52.145, 3, 4, 97871, 0, 74.33
2026/09/22 22:53:52.345, 0, 4, 97871, 0, 73.73
2026/09/22 22:53:52.345, 1, 4, 97871, 0, 77.15
2026/09/22 22:53:52.345, 2, 4, 97871, 0, 74.67
2026/09/22 22:53:52.345, 3, 4, 97871, 0, 74.34
2026/09/22 22:53:52.545, 0, 4, 97871, 0, 73.72
2026/09/22 22:53:52.545, 1, 4, 97871, 0, 77.17
2026/09/22 22:53:52.545, 2, 4, 97871, 0, 74.65
2026/09/22 22:53:52.545, 3, 4, 97871, 0, 74.37
2026/09/22 22:53:52.745, 0, 4, 97871, 0, 73.72
2026/09/22 22:53:52.745, 1, 4, 97871, 0, 77.14
2026/09/22 22:53:52.745, 2, 4, 97871, 0, 74.66
2026/09/22 22:53:52.745, 3, 4, 97871, 0, 74.36
2026/09/22 22:53:52.946, 0, 4, 97871, 0, 73.73
2026/09/22 22:53:52.946, 1, 4, 97871, 0, 77.12
2026/09/22 22:53:52.946, 2, 4, 97871, 0, 74.66
2026/09/22 22:53:52.946, 3, 4, 97871, 0, 74.35
2026/09/22 22:53:53.146, 0, 4, 97871, 0, 73.72
2026/09/22 22:53:53.146, 1, 4, 97871, 0, 77.12
2026/09/22 22:53:53.146, 2, 4, 97871, 0, 74.66
2026/09/22 22:53:53.146, 3, 4, 97871, 0, 74.36
2026/09/22 22:53:53.346, 0, 4, 97871, 0, 73.68
2026/09/22 22:53:53.346, 1, 4, 97871, 0, 77.12
2026/09/22 22:53:53.346, 2, 4, 97871, 0, 74.64
2026/09/22 22:53:53.346, 3, 4, 97871, 0, 74.38
2026/09/22 22:53:53.546, 0, 4, 97871, 0, 73.69
2026/09/22 22:53:53.546, 1, 4, 97871, 0, 77.10
2026/09/22 22:53:53.546, 2, 4, 97871, 0, 74.64
2026/09/22 22:53:53.546, 3, 4, 97871, 0, 74.36
2026/09/22 22:53:53.746, 0, 4, 97871, 0, 73.69
2026/09/22 22:53:53.746, 1, 4, 97871, 0, 77.10
2026/09/22 22:53:53.746, 2, 4, 97871, 0, 74.62
2026/09/22 22:53:53.746, 3, 4, 97871, 0, 74.35
2026/09/22 22:53:53.946, 0, 4, 97871, 0, 73.68
2026/09/22 22:53:53.946, 1, 4, 97871, 0, 77.08
2026/09/22 22:53:53.946, 2, 4, 97871, 0, 74.60
2026/09/22 22:53:53.946, 3, 4, 97871, 0, 74.36
2026/09/22 22:53:54.146, 0, 4, 97871, 0, 73.68
2026/09/22 22:53:54.146, 1, 4, 97871, 0, 77.07
2026/09/22 22:53:54.146, 2, 4, 97871, 0, 74.57
2026/09/22 22:53:54.146, 3, 4, 97871, 0, 74.36
2026/09/22 22:53:54.347, 0, 4, 97871, 0, 73.71
2026/09/22 22:53:54.347, 1, 4, 97871, 0, 77.07
2026/09/22 22:53:54.347, 2, 4, 97871, 0, 74.57
2026/09/22 22:53:54.347, 3, 4, 97871, 0, 74.34
2026/09/22 22:53:54.547, 0, 4, 97871, 0, 73.69
2026/09/22 22:53:54.547, 1, 4, 97871, 0, 77.04
2026/09/22 22:53:54.547, 2, 4, 97871, 0, 74.55
2026/09/22 22:53:54.547, 3, 4, 97871, 0, 74.34
2026/09/22 22:53:54.747, 0, 4, 97871, 0, 73.68
2026/09/22 22:53:54.747, 1, 4, 97871, 0, 77.01
2026/09/22 22:53:54.747, 2, 4, 97871, 0, 74.54
2026/09/22 22:53:54.747, 3, 4, 97871, 0, 74.36
2026/09/22 22:53:54.947, 0, 4, 97871, 0, 73.69
2026/09/22 22:53:54.947, 1, 4, 97871, 0, 77.02
2026/09/22 22:53:54.947, 2, 4, 97871, 0, 74.53
2026/09/22 22:53:54.947, 3, 4, 97871, 0, 74.37
2026/09/22 22:53:55.147, 0, 4, 97871, 0, 73.68
2026/09/22 22:53:55.147, 1, 4, 97871, 0, 76.97
2026/09/22 22:53:55.147, 2, 4, 97871, 0, 74.53
2026/09/22 22:53:55.147, 3, 4, 97871, 0, 74.36
2026/09/22 22:53:55.347, 0, 4, 97871, 0, 73.66
2026/09/22 22:53:55.347, 1, 4, 97871, 0, 76.94
2026/09/22 22:53:55.347, 2, 4, 97871, 0, 74.53
2026/09/22 22:53:55.347, 3, 4, 97871, 0, 74.36
2026/09/22 22:53:55.547, 0, 4, 97871, 0, 73.64
2026/09/22 22:53:55.547, 1, 4, 97871, 0, 76.96
2026/09/22 22:53:55.547, 2, 4, 97871, 0, 74.52
2026/09/22 22:53:55.547, 3, 4, 97871, 0, 74.37
2026/09/22 22:53:55.748, 0, 4, 97871, 0, 73.64
2026/09/22 22:53:55.748, 1, 4, 97871, 0, 76.95
2026/09/22 22:53:55.748, 2, 4, 97871, 0, 74.53
2026/09/22 22:53:55.748, 3, 4, 97871, 0, 74.36
2026/09/22 22:53:55.948, 0, 4, 97871, 0, 73.60
2026/09/22 22:53:55.948, 1, 4, 97871, 0, 76.93
2026/09/22 22:53:55.948, 2, 4, 97871, 0, 74.52
2026/09/22 22:53:55.948, 3, 4, 97871, 0, 74.34
2026/09/22 22:53:56.148, 0, 4, 97871, 0, 73.57
2026/09/22 22:53:56.148, 1, 4, 97871, 0, 76.95
2026/09/22 22:53:56.148, 2, 4, 97871, 0, 74.49
2026/09/22 22:53:56.148, 3, 4, 97871, 0, 74.37
2026/09/22 22:53:56.348, 0, 4, 97871, 0, 73.60
2026/09/22 22:53:56.348, 1, 4, 97871, 0, 76.95
2026/09/22 22:53:56.348, 2, 4, 97871, 0, 74.49
2026/09/22 22:53:56.348, 3, 4, 97871, 0, 74.36
2026/09/22 22:53:56.548, 0, 4, 97871, 0, 73.61
2026/09/22 22:53:56.548, 1, 4, 97871, 0, 76.92
2026/09/22 22:53:56.548, 2, 4, 97871, 0, 74.49
2026/09/22 22:53:56.548, 3, 4, 97871, 0, 74.37
2026/09/22 22:53:56.748, 0, 4, 97871, 0, 73.59
2026/09/22 22:53:56.749, 1, 4, 97871, 0, 76.94
2026/09/22 22:53:56.749, 2, 4, 97871, 0, 74.47
2026/09/22 22:53:56.749, 3, 4, 97871, 0, 74.35
2026/09/22 22:53:56.949, 0, 4, 97871, 0, 73.59
2026/09/22 22:53:56.949, 1, 4, 97871, 0, 76.94
2026/09/22 22:53:56.949, 2, 4, 97871, 0, 74.46
2026/09/22 22:53:56.949, 3, 4, 97871, 0, 74.36
2026/09/22 22:53:57.149, 0, 4, 97871, 0, 73.59
2026/09/22 22:53:57.149, 1, 4, 97871, 0, 76.93
2026/09/22 22:53:57.149, 2, 4, 97871, 0, 74.47
2026/09/22 22:53:57.149, 3, 4, 97871, 0, 74.35
2026/09/22 22:53:57.349, 0, 4, 97871, 0, 73.55
2026/09/22 22:53:57.349, 1, 4, 97871, 0, 76.93
2026/09/22 22:53:57.349, 2, 4, 97871, 0, 74.47
2026/09/22 22:53:57.349, 3, 4, 97871, 0, 74.33
2026/09/22 22:53:57.549, 0, 4, 97871, 0, 73.53
2026/09/22 22:53:57.549, 1, 4, 97871, 0, 76.93
2026/09/22 22:53:57.549, 2, 4, 97871, 0, 74.46
2026/09/22 22:53:57.549, 3, 4, 97871, 0, 74.30
2026/09/22 22:53:57.749, 0, 4, 97871, 0, 73.54
2026/09/22 22:53:57.749, 1, 4, 97871, 0, 76.93
2026/09/22 22:53:57.749, 2, 4, 97871, 0, 74.45
2026/09/22 22:53:57.749, 3, 4, 97871, 0, 74.33
2026/09/22 22:53:57.949, 0, 4, 97871, 0, 73.57
2026/09/22 22:53:57.949, 1, 4, 97871, 0, 76.90
2026/09/22 22:53:57.949, 2, 4, 97871, 0, 74.45
2026/09/22 22:53:57.949, 3, 4, 97871, 0, 74.31
2026/09/22 22:53:58.150, 0, 4, 97871, 0, 73.58
2026/09/22 22:53:58.150, 1, 4, 97871, 0, 76.90
2026/09/22 22:53:58.150, 2, 4, 97871, 0, 74.43
2026/09/22 22:53:58.150, 3, 4, 97871, 0, 74.29
2026/09/22 22:53:58.350, 0, 4, 97871, 0, 73.57
2026/09/22 22:53:58.350, 1, 4, 97871, 0, 76.90
2026/09/22 22:53:58.350, 2, 4, 97871, 0, 74.43
2026/09/22 22:53:58.350, 3, 4, 97871, 0, 74.28
2026/09/22 22:53:58.550, 0, 4, 97871, 0, 73.57
2026/09/22 22:53:58.550, 1, 4, 97871, 0, 76.89
2026/09/22 22:53:58.550, 2, 4, 97871, 0, 74.45
2026/09/22 22:53:58.550, 3, 4, 97871, 0, 74.28
2026/09/22 22:53:58.750, 0, 4, 97871, 0, 73.57
2026/09/22 22:53:58.750, 1, 4, 97871, 0, 76.88
2026/09/22 22:53:58.750, 2, 4, 97871, 0, 74.45
2026/09/22 22:53:58.750, 3, 4, 97871, 0, 74.24
2026/09/22 22:53:58.950, 0, 4, 97871, 0, 73.54
2026/09/22 22:53:58.950, 1, 4, 97871, 0, 76.87
2026/09/22 22:53:58.950, 2, 4, 97871, 0, 74.46
2026/09/22 22:53:58.950, 3, 4, 97871, 0, 74.22
2026/09/22 22:53:59.150, 0, 4, 97871, 0, 73.56
2026/09/22 22:53:59.150, 1, 4, 97871, 0, 76.85
2026/09/22 22:53:59.150, 2, 4, 97871, 0, 74.48
2026/09/22 22:53:59.150, 3, 4, 97871, 0, 74.21
2026/09/22 22:53:59.350, 0, 4, 97871, 0, 73.56
2026/09/22 22:53:59.351, 1, 4, 97871, 0, 76.83
2026/09/22 22:53:59.351, 2, 4, 97871, 0, 74.46
2026/09/22 22:53:59.351, 3, 4, 97871, 0, 74.22
2026/09/22 22:53:59.551, 0, 4, 97871, 0, 73.57
2026/09/22 22:53:59.551, 1, 4, 97871, 0, 76.86
2026/09/22 22:53:59.551, 2, 4, 97871, 0, 74.44
2026/09/22 22:53:59.551, 3, 4, 97871, 0, 74.20
2026/09/22 22:53:59.751, 0, 4, 97871, 0, 73.57
2026/09/22 22:53:59.751, 1, 4, 97871, 0, 76.82
2026/09/22 22:53:59.751, 2, 4, 97871, 0, 74.43
2026/09/22 22:53:59.751, 3, 4, 97871, 0, 74.21
2026/09/22 22:53:59.951, 0, 4, 97871, 0, 73.57
2026/09/22 22:53:59.951, 1, 4, 97871, 0, 76.82
2026/09/22 22:53:59.951, 2, 4, 97871, 0, 74.42
2026/09/22 22:53:59.951, 3, 4, 97871, 0, 74.22
2026/09/22 22:54:00.151, 0, 4, 97871, 0, 73.55
2026/09/22 22:54:00.151, 1, 4, 97871, 0, 76.83
2026/09/22 22:54:00.151, 2, 4, 97871, 0, 74.41
2026/09/22 22:54:00.151, 3, 4, 97871, 0, 74.23
2026/09/22 22:54:00.351, 0, 4, 97871, 0, 73.54
2026/09/22 22:54:00.373, 1, 4, 97871, 0, 76.82
2026/09/22 22:54:00.373, 2, 4, 97871, 0, 74.41
2026/09/22 22:54:00.374, 3, 4, 97871, 0, 74.20
2026/09/22 22:54:00.576, 0, 4, 97871, 0, 73.57
2026/09/22 22:54:00.576, 1, 4, 97871, 0, 76.79
2026/09/22 22:54:00.576, 2, 4, 97871, 0, 74.40
2026/09/22 22:54:00.576, 3, 4, 97871, 0, 74.23
2026/09/22 22:54:00.776, 0, 4, 97871, 0, 73.57
2026/09/22 22:54:00.776, 1, 4, 97871, 0, 76.80
2026/09/22 22:54:00.776, 2, 4, 97871, 0, 74.41
2026/09/22 22:54:00.776, 3, 4, 97871, 0, 74.24
2026/09/22 22:54:00.976, 0, 4, 97871, 0, 73.57
2026/09/22 22:54:00.976, 1, 4, 97871, 0, 76.79
2026/09/22 22:54:00.976, 2, 4, 97871, 0, 74.38
2026/09/22 22:54:00.976, 3, 4, 97871, 0, 74.25
2026/09/22 22:54:01.176, 0, 4, 97871, 0, 73.55
2026/09/22 22:54:01.176, 1, 4, 97871, 0, 76.76
2026/09/22 22:54:01.176, 2, 4, 97871, 0, 74.39
2026/09/22 22:54:01.176, 3, 4, 97871, 0, 74.26
2026/09/22 22:54:01.376, 0, 20, 97871, 0, 74.76
2026/09/22 22:54:01.379, 1, 20, 97871, 0, 76.74
2026/09/22 22:54:01.379, 2, 20, 97871, 0, 74.40
2026/09/22 22:54:01.379, 3, 20, 97871, 0, 74.29
2026/09/22 22:54:01.580, 0, 21, 97871, 0, 79.34
2026/09/22 22:54:01.584, 1, 21, 97871, 0, 90.07
2026/09/22 22:54:01.589, 2, 21, 97871, 0, 81.62
2026/09/22 22:54:01.593, 3, 21, 97871, 0, 80.88
2026/09/22 22:54:01.797, 0, 385, 97871, 0, 93.14
2026/09/22 22:54:01.797, 1, 385, 97871, 0, 99.66
2026/09/22 22:54:01.797, 2, 385, 97871, 0, 90.98
2026/09/22 22:54:01.797, 3, 385, 97871, 0, 90.98
2026/09/22 22:54:01.997, 0, 385, 97871, 2, 101.97
2026/09/22 22:54:01.997, 1, 385, 97871, 1, 109.00
2026/09/22 22:54:01.997, 2, 385, 97871, 2, 99.97
2026/09/22 22:54:01.997, 3, 385, 97871, 2, 99.88
2026/09/22 22:54:02.197, 0, 385, 97871, 0, 110.84
2026/09/22 22:54:02.197, 1, 385, 97871, 0, 118.34
2026/09/22 22:54:02.197, 2, 385, 97871, 0, 108.86
2026/09/22 22:54:02.197, 3, 385, 97871, 0, 109.42
2026/09/22 22:54:02.397, 0, 433, 97871, 0, 119.25
2026/09/22 22:54:02.398, 1, 417, 97871, 0, 125.09
2026/09/22 22:54:02.398, 2, 421, 97871, 0, 118.60
2026/09/22 22:54:02.398, 3, 421, 97871, 0, 117.59
2026/09/22 22:54:02.598, 0, 723, 97871, 0, 118.93
2026/09/22 22:54:02.598, 1, 725, 97871, 0, 124.63
2026/09/22 22:54:02.598, 2, 725, 97871, 0, 120.36
2026/09/22 22:54:02.598, 3, 715, 97871, 0, 119.94
2026/09/22 22:54:02.798, 0, 1019, 97871, 3, 118.67
2026/09/22 22:54:02.799, 1, 1019, 97871, 0, 124.36
2026/09/22 22:54:02.800, 2, 1019, 97871, 3, 119.89
2026/09/22 22:54:02.800, 3, 1019, 97871, 0, 119.60
2026/09/22 22:54:03.002, 0, 1163, 97871, 1, 118.71
2026/09/22 22:54:03.003, 1, 1163, 97871, 1, 124.39
2026/09/22 22:54:03.003, 2, 1163, 97871, 1, 119.85
2026/09/22 22:54:03.003, 3, 1163, 97871, 1, 119.60
2026/09/22 22:54:03.205, 0, 1201, 97871, 0, 118.98
2026/09/22 22:54:03.205, 1, 1201, 97871, 0, 124.75
2026/09/22 22:54:03.205, 2, 1201, 97871, 0, 120.33
2026/09/22 22:54:03.206, 3, 1201, 97871, 0, 120.04
2026/09/22 22:54:03.406, 0, 1735, 97871, 0, 119.01
2026/09/22 22:54:03.407, 1, 1735, 97871, 0, 124.78
2026/09/22 22:54:03.407, 2, 1735, 97871, 0, 120.40
2026/09/22 22:54:03.407, 3, 1735, 97871, 1, 120.15
2026/09/22 22:54:03.607, 0, 1735, 97871, 2, 119.05
2026/09/22 22:54:03.607, 1, 1735, 97871, 1, 124.80
2026/09/22 22:54:03.607, 2, 1735, 97871, 1, 120.47
2026/09/22 22:54:03.607, 3, 1735, 97871, 0, 120.17
2026/09/22 22:54:03.808, 0, 1735, 97871, 0, 119.35
2026/09/22 22:54:03.808, 1, 1735, 97871, 0, 125.16
2026/09/22 22:54:03.808, 2, 1735, 97871, 0, 120.71
2026/09/22 22:54:03.808, 3, 1735, 97871, 1, 120.46
2026/09/22 22:54:04.008, 0, 1807, 97871, 0, 119.36
2026/09/22 22:54:04.008, 1, 1807, 97871, 0, 125.14
2026/09/22 22:54:04.008, 2, 1807, 97871, 0, 120.70
2026/09/22 22:54:04.008, 3, 1807, 97871, 0, 120.42
2026/09/22 22:54:04.208, 0, 2319, 97871, 0, 119.11
2026/09/22 22:54:04.208, 1, 2319, 97871, 1, 124.98
2026/09/22 22:54:04.208, 2, 2319, 97871, 0, 120.24
2026/09/22 22:54:04.208, 3, 2319, 97871, 0, 120.00
2026/09/22 22:54:04.408, 0, 2319, 97871, 0, 119.13
2026/09/22 22:54:04.408, 1, 2319, 97871, 0, 124.95
2026/09/22 22:54:04.408, 2, 2319, 97871, 0, 120.20
2026/09/22 22:54:04.408, 3, 2319, 97871, 0, 119.87
2026/09/22 22:54:04.608, 0, 2319, 97871, 0, 119.08
2026/09/22 22:54:04.608, 1, 2319, 97871, 0, 124.95
2026/09/22 22:54:04.608, 2, 2319, 97871, 0, 120.16
2026/09/22 22:54:04.608, 3, 2319, 97871, 0, 119.83
2026/09/22 22:54:04.808, 0, 2319, 97871, 0, 118.76
2026/09/22 22:54:04.808, 1, 2319, 97871, 0, 124.58
2026/09/22 22:54:04.808, 2, 2319, 97871, 0, 119.83
2026/09/22 22:54:04.808, 3, 2319, 97871, 0, 119.42
2026/09/22 22:54:05.009, 0, 2319, 97871, 0, 118.76
2026/09/22 22:54:05.009, 1, 2319, 97871, 0, 124.59
2026/09/22 22:54:05.009, 2, 2319, 97871, 0, 119.81
2026/09/22 22:54:05.009, 3, 2319, 97871, 0, 119.43
2026/09/22 22:54:05.209, 0, 2319, 97871, 0, 118.78
2026/09/22 22:54:05.209, 1, 2319, 97871, 0, 124.43
2026/09/22 22:54:05.209, 2, 2319, 97871, 0, 119.81
2026/09/22 22:54:05.209, 3, 2319, 97871, 0, 119.42
2026/09/22 22:54:05.410, 0, 2319, 97871, 0, 118.77
2026/09/22 22:54:05.410, 1, 2319, 97871, 0, 124.44
2026/09/22 22:54:05.410, 2, 2319, 97871, 0, 119.80
2026/09/22 22:54:05.410, 3, 2319, 97871, 0, 119.43
2026/09/22 22:54:05.610, 0, 2319, 97871, 0, 118.81
2026/09/22 22:54:05.610, 1, 2319, 97871, 0, 124.41
2026/09/22 22:54:05.610, 2, 2319, 97871, 0, 119.80
2026/09/22 22:54:05.610, 3, 2319, 97871, 0, 119.44
2026/09/22 22:54:05.810, 0, 2319, 97871, 0, 118.84
2026/09/22 22:54:05.810, 1, 2319, 97871, 0, 124.44
2026/09/22 22:54:05.810, 2, 2319, 97871, 0, 119.77
2026/09/22 22:54:05.810, 3, 2319, 97871, 0, 119.46
2026/09/22 22:54:06.010, 0, 2319, 97871, 0, 118.85
2026/09/22 22:54:06.010, 1, 2319, 97871, 0, 124.43
2026/09/22 22:54:06.010, 2, 2319, 97871, 0, 119.78
2026/09/22 22:54:06.010, 3, 2319, 97871, 0, 119.46
2026/09/22 22:54:06.210, 0, 2319, 97871, 0, 118.85
2026/09/22 22:54:06.210, 1, 2319, 97871, 0, 124.42
2026/09/22 22:54:06.210, 2, 2319, 97871, 0, 119.74
2026/09/22 22:54:06.210, 3, 2319, 97871, 0, 119.48
2026/09/22 22:54:06.410, 0, 2319, 97871, 0, 118.84
2026/09/22 22:54:06.410, 1, 2319, 97871, 0, 124.42
2026/09/22 22:54:06.410, 2, 2319, 97871, 0, 119.72
2026/09/22 22:54:06.410, 3, 2319, 97871, 0, 119.50
2026/09/22 22:54:06.610, 0, 2319, 97871, 0, 118.85
2026/09/22 22:54:06.610, 1, 2319, 97871, 0, 124.40
2026/09/22 22:54:06.610, 2, 2319, 97871, 0, 119.72
2026/09/22 22:54:06.610, 3, 2319, 97871, 0, 119.51
2026/09/22 22:54:06.810, 0, 2319, 97871, 0, 118.83
2026/09/22 22:54:06.811, 1, 2319, 97871, 0, 124.41
2026/09/22 22:54:06.811, 2, 2319, 97871, 0, 119.71
2026/09/22 22:54:06.811, 3, 2319, 97871, 0, 119.51
2026/09/22 22:54:07.011, 0, 2811, 97871, 0, 118.96
2026/09/22 22:54:07.011, 1, 2811, 97871, 0, 124.48
2026/09/22 22:54:07.011, 2, 2811, 97871, 0, 119.79
2026/09/22 22:54:07.011, 3, 2811, 97871, 0, 119.67
2026/09/22 22:54:07.211, 0, 13125, 97871, 2, 118.97
2026/09/22 22:54:07.211, 1, 11015, 97871, 2, 124.48
2026/09/22 22:54:07.211, 2, 12519, 97871, 1, 119.81
2026/09/22 22:54:07.211, 3, 13153, 97871, 2, 119.68
2026/09/22 22:54:07.411, 0, 13125, 97871, 5, 118.99
2026/09/22 22:54:07.411, 1, 13151, 97871, 5, 124.50
2026/09/22 22:54:07.411, 2, 13157, 97871, 6, 119.87
2026/09/22 22:54:07.411, 3, 13153, 97871, 3, 119.71
2026/09/22 22:54:07.611, 0, 13125, 97871, 4, 118.97
2026/09/22 22:54:07.611, 1, 13151, 97871, 4, 124.54
2026/09/22 22:54:07.611, 2, 13157, 97871, 4, 119.90
2026/09/22 22:54:07.611, 3, 13153, 97871, 4, 119.74
2026/09/22 22:54:07.811, 0, 13125, 97871, 4, 118.97
2026/09/22 22:54:07.811, 1, 13151, 97871, 4, 124.56
2026/09/22 22:54:07.811, 2, 13157, 97871, 4, 119.92
2026/09/22 22:54:07.811, 3, 13153, 97871, 4, 119.76
2026/09/22 22:54:08.011, 0, 13125, 97871, 3, 118.86
2026/09/22 22:54:08.011, 1, 13151, 97871, 4, 124.51
2026/09/22 22:54:08.011, 2, 13157, 97871, 2, 119.83
2026/09/22 22:54:08.011, 3, 13153, 97871, 2, 119.63
2026/09/22 22:54:08.212, 0, 13125, 97871, 4, 118.89
2026/09/22 22:54:08.212, 1, 13151, 97871, 4, 124.51
2026/09/22 22:54:08.212, 2, 13157, 97871, 4, 119.84
2026/09/22 22:54:08.212, 3, 13153, 97871, 4, 119.64
2026/09/22 22:54:08.412, 0, 13125, 97871, 4, 118.90
2026/09/22 22:54:08.412, 1, 13151, 97871, 4, 124.52
2026/09/22 22:54:08.412, 2, 13157, 97871, 4, 119.81
2026/09/22 22:54:08.412, 3, 13153, 97871, 4, 119.63
2026/09/22 22:54:08.612, 0, 13125, 97871, 4, 118.91
2026/09/22 22:54:08.612, 1, 13151, 97871, 3, 124.50
2026/09/22 22:54:08.612, 2, 13157, 97871, 2, 119.81
2026/09/22 22:54:08.612, 3, 13153, 97871, 3, 119.65
2026/09/22 22:54:08.812, 0, 13125, 97871, 3, 118.92
2026/09/22 22:54:08.812, 1, 13151, 97871, 4, 124.49
2026/09/22 22:54:08.812, 2, 13157, 97871, 4, 119.82
2026/09/22 22:54:08.812, 3, 13153, 97871, 4, 119.65
2026/09/22 22:54:09.012, 0, 13125, 97871, 3, 118.91
2026/09/22 22:54:09.012, 1, 13151, 97871, 4, 124.52
2026/09/22 22:54:09.012, 2, 13157, 97871, 4, 119.85
2026/09/22 22:54:09.012, 3, 13153, 97871, 4, 119.62
2026/09/22 22:54:09.212, 0, 13125, 97871, 4, 118.89
2026/09/22 22:54:09.212, 1, 13151, 97871, 2, 124.50
2026/09/22 22:54:09.212, 2, 13157, 97871, 3, 119.86
2026/09/22 22:54:09.212, 3, 13153, 97871, 3, 119.61
2026/09/22 22:54:09.412, 0, 13125, 97871, 2, 118.88
2026/09/22 22:54:09.413, 1, 13151, 97871, 4, 124.49
2026/09/22 22:54:09.413, 2, 13157, 97871, 4, 119.88
2026/09/22 22:54:09.413, 3, 13153, 97871, 4, 119.60
2026/09/22 22:54:09.613, 0, 13125, 97871, 4, 118.90
2026/09/22 22:54:09.613, 1, 13151, 97871, 4, 124.46
2026/09/22 22:54:09.613, 2, 13157, 97871, 4, 119.85
2026/09/22 22:54:09.613, 3, 13153, 97871, 4, 119.55
2026/09/22 22:54:09.813, 0, 13125, 97871, 4, 118.88
2026/09/22 22:54:09.813, 1, 13151, 97871, 3, 124.48
2026/09/22 22:54:09.813, 2, 13157, 97871, 4, 119.85
2026/09/22 22:54:09.813, 3, 13153, 97871, 3, 119.51
2026/09/22 22:54:10.013, 0, 13125, 97871, 4, 118.88
2026/09/22 22:54:10.013, 1, 13151, 97871, 4, 124.46
2026/09/22 22:54:10.013, 2, 13157, 97871, 4, 119.84
2026/09/22 22:54:10.013, 3, 13153, 97871, 4, 119.56
2026/09/22 22:54:10.213, 0, 13125, 97871, 4, 118.89
2026/09/22 22:54:10.213, 1, 13151, 97871, 4, 124.47
2026/09/22 22:54:10.213, 2, 13157, 97871, 4, 119.80
2026/09/22 22:54:10.213, 3, 13153, 97871, 4, 119.55
2026/09/22 22:54:10.413, 0, 13125, 97871, 4, 118.90
2026/09/22 22:54:10.413, 1, 13151, 97871, 3, 124.50
2026/09/22 22:54:10.413, 2, 13157, 97871, 4, 119.79
2026/09/22 22:54:10.413, 3, 13153, 97871, 3, 119.52
2026/09/22 22:54:10.613, 0, 13125, 97871, 4, 118.88
2026/09/22 22:54:10.613, 1, 13151, 97871, 4, 124.51
2026/09/22 22:54:10.613, 2, 13157, 97871, 3, 119.79
2026/09/22 22:54:10.613, 3, 13153, 97871, 4, 119.54
2026/09/22 22:54:10.813, 0, 13125, 97871, 4, 118.89
2026/09/22 22:54:10.814, 1, 13151, 97871, 4, 124.48
2026/09/22 22:54:10.814, 2, 13157, 97871, 4, 119.82
2026/09/22 22:54:10.814, 3, 13153, 97871, 4, 119.57
2026/09/22 22:54:11.014, 0, 13125, 97871, 4, 118.89
2026/09/22 22:54:11.014, 1, 13151, 97871, 4, 124.49
2026/09/22 22:54:11.014, 2, 13157, 97871, 4, 119.79
2026/09/22 22:54:11.014, 3, 13153, 97871, 5, 119.57
2026/09/22 22:54:11.214, 0, 13125, 97871, 4, 118.91
2026/09/22 22:54:11.214, 1, 13151, 97871, 4, 124.46
2026/09/22 22:54:11.214, 2, 13157, 97871, 5, 119.81
2026/09/22 22:54:11.214, 3, 13153, 97871, 4, 119.53
2026/09/22 22:54:11.414, 0, 13125, 97871, 5, 118.91
2026/09/22 22:54:11.414, 1, 13151, 97871, 4, 124.40
2026/09/22 22:54:11.414, 2, 13157, 97871, 4, 119.81
2026/09/22 22:54:11.414, 3, 13153, 97871, 4, 119.57
2026/09/22 22:54:11.614, 0, 13125, 97871, 4, 118.91
2026/09/22 22:54:11.614, 1, 13151, 97871, 6, 124.45
2026/09/22 22:54:11.614, 2, 13157, 97871, 7, 119.86
2026/09/22 22:54:11.614, 3, 13153, 97871, 5, 119.59
2026/09/22 22:54:11.814, 0, 13125, 97871, 3, 118.94
2026/09/22 22:54:11.814, 1, 13151, 97871, 3, 124.47
2026/09/22 22:54:11.814, 2, 13157, 97871, 4, 119.79
2026/09/22 22:54:11.814, 3, 13153, 97871, 4, 119.57
2026/09/22 22:54:12.014, 0, 13125, 97871, 5, 118.96
2026/09/22 22:54:12.014, 1, 13151, 97871, 4, 124.44
2026/09/22 22:54:12.014, 2, 13157, 97871, 4, 119.77
2026/09/22 22:54:12.014, 3, 13153, 97871, 4, 119.55
2026/09/22 22:54:12.214, 0, 13125, 97871, 3, 118.91
2026/09/22 22:54:12.215, 1, 13151, 97871, 4, 124.46
2026/09/22 22:54:12.215, 2, 13157, 97871, 4, 119.73
2026/09/22 22:54:12.215, 3, 13153, 97871, 4, 119.58
2026/09/22 22:54:12.415, 0, 13125, 97871, 4, 118.90
2026/09/22 22:54:12.415, 1, 13151, 97871, 3, 124.46
2026/09/22 22:54:12.415, 2, 13157, 97871, 4, 119.68
2026/09/22 22:54:12.415, 3, 13153, 97871, 2, 119.56
2026/09/22 22:54:12.615, 0, 13125, 97871, 4, 118.93
2026/09/22 22:54:12.615, 1, 13151, 97871, 4, 124.37
2026/09/22 22:54:12.615, 2, 13157, 97871, 4, 119.59
2026/09/22 22:54:12.615, 3, 13153, 97871, 4, 119.56
2026/09/22 22:54:12.815, 0, 13125, 97871, 3, 118.89
2026/09/22 22:54:12.815, 1, 13151, 97871, 4, 124.36
2026/09/22 22:54:12.815, 2, 13157, 97871, 4, 119.59
2026/09/22 22:54:12.815, 3, 13153, 97871, 4, 119.58
2026/09/22 22:54:13.015, 0, 13125, 97871, 4, 118.84
2026/09/22 22:54:13.015, 1, 13151, 97871, 4, 124.34
2026/09/22 22:54:13.015, 2, 13157, 97871, 4, 119.57
2026/09/22 22:54:13.015, 3, 13153, 97871, 3, 119.59
2026/09/22 22:54:13.215, 0, 13125, 97871, 4, 118.87
2026/09/22 22:54:13.215, 1, 13151, 97871, 4, 124.32
2026/09/22 22:54:13.215, 2, 13157, 97871, 3, 119.57
2026/09/22 22:54:13.215, 3, 13153, 97871, 4, 119.61
2026/09/22 22:54:13.415, 0, 13125, 97871, 2, 118.92
2026/09/22 22:54:13.415, 1, 13151, 97871, 4, 124.32
2026/09/22 22:54:13.415, 2, 13157, 97871, 4, 119.55
2026/09/22 22:54:13.415, 3, 13153, 97871, 4, 119.61
2026/09/22 22:54:13.616, 0, 13125, 97871, 4, 118.99
2026/09/22 22:54:13.616, 1, 13151, 97871, 3, 124.31
2026/09/22 22:54:13.616, 2, 13157, 97871, 4, 119.55
2026/09/22 22:54:13.616, 3, 13153, 97871, 4, 119.63
2026/09/22 22:54:13.816, 0, 13125, 97871, 4, 119.07
2026/09/22 22:54:13.816, 1, 13151, 97871, 4, 124.31
2026/09/22 22:54:13.816, 2, 13157, 97871, 4, 119.59
2026/09/22 22:54:13.816, 3, 13153, 97871, 4, 119.62
2026/09/22 22:54:14.016, 0, 13125, 97871, 4, 119.18
2026/09/22 22:54:14.016, 1, 13151, 97871, 4, 124.29
2026/09/22 22:54:14.016, 2, 13157, 97871, 4, 119.58
2026/09/22 22:54:14.016, 3, 13153, 97871, 4, 119.63
2026/09/22 22:54:14.216, 0, 13125, 97871, 3, 119.27
2026/09/22 22:54:14.216, 1, 13151, 97871, 4, 124.30
2026/09/22 22:54:14.216, 2, 13157, 97871, 4, 119.60
2026/09/22 22:54:14.216, 3, 13153, 97871, 3, 119.63
2026/09/22 22:54:14.416, 0, 13125, 97871, 4, 119.26
2026/09/22 22:54:14.416, 1, 13151, 97871, 4, 124.29
2026/09/22 22:54:14.416, 2, 13157, 97871, 3, 119.61
2026/09/22 22:54:14.416, 3, 13153, 97871, 4, 119.62
2026/09/22 22:54:14.616, 0, 13125, 97871, 3, 119.26
2026/09/22 22:54:14.616, 1, 13151, 97871, 4, 124.29
2026/09/22 22:54:14.616, 2, 13157, 97871, 4, 119.62
2026/09/22 22:54:14.616, 3, 13153, 97871, 4, 119.61
2026/09/22 22:54:14.816, 0, 13125, 97871, 4, 119.25
2026/09/22 22:54:14.816, 1, 13151, 97871, 4, 124.27
2026/09/22 22:54:14.816, 2, 13157, 97871, 4, 119.60
2026/09/22 22:54:14.816, 3, 13153, 97871, 4, 119.57
2026/09/22 22:54:15.016, 0, 13125, 97871, 4, 119.27
2026/09/22 22:54:15.017, 1, 13151, 97871, 0, 124.23
2026/09/22 22:54:15.017, 2, 13157, 97871, 0, 119.54
2026/09/22 22:54:15.017, 3, 13153, 97871, 0, 119.53
2026/09/22 22:54:15.217, 0, 13125, 97871, 4, 119.24
2026/09/22 22:54:15.217, 1, 13151, 97871, 0, 124.17
2026/09/22 22:54:15.217, 2, 13157, 97871, 0, 119.49
2026/09/22 22:54:15.217, 3, 13153, 97871, 0, 119.45
2026/09/22 22:54:15.417, 0, 13125, 97871, 0, 119.22
2026/09/22 22:54:15.417, 1, 13151, 97871, 0, 124.12
2026/09/22 22:54:15.417, 2, 13157, 97871, 0, 119.47
2026/09/22 22:54:15.417, 3, 13153, 97871, 0, 119.39
2026/09/22 22:54:15.617, 0, 13125, 97871, 0, 119.21
2026/09/22 22:54:15.617, 1, 13151, 97871, 0, 124.06
2026/09/22 22:54:15.617, 2, 13157, 97871, 0, 119.41
2026/09/22 22:54:15.617, 3, 13153, 97871, 0, 119.35
2026/09/22 22:54:15.817, 0, 13125, 97871, 0, 119.18
2026/09/22 22:54:15.817, 1, 13151, 97871, 0, 124.04
2026/09/22 22:54:15.817, 2, 13157, 97871, 0, 119.37
2026/09/22 22:54:15.817, 3, 13153, 97871, 0, 119.33
2026/09/22 22:54:16.017, 0, 13125, 97871, 0, 119.11
2026/09/22 22:54:16.018, 1, 13151, 97871, 0, 124.04
2026/09/22 22:54:16.018, 2, 13157, 97871, 0, 119.37
2026/09/22 22:54:16.018, 3, 13153, 97871, 0, 119.31
2026/09/22 22:54:16.218, 0, 14801, 97871, 0, 119.11
2026/09/22 22:54:16.218, 1, 13153, 97871, 0, 124.05
2026/09/22 22:54:16.218, 2, 13767, 97871, 0, 119.36
2026/09/22 22:54:16.218, 3, 13763, 97871, 0, 119.31
2026/09/22 22:54:16.418, 0, 18039, 97871, 46, 137.16
2026/09/22 22:54:16.419, 1, 18065, 97871, 54, 140.74
2026/09/22 22:54:16.419, 2, 18071, 97871, 15, 137.32
2026/09/22 22:54:16.419, 3, 18067, 97871, 12, 134.25
2026/09/22 22:54:16.619, 0, 23331, 97871, 100, 160.87
2026/09/22 22:54:16.619, 1, 23359, 97871, 99, 165.30
2026/09/22 22:54:16.619, 2, 23365, 97871, 46, 161.32
2026/09/22 22:54:16.619, 3, 23361, 97871, 12, 155.78
2026/09/22 22:54:16.819, 0, 23331, 97871, 100, 201.29
2026/09/22 22:54:16.819, 1, 23359, 97871, 100, 206.08
2026/09/22 22:54:16.819, 2, 23365, 97871, 99, 205.65
2026/09/22 22:54:16.819, 3, 23361, 97871, 100, 199.35
2026/09/22 22:54:17.019, 0, 23331, 97871, 100, 245.05
2026/09/22 22:54:17.019, 1, 23359, 97871, 100, 250.70
2026/09/22 22:54:17.019, 2, 23365, 97871, 100, 246.70
2026/09/22 22:54:17.019, 3, 23361, 97871, 100, 240.24
2026/09/22 22:54:17.219, 0, 23331, 97871, 100, 287.78
2026/09/22 22:54:17.219, 1, 23359, 97871, 100, 294.79
2026/09/22 22:54:17.219, 2, 23365, 97871, 100, 292.41
2026/09/22 22:54:17.219, 3, 23361, 97871, 100, 282.49
2026/09/22 22:54:17.419, 0, 23331, 97871, 100, 309.42
2026/09/22 22:54:17.419, 1, 23359, 97871, 100, 321.68
2026/09/22 22:54:17.419, 2, 23365, 97871, 100, 313.45
2026/09/22 22:54:17.419, 3, 23361, 97871, 100, 316.11
2026/09/22 22:54:17.619, 0, 23331, 97871, 100, 331.93
2026/09/22 22:54:17.619, 1, 23359, 97871, 100, 339.59
2026/09/22 22:54:17.619, 2, 23365, 97871, 100, 331.13
2026/09/22 22:54:17.620, 3, 23361, 97871, 100, 336.69
2026/09/22 22:54:17.820, 0, 23331, 97871, 100, 333.25
2026/09/22 22:54:17.820, 1, 23359, 97871, 100, 341.28
2026/09/22 22:54:17.820, 2, 23365, 97871, 100, 332.94
2026/09/22 22:54:17.820, 3, 23361, 97871, 100, 337.23
2026/09/22 22:54:18.020, 0, 23331, 97871, 100, 333.44
2026/09/22 22:54:18.020, 1, 23359, 97871, 100, 341.34
2026/09/22 22:54:18.020, 2, 23365, 97871, 100, 332.51
2026/09/22 22:54:18.020, 3, 23361, 97871, 100, 338.30
2026/09/22 22:54:18.220, 0, 23331, 97871, 100, 333.14
2026/09/22 22:54:18.220, 1, 23359, 97871, 100, 341.50
2026/09/22 22:54:18.220, 2, 23365, 97871, 100, 332.41
2026/09/22 22:54:18.220, 3, 23361, 97871, 100, 338.16
2026/09/22 22:54:18.420, 0, 23331, 97871, 100, 333.18
2026/09/22 22:54:18.420, 1, 23359, 97871, 100, 341.78
2026/09/22 22:54:18.420, 2, 23365, 97871, 100, 332.66
2026/09/22 22:54:18.420, 3, 23361, 97871, 100, 338.51
2026/09/22 22:54:18.620, 0, 23331, 97871, 100, 333.02
2026/09/22 22:54:18.620, 1, 23359, 97871, 100, 342.78
2026/09/22 22:54:18.620, 2, 23365, 97871, 100, 333.25
2026/09/22 22:54:18.620, 3, 23361, 97871, 100, 339.12
2026/09/22 22:54:18.820, 0, 23333, 97871, 100, 333.20
2026/09/22 22:54:18.820, 1, 23359, 97871, 100, 342.15
2026/09/22 22:54:18.820, 2, 23365, 97871, 100, 333.29
2026/09/22 22:54:18.820, 3, 23361, 97871, 100, 339.13
2026/09/22 22:54:19.020, 0, 34917, 97871, 45, 310.54
2026/09/22 22:54:19.021, 1, 34943, 97871, 5, 318.85
2026/09/22 22:54:19.021, 2, 34949, 97871, 100, 305.75
2026/09/22 22:54:19.021, 3, 34945, 97871, 89, 320.45
2026/09/22 22:54:19.221, 0, 35429, 97871, 0, 268.19
2026/09/22 22:54:19.221, 1, 35967, 97871, 0, 276.50
2026/09/22 22:54:19.221, 2, 35973, 97871, 0, 268.08
2026/09/22 22:54:19.221, 3, 35969, 97871, 0, 277.23
2026/09/22 22:54:19.421, 0, 35429, 97871, 100, 259.89
2026/09/22 22:54:19.421, 1, 35967, 97871, 100, 272.54
2026/09/22 22:54:19.421, 2, 35973, 97871, 29, 260.38
2026/09/22 22:54:19.421, 3, 35969, 97871, 77, 260.54
2026/09/22 22:54:19.621, 0, 35429, 97871, 100, 256.02
2026/09/22 22:54:19.621, 1, 35967, 97871, 100, 268.18
2026/09/22 22:54:19.621, 2, 35973, 97871, 100, 256.83
2026/09/22 22:54:19.621, 3, 35969, 97871, 100, 253.00
2026/09/22 22:54:19.821, 0, 35429, 97871, 100, 254.15
2026/09/22 22:54:19.821, 1, 35967, 97871, 100, 262.25
2026/09/22 22:54:19.821, 2, 35973, 97871, 100, 248.49
2026/09/22 22:54:19.821, 3, 35969, 97871, 100, 255.80
2026/09/22 22:54:20.021, 0, 35429, 97871, 100, 261.24
2026/09/22 22:54:20.021, 1, 35967, 97871, 100, 267.20
2026/09/22 22:54:20.021, 2, 35973, 97871, 100, 268.92
2026/09/22 22:54:20.021, 3, 35969, 97871, 100, 275.58
2026/09/22 22:54:20.221, 0, 35429, 97871, 100, 302.85
2026/09/22 22:54:20.221, 1, 35967, 97871, 100, 312.06
2026/09/22 22:54:20.221, 2, 35973, 97871, 100, 302.63
2026/09/22 22:54:20.221, 3, 35969, 97871, 100, 301.18
2026/09/22 22:54:20.422, 0, 35429, 97871, 100, 308.27
2026/09/22 22:54:20.422, 1, 35967, 97871, 100, 308.20
2026/09/22 22:54:20.422, 2, 35973, 97871, 100, 308.94
2026/09/22 22:54:20.422, 3, 35969, 97871, 100, 319.03
2026/09/22 22:54:20.622, 0, 35429, 97871, 100, 308.17
2026/09/22 22:54:20.622, 1, 35967, 97871, 100, 304.92
2026/09/22 22:54:20.622, 2, 35973, 97871, 100, 308.55
2026/09/22 22:54:20.622, 3, 35969, 97871, 100, 323.96
2026/09/22 22:54:20.822, 0, 35429, 97871, 100, 301.14
2026/09/22 22:54:20.822, 1, 35967, 97871, 100, 311.44
2026/09/22 22:54:20.822, 2, 35973, 97871, 100, 314.77
2026/09/22 22:54:20.822, 3, 35969, 97871, 100, 311.66
2026/09/22 22:54:21.022, 0, 35429, 97871, 100, 314.74
2026/09/22 22:54:21.022, 1, 35967, 97871, 100, 320.48
2026/09/22 22:54:21.022, 2, 35973, 97871, 100, 314.16
2026/09/22 22:54:21.022, 3, 35969, 97871, 100, 295.05
2026/09/22 22:54:21.222, 0, 35429, 97871, 100, 316.45
2026/09/22 22:54:21.222, 1, 35967, 97871, 100, 318.34
2026/09/22 22:54:21.222, 2, 35973, 97871, 100, 314.67
2026/09/22 22:54:21.222, 3, 35969, 97871, 100, 300.83
2026/09/22 22:54:21.422, 0, 35429, 97871, 100, 311.10
2026/09/22 22:54:21.422, 1, 35967, 97871, 100, 325.79
2026/09/22 22:54:21.422, 2, 35973, 97871, 100, 315.11
2026/09/22 22:54:21.422, 3, 35969, 97871, 100, 300.91
2026/09/22 22:54:21.622, 0, 35673, 97871, 100, 308.79
2026/09/22 22:54:21.649, 1, 36211, 97871, 93, 321.43
2026/09/22 22:54:21.649, 2, 36217, 97871, 33, 302.36
2026/09/22 22:54:21.649, 3, 36213, 97871, 100, 291.00
2026/09/22 22:54:21.849, 0, 35965, 97871, 1, 278.23
2026/09/22 22:54:21.850, 1, 36503, 97871, 1, 278.82
2026/09/22 22:54:21.850, 2, 36509, 97871, 0, 263.52
2026/09/22 22:54:21.852, 3, 36505, 97871, 1, 256.28
2026/09/22 22:54:22.052, 0, 37451, 97871, 11, 235.20
2026/09/22 22:54:22.052, 1, 37395, 97871, 2, 245.76
2026/09/22 22:54:22.052, 2, 37995, 97871, 11, 229.20
2026/09/22 22:54:22.052, 3, 37397, 97871, 0, 225.84
2026/09/22 22:54:22.252, 0, 37451, 97871, 0, 201.91
2026/09/22 22:54:22.252, 1, 37395, 97871, 0, 211.02
2026/09/22 22:54:22.252, 2, 37995, 97871, 0, 196.27
2026/09/22 22:54:22.252, 3, 37397, 97871, 16, 197.98
2026/09/22 22:54:22.452, 0, 37451, 97871, 0, 164.87
2026/09/22 22:54:22.452, 1, 37395, 97871, 0, 164.68
2026/09/22 22:54:22.453, 2, 37995, 97871, 0, 153.92
2026/09/22 22:54:22.453, 3, 37397, 97871, 0, 156.47
2026/09/22 22:54:22.653, 0, 14795, 97871, 7, 128.45
2026/09/22 22:54:22.653, 1, 14821, 97871, 51, 135.89
2026/09/22 22:54:22.653, 2, 14827, 97871, 45, 129.23
2026/09/22 22:54:22.653, 3, 14823, 97871, 0, 128.19
2026/09/22 22:54:22.853, 0, 72683, 97871, 20, 127.50
2026/09/22 22:54:22.853, 1, 72709, 97871, 0, 134.61
2026/09/22 22:54:22.853, 2, 72203, 97871, 26, 131.71
2026/09/22 22:54:22.853, 3, 72199, 97871, 0, 126.98
2026/09/22 22:54:23.053, 0, 72683, 97871, 100, 159.75
2026/09/22 22:54:23.053, 1, 72709, 97871, 100, 167.25
2026/09/22 22:54:23.053, 2, 72203, 97871, 100, 164.85
2026/09/22 22:54:23.053, 3, 72199, 97871, 76, 156.43
2026/09/22 22:54:23.253, 0, 72683, 97871, 100, 193.68
2026/09/22 22:54:23.253, 1, 72709, 97871, 100, 210.31
2026/09/22 22:54:23.253, 2, 72203, 97871, 100, 202.10
2026/09/22 22:54:23.253, 3, 72199, 97871, 100, 188.68
2026/09/22 22:54:23.453, 0, 72683, 97871, 100, 232.41
2026/09/22 22:54:23.453, 1, 72709, 97871, 100, 242.87
2026/09/22 22:54:23.453, 2, 72203, 97871, 100, 233.90
2026/09/22 22:54:23.453, 3, 72199, 97871, 100, 233.00
2026/09/22 22:54:23.653, 0, 72683, 97871, 100, 261.47
2026/09/22 22:54:23.653, 1, 72709, 97871, 100, 271.64
2026/09/22 22:54:23.653, 2, 72203, 97871, 100, 271.24
2026/09/22 22:54:23.653, 3, 72199, 97871, 100, 281.08
2026/09/22 22:54:23.854, 0, 72683, 97871, 100, 296.85
2026/09/22 22:54:23.854, 1, 72709, 97871, 100, 313.00
2026/09/22 22:54:23.854, 2, 72203, 97871, 100, 304.38
2026/09/22 22:54:23.854, 3, 72199, 97871, 100, 303.87
2026/09/22 22:54:24.054, 0, 72683, 97871, 100, 306.20
2026/09/22 22:54:24.054, 1, 72709, 97871, 100, 313.31
2026/09/22 22:54:24.054, 2, 72203, 97871, 100, 309.12
2026/09/22 22:54:24.054, 3, 72199, 97871, 100, 314.07
2026/09/22 22:54:24.254, 0, 72683, 97871, 100, 310.02
2026/09/22 22:54:24.254, 1, 72709, 97871, 100, 305.06
2026/09/22 22:54:24.254, 2, 72203, 97871, 100, 311.61
2026/09/22 22:54:24.254, 3, 72199, 97871, 100, 321.29
2026/09/22 22:54:24.454, 0, 72683, 97871, 100, 306.34
2026/09/22 22:54:24.454, 1, 72709, 97871, 100, 309.83
2026/09/22 22:54:24.454, 2, 72203, 97871, 100, 317.07
2026/09/22 22:54:24.454, 3, 72199, 97871, 100, 312.39
2026/09/22 22:54:24.654, 0, 72683, 97871, 100, 313.48
2026/09/22 22:54:24.654, 1, 72709, 97871, 100, 321.67
2026/09/22 22:54:24.654, 2, 72203, 97871, 100, 321.14
2026/09/22 22:54:24.654, 3, 72199, 97871, 100, 297.38
2026/09/22 22:54:24.854, 0, 72683, 97871, 100, 317.46
2026/09/22 22:54:24.854, 1, 72709, 97871, 100, 319.61
2026/09/22 22:54:24.854, 2, 72203, 97871, 100, 321.37
2026/09/22 22:54:24.854, 3, 72199, 97871, 100, 301.99
2026/09/22 22:54:25.054, 0, 72683, 97871, 100, 314.63
2026/09/22 22:54:25.054, 1, 72709, 97871, 100, 324.07
2026/09/22 22:54:25.054, 2, 72203, 97871, 100, 316.06
2026/09/22 22:54:25.054, 3, 72199, 97871, 100, 300.02
2026/09/22 22:54:25.255, 0, 73577, 97871, 89, 313.58
2026/09/22 22:54:25.255, 1, 73603, 97871, 100, 323.25
2026/09/22 22:54:25.255, 2, 73097, 97871, 80, 310.42
2026/09/22 22:54:25.255, 3, 73093, 97871, 100, 289.73
2026/09/22 22:54:25.455, 0, 73577, 97871, 0, 290.21
2026/09/22 22:54:25.455, 1, 73603, 97871, 0, 295.82
2026/09/22 22:54:25.455, 2, 73097, 97871, 0, 277.52
2026/09/22 22:54:25.455, 3, 73093, 97871, 52, 265.85
2026/09/22 22:54:25.655, 0, 73577, 97871, 0, 249.30
2026/09/22 22:54:25.655, 1, 73603, 97871, 0, 254.39
2026/09/22 22:54:25.655, 2, 73097, 97871, 0, 239.03
2026/09/22 22:54:25.655, 3, 73093, 97871, 0, 233.76
2026/09/22 22:54:25.855, 0, 73577, 97871, 0, 208.55
2026/09/22 22:54:25.855, 1, 73603, 97871, 0, 215.02
2026/09/22 22:54:25.855, 2, 73097, 97871, 0, 200.87
2026/09/22 22:54:25.855, 3, 73093, 97871, 0, 203.87
2026/09/22 22:54:26.055, 0, 73577, 97871, 0, 171.62
2026/09/22 22:54:26.055, 1, 73603, 97871, 0, 173.47
2026/09/22 22:54:26.055, 2, 73097, 97871, 0, 162.88
2026/09/22 22:54:26.055, 3, 73093, 97871, 0, 166.16
2026/09/22 22:54:26.255, 0, 73577, 97871, 0, 133.72
2026/09/22 22:54:26.255, 1, 73603, 97871, 0, 140.26
2026/09/22 22:54:26.255, 2, 73097, 97871, 0, 129.96
2026/09/22 22:54:26.255, 3, 73093, 97871, 0, 137.71
2026/09/22 22:54:26.455, 0, 73577, 97871, 0, 120.76
2026/09/22 22:54:26.456, 1, 73603, 97871, 0, 125.92
2026/09/22 22:54:26.456, 2, 73097, 97871, 0, 121.57
2026/09/22 22:54:26.456, 3, 73093, 97871, 0, 120.43
2026/09/22 22:54:26.656, 0, 73577, 97871, 0, 120.65
2026/09/22 22:54:26.656, 1, 73603, 97871, 0, 125.73
2026/09/22 22:54:26.656, 2, 73097, 97871, 0, 121.42
2026/09/22 22:54:26.656, 3, 73093, 97871, 0, 120.35
2026/09/22 22:54:26.856, 0, 73577, 97871, 0, 120.56
2026/09/22 22:54:26.856, 1, 73603, 97871, 0, 125.59
2026/09/22 22:54:26.856, 2, 73097, 97871, 0, 121.31
2026/09/22 22:54:26.856, 3, 73093, 97871, 0, 120.31
2026/09/22 22:54:27.056, 0, 73577, 97871, 0, 120.49
2026/09/22 22:54:27.056, 1, 73603, 97871, 0, 125.51
2026/09/22 22:54:27.056, 2, 73097, 97871, 0, 121.25
2026/09/22 22:54:27.056, 3, 73093, 97871, 0, 120.25
2026/09/22 22:54:27.256, 0, 73577, 97871, 0, 120.43
2026/09/22 22:54:27.256, 1, 73603, 97871, 0, 125.41
2026/09/22 22:54:27.256, 2, 73097, 97871, 0, 121.20
2026/09/22 22:54:27.256, 3, 73093, 97871, 0, 120.18
2026/09/22 22:54:27.456, 0, 73577, 97871, 0, 120.37
2026/09/22 22:54:27.456, 1, 73603, 97871, 0, 125.35
2026/09/22 22:54:27.456, 2, 73097, 97871, 0, 121.13
2026/09/22 22:54:27.456, 3, 73093, 97871, 0, 120.15
2026/09/22 22:54:27.656, 0, 73577, 97871, 0, 120.31
2026/09/22 22:54:27.656, 1, 73603, 97871, 0, 125.32
2026/09/22 22:54:27.656, 2, 73097, 97871, 0, 121.08
2026/09/22 22:54:27.656, 3, 73093, 97871, 0, 120.14
2026/09/22 22:54:27.857, 0, 73577, 97871, 0, 120.25
2026/09/22 22:54:27.857, 1, 73603, 97871, 0, 125.29
2026/09/22 22:54:27.857, 2, 73097, 97871, 0, 121.04
2026/09/22 22:54:27.857, 3, 73093, 97871, 0, 120.10
2026/09/22 22:54:28.057, 0, 73577, 97871, 0, 120.21
2026/09/22 22:54:28.057, 1, 73603, 97871, 0, 125.23
2026/09/22 22:54:28.057, 2, 73097, 97871, 0, 121.00
2026/09/22 22:54:28.057, 3, 73093, 97871, 0, 120.08
2026/09/22 22:54:28.257, 0, 73577, 97871, 0, 120.18
2026/09/22 22:54:28.257, 1, 73603, 97871, 0, 125.20
2026/09/22 22:54:28.257, 2, 73097, 97871, 0, 120.97
2026/09/22 22:54:28.257, 3, 73093, 97871, 0, 120.10
2026/09/22 22:54:28.457, 0, 73577, 97871, 0, 120.18
2026/09/22 22:54:28.457, 1, 73603, 97871, 0, 125.18
2026/09/22 22:54:28.457, 2, 73097, 97871, 0, 120.94
2026/09/22 22:54:28.457, 3, 73093, 97871, 0, 120.09
2026/09/22 22:54:28.657, 0, 73577, 97871, 0, 120.15
2026/09/22 22:54:28.657, 1, 73603, 97871, 0, 125.14
2026/09/22 22:54:28.657, 2, 73097, 97871, 0, 120.92
2026/09/22 22:54:28.657, 3, 73093, 97871, 0, 120.05
2026/09/22 22:54:28.857, 0, 73577, 97871, 0, 120.15
2026/09/22 22:54:28.857, 1, 73603, 97871, 0, 125.09
2026/09/22 22:54:28.857, 2, 73097, 97871, 0, 120.89
2026/09/22 22:54:28.857, 3, 73093, 97871, 0, 120.02
2026/09/22 22:54:29.057, 0, 73577, 97871, 0, 120.13
2026/09/22 22:54:29.057, 1, 73603, 97871, 0, 125.10
2026/09/22 22:54:29.058, 2, 73097, 97871, 0, 120.86
2026/09/22 22:54:29.058, 3, 73093, 97871, 0, 120.02
2026/09/22 22:54:29.258, 0, 73577, 97871, 0, 120.12
2026/09/22 22:54:29.258, 1, 73603, 97871, 0, 125.07
2026/09/22 22:54:29.258, 2, 73097, 97871, 0, 120.83
2026/09/22 22:54:29.258, 3, 73093, 97871, 0, 120.00
2026/09/22 22:54:29.458, 0, 73577, 97871, 0, 120.09
2026/09/22 22:54:29.458, 1, 73603, 97871, 0, 125.05
2026/09/22 22:54:29.458, 2, 73097, 97871, 0, 120.82
2026/09/22 22:54:29.458, 3, 73093, 97871, 0, 119.99
2026/09/22 22:54:29.658, 0, 73577, 97871, 0, 120.09
2026/09/22 22:54:29.658, 1, 73603, 97871, 0, 125.03
2026/09/22 22:54:29.658, 2, 73097, 97871, 0, 120.79
2026/09/22 22:54:29.658, 3, 73093, 97871, 0, 120.00
2026/09/22 22:54:29.858, 0, 73577, 97871, 0, 120.09
2026/09/22 22:54:29.858, 1, 73603, 97871, 0, 125.01
2026/09/22 22:54:29.858, 2, 73097, 97871, 0, 120.78
2026/09/22 22:54:29.858, 3, 73093, 97871, 0, 120.02
2026/09/22 22:54:30.058, 0, 73577, 97871, 0, 120.06
2026/09/22 22:54:30.058, 1, 73603, 97871, 0, 124.96
2026/09/22 22:54:30.058, 2, 73097, 97871, 0, 120.77
2026/09/22 22:54:30.058, 3, 73093, 97871, 0, 120.01
2026/09/22 22:54:30.258, 0, 73577, 97871, 0, 120.03
2026/09/22 22:54:30.258, 1, 73603, 97871, 0, 124.98
2026/09/22 22:54:30.258, 2, 73097, 97871, 0, 120.75
2026/09/22 22:54:30.258, 3, 73093, 97871, 0, 120.01
2026/09/22 22:54:30.459, 0, 73577, 97871, 0, 120.03
2026/09/22 22:54:30.459, 1, 73603, 97871, 0, 124.94
2026/09/22 22:54:30.459, 2, 73097, 97871, 0, 120.72
2026/09/22 22:54:30.459, 3, 73093, 97871, 0, 120.02
2026/09/22 22:54:30.659, 0, 73577, 97871, 0, 120.02
2026/09/22 22:54:30.659, 1, 73603, 97871, 0, 124.92
2026/09/22 22:54:30.659, 2, 73097, 97871, 0, 120.70
2026/09/22 22:54:30.659, 3, 73093, 97871, 0, 120.00
2026/09/22 22:54:30.859, 0, 73577, 97871, 0, 119.98
2026/09/22 22:54:30.859, 1, 73603, 97871, 0, 124.90
2026/09/22 22:54:30.859, 2, 73097, 97871, 0, 120.70
2026/09/22 22:54:30.859, 3, 73093, 97871, 0, 119.99
2026/09/22 22:54:31.059, 0, 73577, 97871, 0, 119.99
2026/09/22 22:54:31.059, 1, 73603, 97871, 0, 124.88
2026/09/22 22:54:31.059, 2, 73097, 97871, 0, 120.68
2026/09/22 22:54:31.059, 3, 73093, 97871, 0, 119.98
2026/09/22 22:54:31.259, 0, 73577, 97871, 0, 120.02
2026/09/22 22:54:31.259, 1, 73603, 97871, 0, 124.84
2026/09/22 22:54:31.259, 2, 73097, 97871, 0, 120.67
2026/09/22 22:54:31.259, 3, 73093, 97871, 0, 119.96
2026/09/22 22:54:31.460, 0, 73577, 97871, 0, 120.00
2026/09/22 22:54:31.460, 1, 73603, 97871, 0, 124.84
2026/09/22 22:54:31.460, 2, 73097, 97871, 0, 120.65
2026/09/22 22:54:31.460, 3, 73093, 97871, 0, 119.96
2026/09/22 22:54:31.660, 0, 73577, 97871, 0, 119.97
2026/09/22 22:54:31.660, 1, 73603, 97871, 0, 124.82
2026/09/22 22:54:31.660, 2, 73097, 97871, 0, 120.65
2026/09/22 22:54:31.660, 3, 73093, 97871, 0, 119.96
2026/09/22 22:54:31.860, 0, 73577, 97871, 0, 119.94
2026/09/22 22:54:31.860, 1, 73603, 97871, 0, 124.80
2026/09/22 22:54:31.860, 2, 73097, 97871, 0, 120.64
2026/09/22 22:54:31.860, 3, 73093, 97871, 0, 119.96
2026/09/22 22:54:32.060, 0, 73577, 97871, 0, 119.90
2026/09/22 22:54:32.061, 1, 73603, 97871, 0, 124.80
2026/09/22 22:54:32.061, 2, 73097, 97871, 0, 120.63
2026/09/22 22:54:32.061, 3, 73093, 97871, 0, 119.96
2026/09/22 22:54:32.261, 0, 73577, 97871, 0, 119.85
2026/09/22 22:54:32.261, 1, 73603, 97871, 0, 124.81
2026/09/22 22:54:32.261, 2, 73097, 97871, 0, 120.61
2026/09/22 22:54:32.261, 3, 73093, 97871, 0, 119.96
2026/09/22 22:54:32.461, 0, 73577, 97871, 0, 119.84
2026/09/22 22:54:32.461, 1, 73603, 97871, 0, 124.80
2026/09/22 22:54:32.461, 2, 73097, 97871, 0, 120.61
2026/09/22 22:54:32.461, 3, 73093, 97871, 0, 119.93
2026/09/22 22:54:32.661, 0, 73577, 97871, 0, 119.83
2026/09/22 22:54:32.661, 1, 73603, 97871, 0, 124.80
2026/09/22 22:54:32.661, 2, 73097, 97871, 0, 120.61
2026/09/22 22:54:32.661, 3, 73093, 97871, 0, 119.93
2026/09/22 22:54:32.861, 0, 73577, 97871, 0, 119.84
2026/09/22 22:54:32.861, 1, 73603, 97871, 0, 124.81
2026/09/22 22:54:32.861, 2, 73097, 97871, 0, 120.61
2026/09/22 22:54:32.861, 3, 73093, 97871, 0, 119.90
2026/09/22 22:54:33.061, 0, 73577, 97871, 0, 119.83
2026/09/22 22:54:33.061, 1, 73603, 97871, 0, 124.78
2026/09/22 22:54:33.062, 2, 73097, 97871, 0, 120.61
2026/09/22 22:54:33.062, 3, 73093, 97871, 0, 119.88
2026/09/22 22:54:33.262, 0, 73577, 97871, 0, 119.81
2026/09/22 22:54:33.262, 1, 73603, 97871, 0, 124.75
2026/09/22 22:54:33.262, 2, 73097, 97871, 0, 120.63
2026/09/22 22:54:33.262, 3, 73093, 97871, 0, 119.85
2026/09/22 22:54:33.462, 0, 73577, 97871, 0, 119.81
2026/09/22 22:54:33.462, 1, 73603, 97871, 0, 124.74
2026/09/22 22:54:33.462, 2, 73097, 97871, 0, 120.61
2026/09/22 22:54:33.462, 3, 73093, 97871, 0, 119.85
2026/09/22 22:54:33.662, 0, 73577, 97871, 0, 119.82
2026/09/22 22:54:33.662, 1, 73603, 97871, 0, 124.74
2026/09/22 22:54:33.662, 2, 73097, 97871, 0, 120.59
2026/09/22 22:54:33.662, 3, 73093, 97871, 0, 119.83
2026/09/22 22:54:33.862, 0, 73577, 97871, 0, 119.80
2026/09/22 22:54:33.862, 1, 73603, 97871, 0, 124.74
2026/09/22 22:54:33.862, 2, 73097, 97871, 0, 120.57
2026/09/22 22:54:33.862, 3, 73093, 97871, 0, 119.82
2026/09/22 22:54:34.062, 0, 73577, 97871, 0, 119.79
2026/09/22 22:54:34.062, 1, 73603, 97871, 0, 124.75
2026/09/22 22:54:34.062, 2, 73097, 97871, 0, 120.57
2026/09/22 22:54:34.062, 3, 73093, 97871, 0, 119.83
2026/09/22 22:54:34.262, 0, 73577, 97871, 0, 119.80
2026/09/22 22:54:34.262, 1, 73603, 97871, 0, 124.76
2026/09/22 22:54:34.262, 2, 73097, 97871, 0, 120.54
2026/09/22 22:54:34.262, 3, 73093, 97871, 0, 119.85
2026/09/22 22:54:34.462, 0, 73577, 97871, 0, 119.81
2026/09/22 22:54:34.463, 1, 73603, 97871, 0, 124.74
2026/09/22 22:54:34.463, 2, 73097, 97871, 0, 120.54
2026/09/22 22:54:34.463, 3, 73093, 97871, 0, 119.83
2026/09/22 22:54:34.663, 0, 73577, 97871, 0, 119.76
2026/09/22 22:54:34.663, 1, 73603, 97871, 0, 124.73
2026/09/22 22:54:34.663, 2, 73097, 97871, 0, 120.53
2026/09/22 22:54:34.663, 3, 73093, 97871, 0, 119.83
2026/09/22 22:54:34.863, 0, 73577, 97871, 0, 119.76
2026/09/22 22:54:34.863, 1, 73603, 97871, 0, 124.72
2026/09/22 22:54:34.863, 2, 73097, 97871, 0, 120.53
2026/09/22 22:54:34.863, 3, 73093, 97871, 0, 119.83
2026/09/22 22:54:35.063, 0, 73577, 97871, 0, 119.80
2026/09/22 22:54:35.063, 1, 73603, 97871, 0, 124.70
2026/09/22 22:54:35.063, 2, 73097, 97871, 0, 120.51
2026/09/22 22:54:35.063, 3, 73093, 97871, 0, 119.84
2026/09/22 22:54:35.263, 0, 73577, 97871, 0, 119.79
2026/09/22 22:54:35.263, 1, 73603, 97871, 0, 124.68
2026/09/22 22:54:35.263, 2, 73097, 97871, 0, 120.54
2026/09/22 22:54:35.263, 3, 73093, 97871, 0, 119.82
2026/09/22 22:54:35.463, 0, 73577, 97871, 0, 119.76
2026/09/22 22:54:35.463, 1, 73603, 97871, 0, 124.70
2026/09/22 22:54:35.463, 2, 73097, 97871, 0, 120.51
2026/09/22 22:54:35.463, 3, 73093, 97871, 0, 119.83
2026/09/22 22:54:35.663, 0, 73577, 97871, 0, 119.77
2026/09/22 22:54:35.663, 1, 73603, 97871, 0, 124.71
2026/09/22 22:54:35.663, 2, 73097, 97871, 0, 120.50
2026/09/22 22:54:35.663, 3, 73093, 97871, 0, 119.83
2026/09/22 22:54:35.864, 0, 73577, 97871, 0, 119.78
2026/09/22 22:54:35.864, 1, 73603, 97871, 0, 124.68
2026/09/22 22:54:35.864, 2, 73097, 97871, 0, 120.49
2026/09/22 22:54:35.864, 3, 73093, 97871, 0, 119.84
2026/09/22 22:54:36.064, 0, 73577, 97871, 0, 119.75
2026/09/22 22:54:36.064, 1, 73603, 97871, 0, 124.68
2026/09/22 22:54:36.064, 2, 73097, 97871, 0, 120.49
2026/09/22 22:54:36.064, 3, 73093, 97871, 0, 119.81
2026/09/22 22:54:36.264, 0, 73577, 97871, 0, 119.74
2026/09/22 22:54:36.264, 1, 73603, 97871, 0, 124.68
2026/09/22 22:54:36.264, 2, 73097, 97871, 0, 120.49
2026/09/22 22:54:36.264, 3, 73093, 97871, 0, 119.83
2026/09/22 22:54:36.464, 0, 73577, 97871, 0, 119.76
2026/09/22 22:54:36.464, 1, 73603, 97871, 0, 124.66
2026/09/22 22:54:36.464, 2, 73097, 97871, 0, 120.47
2026/09/22 22:54:36.464, 3, 73093, 97871, 0, 119.81
2026/09/22 22:54:36.664, 0, 73577, 97871, 0, 119.76
2026/09/22 22:54:36.664, 1, 73603, 97871, 0, 124.64
2026/09/22 22:54:36.664, 2, 73097, 97871, 0, 120.49
2026/09/22 22:54:36.664, 3, 73093, 97871, 0, 119.83
2026/09/22 22:54:36.864, 0, 73577, 97871, 0, 119.75
2026/09/22 22:54:36.864, 1, 73603, 97871, 0, 124.63
2026/09/22 22:54:36.864, 2, 73097, 97871, 0, 120.49
2026/09/22 22:54:36.864, 3, 73093, 97871, 0, 119.80
2026/09/22 22:54:37.065, 0, 73577, 97871, 0, 119.74
2026/09/22 22:54:37.065, 1, 73603, 97871, 0, 124.60
2026/09/22 22:54:37.065, 2, 73097, 97871, 0, 120.47
2026/09/22 22:54:37.065, 3, 73093, 97871, 0, 119.83
2026/09/22 22:54:37.265, 0, 73577, 97871, 0, 119.71
2026/09/22 22:54:37.265, 1, 73603, 97871, 0, 124.58
2026/09/22 22:54:37.265, 2, 73097, 97871, 0, 120.45
2026/09/22 22:54:37.265, 3, 73093, 97871, 0, 119.80
2026/09/22 22:54:37.465, 0, 73577, 97871, 0, 119.72
2026/09/22 22:54:37.465, 1, 73603, 97871, 0, 124.58
2026/09/22 22:54:37.465, 2, 73097, 97871, 0, 120.43
2026/09/22 22:54:37.465, 3, 73093, 97871, 0, 119.79
2026/09/22 22:54:37.665, 0, 73577, 97871, 0, 119.69
2026/09/22 22:54:37.665, 1, 73603, 97871, 0, 124.57
2026/09/22 22:54:37.665, 2, 73097, 97871, 0, 120.42
2026/09/22 22:54:37.665, 3, 73093, 97871, 0, 119.77
2026/09/22 22:54:37.865, 0, 73577, 97871, 0, 119.68
2026/09/22 22:54:37.865, 1, 73603, 97871, 0, 124.55
2026/09/22 22:54:37.865, 2, 73097, 97871, 0, 120.52
2026/09/22 22:54:37.865, 3, 73093, 97871, 0, 119.78
2026/09/22 22:54:38.065, 0, 73577, 97871, 0, 119.68
2026/09/22 22:54:38.065, 1, 73603, 97871, 0, 124.57
2026/09/22 22:54:38.065, 2, 73097, 97871, 0, 120.62
2026/09/22 22:54:38.065, 3, 73093, 97871, 0, 119.77
2026/09/22 22:54:38.265, 0, 73577, 97871, 0, 119.69
2026/09/22 22:54:38.265, 1, 73603, 97871, 0, 124.55
2026/09/22 22:54:38.265, 2, 73097, 97871, 0, 120.73
2026/09/22 22:54:38.265, 3, 73093, 97871, 0, 119.77
2026/09/22 22:54:38.466, 0, 73577, 97871, 0, 119.66
2026/09/22 22:54:38.466, 1, 73603, 97871, 0, 124.54
2026/09/22 22:54:38.466, 2, 73097, 97871, 0, 120.85
2026/09/22 22:54:38.466, 3, 73093, 97871, 0, 119.77
2026/09/22 22:54:38.666, 0, 73577, 97871, 0, 119.68
2026/09/22 22:54:38.666, 1, 73603, 97871, 0, 124.54
2026/09/22 22:54:38.666, 2, 73097, 97871, 0, 120.95
2026/09/22 22:54:38.666, 3, 73093, 97871, 0, 119.78
2026/09/22 22:54:38.866, 0, 73577, 97871, 0, 119.68
2026/09/22 22:54:38.866, 1, 73603, 97871, 0, 124.56
2026/09/22 22:54:38.866, 2, 73097, 97871, 0, 120.98
2026/09/22 22:54:38.866, 3, 73093, 97871, 0, 119.77
2026/09/22 22:54:39.066, 0, 73577, 97871, 0, 119.68
2026/09/22 22:54:39.066, 1, 73603, 97871, 0, 124.56
2026/09/22 22:54:39.066, 2, 73097, 97871, 0, 120.95
2026/09/22 22:54:39.066, 3, 73093, 97871, 0, 119.78
2026/09/22 22:54:39.266, 0, 73577, 97871, 0, 123.92
2026/09/22 22:54:39.267, 1, 73603, 97871, 0, 129.09
2026/09/22 22:54:39.267, 2, 73097, 97871, 0, 125.48
2026/09/22 22:54:39.267, 3, 73093, 97871, 19, 124.12
2026/09/22 22:54:39.467, 0, 73577, 97871, 0, 123.96
2026/09/22 22:54:39.467, 1, 73603, 97871, 0, 129.22
2026/09/22 22:54:39.467, 2, 73097, 97871, 0, 125.36
2026/09/22 22:54:39.467, 3, 73093, 97871, 0, 124.15
2026/09/22 22:54:39.667, 0, 73577, 97871, 0, 124.08
2026/09/22 22:54:39.667, 1, 73603, 97871, 0, 129.24
2026/09/22 22:54:39.667, 2, 73097, 97871, 0, 125.40
2026/09/22 22:54:39.667, 3, 73093, 97871, 0, 124.15
2026/09/22 22:54:39.867, 0, 73577, 97871, 0, 124.01
2026/09/22 22:54:39.867, 1, 73603, 97871, 0, 129.14
2026/09/22 22:54:39.867, 2, 73097, 97871, 0, 125.39
2026/09/22 22:54:39.868, 3, 73093, 97871, 0, 124.24
2026/09/22 22:54:40.068, 0, 73577, 97871, 0, 124.03
2026/09/22 22:54:40.068, 1, 73603, 97871, 0, 129.15
2026/09/22 22:54:40.068, 2, 73097, 97871, 0, 125.35
2026/09/22 22:54:40.068, 3, 73093, 97871, 0, 124.14
2026/09/22 22:54:40.268, 0, 73577, 97871, 0, 119.81
2026/09/22 22:54:40.268, 1, 73603, 97871, 0, 124.63
2026/09/22 22:54:40.268, 2, 73097, 97871, 0, 120.92
2026/09/22 22:54:40.268, 3, 73093, 97871, 0, 119.79
2026/09/22 22:54:40.468, 0, 73577, 97871, 0, 119.80
2026/09/22 22:54:40.468, 1, 73603, 97871, 0, 124.61
2026/09/22 22:54:40.468, 2, 73097, 97871, 0, 120.96
2026/09/22 22:54:40.468, 3, 73093, 97871, 0, 119.74
2026/09/22 22:54:40.668, 0, 73577, 97871, 0, 119.77
2026/09/22 22:54:40.668, 1, 73603, 97871, 0, 124.60
2026/09/22 22:54:40.668, 2, 73097, 97871, 0, 121.02
2026/09/22 22:54:40.669, 3, 73093, 97871, 0, 119.75
2026/09/22 22:54:40.869, 0, 73577, 97871, 0, 119.74
2026/09/22 22:54:40.869, 1, 73603, 97871, 0, 124.61
2026/09/22 22:54:40.869, 2, 73097, 97871, 0, 121.03
2026/09/22 22:54:40.869, 3, 73093, 97871, 0, 119.73
2026/09/22 22:54:41.069, 0, 73577, 97871, 0, 119.73
2026/09/22 22:54:41.069, 1, 73603, 97871, 0, 124.60
2026/09/22 22:54:41.069, 2, 73097, 97871, 0, 121.02
2026/09/22 22:54:41.069, 3, 73093, 97871, 0, 119.74
2026/09/22 22:54:41.269, 0, 73577, 97871, 0, 119.72
2026/09/22 22:54:41.269, 1, 73603, 97871, 0, 124.59
2026/09/22 22:54:41.269, 2, 73097, 97871, 0, 121.02
2026/09/22 22:54:41.269, 3, 73093, 97871, 0, 119.72
2026/09/22 22:54:41.469, 0, 73577, 97871, 0, 119.69
2026/09/22 22:54:41.469, 1, 73603, 97871, 0, 124.59
2026/09/22 22:54:41.470, 2, 73097, 97871, 0, 121.04
2026/09/22 22:54:41.470, 3, 73093, 97871, 0, 119.75
2026/09/22 22:54:41.670, 0, 73577, 97871, 0, 119.70
2026/09/22 22:54:41.670, 1, 73603, 97871, 0, 124.57
2026/09/22 22:54:41.670, 2, 73097, 97871, 0, 121.03
2026/09/22 22:54:41.670, 3, 73093, 97871, 0, 119.75
2026/09/22 22:54:41.870, 0, 73577, 97871, 0, 119.71
2026/09/22 22:54:41.870, 1, 73603, 97871, 0, 124.54
2026/09/22 22:54:41.870, 2, 73097, 97871, 0, 121.01
2026/09/22 22:54:41.870, 3, 73093, 97871, 0, 119.75
2026/09/22 22:54:42.070, 0, 73577, 97871, 0, 119.71
2026/09/22 22:54:42.070, 1, 73603, 97871, 0, 124.55
2026/09/22 22:54:42.070, 2, 73097, 97871, 0, 120.99
2026/09/22 22:54:42.070, 3, 73093, 97871, 0, 119.73
2026/09/22 22:54:42.270, 0, 73577, 97871, 0, 119.68
2026/09/22 22:54:42.271, 1, 73603, 97871, 0, 124.52
2026/09/22 22:54:42.271, 2, 73097, 97871, 0, 120.97
2026/09/22 22:54:42.271, 3, 73093, 97871, 0, 119.74
2026/09/22 22:54:42.471, 0, 73577, 97871, 0, 119.67
2026/09/22 22:54:42.471, 1, 73603, 97871, 0, 124.48
2026/09/22 22:54:42.471, 2, 73097, 97871, 0, 120.94
2026/09/22 22:54:42.471, 3, 73093, 97871, 0, 119.72
2026/09/22 22:54:42.671, 0, 73577, 97871, 0, 119.66
2026/09/22 22:54:42.671, 1, 73603, 97871, 0, 124.47
2026/09/22 22:54:42.671, 2, 73097, 97871, 0, 120.92
2026/09/22 22:54:42.671, 3, 73093, 97871, 0, 119.69
2026/09/22 22:54:42.871, 0, 73577, 97871, 0, 119.66
2026/09/22 22:54:42.872, 1, 73603, 97871, 0, 124.46
2026/09/22 22:54:42.872, 2, 73097, 97871, 0, 120.91
2026/09/22 22:54:42.872, 3, 73093, 97871, 0, 119.70
2026/09/22 22:54:43.072, 0, 73577, 97871, 0, 119.66
2026/09/22 22:54:43.072, 1, 73603, 97871, 0, 124.43
2026/09/22 22:54:43.072, 2, 73097, 97871, 0, 120.90
2026/09/22 22:54:43.072, 3, 73093, 97871, 0, 119.68
2026/09/22 22:54:43.272, 0, 73577, 97871, 59, 120.06
2026/09/22 22:54:43.272, 1, 73603, 97871, 0, 124.63
2026/09/22 22:54:43.272, 2, 73097, 97871, 0, 121.19
2026/09/22 22:54:43.272, 3, 73093, 97871, 0, 119.77
2026/09/22 22:54:43.472, 0, 73577, 97871, 100, 120.77
2026/09/22 22:54:43.472, 1, 73603, 97871, 0, 124.79
2026/09/22 22:54:43.472, 2, 73097, 97871, 0, 121.23
2026/09/22 22:54:43.472, 3, 73093, 97871, 0, 119.93
2026/09/22 22:54:43.673, 0, 73577, 97871, 100, 121.40
2026/09/22 22:54:43.673, 1, 73603, 97871, 0, 124.76
2026/09/22 22:54:43.673, 2, 73097, 97871, 0, 121.21
2026/09/22 22:54:43.673, 3, 73093, 97871, 0, 119.93
2026/09/22 22:54:43.873, 0, 73577, 97871, 100, 122.00
2026/09/22 22:54:43.873, 1, 73603, 97871, 0, 124.79
2026/09/22 22:54:43.873, 2, 73097, 97871, 0, 121.18
2026/09/22 22:54:43.873, 3, 73093, 97871, 0, 119.92
2026/09/22 22:54:44.073, 0, 73577, 97871, 100, 122.57
2026/09/22 22:54:44.073, 1, 73603, 97871, 0, 124.76
2026/09/22 22:54:44.073, 2, 73097, 97871, 0, 121.15
2026/09/22 22:54:44.073, 3, 73093, 97871, 0, 119.91
2026/09/22 22:54:44.273, 0, 73577, 97871, 100, 122.98
2026/09/22 22:54:44.274, 1, 73603, 97871, 0, 124.67
2026/09/22 22:54:44.274, 2, 73097, 97871, 0, 120.99
2026/09/22 22:54:44.274, 3, 73093, 97871, 0, 119.82
2026/09/22 22:54:44.474, 0, 73577, 97871, 100, 122.80
2026/09/22 22:54:44.474, 1, 73603, 97871, 0, 124.38
2026/09/22 22:54:44.474, 2, 73097, 97871, 0, 120.83
2026/09/22 22:54:44.474, 3, 73093, 97871, 0, 119.65
2026/09/22 22:54:44.674, 0, 73577, 97871, 100, 123.16
2026/09/22 22:54:44.674, 1, 73603, 97871, 100, 125.51
2026/09/22 22:54:44.674, 2, 73097, 97871, 0, 121.13
2026/09/22 22:54:44.674, 3, 73093, 97871, 0, 119.99
2026/09/22 22:54:44.874, 0, 73577, 97871, 100, 123.18
2026/09/22 22:54:44.874, 1, 73603, 97871, 100, 126.11
2026/09/22 22:54:44.874, 2, 73097, 97871, 0, 121.14
2026/09/22 22:54:44.874, 3, 73093, 97871, 0, 119.97
2026/09/22 22:54:45.074, 0, 73577, 97871, 100, 123.20
2026/09/22 22:54:45.075, 1, 73603, 97871, 100, 126.75
2026/09/22 22:54:45.075, 2, 73097, 97871, 0, 121.15
2026/09/22 22:54:45.075, 3, 73093, 97871, 0, 119.96
2026/09/22 22:54:45.275, 0, 73577, 97871, 100, 123.17
2026/09/22 22:54:45.275, 1, 73603, 97871, 100, 127.42
2026/09/22 22:54:45.275, 2, 73097, 97871, 0, 121.12
2026/09/22 22:54:45.275, 3, 73093, 97871, 0, 119.98
2026/09/22 22:54:45.475, 0, 73577, 97871, 100, 123.15
2026/09/22 22:54:45.475, 1, 73603, 97871, 100, 128.08
2026/09/22 22:54:45.475, 2, 73097, 97871, 0, 121.10
2026/09/22 22:54:45.475, 3, 73093, 97871, 0, 119.96
2026/09/22 22:54:45.675, 0, 73577, 97871, 100, 122.77
2026/09/22 22:54:45.675, 1, 73603, 97871, 100, 127.58
2026/09/22 22:54:45.675, 2, 73097, 97871, 0, 120.80
2026/09/22 22:54:45.675, 3, 73093, 97871, 0, 119.61
2026/09/22 22:54:45.875, 0, 73577, 97871, 100, 123.15
2026/09/22 22:54:45.876, 1, 73603, 97871, 100, 127.91
2026/09/22 22:54:45.876, 2, 73097, 97871, 0, 121.14
2026/09/22 22:54:45.876, 3, 73093, 97871, 0, 120.47
2026/09/22 22:54:46.076, 0, 73577, 97871, 100, 123.16
2026/09/22 22:54:46.076, 1, 73603, 97871, 100, 127.90
2026/09/22 22:54:46.076, 2, 73097, 97871, 0, 121.11
2026/09/22 22:54:46.076, 3, 73093, 97871, 100, 121.11
2026/09/22 22:54:46.276, 0, 73577, 97871, 100, 123.14
2026/09/22 22:54:46.276, 1, 73603, 97871, 100, 127.94
2026/09/22 22:54:46.276, 2, 73097, 97871, 0, 121.11
2026/09/22 22:54:46.276, 3, 73093, 97871, 100, 121.72
2026/09/22 22:54:46.476, 0, 73577, 97871, 100, 123.18
2026/09/22 22:54:46.476, 1, 73603, 97871, 100, 127.90
2026/09/22 22:54:46.476, 2, 73097, 97871, 0, 121.11
2026/09/22 22:54:46.476, 3, 73093, 97871, 100, 122.42
2026/09/22 22:54:46.676, 0, 73577, 97871, 100, 123.17
2026/09/22 22:54:46.676, 1, 73603, 97871, 100, 127.93
2026/09/22 22:54:46.676, 2, 73097, 97871, 0, 121.10
2026/09/22 22:54:46.676, 3, 73093, 97871, 100, 122.99
2026/09/22 22:54:46.876, 0, 73577, 97871, 100, 122.77
2026/09/22 22:54:46.876, 1, 73603, 97871, 100, 127.59
2026/09/22 22:54:46.876, 2, 73097, 97871, 0, 120.78
2026/09/22 22:54:46.876, 3, 73093, 97871, 100, 122.97
2026/09/22 22:54:47.077, 0, 73577, 97871, 1, 129.64
2026/09/22 22:54:47.077, 1, 73603, 97871, 42, 134.90
2026/09/22 22:54:47.077, 2, 73097, 97871, 0, 128.14
2026/09/22 22:54:47.077, 3, 73093, 97871, 96, 129.43
2026/09/22 22:54:47.277, 0, 73577, 97871, 0, 129.08
2026/09/22 22:54:47.277, 1, 73603, 97871, 0, 134.16
2026/09/22 22:54:47.277, 2, 73097, 97871, 0, 127.85
2026/09/22 22:54:47.277, 3, 73093, 97871, 0, 128.81
2026/09/22 22:54:47.477, 0, 73577, 97871, 0, 128.32
2026/09/22 22:54:47.477, 1, 73603, 97871, 0, 133.55
2026/09/22 22:54:47.477, 2, 73097, 97871, 0, 127.77
2026/09/22 22:54:47.477, 3, 73093, 97871, 0, 128.27
2026/09/22 22:54:47.677, 0, 73577, 97871, 0, 127.68
2026/09/22 22:54:47.677, 1, 73603, 97871, 0, 133.01
2026/09/22 22:54:47.677, 2, 73097, 97871, 0, 127.80
2026/09/22 22:54:47.677, 3, 73093, 97871, 0, 127.54
2026/09/22 22:54:47.877, 0, 73577, 97871, 0, 127.13
2026/09/22 22:54:47.877, 1, 73603, 97871, 0, 132.28
2026/09/22 22:54:47.877, 2, 73097, 97871, 0, 127.55
2026/09/22 22:54:47.877, 3, 73093, 97871, 0, 126.89
2026/09/22 22:54:48.078, 0, 73577, 97871, 0, 119.66
2026/09/22 22:54:48.078, 1, 73603, 97871, 0, 124.43
2026/09/22 22:54:48.078, 2, 73097, 97871, 0, 120.34
2026/09/22 22:54:48.078, 3, 73093, 97871, 0, 119.72
2026/09/22 22:54:48.278, 0, 73577, 97871, 0, 119.54
2026/09/22 22:54:48.278, 1, 73603, 97871, 0, 124.35
2026/09/22 22:54:48.278, 2, 73097, 97871, 0, 120.46
2026/09/22 22:54:48.278, 3, 73093, 97871, 0, 119.55
2026/09/22 22:54:48.478, 0, 73577, 97871, 0, 119.51
2026/09/22 22:54:48.478, 1, 73603, 97871, 0, 124.34
2026/09/22 22:54:48.478, 2, 73097, 97871, 0, 120.53
2026/09/22 22:54:48.478, 3, 73093, 97871, 0, 119.54
2026/09/22 22:54:48.678, 0, 79639, 97871, 100, 143.19
2026/09/22 22:54:48.678, 1, 79663, 97871, 48, 145.28
2026/09/22 22:54:48.678, 2, 79157, 97871, 100, 146.35
2026/09/22 22:54:48.678, 3, 79155, 97871, 0, 137.92
2026/09/22 22:54:48.878, 0, 79639, 97871, 100, 180.66
2026/09/22 22:54:48.878, 1, 79663, 97871, 100, 187.98
2026/09/22 22:54:48.878, 2, 79157, 97871, 100, 184.21
2026/09/22 22:54:48.878, 3, 79155, 97871, 100, 178.20
2026/09/22 22:54:49.078, 0, 79639, 97871, 100, 223.75
2026/09/22 22:54:49.078, 1, 79663, 97871, 100, 231.84
2026/09/22 22:54:49.078, 2, 79157, 97871, 100, 226.81
2026/09/22 22:54:49.078, 3, 79155, 97871, 100, 221.18
2026/09/22 22:54:49.278, 0, 79639, 97871, 100, 268.30
2026/09/22 22:54:49.278, 1, 79663, 97871, 100, 275.91
2026/09/22 22:54:49.278, 2, 79157, 97871, 100, 272.53
2026/09/22 22:54:49.278, 3, 79155, 97871, 100, 267.36
2026/09/22 22:54:49.479, 0, 79639, 97871, 100, 312.53
2026/09/22 22:54:49.479, 1, 79663, 97871, 100, 319.89
2026/09/22 22:54:49.479, 2, 79157, 97871, 100, 312.37
2026/09/22 22:54:49.479, 3, 79155, 97871, 100, 308.28
2026/09/22 22:54:49.679, 0, 79639, 97871, 100, 331.96
2026/09/22 22:54:49.679, 1, 79663, 97871, 100, 343.97
2026/09/22 22:54:49.679, 2, 79157, 97871, 100, 334.10
2026/09/22 22:54:49.679, 3, 79155, 97871, 100, 337.92
2026/09/22 22:54:49.879, 0, 79639, 97871, 100, 337.50
2026/09/22 22:54:49.879, 1, 79663, 97871, 100, 346.25
2026/09/22 22:54:49.879, 2, 79157, 97871, 100, 339.77
2026/09/22 22:54:49.879, 3, 79155, 97871, 100, 340.74
2026/09/22 22:54:50.079, 0, 79639, 97871, 100, 337.27
2026/09/22 22:54:50.079, 1, 79663, 97871, 100, 347.47
2026/09/22 22:54:50.079, 2, 79157, 97871, 100, 340.47
2026/09/22 22:54:50.079, 3, 79155, 97871, 100, 341.45
2026/09/22 22:54:50.279, 0, 79639, 97871, 100, 338.19
2026/09/22 22:54:50.279, 1, 79663, 97871, 100, 347.77
2026/09/22 22:54:50.279, 2, 79157, 97871, 100, 340.03
2026/09/22 22:54:50.279, 3, 79155, 97871, 100, 342.41
2026/09/22 22:54:50.479, 0, 79639, 97871, 100, 338.97
2026/09/22 22:54:50.479, 1, 79663, 97871, 100, 349.39
2026/09/22 22:54:50.479, 2, 79157, 97871, 100, 341.20
2026/09/22 22:54:50.479, 3, 79155, 97871, 100, 342.15
2026/09/22 22:54:50.679, 0, 79639, 97871, 100, 339.24
2026/09/22 22:54:50.680, 1, 79663, 97871, 100, 348.58
2026/09/22 22:54:50.680, 2, 79157, 97871, 100, 340.90
2026/09/22 22:54:50.680, 3, 79155, 97871, 100, 343.13
2026/09/22 22:54:50.880, 0, 81687, 97871, 100, 339.28
2026/09/22 22:54:50.880, 1, 81713, 97871, 100, 348.04
2026/09/22 22:54:50.880, 2, 81207, 97871, 100, 341.00
2026/09/22 22:54:50.880, 3, 81203, 97871, 100, 342.70
2026/09/22 22:54:51.080, 0, 81687, 97871, 100, 349.21
2026/09/22 22:54:51.080, 1, 81713, 97871, 100, 354.95
2026/09/22 22:54:51.080, 2, 81207, 97871, 100, 344.93
2026/09/22 22:54:51.080, 3, 81203, 97871, 97, 347.34
2026/09/22 22:54:51.280, 0, 81687, 97871, 100, 354.56
2026/09/22 22:54:51.280, 1, 81713, 97871, 100, 363.52
2026/09/22 22:54:51.280, 2, 81207, 97871, 100, 354.84
2026/09/22 22:54:51.280, 3, 81203, 97871, 100, 359.43
2026/09/22 22:54:51.480, 0, 81687, 97871, 100, 360.74
2026/09/22 22:54:51.480, 1, 81713, 97871, 100, 369.41
2026/09/22 22:54:51.480, 2, 81207, 97871, 100, 358.10
2026/09/22 22:54:51.480, 3, 81203, 97871, 100, 366.21
2026/09/22 22:54:51.680, 0, 81687, 97871, 100, 373.44
2026/09/22 22:54:51.680, 1, 81713, 97871, 100, 373.51
2026/09/22 22:54:51.680, 2, 81207, 97871, 100, 364.15
2026/09/22 22:54:51.680, 3, 81203, 97871, 100, 378.49
2026/09/22 22:54:51.880, 0, 81687, 97871, 100, 377.66
2026/09/22 22:54:51.880, 1, 81713, 97871, 100, 374.10
2026/09/22 22:54:51.880, 2, 81207, 97871, 100, 375.11
2026/09/22 22:54:51.880, 3, 81203, 97871, 100, 380.81
2026/09/22 22:54:52.080, 0, 81687, 97871, 100, 377.01
2026/09/22 22:54:52.081, 1, 81713, 97871, 100, 378.64
2026/09/22 22:54:52.081, 2, 81207, 97871, 100, 373.95
2026/09/22 22:54:52.081, 3, 81203, 97871, 100, 386.48
2026/09/22 22:54:52.281, 0, 81687, 97871, 100, 384.65
2026/09/22 22:54:52.281, 1, 81713, 97871, 100, 374.48
2026/09/22 22:54:52.281, 2, 81207, 97871, 100, 366.55
2026/09/22 22:54:52.281, 3, 81203, 97871, 100, 378.44
2026/09/22 22:54:52.481, 0, 81687, 97871, 100, 385.04
2026/09/22 22:54:52.481, 1, 81713, 97871, 100, 380.92
2026/09/22 22:54:52.481, 2, 81207, 97871, 100, 370.47
2026/09/22 22:54:52.481, 3, 81203, 97871, 100, 381.51
2026/09/22 22:54:52.681, 0, 81687, 97871, 100, 379.81
2026/09/22 22:54:52.681, 1, 81713, 97871, 100, 380.23
2026/09/22 22:54:52.681, 2, 81207, 97871, 100, 368.73
2026/09/22 22:54:52.681, 3, 81203, 97871, 100, 377.52
2026/09/22 22:54:52.881, 0, 81687, 97871, 100, 386.37
2026/09/22 22:54:52.881, 1, 81713, 97871, 100, 389.60
2026/09/22 22:54:52.881, 2, 81207, 97871, 100, 371.24
2026/09/22 22:54:52.881, 3, 81203, 97871, 100, 377.70
2026/09/22 22:54:53.081, 0, 81687, 97871, 100, 384.41
2026/09/22 22:54:53.082, 1, 81713, 97871, 100, 381.88
2026/09/22 22:54:53.082, 2, 81207, 97871, 100, 377.19
2026/09/22 22:54:53.082, 3, 81203, 97871, 100, 374.74
2026/09/22 22:54:53.282, 0, 81687, 97871, 100, 373.34
2026/09/22 22:54:53.282, 1, 81713, 97871, 100, 384.18
2026/09/22 22:54:53.282, 2, 81207, 97871, 100, 387.24
2026/09/22 22:54:53.282, 3, 81203, 97871, 100, 376.72
2026/09/22 22:54:53.482, 0, 81687, 97871, 78, 369.40
2026/09/22 22:54:53.482, 1, 81713, 97871, 100, 372.32
2026/09/22 22:54:53.482, 2, 81207, 97871, 72, 375.94
2026/09/22 22:54:53.482, 3, 81203, 97871, 100, 376.99
2026/09/22 22:54:53.682, 0, 81687, 97871, 0, 319.90
2026/09/22 22:54:53.682, 1, 81713, 97871, 0, 323.59
2026/09/22 22:54:53.682, 2, 81207, 97871, 0, 328.32
2026/09/22 22:54:53.682, 3, 81203, 97871, 23, 328.92
2026/09/22 22:54:53.882, 0, 81687, 97871, 0, 266.87
2026/09/22 22:54:53.882, 1, 81713, 97871, 0, 271.32
2026/09/22 22:54:53.882, 2, 81207, 97871, 0, 274.24
2026/09/22 22:54:53.882, 3, 81203, 97871, 0, 283.88
2026/09/22 22:54:54.082, 0, 81687, 97871, 0, 217.36
2026/09/22 22:54:54.083, 1, 81713, 97871, 0, 224.82
2026/09/22 22:54:54.083, 2, 81207, 97871, 0, 222.54
2026/09/22 22:54:54.083, 3, 81203, 97871, 0, 230.31
2026/09/22 22:54:54.283, 0, 81687, 97871, 0, 173.49
2026/09/22 22:54:54.283, 1, 81713, 97871, 0, 173.80
2026/09/22 22:54:54.283, 2, 81207, 97871, 0, 169.82
2026/09/22 22:54:54.283, 3, 81203, 97871, 0, 177.71
2026/09/22 22:54:54.483, 0, 81687, 97871, 0, 125.13
2026/09/22 22:54:54.483, 1, 81713, 97871, 0, 127.99
2026/09/22 22:54:54.483, 2, 81207, 97871, 0, 123.64
2026/09/22 22:54:54.483, 3, 81203, 97871, 0, 123.51
2026/09/22 22:54:54.683, 0, 81687, 97871, 0, 121.37
2026/09/22 22:54:54.683, 1, 81713, 97871, 0, 126.11
2026/09/22 22:54:54.683, 2, 81207, 97871, 0, 121.79
2026/09/22 22:54:54.683, 3, 81203, 97871, 0, 120.48
2026/09/22 22:54:54.884, 0, 81687, 97871, 0, 121.06
2026/09/22 22:54:54.884, 1, 81713, 97871, 0, 125.83
2026/09/22 22:54:54.884, 2, 81207, 97871, 0, 121.55
2026/09/22 22:54:54.884, 3, 81203, 97871, 0, 120.36
2026/09/22 22:54:55.084, 0, 81687, 97871, 99, 142.07
2026/09/22 22:54:55.084, 1, 81713, 97871, 60, 148.26
2026/09/22 22:54:55.084, 2, 81207, 97871, 100, 149.52
2026/09/22 22:54:55.084, 3, 81203, 97871, 0, 144.15
2026/09/22 22:54:55.284, 0, 81687, 97871, 100, 183.47
2026/09/22 22:54:55.284, 1, 81713, 97871, 100, 190.96
2026/09/22 22:54:55.284, 2, 81207, 97871, 100, 191.06
2026/09/22 22:54:55.284, 3, 81203, 97871, 100, 182.21
2026/09/22 22:54:55.484, 0, 81687, 97871, 100, 228.80
2026/09/22 22:54:55.484, 1, 81713, 97871, 100, 235.32
2026/09/22 22:54:55.484, 2, 81207, 97871, 100, 235.69
2026/09/22 22:54:55.484, 3, 81203, 97871, 100, 228.09
2026/09/22 22:54:55.685, 0, 81687, 97871, 100, 270.38
2026/09/22 22:54:55.685, 1, 81713, 97871, 100, 282.65
2026/09/22 22:54:55.685, 2, 81207, 97871, 100, 279.10
2026/09/22 22:54:55.685, 3, 81203, 97871, 100, 270.65
2026/09/22 22:54:55.885, 0, 81687, 97871, 100, 312.74
2026/09/22 22:54:55.885, 1, 81713, 97871, 100, 323.23
2026/09/22 22:54:55.885, 2, 81207, 97871, 100, 323.68
2026/09/22 22:54:55.885, 3, 81203, 97871, 100, 313.94
2026/09/22 22:54:56.085, 0, 81687, 97871, 100, 339.23
2026/09/22 22:54:56.085, 1, 81713, 97871, 100, 348.63
2026/09/22 22:54:56.085, 2, 81207, 97871, 100, 340.21
2026/09/22 22:54:56.085, 3, 81203, 97871, 100, 338.04
2026/09/22 22:54:56.285, 0, 81687, 97871, 100, 341.66
2026/09/22 22:54:56.285, 1, 81713, 97871, 100, 352.01
2026/09/22 22:54:56.285, 2, 81207, 97871, 100, 343.43
2026/09/22 22:54:56.285, 3, 81203, 97871, 100, 344.48
2026/09/22 22:54:56.485, 0, 81687, 97871, 100, 342.08
2026/09/22 22:54:56.485, 1, 81713, 97871, 100, 351.94
2026/09/22 22:54:56.485, 2, 81207, 97871, 100, 343.13
2026/09/22 22:54:56.485, 3, 81203, 97871, 100, 345.07
2026/09/22 22:54:56.685, 0, 81687, 97871, 100, 342.09
2026/09/22 22:54:56.685, 1, 81713, 97871, 100, 351.06
2026/09/22 22:54:56.685, 2, 81207, 97871, 100, 344.21
2026/09/22 22:54:56.685, 3, 81203, 97871, 100, 345.64
2026/09/22 22:54:56.885, 0, 81687, 97871, 100, 343.44
2026/09/22 22:54:56.885, 1, 81713, 97871, 100, 352.43
2026/09/22 22:54:56.886, 2, 81207, 97871, 100, 344.07
2026/09/22 22:54:56.886, 3, 81203, 97871, 100, 346.88
2026/09/22 22:54:57.086, 0, 81687, 97871, 100, 343.53
2026/09/22 22:54:57.086, 1, 81713, 97871, 100, 353.13
2026/09/22 22:54:57.086, 2, 81207, 97871, 100, 343.31
2026/09/22 22:54:57.086, 3, 81203, 97871, 100, 347.06
2026/09/22 22:54:57.286, 0, 81687, 97871, 100, 353.06
2026/09/22 22:54:57.286, 1, 81713, 97871, 97, 356.83
2026/09/22 22:54:57.286, 2, 81207, 97871, 100, 348.19
2026/09/22 22:54:57.286, 3, 81203, 97871, 100, 350.25
2026/09/22 22:54:57.486, 0, 81687, 97871, 100, 362.18
2026/09/22 22:54:57.486, 1, 81713, 97871, 100, 362.42
2026/09/22 22:54:57.486, 2, 81207, 97871, 100, 354.88
2026/09/22 22:54:57.486, 3, 81203, 97871, 100, 361.84
2026/09/22 22:54:57.686, 0, 81687, 97871, 100, 370.65
2026/09/22 22:54:57.686, 1, 81713, 97871, 100, 370.23
2026/09/22 22:54:57.686, 2, 81207, 97871, 100, 363.81
2026/09/22 22:54:57.686, 3, 81203, 97871, 100, 365.85
2026/09/22 22:54:57.886, 0, 81687, 97871, 100, 383.11
2026/09/22 22:54:57.887, 1, 81713, 97871, 100, 373.52
2026/09/22 22:54:57.887, 2, 81207, 97871, 100, 368.26
2026/09/22 22:54:57.887, 3, 81203, 97871, 100, 374.77
2026/09/22 22:54:58.087, 0, 81687, 97871, 100, 388.59
2026/09/22 22:54:58.087, 1, 81713, 97871, 100, 374.86
2026/09/22 22:54:58.087, 2, 81207, 97871, 100, 373.38
2026/09/22 22:54:58.087, 3, 81203, 97871, 100, 380.54
2026/09/22 22:54:58.287, 0, 81687, 97871, 100, 382.07
2026/09/22 22:54:58.287, 1, 81713, 97871, 100, 381.20
2026/09/22 22:54:58.287, 2, 81207, 97871, 100, 373.78
2026/09/22 22:54:58.287, 3, 81203, 97871, 100, 384.95
2026/09/22 22:54:58.487, 0, 81687, 97871, 100, 382.91
2026/09/22 22:54:58.487, 1, 81713, 97871, 100, 385.29
2026/09/22 22:54:58.487, 2, 81207, 97871, 100, 373.17
2026/09/22 22:54:58.487, 3, 81203, 97871, 100, 380.47
2026/09/22 22:54:58.687, 0, 81687, 97871, 100, 379.29
2026/09/22 22:54:58.687, 1, 81713, 97871, 100, 386.41
2026/09/22 22:54:58.687, 2, 81207, 97871, 100, 373.08
2026/09/22 22:54:58.687, 3, 81203, 97871, 100, 382.37
2026/09/22 22:54:58.887, 0, 81687, 97871, 100, 377.24
2026/09/22 22:54:58.888, 1, 81713, 97871, 100, 388.93
2026/09/22 22:54:58.888, 2, 81207, 97871, 100, 377.95
2026/09/22 22:54:58.888, 3, 81203, 97871, 100, 377.41
2026/09/22 22:54:59.088, 0, 81687, 97871, 100, 377.78
2026/09/22 22:54:59.088, 1, 81713, 97871, 100, 390.70
2026/09/22 22:54:59.088, 2, 81207, 97871, 100, 378.84
2026/09/22 22:54:59.088, 3, 81203, 97871, 100, 380.08
2026/09/22 22:54:59.288, 0, 81687, 97871, 100, 379.40
2026/09/22 22:54:59.288, 1, 81713, 97871, 100, 387.48
2026/09/22 22:54:59.288, 2, 81207, 97871, 100, 381.93
2026/09/22 22:54:59.288, 3, 81203, 97871, 100, 379.17
2026/09/22 22:54:59.488, 0, 81687, 97871, 10, 359.21
2026/09/22 22:54:59.488, 1, 81713, 97871, 64, 360.73
2026/09/22 22:54:59.488, 2, 81207, 97871, 4, 360.56
2026/09/22 22:54:59.488, 3, 81203, 97871, 100, 363.30
2026/09/22 22:54:59.688, 0, 81687, 97871, 0, 310.83
2026/09/22 22:54:59.688, 1, 81713, 97871, 0, 306.81
2026/09/22 22:54:59.688, 2, 81207, 97871, 0, 306.82
2026/09/22 22:54:59.688, 3, 81203, 97871, 0, 310.29
2026/09/22 22:54:59.888, 0, 81687, 97871, 0, 253.89
2026/09/22 22:54:59.889, 1, 81713, 97871, 0, 255.99
2026/09/22 22:54:59.889, 2, 81207, 97871, 0, 255.01
2026/09/22 22:54:59.889, 3, 81203, 97871, 0, 264.76
2026/09/22 22:55:00.089, 0, 81687, 97871, 0, 208.53
2026/09/22 22:55:00.089, 1, 81713, 97871, 0, 207.89
2026/09/22 22:55:00.089, 2, 81207, 97871, 0, 206.28
2026/09/22 22:55:00.089, 3, 81203, 97871, 0, 212.57
2026/09/22 22:55:00.289, 0, 81687, 97871, 0, 156.81
2026/09/22 22:55:00.289, 1, 81713, 97871, 0, 160.07
2026/09/22 22:55:00.289, 2, 81207, 97871, 0, 151.61
2026/09/22 22:55:00.289, 3, 81203, 97871, 0, 158.65
2026/09/22 22:55:00.489, 0, 81687, 97871, 45, 127.52
2026/09/22 22:55:00.489, 1, 81713, 97871, 0, 134.11
2026/09/22 22:55:00.489, 2, 81207, 97871, 63, 138.52
2026/09/22 22:55:00.489, 3, 81203, 97871, 0, 130.84
2026/09/22 22:55:00.689, 0, 81687, 97871, 100, 172.05
2026/09/22 22:55:00.689, 1, 81713, 97871, 100, 178.94
2026/09/22 22:55:00.689, 2, 81207, 97871, 100, 179.42
2026/09/22 22:55:00.689, 3, 81203, 97871, 100, 169.98
2026/09/22 22:55:00.890, 0, 81687, 97871, 100, 214.58
2026/09/22 22:55:00.890, 1, 81713, 97871, 100, 222.18
2026/09/22 22:55:00.890, 2, 81207, 97871, 100, 223.07
2026/09/22 22:55:00.890, 3, 81203, 97871, 100, 214.67
2026/09/22 22:55:01.090, 0, 81687, 97871, 100, 260.90
2026/09/22 22:55:01.090, 1, 81713, 97871, 100, 265.96
2026/09/22 22:55:01.090, 2, 81207, 97871, 100, 266.91
2026/09/22 22:55:01.090, 3, 81203, 97871, 100, 256.87
2026/09/22 22:55:01.290, 0, 81687, 97871, 100, 301.48
2026/09/22 22:55:01.290, 1, 81713, 97871, 100, 309.71
2026/09/22 22:55:01.290, 2, 81207, 97871, 100, 307.96
2026/09/22 22:55:01.290, 3, 81203, 97871, 100, 300.61
2026/09/22 22:55:01.490, 0, 81687, 97871, 100, 344.74
2026/09/22 22:55:01.490, 1, 81713, 97871, 100, 352.41
2026/09/22 22:55:01.490, 2, 81207, 97871, 100, 339.79
2026/09/22 22:55:01.490, 3, 81203, 97871, 100, 339.39
2026/09/22 22:55:01.690, 0, 81687, 97871, 100, 344.39
2026/09/22 22:55:01.690, 1, 81713, 97871, 100, 351.46
2026/09/22 22:55:01.690, 2, 81207, 97871, 100, 342.54
2026/09/22 22:55:01.690, 3, 81203, 97871, 100, 345.85
2026/09/22 22:55:01.890, 0, 81687, 97871, 100, 344.02
2026/09/22 22:55:01.890, 1, 81713, 97871, 100, 350.81
2026/09/22 22:55:01.890, 2, 81207, 97871, 100, 343.15
2026/09/22 22:55:01.890, 3, 81203, 97871, 100, 345.30
2026/09/22 22:55:02.090, 0, 81687, 97871, 100, 344.10
2026/09/22 22:55:02.091, 1, 81713, 97871, 100, 350.74
2026/09/22 22:55:02.091, 2, 81207, 97871, 100, 344.76
2026/09/22 22:55:02.091, 3, 81203, 97871, 100, 345.38
2026/09/22 22:55:02.291, 0, 81687, 97871, 100, 345.32
2026/09/22 22:55:02.291, 1, 81713, 97871, 100, 352.01
2026/09/22 22:55:02.291, 2, 81207, 97871, 100, 344.07
2026/09/22 22:55:02.291, 3, 81203, 97871, 100, 345.92
2026/09/22 22:55:02.491, 0, 81687, 97871, 100, 345.16
2026/09/22 22:55:02.491, 1, 81713, 97871, 100, 351.97
2026/09/22 22:55:02.491, 2, 81207, 97871, 100, 344.82
2026/09/22 22:55:02.491, 3, 81203, 97871, 100, 346.08
2026/09/22 22:55:02.691, 0, 81687, 97871, 98, 345.83
2026/09/22 22:55:02.691, 1, 81713, 97871, 100, 352.99
2026/09/22 22:55:02.691, 2, 81207, 97871, 98, 346.56
2026/09/22 22:55:02.691, 3, 81203, 97871, 100, 345.58
2026/09/22 22:55:02.891, 0, 81687, 97871, 100, 357.28
2026/09/22 22:55:02.891, 1, 81713, 97871, 100, 361.55
2026/09/22 22:55:02.891, 2, 81207, 97871, 100, 352.40
2026/09/22 22:55:02.891, 3, 81203, 97871, 98, 355.89
2026/09/22 22:55:03.091, 0, 81687, 97871, 100, 363.39
2026/09/22 22:55:03.092, 1, 81713, 97871, 100, 368.01
2026/09/22 22:55:03.092, 2, 81207, 97871, 100, 356.89
2026/09/22 22:55:03.092, 3, 81203, 97871, 100, 362.59
2026/09/22 22:55:03.292, 0, 81687, 97871, 100, 374.78
2026/09/22 22:55:03.292, 1, 81713, 97871, 100, 376.15
2026/09/22 22:55:03.292, 2, 81207, 97871, 100, 365.11
2026/09/22 22:55:03.292, 3, 81203, 97871, 100, 368.92
2026/09/22 22:55:03.492, 0, 81687, 97871, 100, 378.06
2026/09/22 22:55:03.492, 1, 81713, 97871, 100, 372.25
2026/09/22 22:55:03.492, 2, 81207, 97871, 100, 370.14
2026/09/22 22:55:03.492, 3, 81203, 97871, 100, 374.30
2026/09/22 22:55:03.692, 0, 81687, 97871, 100, 384.13
2026/09/22 22:55:03.692, 1, 81713, 97871, 100, 381.44
2026/09/22 22:55:03.692, 2, 81207, 97871, 100, 374.24
2026/09/22 22:55:03.692, 3, 81203, 97871, 100, 379.56
2026/09/22 22:55:03.892, 0, 81687, 97871, 100, 385.01
2026/09/22 22:55:03.892, 1, 81713, 97871, 100, 378.83
2026/09/22 22:55:03.892, 2, 81207, 97871, 100, 370.24
2026/09/22 22:55:03.892, 3, 81203, 97871, 100, 375.23
2026/09/22 22:55:04.093, 0, 81687, 97871, 100, 387.62
2026/09/22 22:55:04.093, 1, 81713, 97871, 100, 383.80
2026/09/22 22:55:04.093, 2, 81207, 97871, 100, 373.26
2026/09/22 22:55:04.093, 3, 81203, 97871, 100, 376.78
2026/09/22 22:55:04.293, 0, 81687, 97871, 100, 379.13
2026/09/22 22:55:04.293, 1, 81713, 97871, 100, 379.73
2026/09/22 22:55:04.293, 2, 81207, 97871, 100, 372.40
2026/09/22 22:55:04.293, 3, 81203, 97871, 100, 379.46
2026/09/22 22:55:04.493, 0, 81687, 97871, 100, 380.92
2026/09/22 22:55:04.493, 1, 81713, 97871, 100, 388.78
2026/09/22 22:55:04.493, 2, 81207, 97871, 100, 373.18
2026/09/22 22:55:04.493, 3, 81203, 97871, 100, 377.78
2026/09/22 22:55:04.693, 0, 81687, 97871, 100, 379.23
2026/09/22 22:55:04.693, 1, 81713, 97871, 100, 383.40
2026/09/22 22:55:04.693, 2, 81207, 97871, 100, 372.88
2026/09/22 22:55:04.693, 3, 81203, 97871, 100, 378.99
2026/09/22 22:55:04.893, 0, 81687, 97871, 100, 373.29
2026/09/22 22:55:04.893, 1, 81713, 97871, 100, 384.28
2026/09/22 22:55:04.893, 2, 81207, 97871, 100, 380.29
2026/09/22 22:55:04.893, 3, 81203, 97871, 100, 379.72
2026/09/22 22:55:05.093, 0, 81687, 97871, 0, 350.42
2026/09/22 22:55:05.093, 1, 81713, 97871, 47, 348.47
2026/09/22 22:55:05.094, 2, 81207, 97871, 0, 352.16
2026/09/22 22:55:05.094, 3, 81203, 97871, 100, 359.71
2026/09/22 22:55:05.294, 0, 81687, 97871, 0, 300.13
2026/09/22 22:55:05.294, 1, 81713, 97871, 0, 302.47
2026/09/22 22:55:05.294, 2, 81207, 97871, 0, 302.07
2026/09/22 22:55:05.294, 3, 81203, 97871, 0, 306.09
2026/09/22 22:55:05.494, 0, 81687, 97871, 0, 248.17
2026/09/22 22:55:05.494, 1, 81713, 97871, 0, 252.51
2026/09/22 22:55:05.494, 2, 81207, 97871, 0, 253.79
2026/09/22 22:55:05.494, 3, 81203, 97871, 0, 257.41
2026/09/22 22:55:05.694, 0, 81687, 97871, 0, 199.37
2026/09/22 22:55:05.694, 1, 81713, 97871, 0, 200.65
2026/09/22 22:55:05.694, 2, 81207, 97871, 0, 203.94
2026/09/22 22:55:05.694, 3, 81203, 97871, 0, 205.57
2026/09/22 22:55:05.894, 0, 81687, 97871, 0, 156.98
2026/09/22 22:55:05.894, 1, 81713, 97871, 0, 150.27
2026/09/22 22:55:05.894, 2, 81207, 97871, 0, 152.06
2026/09/22 22:55:05.894, 3, 81203, 97871, 0, 153.04
2026/09/22 22:55:06.095, 0, 81687, 97871, 0, 122.88
2026/09/22 22:55:06.095, 1, 81713, 97871, 0, 127.87
2026/09/22 22:55:06.095, 2, 81207, 97871, 0, 123.29
2026/09/22 22:55:06.095, 3, 81203, 97871, 0, 121.55
2026/09/22 22:55:06.295, 0, 81687, 97871, 100, 149.84
2026/09/22 22:55:06.295, 1, 81713, 97871, 99, 158.17
2026/09/22 22:55:06.295, 2, 81207, 97871, 100, 157.22
2026/09/22 22:55:06.295, 3, 81203, 97871, 17, 151.93
2026/09/22 22:55:06.495, 0, 81687, 97871, 100, 192.77
2026/09/22 22:55:06.495, 1, 81713, 97871, 100, 199.72
2026/09/22 22:55:06.495, 2, 81207, 97871, 100, 200.19
2026/09/22 22:55:06.495, 3, 81203, 97871, 100, 191.81
2026/09/22 22:55:06.695, 0, 81687, 97871, 100, 236.21
2026/09/22 22:55:06.695, 1, 81713, 97871, 100, 245.70
2026/09/22 22:55:06.695, 2, 81207, 97871, 100, 243.52
2026/09/22 22:55:06.695, 3, 81203, 97871, 100, 236.07
2026/09/22 22:55:06.895, 0, 81687, 97871, 100, 282.28
2026/09/22 22:55:06.895, 1, 81713, 97871, 100, 286.98
2026/09/22 22:55:06.895, 2, 81207, 97871, 100, 286.82
2026/09/22 22:55:06.895, 3, 81203, 97871, 100, 279.82
2026/09/22 22:55:07.095, 0, 81687, 97871, 100, 321.90
2026/09/22 22:55:07.096, 1, 81713, 97871, 100, 330.47
2026/09/22 22:55:07.096, 2, 81207, 97871, 100, 331.11
2026/09/22 22:55:07.096, 3, 81203, 97871, 100, 327.88
2026/09/22 22:55:07.296, 0, 81687, 97871, 100, 341.41
2026/09/22 22:55:07.296, 1, 81713, 97871, 100, 348.48
2026/09/22 22:55:07.296, 2, 81207, 97871, 100, 340.32
2026/09/22 22:55:07.296, 3, 81203, 97871, 100, 341.77
2026/09/22 22:55:07.496, 0, 81687, 97871, 100, 343.39
2026/09/22 22:55:07.496, 1, 81713, 97871, 100, 351.52
2026/09/22 22:55:07.496, 2, 81207, 97871, 100, 343.32
2026/09/22 22:55:07.496, 3, 81203, 97871, 100, 346.05
2026/09/22 22:55:07.696, 0, 81687, 97871, 100, 344.24
2026/09/22 22:55:07.696, 1, 81713, 97871, 100, 352.03
2026/09/22 22:55:07.696, 2, 81207, 97871, 100, 344.24
2026/09/22 22:55:07.696, 3, 81203, 97871, 100, 346.52
2026/09/22 22:55:07.896, 0, 81687, 97871, 100, 344.89
2026/09/22 22:55:07.896, 1, 81713, 97871, 100, 352.08
2026/09/22 22:55:07.896, 2, 81207, 97871, 100, 345.47
2026/09/22 22:55:07.896, 3, 81203, 97871, 100, 347.44
2026/09/22 22:55:08.096, 0, 81687, 97871, 100, 345.54
2026/09/22 22:55:08.096, 1, 81713, 97871, 100, 353.13
2026/09/22 22:55:08.096, 2, 81207, 97871, 100, 345.53
2026/09/22 22:55:08.096, 3, 81203, 97871, 100, 347.05
2026/09/22 22:55:08.296, 0, 81687, 97871, 100, 345.85
2026/09/22 22:55:08.296, 1, 81713, 97871, 100, 352.88
2026/09/22 22:55:08.296, 2, 81207, 97871, 100, 345.99
2026/09/22 22:55:08.296, 3, 81203, 97871, 100, 348.03
2026/09/22 22:55:08.497, 0, 81687, 97871, 97, 349.76
2026/09/22 22:55:08.497, 1, 81713, 97871, 97, 356.85
2026/09/22 22:55:08.497, 2, 81207, 97871, 97, 348.65
2026/09/22 22:55:08.497, 3, 81203, 97871, 100, 351.23
2026/09/22 22:55:08.697, 0, 81687, 97871, 100, 359.25
2026/09/22 22:55:08.697, 1, 81713, 97871, 100, 363.55
2026/09/22 22:55:08.697, 2, 81207, 97871, 100, 354.62
2026/09/22 22:55:08.697, 3, 81203, 97871, 100, 360.42
2026/09/22 22:55:08.897, 0, 81687, 97871, 100, 369.93
2026/09/22 22:55:08.897, 1, 81713, 97871, 100, 369.16
2026/09/22 22:55:08.897, 2, 81207, 97871, 100, 361.43
2026/09/22 22:55:08.897, 3, 81203, 97871, 100, 367.92
2026/09/22 22:55:09.097, 0, 81687, 97871, 100, 376.76
2026/09/22 22:55:09.097, 1, 81713, 97871, 100, 372.56
2026/09/22 22:55:09.097, 2, 81207, 97871, 100, 369.52
2026/09/22 22:55:09.097, 3, 81203, 97871, 100, 372.12
2026/09/22 22:55:09.298, 0, 81687, 97871, 100, 386.00
2026/09/22 22:55:09.298, 1, 81713, 97871, 100, 379.96
2026/09/22 22:55:09.298, 2, 81207, 97871, 100, 374.43
2026/09/22 22:55:09.298, 3, 81203, 97871, 100, 378.33
2026/09/22 22:55:09.498, 0, 81687, 97871, 100, 387.38
2026/09/22 22:55:09.498, 1, 81713, 97871, 100, 381.15
2026/09/22 22:55:09.498, 2, 81207, 97871, 100, 381.52
2026/09/22 22:55:09.498, 3, 81203, 97871, 100, 385.45
2026/09/22 22:55:09.698, 0, 81687, 97871, 100, 380.46
2026/09/22 22:55:09.698, 1, 81713, 97871, 100, 379.99
2026/09/22 22:55:09.698, 2, 81207, 97871, 100, 382.72
2026/09/22 22:55:09.698, 3, 81203, 97871, 100, 376.20
2026/09/22 22:55:09.898, 0, 81687, 97871, 100, 372.30
2026/09/22 22:55:09.898, 1, 81713, 97871, 100, 381.07
2026/09/22 22:55:09.898, 2, 81207, 97871, 100, 380.32
2026/09/22 22:55:09.898, 3, 81203, 97871, 100, 378.06
2026/09/22 22:55:10.098, 0, 81687, 97871, 0, 349.00
2026/09/22 22:55:10.098, 1, 81713, 97871, 37, 355.34
2026/09/22 22:55:10.098, 2, 81207, 97871, 0, 348.96
2026/09/22 22:55:10.098, 3, 81203, 97871, 100, 358.58
2026/09/22 22:55:10.298, 0, 81687, 97871, 0, 298.99
2026/09/22 22:55:10.298, 1, 81713, 97871, 0, 303.57
2026/09/22 22:55:10.298, 2, 81207, 97871, 0, 301.16
2026/09/22 22:55:10.299, 3, 81203, 97871, 0, 307.64
2026/09/22 22:55:10.499, 0, 81687, 97871, 0, 247.76
2026/09/22 22:55:10.499, 1, 81713, 97871, 0, 254.76
2026/09/22 22:55:10.499, 2, 81207, 97871, 0, 246.48
2026/09/22 22:55:10.499, 3, 81203, 97871, 0, 256.00
2026/09/22 22:55:10.699, 0, 81687, 97871, 0, 202.17
2026/09/22 22:55:10.699, 1, 81713, 97871, 0, 205.90
2026/09/22 22:55:10.699, 2, 81207, 97871, 0, 196.87
2026/09/22 22:55:10.699, 3, 81203, 97871, 0, 207.18
2026/09/22 22:55:10.899, 0, 81687, 97871, 0, 154.84
2026/09/22 22:55:10.899, 1, 81713, 97871, 0, 155.88
2026/09/22 22:55:10.899, 2, 81207, 97871, 0, 147.60
2026/09/22 22:55:10.899, 3, 81203, 97871, 0, 151.83
2026/09/22 22:55:11.099, 0, 81687, 97871, 0, 123.34
2026/09/22 22:55:11.099, 1, 81713, 97871, 0, 128.40
2026/09/22 22:55:11.100, 2, 81207, 97871, 0, 123.74
2026/09/22 22:55:11.100, 3, 81203, 97871, 0, 121.90
2026/09/22 22:55:11.300, 0, 81687, 97871, 100, 144.72
2026/09/22 22:55:11.300, 1, 81713, 97871, 56, 150.12
2026/09/22 22:55:11.300, 2, 81207, 97871, 100, 150.39
2026/09/22 22:55:11.300, 3, 81203, 97871, 1, 144.50
2026/09/22 22:55:11.500, 0, 81687, 97871, 100, 187.24
2026/09/22 22:55:11.500, 1, 81713, 97871, 100, 196.69
2026/09/22 22:55:11.500, 2, 81207, 97871, 100, 194.97
2026/09/22 22:55:11.500, 3, 81203, 97871, 100, 183.74
2026/09/22 22:55:11.700, 0, 81687, 97871, 100, 230.71
2026/09/22 22:55:11.700, 1, 81713, 97871, 100, 240.36
2026/09/22 22:55:11.700, 2, 81207, 97871, 100, 241.71
2026/09/22 22:55:11.700, 3, 81203, 97871, 100, 229.72
2026/09/22 22:55:11.900, 0, 81687, 97871, 100, 273.79
2026/09/22 22:55:11.900, 1, 81713, 97871, 100, 285.95
2026/09/22 22:55:11.900, 2, 81207, 97871, 100, 288.25
2026/09/22 22:55:11.900, 3, 81203, 97871, 100, 273.98
2026/09/22 22:55:12.100, 0, 81687, 97871, 100, 317.50
2026/09/22 22:55:12.100, 1, 81713, 97871, 100, 335.28
2026/09/22 22:55:12.100, 2, 81207, 97871, 100, 330.12
2026/09/22 22:55:12.100, 3, 81203, 97871, 100, 319.05
2026/09/22 22:55:12.301, 0, 81687, 97871, 100, 338.89
2026/09/22 22:55:12.301, 1, 81713, 97871, 100, 359.54
2026/09/22 22:55:12.301, 2, 81207, 97871, 100, 353.66
2026/09/22 22:55:12.301, 3, 81203, 97871, 100, 340.46
2026/09/22 22:55:12.501, 0, 81687, 97871, 100, 339.94
2026/09/22 22:55:12.501, 1, 81713, 97871, 100, 359.90
2026/09/22 22:55:12.501, 2, 81207, 97871, 100, 353.60
2026/09/22 22:55:12.501, 3, 81203, 97871, 100, 346.01
2026/09/22 22:55:12.701, 0, 81687, 97871, 100, 339.67
2026/09/22 22:55:12.701, 1, 81713, 97871, 100, 359.96
2026/09/22 22:55:12.701, 2, 81207, 97871, 100, 354.41
2026/09/22 22:55:12.701, 3, 81203, 97871, 100, 346.40
2026/09/22 22:55:12.901, 0, 81687, 97871, 100, 340.47
2026/09/22 22:55:12.901, 1, 81713, 97871, 100, 359.04
2026/09/22 22:55:12.901, 2, 81207, 97871, 100, 353.89
2026/09/22 22:55:12.901, 3, 81203, 97871, 100, 347.98
2026/09/22 22:55:13.101, 0, 81687, 97871, 100, 340.13
2026/09/22 22:55:13.101, 1, 81713, 97871, 100, 357.97
2026/09/22 22:55:13.101, 2, 81207, 97871, 100, 353.12
2026/09/22 22:55:13.101, 3, 81203, 97871, 100, 348.19
2026/09/22 22:55:13.301, 0, 81687, 97871, 99, 345.69
2026/09/22 22:55:13.301, 1, 81713, 97871, 98, 361.23
2026/09/22 22:55:13.301, 2, 81207, 97871, 100, 352.43
2026/09/22 22:55:13.301, 3, 81203, 97871, 100, 351.62
2026/09/22 22:55:13.502, 0, 81687, 97871, 100, 356.63
2026/09/22 22:55:13.502, 1, 81713, 97871, 100, 366.58
2026/09/22 22:55:13.502, 2, 81207, 97871, 100, 358.08
2026/09/22 22:55:13.502, 3, 81203, 97871, 100, 357.95
2026/09/22 22:55:13.702, 0, 81687, 97871, 100, 364.34
2026/09/22 22:55:13.702, 1, 81713, 97871, 100, 366.50
2026/09/22 22:55:13.702, 2, 81207, 97871, 100, 362.25
2026/09/22 22:55:13.702, 3, 81203, 97871, 100, 363.83
2026/09/22 22:55:13.902, 0, 81687, 97871, 100, 371.53
2026/09/22 22:55:13.902, 1, 81713, 97871, 100, 374.41
2026/09/22 22:55:13.902, 2, 81207, 97871, 100, 363.35
2026/09/22 22:55:13.902, 3, 81203, 97871, 100, 370.50
2026/09/22 22:55:14.102, 0, 81687, 97871, 100, 377.97
2026/09/22 22:55:14.102, 1, 81713, 97871, 100, 381.01
2026/09/22 22:55:14.102, 2, 81207, 97871, 100, 371.00
2026/09/22 22:55:14.102, 3, 81203, 97871, 100, 377.86
2026/09/22 22:55:14.302, 0, 81687, 97871, 100, 378.13
2026/09/22 22:55:14.302, 1, 81713, 97871, 100, 382.24
2026/09/22 22:55:14.302, 2, 81207, 97871, 100, 379.36
2026/09/22 22:55:14.302, 3, 81203, 97871, 100, 383.26
2026/09/22 22:55:14.502, 0, 81687, 97871, 51, 359.67
2026/09/22 22:55:14.503, 1, 81713, 97871, 100, 367.32
2026/09/22 22:55:14.503, 2, 81207, 97871, 45, 364.61
2026/09/22 22:55:14.503, 3, 81203, 97871, 100, 375.45
2026/09/22 22:55:14.703, 0, 81687, 97871, 0, 309.74
2026/09/22 22:55:14.703, 1, 81713, 97871, 0, 322.63
2026/09/22 22:55:14.703, 2, 81207, 97871, 0, 315.36
2026/09/22 22:55:14.703, 3, 81203, 97871, 0, 325.85
2026/09/22 22:55:14.903, 0, 81687, 97871, 0, 260.79
2026/09/22 22:55:14.903, 1, 81713, 97871, 0, 273.39
2026/09/22 22:55:14.903, 2, 81207, 97871, 0, 270.33
2026/09/22 22:55:14.903, 3, 81203, 97871, 0, 275.84
2026/09/22 22:55:15.103, 0, 81687, 97871, 0, 208.24
2026/09/22 22:55:15.103, 1, 81713, 97871, 0, 219.15
2026/09/22 22:55:15.103, 2, 81207, 97871, 0, 215.83
2026/09/22 22:55:15.103, 3, 81203, 97871, 0, 222.95
2026/09/22 22:55:15.303, 0, 81687, 97871, 0, 158.14
2026/09/22 22:55:15.303, 1, 81713, 97871, 0, 169.69
2026/09/22 22:55:15.304, 2, 81207, 97871, 0, 167.02
2026/09/22 22:55:15.304, 3, 81203, 97871, 0, 173.40
2026/09/22 22:55:15.504, 0, 81687, 97871, 0, 123.66
2026/09/22 22:55:15.504, 1, 81713, 97871, 0, 128.96
2026/09/22 22:55:15.504, 2, 81207, 97871, 0, 124.59
2026/09/22 22:55:15.504, 3, 81203, 97871, 0, 124.83
2026/09/22 22:55:15.704, 0, 81687, 97871, 71, 141.17
2026/09/22 22:55:15.704, 1, 81713, 97871, 0, 142.77
2026/09/22 22:55:15.704, 2, 81207, 97871, 69, 141.48
2026/09/22 22:55:15.704, 3, 81203, 97871, 0, 133.15
2026/09/22 22:55:15.904, 0, 81687, 97871, 100, 180.44
2026/09/22 22:55:15.904, 1, 81713, 97871, 100, 185.36
2026/09/22 22:55:15.904, 2, 81207, 97871, 100, 181.64
2026/09/22 22:55:15.904, 3, 81203, 97871, 100, 173.40
2026/09/22 22:55:16.104, 0, 81687, 97871, 100, 224.55
2026/09/22 22:55:16.104, 1, 81713, 97871, 100, 228.24
2026/09/22 22:55:16.104, 2, 81207, 97871, 100, 224.97
2026/09/22 22:55:16.104, 3, 81203, 97871, 100, 216.52
2026/09/22 22:55:16.304, 0, 81687, 97871, 100, 265.56
2026/09/22 22:55:16.304, 1, 81713, 97871, 100, 271.43
2026/09/22 22:55:16.304, 2, 81207, 97871, 100, 269.01
2026/09/22 22:55:16.304, 3, 81203, 97871, 100, 263.47
2026/09/22 22:55:16.504, 0, 81687, 97871, 100, 309.14
2026/09/22 22:55:16.504, 1, 81713, 97871, 100, 319.20
2026/09/22 22:55:16.504, 2, 81207, 97871, 100, 313.49
2026/09/22 22:55:16.504, 3, 81203, 97871, 100, 307.84
2026/09/22 22:55:16.704, 0, 81687, 97871, 100, 339.89
2026/09/22 22:55:16.705, 1, 81713, 97871, 100, 349.33
2026/09/22 22:55:16.705, 2, 81207, 97871, 100, 340.59
2026/09/22 22:55:16.705, 3, 81203, 97871, 100, 343.37
2026/09/22 22:55:16.905, 0, 81687, 97871, 100, 344.14
2026/09/22 22:55:16.905, 1, 81713, 97871, 100, 349.82
2026/09/22 22:55:16.905, 2, 81207, 97871, 100, 343.89
2026/09/22 22:55:16.905, 3, 81203, 97871, 100, 346.56
2026/09/22 22:55:17.105, 0, 81687, 97871, 100, 344.07
2026/09/22 22:55:17.105, 1, 81713, 97871, 100, 351.42
2026/09/22 22:55:17.105, 2, 81207, 97871, 100, 345.68
2026/09/22 22:55:17.105, 3, 81203, 97871, 100, 346.46
2026/09/22 22:55:17.305, 0, 81687, 97871, 100, 345.71
2026/09/22 22:55:17.305, 1, 81713, 97871, 100, 352.91
2026/09/22 22:55:17.305, 2, 81207, 97871, 100, 346.51
2026/09/22 22:55:17.305, 3, 81203, 97871, 100, 345.77
2026/09/22 22:55:17.505, 0, 81687, 97871, 100, 345.90
2026/09/22 22:55:17.505, 1, 81713, 97871, 100, 353.84
2026/09/22 22:55:17.505, 2, 81207, 97871, 100, 347.81
2026/09/22 22:55:17.505, 3, 81203, 97871, 100, 347.44
2026/09/22 22:55:17.705, 0, 81687, 97871, 100, 345.45
2026/09/22 22:55:17.705, 1, 81713, 97871, 100, 353.26
2026/09/22 22:55:17.705, 2, 81207, 97871, 100, 348.19
2026/09/22 22:55:17.705, 3, 81203, 97871, 100, 347.40
2026/09/22 22:55:17.905, 0, 81687, 97871, 97, 350.08
2026/09/22 22:55:17.905, 1, 81713, 97871, 100, 357.96
2026/09/22 22:55:17.905, 2, 81207, 97871, 97, 350.27
2026/09/22 22:55:17.905, 3, 81203, 97871, 100, 348.01
2026/09/22 22:55:18.105, 0, 81687, 97871, 100, 361.20
2026/09/22 22:55:18.105, 1, 81713, 97871, 100, 364.86
2026/09/22 22:55:18.105, 2, 81207, 97871, 100, 355.37
2026/09/22 22:55:18.105, 3, 81203, 97871, 98, 359.52
2026/09/22 22:55:18.306, 0, 81687, 97871, 100, 370.08
2026/09/22 22:55:18.306, 1, 81713, 97871, 100, 368.62
2026/09/22 22:55:18.306, 2, 81207, 97871, 100, 359.28
2026/09/22 22:55:18.306, 3, 81203, 97871, 100, 365.15
2026/09/22 22:55:18.506, 0, 81687, 97871, 100, 376.67
2026/09/22 22:55:18.506, 1, 81713, 97871, 100, 370.59
2026/09/22 22:55:18.506, 2, 81207, 97871, 100, 362.67
2026/09/22 22:55:18.506, 3, 81203, 97871, 100, 370.31
2026/09/22 22:55:18.706, 0, 81687, 97871, 100, 385.36
2026/09/22 22:55:18.706, 1, 81713, 97871, 100, 378.35
2026/09/22 22:55:18.706, 2, 81207, 97871, 100, 365.31
2026/09/22 22:55:18.706, 3, 81203, 97871, 100, 376.00
2026/09/22 22:55:18.906, 0, 81687, 97871, 100, 385.95
2026/09/22 22:55:18.906, 1, 81713, 97871, 100, 384.42
2026/09/22 22:55:18.906, 2, 81207, 97871, 100, 369.74
2026/09/22 22:55:18.906, 3, 81203, 97871, 100, 384.23
2026/09/22 22:55:19.106, 0, 81687, 97871, 100, 383.52
2026/09/22 22:55:19.106, 1, 81713, 97871, 100, 382.90
2026/09/22 22:55:19.106, 2, 81207, 97871, 100, 374.55
2026/09/22 22:55:19.106, 3, 81203, 97871, 100, 379.09
2026/09/22 22:55:19.306, 0, 81687, 97871, 100, 380.09
2026/09/22 22:55:19.306, 1, 81713, 97871, 100, 379.88
2026/09/22 22:55:19.306, 2, 81207, 97871, 100, 373.90
2026/09/22 22:55:19.306, 3, 81203, 97871, 100, 382.54
2026/09/22 22:55:19.506, 0, 81687, 97871, 43, 364.35
2026/09/22 22:55:19.506, 1, 81713, 97871, 98, 368.82
2026/09/22 22:55:19.506, 2, 81207, 97871, 37, 362.35
2026/09/22 22:55:19.506, 3, 81203, 97871, 100, 375.70
2026/09/22 22:55:19.707, 0, 81687, 97871, 0, 313.26
2026/09/22 22:55:19.707, 1, 81713, 97871, 0, 314.79
2026/09/22 22:55:19.707, 2, 81207, 97871, 0, 317.12
2026/09/22 22:55:19.707, 3, 81203, 97871, 0, 327.14
2026/09/22 22:55:19.907, 0, 81687, 97871, 0, 264.98
2026/09/22 22:55:19.907, 1, 81713, 97871, 0, 263.12
2026/09/22 22:55:19.907, 2, 81207, 97871, 0, 264.51
2026/09/22 22:55:19.907, 3, 81203, 97871, 0, 271.92
2026/09/22 22:55:20.107, 0, 81687, 97871, 0, 212.71
2026/09/22 22:55:20.107, 1, 81713, 97871, 0, 211.23
2026/09/22 22:55:20.107, 2, 81207, 97871, 0, 216.11
2026/09/22 22:55:20.107, 3, 81203, 97871, 0, 224.52
2026/09/22 22:55:20.307, 0, 81687, 97871, 0, 159.50
2026/09/22 22:55:20.307, 1, 81713, 97871, 0, 165.41
2026/09/22 22:55:20.307, 2, 81207, 97871, 0, 160.49
2026/09/22 22:55:20.307, 3, 81203, 97871, 0, 168.01
2026/09/22 22:55:20.507, 0, 81687, 97871, 60, 139.40
2026/09/22 22:55:20.507, 1, 81713, 97871, 6, 144.98
2026/09/22 22:55:20.507, 2, 81207, 97871, 62, 140.14
2026/09/22 22:55:20.507, 3, 81203, 97871, 0, 135.51
2026/09/22 22:55:20.707, 0, 81687, 97871, 100, 180.64
2026/09/22 22:55:20.707, 1, 81713, 97871, 100, 186.26
2026/09/22 22:55:20.707, 2, 81207, 97871, 100, 182.90
2026/09/22 22:55:20.707, 3, 81203, 97871, 100, 175.62
2026/09/22 22:55:20.907, 0, 81687, 97871, 100, 225.28
2026/09/22 22:55:20.907, 1, 81713, 97871, 100, 230.70
2026/09/22 22:55:20.907, 2, 81207, 97871, 100, 226.89
2026/09/22 22:55:20.907, 3, 81203, 97871, 100, 217.95
2026/09/22 22:55:21.108, 0, 81687, 97871, 100, 270.64
2026/09/22 22:55:21.108, 1, 81713, 97871, 100, 272.76
2026/09/22 22:55:21.108, 2, 81207, 97871, 100, 271.73
2026/09/22 22:55:21.108, 3, 81203, 97871, 100, 262.02
2026/09/22 22:55:21.308, 0, 81687, 97871, 100, 315.89
2026/09/22 22:55:21.308, 1, 81713, 97871, 100, 320.52
2026/09/22 22:55:21.308, 2, 81207, 97871, 100, 316.18
2026/09/22 22:55:21.308, 3, 81203, 97871, 100, 307.31
2026/09/22 22:55:21.508, 0, 81687, 97871, 100, 344.14
2026/09/22 22:55:21.508, 1, 81713, 97871, 100, 350.04
2026/09/22 22:55:21.508, 2, 81207, 97871, 100, 346.52
2026/09/22 22:55:21.508, 3, 81203, 97871, 100, 345.62
2026/09/22 22:55:21.708, 0, 81687, 97871, 100, 347.44
2026/09/22 22:55:21.708, 1, 81713, 97871, 100, 354.30
2026/09/22 22:55:21.708, 2, 81207, 97871, 100, 348.20
2026/09/22 22:55:21.708, 3, 81203, 97871, 100, 349.10
2026/09/22 22:55:21.908, 0, 81687, 97871, 100, 348.20
2026/09/22 22:55:21.908, 1, 81713, 97871, 100, 353.89
2026/09/22 22:55:21.908, 2, 81207, 97871, 100, 348.33
2026/09/22 22:55:21.908, 3, 81203, 97871, 100, 349.98
2026/09/22 22:55:22.108, 0, 81687, 97871, 100, 347.72
2026/09/22 22:55:22.108, 1, 81713, 97871, 100, 354.78
2026/09/22 22:55:22.108, 2, 81207, 97871, 100, 349.24
2026/09/22 22:55:22.108, 3, 81203, 97871, 100, 350.40
2026/09/22 22:55:22.308, 0, 81687, 97871, 100, 348.72
2026/09/22 22:55:22.309, 1, 81713, 97871, 100, 356.22
2026/09/22 22:55:22.309, 2, 81207, 97871, 100, 349.93
2026/09/22 22:55:22.309, 3, 81203, 97871, 100, 348.99
2026/09/22 22:55:22.509, 0, 81687, 97871, 100, 349.80
2026/09/22 22:55:22.509, 1, 81713, 97871, 100, 355.39
2026/09/22 22:55:22.509, 2, 81207, 97871, 100, 348.96
2026/09/22 22:55:22.509, 3, 81203, 97871, 100, 350.02
2026/09/22 22:55:22.709, 0, 81687, 97871, 99, 351.98
2026/09/22 22:55:22.709, 1, 81713, 97871, 98, 361.16
2026/09/22 22:55:22.709, 2, 81207, 97871, 100, 353.62
2026/09/22 22:55:22.709, 3, 81203, 97871, 100, 352.30
2026/09/22 22:55:22.909, 0, 81687, 97871, 100, 360.73
2026/09/22 22:55:22.909, 1, 81713, 97871, 100, 364.20
2026/09/22 22:55:22.909, 2, 81207, 97871, 100, 358.90
2026/09/22 22:55:22.909, 3, 81203, 97871, 100, 362.10
2026/09/22 22:55:23.109, 0, 81687, 97871, 100, 365.91
2026/09/22 22:55:23.109, 1, 81713, 97871, 100, 369.61
2026/09/22 22:55:23.109, 2, 81207, 97871, 100, 361.32
2026/09/22 22:55:23.109, 3, 81203, 97871, 100, 364.69
2026/09/22 22:55:23.309, 0, 81687, 97871, 100, 371.08
2026/09/22 22:55:23.309, 1, 81713, 97871, 100, 377.30
2026/09/22 22:55:23.309, 2, 81207, 97871, 100, 372.14
2026/09/22 22:55:23.309, 3, 81203, 97871, 100, 371.78
2026/09/22 22:55:23.510, 0, 81687, 97871, 100, 374.30
2026/09/22 22:55:23.510, 1, 81713, 97871, 100, 377.14
2026/09/22 22:55:23.510, 2, 81207, 97871, 96, 374.76
2026/09/22 22:55:23.510, 3, 81203, 97871, 100, 378.84
2026/09/22 22:55:23.710, 0, 81687, 97871, 0, 329.95
2026/09/22 22:55:23.710, 1, 81713, 97871, 0, 329.74
2026/09/22 22:55:23.710, 2, 81207, 97871, 0, 328.96
2026/09/22 22:55:23.710, 3, 81203, 97871, 46, 340.56
2026/09/22 22:55:23.910, 0, 81687, 97871, 0, 275.82
2026/09/22 22:55:23.910, 1, 81713, 97871, 0, 281.63
2026/09/22 22:55:23.910, 2, 81207, 97871, 0, 277.26
2026/09/22 22:55:23.910, 3, 81203, 97871, 0, 282.05
2026/09/22 22:55:24.110, 0, 81687, 97871, 0, 228.05
2026/09/22 22:55:24.110, 1, 81713, 97871, 0, 233.06
2026/09/22 22:55:24.110, 2, 81207, 97871, 0, 232.36
2026/09/22 22:55:24.110, 3, 81203, 97871, 0, 234.97
2026/09/22 22:55:24.311, 0, 81687, 97871, 0, 174.64
2026/09/22 22:55:24.311, 1, 81713, 97871, 0, 175.88
2026/09/22 22:55:24.311, 2, 81207, 97871, 0, 173.79
2026/09/22 22:55:24.311, 3, 81203, 97871, 0, 180.32
2026/09/22 22:55:24.511, 0, 81687, 97871, 0, 128.90
2026/09/22 22:55:24.511, 1, 81713, 97871, 0, 133.64
2026/09/22 22:55:24.511, 2, 81207, 97871, 0, 126.96
2026/09/22 22:55:24.511, 3, 81203, 97871, 0, 126.05
2026/09/22 22:55:24.711, 0, 81687, 97871, 0, 123.70
2026/09/22 22:55:24.711, 1, 81713, 97871, 0, 129.34
2026/09/22 22:55:24.711, 2, 81207, 97871, 0, 124.64
2026/09/22 22:55:24.711, 3, 81203, 97871, 0, 122.50
2026/09/22 22:55:24.911, 0, 81687, 97871, 0, 123.48
2026/09/22 22:55:24.911, 1, 81713, 97871, 0, 128.99
2026/09/22 22:55:24.911, 2, 81207, 97871, 0, 124.36
2026/09/22 22:55:24.911, 3, 81203, 97871, 0, 122.36
2026/09/22 22:55:25.111, 0, 81687, 97871, 0, 123.34
2026/09/22 22:55:25.111, 1, 81713, 97871, 0, 128.77
2026/09/22 22:55:25.111, 2, 81207, 97871, 0, 124.15
2026/09/22 22:55:25.111, 3, 81203, 97871, 0, 122.27
2026/09/22 22:55:25.311, 0, 81687, 97871, 0, 123.20
2026/09/22 22:55:25.312, 1, 81713, 97871, 0, 128.60
2026/09/22 22:55:25.312, 2, 81207, 97871, 0, 124.03
2026/09/22 22:55:25.312, 3, 81203, 97871, 0, 122.20
2026/09/22 22:55:25.512, 0, 81687, 97871, 0, 123.08
2026/09/22 22:55:25.512, 1, 81713, 97871, 0, 128.44
2026/09/22 22:55:25.512, 2, 81207, 97871, 0, 123.91
2026/09/22 22:55:25.512, 3, 81203, 97871, 0, 122.13
2026/09/22 22:55:25.712, 0, 81687, 97871, 0, 122.99
2026/09/22 22:55:25.712, 1, 81713, 97871, 0, 128.36
2026/09/22 22:55:25.712, 2, 81207, 97871, 0, 123.83
2026/09/22 22:55:25.712, 3, 81203, 97871, 0, 122.11
2026/09/22 22:55:25.912, 0, 81687, 97871, 0, 122.96
2026/09/22 22:55:25.912, 1, 81713, 97871, 0, 128.27
2026/09/22 22:55:25.912, 2, 81207, 97871, 0, 123.76
2026/09/22 22:55:25.912, 3, 81203, 97871, 0, 122.06
2026/09/22 22:55:26.112, 0, 81687, 97871, 0, 122.89
2026/09/22 22:55:26.112, 1, 81713, 97871, 0, 128.20
2026/09/22 22:55:26.112, 2, 81207, 97871, 0, 123.70
2026/09/22 22:55:26.112, 3, 81203, 97871, 0, 122.00
2026/09/22 22:55:26.312, 0, 81687, 97871, 0, 122.82
2026/09/22 22:55:26.312, 1, 81713, 97871, 0, 128.15
2026/09/22 22:55:26.312, 2, 81207, 97871, 0, 123.65
2026/09/22 22:55:26.313, 3, 81203, 97871, 0, 121.94
2026/09/22 22:55:26.513, 0, 81687, 97871, 0, 122.80
2026/09/22 22:55:26.513, 1, 81713, 97871, 0, 128.10
2026/09/22 22:55:26.513, 2, 81207, 97871, 0, 123.59
2026/09/22 22:55:26.513, 3, 81203, 97871, 0, 121.91
2026/09/22 22:55:26.713, 0, 81687, 97871, 0, 122.77
2026/09/22 22:55:26.713, 1, 81713, 97871, 0, 128.04
2026/09/22 22:55:26.713, 2, 81207, 97871, 0, 123.52
2026/09/22 22:55:26.713, 3, 81203, 97871, 0, 121.88
2026/09/22 22:55:26.913, 0, 81687, 97871, 0, 122.67
2026/09/22 22:55:26.913, 1, 81713, 97871, 0, 128.00
2026/09/22 22:55:26.913, 2, 81207, 97871, 0, 123.45
2026/09/22 22:55:26.913, 3, 81203, 97871, 0, 121.82
2026/09/22 22:55:27.113, 0, 81687, 97871, 0, 122.63
2026/09/22 22:55:27.113, 1, 81713, 97871, 0, 127.96
2026/09/22 22:55:27.113, 2, 81207, 97871, 0, 123.42
2026/09/22 22:55:27.113, 3, 81203, 97871, 0, 121.79
2026/09/22 22:55:27.313, 0, 81687, 97871, 0, 122.60
2026/09/22 22:55:27.313, 1, 81713, 97871, 0, 127.92
2026/09/22 22:55:27.313, 2, 81207, 97871, 0, 123.34
2026/09/22 22:55:27.313, 3, 81203, 97871, 0, 121.79
2026/09/22 22:55:27.514, 0, 81687, 97871, 0, 122.54
2026/09/22 22:55:27.514, 1, 81713, 97871, 0, 127.90
2026/09/22 22:55:27.514, 2, 81207, 97871, 0, 123.29
2026/09/22 22:55:27.514, 3, 81203, 97871, 0, 121.74
2026/09/22 22:55:27.714, 0, 81687, 97871, 0, 122.48
2026/09/22 22:55:27.714, 1, 81713, 97871, 0, 127.84
2026/09/22 22:55:27.714, 2, 81207, 97871, 0, 123.26
2026/09/22 22:55:27.714, 3, 81203, 97871, 0, 121.70
2026/09/22 22:55:27.914, 0, 81687, 97871, 0, 122.46
2026/09/22 22:55:27.914, 1, 81713, 97871, 0, 127.81
2026/09/22 22:55:27.914, 2, 81207, 97871, 0, 123.24
2026/09/22 22:55:27.914, 3, 81203, 97871, 0, 121.67
2026/09/22 22:55:28.114, 0, 81687, 97871, 0, 122.46
2026/09/22 22:55:28.114, 1, 81713, 97871, 0, 127.78
2026/09/22 22:55:28.114, 2, 81207, 97871, 0, 123.20
2026/09/22 22:55:28.114, 3, 81203, 97871, 0, 121.66
2026/09/22 22:55:28.314, 0, 81687, 97871, 0, 122.40
2026/09/22 22:55:28.314, 1, 81713, 97871, 0, 127.75
2026/09/22 22:55:28.314, 2, 81207, 97871, 0, 123.18
2026/09/22 22:55:28.314, 3, 81203, 97871, 0, 121.61
2026/09/22 22:55:28.514, 0, 81687, 97871, 0, 122.39
2026/09/22 22:55:28.515, 1, 81713, 97871, 0, 127.71
2026/09/22 22:55:28.515, 2, 81207, 97871, 0, 123.15
2026/09/22 22:55:28.515, 3, 81203, 97871, 0, 121.58
2026/09/22 22:55:28.715, 0, 81687, 97871, 0, 122.37
2026/09/22 22:55:28.715, 1, 81713, 97871, 0, 127.70
2026/09/22 22:55:28.715, 2, 81207, 97871, 0, 123.12
2026/09/22 22:55:28.715, 3, 81203, 97871, 0, 121.57
2026/09/22 22:55:28.915, 0, 81687, 97871, 0, 126.68
2026/09/22 22:55:28.915, 1, 81713, 97871, 16, 131.50
2026/09/22 22:55:28.915, 2, 81207, 97871, 0, 127.31
2026/09/22 22:55:28.915, 3, 81203, 97871, 14, 126.18
2026/09/22 22:55:29.115, 0, 81687, 97871, 100, 167.83
2026/09/22 22:55:29.115, 1, 81713, 97871, 100, 175.44
2026/09/22 22:55:29.115, 2, 81207, 97871, 100, 170.78
2026/09/22 22:55:29.115, 3, 81203, 97871, 34, 167.02
2026/09/22 22:55:29.316, 0, 81687, 97871, 100, 209.35
2026/09/22 22:55:29.316, 1, 81713, 97871, 92, 217.28
2026/09/22 22:55:29.316, 2, 81207, 97871, 95, 215.36
2026/09/22 22:55:29.316, 3, 81203, 97871, 100, 209.76
2026/09/22 22:55:29.516, 0, 81687, 97871, 0, 211.55
2026/09/22 22:55:29.516, 1, 81713, 97871, 0, 219.35
2026/09/22 22:55:29.516, 2, 81207, 97871, 0, 217.32
2026/09/22 22:55:29.516, 3, 81203, 97871, 46, 214.42
2026/09/22 22:55:29.716, 0, 81687, 97871, 0, 213.43
2026/09/22 22:55:29.716, 1, 81713, 97871, 0, 219.46
2026/09/22 22:55:29.716, 2, 81207, 97871, 0, 215.57
2026/09/22 22:55:29.716, 3, 81203, 97871, 0, 214.48
2026/09/22 22:55:29.916, 0, 81687, 97871, 0, 209.14
2026/09/22 22:55:29.916, 1, 81713, 97871, 0, 213.98
2026/09/22 22:55:29.916, 2, 81207, 97871, 0, 211.51
2026/09/22 22:55:29.916, 3, 81203, 97871, 0, 208.15
2026/09/22 22:55:30.117, 0, 81687, 97871, 0, 168.00
2026/09/22 22:55:30.117, 1, 81713, 97871, 0, 175.50
2026/09/22 22:55:30.117, 2, 81207, 97871, 0, 168.89
2026/09/22 22:55:30.117, 3, 81203, 97871, 0, 172.79
2026/09/22 22:55:30.317, 0, 81687, 97871, 0, 128.02
2026/09/22 22:55:30.317, 1, 81713, 97871, 0, 130.00
2026/09/22 22:55:30.317, 2, 81207, 97871, 0, 125.28
2026/09/22 22:55:30.317, 3, 81203, 97871, 0, 124.59
2026/09/22 22:55:30.517, 0, 81687, 97871, 0, 122.59
2026/09/22 22:55:30.517, 1, 81713, 97871, 0, 127.95
2026/09/22 22:55:30.517, 2, 81207, 97871, 0, 123.35
2026/09/22 22:55:30.517, 3, 81203, 97871, 0, 121.70
2026/09/22 22:55:30.717, 0, 81687, 97871, 100, 154.93
2026/09/22 22:55:30.718, 1, 81713, 97871, 100, 160.57
2026/09/22 22:55:30.718, 2, 81207, 97871, 100, 155.26
2026/09/22 22:55:30.718, 3, 81203, 97871, 50, 154.63
2026/09/22 22:55:30.918, 0, 81687, 97871, 100, 196.29
2026/09/22 22:55:30.918, 1, 81713, 97871, 100, 204.18
2026/09/22 22:55:30.918, 2, 81207, 97871, 100, 200.20
2026/09/22 22:55:30.918, 3, 81203, 97871, 100, 195.18
2026/09/22 22:55:31.118, 0, 81687, 97871, 100, 239.82
2026/09/22 22:55:31.118, 1, 81713, 97871, 100, 247.92
2026/09/22 22:55:31.118, 2, 81207, 97871, 100, 245.59
2026/09/22 22:55:31.118, 3, 81203, 97871, 100, 238.01
2026/09/22 22:55:31.318, 0, 81687, 97871, 100, 285.65
2026/09/22 22:55:31.318, 1, 81713, 97871, 100, 292.29
2026/09/22 22:55:31.318, 2, 81207, 97871, 100, 292.12
2026/09/22 22:55:31.318, 3, 81203, 97871, 100, 285.35
2026/09/22 22:55:31.518, 0, 81687, 97871, 100, 330.55
2026/09/22 22:55:31.518, 1, 81713, 97871, 100, 333.96
2026/09/22 22:55:31.518, 2, 81207, 97871, 100, 332.50
2026/09/22 22:55:31.519, 3, 81203, 97871, 100, 329.84
2026/09/22 22:55:31.719, 0, 81687, 97871, 100, 338.68
2026/09/22 22:55:31.719, 1, 81713, 97871, 100, 346.38
2026/09/22 22:55:31.719, 2, 81207, 97871, 100, 344.61
2026/09/22 22:55:31.719, 3, 81203, 97871, 100, 338.71
2026/09/22 22:55:31.919, 0, 81687, 97871, 100, 343.81
2026/09/22 22:55:31.919, 1, 81713, 97871, 100, 351.30
2026/09/22 22:55:31.919, 2, 81207, 97871, 100, 344.03
2026/09/22 22:55:31.919, 3, 81203, 97871, 100, 347.61
2026/09/22 22:55:32.119, 0, 81687, 97871, 100, 344.80
2026/09/22 22:55:32.119, 1, 81713, 97871, 100, 353.13
2026/09/22 22:55:32.119, 2, 81207, 97871, 100, 345.71
2026/09/22 22:55:32.119, 3, 81203, 97871, 100, 346.88
2026/09/22 22:55:32.319, 0, 81687, 97871, 100, 346.78
2026/09/22 22:55:32.319, 1, 81713, 97871, 100, 353.88
2026/09/22 22:55:32.319, 2, 81207, 97871, 100, 346.17
2026/09/22 22:55:32.319, 3, 81203, 97871, 100, 347.59
2026/09/22 22:55:32.519, 0, 81687, 97871, 100, 346.16
2026/09/22 22:55:32.519, 1, 81713, 97871, 100, 352.78
2026/09/22 22:55:32.519, 2, 81207, 97871, 100, 346.89
2026/09/22 22:55:32.519, 3, 81203, 97871, 100, 349.52
2026/09/22 22:55:32.719, 0, 81689, 97871, 100, 346.30
2026/09/22 22:55:32.719, 1, 81715, 97871, 100, 354.25
2026/09/22 22:55:32.719, 2, 81209, 97871, 100, 347.28
2026/09/22 22:55:32.719, 3, 81205, 97871, 100, 348.30
2026/09/22 22:55:32.920, 0, 81689, 97871, 100, 353.25
2026/09/22 22:55:32.920, 1, 81715, 97871, 100, 359.35
2026/09/22 22:55:32.920, 2, 81209, 97871, 100, 354.36
2026/09/22 22:55:32.920, 3, 81205, 97871, 97, 356.89
2026/09/22 22:55:33.120, 0, 81689, 97871, 100, 360.93
2026/09/22 22:55:33.120, 1, 81715, 97871, 100, 360.87
2026/09/22 22:55:33.120, 2, 81209, 97871, 100, 357.46
2026/09/22 22:55:33.120, 3, 81205, 97871, 100, 365.53
2026/09/22 22:55:33.320, 0, 81689, 97871, 100, 369.74
2026/09/22 22:55:33.320, 1, 81715, 97871, 100, 362.85
2026/09/22 22:55:33.320, 2, 81209, 97871, 100, 362.35
2026/09/22 22:55:33.320, 3, 81205, 97871, 100, 371.37
2026/09/22 22:55:33.520, 0, 81689, 97871, 100, 375.07
2026/09/22 22:55:33.520, 1, 81715, 97871, 100, 369.30
2026/09/22 22:55:33.520, 2, 81209, 97871, 100, 369.27
2026/09/22 22:55:33.520, 3, 81205, 97871, 100, 376.31
2026/09/22 22:55:33.720, 0, 81689, 97871, 0, 349.40
2026/09/22 22:55:33.720, 1, 81715, 97871, 28, 340.78
2026/09/22 22:55:33.720, 2, 81209, 97871, 0, 339.20
2026/09/22 22:55:33.720, 3, 81205, 97871, 100, 352.11
2026/09/22 22:55:33.920, 0, 81689, 97871, 0, 300.20
2026/09/22 22:55:33.920, 1, 81715, 97871, 0, 294.05
2026/09/22 22:55:33.920, 2, 81209, 97871, 0, 288.21
2026/09/22 22:55:33.920, 3, 81205, 97871, 0, 299.98
2026/09/22 22:55:34.120, 0, 81689, 97871, 0, 247.95
2026/09/22 22:55:34.121, 1, 81715, 97871, 0, 244.28
2026/09/22 22:55:34.121, 2, 81209, 97871, 0, 243.08
2026/09/22 22:55:34.121, 3, 81205, 97871, 0, 244.89
2026/09/22 22:55:34.321, 0, 81689, 97871, 0, 192.19
2026/09/22 22:55:34.321, 1, 81715, 97871, 0, 199.91
2026/09/22 22:55:34.321, 2, 81209, 97871, 0, 194.41
2026/09/22 22:55:34.321, 3, 81205, 97871, 0, 192.89
2026/09/22 22:55:34.521, 0, 81689, 97871, 0, 142.92
2026/09/22 22:55:34.521, 1, 81715, 97871, 0, 150.43
2026/09/22 22:55:34.521, 2, 81209, 97871, 0, 138.82
2026/09/22 22:55:34.521, 3, 81205, 97871, 0, 146.52
2026/09/22 22:55:34.721, 0, 81689, 97871, 51, 136.05
2026/09/22 22:55:34.721, 1, 81715, 97871, 0, 129.04
2026/09/22 22:55:34.721, 2, 81209, 97871, 0, 124.32
2026/09/22 22:55:34.721, 3, 81205, 97871, 0, 138.50
2026/09/22 22:55:34.921, 0, 81689, 97871, 100, 157.75
2026/09/22 22:55:34.921, 1, 81715, 97871, 100, 163.06
2026/09/22 22:55:34.921, 2, 81209, 97871, 49, 143.15
2026/09/22 22:55:34.921, 3, 81205, 97871, 100, 155.50
2026/09/22 22:55:35.121, 0, 81689, 97871, 100, 180.40
2026/09/22 22:55:35.121, 1, 81715, 97871, 100, 186.87
2026/09/22 22:55:35.121, 2, 81209, 97871, 100, 186.52
2026/09/22 22:55:35.121, 3, 81205, 97871, 100, 177.28
2026/09/22 22:55:35.321, 0, 81689, 97871, 100, 223.31
2026/09/22 22:55:35.321, 1, 81715, 97871, 100, 231.87
2026/09/22 22:55:35.321, 2, 81209, 97871, 100, 230.71
2026/09/22 22:55:35.322, 3, 81205, 97871, 100, 221.94
2026/09/22 22:55:35.522, 0, 81689, 97871, 100, 267.03
2026/09/22 22:55:35.522, 1, 81715, 97871, 100, 273.19
2026/09/22 22:55:35.522, 2, 81209, 97871, 100, 272.36
2026/09/22 22:55:35.522, 3, 81205, 97871, 100, 263.67
2026/09/22 22:55:35.722, 0, 81689, 97871, 100, 301.76
2026/09/22 22:55:35.722, 1, 81715, 97871, 100, 317.57
2026/09/22 22:55:35.722, 2, 81209, 97871, 100, 315.92
2026/09/22 22:55:35.722, 3, 81205, 97871, 100, 295.15
2026/09/22 22:55:35.922, 0, 81689, 97871, 100, 320.84
2026/09/22 22:55:35.922, 1, 81715, 97871, 100, 329.18
2026/09/22 22:55:35.922, 2, 81209, 97871, 100, 344.20
2026/09/22 22:55:35.922, 3, 81205, 97871, 100, 323.52
2026/09/22 22:55:36.122, 0, 81689, 97871, 100, 345.45
2026/09/22 22:55:36.122, 1, 81715, 97871, 100, 352.49
2026/09/22 22:55:36.122, 2, 81209, 97871, 100, 345.97
2026/09/22 22:55:36.122, 3, 81205, 97871, 100, 346.29
2026/09/22 22:55:36.322, 0, 81689, 97871, 100, 345.09
2026/09/22 22:55:36.322, 1, 81715, 97871, 100, 354.04
2026/09/22 22:55:36.322, 2, 81209, 97871, 100, 347.26
2026/09/22 22:55:36.322, 3, 81205, 97871, 100, 346.42
2026/09/22 22:55:36.522, 0, 81689, 97871, 100, 345.38
2026/09/22 22:55:36.522, 1, 81715, 97871, 100, 354.72
2026/09/22 22:55:36.522, 2, 81209, 97871, 100, 347.32
2026/09/22 22:55:36.522, 3, 81205, 97871, 100, 347.23
2026/09/22 22:55:36.722, 0, 81689, 97871, 100, 345.02
2026/09/22 22:55:36.722, 1, 81715, 97871, 100, 354.71
2026/09/22 22:55:36.722, 2, 81209, 97871, 100, 347.07
2026/09/22 22:55:36.722, 3, 81205, 97871, 100, 347.51
2026/09/22 22:55:36.923, 0, 81689, 97871, 100, 344.58
2026/09/22 22:55:36.923, 1, 81715, 97871, 100, 354.27
2026/09/22 22:55:36.923, 2, 81209, 97871, 100, 348.62
2026/09/22 22:55:36.923, 3, 81205, 97871, 100, 346.65
2026/09/22 22:55:37.123, 0, 81689, 97871, 98, 349.57
2026/09/22 22:55:37.123, 1, 81715, 97871, 98, 356.07
2026/09/22 22:55:37.123, 2, 81209, 97871, 98, 350.86
2026/09/22 22:55:37.123, 3, 81205, 97871, 100, 350.22
2026/09/22 22:55:37.323, 0, 81689, 97871, 100, 358.88
2026/09/22 22:55:37.323, 1, 81715, 97871, 100, 362.96
2026/09/22 22:55:37.323, 2, 81209, 97871, 100, 358.41
2026/09/22 22:55:37.323, 3, 81205, 97871, 100, 357.39
2026/09/22 22:55:37.523, 0, 81689, 97871, 100, 363.54
2026/09/22 22:55:37.523, 1, 81715, 97871, 100, 371.15
2026/09/22 22:55:37.523, 2, 81209, 97871, 100, 362.99
2026/09/22 22:55:37.523, 3, 81205, 97871, 100, 360.14
2026/09/22 22:55:37.723, 0, 81689, 97871, 100, 368.48
2026/09/22 22:55:37.723, 1, 81715, 97871, 100, 376.10
2026/09/22 22:55:37.723, 2, 81209, 97871, 100, 370.26
2026/09/22 22:55:37.723, 3, 81205, 97871, 100, 365.60
2026/09/22 22:55:37.923, 0, 81689, 97871, 78, 366.74
2026/09/22 22:55:37.923, 1, 81715, 97871, 100, 373.32
2026/09/22 22:55:37.923, 2, 81209, 97871, 73, 362.82
2026/09/22 22:55:37.923, 3, 81205, 97871, 100, 371.99
2026/09/22 22:55:38.123, 0, 81689, 97871, 0, 318.99
2026/09/22 22:55:38.123, 1, 81715, 97871, 0, 327.21
2026/09/22 22:55:38.123, 2, 81209, 97871, 0, 315.86
2026/09/22 22:55:38.123, 3, 81205, 97871, 23, 327.52
2026/09/22 22:55:38.324, 0, 81689, 97871, 0, 268.36
2026/09/22 22:55:38.324, 1, 81715, 97871, 0, 278.04
2026/09/22 22:55:38.324, 2, 81209, 97871, 0, 266.76
2026/09/22 22:55:38.324, 3, 81205, 97871, 0, 272.92
2026/09/22 22:55:38.524, 0, 81689, 97871, 0, 219.97
2026/09/22 22:55:38.524, 1, 81715, 97871, 0, 222.18
2026/09/22 22:55:38.524, 2, 81209, 97871, 0, 218.59
2026/09/22 22:55:38.524, 3, 81205, 97871, 0, 224.75
2026/09/22 22:55:38.724, 0, 81689, 97871, 0, 166.16
2026/09/22 22:55:38.724, 1, 81715, 97871, 0, 175.84
2026/09/22 22:55:38.724, 2, 81209, 97871, 0, 167.27
2026/09/22 22:55:38.724, 3, 81205, 97871, 0, 173.75
2026/09/22 22:55:38.924, 0, 81689, 97871, 0, 123.94
2026/09/22 22:55:38.924, 1, 81715, 97871, 0, 130.29
2026/09/22 22:55:38.924, 2, 81209, 97871, 0, 125.01
2026/09/22 22:55:38.924, 3, 81205, 97871, 0, 125.14
2026/09/22 22:55:39.124, 0, 81689, 97871, 61, 143.69
2026/09/22 22:55:39.124, 1, 81715, 97871, 5, 144.60
2026/09/22 22:55:39.124, 2, 81209, 97871, 70, 145.15
2026/09/22 22:55:39.124, 3, 81205, 97871, 0, 142.51
2026/09/22 22:55:39.324, 0, 81689, 97871, 100, 186.44
2026/09/22 22:55:39.324, 1, 81715, 97871, 100, 187.81
2026/09/22 22:55:39.324, 2, 81209, 97871, 100, 187.24
2026/09/22 22:55:39.324, 3, 81205, 97871, 100, 181.10
2026/09/22 22:55:39.525, 0, 81689, 97871, 100, 230.34
2026/09/22 22:55:39.525, 1, 81715, 97871, 100, 230.08
2026/09/22 22:55:39.525, 2, 81209, 97871, 100, 229.40
2026/09/22 22:55:39.525, 3, 81205, 97871, 100, 222.59
2026/09/22 22:55:39.725, 0, 81689, 97871, 100, 272.26
2026/09/22 22:55:39.725, 1, 81715, 97871, 100, 276.86
2026/09/22 22:55:39.725, 2, 81209, 97871, 100, 276.65
2026/09/22 22:55:39.725, 3, 81205, 97871, 100, 269.10
2026/09/22 22:55:39.925, 0, 81689, 97871, 100, 320.64
2026/09/22 22:55:39.925, 1, 81715, 97871, 100, 317.86
2026/09/22 22:55:39.925, 2, 81209, 97871, 100, 316.83
2026/09/22 22:55:39.925, 3, 81205, 97871, 100, 310.96
2026/09/22 22:55:40.125, 0, 81689, 97871, 100, 344.59
2026/09/22 22:55:40.125, 1, 81715, 97871, 100, 351.52
2026/09/22 22:55:40.125, 2, 81209, 97871, 100, 343.63
2026/09/22 22:55:40.125, 3, 81205, 97871, 100, 339.02
2026/09/22 22:55:40.325, 0, 81689, 97871, 100, 346.24
2026/09/22 22:55:40.325, 1, 81715, 97871, 100, 352.45
2026/09/22 22:55:40.325, 2, 81209, 97871, 100, 346.93
2026/09/22 22:55:40.325, 3, 81205, 97871, 100, 346.24
2026/09/22 22:55:40.525, 0, 81689, 97871, 100, 346.88
2026/09/22 22:55:40.525, 1, 81715, 97871, 100, 353.78
2026/09/22 22:55:40.525, 2, 81209, 97871, 100, 347.47
2026/09/22 22:55:40.525, 3, 81205, 97871, 100, 348.14
2026/09/22 22:55:40.725, 0, 81689, 97871, 100, 346.70
2026/09/22 22:55:40.725, 1, 81715, 97871, 100, 354.43
2026/09/22 22:55:40.725, 2, 81209, 97871, 100, 347.67
2026/09/22 22:55:40.725, 3, 81205, 97871, 100, 348.98
2026/09/22 22:55:40.925, 0, 81689, 97871, 100, 346.42
2026/09/22 22:55:40.925, 1, 81715, 97871, 100, 354.92
2026/09/22 22:55:40.925, 2, 81209, 97871, 100, 348.44
2026/09/22 22:55:40.926, 3, 81205, 97871, 100, 348.83
2026/09/22 22:55:41.126, 0, 81689, 97871, 100, 347.12
2026/09/22 22:55:41.126, 1, 81715, 97871, 100, 355.82
2026/09/22 22:55:41.126, 2, 81209, 97871, 100, 348.80
2026/09/22 22:55:41.126, 3, 81205, 97871, 100, 349.23
2026/09/22 22:55:41.326, 0, 81689, 97871, 97, 351.77
2026/09/22 22:55:41.326, 1, 81715, 97871, 100, 358.19
2026/09/22 22:55:41.326, 2, 81209, 97871, 97, 351.96
2026/09/22 22:55:41.326, 3, 81205, 97871, 100, 352.32
2026/09/22 22:55:41.526, 0, 81689, 97871, 100, 358.09
2026/09/22 22:55:41.526, 1, 81715, 97871, 100, 361.86
2026/09/22 22:55:41.526, 2, 81209, 97871, 100, 355.88
2026/09/22 22:55:41.526, 3, 81205, 97871, 100, 356.39
2026/09/22 22:55:41.726, 0, 81689, 97871, 100, 363.10
2026/09/22 22:55:41.726, 1, 81715, 97871, 100, 367.46
2026/09/22 22:55:41.726, 2, 81209, 97871, 100, 362.69
2026/09/22 22:55:41.726, 3, 81205, 97871, 100, 363.56
2026/09/22 22:55:41.926, 0, 81689, 97871, 100, 368.40
2026/09/22 22:55:41.926, 1, 81715, 97871, 100, 371.78
2026/09/22 22:55:41.926, 2, 81209, 97871, 100, 369.62
2026/09/22 22:55:41.926, 3, 81205, 97871, 100, 368.32
2026/09/22 22:55:42.126, 0, 81689, 97871, 0, 341.95
2026/09/22 22:55:42.126, 1, 81715, 97871, 0, 349.04
2026/09/22 22:55:42.126, 2, 81209, 97871, 0, 344.30
2026/09/22 22:55:42.126, 3, 81205, 97871, 100, 351.35
2026/09/22 22:55:42.326, 0, 81689, 97871, 0, 294.55
2026/09/22 22:55:42.327, 1, 81715, 97871, 0, 301.20
2026/09/22 22:55:42.327, 2, 81209, 97871, 0, 298.03
2026/09/22 22:55:42.327, 3, 81205, 97871, 0, 303.63
2026/09/22 22:55:42.527, 0, 81689, 97871, 0, 244.89
2026/09/22 22:55:42.527, 1, 81715, 97871, 0, 252.33
2026/09/22 22:55:42.527, 2, 81209, 97871, 0, 248.74
2026/09/22 22:55:42.527, 3, 81205, 97871, 0, 254.33
2026/09/22 22:55:42.727, 0, 81689, 97871, 0, 194.88
2026/09/22 22:55:42.727, 1, 81715, 97871, 0, 204.87
2026/09/22 22:55:42.727, 2, 81209, 97871, 0, 199.53
2026/09/22 22:55:42.727, 3, 81205, 97871, 0, 201.39
2026/09/22 22:55:42.927, 0, 81689, 97871, 0, 141.88
2026/09/22 22:55:42.927, 1, 81715, 97871, 0, 151.56
2026/09/22 22:55:42.927, 2, 81209, 97871, 0, 144.25
2026/09/22 22:55:42.927, 3, 81205, 97871, 0, 150.23
2026/09/22 22:55:43.127, 0, 81689, 97871, 22, 133.64
2026/09/22 22:55:43.127, 1, 81715, 97871, 63, 134.04
2026/09/22 22:55:43.127, 2, 81209, 97871, 14, 132.99
2026/09/22 22:55:43.127, 3, 81205, 97871, 0, 129.00
2026/09/22 22:55:43.327, 0, 81689, 97871, 100, 174.88
2026/09/22 22:55:43.327, 1, 81715, 97871, 100, 176.48
2026/09/22 22:55:43.327, 2, 81209, 97871, 100, 178.03
2026/09/22 22:55:43.327, 3, 81205, 97871, 89, 167.44
2026/09/22 22:55:43.527, 0, 81689, 97871, 100, 219.01
2026/09/22 22:55:43.527, 1, 81715, 97871, 100, 222.56
2026/09/22 22:55:43.527, 2, 81209, 97871, 100, 220.05
2026/09/22 22:55:43.527, 3, 81205, 97871, 100, 213.32
2026/09/22 22:55:43.728, 0, 81689, 97871, 100, 262.95
2026/09/22 22:55:43.728, 1, 81715, 97871, 100, 265.08
2026/09/22 22:55:43.728, 2, 81209, 97871, 100, 266.63
2026/09/22 22:55:43.728, 3, 81205, 97871, 100, 255.02
2026/09/22 22:55:43.928, 0, 81689, 97871, 100, 304.65
2026/09/22 22:55:43.928, 1, 81715, 97871, 100, 311.82
2026/09/22 22:55:43.928, 2, 81209, 97871, 100, 311.16
2026/09/22 22:55:43.928, 3, 81205, 97871, 100, 302.72
2026/09/22 22:55:44.128, 0, 81689, 97871, 100, 342.26
2026/09/22 22:55:44.128, 1, 81715, 97871, 100, 352.16
2026/09/22 22:55:44.128, 2, 81209, 97871, 100, 347.93
2026/09/22 22:55:44.128, 3, 81205, 97871, 100, 342.39
2026/09/22 22:55:44.328, 0, 81689, 97871, 100, 344.08
2026/09/22 22:55:44.328, 1, 81715, 97871, 100, 354.94
2026/09/22 22:55:44.328, 2, 81209, 97871, 100, 347.12
2026/09/22 22:55:44.328, 3, 81205, 97871, 100, 348.02
2026/09/22 22:55:44.528, 0, 81689, 97871, 100, 346.22
2026/09/22 22:55:44.528, 1, 81715, 97871, 100, 354.69
2026/09/22 22:55:44.528, 2, 81209, 97871, 100, 347.73
2026/09/22 22:55:44.528, 3, 81205, 97871, 100, 347.52
2026/09/22 22:55:44.728, 0, 81689, 97871, 100, 346.61
2026/09/22 22:55:44.728, 1, 81715, 97871, 100, 354.13
2026/09/22 22:55:44.728, 2, 81209, 97871, 100, 347.59
2026/09/22 22:55:44.728, 3, 81205, 97871, 100, 349.12
2026/09/22 22:55:44.928, 0, 81689, 97871, 100, 345.98
2026/09/22 22:55:44.928, 1, 81715, 97871, 100, 355.41
2026/09/22 22:55:44.928, 2, 81209, 97871, 100, 348.75
2026/09/22 22:55:44.928, 3, 81205, 97871, 100, 349.34
2026/09/22 22:55:45.128, 0, 81689, 97871, 100, 347.18
2026/09/22 22:55:45.129, 1, 81715, 97871, 100, 355.89
2026/09/22 22:55:45.129, 2, 81209, 97871, 100, 349.03
2026/09/22 22:55:45.129, 3, 81205, 97871, 100, 349.16
2026/09/22 22:55:45.329, 0, 81691, 97871, 98, 350.29
2026/09/22 22:55:45.329, 1, 81717, 97871, 100, 356.40
2026/09/22 22:55:45.329, 2, 81211, 97871, 98, 351.78
2026/09/22 22:55:45.329, 3, 81207, 97871, 100, 351.26
2026/09/22 22:55:45.529, 0, 81691, 97871, 100, 357.36
2026/09/22 22:55:45.529, 1, 81717, 97871, 100, 362.54
2026/09/22 22:55:45.529, 2, 81211, 97871, 100, 357.27
2026/09/22 22:55:45.529, 3, 81207, 97871, 100, 357.91
2026/09/22 22:55:45.729, 0, 81691, 97871, 100, 363.62
2026/09/22 22:55:45.729, 1, 81717, 97871, 100, 369.12
2026/09/22 22:55:45.729, 2, 81211, 97871, 100, 363.62
2026/09/22 22:55:45.729, 3, 81207, 97871, 100, 363.71
2026/09/22 22:55:45.929, 0, 81691, 97871, 0, 336.48
2026/09/22 22:55:45.929, 1, 81717, 97871, 0, 345.10
2026/09/22 22:55:45.929, 2, 81211, 97871, 0, 336.79
2026/09/22 22:55:45.929, 3, 81207, 97871, 100, 342.96
2026/09/22 22:55:46.129, 0, 81691, 97871, 0, 291.69
2026/09/22 22:55:46.129, 1, 81717, 97871, 0, 300.65
2026/09/22 22:55:46.129, 2, 81211, 97871, 0, 293.73
2026/09/22 22:55:46.129, 3, 81207, 97871, 0, 298.17
2026/09/22 22:55:46.329, 0, 81691, 97871, 0, 244.02
2026/09/22 22:55:46.329, 1, 81717, 97871, 0, 256.41
2026/09/22 22:55:46.329, 2, 81211, 97871, 0, 247.19
2026/09/22 22:55:46.329, 3, 81207, 97871, 0, 250.60
2026/09/22 22:55:46.530, 0, 81691, 97871, 0, 196.54
2026/09/22 22:55:46.530, 1, 81717, 97871, 0, 202.97
2026/09/22 22:55:46.530, 2, 81211, 97871, 0, 194.56
2026/09/22 22:55:46.530, 3, 81207, 97871, 0, 201.67
2026/09/22 22:55:46.730, 0, 81691, 97871, 0, 141.22
2026/09/22 22:55:46.730, 1, 81717, 97871, 0, 155.83
2026/09/22 22:55:46.730, 2, 81211, 97871, 0, 142.91
2026/09/22 22:55:46.730, 3, 81207, 97871, 0, 147.25
2026/09/22 22:55:46.930, 0, 81691, 97871, 22, 133.77
2026/09/22 22:55:46.930, 1, 81717, 97871, 58, 133.82
2026/09/22 22:55:46.930, 2, 81211, 97871, 24, 135.37
2026/09/22 22:55:46.930, 3, 81207, 97871, 0, 129.60
2026/09/22 22:55:47.130, 0, 81691, 97871, 100, 175.90
2026/09/22 22:55:47.130, 1, 81717, 97871, 100, 177.08
2026/09/22 22:55:47.130, 2, 81211, 97871, 100, 176.82
2026/09/22 22:55:47.130, 3, 81207, 97871, 91, 169.29
2026/09/22 22:55:47.330, 0, 81691, 97871, 100, 218.61
2026/09/22 22:55:47.330, 1, 81717, 97871, 100, 222.46
2026/09/22 22:55:47.330, 2, 81211, 97871, 100, 221.04
2026/09/22 22:55:47.330, 3, 81207, 97871, 100, 212.92
2026/09/22 22:55:47.530, 0, 81691, 97871, 100, 263.70
2026/09/22 22:55:47.530, 1, 81717, 97871, 100, 267.20
2026/09/22 22:55:47.530, 2, 81211, 97871, 100, 262.06
2026/09/22 22:55:47.530, 3, 81207, 97871, 100, 256.79
2026/09/22 22:55:47.730, 0, 81691, 97871, 100, 304.64
2026/09/22 22:55:47.730, 1, 81717, 97871, 100, 311.91
2026/09/22 22:55:47.730, 2, 81211, 97871, 100, 305.62
2026/09/22 22:55:47.731, 3, 81207, 97871, 100, 300.09
2026/09/22 22:55:47.931, 0, 81691, 97871, 100, 343.34
2026/09/22 22:55:47.931, 1, 81717, 97871, 100, 353.38
2026/09/22 22:55:47.931, 2, 81211, 97871, 100, 343.95
2026/09/22 22:55:47.931, 3, 81207, 97871, 100, 342.43
2026/09/22 22:55:48.131, 0, 81691, 97871, 100, 344.99
2026/09/22 22:55:48.131, 1, 81717, 97871, 100, 353.38
2026/09/22 22:55:48.131, 2, 81211, 97871, 100, 345.50
2026/09/22 22:55:48.131, 3, 81207, 97871, 100, 347.11
2026/09/22 22:55:48.331, 0, 81691, 97871, 100, 345.53
2026/09/22 22:55:48.331, 1, 81717, 97871, 100, 353.27
2026/09/22 22:55:48.331, 2, 81211, 97871, 100, 345.95
2026/09/22 22:55:48.331, 3, 81207, 97871, 100, 348.13
2026/09/22 22:55:48.531, 0, 81691, 97871, 100, 346.60
2026/09/22 22:55:48.531, 1, 81717, 97871, 100, 353.59
2026/09/22 22:55:48.531, 2, 81211, 97871, 100, 347.00
2026/09/22 22:55:48.531, 3, 81207, 97871, 100, 347.55
2026/09/22 22:55:48.731, 0, 81691, 97871, 100, 346.96
2026/09/22 22:55:48.731, 1, 81717, 97871, 100, 354.46
2026/09/22 22:55:48.731, 2, 81211, 97871, 100, 347.42
2026/09/22 22:55:48.731, 3, 81207, 97871, 100, 348.62
2026/09/22 22:55:48.931, 0, 81691, 97871, 100, 346.52
2026/09/22 22:55:48.931, 1, 81717, 97871, 100, 354.53
2026/09/22 22:55:48.931, 2, 81211, 97871, 100, 347.12
2026/09/22 22:55:48.931, 3, 81207, 97871, 100, 348.87
2026/09/22 22:55:49.132, 0, 81691, 97871, 98, 349.34
2026/09/22 22:55:49.132, 1, 81717, 97871, 98, 356.40
2026/09/22 22:55:49.132, 2, 81211, 97871, 98, 347.99
2026/09/22 22:55:49.132, 3, 81207, 97871, 100, 349.64
2026/09/22 22:55:49.332, 0, 81691, 97871, 100, 356.32
2026/09/22 22:55:49.332, 1, 81717, 97871, 100, 360.32
2026/09/22 22:55:49.332, 2, 81211, 97871, 100, 352.24
2026/09/22 22:55:49.332, 3, 81207, 97871, 98, 355.29
2026/09/22 22:55:49.532, 0, 81691, 97871, 100, 362.10
2026/09/22 22:55:49.532, 1, 81717, 97871, 100, 368.78
2026/09/22 22:55:49.532, 2, 81211, 97871, 100, 357.67
2026/09/22 22:55:49.532, 3, 81207, 97871, 100, 360.69
2026/09/22 22:55:49.732, 0, 81691, 97871, 100, 363.72
2026/09/22 22:55:49.732, 1, 81717, 97871, 65, 371.10
2026/09/22 22:55:49.732, 2, 81211, 97871, 100, 360.51
2026/09/22 22:55:49.732, 3, 81207, 97871, 100, 365.15
2026/09/22 22:55:49.932, 0, 81691, 97871, 0, 321.03
2026/09/22 22:55:49.932, 1, 81717, 97871, 0, 327.68
2026/09/22 22:55:49.932, 2, 81211, 97871, 0, 317.50
2026/09/22 22:55:49.932, 3, 81207, 97871, 55, 325.53
2026/09/22 22:55:50.132, 0, 81691, 97871, 0, 272.99
2026/09/22 22:55:50.132, 1, 81717, 97871, 0, 283.15
2026/09/22 22:55:50.132, 2, 81211, 97871, 0, 272.97
2026/09/22 22:55:50.132, 3, 81207, 97871, 0, 281.31
2026/09/22 22:55:50.332, 0, 81691, 97871, 0, 225.55
2026/09/22 22:55:50.332, 1, 81717, 97871, 0, 235.64
2026/09/22 22:55:50.332, 2, 81211, 97871, 0, 226.74
2026/09/22 22:55:50.332, 3, 81207, 97871, 0, 228.02
2026/09/22 22:55:50.533, 0, 81691, 97871, 0, 171.95
2026/09/22 22:55:50.533, 1, 81717, 97871, 0, 183.53
2026/09/22 22:55:50.533, 2, 81211, 97871, 0, 179.10
2026/09/22 22:55:50.533, 3, 81207, 97871, 0, 181.23
2026/09/22 22:55:50.733, 0, 81691, 97871, 0, 127.29
2026/09/22 22:55:50.733, 1, 81717, 97871, 0, 133.24
2026/09/22 22:55:50.733, 2, 81211, 97871, 0, 128.06
2026/09/22 22:55:50.733, 3, 81207, 97871, 0, 127.73
2026/09/22 22:55:50.933, 0, 81691, 97871, 93, 149.81
2026/09/22 22:55:50.933, 1, 81717, 97871, 100, 154.47
2026/09/22 22:55:50.933, 2, 81211, 97871, 93, 150.68
2026/09/22 22:55:50.933, 3, 81207, 97871, 0, 145.50
2026/09/22 22:55:51.133, 0, 81691, 97871, 100, 191.07
2026/09/22 22:55:51.133, 1, 81717, 97871, 100, 194.24
2026/09/22 22:55:51.133, 2, 81211, 97871, 100, 193.79
2026/09/22 22:55:51.133, 3, 81207, 97871, 100, 185.81
2026/09/22 22:55:51.333, 0, 81691, 97871, 100, 235.68
2026/09/22 22:55:51.333, 1, 81717, 97871, 100, 243.75
2026/09/22 22:55:51.333, 2, 81211, 97871, 100, 238.47
2026/09/22 22:55:51.333, 3, 81207, 97871, 100, 227.83
2026/09/22 22:55:51.533, 0, 81691, 97871, 100, 276.95
2026/09/22 22:55:51.533, 1, 81717, 97871, 100, 288.83
2026/09/22 22:55:51.533, 2, 81211, 97871, 100, 282.89
2026/09/22 22:55:51.533, 3, 81207, 97871, 100, 275.96
2026/09/22 22:55:51.734, 0, 81691, 97871, 100, 324.83
2026/09/22 22:55:51.734, 1, 81717, 97871, 100, 333.38
2026/09/22 22:55:51.734, 2, 81211, 97871, 100, 323.00
2026/09/22 22:55:51.734, 3, 81207, 97871, 100, 317.96
2026/09/22 22:55:51.934, 0, 81691, 97871, 100, 343.31
2026/09/22 22:55:51.934, 1, 81717, 97871, 100, 353.97
2026/09/22 22:55:51.934, 2, 81211, 97871, 100, 345.83
2026/09/22 22:55:51.934, 3, 81207, 97871, 100, 343.98
2026/09/22 22:55:52.134, 0, 81691, 97871, 100, 346.85
2026/09/22 22:55:52.134, 1, 81717, 97871, 100, 355.26
2026/09/22 22:55:52.134, 2, 81211, 97871, 100, 348.32
2026/09/22 22:55:52.134, 3, 81207, 97871, 100, 348.05
2026/09/22 22:55:52.334, 0, 81691, 97871, 100, 347.54
2026/09/22 22:55:52.334, 1, 81717, 97871, 100, 355.30
2026/09/22 22:55:52.334, 2, 81211, 97871, 100, 348.87
2026/09/22 22:55:52.334, 3, 81207, 97871, 100, 349.21
2026/09/22 22:55:52.534, 0, 81691, 97871, 100, 347.71
2026/09/22 22:55:52.534, 1, 81717, 97871, 100, 355.31
2026/09/22 22:55:52.534, 2, 81211, 97871, 100, 349.52
2026/09/22 22:55:52.534, 3, 81207, 97871, 100, 348.01
2026/09/22 22:55:52.734, 0, 81691, 97871, 100, 348.98
2026/09/22 22:55:52.734, 1, 81717, 97871, 100, 356.25
2026/09/22 22:55:52.734, 2, 81211, 97871, 100, 349.96
2026/09/22 22:55:52.734, 3, 81207, 97871, 100, 347.77
2026/09/22 22:55:52.934, 0, 81691, 97871, 100, 348.25
2026/09/22 22:55:52.934, 1, 81717, 97871, 100, 355.86
2026/09/22 22:55:52.934, 2, 81211, 97871, 100, 349.31
2026/09/22 22:55:52.934, 3, 81207, 97871, 100, 348.56
2026/09/22 22:55:53.135, 0, 81691, 97871, 100, 355.59
2026/09/22 22:55:53.135, 1, 81717, 97871, 100, 362.33
2026/09/22 22:55:53.135, 2, 81211, 97871, 100, 353.91
2026/09/22 22:55:53.135, 3, 81207, 97871, 100, 352.11
2026/09/22 22:55:53.335, 0, 81691, 97871, 100, 359.78
2026/09/22 22:55:53.335, 1, 81717, 97871, 100, 367.82
2026/09/22 22:55:53.335, 2, 81211, 97871, 100, 358.61
2026/09/22 22:55:53.335, 3, 81207, 97871, 100, 357.02
2026/09/22 22:55:53.535, 0, 81691, 97871, 100, 364.64
2026/09/22 22:55:53.535, 1, 81717, 97871, 99, 373.29
2026/09/22 22:55:53.535, 2, 81211, 97871, 100, 365.24
2026/09/22 22:55:53.535, 3, 81207, 97871, 100, 361.33
2026/09/22 22:55:53.735, 0, 81691, 97871, 0, 326.00
2026/09/22 22:55:53.735, 1, 81717, 97871, 0, 333.97
2026/09/22 22:55:53.735, 2, 81211, 97871, 0, 325.81
2026/09/22 22:55:53.735, 3, 81207, 97871, 89, 331.14
2026/09/22 22:55:53.935, 0, 81691, 97871, 0, 281.81
2026/09/22 22:55:53.935, 1, 81717, 97871, 0, 289.77
2026/09/22 22:55:53.935, 2, 81211, 97871, 0, 281.82
2026/09/22 22:55:53.935, 3, 81207, 97871, 0, 285.78
2026/09/22 22:55:54.135, 0, 81691, 97871, 0, 232.61
2026/09/22 22:55:54.135, 1, 81717, 97871, 0, 240.62
2026/09/22 22:55:54.135, 2, 81211, 97871, 0, 231.63
2026/09/22 22:55:54.135, 3, 81207, 97871, 0, 237.43
2026/09/22 22:55:54.335, 0, 81691, 97871, 0, 183.76
2026/09/22 22:55:54.336, 1, 81717, 97871, 0, 186.88
2026/09/22 22:55:54.336, 2, 81211, 97871, 0, 182.20
2026/09/22 22:55:54.336, 3, 81207, 97871, 0, 187.36
2026/09/22 22:55:54.536, 0, 81691, 97871, 0, 135.12
2026/09/22 22:55:54.536, 1, 81717, 97871, 0, 135.97
2026/09/22 22:55:54.536, 2, 81211, 97871, 0, 135.57
2026/09/22 22:55:54.536, 3, 81207, 97871, 0, 142.17
2026/09/22 22:55:54.736, 0, 81691, 97871, 51, 141.71
2026/09/22 22:55:54.736, 1, 81717, 97871, 88, 147.27
2026/09/22 22:55:54.736, 2, 81211, 97871, 54, 143.44
2026/09/22 22:55:54.736, 3, 81207, 97871, 0, 127.93
2026/09/22 22:55:54.936, 0, 81691, 97871, 100, 180.90
2026/09/22 22:55:54.936, 1, 81717, 97871, 100, 186.65
2026/09/22 22:55:54.936, 2, 81211, 97871, 100, 181.80
2026/09/22 22:55:54.936, 3, 81207, 97871, 85, 173.17
2026/09/22 22:55:55.136, 0, 81691, 97871, 100, 226.41
2026/09/22 22:55:55.136, 1, 81717, 97871, 100, 229.07
2026/09/22 22:55:55.136, 2, 81211, 97871, 100, 225.76
2026/09/22 22:55:55.136, 3, 81207, 97871, 100, 218.79
2026/09/22 22:55:55.336, 0, 81691, 97871, 100, 269.95
2026/09/22 22:55:55.336, 1, 81717, 97871, 100, 276.80
2026/09/22 22:55:55.336, 2, 81211, 97871, 100, 268.30
2026/09/22 22:55:55.336, 3, 81207, 97871, 100, 262.97
2026/09/22 22:55:55.536, 0, 81691, 97871, 100, 314.38
2026/09/22 22:55:55.537, 1, 81717, 97871, 100, 316.91
2026/09/22 22:55:55.537, 2, 81211, 97871, 100, 314.30
2026/09/22 22:55:55.537, 3, 81207, 97871, 100, 309.72
2026/09/22 22:55:55.737, 0, 81691, 97871, 100, 342.16
2026/09/22 22:55:55.737, 1, 81717, 97871, 100, 350.80
2026/09/22 22:55:55.737, 2, 81211, 97871, 100, 341.64
2026/09/22 22:55:55.737, 3, 81207, 97871, 100, 348.42
2026/09/22 22:55:55.937, 0, 81691, 97871, 100, 346.80
2026/09/22 22:55:55.937, 1, 81717, 97871, 100, 355.54
2026/09/22 22:55:55.937, 2, 81211, 97871, 100, 348.02
2026/09/22 22:55:55.937, 3, 81207, 97871, 100, 348.13
2026/09/22 22:55:56.137, 0, 81691, 97871, 100, 346.66
2026/09/22 22:55:56.137, 1, 81717, 97871, 100, 355.11
2026/09/22 22:55:56.137, 2, 81211, 97871, 100, 348.04
2026/09/22 22:55:56.137, 3, 81207, 97871, 100, 348.94
2026/09/22 22:55:56.337, 0, 81691, 97871, 100, 349.00
2026/09/22 22:55:56.337, 1, 81717, 97871, 100, 356.36
2026/09/22 22:55:56.337, 2, 81211, 97871, 100, 348.87
2026/09/22 22:55:56.337, 3, 81207, 97871, 100, 348.91
2026/09/22 22:55:56.537, 0, 81691, 97871, 100, 348.20
2026/09/22 22:55:56.537, 1, 81717, 97871, 100, 357.46
2026/09/22 22:55:56.537, 2, 81211, 97871, 100, 349.40
2026/09/22 22:55:56.537, 3, 81207, 97871, 100, 348.55
2026/09/22 22:55:56.737, 0, 81691, 97871, 100, 348.71
2026/09/22 22:55:56.737, 1, 81717, 97871, 100, 357.79
2026/09/22 22:55:56.737, 2, 81211, 97871, 100, 349.18
2026/09/22 22:55:56.737, 3, 81207, 97871, 100, 350.34
2026/09/22 22:55:56.937, 0, 81691, 97871, 100, 357.64
2026/09/22 22:55:56.937, 1, 81717, 97871, 100, 361.99
2026/09/22 22:55:56.938, 2, 81211, 97871, 100, 354.64
2026/09/22 22:55:56.938, 3, 81207, 97871, 99, 355.17
2026/09/22 22:55:57.138, 0, 81691, 97871, 100, 366.23
2026/09/22 22:55:57.138, 1, 81717, 97871, 100, 367.97
2026/09/22 22:55:57.138, 2, 81211, 97871, 100, 357.45
2026/09/22 22:55:57.138, 3, 81207, 97871, 100, 356.93
2026/09/22 22:55:57.338, 0, 81691, 97871, 39, 351.81
2026/09/22 22:55:57.338, 1, 81717, 97871, 0, 348.27
2026/09/22 22:55:57.338, 2, 81211, 97871, 33, 340.04
2026/09/22 22:55:57.338, 3, 81207, 97871, 100, 349.05
2026/09/22 22:55:57.538, 0, 81691, 97871, 56, 322.91
2026/09/22 22:55:57.538, 1, 81717, 97871, 89, 320.30
2026/09/22 22:55:57.538, 2, 81211, 97871, 59, 312.73
2026/09/22 22:55:57.538, 3, 81207, 97871, 0, 313.21
2026/09/22 22:55:57.738, 0, 81691, 97871, 100, 323.50
2026/09/22 22:55:57.738, 1, 81717, 97871, 100, 320.85
2026/09/22 22:55:57.738, 2, 81211, 97871, 100, 314.21
2026/09/22 22:55:57.738, 3, 81207, 97871, 100, 313.83
2026/09/22 22:55:57.938, 0, 81691, 97871, 73, 305.52
2026/09/22 22:55:57.938, 1, 81717, 97871, 45, 307.70
2026/09/22 22:55:57.938, 2, 81211, 97871, 83, 301.30
2026/09/22 22:55:57.938, 3, 81207, 97871, 100, 303.11
2026/09/22 22:55:58.139, 0, 81691, 97871, 0, 255.33
2026/09/22 22:55:58.139, 1, 81717, 97871, 0, 260.85
2026/09/22 22:55:58.139, 2, 81211, 97871, 0, 253.22
2026/09/22 22:55:58.139, 3, 81207, 97871, 36, 256.36
2026/09/22 22:55:58.339, 0, 81691, 97871, 0, 221.98
2026/09/22 22:55:58.339, 1, 81717, 97871, 0, 230.04
2026/09/22 22:55:58.339, 2, 81211, 97871, 0, 224.51
2026/09/22 22:55:58.339, 3, 81207, 97871, 0, 223.39
2026/09/22 22:55:58.539, 0, 81691, 97871, 0, 206.93
2026/09/22 22:55:58.539, 1, 81717, 97871, 0, 214.92
2026/09/22 22:55:58.539, 2, 81211, 97871, 0, 207.83
2026/09/22 22:55:58.539, 3, 81207, 97871, 0, 209.01
2026/09/22 22:55:58.739, 0, 81691, 97871, 0, 160.53
2026/09/22 22:55:58.740, 1, 81717, 97871, 0, 171.40
2026/09/22 22:55:58.740, 2, 81211, 97871, 0, 164.91
2026/09/22 22:55:58.740, 3, 81207, 97871, 0, 162.29
2026/09/22 22:55:58.940, 0, 81691, 97871, 0, 125.77
2026/09/22 22:55:58.940, 1, 81717, 97871, 0, 132.55
2026/09/22 22:55:58.940, 2, 81211, 97871, 0, 126.23
2026/09/22 22:55:58.940, 3, 81207, 97871, 0, 124.80
2026/09/22 22:55:59.140, 0, 81691, 97871, 0, 123.84
2026/09/22 22:55:59.140, 1, 81717, 97871, 0, 130.41
2026/09/22 22:55:59.140, 2, 81211, 97871, 0, 125.13
2026/09/22 22:55:59.140, 3, 81207, 97871, 0, 122.56
2026/09/22 22:55:59.340, 0, 81691, 97871, 0, 123.65
2026/09/22 22:55:59.341, 1, 81717, 97871, 0, 130.02
2026/09/22 22:55:59.341, 2, 81211, 97871, 0, 124.87
2026/09/22 22:55:59.341, 3, 81207, 97871, 0, 122.44
2026/09/22 22:55:59.541, 0, 81691, 97871, 0, 123.51
2026/09/22 22:55:59.541, 1, 81717, 97871, 0, 129.71
2026/09/22 22:55:59.541, 2, 81211, 97871, 0, 124.61
2026/09/22 22:55:59.541, 3, 81207, 97871, 0, 122.35
2026/09/22 22:55:59.741, 0, 81691, 97871, 0, 123.38
2026/09/22 22:55:59.741, 1, 81717, 97871, 0, 129.55
2026/09/22 22:55:59.741, 2, 81211, 97871, 0, 124.40
2026/09/22 22:55:59.741, 3, 81207, 97871, 0, 122.29
2026/09/22 22:55:59.941, 0, 81691, 97871, 0, 123.28
2026/09/22 22:55:59.941, 1, 81717, 97871, 0, 129.43
2026/09/22 22:55:59.941, 2, 81211, 97871, 0, 124.21
2026/09/22 22:55:59.941, 3, 81207, 97871, 0, 122.25
2026/09/22 22:56:00.141, 0, 81691, 97871, 0, 123.17
2026/09/22 22:56:00.141, 1, 81717, 97871, 0, 129.32
2026/09/22 22:56:00.141, 2, 81211, 97871, 0, 124.08
2026/09/22 22:56:00.141, 3, 81207, 97871, 0, 122.18
2026/09/22 22:56:00.341, 0, 81691, 97871, 0, 123.09
2026/09/22 22:56:00.341, 1, 81717, 97871, 0, 129.24
2026/09/22 22:56:00.341, 2, 81211, 97871, 0, 124.00
2026/09/22 22:56:00.341, 3, 81207, 97871, 0, 122.13
2026/09/22 22:56:00.541, 0, 81691, 97871, 0, 123.04
2026/09/22 22:56:00.542, 1, 81717, 97871, 0, 129.15
2026/09/22 22:56:00.542, 2, 81211, 97871, 0, 123.94
2026/09/22 22:56:00.542, 3, 81207, 97871, 0, 122.11
2026/09/22 22:56:00.742, 0, 81691, 97871, 0, 122.98
2026/09/22 22:56:00.742, 1, 81717, 97871, 0, 129.05
2026/09/22 22:56:00.742, 2, 81211, 97871, 0, 123.88
2026/09/22 22:56:00.742, 3, 81207, 97871, 0, 122.07
2026/09/22 22:56:00.942, 0, 81691, 97871, 0, 122.92
2026/09/22 22:56:00.942, 1, 81717, 97871, 0, 129.02
2026/09/22 22:56:00.942, 2, 81211, 97871, 0, 123.83
2026/09/22 22:56:00.942, 3, 81207, 97871, 0, 122.04
2026/09/22 22:56:01.142, 0, 81691, 97871, 0, 122.88
2026/09/22 22:56:01.142, 1, 81717, 97871, 0, 128.95
2026/09/22 22:56:01.142, 2, 81211, 97871, 0, 123.80
2026/09/22 22:56:01.142, 3, 81207, 97871, 0, 122.00
2026/09/22 22:56:01.342, 0, 81691, 97871, 0, 122.83
2026/09/22 22:56:01.342, 1, 81717, 97871, 0, 128.88
2026/09/22 22:56:01.342, 2, 81211, 97871, 0, 123.77
2026/09/22 22:56:01.342, 3, 81207, 97871, 0, 122.00
2026/09/22 22:56:01.542, 0, 81691, 97871, 0, 122.78
2026/09/22 22:56:01.542, 1, 81717, 97871, 0, 128.84
2026/09/22 22:56:01.542, 2, 81211, 97871, 0, 123.75
2026/09/22 22:56:01.542, 3, 81207, 97871, 0, 121.96
2026/09/22 22:56:01.743, 0, 81691, 97871, 0, 122.74
2026/09/22 22:56:01.743, 1, 81717, 97871, 0, 128.76
2026/09/22 22:56:01.743, 2, 81211, 97871, 0, 123.70
2026/09/22 22:56:01.743, 3, 81207, 97871, 0, 121.92
2026/09/22 22:56:01.943, 0, 81691, 97871, 0, 122.73
2026/09/22 22:56:01.943, 1, 81717, 97871, 0, 128.71
2026/09/22 22:56:01.943, 2, 81211, 97871, 0, 123.65
2026/09/22 22:56:01.943, 3, 81207, 97871, 0, 121.89
2026/09/22 22:56:02.143, 0, 81691, 97871, 0, 122.68
2026/09/22 22:56:02.143, 1, 81717, 97871, 0, 128.67
2026/09/22 22:56:02.143, 2, 81211, 97871, 0, 123.61
2026/09/22 22:56:02.143, 3, 81207, 97871, 0, 121.87
2026/09/22 22:56:02.343, 0, 81691, 97871, 0, 122.65
2026/09/22 22:56:02.343, 1, 81717, 97871, 0, 128.62
2026/09/22 22:56:02.343, 2, 81211, 97871, 0, 123.54
2026/09/22 22:56:02.343, 3, 81207, 97871, 0, 121.83
2026/09/22 22:56:02.543, 0, 81691, 97871, 0, 122.63
2026/09/22 22:56:02.543, 1, 81717, 97871, 0, 128.58
2026/09/22 22:56:02.543, 2, 81211, 97871, 0, 123.51
2026/09/22 22:56:02.543, 3, 81207, 97871, 0, 121.81
2026/09/22 22:56:02.744, 0, 81691, 97871, 0, 122.61
2026/09/22 22:56:02.744, 1, 81717, 97871, 0, 128.54
2026/09/22 22:56:02.744, 2, 81211, 97871, 0, 123.48
2026/09/22 22:56:02.744, 3, 81207, 97871, 0, 121.77
2026/09/22 22:56:02.944, 0, 81691, 97871, 0, 122.53
2026/09/22 22:56:02.944, 1, 81717, 97871, 0, 128.50
2026/09/22 22:56:02.944, 2, 81211, 97871, 0, 123.45
2026/09/22 22:56:02.944, 3, 81207, 97871, 0, 121.76
2026/09/22 22:56:03.144, 0, 81691, 97871, 0, 122.50
2026/09/22 22:56:03.144, 1, 81717, 97871, 0, 128.49
2026/09/22 22:56:03.144, 2, 81211, 97871, 0, 123.43
2026/09/22 22:56:03.144, 3, 81207, 97871, 0, 121.74
2026/09/22 22:56:03.344, 0, 81691, 97871, 12, 132.77
2026/09/22 22:56:03.344, 1, 81717, 97871, 0, 139.77
2026/09/22 22:56:03.344, 2, 81211, 97871, 33, 133.78
2026/09/22 22:56:03.344, 3, 81207, 97871, 0, 132.71
2026/09/22 22:56:03.544, 0, 81691, 97871, 0, 132.51
2026/09/22 22:56:03.545, 1, 81717, 97871, 0, 139.55
2026/09/22 22:56:03.545, 2, 81211, 97871, 0, 133.79
2026/09/22 22:56:03.545, 3, 81207, 97871, 0, 132.93
2026/09/22 22:56:03.745, 0, 81691, 97871, 0, 132.69
2026/09/22 22:56:03.745, 1, 81717, 97871, 3, 139.57
2026/09/22 22:56:03.745, 2, 81211, 97871, 0, 133.76
2026/09/22 22:56:03.745, 3, 81207, 97871, 0, 132.73
2026/09/22 22:56:03.945, 0, 81691, 97871, 100, 171.02
2026/09/22 22:56:03.945, 1, 81717, 97871, 100, 179.32
2026/09/22 22:56:03.945, 2, 81211, 97871, 100, 174.00
2026/09/22 22:56:03.945, 3, 81207, 97871, 12, 169.00
2026/09/22 22:56:04.145, 0, 81691, 97871, 100, 216.69
2026/09/22 22:56:04.145, 1, 81717, 97871, 100, 226.65
2026/09/22 22:56:04.145, 2, 81211, 97871, 100, 219.64
2026/09/22 22:56:04.145, 3, 81207, 97871, 100, 215.12
2026/09/22 22:56:04.346, 0, 81691, 97871, 100, 252.32
2026/09/22 22:56:04.346, 1, 81717, 97871, 100, 261.89
2026/09/22 22:56:04.346, 2, 81211, 97871, 100, 255.86
2026/09/22 22:56:04.346, 3, 81207, 97871, 100, 252.83
2026/09/22 22:56:04.546, 0, 81691, 97871, 92, 295.88
2026/09/22 22:56:04.546, 1, 81717, 97871, 82, 305.63
2026/09/22 22:56:04.546, 2, 81211, 97871, 92, 299.20
2026/09/22 22:56:04.546, 3, 81207, 97871, 100, 297.18
2026/09/22 22:56:04.746, 0, 81691, 97871, 0, 303.99
2026/09/22 22:56:04.746, 1, 81717, 97871, 0, 306.03
2026/09/22 22:56:04.746, 2, 81211, 97871, 0, 302.91
2026/09/22 22:56:04.746, 3, 81207, 97871, 76, 300.30
2026/09/22 22:56:04.946, 0, 81691, 97871, 0, 264.84
2026/09/22 22:56:04.946, 1, 81717, 97871, 0, 270.71
2026/09/22 22:56:04.946, 2, 81211, 97871, 0, 264.60
2026/09/22 22:56:04.946, 3, 81207, 97871, 0, 266.92
2026/09/22 22:56:05.147, 0, 81691, 97871, 0, 218.38
2026/09/22 22:56:05.147, 1, 81717, 97871, 0, 225.58
2026/09/22 22:56:05.147, 2, 81211, 97871, 0, 219.93
2026/09/22 22:56:05.147, 3, 81207, 97871, 0, 199.51
2026/09/22 22:56:05.347, 0, 81691, 97871, 0, 175.29
2026/09/22 22:56:05.347, 1, 81717, 97871, 0, 179.88
2026/09/22 22:56:05.347, 2, 81211, 97871, 0, 170.70
2026/09/22 22:56:05.347, 3, 81207, 97871, 0, 149.17
2026/09/22 22:56:05.547, 0, 81691, 97871, 0, 127.45
2026/09/22 22:56:05.547, 1, 81717, 97871, 0, 136.95
2026/09/22 22:56:05.547, 2, 81211, 97871, 0, 127.39
2026/09/22 22:56:05.547, 3, 81207, 97871, 0, 122.04
2026/09/22 22:56:05.747, 0, 81691, 97871, 0, 126.54
2026/09/22 22:56:05.747, 1, 81717, 97871, 32, 131.28
2026/09/22 22:56:05.747, 2, 81211, 97871, 1, 127.61
2026/09/22 22:56:05.747, 3, 81207, 97871, 0, 148.63
2026/09/22 22:56:05.947, 0, 81691, 97871, 100, 168.73
2026/09/22 22:56:05.947, 1, 81717, 97871, 100, 176.46
2026/09/22 22:56:05.947, 2, 81211, 97871, 100, 171.36
2026/09/22 22:56:05.947, 3, 81207, 97871, 65, 187.82
2026/09/22 22:56:06.147, 0, 81691, 97871, 100, 211.53
2026/09/22 22:56:06.147, 1, 81717, 97871, 100, 220.39
2026/09/22 22:56:06.147, 2, 81211, 97871, 100, 215.48
2026/09/22 22:56:06.147, 3, 81207, 97871, 100, 234.07
2026/09/22 22:56:06.348, 0, 81691, 97871, 100, 258.36
2026/09/22 22:56:06.348, 1, 81717, 97871, 100, 262.68
2026/09/22 22:56:06.348, 2, 81211, 97871, 100, 257.67
2026/09/22 22:56:06.348, 3, 81207, 97871, 100, 276.73
2026/09/22 22:56:06.548, 0, 81691, 97871, 100, 299.66
2026/09/22 22:56:06.548, 1, 81717, 97871, 100, 306.63
2026/09/22 22:56:06.548, 2, 81211, 97871, 100, 301.52
2026/09/22 22:56:06.548, 3, 81207, 97871, 100, 324.74
2026/09/22 22:56:06.748, 0, 81691, 97871, 100, 343.27
2026/09/22 22:56:06.748, 1, 81717, 97871, 100, 350.47
2026/09/22 22:56:06.748, 2, 81211, 97871, 100, 344.70
2026/09/22 22:56:06.748, 3, 81207, 97871, 100, 342.41
2026/09/22 22:56:06.948, 0, 81691, 97871, 100, 344.53
2026/09/22 22:56:06.948, 1, 81717, 97871, 100, 352.09
2026/09/22 22:56:06.948, 2, 81211, 97871, 100, 346.83
2026/09/22 22:56:06.948, 3, 81207, 97871, 100, 347.36
2026/09/22 22:56:07.148, 0, 81691, 97871, 100, 345.44
2026/09/22 22:56:07.148, 1, 81717, 97871, 100, 353.72
2026/09/22 22:56:07.148, 2, 81211, 97871, 100, 347.18
2026/09/22 22:56:07.148, 3, 81207, 97871, 100, 348.61
2026/09/22 22:56:07.348, 0, 81691, 97871, 100, 346.07
2026/09/22 22:56:07.348, 1, 81717, 97871, 100, 354.72
2026/09/22 22:56:07.348, 2, 81211, 97871, 100, 347.89
2026/09/22 22:56:07.348, 3, 81207, 97871, 100, 349.11
2026/09/22 22:56:07.548, 0, 81691, 97871, 100, 346.17
2026/09/22 22:56:07.548, 1, 81717, 97871, 100, 355.04
2026/09/22 22:56:07.548, 2, 81211, 97871, 100, 348.21
2026/09/22 22:56:07.548, 3, 81207, 97871, 100, 349.22
2026/09/22 22:56:07.748, 0, 81691, 97871, 100, 346.98
2026/09/22 22:56:07.748, 1, 81717, 97871, 100, 355.12
2026/09/22 22:56:07.748, 2, 81211, 97871, 100, 348.60
2026/09/22 22:56:07.749, 3, 81207, 97871, 100, 348.78
2026/09/22 22:56:07.949, 0, 81691, 97871, 100, 348.26
2026/09/22 22:56:07.949, 1, 81717, 97871, 100, 355.29
2026/09/22 22:56:07.949, 2, 81211, 97871, 100, 348.55
2026/09/22 22:56:07.949, 3, 81207, 97871, 100, 349.95
2026/09/22 22:56:08.149, 0, 81691, 97871, 100, 354.04
2026/09/22 22:56:08.149, 1, 81717, 97871, 100, 359.57
2026/09/22 22:56:08.149, 2, 81211, 97871, 100, 354.01
2026/09/22 22:56:08.149, 3, 81207, 97871, 100, 354.65
2026/09/22 22:56:08.349, 0, 81691, 97871, 94, 348.12
2026/09/22 22:56:08.349, 1, 81717, 97871, 49, 356.79
2026/09/22 22:56:08.349, 2, 81211, 97871, 88, 351.86
2026/09/22 22:56:08.349, 3, 81207, 97871, 100, 330.44
2026/09/22 22:56:08.549, 0, 81691, 97871, 0, 304.02
2026/09/22 22:56:08.549, 1, 81717, 97871, 0, 312.36
2026/09/22 22:56:08.549, 2, 81211, 97871, 0, 303.40
2026/09/22 22:56:08.549, 3, 81207, 97871, 40, 284.42
2026/09/22 22:56:08.749, 0, 81691, 97871, 0, 258.91
2026/09/22 22:56:08.749, 1, 81717, 97871, 0, 267.60
2026/09/22 22:56:08.749, 2, 81211, 97871, 0, 258.30
2026/09/22 22:56:08.749, 3, 81207, 97871, 0, 239.71
2026/09/22 22:56:08.949, 0, 81691, 97871, 0, 213.84
2026/09/22 22:56:08.949, 1, 81717, 97871, 0, 225.09
2026/09/22 22:56:08.949, 2, 81211, 97871, 0, 212.88
2026/09/22 22:56:08.949, 3, 81207, 97871, 0, 193.28
2026/09/22 22:56:09.150, 0, 81691, 97871, 0, 163.05
2026/09/22 22:56:09.150, 1, 81717, 97871, 0, 172.80
2026/09/22 22:56:09.150, 2, 81211, 97871, 0, 167.36
2026/09/22 22:56:09.150, 3, 81207, 97871, 0, 147.68
2026/09/22 22:56:09.350, 0, 81691, 97871, 0, 124.28
2026/09/22 22:56:09.350, 1, 81717, 97871, 0, 130.44
2026/09/22 22:56:09.350, 2, 81211, 97871, 0, 125.58
2026/09/22 22:56:09.350, 3, 81207, 97871, 0, 122.29
2026/09/22 22:56:09.550, 0, 81691, 97871, 100, 154.37
2026/09/22 22:56:09.550, 1, 81717, 97871, 38, 133.20
2026/09/22 22:56:09.550, 2, 81211, 97871, 0, 124.84
2026/09/22 22:56:09.550, 3, 81207, 97871, 0, 155.13
2026/09/22 22:56:09.750, 0, 81691, 97871, 100, 169.86
2026/09/22 22:56:09.750, 1, 81717, 97871, 100, 173.72
2026/09/22 22:56:09.750, 2, 81211, 97871, 100, 171.83
2026/09/22 22:56:09.750, 3, 81207, 97871, 100, 185.37
2026/09/22 22:56:09.950, 0, 81691, 97871, 100, 214.38
2026/09/22 22:56:09.950, 1, 81717, 97871, 100, 217.75
2026/09/22 22:56:09.950, 2, 81211, 97871, 100, 209.42
2026/09/22 22:56:09.950, 3, 81207, 97871, 100, 228.72
2026/09/22 22:56:10.150, 0, 81691, 97871, 100, 260.17
2026/09/22 22:56:10.150, 1, 81717, 97871, 100, 263.02
2026/09/22 22:56:10.150, 2, 81211, 97871, 100, 260.28
2026/09/22 22:56:10.150, 3, 81207, 97871, 100, 277.03
2026/09/22 22:56:10.351, 0, 81691, 97871, 100, 304.57
2026/09/22 22:56:10.351, 1, 81717, 97871, 100, 308.58
2026/09/22 22:56:10.351, 2, 81211, 97871, 100, 302.32
2026/09/22 22:56:10.351, 3, 81207, 97871, 100, 322.04
2026/09/22 22:56:10.551, 0, 81691, 97871, 100, 318.84
2026/09/22 22:56:10.551, 1, 81717, 97871, 100, 349.29
2026/09/22 22:56:10.551, 2, 81211, 97871, 100, 350.26
2026/09/22 22:56:10.551, 3, 81207, 97871, 100, 333.20
2026/09/22 22:56:10.751, 0, 81691, 97871, 100, 347.19
2026/09/22 22:56:10.751, 1, 81717, 97871, 100, 353.28
2026/09/22 22:56:10.751, 2, 81211, 97871, 100, 347.17
2026/09/22 22:56:10.751, 3, 81207, 97871, 100, 348.86
2026/09/22 22:56:10.951, 0, 81691, 97871, 100, 345.99
2026/09/22 22:56:10.951, 1, 81717, 97871, 100, 355.45
2026/09/22 22:56:10.951, 2, 81211, 97871, 100, 348.94
2026/09/22 22:56:10.951, 3, 81207, 97871, 100, 348.61
2026/09/22 22:56:11.151, 0, 81691, 97871, 100, 347.88
2026/09/22 22:56:11.151, 1, 81717, 97871, 100, 354.92
2026/09/22 22:56:11.151, 2, 81211, 97871, 100, 348.99
2026/09/22 22:56:11.151, 3, 81207, 97871, 100, 348.23
2026/09/22 22:56:11.351, 0, 81691, 97871, 100, 348.25
2026/09/22 22:56:11.351, 1, 81717, 97871, 100, 355.51
2026/09/22 22:56:11.352, 2, 81211, 97871, 100, 348.75
2026/09/22 22:56:11.352, 3, 81207, 97871, 100, 349.38
2026/09/22 22:56:11.552, 0, 81691, 97871, 100, 347.70
2026/09/22 22:56:11.552, 1, 81717, 97871, 100, 356.26
2026/09/22 22:56:11.552, 2, 81211, 97871, 100, 349.35
2026/09/22 22:56:11.552, 3, 81207, 97871, 100, 348.78
2026/09/22 22:56:11.752, 0, 81691, 97871, 98, 349.56
2026/09/22 22:56:11.752, 1, 81717, 97871, 98, 356.58
2026/09/22 22:56:11.752, 2, 81211, 97871, 98, 350.32
2026/09/22 22:56:11.752, 3, 81207, 97871, 100, 350.86
2026/09/22 22:56:11.952, 0, 81691, 97871, 100, 355.77
2026/09/22 22:56:11.952, 1, 81717, 97871, 96, 362.09
2026/09/22 22:56:11.952, 2, 81211, 97871, 100, 353.36
2026/09/22 22:56:11.952, 3, 81207, 97871, 98, 340.06
2026/09/22 22:56:12.153, 0, 81691, 97871, 0, 312.82
2026/09/22 22:56:12.153, 1, 81717, 97871, 0, 323.20
2026/09/22 22:56:12.153, 2, 81211, 97871, 0, 311.95
2026/09/22 22:56:12.153, 3, 81207, 97871, 88, 295.88
2026/09/22 22:56:12.353, 0, 81691, 97871, 0, 269.74
2026/09/22 22:56:12.353, 1, 81717, 97871, 0, 275.38
2026/09/22 22:56:12.353, 2, 81211, 97871, 0, 267.04
2026/09/22 22:56:12.353, 3, 81207, 97871, 0, 250.54
2026/09/22 22:56:12.553, 0, 81691, 97871, 0, 222.95
2026/09/22 22:56:12.553, 1, 81717, 97871, 0, 233.37
2026/09/22 22:56:12.553, 2, 81211, 97871, 0, 223.70
2026/09/22 22:56:12.553, 3, 81207, 97871, 0, 206.92
2026/09/22 22:56:12.753, 0, 81691, 97871, 0, 180.87
2026/09/22 22:56:12.753, 1, 81717, 97871, 0, 189.57
2026/09/22 22:56:12.753, 2, 81211, 97871, 0, 175.01
2026/09/22 22:56:12.753, 3, 81207, 97871, 0, 160.11
2026/09/22 22:56:12.953, 0, 81691, 97871, 0, 126.06
2026/09/22 22:56:12.953, 1, 81717, 97871, 0, 134.70
2026/09/22 22:56:12.953, 2, 81211, 97871, 0, 129.44
2026/09/22 22:56:12.953, 3, 81207, 97871, 0, 123.09
2026/09/22 22:56:13.153, 0, 81691, 97871, 49, 144.66
2026/09/22 22:56:13.154, 1, 81717, 97871, 96, 148.97
2026/09/22 22:56:13.154, 2, 81211, 97871, 72, 149.88
2026/09/22 22:56:13.154, 3, 81207, 97871, 0, 160.74
2026/09/22 22:56:13.354, 0, 81691, 97871, 100, 186.74
2026/09/22 22:56:13.354, 1, 81717, 97871, 100, 191.29
2026/09/22 22:56:13.354, 2, 81211, 97871, 100, 190.08
2026/09/22 22:56:13.354, 3, 81207, 97871, 100, 204.74
2026/09/22 22:56:13.554, 0, 81691, 97871, 100, 229.85
2026/09/22 22:56:13.554, 1, 81717, 97871, 100, 236.96
2026/09/22 22:56:13.554, 2, 81211, 97871, 100, 232.22
2026/09/22 22:56:13.554, 3, 81207, 97871, 100, 246.75
2026/09/22 22:56:13.754, 0, 81691, 97871, 100, 276.21
2026/09/22 22:56:13.754, 1, 81717, 97871, 100, 281.45
2026/09/22 22:56:13.754, 2, 81211, 97871, 100, 279.53
2026/09/22 22:56:13.754, 3, 81207, 97871, 100, 294.15
2026/09/22 22:56:13.954, 0, 81691, 97871, 100, 316.66
2026/09/22 22:56:13.954, 1, 81717, 97871, 100, 326.67
2026/09/22 22:56:13.954, 2, 81211, 97871, 100, 323.92
2026/09/22 22:56:13.954, 3, 81207, 97871, 100, 339.34
2026/09/22 22:56:14.154, 0, 81691, 97871, 100, 342.39
2026/09/22 22:56:14.154, 1, 81717, 97871, 100, 351.16
2026/09/22 22:56:14.154, 2, 81211, 97871, 100, 343.33
2026/09/22 22:56:14.154, 3, 81207, 97871, 100, 345.57
2026/09/22 22:56:14.354, 0, 81691, 97871, 100, 343.77
2026/09/22 22:56:14.354, 1, 81717, 97871, 100, 352.85
2026/09/22 22:56:14.354, 2, 81211, 97871, 100, 347.63
2026/09/22 22:56:14.354, 3, 81207, 97871, 100, 346.52
2026/09/22 22:56:14.554, 0, 81691, 97871, 100, 345.24
2026/09/22 22:56:14.554, 1, 81717, 97871, 100, 352.99
2026/09/22 22:56:14.555, 2, 81211, 97871, 100, 348.92
2026/09/22 22:56:14.555, 3, 81207, 97871, 100, 347.45
2026/09/22 22:56:14.755, 0, 81691, 97871, 100, 345.85
2026/09/22 22:56:14.755, 1, 81717, 97871, 100, 354.18
2026/09/22 22:56:14.755, 2, 81211, 97871, 100, 348.51
2026/09/22 22:56:14.755, 3, 81207, 97871, 100, 347.30
2026/09/22 22:56:14.955, 0, 81691, 97871, 100, 346.08
2026/09/22 22:56:14.955, 1, 81717, 97871, 100, 353.32
2026/09/22 22:56:14.955, 2, 81211, 97871, 100, 348.12
2026/09/22 22:56:14.955, 3, 81207, 97871, 100, 346.89
2026/09/22 22:56:15.155, 0, 81691, 97871, 100, 346.42
2026/09/22 22:56:15.155, 1, 81717, 97871, 100, 354.95
2026/09/22 22:56:15.155, 2, 81211, 97871, 100, 348.61
2026/09/22 22:56:15.155, 3, 81207, 97871, 100, 347.10
2026/09/22 22:56:15.355, 0, 81691, 97871, 98, 347.94
2026/09/22 22:56:15.355, 1, 81717, 97871, 97, 357.43
2026/09/22 22:56:15.355, 2, 81211, 97871, 97, 349.90
2026/09/22 22:56:15.355, 3, 81207, 97871, 100, 353.97
2026/09/22 22:56:15.555, 0, 81691, 97871, 100, 355.07
2026/09/22 22:56:15.555, 1, 81717, 97871, 100, 362.93
2026/09/22 22:56:15.555, 2, 81211, 97871, 100, 352.45
2026/09/22 22:56:15.555, 3, 81207, 97871, 97, 360.10
2026/09/22 22:56:15.755, 0, 81691, 97871, 100, 357.00
2026/09/22 22:56:15.755, 1, 81717, 97871, 100, 369.86
2026/09/22 22:56:15.755, 2, 81211, 97871, 100, 359.46
2026/09/22 22:56:15.755, 3, 81207, 97871, 100, 356.67
2026/09/22 22:56:15.955, 0, 81691, 97871, 0, 325.91
2026/09/22 22:56:15.955, 1, 81717, 97871, 0, 341.49
2026/09/22 22:56:15.956, 2, 81211, 97871, 0, 327.47
2026/09/22 22:56:15.956, 3, 81207, 97871, 100, 313.32
2026/09/22 22:56:16.156, 0, 81691, 97871, 0, 283.67
2026/09/22 22:56:16.156, 1, 81717, 97871, 0, 297.90
2026/09/22 22:56:16.156, 2, 81211, 97871, 0, 284.55
2026/09/22 22:56:16.156, 3, 81207, 97871, 0, 270.03
2026/09/22 22:56:16.356, 0, 81691, 97871, 0, 235.81
2026/09/22 22:56:16.356, 1, 81717, 97871, 0, 249.30
2026/09/22 22:56:16.356, 2, 81211, 97871, 0, 236.89
2026/09/22 22:56:16.356, 3, 81207, 97871, 0, 216.65
2026/09/22 22:56:16.556, 0, 81691, 97871, 0, 184.10
2026/09/22 22:56:16.556, 1, 81717, 97871, 0, 201.76
2026/09/22 22:56:16.556, 2, 81211, 97871, 0, 189.12
2026/09/22 22:56:16.556, 3, 81207, 97871, 0, 169.68
2026/09/22 22:56:16.756, 0, 81691, 97871, 0, 137.14
2026/09/22 22:56:16.756, 1, 81717, 97871, 0, 151.62
2026/09/22 22:56:16.756, 2, 81211, 97871, 0, 142.26
2026/09/22 22:56:16.756, 3, 81207, 97871, 0, 124.59
2026/09/22 22:56:16.956, 0, 81691, 97871, 2, 133.87
2026/09/22 22:56:16.956, 1, 81717, 97871, 24, 130.63
2026/09/22 22:56:16.956, 2, 81211, 97871, 0, 134.58
2026/09/22 22:56:16.956, 3, 81207, 97871, 0, 150.79
2026/09/22 22:56:17.157, 0, 81691, 97871, 100, 172.56
2026/09/22 22:56:17.157, 1, 81717, 97871, 100, 174.67
2026/09/22 22:56:17.157, 2, 81211, 97871, 100, 175.26
2026/09/22 22:56:17.157, 3, 81207, 97871, 68, 188.27
2026/09/22 22:56:17.357, 0, 81691, 97871, 100, 215.79
2026/09/22 22:56:17.357, 1, 81717, 97871, 100, 218.65
2026/09/22 22:56:17.357, 2, 81211, 97871, 100, 217.17
2026/09/22 22:56:17.357, 3, 81207, 97871, 100, 232.22
2026/09/22 22:56:17.557, 0, 81691, 97871, 100, 261.29
2026/09/22 22:56:17.557, 1, 81717, 97871, 100, 264.74
2026/09/22 22:56:17.557, 2, 81211, 97871, 100, 259.66
2026/09/22 22:56:17.557, 3, 81207, 97871, 100, 279.08
2026/09/22 22:56:17.757, 0, 81691, 97871, 100, 301.29
2026/09/22 22:56:17.757, 1, 81717, 97871, 100, 305.94
2026/09/22 22:56:17.757, 2, 81211, 97871, 100, 302.99
2026/09/22 22:56:17.757, 3, 81207, 97871, 100, 320.63
2026/09/22 22:56:17.957, 0, 81691, 97871, 100, 340.48
2026/09/22 22:56:17.957, 1, 81717, 97871, 100, 354.96
2026/09/22 22:56:17.957, 2, 81211, 97871, 100, 343.77
2026/09/22 22:56:17.957, 3, 81207, 97871, 100, 340.37
2026/09/22 22:56:18.157, 0, 81691, 97871, 100, 345.93
2026/09/22 22:56:18.157, 1, 81717, 97871, 100, 353.68
2026/09/22 22:56:18.157, 2, 81211, 97871, 100, 345.29
2026/09/22 22:56:18.157, 3, 81207, 97871, 100, 346.75
2026/09/22 22:56:18.357, 0, 81691, 97871, 100, 345.21
2026/09/22 22:56:18.357, 1, 81717, 97871, 100, 354.70
2026/09/22 22:56:18.358, 2, 81211, 97871, 100, 346.58
2026/09/22 22:56:18.358, 3, 81207, 97871, 100, 347.67
2026/09/22 22:56:18.558, 0, 81691, 97871, 100, 346.72
2026/09/22 22:56:18.558, 1, 81717, 97871, 100, 355.57
2026/09/22 22:56:18.558, 2, 81211, 97871, 100, 348.88
2026/09/22 22:56:18.558, 3, 81207, 97871, 100, 348.11
2026/09/22 22:56:18.758, 0, 81691, 97871, 100, 347.71
2026/09/22 22:56:18.758, 1, 81717, 97871, 100, 356.82
2026/09/22 22:56:18.758, 2, 81211, 97871, 100, 348.45
2026/09/22 22:56:18.758, 3, 81207, 97871, 100, 347.52
2026/09/22 22:56:18.958, 0, 81691, 97871, 100, 346.21
2026/09/22 22:56:18.958, 1, 81717, 97871, 100, 357.64
2026/09/22 22:56:18.958, 2, 81211, 97871, 100, 348.42
2026/09/22 22:56:18.958, 3, 81207, 97871, 100, 348.82
2026/09/22 22:56:19.158, 0, 81691, 97871, 95, 348.23
2026/09/22 22:56:19.158, 1, 81717, 97871, 95, 360.60
2026/09/22 22:56:19.158, 2, 81211, 97871, 95, 350.69
2026/09/22 22:56:19.158, 3, 81207, 97871, 100, 351.01
2026/09/22 22:56:19.358, 0, 81691, 97871, 69, 337.26
2026/09/22 22:56:19.358, 1, 81717, 97871, 24, 351.52
2026/09/22 22:56:19.358, 2, 81211, 97871, 63, 339.38
2026/09/22 22:56:19.358, 3, 81207, 97871, 95, 320.29
2026/09/22 22:56:19.558, 0, 81691, 97871, 0, 292.86
2026/09/22 22:56:19.558, 1, 81717, 97871, 0, 307.76
2026/09/22 22:56:19.558, 2, 81211, 97871, 0, 294.14
2026/09/22 22:56:19.558, 3, 81207, 97871, 14, 277.34
2026/09/22 22:56:19.759, 0, 81691, 97871, 0, 246.93
2026/09/22 22:56:19.759, 1, 81717, 97871, 0, 260.52
2026/09/22 22:56:19.759, 2, 81211, 97871, 0, 250.26
2026/09/22 22:56:19.759, 3, 81207, 97871, 0, 232.90
2026/09/22 22:56:19.959, 0, 81691, 97871, 0, 203.12
2026/09/22 22:56:19.959, 1, 81717, 97871, 0, 217.05
2026/09/22 22:56:19.959, 2, 81211, 97871, 0, 205.44
2026/09/22 22:56:19.959, 3, 81207, 97871, 0, 185.38
2026/09/22 22:56:20.159, 0, 81691, 97871, 0, 156.29
2026/09/22 22:56:20.159, 1, 81717, 97871, 0, 166.81
2026/09/22 22:56:20.159, 2, 81211, 97871, 0, 158.76
2026/09/22 22:56:20.159, 3, 81207, 97871, 0, 137.80
2026/09/22 22:56:20.359, 0, 81691, 97871, 0, 123.50
2026/09/22 22:56:20.359, 1, 81717, 97871, 0, 131.33
2026/09/22 22:56:20.359, 2, 81211, 97871, 0, 125.51
2026/09/22 22:56:20.359, 3, 81207, 97871, 0, 134.64
2026/09/22 22:56:20.559, 0, 81691, 97871, 100, 156.32
2026/09/22 22:56:20.559, 1, 81717, 97871, 100, 153.86
2026/09/22 22:56:20.559, 2, 81211, 97871, 100, 158.47
2026/09/22 22:56:20.559, 3, 81207, 97871, 0, 167.92
2026/09/22 22:56:20.759, 0, 81691, 97871, 100, 193.68
2026/09/22 22:56:20.759, 1, 81717, 97871, 100, 197.43
2026/09/22 22:56:20.760, 2, 81211, 97871, 100, 197.61
2026/09/22 22:56:20.760, 3, 81207, 97871, 100, 211.60
2026/09/22 22:56:20.960, 0, 81691, 97871, 100, 239.50
2026/09/22 22:56:20.960, 1, 81717, 97871, 100, 242.70
2026/09/22 22:56:20.960, 2, 81211, 97871, 100, 239.80
2026/09/22 22:56:20.960, 3, 81207, 97871, 100, 254.01
2026/09/22 22:56:21.160, 0, 81691, 97871, 100, 284.42
2026/09/22 22:56:21.160, 1, 81717, 97871, 100, 287.74
2026/09/22 22:56:21.160, 2, 81211, 97871, 100, 283.32
2026/09/22 22:56:21.160, 3, 81207, 97871, 100, 301.59
2026/09/22 22:56:21.360, 0, 81691, 97871, 100, 328.96
2026/09/22 22:56:21.360, 1, 81717, 97871, 100, 332.16
2026/09/22 22:56:21.360, 2, 81211, 97871, 100, 326.95
2026/09/22 22:56:21.360, 3, 81207, 97871, 100, 334.63
2026/09/22 22:56:21.560, 0, 81691, 97871, 100, 340.58
2026/09/22 22:56:21.560, 1, 81717, 97871, 100, 353.26
2026/09/22 22:56:21.560, 2, 81211, 97871, 100, 339.56
2026/09/22 22:56:21.560, 3, 81207, 97871, 100, 345.67
2026/09/22 22:56:21.760, 0, 81691, 97871, 100, 347.32
2026/09/22 22:56:21.760, 1, 81717, 97871, 100, 353.85
2026/09/22 22:56:21.760, 2, 81211, 97871, 100, 347.25
2026/09/22 22:56:21.760, 3, 81207, 97871, 100, 347.62
2026/09/22 22:56:21.960, 0, 81691, 97871, 100, 347.38
2026/09/22 22:56:21.960, 1, 81717, 97871, 100, 354.42
2026/09/22 22:56:21.960, 2, 81211, 97871, 100, 347.11
2026/09/22 22:56:21.960, 3, 81207, 97871, 100, 347.98
2026/09/22 22:56:22.160, 0, 81691, 97871, 100, 347.20
2026/09/22 22:56:22.161, 1, 81717, 97871, 100, 354.96
2026/09/22 22:56:22.161, 2, 81211, 97871, 100, 347.53
2026/09/22 22:56:22.161, 3, 81207, 97871, 100, 347.76
2026/09/22 22:56:22.361, 0, 81691, 97871, 100, 347.50
2026/09/22 22:56:22.361, 1, 81717, 97871, 100, 357.22
2026/09/22 22:56:22.361, 2, 81211, 97871, 100, 348.29
2026/09/22 22:56:22.361, 3, 81207, 97871, 100, 348.09
2026/09/22 22:56:22.561, 0, 81691, 97871, 100, 347.82
2026/09/22 22:56:22.561, 1, 81717, 97871, 100, 357.93
2026/09/22 22:56:22.561, 2, 81211, 97871, 100, 348.02
2026/09/22 22:56:22.561, 3, 81207, 97871, 100, 349.44
2026/09/22 22:56:22.761, 0, 81691, 97871, 96, 348.84
2026/09/22 22:56:22.761, 1, 81717, 97871, 100, 358.84
2026/09/22 22:56:22.761, 2, 81211, 97871, 96, 349.83
2026/09/22 22:56:22.761, 3, 81207, 97871, 100, 348.22
2026/09/22 22:56:22.961, 0, 81691, 97871, 7, 322.21
2026/09/22 22:56:22.961, 1, 81717, 97871, 0, 330.71
2026/09/22 22:56:22.961, 2, 81211, 97871, 1, 320.66
2026/09/22 22:56:22.961, 3, 81207, 97871, 100, 304.39
2026/09/22 22:56:23.161, 0, 81691, 97871, 0, 276.96
2026/09/22 22:56:23.161, 1, 81717, 97871, 0, 285.45
2026/09/22 22:56:23.161, 2, 81211, 97871, 0, 277.46
2026/09/22 22:56:23.161, 3, 81207, 97871, 0, 260.71
2026/09/22 22:56:23.361, 0, 81691, 97871, 0, 231.94
2026/09/22 22:56:23.361, 1, 81717, 97871, 0, 241.85
2026/09/22 22:56:23.361, 2, 81211, 97871, 0, 233.40
2026/09/22 22:56:23.362, 3, 81207, 97871, 0, 214.02
2026/09/22 22:56:23.562, 0, 81691, 97871, 0, 187.49
2026/09/22 22:56:23.562, 1, 81717, 97871, 0, 193.54
2026/09/22 22:56:23.562, 2, 81211, 97871, 0, 186.52
2026/09/22 22:56:23.562, 3, 81207, 97871, 0, 172.83
2026/09/22 22:56:23.762, 0, 81691, 97871, 0, 141.34
2026/09/22 22:56:23.762, 1, 81717, 97871, 0, 151.20
2026/09/22 22:56:23.762, 2, 81211, 97871, 0, 144.88
2026/09/22 22:56:23.762, 3, 81207, 97871, 0, 126.84
2026/09/22 22:56:23.962, 0, 81691, 97871, 0, 128.49
2026/09/22 22:56:23.962, 1, 81717, 97871, 5, 131.00
2026/09/22 22:56:23.962, 2, 81211, 97871, 0, 129.58
2026/09/22 22:56:23.962, 3, 81207, 97871, 0, 142.38
2026/09/22 22:56:24.162, 0, 81691, 97871, 100, 167.62
2026/09/22 22:56:24.162, 1, 81717, 97871, 100, 176.34
2026/09/22 22:56:24.162, 2, 81211, 97871, 100, 170.35
2026/09/22 22:56:24.162, 3, 81207, 97871, 24, 183.54
2026/09/22 22:56:24.362, 0, 81691, 97871, 100, 210.80
2026/09/22 22:56:24.362, 1, 81717, 97871, 100, 220.44
2026/09/22 22:56:24.362, 2, 81211, 97871, 100, 214.04
2026/09/22 22:56:24.362, 3, 81207, 97871, 100, 228.82
2026/09/22 22:56:24.563, 0, 81691, 97871, 100, 257.48
2026/09/22 22:56:24.563, 1, 81717, 97871, 100, 263.14
2026/09/22 22:56:24.563, 2, 81211, 97871, 100, 256.18
2026/09/22 22:56:24.563, 3, 81207, 97871, 100, 274.11
2026/09/22 22:56:24.763, 0, 81691, 97871, 100, 298.22
2026/09/22 22:56:24.763, 1, 81717, 97871, 100, 310.33
2026/09/22 22:56:24.763, 2, 81211, 97871, 100, 299.92
2026/09/22 22:56:24.763, 3, 81207, 97871, 100, 319.62
2026/09/22 22:56:24.963, 0, 81691, 97871, 100, 341.42
2026/09/22 22:56:24.963, 1, 81717, 97871, 100, 355.32
2026/09/22 22:56:24.963, 2, 81211, 97871, 100, 343.18
2026/09/22 22:56:24.963, 3, 81207, 97871, 100, 344.07
2026/09/22 22:56:25.163, 0, 81691, 97871, 100, 345.80
2026/09/22 22:56:25.163, 1, 81717, 97871, 100, 354.36
2026/09/22 22:56:25.163, 2, 81211, 97871, 100, 346.27
2026/09/22 22:56:25.163, 3, 81207, 97871, 100, 347.22
2026/09/22 22:56:25.363, 0, 81691, 97871, 100, 347.05
2026/09/22 22:56:25.363, 1, 81717, 97871, 100, 356.72
2026/09/22 22:56:25.363, 2, 81211, 97871, 100, 347.98
2026/09/22 22:56:25.363, 3, 81207, 97871, 100, 348.14
2026/09/22 22:56:25.563, 0, 81691, 97871, 100, 347.07
2026/09/22 22:56:25.563, 1, 81717, 97871, 100, 357.09
2026/09/22 22:56:25.563, 2, 81211, 97871, 100, 347.93
2026/09/22 22:56:25.563, 3, 81207, 97871, 100, 348.68
2026/09/22 22:56:25.763, 0, 81691, 97871, 100, 347.19
2026/09/22 22:56:25.763, 1, 81717, 97871, 100, 358.75
2026/09/22 22:56:25.763, 2, 81211, 97871, 100, 347.51
2026/09/22 22:56:25.764, 3, 81207, 97871, 100, 348.50
2026/09/22 22:56:25.964, 0, 81691, 97871, 100, 348.12
2026/09/22 22:56:25.964, 1, 81717, 97871, 100, 360.06
2026/09/22 22:56:25.964, 2, 81211, 97871, 100, 348.75
2026/09/22 22:56:25.964, 3, 81207, 97871, 100, 347.99
2026/09/22 22:56:26.164, 0, 81691, 97871, 100, 348.64
2026/09/22 22:56:26.164, 1, 81717, 97871, 100, 361.40
2026/09/22 22:56:26.164, 2, 81211, 97871, 100, 349.38
2026/09/22 22:56:26.164, 3, 81207, 97871, 100, 349.36
2026/09/22 22:56:26.364, 0, 81691, 97871, 100, 352.04
2026/09/22 22:56:26.364, 1, 81717, 97871, 100, 364.96
2026/09/22 22:56:26.364, 2, 81211, 97871, 100, 351.72
2026/09/22 22:56:26.364, 3, 81207, 97871, 98, 346.24
2026/09/22 22:56:26.564, 0, 81691, 97871, 0, 317.58
2026/09/22 22:56:26.564, 1, 81717, 97871, 0, 329.93
2026/09/22 22:56:26.564, 2, 81211, 97871, 0, 316.99
2026/09/22 22:56:26.564, 3, 81207, 97871, 29, 300.65
2026/09/22 22:56:26.764, 0, 81691, 97871, 0, 274.47
2026/09/22 22:56:26.764, 1, 81717, 97871, 0, 283.78
2026/09/22 22:56:26.764, 2, 81211, 97871, 0, 272.70
2026/09/22 22:56:26.764, 3, 81207, 97871, 0, 255.94
2026/09/22 22:56:26.964, 0, 81691, 97871, 0, 230.65
2026/09/22 22:56:26.964, 1, 81717, 97871, 0, 240.70
2026/09/22 22:56:26.964, 2, 81211, 97871, 0, 230.40
2026/09/22 22:56:26.964, 3, 81207, 97871, 0, 226.82
2026/09/22 22:56:27.165, 0, 81691, 97871, 100, 220.74
2026/09/22 22:56:27.165, 1, 81717, 97871, 100, 232.98
2026/09/22 22:56:27.165, 2, 81211, 97871, 100, 225.25
2026/09/22 22:56:27.165, 3, 81207, 97871, 99, 221.35
2026/09/22 22:56:27.365, 0, 81691, 97871, 100, 219.33
2026/09/22 22:56:27.365, 1, 81717, 97871, 100, 229.72
2026/09/22 22:56:27.365, 2, 81211, 97871, 100, 221.67
2026/09/22 22:56:27.365, 3, 81207, 97871, 100, 226.93
2026/09/22 22:56:27.565, 0, 81691, 97871, 100, 252.53
2026/09/22 22:56:27.565, 1, 81717, 97871, 100, 265.18
2026/09/22 22:56:27.565, 2, 81211, 97871, 100, 255.95
2026/09/22 22:56:27.565, 3, 81207, 97871, 100, 270.39
2026/09/22 22:56:27.765, 0, 81691, 97871, 100, 302.05
2026/09/22 22:56:27.765, 1, 81717, 97871, 100, 315.48
2026/09/22 22:56:27.765, 2, 81211, 97871, 100, 302.05
2026/09/22 22:56:27.765, 3, 81207, 97871, 100, 316.97
2026/09/22 22:56:27.965, 0, 81691, 97871, 100, 348.52
2026/09/22 22:56:27.965, 1, 81717, 97871, 100, 363.95
2026/09/22 22:56:27.965, 2, 81211, 97871, 100, 352.53
2026/09/22 22:56:27.965, 3, 81207, 97871, 100, 354.96
2026/09/22 22:56:28.165, 0, 81691, 97871, 100, 354.91
2026/09/22 22:56:28.165, 1, 81717, 97871, 90, 369.44
2026/09/22 22:56:28.165, 2, 81211, 97871, 100, 359.08
2026/09/22 22:56:28.165, 3, 81207, 97871, 100, 345.33
2026/09/22 22:56:28.366, 0, 81691, 97871, 0, 315.01
2026/09/22 22:56:28.366, 1, 81717, 97871, 0, 328.78
2026/09/22 22:56:28.366, 2, 81211, 97871, 0, 318.37
2026/09/22 22:56:28.366, 3, 81207, 97871, 13, 299.67
2026/09/22 22:56:28.566, 0, 81691, 97871, 0, 268.06
2026/09/22 22:56:28.566, 1, 81717, 97871, 0, 280.27
2026/09/22 22:56:28.566, 2, 81211, 97871, 0, 271.76
2026/09/22 22:56:28.566, 3, 81207, 97871, 0, 251.12
2026/09/22 22:56:28.766, 0, 81691, 97871, 0, 223.92
2026/09/22 22:56:28.766, 1, 81717, 97871, 0, 235.18
2026/09/22 22:56:28.766, 2, 81211, 97871, 0, 227.11
2026/09/22 22:56:28.766, 3, 81207, 97871, 0, 203.58
2026/09/22 22:56:28.966, 0, 81691, 97871, 0, 177.84
2026/09/22 22:56:28.967, 1, 81717, 97871, 0, 187.48
2026/09/22 22:56:28.967, 2, 81211, 97871, 0, 177.52
2026/09/22 22:56:28.967, 3, 81207, 97871, 0, 159.76
2026/09/22 22:56:29.167, 0, 81691, 97871, 0, 130.60
2026/09/22 22:56:29.167, 1, 81717, 97871, 0, 137.11
2026/09/22 22:56:29.167, 2, 81211, 97871, 0, 130.98
2026/09/22 22:56:29.167, 3, 81207, 97871, 0, 123.34
2026/09/22 22:56:29.367, 0, 81691, 97871, 0, 123.79
2026/09/22 22:56:29.367, 1, 81717, 97871, 0, 130.96
2026/09/22 22:56:29.367, 2, 81211, 97871, 0, 125.45
2026/09/22 22:56:29.367, 3, 81207, 97871, 0, 122.53
2026/09/22 22:56:29.567, 0, 81691, 97871, 0, 123.57
2026/09/22 22:56:29.567, 1, 81717, 97871, 0, 130.54
2026/09/22 22:56:29.567, 2, 81211, 97871, 0, 125.09
2026/09/22 22:56:29.567, 3, 81207, 97871, 0, 122.41
2026/09/22 22:56:29.767, 0, 81691, 97871, 0, 123.44
2026/09/22 22:56:29.767, 1, 81717, 97871, 0, 130.21
2026/09/22 22:56:29.767, 2, 81211, 97871, 0, 124.83
2026/09/22 22:56:29.768, 3, 81207, 97871, 0, 122.32
2026/09/22 22:56:29.968, 0, 81691, 97871, 0, 123.35
2026/09/22 22:56:29.968, 1, 81717, 97871, 0, 129.93
2026/09/22 22:56:29.968, 2, 81211, 97871, 0, 124.61
2026/09/22 22:56:29.968, 3, 81207, 97871, 0, 122.27
2026/09/22 22:56:30.168, 0, 81691, 97871, 0, 123.24
2026/09/22 22:56:30.168, 1, 81717, 97871, 0, 129.68
2026/09/22 22:56:30.168, 2, 81211, 97871, 0, 124.40
2026/09/22 22:56:30.168, 3, 81207, 97871, 0, 122.22
2026/09/22 22:56:30.368, 0, 81691, 97871, 0, 123.19
2026/09/22 22:56:30.368, 1, 81717, 97871, 0, 129.62
2026/09/22 22:56:30.368, 2, 81211, 97871, 0, 124.31
2026/09/22 22:56:30.368, 3, 81207, 97871, 0, 122.18
2026/09/22 22:56:30.568, 0, 81691, 97871, 0, 123.15
2026/09/22 22:56:30.568, 1, 81717, 97871, 0, 129.54
2026/09/22 22:56:30.568, 2, 81211, 97871, 0, 124.21
2026/09/22 22:56:30.568, 3, 81207, 97871, 0, 122.14
2026/09/22 22:56:30.768, 0, 81691, 97871, 0, 123.07
2026/09/22 22:56:30.768, 1, 81717, 97871, 0, 129.46
2026/09/22 22:56:30.768, 2, 81211, 97871, 0, 124.13
2026/09/22 22:56:30.768, 3, 81207, 97871, 0, 122.13
2026/09/22 22:56:30.968, 0, 81691, 97871, 0, 123.04
2026/09/22 22:56:30.968, 1, 81717, 97871, 0, 129.37
2026/09/22 22:56:30.968, 2, 81211, 97871, 0, 124.06
2026/09/22 22:56:30.968, 3, 81207, 97871, 0, 122.10
2026/09/22 22:56:31.168, 0, 81691, 97871, 0, 123.00
2026/09/22 22:56:31.169, 1, 81717, 97871, 0, 129.35
2026/09/22 22:56:31.169, 2, 81211, 97871, 0, 124.02
2026/09/22 22:56:31.169, 3, 81207, 97871, 0, 122.05
2026/09/22 22:56:31.369, 0, 81691, 97871, 0, 122.95
2026/09/22 22:56:31.369, 1, 81717, 97871, 0, 129.29
2026/09/22 22:56:31.369, 2, 81211, 97871, 0, 123.96
2026/09/22 22:56:31.369, 3, 81207, 97871, 0, 122.03
2026/09/22 22:56:31.569, 0, 81691, 97871, 0, 122.92
2026/09/22 22:56:31.569, 1, 81717, 97871, 0, 129.21
2026/09/22 22:56:31.569, 2, 81211, 97871, 0, 123.95
2026/09/22 22:56:31.569, 3, 81207, 97871, 0, 122.01
2026/09/22 22:56:31.769, 0, 81691, 97871, 0, 122.90
2026/09/22 22:56:31.769, 1, 81717, 97871, 0, 129.18
2026/09/22 22:56:31.769, 2, 81211, 97871, 0, 123.91
2026/09/22 22:56:31.769, 3, 81207, 97871, 0, 121.98
2026/09/22 22:56:31.969, 0, 81691, 97871, 0, 122.86
2026/09/22 22:56:31.969, 1, 81717, 97871, 0, 129.12
2026/09/22 22:56:31.969, 2, 81211, 97871, 0, 123.89
2026/09/22 22:56:31.969, 3, 81207, 97871, 0, 121.95
2026/09/22 22:56:32.169, 0, 81691, 97871, 0, 122.85
2026/09/22 22:56:32.169, 1, 81717, 97871, 0, 129.02
2026/09/22 22:56:32.169, 2, 81211, 97871, 0, 123.85
2026/09/22 22:56:32.169, 3, 81207, 97871, 0, 121.96
2026/09/22 22:56:32.369, 0, 81691, 97871, 0, 122.82
2026/09/22 22:56:32.369, 1, 81717, 97871, 0, 128.99
2026/09/22 22:56:32.369, 2, 81211, 97871, 0, 123.83
2026/09/22 22:56:32.369, 3, 81207, 97871, 0, 121.94
2026/09/22 22:56:32.570, 0, 81691, 97871, 0, 122.77
2026/09/22 22:56:32.570, 1, 81717, 97871, 0, 128.94
2026/09/22 22:56:32.570, 2, 81211, 97871, 0, 123.78
2026/09/22 22:56:32.570, 3, 81207, 97871, 0, 121.92
2026/09/22 22:56:32.770, 0, 81691, 97871, 0, 122.72
2026/09/22 22:56:32.770, 1, 81717, 97871, 0, 128.88
2026/09/22 22:56:32.770, 2, 81211, 97871, 0, 123.76
2026/09/22 22:56:32.770, 3, 81207, 97871, 0, 121.88
2026/09/22 22:56:32.970, 0, 81691, 97871, 0, 122.68
2026/09/22 22:56:32.970, 1, 81717, 97871, 0, 128.87
2026/09/22 22:56:32.970, 2, 81211, 97871, 0, 123.71
2026/09/22 22:56:32.970, 3, 81207, 97871, 0, 121.88
2026/09/22 22:56:33.170, 0, 81691, 97871, 0, 122.64
2026/09/22 22:56:33.170, 1, 81717, 97871, 0, 128.82
2026/09/22 22:56:33.170, 2, 81211, 97871, 0, 123.71
2026/09/22 22:56:33.170, 3, 81207, 97871, 0, 121.82
2026/09/22 22:56:33.370, 0, 81691, 97871, 3, 130.41
2026/09/22 22:56:33.370, 1, 81717, 97871, 47, 137.76
2026/09/22 22:56:33.370, 2, 81211, 97871, 9, 131.65
2026/09/22 22:56:33.370, 3, 81207, 97871, 0, 131.25
2026/09/22 22:56:33.570, 0, 81691, 97871, 0, 132.47
2026/09/22 22:56:33.570, 1, 81717, 97871, 0, 138.94
2026/09/22 22:56:33.570, 2, 81211, 97871, 0, 133.62
2026/09/22 22:56:33.571, 3, 81207, 97871, 0, 131.29
2026/09/22 22:56:33.771, 0, 81691, 97871, 0, 132.45
2026/09/22 22:56:33.771, 1, 81717, 97871, 0, 138.73
2026/09/22 22:56:33.771, 2, 81211, 97871, 0, 133.60
2026/09/22 22:56:33.771, 3, 81207, 97871, 0, 131.29
2026/09/22 22:56:33.971, 0, 81691, 97871, 0, 132.62
2026/09/22 22:56:33.971, 1, 81717, 97871, 0, 139.76
2026/09/22 22:56:33.971, 2, 81211, 97871, 0, 133.39
2026/09/22 22:56:33.971, 3, 81207, 97871, 0, 145.19
2026/09/22 22:56:34.171, 0, 81691, 97871, 100, 171.77
2026/09/22 22:56:34.171, 1, 81717, 97871, 100, 185.36
2026/09/22 22:56:34.171, 2, 81211, 97871, 100, 176.78
2026/09/22 22:56:34.171, 3, 81207, 97871, 99, 188.57
2026/09/22 22:56:34.371, 0, 81691, 97871, 100, 210.87
2026/09/22 22:56:34.371, 1, 81717, 97871, 100, 223.48
2026/09/22 22:56:34.372, 2, 81211, 97871, 100, 215.14
2026/09/22 22:56:34.372, 3, 81207, 97871, 100, 226.46
2026/09/22 22:56:34.572, 0, 81691, 97871, 100, 252.49
2026/09/22 22:56:34.572, 1, 81717, 97871, 100, 269.23
2026/09/22 22:56:34.572, 2, 81211, 97871, 100, 257.33
2026/09/22 22:56:34.572, 3, 81207, 97871, 100, 270.65
2026/09/22 22:56:34.772, 0, 81691, 97871, 100, 301.71
2026/09/22 22:56:34.772, 1, 81717, 97871, 100, 312.81
2026/09/22 22:56:34.772, 2, 81211, 97871, 100, 306.36
2026/09/22 22:56:34.772, 3, 81207, 97871, 100, 317.64
2026/09/22 22:56:34.972, 0, 81691, 97871, 100, 344.35
2026/09/22 22:56:34.972, 1, 81717, 97871, 100, 362.90
2026/09/22 22:56:34.972, 2, 81211, 97871, 100, 353.73
2026/09/22 22:56:34.972, 3, 81207, 97871, 100, 357.02
2026/09/22 22:56:35.172, 0, 81691, 97871, 100, 355.10
2026/09/22 22:56:35.172, 1, 81717, 97871, 100, 363.71
2026/09/22 22:56:35.172, 2, 81211, 97871, 100, 357.00
2026/09/22 22:56:35.172, 3, 81207, 97871, 100, 357.83
2026/09/22 22:56:35.372, 0, 81691, 97871, 37, 332.68
2026/09/22 22:56:35.372, 1, 81717, 97871, 0, 334.36
2026/09/22 22:56:35.372, 2, 81211, 97871, 32, 330.70
2026/09/22 22:56:35.372, 3, 81207, 97871, 78, 312.69
2026/09/22 22:56:35.573, 0, 81691, 97871, 0, 286.02
2026/09/22 22:56:35.573, 1, 81717, 97871, 0, 288.66
2026/09/22 22:56:35.573, 2, 81211, 97871, 0, 285.19
2026/09/22 22:56:35.573, 3, 81207, 97871, 0, 267.59
2026/09/22 22:56:35.773, 0, 81691, 97871, 0, 241.47
2026/09/22 22:56:35.773, 1, 81717, 97871, 0, 242.53
2026/09/22 22:56:35.773, 2, 81211, 97871, 0, 240.00
2026/09/22 22:56:35.773, 3, 81207, 97871, 0, 220.62
2026/09/22 22:56:35.973, 0, 81691, 97871, 0, 192.51
2026/09/22 22:56:35.973, 1, 81717, 97871, 0, 196.12
2026/09/22 22:56:35.973, 2, 81211, 97871, 0, 194.46
2026/09/22 22:56:35.973, 3, 81207, 97871, 0, 174.21
2026/09/22 22:56:36.173, 0, 81691, 97871, 0, 150.28
2026/09/22 22:56:36.173, 1, 81717, 97871, 0, 146.16
2026/09/22 22:56:36.173, 2, 81211, 97871, 0, 148.93
2026/09/22 22:56:36.173, 3, 81207, 97871, 0, 124.71
2026/09/22 22:56:36.373, 0, 81691, 97871, 0, 123.59
2026/09/22 22:56:36.373, 1, 81717, 97871, 0, 133.35
2026/09/22 22:56:36.374, 2, 81211, 97871, 0, 126.12
2026/09/22 22:56:36.374, 3, 81207, 97871, 0, 145.60
2026/09/22 22:56:36.574, 0, 81691, 97871, 100, 167.37
2026/09/22 22:56:36.574, 1, 81717, 97871, 100, 177.86
2026/09/22 22:56:36.574, 2, 81211, 97871, 100, 167.67
2026/09/22 22:56:36.574, 3, 81207, 97871, 100, 186.62
2026/09/22 22:56:36.774, 0, 81691, 97871, 100, 210.74
2026/09/22 22:56:36.774, 1, 81717, 97871, 100, 223.01
2026/09/22 22:56:36.774, 2, 81211, 97871, 100, 212.73
2026/09/22 22:56:36.774, 3, 81207, 97871, 100, 231.86
2026/09/22 22:56:36.974, 0, 81691, 97871, 100, 252.93
2026/09/22 22:56:36.974, 1, 81717, 97871, 100, 265.06
2026/09/22 22:56:36.974, 2, 81211, 97871, 100, 256.97
2026/09/22 22:56:36.974, 3, 81207, 97871, 100, 277.04
2026/09/22 22:56:37.174, 0, 81691, 97871, 100, 295.92
2026/09/22 22:56:37.174, 1, 81717, 97871, 100, 312.19
2026/09/22 22:56:37.174, 2, 81211, 97871, 100, 300.97
2026/09/22 22:56:37.174, 3, 81207, 97871, 100, 317.77
2026/09/22 22:56:37.374, 0, 81691, 97871, 100, 338.78
2026/09/22 22:56:37.374, 1, 81717, 97871, 100, 352.81
2026/09/22 22:56:37.374, 2, 81211, 97871, 100, 340.71
2026/09/22 22:56:37.374, 3, 81207, 97871, 100, 342.24
2026/09/22 22:56:37.574, 0, 81691, 97871, 100, 342.90
2026/09/22 22:56:37.574, 1, 81717, 97871, 100, 353.85
2026/09/22 22:56:37.574, 2, 81211, 97871, 100, 345.59
2026/09/22 22:56:37.574, 3, 81207, 97871, 100, 346.66
2026/09/22 22:56:37.774, 0, 81691, 97871, 100, 344.02
2026/09/22 22:56:37.774, 1, 81717, 97871, 100, 354.05
2026/09/22 22:56:37.774, 2, 81211, 97871, 100, 346.85
2026/09/22 22:56:37.774, 3, 81207, 97871, 100, 348.06
2026/09/22 22:56:37.975, 0, 81691, 97871, 100, 344.54
2026/09/22 22:56:37.975, 1, 81717, 97871, 100, 353.64
2026/09/22 22:56:37.975, 2, 81211, 97871, 100, 347.79
2026/09/22 22:56:37.975, 3, 81207, 97871, 100, 348.29
2026/09/22 22:56:38.175, 0, 81691, 97871, 100, 344.25
2026/09/22 22:56:38.175, 1, 81717, 97871, 100, 354.79
2026/09/22 22:56:38.175, 2, 81211, 97871, 100, 347.93
2026/09/22 22:56:38.175, 3, 81207, 97871, 100, 348.66
2026/09/22 22:56:38.375, 0, 81691, 97871, 100, 345.41
2026/09/22 22:56:38.375, 1, 81717, 97871, 100, 355.69
2026/09/22 22:56:38.375, 2, 81211, 97871, 100, 349.05
2026/09/22 22:56:38.375, 3, 81207, 97871, 100, 349.13
2026/09/22 22:56:38.575, 0, 81691, 97871, 100, 346.62
2026/09/22 22:56:38.575, 1, 81717, 97871, 100, 354.96
2026/09/22 22:56:38.575, 2, 81211, 97871, 100, 349.22
2026/09/22 22:56:38.575, 3, 81207, 97871, 100, 351.00
2026/09/22 22:56:38.775, 0, 81691, 97871, 100, 352.32
2026/09/22 22:56:38.775, 1, 81717, 97871, 100, 359.58
2026/09/22 22:56:38.775, 2, 81211, 97871, 100, 351.96
2026/09/22 22:56:38.775, 3, 81207, 97871, 97, 353.94
2026/09/22 22:56:38.975, 0, 81691, 97871, 100, 349.66
2026/09/22 22:56:38.975, 1, 81717, 97871, 69, 352.67
2026/09/22 22:56:38.975, 2, 81211, 97871, 100, 350.80
2026/09/22 22:56:38.975, 3, 81207, 97871, 100, 331.04
2026/09/22 22:56:39.175, 0, 81691, 97871, 0, 306.78
2026/09/22 22:56:39.175, 1, 81717, 97871, 0, 308.59
2026/09/22 22:56:39.175, 2, 81211, 97871, 0, 308.44
2026/09/22 22:56:39.175, 3, 81207, 97871, 0, 285.93
2026/09/22 22:56:39.376, 0, 81691, 97871, 0, 262.14
2026/09/22 22:56:39.376, 1, 81717, 97871, 0, 262.77
2026/09/22 22:56:39.376, 2, 81211, 97871, 0, 262.44
2026/09/22 22:56:39.376, 3, 81207, 97871, 0, 243.45
2026/09/22 22:56:39.576, 0, 81691, 97871, 0, 219.89
2026/09/22 22:56:39.576, 1, 81717, 97871, 0, 220.94
2026/09/22 22:56:39.576, 2, 81211, 97871, 0, 220.91
2026/09/22 22:56:39.576, 3, 81207, 97871, 0, 193.81
2026/09/22 22:56:39.776, 0, 81691, 97871, 0, 171.24
2026/09/22 22:56:39.776, 1, 81717, 97871, 0, 172.79
2026/09/22 22:56:39.776, 2, 81211, 97871, 0, 173.88
2026/09/22 22:56:39.776, 3, 81207, 97871, 0, 144.69
2026/09/22 22:56:39.976, 0, 81691, 97871, 0, 124.47
2026/09/22 22:56:39.976, 1, 81717, 97871, 0, 131.18
2026/09/22 22:56:39.976, 2, 81211, 97871, 0, 126.89
2026/09/22 22:56:39.976, 3, 81207, 97871, 0, 124.86
2026/09/22 22:56:40.176, 0, 81691, 97871, 76, 149.64
2026/09/22 22:56:40.176, 1, 81717, 97871, 21, 139.77
2026/09/22 22:56:40.177, 2, 81211, 97871, 80, 152.52
2026/09/22 22:56:40.177, 3, 81207, 97871, 32, 153.99
2026/09/22 22:56:40.377, 0, 81691, 97871, 100, 171.17
2026/09/22 22:56:40.377, 1, 81717, 97871, 100, 184.60
2026/09/22 22:56:40.377, 2, 81211, 97871, 100, 175.63
2026/09/22 22:56:40.377, 3, 81207, 97871, 100, 192.90
2026/09/22 22:56:40.577, 0, 81691, 97871, 100, 217.23
2026/09/22 22:56:40.577, 1, 81717, 97871, 100, 229.25
2026/09/22 22:56:40.577, 2, 81211, 97871, 100, 218.05
2026/09/22 22:56:40.577, 3, 81207, 97871, 100, 236.83
2026/09/22 22:56:40.777, 0, 81691, 97871, 100, 260.87
2026/09/22 22:56:40.777, 1, 81717, 97871, 100, 275.02
2026/09/22 22:56:40.777, 2, 81211, 97871, 100, 265.35
2026/09/22 22:56:40.777, 3, 81207, 97871, 100, 284.44
2026/09/22 22:56:40.977, 0, 81691, 97871, 100, 305.52
2026/09/22 22:56:40.977, 1, 81717, 97871, 100, 315.35
2026/09/22 22:56:40.977, 2, 81211, 97871, 100, 309.16
2026/09/22 22:56:40.977, 3, 81207, 97871, 100, 327.04
2026/09/22 22:56:41.177, 0, 81691, 97871, 100, 324.35
2026/09/22 22:56:41.177, 1, 81717, 97871, 100, 355.72
2026/09/22 22:56:41.177, 2, 81211, 97871, 100, 326.62
2026/09/22 22:56:41.177, 3, 81207, 97871, 100, 341.31
2026/09/22 22:56:41.377, 0, 81691, 97871, 100, 345.32
2026/09/22 22:56:41.377, 1, 81717, 97871, 100, 354.34
2026/09/22 22:56:41.377, 2, 81211, 97871, 100, 346.46
2026/09/22 22:56:41.377, 3, 81207, 97871, 100, 348.94
2026/09/22 22:56:41.577, 0, 81691, 97871, 100, 346.31
2026/09/22 22:56:41.578, 1, 81717, 97871, 100, 355.86
2026/09/22 22:56:41.578, 2, 81211, 97871, 100, 348.53
2026/09/22 22:56:41.578, 3, 81207, 97871, 100, 348.48
2026/09/22 22:56:41.778, 0, 81691, 97871, 100, 345.46
2026/09/22 22:56:41.778, 1, 81717, 97871, 100, 355.57
2026/09/22 22:56:41.778, 2, 81211, 97871, 100, 348.15
2026/09/22 22:56:41.778, 3, 81207, 97871, 100, 349.12
2026/09/22 22:56:41.978, 0, 81691, 97871, 100, 347.93
2026/09/22 22:56:41.978, 1, 81717, 97871, 100, 358.95
2026/09/22 22:56:41.978, 2, 81211, 97871, 100, 349.24
2026/09/22 22:56:41.978, 3, 81207, 97871, 100, 348.80
2026/09/22 22:56:42.178, 0, 81691, 97871, 100, 345.41
2026/09/22 22:56:42.178, 1, 81717, 97871, 100, 358.41
2026/09/22 22:56:42.178, 2, 81211, 97871, 100, 349.20
2026/09/22 22:56:42.178, 3, 81207, 97871, 100, 350.10
2026/09/22 22:56:42.378, 0, 81691, 97871, 95, 340.59
2026/09/22 22:56:42.378, 1, 81717, 97871, 86, 351.29
2026/09/22 22:56:42.378, 2, 81211, 97871, 95, 345.42
2026/09/22 22:56:42.378, 3, 81207, 97871, 95, 325.93
2026/09/22 22:56:42.578, 0, 81691, 97871, 0, 296.63
2026/09/22 22:56:42.578, 1, 81717, 97871, 0, 307.58
2026/09/22 22:56:42.578, 2, 81211, 97871, 0, 301.48
2026/09/22 22:56:42.578, 3, 81207, 97871, 0, 281.05
2026/09/22 22:56:42.778, 0, 81691, 97871, 0, 254.36
2026/09/22 22:56:42.778, 1, 81717, 97871, 0, 261.37
2026/09/22 22:56:42.778, 2, 81211, 97871, 0, 258.10
2026/09/22 22:56:42.778, 3, 81207, 97871, 0, 235.23
2026/09/22 22:56:42.979, 0, 81691, 97871, 0, 209.18
2026/09/22 22:56:42.979, 1, 81717, 97871, 0, 214.48
2026/09/22 22:56:42.979, 2, 81211, 97871, 0, 215.12
2026/09/22 22:56:42.979, 3, 81207, 97871, 0, 194.23
2026/09/22 22:56:43.179, 0, 81691, 97871, 0, 166.66
2026/09/22 22:56:43.179, 1, 81717, 97871, 0, 168.61
2026/09/22 22:56:43.179, 2, 81211, 97871, 0, 169.93
2026/09/22 22:56:43.179, 3, 81207, 97871, 0, 148.55
2026/09/22 22:56:43.379, 0, 81691, 97871, 0, 124.30
2026/09/22 22:56:43.379, 1, 81717, 97871, 0, 131.26
2026/09/22 22:56:43.379, 2, 81211, 97871, 0, 127.64
2026/09/22 22:56:43.379, 3, 81207, 97871, 0, 122.71
2026/09/22 22:56:43.579, 0, 81691, 97871, 63, 151.01
2026/09/22 22:56:43.579, 1, 81717, 97871, 86, 154.13
2026/09/22 22:56:43.579, 2, 81211, 97871, 71, 149.59
2026/09/22 22:56:43.579, 3, 81207, 97871, 9, 161.80
2026/09/22 22:56:43.779, 0, 81691, 97871, 100, 190.36
2026/09/22 22:56:43.779, 1, 81717, 97871, 100, 196.88
2026/09/22 22:56:43.779, 2, 81211, 97871, 100, 189.32
2026/09/22 22:56:43.779, 3, 81207, 97871, 100, 206.43
2026/09/22 22:56:43.979, 0, 81691, 97871, 100, 235.12
2026/09/22 22:56:43.979, 1, 81717, 97871, 100, 243.33
2026/09/22 22:56:43.980, 2, 81211, 97871, 100, 233.59
2026/09/22 22:56:43.980, 3, 81207, 97871, 100, 251.50
2026/09/22 22:56:44.180, 0, 81691, 97871, 100, 279.45
2026/09/22 22:56:44.180, 1, 81717, 97871, 100, 285.14
2026/09/22 22:56:44.180, 2, 81211, 97871, 100, 278.67
2026/09/22 22:56:44.180, 3, 81207, 97871, 100, 293.54
2026/09/22 22:56:44.380, 0, 81691, 97871, 100, 320.03
2026/09/22 22:56:44.380, 1, 81717, 97871, 100, 328.96
2026/09/22 22:56:44.380, 2, 81211, 97871, 100, 322.62
2026/09/22 22:56:44.380, 3, 81207, 97871, 100, 336.64
2026/09/22 22:56:44.580, 0, 81691, 97871, 100, 341.19
2026/09/22 22:56:44.580, 1, 81717, 97871, 100, 353.12
2026/09/22 22:56:44.580, 2, 81211, 97871, 100, 342.32
2026/09/22 22:56:44.580, 3, 81207, 97871, 100, 345.74
2026/09/22 22:56:44.780, 0, 81691, 97871, 100, 346.61
2026/09/22 22:56:44.780, 1, 81717, 97871, 100, 354.25
2026/09/22 22:56:44.780, 2, 81211, 97871, 100, 347.14
2026/09/22 22:56:44.780, 3, 81207, 97871, 100, 346.73
2026/09/22 22:56:44.980, 0, 81691, 97871, 100, 346.44
2026/09/22 22:56:44.980, 1, 81717, 97871, 100, 354.79
2026/09/22 22:56:44.980, 2, 81211, 97871, 100, 347.36
2026/09/22 22:56:44.980, 3, 81207, 97871, 100, 347.45
2026/09/22 22:56:45.180, 0, 81691, 97871, 100, 346.41
2026/09/22 22:56:45.180, 1, 81717, 97871, 100, 355.41
2026/09/22 22:56:45.180, 2, 81211, 97871, 100, 347.63
2026/09/22 22:56:45.180, 3, 81207, 97871, 100, 347.14
2026/09/22 22:56:45.380, 0, 81691, 97871, 100, 347.54
2026/09/22 22:56:45.380, 1, 81717, 97871, 100, 357.07
2026/09/22 22:56:45.380, 2, 81211, 97871, 100, 348.93
2026/09/22 22:56:45.381, 3, 81207, 97871, 100, 348.18
2026/09/22 22:56:45.581, 0, 81691, 97871, 100, 347.17
2026/09/22 22:56:45.581, 1, 81717, 97871, 100, 357.84
2026/09/22 22:56:45.581, 2, 81211, 97871, 100, 348.22
2026/09/22 22:56:45.581, 3, 81207, 97871, 100, 347.73
2026/09/22 22:56:45.781, 0, 81691, 97871, 95, 349.34
2026/09/22 22:56:45.781, 1, 81717, 97871, 99, 362.27
2026/09/22 22:56:45.781, 2, 81211, 97871, 95, 350.88
2026/09/22 22:56:45.781, 3, 81207, 97871, 95, 353.33
2026/09/22 22:56:45.981, 0, 81691, 97871, 100, 341.33
2026/09/22 22:56:45.981, 1, 81717, 97871, 55, 351.33
2026/09/22 22:56:45.981, 2, 81211, 97871, 95, 340.80
2026/09/22 22:56:45.981, 3, 81207, 97871, 100, 326.99
2026/09/22 22:56:46.181, 0, 81691, 97871, 0, 297.96
2026/09/22 22:56:46.181, 1, 81717, 97871, 0, 306.20
2026/09/22 22:56:46.181, 2, 81211, 97871, 0, 296.24
2026/09/22 22:56:46.181, 3, 81207, 97871, 0, 282.37
2026/09/22 22:56:46.381, 0, 81691, 97871, 0, 253.12
2026/09/22 22:56:46.381, 1, 81717, 97871, 0, 259.52
2026/09/22 22:56:46.381, 2, 81211, 97871, 0, 251.08
2026/09/22 22:56:46.381, 3, 81207, 97871, 0, 237.01
2026/09/22 22:56:46.581, 0, 81691, 97871, 0, 209.48
2026/09/22 22:56:46.581, 1, 81717, 97871, 0, 214.56
2026/09/22 22:56:46.581, 2, 81211, 97871, 0, 207.27
2026/09/22 22:56:46.582, 3, 81207, 97871, 0, 192.87
2026/09/22 22:56:46.782, 0, 81691, 97871, 0, 164.32
2026/09/22 22:56:46.782, 1, 81717, 97871, 0, 170.02
2026/09/22 22:56:46.782, 2, 81211, 97871, 0, 164.18
2026/09/22 22:56:46.782, 3, 81207, 97871, 0, 146.40
2026/09/22 22:56:46.982, 0, 81691, 97871, 0, 123.89
2026/09/22 22:56:46.982, 1, 81717, 97871, 0, 131.01
2026/09/22 22:56:46.982, 2, 81211, 97871, 0, 125.63
2026/09/22 22:56:46.982, 3, 81207, 97871, 0, 125.66
2026/09/22 22:56:47.182, 0, 81691, 97871, 81, 154.56
2026/09/22 22:56:47.182, 1, 81717, 97871, 100, 161.09
2026/09/22 22:56:47.182, 2, 81211, 97871, 79, 155.68
2026/09/22 22:56:47.182, 3, 81207, 97871, 35, 169.26
2026/09/22 22:56:47.382, 0, 81691, 97871, 100, 198.35
2026/09/22 22:56:47.382, 1, 81717, 97871, 100, 204.99
2026/09/22 22:56:47.382, 2, 81211, 97871, 100, 198.88
2026/09/22 22:56:47.382, 3, 81207, 97871, 100, 214.17
2026/09/22 22:56:47.582, 0, 81691, 97871, 100, 242.71
2026/09/22 22:56:47.582, 1, 81717, 97871, 100, 250.50
2026/09/22 22:56:47.582, 2, 81211, 97871, 100, 242.14
2026/09/22 22:56:47.582, 3, 81207, 97871, 100, 256.58
2026/09/22 22:56:47.783, 0, 81691, 97871, 100, 283.81
2026/09/22 22:56:47.783, 1, 81717, 97871, 100, 291.74
2026/09/22 22:56:47.783, 2, 81211, 97871, 100, 286.06
2026/09/22 22:56:47.783, 3, 81207, 97871, 100, 304.04
2026/09/22 22:56:47.983, 0, 81691, 97871, 100, 331.49
2026/09/22 22:56:47.983, 1, 81717, 97871, 100, 336.03
2026/09/22 22:56:47.983, 2, 81211, 97871, 100, 333.73
2026/09/22 22:56:47.983, 3, 81207, 97871, 100, 345.54
2026/09/22 22:56:48.183, 0, 81691, 97871, 100, 345.37
2026/09/22 22:56:48.183, 1, 81717, 97871, 100, 354.30
2026/09/22 22:56:48.183, 2, 81211, 97871, 100, 347.75
2026/09/22 22:56:48.183, 3, 81207, 97871, 100, 347.46
2026/09/22 22:56:48.383, 0, 81691, 97871, 100, 346.54
2026/09/22 22:56:48.383, 1, 81717, 97871, 100, 355.84
2026/09/22 22:56:48.383, 2, 81211, 97871, 100, 347.63
2026/09/22 22:56:48.383, 3, 81207, 97871, 100, 347.20
2026/09/22 22:56:48.583, 0, 81691, 97871, 100, 346.10
2026/09/22 22:56:48.583, 1, 81717, 97871, 100, 356.39
2026/09/22 22:56:48.583, 2, 81211, 97871, 100, 347.97
2026/09/22 22:56:48.583, 3, 81207, 97871, 100, 347.44
2026/09/22 22:56:48.783, 0, 81691, 97871, 100, 347.38
2026/09/22 22:56:48.783, 1, 81717, 97871, 100, 358.82
2026/09/22 22:56:48.783, 2, 81211, 97871, 100, 348.51
2026/09/22 22:56:48.783, 3, 81207, 97871, 100, 348.37
2026/09/22 22:56:48.983, 0, 81691, 97871, 100, 347.33
2026/09/22 22:56:48.983, 1, 81717, 97871, 100, 360.19
2026/09/22 22:56:48.983, 2, 81211, 97871, 100, 349.01
2026/09/22 22:56:48.983, 3, 81207, 97871, 100, 349.46
2026/09/22 22:56:49.184, 0, 81691, 97871, 100, 346.49
2026/09/22 22:56:49.184, 1, 81717, 97871, 100, 360.04
2026/09/22 22:56:49.184, 2, 81211, 97871, 100, 348.46
2026/09/22 22:56:49.184, 3, 81207, 97871, 100, 349.94
2026/09/22 22:56:49.384, 0, 81691, 97871, 97, 350.83
2026/09/22 22:56:49.384, 1, 81717, 97871, 100, 364.66
2026/09/22 22:56:49.384, 2, 81211, 97871, 98, 352.23
2026/09/22 22:56:49.384, 3, 81207, 97871, 97, 346.20
2026/09/22 22:56:49.584, 0, 81691, 97871, 0, 314.74
2026/09/22 22:56:49.584, 1, 81717, 97871, 0, 325.63
2026/09/22 22:56:49.584, 2, 81211, 97871, 0, 315.08
2026/09/22 22:56:49.584, 3, 81207, 97871, 34, 301.97
2026/09/22 22:56:49.784, 0, 81691, 97871, 0, 269.28
2026/09/22 22:56:49.784, 1, 81717, 97871, 0, 281.12
2026/09/22 22:56:49.784, 2, 81211, 97871, 0, 268.81
2026/09/22 22:56:49.784, 3, 81207, 97871, 0, 257.84
2026/09/22 22:56:49.984, 0, 81691, 97871, 0, 224.83
2026/09/22 22:56:49.984, 1, 81717, 97871, 0, 233.24
2026/09/22 22:56:49.984, 2, 81211, 97871, 0, 226.92
2026/09/22 22:56:49.984, 3, 81207, 97871, 0, 213.39
2026/09/22 22:56:50.184, 0, 81691, 97871, 0, 183.38
2026/09/22 22:56:50.184, 1, 81717, 97871, 0, 188.15
2026/09/22 22:56:50.184, 2, 81211, 97871, 0, 182.49
2026/09/22 22:56:50.184, 3, 81207, 97871, 0, 164.87
2026/09/22 22:56:50.385, 0, 81691, 97871, 0, 136.73
2026/09/22 22:56:50.385, 1, 81717, 97871, 0, 138.04
2026/09/22 22:56:50.385, 2, 81211, 97871, 0, 131.54
2026/09/22 22:56:50.385, 3, 81207, 97871, 0, 124.01
2026/09/22 22:56:50.585, 0, 81691, 97871, 10, 140.38
2026/09/22 22:56:50.585, 1, 81717, 97871, 56, 149.85
2026/09/22 22:56:50.585, 2, 81211, 97871, 25, 144.80
2026/09/22 22:56:50.585, 3, 81207, 97871, 0, 156.31
2026/09/22 22:56:50.785, 0, 81691, 97871, 100, 183.50
2026/09/22 22:56:50.785, 1, 81717, 97871, 100, 191.57
2026/09/22 22:56:50.785, 2, 81211, 97871, 100, 184.35
2026/09/22 22:56:50.785, 3, 81207, 97871, 100, 200.02
2026/09/22 22:56:50.985, 0, 81691, 97871, 100, 225.96
2026/09/22 22:56:50.985, 1, 81717, 97871, 100, 233.89
2026/09/22 22:56:50.985, 2, 81211, 97871, 100, 229.87
2026/09/22 22:56:50.985, 3, 81207, 97871, 100, 242.89
2026/09/22 22:56:51.185, 0, 81691, 97871, 100, 273.89
2026/09/22 22:56:51.185, 1, 81717, 97871, 100, 277.80
2026/09/22 22:56:51.185, 2, 81211, 97871, 100, 274.08
2026/09/22 22:56:51.185, 3, 81207, 97871, 100, 286.33
2026/09/22 22:56:51.385, 0, 81691, 97871, 100, 317.08
2026/09/22 22:56:51.386, 1, 81717, 97871, 100, 321.93
2026/09/22 22:56:51.386, 2, 81211, 97871, 100, 318.55
2026/09/22 22:56:51.386, 3, 81207, 97871, 100, 330.89
2026/09/22 22:56:51.586, 0, 81691, 97871, 100, 346.06
2026/09/22 22:56:51.586, 1, 81717, 97871, 100, 353.04
2026/09/22 22:56:51.586, 2, 81211, 97871, 100, 343.46
2026/09/22 22:56:51.586, 3, 81207, 97871, 100, 344.65
2026/09/22 22:56:51.786, 0, 81691, 97871, 100, 346.09
2026/09/22 22:56:51.786, 1, 81717, 97871, 100, 356.73
2026/09/22 22:56:51.786, 2, 81211, 97871, 100, 347.60
2026/09/22 22:56:51.786, 3, 81207, 97871, 100, 348.17
2026/09/22 22:56:51.986, 0, 81691, 97871, 100, 348.04
2026/09/22 22:56:51.986, 1, 81717, 97871, 100, 358.23
2026/09/22 22:56:51.986, 2, 81211, 97871, 100, 347.75
2026/09/22 22:56:51.986, 3, 81207, 97871, 100, 346.82
2026/09/22 22:56:52.187, 0, 81691, 97871, 100, 347.15
2026/09/22 22:56:52.187, 1, 81717, 97871, 100, 359.39
2026/09/22 22:56:52.187, 2, 81211, 97871, 100, 349.37
2026/09/22 22:56:52.187, 3, 81207, 97871, 100, 348.81
2026/09/22 22:56:52.387, 0, 81691, 97871, 100, 349.09
2026/09/22 22:56:52.387, 1, 81717, 97871, 100, 361.77
2026/09/22 22:56:52.387, 2, 81211, 97871, 100, 349.58
2026/09/22 22:56:52.387, 3, 81207, 97871, 100, 349.02
2026/09/22 22:56:52.587, 0, 81691, 97871, 100, 347.32
2026/09/22 22:56:52.587, 1, 81717, 97871, 100, 360.97
2026/09/22 22:56:52.587, 2, 81211, 97871, 100, 348.92
2026/09/22 22:56:52.587, 3, 81207, 97871, 100, 349.87
2026/09/22 22:56:52.787, 0, 81691, 97871, 95, 344.62
2026/09/22 22:56:52.787, 1, 81717, 97871, 87, 354.67
2026/09/22 22:56:52.787, 2, 81211, 97871, 97, 344.04
2026/09/22 22:56:52.787, 3, 81207, 97871, 97, 327.33
2026/09/22 22:56:52.987, 0, 81691, 97871, 0, 301.09
2026/09/22 22:56:52.987, 1, 81717, 97871, 0, 310.71
2026/09/22 22:56:52.987, 2, 81211, 97871, 0, 299.83
2026/09/22 22:56:52.987, 3, 81207, 97871, 0, 282.94
2026/09/22 22:56:53.187, 0, 81691, 97871, 0, 257.96
2026/09/22 22:56:53.187, 1, 81717, 97871, 0, 263.75
2026/09/22 22:56:53.187, 2, 81211, 97871, 0, 256.74
2026/09/22 22:56:53.187, 3, 81207, 97871, 0, 238.67
2026/09/22 22:56:53.388, 0, 81691, 97871, 0, 210.00
2026/09/22 22:56:53.388, 1, 81717, 97871, 0, 219.67
2026/09/22 22:56:53.388, 2, 81211, 97871, 0, 211.91
2026/09/22 22:56:53.388, 3, 81207, 97871, 0, 193.93
2026/09/22 22:56:53.588, 0, 81691, 97871, 0, 166.09
2026/09/22 22:56:53.588, 1, 81717, 97871, 0, 171.95
2026/09/22 22:56:53.588, 2, 81211, 97871, 0, 165.74
2026/09/22 22:56:53.588, 3, 81207, 97871, 0, 150.29
2026/09/22 22:56:53.788, 0, 81691, 97871, 0, 124.55
2026/09/22 22:56:53.788, 1, 81717, 97871, 0, 132.89
2026/09/22 22:56:53.788, 2, 81211, 97871, 0, 126.29
2026/09/22 22:56:53.788, 3, 81207, 97871, 0, 122.80
2026/09/22 22:56:53.989, 0, 81691, 97871, 65, 150.81
2026/09/22 22:56:53.989, 1, 81717, 97871, 95, 157.40
2026/09/22 22:56:53.989, 2, 81211, 97871, 62, 152.32
2026/09/22 22:56:53.989, 3, 81207, 97871, 24, 163.82
2026/09/22 22:56:54.189, 0, 81691, 97871, 100, 191.57
2026/09/22 22:56:54.189, 1, 81717, 97871, 100, 201.56
2026/09/22 22:56:54.189, 2, 81211, 97871, 100, 194.57
2026/09/22 22:56:54.189, 3, 81207, 97871, 100, 208.83
2026/09/22 22:56:54.389, 0, 81691, 97871, 100, 237.51
2026/09/22 22:56:54.389, 1, 81717, 97871, 100, 249.26
2026/09/22 22:56:54.389, 2, 81211, 97871, 100, 240.70
2026/09/22 22:56:54.389, 3, 81207, 97871, 100, 254.08
2026/09/22 22:56:54.589, 0, 81691, 97871, 100, 282.48
2026/09/22 22:56:54.589, 1, 81717, 97871, 100, 294.16
2026/09/22 22:56:54.589, 2, 81211, 97871, 100, 281.34
2026/09/22 22:56:54.589, 3, 81207, 97871, 100, 299.32
2026/09/22 22:56:54.789, 0, 81691, 97871, 100, 322.93
2026/09/22 22:56:54.789, 1, 81717, 97871, 100, 339.64
2026/09/22 22:56:54.789, 2, 81211, 97871, 100, 328.54
2026/09/22 22:56:54.789, 3, 81207, 97871, 100, 338.88
2026/09/22 22:56:54.989, 0, 81691, 97871, 100, 344.05
2026/09/22 22:56:54.989, 1, 81717, 97871, 100, 359.34
2026/09/22 22:56:54.989, 2, 81211, 97871, 100, 346.40
2026/09/22 22:56:54.989, 3, 81207, 97871, 100, 346.05
2026/09/22 22:56:55.190, 0, 81691, 97871, 100, 346.60
2026/09/22 22:56:55.190, 1, 81717, 97871, 100, 359.59
2026/09/22 22:56:55.190, 2, 81211, 97871, 100, 347.72
2026/09/22 22:56:55.190, 3, 81207, 97871, 100, 347.97
2026/09/22 22:56:55.390, 0, 81691, 97871, 100, 346.52
2026/09/22 22:56:55.390, 1, 81717, 97871, 100, 359.50
2026/09/22 22:56:55.390, 2, 81211, 97871, 100, 347.22
2026/09/22 22:56:55.390, 3, 81207, 97871, 100, 348.81
2026/09/22 22:56:55.590, 0, 81691, 97871, 100, 345.95
2026/09/22 22:56:55.590, 1, 81717, 97871, 100, 360.83
2026/09/22 22:56:55.590, 2, 81211, 97871, 100, 348.61
2026/09/22 22:56:55.590, 3, 81207, 97871, 100, 348.10
2026/09/22 22:56:55.790, 0, 81691, 97871, 100, 347.47
2026/09/22 22:56:55.790, 1, 81717, 97871, 100, 362.30
2026/09/22 22:56:55.790, 2, 81211, 97871, 100, 350.33
2026/09/22 22:56:55.790, 3, 81207, 97871, 100, 349.40
2026/09/22 22:56:55.990, 0, 81691, 97871, 100, 347.57
2026/09/22 22:56:55.990, 1, 81717, 97871, 100, 361.64
2026/09/22 22:56:55.990, 2, 81211, 97871, 100, 349.81
2026/09/22 22:56:55.990, 3, 81207, 97871, 100, 349.98
2026/09/22 22:56:56.190, 0, 81691, 97871, 98, 351.68
2026/09/22 22:56:56.191, 1, 81717, 97871, 100, 365.09
2026/09/22 22:56:56.191, 2, 81211, 97871, 98, 353.35
2026/09/22 22:56:56.191, 3, 81207, 97871, 97, 346.14
2026/09/22 22:56:56.391, 0, 81691, 97871, 6, 319.42
2026/09/22 22:56:56.391, 1, 81717, 97871, 0, 329.73
2026/09/22 22:56:56.391, 2, 81211, 97871, 0, 320.02
2026/09/22 22:56:56.391, 3, 81207, 97871, 52, 301.56
2026/09/22 22:56:56.591, 0, 81691, 97871, 0, 274.76
2026/09/22 22:56:56.591, 1, 81717, 97871, 0, 283.29
2026/09/22 22:56:56.591, 2, 81211, 97871, 0, 274.89
2026/09/22 22:56:56.591, 3, 81207, 97871, 0, 256.49
2026/09/22 22:56:56.791, 0, 81691, 97871, 0, 229.17
2026/09/22 22:56:56.791, 1, 81717, 97871, 0, 239.37
2026/09/22 22:56:56.791, 2, 81211, 97871, 0, 229.23
2026/09/22 22:56:56.791, 3, 81207, 97871, 0, 210.80
2026/09/22 22:56:56.991, 0, 81691, 97871, 44, 206.58
2026/09/22 22:56:56.992, 1, 81717, 97871, 78, 217.15
2026/09/22 22:56:56.992, 2, 81211, 97871, 44, 210.78
2026/09/22 22:56:56.992, 3, 81207, 97871, 6, 203.66
2026/09/22 22:56:57.192, 0, 81691, 97871, 100, 207.11
2026/09/22 22:56:57.192, 1, 81717, 97871, 100, 215.34
2026/09/22 22:56:57.192, 2, 81211, 97871, 100, 208.56
2026/09/22 22:56:57.192, 3, 81207, 97871, 100, 207.98
2026/09/22 22:56:57.392, 0, 81691, 97871, 100, 236.24
2026/09/22 22:56:57.392, 1, 81717, 97871, 100, 249.22
2026/09/22 22:56:57.392, 2, 81211, 97871, 100, 238.20
2026/09/22 22:56:57.392, 3, 81207, 97871, 100, 251.44
2026/09/22 22:56:57.592, 0, 81691, 97871, 100, 280.91
2026/09/22 22:56:57.592, 1, 81717, 97871, 100, 293.28
2026/09/22 22:56:57.592, 2, 81211, 97871, 100, 283.98
2026/09/22 22:56:57.592, 3, 81207, 97871, 100, 297.68
2026/09/22 22:56:57.792, 0, 81691, 97871, 100, 326.02
2026/09/22 22:56:57.792, 1, 81717, 97871, 100, 339.61
2026/09/22 22:56:57.792, 2, 81211, 97871, 100, 329.58
2026/09/22 22:56:57.792, 3, 81207, 97871, 100, 342.83
2026/09/22 22:56:57.992, 0, 81691, 97871, 100, 354.46
2026/09/22 22:56:57.992, 1, 81717, 97871, 100, 368.98
2026/09/22 22:56:57.992, 2, 81211, 97871, 100, 356.90
2026/09/22 22:56:57.992, 3, 81207, 97871, 100, 356.69
2026/09/22 22:56:58.192, 0, 81691, 97871, 100, 355.92
2026/09/22 22:56:58.193, 1, 81717, 97871, 100, 369.87
2026/09/22 22:56:58.193, 2, 81211, 97871, 100, 358.30
2026/09/22 22:56:58.193, 3, 81207, 97871, 100, 357.17
2026/09/22 22:56:58.393, 0, 81691, 97871, 94, 351.50
2026/09/22 22:56:58.393, 1, 81717, 97871, 92, 361.35
2026/09/22 22:56:58.393, 2, 81211, 97871, 94, 352.64
2026/09/22 22:56:58.393, 3, 81207, 97871, 100, 335.98
2026/09/22 22:56:58.593, 0, 81691, 97871, 0, 306.96
2026/09/22 22:56:58.593, 1, 81717, 97871, 0, 315.00
2026/09/22 22:56:58.593, 2, 81211, 97871, 0, 308.07
2026/09/22 22:56:58.593, 3, 81207, 97871, 0, 288.83
2026/09/22 22:56:58.793, 0, 81691, 97871, 0, 260.89
2026/09/22 22:56:58.793, 1, 81717, 97871, 0, 267.86
2026/09/22 22:56:58.793, 2, 81211, 97871, 0, 260.29
2026/09/22 22:56:58.793, 3, 81207, 97871, 0, 244.69
2026/09/22 22:56:58.993, 0, 81691, 97871, 0, 216.99
2026/09/22 22:56:58.993, 1, 81717, 97871, 0, 219.93
2026/09/22 22:56:58.993, 2, 81211, 97871, 0, 217.04
2026/09/22 22:56:58.993, 3, 81207, 97871, 0, 195.13
2026/09/22 22:56:59.194, 0, 81691, 97871, 0, 170.85
2026/09/22 22:56:59.194, 1, 81717, 97871, 0, 171.99
2026/09/22 22:56:59.194, 2, 81211, 97871, 0, 166.93
2026/09/22 22:56:59.194, 3, 81207, 97871, 0, 152.77
2026/09/22 22:56:59.394, 0, 81691, 97871, 0, 125.16
2026/09/22 22:56:59.394, 1, 81717, 97871, 0, 132.88
2026/09/22 22:56:59.394, 2, 81211, 97871, 0, 126.54
2026/09/22 22:56:59.394, 3, 81207, 97871, 0, 122.89
2026/09/22 22:56:59.594, 0, 81691, 97871, 0, 123.86
2026/09/22 22:56:59.594, 1, 81717, 97871, 0, 131.41
2026/09/22 22:56:59.594, 2, 81211, 97871, 0, 125.23
2026/09/22 22:56:59.594, 3, 81207, 97871, 0, 122.71
2026/09/22 22:56:59.794, 0, 81691, 97871, 0, 123.74
2026/09/22 22:56:59.794, 1, 81717, 97871, 0, 131.15
2026/09/22 22:56:59.794, 2, 81211, 97871, 0, 125.00
2026/09/22 22:56:59.794, 3, 81207, 97871, 0, 122.63
2026/09/22 22:56:59.994, 0, 81691, 97871, 0, 123.61
2026/09/22 22:56:59.994, 1, 81717, 97871, 0, 130.75
2026/09/22 22:56:59.994, 2, 81211, 97871, 0, 124.84
2026/09/22 22:56:59.994, 3, 81207, 97871, 0, 122.57
2026/09/22 22:57:00.195, 0, 81691, 97871, 0, 123.46
2026/09/22 22:57:00.195, 1, 81717, 97871, 0, 130.47
2026/09/22 22:57:00.195, 2, 81211, 97871, 0, 124.72
2026/09/22 22:57:00.195, 3, 81207, 97871, 0, 122.51
2026/09/22 22:57:00.395, 0, 81691, 97871, 0, 123.37
2026/09/22 22:57:00.395, 1, 81717, 97871, 0, 130.24
2026/09/22 22:57:00.395, 2, 81211, 97871, 0, 124.61
2026/09/22 22:57:00.395, 3, 81207, 97871, 0, 122.48
2026/09/22 22:57:00.595, 0, 81691, 97871, 0, 123.28
2026/09/22 22:57:00.595, 1, 81717, 97871, 0, 129.99
2026/09/22 22:57:00.595, 2, 81211, 97871, 0, 124.53
2026/09/22 22:57:00.595, 3, 81207, 97871, 0, 122.46
2026/09/22 22:57:00.795, 0, 81691, 97871, 0, 123.24
2026/09/22 22:57:00.795, 1, 81717, 97871, 0, 129.81
2026/09/22 22:57:00.795, 2, 81211, 97871, 0, 124.44
2026/09/22 22:57:00.795, 3, 81207, 97871, 0, 122.44
2026/09/22 22:57:00.995, 0, 81691, 97871, 0, 123.19
2026/09/22 22:57:00.995, 1, 81717, 97871, 0, 129.77
2026/09/22 22:57:00.995, 2, 81211, 97871, 0, 124.38
2026/09/22 22:57:00.995, 3, 81207, 97871, 0, 122.39
2026/09/22 22:57:01.195, 0, 81691, 97871, 0, 123.16
2026/09/22 22:57:01.195, 1, 81717, 97871, 0, 129.71
2026/09/22 22:57:01.196, 2, 81211, 97871, 0, 124.32
2026/09/22 22:57:01.196, 3, 81207, 97871, 0, 122.38
2026/09/22 22:57:01.396, 0, 81691, 97871, 0, 123.13
2026/09/22 22:57:01.396, 1, 81717, 97871, 0, 129.65
2026/09/22 22:57:01.396, 2, 81211, 97871, 0, 124.27
2026/09/22 22:57:01.396, 3, 81207, 97871, 0, 122.33
2026/09/22 22:57:01.596, 0, 81691, 97871, 0, 123.11
2026/09/22 22:57:01.596, 1, 81717, 97871, 0, 129.61
2026/09/22 22:57:01.596, 2, 81211, 97871, 0, 124.21
2026/09/22 22:57:01.596, 3, 81207, 97871, 0, 122.29
2026/09/22 22:57:01.796, 0, 81691, 97871, 0, 123.08
2026/09/22 22:57:01.796, 1, 81717, 97871, 0, 129.52
2026/09/22 22:57:01.796, 2, 81211, 97871, 0, 124.18
2026/09/22 22:57:01.796, 3, 81207, 97871, 0, 122.25
2026/09/22 22:57:01.996, 0, 81691, 97871, 0, 123.07
2026/09/22 22:57:01.996, 1, 81717, 97871, 0, 129.47
2026/09/22 22:57:01.996, 2, 81211, 97871, 0, 124.12
2026/09/22 22:57:01.996, 3, 81207, 97871, 0, 122.23
2026/09/22 22:57:02.196, 0, 81691, 97871, 0, 123.02
2026/09/22 22:57:02.196, 1, 81717, 97871, 0, 129.43
2026/09/22 22:57:02.196, 2, 81211, 97871, 0, 124.09
2026/09/22 22:57:02.196, 3, 81207, 97871, 0, 122.19
2026/09/22 22:57:02.397, 0, 81691, 97871, 0, 122.95
2026/09/22 22:57:02.397, 1, 81717, 97871, 0, 129.35
2026/09/22 22:57:02.397, 2, 81211, 97871, 0, 124.05
2026/09/22 22:57:02.397, 3, 81207, 97871, 0, 122.17
2026/09/22 22:57:02.597, 0, 81691, 97871, 0, 122.92
2026/09/22 22:57:02.597, 1, 81717, 97871, 0, 129.28
2026/09/22 22:57:02.597, 2, 81211, 97871, 0, 124.01
2026/09/22 22:57:02.597, 3, 81207, 97871, 0, 122.14
2026/09/22 22:57:02.797, 0, 81691, 97871, 0, 122.87
2026/09/22 22:57:02.797, 1, 81717, 97871, 0, 129.25
2026/09/22 22:57:02.797, 2, 81211, 97871, 0, 123.98
2026/09/22 22:57:02.797, 3, 81207, 97871, 0, 122.12
2026/09/22 22:57:02.997, 0, 81691, 97871, 0, 122.81
2026/09/22 22:57:02.997, 1, 81717, 97871, 0, 129.17
2026/09/22 22:57:02.997, 2, 81211, 97871, 0, 123.98
2026/09/22 22:57:02.997, 3, 81207, 97871, 0, 122.07
2026/09/22 22:57:03.197, 0, 81691, 97871, 0, 122.78
2026/09/22 22:57:03.197, 1, 81717, 97871, 0, 129.12
2026/09/22 22:57:03.197, 2, 81211, 97871, 0, 123.93
2026/09/22 22:57:03.197, 3, 81207, 97871, 0, 122.02
2026/09/22 22:57:03.397, 0, 81691, 97871, 0, 131.79
2026/09/22 22:57:03.398, 1, 81717, 97871, 0, 131.29
2026/09/22 22:57:03.398, 2, 81211, 97871, 0, 123.90
2026/09/22 22:57:03.398, 3, 81207, 97871, 0, 129.41
2026/09/22 22:57:03.598, 0, 81691, 97871, 50, 132.96
2026/09/22 22:57:03.598, 1, 81717, 97871, 8, 139.73
2026/09/22 22:57:03.598, 2, 81211, 97871, 17, 134.63
2026/09/22 22:57:03.598, 3, 81207, 97871, 70, 131.70
2026/09/22 22:57:03.798, 0, 81691, 97871, 0, 133.17
2026/09/22 22:57:03.798, 1, 81717, 97871, 0, 139.74
2026/09/22 22:57:03.798, 2, 81211, 97871, 0, 134.63
2026/09/22 22:57:03.798, 3, 81207, 97871, 0, 131.89
2026/09/22 22:57:03.998, 0, 81691, 97871, 0, 133.12
2026/09/22 22:57:03.998, 1, 81717, 97871, 0, 139.98
2026/09/22 22:57:03.998, 2, 81211, 97871, 0, 134.62
2026/09/22 22:57:03.998, 3, 81207, 97871, 0, 131.69
2026/09/22 22:57:04.198, 0, 81691, 97871, 0, 133.12
2026/09/22 22:57:04.199, 1, 81717, 97871, 0, 139.72
2026/09/22 22:57:04.199, 2, 81211, 97871, 0, 134.61
2026/09/22 22:57:04.199, 3, 81207, 97871, 0, 131.70
2026/09/22 22:57:04.399, 0, 81691, 97871, 11, 164.21
2026/09/22 22:57:04.399, 1, 81717, 97871, 59, 160.59
2026/09/22 22:57:04.399, 2, 81211, 97871, 17, 152.47
2026/09/22 22:57:04.399, 3, 81207, 97871, 100, 158.58
2026/09/22 22:57:04.599, 0, 81691, 97871, 100, 208.12
2026/09/22 22:57:04.599, 1, 81717, 97871, 100, 195.61
2026/09/22 22:57:04.599, 2, 81211, 97871, 100, 185.12
2026/09/22 22:57:04.599, 3, 81207, 97871, 100, 200.82
2026/09/22 22:57:04.799, 0, 81691, 97871, 100, 253.05
2026/09/22 22:57:04.799, 1, 81717, 97871, 100, 241.79
2026/09/22 22:57:04.799, 2, 81211, 97871, 100, 230.49
2026/09/22 22:57:04.799, 3, 81207, 97871, 100, 245.08
2026/09/22 22:57:04.999, 0, 81691, 97871, 100, 300.50
2026/09/22 22:57:05.000, 1, 81717, 97871, 100, 286.19
2026/09/22 22:57:05.000, 2, 81211, 97871, 100, 276.54
2026/09/22 22:57:05.000, 3, 81207, 97871, 100, 293.85
2026/09/22 22:57:05.200, 0, 81691, 97871, 100, 346.51
2026/09/22 22:57:05.200, 1, 81717, 97871, 100, 334.81
2026/09/22 22:57:05.200, 2, 81211, 97871, 100, 321.89
2026/09/22 22:57:05.200, 3, 81207, 97871, 100, 341.35
2026/09/22 22:57:05.400, 0, 81691, 97871, 100, 352.57
2026/09/22 22:57:05.400, 1, 81717, 97871, 100, 359.18
2026/09/22 22:57:05.400, 2, 81211, 97871, 100, 352.41
2026/09/22 22:57:05.400, 3, 81207, 97871, 100, 355.29
2026/09/22 22:57:05.600, 0, 81691, 97871, 100, 352.85
2026/09/22 22:57:05.600, 1, 81717, 97871, 100, 360.41
2026/09/22 22:57:05.600, 2, 81211, 97871, 100, 354.19
2026/09/22 22:57:05.600, 3, 81207, 97871, 100, 354.58
2026/09/22 22:57:05.800, 0, 81691, 97871, 100, 351.75
2026/09/22 22:57:05.800, 1, 81717, 97871, 100, 362.43
2026/09/22 22:57:05.800, 2, 81211, 97871, 100, 355.42
2026/09/22 22:57:05.800, 3, 81207, 97871, 90, 353.51
2026/09/22 22:57:06.000, 0, 81691, 97871, 80, 314.05
2026/09/22 22:57:06.001, 1, 81717, 97871, 45, 339.52
2026/09/22 22:57:06.001, 2, 81211, 97871, 74, 337.65
2026/09/22 22:57:06.001, 3, 81207, 97871, 0, 319.46
2026/09/22 22:57:06.201, 0, 81691, 97871, 0, 270.12
2026/09/22 22:57:06.201, 1, 81717, 97871, 0, 295.10
2026/09/22 22:57:06.201, 2, 81211, 97871, 0, 291.37
2026/09/22 22:57:06.201, 3, 81207, 97871, 0, 273.98
2026/09/22 22:57:06.401, 0, 81691, 97871, 0, 224.27
2026/09/22 22:57:06.401, 1, 81717, 97871, 0, 250.91
2026/09/22 22:57:06.401, 2, 81211, 97871, 0, 249.43
2026/09/22 22:57:06.401, 3, 81207, 97871, 0, 224.18
2026/09/22 22:57:06.601, 0, 81691, 97871, 0, 174.94
2026/09/22 22:57:06.601, 1, 81717, 97871, 0, 202.36
2026/09/22 22:57:06.601, 2, 81211, 97871, 0, 204.38
2026/09/22 22:57:06.601, 3, 81207, 97871, 0, 182.10
2026/09/22 22:57:06.801, 0, 81691, 97871, 0, 130.26
2026/09/22 22:57:06.802, 1, 81717, 97871, 0, 158.47
2026/09/22 22:57:06.802, 2, 81211, 97871, 0, 153.91
2026/09/22 22:57:06.802, 3, 81207, 97871, 0, 134.65
2026/09/22 22:57:07.002, 0, 81691, 97871, 0, 138.16
2026/09/22 22:57:07.002, 1, 81717, 97871, 0, 129.77
2026/09/22 22:57:07.002, 2, 81211, 97871, 0, 124.71
2026/09/22 22:57:07.002, 3, 81207, 97871, 62, 132.17
2026/09/22 22:57:07.202, 0, 81691, 97871, 98, 173.57
2026/09/22 22:57:07.202, 1, 81717, 97871, 100, 164.03
2026/09/22 22:57:07.202, 2, 81211, 97871, 67, 153.65
2026/09/22 22:57:07.202, 3, 81207, 97871, 100, 167.73
2026/09/22 22:57:07.402, 0, 81691, 97871, 100, 218.60
2026/09/22 22:57:07.402, 1, 81717, 97871, 100, 206.41
2026/09/22 22:57:07.402, 2, 81211, 97871, 100, 197.99
2026/09/22 22:57:07.402, 3, 81207, 97871, 100, 210.80
2026/09/22 22:57:07.603, 0, 81691, 97871, 100, 260.28
2026/09/22 22:57:07.603, 1, 81717, 97871, 100, 252.60
2026/09/22 22:57:07.603, 2, 81211, 97871, 100, 240.18
2026/09/22 22:57:07.603, 3, 81207, 97871, 100, 256.94
2026/09/22 22:57:07.803, 0, 81691, 97871, 100, 303.57
2026/09/22 22:57:07.803, 1, 81717, 97871, 100, 297.83
2026/09/22 22:57:07.803, 2, 81211, 97871, 100, 286.84
2026/09/22 22:57:07.803, 3, 81207, 97871, 100, 298.87
2026/09/22 22:57:08.003, 0, 81691, 97871, 100, 338.83
2026/09/22 22:57:08.003, 1, 81717, 97871, 100, 338.48
2026/09/22 22:57:08.003, 2, 81211, 97871, 100, 326.84
2026/09/22 22:57:08.003, 3, 81207, 97871, 100, 336.99
2026/09/22 22:57:08.203, 0, 81691, 97871, 100, 346.36
2026/09/22 22:57:08.203, 1, 81717, 97871, 100, 350.95
2026/09/22 22:57:08.203, 2, 81211, 97871, 100, 345.70
2026/09/22 22:57:08.203, 3, 81207, 97871, 100, 345.83
2026/09/22 22:57:08.403, 0, 81691, 97871, 100, 347.34
2026/09/22 22:57:08.403, 1, 81717, 97871, 100, 354.71
2026/09/22 22:57:08.403, 2, 81211, 97871, 100, 347.18
2026/09/22 22:57:08.403, 3, 81207, 97871, 100, 346.39
2026/09/22 22:57:08.603, 0, 81691, 97871, 100, 346.09
2026/09/22 22:57:08.603, 1, 81717, 97871, 100, 355.36
2026/09/22 22:57:08.604, 2, 81211, 97871, 100, 347.32
2026/09/22 22:57:08.604, 3, 81207, 97871, 100, 348.05
2026/09/22 22:57:08.804, 0, 81691, 97871, 100, 346.27
2026/09/22 22:57:08.804, 1, 81717, 97871, 100, 354.90
2026/09/22 22:57:08.804, 2, 81211, 97871, 100, 347.44
2026/09/22 22:57:08.804, 3, 81207, 97871, 100, 348.15
2026/09/22 22:57:09.004, 0, 81691, 97871, 100, 346.17
2026/09/22 22:57:09.004, 1, 81717, 97871, 100, 356.88
2026/09/22 22:57:09.004, 2, 81211, 97871, 100, 348.13
2026/09/22 22:57:09.004, 3, 81207, 97871, 100, 348.48
2026/09/22 22:57:09.204, 0, 81691, 97871, 100, 346.98
2026/09/22 22:57:09.204, 1, 81717, 97871, 100, 357.61
2026/09/22 22:57:09.204, 2, 81211, 97871, 100, 348.88
2026/09/22 22:57:09.204, 3, 81207, 97871, 100, 349.25
2026/09/22 22:57:09.404, 0, 81691, 97871, 92, 322.10
2026/09/22 22:57:09.404, 1, 81717, 97871, 92, 349.45
2026/09/22 22:57:09.404, 2, 81211, 97871, 42, 342.96
2026/09/22 22:57:09.404, 3, 81207, 97871, 0, 330.66
2026/09/22 22:57:09.604, 0, 81691, 97871, 0, 278.08
2026/09/22 22:57:09.604, 1, 81717, 97871, 0, 305.54
2026/09/22 22:57:09.605, 2, 81211, 97871, 0, 300.14
2026/09/22 22:57:09.605, 3, 81207, 97871, 0, 286.40
2026/09/22 22:57:09.805, 0, 81691, 97871, 0, 235.90
2026/09/22 22:57:09.805, 1, 81717, 97871, 0, 260.26
2026/09/22 22:57:09.805, 2, 81211, 97871, 0, 256.43
2026/09/22 22:57:09.805, 3, 81207, 97871, 0, 239.56
2026/09/22 22:57:10.005, 0, 81691, 97871, 0, 188.94
2026/09/22 22:57:10.005, 1, 81717, 97871, 0, 217.50
2026/09/22 22:57:10.005, 2, 81211, 97871, 0, 210.26
2026/09/22 22:57:10.005, 3, 81207, 97871, 0, 196.92
2026/09/22 22:57:10.205, 0, 81691, 97871, 0, 148.10
2026/09/22 22:57:10.205, 1, 81717, 97871, 0, 168.77
2026/09/22 22:57:10.205, 2, 81211, 97871, 0, 165.20
2026/09/22 22:57:10.205, 3, 81207, 97871, 0, 153.08
2026/09/22 22:57:10.405, 0, 85771, 97871, 0, 123.51
2026/09/22 22:57:10.405, 1, 81717, 97871, 0, 131.38
2026/09/22 22:57:10.405, 2, 81211, 97871, 0, 127.82
2026/09/22 22:57:10.405, 3, 84267, 97871, 0, 123.07
2026/09/22 22:57:10.605, 0, 85771, 97871, 31, 158.48
2026/09/22 22:57:10.605, 1, 85797, 97871, 0, 135.14
2026/09/22 22:57:10.605, 2, 85291, 97871, 33, 125.34
2026/09/22 22:57:10.605, 3, 85287, 97871, 100, 157.02
2026/09/22 22:57:10.806, 0, 85771, 97871, 100, 188.33
2026/09/22 22:57:10.806, 1, 85797, 97871, 100, 178.47
2026/09/22 22:57:10.806, 2, 85291, 97871, 100, 169.51
2026/09/22 22:57:10.806, 3, 85287, 97871, 100, 183.41
2026/09/22 22:57:11.006, 0, 85771, 97871, 100, 233.73
2026/09/22 22:57:11.006, 1, 85797, 97871, 100, 222.70
2026/09/22 22:57:11.006, 2, 85291, 97871, 100, 214.35
2026/09/22 22:57:11.006, 3, 85287, 97871, 100, 227.45
2026/09/22 22:57:11.206, 0, 85771, 97871, 100, 276.98
2026/09/22 22:57:11.206, 1, 85797, 97871, 100, 266.95
2026/09/22 22:57:11.206, 2, 85291, 97871, 100, 255.08
2026/09/22 22:57:11.206, 3, 85287, 97871, 100, 269.14
2026/09/22 22:57:11.406, 0, 85771, 97871, 100, 317.98
2026/09/22 22:57:11.406, 1, 85797, 97871, 100, 308.27
2026/09/22 22:57:11.406, 2, 85291, 97871, 100, 302.12
2026/09/22 22:57:11.406, 3, 85287, 97871, 100, 313.65
2026/09/22 22:57:11.606, 0, 85771, 97871, 100, 329.63
2026/09/22 22:57:11.606, 1, 85797, 97871, 100, 352.58
2026/09/22 22:57:11.606, 2, 85291, 97871, 100, 343.04
2026/09/22 22:57:11.606, 3, 85287, 97871, 100, 325.47
2026/09/22 22:57:11.806, 0, 85771, 97871, 100, 343.69
2026/09/22 22:57:11.806, 1, 85797, 97871, 100, 353.26
2026/09/22 22:57:11.806, 2, 85291, 97871, 100, 347.45
2026/09/22 22:57:11.806, 3, 85287, 97871, 100, 346.15
2026/09/22 22:57:12.006, 0, 85771, 97871, 100, 344.60
2026/09/22 22:57:12.006, 1, 85797, 97871, 100, 354.85
2026/09/22 22:57:12.006, 2, 85291, 97871, 100, 348.23
2026/09/22 22:57:12.007, 3, 85287, 97871, 100, 347.96
2026/09/22 22:57:12.207, 0, 85771, 97871, 100, 345.23
2026/09/22 22:57:12.207, 1, 85797, 97871, 100, 356.47
2026/09/22 22:57:12.207, 2, 85291, 97871, 100, 348.67
2026/09/22 22:57:12.207, 3, 85287, 97871, 100, 348.71
2026/09/22 22:57:12.407, 0, 85771, 97871, 100, 345.90
2026/09/22 22:57:12.407, 1, 85797, 97871, 100, 358.15
2026/09/22 22:57:12.407, 2, 85291, 97871, 100, 349.23
2026/09/22 22:57:12.407, 3, 85287, 97871, 100, 349.30
2026/09/22 22:57:12.607, 0, 85771, 97871, 100, 346.74
2026/09/22 22:57:12.607, 1, 85797, 97871, 100, 358.09
2026/09/22 22:57:12.607, 2, 85291, 97871, 100, 349.14
2026/09/22 22:57:12.607, 3, 85287, 97871, 100, 348.54
2026/09/22 22:57:12.807, 0, 85771, 97871, 100, 346.22
2026/09/22 22:57:12.807, 1, 85797, 97871, 100, 360.53
2026/09/22 22:57:12.807, 2, 85291, 97871, 100, 347.97
2026/09/22 22:57:12.807, 3, 85287, 97871, 100, 348.96
2026/09/22 22:57:13.007, 0, 85771, 97871, 96, 348.28
2026/09/22 22:57:13.007, 1, 85797, 97871, 97, 359.23
2026/09/22 22:57:13.007, 2, 85291, 97871, 96, 348.36
2026/09/22 22:57:13.007, 3, 85287, 97871, 100, 351.86
2026/09/22 22:57:13.207, 0, 85771, 97871, 49, 327.83
2026/09/22 22:57:13.207, 1, 85797, 97871, 100, 352.87
2026/09/22 22:57:13.207, 2, 85291, 97871, 42, 349.47
2026/09/22 22:57:13.207, 3, 85287, 97871, 0, 331.83
2026/09/22 22:57:13.407, 0, 85771, 97871, 0, 283.65
2026/09/22 22:57:13.407, 1, 85797, 97871, 0, 307.08
2026/09/22 22:57:13.408, 2, 85291, 97871, 0, 305.87
2026/09/22 22:57:13.408, 3, 85287, 97871, 0, 285.56
2026/09/22 22:57:13.608, 0, 85771, 97871, 0, 237.95
2026/09/22 22:57:13.608, 1, 85797, 97871, 0, 263.77
2026/09/22 22:57:13.608, 2, 85291, 97871, 0, 261.52
2026/09/22 22:57:13.608, 3, 85287, 97871, 0, 243.21
2026/09/22 22:57:13.808, 0, 85771, 97871, 0, 196.40
2026/09/22 22:57:13.808, 1, 85797, 97871, 0, 215.66
2026/09/22 22:57:13.808, 2, 85291, 97871, 0, 219.41
2026/09/22 22:57:13.808, 3, 85287, 97871, 0, 198.96
2026/09/22 22:57:14.008, 0, 85771, 97871, 0, 150.73
2026/09/22 22:57:14.008, 1, 85797, 97871, 0, 170.89
2026/09/22 22:57:14.008, 2, 85291, 97871, 0, 175.73
2026/09/22 22:57:14.008, 3, 85287, 97871, 0, 148.04
2026/09/22 22:57:14.208, 0, 85771, 97871, 0, 124.60
2026/09/22 22:57:14.208, 1, 85797, 97871, 0, 131.90
2026/09/22 22:57:14.208, 2, 85291, 97871, 0, 126.95
2026/09/22 22:57:14.208, 3, 85287, 97871, 12, 125.90
2026/09/22 22:57:14.408, 0, 85771, 97871, 100, 168.85
2026/09/22 22:57:14.408, 1, 85797, 97871, 82, 157.69
2026/09/22 22:57:14.408, 2, 85291, 97871, 100, 149.73
2026/09/22 22:57:14.408, 3, 85287, 97871, 100, 166.49
2026/09/22 22:57:14.608, 0, 85771, 97871, 100, 210.47
2026/09/22 22:57:14.608, 1, 85797, 97871, 100, 201.02
2026/09/22 22:57:14.608, 2, 85291, 97871, 100, 191.09
2026/09/22 22:57:14.608, 3, 85287, 97871, 100, 211.53
2026/09/22 22:57:14.808, 0, 85771, 97871, 100, 256.61
2026/09/22 22:57:14.809, 1, 85797, 97871, 100, 245.19
2026/09/22 22:57:14.809, 2, 85291, 97871, 100, 237.15
2026/09/22 22:57:14.809, 3, 85287, 97871, 100, 253.02
2026/09/22 22:57:15.009, 0, 85771, 97871, 100, 300.62
2026/09/22 22:57:15.009, 1, 85797, 97871, 100, 292.80
2026/09/22 22:57:15.009, 2, 85291, 97871, 100, 281.04
2026/09/22 22:57:15.009, 3, 85287, 97871, 100, 296.69
2026/09/22 22:57:15.209, 0, 85771, 97871, 100, 341.10
2026/09/22 22:57:15.209, 1, 85797, 97871, 100, 333.89
2026/09/22 22:57:15.209, 2, 85291, 97871, 100, 322.00
2026/09/22 22:57:15.209, 3, 85287, 97871, 100, 340.93
2026/09/22 22:57:15.409, 0, 85771, 97871, 100, 344.52
2026/09/22 22:57:15.409, 1, 85797, 97871, 100, 355.80
2026/09/22 22:57:15.409, 2, 85291, 97871, 100, 345.76
2026/09/22 22:57:15.409, 3, 85287, 97871, 100, 346.06
2026/09/22 22:57:15.609, 0, 85771, 97871, 100, 345.42
2026/09/22 22:57:15.609, 1, 85797, 97871, 100, 356.64
2026/09/22 22:57:15.609, 2, 85291, 97871, 100, 346.99
2026/09/22 22:57:15.609, 3, 85287, 97871, 100, 346.79
2026/09/22 22:57:15.809, 0, 85771, 97871, 100, 346.51
2026/09/22 22:57:15.809, 1, 85797, 97871, 100, 357.85
2026/09/22 22:57:15.809, 2, 85291, 97871, 100, 347.70
2026/09/22 22:57:15.809, 3, 85287, 97871, 100, 347.86
2026/09/22 22:57:16.009, 0, 85771, 97871, 100, 346.74
2026/09/22 22:57:16.009, 1, 85797, 97871, 100, 358.56
2026/09/22 22:57:16.009, 2, 85291, 97871, 100, 348.26
2026/09/22 22:57:16.009, 3, 85287, 97871, 100, 347.31
2026/09/22 22:57:16.209, 0, 85771, 97871, 100, 346.94
2026/09/22 22:57:16.210, 1, 85797, 97871, 100, 360.03
2026/09/22 22:57:16.210, 2, 85291, 97871, 100, 348.58
2026/09/22 22:57:16.210, 3, 85287, 97871, 100, 347.43
2026/09/22 22:57:16.410, 0, 85771, 97871, 100, 347.36
2026/09/22 22:57:16.410, 1, 85797, 97871, 100, 360.64
2026/09/22 22:57:16.410, 2, 85291, 97871, 100, 348.87
2026/09/22 22:57:16.410, 3, 85287, 97871, 100, 347.54
2026/09/22 22:57:16.610, 0, 85771, 97871, 92, 346.73
2026/09/22 22:57:16.610, 1, 85797, 97871, 100, 360.95
2026/09/22 22:57:16.610, 2, 85291, 97871, 91, 349.19
2026/09/22 22:57:16.610, 3, 85287, 97871, 91, 345.20
2026/09/22 22:57:16.810, 0, 85771, 97871, 0, 309.83
2026/09/22 22:57:16.810, 1, 85797, 97871, 44, 338.60
2026/09/22 22:57:16.810, 2, 85291, 97871, 0, 331.39
2026/09/22 22:57:16.810, 3, 85287, 97871, 0, 309.70
2026/09/22 22:57:17.010, 0, 85771, 97871, 0, 266.04
2026/09/22 22:57:17.010, 1, 85797, 97871, 0, 293.19
2026/09/22 22:57:17.010, 2, 85291, 97871, 0, 286.98
2026/09/22 22:57:17.010, 3, 85287, 97871, 0, 266.22
2026/09/22 22:57:17.210, 0, 85771, 97871, 0, 220.18
2026/09/22 22:57:17.210, 1, 85797, 97871, 0, 246.62
2026/09/22 22:57:17.210, 2, 85291, 97871, 0, 242.48
2026/09/22 22:57:17.210, 3, 85287, 97871, 0, 222.57
2026/09/22 22:57:17.410, 0, 85771, 97871, 0, 179.08
2026/09/22 22:57:17.411, 1, 85797, 97871, 0, 200.90
2026/09/22 22:57:17.411, 2, 85291, 97871, 0, 200.50
2026/09/22 22:57:17.411, 3, 85287, 97871, 0, 178.05
2026/09/22 22:57:17.611, 0, 85771, 97871, 0, 135.59
2026/09/22 22:57:17.611, 1, 85797, 97871, 0, 155.49
2026/09/22 22:57:17.611, 2, 85291, 97871, 0, 152.89
2026/09/22 22:57:17.611, 3, 85287, 97871, 0, 135.81
2026/09/22 22:57:17.811, 0, 85771, 97871, 0, 129.91
2026/09/22 22:57:17.811, 1, 85797, 97871, 0, 131.51
2026/09/22 22:57:17.811, 2, 85291, 97871, 0, 125.87
2026/09/22 22:57:17.811, 3, 85287, 97871, 33, 130.65
2026/09/22 22:57:18.011, 0, 85771, 97871, 100, 172.89
2026/09/22 22:57:18.011, 1, 85797, 97871, 99, 162.37
2026/09/22 22:57:18.011, 2, 85291, 97871, 100, 152.95
2026/09/22 22:57:18.011, 3, 85287, 97871, 100, 168.91
2026/09/22 22:57:18.211, 0, 85771, 97871, 100, 215.29
2026/09/22 22:57:18.211, 1, 85797, 97871, 100, 208.12
2026/09/22 22:57:18.211, 2, 85291, 97871, 100, 196.04
2026/09/22 22:57:18.211, 3, 85287, 97871, 100, 214.30
2026/09/22 22:57:18.411, 0, 85771, 97871, 100, 262.02
2026/09/22 22:57:18.411, 1, 85797, 97871, 100, 253.28
2026/09/22 22:57:18.412, 2, 85291, 97871, 100, 240.35
2026/09/22 22:57:18.412, 3, 85287, 97871, 100, 259.08
2026/09/22 22:57:18.612, 0, 85771, 97871, 100, 306.68
2026/09/22 22:57:18.612, 1, 85797, 97871, 100, 294.54
2026/09/22 22:57:18.612, 2, 85291, 97871, 100, 281.55
2026/09/22 22:57:18.612, 3, 85287, 97871, 100, 300.15
2026/09/22 22:57:18.812, 0, 85771, 97871, 100, 344.44
2026/09/22 22:57:18.812, 1, 85797, 97871, 100, 339.64
2026/09/22 22:57:18.812, 2, 85291, 97871, 100, 325.16
2026/09/22 22:57:18.812, 3, 85287, 97871, 100, 340.92
2026/09/22 22:57:19.012, 0, 85771, 97871, 100, 345.96
2026/09/22 22:57:19.012, 1, 85797, 97871, 100, 358.62
2026/09/22 22:57:19.012, 2, 85291, 97871, 100, 345.79
2026/09/22 22:57:19.012, 3, 85287, 97871, 100, 346.42
2026/09/22 22:57:19.212, 0, 85771, 97871, 100, 346.83
2026/09/22 22:57:19.212, 1, 85797, 97871, 100, 359.52
2026/09/22 22:57:19.212, 2, 85291, 97871, 100, 347.97
2026/09/22 22:57:19.212, 3, 85287, 97871, 100, 347.75
2026/09/22 22:57:19.412, 0, 85771, 97871, 100, 347.08
2026/09/22 22:57:19.412, 1, 85797, 97871, 100, 359.32
2026/09/22 22:57:19.412, 2, 85291, 97871, 100, 348.62
2026/09/22 22:57:19.412, 3, 85287, 97871, 100, 348.52
2026/09/22 22:57:19.612, 0, 85771, 97871, 100, 347.04
2026/09/22 22:57:19.612, 1, 85797, 97871, 100, 360.67
2026/09/22 22:57:19.612, 2, 85291, 97871, 100, 348.62
2026/09/22 22:57:19.612, 3, 85287, 97871, 100, 348.43
2026/09/22 22:57:19.813, 0, 85771, 97871, 100, 347.93
2026/09/22 22:57:19.813, 1, 85797, 97871, 100, 361.35
2026/09/22 22:57:19.813, 2, 85291, 97871, 100, 348.75
2026/09/22 22:57:19.813, 3, 85287, 97871, 100, 349.30
2026/09/22 22:57:20.013, 0, 85771, 97871, 100, 349.14
2026/09/22 22:57:20.013, 1, 85797, 97871, 100, 361.14
2026/09/22 22:57:20.013, 2, 85291, 97871, 100, 349.66
2026/09/22 22:57:20.013, 3, 85287, 97871, 100, 349.52
2026/09/22 22:57:20.213, 0, 85771, 97871, 100, 343.28
2026/09/22 22:57:20.213, 1, 85797, 97871, 95, 360.00
2026/09/22 22:57:20.213, 2, 85291, 97871, 100, 350.55
2026/09/22 22:57:20.213, 3, 85287, 97871, 67, 343.26
2026/09/22 22:57:20.413, 0, 85771, 97871, 0, 299.27
2026/09/22 22:57:20.413, 1, 85797, 97871, 0, 324.03
2026/09/22 22:57:20.413, 2, 85291, 97871, 0, 315.75
2026/09/22 22:57:20.413, 3, 85287, 97871, 0, 297.95
2026/09/22 22:57:20.613, 0, 85771, 97871, 0, 255.18
2026/09/22 22:57:20.613, 1, 85797, 97871, 0, 277.99
2026/09/22 22:57:20.613, 2, 85291, 97871, 0, 272.54
2026/09/22 22:57:20.613, 3, 85287, 97871, 0, 254.66
2026/09/22 22:57:20.813, 0, 85771, 97871, 0, 208.63
2026/09/22 22:57:20.813, 1, 85797, 97871, 0, 235.07
2026/09/22 22:57:20.813, 2, 85291, 97871, 0, 228.42
2026/09/22 22:57:20.813, 3, 85287, 97871, 0, 210.93
2026/09/22 22:57:21.014, 0, 85771, 97871, 0, 167.83
2026/09/22 22:57:21.014, 1, 85797, 97871, 0, 186.15
2026/09/22 22:57:21.014, 2, 85291, 97871, 0, 180.48
2026/09/22 22:57:21.014, 3, 85287, 97871, 0, 166.98
2026/09/22 22:57:21.214, 0, 85771, 97871, 0, 124.46
2026/09/22 22:57:21.214, 1, 85797, 97871, 0, 140.96
2026/09/22 22:57:21.214, 2, 85291, 97871, 0, 135.20
2026/09/22 22:57:21.214, 3, 85287, 97871, 0, 123.42
2026/09/22 22:57:21.414, 0, 85771, 97871, 40, 146.68
2026/09/22 22:57:21.414, 1, 85797, 97871, 0, 131.57
2026/09/22 22:57:21.414, 2, 85291, 97871, 45, 131.00
2026/09/22 22:57:21.414, 3, 85287, 97871, 100, 148.51
2026/09/22 22:57:21.614, 0, 85771, 97871, 100, 188.05
2026/09/22 22:57:21.614, 1, 85797, 97871, 100, 176.29
2026/09/22 22:57:21.614, 2, 85291, 97871, 100, 171.53
2026/09/22 22:57:21.614, 3, 85287, 97871, 100, 185.63
2026/09/22 22:57:21.814, 0, 85771, 97871, 100, 234.57
2026/09/22 22:57:21.814, 1, 85797, 97871, 100, 221.53
2026/09/22 22:57:21.814, 2, 85291, 97871, 100, 214.42
2026/09/22 22:57:21.814, 3, 85287, 97871, 100, 229.73
2026/09/22 22:57:22.015, 0, 85771, 97871, 100, 280.12
2026/09/22 22:57:22.015, 1, 85797, 97871, 100, 266.74
2026/09/22 22:57:22.015, 2, 85291, 97871, 100, 258.63
2026/09/22 22:57:22.015, 3, 85287, 97871, 100, 269.99
2026/09/22 22:57:22.215, 0, 85771, 97871, 100, 325.22
2026/09/22 22:57:22.215, 1, 85797, 97871, 100, 313.27
2026/09/22 22:57:22.215, 2, 85291, 97871, 100, 303.67
2026/09/22 22:57:22.215, 3, 85287, 97871, 100, 317.73
2026/09/22 22:57:22.415, 0, 85771, 97871, 100, 345.95
2026/09/22 22:57:22.415, 1, 85797, 97871, 100, 363.85
2026/09/22 22:57:22.415, 2, 85291, 97871, 100, 348.01
2026/09/22 22:57:22.415, 3, 85287, 97871, 100, 335.85
2026/09/22 22:57:22.615, 0, 85771, 97871, 100, 348.43
2026/09/22 22:57:22.615, 1, 85797, 97871, 100, 365.62
2026/09/22 22:57:22.615, 2, 85291, 97871, 100, 353.61
2026/09/22 22:57:22.615, 3, 85287, 97871, 100, 345.36
2026/09/22 22:57:22.815, 0, 85771, 97871, 100, 345.97
2026/09/22 22:57:22.815, 1, 85797, 97871, 100, 366.07
2026/09/22 22:57:22.815, 2, 85291, 97871, 100, 354.68
2026/09/22 22:57:22.815, 3, 85287, 97871, 100, 347.24
2026/09/22 22:57:23.015, 0, 85771, 97871, 100, 345.45
2026/09/22 22:57:23.015, 1, 85797, 97871, 100, 365.14
2026/09/22 22:57:23.015, 2, 85291, 97871, 100, 354.94
2026/09/22 22:57:23.015, 3, 85287, 97871, 100, 351.02
2026/09/22 22:57:23.215, 0, 85771, 97871, 100, 345.54
2026/09/22 22:57:23.215, 1, 85797, 97871, 100, 362.57
2026/09/22 22:57:23.215, 2, 85291, 97871, 100, 352.12
2026/09/22 22:57:23.215, 3, 85287, 97871, 100, 352.77
2026/09/22 22:57:23.416, 0, 85771, 97871, 100, 343.79
2026/09/22 22:57:23.416, 1, 85797, 97871, 100, 361.19
2026/09/22 22:57:23.416, 2, 85291, 97871, 99, 350.48
2026/09/22 22:57:23.416, 3, 85287, 97871, 91, 352.97
2026/09/22 22:57:23.616, 0, 85771, 97871, 0, 302.40
2026/09/22 22:57:23.616, 1, 85797, 97871, 28, 333.92
2026/09/22 22:57:23.616, 2, 85291, 97871, 0, 322.81
2026/09/22 22:57:23.616, 3, 85287, 97871, 0, 312.15
2026/09/22 22:57:23.816, 0, 85771, 97871, 0, 259.38
2026/09/22 22:57:23.816, 1, 85797, 97871, 0, 288.51
2026/09/22 22:57:23.816, 2, 85291, 97871, 0, 276.48
2026/09/22 22:57:23.816, 3, 85287, 97871, 0, 267.67
2026/09/22 22:57:24.016, 0, 85771, 97871, 0, 212.49
2026/09/22 22:57:24.016, 1, 85797, 97871, 0, 244.34
2026/09/22 22:57:24.016, 2, 85291, 97871, 0, 231.54
2026/09/22 22:57:24.016, 3, 85287, 97871, 0, 222.59
2026/09/22 22:57:24.216, 0, 85771, 97871, 0, 171.25
2026/09/22 22:57:24.216, 1, 85797, 97871, 0, 196.99
2026/09/22 22:57:24.216, 2, 85291, 97871, 0, 188.32
2026/09/22 22:57:24.216, 3, 85287, 97871, 0, 173.13
2026/09/22 22:57:24.416, 0, 85771, 97871, 0, 125.64
2026/09/22 22:57:24.417, 1, 85797, 97871, 0, 151.57
2026/09/22 22:57:24.417, 2, 85291, 97871, 0, 144.37
2026/09/22 22:57:24.417, 3, 85287, 97871, 0, 127.78
2026/09/22 22:57:24.617, 0, 85771, 97871, 50, 153.46
2026/09/22 22:57:24.617, 1, 85797, 97871, 0, 136.57
2026/09/22 22:57:24.617, 2, 85291, 97871, 49, 132.32
2026/09/22 22:57:24.617, 3, 85287, 97871, 100, 148.58
2026/09/22 22:57:24.817, 0, 85771, 97871, 100, 195.36
2026/09/22 22:57:24.817, 1, 85797, 97871, 100, 182.15
2026/09/22 22:57:24.817, 2, 85291, 97871, 100, 176.02
2026/09/22 22:57:24.817, 3, 85287, 97871, 100, 188.66
2026/09/22 22:57:25.017, 0, 85771, 97871, 100, 240.46
2026/09/22 22:57:25.017, 1, 85797, 97871, 100, 227.71
2026/09/22 22:57:25.017, 2, 85291, 97871, 100, 220.24
2026/09/22 22:57:25.017, 3, 85287, 97871, 100, 232.84
2026/09/22 22:57:25.217, 0, 85771, 97871, 100, 285.21
2026/09/22 22:57:25.217, 1, 85797, 97871, 100, 273.00
2026/09/22 22:57:25.217, 2, 85291, 97871, 100, 264.48
2026/09/22 22:57:25.217, 3, 85287, 97871, 100, 277.55
2026/09/22 22:57:25.417, 0, 85771, 97871, 100, 325.71
2026/09/22 22:57:25.417, 1, 85797, 97871, 100, 315.02
2026/09/22 22:57:25.417, 2, 85291, 97871, 100, 308.25
2026/09/22 22:57:25.417, 3, 85287, 97871, 100, 325.75
2026/09/22 22:57:25.617, 0, 85771, 97871, 100, 345.01
2026/09/22 22:57:25.617, 1, 85797, 97871, 100, 359.42
2026/09/22 22:57:25.617, 2, 85291, 97871, 100, 346.70
2026/09/22 22:57:25.617, 3, 85287, 97871, 100, 343.52
2026/09/22 22:57:25.818, 0, 85771, 97871, 100, 348.26
2026/09/22 22:57:25.818, 1, 85797, 97871, 100, 360.12
2026/09/22 22:57:25.818, 2, 85291, 97871, 100, 348.04
2026/09/22 22:57:25.818, 3, 85287, 97871, 100, 347.74
2026/09/22 22:57:26.018, 0, 85771, 97871, 100, 348.23
2026/09/22 22:57:26.018, 1, 85797, 97871, 100, 361.09
2026/09/22 22:57:26.018, 2, 85291, 97871, 100, 349.16
2026/09/22 22:57:26.018, 3, 85287, 97871, 100, 349.35
2026/09/22 22:57:26.218, 0, 85771, 97871, 100, 348.03
2026/09/22 22:57:26.218, 1, 85797, 97871, 100, 360.39
2026/09/22 22:57:26.218, 2, 85291, 97871, 100, 349.21
2026/09/22 22:57:26.218, 3, 85287, 97871, 100, 348.91
2026/09/22 22:57:26.418, 0, 85771, 97871, 100, 349.02
2026/09/22 22:57:26.418, 1, 85797, 97871, 100, 361.11
2026/09/22 22:57:26.418, 2, 85291, 97871, 100, 349.96
2026/09/22 22:57:26.418, 3, 85287, 97871, 100, 348.62
2026/09/22 22:57:26.618, 0, 85771, 97871, 100, 350.02
2026/09/22 22:57:26.618, 1, 85797, 97871, 100, 362.12
2026/09/22 22:57:26.618, 2, 85291, 97871, 100, 351.74
2026/09/22 22:57:26.618, 3, 85287, 97871, 100, 349.12
2026/09/22 22:57:26.818, 0, 85771, 97871, 98, 348.55
2026/09/22 22:57:26.818, 1, 85797, 97871, 100, 362.27
2026/09/22 22:57:26.818, 2, 85291, 97871, 97, 351.61
2026/09/22 22:57:26.818, 3, 85287, 97871, 92, 348.23
2026/09/22 22:57:27.018, 0, 85771, 97871, 0, 307.67
2026/09/22 22:57:27.018, 1, 85797, 97871, 49, 341.60
2026/09/22 22:57:27.018, 2, 85291, 97871, 0, 331.26
2026/09/22 22:57:27.018, 3, 85287, 97871, 0, 311.78
2026/09/22 22:57:27.219, 0, 85771, 97871, 0, 262.42
2026/09/22 22:57:27.219, 1, 85797, 97871, 0, 297.66
2026/09/22 22:57:27.219, 2, 85291, 97871, 0, 286.78
2026/09/22 22:57:27.219, 3, 85287, 97871, 0, 266.75
2026/09/22 22:57:27.419, 0, 85771, 97871, 0, 216.57
2026/09/22 22:57:27.419, 1, 85797, 97871, 0, 250.54
2026/09/22 22:57:27.419, 2, 85291, 97871, 0, 244.10
2026/09/22 22:57:27.419, 3, 85287, 97871, 0, 221.99
2026/09/22 22:57:27.619, 0, 85771, 97871, 0, 171.25
2026/09/22 22:57:27.619, 1, 85797, 97871, 0, 204.12
2026/09/22 22:57:27.619, 2, 85291, 97871, 0, 199.75
2026/09/22 22:57:27.619, 3, 85287, 97871, 0, 180.01
2026/09/22 22:57:27.819, 0, 85771, 97871, 0, 127.97
2026/09/22 22:57:27.819, 1, 85797, 97871, 0, 157.79
2026/09/22 22:57:27.819, 2, 85291, 97871, 0, 155.26
2026/09/22 22:57:27.819, 3, 85287, 97871, 0, 137.09
2026/09/22 22:57:28.019, 0, 85771, 97871, 0, 124.05
2026/09/22 22:57:28.019, 1, 85797, 97871, 0, 131.79
2026/09/22 22:57:28.019, 2, 85291, 97871, 0, 126.19
2026/09/22 22:57:28.019, 3, 85287, 97871, 0, 122.89
2026/09/22 22:57:28.219, 0, 85203, 97871, 0, 123.90
2026/09/22 22:57:28.219, 1, 85229, 97871, 0, 131.37
2026/09/22 22:57:28.219, 2, 84723, 97871, 0, 125.73
2026/09/22 22:57:28.219, 3, 84719, 97871, 2, 122.79
2026/09/22 22:57:28.420, 0, 85203, 97871, 0, 123.77
2026/09/22 22:57:28.420, 1, 85229, 97871, 0, 131.15
2026/09/22 22:57:28.420, 2, 84723, 97871, 0, 125.56
2026/09/22 22:57:28.420, 3, 84719, 97871, 0, 122.68
2026/09/22 22:57:28.620, 0, 85203, 97871, 0, 123.60
2026/09/22 22:57:28.620, 1, 85229, 97871, 0, 130.97
2026/09/22 22:57:28.620, 2, 84723, 97871, 0, 125.42
2026/09/22 22:57:28.620, 3, 84719, 97871, 0, 122.60
2026/09/22 22:57:28.820, 0, 85203, 97871, 0, 123.47
2026/09/22 22:57:28.820, 1, 85229, 97871, 0, 130.68
2026/09/22 22:57:28.820, 2, 84723, 97871, 0, 125.31
2026/09/22 22:57:28.820, 3, 84719, 97871, 0, 122.55
2026/09/22 22:57:29.020, 0, 85203, 97871, 0, 123.39
2026/09/22 22:57:29.020, 1, 85229, 97871, 0, 130.41
2026/09/22 22:57:29.020, 2, 84723, 97871, 0, 125.23
2026/09/22 22:57:29.020, 3, 84719, 97871, 0, 122.51
2026/09/22 22:57:29.220, 0, 85203, 97871, 0, 123.29
2026/09/22 22:57:29.220, 1, 85229, 97871, 0, 130.19
2026/09/22 22:57:29.220, 2, 84723, 97871, 0, 125.11
2026/09/22 22:57:29.220, 3, 84719, 97871, 0, 122.43
2026/09/22 22:57:29.421, 0, 85203, 97871, 0, 123.15
2026/09/22 22:57:29.421, 1, 85229, 97871, 0, 129.91
2026/09/22 22:57:29.421, 2, 84723, 97871, 0, 125.01
2026/09/22 22:57:29.421, 3, 84719, 97871, 0, 122.36
2026/09/22 22:57:29.621, 0, 85203, 97871, 0, 123.07
2026/09/22 22:57:29.621, 1, 85229, 97871, 0, 129.68
2026/09/22 22:57:29.621, 2, 84723, 97871, 0, 124.94
2026/09/22 22:57:29.621, 3, 84719, 97871, 0, 122.36
2026/09/22 22:57:29.821, 0, 85203, 97871, 0, 123.00
2026/09/22 22:57:29.825, 1, 85229, 97871, 0, 129.65
2026/09/22 22:57:29.832, 2, 84719, 97871, 0, 124.95
2026/09/22 22:57:29.835, 3, 84715, 97871, 0, 122.32
2026/09/22 22:57:30.045, 0, 85181, 97871, 0, 124.91
2026/09/22 22:57:30.639, 1, 4, 97871, 1, 138.75
2026/09/22 22:57:30.886, 2, 4, 97871, 0, 134.12
2026/09/22 22:57:30.886, 3, 4, 97871, 94, 131.30
2026/09/22 22:57:31.086, 0, 4, 97871, 96, 132.13
2026/09/22 22:57:31.086, 1, 4, 97871, 0, 138.85
2026/09/22 22:57:31.086, 2, 4, 97871, 0, 134.05
2026/09/22 22:57:31.086, 3, 4, 97871, 0, 131.39
2026/09/22 22:57:31.287, 0, 4, 97871, 0, 132.26
2026/09/22 22:57:31.287, 1, 4, 97871, 0, 138.76
2026/09/22 22:57:31.287, 2, 4, 97871, 0, 131.81
2026/09/22 22:57:31.287, 3, 4, 97871, 0, 131.49
2026/09/22 22:57:31.487, 0, 4, 97871, 0, 132.06
2026/09/22 22:57:31.487, 1, 4, 97871, 0, 136.99
2026/09/22 22:57:31.487, 2, 4, 97871, 0, 127.04
2026/09/22 22:57:31.487, 3, 4, 97871, 0, 131.45
2026/09/22 22:57:31.687, 0, 4, 97871, 0, 132.02
2026/09/22 22:57:31.687, 1, 4, 97871, 0, 131.82
2026/09/22 22:57:31.687, 2, 4, 97871, 0, 127.01
2026/09/22 22:57:31.687, 3, 4, 97871, 0, 130.43
2026/09/22 22:57:31.887, 0, 4, 97871, 0, 130.39
2026/09/22 22:57:31.887, 1, 4, 97871, 0, 131.71
2026/09/22 22:57:31.887, 2, 4, 97871, 0, 126.97
2026/09/22 22:57:31.887, 3, 4, 97871, 0, 124.64
2026/09/22 22:57:32.087, 0, 4, 97871, 0, 125.14
2026/09/22 22:57:32.087, 1, 4, 97871, 0, 131.67
2026/09/22 22:57:32.087, 2, 4, 97871, 0, 126.95
2026/09/22 22:57:32.087, 3, 4, 97871, 0, 124.54
2026/09/22 22:57:32.287, 0, 4, 97871, 0, 125.10
2026/09/22 22:57:32.287, 1, 4, 97871, 0, 131.66
2026/09/22 22:57:32.287, 2, 4, 97871, 0, 126.91
2026/09/22 22:57:32.287, 3, 4, 97871, 0, 124.53
2026/09/22 22:57:32.487, 0, 4, 97871, 0, 125.12
2026/09/22 22:57:32.488, 1, 4, 97871, 0, 131.58
2026/09/22 22:57:32.488, 2, 4, 97871, 0, 117.85
2026/09/22 22:57:32.488, 3, 4, 97871, 0, 124.49
2026/09/22 22:57:32.688, 0, 4, 97871, 0, 125.07
2026/09/22 22:57:32.688, 1, 4, 97871, 0, 124.44
2026/09/22 22:57:32.688, 2, 4, 97871, 0, 107.65
2026/09/22 22:57:32.688, 3, 4, 97871, 0, 124.31
2026/09/22 22:57:32.888, 0, 0, 97871, 0, 124.06
2026/09/22 22:57:32.889, 1, 0, 97871, 0, 113.81
2026/09/22 22:57:32.889, 2, 4, 97871, 0, 97.44
2026/09/22 22:57:32.889, 3, 4, 97871, 0, 115.00
2026/09/22 22:57:33.089, 0, 0, 97871, 0, 114.34
2026/09/22 22:57:33.089, 1, 0, 97871, 0, 102.21
2026/09/22 22:57:33.089, 2, 0, 97871, 0, 88.04
2026/09/22 22:57:33.089, 3, 0, 97871, 0, 105.39
2026/09/22 22:57:33.289, 0, 0, 97871, 0, 104.53
2026/09/22 22:57:33.289, 1, 0, 97871, 0, 91.65
2026/09/22 22:57:33.289, 2, 0, 97871, 0, 78.07
2026/09/22 22:57:33.289, 3, 0, 97871, 0, 95.17
2026/09/22 22:57:33.489, 0, 0, 97871, 0, 94.67
2026/09/22 22:57:33.489, 1, 0, 97871, 0, 82.07
2026/09/22 22:57:33.489, 2, 0, 97871, 0, 75.98
2026/09/22 22:57:33.489, 3, 0, 97871, 0, 85.37
2026/09/22 22:57:33.690, 0, 0, 97871, 0, 84.83
2026/09/22 22:57:33.690, 1, 0, 97871, 0, 78.81
2026/09/22 22:57:33.690, 2, 0, 97871, 0, 76.03
2026/09/22 22:57:33.690, 3, 0, 97871, 0, 76.52
2026/09/22 22:57:33.890, 0, 0, 97871, 0, 75.02
2026/09/22 22:57:33.890, 1, 0, 97871, 0, 78.71
2026/09/22 22:57:33.890, 2, 0, 97871, 0, 76.07
2026/09/22 22:57:33.890, 3, 0, 97871, 0, 75.38
