timestamp,gpu_index,memory_used_mib,memory_total_mib,gpu_utilization_percent,power_watts
2026/09/22 23:30:38.456, 0, 0, 97871, 0, 74.45
2026/09/22 23:30:38.460, 1, 0, 97871, 0, 77.97
2026/09/22 23:30:38.463, 2, 0, 97871, 0, 75.18
2026/09/22 23:30:38.467, 3, 0, 97871, 0, 74.68
2026/09/22 23:30:38.670, 0, 0, 97871, 0, 74.39
2026/09/22 23:30:38.670, 1, 0, 97871, 0, 77.90
2026/09/22 23:30:38.670, 2, 0, 97871, 0, 75.17
2026/09/22 23:30:38.670, 3, 0, 97871, 0, 74.65
2026/09/22 23:30:38.870, 0, 0, 97871, 0, 74.32
2026/09/22 23:30:38.870, 1, 0, 97871, 0, 77.87
2026/09/22 23:30:38.870, 2, 0, 97871, 0, 75.17
2026/09/22 23:30:38.870, 3, 0, 97871, 0, 74.64
2026/09/22 23:30:39.071, 0, 0, 97871, 0, 74.28
2026/09/22 23:30:39.071, 1, 0, 97871, 0, 77.84
2026/09/22 23:30:39.071, 2, 0, 97871, 0, 75.18
2026/09/22 23:30:39.071, 3, 0, 97871, 0, 74.61
2026/09/22 23:30:39.271, 0, 0, 97871, 0, 74.28
2026/09/22 23:30:39.271, 1, 0, 97871, 0, 77.80
2026/09/22 23:30:39.271, 2, 0, 97871, 0, 75.16
2026/09/22 23:30:39.271, 3, 0, 97871, 0, 74.65
2026/09/22 23:30:39.471, 0, 0, 97871, 0, 74.23
2026/09/22 23:30:39.471, 1, 0, 97871, 0, 77.80
2026/09/22 23:30:39.471, 2, 0, 97871, 0, 75.14
2026/09/22 23:30:39.471, 3, 0, 97871, 0, 74.63
2026/09/22 23:30:39.671, 0, 0, 97871, 0, 74.21
2026/09/22 23:30:39.671, 1, 0, 97871, 0, 77.77
2026/09/22 23:30:39.671, 2, 0, 97871, 0, 75.13
2026/09/22 23:30:39.671, 3, 0, 97871, 0, 74.64
2026/09/22 23:30:39.871, 0, 0, 97871, 0, 74.19
2026/09/22 23:30:39.871, 1, 0, 97871, 0, 77.72
2026/09/22 23:30:39.871, 2, 0, 97871, 0, 75.12
2026/09/22 23:30:39.872, 3, 0, 97871, 0, 74.63
2026/09/22 23:30:40.072, 0, 0, 97871, 0, 74.19
2026/09/22 23:30:40.072, 1, 0, 97871, 0, 77.72
2026/09/22 23:30:40.072, 2, 0, 97871, 0, 75.10
2026/09/22 23:30:40.072, 3, 0, 97871, 0, 74.64
2026/09/22 23:30:40.272, 0, 0, 97871, 0, 74.15
2026/09/22 23:30:40.272, 1, 0, 97871, 0, 77.66
2026/09/22 23:30:40.272, 2, 0, 97871, 0, 75.08
2026/09/22 23:30:40.272, 3, 0, 97871, 0, 74.61
2026/09/22 23:30:40.472, 0, 0, 97871, 0, 74.15
2026/09/22 23:30:40.472, 1, 0, 97871, 0, 77.65
2026/09/22 23:30:40.472, 2, 0, 97871, 0, 75.07
2026/09/22 23:30:40.472, 3, 0, 97871, 0, 74.58
2026/09/22 23:30:40.672, 0, 0, 97871, 0, 74.15
2026/09/22 23:30:40.672, 1, 0, 97871, 0, 77.65
2026/09/22 23:30:40.672, 2, 0, 97871, 0, 75.06
2026/09/22 23:30:40.672, 3, 0, 97871, 0, 74.55
2026/09/22 23:30:40.872, 0, 0, 97871, 0, 74.13
2026/09/22 23:30:40.872, 1, 0, 97871, 0, 77.62
2026/09/22 23:30:40.873, 2, 0, 97871, 0, 75.03
2026/09/22 23:30:40.873, 3, 0, 97871, 0, 74.56
2026/09/22 23:30:41.073, 0, 0, 97871, 0, 74.11
2026/09/22 23:30:41.073, 1, 0, 97871, 0, 77.60
2026/09/22 23:30:41.073, 2, 0, 97871, 0, 75.03
2026/09/22 23:30:41.073, 3, 0, 97871, 0, 74.53
2026/09/22 23:30:41.273, 0, 0, 97871, 0, 74.12
2026/09/22 23:30:41.273, 1, 0, 97871, 0, 77.62
2026/09/22 23:30:41.273, 2, 0, 97871, 0, 75.02
2026/09/22 23:30:41.273, 3, 0, 97871, 0, 74.53
2026/09/22 23:30:41.473, 0, 0, 97871, 0, 74.11
2026/09/22 23:30:41.473, 1, 0, 97871, 0, 77.58
2026/09/22 23:30:41.473, 2, 0, 97871, 0, 75.02
2026/09/22 23:30:41.473, 3, 0, 97871, 0, 74.53
2026/09/22 23:30:41.673, 0, 0, 97871, 0, 74.09
2026/09/22 23:30:41.673, 1, 0, 97871, 0, 77.57
2026/09/22 23:30:41.673, 2, 0, 97871, 0, 75.00
2026/09/22 23:30:41.673, 3, 0, 97871, 0, 74.56
2026/09/22 23:30:41.873, 0, 0, 97871, 0, 74.10
2026/09/22 23:30:41.873, 1, 0, 97871, 0, 77.57
2026/09/22 23:30:41.873, 2, 0, 97871, 0, 74.99
2026/09/22 23:30:41.873, 3, 0, 97871, 0, 74.54
2026/09/22 23:30:42.074, 0, 0, 97871, 0, 74.13
2026/09/22 23:30:42.074, 1, 0, 97871, 0, 77.57
2026/09/22 23:30:42.074, 2, 0, 97871, 0, 74.96
2026/09/22 23:30:42.074, 3, 0, 97871, 0, 74.55
2026/09/22 23:30:42.274, 0, 0, 97871, 0, 74.10
2026/09/22 23:30:42.274, 1, 0, 97871, 0, 77.53
2026/09/22 23:30:42.274, 2, 0, 97871, 0, 74.93
2026/09/22 23:30:42.274, 3, 0, 97871, 0, 74.54
2026/09/22 23:30:42.474, 0, 0, 97871, 0, 74.11
2026/09/22 23:30:42.474, 1, 0, 97871, 0, 77.53
2026/09/22 23:30:42.474, 2, 0, 97871, 0, 74.90
2026/09/22 23:30:42.474, 3, 0, 97871, 0, 74.54
2026/09/22 23:30:42.674, 0, 0, 97871, 0, 74.10
2026/09/22 23:30:42.674, 1, 0, 97871, 0, 77.53
2026/09/22 23:30:42.674, 2, 0, 97871, 0, 74.88
2026/09/22 23:30:42.674, 3, 0, 97871, 0, 74.50
2026/09/22 23:30:42.874, 0, 0, 97871, 0, 74.09
2026/09/22 23:30:42.875, 1, 0, 97871, 0, 77.50
2026/09/22 23:30:42.875, 2, 0, 97871, 0, 74.86
2026/09/22 23:30:42.875, 3, 0, 97871, 0, 74.48
2026/09/22 23:30:43.075, 0, 0, 97871, 0, 74.08
2026/09/22 23:30:43.075, 1, 0, 97871, 0, 77.50
2026/09/22 23:30:43.075, 2, 0, 97871, 0, 74.84
2026/09/22 23:30:43.075, 3, 0, 97871, 0, 74.47
2026/09/22 23:30:43.275, 0, 0, 97871, 0, 74.09
2026/09/22 23:30:43.275, 1, 0, 97871, 0, 77.49
2026/09/22 23:30:43.275, 2, 0, 97871, 0, 74.84
2026/09/22 23:30:43.275, 3, 0, 97871, 0, 74.47
2026/09/22 23:30:43.475, 0, 0, 97871, 0, 74.08
2026/09/22 23:30:43.475, 1, 0, 97871, 0, 77.46
2026/09/22 23:30:43.475, 2, 0, 97871, 0, 74.82
2026/09/22 23:30:43.475, 3, 0, 97871, 0, 74.44
2026/09/22 23:30:43.675, 0, 0, 97871, 0, 74.07
2026/09/22 23:30:43.675, 1, 0, 97871, 0, 77.46
2026/09/22 23:30:43.675, 2, 0, 97871, 0, 74.82
2026/09/22 23:30:43.676, 3, 0, 97871, 0, 74.44
2026/09/22 23:30:43.876, 0, 0, 97871, 0, 74.08
2026/09/22 23:30:43.876, 1, 0, 97871, 0, 77.45
2026/09/22 23:30:43.876, 2, 0, 97871, 0, 74.81
2026/09/22 23:30:43.876, 3, 0, 97871, 0, 74.44
2026/09/22 23:30:44.076, 0, 0, 97871, 0, 74.08
2026/09/22 23:30:44.076, 1, 0, 97871, 0, 77.44
2026/09/22 23:30:44.076, 2, 0, 97871, 0, 74.80
2026/09/22 23:30:44.076, 3, 0, 97871, 0, 74.45
2026/09/22 23:30:44.276, 0, 0, 97871, 0, 74.06
2026/09/22 23:30:44.276, 1, 0, 97871, 0, 77.44
2026/09/22 23:30:44.276, 2, 0, 97871, 0, 74.78
2026/09/22 23:30:44.276, 3, 0, 97871, 0, 74.45
2026/09/22 23:30:44.476, 0, 0, 97871, 0, 74.07
2026/09/22 23:30:44.476, 1, 0, 97871, 0, 77.45
2026/09/22 23:30:44.476, 2, 0, 97871, 0, 74.78
2026/09/22 23:30:44.476, 3, 0, 97871, 0, 74.45
2026/09/22 23:30:44.676, 0, 0, 97871, 0, 74.07
2026/09/22 23:30:44.676, 1, 0, 97871, 0, 77.40
2026/09/22 23:30:44.676, 2, 0, 97871, 0, 74.77
2026/09/22 23:30:44.676, 3, 0, 97871, 0, 74.44
2026/09/22 23:30:44.876, 0, 0, 97871, 0, 74.05
2026/09/22 23:30:44.877, 1, 0, 97871, 0, 77.41
2026/09/22 23:30:44.877, 2, 0, 97871, 0, 74.77
2026/09/22 23:30:44.877, 3, 0, 97871, 0, 74.43
2026/09/22 23:30:45.077, 0, 0, 97871, 0, 74.01
2026/09/22 23:30:45.077, 1, 0, 97871, 0, 77.40
2026/09/22 23:30:45.077, 2, 0, 97871, 0, 74.75
2026/09/22 23:30:45.077, 3, 0, 97871, 0, 74.40
2026/09/22 23:30:45.277, 0, 0, 97871, 0, 74.03
2026/09/22 23:30:45.277, 1, 0, 97871, 0, 77.40
2026/09/22 23:30:45.277, 2, 0, 97871, 0, 74.75
2026/09/22 23:30:45.277, 3, 0, 97871, 0, 74.41
2026/09/22 23:30:45.477, 0, 0, 97871, 0, 74.00
2026/09/22 23:30:45.477, 1, 0, 97871, 0, 77.36
2026/09/22 23:30:45.477, 2, 0, 97871, 0, 74.76
2026/09/22 23:30:45.477, 3, 0, 97871, 0, 74.42
2026/09/22 23:30:45.677, 0, 0, 97871, 0, 73.98
2026/09/22 23:30:45.677, 1, 0, 97871, 0, 77.37
2026/09/22 23:30:45.677, 2, 0, 97871, 0, 74.75
2026/09/22 23:30:45.677, 3, 0, 97871, 0, 74.42
2026/09/22 23:30:45.878, 0, 0, 97871, 0, 73.96
2026/09/22 23:30:45.878, 1, 0, 97871, 0, 77.32
2026/09/22 23:30:45.878, 2, 0, 97871, 0, 74.75
2026/09/22 23:30:45.878, 3, 0, 97871, 0, 74.41
2026/09/22 23:30:46.078, 0, 0, 97871, 0, 73.95
2026/09/22 23:30:46.078, 1, 0, 97871, 0, 77.30
2026/09/22 23:30:46.078, 2, 0, 97871, 0, 74.73
2026/09/22 23:30:46.078, 3, 0, 97871, 0, 74.43
2026/09/22 23:30:46.278, 0, 0, 97871, 0, 73.91
2026/09/22 23:30:46.278, 1, 0, 97871, 0, 77.28
2026/09/22 23:30:46.278, 2, 0, 97871, 0, 74.73
2026/09/22 23:30:46.278, 3, 0, 97871, 0, 74.41
2026/09/22 23:30:46.478, 0, 0, 97871, 0, 73.89
2026/09/22 23:30:46.478, 1, 0, 97871, 0, 77.27
2026/09/22 23:30:46.478, 2, 0, 97871, 0, 74.71
2026/09/22 23:30:46.478, 3, 0, 97871, 0, 74.38
2026/09/22 23:30:46.678, 0, 0, 97871, 0, 73.90
2026/09/22 23:30:46.678, 1, 0, 97871, 0, 77.24
2026/09/22 23:30:46.678, 2, 0, 97871, 0, 74.70
2026/09/22 23:30:46.678, 3, 0, 97871, 0, 74.39
2026/09/22 23:30:46.878, 0, 0, 97871, 0, 73.91
2026/09/22 23:30:46.879, 1, 0, 97871, 0, 77.26
2026/09/22 23:30:46.879, 2, 0, 97871, 0, 74.68
2026/09/22 23:30:46.879, 3, 0, 97871, 0, 74.40
2026/09/22 23:30:47.079, 0, 0, 97871, 0, 73.92
2026/09/22 23:30:47.079, 1, 0, 97871, 0, 77.22
2026/09/22 23:30:47.079, 2, 0, 97871, 0, 74.68
2026/09/22 23:30:47.079, 3, 0, 97871, 0, 74.39
2026/09/22 23:30:47.279, 0, 0, 97871, 0, 73.93
2026/09/22 23:30:47.279, 1, 0, 97871, 0, 77.20
2026/09/22 23:30:47.279, 2, 0, 97871, 0, 74.68
2026/09/22 23:30:47.279, 3, 0, 97871, 0, 74.36
2026/09/22 23:30:47.479, 0, 0, 97871, 0, 73.90
2026/09/22 23:30:47.479, 1, 0, 97871, 0, 77.18
2026/09/22 23:30:47.479, 2, 0, 97871, 0, 74.67
2026/09/22 23:30:47.479, 3, 0, 97871, 0, 74.39
2026/09/22 23:30:47.679, 0, 0, 97871, 0, 73.87
2026/09/22 23:30:47.679, 1, 0, 97871, 0, 77.20
2026/09/22 23:30:47.679, 2, 0, 97871, 0, 74.66
2026/09/22 23:30:47.679, 3, 0, 97871, 0, 74.37
2026/09/22 23:30:47.879, 0, 0, 97871, 0, 73.86
2026/09/22 23:30:47.879, 1, 0, 97871, 0, 77.17
2026/09/22 23:30:47.879, 2, 0, 97871, 0, 74.65
2026/09/22 23:30:47.879, 3, 0, 97871, 0, 74.35
2026/09/22 23:30:48.079, 0, 0, 97871, 0, 73.86
2026/09/22 23:30:48.079, 1, 0, 97871, 0, 77.20
2026/09/22 23:30:48.079, 2, 0, 97871, 0, 74.66
2026/09/22 23:30:48.079, 3, 0, 97871, 0, 74.31
2026/09/22 23:30:48.280, 0, 0, 97871, 0, 73.87
2026/09/22 23:30:48.280, 1, 0, 97871, 0, 77.21
2026/09/22 23:30:48.280, 2, 0, 97871, 0, 74.64
2026/09/22 23:30:48.280, 3, 0, 97871, 0, 74.31
2026/09/22 23:30:48.480, 0, 0, 97871, 0, 73.84
2026/09/22 23:30:48.480, 1, 0, 97871, 0, 77.20
2026/09/22 23:30:48.480, 2, 0, 97871, 0, 74.64
2026/09/22 23:30:48.480, 3, 0, 97871, 0, 74.28
2026/09/22 23:30:48.680, 0, 0, 97871, 0, 73.85
2026/09/22 23:30:48.680, 1, 0, 97871, 0, 77.18
2026/09/22 23:30:48.680, 2, 0, 97871, 0, 74.62
2026/09/22 23:30:48.680, 3, 0, 97871, 0, 74.27
2026/09/22 23:30:48.880, 0, 0, 97871, 0, 73.84
2026/09/22 23:30:48.880, 1, 0, 97871, 0, 77.20
2026/09/22 23:30:48.880, 2, 0, 97871, 0, 74.61
2026/09/22 23:30:48.880, 3, 0, 97871, 0, 74.25
2026/09/22 23:30:49.080, 0, 0, 97871, 0, 73.83
2026/09/22 23:30:49.080, 1, 0, 97871, 0, 77.17
2026/09/22 23:30:49.080, 2, 0, 97871, 0, 74.59
2026/09/22 23:30:49.080, 3, 0, 97871, 0, 74.29
2026/09/22 23:30:49.280, 0, 0, 97871, 0, 73.81
2026/09/22 23:30:49.280, 1, 0, 97871, 0, 77.16
2026/09/22 23:30:49.280, 2, 0, 97871, 0, 74.57
2026/09/22 23:30:49.280, 3, 0, 97871, 0, 74.28
2026/09/22 23:30:49.480, 0, 0, 97871, 0, 73.85
2026/09/22 23:30:49.480, 1, 0, 97871, 0, 77.16
2026/09/22 23:30:49.480, 2, 0, 97871, 0, 74.55
2026/09/22 23:30:49.480, 3, 0, 97871, 0, 74.25
2026/09/22 23:30:49.681, 0, 0, 97871, 0, 73.83
2026/09/22 23:30:49.681, 1, 0, 97871, 0, 77.14
2026/09/22 23:30:49.681, 2, 0, 97871, 0, 74.54
2026/09/22 23:30:49.681, 3, 0, 97871, 0, 74.23
2026/09/22 23:30:49.881, 0, 0, 97871, 0, 73.82
2026/09/22 23:30:49.881, 1, 0, 97871, 0, 77.10
2026/09/22 23:30:49.881, 2, 0, 97871, 0, 74.54
2026/09/22 23:30:49.881, 3, 0, 97871, 0, 74.23
2026/09/22 23:30:50.081, 0, 0, 97871, 0, 73.82
2026/09/22 23:30:50.081, 1, 0, 97871, 0, 77.11
2026/09/22 23:30:50.081, 2, 0, 97871, 0, 74.53
2026/09/22 23:30:50.081, 3, 0, 97871, 0, 74.22
2026/09/22 23:30:50.281, 0, 0, 97871, 0, 73.81
2026/09/22 23:30:50.281, 1, 0, 97871, 0, 77.11
2026/09/22 23:30:50.281, 2, 0, 97871, 0, 74.54
2026/09/22 23:30:50.281, 3, 0, 97871, 0, 74.21
2026/09/22 23:30:50.481, 0, 0, 97871, 0, 73.78
2026/09/22 23:30:50.481, 1, 0, 97871, 0, 77.10
2026/09/22 23:30:50.481, 2, 0, 97871, 0, 74.51
2026/09/22 23:30:50.481, 3, 0, 97871, 0, 74.21
2026/09/22 23:30:50.681, 0, 0, 97871, 0, 73.80
2026/09/22 23:30:50.681, 1, 0, 97871, 0, 77.10
2026/09/22 23:30:50.681, 2, 0, 97871, 0, 74.51
2026/09/22 23:30:50.681, 3, 0, 97871, 0, 74.23
2026/09/22 23:30:50.881, 0, 0, 97871, 0, 73.83
2026/09/22 23:30:50.881, 1, 0, 97871, 0, 77.10
2026/09/22 23:30:50.881, 2, 0, 97871, 0, 74.50
2026/09/22 23:30:50.881, 3, 0, 97871, 0, 74.23
2026/09/22 23:30:51.082, 0, 0, 97871, 0, 73.82
2026/09/22 23:30:51.082, 1, 0, 97871, 0, 77.07
2026/09/22 23:30:51.082, 2, 0, 97871, 0, 74.49
2026/09/22 23:30:51.082, 3, 0, 97871, 0, 74.22
2026/09/22 23:30:51.282, 0, 0, 97871, 0, 73.79
2026/09/22 23:30:51.282, 1, 0, 97871, 0, 77.06
2026/09/22 23:30:51.282, 2, 0, 97871, 0, 74.47
2026/09/22 23:30:51.282, 3, 0, 97871, 0, 74.24
2026/09/22 23:30:51.482, 0, 0, 97871, 0, 73.79
2026/09/22 23:30:51.482, 1, 0, 97871, 0, 77.03
2026/09/22 23:30:51.482, 2, 0, 97871, 0, 74.47
2026/09/22 23:30:51.482, 3, 0, 97871, 0, 74.25
2026/09/22 23:30:51.682, 0, 0, 97871, 0, 73.76
2026/09/22 23:30:51.682, 1, 0, 97871, 0, 77.00
2026/09/22 23:30:51.682, 2, 0, 97871, 0, 74.46
2026/09/22 23:30:51.682, 3, 0, 97871, 0, 74.22
2026/09/22 23:30:51.882, 0, 0, 97871, 0, 73.73
2026/09/22 23:30:51.882, 1, 0, 97871, 0, 77.01
2026/09/22 23:30:51.882, 2, 0, 97871, 0, 74.46
2026/09/22 23:30:51.882, 3, 0, 97871, 0, 74.25
2026/09/22 23:30:52.082, 0, 0, 97871, 0, 73.72
2026/09/22 23:30:52.082, 1, 0, 97871, 0, 77.00
2026/09/22 23:30:52.082, 2, 0, 97871, 0, 74.47
2026/09/22 23:30:52.082, 3, 0, 97871, 0, 74.25
2026/09/22 23:30:52.282, 0, 0, 97871, 0, 73.75
2026/09/22 23:30:52.282, 1, 0, 97871, 0, 76.99
2026/09/22 23:30:52.282, 2, 0, 97871, 0, 74.49
2026/09/22 23:30:52.282, 3, 0, 97871, 0, 74.25
2026/09/22 23:30:52.483, 0, 0, 97871, 0, 73.75
2026/09/22 23:30:52.483, 1, 0, 97871, 0, 76.97
2026/09/22 23:30:52.483, 2, 0, 97871, 0, 74.49
2026/09/22 23:30:52.483, 3, 0, 97871, 0, 74.25
2026/09/22 23:30:52.683, 0, 0, 97871, 0, 73.74
2026/09/22 23:30:52.683, 1, 0, 97871, 0, 76.97
2026/09/22 23:30:52.683, 2, 0, 97871, 0, 74.49
2026/09/22 23:30:52.683, 3, 0, 97871, 0, 74.26
2026/09/22 23:30:52.883, 0, 0, 97871, 0, 73.72
2026/09/22 23:30:52.883, 1, 0, 97871, 0, 76.93
2026/09/22 23:30:52.883, 2, 0, 97871, 0, 74.47
2026/09/22 23:30:52.883, 3, 0, 97871, 0, 74.26
2026/09/22 23:30:53.083, 0, 0, 97871, 0, 73.75
2026/09/22 23:30:53.083, 1, 0, 97871, 0, 76.94
2026/09/22 23:30:53.083, 2, 0, 97871, 0, 74.46
2026/09/22 23:30:53.083, 3, 0, 97871, 0, 74.22
2026/09/22 23:30:53.283, 0, 0, 97871, 0, 73.72
2026/09/22 23:30:53.283, 1, 0, 97871, 0, 76.94
2026/09/22 23:30:53.283, 2, 0, 97871, 0, 74.43
2026/09/22 23:30:53.283, 3, 0, 97871, 0, 74.23
2026/09/22 23:30:53.483, 0, 0, 97871, 0, 73.68
2026/09/22 23:30:53.483, 1, 0, 97871, 0, 76.92
2026/09/22 23:30:53.483, 2, 0, 97871, 0, 74.43
2026/09/22 23:30:53.483, 3, 0, 97871, 0, 74.22
2026/09/22 23:30:53.683, 0, 0, 97871, 0, 73.70
2026/09/22 23:30:53.683, 1, 0, 97871, 0, 76.90
2026/09/22 23:30:53.683, 2, 0, 97871, 0, 74.42
2026/09/22 23:30:53.683, 3, 0, 97871, 0, 74.21
2026/09/22 23:30:53.884, 0, 0, 97871, 0, 73.69
2026/09/22 23:30:53.884, 1, 0, 97871, 0, 76.93
2026/09/22 23:30:53.884, 2, 0, 97871, 0, 74.41
2026/09/22 23:30:53.884, 3, 0, 97871, 0, 74.18
2026/09/22 23:30:54.084, 0, 0, 97871, 0, 73.65
2026/09/22 23:30:54.084, 1, 0, 97871, 0, 76.87
2026/09/22 23:30:54.084, 2, 0, 97871, 0, 74.38
2026/09/22 23:30:54.084, 3, 0, 97871, 0, 74.20
2026/09/22 23:30:54.284, 0, 0, 97871, 0, 73.66
2026/09/22 23:30:54.284, 1, 0, 97871, 0, 76.88
2026/09/22 23:30:54.284, 2, 0, 97871, 0, 74.39
2026/09/22 23:30:54.284, 3, 0, 97871, 0, 74.19
2026/09/22 23:30:54.484, 0, 0, 97871, 0, 73.67
2026/09/22 23:30:54.484, 1, 0, 97871, 0, 76.86
2026/09/22 23:30:54.484, 2, 0, 97871, 0, 74.36
2026/09/22 23:30:54.484, 3, 0, 97871, 0, 74.18
2026/09/22 23:30:54.684, 0, 0, 97871, 0, 73.65
2026/09/22 23:30:54.684, 1, 0, 97871, 0, 76.88
2026/09/22 23:30:54.684, 2, 0, 97871, 0, 74.35
2026/09/22 23:30:54.684, 3, 0, 97871, 0, 74.15
2026/09/22 23:30:54.884, 0, 0, 97871, 0, 73.63
2026/09/22 23:30:54.884, 1, 0, 97871, 0, 76.85
2026/09/22 23:30:54.884, 2, 0, 97871, 0, 74.33
2026/09/22 23:30:54.884, 3, 0, 97871, 0, 74.16
2026/09/22 23:30:55.084, 0, 0, 97871, 0, 73.65
2026/09/22 23:30:55.085, 1, 0, 97871, 0, 76.88
2026/09/22 23:30:55.085, 2, 0, 97871, 0, 74.33
2026/09/22 23:30:55.085, 3, 0, 97871, 0, 74.16
2026/09/22 23:30:55.285, 0, 0, 97871, 0, 73.66
2026/09/22 23:30:55.285, 1, 0, 97871, 0, 76.88
2026/09/22 23:30:55.285, 2, 0, 97871, 0, 74.31
2026/09/22 23:30:55.285, 3, 0, 97871, 0, 74.13
2026/09/22 23:30:55.485, 0, 0, 97871, 0, 73.65
2026/09/22 23:30:55.485, 1, 0, 97871, 0, 76.88
2026/09/22 23:30:55.485, 2, 0, 97871, 0, 74.31
2026/09/22 23:30:55.485, 3, 0, 97871, 0, 74.10
2026/09/22 23:30:55.685, 0, 0, 97871, 0, 73.66
2026/09/22 23:30:55.685, 1, 0, 97871, 0, 76.85
2026/09/22 23:30:55.685, 2, 0, 97871, 0, 74.29
2026/09/22 23:30:55.685, 3, 0, 97871, 0, 74.12
2026/09/22 23:30:55.885, 0, 0, 97871, 0, 73.70
2026/09/22 23:30:55.885, 1, 0, 97871, 0, 76.89
2026/09/22 23:30:55.885, 2, 0, 97871, 0, 74.29
2026/09/22 23:30:55.885, 3, 0, 97871, 0, 74.09
2026/09/22 23:30:56.085, 0, 0, 97871, 0, 73.70
2026/09/22 23:30:56.085, 1, 0, 97871, 0, 76.87
2026/09/22 23:30:56.086, 2, 0, 97871, 0, 74.28
2026/09/22 23:30:56.086, 3, 0, 97871, 0, 74.07
2026/09/22 23:30:56.286, 0, 0, 97871, 0, 73.68
2026/09/22 23:30:56.286, 1, 0, 97871, 0, 76.83
2026/09/22 23:30:56.286, 2, 0, 97871, 0, 74.28
2026/09/22 23:30:56.286, 3, 0, 97871, 0, 74.06
2026/09/22 23:30:56.486, 0, 0, 97871, 0, 73.68
2026/09/22 23:30:56.486, 1, 0, 97871, 0, 76.84
2026/09/22 23:30:56.486, 2, 0, 97871, 0, 74.27
2026/09/22 23:30:56.486, 3, 0, 97871, 0, 74.08
2026/09/22 23:30:56.686, 0, 0, 97871, 0, 73.68
2026/09/22 23:30:56.686, 1, 0, 97871, 0, 76.85
2026/09/22 23:30:56.686, 2, 0, 97871, 0, 74.26
2026/09/22 23:30:56.686, 3, 0, 97871, 0, 74.05
2026/09/22 23:30:56.886, 0, 0, 97871, 0, 73.64
2026/09/22 23:30:56.886, 1, 0, 97871, 0, 76.80
2026/09/22 23:30:56.886, 2, 0, 97871, 0, 74.24
2026/09/22 23:30:56.886, 3, 0, 97871, 0, 74.07
2026/09/22 23:30:57.086, 0, 0, 97871, 0, 73.63
2026/09/22 23:30:57.086, 1, 0, 97871, 0, 76.80
2026/09/22 23:30:57.086, 2, 0, 97871, 0, 74.25
2026/09/22 23:30:57.086, 3, 0, 97871, 0, 74.07
2026/09/22 23:30:57.286, 0, 0, 97871, 0, 73.65
2026/09/22 23:30:57.287, 1, 0, 97871, 0, 76.79
2026/09/22 23:30:57.287, 2, 0, 97871, 0, 74.24
2026/09/22 23:30:57.287, 3, 0, 97871, 0, 74.08
2026/09/22 23:30:57.487, 0, 0, 97871, 0, 73.63
2026/09/22 23:30:57.487, 1, 0, 97871, 0, 76.77
2026/09/22 23:30:57.487, 2, 0, 97871, 0, 74.24
2026/09/22 23:30:57.487, 3, 0, 97871, 0, 74.06
2026/09/22 23:30:57.687, 0, 0, 97871, 0, 73.62
2026/09/22 23:30:57.687, 1, 0, 97871, 0, 76.75
2026/09/22 23:30:57.687, 2, 0, 97871, 0, 74.23
2026/09/22 23:30:57.687, 3, 0, 97871, 0, 74.08
2026/09/22 23:30:57.887, 0, 0, 97871, 0, 73.64
2026/09/22 23:30:57.887, 1, 0, 97871, 0, 76.75
2026/09/22 23:30:57.887, 2, 0, 97871, 0, 74.23
2026/09/22 23:30:57.887, 3, 0, 97871, 0, 74.08
2026/09/22 23:30:58.087, 0, 0, 97871, 0, 73.65
2026/09/22 23:30:58.087, 1, 0, 97871, 0, 76.70
2026/09/22 23:30:58.087, 2, 0, 97871, 0, 74.22
2026/09/22 23:30:58.087, 3, 0, 97871, 0, 74.10
2026/09/22 23:30:58.287, 0, 0, 97871, 0, 73.62
2026/09/22 23:30:58.287, 1, 0, 97871, 0, 76.68
2026/09/22 23:30:58.287, 2, 0, 97871, 0, 74.21
2026/09/22 23:30:58.287, 3, 0, 97871, 0, 74.09
2026/09/22 23:30:58.487, 0, 0, 97871, 0, 73.60
2026/09/22 23:30:58.487, 1, 0, 97871, 0, 76.65
2026/09/22 23:30:58.487, 2, 0, 97871, 0, 74.21
2026/09/22 23:30:58.487, 3, 0, 97871, 0, 74.12
2026/09/22 23:30:58.688, 0, 0, 97871, 0, 73.59
2026/09/22 23:30:58.688, 1, 0, 97871, 0, 76.63
2026/09/22 23:30:58.688, 2, 0, 97871, 0, 74.20
2026/09/22 23:30:58.688, 3, 0, 97871, 0, 74.13
2026/09/22 23:30:58.888, 0, 0, 97871, 0, 73.58
2026/09/22 23:30:58.888, 1, 0, 97871, 0, 76.62
2026/09/22 23:30:58.888, 2, 0, 97871, 0, 74.20
2026/09/22 23:30:58.888, 3, 0, 97871, 0, 74.12
2026/09/22 23:30:59.088, 0, 0, 97871, 0, 73.55
2026/09/22 23:30:59.088, 1, 0, 97871, 0, 76.62
2026/09/22 23:30:59.088, 2, 0, 97871, 0, 74.19
2026/09/22 23:30:59.088, 3, 0, 97871, 0, 74.07
2026/09/22 23:30:59.288, 0, 0, 97871, 0, 73.54
2026/09/22 23:30:59.288, 1, 0, 97871, 0, 76.62
2026/09/22 23:30:59.288, 2, 0, 97871, 0, 74.20
2026/09/22 23:30:59.288, 3, 0, 97871, 0, 74.10
2026/09/22 23:30:59.488, 0, 0, 97871, 0, 73.56
2026/09/22 23:30:59.488, 1, 0, 97871, 0, 76.64
2026/09/22 23:30:59.488, 2, 0, 97871, 0, 74.19
2026/09/22 23:30:59.488, 3, 0, 97871, 0, 74.07
2026/09/22 23:30:59.688, 0, 0, 97871, 0, 73.55
2026/09/22 23:30:59.688, 1, 0, 97871, 0, 76.65
2026/09/22 23:30:59.688, 2, 0, 97871, 0, 74.19
2026/09/22 23:30:59.688, 3, 0, 97871, 0, 74.04
2026/09/22 23:30:59.888, 0, 0, 97871, 0, 73.53
2026/09/22 23:30:59.889, 1, 0, 97871, 0, 76.65
2026/09/22 23:30:59.889, 2, 0, 97871, 0, 74.20
2026/09/22 23:30:59.889, 3, 0, 97871, 0, 74.06
2026/09/22 23:31:00.089, 0, 0, 97871, 0, 73.53
2026/09/22 23:31:00.089, 1, 0, 97871, 0, 76.64
2026/09/22 23:31:00.089, 2, 0, 97871, 0, 74.20
2026/09/22 23:31:00.089, 3, 0, 97871, 0, 74.04
2026/09/22 23:31:00.289, 0, 0, 97871, 0, 73.53
2026/09/22 23:31:00.289, 1, 0, 97871, 0, 76.64
2026/09/22 23:31:00.289, 2, 0, 97871, 0, 74.20
2026/09/22 23:31:00.289, 3, 0, 97871, 0, 74.03
2026/09/22 23:31:00.489, 0, 0, 97871, 0, 73.53
2026/09/22 23:31:00.489, 1, 0, 97871, 0, 76.63
2026/09/22 23:31:00.489, 2, 0, 97871, 0, 74.18
2026/09/22 23:31:00.489, 3, 0, 97871, 0, 74.02
2026/09/22 23:31:00.689, 0, 0, 97871, 0, 73.53
2026/09/22 23:31:00.689, 1, 0, 97871, 0, 76.61
2026/09/22 23:31:00.689, 2, 0, 97871, 0, 74.17
2026/09/22 23:31:00.689, 3, 0, 97871, 0, 74.01
2026/09/22 23:31:00.889, 0, 0, 97871, 0, 73.55
2026/09/22 23:31:00.889, 1, 0, 97871, 0, 76.60
2026/09/22 23:31:00.889, 2, 0, 97871, 0, 74.13
2026/09/22 23:31:00.889, 3, 0, 97871, 0, 73.99
2026/09/22 23:31:01.089, 0, 0, 97871, 0, 73.57
2026/09/22 23:31:01.089, 1, 0, 97871, 0, 76.61
2026/09/22 23:31:01.089, 2, 0, 97871, 0, 74.11
2026/09/22 23:31:01.089, 3, 0, 97871, 0, 73.99
2026/09/22 23:31:01.289, 0, 0, 97871, 0, 73.57
2026/09/22 23:31:01.290, 1, 0, 97871, 0, 76.58
2026/09/22 23:31:01.290, 2, 0, 97871, 0, 74.08
2026/09/22 23:31:01.290, 3, 0, 97871, 0, 74.00
2026/09/22 23:31:01.490, 0, 0, 97871, 0, 73.57
2026/09/22 23:31:01.490, 1, 0, 97871, 0, 76.58
2026/09/22 23:31:01.490, 2, 0, 97871, 0, 74.09
2026/09/22 23:31:01.490, 3, 0, 97871, 0, 74.00
2026/09/22 23:31:01.690, 0, 0, 97871, 0, 73.57
2026/09/22 23:31:01.690, 1, 0, 97871, 0, 76.61
2026/09/22 23:31:01.690, 2, 0, 97871, 0, 74.08
2026/09/22 23:31:01.690, 3, 0, 97871, 0, 73.99
2026/09/22 23:31:01.890, 0, 0, 97871, 0, 73.57
2026/09/22 23:31:01.890, 1, 0, 97871, 0, 76.60
2026/09/22 23:31:01.890, 2, 0, 97871, 0, 74.07
2026/09/22 23:31:01.890, 3, 0, 97871, 0, 73.98
2026/09/22 23:31:02.090, 0, 0, 97871, 0, 73.55
2026/09/22 23:31:02.090, 1, 0, 97871, 0, 76.60
2026/09/22 23:31:02.090, 2, 0, 97871, 0, 74.06
2026/09/22 23:31:02.090, 3, 0, 97871, 0, 73.98
2026/09/22 23:31:02.290, 0, 0, 97871, 0, 73.54
2026/09/22 23:31:02.290, 1, 0, 97871, 0, 76.62
2026/09/22 23:31:02.290, 2, 0, 97871, 0, 74.07
2026/09/22 23:31:02.290, 3, 0, 97871, 0, 73.96
2026/09/22 23:31:02.490, 0, 0, 97871, 0, 73.55
2026/09/22 23:31:02.490, 1, 0, 97871, 0, 76.61
2026/09/22 23:31:02.491, 2, 0, 97871, 0, 74.06
2026/09/22 23:31:02.491, 3, 0, 97871, 0, 73.94
2026/09/22 23:31:02.691, 0, 0, 97871, 0, 73.53
2026/09/22 23:31:02.691, 1, 0, 97871, 0, 76.57
2026/09/22 23:31:02.691, 2, 0, 97871, 0, 74.04
2026/09/22 23:31:02.691, 3, 0, 97871, 0, 73.95
2026/09/22 23:31:02.891, 0, 0, 97871, 0, 73.50
2026/09/22 23:31:02.891, 1, 0, 97871, 0, 76.58
2026/09/22 23:31:02.891, 2, 0, 97871, 0, 74.04
2026/09/22 23:31:02.891, 3, 0, 97871, 0, 73.96
2026/09/22 23:31:03.091, 0, 0, 97871, 0, 73.49
2026/09/22 23:31:03.091, 1, 0, 97871, 0, 76.57
2026/09/22 23:31:03.091, 2, 0, 97871, 0, 74.02
2026/09/22 23:31:03.091, 3, 0, 97871, 0, 73.97
2026/09/22 23:31:03.291, 0, 0, 97871, 0, 73.48
2026/09/22 23:31:03.291, 1, 0, 97871, 0, 76.53
2026/09/22 23:31:03.291, 2, 0, 97871, 0, 74.01
2026/09/22 23:31:03.291, 3, 0, 97871, 0, 73.97
2026/09/22 23:31:03.491, 0, 0, 97871, 0, 73.47
2026/09/22 23:31:03.491, 1, 0, 97871, 0, 76.51
2026/09/22 23:31:03.491, 2, 0, 97871, 0, 73.99
2026/09/22 23:31:03.491, 3, 0, 97871, 0, 73.98
2026/09/22 23:31:03.692, 0, 0, 97871, 0, 73.45
2026/09/22 23:31:03.692, 1, 0, 97871, 0, 76.55
2026/09/22 23:31:03.692, 2, 0, 97871, 0, 73.99
2026/09/22 23:31:03.692, 3, 0, 97871, 0, 73.99
2026/09/22 23:31:03.892, 0, 0, 97871, 0, 73.48
2026/09/22 23:31:03.892, 1, 0, 97871, 0, 76.53
2026/09/22 23:31:03.892, 2, 0, 97871, 0, 73.99
2026/09/22 23:31:03.892, 3, 0, 97871, 0, 73.97
2026/09/22 23:31:04.092, 0, 0, 97871, 0, 73.47
2026/09/22 23:31:04.092, 1, 0, 97871, 0, 76.51
2026/09/22 23:31:04.092, 2, 0, 97871, 0, 74.00
2026/09/22 23:31:04.092, 3, 0, 97871, 0, 73.97
2026/09/22 23:31:04.292, 0, 0, 97871, 0, 73.47
2026/09/22 23:31:04.292, 1, 0, 97871, 0, 76.50
2026/09/22 23:31:04.292, 2, 0, 97871, 0, 73.98
2026/09/22 23:31:04.292, 3, 0, 97871, 0, 73.98
2026/09/22 23:31:04.492, 0, 0, 97871, 0, 73.45
2026/09/22 23:31:04.492, 1, 0, 97871, 0, 76.47
2026/09/22 23:31:04.492, 2, 0, 97871, 0, 73.99
2026/09/22 23:31:04.492, 3, 0, 97871, 0, 73.97
2026/09/22 23:31:04.692, 0, 0, 97871, 0, 73.47
2026/09/22 23:31:04.692, 1, 0, 97871, 0, 76.44
2026/09/22 23:31:04.692, 2, 0, 97871, 0, 73.97
2026/09/22 23:31:04.692, 3, 0, 97871, 0, 73.95
2026/09/22 23:31:04.892, 0, 0, 97871, 0, 73.47
2026/09/22 23:31:04.893, 1, 0, 97871, 0, 76.42
2026/09/22 23:31:04.893, 2, 0, 97871, 0, 73.98
2026/09/22 23:31:04.893, 3, 0, 97871, 0, 73.97
2026/09/22 23:31:05.093, 0, 0, 97871, 0, 73.47
2026/09/22 23:31:05.093, 1, 0, 97871, 0, 76.42
2026/09/22 23:31:05.093, 2, 0, 97871, 0, 73.96
2026/09/22 23:31:05.093, 3, 0, 97871, 0, 73.97
2026/09/22 23:31:05.293, 0, 0, 97871, 0, 73.44
2026/09/22 23:31:05.293, 1, 0, 97871, 0, 76.43
2026/09/22 23:31:05.293, 2, 0, 97871, 0, 73.98
2026/09/22 23:31:05.293, 3, 0, 97871, 0, 73.96
2026/09/22 23:31:05.493, 0, 0, 97871, 0, 73.46
2026/09/22 23:31:05.493, 1, 0, 97871, 0, 76.42
2026/09/22 23:31:05.493, 2, 0, 97871, 0, 73.98
2026/09/22 23:31:05.493, 3, 0, 97871, 0, 73.94
2026/09/22 23:31:05.693, 0, 0, 97871, 0, 73.43
2026/09/22 23:31:05.693, 1, 0, 97871, 0, 76.40
2026/09/22 23:31:05.693, 2, 0, 97871, 0, 74.01
2026/09/22 23:31:05.693, 3, 0, 97871, 0, 73.96
2026/09/22 23:31:05.893, 0, 0, 97871, 0, 73.41
2026/09/22 23:31:05.894, 1, 0, 97871, 0, 76.39
2026/09/22 23:31:05.894, 2, 0, 97871, 0, 74.00
2026/09/22 23:31:05.894, 3, 0, 97871, 0, 73.92
2026/09/22 23:31:06.094, 0, 0, 97871, 0, 73.40
2026/09/22 23:31:06.094, 1, 0, 97871, 0, 76.40
2026/09/22 23:31:06.094, 2, 0, 97871, 0, 74.01
2026/09/22 23:31:06.094, 3, 0, 97871, 0, 73.88
2026/09/22 23:31:06.294, 0, 0, 97871, 0, 73.44
2026/09/22 23:31:06.294, 1, 0, 97871, 0, 76.38
2026/09/22 23:31:06.294, 2, 0, 97871, 0, 73.99
2026/09/22 23:31:06.294, 3, 0, 97871, 0, 73.89
2026/09/22 23:31:06.494, 0, 0, 97871, 0, 73.43
2026/09/22 23:31:06.494, 1, 0, 97871, 0, 76.37
2026/09/22 23:31:06.494, 2, 0, 97871, 0, 73.99
2026/09/22 23:31:06.494, 3, 0, 97871, 0, 73.90
2026/09/22 23:31:06.694, 0, 0, 97871, 0, 73.43
2026/09/22 23:31:06.694, 1, 0, 97871, 0, 76.39
2026/09/22 23:31:06.694, 2, 0, 97871, 0, 73.96
2026/09/22 23:31:06.694, 3, 0, 97871, 0, 73.86
2026/09/22 23:31:06.894, 0, 0, 97871, 0, 73.44
2026/09/22 23:31:06.894, 1, 0, 97871, 0, 76.39
2026/09/22 23:31:06.894, 2, 0, 97871, 0, 73.93
2026/09/22 23:31:06.894, 3, 0, 97871, 0, 73.87
2026/09/22 23:31:07.094, 0, 0, 97871, 0, 73.46
2026/09/22 23:31:07.095, 1, 0, 97871, 0, 76.38
2026/09/22 23:31:07.095, 2, 0, 97871, 0, 73.91
2026/09/22 23:31:07.095, 3, 0, 97871, 0, 73.88
2026/09/22 23:31:07.295, 0, 0, 97871, 0, 73.45
2026/09/22 23:31:07.295, 1, 0, 97871, 0, 76.35
2026/09/22 23:31:07.295, 2, 0, 97871, 0, 73.89
2026/09/22 23:31:07.295, 3, 0, 97871, 0, 73.86
2026/09/22 23:31:07.495, 0, 0, 97871, 0, 73.45
2026/09/22 23:31:07.495, 1, 0, 97871, 0, 76.37
2026/09/22 23:31:07.495, 2, 0, 97871, 0, 73.87
2026/09/22 23:31:07.495, 3, 0, 97871, 0, 73.85
2026/09/22 23:31:07.695, 0, 0, 97871, 0, 73.45
2026/09/22 23:31:07.695, 1, 0, 97871, 0, 76.36
2026/09/22 23:31:07.695, 2, 0, 97871, 0, 73.86
2026/09/22 23:31:07.695, 3, 0, 97871, 0, 73.86
2026/09/22 23:31:07.895, 0, 0, 97871, 0, 73.45
2026/09/22 23:31:07.895, 1, 0, 97871, 0, 76.36
2026/09/22 23:31:07.895, 2, 0, 97871, 0, 73.86
2026/09/22 23:31:07.895, 3, 0, 97871, 0, 73.86
2026/09/22 23:31:08.095, 0, 0, 97871, 0, 73.43
2026/09/22 23:31:08.095, 1, 0, 97871, 0, 76.34
2026/09/22 23:31:08.095, 2, 0, 97871, 0, 73.86
2026/09/22 23:31:08.096, 3, 0, 97871, 0, 73.88
2026/09/22 23:31:08.296, 0, 0, 97871, 0, 73.43
2026/09/22 23:31:08.296, 1, 0, 97871, 0, 76.35
2026/09/22 23:31:08.296, 2, 0, 97871, 0, 73.85
2026/09/22 23:31:08.296, 3, 0, 97871, 0, 73.88
2026/09/22 23:31:08.496, 0, 0, 97871, 0, 73.42
2026/09/22 23:31:08.496, 1, 0, 97871, 0, 76.34
2026/09/22 23:31:08.496, 2, 0, 97871, 0, 73.83
2026/09/22 23:31:08.496, 3, 0, 97871, 0, 73.88
2026/09/22 23:31:08.696, 0, 0, 97871, 0, 73.43
2026/09/22 23:31:08.696, 1, 0, 97871, 0, 76.33
2026/09/22 23:31:08.696, 2, 0, 97871, 0, 73.83
2026/09/22 23:31:08.696, 3, 0, 97871, 0, 73.89
2026/09/22 23:31:08.896, 0, 0, 97871, 0, 73.42
2026/09/22 23:31:08.896, 1, 0, 97871, 0, 76.34
2026/09/22 23:31:08.896, 2, 0, 97871, 0, 73.82
2026/09/22 23:31:08.896, 3, 0, 97871, 0, 73.91
2026/09/22 23:31:09.096, 0, 0, 97871, 0, 73.43
2026/09/22 23:31:09.096, 1, 0, 97871, 0, 76.33
2026/09/22 23:31:09.096, 2, 0, 97871, 0, 73.83
2026/09/22 23:31:09.096, 3, 0, 97871, 0, 73.89
2026/09/22 23:31:09.296, 0, 0, 97871, 0, 73.42
2026/09/22 23:31:09.296, 1, 0, 97871, 0, 76.33
2026/09/22 23:31:09.297, 2, 0, 97871, 0, 73.82
2026/09/22 23:31:09.297, 3, 0, 97871, 0, 73.93
2026/09/22 23:31:09.497, 0, 0, 97871, 0, 73.41
2026/09/22 23:31:09.497, 1, 0, 97871, 0, 76.33
2026/09/22 23:31:09.497, 2, 0, 97871, 0, 73.82
2026/09/22 23:31:09.497, 3, 0, 97871, 0, 73.92
2026/09/22 23:31:09.697, 0, 0, 97871, 0, 73.38
2026/09/22 23:31:09.697, 1, 0, 97871, 0, 76.31
2026/09/22 23:31:09.697, 2, 0, 97871, 0, 73.82
2026/09/22 23:31:09.697, 3, 0, 97871, 0, 73.91
2026/09/22 23:31:09.897, 0, 0, 97871, 0, 73.38
2026/09/22 23:31:09.897, 1, 0, 97871, 0, 76.30
2026/09/22 23:31:09.897, 2, 0, 97871, 0, 73.81
2026/09/22 23:31:09.897, 3, 0, 97871, 0, 73.90
2026/09/22 23:31:10.097, 0, 0, 97871, 0, 73.38
2026/09/22 23:31:10.097, 1, 0, 97871, 0, 76.29
2026/09/22 23:31:10.097, 2, 0, 97871, 0, 73.81
2026/09/22 23:31:10.097, 3, 0, 97871, 0, 73.92
2026/09/22 23:31:10.297, 0, 0, 97871, 0, 73.39
2026/09/22 23:31:10.297, 1, 0, 97871, 0, 76.27
2026/09/22 23:31:10.297, 2, 0, 97871, 0, 73.82
2026/09/22 23:31:10.297, 3, 0, 97871, 0, 73.88
2026/09/22 23:31:10.497, 0, 0, 97871, 0, 73.38
2026/09/22 23:31:10.497, 1, 0, 97871, 0, 76.24
2026/09/22 23:31:10.497, 2, 0, 97871, 0, 73.82
2026/09/22 23:31:10.497, 3, 0, 97871, 0, 73.86
2026/09/22 23:31:10.697, 0, 0, 97871, 0, 73.38
2026/09/22 23:31:10.698, 1, 0, 97871, 0, 76.24
2026/09/22 23:31:10.698, 2, 0, 97871, 0, 73.83
2026/09/22 23:31:10.698, 3, 0, 97871, 0, 73.87
2026/09/22 23:31:10.898, 0, 0, 97871, 0, 73.40
2026/09/22 23:31:10.898, 1, 0, 97871, 0, 76.21
2026/09/22 23:31:10.898, 2, 0, 97871, 0, 73.83
2026/09/22 23:31:10.898, 3, 0, 97871, 0, 73.86
2026/09/22 23:31:11.098, 0, 0, 97871, 0, 73.40
2026/09/22 23:31:11.098, 1, 0, 97871, 0, 76.18
2026/09/22 23:31:11.098, 2, 0, 97871, 0, 73.82
2026/09/22 23:31:11.098, 3, 0, 97871, 0, 73.84
2026/09/22 23:31:11.298, 0, 0, 97871, 0, 73.37
2026/09/22 23:31:11.298, 1, 0, 97871, 0, 76.15
2026/09/22 23:31:11.298, 2, 0, 97871, 0, 73.81
2026/09/22 23:31:11.298, 3, 0, 97871, 0, 74.02
2026/09/22 23:31:11.498, 0, 0, 97871, 0, 73.37
2026/09/22 23:31:11.498, 1, 0, 97871, 0, 76.15
2026/09/22 23:31:11.498, 2, 0, 97871, 0, 73.79
2026/09/22 23:31:11.498, 3, 0, 97871, 0, 73.87
2026/09/22 23:31:11.698, 0, 0, 97871, 0, 73.38
2026/09/22 23:31:11.698, 1, 0, 97871, 0, 76.16
2026/09/22 23:31:11.698, 2, 0, 97871, 0, 73.79
2026/09/22 23:31:11.698, 3, 0, 97871, 0, 73.86
2026/09/22 23:31:11.898, 0, 0, 97871, 0, 73.36
2026/09/22 23:31:11.898, 1, 0, 97871, 0, 76.22
2026/09/22 23:31:11.898, 2, 0, 97871, 0, 73.79
2026/09/22 23:31:11.898, 3, 0, 97871, 0, 74.02
2026/09/22 23:31:12.098, 0, 0, 97871, 0, 73.35
2026/09/22 23:31:12.099, 1, 0, 97871, 0, 76.28
2026/09/22 23:31:12.099, 2, 0, 97871, 0, 73.79
2026/09/22 23:31:12.099, 3, 0, 97871, 0, 73.83
2026/09/22 23:31:12.299, 0, 0, 97871, 0, 73.35
2026/09/22 23:31:12.299, 1, 0, 97871, 0, 76.34
2026/09/22 23:31:12.299, 2, 0, 97871, 0, 73.79
2026/09/22 23:31:12.299, 3, 0, 97871, 0, 73.81
2026/09/22 23:31:12.499, 0, 0, 97871, 0, 73.36
2026/09/22 23:31:12.499, 1, 0, 97871, 0, 76.35
2026/09/22 23:31:12.499, 2, 0, 97871, 0, 73.77
2026/09/22 23:31:12.499, 3, 0, 97871, 0, 73.81
2026/09/22 23:31:12.699, 0, 1, 97871, 0, 73.34
2026/09/22 23:31:12.699, 1, 1, 97871, 0, 76.42
2026/09/22 23:31:12.700, 2, 0, 97871, 0, 73.75
2026/09/22 23:31:12.700, 3, 0, 97871, 0, 73.79
2026/09/22 23:31:12.901, 0, 1, 97871, 0, 73.33
2026/09/22 23:31:12.901, 1, 1, 97871, 0, 76.38
2026/09/22 23:31:13.011, 2, 1, 97871, 0, 73.71
2026/09/22 23:31:13.011, 3, 1, 97871, 0, 73.78
2026/09/22 23:31:13.213, 0, 4, 97871, 0, 73.38
2026/09/22 23:31:13.258, 1, 1, 97871, 0, 76.38
2026/09/22 23:31:13.258, 2, 1, 97871, 0, 73.70
2026/09/22 23:31:13.258, 3, 1, 97871, 0, 73.79
2026/09/22 23:31:13.458, 0, 4, 97871, 0, 73.40
2026/09/22 23:31:13.462, 1, 4, 97871, 0, 76.41
2026/09/22 23:31:13.462, 2, 1, 97871, 0, 73.72
2026/09/22 23:31:13.462, 3, 1, 97871, 0, 73.81
2026/09/22 23:31:13.662, 0, 4, 97871, 0, 73.39
2026/09/22 23:31:13.695, 1, 4, 97871, 0, 76.42
2026/09/22 23:31:13.695, 2, 4, 97871, 0, 73.73
2026/09/22 23:31:13.695, 3, 1, 97871, 0, 73.81
2026/09/22 23:31:13.895, 0, 4, 97871, 0, 73.41
2026/09/22 23:31:13.895, 1, 4, 97871, 0, 76.42
2026/09/22 23:31:13.895, 2, 4, 97871, 0, 73.73
2026/09/22 23:31:13.895, 3, 4, 97871, 0, 73.87
2026/09/22 23:31:14.095, 0, 4, 97871, 0, 73.38
2026/09/22 23:31:14.096, 1, 4, 97871, 0, 76.42
2026/09/22 23:31:14.096, 2, 4, 97871, 0, 73.74
2026/09/22 23:31:14.096, 3, 4, 97871, 0, 74.33
2026/09/22 23:31:14.296, 0, 4, 97871, 0, 73.35
2026/09/22 23:31:14.296, 1, 4, 97871, 0, 76.39
2026/09/22 23:31:14.296, 2, 4, 97871, 0, 73.73
2026/09/22 23:31:14.296, 3, 4, 97871, 0, 74.83
2026/09/22 23:31:14.496, 0, 4, 97871, 0, 73.35
2026/09/22 23:31:14.496, 1, 4, 97871, 0, 76.39
2026/09/22 23:31:14.496, 2, 4, 97871, 0, 73.70
2026/09/22 23:31:14.496, 3, 4, 97871, 0, 75.32
2026/09/22 23:31:14.696, 0, 20, 97871, 0, 76.33
2026/09/22 23:31:14.696, 1, 20, 97871, 0, 77.75
2026/09/22 23:31:14.710, 2, 20, 97871, 0, 73.68
2026/09/22 23:31:14.710, 3, 20, 97871, 0, 77.46
2026/09/22 23:31:14.910, 0, 21, 97871, 0, 86.89
2026/09/22 23:31:14.913, 1, 21, 97871, 0, 88.30
2026/09/22 23:31:14.919, 2, 21, 97871, 0, 81.04
2026/09/22 23:31:14.923, 3, 21, 97871, 0, 86.46
2026/09/22 23:31:15.126, 0, 385, 97871, 2, 95.61
2026/09/22 23:31:15.126, 1, 385, 97871, 2, 97.61
2026/09/22 23:31:15.126, 2, 385, 97871, 0, 90.55
2026/09/22 23:31:15.126, 3, 385, 97871, 3, 95.49
2026/09/22 23:31:15.326, 0, 385, 97871, 0, 104.43
2026/09/22 23:31:15.326, 1, 385, 97871, 0, 106.70
2026/09/22 23:31:15.326, 2, 385, 97871, 1, 100.12
2026/09/22 23:31:15.326, 3, 385, 97871, 0, 103.50
2026/09/22 23:31:15.526, 0, 385, 97871, 0, 113.26
2026/09/22 23:31:15.526, 1, 385, 97871, 0, 116.61
2026/09/22 23:31:15.526, 2, 385, 97871, 0, 109.37
2026/09/22 23:31:15.526, 3, 385, 97871, 0, 111.88
2026/09/22 23:31:15.726, 0, 483, 97871, 4, 119.09
2026/09/22 23:31:15.729, 1, 485, 97871, 8, 123.53
2026/09/22 23:31:15.735, 2, 485, 97871, 0, 120.57
2026/09/22 23:31:15.744, 3, 483, 97871, 8, 119.71
2026/09/22 23:31:15.945, 0, 1019, 97871, 1, 118.59
2026/09/22 23:31:15.945, 1, 1019, 97871, 1, 123.01
2026/09/22 23:31:15.945, 2, 1019, 97871, 1, 120.07
2026/09/22 23:31:15.951, 3, 1019, 97871, 1, 119.39
2026/09/22 23:31:16.151, 0, 1019, 97871, 0, 118.38
2026/09/22 23:31:16.153, 1, 1019, 97871, 0, 122.85
2026/09/22 23:31:16.153, 2, 1019, 97871, 0, 119.88
2026/09/22 23:31:16.153, 3, 1019, 97871, 0, 119.14
2026/09/22 23:31:16.353, 0, 1201, 97871, 1, 118.70
2026/09/22 23:31:16.353, 1, 1201, 97871, 1, 123.16
2026/09/22 23:31:16.353, 2, 1201, 97871, 0, 120.37
2026/09/22 23:31:16.353, 3, 1201, 97871, 0, 119.55
2026/09/22 23:31:16.554, 0, 1735, 97871, 1, 118.71
2026/09/22 23:31:16.555, 1, 1735, 97871, 1, 123.16
2026/09/22 23:31:16.555, 2, 1735, 97871, 1, 120.37
2026/09/22 23:31:16.555, 3, 1735, 97871, 2, 119.59
2026/09/22 23:31:16.757, 0, 1735, 97871, 0, 118.72
2026/09/22 23:31:16.757, 1, 1735, 97871, 0, 123.18
2026/09/22 23:31:16.757, 2, 1735, 97871, 0, 120.39
2026/09/22 23:31:16.757, 3, 1735, 97871, 1, 119.64
2026/09/22 23:31:16.960, 0, 1735, 97871, 0, 119.07
2026/09/22 23:31:16.960, 1, 1735, 97871, 0, 123.50
2026/09/22 23:31:16.960, 2, 1735, 97871, 0, 120.73
2026/09/22 23:31:16.960, 3, 1735, 97871, 1, 120.02
2026/09/22 23:31:17.160, 0, 1807, 97871, 0, 119.05
2026/09/22 23:31:17.160, 1, 1807, 97871, 0, 123.43
2026/09/22 23:31:17.160, 2, 1807, 97871, 1, 120.69
2026/09/22 23:31:17.161, 3, 1807, 97871, 0, 119.98
2026/09/22 23:31:17.361, 0, 2319, 97871, 2, 118.79
2026/09/22 23:31:17.361, 1, 2319, 97871, 0, 123.12
2026/09/22 23:31:17.361, 2, 2319, 97871, 0, 120.21
2026/09/22 23:31:17.361, 3, 2319, 97871, 1, 119.62
2026/09/22 23:31:17.561, 0, 2319, 97871, 0, 118.74
2026/09/22 23:31:17.561, 1, 2319, 97871, 0, 123.12
2026/09/22 23:31:17.561, 2, 2319, 97871, 0, 120.19
2026/09/22 23:31:17.561, 3, 2319, 97871, 0, 119.55
2026/09/22 23:31:17.761, 0, 2319, 97871, 0, 118.71
2026/09/22 23:31:17.761, 1, 2319, 97871, 0, 123.10
2026/09/22 23:31:17.761, 2, 2319, 97871, 0, 120.20
2026/09/22 23:31:17.761, 3, 2319, 97871, 0, 119.48
2026/09/22 23:31:17.961, 0, 2319, 97871, 0, 118.40
2026/09/22 23:31:17.961, 1, 2319, 97871, 0, 122.77
2026/09/22 23:31:17.961, 2, 2319, 97871, 0, 119.87
2026/09/22 23:31:17.961, 3, 2319, 97871, 0, 119.08
2026/09/22 23:31:18.161, 0, 2319, 97871, 0, 118.40
2026/09/22 23:31:18.162, 1, 2319, 97871, 0, 122.77
2026/09/22 23:31:18.162, 2, 2319, 97871, 0, 119.88
2026/09/22 23:31:18.162, 3, 2319, 97871, 0, 119.08
2026/09/22 23:31:18.362, 0, 2319, 97871, 0, 118.37
2026/09/22 23:31:18.362, 1, 2319, 97871, 0, 122.77
2026/09/22 23:31:18.362, 2, 2319, 97871, 0, 119.85
2026/09/22 23:31:18.362, 3, 2319, 97871, 0, 119.09
2026/09/22 23:31:18.562, 0, 2319, 97871, 0, 118.39
2026/09/22 23:31:18.562, 1, 2319, 97871, 0, 122.77
2026/09/22 23:31:18.562, 2, 2319, 97871, 0, 119.88
2026/09/22 23:31:18.562, 3, 2319, 97871, 0, 119.08
2026/09/22 23:31:18.762, 0, 2319, 97871, 0, 118.43
2026/09/22 23:31:18.762, 1, 2319, 97871, 0, 122.79
2026/09/22 23:31:18.762, 2, 2319, 97871, 0, 119.84
2026/09/22 23:31:18.762, 3, 2319, 97871, 0, 119.08
2026/09/22 23:31:18.962, 0, 2319, 97871, 0, 118.42
2026/09/22 23:31:18.962, 1, 2319, 97871, 0, 122.79
2026/09/22 23:31:18.962, 2, 2319, 97871, 0, 119.84
2026/09/22 23:31:18.962, 3, 2319, 97871, 0, 119.07
2026/09/22 23:31:19.162, 0, 2319, 97871, 0, 118.41
2026/09/22 23:31:19.163, 1, 2319, 97871, 0, 122.80
2026/09/22 23:31:19.163, 2, 2319, 97871, 0, 119.82
2026/09/22 23:31:19.163, 3, 2319, 97871, 0, 119.10
2026/09/22 23:31:19.363, 0, 2319, 97871, 0, 118.43
2026/09/22 23:31:19.363, 1, 2319, 97871, 0, 122.82
2026/09/22 23:31:19.363, 2, 2319, 97871, 0, 119.82
2026/09/22 23:31:19.363, 3, 2319, 97871, 0, 119.10
2026/09/22 23:31:19.563, 0, 2319, 97871, 0, 118.45
2026/09/22 23:31:19.563, 1, 2319, 97871, 0, 122.84
2026/09/22 23:31:19.563, 2, 2319, 97871, 0, 119.83
2026/09/22 23:31:19.563, 3, 2319, 97871, 0, 119.11
2026/09/22 23:31:19.763, 0, 2319, 97871, 0, 118.44
2026/09/22 23:31:19.763, 1, 2319, 97871, 0, 122.84
2026/09/22 23:31:19.763, 2, 2319, 97871, 0, 119.84
2026/09/22 23:31:19.763, 3, 2319, 97871, 0, 119.11
2026/09/22 23:31:19.963, 0, 3441, 97871, 0, 118.47
2026/09/22 23:31:19.963, 1, 3441, 97871, 0, 122.82
2026/09/22 23:31:19.963, 2, 2959, 97871, 0, 119.84
2026/09/22 23:31:19.963, 3, 2979, 97871, 0, 119.13
2026/09/22 23:31:20.163, 0, 11025, 97871, 0, 118.54
2026/09/22 23:31:20.163, 1, 10601, 97871, 1, 122.85
2026/09/22 23:31:20.163, 2, 7789, 97871, 4, 119.98
2026/09/22 23:31:20.164, 3, 7789, 97871, 1, 119.10
2026/09/22 23:31:20.364, 0, 11025, 97871, 6, 118.58
2026/09/22 23:31:20.364, 1, 11025, 97871, 6, 122.87
2026/09/22 23:31:20.364, 2, 11025, 97871, 3, 119.99
2026/09/22 23:31:20.364, 3, 11025, 97871, 6, 119.08
2026/09/22 23:31:20.564, 0, 11025, 97871, 4, 118.63
2026/09/22 23:31:20.564, 1, 11025, 97871, 5, 122.88
2026/09/22 23:31:20.564, 2, 11025, 97871, 1, 120.01
2026/09/22 23:31:20.564, 3, 11025, 97871, 1, 119.12
2026/09/22 23:31:20.764, 0, 11025, 97871, 4, 118.64
2026/09/22 23:31:20.764, 1, 11025, 97871, 3, 122.90
2026/09/22 23:31:20.764, 2, 11025, 97871, 1, 120.02
2026/09/22 23:31:20.764, 3, 11025, 97871, 0, 119.14
2026/09/22 23:31:20.964, 0, 11025, 97871, 1, 118.65
2026/09/22 23:31:20.964, 1, 11025, 97871, 1, 122.94
2026/09/22 23:31:20.964, 2, 11025, 97871, 2, 120.04
2026/09/22 23:31:20.964, 3, 11025, 97871, 1, 119.13
2026/09/22 23:31:21.164, 0, 11025, 97871, 1, 118.59
2026/09/22 23:31:21.164, 1, 11025, 97871, 0, 122.94
2026/09/22 23:31:21.164, 2, 11025, 97871, 5, 119.94
2026/09/22 23:31:21.164, 3, 11025, 97871, 4, 119.16
2026/09/22 23:31:21.365, 0, 11025, 97871, 0, 118.57
2026/09/22 23:31:21.365, 1, 11025, 97871, 0, 122.91
2026/09/22 23:31:21.365, 2, 11025, 97871, 0, 119.91
2026/09/22 23:31:21.365, 3, 11025, 97871, 6, 119.21
2026/09/22 23:31:21.565, 0, 11025, 97871, 2, 118.54
2026/09/22 23:31:21.565, 1, 11025, 97871, 2, 122.94
2026/09/22 23:31:21.565, 2, 11025, 97871, 5, 119.89
2026/09/22 23:31:21.565, 3, 11025, 97871, 1, 119.17
2026/09/22 23:31:21.765, 0, 11025, 97871, 5, 118.54
2026/09/22 23:31:21.765, 1, 11025, 97871, 5, 122.92
2026/09/22 23:31:21.765, 2, 11025, 97871, 3, 119.88
2026/09/22 23:31:21.765, 3, 11025, 97871, 2, 119.17
2026/09/22 23:31:21.965, 0, 11025, 97871, 5, 118.56
2026/09/22 23:31:21.965, 1, 11025, 97871, 6, 122.91
2026/09/22 23:31:21.965, 2, 11025, 97871, 1, 119.89
2026/09/22 23:31:21.965, 3, 11025, 97871, 0, 119.15
2026/09/22 23:31:22.165, 0, 11025, 97871, 4, 118.57
2026/09/22 23:31:22.165, 1, 11025, 97871, 4, 122.90
2026/09/22 23:31:22.165, 2, 11025, 97871, 1, 119.87
2026/09/22 23:31:22.165, 3, 11025, 97871, 0, 119.19
2026/09/22 23:31:22.365, 0, 11025, 97871, 2, 118.55
2026/09/22 23:31:22.366, 1, 11025, 97871, 1, 122.88
2026/09/22 23:31:22.366, 2, 11025, 97871, 1, 119.93
2026/09/22 23:31:22.366, 3, 11025, 97871, 2, 119.23
2026/09/22 23:31:22.566, 0, 11025, 97871, 8, 118.56
2026/09/22 23:31:22.566, 1, 11025, 97871, 6, 122.90
2026/09/22 23:31:22.566, 2, 11025, 97871, 2, 119.93
2026/09/22 23:31:22.566, 3, 11025, 97871, 4, 119.26
2026/09/22 23:31:22.766, 0, 11025, 97871, 4, 118.56
2026/09/22 23:31:22.766, 1, 11025, 97871, 3, 122.87
2026/09/22 23:31:22.766, 2, 11025, 97871, 1, 119.95
2026/09/22 23:31:22.766, 3, 11025, 97871, 0, 119.23
2026/09/22 23:31:22.966, 0, 11025, 97871, 4, 118.52
2026/09/22 23:31:22.966, 1, 11025, 97871, 4, 122.85
2026/09/22 23:31:22.966, 2, 11025, 97871, 0, 119.95
2026/09/22 23:31:22.966, 3, 11025, 97871, 2, 119.23
2026/09/22 23:31:23.166, 0, 11025, 97871, 3, 118.55
2026/09/22 23:31:23.166, 1, 11025, 97871, 7, 122.86
2026/09/22 23:31:23.166, 2, 11025, 97871, 5, 119.96
2026/09/22 23:31:23.166, 3, 11025, 97871, 2, 119.25
2026/09/22 23:31:23.366, 0, 11025, 97871, 7, 118.58
2026/09/22 23:31:23.366, 1, 11025, 97871, 2, 122.94
2026/09/22 23:31:23.366, 2, 11025, 97871, 4, 120.06
2026/09/22 23:31:23.366, 3, 11025, 97871, 10, 119.32
2026/09/22 23:31:23.566, 0, 11025, 97871, 3, 118.55
2026/09/22 23:31:23.566, 1, 11025, 97871, 3, 122.86
2026/09/22 23:31:23.566, 2, 11025, 97871, 1, 120.04
2026/09/22 23:31:23.566, 3, 11025, 97871, 1, 119.28
2026/09/22 23:31:23.767, 0, 11025, 97871, 1, 118.52
2026/09/22 23:31:23.767, 1, 11025, 97871, 1, 122.86
2026/09/22 23:31:23.767, 2, 11025, 97871, 1, 120.02
2026/09/22 23:31:23.767, 3, 11025, 97871, 0, 119.30
2026/09/22 23:31:23.967, 0, 11025, 97871, 1, 118.52
2026/09/22 23:31:23.967, 1, 11025, 97871, 0, 122.85
2026/09/22 23:31:23.967, 2, 11025, 97871, 1, 120.01
2026/09/22 23:31:23.967, 3, 11025, 97871, 2, 119.29
2026/09/22 23:31:24.167, 0, 11025, 97871, 1, 118.44
2026/09/22 23:31:24.167, 1, 11025, 97871, 0, 122.81
2026/09/22 23:31:24.167, 2, 11025, 97871, 1, 120.00
2026/09/22 23:31:24.167, 3, 11025, 97871, 4, 119.25
2026/09/22 23:31:24.367, 0, 11025, 97871, 2, 118.41
2026/09/22 23:31:24.367, 1, 11025, 97871, 3, 122.74
2026/09/22 23:31:24.367, 2, 11025, 97871, 3, 119.92
2026/09/22 23:31:24.367, 3, 11025, 97871, 5, 119.15
2026/09/22 23:31:24.567, 0, 11025, 97871, 5, 118.42
2026/09/22 23:31:24.567, 1, 11025, 97871, 5, 122.79
2026/09/22 23:31:24.567, 2, 11025, 97871, 5, 119.90
2026/09/22 23:31:24.567, 3, 11025, 97871, 6, 119.16
2026/09/22 23:31:24.767, 0, 11025, 97871, 1, 118.46
2026/09/22 23:31:24.768, 1, 11025, 97871, 1, 122.78
2026/09/22 23:31:24.768, 2, 11025, 97871, 0, 119.90
2026/09/22 23:31:24.768, 3, 11025, 97871, 2, 119.14
2026/09/22 23:31:24.968, 0, 11025, 97871, 1, 118.44
2026/09/22 23:31:24.968, 1, 11025, 97871, 0, 122.79
2026/09/22 23:31:24.968, 2, 11025, 97871, 1, 119.89
2026/09/22 23:31:24.968, 3, 11025, 97871, 0, 119.15
2026/09/22 23:31:25.168, 0, 11025, 97871, 4, 118.51
2026/09/22 23:31:25.168, 1, 11025, 97871, 5, 122.79
2026/09/22 23:31:25.168, 2, 11025, 97871, 4, 119.89
2026/09/22 23:31:25.168, 3, 11025, 97871, 3, 119.12
2026/09/22 23:31:25.368, 0, 11025, 97871, 0, 118.47
2026/09/22 23:31:25.368, 1, 11025, 97871, 2, 122.77
2026/09/22 23:31:25.368, 2, 11025, 97871, 5, 119.86
2026/09/22 23:31:25.368, 3, 11025, 97871, 0, 119.09
2026/09/22 23:31:25.568, 0, 11025, 97871, 4, 118.43
2026/09/22 23:31:25.568, 1, 11025, 97871, 3, 122.77
2026/09/22 23:31:25.568, 2, 11025, 97871, 2, 119.87
2026/09/22 23:31:25.568, 3, 11025, 97871, 5, 119.07
2026/09/22 23:31:25.768, 0, 11025, 97871, 1, 118.38
2026/09/22 23:31:25.768, 1, 11025, 97871, 0, 122.78
2026/09/22 23:31:25.768, 2, 11025, 97871, 1, 119.84
2026/09/22 23:31:25.768, 3, 11025, 97871, 0, 119.06
2026/09/22 23:31:25.969, 0, 11025, 97871, 1, 118.44
2026/09/22 23:31:25.969, 1, 11025, 97871, 3, 122.78
2026/09/22 23:31:25.969, 2, 11025, 97871, 3, 119.84
2026/09/22 23:31:25.969, 3, 11025, 97871, 1, 119.05
2026/09/22 23:31:26.169, 0, 11025, 97871, 5, 118.41
2026/09/22 23:31:26.169, 1, 11025, 97871, 5, 122.82
2026/09/22 23:31:26.169, 2, 11025, 97871, 4, 119.80
2026/09/22 23:31:26.169, 3, 11025, 97871, 6, 119.06
2026/09/22 23:31:26.369, 0, 11025, 97871, 5, 118.46
2026/09/22 23:31:26.369, 1, 11025, 97871, 1, 122.81
2026/09/22 23:31:26.369, 2, 11025, 97871, 1, 119.77
2026/09/22 23:31:26.369, 3, 11025, 97871, 0, 119.08
2026/09/22 23:31:26.569, 0, 11025, 97871, 1, 118.46
2026/09/22 23:31:26.569, 1, 11025, 97871, 1, 122.82
2026/09/22 23:31:26.569, 2, 11025, 97871, 0, 119.76
2026/09/22 23:31:26.569, 3, 11025, 97871, 0, 119.09
2026/09/22 23:31:26.770, 0, 11025, 97871, 7, 118.50
2026/09/22 23:31:26.770, 1, 11025, 97871, 4, 122.85
2026/09/22 23:31:26.770, 2, 11025, 97871, 1, 119.75
2026/09/22 23:31:26.770, 3, 11025, 97871, 3, 119.12
2026/09/22 23:31:26.970, 0, 11025, 97871, 1, 118.50
2026/09/22 23:31:26.970, 1, 11025, 97871, 6, 122.88
2026/09/22 23:31:26.970, 2, 11025, 97871, 6, 119.71
2026/09/22 23:31:26.970, 3, 11025, 97871, 6, 119.11
2026/09/22 23:31:27.170, 0, 11025, 97871, 5, 118.50
2026/09/22 23:31:27.170, 1, 11025, 97871, 1, 122.79
2026/09/22 23:31:27.170, 2, 11025, 97871, 1, 119.71
2026/09/22 23:31:27.170, 3, 11025, 97871, 1, 119.13
2026/09/22 23:31:27.370, 0, 11025, 97871, 1, 118.48
2026/09/22 23:31:27.370, 1, 11025, 97871, 0, 122.82
2026/09/22 23:31:27.370, 2, 11025, 97871, 1, 119.73
2026/09/22 23:31:27.370, 3, 11025, 97871, 0, 119.18
2026/09/22 23:31:27.570, 0, 11025, 97871, 1, 118.52
2026/09/22 23:31:27.570, 1, 11025, 97871, 6, 122.82
2026/09/22 23:31:27.570, 2, 11025, 97871, 6, 119.75
2026/09/22 23:31:27.570, 3, 11025, 97871, 4, 119.16
2026/09/22 23:31:27.771, 0, 11025, 97871, 1, 118.50
2026/09/22 23:31:27.771, 1, 11025, 97871, 0, 122.77
2026/09/22 23:31:27.771, 2, 11025, 97871, 0, 119.74
2026/09/22 23:31:27.771, 3, 11025, 97871, 3, 119.12
2026/09/22 23:31:27.971, 0, 11025, 97871, 0, 118.53
2026/09/22 23:31:27.971, 1, 11025, 97871, 0, 122.69
2026/09/22 23:31:27.971, 2, 11025, 97871, 0, 119.72
2026/09/22 23:31:27.971, 3, 11025, 97871, 0, 119.12
2026/09/22 23:31:28.171, 0, 11025, 97871, 0, 118.59
2026/09/22 23:31:28.171, 1, 11025, 97871, 0, 122.73
2026/09/22 23:31:28.171, 2, 11025, 97871, 0, 119.71
2026/09/22 23:31:28.171, 3, 11025, 97871, 0, 119.10
2026/09/22 23:31:28.371, 0, 11025, 97871, 0, 118.67
2026/09/22 23:31:28.371, 1, 11025, 97871, 0, 122.69
2026/09/22 23:31:28.371, 2, 11025, 97871, 0, 119.68
2026/09/22 23:31:28.371, 3, 11025, 97871, 0, 119.06
2026/09/22 23:31:28.571, 0, 11025, 97871, 0, 118.75
2026/09/22 23:31:28.571, 1, 11025, 97871, 0, 122.64
2026/09/22 23:31:28.571, 2, 11025, 97871, 0, 119.67
2026/09/22 23:31:28.571, 3, 11025, 97871, 0, 119.06
2026/09/22 23:31:28.771, 0, 11027, 97871, 1, 118.83
2026/09/22 23:31:28.771, 1, 11027, 97871, 0, 122.64
2026/09/22 23:31:28.771, 2, 11027, 97871, 3, 119.69
2026/09/22 23:31:28.771, 3, 11027, 97871, 0, 119.06
2026/09/22 23:31:28.971, 0, 14343, 97871, 34, 119.22
2026/09/22 23:31:28.971, 1, 14343, 97871, 11, 122.79
2026/09/22 23:31:28.971, 2, 14343, 97871, 49, 123.94
2026/09/22 23:31:28.972, 3, 14343, 97871, 3, 126.32
2026/09/22 23:31:29.172, 0, 16643, 97871, 100, 130.03
2026/09/22 23:31:29.172, 1, 16643, 97871, 99, 134.45
2026/09/22 23:31:29.172, 2, 16643, 97871, 100, 131.17
2026/09/22 23:31:29.172, 3, 16643, 97871, 74, 130.82
2026/09/22 23:31:29.372, 0, 16643, 97871, 100, 130.76
2026/09/22 23:31:29.372, 1, 16643, 97871, 100, 134.99
2026/09/22 23:31:29.372, 2, 16643, 97871, 100, 131.85
2026/09/22 23:31:29.372, 3, 16643, 97871, 100, 131.54
2026/09/22 23:31:29.572, 0, 16643, 97871, 100, 131.70
2026/09/22 23:31:29.572, 1, 16643, 97871, 100, 135.97
2026/09/22 23:31:29.572, 2, 16643, 97871, 100, 132.81
2026/09/22 23:31:29.572, 3, 16643, 97871, 100, 132.03
2026/09/22 23:31:29.772, 0, 16643, 97871, 100, 132.41
2026/09/22 23:31:29.772, 1, 16643, 97871, 100, 136.39
2026/09/22 23:31:29.772, 2, 16643, 97871, 100, 133.47
2026/09/22 23:31:29.772, 3, 16643, 97871, 100, 132.99
2026/09/22 23:31:29.972, 0, 16643, 97871, 100, 132.54
2026/09/22 23:31:29.972, 1, 16643, 97871, 100, 137.23
2026/09/22 23:31:29.972, 2, 16643, 97871, 100, 129.91
2026/09/22 23:31:29.972, 3, 16643, 97871, 100, 128.58
2026/09/22 23:31:30.172, 0, 20159, 97871, 68, 123.81
2026/09/22 23:31:30.172, 1, 20095, 97871, 100, 126.28
2026/09/22 23:31:30.172, 2, 20159, 97871, 54, 124.33
2026/09/22 23:31:30.172, 3, 20095, 97871, 100, 124.76
2026/09/22 23:31:30.372, 0, 30501, 97871, 42, 134.60
2026/09/22 23:31:30.372, 1, 30501, 97871, 37, 136.46
2026/09/22 23:31:30.372, 2, 30501, 97871, 29, 135.21
2026/09/22 23:31:30.372, 3, 30501, 97871, 32, 135.57
2026/09/22 23:31:30.573, 0, 30501, 97871, 100, 182.21
2026/09/22 23:31:30.573, 1, 30501, 97871, 100, 177.55
2026/09/22 23:31:30.573, 2, 30501, 97871, 100, 195.60
2026/09/22 23:31:30.573, 3, 30501, 97871, 13, 204.00
2026/09/22 23:31:30.773, 0, 30501, 97871, 100, 253.85
2026/09/22 23:31:30.773, 1, 30501, 97871, 100, 252.43
2026/09/22 23:31:30.773, 2, 30501, 97871, 100, 267.16
2026/09/22 23:31:30.773, 3, 30501, 97871, 100, 276.34
2026/09/22 23:31:30.973, 0, 34793, 97871, 100, 329.82
2026/09/22 23:31:30.973, 1, 34793, 97871, 100, 321.44
2026/09/22 23:31:30.973, 2, 34793, 97871, 100, 338.49
2026/09/22 23:31:30.973, 3, 34793, 97871, 100, 349.16
2026/09/22 23:31:31.173, 0, 34793, 97871, 100, 401.47
2026/09/22 23:31:31.173, 1, 34793, 97871, 100, 393.82
2026/09/22 23:31:31.173, 2, 34793, 97871, 100, 414.34
2026/09/22 23:31:31.173, 3, 34793, 97871, 100, 425.67
2026/09/22 23:31:31.373, 0, 34793, 97871, 100, 463.44
2026/09/22 23:31:31.373, 1, 34793, 97871, 100, 461.26
2026/09/22 23:31:31.373, 2, 34793, 97871, 100, 475.58
2026/09/22 23:31:31.373, 3, 34793, 97871, 100, 489.43
2026/09/22 23:31:31.573, 0, 39085, 97871, 100, 484.05
2026/09/22 23:31:31.573, 1, 39085, 97871, 100, 493.21
2026/09/22 23:31:31.573, 2, 39085, 97871, 100, 476.61
2026/09/22 23:31:31.573, 3, 39085, 97871, 100, 479.92
2026/09/22 23:31:31.773, 0, 39085, 97871, 100, 468.51
2026/09/22 23:31:31.773, 1, 39085, 97871, 100, 476.21
2026/09/22 23:31:31.773, 2, 39085, 97871, 100, 465.95
2026/09/22 23:31:31.773, 3, 39085, 97871, 100, 472.78
2026/09/22 23:31:31.973, 0, 39085, 97871, 100, 468.51
2026/09/22 23:31:31.973, 1, 39085, 97871, 100, 476.16
2026/09/22 23:31:31.973, 2, 39085, 97871, 100, 465.91
2026/09/22 23:31:31.974, 3, 39085, 97871, 100, 473.32
2026/09/22 23:31:32.174, 0, 39085, 97871, 100, 468.33
2026/09/22 23:31:32.174, 1, 39085, 97871, 100, 476.25
2026/09/22 23:31:32.174, 2, 39085, 97871, 100, 466.44
2026/09/22 23:31:32.174, 3, 39085, 97871, 100, 473.44
2026/09/22 23:31:32.374, 0, 39085, 97871, 100, 468.53
2026/09/22 23:31:32.374, 1, 39085, 97871, 100, 476.58
2026/09/22 23:31:32.374, 2, 39085, 97871, 100, 466.84
2026/09/22 23:31:32.374, 3, 39085, 97871, 100, 472.76
2026/09/22 23:31:32.574, 0, 39085, 97871, 100, 472.88
2026/09/22 23:31:32.574, 1, 39085, 97871, 100, 477.77
2026/09/22 23:31:32.574, 2, 39085, 97871, 100, 474.17
2026/09/22 23:31:32.574, 3, 39085, 97871, 100, 486.65
2026/09/22 23:31:32.774, 0, 39085, 97871, 100, 488.81
2026/09/22 23:31:32.774, 1, 39085, 97871, 100, 496.72
2026/09/22 23:31:32.774, 2, 39085, 97871, 100, 484.00
2026/09/22 23:31:32.774, 3, 39085, 97871, 100, 487.52
2026/09/22 23:31:32.974, 0, 39085, 97871, 100, 469.26
2026/09/22 23:31:32.974, 1, 39085, 97871, 100, 478.66
2026/09/22 23:31:32.974, 2, 39085, 97871, 100, 468.58
2026/09/22 23:31:32.974, 3, 39085, 97871, 100, 474.13
2026/09/22 23:31:33.174, 0, 39085, 97871, 100, 470.32
2026/09/22 23:31:33.174, 1, 39085, 97871, 100, 479.54
2026/09/22 23:31:33.174, 2, 39085, 97871, 100, 469.70
2026/09/22 23:31:33.174, 3, 39085, 97871, 100, 474.99
2026/09/22 23:31:33.374, 0, 39085, 97871, 100, 471.61
2026/09/22 23:31:33.374, 1, 39085, 97871, 100, 480.34
2026/09/22 23:31:33.374, 2, 39085, 97871, 100, 471.32
2026/09/22 23:31:33.374, 3, 39085, 97871, 100, 476.20
2026/09/22 23:31:33.574, 0, 39085, 97871, 100, 473.08
2026/09/22 23:31:33.574, 1, 39085, 97871, 100, 481.81
2026/09/22 23:31:33.574, 2, 39085, 97871, 100, 472.05
2026/09/22 23:31:33.575, 3, 39085, 97871, 100, 477.07
2026/09/22 23:31:33.775, 0, 39085, 97871, 100, 474.72
2026/09/22 23:31:33.775, 1, 39085, 97871, 100, 482.47
2026/09/22 23:31:33.775, 2, 39085, 97871, 100, 477.45
2026/09/22 23:31:33.775, 3, 39085, 97871, 100, 485.32
2026/09/22 23:31:33.975, 0, 39085, 97871, 100, 496.11
2026/09/22 23:31:33.975, 1, 39085, 97871, 100, 499.65
2026/09/22 23:31:33.975, 2, 39085, 97871, 100, 493.79
2026/09/22 23:31:33.975, 3, 39085, 97871, 100, 497.37
2026/09/22 23:31:34.175, 0, 39085, 97871, 100, 476.01
2026/09/22 23:31:34.175, 1, 39085, 97871, 100, 479.11
2026/09/22 23:31:34.175, 2, 39085, 97871, 100, 474.31
2026/09/22 23:31:34.175, 3, 39085, 97871, 100, 475.59
2026/09/22 23:31:34.375, 0, 39085, 97871, 100, 476.23
2026/09/22 23:31:34.375, 1, 39085, 97871, 100, 476.26
2026/09/22 23:31:34.375, 2, 39085, 97871, 100, 474.66
2026/09/22 23:31:34.375, 3, 39085, 97871, 100, 476.01
2026/09/22 23:31:34.575, 0, 39085, 97871, 100, 475.90
2026/09/22 23:31:34.575, 1, 39085, 97871, 100, 476.56
2026/09/22 23:31:34.575, 2, 39085, 97871, 100, 474.60
2026/09/22 23:31:34.575, 3, 39085, 97871, 100, 475.71
2026/09/22 23:31:34.775, 0, 39085, 97871, 100, 477.07
2026/09/22 23:31:34.775, 1, 39085, 97871, 100, 476.87
2026/09/22 23:31:34.775, 2, 39085, 97871, 100, 474.68
2026/09/22 23:31:34.775, 3, 39085, 97871, 100, 475.08
2026/09/22 23:31:34.975, 0, 39085, 97871, 100, 477.02
2026/09/22 23:31:34.975, 1, 39085, 97871, 100, 478.98
2026/09/22 23:31:34.975, 2, 39085, 97871, 100, 475.64
2026/09/22 23:31:34.975, 3, 39085, 97871, 100, 477.34
2026/09/22 23:31:35.176, 0, 39085, 97871, 100, 498.07
2026/09/22 23:31:35.176, 1, 39085, 97871, 100, 495.60
2026/09/22 23:31:35.176, 2, 39085, 97871, 100, 495.28
2026/09/22 23:31:35.176, 3, 39085, 97871, 100, 498.06
2026/09/22 23:31:35.376, 0, 39085, 97871, 100, 478.01
2026/09/22 23:31:35.376, 1, 39085, 97871, 100, 488.80
2026/09/22 23:31:35.376, 2, 39085, 97871, 100, 476.56
2026/09/22 23:31:35.376, 3, 39085, 97871, 100, 477.99
2026/09/22 23:31:35.576, 0, 39085, 97871, 100, 477.72
2026/09/22 23:31:35.576, 1, 39085, 97871, 100, 479.07
2026/09/22 23:31:35.576, 2, 39085, 97871, 100, 476.50
2026/09/22 23:31:35.576, 3, 39085, 97871, 100, 476.09
2026/09/22 23:31:35.776, 0, 39085, 97871, 100, 476.87
2026/09/22 23:31:35.776, 1, 39085, 97871, 100, 478.97
2026/09/22 23:31:35.776, 2, 39085, 97871, 100, 476.86
2026/09/22 23:31:35.776, 3, 39085, 97871, 100, 476.49
2026/09/22 23:31:35.976, 0, 39085, 97871, 100, 476.95
2026/09/22 23:31:35.976, 1, 39085, 97871, 100, 478.12
2026/09/22 23:31:35.976, 2, 39085, 97871, 100, 476.30
2026/09/22 23:31:35.976, 3, 39085, 97871, 100, 475.93
2026/09/22 23:31:36.176, 0, 39085, 97871, 100, 477.07
2026/09/22 23:31:36.176, 1, 39085, 97871, 100, 478.79
2026/09/22 23:31:36.176, 2, 39085, 97871, 100, 476.17
2026/09/22 23:31:36.176, 3, 39085, 97871, 100, 476.30
2026/09/22 23:31:36.376, 0, 39085, 97871, 100, 497.21
2026/09/22 23:31:36.376, 1, 39085, 97871, 100, 490.52
2026/09/22 23:31:36.376, 2, 39085, 97871, 100, 495.33
2026/09/22 23:31:36.376, 3, 39085, 97871, 100, 497.13
2026/09/22 23:31:36.576, 0, 39085, 97871, 100, 484.01
2026/09/22 23:31:36.576, 1, 39085, 97871, 100, 492.92
2026/09/22 23:31:36.576, 2, 39085, 97871, 100, 479.85
2026/09/22 23:31:36.577, 3, 39085, 97871, 100, 481.16
2026/09/22 23:31:36.777, 0, 39085, 97871, 100, 477.55
2026/09/22 23:31:36.777, 1, 39085, 97871, 100, 479.62
2026/09/22 23:31:36.777, 2, 39085, 97871, 100, 477.02
2026/09/22 23:31:36.777, 3, 39085, 97871, 100, 478.62
2026/09/22 23:31:36.977, 0, 39085, 97871, 100, 478.05
2026/09/22 23:31:36.977, 1, 39085, 97871, 100, 480.08
2026/09/22 23:31:36.977, 2, 39085, 97871, 100, 477.50
2026/09/22 23:31:36.977, 3, 39085, 97871, 100, 479.67
2026/09/22 23:31:37.177, 0, 39085, 97871, 100, 477.27
2026/09/22 23:31:37.177, 1, 39085, 97871, 100, 480.71
2026/09/22 23:31:37.177, 2, 39085, 97871, 100, 477.39
2026/09/22 23:31:37.177, 3, 39085, 97871, 100, 479.66
2026/09/22 23:31:37.377, 0, 39085, 97871, 100, 477.95
2026/09/22 23:31:37.377, 1, 39085, 97871, 100, 481.54
2026/09/22 23:31:37.377, 2, 39085, 97871, 100, 477.80
2026/09/22 23:31:37.377, 3, 39085, 97871, 100, 479.38
2026/09/22 23:31:37.577, 0, 39085, 97871, 100, 491.58
2026/09/22 23:31:37.577, 1, 39085, 97871, 100, 485.03
2026/09/22 23:31:37.577, 2, 39085, 97871, 100, 493.79
2026/09/22 23:31:37.577, 3, 39085, 97871, 100, 492.76
2026/09/22 23:31:37.777, 0, 39085, 97871, 100, 490.69
2026/09/22 23:31:37.777, 1, 39085, 97871, 100, 498.38
2026/09/22 23:31:37.777, 2, 39085, 97871, 100, 487.12
2026/09/22 23:31:37.777, 3, 39085, 97871, 100, 488.23
2026/09/22 23:31:37.977, 0, 39085, 97871, 100, 477.18
2026/09/22 23:31:37.977, 1, 39085, 97871, 100, 476.40
2026/09/22 23:31:37.977, 2, 39085, 97871, 100, 478.83
2026/09/22 23:31:37.977, 3, 39085, 97871, 100, 479.08
2026/09/22 23:31:38.177, 0, 39085, 97871, 100, 477.33
2026/09/22 23:31:38.177, 1, 39085, 97871, 100, 476.40
2026/09/22 23:31:38.178, 2, 39085, 97871, 100, 478.81
2026/09/22 23:31:38.178, 3, 39085, 97871, 100, 479.49
2026/09/22 23:31:38.378, 0, 39085, 97871, 100, 477.68
2026/09/22 23:31:38.378, 1, 39085, 97871, 100, 475.89
2026/09/22 23:31:38.378, 2, 39085, 97871, 100, 479.23
2026/09/22 23:31:38.378, 3, 39085, 97871, 100, 478.84
2026/09/22 23:31:38.578, 0, 39085, 97871, 100, 479.32
2026/09/22 23:31:38.578, 1, 39085, 97871, 100, 476.73
2026/09/22 23:31:38.578, 2, 39085, 97871, 100, 478.95
2026/09/22 23:31:38.578, 3, 39085, 97871, 100, 479.99
2026/09/22 23:31:38.778, 0, 39085, 97871, 100, 486.98
2026/09/22 23:31:38.778, 1, 39085, 97871, 100, 479.69
2026/09/22 23:31:38.778, 2, 39085, 97871, 100, 485.86
2026/09/22 23:31:38.778, 3, 39085, 97871, 100, 490.27
2026/09/22 23:31:38.978, 0, 39085, 97871, 100, 497.42
2026/09/22 23:31:38.978, 1, 39085, 97871, 100, 497.73
2026/09/22 23:31:38.978, 2, 39085, 97871, 100, 493.34
2026/09/22 23:31:38.978, 3, 39085, 97871, 100, 493.65
2026/09/22 23:31:39.178, 0, 39085, 97871, 100, 477.17
2026/09/22 23:31:39.178, 1, 39085, 97871, 100, 478.12
2026/09/22 23:31:39.178, 2, 39085, 97871, 100, 480.08
2026/09/22 23:31:39.178, 3, 39085, 97871, 100, 478.07
2026/09/22 23:31:39.378, 0, 39085, 97871, 100, 477.46
2026/09/22 23:31:39.378, 1, 39085, 97871, 100, 478.19
2026/09/22 23:31:39.378, 2, 39085, 97871, 100, 480.14
2026/09/22 23:31:39.378, 3, 39085, 97871, 100, 478.21
2026/09/22 23:31:39.578, 0, 39085, 97871, 100, 477.75
2026/09/22 23:31:39.578, 1, 39085, 97871, 100, 479.29
2026/09/22 23:31:39.578, 2, 39085, 97871, 100, 480.48
2026/09/22 23:31:39.578, 3, 39085, 97871, 100, 478.33
2026/09/22 23:31:39.779, 0, 39085, 97871, 100, 479.01
2026/09/22 23:31:39.779, 1, 39085, 97871, 100, 479.55
2026/09/22 23:31:39.779, 2, 39085, 97871, 100, 480.70
2026/09/22 23:31:39.779, 3, 39085, 97871, 100, 479.03
2026/09/22 23:31:39.979, 0, 39085, 97871, 100, 483.22
2026/09/22 23:31:39.979, 1, 39085, 97871, 100, 483.91
2026/09/22 23:31:39.979, 2, 39085, 97871, 100, 482.21
2026/09/22 23:31:39.979, 3, 39085, 97871, 100, 484.78
2026/09/22 23:31:40.179, 0, 39085, 97871, 100, 499.66
2026/09/22 23:31:40.179, 1, 39085, 97871, 100, 501.17
2026/09/22 23:31:40.179, 2, 39085, 97871, 100, 497.55
2026/09/22 23:31:40.179, 3, 39085, 97871, 100, 497.84
2026/09/22 23:31:40.379, 0, 39085, 97871, 100, 479.63
2026/09/22 23:31:40.379, 1, 39085, 97871, 100, 487.42
2026/09/22 23:31:40.379, 2, 39085, 97871, 100, 478.09
2026/09/22 23:31:40.379, 3, 39085, 97871, 100, 474.60
2026/09/22 23:31:40.579, 0, 39085, 97871, 100, 477.58
2026/09/22 23:31:40.579, 1, 39085, 97871, 100, 480.92
2026/09/22 23:31:40.579, 2, 39085, 97871, 100, 477.84
2026/09/22 23:31:40.579, 3, 39085, 97871, 100, 474.49
2026/09/22 23:31:40.779, 0, 39085, 97871, 100, 477.67
2026/09/22 23:31:40.779, 1, 39085, 97871, 100, 481.51
2026/09/22 23:31:40.779, 2, 39085, 97871, 100, 477.33
2026/09/22 23:31:40.779, 3, 39085, 97871, 100, 473.63
2026/09/22 23:31:40.979, 0, 39085, 97871, 100, 477.04
2026/09/22 23:31:40.979, 1, 39085, 97871, 100, 481.02
2026/09/22 23:31:40.979, 2, 39085, 97871, 100, 478.18
2026/09/22 23:31:40.979, 3, 39085, 97871, 100, 473.47
2026/09/22 23:31:41.179, 0, 39085, 97871, 100, 481.79
2026/09/22 23:31:41.179, 1, 39085, 97871, 100, 484.50
2026/09/22 23:31:41.180, 2, 39085, 97871, 100, 479.55
2026/09/22 23:31:41.180, 3, 39085, 97871, 100, 476.52
2026/09/22 23:31:41.380, 0, 39085, 97871, 100, 498.86
2026/09/22 23:31:41.380, 1, 39085, 97871, 100, 493.16
2026/09/22 23:31:41.380, 2, 39085, 97871, 100, 498.19
2026/09/22 23:31:41.380, 3, 39085, 97871, 100, 498.42
2026/09/22 23:31:41.580, 0, 39085, 97871, 100, 482.07
2026/09/22 23:31:41.580, 1, 39085, 97871, 100, 492.52
2026/09/22 23:31:41.580, 2, 39085, 97871, 100, 478.89
2026/09/22 23:31:41.580, 3, 39085, 97871, 100, 477.03
2026/09/22 23:31:41.780, 0, 39085, 97871, 100, 477.57
2026/09/22 23:31:41.780, 1, 39085, 97871, 100, 478.62
2026/09/22 23:31:41.780, 2, 39085, 97871, 100, 478.41
2026/09/22 23:31:41.780, 3, 39085, 97871, 100, 477.61
2026/09/22 23:31:41.980, 0, 39085, 97871, 100, 476.95
2026/09/22 23:31:41.980, 1, 39085, 97871, 100, 478.73
2026/09/22 23:31:41.980, 2, 39085, 97871, 100, 478.30
2026/09/22 23:31:41.980, 3, 39085, 97871, 100, 477.81
2026/09/22 23:31:42.180, 0, 39085, 97871, 100, 477.44
2026/09/22 23:31:42.180, 1, 39085, 97871, 100, 480.03
2026/09/22 23:31:42.180, 2, 39085, 97871, 100, 477.67
2026/09/22 23:31:42.180, 3, 39085, 97871, 100, 477.27
2026/09/22 23:31:42.380, 0, 39085, 97871, 100, 480.23
2026/09/22 23:31:42.380, 1, 39085, 97871, 100, 484.33
2026/09/22 23:31:42.380, 2, 39085, 97871, 100, 478.99
2026/09/22 23:31:42.380, 3, 39085, 97871, 100, 479.27
2026/09/22 23:31:42.580, 0, 39085, 97871, 100, 496.70
2026/09/22 23:31:42.580, 1, 39085, 97871, 100, 490.67
2026/09/22 23:31:42.580, 2, 39085, 97871, 100, 498.14
2026/09/22 23:31:42.580, 3, 39085, 97871, 100, 499.27
2026/09/22 23:31:42.781, 0, 39085, 97871, 100, 489.75
2026/09/22 23:31:42.781, 1, 39085, 97871, 100, 499.68
2026/09/22 23:31:42.781, 2, 39085, 97871, 100, 480.81
2026/09/22 23:31:42.781, 3, 39085, 97871, 100, 483.69
2026/09/22 23:31:42.981, 0, 39085, 97871, 100, 477.19
2026/09/22 23:31:42.981, 1, 39085, 97871, 100, 480.02
2026/09/22 23:31:42.981, 2, 39085, 97871, 100, 476.45
2026/09/22 23:31:42.981, 3, 39085, 97871, 100, 477.61
2026/09/22 23:31:43.181, 0, 39085, 97871, 100, 477.75
2026/09/22 23:31:43.181, 1, 39085, 97871, 100, 478.84
2026/09/22 23:31:43.181, 2, 39085, 97871, 100, 476.63
2026/09/22 23:31:43.181, 3, 39085, 97871, 100, 478.31
2026/09/22 23:31:43.381, 0, 39085, 97871, 100, 477.00
2026/09/22 23:31:43.381, 1, 39085, 97871, 100, 478.74
2026/09/22 23:31:43.381, 2, 39085, 97871, 100, 476.62
2026/09/22 23:31:43.381, 3, 39085, 97871, 100, 478.15
2026/09/22 23:31:43.581, 0, 39085, 97871, 100, 480.10
2026/09/22 23:31:43.581, 1, 39085, 97871, 100, 482.82
2026/09/22 23:31:43.581, 2, 39085, 97871, 100, 478.08
2026/09/22 23:31:43.581, 3, 39085, 97871, 100, 480.16
2026/09/22 23:31:43.781, 0, 39085, 97871, 100, 490.05
2026/09/22 23:31:43.781, 1, 39085, 97871, 100, 489.23
2026/09/22 23:31:43.781, 2, 39085, 97871, 100, 492.64
2026/09/22 23:31:43.781, 3, 39085, 97871, 100, 491.81
2026/09/22 23:31:43.981, 0, 39085, 97871, 100, 497.18
2026/09/22 23:31:43.981, 1, 39085, 97871, 100, 500.25
2026/09/22 23:31:43.981, 2, 39085, 97871, 100, 489.84
2026/09/22 23:31:43.981, 3, 39085, 97871, 100, 491.90
2026/09/22 23:31:44.181, 0, 39085, 97871, 100, 477.82
2026/09/22 23:31:44.181, 1, 39085, 97871, 100, 479.39
2026/09/22 23:31:44.181, 2, 39085, 97871, 100, 477.92
2026/09/22 23:31:44.181, 3, 39085, 97871, 100, 477.66
2026/09/22 23:31:44.382, 0, 39085, 97871, 100, 477.56
2026/09/22 23:31:44.382, 1, 39085, 97871, 100, 477.66
2026/09/22 23:31:44.382, 2, 39085, 97871, 100, 477.18
2026/09/22 23:31:44.382, 3, 39085, 97871, 100, 477.71
2026/09/22 23:31:44.582, 0, 39085, 97871, 100, 477.94
2026/09/22 23:31:44.582, 1, 39085, 97871, 100, 478.50
2026/09/22 23:31:44.582, 2, 39085, 97871, 100, 476.27
2026/09/22 23:31:44.582, 3, 39085, 97871, 100, 478.24
2026/09/22 23:31:44.782, 0, 39085, 97871, 100, 479.42
2026/09/22 23:31:44.782, 1, 39085, 97871, 100, 480.61
2026/09/22 23:31:44.782, 2, 39085, 97871, 100, 476.22
2026/09/22 23:31:44.782, 3, 39085, 97871, 100, 478.97
2026/09/22 23:31:44.982, 0, 39085, 97871, 100, 483.77
2026/09/22 23:31:44.982, 1, 39085, 97871, 100, 489.16
2026/09/22 23:31:44.982, 2, 39085, 97871, 100, 486.61
2026/09/22 23:31:44.982, 3, 39085, 97871, 100, 485.12
2026/09/22 23:31:45.182, 0, 39085, 97871, 100, 500.20
2026/09/22 23:31:45.182, 1, 39085, 97871, 100, 501.72
2026/09/22 23:31:45.182, 2, 39085, 97871, 100, 493.43
2026/09/22 23:31:45.182, 3, 39085, 97871, 100, 498.32
2026/09/22 23:31:45.382, 0, 39085, 97871, 100, 477.64
2026/09/22 23:31:45.382, 1, 39085, 97871, 100, 483.59
2026/09/22 23:31:45.382, 2, 39085, 97871, 100, 475.87
2026/09/22 23:31:45.382, 3, 39085, 97871, 100, 477.53
2026/09/22 23:31:45.582, 0, 39085, 97871, 100, 477.16
2026/09/22 23:31:45.582, 1, 39085, 97871, 100, 477.06
2026/09/22 23:31:45.582, 2, 39085, 97871, 100, 477.48
2026/09/22 23:31:45.582, 3, 39085, 97871, 100, 475.94
2026/09/22 23:31:45.782, 0, 39085, 97871, 100, 476.28
2026/09/22 23:31:45.782, 1, 39085, 97871, 100, 477.98
2026/09/22 23:31:45.782, 2, 39085, 97871, 100, 477.03
2026/09/22 23:31:45.783, 3, 39085, 97871, 100, 476.64
2026/09/22 23:31:45.983, 0, 39085, 97871, 100, 476.85
2026/09/22 23:31:45.983, 1, 39085, 97871, 100, 478.34
2026/09/22 23:31:45.983, 2, 39085, 97871, 100, 478.70
2026/09/22 23:31:45.983, 3, 39085, 97871, 100, 478.04
2026/09/22 23:31:46.183, 0, 39085, 97871, 100, 482.27
2026/09/22 23:31:46.183, 1, 39085, 97871, 100, 488.75
2026/09/22 23:31:46.183, 2, 39085, 97871, 100, 481.68
2026/09/22 23:31:46.183, 3, 39085, 97871, 100, 480.27
2026/09/22 23:31:46.383, 0, 39085, 97871, 100, 499.90
2026/09/22 23:31:46.383, 1, 39085, 97871, 100, 498.18
2026/09/22 23:31:46.383, 2, 39085, 97871, 100, 500.46
2026/09/22 23:31:46.383, 3, 39085, 97871, 100, 498.65
2026/09/22 23:31:46.583, 0, 39085, 97871, 100, 481.25
2026/09/22 23:31:46.584, 1, 39085, 97871, 100, 493.73
2026/09/22 23:31:46.584, 2, 39085, 97871, 100, 479.53
2026/09/22 23:31:46.584, 3, 39085, 97871, 100, 480.04
2026/09/22 23:31:46.784, 0, 39085, 97871, 100, 479.36
2026/09/22 23:31:46.784, 1, 39085, 97871, 100, 480.23
2026/09/22 23:31:46.784, 2, 39085, 97871, 100, 479.39
2026/09/22 23:31:46.784, 3, 39085, 97871, 100, 479.88
2026/09/22 23:31:46.984, 0, 39085, 97871, 100, 479.10
2026/09/22 23:31:46.984, 1, 39085, 97871, 100, 479.47
2026/09/22 23:31:46.984, 2, 39085, 97871, 100, 479.13
2026/09/22 23:31:46.984, 3, 39085, 97871, 100, 479.39
2026/09/22 23:31:47.184, 0, 39085, 97871, 100, 479.42
2026/09/22 23:31:47.184, 1, 39085, 97871, 100, 479.66
2026/09/22 23:31:47.184, 2, 39085, 97871, 100, 479.41
2026/09/22 23:31:47.184, 3, 39085, 97871, 100, 480.33
2026/09/22 23:31:47.384, 0, 39085, 97871, 100, 484.89
2026/09/22 23:31:47.384, 1, 39085, 97871, 100, 489.34
2026/09/22 23:31:47.384, 2, 39085, 97871, 100, 482.11
2026/09/22 23:31:47.384, 3, 39085, 97871, 100, 485.11
2026/09/22 23:31:47.584, 0, 39085, 97871, 100, 499.82
2026/09/22 23:31:47.584, 1, 39085, 97871, 100, 491.85
2026/09/22 23:31:47.584, 2, 39085, 97871, 100, 500.38
2026/09/22 23:31:47.584, 3, 39085, 97871, 100, 500.59
2026/09/22 23:31:47.784, 0, 39085, 97871, 100, 489.82
2026/09/22 23:31:47.784, 1, 39085, 97871, 100, 499.60
2026/09/22 23:31:47.784, 2, 39085, 97871, 100, 481.87
2026/09/22 23:31:47.784, 3, 39085, 97871, 100, 481.86
2026/09/22 23:31:47.984, 0, 39085, 97871, 100, 478.71
2026/09/22 23:31:47.984, 1, 39085, 97871, 100, 479.46
2026/09/22 23:31:47.984, 2, 39085, 97871, 100, 480.74
2026/09/22 23:31:47.984, 3, 39085, 97871, 100, 476.70
2026/09/22 23:31:48.185, 0, 39085, 97871, 100, 478.51
2026/09/22 23:31:48.185, 1, 39085, 97871, 100, 477.17
2026/09/22 23:31:48.185, 2, 39085, 97871, 100, 480.70
2026/09/22 23:31:48.185, 3, 39085, 97871, 100, 476.15
2026/09/22 23:31:48.385, 0, 39085, 97871, 100, 478.07
2026/09/22 23:31:48.385, 1, 39085, 97871, 100, 478.35
2026/09/22 23:31:48.385, 2, 39085, 97871, 100, 480.15
2026/09/22 23:31:48.385, 3, 39085, 97871, 100, 476.56
2026/09/22 23:31:48.585, 0, 39085, 97871, 100, 483.58
2026/09/22 23:31:48.585, 1, 39085, 97871, 100, 485.70
2026/09/22 23:31:48.585, 2, 39085, 97871, 100, 482.99
2026/09/22 23:31:48.585, 3, 39085, 97871, 100, 482.39
2026/09/22 23:31:48.785, 0, 39085, 97871, 100, 490.15
2026/09/22 23:31:48.785, 1, 39085, 97871, 100, 491.22
2026/09/22 23:31:48.785, 2, 39085, 97871, 100, 499.89
2026/09/22 23:31:48.785, 3, 39085, 97871, 100, 495.95
2026/09/22 23:31:48.985, 0, 39085, 97871, 100, 497.34
2026/09/22 23:31:48.985, 1, 39085, 97871, 100, 501.86
2026/09/22 23:31:48.985, 2, 39085, 97871, 100, 483.82
2026/09/22 23:31:48.985, 3, 39085, 97871, 100, 488.60
2026/09/22 23:31:49.185, 0, 39085, 97871, 100, 478.27
2026/09/22 23:31:49.185, 1, 39085, 97871, 100, 481.60
2026/09/22 23:31:49.185, 2, 39085, 97871, 100, 479.95
2026/09/22 23:31:49.185, 3, 39085, 97871, 100, 479.20
2026/09/22 23:31:49.385, 0, 39085, 97871, 100, 477.11
2026/09/22 23:31:49.385, 1, 39085, 97871, 100, 478.28
2026/09/22 23:31:49.385, 2, 39085, 97871, 100, 480.72
2026/09/22 23:31:49.385, 3, 39085, 97871, 100, 478.61
2026/09/22 23:31:49.585, 0, 39085, 97871, 100, 476.97
2026/09/22 23:31:49.585, 1, 39085, 97871, 100, 477.82
2026/09/22 23:31:49.585, 2, 39085, 97871, 100, 480.39
2026/09/22 23:31:49.585, 3, 39085, 97871, 100, 478.10
2026/09/22 23:31:49.786, 0, 39085, 97871, 100, 480.42
2026/09/22 23:31:49.786, 1, 39085, 97871, 100, 481.24
2026/09/22 23:31:49.786, 2, 39085, 97871, 100, 483.02
2026/09/22 23:31:49.786, 3, 39085, 97871, 100, 484.11
2026/09/22 23:31:49.986, 0, 39085, 97871, 100, 484.89
2026/09/22 23:31:49.986, 1, 39085, 97871, 100, 492.50
2026/09/22 23:31:49.986, 2, 39085, 97871, 100, 495.55
2026/09/22 23:31:49.986, 3, 39085, 97871, 100, 490.34
2026/09/22 23:31:50.186, 0, 39085, 97871, 100, 499.77
2026/09/22 23:31:50.186, 1, 39085, 97871, 100, 501.47
2026/09/22 23:31:50.186, 2, 39085, 97871, 100, 490.30
2026/09/22 23:31:50.186, 3, 39085, 97871, 100, 494.41
2026/09/22 23:31:50.386, 0, 39085, 97871, 100, 480.09
2026/09/22 23:31:50.386, 1, 39085, 97871, 100, 488.15
2026/09/22 23:31:50.386, 2, 39085, 97871, 100, 477.68
2026/09/22 23:31:50.386, 3, 39085, 97871, 100, 477.17
2026/09/22 23:31:50.586, 0, 39085, 97871, 100, 480.02
2026/09/22 23:31:50.586, 1, 39085, 97871, 100, 478.44
2026/09/22 23:31:50.586, 2, 39085, 97871, 100, 476.94
2026/09/22 23:31:50.586, 3, 39085, 97871, 100, 476.81
2026/09/22 23:31:50.786, 0, 39085, 97871, 100, 479.45
2026/09/22 23:31:50.786, 1, 39085, 97871, 100, 476.02
2026/09/22 23:31:50.786, 2, 39085, 97871, 100, 476.70
2026/09/22 23:31:50.786, 3, 39085, 97871, 100, 476.95
2026/09/22 23:31:50.986, 0, 39085, 97871, 100, 480.85
2026/09/22 23:31:50.986, 1, 39085, 97871, 100, 477.08
2026/09/22 23:31:50.986, 2, 39085, 97871, 100, 477.78
2026/09/22 23:31:50.986, 3, 39085, 97871, 100, 481.41
2026/09/22 23:31:51.186, 0, 39085, 97871, 100, 487.39
2026/09/22 23:31:51.186, 1, 39085, 97871, 100, 490.95
2026/09/22 23:31:51.186, 2, 39085, 97871, 100, 489.35
2026/09/22 23:31:51.187, 3, 39085, 97871, 100, 487.61
2026/09/22 23:31:51.387, 0, 39085, 97871, 100, 501.20
2026/09/22 23:31:51.387, 1, 39085, 97871, 100, 495.60
2026/09/22 23:31:51.387, 2, 39085, 97871, 100, 496.01
2026/09/22 23:31:51.387, 3, 39085, 97871, 100, 499.54
2026/09/22 23:31:51.587, 0, 39085, 97871, 100, 480.10
2026/09/22 23:31:51.587, 1, 39085, 97871, 100, 495.49
2026/09/22 23:31:51.587, 2, 39085, 97871, 100, 478.55
2026/09/22 23:31:51.587, 3, 39085, 97871, 100, 479.92
2026/09/22 23:31:51.787, 0, 39085, 97871, 100, 477.14
2026/09/22 23:31:51.787, 1, 39085, 97871, 100, 478.06
2026/09/22 23:31:51.787, 2, 39085, 97871, 100, 478.96
2026/09/22 23:31:51.787, 3, 39085, 97871, 100, 479.45
2026/09/22 23:31:51.987, 0, 39085, 97871, 100, 477.60
2026/09/22 23:31:51.987, 1, 39085, 97871, 100, 477.07
2026/09/22 23:31:51.987, 2, 39085, 97871, 100, 480.38
2026/09/22 23:31:51.987, 3, 39085, 97871, 100, 478.66
2026/09/22 23:31:52.187, 0, 39085, 97871, 100, 477.36
2026/09/22 23:31:52.187, 1, 39085, 97871, 100, 477.05
2026/09/22 23:31:52.187, 2, 39085, 97871, 100, 481.36
2026/09/22 23:31:52.187, 3, 39085, 97871, 100, 481.99
2026/09/22 23:31:52.387, 0, 39085, 97871, 100, 484.80
2026/09/22 23:31:52.387, 1, 39085, 97871, 100, 487.20
2026/09/22 23:31:52.387, 2, 39085, 97871, 100, 486.25
2026/09/22 23:31:52.387, 3, 39085, 97871, 100, 489.12
2026/09/22 23:31:52.587, 0, 39085, 97871, 100, 500.42
2026/09/22 23:31:52.587, 1, 39085, 97871, 100, 488.64
2026/09/22 23:31:52.587, 2, 39085, 97871, 100, 500.51
2026/09/22 23:31:52.587, 3, 39085, 97871, 100, 500.94
2026/09/22 23:31:52.788, 0, 39085, 97871, 100, 490.35
2026/09/22 23:31:52.788, 1, 39085, 97871, 100, 499.46
2026/09/22 23:31:52.788, 2, 39085, 97871, 100, 480.46
2026/09/22 23:31:52.788, 3, 39085, 97871, 100, 479.45
2026/09/22 23:31:52.988, 0, 39085, 97871, 100, 478.08
2026/09/22 23:31:52.988, 1, 39085, 97871, 100, 476.99
2026/09/22 23:31:52.988, 2, 39085, 97871, 100, 479.61
2026/09/22 23:31:52.988, 3, 39085, 97871, 100, 478.50
2026/09/22 23:31:53.188, 0, 39085, 97871, 100, 478.24
2026/09/22 23:31:53.188, 1, 39085, 97871, 100, 474.88
2026/09/22 23:31:53.188, 2, 39085, 97871, 100, 478.51
2026/09/22 23:31:53.188, 3, 39085, 97871, 100, 478.17
2026/09/22 23:31:53.388, 0, 39085, 97871, 100, 478.27
2026/09/22 23:31:53.388, 1, 39085, 97871, 100, 475.03
2026/09/22 23:31:53.388, 2, 39085, 97871, 100, 479.15
2026/09/22 23:31:53.388, 3, 39085, 97871, 100, 478.47
2026/09/22 23:31:53.588, 0, 39085, 97871, 100, 484.80
2026/09/22 23:31:53.588, 1, 39085, 97871, 100, 483.60
2026/09/22 23:31:53.588, 2, 39085, 97871, 100, 482.79
2026/09/22 23:31:53.588, 3, 39085, 97871, 100, 485.92
2026/09/22 23:31:53.788, 0, 39085, 97871, 100, 493.04
2026/09/22 23:31:53.788, 1, 39085, 97871, 100, 492.31
2026/09/22 23:31:53.788, 2, 39085, 97871, 100, 499.63
2026/09/22 23:31:53.788, 3, 39085, 97871, 100, 497.39
2026/09/22 23:31:53.988, 0, 39085, 97871, 100, 497.66
2026/09/22 23:31:53.988, 1, 39085, 97871, 100, 501.79
2026/09/22 23:31:53.988, 2, 39085, 97871, 100, 481.06
2026/09/22 23:31:53.988, 3, 39085, 97871, 100, 490.62
2026/09/22 23:31:54.188, 0, 39085, 97871, 100, 480.36
2026/09/22 23:31:54.188, 1, 39085, 97871, 100, 484.47
2026/09/22 23:31:54.188, 2, 39085, 97871, 100, 480.64
2026/09/22 23:31:54.188, 3, 39085, 97871, 100, 479.27
2026/09/22 23:31:54.389, 0, 39085, 97871, 100, 479.63
2026/09/22 23:31:54.389, 1, 39085, 97871, 100, 478.48
2026/09/22 23:31:54.389, 2, 39085, 97871, 100, 480.96
2026/09/22 23:31:54.389, 3, 39085, 97871, 100, 479.14
2026/09/22 23:31:54.589, 0, 39085, 97871, 100, 479.89
2026/09/22 23:31:54.589, 1, 39085, 97871, 100, 478.07
2026/09/22 23:31:54.589, 2, 39085, 97871, 100, 480.84
2026/09/22 23:31:54.589, 3, 39085, 97871, 100, 479.21
2026/09/22 23:31:54.789, 0, 39085, 97871, 100, 483.83
2026/09/22 23:31:54.789, 1, 39085, 97871, 100, 479.39
2026/09/22 23:31:54.789, 2, 39085, 97871, 100, 483.87
2026/09/22 23:31:54.789, 3, 39085, 97871, 100, 486.72
2026/09/22 23:31:54.989, 0, 39085, 97871, 100, 487.14
2026/09/22 23:31:54.989, 1, 39085, 97871, 100, 493.13
2026/09/22 23:31:54.989, 2, 39085, 97871, 100, 498.07
2026/09/22 23:31:54.989, 3, 39085, 97871, 100, 489.03
2026/09/22 23:31:55.189, 0, 39085, 97871, 100, 500.16
2026/09/22 23:31:55.189, 1, 39085, 97871, 100, 500.55
2026/09/22 23:31:55.189, 2, 39085, 97871, 100, 484.07
2026/09/22 23:31:55.189, 3, 39085, 97871, 100, 496.12
2026/09/22 23:31:55.389, 0, 39085, 97871, 100, 477.36
2026/09/22 23:31:55.389, 1, 39085, 97871, 100, 493.80
2026/09/22 23:31:55.389, 2, 39085, 97871, 100, 476.76
2026/09/22 23:31:55.389, 3, 39085, 97871, 100, 477.03
2026/09/22 23:31:55.589, 0, 39085, 97871, 100, 477.37
2026/09/22 23:31:55.589, 1, 39085, 97871, 100, 478.09
2026/09/22 23:31:55.589, 2, 39085, 97871, 100, 476.79
2026/09/22 23:31:55.589, 3, 39085, 97871, 100, 476.09
2026/09/22 23:31:55.789, 0, 39085, 97871, 100, 477.14
2026/09/22 23:31:55.789, 1, 39085, 97871, 100, 476.92
2026/09/22 23:31:55.790, 2, 39085, 97871, 100, 477.13
2026/09/22 23:31:55.790, 3, 39085, 97871, 100, 476.72
2026/09/22 23:31:55.990, 0, 39085, 97871, 100, 480.00
2026/09/22 23:31:55.990, 1, 39085, 97871, 100, 477.07
2026/09/22 23:31:55.990, 2, 39085, 97871, 100, 481.93
2026/09/22 23:31:55.990, 3, 39085, 97871, 100, 482.73
2026/09/22 23:31:56.190, 0, 39085, 97871, 100, 487.23
2026/09/22 23:31:56.190, 1, 39085, 97871, 100, 489.24
2026/09/22 23:31:56.190, 2, 39085, 97871, 100, 491.39
2026/09/22 23:31:56.190, 3, 39085, 97871, 100, 486.40
2026/09/22 23:31:56.390, 0, 39085, 97871, 100, 500.12
2026/09/22 23:31:56.390, 1, 39085, 97871, 100, 491.57
2026/09/22 23:31:56.390, 2, 39085, 97871, 100, 494.49
2026/09/22 23:31:56.390, 3, 39085, 97871, 100, 500.08
2026/09/22 23:31:56.590, 0, 39085, 97871, 100, 482.06
2026/09/22 23:31:56.590, 1, 39085, 97871, 100, 501.50
2026/09/22 23:31:56.590, 2, 39085, 97871, 100, 479.06
2026/09/22 23:31:56.590, 3, 39085, 97871, 100, 477.85
2026/09/22 23:31:56.790, 0, 39085, 97871, 100, 478.22
2026/09/22 23:31:56.790, 1, 39085, 97871, 100, 479.10
2026/09/22 23:31:56.790, 2, 39085, 97871, 100, 478.65
2026/09/22 23:31:56.790, 3, 39085, 97871, 100, 476.60
2026/09/22 23:31:56.990, 0, 39085, 97871, 100, 478.49
2026/09/22 23:31:56.990, 1, 39085, 97871, 100, 477.14
2026/09/22 23:31:56.990, 2, 39085, 97871, 100, 477.99
2026/09/22 23:31:56.990, 3, 39085, 97871, 100, 476.16
2026/09/22 23:31:57.190, 0, 39085, 97871, 100, 478.38
2026/09/22 23:31:57.190, 1, 39085, 97871, 100, 475.54
2026/09/22 23:31:57.190, 2, 39085, 97871, 100, 480.07
2026/09/22 23:31:57.190, 3, 39085, 97871, 100, 478.84
2026/09/22 23:31:57.390, 0, 39085, 97871, 100, 488.99
2026/09/22 23:31:57.391, 1, 39085, 97871, 100, 484.33
2026/09/22 23:31:57.391, 2, 39085, 97871, 100, 483.55
2026/09/22 23:31:57.391, 3, 39085, 97871, 100, 487.27
2026/09/22 23:31:57.591, 0, 39085, 97871, 100, 496.33
2026/09/22 23:31:57.591, 1, 39085, 97871, 100, 490.95
2026/09/22 23:31:57.591, 2, 39085, 97871, 100, 499.24
2026/09/22 23:31:57.591, 3, 39085, 97871, 100, 501.32
2026/09/22 23:31:57.791, 0, 39085, 97871, 100, 492.25
2026/09/22 23:31:57.791, 1, 39085, 97871, 100, 501.19
2026/09/22 23:31:57.791, 2, 39085, 97871, 100, 478.99
2026/09/22 23:31:57.791, 3, 39085, 97871, 100, 482.95
2026/09/22 23:31:57.991, 0, 39085, 97871, 100, 479.01
2026/09/22 23:31:57.991, 1, 39085, 97871, 100, 478.68
2026/09/22 23:31:57.991, 2, 39085, 97871, 100, 479.62
2026/09/22 23:31:57.991, 3, 39085, 97871, 100, 479.89
2026/09/22 23:31:58.191, 0, 39085, 97871, 100, 478.60
2026/09/22 23:31:58.191, 1, 39085, 97871, 100, 476.84
2026/09/22 23:31:58.191, 2, 39085, 97871, 100, 479.74
2026/09/22 23:31:58.191, 3, 39085, 97871, 100, 480.70
2026/09/22 23:31:58.391, 0, 39085, 97871, 100, 478.84
2026/09/22 23:31:58.391, 1, 39085, 97871, 100, 474.95
2026/09/22 23:31:58.391, 2, 39085, 97871, 100, 481.77
2026/09/22 23:31:58.391, 3, 39085, 97871, 100, 479.84
2026/09/22 23:31:58.591, 0, 39085, 97871, 100, 486.30
2026/09/22 23:31:58.591, 1, 39085, 97871, 100, 476.77
2026/09/22 23:31:58.591, 2, 39085, 97871, 100, 485.45
2026/09/22 23:31:58.591, 3, 39085, 97871, 100, 489.57
2026/09/22 23:31:58.791, 0, 39085, 97871, 100, 488.58
2026/09/22 23:31:58.791, 1, 39085, 97871, 100, 489.48
2026/09/22 23:31:58.791, 2, 39085, 97871, 100, 499.48
2026/09/22 23:31:58.791, 3, 39085, 97871, 100, 494.67
2026/09/22 23:31:58.992, 0, 39085, 97871, 100, 497.10
2026/09/22 23:31:58.992, 1, 39085, 97871, 100, 496.75
2026/09/22 23:31:58.992, 2, 39085, 97871, 100, 476.04
2026/09/22 23:31:58.992, 3, 39085, 97871, 100, 490.98
2026/09/22 23:31:59.192, 0, 39085, 97871, 100, 474.10
2026/09/22 23:31:59.192, 1, 39085, 97871, 100, 488.79
2026/09/22 23:31:59.192, 2, 39085, 97871, 100, 475.98
2026/09/22 23:31:59.192, 3, 39085, 97871, 100, 475.52
2026/09/22 23:31:59.392, 0, 39085, 97871, 100, 473.75
2026/09/22 23:31:59.392, 1, 39085, 97871, 100, 476.25
2026/09/22 23:31:59.392, 2, 39085, 97871, 100, 476.29
2026/09/22 23:31:59.392, 3, 39085, 97871, 100, 475.61
2026/09/22 23:31:59.592, 0, 39085, 97871, 100, 473.69
2026/09/22 23:31:59.592, 1, 39085, 97871, 100, 477.04
2026/09/22 23:31:59.592, 2, 39085, 97871, 100, 476.75
2026/09/22 23:31:59.592, 3, 39085, 97871, 100, 475.09
2026/09/22 23:31:59.792, 0, 39085, 97871, 100, 482.29
2026/09/22 23:31:59.792, 1, 39085, 97871, 100, 477.52
2026/09/22 23:31:59.792, 2, 39085, 97871, 100, 485.80
2026/09/22 23:31:59.792, 3, 39085, 97871, 100, 486.36
2026/09/22 23:31:59.992, 0, 39085, 97871, 100, 485.23
2026/09/22 23:31:59.992, 1, 39085, 97871, 100, 489.77
2026/09/22 23:31:59.992, 2, 39085, 97871, 100, 500.67
2026/09/22 23:31:59.992, 3, 39085, 97871, 100, 489.16
2026/09/22 23:32:00.192, 0, 39085, 97871, 100, 500.88
2026/09/22 23:32:00.192, 1, 39085, 97871, 100, 493.75
2026/09/22 23:32:00.192, 2, 39085, 97871, 100, 485.92
2026/09/22 23:32:00.192, 3, 39085, 97871, 100, 499.59
2026/09/22 23:32:00.392, 0, 39085, 97871, 100, 480.46
2026/09/22 23:32:00.393, 1, 39085, 97871, 100, 498.49
2026/09/22 23:32:00.393, 2, 39085, 97871, 100, 478.43
2026/09/22 23:32:00.393, 3, 39085, 97871, 100, 476.88
2026/09/22 23:32:00.593, 0, 39085, 97871, 100, 479.71
2026/09/22 23:32:00.593, 1, 39085, 97871, 100, 479.30
2026/09/22 23:32:00.593, 2, 39085, 97871, 100, 478.20
2026/09/22 23:32:00.593, 3, 39085, 97871, 100, 475.97
2026/09/22 23:32:00.793, 0, 39085, 97871, 100, 479.74
2026/09/22 23:32:00.793, 1, 39085, 97871, 100, 477.64
2026/09/22 23:32:00.793, 2, 39085, 97871, 100, 477.32
2026/09/22 23:32:00.793, 3, 39085, 97871, 100, 474.59
2026/09/22 23:32:00.993, 0, 39085, 97871, 100, 483.56
2026/09/22 23:32:00.993, 1, 39085, 97871, 100, 477.99
2026/09/22 23:32:00.993, 2, 39085, 97871, 100, 486.54
2026/09/22 23:32:00.993, 3, 39085, 97871, 100, 479.71
2026/09/22 23:32:01.193, 0, 39085, 97871, 100, 490.46
2026/09/22 23:32:01.193, 1, 39085, 97871, 100, 487.25
2026/09/22 23:32:01.193, 2, 39085, 97871, 100, 496.77
2026/09/22 23:32:01.193, 3, 39085, 97871, 100, 485.70
2026/09/22 23:32:01.393, 0, 39085, 97871, 100, 500.79
2026/09/22 23:32:01.393, 1, 39085, 97871, 100, 490.51
2026/09/22 23:32:01.393, 2, 39085, 97871, 100, 493.25
2026/09/22 23:32:01.393, 3, 39085, 97871, 100, 499.06
2026/09/22 23:32:01.593, 0, 39085, 97871, 100, 480.23
2026/09/22 23:32:01.593, 1, 39085, 97871, 100, 499.33
2026/09/22 23:32:01.593, 2, 39085, 97871, 100, 475.41
2026/09/22 23:32:01.593, 3, 39085, 97871, 100, 475.99
2026/09/22 23:32:01.793, 0, 39085, 97871, 100, 476.21
2026/09/22 23:32:01.793, 1, 39085, 97871, 100, 479.86
2026/09/22 23:32:01.793, 2, 39085, 97871, 100, 475.93
2026/09/22 23:32:01.793, 3, 39085, 97871, 100, 476.04
2026/09/22 23:32:01.994, 0, 39085, 97871, 100, 476.99
2026/09/22 23:32:01.994, 1, 39085, 97871, 100, 478.11
2026/09/22 23:32:01.994, 2, 39085, 97871, 100, 476.23
2026/09/22 23:32:01.994, 3, 39085, 97871, 100, 475.45
2026/09/22 23:32:02.194, 0, 39085, 97871, 100, 477.81
2026/09/22 23:32:02.194, 1, 39085, 97871, 100, 478.88
2026/09/22 23:32:02.194, 2, 39085, 97871, 100, 483.08
2026/09/22 23:32:02.194, 3, 39085, 97871, 100, 476.85
2026/09/22 23:32:02.394, 0, 39085, 97871, 100, 489.07
2026/09/22 23:32:02.394, 1, 39085, 97871, 100, 484.15
2026/09/22 23:32:02.394, 2, 39085, 97871, 100, 490.10
2026/09/22 23:32:02.394, 3, 39085, 97871, 100, 487.16
2026/09/22 23:32:02.594, 0, 39085, 97871, 100, 496.93
2026/09/22 23:32:02.594, 1, 39085, 97871, 100, 495.82
2026/09/22 23:32:02.594, 2, 39085, 97871, 100, 501.57
2026/09/22 23:32:02.594, 3, 39085, 97871, 100, 500.09
2026/09/22 23:32:02.794, 0, 39085, 97871, 100, 491.05
2026/09/22 23:32:02.794, 1, 39085, 97871, 100, 500.88
2026/09/22 23:32:02.794, 2, 39085, 97871, 100, 478.94
2026/09/22 23:32:02.794, 3, 39085, 97871, 100, 483.24
2026/09/22 23:32:02.994, 0, 39085, 97871, 100, 476.47
2026/09/22 23:32:02.994, 1, 39085, 97871, 100, 486.17
2026/09/22 23:32:02.994, 2, 39085, 97871, 100, 478.14
2026/09/22 23:32:02.994, 3, 39085, 97871, 100, 475.96
2026/09/22 23:32:03.194, 0, 39085, 97871, 100, 475.50
2026/09/22 23:32:03.194, 1, 39085, 97871, 100, 478.03
2026/09/22 23:32:03.194, 2, 39085, 97871, 100, 476.84
2026/09/22 23:32:03.194, 3, 39085, 97871, 100, 476.79
2026/09/22 23:32:03.394, 0, 39085, 97871, 100, 475.80
2026/09/22 23:32:03.395, 1, 39085, 97871, 100, 476.16
2026/09/22 23:32:03.395, 2, 39085, 97871, 100, 481.98
2026/09/22 23:32:03.395, 3, 39085, 97871, 100, 476.15
2026/09/22 23:32:03.595, 0, 39085, 97871, 100, 486.37
2026/09/22 23:32:03.595, 1, 39085, 97871, 100, 476.84
2026/09/22 23:32:03.595, 2, 39085, 97871, 100, 486.99
2026/09/22 23:32:03.595, 3, 39085, 97871, 100, 487.14
2026/09/22 23:32:03.795, 0, 39085, 97871, 100, 492.37
2026/09/22 23:32:03.795, 1, 39085, 97871, 100, 492.91
2026/09/22 23:32:03.795, 2, 39085, 97871, 100, 499.56
2026/09/22 23:32:03.795, 3, 39085, 97871, 100, 496.28
2026/09/22 23:32:03.995, 0, 39085, 97871, 100, 498.31
2026/09/22 23:32:03.995, 1, 39085, 97871, 100, 496.58
2026/09/22 23:32:03.995, 2, 77485, 97871, 100, 476.80
2026/09/22 23:32:03.995, 3, 39085, 97871, 100, 493.71
2026/09/22 23:32:04.195, 0, 80621, 97871, 96, 460.88
2026/09/22 23:32:04.195, 1, 39085, 97871, 100, 494.85
2026/09/22 23:32:04.195, 2, 80621, 97871, 100, 410.33
2026/09/22 23:32:04.195, 3, 80621, 97871, 100, 450.31
2026/09/22 23:32:04.395, 0, 80621, 97871, 81, 393.18
2026/09/22 23:32:04.395, 1, 80621, 97871, 96, 461.43
2026/09/22 23:32:04.395, 2, 80621, 97871, 62, 346.76
2026/09/22 23:32:04.396, 3, 80621, 97871, 96, 385.75
2026/09/22 23:32:04.596, 0, 80621, 97871, 0, 317.08
2026/09/22 23:32:04.596, 1, 80621, 97871, 0, 390.60
2026/09/22 23:32:04.596, 2, 80621, 97871, 0, 272.61
2026/09/22 23:32:04.596, 3, 80621, 97871, 36, 305.87
2026/09/22 23:32:04.796, 0, 80621, 97871, 0, 247.19
2026/09/22 23:32:04.796, 1, 80621, 97871, 0, 311.09
2026/09/22 23:32:04.796, 2, 80621, 97871, 0, 211.60
2026/09/22 23:32:04.796, 3, 80621, 97871, 0, 237.24
2026/09/22 23:32:04.996, 0, 80621, 97871, 0, 183.06
2026/09/22 23:32:04.996, 1, 80621, 97871, 0, 248.32
2026/09/22 23:32:04.996, 2, 80621, 97871, 0, 156.16
2026/09/22 23:32:04.996, 3, 80621, 97871, 0, 170.46
2026/09/22 23:32:05.196, 0, 80621, 97871, 0, 140.94
2026/09/22 23:32:05.196, 1, 80621, 97871, 0, 184.50
2026/09/22 23:32:05.196, 2, 80621, 97871, 0, 139.81
2026/09/22 23:32:05.196, 3, 80621, 97871, 0, 136.52
2026/09/22 23:32:05.396, 0, 80621, 97871, 0, 130.16
2026/09/22 23:32:05.396, 1, 80621, 97871, 0, 139.11
2026/09/22 23:32:05.396, 2, 80621, 97871, 0, 129.56
2026/09/22 23:32:05.396, 3, 80621, 97871, 0, 126.41
2026/09/22 23:32:05.596, 0, 80621, 97871, 0, 127.71
2026/09/22 23:32:05.596, 1, 80621, 97871, 0, 134.84
2026/09/22 23:32:05.596, 2, 80621, 97871, 0, 127.99
2026/09/22 23:32:05.596, 3, 80621, 97871, 0, 126.18
2026/09/22 23:32:05.796, 0, 80621, 97871, 0, 127.30
2026/09/22 23:32:05.796, 1, 80621, 97871, 0, 134.37
2026/09/22 23:32:05.797, 2, 80621, 97871, 0, 127.57
2026/09/22 23:32:05.797, 3, 80621, 97871, 0, 126.05
2026/09/22 23:32:05.997, 0, 80621, 97871, 0, 126.99
2026/09/22 23:32:05.997, 1, 80621, 97871, 0, 133.98
2026/09/22 23:32:05.997, 2, 80621, 97871, 0, 127.28
2026/09/22 23:32:05.997, 3, 80621, 97871, 0, 125.92
2026/09/22 23:32:06.197, 0, 80621, 97871, 0, 126.74
2026/09/22 23:32:06.197, 1, 80621, 97871, 0, 133.66
2026/09/22 23:32:06.197, 2, 80621, 97871, 0, 127.04
2026/09/22 23:32:06.197, 3, 80621, 97871, 0, 125.81
2026/09/22 23:32:06.397, 0, 80621, 97871, 0, 126.56
2026/09/22 23:32:06.397, 1, 80621, 97871, 0, 133.39
2026/09/22 23:32:06.397, 2, 80621, 97871, 0, 126.86
2026/09/22 23:32:06.397, 3, 80621, 97871, 0, 125.72
2026/09/22 23:32:06.597, 0, 80621, 97871, 0, 126.40
2026/09/22 23:32:06.597, 1, 80621, 97871, 0, 133.21
2026/09/22 23:32:06.597, 2, 80621, 97871, 0, 126.74
2026/09/22 23:32:06.597, 3, 80621, 97871, 0, 125.64
2026/09/22 23:32:06.797, 0, 80621, 97871, 0, 126.28
2026/09/22 23:32:06.797, 1, 80621, 97871, 0, 133.03
2026/09/22 23:32:06.797, 2, 80621, 97871, 0, 126.62
2026/09/22 23:32:06.797, 3, 80621, 97871, 0, 125.56
2026/09/22 23:32:06.997, 0, 80621, 97871, 0, 126.18
2026/09/22 23:32:06.997, 1, 80621, 97871, 0, 132.91
2026/09/22 23:32:06.997, 2, 80621, 97871, 0, 126.51
2026/09/22 23:32:06.997, 3, 80621, 97871, 0, 125.48
2026/09/22 23:32:07.197, 0, 80621, 97871, 0, 126.11
2026/09/22 23:32:07.197, 1, 80621, 97871, 0, 132.78
2026/09/22 23:32:07.197, 2, 80621, 97871, 0, 126.40
2026/09/22 23:32:07.198, 3, 80621, 97871, 0, 125.42
2026/09/22 23:32:07.398, 0, 80621, 97871, 0, 126.03
2026/09/22 23:32:07.398, 1, 80621, 97871, 0, 132.68
2026/09/22 23:32:07.398, 2, 80621, 97871, 0, 126.31
2026/09/22 23:32:07.398, 3, 80621, 97871, 0, 125.35
2026/09/22 23:32:07.598, 0, 80621, 97871, 0, 125.95
2026/09/22 23:32:07.598, 1, 80621, 97871, 0, 132.55
2026/09/22 23:32:07.598, 2, 80621, 97871, 0, 126.25
2026/09/22 23:32:07.598, 3, 80621, 97871, 0, 125.28
2026/09/22 23:32:07.798, 0, 80621, 97871, 0, 125.89
2026/09/22 23:32:07.798, 1, 80621, 97871, 0, 132.50
2026/09/22 23:32:07.798, 2, 80621, 97871, 0, 126.18
2026/09/22 23:32:07.798, 3, 80621, 97871, 0, 125.21
2026/09/22 23:32:07.998, 0, 80621, 97871, 0, 125.82
2026/09/22 23:32:07.998, 1, 80621, 97871, 0, 132.40
2026/09/22 23:32:07.998, 2, 80621, 97871, 0, 126.12
2026/09/22 23:32:07.998, 3, 80621, 97871, 0, 125.18
2026/09/22 23:32:08.198, 0, 80621, 97871, 0, 125.74
2026/09/22 23:32:08.198, 1, 80621, 97871, 0, 132.32
2026/09/22 23:32:08.198, 2, 80621, 97871, 0, 126.04
2026/09/22 23:32:08.198, 3, 80621, 97871, 0, 125.12
2026/09/22 23:32:08.398, 0, 80621, 97871, 0, 125.68
2026/09/22 23:32:08.398, 1, 80621, 97871, 0, 132.27
2026/09/22 23:32:08.398, 2, 80621, 97871, 0, 125.98
2026/09/22 23:32:08.398, 3, 80621, 97871, 0, 125.07
2026/09/22 23:32:08.598, 0, 80621, 97871, 0, 125.62
2026/09/22 23:32:08.598, 1, 80621, 97871, 0, 132.21
2026/09/22 23:32:08.598, 2, 80621, 97871, 0, 125.90
2026/09/22 23:32:08.598, 3, 80621, 97871, 0, 125.03
2026/09/22 23:32:08.799, 0, 80621, 97871, 0, 125.58
2026/09/22 23:32:08.799, 1, 80621, 97871, 0, 132.14
2026/09/22 23:32:08.799, 2, 80621, 97871, 0, 125.82
2026/09/22 23:32:08.799, 3, 80621, 97871, 0, 125.00
2026/09/22 23:32:08.999, 0, 80621, 97871, 0, 125.51
2026/09/22 23:32:08.999, 1, 80621, 97871, 0, 132.09
2026/09/22 23:32:08.999, 2, 80621, 97871, 0, 125.76
2026/09/22 23:32:08.999, 3, 80621, 97871, 0, 124.97
2026/09/22 23:32:09.199, 0, 80621, 97871, 0, 125.46
2026/09/22 23:32:09.199, 1, 80621, 97871, 0, 132.05
2026/09/22 23:32:09.199, 2, 80621, 97871, 0, 125.70
2026/09/22 23:32:09.199, 3, 80621, 97871, 0, 124.91
2026/09/22 23:32:09.399, 0, 80621, 97871, 0, 125.40
2026/09/22 23:32:09.399, 1, 80621, 97871, 0, 131.99
2026/09/22 23:32:09.399, 2, 80621, 97871, 0, 125.64
2026/09/22 23:32:09.399, 3, 80621, 97871, 0, 124.88
2026/09/22 23:32:09.599, 0, 80621, 97871, 0, 125.35
2026/09/22 23:32:09.599, 1, 80621, 97871, 0, 131.94
2026/09/22 23:32:09.599, 2, 80621, 97871, 0, 125.59
2026/09/22 23:32:09.599, 3, 80621, 97871, 0, 124.85
2026/09/22 23:32:09.799, 0, 80621, 97871, 0, 125.28
2026/09/22 23:32:09.799, 1, 80621, 97871, 0, 131.90
2026/09/22 23:32:09.799, 2, 80621, 97871, 0, 125.56
2026/09/22 23:32:09.799, 3, 80621, 97871, 0, 124.81
2026/09/22 23:32:09.999, 0, 80621, 97871, 0, 125.25
2026/09/22 23:32:10.000, 1, 80621, 97871, 0, 131.83
2026/09/22 23:32:10.000, 2, 80621, 97871, 0, 125.53
2026/09/22 23:32:10.000, 3, 80621, 97871, 0, 124.75
2026/09/22 23:32:10.200, 0, 80621, 97871, 0, 125.20
2026/09/22 23:32:10.200, 1, 80621, 97871, 0, 131.78
2026/09/22 23:32:10.200, 2, 80621, 97871, 0, 125.50
2026/09/22 23:32:10.200, 3, 80621, 97871, 0, 124.74
2026/09/22 23:32:10.400, 0, 80621, 97871, 0, 125.16
2026/09/22 23:32:10.400, 1, 80621, 97871, 0, 131.72
2026/09/22 23:32:10.400, 2, 80621, 97871, 0, 125.46
2026/09/22 23:32:10.400, 3, 80621, 97871, 0, 124.71
2026/09/22 23:32:10.600, 0, 80621, 97871, 0, 125.11
2026/09/22 23:32:10.600, 1, 80621, 97871, 0, 131.66
2026/09/22 23:32:10.600, 2, 80621, 97871, 0, 125.44
2026/09/22 23:32:10.600, 3, 80621, 97871, 0, 124.69
2026/09/22 23:32:10.800, 0, 80621, 97871, 0, 125.04
2026/09/22 23:32:10.800, 1, 80621, 97871, 0, 131.60
2026/09/22 23:32:10.801, 2, 80621, 97871, 0, 125.41
2026/09/22 23:32:10.801, 3, 80621, 97871, 0, 124.65
2026/09/22 23:32:11.001, 0, 80621, 97871, 0, 125.00
2026/09/22 23:32:11.001, 1, 80621, 97871, 0, 131.55
2026/09/22 23:32:11.001, 2, 80621, 97871, 0, 125.37
2026/09/22 23:32:11.001, 3, 80621, 97871, 0, 124.65
2026/09/22 23:32:11.201, 0, 80621, 97871, 0, 124.96
2026/09/22 23:32:11.201, 1, 80621, 97871, 0, 131.50
2026/09/22 23:32:11.201, 2, 80621, 97871, 0, 125.32
2026/09/22 23:32:11.201, 3, 80621, 97871, 0, 124.56
2026/09/22 23:32:11.401, 0, 80621, 97871, 0, 124.93
2026/09/22 23:32:11.401, 1, 80621, 97871, 0, 131.47
2026/09/22 23:32:11.401, 2, 80621, 97871, 0, 125.29
2026/09/22 23:32:11.401, 3, 80621, 97871, 0, 124.41
2026/09/22 23:32:11.601, 0, 80621, 97871, 0, 124.88
2026/09/22 23:32:11.601, 1, 80621, 97871, 0, 131.44
2026/09/22 23:32:11.601, 2, 80621, 97871, 0, 125.24
2026/09/22 23:32:11.601, 3, 80621, 97871, 0, 124.26
2026/09/22 23:32:11.801, 0, 80621, 97871, 0, 124.86
2026/09/22 23:32:11.801, 1, 80621, 97871, 0, 131.41
2026/09/22 23:32:11.801, 2, 80621, 97871, 0, 125.20
2026/09/22 23:32:11.801, 3, 80621, 97871, 0, 124.12
2026/09/22 23:32:12.001, 0, 80621, 97871, 0, 124.80
2026/09/22 23:32:12.001, 1, 80621, 97871, 0, 131.38
2026/09/22 23:32:12.001, 2, 80621, 97871, 0, 125.16
2026/09/22 23:32:12.001, 3, 80621, 97871, 0, 123.94
2026/09/22 23:32:12.201, 0, 80621, 97871, 0, 124.60
2026/09/22 23:32:12.202, 1, 80621, 97871, 0, 131.35
2026/09/22 23:32:12.202, 2, 80621, 97871, 0, 125.14
2026/09/22 23:32:12.202, 3, 80621, 97871, 0, 123.86
2026/09/22 23:32:12.402, 0, 80621, 97871, 0, 124.43
2026/09/22 23:32:12.402, 1, 80621, 97871, 0, 131.30
2026/09/22 23:32:12.402, 2, 80621, 97871, 0, 125.09
2026/09/22 23:32:12.402, 3, 80621, 97871, 0, 123.80
2026/09/22 23:32:12.602, 0, 80621, 97871, 0, 124.31
2026/09/22 23:32:12.602, 1, 80621, 97871, 0, 131.27
2026/09/22 23:32:12.602, 2, 80621, 97871, 0, 125.08
2026/09/22 23:32:12.602, 3, 80621, 97871, 0, 123.74
2026/09/22 23:32:12.802, 0, 80621, 97871, 0, 124.16
2026/09/22 23:32:12.802, 1, 80621, 97871, 0, 131.23
2026/09/22 23:32:12.802, 2, 80621, 97871, 0, 125.05
2026/09/22 23:32:12.802, 3, 80621, 97871, 0, 123.71
2026/09/22 23:32:13.002, 0, 80621, 97871, 0, 124.01
2026/09/22 23:32:13.002, 1, 80621, 97871, 0, 131.21
2026/09/22 23:32:13.002, 2, 80621, 97871, 0, 125.04
2026/09/22 23:32:13.002, 3, 80621, 97871, 0, 123.67
2026/09/22 23:32:13.202, 0, 80621, 97871, 0, 124.05
2026/09/22 23:32:13.202, 1, 80621, 97871, 0, 131.16
2026/09/22 23:32:13.202, 2, 80621, 97871, 0, 125.00
2026/09/22 23:32:13.202, 3, 80621, 97871, 0, 123.63
2026/09/22 23:32:13.402, 0, 80621, 97871, 0, 124.02
2026/09/22 23:32:13.402, 1, 80621, 97871, 0, 131.12
2026/09/22 23:32:13.402, 2, 80621, 97871, 0, 124.99
2026/09/22 23:32:13.402, 3, 80621, 97871, 0, 123.62
2026/09/22 23:32:13.602, 0, 80621, 97871, 0, 123.96
2026/09/22 23:32:13.602, 1, 80621, 97871, 0, 131.09
2026/09/22 23:32:13.603, 2, 80621, 97871, 0, 124.95
2026/09/22 23:32:13.603, 3, 80621, 97871, 0, 123.60
2026/09/22 23:32:13.803, 0, 80621, 97871, 0, 123.95
2026/09/22 23:32:13.803, 1, 80621, 97871, 0, 131.07
2026/09/22 23:32:13.803, 2, 80621, 97871, 0, 124.93
2026/09/22 23:32:13.803, 3, 80621, 97871, 0, 123.57
2026/09/22 23:32:14.003, 0, 80621, 97871, 0, 123.96
2026/09/22 23:32:14.003, 1, 80621, 97871, 0, 131.02
2026/09/22 23:32:14.003, 2, 80621, 97871, 0, 124.89
2026/09/22 23:32:14.003, 3, 80621, 97871, 0, 123.54
2026/09/22 23:32:14.203, 0, 80621, 97871, 0, 123.92
2026/09/22 23:32:14.203, 1, 80621, 97871, 0, 130.99
2026/09/22 23:32:14.203, 2, 80621, 97871, 0, 124.86
2026/09/22 23:32:14.203, 3, 80621, 97871, 0, 123.52
2026/09/22 23:32:14.403, 0, 80621, 97871, 0, 123.91
2026/09/22 23:32:14.403, 1, 80621, 97871, 0, 130.99
2026/09/22 23:32:14.403, 2, 80621, 97871, 0, 124.82
2026/09/22 23:32:14.403, 3, 80621, 97871, 0, 123.49
2026/09/22 23:32:14.603, 0, 80621, 97871, 0, 123.89
2026/09/22 23:32:14.603, 1, 80621, 97871, 0, 130.85
2026/09/22 23:32:14.603, 2, 80621, 97871, 0, 124.80
2026/09/22 23:32:14.603, 3, 80621, 97871, 0, 123.46
2026/09/22 23:32:14.803, 0, 80621, 97871, 0, 123.84
2026/09/22 23:32:14.803, 1, 80621, 97871, 0, 130.66
2026/09/22 23:32:14.803, 2, 80621, 97871, 0, 124.74
2026/09/22 23:32:14.803, 3, 80621, 97871, 0, 123.46
2026/09/22 23:32:15.004, 0, 80621, 97871, 0, 123.81
2026/09/22 23:32:15.004, 1, 80621, 97871, 0, 130.52
2026/09/22 23:32:15.004, 2, 80621, 97871, 0, 124.71
2026/09/22 23:32:15.004, 3, 80621, 97871, 0, 123.46
2026/09/22 23:32:15.204, 0, 80621, 97871, 0, 123.78
2026/09/22 23:32:15.204, 1, 80621, 97871, 0, 130.35
2026/09/22 23:32:15.204, 2, 80621, 97871, 0, 124.67
2026/09/22 23:32:15.204, 3, 80621, 97871, 0, 123.44
2026/09/22 23:32:15.404, 0, 80621, 97871, 0, 123.72
2026/09/22 23:32:15.404, 1, 80621, 97871, 0, 130.16
2026/09/22 23:32:15.404, 2, 80621, 97871, 0, 124.64
2026/09/22 23:32:15.404, 3, 80621, 97871, 0, 123.42
2026/09/22 23:32:15.604, 0, 80621, 97871, 0, 123.71
2026/09/22 23:32:15.604, 1, 80621, 97871, 0, 130.12
2026/09/22 23:32:15.604, 2, 80621, 97871, 0, 124.61
2026/09/22 23:32:15.604, 3, 80621, 97871, 0, 123.42
2026/09/22 23:32:15.804, 0, 80621, 97871, 0, 123.67
2026/09/22 23:32:15.804, 1, 80621, 97871, 0, 130.10
2026/09/22 23:32:15.804, 2, 80621, 97871, 0, 124.59
2026/09/22 23:32:15.804, 3, 80621, 97871, 0, 123.41
2026/09/22 23:32:16.004, 0, 80621, 97871, 0, 123.62
2026/09/22 23:32:16.005, 1, 80621, 97871, 0, 130.07
2026/09/22 23:32:16.005, 2, 80621, 97871, 0, 124.56
2026/09/22 23:32:16.005, 3, 80621, 97871, 0, 123.39
2026/09/22 23:32:16.205, 0, 80621, 97871, 0, 123.62
2026/09/22 23:32:16.205, 1, 80621, 97871, 0, 130.07
2026/09/22 23:32:16.205, 2, 80621, 97871, 0, 124.52
2026/09/22 23:32:16.205, 3, 80621, 97871, 0, 123.36
2026/09/22 23:32:16.405, 0, 80621, 97871, 0, 123.56
2026/09/22 23:32:16.405, 1, 80621, 97871, 0, 130.02
2026/09/22 23:32:16.405, 2, 80621, 97871, 0, 124.51
2026/09/22 23:32:16.405, 3, 80621, 97871, 0, 123.37
2026/09/22 23:32:16.605, 0, 80621, 97871, 0, 123.53
2026/09/22 23:32:16.605, 1, 80621, 97871, 0, 129.97
2026/09/22 23:32:16.605, 2, 80621, 97871, 0, 124.49
2026/09/22 23:32:16.605, 3, 80621, 97871, 0, 123.33
2026/09/22 23:32:16.805, 0, 80621, 97871, 0, 123.52
2026/09/22 23:32:16.805, 1, 80621, 97871, 0, 129.96
2026/09/22 23:32:16.805, 2, 80621, 97871, 0, 124.48
2026/09/22 23:32:16.805, 3, 80621, 97871, 0, 123.31
2026/09/22 23:32:17.005, 0, 80621, 97871, 0, 123.49
2026/09/22 23:32:17.005, 1, 80621, 97871, 0, 129.93
2026/09/22 23:32:17.005, 2, 80621, 97871, 0, 124.48
2026/09/22 23:32:17.005, 3, 80621, 97871, 0, 123.27
2026/09/22 23:32:17.206, 0, 80621, 97871, 0, 123.41
2026/09/22 23:32:17.206, 1, 80621, 97871, 0, 129.84
2026/09/22 23:32:17.206, 2, 80621, 97871, 0, 124.47
2026/09/22 23:32:17.206, 3, 80621, 97871, 0, 123.27
2026/09/22 23:32:17.406, 0, 80621, 97871, 0, 123.40
2026/09/22 23:32:17.406, 1, 80621, 97871, 0, 129.81
2026/09/22 23:32:17.406, 2, 80621, 97871, 0, 124.44
2026/09/22 23:32:17.406, 3, 80621, 97871, 0, 123.23
2026/09/22 23:32:17.606, 0, 80621, 97871, 0, 123.37
2026/09/22 23:32:17.606, 1, 80621, 97871, 0, 129.78
2026/09/22 23:32:17.606, 2, 80621, 97871, 0, 124.42
2026/09/22 23:32:17.606, 3, 80621, 97871, 0, 123.19
2026/09/22 23:32:17.806, 0, 80621, 97871, 0, 123.33
2026/09/22 23:32:17.806, 1, 80621, 97871, 0, 129.73
2026/09/22 23:32:17.806, 2, 80621, 97871, 0, 124.40
2026/09/22 23:32:17.806, 3, 80621, 97871, 0, 123.16
2026/09/22 23:32:18.007, 0, 80621, 97871, 0, 123.31
2026/09/22 23:32:18.007, 1, 80621, 97871, 0, 129.69
2026/09/22 23:32:18.007, 2, 80621, 97871, 0, 124.36
2026/09/22 23:32:18.007, 3, 80621, 97871, 0, 123.17
2026/09/22 23:32:18.207, 0, 80621, 97871, 0, 123.31
2026/09/22 23:32:18.207, 1, 80621, 97871, 0, 129.71
2026/09/22 23:32:18.207, 2, 80621, 97871, 0, 124.34
2026/09/22 23:32:18.207, 3, 80621, 97871, 0, 123.14
2026/09/22 23:32:18.407, 0, 80621, 97871, 0, 123.30
2026/09/22 23:32:18.407, 1, 80621, 97871, 0, 129.71
2026/09/22 23:32:18.407, 2, 80621, 97871, 0, 124.30
2026/09/22 23:32:18.407, 3, 80621, 97871, 0, 123.09
2026/09/22 23:32:18.607, 0, 80621, 97871, 0, 123.28
2026/09/22 23:32:18.607, 1, 80621, 97871, 0, 129.71
2026/09/22 23:32:18.607, 2, 80621, 97871, 0, 124.28
2026/09/22 23:32:18.607, 3, 80621, 97871, 0, 123.06
2026/09/22 23:32:18.808, 0, 80621, 97871, 0, 123.25
2026/09/22 23:32:18.808, 1, 80621, 97871, 0, 129.70
2026/09/22 23:32:18.808, 2, 80621, 97871, 0, 124.27
2026/09/22 23:32:18.808, 3, 80621, 97871, 0, 123.03
2026/09/22 23:32:19.008, 0, 80621, 97871, 0, 123.22
2026/09/22 23:32:19.008, 1, 80621, 97871, 0, 129.67
2026/09/22 23:32:19.008, 2, 80621, 97871, 0, 124.26
2026/09/22 23:32:19.008, 3, 80621, 97871, 0, 122.98
2026/09/22 23:32:19.208, 0, 80621, 97871, 0, 123.20
2026/09/22 23:32:19.208, 1, 80621, 97871, 0, 129.65
2026/09/22 23:32:19.208, 2, 80621, 97871, 0, 124.26
2026/09/22 23:32:19.208, 3, 80621, 97871, 0, 122.94
2026/09/22 23:32:19.408, 0, 80621, 97871, 0, 123.18
2026/09/22 23:32:19.408, 1, 80621, 97871, 0, 129.60
2026/09/22 23:32:19.408, 2, 80621, 97871, 0, 124.25
2026/09/22 23:32:19.408, 3, 80621, 97871, 0, 122.92
2026/09/22 23:32:19.608, 0, 80621, 97871, 0, 123.15
2026/09/22 23:32:19.608, 1, 80621, 97871, 0, 129.57
2026/09/22 23:32:19.608, 2, 80621, 97871, 0, 124.22
2026/09/22 23:32:19.608, 3, 80621, 97871, 0, 122.90
2026/09/22 23:32:19.809, 0, 80621, 97871, 0, 123.15
2026/09/22 23:32:19.809, 1, 80621, 97871, 0, 129.53
2026/09/22 23:32:19.809, 2, 80621, 97871, 0, 124.17
2026/09/22 23:32:19.809, 3, 80621, 97871, 0, 122.87
2026/09/22 23:32:20.009, 0, 80621, 97871, 0, 123.10
2026/09/22 23:32:20.009, 1, 80621, 97871, 0, 129.51
2026/09/22 23:32:20.009, 2, 80621, 97871, 0, 124.17
2026/09/22 23:32:20.009, 3, 80621, 97871, 0, 122.84
2026/09/22 23:32:20.209, 0, 80621, 97871, 0, 123.10
2026/09/22 23:32:20.209, 1, 80621, 97871, 0, 129.48
2026/09/22 23:32:20.209, 2, 80621, 97871, 0, 124.12
2026/09/22 23:32:20.209, 3, 80621, 97871, 0, 122.83
2026/09/22 23:32:20.409, 0, 80621, 97871, 0, 123.10
2026/09/22 23:32:20.409, 1, 80621, 97871, 0, 129.46
2026/09/22 23:32:20.409, 2, 80621, 97871, 0, 124.11
2026/09/22 23:32:20.409, 3, 80621, 97871, 0, 122.84
2026/09/22 23:32:20.610, 0, 80621, 97871, 0, 123.04
2026/09/22 23:32:20.610, 1, 80621, 97871, 0, 129.44
2026/09/22 23:32:20.610, 2, 80621, 97871, 0, 124.09
2026/09/22 23:32:20.610, 3, 80621, 97871, 0, 122.81
2026/09/22 23:32:20.810, 0, 80621, 97871, 0, 123.04
2026/09/22 23:32:20.810, 1, 80621, 97871, 0, 129.41
2026/09/22 23:32:20.810, 2, 80621, 97871, 0, 124.09
2026/09/22 23:32:20.810, 3, 80621, 97871, 0, 122.80
2026/09/22 23:32:21.010, 0, 80621, 97871, 0, 124.00
2026/09/22 23:32:21.010, 1, 81679, 97871, 78, 138.99
2026/09/22 23:32:21.010, 2, 80621, 97871, 0, 125.47
2026/09/22 23:32:21.010, 3, 80621, 97871, 0, 122.80
2026/09/22 23:32:21.210, 0, 80621, 97871, 0, 123.96
2026/09/22 23:32:21.210, 1, 81679, 97871, 100, 139.33
2026/09/22 23:32:21.210, 2, 80621, 97871, 0, 125.48
2026/09/22 23:32:21.210, 3, 80621, 97871, 0, 122.79
2026/09/22 23:32:21.410, 0, 80621, 97871, 0, 123.92
2026/09/22 23:32:21.410, 1, 81679, 97871, 100, 139.81
2026/09/22 23:32:21.411, 2, 80621, 97871, 0, 125.46
2026/09/22 23:32:21.411, 3, 80621, 97871, 0, 122.74
2026/09/22 23:32:21.611, 0, 80621, 97871, 0, 123.92
2026/09/22 23:32:21.611, 1, 81679, 97871, 100, 140.30
2026/09/22 23:32:21.611, 2, 80621, 97871, 0, 125.44
2026/09/22 23:32:21.611, 3, 80621, 97871, 0, 122.71
2026/09/22 23:32:21.811, 0, 80621, 97871, 0, 123.89
2026/09/22 23:32:21.811, 1, 81679, 97871, 100, 140.79
2026/09/22 23:32:21.811, 2, 80621, 97871, 0, 125.39
2026/09/22 23:32:21.811, 3, 80621, 97871, 0, 122.67
2026/09/22 23:32:22.011, 0, 80621, 97871, 0, 122.92
2026/09/22 23:32:22.011, 1, 81679, 97871, 100, 131.95
2026/09/22 23:32:22.011, 2, 80621, 97871, 0, 123.92
2026/09/22 23:32:22.011, 3, 80621, 97871, 0, 122.62
2026/09/22 23:32:22.211, 0, 80621, 97871, 0, 122.90
2026/09/22 23:32:22.211, 1, 81679, 97871, 100, 131.83
2026/09/22 23:32:22.211, 2, 80621, 97871, 0, 123.89
2026/09/22 23:32:22.211, 3, 80621, 97871, 0, 122.61
2026/09/22 23:32:22.411, 0, 80621, 97871, 0, 122.87
2026/09/22 23:32:22.412, 1, 81679, 97871, 100, 131.77
2026/09/22 23:32:22.412, 2, 80621, 97871, 0, 123.86
2026/09/22 23:32:22.412, 3, 80621, 97871, 0, 122.59
2026/09/22 23:32:22.612, 0, 80621, 97871, 0, 122.83
2026/09/22 23:32:22.612, 1, 81679, 97871, 100, 131.75
2026/09/22 23:32:22.612, 2, 80621, 97871, 0, 123.84
2026/09/22 23:32:22.612, 3, 80621, 97871, 0, 122.60
2026/09/22 23:32:22.812, 0, 80621, 97871, 0, 122.81
2026/09/22 23:32:22.812, 1, 81679, 97871, 100, 131.71
2026/09/22 23:32:22.812, 2, 80621, 97871, 0, 123.82
2026/09/22 23:32:22.812, 3, 80621, 97871, 0, 122.58
2026/09/22 23:32:23.012, 0, 80621, 97871, 0, 122.77
2026/09/22 23:32:23.012, 1, 81679, 97871, 100, 131.66
2026/09/22 23:32:23.012, 2, 80621, 97871, 0, 123.82
2026/09/22 23:32:23.012, 3, 80621, 97871, 0, 122.56
2026/09/22 23:32:23.212, 0, 80621, 97871, 0, 122.75
2026/09/22 23:32:23.212, 1, 81679, 97871, 100, 131.60
2026/09/22 23:32:23.212, 2, 80621, 97871, 0, 123.81
2026/09/22 23:32:23.212, 3, 80621, 97871, 0, 122.53
2026/09/22 23:32:23.412, 0, 80621, 97871, 0, 122.73
2026/09/22 23:32:23.412, 1, 81679, 97871, 100, 131.57
2026/09/22 23:32:23.412, 2, 80621, 97871, 0, 123.80
2026/09/22 23:32:23.412, 3, 80621, 97871, 0, 122.51
2026/09/22 23:32:23.612, 0, 80621, 97871, 0, 122.68
2026/09/22 23:32:23.612, 1, 81679, 97871, 100, 131.50
2026/09/22 23:32:23.613, 2, 80621, 97871, 0, 123.78
2026/09/22 23:32:23.613, 3, 80621, 97871, 0, 122.48
2026/09/22 23:32:23.813, 0, 80621, 97871, 0, 122.67
2026/09/22 23:32:23.813, 1, 81679, 97871, 100, 131.46
2026/09/22 23:32:23.813, 2, 80621, 97871, 0, 123.81
2026/09/22 23:32:23.813, 3, 80621, 97871, 0, 122.43
2026/09/22 23:32:24.013, 0, 80621, 97871, 0, 122.64
2026/09/22 23:32:24.013, 1, 81679, 97871, 100, 131.43
2026/09/22 23:32:24.013, 2, 80621, 97871, 0, 123.89
2026/09/22 23:32:24.013, 3, 80621, 97871, 0, 122.42
2026/09/22 23:32:24.213, 0, 80621, 97871, 0, 122.59
2026/09/22 23:32:24.213, 1, 81679, 97871, 100, 131.41
2026/09/22 23:32:24.213, 2, 80621, 97871, 0, 123.96
2026/09/22 23:32:24.213, 3, 80621, 97871, 0, 122.40
2026/09/22 23:32:24.413, 0, 80621, 97871, 0, 122.58
2026/09/22 23:32:24.413, 1, 81679, 97871, 100, 131.41
2026/09/22 23:32:24.413, 2, 80621, 97871, 0, 124.05
2026/09/22 23:32:24.413, 3, 80621, 97871, 0, 122.38
2026/09/22 23:32:24.613, 0, 80621, 97871, 0, 122.58
2026/09/22 23:32:24.613, 1, 81679, 97871, 100, 131.41
2026/09/22 23:32:24.613, 2, 80621, 97871, 0, 124.09
2026/09/22 23:32:24.613, 3, 80621, 97871, 0, 122.34
2026/09/22 23:32:24.813, 0, 80621, 97871, 0, 122.53
2026/09/22 23:32:24.814, 1, 81679, 97871, 100, 131.35
2026/09/22 23:32:24.814, 2, 80621, 97871, 0, 124.13
2026/09/22 23:32:24.814, 3, 80621, 97871, 0, 122.35
2026/09/22 23:32:25.014, 0, 80621, 97871, 0, 122.54
2026/09/22 23:32:25.014, 1, 81679, 97871, 100, 131.35
2026/09/22 23:32:25.014, 2, 80621, 97871, 0, 124.13
2026/09/22 23:32:25.014, 3, 80621, 97871, 0, 122.32
2026/09/22 23:32:25.214, 0, 80621, 97871, 0, 122.50
2026/09/22 23:32:25.214, 1, 81679, 97871, 100, 131.33
2026/09/22 23:32:25.214, 2, 80621, 97871, 0, 124.11
2026/09/22 23:32:25.214, 3, 80621, 97871, 0, 122.29
2026/09/22 23:32:25.414, 0, 80621, 97871, 0, 122.48
2026/09/22 23:32:25.414, 1, 81679, 97871, 100, 131.29
2026/09/22 23:32:25.414, 2, 80621, 97871, 0, 124.09
2026/09/22 23:32:25.414, 3, 80621, 97871, 0, 122.24
2026/09/22 23:32:25.614, 0, 80621, 97871, 0, 122.49
2026/09/22 23:32:25.614, 1, 81679, 97871, 100, 131.26
2026/09/22 23:32:25.614, 2, 80621, 97871, 0, 124.09
2026/09/22 23:32:25.614, 3, 80621, 97871, 0, 122.23
2026/09/22 23:32:25.814, 0, 80621, 97871, 0, 122.50
2026/09/22 23:32:25.814, 1, 81679, 97871, 100, 131.26
2026/09/22 23:32:25.814, 2, 80621, 97871, 0, 124.06
2026/09/22 23:32:25.814, 3, 80621, 97871, 0, 122.21
2026/09/22 23:32:26.014, 0, 80621, 97871, 0, 122.48
2026/09/22 23:32:26.014, 1, 81679, 97871, 100, 131.23
2026/09/22 23:32:26.014, 2, 80621, 97871, 0, 124.01
2026/09/22 23:32:26.014, 3, 80621, 97871, 0, 122.19
2026/09/22 23:32:26.215, 0, 80621, 97871, 0, 122.49
2026/09/22 23:32:26.215, 1, 81679, 97871, 100, 131.20
2026/09/22 23:32:26.215, 2, 80621, 97871, 0, 123.98
2026/09/22 23:32:26.215, 3, 80621, 97871, 0, 122.16
2026/09/22 23:32:26.415, 0, 80621, 97871, 0, 122.44
2026/09/22 23:32:26.415, 1, 81679, 97871, 100, 131.21
2026/09/22 23:32:26.415, 2, 80621, 97871, 0, 123.96
2026/09/22 23:32:26.415, 3, 80621, 97871, 0, 122.18
2026/09/22 23:32:26.615, 0, 80621, 97871, 0, 122.40
2026/09/22 23:32:26.615, 1, 81679, 97871, 100, 131.19
2026/09/22 23:32:26.615, 2, 81679, 97871, 19, 130.74
2026/09/22 23:32:26.615, 3, 80621, 97871, 0, 123.01
2026/09/22 23:32:26.815, 0, 80621, 97871, 0, 122.39
2026/09/22 23:32:26.815, 1, 81679, 97871, 100, 132.26
2026/09/22 23:32:26.815, 2, 81679, 97871, 100, 132.92
2026/09/22 23:32:26.815, 3, 80621, 97871, 0, 123.69
2026/09/22 23:32:27.015, 0, 80621, 97871, 0, 122.36
2026/09/22 23:32:27.015, 1, 81679, 97871, 100, 132.27
2026/09/22 23:32:27.015, 2, 81679, 97871, 100, 133.47
2026/09/22 23:32:27.015, 3, 80621, 97871, 0, 123.70
2026/09/22 23:32:27.215, 0, 80621, 97871, 0, 122.34
2026/09/22 23:32:27.216, 1, 81679, 97871, 100, 132.25
2026/09/22 23:32:27.216, 2, 81679, 97871, 100, 134.23
2026/09/22 23:32:27.216, 3, 80621, 97871, 0, 123.65
2026/09/22 23:32:27.416, 0, 80621, 97871, 0, 122.33
2026/09/22 23:32:27.416, 1, 81679, 97871, 100, 132.18
2026/09/22 23:32:27.416, 2, 81679, 97871, 100, 134.78
2026/09/22 23:32:27.416, 3, 80621, 97871, 0, 123.66
2026/09/22 23:32:27.616, 0, 80621, 97871, 0, 122.33
2026/09/22 23:32:27.616, 1, 81679, 97871, 100, 132.18
2026/09/22 23:32:27.616, 2, 81679, 97871, 100, 130.85
2026/09/22 23:32:27.616, 3, 80621, 97871, 0, 122.77
2026/09/22 23:32:27.816, 0, 80621, 97871, 0, 122.29
2026/09/22 23:32:27.816, 1, 81679, 97871, 100, 131.06
2026/09/22 23:32:27.819, 2, 81679, 97871, 100, 126.69
2026/09/22 23:32:27.820, 3, 80621, 97871, 0, 122.03
2026/09/22 23:32:28.020, 0, 80621, 97871, 0, 122.29
2026/09/22 23:32:28.020, 1, 81679, 97871, 100, 131.04
2026/09/22 23:32:28.020, 2, 81679, 97871, 100, 126.67
2026/09/22 23:32:28.020, 3, 80621, 97871, 0, 122.05
2026/09/22 23:32:28.220, 0, 80621, 97871, 0, 122.26
2026/09/22 23:32:28.220, 1, 81679, 97871, 100, 131.04
2026/09/22 23:32:28.220, 2, 81679, 97871, 100, 126.62
2026/09/22 23:32:28.220, 3, 80621, 97871, 0, 122.03
2026/09/22 23:32:28.420, 0, 80621, 97871, 0, 122.24
2026/09/22 23:32:28.420, 1, 81679, 97871, 100, 131.03
2026/09/22 23:32:28.420, 2, 81679, 97871, 100, 126.58
2026/09/22 23:32:28.420, 3, 80621, 97871, 0, 122.02
2026/09/22 23:32:28.620, 0, 80621, 97871, 0, 122.20
2026/09/22 23:32:28.620, 1, 81679, 97871, 100, 130.98
2026/09/22 23:32:28.620, 2, 81679, 97871, 100, 126.51
2026/09/22 23:32:28.621, 3, 80621, 97871, 0, 122.02
2026/09/22 23:32:28.821, 0, 80621, 97871, 0, 122.19
2026/09/22 23:32:28.821, 1, 81679, 97871, 100, 130.95
2026/09/22 23:32:28.821, 2, 81679, 97871, 100, 126.51
2026/09/22 23:32:28.821, 3, 80621, 97871, 0, 122.02
2026/09/22 23:32:29.021, 0, 80621, 97871, 0, 122.13
2026/09/22 23:32:29.021, 1, 81679, 97871, 100, 130.90
2026/09/22 23:32:29.021, 2, 81679, 97871, 100, 126.47
2026/09/22 23:32:29.021, 3, 80621, 97871, 0, 121.98
2026/09/22 23:32:29.221, 0, 80621, 97871, 0, 122.11
2026/09/22 23:32:29.221, 1, 81679, 97871, 100, 130.85
2026/09/22 23:32:29.221, 2, 81679, 97871, 100, 126.45
2026/09/22 23:32:29.221, 3, 80621, 97871, 0, 121.97
2026/09/22 23:32:29.421, 0, 80621, 97871, 0, 122.09
2026/09/22 23:32:29.421, 1, 81679, 97871, 100, 130.81
2026/09/22 23:32:29.421, 2, 81679, 97871, 100, 126.43
2026/09/22 23:32:29.421, 3, 80621, 97871, 0, 121.98
2026/09/22 23:32:29.621, 0, 80621, 97871, 0, 122.08
2026/09/22 23:32:29.621, 1, 81679, 97871, 100, 130.80
2026/09/22 23:32:29.621, 2, 81679, 97871, 100, 126.44
2026/09/22 23:32:29.621, 3, 80621, 97871, 0, 121.97
2026/09/22 23:32:29.821, 0, 80621, 97871, 0, 122.06
2026/09/22 23:32:29.821, 1, 81679, 97871, 100, 130.78
2026/09/22 23:32:29.821, 2, 81679, 97871, 100, 126.40
2026/09/22 23:32:29.822, 3, 80621, 97871, 0, 121.94
2026/09/22 23:32:30.022, 0, 80621, 97871, 0, 122.05
2026/09/22 23:32:30.022, 1, 81679, 97871, 100, 130.75
2026/09/22 23:32:30.022, 2, 81679, 97871, 100, 126.38
2026/09/22 23:32:30.022, 3, 80621, 97871, 0, 121.92
2026/09/22 23:32:30.222, 0, 80621, 97871, 0, 122.04
2026/09/22 23:32:30.222, 1, 81679, 97871, 100, 130.72
2026/09/22 23:32:30.222, 2, 81679, 97871, 100, 126.36
2026/09/22 23:32:30.222, 3, 80621, 97871, 0, 121.92
2026/09/22 23:32:30.422, 0, 80621, 97871, 0, 122.04
2026/09/22 23:32:30.422, 1, 81679, 97871, 100, 130.68
2026/09/22 23:32:30.422, 2, 81679, 97871, 100, 126.33
2026/09/22 23:32:30.422, 3, 80621, 97871, 0, 121.89
2026/09/22 23:32:30.622, 0, 80621, 97871, 0, 122.02
2026/09/22 23:32:30.622, 1, 81679, 97871, 100, 130.68
2026/09/22 23:32:30.622, 2, 81679, 97871, 100, 126.29
2026/09/22 23:32:30.622, 3, 80621, 97871, 0, 121.88
2026/09/22 23:32:30.822, 0, 80621, 97871, 0, 121.99
2026/09/22 23:32:30.822, 1, 81679, 97871, 100, 130.63
2026/09/22 23:32:30.822, 2, 81679, 97871, 100, 126.29
2026/09/22 23:32:30.822, 3, 80621, 97871, 0, 121.88
2026/09/22 23:32:31.023, 0, 80621, 97871, 0, 121.96
2026/09/22 23:32:31.023, 1, 81679, 97871, 100, 130.60
2026/09/22 23:32:31.023, 2, 81679, 97871, 100, 126.29
2026/09/22 23:32:31.023, 3, 80621, 97871, 0, 121.86
2026/09/22 23:32:31.223, 0, 80621, 97871, 0, 121.98
2026/09/22 23:32:31.223, 1, 81679, 97871, 100, 130.60
2026/09/22 23:32:31.223, 2, 81679, 97871, 100, 126.26
2026/09/22 23:32:31.223, 3, 80621, 97871, 0, 121.86
2026/09/22 23:32:31.423, 0, 80621, 97871, 0, 121.93
2026/09/22 23:32:31.423, 1, 81679, 97871, 100, 130.60
2026/09/22 23:32:31.423, 2, 81679, 97871, 100, 126.25
2026/09/22 23:32:31.423, 3, 80621, 97871, 0, 121.83
2026/09/22 23:32:31.623, 0, 80621, 97871, 0, 121.91
2026/09/22 23:32:31.623, 1, 81679, 97871, 100, 130.56
2026/09/22 23:32:31.623, 2, 81679, 97871, 100, 126.23
2026/09/22 23:32:31.623, 3, 80621, 97871, 0, 121.83
2026/09/22 23:32:31.823, 0, 80621, 97871, 0, 121.92
2026/09/22 23:32:31.823, 1, 81679, 97871, 100, 130.54
2026/09/22 23:32:31.823, 2, 81679, 97871, 100, 126.21
2026/09/22 23:32:31.823, 3, 80621, 97871, 0, 121.82
2026/09/22 23:32:32.023, 0, 81679, 97871, 100, 135.76
2026/09/22 23:32:32.024, 1, 81679, 97871, 100, 131.86
2026/09/22 23:32:32.024, 2, 81679, 97871, 100, 127.53
2026/09/22 23:32:32.024, 3, 80621, 97871, 0, 122.87
2026/09/22 23:32:32.224, 0, 81679, 97871, 100, 136.34
2026/09/22 23:32:32.224, 1, 81679, 97871, 100, 132.03
2026/09/22 23:32:32.224, 2, 81679, 97871, 100, 127.40
2026/09/22 23:32:32.224, 3, 80621, 97871, 0, 122.88
2026/09/22 23:32:32.424, 0, 81679, 97871, 100, 136.88
2026/09/22 23:32:32.424, 1, 81679, 97871, 100, 132.03
2026/09/22 23:32:32.424, 2, 81679, 97871, 100, 127.31
2026/09/22 23:32:32.424, 3, 80621, 97871, 0, 122.90
2026/09/22 23:32:32.624, 0, 81679, 97871, 100, 137.38
2026/09/22 23:32:32.624, 1, 81679, 97871, 100, 132.00
2026/09/22 23:32:32.624, 2, 81679, 97871, 100, 127.19
2026/09/22 23:32:32.624, 3, 80621, 97871, 0, 122.86
2026/09/22 23:32:32.824, 0, 81679, 97871, 100, 137.54
2026/09/22 23:32:32.824, 1, 81679, 97871, 100, 131.98
2026/09/22 23:32:32.824, 2, 81679, 97871, 100, 127.10
2026/09/22 23:32:32.824, 3, 80621, 97871, 0, 122.86
2026/09/22 23:32:33.024, 0, 81679, 97871, 100, 124.79
2026/09/22 23:32:33.024, 1, 81679, 97871, 100, 131.20
2026/09/22 23:32:33.024, 2, 81679, 97871, 100, 125.71
2026/09/22 23:32:33.024, 3, 80621, 97871, 0, 121.77
2026/09/22 23:32:33.224, 0, 81679, 97871, 100, 124.42
2026/09/22 23:32:33.225, 1, 81679, 97871, 100, 130.41
2026/09/22 23:32:33.225, 2, 81679, 97871, 100, 125.67
2026/09/22 23:32:33.225, 3, 80621, 97871, 0, 121.79
2026/09/22 23:32:33.425, 0, 81679, 97871, 100, 124.39
2026/09/22 23:32:33.425, 1, 81679, 97871, 100, 130.41
2026/09/22 23:32:33.425, 2, 81679, 97871, 100, 125.67
2026/09/22 23:32:33.425, 3, 80621, 97871, 0, 121.79
2026/09/22 23:32:33.625, 0, 81679, 97871, 100, 124.39
2026/09/22 23:32:33.625, 1, 81679, 97871, 100, 130.37
2026/09/22 23:32:33.625, 2, 81679, 97871, 100, 125.65
2026/09/22 23:32:33.625, 3, 80621, 97871, 0, 121.74
2026/09/22 23:32:33.825, 0, 81679, 97871, 100, 124.38
2026/09/22 23:32:33.825, 1, 81679, 97871, 100, 130.36
2026/09/22 23:32:33.825, 2, 81679, 97871, 100, 125.64
2026/09/22 23:32:33.825, 3, 80621, 97871, 0, 121.72
2026/09/22 23:32:34.025, 0, 81679, 97871, 100, 124.34
2026/09/22 23:32:34.025, 1, 81679, 97871, 100, 130.34
2026/09/22 23:32:34.025, 2, 81679, 97871, 100, 125.60
2026/09/22 23:32:34.025, 3, 80621, 97871, 0, 121.72
2026/09/22 23:32:34.225, 0, 81679, 97871, 100, 124.32
2026/09/22 23:32:34.226, 1, 81679, 97871, 100, 130.32
2026/09/22 23:32:34.226, 2, 81679, 97871, 100, 125.60
2026/09/22 23:32:34.226, 3, 80621, 97871, 0, 121.72
2026/09/22 23:32:34.426, 0, 81679, 97871, 100, 124.30
2026/09/22 23:32:34.426, 1, 81679, 97871, 100, 130.28
2026/09/22 23:32:34.426, 2, 81679, 97871, 100, 125.57
2026/09/22 23:32:34.426, 3, 80621, 97871, 0, 121.70
2026/09/22 23:32:34.626, 0, 81679, 97871, 100, 124.26
2026/09/22 23:32:34.626, 1, 81679, 97871, 100, 130.25
2026/09/22 23:32:34.626, 2, 81679, 97871, 100, 125.56
2026/09/22 23:32:34.626, 3, 80621, 97871, 0, 121.73
2026/09/22 23:32:34.826, 0, 81679, 97871, 100, 124.25
2026/09/22 23:32:34.826, 1, 81679, 97871, 100, 130.23
2026/09/22 23:32:34.826, 2, 81679, 97871, 100, 125.54
2026/09/22 23:32:34.826, 3, 80621, 97871, 0, 121.75
2026/09/22 23:32:35.026, 0, 81679, 97871, 100, 124.23
2026/09/22 23:32:35.026, 1, 81679, 97871, 100, 130.21
2026/09/22 23:32:35.026, 2, 81679, 97871, 100, 125.54
2026/09/22 23:32:35.026, 3, 80621, 97871, 0, 121.73
2026/09/22 23:32:35.226, 0, 81679, 97871, 100, 124.20
2026/09/22 23:32:35.226, 1, 81679, 97871, 100, 130.18
2026/09/22 23:32:35.226, 2, 81679, 97871, 100, 125.51
2026/09/22 23:32:35.226, 3, 80621, 97871, 0, 121.68
2026/09/22 23:32:35.426, 0, 81679, 97871, 100, 124.20
2026/09/22 23:32:35.427, 1, 81679, 97871, 100, 130.14
2026/09/22 23:32:35.427, 2, 81679, 97871, 100, 125.50
2026/09/22 23:32:35.427, 3, 80621, 97871, 0, 121.64
2026/09/22 23:32:35.627, 0, 81679, 97871, 100, 124.19
2026/09/22 23:32:35.627, 1, 81679, 97871, 100, 130.13
2026/09/22 23:32:35.627, 2, 81679, 97871, 100, 125.48
2026/09/22 23:32:35.627, 3, 80621, 97871, 0, 121.64
2026/09/22 23:32:35.827, 0, 81679, 97871, 100, 124.14
2026/09/22 23:32:35.827, 1, 81679, 97871, 100, 130.11
2026/09/22 23:32:35.827, 2, 81679, 97871, 100, 125.45
2026/09/22 23:32:35.827, 3, 80621, 97871, 0, 121.61
2026/09/22 23:32:36.027, 0, 81679, 97871, 100, 124.15
2026/09/22 23:32:36.027, 1, 81679, 97871, 100, 130.09
2026/09/22 23:32:36.027, 2, 81679, 97871, 100, 125.44
2026/09/22 23:32:36.027, 3, 80621, 97871, 0, 121.59
2026/09/22 23:32:36.227, 0, 81679, 97871, 100, 124.14
2026/09/22 23:32:36.227, 1, 81679, 97871, 100, 130.07
2026/09/22 23:32:36.227, 2, 81679, 97871, 100, 125.39
2026/09/22 23:32:36.227, 3, 80621, 97871, 0, 121.58
2026/09/22 23:32:36.427, 0, 81679, 97871, 100, 124.10
2026/09/22 23:32:36.427, 1, 81679, 97871, 100, 130.05
2026/09/22 23:32:36.427, 2, 81679, 97871, 100, 125.28
2026/09/22 23:32:36.427, 3, 80621, 97871, 0, 121.59
2026/09/22 23:32:36.627, 0, 81679, 97871, 100, 124.08
2026/09/22 23:32:36.627, 1, 81679, 97871, 100, 130.04
2026/09/22 23:32:36.627, 2, 81679, 97871, 100, 125.17
2026/09/22 23:32:36.627, 3, 80621, 97871, 0, 121.56
2026/09/22 23:32:36.828, 0, 81679, 97871, 100, 124.09
2026/09/22 23:32:36.828, 1, 81679, 97871, 100, 130.02
2026/09/22 23:32:36.828, 2, 81679, 97871, 100, 125.06
2026/09/22 23:32:36.828, 3, 80621, 97871, 0, 121.63
2026/09/22 23:32:37.028, 0, 81679, 97871, 100, 134.10
2026/09/22 23:32:37.028, 1, 81679, 97871, 100, 136.07
2026/09/22 23:32:37.028, 2, 81679, 97871, 100, 142.77
2026/09/22 23:32:37.028, 3, 81677, 97871, 100, 154.57
2026/09/22 23:32:37.228, 0, 81679, 97871, 100, 170.13
2026/09/22 23:32:37.228, 1, 81679, 97871, 100, 169.93
2026/09/22 23:32:37.228, 2, 81679, 97871, 100, 173.66
2026/09/22 23:32:37.228, 3, 81677, 97871, 100, 196.12
2026/09/22 23:32:37.428, 0, 81679, 97871, 100, 203.54
2026/09/22 23:32:37.428, 1, 81679, 97871, 100, 198.50
2026/09/22 23:32:37.428, 2, 81679, 97871, 100, 208.21
2026/09/22 23:32:37.428, 3, 81677, 97871, 100, 233.78
2026/09/22 23:32:37.628, 0, 81679, 97871, 100, 242.34
2026/09/22 23:32:37.628, 1, 81679, 97871, 100, 225.33
2026/09/22 23:32:37.628, 2, 81679, 97871, 100, 249.98
2026/09/22 23:32:37.628, 3, 81677, 97871, 100, 265.94
2026/09/22 23:32:37.828, 0, 81679, 97871, 100, 288.32
2026/09/22 23:32:37.828, 1, 81679, 97871, 100, 266.78
2026/09/22 23:32:37.828, 2, 81679, 97871, 100, 294.30
2026/09/22 23:32:37.828, 3, 81677, 97871, 100, 291.38
2026/09/22 23:32:38.028, 0, 81679, 97871, 100, 308.45
2026/09/22 23:32:38.028, 1, 81679, 97871, 100, 305.40
2026/09/22 23:32:38.029, 2, 81679, 97871, 100, 313.20
2026/09/22 23:32:38.029, 3, 81677, 97871, 100, 294.36
2026/09/22 23:32:38.229, 0, 81679, 97871, 100, 318.97
2026/09/22 23:32:38.229, 1, 81679, 97871, 100, 299.18
2026/09/22 23:32:38.229, 2, 81679, 97871, 100, 305.69
2026/09/22 23:32:38.229, 3, 81677, 97871, 100, 284.28
2026/09/22 23:32:38.429, 0, 81679, 97871, 100, 319.74
2026/09/22 23:32:38.429, 1, 81679, 97871, 100, 306.02
2026/09/22 23:32:38.429, 2, 81679, 97871, 100, 315.56
2026/09/22 23:32:38.429, 3, 81677, 97871, 100, 281.17
2026/09/22 23:32:38.629, 0, 81679, 97871, 100, 322.72
2026/09/22 23:32:38.629, 1, 81679, 97871, 100, 304.06
2026/09/22 23:32:38.629, 2, 81679, 97871, 100, 298.36
2026/09/22 23:32:38.629, 3, 81677, 97871, 100, 269.46
2026/09/22 23:32:38.829, 0, 81679, 97871, 100, 323.75
2026/09/22 23:32:38.829, 1, 81679, 97871, 100, 280.83
2026/09/22 23:32:38.829, 2, 81679, 97871, 100, 293.94
2026/09/22 23:32:38.829, 3, 81677, 97871, 100, 272.25
2026/09/22 23:32:39.029, 0, 81755, 97871, 100, 329.42
2026/09/22 23:32:39.029, 1, 81761, 97871, 100, 271.35
2026/09/22 23:32:39.030, 2, 81759, 97871, 100, 296.79
2026/09/22 23:32:39.030, 3, 81765, 97871, 99, 270.36
2026/09/22 23:32:39.230, 0, 82215, 97871, 1, 291.99
2026/09/22 23:32:39.232, 1, 82215, 97871, 1, 249.36
2026/09/22 23:32:39.232, 2, 82215, 97871, 1, 276.33
2026/09/22 23:32:39.233, 3, 82215, 97871, 99, 241.39
2026/09/22 23:32:39.433, 0, 82215, 97871, 0, 255.17
2026/09/22 23:32:39.433, 1, 82215, 97871, 0, 204.03
2026/09/22 23:32:39.433, 2, 82215, 97871, 0, 229.06
2026/09/22 23:32:39.433, 3, 82215, 97871, 1, 207.30
2026/09/22 23:32:39.634, 0, 82215, 97871, 7, 222.12
2026/09/22 23:32:39.634, 1, 82215, 97871, 19, 183.24
2026/09/22 23:32:39.634, 2, 82215, 97871, 7, 210.84
2026/09/22 23:32:39.634, 3, 82215, 97871, 0, 193.99
2026/09/22 23:32:39.834, 0, 82215, 97871, 0, 175.97
2026/09/22 23:32:39.834, 1, 82215, 97871, 0, 156.17
2026/09/22 23:32:39.834, 2, 82215, 97871, 0, 175.22
2026/09/22 23:32:39.834, 3, 82215, 97871, 0, 162.59
2026/09/22 23:32:40.034, 0, 12793, 97871, 0, 142.61
2026/09/22 23:32:40.034, 1, 17087, 97871, 0, 136.08
2026/09/22 23:32:40.035, 2, 43815, 97871, 0, 133.70
2026/09/22 23:32:40.035, 3, 44839, 97871, 0, 129.49
2026/09/22 23:32:40.236, 0, 12793, 97871, 100, 133.11
2026/09/22 23:32:40.236, 1, 12793, 97871, 100, 139.23
2026/09/22 23:32:40.236, 2, 12793, 97871, 100, 135.01
2026/09/22 23:32:40.236, 3, 12793, 97871, 15, 132.85
2026/09/22 23:32:40.436, 0, 28853, 97871, 4, 135.59
2026/09/22 23:32:40.436, 1, 28853, 97871, 14, 153.93
2026/09/22 23:32:40.436, 2, 28853, 97871, 21, 141.19
2026/09/22 23:32:40.436, 3, 28853, 97871, 100, 146.13
2026/09/22 23:32:40.636, 0, 28853, 97871, 100, 167.14
2026/09/22 23:32:40.636, 1, 28853, 97871, 100, 187.84
2026/09/22 23:32:40.636, 2, 28853, 97871, 100, 172.54
2026/09/22 23:32:40.636, 3, 28853, 97871, 47, 178.70
2026/09/22 23:32:40.836, 0, 28853, 97871, 100, 207.87
2026/09/22 23:32:40.836, 1, 28853, 97871, 100, 214.44
2026/09/22 23:32:40.836, 2, 28853, 97871, 100, 206.52
2026/09/22 23:32:40.836, 3, 28853, 97871, 100, 226.93
2026/09/22 23:32:41.036, 0, 28853, 97871, 100, 245.16
2026/09/22 23:32:41.037, 1, 28853, 97871, 100, 237.83
2026/09/22 23:32:41.037, 2, 28853, 97871, 100, 240.99
2026/09/22 23:32:41.037, 3, 28853, 97871, 100, 255.00
2026/09/22 23:32:41.237, 0, 28853, 97871, 100, 278.44
2026/09/22 23:32:41.237, 1, 28853, 97871, 100, 275.64
2026/09/22 23:32:41.237, 2, 28853, 97871, 100, 279.94
2026/09/22 23:32:41.237, 3, 28853, 97871, 100, 284.59
2026/09/22 23:32:41.437, 0, 28853, 97871, 100, 315.53
2026/09/22 23:32:41.437, 1, 28853, 97871, 100, 297.64
2026/09/22 23:32:41.437, 2, 28853, 97871, 100, 318.99
2026/09/22 23:32:41.437, 3, 28853, 97871, 100, 298.88
2026/09/22 23:32:41.637, 0, 28853, 97871, 100, 313.44
2026/09/22 23:32:41.637, 1, 28853, 97871, 100, 300.32
2026/09/22 23:32:41.637, 2, 28853, 97871, 100, 309.53
2026/09/22 23:32:41.637, 3, 28853, 97871, 100, 297.04
2026/09/22 23:32:41.837, 0, 28853, 97871, 100, 319.83
2026/09/22 23:32:41.837, 1, 28853, 97871, 100, 300.16
2026/09/22 23:32:41.837, 2, 28853, 97871, 100, 308.06
2026/09/22 23:32:41.837, 3, 28853, 97871, 100, 276.88
2026/09/22 23:32:42.037, 0, 28853, 97871, 100, 315.56
2026/09/22 23:32:42.037, 1, 28853, 97871, 100, 302.81
2026/09/22 23:32:42.037, 2, 28853, 97871, 100, 316.33
2026/09/22 23:32:42.037, 3, 28853, 97871, 100, 271.85
2026/09/22 23:32:42.237, 0, 28853, 97871, 100, 325.16
2026/09/22 23:32:42.237, 1, 28853, 97871, 100, 288.69
2026/09/22 23:32:42.237, 2, 28853, 97871, 100, 299.86
2026/09/22 23:32:42.237, 3, 28853, 97871, 100, 263.87
2026/09/22 23:32:42.437, 0, 28853, 97871, 100, 328.30
2026/09/22 23:32:42.438, 1, 28853, 97871, 100, 281.30
2026/09/22 23:32:42.438, 2, 28853, 97871, 100, 290.81
2026/09/22 23:32:42.438, 3, 28853, 97871, 100, 271.78
2026/09/22 23:32:42.638, 0, 29815, 97871, 100, 330.09
2026/09/22 23:32:42.638, 1, 29815, 97871, 100, 262.32
2026/09/22 23:32:42.638, 2, 29815, 97871, 85, 299.05
2026/09/22 23:32:42.638, 3, 29815, 97871, 100, 266.11
2026/09/22 23:32:42.838, 0, 29815, 97871, 0, 292.32
2026/09/22 23:32:42.838, 1, 29815, 97871, 9, 233.55
2026/09/22 23:32:42.838, 2, 29815, 97871, 0, 271.25
2026/09/22 23:32:42.838, 3, 29815, 97871, 72, 238.59
2026/09/22 23:32:43.038, 0, 29815, 97871, 0, 259.88
2026/09/22 23:32:43.038, 1, 29815, 97871, 0, 207.37
2026/09/22 23:32:43.038, 2, 29815, 97871, 0, 229.59
2026/09/22 23:32:43.038, 3, 29815, 97871, 0, 211.65
2026/09/22 23:32:43.238, 0, 29815, 97871, 0, 211.60
2026/09/22 23:32:43.238, 1, 29815, 97871, 0, 183.76
2026/09/22 23:32:43.238, 2, 29815, 97871, 0, 202.25
2026/09/22 23:32:43.238, 3, 29815, 97871, 0, 188.42
2026/09/22 23:32:43.438, 0, 29815, 97871, 0, 167.95
2026/09/22 23:32:43.438, 1, 29815, 97871, 0, 151.41
2026/09/22 23:32:43.438, 2, 29815, 97871, 0, 166.22
2026/09/22 23:32:43.438, 3, 29815, 97871, 0, 151.33
2026/09/22 23:32:43.638, 0, 29815, 97871, 0, 133.71
2026/09/22 23:32:43.639, 1, 29815, 97871, 0, 129.39
2026/09/22 23:32:43.639, 2, 29815, 97871, 0, 130.65
2026/09/22 23:32:43.639, 3, 29815, 97871, 0, 121.73
2026/09/22 23:32:43.839, 0, 29815, 97871, 0, 122.62
2026/09/22 23:32:43.839, 1, 29815, 97871, 0, 128.21
2026/09/22 23:32:43.839, 2, 29815, 97871, 0, 123.86
2026/09/22 23:32:43.839, 3, 29815, 97871, 0, 121.41
2026/09/22 23:32:44.039, 0, 29815, 97871, 0, 122.46
2026/09/22 23:32:44.039, 1, 29815, 97871, 0, 128.09
2026/09/22 23:32:44.039, 2, 29815, 97871, 0, 123.69
2026/09/22 23:32:44.039, 3, 29815, 97871, 0, 121.35
2026/09/22 23:32:44.239, 0, 29815, 97871, 0, 122.34
2026/09/22 23:32:44.239, 1, 29815, 97871, 0, 128.01
2026/09/22 23:32:44.239, 2, 29815, 97871, 0, 123.58
2026/09/22 23:32:44.239, 3, 29815, 97871, 0, 121.32
2026/09/22 23:32:44.439, 0, 29815, 97871, 0, 122.25
2026/09/22 23:32:44.439, 1, 29815, 97871, 0, 127.93
2026/09/22 23:32:44.439, 2, 29815, 97871, 0, 123.49
2026/09/22 23:32:44.439, 3, 29815, 97871, 0, 121.27
2026/09/22 23:32:44.639, 0, 29815, 97871, 0, 122.18
2026/09/22 23:32:44.639, 1, 29815, 97871, 0, 127.90
2026/09/22 23:32:44.639, 2, 29815, 97871, 0, 123.44
2026/09/22 23:32:44.639, 3, 29815, 97871, 0, 121.26
2026/09/22 23:32:44.840, 0, 29815, 97871, 0, 122.14
2026/09/22 23:32:44.840, 1, 29815, 97871, 0, 127.85
2026/09/22 23:32:44.840, 2, 29815, 97871, 0, 123.36
2026/09/22 23:32:44.840, 3, 29815, 97871, 0, 121.24
2026/09/22 23:32:45.040, 0, 29815, 97871, 0, 122.09
2026/09/22 23:32:45.040, 1, 29815, 97871, 0, 127.81
2026/09/22 23:32:45.040, 2, 29815, 97871, 0, 123.31
2026/09/22 23:32:45.040, 3, 29815, 97871, 0, 121.22
2026/09/22 23:32:45.240, 0, 29815, 97871, 0, 122.05
2026/09/22 23:32:45.240, 1, 29815, 97871, 0, 127.77
2026/09/22 23:32:45.240, 2, 29815, 97871, 0, 123.16
2026/09/22 23:32:45.240, 3, 29815, 97871, 0, 121.19
2026/09/22 23:32:45.440, 0, 29815, 97871, 0, 122.02
2026/09/22 23:32:45.440, 1, 29815, 97871, 0, 127.73
2026/09/22 23:32:45.440, 2, 29815, 97871, 0, 123.05
2026/09/22 23:32:45.440, 3, 29815, 97871, 0, 121.19
2026/09/22 23:32:45.640, 0, 29815, 97871, 0, 121.97
2026/09/22 23:32:45.640, 1, 29815, 97871, 0, 127.69
2026/09/22 23:32:45.640, 2, 29815, 97871, 0, 122.89
2026/09/22 23:32:45.640, 3, 29815, 97871, 0, 121.15
2026/09/22 23:32:45.840, 0, 29815, 97871, 0, 121.95
2026/09/22 23:32:45.840, 1, 29815, 97871, 0, 127.68
2026/09/22 23:32:45.840, 2, 29815, 97871, 0, 122.76
2026/09/22 23:32:45.840, 3, 29815, 97871, 0, 121.11
2026/09/22 23:32:46.040, 0, 29815, 97871, 0, 121.96
2026/09/22 23:32:46.041, 1, 29815, 97871, 0, 127.64
2026/09/22 23:32:46.041, 2, 29815, 97871, 0, 122.64
2026/09/22 23:32:46.041, 3, 29815, 97871, 0, 121.09
2026/09/22 23:32:46.241, 0, 29815, 97871, 0, 121.92
2026/09/22 23:32:46.241, 1, 29815, 97871, 0, 127.61
2026/09/22 23:32:46.241, 2, 29815, 97871, 0, 122.61
2026/09/22 23:32:46.241, 3, 29815, 97871, 0, 121.09
2026/09/22 23:32:46.441, 0, 29815, 97871, 0, 121.88
2026/09/22 23:32:46.441, 1, 29815, 97871, 0, 127.58
2026/09/22 23:32:46.441, 2, 29815, 97871, 0, 122.56
2026/09/22 23:32:46.441, 3, 29815, 97871, 0, 121.06
2026/09/22 23:32:46.641, 0, 29815, 97871, 0, 121.88
2026/09/22 23:32:46.641, 1, 29815, 97871, 0, 127.54
2026/09/22 23:32:46.641, 2, 29815, 97871, 0, 122.53
2026/09/22 23:32:46.641, 3, 29815, 97871, 0, 121.04
2026/09/22 23:32:46.841, 0, 29815, 97871, 0, 121.86
2026/09/22 23:32:46.841, 1, 29815, 97871, 0, 127.50
2026/09/22 23:32:46.841, 2, 29815, 97871, 0, 122.50
2026/09/22 23:32:46.841, 3, 29815, 97871, 0, 121.03
2026/09/22 23:32:47.041, 0, 29815, 97871, 0, 121.81
2026/09/22 23:32:47.041, 1, 29815, 97871, 0, 127.49
2026/09/22 23:32:47.041, 2, 29815, 97871, 0, 122.46
2026/09/22 23:32:47.041, 3, 29815, 97871, 0, 121.00
2026/09/22 23:32:47.242, 0, 29815, 97871, 0, 121.77
2026/09/22 23:32:47.242, 1, 29815, 97871, 0, 127.47
2026/09/22 23:32:47.242, 2, 29815, 97871, 0, 122.43
2026/09/22 23:32:47.242, 3, 29815, 97871, 0, 120.96
2026/09/22 23:32:47.442, 0, 29815, 97871, 0, 121.75
2026/09/22 23:32:47.442, 1, 29815, 97871, 0, 127.46
2026/09/22 23:32:47.442, 2, 29815, 97871, 0, 122.40
2026/09/22 23:32:47.442, 3, 29815, 97871, 0, 120.94
2026/09/22 23:32:47.642, 0, 29815, 97871, 0, 121.71
2026/09/22 23:32:47.642, 1, 29815, 97871, 0, 127.45
2026/09/22 23:32:47.642, 2, 29815, 97871, 0, 122.36
2026/09/22 23:32:47.642, 3, 29815, 97871, 0, 120.96
2026/09/22 23:32:47.842, 0, 29815, 97871, 0, 121.69
2026/09/22 23:32:47.842, 1, 29815, 97871, 0, 127.43
2026/09/22 23:32:47.842, 2, 29815, 97871, 0, 122.34
2026/09/22 23:32:47.842, 3, 29815, 97871, 0, 120.94
2026/09/22 23:32:48.042, 0, 29815, 97871, 0, 121.68
2026/09/22 23:32:48.042, 1, 29815, 97871, 0, 127.39
2026/09/22 23:32:48.042, 2, 29815, 97871, 0, 122.33
2026/09/22 23:32:48.042, 3, 29815, 97871, 0, 120.91
2026/09/22 23:32:48.243, 0, 29815, 97871, 0, 121.67
2026/09/22 23:32:48.243, 1, 29815, 97871, 0, 127.34
2026/09/22 23:32:48.243, 2, 29815, 97871, 0, 122.29
2026/09/22 23:32:48.243, 3, 29815, 97871, 0, 120.89
2026/09/22 23:32:48.443, 0, 29815, 97871, 0, 121.68
2026/09/22 23:32:48.443, 1, 29815, 97871, 0, 127.32
2026/09/22 23:32:48.443, 2, 29815, 97871, 0, 122.29
2026/09/22 23:32:48.443, 3, 29815, 97871, 0, 120.90
2026/09/22 23:32:48.643, 0, 29815, 97871, 0, 121.66
2026/09/22 23:32:48.643, 1, 29815, 97871, 0, 127.27
2026/09/22 23:32:48.643, 2, 29815, 97871, 0, 122.29
2026/09/22 23:32:48.643, 3, 29815, 97871, 0, 120.88
2026/09/22 23:32:48.843, 0, 29815, 97871, 0, 121.62
2026/09/22 23:32:48.844, 1, 29815, 97871, 0, 127.25
2026/09/22 23:32:48.844, 2, 29815, 97871, 0, 122.31
2026/09/22 23:32:48.844, 3, 29815, 97871, 0, 120.85
2026/09/22 23:32:49.044, 0, 29815, 97871, 0, 121.61
2026/09/22 23:32:49.044, 1, 29815, 97871, 0, 127.23
2026/09/22 23:32:49.044, 2, 29815, 97871, 0, 122.39
2026/09/22 23:32:49.044, 3, 29815, 97871, 0, 120.84
2026/09/22 23:32:49.244, 0, 29815, 97871, 0, 121.63
2026/09/22 23:32:49.244, 1, 29815, 97871, 0, 127.21
2026/09/22 23:32:49.244, 2, 29815, 97871, 0, 122.48
2026/09/22 23:32:49.244, 3, 29815, 97871, 0, 120.86
2026/09/22 23:32:49.444, 0, 29815, 97871, 0, 121.61
2026/09/22 23:32:49.444, 1, 29815, 97871, 0, 127.21
2026/09/22 23:32:49.444, 2, 29815, 97871, 0, 122.54
2026/09/22 23:32:49.444, 3, 29815, 97871, 0, 120.84
2026/09/22 23:32:49.644, 0, 29815, 97871, 0, 121.59
2026/09/22 23:32:49.644, 1, 29815, 97871, 0, 127.18
2026/09/22 23:32:49.644, 2, 29815, 97871, 0, 122.61
2026/09/22 23:32:49.645, 3, 29815, 97871, 0, 120.82
2026/09/22 23:32:49.845, 0, 29815, 97871, 0, 121.61
2026/09/22 23:32:49.845, 1, 29815, 97871, 0, 127.18
2026/09/22 23:32:49.845, 2, 29815, 97871, 0, 122.65
2026/09/22 23:32:49.845, 3, 29815, 97871, 0, 120.82
2026/09/22 23:32:50.045, 0, 29815, 97871, 0, 121.58
2026/09/22 23:32:50.045, 1, 29815, 97871, 0, 127.18
2026/09/22 23:32:50.045, 2, 29815, 97871, 0, 122.65
2026/09/22 23:32:50.045, 3, 29815, 97871, 0, 120.82
2026/09/22 23:32:50.245, 0, 29815, 97871, 0, 121.55
2026/09/22 23:32:50.245, 1, 29815, 97871, 0, 127.18
2026/09/22 23:32:50.245, 2, 29815, 97871, 0, 122.63
2026/09/22 23:32:50.245, 3, 29815, 97871, 0, 120.79
2026/09/22 23:32:50.445, 0, 29815, 97871, 0, 121.57
2026/09/22 23:32:50.445, 1, 29815, 97871, 0, 127.14
2026/09/22 23:32:50.445, 2, 29815, 97871, 0, 122.61
2026/09/22 23:32:50.445, 3, 29815, 97871, 0, 120.77
2026/09/22 23:32:50.645, 0, 29815, 97871, 0, 121.56
2026/09/22 23:32:50.645, 1, 29815, 97871, 0, 127.17
2026/09/22 23:32:50.645, 2, 29815, 97871, 0, 122.58
2026/09/22 23:32:50.645, 3, 29815, 97871, 0, 120.77
2026/09/22 23:32:50.845, 0, 29815, 97871, 0, 121.54
2026/09/22 23:32:50.845, 1, 29815, 97871, 0, 127.15
2026/09/22 23:32:50.845, 2, 29815, 97871, 0, 122.57
2026/09/22 23:32:50.845, 3, 29815, 97871, 0, 120.78
2026/09/22 23:32:51.045, 0, 29815, 97871, 0, 121.55
2026/09/22 23:32:51.046, 1, 29815, 97871, 0, 127.10
2026/09/22 23:32:51.046, 2, 29815, 97871, 0, 122.52
2026/09/22 23:32:51.046, 3, 29815, 97871, 0, 120.77
2026/09/22 23:32:51.246, 0, 29815, 97871, 0, 121.54
2026/09/22 23:32:51.246, 1, 29815, 97871, 0, 127.09
2026/09/22 23:32:51.246, 2, 29815, 97871, 0, 122.49
2026/09/22 23:32:51.246, 3, 29815, 97871, 0, 120.76
2026/09/22 23:32:51.446, 0, 29815, 97871, 0, 121.50
2026/09/22 23:32:51.446, 1, 29815, 97871, 0, 127.10
2026/09/22 23:32:51.446, 2, 29815, 97871, 0, 122.47
2026/09/22 23:32:51.446, 3, 29815, 97871, 0, 120.76
2026/09/22 23:32:51.646, 0, 29815, 97871, 0, 121.50
2026/09/22 23:32:51.646, 1, 29815, 97871, 0, 127.05
2026/09/22 23:32:51.646, 2, 29815, 97871, 0, 122.45
2026/09/22 23:32:51.646, 3, 29815, 97871, 0, 120.76
2026/09/22 23:32:51.846, 0, 29815, 97871, 0, 121.50
2026/09/22 23:32:51.846, 1, 29815, 97871, 0, 127.06
2026/09/22 23:32:51.846, 2, 29815, 97871, 0, 122.44
2026/09/22 23:32:51.846, 3, 29815, 97871, 0, 120.74
2026/09/22 23:32:52.046, 0, 29815, 97871, 0, 121.46
2026/09/22 23:32:52.046, 1, 29815, 97871, 0, 127.05
2026/09/22 23:32:52.046, 2, 29815, 97871, 0, 122.44
2026/09/22 23:32:52.046, 3, 29815, 97871, 0, 120.76
2026/09/22 23:32:52.246, 0, 29815, 97871, 0, 121.46
2026/09/22 23:32:52.246, 1, 29815, 97871, 0, 127.03
2026/09/22 23:32:52.246, 2, 29815, 97871, 0, 122.45
2026/09/22 23:32:52.246, 3, 29815, 97871, 0, 120.77
2026/09/22 23:32:52.447, 0, 29815, 97871, 0, 121.46
2026/09/22 23:32:52.447, 1, 29815, 97871, 0, 126.97
2026/09/22 23:32:52.447, 2, 29815, 97871, 0, 122.46
2026/09/22 23:32:52.447, 3, 29815, 97871, 0, 120.78
2026/09/22 23:32:52.647, 0, 29815, 97871, 0, 121.43
2026/09/22 23:32:52.647, 1, 29815, 97871, 0, 126.98
2026/09/22 23:32:52.647, 2, 29815, 97871, 0, 122.47
2026/09/22 23:32:52.647, 3, 29815, 97871, 0, 120.76
2026/09/22 23:32:52.847, 0, 29815, 97871, 0, 121.42
2026/09/22 23:32:52.847, 1, 29815, 97871, 0, 126.96
2026/09/22 23:32:52.847, 2, 29815, 97871, 0, 122.45
2026/09/22 23:32:52.847, 3, 29815, 97871, 0, 120.76
2026/09/22 23:32:53.047, 0, 29815, 97871, 0, 121.43
2026/09/22 23:32:53.047, 1, 29815, 97871, 0, 126.94
2026/09/22 23:32:53.047, 2, 29815, 97871, 0, 122.44
2026/09/22 23:32:53.047, 3, 29815, 97871, 0, 120.76
2026/09/22 23:32:53.247, 0, 29815, 97871, 0, 121.38
2026/09/22 23:32:53.247, 1, 29815, 97871, 0, 126.92
2026/09/22 23:32:53.247, 2, 29815, 97871, 0, 122.39
2026/09/22 23:32:53.247, 3, 29815, 97871, 0, 120.72
2026/09/22 23:32:53.447, 0, 29815, 97871, 0, 121.36
2026/09/22 23:32:53.447, 1, 29815, 97871, 0, 126.90
2026/09/22 23:32:53.447, 2, 29815, 97871, 0, 122.36
2026/09/22 23:32:53.447, 3, 29815, 97871, 0, 120.69
2026/09/22 23:32:53.647, 0, 29815, 97871, 0, 121.36
2026/09/22 23:32:53.647, 1, 29815, 97871, 0, 126.86
2026/09/22 23:32:53.647, 2, 29815, 97871, 0, 122.31
2026/09/22 23:32:53.647, 3, 29815, 97871, 0, 120.70
2026/09/22 23:32:53.848, 0, 29815, 97871, 0, 121.33
2026/09/22 23:32:53.848, 1, 29815, 97871, 0, 126.85
2026/09/22 23:32:53.848, 2, 29815, 97871, 0, 122.29
2026/09/22 23:32:53.848, 3, 29815, 97871, 0, 120.68
2026/09/22 23:32:54.048, 0, 29815, 97871, 0, 121.30
2026/09/22 23:32:54.048, 1, 29815, 97871, 0, 126.81
2026/09/22 23:32:54.048, 2, 29815, 97871, 0, 122.25
2026/09/22 23:32:54.048, 3, 29815, 97871, 0, 120.66
2026/09/22 23:32:54.248, 0, 29815, 97871, 0, 121.31
2026/09/22 23:32:54.248, 1, 29815, 97871, 0, 126.81
2026/09/22 23:32:54.248, 2, 29815, 97871, 0, 122.26
2026/09/22 23:32:54.248, 3, 29815, 97871, 0, 120.62
2026/09/22 23:32:54.448, 0, 29815, 97871, 0, 121.29
2026/09/22 23:32:54.448, 1, 29815, 97871, 0, 126.82
2026/09/22 23:32:54.448, 2, 29815, 97871, 0, 122.25
2026/09/22 23:32:54.448, 3, 29815, 97871, 0, 120.61
2026/09/22 23:32:54.648, 0, 29815, 97871, 0, 121.26
2026/09/22 23:32:54.648, 1, 29815, 97871, 0, 126.77
2026/09/22 23:32:54.648, 2, 29815, 97871, 0, 122.26
2026/09/22 23:32:54.648, 3, 29815, 97871, 0, 120.58
2026/09/22 23:32:54.848, 0, 29815, 97871, 0, 121.26
2026/09/22 23:32:54.848, 1, 29815, 97871, 0, 126.77
2026/09/22 23:32:54.848, 2, 29815, 97871, 0, 122.24
2026/09/22 23:32:54.848, 3, 29815, 97871, 0, 120.56
2026/09/22 23:32:55.048, 0, 29815, 97871, 0, 121.29
2026/09/22 23:32:55.049, 1, 29815, 97871, 0, 126.76
2026/09/22 23:32:55.049, 2, 29815, 97871, 0, 122.25
2026/09/22 23:32:55.049, 3, 29815, 97871, 0, 120.54
2026/09/22 23:32:55.249, 0, 29815, 97871, 0, 121.26
2026/09/22 23:32:55.249, 1, 29815, 97871, 0, 126.74
2026/09/22 23:32:55.249, 2, 29815, 97871, 0, 122.23
2026/09/22 23:32:55.249, 3, 29815, 97871, 0, 120.56
2026/09/22 23:32:55.449, 0, 29815, 97871, 0, 121.26
2026/09/22 23:32:55.449, 1, 29815, 97871, 0, 126.71
2026/09/22 23:32:55.449, 2, 29815, 97871, 0, 122.22
2026/09/22 23:32:55.449, 3, 29815, 97871, 0, 120.55
2026/09/22 23:32:55.649, 0, 29815, 97871, 0, 121.25
2026/09/22 23:32:55.649, 1, 29815, 97871, 0, 126.71
2026/09/22 23:32:55.649, 2, 29815, 97871, 0, 122.22
2026/09/22 23:32:55.649, 3, 29815, 97871, 0, 120.54
2026/09/22 23:32:55.849, 0, 29815, 97871, 0, 121.25
2026/09/22 23:32:55.849, 1, 29815, 97871, 0, 126.69
2026/09/22 23:32:55.849, 2, 29815, 97871, 0, 122.22
2026/09/22 23:32:55.849, 3, 29815, 97871, 0, 120.54
2026/09/22 23:32:56.049, 0, 29815, 97871, 0, 121.22
2026/09/22 23:32:56.049, 1, 29815, 97871, 0, 126.69
2026/09/22 23:32:56.049, 2, 29815, 97871, 0, 122.21
2026/09/22 23:32:56.049, 3, 29815, 97871, 0, 120.56
2026/09/22 23:32:56.249, 0, 29859, 97871, 16, 125.83
2026/09/22 23:32:56.250, 1, 29857, 97871, 22, 133.77
2026/09/22 23:32:56.250, 2, 29857, 97871, 8, 126.94
2026/09/22 23:32:56.250, 3, 29857, 97871, 0, 126.81
2026/09/22 23:32:56.450, 0, 29859, 97871, 4, 131.52
2026/09/22 23:32:56.450, 1, 29857, 97871, 42, 136.43
2026/09/22 23:32:56.450, 2, 29857, 97871, 0, 131.47
2026/09/22 23:32:56.450, 3, 29857, 97871, 1, 129.40
2026/09/22 23:32:56.650, 0, 29859, 97871, 76, 133.02
2026/09/22 23:32:56.650, 1, 29857, 97871, 2, 138.58
2026/09/22 23:32:56.650, 2, 29857, 97871, 73, 133.02
2026/09/22 23:32:56.650, 3, 29857, 97871, 0, 131.43
2026/09/22 23:32:56.850, 0, 29867, 97871, 100, 133.75
2026/09/22 23:32:56.850, 1, 29857, 97871, 100, 139.07
2026/09/22 23:32:56.850, 2, 29857, 97871, 100, 133.61
2026/09/22 23:32:56.850, 3, 29857, 97871, 99, 132.13
2026/09/22 23:32:57.050, 0, 29867, 97871, 98, 167.25
2026/09/22 23:32:57.051, 1, 29869, 97871, 98, 189.14
2026/09/22 23:32:57.051, 2, 29869, 97871, 98, 172.02
2026/09/22 23:32:57.051, 3, 29869, 97871, 100, 179.40
2026/09/22 23:32:57.251, 0, 29867, 97871, 100, 223.47
2026/09/22 23:32:57.251, 1, 29869, 97871, 100, 245.55
2026/09/22 23:32:57.251, 2, 29869, 97871, 100, 230.12
2026/09/22 23:32:57.251, 3, 29869, 97871, 99, 237.50
2026/09/22 23:32:57.451, 0, 29867, 97871, 100, 280.97
2026/09/22 23:32:57.451, 1, 29869, 97871, 100, 301.89
2026/09/22 23:32:57.451, 2, 29869, 97871, 100, 291.67
2026/09/22 23:32:57.451, 3, 29869, 97871, 100, 299.67
2026/09/22 23:32:57.651, 0, 29867, 97871, 100, 343.73
2026/09/22 23:32:57.651, 1, 29869, 97871, 100, 363.11
2026/09/22 23:32:57.651, 2, 29869, 97871, 100, 356.97
2026/09/22 23:32:57.651, 3, 29869, 97871, 100, 359.60
2026/09/22 23:32:57.851, 0, 29867, 97871, 100, 409.31
2026/09/22 23:32:57.852, 1, 29869, 97871, 100, 434.36
2026/09/22 23:32:57.852, 2, 29869, 97871, 100, 422.07
2026/09/22 23:32:57.852, 3, 29869, 97871, 100, 423.93
2026/09/22 23:32:58.052, 0, 29867, 97871, 100, 444.92
2026/09/22 23:32:58.052, 1, 29869, 97871, 100, 451.65
2026/09/22 23:32:58.052, 2, 29869, 97871, 100, 448.45
2026/09/22 23:32:58.052, 3, 29869, 97871, 100, 449.80
2026/09/22 23:32:58.252, 0, 29867, 97871, 100, 446.10
2026/09/22 23:32:58.252, 1, 29869, 97871, 100, 454.17
2026/09/22 23:32:58.252, 2, 29869, 97871, 100, 448.91
2026/09/22 23:32:58.252, 3, 29869, 97871, 100, 449.18
2026/09/22 23:32:58.452, 0, 29867, 97871, 100, 445.70
2026/09/22 23:32:58.452, 1, 29869, 97871, 100, 455.33
2026/09/22 23:32:58.452, 2, 29869, 97871, 100, 448.54
2026/09/22 23:32:58.452, 3, 29869, 97871, 100, 447.43
2026/09/22 23:32:58.652, 0, 29867, 97871, 98, 433.93
2026/09/22 23:32:58.652, 1, 29869, 97871, 100, 443.99
2026/09/22 23:32:58.652, 2, 29869, 97871, 88, 437.06
2026/09/22 23:32:58.652, 3, 29869, 97871, 100, 438.74
2026/09/22 23:32:58.852, 0, 29867, 97871, 100, 417.12
2026/09/22 23:32:58.852, 1, 29869, 97871, 100, 424.45
2026/09/22 23:32:58.852, 2, 29869, 97871, 100, 421.12
2026/09/22 23:32:58.852, 3, 29869, 97871, 100, 422.92
2026/09/22 23:32:59.052, 0, 29867, 97871, 0, 369.54
2026/09/22 23:32:59.052, 1, 29869, 97871, 33, 360.11
2026/09/22 23:32:59.052, 2, 29869, 97871, 0, 362.57
2026/09/22 23:32:59.052, 3, 29869, 97871, 0, 359.73
2026/09/22 23:32:59.253, 0, 29867, 97871, 0, 309.06
2026/09/22 23:32:59.253, 1, 29869, 97871, 0, 292.38
2026/09/22 23:32:59.253, 2, 29869, 97871, 0, 297.58
2026/09/22 23:32:59.253, 3, 29869, 97871, 0, 293.48
2026/09/22 23:32:59.453, 0, 29867, 97871, 0, 246.78
2026/09/22 23:32:59.453, 1, 29869, 97871, 0, 228.85
2026/09/22 23:32:59.453, 2, 29869, 97871, 0, 238.45
2026/09/22 23:32:59.453, 3, 29869, 97871, 0, 230.18
2026/09/22 23:32:59.653, 0, 29867, 97871, 0, 189.20
2026/09/22 23:32:59.653, 1, 29869, 97871, 0, 181.03
2026/09/22 23:32:59.653, 2, 29869, 97871, 0, 179.84
2026/09/22 23:32:59.653, 3, 29869, 97871, 0, 177.32
2026/09/22 23:32:59.853, 0, 29867, 97871, 0, 137.97
2026/09/22 23:32:59.853, 1, 29869, 97871, 0, 130.10
2026/09/22 23:32:59.853, 2, 29869, 97871, 0, 134.24
2026/09/22 23:32:59.853, 3, 29869, 97871, 0, 125.78
2026/09/22 23:33:00.053, 0, 29867, 97871, 1, 124.16
2026/09/22 23:33:00.053, 1, 29869, 97871, 0, 134.54
2026/09/22 23:33:00.053, 2, 29869, 97871, 12, 130.02
2026/09/22 23:33:00.053, 3, 29869, 97871, 39, 127.82
2026/09/22 23:33:00.253, 0, 29867, 97871, 100, 129.85
2026/09/22 23:33:00.253, 1, 29869, 97871, 100, 134.89
2026/09/22 23:33:00.253, 2, 29869, 97871, 100, 131.47
2026/09/22 23:33:00.253, 3, 29869, 97871, 100, 128.35
2026/09/22 23:33:00.453, 0, 29867, 97871, 100, 130.54
2026/09/22 23:33:00.454, 1, 29869, 97871, 100, 135.60
2026/09/22 23:33:00.454, 2, 29869, 97871, 100, 132.02
2026/09/22 23:33:00.454, 3, 29869, 97871, 100, 129.00
2026/09/22 23:33:00.654, 0, 29867, 97871, 100, 130.96
2026/09/22 23:33:00.654, 1, 29869, 97871, 100, 136.21
2026/09/22 23:33:00.654, 2, 29869, 97871, 100, 132.44
2026/09/22 23:33:00.654, 3, 29869, 97871, 100, 129.67
2026/09/22 23:33:00.854, 0, 29867, 97871, 100, 131.63
2026/09/22 23:33:00.854, 1, 29869, 97871, 100, 136.82
2026/09/22 23:33:00.854, 2, 29869, 97871, 100, 133.26
2026/09/22 23:33:00.854, 3, 29869, 97871, 100, 130.51
2026/09/22 23:33:01.054, 0, 29867, 97871, 100, 130.55
2026/09/22 23:33:01.054, 1, 29869, 97871, 100, 130.94
2026/09/22 23:33:01.054, 2, 29869, 97871, 100, 127.09
2026/09/22 23:33:01.054, 3, 29869, 97871, 100, 124.85
2026/09/22 23:33:01.254, 0, 29867, 97871, 100, 125.21
2026/09/22 23:33:01.254, 1, 29869, 97871, 100, 130.82
2026/09/22 23:33:01.254, 2, 29869, 97871, 100, 126.17
2026/09/22 23:33:01.254, 3, 29869, 97871, 100, 124.46
2026/09/22 23:33:01.454, 0, 29867, 97871, 100, 125.19
2026/09/22 23:33:01.454, 1, 29869, 97871, 100, 130.73
2026/09/22 23:33:01.454, 2, 29869, 97871, 100, 126.13
2026/09/22 23:33:01.454, 3, 29869, 97871, 100, 124.42
2026/09/22 23:33:01.654, 0, 29867, 97871, 100, 125.13
2026/09/22 23:33:01.654, 1, 29869, 97871, 100, 130.69
2026/09/22 23:33:01.654, 2, 29869, 97871, 100, 126.06
2026/09/22 23:33:01.654, 3, 29869, 97871, 100, 124.38
2026/09/22 23:33:01.854, 0, 29867, 97871, 100, 125.08
2026/09/22 23:33:01.854, 1, 29869, 97871, 100, 130.66
2026/09/22 23:33:01.854, 2, 29869, 97871, 100, 125.98
2026/09/22 23:33:01.854, 3, 29869, 97871, 100, 124.37
2026/09/22 23:33:02.055, 0, 37217, 97871, 100, 128.89
2026/09/22 23:33:02.055, 1, 37219, 97871, 100, 162.35
2026/09/22 23:33:02.055, 2, 37219, 97871, 92, 139.49
2026/09/22 23:33:02.055, 3, 37219, 97871, 92, 148.69
2026/09/22 23:33:02.255, 0, 42165, 97871, 100, 196.88
2026/09/22 23:33:02.255, 1, 42167, 97871, 100, 226.57
2026/09/22 23:33:02.255, 2, 42167, 97871, 100, 207.42
2026/09/22 23:33:02.255, 3, 42167, 97871, 100, 214.18
2026/09/22 23:33:02.455, 0, 42165, 97871, 100, 256.86
2026/09/22 23:33:02.455, 1, 42167, 97871, 100, 293.24
2026/09/22 23:33:02.455, 2, 42167, 97871, 100, 269.58
2026/09/22 23:33:02.455, 3, 42167, 97871, 100, 276.79
2026/09/22 23:33:02.655, 0, 42165, 97871, 100, 319.76
2026/09/22 23:33:02.655, 1, 42167, 97871, 100, 349.53
2026/09/22 23:33:02.655, 2, 42167, 97871, 100, 329.62
2026/09/22 23:33:02.655, 3, 42167, 97871, 100, 341.01
2026/09/22 23:33:02.855, 0, 42165, 97871, 100, 387.92
2026/09/22 23:33:02.855, 1, 42167, 97871, 100, 418.57
2026/09/22 23:33:02.855, 2, 42167, 97871, 100, 400.44
2026/09/22 23:33:02.855, 3, 42167, 97871, 100, 404.22
2026/09/22 23:33:03.055, 0, 42165, 97871, 100, 443.52
2026/09/22 23:33:03.055, 1, 42167, 97871, 100, 455.24
2026/09/22 23:33:03.055, 2, 42167, 97871, 100, 447.41
2026/09/22 23:33:03.055, 3, 42167, 97871, 100, 449.75
2026/09/22 23:33:03.255, 0, 42165, 97871, 100, 437.88
2026/09/22 23:33:03.255, 1, 42167, 97871, 100, 449.75
2026/09/22 23:33:03.255, 2, 42167, 97871, 100, 438.91
2026/09/22 23:33:03.255, 3, 42167, 97871, 100, 441.91
2026/09/22 23:33:03.456, 0, 42165, 97871, 100, 447.73
2026/09/22 23:33:03.456, 1, 42167, 97871, 100, 452.80
2026/09/22 23:33:03.456, 2, 42167, 97871, 100, 449.75
2026/09/22 23:33:03.456, 3, 42167, 97871, 100, 450.95
2026/09/22 23:33:03.656, 0, 42165, 97871, 100, 442.32
2026/09/22 23:33:03.656, 1, 42167, 97871, 100, 458.64
2026/09/22 23:33:03.656, 2, 42167, 97871, 100, 449.08
2026/09/22 23:33:03.656, 3, 42167, 97871, 100, 450.15
2026/09/22 23:33:03.856, 0, 42165, 97871, 100, 442.04
2026/09/22 23:33:03.856, 1, 42167, 97871, 100, 452.33
2026/09/22 23:33:03.856, 2, 42167, 97871, 100, 438.99
2026/09/22 23:33:03.856, 3, 42167, 97871, 100, 438.79
2026/09/22 23:33:04.056, 0, 42165, 97871, 100, 448.67
2026/09/22 23:33:04.056, 1, 42167, 97871, 100, 454.30
2026/09/22 23:33:04.056, 2, 42167, 97871, 100, 448.65
2026/09/22 23:33:04.056, 3, 42167, 97871, 100, 448.83
2026/09/22 23:33:04.256, 0, 42165, 97871, 100, 444.45
2026/09/22 23:33:04.256, 1, 42167, 97871, 100, 458.01
2026/09/22 23:33:04.256, 2, 42167, 97871, 100, 447.71
2026/09/22 23:33:04.256, 3, 42167, 97871, 100, 450.44
2026/09/22 23:33:04.456, 0, 42165, 97871, 100, 444.64
2026/09/22 23:33:04.456, 1, 42167, 97871, 100, 450.42
2026/09/22 23:33:04.456, 2, 42167, 97871, 100, 438.54
2026/09/22 23:33:04.456, 3, 42167, 97871, 100, 438.29
2026/09/22 23:33:04.656, 0, 42165, 97871, 100, 450.50
2026/09/22 23:33:04.656, 1, 42167, 97871, 100, 455.35
2026/09/22 23:33:04.656, 2, 42167, 97871, 100, 448.52
2026/09/22 23:33:04.657, 3, 42167, 97871, 100, 451.00
2026/09/22 23:33:04.857, 0, 42165, 97871, 100, 443.27
2026/09/22 23:33:04.857, 1, 42167, 97871, 100, 459.51
2026/09/22 23:33:04.857, 2, 42167, 97871, 100, 448.29
2026/09/22 23:33:04.857, 3, 42167, 97871, 100, 452.77
2026/09/22 23:33:05.057, 0, 42165, 97871, 100, 447.35
2026/09/22 23:33:05.057, 1, 42167, 97871, 100, 454.08
2026/09/22 23:33:05.057, 2, 42167, 97871, 100, 439.02
2026/09/22 23:33:05.057, 3, 42167, 97871, 100, 441.48
2026/09/22 23:33:05.257, 0, 42165, 97871, 100, 453.38
2026/09/22 23:33:05.257, 1, 42167, 97871, 100, 460.47
2026/09/22 23:33:05.257, 2, 42167, 97871, 100, 449.48
2026/09/22 23:33:05.257, 3, 42167, 97871, 100, 453.24
2026/09/22 23:33:05.457, 0, 42165, 97871, 100, 446.79
2026/09/22 23:33:05.457, 1, 42167, 97871, 100, 464.66
2026/09/22 23:33:05.457, 2, 42167, 97871, 100, 447.88
2026/09/22 23:33:05.457, 3, 42167, 97871, 100, 453.16
2026/09/22 23:33:05.657, 0, 42165, 97871, 100, 450.49
2026/09/22 23:33:05.657, 1, 42167, 97871, 100, 457.10
2026/09/22 23:33:05.657, 2, 42167, 97871, 100, 440.42
2026/09/22 23:33:05.657, 3, 42167, 97871, 100, 441.54
2026/09/22 23:33:05.857, 0, 42165, 97871, 100, 453.73
2026/09/22 23:33:05.857, 1, 42167, 97871, 100, 463.53
2026/09/22 23:33:05.857, 2, 42167, 97871, 100, 451.14
2026/09/22 23:33:05.857, 3, 42167, 97871, 100, 452.39
2026/09/22 23:33:06.057, 0, 42165, 97871, 100, 446.23
2026/09/22 23:33:06.057, 1, 42167, 97871, 100, 465.88
2026/09/22 23:33:06.057, 2, 42167, 97871, 100, 449.55
2026/09/22 23:33:06.058, 3, 42167, 97871, 100, 452.41
2026/09/22 23:33:06.258, 0, 42165, 97871, 100, 453.31
2026/09/22 23:33:06.258, 1, 42167, 97871, 100, 455.40
2026/09/22 23:33:06.258, 2, 42167, 97871, 100, 442.29
2026/09/22 23:33:06.258, 3, 42167, 97871, 100, 441.12
2026/09/22 23:33:06.458, 0, 42165, 97871, 100, 458.13
2026/09/22 23:33:06.458, 1, 42167, 97871, 100, 464.13
2026/09/22 23:33:06.458, 2, 42167, 97871, 100, 452.90
2026/09/22 23:33:06.458, 3, 42167, 97871, 100, 451.51
2026/09/22 23:33:06.658, 0, 42165, 97871, 100, 447.98
2026/09/22 23:33:06.658, 1, 42167, 97871, 100, 466.15
2026/09/22 23:33:06.658, 2, 42167, 97871, 100, 453.16
2026/09/22 23:33:06.658, 3, 42167, 97871, 100, 450.52
2026/09/22 23:33:06.858, 0, 42165, 97871, 100, 458.62
2026/09/22 23:33:06.858, 1, 42167, 97871, 100, 457.01
2026/09/22 23:33:06.858, 2, 42167, 97871, 100, 446.26
2026/09/22 23:33:06.858, 3, 42167, 97871, 100, 439.72
2026/09/22 23:33:07.058, 0, 42165, 97871, 100, 458.26
2026/09/22 23:33:07.058, 1, 42167, 97871, 100, 466.55
2026/09/22 23:33:07.058, 2, 42167, 97871, 100, 457.70
2026/09/22 23:33:07.058, 3, 42167, 97871, 100, 451.23
2026/09/22 23:33:07.258, 0, 42165, 97871, 100, 446.85
2026/09/22 23:33:07.258, 1, 42167, 97871, 100, 466.74
2026/09/22 23:33:07.258, 2, 42167, 97871, 100, 455.65
2026/09/22 23:33:07.258, 3, 42167, 97871, 100, 448.79
2026/09/22 23:33:07.458, 0, 42165, 97871, 100, 458.56
2026/09/22 23:33:07.458, 1, 42167, 97871, 100, 457.85
2026/09/22 23:33:07.459, 2, 42167, 97871, 100, 450.59
2026/09/22 23:33:07.459, 3, 42167, 97871, 100, 443.66
2026/09/22 23:33:07.659, 0, 42165, 97871, 100, 457.30
2026/09/22 23:33:07.659, 1, 42167, 97871, 100, 468.66
2026/09/22 23:33:07.659, 2, 42167, 97871, 100, 457.80
2026/09/22 23:33:07.659, 3, 42167, 97871, 100, 453.28
2026/09/22 23:33:07.859, 0, 42165, 97871, 100, 447.79
2026/09/22 23:33:07.859, 1, 42167, 97871, 100, 470.09
2026/09/22 23:33:07.859, 2, 42167, 97871, 100, 452.07
2026/09/22 23:33:07.859, 3, 42167, 97871, 100, 451.06
2026/09/22 23:33:08.059, 0, 42165, 97871, 100, 459.03
2026/09/22 23:33:08.059, 1, 42167, 97871, 100, 459.06
2026/09/22 23:33:08.059, 2, 42167, 97871, 100, 450.38
2026/09/22 23:33:08.059, 3, 42167, 97871, 100, 446.01
2026/09/22 23:33:08.259, 0, 42165, 97871, 100, 460.95
2026/09/22 23:33:08.259, 1, 42167, 97871, 100, 470.25
2026/09/22 23:33:08.259, 2, 42167, 97871, 100, 457.46
2026/09/22 23:33:08.259, 3, 42167, 97871, 100, 453.57
2026/09/22 23:33:08.459, 0, 42165, 97871, 100, 447.88
2026/09/22 23:33:08.459, 1, 42167, 97871, 100, 468.66
2026/09/22 23:33:08.459, 2, 42167, 97871, 100, 452.62
2026/09/22 23:33:08.459, 3, 42167, 97871, 100, 450.53
2026/09/22 23:33:08.659, 0, 42165, 97871, 100, 458.81
2026/09/22 23:33:08.659, 1, 42167, 97871, 100, 456.03
2026/09/22 23:33:08.659, 2, 42167, 97871, 100, 450.99
2026/09/22 23:33:08.659, 3, 42167, 97871, 100, 445.72
2026/09/22 23:33:08.860, 0, 42165, 97871, 100, 456.26
2026/09/22 23:33:08.860, 1, 42167, 97871, 100, 466.57
2026/09/22 23:33:08.860, 2, 42167, 97871, 100, 455.92
2026/09/22 23:33:08.860, 3, 42167, 97871, 100, 451.20
2026/09/22 23:33:09.060, 0, 42165, 97871, 100, 444.46
2026/09/22 23:33:09.060, 1, 42167, 97871, 100, 463.60
2026/09/22 23:33:09.060, 2, 42167, 97871, 100, 447.46
2026/09/22 23:33:09.060, 3, 42167, 97871, 100, 447.23
2026/09/22 23:33:09.260, 0, 42165, 97871, 100, 454.70
2026/09/22 23:33:09.260, 1, 42167, 97871, 100, 452.20
2026/09/22 23:33:09.260, 2, 42167, 97871, 100, 449.35
2026/09/22 23:33:09.260, 3, 42167, 97871, 100, 446.00
2026/09/22 23:33:09.460, 0, 42165, 97871, 100, 453.64
2026/09/22 23:33:09.460, 1, 42167, 97871, 100, 464.35
2026/09/22 23:33:09.460, 2, 42167, 97871, 100, 455.18
2026/09/22 23:33:09.460, 3, 42167, 97871, 100, 451.19
2026/09/22 23:33:09.660, 0, 42165, 97871, 100, 442.13
2026/09/22 23:33:09.660, 1, 42167, 97871, 100, 464.19
2026/09/22 23:33:09.660, 2, 42167, 97871, 100, 447.06
2026/09/22 23:33:09.660, 3, 42167, 97871, 100, 445.53
2026/09/22 23:33:09.860, 0, 42165, 97871, 100, 455.98
2026/09/22 23:33:09.860, 1, 42167, 97871, 100, 454.12
2026/09/22 23:33:09.860, 2, 42167, 97871, 100, 447.86
2026/09/22 23:33:09.860, 3, 42167, 97871, 100, 446.57
2026/09/22 23:33:10.060, 0, 42165, 97871, 100, 456.07
2026/09/22 23:33:10.060, 1, 42167, 97871, 100, 466.75
2026/09/22 23:33:10.061, 2, 42167, 97871, 100, 450.45
2026/09/22 23:33:10.061, 3, 42167, 97871, 100, 450.60
2026/09/22 23:33:10.261, 0, 42165, 97871, 100, 445.44
2026/09/22 23:33:10.261, 1, 42167, 97871, 100, 447.11
2026/09/22 23:33:10.261, 2, 42167, 97871, 100, 430.31
2026/09/22 23:33:10.261, 3, 42167, 97871, 100, 435.78
2026/09/22 23:33:10.461, 0, 42165, 97871, 100, 432.88
2026/09/22 23:33:10.461, 1, 42167, 97871, 96, 429.30
2026/09/22 23:33:10.461, 2, 42167, 97871, 100, 416.00
2026/09/22 23:33:10.461, 3, 42167, 97871, 100, 424.62
2026/09/22 23:33:10.661, 0, 42165, 97871, 100, 425.24
2026/09/22 23:33:10.661, 1, 42167, 97871, 100, 420.08
2026/09/22 23:33:10.661, 2, 42167, 97871, 100, 411.58
2026/09/22 23:33:10.661, 3, 42167, 97871, 100, 418.65
2026/09/22 23:33:10.861, 0, 42165, 97871, 100, 403.12
2026/09/22 23:33:10.861, 1, 42167, 97871, 100, 411.48
2026/09/22 23:33:10.861, 2, 42167, 97871, 100, 393.76
2026/09/22 23:33:10.861, 3, 42167, 97871, 100, 401.55
2026/09/22 23:33:11.061, 0, 42165, 97871, 100, 396.99
2026/09/22 23:33:11.061, 1, 42167, 97871, 100, 394.51
2026/09/22 23:33:11.061, 2, 42167, 97871, 100, 382.90
2026/09/22 23:33:11.061, 3, 42167, 97871, 100, 392.40
2026/09/22 23:33:11.261, 0, 42165, 97871, 100, 387.50
2026/09/22 23:33:11.261, 1, 42167, 97871, 100, 405.71
2026/09/22 23:33:11.261, 2, 42167, 97871, 100, 386.03
2026/09/22 23:33:11.261, 3, 42167, 97871, 100, 392.63
2026/09/22 23:33:11.462, 0, 42165, 97871, 100, 396.05
2026/09/22 23:33:11.462, 1, 42167, 97871, 100, 405.96
2026/09/22 23:33:11.462, 2, 42167, 97871, 100, 391.12
2026/09/22 23:33:11.462, 3, 42167, 97871, 100, 392.86
2026/09/22 23:33:11.662, 0, 42165, 97871, 100, 395.05
2026/09/22 23:33:11.662, 1, 42167, 97871, 100, 402.88
2026/09/22 23:33:11.662, 2, 42167, 97871, 100, 389.87
2026/09/22 23:33:11.662, 3, 42167, 97871, 100, 389.33
2026/09/22 23:33:11.862, 0, 42165, 97871, 0, 357.34
2026/09/22 23:33:11.862, 1, 42167, 97871, 22, 347.76
2026/09/22 23:33:11.862, 2, 42167, 97871, 0, 343.50
2026/09/22 23:33:11.862, 3, 42167, 97871, 0, 339.96
2026/09/22 23:33:12.062, 0, 42165, 97871, 0, 304.64
2026/09/22 23:33:12.062, 1, 42167, 97871, 0, 294.00
2026/09/22 23:33:12.062, 2, 42167, 97871, 0, 294.58
2026/09/22 23:33:12.062, 3, 42167, 97871, 0, 284.33
2026/09/22 23:33:12.262, 0, 42165, 97871, 0, 251.03
2026/09/22 23:33:12.263, 1, 42167, 97871, 0, 241.01
2026/09/22 23:33:12.263, 2, 42167, 97871, 0, 238.29
2026/09/22 23:33:12.263, 3, 42167, 97871, 0, 229.65
2026/09/22 23:33:12.463, 0, 42165, 97871, 0, 191.58
2026/09/22 23:33:12.463, 1, 42167, 97871, 0, 181.07
2026/09/22 23:33:12.463, 2, 42167, 97871, 0, 186.74
2026/09/22 23:33:12.463, 3, 42167, 97871, 0, 176.38
2026/09/22 23:33:12.663, 0, 42165, 97871, 0, 137.94
2026/09/22 23:33:12.663, 1, 42167, 97871, 0, 132.45
2026/09/22 23:33:12.663, 2, 42167, 97871, 0, 135.00
2026/09/22 23:33:12.663, 3, 42167, 97871, 0, 124.74
2026/09/22 23:33:12.863, 0, 42165, 97871, 0, 125.01
2026/09/22 23:33:12.863, 1, 42167, 97871, 0, 131.26
2026/09/22 23:33:12.863, 2, 42167, 97871, 0, 125.60
2026/09/22 23:33:12.864, 3, 42167, 97871, 0, 123.19
2026/09/22 23:33:13.064, 0, 42165, 97871, 0, 124.46
2026/09/22 23:33:13.064, 1, 42167, 97871, 0, 130.69
2026/09/22 23:33:13.064, 2, 42167, 97871, 0, 125.23
2026/09/22 23:33:13.064, 3, 42167, 97871, 0, 123.06
2026/09/22 23:33:13.264, 0, 42165, 97871, 0, 124.05
2026/09/22 23:33:13.264, 1, 42167, 97871, 0, 130.25
2026/09/22 23:33:13.264, 2, 42167, 97871, 0, 125.01
2026/09/22 23:33:13.264, 3, 42167, 97871, 0, 122.96
2026/09/22 23:33:13.464, 0, 42165, 97871, 0, 123.74
2026/09/22 23:33:13.464, 1, 42167, 97871, 0, 129.86
2026/09/22 23:33:13.464, 2, 42167, 97871, 0, 124.81
2026/09/22 23:33:13.464, 3, 42167, 97871, 0, 122.88
2026/09/22 23:33:13.664, 0, 42165, 97871, 0, 123.56
2026/09/22 23:33:13.664, 1, 42167, 97871, 0, 129.67
2026/09/22 23:33:13.664, 2, 42167, 97871, 0, 124.66
2026/09/22 23:33:13.664, 3, 42167, 97871, 0, 122.81
2026/09/22 23:33:13.864, 0, 42165, 97871, 0, 123.42
2026/09/22 23:33:13.864, 1, 42167, 97871, 0, 129.51
2026/09/22 23:33:13.864, 2, 42167, 97871, 0, 124.54
2026/09/22 23:33:13.864, 3, 42167, 97871, 0, 122.74
2026/09/22 23:33:14.064, 0, 42165, 97871, 0, 123.33
2026/09/22 23:33:14.064, 1, 42167, 97871, 0, 129.37
2026/09/22 23:33:14.064, 2, 42167, 97871, 0, 124.43
2026/09/22 23:33:14.064, 3, 42167, 97871, 0, 122.68
2026/09/22 23:33:14.265, 0, 42165, 97871, 0, 123.22
2026/09/22 23:33:14.265, 1, 42167, 97871, 0, 129.27
2026/09/22 23:33:14.265, 2, 42167, 97871, 0, 124.34
2026/09/22 23:33:14.265, 3, 42167, 97871, 0, 122.65
2026/09/22 23:33:14.465, 0, 42165, 97871, 0, 123.14
2026/09/22 23:33:14.465, 1, 42167, 97871, 0, 129.19
2026/09/22 23:33:14.465, 2, 42167, 97871, 0, 124.27
2026/09/22 23:33:14.465, 3, 42167, 97871, 0, 122.63
2026/09/22 23:33:14.665, 0, 42165, 97871, 0, 123.08
2026/09/22 23:33:14.665, 1, 42167, 97871, 0, 129.10
2026/09/22 23:33:14.665, 2, 42167, 97871, 0, 124.20
2026/09/22 23:33:14.665, 3, 42167, 97871, 0, 122.47
2026/09/22 23:33:14.865, 0, 42165, 97871, 0, 123.00
2026/09/22 23:33:14.865, 1, 42167, 97871, 0, 129.04
2026/09/22 23:33:14.865, 2, 42167, 97871, 0, 124.14
2026/09/22 23:33:14.865, 3, 42167, 97871, 0, 122.35
2026/09/22 23:33:15.065, 0, 42165, 97871, 0, 122.95
2026/09/22 23:33:15.065, 1, 42167, 97871, 0, 128.97
2026/09/22 23:33:15.065, 2, 42167, 97871, 0, 124.07
2026/09/22 23:33:15.065, 3, 42167, 97871, 0, 122.23
2026/09/22 23:33:15.265, 0, 42165, 97871, 0, 122.94
2026/09/22 23:33:15.265, 1, 42167, 97871, 0, 128.91
2026/09/22 23:33:15.265, 2, 42167, 97871, 0, 124.02
2026/09/22 23:33:15.265, 3, 42167, 97871, 0, 122.07
2026/09/22 23:33:15.465, 0, 42165, 97871, 0, 122.88
2026/09/22 23:33:15.465, 1, 42167, 97871, 0, 128.87
2026/09/22 23:33:15.465, 2, 42167, 97871, 0, 123.96
2026/09/22 23:33:15.465, 3, 42167, 97871, 0, 121.91
2026/09/22 23:33:15.665, 0, 42165, 97871, 0, 122.88
2026/09/22 23:33:15.666, 1, 42167, 97871, 0, 128.84
2026/09/22 23:33:15.666, 2, 42167, 97871, 0, 123.93
2026/09/22 23:33:15.666, 3, 42167, 97871, 0, 121.89
2026/09/22 23:33:15.866, 0, 42165, 97871, 0, 122.84
2026/09/22 23:33:15.866, 1, 42167, 97871, 0, 128.77
2026/09/22 23:33:15.866, 2, 42167, 97871, 0, 123.87
2026/09/22 23:33:15.866, 3, 42167, 97871, 0, 121.87
2026/09/22 23:33:16.066, 0, 42165, 97871, 0, 122.80
2026/09/22 23:33:16.066, 1, 42167, 97871, 0, 128.76
2026/09/22 23:33:16.066, 2, 42167, 97871, 0, 123.85
2026/09/22 23:33:16.066, 3, 42167, 97871, 0, 121.81
2026/09/22 23:33:16.266, 0, 42165, 97871, 0, 122.76
2026/09/22 23:33:16.266, 1, 42167, 97871, 0, 128.72
2026/09/22 23:33:16.266, 2, 42167, 97871, 0, 123.81
2026/09/22 23:33:16.266, 3, 42167, 97871, 0, 121.78
2026/09/22 23:33:16.466, 0, 42165, 97871, 0, 122.76
2026/09/22 23:33:16.466, 1, 42167, 97871, 0, 128.67
2026/09/22 23:33:16.466, 2, 42167, 97871, 0, 123.78
2026/09/22 23:33:16.466, 3, 42167, 97871, 0, 121.80
2026/09/22 23:33:16.666, 0, 42165, 97871, 0, 122.70
2026/09/22 23:33:16.666, 1, 42167, 97871, 0, 128.62
2026/09/22 23:33:16.666, 2, 42167, 97871, 0, 123.74
2026/09/22 23:33:16.666, 3, 42167, 97871, 0, 121.75
2026/09/22 23:33:16.866, 0, 42165, 97871, 0, 122.68
2026/09/22 23:33:16.866, 1, 42167, 97871, 0, 128.61
2026/09/22 23:33:16.866, 2, 42167, 97871, 0, 123.71
2026/09/22 23:33:16.866, 3, 42167, 97871, 0, 121.74
2026/09/22 23:33:17.066, 0, 42165, 97871, 0, 122.67
2026/09/22 23:33:17.067, 1, 42167, 97871, 0, 132.22
2026/09/22 23:33:17.067, 2, 42167, 97871, 0, 125.12
2026/09/22 23:33:17.067, 3, 42167, 97871, 1, 125.18
2026/09/22 23:33:17.267, 0, 42165, 97871, 52, 128.25
2026/09/22 23:33:17.267, 1, 42167, 97871, 13, 154.35
2026/09/22 23:33:17.267, 2, 42167, 97871, 71, 136.24
2026/09/22 23:33:17.267, 3, 42167, 97871, 94, 143.16
2026/09/22 23:33:17.467, 0, 42165, 97871, 99, 187.04
2026/09/22 23:33:17.467, 1, 42167, 97871, 99, 217.76
2026/09/22 23:33:17.467, 2, 42167, 97871, 99, 198.97
2026/09/22 23:33:17.467, 3, 42167, 97871, 99, 205.35
2026/09/22 23:33:17.667, 0, 42167, 97871, 89, 239.93
2026/09/22 23:33:17.667, 1, 42167, 97871, 99, 250.51
2026/09/22 23:33:17.667, 2, 42167, 97871, 89, 245.86
2026/09/22 23:33:17.667, 3, 42167, 97871, 89, 246.17
2026/09/22 23:33:17.867, 0, 42167, 97871, 0, 245.25
2026/09/22 23:33:17.868, 1, 42167, 97871, 0, 252.83
2026/09/22 23:33:17.868, 2, 42167, 97871, 0, 247.30
2026/09/22 23:33:17.868, 3, 42167, 97871, 0, 249.09
2026/09/22 23:33:18.068, 0, 42167, 97871, 0, 247.82
2026/09/22 23:33:18.068, 1, 42167, 97871, 0, 249.61
2026/09/22 23:33:18.068, 2, 42167, 97871, 0, 245.94
2026/09/22 23:33:18.068, 3, 42167, 97871, 0, 244.60
2026/09/22 23:33:18.268, 0, 42167, 97871, 0, 240.02
2026/09/22 23:33:18.268, 1, 42167, 97871, 0, 229.64
2026/09/22 23:33:18.268, 2, 42167, 97871, 0, 237.55
2026/09/22 23:33:18.268, 3, 42167, 97871, 0, 227.36
2026/09/22 23:33:18.468, 0, 42167, 97871, 100, 191.14
2026/09/22 23:33:18.468, 1, 42167, 97871, 60, 172.48
2026/09/22 23:33:18.468, 2, 42167, 97871, 100, 181.63
2026/09/22 23:33:18.468, 3, 42167, 97871, 100, 166.79
2026/09/22 23:33:18.669, 0, 42167, 97871, 100, 139.11
2026/09/22 23:33:18.669, 1, 42167, 97871, 100, 133.57
2026/09/22 23:33:18.669, 2, 42167, 97871, 100, 130.43
2026/09/22 23:33:18.669, 3, 42167, 97871, 100, 125.82
2026/09/22 23:33:18.869, 0, 42167, 97871, 100, 127.26
2026/09/22 23:33:18.869, 1, 42167, 97871, 100, 147.40
2026/09/22 23:33:18.869, 2, 42167, 97871, 100, 129.70
2026/09/22 23:33:18.869, 3, 42167, 97871, 100, 131.56
2026/09/22 23:33:19.069, 0, 42167, 97871, 100, 179.95
2026/09/22 23:33:19.069, 1, 42167, 97871, 99, 211.26
2026/09/22 23:33:19.069, 2, 42167, 97871, 100, 191.04
2026/09/22 23:33:19.069, 3, 42167, 97871, 100, 196.60
2026/09/22 23:33:19.269, 0, 42167, 97871, 100, 246.00
2026/09/22 23:33:19.269, 1, 42167, 97871, 100, 273.15
2026/09/22 23:33:19.269, 2, 42167, 97871, 100, 255.74
2026/09/22 23:33:19.269, 3, 42167, 97871, 100, 262.70
2026/09/22 23:33:19.469, 0, 42167, 97871, 100, 302.35
2026/09/22 23:33:19.469, 1, 42167, 97871, 100, 339.58
2026/09/22 23:33:19.469, 2, 42167, 97871, 100, 316.98
2026/09/22 23:33:19.469, 3, 42167, 97871, 100, 325.72
2026/09/22 23:33:19.669, 0, 42167, 97871, 100, 369.29
2026/09/22 23:33:19.669, 1, 42167, 97871, 100, 402.77
2026/09/22 23:33:19.670, 2, 42167, 97871, 100, 377.47
2026/09/22 23:33:19.670, 3, 42167, 97871, 100, 385.91
2026/09/22 23:33:19.870, 0, 42167, 97871, 100, 427.85
2026/09/22 23:33:19.870, 1, 42167, 97871, 100, 454.82
2026/09/22 23:33:19.870, 2, 42167, 97871, 100, 441.41
2026/09/22 23:33:19.870, 3, 42167, 97871, 100, 449.07
2026/09/22 23:33:20.070, 0, 42167, 97871, 100, 447.08
2026/09/22 23:33:20.070, 1, 42167, 97871, 100, 457.46
2026/09/22 23:33:20.070, 2, 42167, 97871, 100, 450.79
2026/09/22 23:33:20.070, 3, 42167, 97871, 100, 449.99
2026/09/22 23:33:20.270, 0, 42167, 97871, 100, 448.16
2026/09/22 23:33:20.270, 1, 42167, 97871, 100, 457.57
2026/09/22 23:33:20.270, 2, 42167, 97871, 100, 453.87
2026/09/22 23:33:20.270, 3, 42167, 97871, 100, 449.97
2026/09/22 23:33:20.471, 0, 42167, 97871, 100, 450.70
2026/09/22 23:33:20.471, 1, 42167, 97871, 100, 459.64
2026/09/22 23:33:20.471, 2, 42167, 97871, 100, 454.32
2026/09/22 23:33:20.471, 3, 42167, 97871, 100, 450.05
2026/09/22 23:33:20.671, 0, 42167, 97871, 100, 450.66
2026/09/22 23:33:20.671, 1, 42167, 97871, 100, 462.07
2026/09/22 23:33:20.671, 2, 42167, 97871, 100, 453.52
2026/09/22 23:33:20.671, 3, 42167, 97871, 100, 450.37
2026/09/22 23:33:20.871, 0, 42167, 97871, 100, 453.61
2026/09/22 23:33:20.871, 1, 42167, 97871, 100, 463.66
2026/09/22 23:33:20.871, 2, 42167, 97871, 100, 453.87
2026/09/22 23:33:20.871, 3, 42167, 97871, 100, 452.93
2026/09/22 23:33:21.071, 0, 42167, 97871, 100, 452.40
2026/09/22 23:33:21.071, 1, 42167, 97871, 100, 466.30
2026/09/22 23:33:21.071, 2, 42167, 97871, 100, 452.82
2026/09/22 23:33:21.071, 3, 42167, 97871, 100, 454.16
2026/09/22 23:33:21.271, 0, 42167, 97871, 100, 451.58
2026/09/22 23:33:21.271, 1, 42167, 97871, 100, 466.61
2026/09/22 23:33:21.271, 2, 42167, 97871, 100, 451.98
2026/09/22 23:33:21.271, 3, 42167, 97871, 100, 452.58
2026/09/22 23:33:21.471, 0, 42167, 97871, 100, 450.18
2026/09/22 23:33:21.471, 1, 42167, 97871, 100, 454.83
2026/09/22 23:33:21.471, 2, 42167, 97871, 99, 445.21
2026/09/22 23:33:21.471, 3, 42167, 97871, 96, 443.74
2026/09/22 23:33:21.671, 0, 42167, 97871, 100, 437.86
2026/09/22 23:33:21.671, 1, 42167, 97871, 100, 439.58
2026/09/22 23:33:21.671, 2, 42167, 97871, 100, 435.75
2026/09/22 23:33:21.671, 3, 42167, 97871, 100, 433.02
2026/09/22 23:33:21.872, 0, 42167, 97871, 100, 426.66
2026/09/22 23:33:21.872, 1, 42167, 97871, 100, 426.81
2026/09/22 23:33:21.872, 2, 42167, 97871, 100, 418.72
2026/09/22 23:33:21.872, 3, 42167, 97871, 100, 423.37
2026/09/22 23:33:22.072, 0, 42167, 97871, 83, 403.44
2026/09/22 23:33:22.072, 1, 42167, 97871, 100, 381.03
2026/09/22 23:33:22.072, 2, 42167, 97871, 64, 384.86
2026/09/22 23:33:22.072, 3, 42167, 97871, 39, 380.05
2026/09/22 23:33:22.272, 0, 42167, 97871, 0, 338.68
2026/09/22 23:33:22.272, 1, 42167, 97871, 0, 316.52
2026/09/22 23:33:22.272, 2, 42167, 97871, 0, 322.95
2026/09/22 23:33:22.272, 3, 42167, 97871, 0, 313.18
2026/09/22 23:33:22.472, 0, 42167, 97871, 69, 276.55
2026/09/22 23:33:22.472, 1, 42167, 97871, 13, 261.93
2026/09/22 23:33:22.472, 2, 42167, 97871, 81, 262.77
2026/09/22 23:33:22.472, 3, 42167, 97871, 100, 259.99
2026/09/22 23:33:22.672, 0, 42167, 97871, 97, 249.15
2026/09/22 23:33:22.672, 1, 42167, 97871, 99, 263.08
2026/09/22 23:33:22.672, 2, 42167, 97871, 98, 242.26
2026/09/22 23:33:22.672, 3, 42167, 97871, 97, 252.39
2026/09/22 23:33:22.872, 0, 42167, 97871, 100, 258.58
2026/09/22 23:33:22.872, 1, 42167, 97871, 100, 270.73
2026/09/22 23:33:22.872, 2, 42167, 97871, 100, 257.51
2026/09/22 23:33:22.872, 3, 42167, 97871, 100, 262.55
2026/09/22 23:33:23.072, 0, 42167, 97871, 100, 280.42
2026/09/22 23:33:23.072, 1, 42167, 97871, 100, 310.99
2026/09/22 23:33:23.072, 2, 42167, 97871, 100, 288.01
2026/09/22 23:33:23.072, 3, 42167, 97871, 100, 302.24
2026/09/22 23:33:23.273, 0, 42167, 97871, 100, 348.17
2026/09/22 23:33:23.273, 1, 42167, 97871, 100, 379.32
2026/09/22 23:33:23.273, 2, 42167, 97871, 100, 351.66
2026/09/22 23:33:23.273, 3, 42167, 97871, 100, 364.61
2026/09/22 23:33:23.473, 0, 42167, 97871, 95, 400.32
2026/09/22 23:33:23.473, 1, 42167, 97871, 100, 427.16
2026/09/22 23:33:23.473, 2, 42167, 97871, 94, 406.36
2026/09/22 23:33:23.473, 3, 42167, 97871, 95, 417.79
2026/09/22 23:33:23.673, 0, 42167, 97871, 100, 425.31
2026/09/22 23:33:23.673, 1, 42167, 97871, 100, 411.26
2026/09/22 23:33:23.673, 2, 42167, 97871, 91, 418.36
2026/09/22 23:33:23.673, 3, 42167, 97871, 65, 404.19
2026/09/22 23:33:23.873, 0, 42167, 97871, 0, 359.96
2026/09/22 23:33:23.873, 1, 42167, 97871, 0, 348.49
2026/09/22 23:33:23.873, 2, 42167, 97871, 0, 355.54
2026/09/22 23:33:23.873, 3, 42167, 97871, 0, 342.33
2026/09/22 23:33:24.073, 0, 42167, 97871, 0, 297.16
2026/09/22 23:33:24.073, 1, 42167, 97871, 0, 284.77
2026/09/22 23:33:24.073, 2, 42167, 97871, 0, 291.33
2026/09/22 23:33:24.073, 3, 42167, 97871, 0, 272.16
2026/09/22 23:33:24.274, 0, 42167, 97871, 0, 232.53
2026/09/22 23:33:24.274, 1, 42167, 97871, 0, 220.00
2026/09/22 23:33:24.274, 2, 42167, 97871, 0, 223.50
2026/09/22 23:33:24.274, 3, 42167, 97871, 0, 208.41
2026/09/22 23:33:24.474, 0, 42167, 97871, 0, 171.07
2026/09/22 23:33:24.474, 1, 42167, 97871, 0, 160.65
2026/09/22 23:33:24.474, 2, 42167, 97871, 0, 170.33
2026/09/22 23:33:24.474, 3, 42167, 97871, 0, 157.65
2026/09/22 23:33:24.674, 0, 42167, 97871, 0, 125.53
2026/09/22 23:33:24.674, 1, 42167, 97871, 0, 131.34
2026/09/22 23:33:24.674, 2, 42167, 97871, 0, 125.90
2026/09/22 23:33:24.674, 3, 42167, 97871, 0, 122.74
2026/09/22 23:33:24.874, 0, 42167, 97871, 0, 124.52
2026/09/22 23:33:24.875, 1, 42167, 97871, 0, 130.67
2026/09/22 23:33:24.875, 2, 42167, 97871, 0, 125.44
2026/09/22 23:33:24.875, 3, 42167, 97871, 0, 122.55
2026/09/22 23:33:25.075, 0, 42167, 97871, 0, 124.09
2026/09/22 23:33:25.075, 1, 42167, 97871, 0, 130.24
2026/09/22 23:33:25.075, 2, 42167, 97871, 0, 125.15
2026/09/22 23:33:25.075, 3, 42167, 97871, 0, 122.42
2026/09/22 23:33:25.275, 0, 42167, 97871, 0, 123.75
2026/09/22 23:33:25.275, 1, 42167, 97871, 0, 129.93
2026/09/22 23:33:25.275, 2, 42167, 97871, 0, 124.93
2026/09/22 23:33:25.275, 3, 42167, 97871, 0, 122.31
2026/09/22 23:33:25.475, 0, 42167, 97871, 0, 123.58
2026/09/22 23:33:25.475, 1, 42167, 97871, 0, 129.78
2026/09/22 23:33:25.475, 2, 42167, 97871, 0, 124.78
2026/09/22 23:33:25.475, 3, 42167, 97871, 0, 122.21
2026/09/22 23:33:25.675, 0, 42167, 97871, 0, 123.44
2026/09/22 23:33:25.675, 1, 42167, 97871, 0, 129.64
2026/09/22 23:33:25.675, 2, 42167, 97871, 0, 124.67
2026/09/22 23:33:25.675, 3, 42167, 97871, 0, 122.19
2026/09/22 23:33:25.875, 0, 42167, 97871, 0, 123.33
2026/09/22 23:33:25.875, 1, 42167, 97871, 0, 129.51
2026/09/22 23:33:25.876, 2, 42167, 97871, 0, 124.58
2026/09/22 23:33:25.876, 3, 42167, 97871, 0, 122.13
2026/09/22 23:33:26.076, 0, 42167, 97871, 0, 123.24
2026/09/22 23:33:26.076, 1, 42167, 97871, 0, 129.42
2026/09/22 23:33:26.076, 2, 42167, 97871, 0, 124.49
2026/09/22 23:33:26.076, 3, 42167, 97871, 0, 122.08
2026/09/22 23:33:26.276, 0, 42167, 97871, 0, 123.15
2026/09/22 23:33:26.276, 1, 42167, 97871, 0, 129.35
2026/09/22 23:33:26.276, 2, 42167, 97871, 0, 124.43
2026/09/22 23:33:26.276, 3, 42167, 97871, 0, 122.05
2026/09/22 23:33:26.476, 0, 42167, 97871, 0, 123.09
2026/09/22 23:33:26.476, 1, 42167, 97871, 0, 129.28
2026/09/22 23:33:26.476, 2, 42167, 97871, 0, 124.36
2026/09/22 23:33:26.476, 3, 42167, 97871, 0, 122.05
2026/09/22 23:33:26.676, 0, 42167, 97871, 0, 123.04
2026/09/22 23:33:26.676, 1, 42167, 97871, 0, 129.21
2026/09/22 23:33:26.676, 2, 42167, 97871, 0, 124.30
2026/09/22 23:33:26.676, 3, 42167, 97871, 0, 121.99
2026/09/22 23:33:26.876, 0, 42167, 97871, 0, 123.01
2026/09/22 23:33:26.876, 1, 42167, 97871, 0, 129.15
2026/09/22 23:33:26.876, 2, 42167, 97871, 0, 124.23
2026/09/22 23:33:26.876, 3, 42167, 97871, 0, 121.96
2026/09/22 23:33:27.076, 0, 42167, 97871, 0, 122.99
2026/09/22 23:33:27.076, 1, 42167, 97871, 0, 129.10
2026/09/22 23:33:27.076, 2, 42167, 97871, 0, 124.19
2026/09/22 23:33:27.076, 3, 42167, 97871, 0, 121.92
2026/09/22 23:33:27.276, 0, 42167, 97871, 0, 122.97
2026/09/22 23:33:27.276, 1, 42167, 97871, 0, 129.04
2026/09/22 23:33:27.276, 2, 42167, 97871, 0, 124.16
2026/09/22 23:33:27.276, 3, 42167, 97871, 0, 121.89
2026/09/22 23:33:27.477, 0, 42167, 97871, 0, 122.91
2026/09/22 23:33:27.477, 1, 42167, 97871, 0, 129.00
2026/09/22 23:33:27.477, 2, 42167, 97871, 0, 124.09
2026/09/22 23:33:27.477, 3, 42167, 97871, 0, 121.85
2026/09/22 23:33:27.677, 0, 42167, 97871, 0, 122.87
2026/09/22 23:33:27.677, 1, 42167, 97871, 0, 128.96
2026/09/22 23:33:27.677, 2, 42167, 97871, 0, 124.05
2026/09/22 23:33:27.677, 3, 42167, 97871, 0, 121.83
2026/09/22 23:33:27.877, 0, 42167, 97871, 0, 122.83
2026/09/22 23:33:27.877, 1, 42167, 97871, 0, 128.90
2026/09/22 23:33:27.877, 2, 42167, 97871, 0, 124.02
2026/09/22 23:33:27.877, 3, 42167, 97871, 0, 121.81
2026/09/22 23:33:28.077, 0, 42167, 97871, 0, 122.80
2026/09/22 23:33:28.077, 1, 42167, 97871, 0, 128.86
2026/09/22 23:33:28.077, 2, 42167, 97871, 0, 123.98
2026/09/22 23:33:28.077, 3, 42167, 97871, 0, 121.81
2026/09/22 23:33:28.277, 0, 42167, 97871, 0, 122.77
2026/09/22 23:33:28.277, 1, 42167, 97871, 0, 128.82
2026/09/22 23:33:28.277, 2, 42167, 97871, 0, 123.94
2026/09/22 23:33:28.277, 3, 42167, 97871, 0, 121.77
2026/09/22 23:33:28.477, 0, 42167, 97871, 0, 122.74
2026/09/22 23:33:28.477, 1, 42167, 97871, 0, 128.76
2026/09/22 23:33:28.477, 2, 42167, 97871, 0, 123.91
2026/09/22 23:33:28.477, 3, 42167, 97871, 0, 121.74
2026/09/22 23:33:28.677, 0, 42167, 97871, 0, 122.70
2026/09/22 23:33:28.677, 1, 42167, 97871, 0, 128.74
2026/09/22 23:33:28.677, 2, 42167, 97871, 0, 123.87
2026/09/22 23:33:28.677, 3, 42167, 97871, 0, 121.71
2026/09/22 23:33:28.877, 0, 42167, 97871, 0, 122.67
2026/09/22 23:33:28.877, 1, 42167, 97871, 0, 128.71
2026/09/22 23:33:28.878, 2, 42167, 97871, 0, 123.82
2026/09/22 23:33:28.878, 3, 42167, 97871, 0, 121.70
2026/09/22 23:33:29.078, 0, 42167, 97871, 0, 122.63
2026/09/22 23:33:29.078, 1, 42167, 97871, 0, 128.69
2026/09/22 23:33:29.078, 2, 42167, 97871, 0, 123.80
2026/09/22 23:33:29.078, 3, 42167, 97871, 0, 121.68
2026/09/22 23:33:29.278, 0, 42167, 97871, 0, 123.89
2026/09/22 23:33:29.278, 1, 42167, 97871, 23, 132.68
2026/09/22 23:33:29.278, 2, 42167, 97871, 0, 126.85
2026/09/22 23:33:29.278, 3, 42167, 97871, 4, 125.38
2026/09/22 23:33:29.478, 0, 42169, 97871, 57, 149.59
2026/09/22 23:33:29.478, 1, 42169, 97871, 94, 169.44
2026/09/22 23:33:29.478, 2, 42169, 97871, 74, 156.71
2026/09/22 23:33:29.478, 3, 42169, 97871, 94, 161.82
2026/09/22 23:33:29.678, 0, 42169, 97871, 14, 163.61
2026/09/22 23:33:29.678, 1, 42169, 97871, 0, 172.52
2026/09/22 23:33:29.678, 2, 42169, 97871, 0, 166.25
2026/09/22 23:33:29.679, 3, 42169, 97871, 0, 166.05
2026/09/22 23:33:29.879, 0, 42169, 97871, 0, 163.65
2026/09/22 23:33:29.879, 1, 42169, 97871, 0, 171.74
2026/09/22 23:33:29.879, 2, 42169, 97871, 0, 166.21
2026/09/22 23:33:29.879, 3, 42169, 97871, 0, 166.07
2026/09/22 23:33:30.079, 0, 42169, 97871, 62, 165.78
2026/09/22 23:33:30.079, 1, 42169, 97871, 100, 177.27
2026/09/22 23:33:30.079, 2, 42169, 97871, 77, 166.76
2026/09/22 23:33:30.079, 3, 42169, 97871, 100, 172.18
2026/09/22 23:33:30.279, 0, 42169, 97871, 100, 212.09
2026/09/22 23:33:30.279, 1, 42169, 97871, 100, 236.41
2026/09/22 23:33:30.279, 2, 42169, 97871, 100, 223.36
2026/09/22 23:33:30.279, 3, 42169, 97871, 100, 233.95
2026/09/22 23:33:30.479, 0, 42169, 97871, 100, 253.28
2026/09/22 23:33:30.479, 1, 42169, 97871, 100, 264.73
2026/09/22 23:33:30.479, 2, 42169, 97871, 100, 256.38
2026/09/22 23:33:30.479, 3, 42169, 97871, 100, 261.82
2026/09/22 23:33:30.679, 0, 42169, 97871, 100, 298.55
2026/09/22 23:33:30.679, 1, 42169, 97871, 100, 322.88
2026/09/22 23:33:30.679, 2, 42169, 97871, 100, 308.76
2026/09/22 23:33:30.679, 3, 42169, 97871, 100, 322.74
2026/09/22 23:33:30.879, 0, 42169, 97871, 98, 351.31
2026/09/22 23:33:30.879, 1, 42169, 97871, 98, 374.98
2026/09/22 23:33:30.879, 2, 42169, 97871, 98, 361.89
2026/09/22 23:33:30.879, 3, 42169, 97871, 99, 374.97
2026/09/22 23:33:31.080, 0, 42169, 97871, 100, 392.72
2026/09/22 23:33:31.080, 1, 42169, 97871, 57, 400.48
2026/09/22 23:33:31.080, 2, 42169, 97871, 84, 393.78
2026/09/22 23:33:31.080, 3, 42169, 97871, 59, 394.82
2026/09/22 23:33:31.280, 0, 42169, 97871, 0, 350.91
2026/09/22 23:33:31.280, 1, 42169, 97871, 0, 340.55
2026/09/22 23:33:31.280, 2, 42169, 97871, 0, 340.47
2026/09/22 23:33:31.280, 3, 42169, 97871, 0, 332.33
2026/09/22 23:33:31.480, 0, 42169, 97871, 0, 287.16
2026/09/22 23:33:31.480, 1, 42169, 97871, 0, 277.70
2026/09/22 23:33:31.480, 2, 42169, 97871, 0, 279.91
2026/09/22 23:33:31.480, 3, 42169, 97871, 0, 265.49
2026/09/22 23:33:31.680, 0, 42169, 97871, 80, 244.14
2026/09/22 23:33:31.680, 1, 42169, 97871, 96, 243.99
2026/09/22 23:33:31.680, 2, 42169, 97871, 88, 234.69
2026/09/22 23:33:31.680, 3, 42169, 97871, 97, 232.25
2026/09/22 23:33:31.880, 0, 42169, 97871, 99, 246.48
2026/09/22 23:33:31.880, 1, 42169, 97871, 99, 251.59
2026/09/22 23:33:31.880, 2, 42169, 97871, 99, 244.18
2026/09/22 23:33:31.880, 3, 42169, 97871, 99, 243.66
2026/09/22 23:33:32.080, 0, 42169, 97871, 100, 251.87
2026/09/22 23:33:32.080, 1, 42169, 97871, 100, 270.23
2026/09/22 23:33:32.080, 2, 42169, 97871, 100, 260.92
2026/09/22 23:33:32.080, 3, 42169, 97871, 100, 265.29
2026/09/22 23:33:32.281, 0, 42169, 97871, 42, 274.23
2026/09/22 23:33:32.281, 1, 42169, 97871, 0, 283.29
2026/09/22 23:33:32.281, 2, 42169, 97871, 23, 275.66
2026/09/22 23:33:32.281, 3, 42169, 97871, 0, 278.74
2026/09/22 23:33:32.481, 0, 42169, 97871, 0, 277.45
2026/09/22 23:33:32.481, 1, 42169, 97871, 0, 280.49
2026/09/22 23:33:32.481, 2, 42169, 97871, 0, 278.75
2026/09/22 23:33:32.481, 3, 42169, 97871, 0, 278.80
2026/09/22 23:33:32.681, 0, 42169, 97871, 0, 261.76
2026/09/22 23:33:32.681, 1, 42169, 97871, 0, 252.14
2026/09/22 23:33:32.681, 2, 42169, 97871, 0, 260.27
2026/09/22 23:33:32.681, 3, 42169, 97871, 0, 251.44
2026/09/22 23:33:32.881, 0, 42169, 97871, 0, 197.87
2026/09/22 23:33:32.882, 1, 42169, 97871, 0, 190.38
2026/09/22 23:33:32.882, 2, 42169, 97871, 0, 193.02
2026/09/22 23:33:32.882, 3, 42169, 97871, 0, 187.04
2026/09/22 23:33:33.082, 0, 42169, 97871, 0, 149.10
2026/09/22 23:33:33.082, 1, 42169, 97871, 0, 140.16
2026/09/22 23:33:33.082, 2, 42169, 97871, 0, 147.27
2026/09/22 23:33:33.082, 3, 42169, 97871, 0, 132.77
2026/09/22 23:33:33.282, 0, 42169, 97871, 0, 123.32
2026/09/22 23:33:33.282, 1, 42169, 97871, 0, 129.49
2026/09/22 23:33:33.282, 2, 42169, 97871, 0, 124.64
2026/09/22 23:33:33.282, 3, 42169, 97871, 0, 122.05
2026/09/22 23:33:33.482, 0, 42169, 97871, 0, 123.11
2026/09/22 23:33:33.482, 1, 42169, 97871, 0, 129.23
2026/09/22 23:33:33.482, 2, 42169, 97871, 0, 124.41
2026/09/22 23:33:33.483, 3, 42169, 97871, 0, 121.94
2026/09/22 23:33:33.683, 0, 42169, 97871, 0, 123.00
2026/09/22 23:33:33.683, 1, 42169, 97871, 0, 129.08
2026/09/22 23:33:33.683, 2, 42169, 97871, 0, 124.29
2026/09/22 23:33:33.683, 3, 42169, 97871, 0, 121.88
2026/09/22 23:33:33.883, 0, 42169, 97871, 0, 122.89
2026/09/22 23:33:33.883, 1, 42169, 97871, 0, 128.98
2026/09/22 23:33:33.883, 2, 42169, 97871, 0, 124.18
2026/09/22 23:33:33.883, 3, 42169, 97871, 0, 121.83
2026/09/22 23:33:34.083, 0, 42169, 97871, 0, 122.81
2026/09/22 23:33:34.083, 1, 42169, 97871, 0, 128.88
2026/09/22 23:33:34.083, 2, 42169, 97871, 0, 124.12
2026/09/22 23:33:34.083, 3, 42169, 97871, 0, 121.82
2026/09/22 23:33:34.283, 0, 42169, 97871, 0, 122.73
2026/09/22 23:33:34.283, 1, 42169, 97871, 0, 128.84
2026/09/22 23:33:34.283, 2, 42169, 97871, 0, 124.04
2026/09/22 23:33:34.283, 3, 42169, 97871, 0, 121.75
2026/09/22 23:33:34.483, 0, 42169, 97871, 0, 122.67
2026/09/22 23:33:34.483, 1, 42169, 97871, 0, 128.79
2026/09/22 23:33:34.483, 2, 42169, 97871, 0, 124.00
2026/09/22 23:33:34.483, 3, 42169, 97871, 0, 121.71
2026/09/22 23:33:34.683, 0, 42169, 97871, 0, 122.61
2026/09/22 23:33:34.683, 1, 42169, 97871, 0, 128.74
2026/09/22 23:33:34.683, 2, 42169, 97871, 0, 123.90
2026/09/22 23:33:34.683, 3, 42169, 97871, 0, 121.65
2026/09/22 23:33:34.883, 0, 42169, 97871, 0, 122.60
2026/09/22 23:33:34.884, 1, 42169, 97871, 0, 128.69
2026/09/22 23:33:34.884, 2, 42169, 97871, 0, 123.86
2026/09/22 23:33:34.884, 3, 42169, 97871, 0, 121.64
2026/09/22 23:33:35.084, 0, 42169, 97871, 0, 122.56
2026/09/22 23:33:35.084, 1, 42169, 97871, 0, 128.63
2026/09/22 23:33:35.084, 2, 42169, 97871, 0, 123.79
2026/09/22 23:33:35.084, 3, 42169, 97871, 0, 121.59
2026/09/22 23:33:35.284, 0, 42169, 97871, 0, 122.53
2026/09/22 23:33:35.284, 1, 42169, 97871, 0, 128.63
2026/09/22 23:33:35.284, 2, 42169, 97871, 0, 123.75
2026/09/22 23:33:35.284, 3, 42169, 97871, 0, 121.58
2026/09/22 23:33:35.484, 0, 42169, 97871, 0, 122.52
2026/09/22 23:33:35.484, 1, 42169, 97871, 0, 128.55
2026/09/22 23:33:35.484, 2, 42169, 97871, 0, 123.70
2026/09/22 23:33:35.484, 3, 42169, 97871, 0, 121.55
2026/09/22 23:33:35.684, 0, 42169, 97871, 0, 122.51
2026/09/22 23:33:35.684, 1, 42169, 97871, 0, 128.52
2026/09/22 23:33:35.684, 2, 42169, 97871, 0, 123.69
2026/09/22 23:33:35.684, 3, 42169, 97871, 0, 121.55
2026/09/22 23:33:35.884, 0, 42169, 97871, 0, 122.46
2026/09/22 23:33:35.884, 1, 42169, 97871, 0, 128.49
2026/09/22 23:33:35.884, 2, 42169, 97871, 0, 123.66
2026/09/22 23:33:35.884, 3, 42169, 97871, 0, 121.50
2026/09/22 23:33:36.084, 0, 42169, 97871, 0, 122.43
2026/09/22 23:33:36.084, 1, 42169, 97871, 0, 128.46
2026/09/22 23:33:36.084, 2, 42169, 97871, 0, 123.63
2026/09/22 23:33:36.084, 3, 42169, 97871, 0, 121.47
2026/09/22 23:33:36.284, 0, 42169, 97871, 0, 122.40
2026/09/22 23:33:36.285, 1, 42169, 97871, 0, 128.40
2026/09/22 23:33:36.285, 2, 42169, 97871, 0, 123.59
2026/09/22 23:33:36.285, 3, 42169, 97871, 0, 121.46
2026/09/22 23:33:36.485, 0, 42169, 97871, 0, 122.33
2026/09/22 23:33:36.485, 1, 42169, 97871, 0, 128.38
2026/09/22 23:33:36.485, 2, 42169, 97871, 0, 123.57
2026/09/22 23:33:36.485, 3, 42169, 97871, 0, 121.44
2026/09/22 23:33:36.685, 0, 42169, 97871, 0, 122.30
2026/09/22 23:33:36.685, 1, 42169, 97871, 0, 128.32
2026/09/22 23:33:36.685, 2, 42169, 97871, 0, 123.53
2026/09/22 23:33:36.685, 3, 42169, 97871, 0, 121.42
2026/09/22 23:33:36.885, 0, 42169, 97871, 0, 122.24
2026/09/22 23:33:36.885, 1, 42169, 97871, 0, 128.29
2026/09/22 23:33:36.885, 2, 42169, 97871, 0, 123.48
2026/09/22 23:33:36.885, 3, 42169, 97871, 0, 121.38
2026/09/22 23:33:37.085, 0, 42169, 97871, 0, 122.20
2026/09/22 23:33:37.085, 1, 42169, 97871, 0, 128.27
2026/09/22 23:33:37.085, 2, 42169, 97871, 0, 123.46
2026/09/22 23:33:37.085, 3, 42169, 97871, 0, 121.36
2026/09/22 23:33:37.285, 0, 42169, 97871, 0, 122.20
2026/09/22 23:33:37.285, 1, 42169, 97871, 0, 128.24
2026/09/22 23:33:37.285, 2, 42169, 97871, 0, 123.42
2026/09/22 23:33:37.285, 3, 42169, 97871, 0, 121.34
2026/09/22 23:33:37.485, 0, 42169, 97871, 13, 124.99
2026/09/22 23:33:37.485, 1, 42169, 97871, 50, 132.76
2026/09/22 23:33:37.485, 2, 42169, 97871, 31, 127.47
2026/09/22 23:33:37.486, 3, 42169, 97871, 9, 125.39
2026/09/22 23:33:37.686, 0, 42169, 97871, 26, 140.00
2026/09/22 23:33:37.686, 1, 42169, 97871, 60, 160.29
2026/09/22 23:33:37.686, 2, 42169, 97871, 43, 150.54
2026/09/22 23:33:37.686, 3, 42169, 97871, 56, 151.72
2026/09/22 23:33:37.886, 0, 42169, 97871, 0, 152.91
2026/09/22 23:33:37.886, 1, 42169, 97871, 0, 160.20
2026/09/22 23:33:37.886, 2, 42169, 97871, 0, 154.79
2026/09/22 23:33:37.886, 3, 42169, 97871, 0, 153.25
2026/09/22 23:33:38.086, 0, 42169, 97871, 0, 153.58
2026/09/22 23:33:38.086, 1, 42169, 97871, 18, 162.05
2026/09/22 23:33:38.086, 2, 42169, 97871, 0, 155.99
2026/09/22 23:33:38.086, 3, 42169, 97871, 18, 154.85
2026/09/22 23:33:38.286, 0, 42169, 97871, 97, 177.35
2026/09/22 23:33:38.286, 1, 42169, 97871, 97, 208.73
2026/09/22 23:33:38.286, 2, 42169, 97871, 97, 191.91
2026/09/22 23:33:38.286, 3, 42169, 97871, 97, 197.44
2026/09/22 23:33:38.486, 0, 42169, 97871, 100, 236.17
2026/09/22 23:33:38.486, 1, 42169, 97871, 100, 273.43
2026/09/22 23:33:38.487, 2, 42169, 97871, 100, 254.36
2026/09/22 23:33:38.487, 3, 42169, 97871, 100, 261.92
2026/09/22 23:33:38.687, 0, 42169, 97871, 100, 290.86
2026/09/22 23:33:38.687, 1, 42169, 97871, 100, 311.37
2026/09/22 23:33:38.687, 2, 42169, 97871, 100, 294.51
2026/09/22 23:33:38.687, 3, 42169, 97871, 100, 300.93
2026/09/22 23:33:38.887, 0, 42169, 97871, 90, 330.36
2026/09/22 23:33:38.887, 1, 42169, 97871, 100, 361.91
2026/09/22 23:33:38.887, 2, 42169, 97871, 90, 336.21
2026/09/22 23:33:38.887, 3, 42169, 97871, 99, 346.88
2026/09/22 23:33:39.087, 0, 42169, 97871, 59, 361.52
2026/09/22 23:33:39.087, 1, 42169, 97871, 12, 370.07
2026/09/22 23:33:39.087, 2, 42169, 97871, 40, 361.05
2026/09/22 23:33:39.087, 3, 42169, 97871, 15, 361.05
2026/09/22 23:33:39.287, 0, 42169, 97871, 0, 337.50
2026/09/22 23:33:39.287, 1, 42169, 97871, 0, 322.32
2026/09/22 23:33:39.287, 2, 42169, 97871, 0, 326.38
2026/09/22 23:33:39.287, 3, 42169, 97871, 0, 325.25
2026/09/22 23:33:39.487, 0, 42169, 97871, 0, 275.90
2026/09/22 23:33:39.487, 1, 42169, 97871, 0, 258.78
2026/09/22 23:33:39.487, 2, 42169, 97871, 0, 258.82
2026/09/22 23:33:39.487, 3, 42169, 97871, 0, 259.30
2026/09/22 23:33:39.687, 0, 42169, 97871, 79, 233.87
2026/09/22 23:33:39.687, 1, 42169, 97871, 96, 238.65
2026/09/22 23:33:39.687, 2, 42169, 97871, 86, 229.29
2026/09/22 23:33:39.687, 3, 42169, 97871, 97, 232.97
2026/09/22 23:33:39.888, 0, 42169, 97871, 99, 236.99
2026/09/22 23:33:39.888, 1, 42169, 97871, 96, 242.40
2026/09/22 23:33:39.888, 2, 42169, 97871, 99, 232.91
2026/09/22 23:33:39.888, 3, 42169, 97871, 96, 234.19
2026/09/22 23:33:40.088, 0, 42169, 97871, 100, 250.70
2026/09/22 23:33:40.088, 1, 42169, 97871, 100, 265.56
2026/09/22 23:33:40.088, 2, 42169, 97871, 100, 256.65
2026/09/22 23:33:40.088, 3, 42169, 97871, 100, 260.54
2026/09/22 23:33:40.288, 0, 42169, 97871, 0, 258.21
2026/09/22 23:33:40.288, 1, 42169, 97871, 0, 265.59
2026/09/22 23:33:40.288, 2, 42169, 97871, 0, 258.09
2026/09/22 23:33:40.288, 3, 42169, 97871, 0, 263.80
2026/09/22 23:33:40.488, 0, 42169, 97871, 0, 258.06
2026/09/22 23:33:40.488, 1, 42169, 97871, 0, 268.22
2026/09/22 23:33:40.488, 2, 42169, 97871, 0, 258.12
2026/09/22 23:33:40.488, 3, 42169, 97871, 0, 261.17
2026/09/22 23:33:40.689, 0, 42169, 97871, 0, 207.62
2026/09/22 23:33:40.689, 1, 42169, 97871, 0, 223.70
2026/09/22 23:33:40.689, 2, 42169, 97871, 0, 231.55
2026/09/22 23:33:40.689, 3, 42169, 97871, 0, 228.33
2026/09/22 23:33:40.889, 0, 42169, 97871, 0, 157.04
2026/09/22 23:33:40.889, 1, 42169, 97871, 0, 171.56
2026/09/22 23:33:40.889, 2, 42169, 97871, 0, 173.03
2026/09/22 23:33:40.889, 3, 42169, 97871, 0, 171.49
2026/09/22 23:33:41.089, 0, 42169, 97871, 0, 123.05
2026/09/22 23:33:41.089, 1, 42169, 97871, 0, 129.48
2026/09/22 23:33:41.089, 2, 42169, 97871, 0, 125.64
2026/09/22 23:33:41.089, 3, 42169, 97871, 0, 122.78
2026/09/22 23:33:41.289, 0, 42169, 97871, 0, 122.75
2026/09/22 23:33:41.290, 1, 42169, 97871, 0, 128.90
2026/09/22 23:33:41.290, 2, 42169, 97871, 0, 124.12
2026/09/22 23:33:41.290, 3, 42169, 97871, 0, 122.33
2026/09/22 23:33:41.490, 0, 42169, 97871, 0, 122.62
2026/09/22 23:33:41.490, 1, 42169, 97871, 0, 128.74
2026/09/22 23:33:41.490, 2, 42169, 97871, 0, 123.96
2026/09/22 23:33:41.490, 3, 42169, 97871, 0, 122.24
2026/09/22 23:33:41.690, 0, 42169, 97871, 0, 122.56
2026/09/22 23:33:41.690, 1, 42169, 97871, 0, 128.65
2026/09/22 23:33:41.690, 2, 42169, 97871, 0, 123.86
2026/09/22 23:33:41.690, 3, 42169, 97871, 0, 122.18
2026/09/22 23:33:41.890, 0, 42169, 97871, 0, 122.47
2026/09/22 23:33:41.890, 1, 42169, 97871, 0, 128.56
2026/09/22 23:33:41.890, 2, 42169, 97871, 0, 123.76
2026/09/22 23:33:41.890, 3, 42169, 97871, 0, 122.12
2026/09/22 23:33:42.090, 0, 42169, 97871, 0, 122.46
2026/09/22 23:33:42.090, 1, 42169, 97871, 0, 128.49
2026/09/22 23:33:42.090, 2, 42169, 97871, 0, 123.68
2026/09/22 23:33:42.090, 3, 42169, 97871, 0, 122.06
2026/09/22 23:33:42.290, 0, 42169, 97871, 0, 122.41
2026/09/22 23:33:42.290, 1, 42169, 97871, 0, 128.42
2026/09/22 23:33:42.290, 2, 42169, 97871, 0, 123.64
2026/09/22 23:33:42.290, 3, 42169, 97871, 0, 122.00
2026/09/22 23:33:42.490, 0, 42169, 97871, 0, 122.36
2026/09/22 23:33:42.491, 1, 42169, 97871, 0, 128.39
2026/09/22 23:33:42.491, 2, 42169, 97871, 0, 123.57
2026/09/22 23:33:42.491, 3, 42169, 97871, 0, 121.97
2026/09/22 23:33:42.691, 0, 42169, 97871, 0, 122.32
2026/09/22 23:33:42.691, 1, 42169, 97871, 0, 128.33
2026/09/22 23:33:42.691, 2, 42169, 97871, 0, 123.52
2026/09/22 23:33:42.691, 3, 42169, 97871, 0, 121.94
2026/09/22 23:33:42.891, 0, 42169, 97871, 0, 122.29
2026/09/22 23:33:42.891, 1, 42169, 97871, 0, 128.31
2026/09/22 23:33:42.891, 2, 42169, 97871, 0, 123.45
2026/09/22 23:33:42.891, 3, 42169, 97871, 0, 121.91
2026/09/22 23:33:43.091, 0, 42169, 97871, 0, 122.19
2026/09/22 23:33:43.091, 1, 42169, 97871, 0, 128.29
2026/09/22 23:33:43.091, 2, 42169, 97871, 0, 123.43
2026/09/22 23:33:43.091, 3, 42169, 97871, 0, 121.89
2026/09/22 23:33:43.291, 0, 42169, 97871, 0, 122.18
2026/09/22 23:33:43.291, 1, 42169, 97871, 0, 128.26
2026/09/22 23:33:43.291, 2, 42169, 97871, 0, 123.37
2026/09/22 23:33:43.291, 3, 42169, 97871, 0, 121.87
2026/09/22 23:33:43.491, 0, 42169, 97871, 0, 122.17
2026/09/22 23:33:43.491, 1, 42169, 97871, 0, 128.23
2026/09/22 23:33:43.491, 2, 42169, 97871, 0, 123.35
2026/09/22 23:33:43.491, 3, 42169, 97871, 0, 121.83
2026/09/22 23:33:43.691, 0, 42169, 97871, 0, 122.13
2026/09/22 23:33:43.691, 1, 42169, 97871, 0, 128.17
2026/09/22 23:33:43.691, 2, 42169, 97871, 0, 123.32
2026/09/22 23:33:43.691, 3, 42169, 97871, 0, 121.81
2026/09/22 23:33:43.891, 0, 42169, 97871, 0, 122.11
2026/09/22 23:33:43.892, 1, 42169, 97871, 0, 128.11
2026/09/22 23:33:43.892, 2, 42169, 97871, 0, 123.31
2026/09/22 23:33:43.892, 3, 42169, 97871, 0, 121.80
2026/09/22 23:33:44.092, 0, 42169, 97871, 0, 122.12
2026/09/22 23:33:44.092, 1, 42169, 97871, 0, 128.08
2026/09/22 23:33:44.092, 2, 42169, 97871, 0, 123.27
2026/09/22 23:33:44.092, 3, 42169, 97871, 0, 121.79
2026/09/22 23:33:44.292, 0, 42169, 97871, 0, 122.08
2026/09/22 23:33:44.292, 1, 42169, 97871, 0, 128.04
2026/09/22 23:33:44.292, 2, 42169, 97871, 0, 123.25
2026/09/22 23:33:44.292, 3, 42169, 97871, 0, 121.78
2026/09/22 23:33:44.492, 0, 42169, 97871, 0, 122.07
2026/09/22 23:33:44.492, 1, 42169, 97871, 0, 128.00
2026/09/22 23:33:44.492, 2, 42169, 97871, 0, 123.21
2026/09/22 23:33:44.492, 3, 42169, 97871, 0, 121.75
2026/09/22 23:33:44.692, 0, 42169, 97871, 0, 122.07
2026/09/22 23:33:44.692, 1, 42169, 97871, 0, 128.01
2026/09/22 23:33:44.692, 2, 42169, 97871, 0, 123.19
2026/09/22 23:33:44.692, 3, 42169, 97871, 0, 121.77
2026/09/22 23:33:44.892, 0, 42169, 97871, 0, 122.04
2026/09/22 23:33:44.892, 1, 42169, 97871, 0, 127.98
2026/09/22 23:33:44.892, 2, 42169, 97871, 0, 123.17
2026/09/22 23:33:44.892, 3, 42169, 97871, 0, 121.76
2026/09/22 23:33:45.092, 0, 42169, 97871, 0, 122.03
2026/09/22 23:33:45.092, 1, 42169, 97871, 0, 127.96
2026/09/22 23:33:45.092, 2, 42169, 97871, 0, 123.14
2026/09/22 23:33:45.092, 3, 42169, 97871, 0, 121.75
2026/09/22 23:33:45.293, 0, 42169, 97871, 0, 125.33
2026/09/22 23:33:45.293, 1, 42169, 97871, 0, 131.20
2026/09/22 23:33:45.293, 2, 42169, 97871, 0, 124.95
2026/09/22 23:33:45.293, 3, 42169, 97871, 0, 124.40
2026/09/22 23:33:45.493, 0, 42169, 97871, 37, 136.68
2026/09/22 23:33:45.493, 1, 42169, 97871, 44, 143.49
2026/09/22 23:33:45.493, 2, 42169, 97871, 42, 137.97
2026/09/22 23:33:45.493, 3, 42169, 97871, 42, 137.93
2026/09/22 23:33:45.693, 0, 42169, 97871, 0, 153.74
2026/09/22 23:33:45.693, 1, 42169, 97871, 0, 155.71
2026/09/22 23:33:45.693, 2, 42169, 97871, 0, 138.26
2026/09/22 23:33:45.693, 3, 42169, 97871, 0, 143.83
2026/09/22 23:33:45.893, 0, 42169, 97871, 87, 192.17
2026/09/22 23:33:45.893, 1, 42169, 97871, 88, 195.95
2026/09/22 23:33:45.893, 2, 42169, 97871, 86, 183.62
2026/09/22 23:33:45.893, 3, 42169, 97871, 85, 192.51
2026/09/22 23:33:46.093, 0, 42169, 97871, 0, 192.41
2026/09/22 23:33:46.094, 1, 42169, 97871, 0, 198.04
2026/09/22 23:33:46.094, 2, 42169, 97871, 0, 188.53
2026/09/22 23:33:46.094, 3, 42169, 97871, 0, 194.10
2026/09/22 23:33:46.294, 0, 42169, 97871, 0, 189.18
2026/09/22 23:33:46.294, 1, 42169, 97871, 0, 194.09
2026/09/22 23:33:46.294, 2, 42169, 97871, 0, 187.82
2026/09/22 23:33:46.294, 3, 42169, 97871, 0, 191.40
2026/09/22 23:33:46.494, 0, 42169, 97871, 0, 177.91
2026/09/22 23:33:46.494, 1, 42169, 97871, 0, 181.90
2026/09/22 23:33:46.494, 2, 42169, 97871, 0, 174.79
2026/09/22 23:33:46.494, 3, 42169, 97871, 15, 183.24
2026/09/22 23:33:46.694, 0, 42169, 97871, 99, 221.51
2026/09/22 23:33:46.694, 1, 42169, 97871, 99, 233.30
2026/09/22 23:33:46.694, 2, 42169, 97871, 99, 215.65
2026/09/22 23:33:46.694, 3, 42169, 97871, 99, 237.09
2026/09/22 23:33:46.894, 0, 42169, 97871, 93, 233.82
2026/09/22 23:33:46.894, 1, 42169, 97871, 93, 235.56
2026/09/22 23:33:46.894, 2, 42169, 97871, 92, 227.97
2026/09/22 23:33:46.894, 3, 42169, 97871, 98, 226.43
2026/09/22 23:33:47.094, 0, 42169, 97871, 100, 265.27
2026/09/22 23:33:47.094, 1, 42169, 97871, 100, 267.25
2026/09/22 23:33:47.094, 2, 42169, 97871, 100, 266.57
2026/09/22 23:33:47.094, 3, 42169, 97871, 100, 265.08
2026/09/22 23:33:47.295, 0, 42169, 97871, 0, 265.36
2026/09/22 23:33:47.295, 1, 42169, 97871, 0, 270.18
2026/09/22 23:33:47.295, 2, 42169, 97871, 0, 267.80
2026/09/22 23:33:47.295, 3, 42169, 97871, 0, 265.52
2026/09/22 23:33:47.495, 0, 42169, 97871, 0, 265.17
2026/09/22 23:33:47.495, 1, 42169, 97871, 0, 267.28
2026/09/22 23:33:47.495, 2, 42169, 97871, 0, 265.07
2026/09/22 23:33:47.495, 3, 42169, 97871, 0, 265.15
2026/09/22 23:33:47.695, 0, 42169, 97871, 0, 211.90
2026/09/22 23:33:47.695, 1, 42169, 97871, 0, 211.25
2026/09/22 23:33:47.695, 2, 42169, 97871, 0, 231.10
2026/09/22 23:33:47.695, 3, 42169, 97871, 0, 206.10
2026/09/22 23:33:47.895, 0, 42169, 97871, 0, 160.18
2026/09/22 23:33:47.895, 1, 42169, 97871, 0, 163.65
2026/09/22 23:33:47.895, 2, 42169, 97871, 0, 170.78
2026/09/22 23:33:47.895, 3, 42169, 97871, 0, 170.09
2026/09/22 23:33:48.095, 0, 42169, 97871, 0, 122.51
2026/09/22 23:33:48.095, 1, 42169, 97871, 0, 128.50
2026/09/22 23:33:48.095, 2, 42169, 97871, 0, 124.76
2026/09/22 23:33:48.095, 3, 42169, 97871, 0, 122.32
2026/09/22 23:33:48.295, 0, 42169, 97871, 0, 122.37
2026/09/22 23:33:48.295, 1, 42169, 97871, 0, 128.30
2026/09/22 23:33:48.295, 2, 42169, 97871, 0, 123.51
2026/09/22 23:33:48.295, 3, 42169, 97871, 0, 121.92
2026/09/22 23:33:48.495, 0, 41635, 97871, 0, 122.31
2026/09/22 23:33:48.495, 1, 41635, 97871, 0, 128.20
2026/09/22 23:33:48.496, 2, 41635, 97871, 0, 123.37
2026/09/22 23:33:48.496, 3, 41635, 97871, 0, 121.88
2026/09/22 23:33:48.696, 0, 41601, 97871, 2, 122.32
2026/09/22 23:33:48.696, 1, 41601, 97871, 1, 128.14
2026/09/22 23:33:48.696, 2, 41601, 97871, 1, 123.35
2026/09/22 23:33:48.696, 3, 41601, 97871, 1, 121.87
2026/09/22 23:33:48.896, 0, 41601, 97871, 0, 122.25
2026/09/22 23:33:48.896, 1, 41601, 97871, 0, 128.07
2026/09/22 23:33:48.896, 2, 41601, 97871, 0, 123.29
2026/09/22 23:33:48.896, 3, 41601, 97871, 0, 121.82
2026/09/22 23:33:49.096, 0, 41601, 97871, 0, 122.22
2026/09/22 23:33:49.096, 1, 41601, 97871, 0, 128.03
2026/09/22 23:33:49.096, 2, 41601, 97871, 0, 123.22
2026/09/22 23:33:49.096, 3, 41601, 97871, 0, 121.77
2026/09/22 23:33:49.296, 0, 41601, 97871, 0, 122.17
2026/09/22 23:33:49.296, 1, 41601, 97871, 0, 127.96
2026/09/22 23:33:49.296, 2, 41601, 97871, 0, 123.18
2026/09/22 23:33:49.296, 3, 41601, 97871, 0, 121.75
2026/09/22 23:33:49.496, 0, 41601, 97871, 0, 122.13
2026/09/22 23:33:49.496, 1, 41601, 97871, 0, 127.92
2026/09/22 23:33:49.496, 2, 41601, 97871, 0, 123.13
2026/09/22 23:33:49.496, 3, 41601, 97871, 0, 121.70
2026/09/22 23:33:49.696, 0, 41601, 97871, 0, 121.99
2026/09/22 23:33:49.697, 1, 41601, 97871, 0, 127.86
2026/09/22 23:33:49.697, 2, 41601, 97871, 0, 123.04
2026/09/22 23:33:49.697, 3, 41601, 97871, 0, 121.66
2026/09/22 23:33:49.897, 0, 41601, 97871, 0, 121.92
2026/09/22 23:33:49.897, 1, 41601, 97871, 0, 127.82
2026/09/22 23:33:49.897, 2, 41601, 97871, 0, 123.00
2026/09/22 23:33:49.897, 3, 41601, 97871, 0, 121.63
2026/09/22 23:33:50.097, 0, 41601, 97871, 0, 121.88
2026/09/22 23:33:50.101, 1, 41601, 97871, 0, 127.77
2026/09/22 23:33:50.111, 2, 41601, 97871, 0, 123.00
2026/09/22 23:33:50.119, 3, 41601, 97871, 0, 121.62
2026/09/22 23:33:50.319, 0, 41594, 97871, 0, 122.60
2026/09/22 23:33:50.499, 1, 498, 97871, 48, 132.84
2026/09/22 23:33:50.889, 2, 18, 97871, 22, 126.51
2026/09/22 23:33:50.889, 3, 117, 97871, 0, 126.73
2026/09/22 23:33:51.089, 0, 0, 97871, 0, 126.22
2026/09/22 23:33:51.194, 1, 0, 97871, 0, 133.62
2026/09/22 23:33:51.194, 2, 0, 97871, 48, 128.86
2026/09/22 23:33:51.194, 3, 0, 97871, 0, 127.39
2026/09/22 23:33:51.394, 0, 0, 97871, 48, 127.82
2026/09/22 23:33:51.394, 1, 0, 97871, 0, 133.61
2026/09/22 23:33:51.394, 2, 0, 97871, 0, 128.88
2026/09/22 23:33:51.394, 3, 0, 97871, 0, 127.20
2026/09/22 23:33:51.594, 0, 0, 97871, 0, 127.89
2026/09/22 23:33:51.594, 1, 0, 97871, 0, 132.62
2026/09/22 23:33:51.594, 2, 0, 97871, 0, 128.76
2026/09/22 23:33:51.594, 3, 0, 97871, 0, 124.51
2026/09/22 23:33:51.794, 0, 0, 97871, 0, 127.86
2026/09/22 23:33:51.794, 1, 0, 97871, 0, 130.27
2026/09/22 23:33:51.794, 2, 0, 97871, 0, 128.73
2026/09/22 23:33:51.794, 3, 0, 97871, 0, 124.18
2026/09/22 23:33:51.994, 0, 0, 97871, 0, 127.78
2026/09/22 23:33:51.994, 1, 0, 97871, 0, 124.96
2026/09/22 23:33:51.994, 2, 0, 97871, 0, 125.56
2026/09/22 23:33:51.994, 3, 0, 97871, 0, 120.22
2026/09/22 23:33:52.194, 0, 0, 97871, 0, 125.97
2026/09/22 23:33:52.195, 1, 0, 97871, 0, 115.56
2026/09/22 23:33:52.195, 2, 0, 97871, 0, 118.68
2026/09/22 23:33:52.195, 3, 0, 97871, 0, 111.01
2026/09/22 23:33:52.395, 0, 0, 97871, 0, 124.31
2026/09/22 23:33:52.395, 1, 0, 97871, 0, 105.95
2026/09/22 23:33:52.395, 2, 0, 97871, 0, 109.77
2026/09/22 23:33:52.395, 3, 0, 97871, 0, 101.77
2026/09/22 23:33:52.595, 0, 0, 97871, 0, 124.30
2026/09/22 23:33:52.595, 1, 0, 97871, 0, 95.46
2026/09/22 23:33:52.595, 2, 0, 97871, 0, 100.10
2026/09/22 23:33:52.595, 3, 0, 97871, 0, 92.46
2026/09/22 23:33:52.795, 0, 0, 97871, 0, 123.72
2026/09/22 23:33:52.795, 1, 0, 97871, 0, 85.60
2026/09/22 23:33:52.795, 2, 0, 97871, 0, 90.62
2026/09/22 23:33:52.795, 3, 0, 97871, 0, 83.03
2026/09/22 23:33:52.995, 0, 0, 97871, 0, 114.71
2026/09/22 23:33:52.995, 1, 0, 97871, 0, 80.88
2026/09/22 23:33:52.995, 2, 0, 97871, 0, 81.91
2026/09/22 23:33:52.995, 3, 0, 97871, 0, 77.55
2026/09/22 23:33:53.195, 0, 0, 97871, 0, 105.45
2026/09/22 23:33:53.195, 1, 0, 97871, 0, 80.38
2026/09/22 23:33:53.195, 2, 0, 97871, 0, 78.00
2026/09/22 23:33:53.195, 3, 0, 97871, 0, 77.09
2026/09/22 23:33:53.395, 0, 0, 97871, 0, 96.04
2026/09/22 23:33:53.395, 1, 0, 97871, 0, 80.04
2026/09/22 23:33:53.396, 2, 0, 97871, 0, 77.48
2026/09/22 23:33:53.396, 3, 0, 97871, 0, 76.73
2026/09/22 23:33:53.596, 0, 0, 97871, 0, 87.26
2026/09/22 23:33:53.596, 1, 0, 97871, 0, 79.77
2026/09/22 23:33:53.596, 2, 0, 97871, 0, 77.04
2026/09/22 23:33:53.596, 3, 0, 97871, 0, 76.39
2026/09/22 23:33:53.796, 0, 0, 97871, 0, 77.51
2026/09/22 23:33:53.796, 1, 0, 97871, 0, 79.46
2026/09/22 23:33:53.796, 2, 0, 97871, 0, 76.69
2026/09/22 23:33:53.796, 3, 0, 97871, 0, 76.13
