timestamp,index,memory_used_mib,memory_total_mib,utilization_gpu_percent,power_watts
2026/09/26 00:24:26.474, 0, 0, 97871, 0, 100.32
2026/09/26 00:24:26.478, 1, 0, 97871, 0, 110.31
2026/09/26 00:24:26.481, 2, 0, 97871, 0, 76.98
2026/09/26 00:24:26.485, 3, 0, 97871, 0, 79.05
2026/09/26 00:24:26.688, 0, 0, 97871, 0, 91.76
2026/09/26 00:24:26.688, 1, 0, 97871, 0, 100.14
2026/09/26 00:24:26.688, 2, 0, 97871, 0, 76.78
2026/09/26 00:24:26.688, 3, 0, 97871, 0, 78.77
2026/09/26 00:24:26.889, 0, 0, 97871, 0, 81.98
2026/09/26 00:24:26.889, 1, 0, 97871, 0, 90.69
2026/09/26 00:24:26.889, 2, 0, 97871, 0, 76.48
2026/09/26 00:24:26.889, 3, 0, 97871, 0, 78.53
2026/09/26 00:24:27.089, 0, 0, 97871, 0, 75.08
2026/09/26 00:24:27.089, 1, 0, 97871, 0, 79.61
2026/09/26 00:24:27.089, 2, 0, 97871, 0, 76.27
2026/09/26 00:24:27.089, 3, 0, 97871, 0, 78.30
2026/09/26 00:24:27.289, 0, 0, 97871, 0, 74.78
2026/09/26 00:24:27.289, 1, 0, 97871, 0, 78.05
2026/09/26 00:24:27.289, 2, 0, 97871, 0, 76.14
2026/09/26 00:24:27.289, 3, 0, 97871, 0, 78.08
2026/09/26 00:24:27.489, 0, 0, 97871, 0, 74.50
2026/09/26 00:24:27.489, 1, 0, 97871, 0, 77.75
2026/09/26 00:24:27.489, 2, 0, 97871, 0, 76.04
2026/09/26 00:24:27.489, 3, 0, 97871, 0, 77.88
2026/09/26 00:24:27.689, 0, 0, 97871, 0, 74.29
2026/09/26 00:24:27.689, 1, 0, 97871, 0, 77.50
2026/09/26 00:24:27.689, 2, 0, 97871, 0, 75.92
2026/09/26 00:24:27.689, 3, 0, 97871, 0, 77.73
2026/09/26 00:24:27.889, 0, 0, 97871, 0, 74.10
2026/09/26 00:24:27.889, 1, 0, 97871, 0, 77.23
2026/09/26 00:24:27.889, 2, 0, 97871, 0, 75.94
2026/09/26 00:24:27.890, 3, 0, 97871, 0, 77.63
2026/09/26 00:24:28.090, 0, 0, 97871, 0, 73.96
2026/09/26 00:24:28.090, 1, 0, 97871, 0, 77.04
2026/09/26 00:24:28.090, 2, 0, 97871, 0, 75.92
2026/09/26 00:24:28.090, 3, 0, 97871, 0, 77.59
2026/09/26 00:24:28.290, 0, 0, 97871, 0, 73.87
2026/09/26 00:24:28.290, 1, 0, 97871, 0, 76.86
2026/09/26 00:24:28.290, 2, 0, 97871, 0, 75.86
2026/09/26 00:24:28.290, 3, 0, 97871, 0, 77.55
2026/09/26 00:24:28.490, 0, 0, 97871, 0, 73.82
2026/09/26 00:24:28.490, 1, 0, 97871, 0, 76.71
2026/09/26 00:24:28.490, 2, 0, 97871, 0, 75.82
2026/09/26 00:24:28.490, 3, 0, 97871, 0, 77.57
2026/09/26 00:24:28.690, 0, 0, 97871, 0, 73.79
2026/09/26 00:24:28.690, 1, 0, 97871, 0, 76.62
2026/09/26 00:24:28.690, 2, 0, 97871, 0, 75.84
2026/09/26 00:24:28.690, 3, 0, 97871, 0, 77.55
2026/09/26 00:24:28.890, 0, 0, 97871, 0, 73.78
2026/09/26 00:24:28.890, 1, 0, 97871, 0, 76.57
2026/09/26 00:24:28.890, 2, 0, 97871, 0, 75.80
2026/09/26 00:24:28.890, 3, 0, 97871, 0, 77.55
2026/09/26 00:24:29.090, 0, 0, 97871, 0, 73.79
2026/09/26 00:24:29.090, 1, 0, 97871, 0, 76.51
2026/09/26 00:24:29.091, 2, 0, 97871, 0, 75.77
2026/09/26 00:24:29.091, 3, 0, 97871, 0, 77.53
2026/09/26 00:24:29.291, 0, 0, 97871, 0, 73.77
2026/09/26 00:24:29.291, 1, 0, 97871, 0, 76.53
2026/09/26 00:24:29.291, 2, 0, 97871, 0, 75.80
2026/09/26 00:24:29.291, 3, 0, 97871, 0, 77.50
2026/09/26 00:24:29.491, 0, 0, 97871, 0, 73.77
2026/09/26 00:24:29.491, 1, 0, 97871, 0, 76.52
2026/09/26 00:24:29.491, 2, 0, 97871, 0, 75.81
2026/09/26 00:24:29.491, 3, 0, 97871, 0, 77.48
2026/09/26 00:24:29.691, 0, 0, 97871, 0, 73.74
2026/09/26 00:24:29.691, 1, 0, 97871, 0, 76.50
2026/09/26 00:24:29.691, 2, 0, 97871, 0, 75.78
2026/09/26 00:24:29.691, 3, 0, 97871, 0, 77.46
2026/09/26 00:24:29.891, 0, 0, 97871, 0, 73.74
2026/09/26 00:24:29.891, 1, 0, 97871, 0, 76.49
2026/09/26 00:24:29.891, 2, 0, 97871, 0, 75.78
2026/09/26 00:24:29.891, 3, 0, 97871, 0, 77.43
2026/09/26 00:24:30.091, 0, 0, 97871, 0, 73.72
2026/09/26 00:24:30.091, 1, 0, 97871, 0, 76.50
2026/09/26 00:24:30.091, 2, 0, 97871, 0, 75.81
2026/09/26 00:24:30.091, 3, 0, 97871, 0, 77.40
2026/09/26 00:24:30.291, 0, 0, 97871, 0, 73.73
2026/09/26 00:24:30.291, 1, 0, 97871, 0, 76.48
2026/09/26 00:24:30.291, 2, 0, 97871, 0, 75.78
2026/09/26 00:24:30.291, 3, 0, 97871, 0, 77.37
2026/09/26 00:24:30.491, 0, 0, 97871, 0, 73.71
2026/09/26 00:24:30.492, 1, 0, 97871, 0, 76.48
2026/09/26 00:24:30.492, 2, 0, 97871, 0, 75.74
2026/09/26 00:24:30.492, 3, 0, 97871, 0, 77.34
2026/09/26 00:24:30.692, 0, 0, 97871, 0, 73.72
2026/09/26 00:24:30.692, 1, 0, 97871, 0, 76.47
2026/09/26 00:24:30.692, 2, 0, 97871, 0, 75.76
2026/09/26 00:24:30.692, 3, 0, 97871, 0, 77.32
2026/09/26 00:24:30.892, 0, 0, 97871, 0, 73.70
2026/09/26 00:24:30.892, 1, 0, 97871, 0, 76.45
2026/09/26 00:24:30.892, 2, 0, 97871, 0, 75.74
2026/09/26 00:24:30.892, 3, 0, 97871, 0, 77.29
2026/09/26 00:24:31.092, 0, 0, 97871, 0, 73.71
2026/09/26 00:24:31.092, 1, 0, 97871, 0, 76.45
2026/09/26 00:24:31.092, 2, 0, 97871, 0, 75.68
2026/09/26 00:24:31.092, 3, 0, 97871, 0, 77.28
2026/09/26 00:24:31.292, 0, 0, 97871, 0, 73.71
2026/09/26 00:24:31.292, 1, 0, 97871, 0, 76.41
2026/09/26 00:24:31.292, 2, 0, 97871, 0, 75.70
2026/09/26 00:24:31.292, 3, 0, 97871, 0, 77.26
2026/09/26 00:24:31.492, 0, 0, 97871, 0, 73.68
2026/09/26 00:24:31.492, 1, 0, 97871, 0, 76.40
2026/09/26 00:24:31.492, 2, 0, 97871, 0, 75.75
2026/09/26 00:24:31.492, 3, 0, 97871, 0, 77.26
2026/09/26 00:24:31.692, 0, 0, 97871, 0, 73.66
2026/09/26 00:24:31.692, 1, 0, 97871, 0, 76.38
2026/09/26 00:24:31.692, 2, 0, 97871, 0, 75.68
2026/09/26 00:24:31.693, 3, 0, 97871, 0, 77.24
2026/09/26 00:24:31.893, 0, 0, 97871, 0, 73.66
2026/09/26 00:24:31.893, 1, 0, 97871, 0, 76.35
2026/09/26 00:24:31.893, 2, 0, 97871, 0, 75.70
2026/09/26 00:24:31.893, 3, 0, 97871, 0, 77.24
2026/09/26 00:24:32.093, 0, 0, 97871, 0, 73.64
2026/09/26 00:24:32.093, 1, 0, 97871, 0, 76.33
2026/09/26 00:24:32.093, 2, 0, 97871, 0, 75.72
2026/09/26 00:24:32.093, 3, 0, 97871, 0, 77.22
2026/09/26 00:24:32.293, 0, 0, 97871, 0, 73.62
2026/09/26 00:24:32.293, 1, 0, 97871, 0, 76.35
2026/09/26 00:24:32.293, 2, 0, 97871, 0, 75.71
2026/09/26 00:24:32.293, 3, 0, 97871, 0, 77.19
2026/09/26 00:24:32.493, 0, 0, 97871, 0, 73.62
2026/09/26 00:24:32.493, 1, 0, 97871, 0, 76.33
2026/09/26 00:24:32.493, 2, 0, 97871, 0, 75.64
2026/09/26 00:24:32.493, 3, 0, 97871, 0, 77.18
2026/09/26 00:24:32.693, 0, 0, 97871, 0, 73.61
2026/09/26 00:24:32.693, 1, 0, 97871, 0, 76.31
2026/09/26 00:24:32.693, 2, 0, 97871, 0, 75.68
2026/09/26 00:24:32.693, 3, 0, 97871, 0, 77.17
2026/09/26 00:24:32.893, 0, 0, 97871, 0, 73.57
2026/09/26 00:24:32.893, 1, 0, 97871, 0, 76.32
2026/09/26 00:24:32.893, 2, 0, 97871, 0, 75.67
2026/09/26 00:24:32.893, 3, 0, 97871, 0, 77.17
2026/09/26 00:24:33.093, 0, 0, 97871, 0, 73.57
2026/09/26 00:24:33.093, 1, 0, 97871, 0, 76.30
2026/09/26 00:24:33.093, 2, 0, 97871, 0, 75.61
2026/09/26 00:24:33.094, 3, 0, 97871, 0, 77.15
2026/09/26 00:24:33.294, 0, 0, 97871, 0, 73.55
2026/09/26 00:24:33.294, 1, 0, 97871, 0, 76.26
2026/09/26 00:24:33.294, 2, 0, 97871, 0, 75.58
2026/09/26 00:24:33.294, 3, 0, 97871, 0, 77.15
2026/09/26 00:24:33.494, 0, 0, 97871, 0, 73.53
2026/09/26 00:24:33.494, 1, 0, 97871, 0, 76.26
2026/09/26 00:24:33.494, 2, 0, 97871, 0, 75.58
2026/09/26 00:24:33.494, 3, 0, 97871, 0, 77.14
2026/09/26 00:24:33.694, 0, 0, 97871, 0, 73.54
2026/09/26 00:24:33.694, 1, 0, 97871, 0, 76.25
2026/09/26 00:24:33.694, 2, 0, 97871, 0, 75.55
2026/09/26 00:24:33.694, 3, 0, 97871, 0, 77.15
2026/09/26 00:24:33.894, 0, 0, 97871, 0, 73.54
2026/09/26 00:24:33.894, 1, 0, 97871, 0, 76.23
2026/09/26 00:24:33.894, 2, 0, 97871, 0, 75.50
2026/09/26 00:24:33.894, 3, 0, 97871, 0, 77.11
2026/09/26 00:24:34.094, 0, 0, 97871, 0, 73.55
2026/09/26 00:24:34.094, 1, 0, 97871, 0, 76.23
2026/09/26 00:24:34.094, 2, 0, 97871, 0, 75.50
2026/09/26 00:24:34.094, 3, 0, 97871, 0, 77.11
2026/09/26 00:24:34.294, 0, 0, 97871, 0, 73.55
2026/09/26 00:24:34.294, 1, 0, 97871, 0, 76.19
2026/09/26 00:24:34.294, 2, 0, 97871, 0, 75.52
2026/09/26 00:24:34.294, 3, 0, 97871, 0, 77.10
2026/09/26 00:24:34.495, 0, 0, 97871, 0, 73.56
2026/09/26 00:24:34.495, 1, 0, 97871, 0, 76.16
2026/09/26 00:24:34.495, 2, 0, 97871, 0, 75.46
2026/09/26 00:24:34.495, 3, 0, 97871, 0, 77.09
2026/09/26 00:24:34.695, 0, 0, 97871, 0, 73.55
2026/09/26 00:24:34.695, 1, 0, 97871, 0, 76.17
2026/09/26 00:24:34.695, 2, 0, 97871, 0, 75.44
2026/09/26 00:24:34.695, 3, 0, 97871, 0, 77.08
2026/09/26 00:24:34.895, 0, 0, 97871, 0, 73.53
2026/09/26 00:24:34.895, 1, 0, 97871, 0, 76.14
2026/09/26 00:24:34.895, 2, 0, 97871, 0, 75.47
2026/09/26 00:24:34.895, 3, 0, 97871, 0, 77.08
2026/09/26 00:24:35.095, 0, 0, 97871, 0, 73.53
2026/09/26 00:24:35.095, 1, 0, 97871, 0, 76.11
2026/09/26 00:24:35.095, 2, 0, 97871, 0, 75.47
2026/09/26 00:24:35.095, 3, 0, 97871, 0, 77.05
2026/09/26 00:24:35.295, 0, 0, 97871, 0, 73.51
2026/09/26 00:24:35.295, 1, 0, 97871, 0, 76.11
2026/09/26 00:24:35.295, 2, 0, 97871, 0, 75.44
2026/09/26 00:24:35.295, 3, 0, 97871, 0, 77.05
2026/09/26 00:24:35.495, 0, 0, 97871, 0, 73.52
2026/09/26 00:24:35.495, 1, 0, 97871, 0, 76.09
2026/09/26 00:24:35.495, 2, 0, 97871, 0, 75.46
2026/09/26 00:24:35.495, 3, 0, 97871, 0, 77.04
2026/09/26 00:24:35.695, 0, 0, 97871, 0, 73.53
2026/09/26 00:24:35.695, 1, 0, 97871, 0, 76.03
2026/09/26 00:24:35.696, 2, 0, 97871, 0, 75.48
2026/09/26 00:24:35.696, 3, 0, 97871, 0, 77.02
2026/09/26 00:24:35.896, 0, 0, 97871, 0, 73.53
2026/09/26 00:24:35.896, 1, 0, 97871, 0, 76.01
2026/09/26 00:24:35.896, 2, 0, 97871, 0, 75.43
2026/09/26 00:24:35.896, 3, 0, 97871, 0, 77.00
2026/09/26 00:24:36.096, 0, 0, 97871, 0, 73.52
2026/09/26 00:24:36.096, 1, 0, 97871, 0, 76.00
2026/09/26 00:24:36.096, 2, 0, 97871, 0, 75.43
2026/09/26 00:24:36.096, 3, 0, 97871, 0, 76.99
2026/09/26 00:24:36.296, 0, 0, 97871, 0, 73.51
2026/09/26 00:24:36.296, 1, 0, 97871, 0, 76.00
2026/09/26 00:24:36.296, 2, 0, 97871, 0, 75.45
2026/09/26 00:24:36.296, 3, 0, 97871, 0, 76.94
2026/09/26 00:24:36.496, 0, 0, 97871, 0, 73.51
2026/09/26 00:24:36.496, 1, 0, 97871, 0, 76.01
2026/09/26 00:24:36.496, 2, 0, 97871, 0, 75.44
2026/09/26 00:24:36.496, 3, 0, 97871, 0, 76.91
2026/09/26 00:24:36.696, 0, 0, 97871, 0, 73.50
2026/09/26 00:24:36.696, 1, 0, 97871, 0, 76.03
2026/09/26 00:24:36.696, 2, 0, 97871, 0, 75.41
2026/09/26 00:24:36.696, 3, 0, 97871, 0, 76.89
2026/09/26 00:24:36.896, 0, 0, 97871, 0, 73.49
2026/09/26 00:24:36.896, 1, 0, 97871, 0, 76.04
2026/09/26 00:24:36.896, 2, 0, 97871, 0, 75.46
2026/09/26 00:24:36.896, 3, 0, 97871, 0, 76.88
2026/09/26 00:24:37.096, 0, 0, 97871, 0, 73.50
2026/09/26 00:24:37.096, 1, 0, 97871, 0, 76.04
2026/09/26 00:24:37.097, 2, 0, 97871, 0, 75.46
2026/09/26 00:24:37.097, 3, 0, 97871, 0, 76.87
2026/09/26 00:24:37.297, 0, 0, 97871, 0, 73.55
2026/09/26 00:24:37.297, 1, 0, 97871, 0, 76.03
2026/09/26 00:24:37.297, 2, 0, 97871, 0, 75.41
2026/09/26 00:24:37.297, 3, 0, 97871, 0, 76.92
2026/09/26 00:24:37.497, 0, 0, 97871, 0, 73.62
2026/09/26 00:24:37.497, 1, 0, 97871, 0, 76.03
2026/09/26 00:24:37.497, 2, 0, 97871, 0, 75.42
2026/09/26 00:24:37.497, 3, 0, 97871, 0, 76.94
2026/09/26 00:24:37.697, 0, 0, 97871, 0, 73.71
2026/09/26 00:24:37.697, 1, 0, 97871, 0, 76.03
2026/09/26 00:24:37.697, 2, 0, 97871, 0, 75.44
2026/09/26 00:24:37.697, 3, 0, 97871, 0, 76.98
2026/09/26 00:24:37.897, 0, 0, 97871, 0, 73.80
2026/09/26 00:24:37.897, 1, 0, 97871, 0, 76.01
2026/09/26 00:24:37.897, 2, 0, 97871, 0, 75.43
2026/09/26 00:24:37.897, 3, 0, 97871, 0, 77.04
2026/09/26 00:24:38.097, 0, 0, 97871, 0, 73.87
2026/09/26 00:24:38.097, 1, 0, 97871, 0, 76.00
2026/09/26 00:24:38.097, 2, 0, 97871, 0, 75.39
2026/09/26 00:24:38.097, 3, 0, 97871, 0, 77.08
2026/09/26 00:24:38.297, 0, 0, 97871, 0, 73.90
2026/09/26 00:24:38.298, 1, 0, 97871, 0, 76.00
2026/09/26 00:24:38.298, 2, 0, 97871, 0, 75.42
2026/09/26 00:24:38.298, 3, 0, 97871, 0, 77.12
2026/09/26 00:24:38.498, 0, 0, 97871, 0, 73.89
2026/09/26 00:24:38.498, 1, 0, 97871, 0, 76.08
2026/09/26 00:24:38.498, 2, 0, 97871, 0, 75.44
2026/09/26 00:24:38.498, 3, 0, 97871, 0, 77.10
2026/09/26 00:24:38.698, 0, 0, 97871, 0, 73.86
2026/09/26 00:24:38.698, 1, 0, 97871, 0, 76.14
2026/09/26 00:24:38.698, 2, 0, 97871, 0, 75.37
2026/09/26 00:24:38.698, 3, 0, 97871, 0, 77.10
2026/09/26 00:24:38.898, 0, 0, 97871, 0, 73.85
2026/09/26 00:24:38.898, 1, 0, 97871, 0, 76.18
2026/09/26 00:24:38.898, 2, 0, 97871, 0, 75.38
2026/09/26 00:24:38.898, 3, 0, 97871, 0, 77.08
2026/09/26 00:24:39.099, 0, 0, 97871, 0, 73.83
2026/09/26 00:24:39.099, 1, 0, 97871, 0, 76.24
2026/09/26 00:24:39.099, 2, 0, 97871, 0, 75.39
2026/09/26 00:24:39.099, 3, 0, 97871, 0, 77.08
2026/09/26 00:24:39.299, 0, 0, 97871, 0, 73.83
2026/09/26 00:24:39.299, 1, 0, 97871, 0, 76.32
2026/09/26 00:24:39.299, 2, 0, 97871, 0, 75.34
2026/09/26 00:24:39.299, 3, 0, 97871, 0, 77.06
2026/09/26 00:24:39.499, 0, 0, 97871, 0, 73.82
2026/09/26 00:24:39.499, 1, 0, 97871, 0, 76.30
2026/09/26 00:24:39.499, 2, 0, 97871, 0, 75.31
2026/09/26 00:24:39.499, 3, 0, 97871, 0, 77.05
2026/09/26 00:24:39.699, 0, 0, 97871, 0, 73.80
2026/09/26 00:24:39.699, 1, 0, 97871, 0, 76.29
2026/09/26 00:24:39.699, 2, 0, 97871, 0, 75.32
2026/09/26 00:24:39.699, 3, 0, 97871, 0, 77.04
2026/09/26 00:24:39.899, 0, 0, 97871, 0, 73.79
2026/09/26 00:24:39.899, 1, 0, 97871, 0, 76.28
2026/09/26 00:24:39.899, 2, 0, 97871, 0, 75.34
2026/09/26 00:24:39.899, 3, 0, 97871, 0, 77.03
2026/09/26 00:24:40.099, 0, 0, 97871, 0, 73.79
2026/09/26 00:24:40.099, 1, 0, 97871, 0, 76.26
2026/09/26 00:24:40.099, 2, 0, 97871, 0, 75.33
2026/09/26 00:24:40.099, 3, 0, 97871, 0, 77.00
2026/09/26 00:24:40.299, 0, 0, 97871, 0, 73.78
2026/09/26 00:24:40.299, 1, 0, 97871, 0, 76.24
2026/09/26 00:24:40.299, 2, 0, 97871, 0, 75.37
2026/09/26 00:24:40.299, 3, 0, 97871, 0, 76.98
2026/09/26 00:24:40.500, 0, 0, 97871, 0, 73.80
2026/09/26 00:24:40.500, 1, 0, 97871, 0, 76.19
2026/09/26 00:24:40.500, 2, 0, 97871, 0, 75.39
2026/09/26 00:24:40.500, 3, 0, 97871, 0, 76.98
2026/09/26 00:24:40.700, 0, 0, 97871, 0, 73.80
2026/09/26 00:24:40.700, 1, 0, 97871, 0, 76.15
2026/09/26 00:24:40.700, 2, 0, 97871, 0, 75.42
2026/09/26 00:24:40.700, 3, 0, 97871, 0, 76.98
2026/09/26 00:24:40.900, 0, 0, 97871, 0, 73.82
2026/09/26 00:24:40.900, 1, 0, 97871, 0, 76.15
2026/09/26 00:24:40.900, 2, 0, 97871, 0, 75.38
2026/09/26 00:24:40.900, 3, 0, 97871, 0, 76.96
2026/09/26 00:24:41.100, 0, 0, 97871, 0, 73.79
2026/09/26 00:24:41.100, 1, 0, 97871, 0, 76.14
2026/09/26 00:24:41.100, 2, 0, 97871, 0, 75.40
2026/09/26 00:24:41.100, 3, 0, 97871, 0, 76.97
2026/09/26 00:24:41.300, 0, 0, 97871, 0, 73.83
2026/09/26 00:24:41.300, 1, 0, 97871, 0, 76.11
2026/09/26 00:24:41.300, 2, 0, 97871, 0, 75.42
2026/09/26 00:24:41.300, 3, 0, 97871, 0, 76.97
2026/09/26 00:24:41.500, 0, 0, 97871, 0, 73.79
2026/09/26 00:24:41.500, 1, 0, 97871, 0, 76.11
2026/09/26 00:24:41.500, 2, 0, 97871, 0, 75.38
2026/09/26 00:24:41.500, 3, 0, 97871, 0, 76.97
2026/09/26 00:24:41.700, 0, 0, 97871, 0, 73.79
2026/09/26 00:24:41.701, 1, 0, 97871, 0, 76.11
2026/09/26 00:24:41.701, 2, 0, 97871, 0, 75.38
2026/09/26 00:24:41.701, 3, 0, 97871, 0, 76.93
2026/09/26 00:24:41.901, 0, 0, 97871, 0, 73.78
2026/09/26 00:24:41.901, 1, 0, 97871, 0, 76.09
2026/09/26 00:24:41.901, 2, 0, 97871, 0, 75.42
2026/09/26 00:24:41.901, 3, 0, 97871, 0, 76.92
2026/09/26 00:24:42.101, 0, 0, 97871, 0, 73.77
2026/09/26 00:24:42.101, 1, 0, 97871, 0, 76.08
2026/09/26 00:24:42.101, 2, 0, 97871, 0, 75.42
2026/09/26 00:24:42.101, 3, 0, 97871, 0, 76.87
2026/09/26 00:24:42.301, 0, 0, 97871, 0, 73.75
2026/09/26 00:24:42.301, 1, 0, 97871, 0, 76.06
2026/09/26 00:24:42.301, 2, 0, 97871, 0, 75.39
2026/09/26 00:24:42.301, 3, 0, 97871, 0, 76.84
2026/09/26 00:24:42.501, 0, 0, 97871, 0, 73.76
2026/09/26 00:24:42.501, 1, 0, 97871, 0, 76.05
2026/09/26 00:24:42.501, 2, 0, 97871, 0, 75.43
2026/09/26 00:24:42.501, 3, 0, 97871, 0, 76.81
2026/09/26 00:24:42.701, 0, 0, 97871, 0, 73.76
2026/09/26 00:24:42.701, 1, 0, 97871, 0, 76.04
2026/09/26 00:24:42.701, 2, 0, 97871, 0, 75.43
2026/09/26 00:24:42.701, 3, 0, 97871, 0, 76.80
2026/09/26 00:24:42.901, 0, 0, 97871, 0, 73.79
2026/09/26 00:24:42.902, 1, 0, 97871, 0, 76.04
2026/09/26 00:24:42.903, 2, 0, 97871, 0, 75.38
2026/09/26 00:24:42.903, 3, 0, 97871, 0, 76.79
2026/09/26 00:24:43.105, 0, 0, 97871, 0, 73.79
2026/09/26 00:24:43.105, 1, 0, 97871, 0, 76.03
2026/09/26 00:24:43.105, 2, 0, 97871, 0, 75.37
2026/09/26 00:24:43.105, 3, 0, 97871, 0, 76.78
2026/09/26 00:24:43.305, 0, 0, 97871, 0, 73.80
2026/09/26 00:24:43.305, 1, 0, 97871, 0, 76.04
2026/09/26 00:24:43.305, 2, 0, 97871, 0, 75.41
2026/09/26 00:24:43.305, 3, 0, 97871, 0, 76.79
2026/09/26 00:24:43.506, 0, 0, 97871, 0, 73.78
2026/09/26 00:24:43.506, 1, 0, 97871, 0, 76.04
2026/09/26 00:24:43.506, 2, 0, 97871, 0, 75.39
2026/09/26 00:24:43.506, 3, 0, 97871, 0, 76.76
2026/09/26 00:24:43.706, 0, 0, 97871, 0, 73.76
2026/09/26 00:24:43.706, 1, 0, 97871, 0, 76.04
2026/09/26 00:24:43.706, 2, 0, 97871, 0, 75.33
2026/09/26 00:24:43.706, 3, 0, 97871, 0, 76.76
2026/09/26 00:24:43.906, 0, 0, 97871, 0, 73.73
2026/09/26 00:24:43.906, 1, 0, 97871, 0, 76.04
2026/09/26 00:24:43.906, 2, 0, 97871, 0, 75.37
2026/09/26 00:24:43.906, 3, 0, 97871, 0, 76.74
2026/09/26 00:24:44.106, 0, 0, 97871, 0, 73.71
2026/09/26 00:24:44.106, 1, 0, 97871, 0, 76.04
2026/09/26 00:24:44.106, 2, 0, 97871, 0, 75.40
2026/09/26 00:24:44.106, 3, 0, 97871, 0, 76.75
2026/09/26 00:24:44.306, 0, 0, 97871, 0, 73.70
2026/09/26 00:24:44.306, 1, 0, 97871, 0, 76.02
2026/09/26 00:24:44.306, 2, 0, 97871, 0, 75.33
2026/09/26 00:24:44.306, 3, 0, 97871, 0, 76.72
2026/09/26 00:24:44.506, 0, 0, 97871, 0, 73.69
2026/09/26 00:24:44.506, 1, 0, 97871, 0, 76.02
2026/09/26 00:24:44.506, 2, 0, 97871, 0, 75.33
2026/09/26 00:24:44.506, 3, 0, 97871, 0, 76.75
2026/09/26 00:24:44.706, 0, 0, 97871, 0, 73.68
2026/09/26 00:24:44.706, 1, 0, 97871, 0, 76.01
2026/09/26 00:24:44.706, 2, 0, 97871, 0, 75.38
2026/09/26 00:24:44.707, 3, 0, 97871, 0, 76.74
2026/09/26 00:24:44.907, 0, 0, 97871, 0, 73.67
2026/09/26 00:24:44.907, 1, 0, 97871, 0, 76.01
2026/09/26 00:24:44.907, 2, 0, 97871, 0, 75.36
2026/09/26 00:24:44.907, 3, 0, 97871, 0, 76.73
2026/09/26 00:24:45.107, 0, 0, 97871, 0, 73.67
2026/09/26 00:24:45.107, 1, 0, 97871, 0, 75.98
2026/09/26 00:24:45.107, 2, 0, 97871, 0, 75.30
2026/09/26 00:24:45.107, 3, 0, 97871, 0, 76.70
2026/09/26 00:24:45.307, 0, 0, 97871, 0, 73.67
2026/09/26 00:24:45.307, 1, 0, 97871, 0, 75.97
2026/09/26 00:24:45.307, 2, 0, 97871, 0, 75.34
2026/09/26 00:24:45.307, 3, 0, 97871, 0, 76.70
2026/09/26 00:24:45.507, 0, 0, 97871, 0, 73.66
2026/09/26 00:24:45.507, 1, 0, 97871, 0, 75.95
2026/09/26 00:24:45.507, 2, 0, 97871, 0, 75.34
2026/09/26 00:24:45.507, 3, 0, 97871, 0, 76.69
2026/09/26 00:24:45.707, 0, 0, 97871, 0, 73.65
2026/09/26 00:24:45.707, 1, 0, 97871, 0, 75.95
2026/09/26 00:24:45.707, 2, 0, 97871, 0, 75.29
2026/09/26 00:24:45.707, 3, 0, 97871, 0, 76.65
2026/09/26 00:24:45.907, 0, 0, 97871, 0, 73.64
2026/09/26 00:24:45.907, 1, 0, 97871, 0, 75.93
2026/09/26 00:24:45.907, 2, 0, 97871, 0, 75.27
2026/09/26 00:24:45.907, 3, 0, 97871, 0, 76.65
2026/09/26 00:24:46.107, 0, 0, 97871, 0, 73.66
2026/09/26 00:24:46.107, 1, 0, 97871, 0, 75.93
2026/09/26 00:24:46.108, 2, 0, 97871, 0, 75.28
2026/09/26 00:24:46.108, 3, 0, 97871, 0, 76.65
2026/09/26 00:24:46.308, 0, 0, 97871, 0, 73.63
2026/09/26 00:24:46.308, 1, 0, 97871, 0, 75.89
2026/09/26 00:24:46.308, 2, 0, 97871, 0, 75.27
2026/09/26 00:24:46.308, 3, 0, 97871, 0, 76.65
2026/09/26 00:24:46.508, 0, 0, 97871, 0, 73.63
2026/09/26 00:24:46.508, 1, 0, 97871, 0, 75.88
2026/09/26 00:24:46.508, 2, 0, 97871, 0, 75.22
2026/09/26 00:24:46.508, 3, 0, 97871, 0, 76.63
2026/09/26 00:24:46.708, 0, 0, 97871, 0, 73.62
2026/09/26 00:24:46.708, 1, 0, 97871, 0, 75.86
2026/09/26 00:24:46.708, 2, 0, 97871, 0, 75.23
2026/09/26 00:24:46.708, 3, 0, 97871, 0, 76.64
2026/09/26 00:24:46.908, 0, 1, 97871, 0, 73.63
2026/09/26 00:24:46.931, 1, 1, 97871, 0, 75.85
2026/09/26 00:24:46.931, 2, 1, 97871, 0, 75.26
2026/09/26 00:24:46.936, 3, 1, 97871, 0, 76.64
2026/09/26 00:24:47.137, 0, 1, 97871, 0, 73.65
2026/09/26 00:24:47.138, 1, 1, 97871, 0, 75.82
2026/09/26 00:24:47.139, 2, 1, 97871, 0, 75.22
2026/09/26 00:24:47.140, 3, 1, 97871, 0, 76.64
2026/09/26 00:24:47.341, 0, 4, 97871, 0, 73.69
2026/09/26 00:24:47.403, 1, 1, 97871, 0, 75.83
2026/09/26 00:24:47.403, 2, 1, 97871, 0, 75.20
2026/09/26 00:24:47.403, 3, 1, 97871, 0, 76.65
2026/09/26 00:24:47.603, 0, 4, 97871, 0, 73.67
2026/09/26 00:24:47.615, 1, 4, 97871, 0, 75.85
2026/09/26 00:24:47.615, 2, 1, 97871, 0, 75.24
2026/09/26 00:24:47.615, 3, 1, 97871, 0, 76.65
2026/09/26 00:24:47.815, 0, 4, 97871, 0, 73.69
2026/09/26 00:24:47.851, 1, 4, 97871, 0, 75.84
2026/09/26 00:24:47.851, 2, 4, 97871, 0, 75.26
2026/09/26 00:24:47.851, 3, 1, 97871, 0, 76.66
2026/09/26 00:24:48.051, 0, 4, 97871, 0, 73.65
2026/09/26 00:24:48.053, 1, 4, 97871, 0, 75.83
2026/09/26 00:24:48.053, 2, 4, 97871, 0, 75.26
2026/09/26 00:24:48.053, 3, 4, 97871, 0, 76.67
2026/09/26 00:24:48.253, 0, 4, 97871, 0, 73.65
2026/09/26 00:24:48.253, 1, 4, 97871, 0, 75.82
2026/09/26 00:24:48.253, 2, 4, 97871, 0, 75.25
2026/09/26 00:24:48.253, 3, 4, 97871, 0, 76.65
2026/09/26 00:24:48.453, 0, 4, 97871, 0, 73.66
2026/09/26 00:24:48.453, 1, 4, 97871, 0, 75.82
2026/09/26 00:24:48.453, 2, 4, 97871, 0, 75.24
2026/09/26 00:24:48.453, 3, 4, 97871, 0, 76.63
2026/09/26 00:24:48.653, 0, 20, 97871, 0, 74.12
2026/09/26 00:24:48.655, 1, 20, 97871, 0, 76.15
2026/09/26 00:24:48.655, 2, 20, 97871, 0, 75.67
2026/09/26 00:24:48.656, 3, 21, 97871, 0, 80.82
2026/09/26 00:24:48.856, 0, 21, 97871, 0, 82.85
2026/09/26 00:24:48.861, 1, 21, 97871, 0, 86.94
2026/09/26 00:24:48.865, 2, 21, 97871, 0, 84.44
2026/09/26 00:24:48.866, 3, 39, 97871, 0, 90.21
2026/09/26 00:24:49.068, 0, 385, 97871, 1, 91.93
2026/09/26 00:24:49.068, 1, 385, 97871, 0, 96.77
2026/09/26 00:24:49.068, 2, 385, 97871, 1, 93.58
2026/09/26 00:24:49.068, 3, 385, 97871, 1, 99.25
2026/09/26 00:24:49.268, 0, 385, 97871, 0, 100.02
2026/09/26 00:24:49.268, 1, 385, 97871, 1, 106.84
2026/09/26 00:24:49.268, 2, 385, 97871, 0, 101.77
2026/09/26 00:24:49.268, 3, 385, 97871, 0, 108.31
2026/09/26 00:24:49.468, 0, 385, 97871, 0, 108.49
2026/09/26 00:24:49.468, 1, 385, 97871, 0, 116.50
2026/09/26 00:24:49.468, 2, 385, 97871, 0, 110.33
2026/09/26 00:24:49.468, 3, 385, 97871, 0, 117.37
2026/09/26 00:24:49.668, 0, 385, 97871, 0, 117.30
2026/09/26 00:24:49.668, 1, 385, 97871, 0, 124.83
2026/09/26 00:24:49.669, 2, 385, 97871, 0, 118.85
2026/09/26 00:24:49.669, 3, 385, 97871, 0, 123.15
2026/09/26 00:24:49.869, 0, 483, 97871, 0, 117.05
2026/09/26 00:24:49.869, 1, 481, 97871, 0, 124.46
2026/09/26 00:24:49.869, 2, 481, 97871, 0, 119.08
2026/09/26 00:24:49.869, 3, 481, 97871, 0, 122.80
2026/09/26 00:24:50.069, 0, 727, 97871, 7, 116.77
2026/09/26 00:24:50.095, 1, 727, 97871, 2, 124.08
2026/09/26 00:24:50.095, 2, 727, 97871, 8, 118.79
2026/09/26 00:24:50.095, 3, 727, 97871, 7, 122.80
2026/09/26 00:24:50.295, 0, 1019, 97871, 1, 116.80
2026/09/26 00:24:50.296, 1, 1019, 97871, 1, 124.06
2026/09/26 00:24:50.296, 2, 1019, 97871, 1, 118.82
2026/09/26 00:24:50.298, 3, 1019, 97871, 0, 122.94
2026/09/26 00:24:50.498, 0, 1019, 97871, 0, 116.78
2026/09/26 00:24:50.498, 1, 1019, 97871, 1, 124.07
2026/09/26 00:24:50.499, 2, 1019, 97871, 0, 118.81
2026/09/26 00:24:50.499, 3, 1019, 97871, 0, 122.95
2026/09/26 00:24:50.700, 0, 1201, 97871, 2, 117.00
2026/09/26 00:24:50.700, 1, 1201, 97871, 0, 124.40
2026/09/26 00:24:50.700, 2, 1201, 97871, 1, 119.15
2026/09/26 00:24:50.700, 3, 1201, 97871, 2, 123.33
2026/09/26 00:24:50.900, 0, 1443, 97871, 0, 116.99
2026/09/26 00:24:50.900, 1, 1443, 97871, 0, 124.41
2026/09/26 00:24:50.900, 2, 1443, 97871, 0, 119.14
2026/09/26 00:24:50.900, 3, 1441, 97871, 0, 123.41
2026/09/26 00:24:51.106, 0, 1735, 97871, 1, 116.99
2026/09/26 00:24:51.106, 1, 1735, 97871, 0, 124.38
2026/09/26 00:24:51.107, 2, 1735, 97871, 1, 119.17
2026/09/26 00:24:51.109, 3, 1735, 97871, 1, 123.57
2026/09/26 00:24:51.310, 0, 1735, 97871, 0, 117.01
2026/09/26 00:24:51.310, 1, 1735, 97871, 1, 124.43
2026/09/26 00:24:51.310, 2, 1735, 97871, 0, 119.18
2026/09/26 00:24:51.310, 3, 1735, 97871, 0, 123.44
2026/09/26 00:24:51.510, 0, 1735, 97871, 0, 117.24
2026/09/26 00:24:51.510, 1, 1735, 97871, 0, 124.64
2026/09/26 00:24:51.510, 2, 1735, 97871, 1, 119.42
2026/09/26 00:24:51.510, 3, 1735, 97871, 0, 123.77
2026/09/26 00:24:51.710, 0, 1805, 97871, 0, 117.05
2026/09/26 00:24:51.710, 1, 1805, 97871, 0, 124.30
2026/09/26 00:24:51.710, 2, 1805, 97871, 0, 119.04
2026/09/26 00:24:51.710, 3, 1805, 97871, 0, 123.34
2026/09/26 00:24:51.910, 0, 1807, 97871, 0, 117.03
2026/09/26 00:24:51.910, 1, 1807, 97871, 0, 124.29
2026/09/26 00:24:51.910, 2, 1807, 97871, 0, 119.05
2026/09/26 00:24:51.910, 3, 1807, 97871, 0, 123.28
2026/09/26 00:24:52.110, 0, 2831, 97871, 3, 117.02
2026/09/26 00:24:52.110, 1, 2831, 97871, 0, 124.29
2026/09/26 00:24:52.110, 2, 2831, 97871, 3, 119.08
2026/09/26 00:24:52.110, 3, 2831, 97871, 0, 123.13
2026/09/26 00:24:52.311, 0, 3001, 97871, 0, 117.06
2026/09/26 00:24:52.311, 1, 3001, 97871, 0, 124.29
2026/09/26 00:24:52.311, 2, 3001, 97871, 0, 119.01
2026/09/26 00:24:52.311, 3, 3001, 97871, 0, 123.10
2026/09/26 00:24:52.511, 0, 4281, 97871, 0, 117.21
2026/09/26 00:24:52.511, 1, 4281, 97871, 0, 124.53
2026/09/26 00:24:52.511, 2, 4281, 97871, 0, 119.52
2026/09/26 00:24:52.511, 3, 4281, 97871, 0, 123.66
2026/09/26 00:24:52.711, 0, 13599, 97871, 0, 117.23
2026/09/26 00:24:52.711, 1, 13597, 97871, 3, 124.57
2026/09/26 00:24:52.711, 2, 13607, 97871, 0, 119.49
2026/09/26 00:24:52.711, 3, 13615, 97871, 6, 123.72
2026/09/26 00:24:52.911, 0, 13599, 97871, 4, 117.23
2026/09/26 00:24:52.911, 1, 13597, 97871, 6, 124.55
2026/09/26 00:24:52.911, 2, 13607, 97871, 3, 119.43
2026/09/26 00:24:52.911, 3, 13615, 97871, 1, 123.69
2026/09/26 00:24:53.111, 0, 13599, 97871, 1, 117.24
2026/09/26 00:24:53.111, 1, 13597, 97871, 2, 124.55
2026/09/26 00:24:53.111, 2, 13607, 97871, 1, 119.41
2026/09/26 00:24:53.111, 3, 13615, 97871, 1, 123.67
2026/09/26 00:24:53.311, 0, 13599, 97871, 1, 117.17
2026/09/26 00:24:53.311, 1, 13597, 97871, 1, 124.54
2026/09/26 00:24:53.311, 2, 13607, 97871, 2, 119.46
2026/09/26 00:24:53.311, 3, 13615, 97871, 1, 123.68
2026/09/26 00:24:53.512, 0, 13599, 97871, 2, 116.73
2026/09/26 00:24:53.512, 1, 13597, 97871, 1, 124.05
2026/09/26 00:24:53.512, 2, 13607, 97871, 1, 118.66
2026/09/26 00:24:53.512, 3, 13615, 97871, 2, 122.75
2026/09/26 00:24:53.712, 0, 13599, 97871, 1, 116.73
2026/09/26 00:24:53.712, 1, 13597, 97871, 2, 123.99
2026/09/26 00:24:53.712, 2, 13607, 97871, 2, 118.66
2026/09/26 00:24:53.712, 3, 13615, 97871, 1, 122.70
2026/09/26 00:24:53.912, 0, 13599, 97871, 1, 116.69
2026/09/26 00:24:53.912, 1, 13597, 97871, 1, 123.95
2026/09/26 00:24:53.912, 2, 13607, 97871, 1, 118.69
2026/09/26 00:24:53.912, 3, 13615, 97871, 2, 122.67
2026/09/26 00:24:54.112, 0, 13599, 97871, 2, 116.72
2026/09/26 00:24:54.112, 1, 13597, 97871, 1, 123.94
2026/09/26 00:24:54.112, 2, 13607, 97871, 2, 118.71
2026/09/26 00:24:54.112, 3, 13615, 97871, 3, 122.68
2026/09/26 00:24:54.312, 0, 13599, 97871, 1, 116.73
2026/09/26 00:24:54.312, 1, 13597, 97871, 2, 123.93
2026/09/26 00:24:54.312, 2, 13607, 97871, 1, 118.68
2026/09/26 00:24:54.312, 3, 13615, 97871, 1, 122.66
2026/09/26 00:24:54.512, 0, 13599, 97871, 1, 116.73
2026/09/26 00:24:54.512, 1, 13597, 97871, 1, 123.90
2026/09/26 00:24:54.512, 2, 13607, 97871, 1, 118.68
2026/09/26 00:24:54.512, 3, 13615, 97871, 1, 122.62
2026/09/26 00:24:54.712, 0, 13599, 97871, 1, 116.72
2026/09/26 00:24:54.712, 1, 13597, 97871, 2, 123.90
2026/09/26 00:24:54.712, 2, 13607, 97871, 1, 118.70
2026/09/26 00:24:54.712, 3, 13615, 97871, 1, 122.61
2026/09/26 00:24:54.913, 0, 13599, 97871, 1, 116.72
2026/09/26 00:24:54.913, 1, 13597, 97871, 1, 123.85
2026/09/26 00:24:54.913, 2, 13607, 97871, 2, 118.72
2026/09/26 00:24:54.913, 3, 13615, 97871, 1, 122.61
2026/09/26 00:24:55.113, 0, 13599, 97871, 1, 116.72
2026/09/26 00:24:55.113, 1, 13597, 97871, 1, 123.83
2026/09/26 00:24:55.113, 2, 13607, 97871, 1, 118.65
2026/09/26 00:24:55.113, 3, 13615, 97871, 1, 122.58
2026/09/26 00:24:55.313, 0, 13599, 97871, 1, 116.69
2026/09/26 00:24:55.313, 1, 13597, 97871, 2, 123.83
2026/09/26 00:24:55.313, 2, 13607, 97871, 2, 118.65
2026/09/26 00:24:55.313, 3, 13615, 97871, 1, 122.56
2026/09/26 00:24:55.513, 0, 13599, 97871, 1, 116.70
2026/09/26 00:24:55.513, 1, 13597, 97871, 1, 123.84
2026/09/26 00:24:55.513, 2, 13607, 97871, 1, 118.65
2026/09/26 00:24:55.513, 3, 13615, 97871, 2, 122.53
2026/09/26 00:24:55.713, 0, 13599, 97871, 1, 116.70
2026/09/26 00:24:55.713, 1, 13597, 97871, 1, 123.83
2026/09/26 00:24:55.713, 2, 13607, 97871, 1, 118.66
2026/09/26 00:24:55.713, 3, 13615, 97871, 1, 122.50
2026/09/26 00:24:55.913, 0, 13599, 97871, 1, 116.69
2026/09/26 00:24:55.913, 1, 13597, 97871, 1, 123.83
2026/09/26 00:24:55.913, 2, 13607, 97871, 1, 118.60
2026/09/26 00:24:55.913, 3, 13615, 97871, 1, 122.46
2026/09/26 00:24:56.113, 0, 13599, 97871, 1, 116.67
2026/09/26 00:24:56.113, 1, 13597, 97871, 2, 123.82
2026/09/26 00:24:56.113, 2, 13607, 97871, 2, 118.66
2026/09/26 00:24:56.114, 3, 13615, 97871, 2, 122.46
2026/09/26 00:24:56.314, 0, 13599, 97871, 1, 116.63
2026/09/26 00:24:56.314, 1, 13597, 97871, 2, 123.81
2026/09/26 00:24:56.314, 2, 13607, 97871, 1, 118.68
2026/09/26 00:24:56.314, 3, 13615, 97871, 1, 122.43
2026/09/26 00:24:56.514, 0, 13599, 97871, 2, 116.61
2026/09/26 00:24:56.514, 1, 13597, 97871, 1, 123.79
2026/09/26 00:24:56.514, 2, 13607, 97871, 1, 118.64
2026/09/26 00:24:56.514, 3, 13615, 97871, 1, 122.43
2026/09/26 00:24:56.714, 0, 13599, 97871, 2, 116.57
2026/09/26 00:24:56.714, 1, 13597, 97871, 1, 123.78
2026/09/26 00:24:56.714, 2, 13607, 97871, 2, 118.61
2026/09/26 00:24:56.714, 3, 13615, 97871, 1, 122.43
2026/09/26 00:24:56.914, 0, 13599, 97871, 1, 116.58
2026/09/26 00:24:56.914, 1, 13597, 97871, 1, 123.77
2026/09/26 00:24:56.914, 2, 13607, 97871, 2, 118.62
2026/09/26 00:24:56.914, 3, 13615, 97871, 2, 122.44
2026/09/26 00:24:57.114, 0, 13599, 97871, 1, 116.56
2026/09/26 00:24:57.114, 1, 13597, 97871, 2, 123.79
2026/09/26 00:24:57.114, 2, 13607, 97871, 1, 118.59
2026/09/26 00:24:57.114, 3, 13615, 97871, 2, 122.44
2026/09/26 00:24:57.314, 0, 13599, 97871, 2, 116.59
2026/09/26 00:24:57.314, 1, 13597, 97871, 1, 123.77
2026/09/26 00:24:57.314, 2, 13607, 97871, 2, 118.53
2026/09/26 00:24:57.314, 3, 13615, 97871, 2, 122.47
2026/09/26 00:24:57.515, 0, 13599, 97871, 1, 116.60
2026/09/26 00:24:57.515, 1, 13597, 97871, 1, 123.79
2026/09/26 00:24:57.515, 2, 13607, 97871, 1, 118.56
2026/09/26 00:24:57.515, 3, 13615, 97871, 1, 122.46
2026/09/26 00:24:57.715, 0, 13599, 97871, 2, 116.61
2026/09/26 00:24:57.715, 1, 13597, 97871, 1, 123.76
2026/09/26 00:24:57.715, 2, 13607, 97871, 1, 118.53
2026/09/26 00:24:57.715, 3, 13615, 97871, 2, 122.46
2026/09/26 00:24:57.915, 0, 13599, 97871, 2, 116.62
2026/09/26 00:24:57.915, 1, 13597, 97871, 2, 123.77
2026/09/26 00:24:57.915, 2, 13607, 97871, 2, 118.53
2026/09/26 00:24:57.915, 3, 13615, 97871, 1, 122.43
2026/09/26 00:24:58.115, 0, 13599, 97871, 2, 116.62
2026/09/26 00:24:58.115, 1, 13597, 97871, 1, 123.77
2026/09/26 00:24:58.115, 2, 13607, 97871, 1, 118.51
2026/09/26 00:24:58.115, 3, 13615, 97871, 2, 122.42
2026/09/26 00:24:58.315, 0, 13599, 97871, 2, 116.60
2026/09/26 00:24:58.315, 1, 13597, 97871, 1, 123.79
2026/09/26 00:24:58.315, 2, 13607, 97871, 2, 118.52
2026/09/26 00:24:58.315, 3, 13615, 97871, 1, 122.38
2026/09/26 00:24:58.515, 0, 13599, 97871, 1, 116.59
2026/09/26 00:24:58.515, 1, 13597, 97871, 2, 123.76
2026/09/26 00:24:58.515, 2, 13607, 97871, 1, 118.51
2026/09/26 00:24:58.515, 3, 13615, 97871, 2, 122.39
2026/09/26 00:24:58.715, 0, 13599, 97871, 2, 116.56
2026/09/26 00:24:58.715, 1, 13597, 97871, 1, 123.75
2026/09/26 00:24:58.716, 2, 13607, 97871, 1, 118.49
2026/09/26 00:24:58.716, 3, 13615, 97871, 2, 122.38
2026/09/26 00:24:58.916, 0, 13599, 97871, 2, 116.57
2026/09/26 00:24:58.916, 1, 13597, 97871, 2, 123.72
2026/09/26 00:24:58.916, 2, 13607, 97871, 2, 118.48
2026/09/26 00:24:58.916, 3, 13615, 97871, 2, 122.40
2026/09/26 00:24:59.116, 0, 13599, 97871, 2, 116.54
2026/09/26 00:24:59.116, 1, 13597, 97871, 2, 123.69
2026/09/26 00:24:59.116, 2, 13607, 97871, 2, 118.51
2026/09/26 00:24:59.116, 3, 13615, 97871, 2, 122.39
2026/09/26 00:24:59.316, 0, 13599, 97871, 1, 116.57
2026/09/26 00:24:59.316, 1, 13597, 97871, 2, 123.65
2026/09/26 00:24:59.316, 2, 13607, 97871, 1, 118.52
2026/09/26 00:24:59.316, 3, 13615, 97871, 1, 122.42
2026/09/26 00:24:59.516, 0, 13599, 97871, 1, 116.58
2026/09/26 00:24:59.516, 1, 13597, 97871, 2, 123.64
2026/09/26 00:24:59.516, 2, 13607, 97871, 1, 118.48
2026/09/26 00:24:59.516, 3, 13615, 97871, 1, 122.40
2026/09/26 00:24:59.716, 0, 13599, 97871, 1, 116.59
2026/09/26 00:24:59.716, 1, 13597, 97871, 2, 123.64
2026/09/26 00:24:59.716, 2, 13607, 97871, 2, 118.51
2026/09/26 00:24:59.716, 3, 13615, 97871, 1, 122.40
2026/09/26 00:24:59.916, 0, 13599, 97871, 1, 116.61
2026/09/26 00:24:59.916, 1, 13597, 97871, 2, 123.64
2026/09/26 00:24:59.916, 2, 13607, 97871, 1, 118.53
2026/09/26 00:24:59.916, 3, 13615, 97871, 1, 122.39
2026/09/26 00:25:00.117, 0, 13599, 97871, 1, 116.60
2026/09/26 00:25:00.117, 1, 13597, 97871, 1, 123.63
2026/09/26 00:25:00.117, 2, 13607, 97871, 1, 118.50
2026/09/26 00:25:00.117, 3, 13615, 97871, 1, 122.38
2026/09/26 00:25:00.317, 0, 13599, 97871, 1, 116.60
2026/09/26 00:25:00.317, 1, 13597, 97871, 1, 123.63
2026/09/26 00:25:00.317, 2, 13607, 97871, 1, 118.45
2026/09/26 00:25:00.317, 3, 13615, 97871, 1, 122.33
2026/09/26 00:25:00.517, 0, 13599, 97871, 1, 116.58
2026/09/26 00:25:00.517, 1, 13597, 97871, 2, 123.64
2026/09/26 00:25:00.517, 2, 13607, 97871, 2, 118.50
2026/09/26 00:25:00.517, 3, 13615, 97871, 1, 122.29
2026/09/26 00:25:00.717, 0, 13599, 97871, 1, 116.57
2026/09/26 00:25:00.717, 1, 13597, 97871, 1, 123.64
2026/09/26 00:25:00.717, 2, 13607, 97871, 1, 118.50
2026/09/26 00:25:00.717, 3, 13615, 97871, 1, 122.26
2026/09/26 00:25:00.917, 0, 13599, 97871, 2, 116.57
2026/09/26 00:25:00.917, 1, 13597, 97871, 1, 123.65
2026/09/26 00:25:00.917, 2, 13607, 97871, 1, 118.45
2026/09/26 00:25:00.917, 3, 13615, 97871, 1, 122.25
2026/09/26 00:25:01.117, 0, 13599, 97871, 2, 116.55
2026/09/26 00:25:01.117, 1, 13597, 97871, 2, 123.63
2026/09/26 00:25:01.117, 2, 13607, 97871, 1, 118.46
2026/09/26 00:25:01.117, 3, 13615, 97871, 1, 122.22
2026/09/26 00:25:01.317, 0, 13599, 97871, 1, 116.57
2026/09/26 00:25:01.317, 1, 13597, 97871, 2, 123.64
2026/09/26 00:25:01.318, 2, 13607, 97871, 1, 118.49
2026/09/26 00:25:01.318, 3, 13615, 97871, 2, 122.24
2026/09/26 00:25:01.518, 0, 13599, 97871, 1, 116.53
2026/09/26 00:25:01.518, 1, 13597, 97871, 1, 123.61
2026/09/26 00:25:01.518, 2, 13607, 97871, 1, 118.50
2026/09/26 00:25:01.518, 3, 13615, 97871, 2, 122.24
2026/09/26 00:25:01.718, 0, 13599, 97871, 1, 116.54
2026/09/26 00:25:01.718, 1, 13597, 97871, 1, 123.59
2026/09/26 00:25:01.718, 2, 13607, 97871, 2, 118.48
2026/09/26 00:25:01.718, 3, 13615, 97871, 2, 122.24
2026/09/26 00:25:01.918, 0, 13599, 97871, 2, 116.54
2026/09/26 00:25:01.918, 1, 13597, 97871, 2, 123.60
2026/09/26 00:25:01.918, 2, 13607, 97871, 2, 118.51
2026/09/26 00:25:01.918, 3, 13615, 97871, 1, 122.20
2026/09/26 00:25:02.118, 0, 13599, 97871, 4, 116.57
2026/09/26 00:25:02.118, 1, 13597, 97871, 2, 123.61
2026/09/26 00:25:02.118, 2, 13607, 97871, 1, 118.51
2026/09/26 00:25:02.118, 3, 13615, 97871, 2, 122.21
2026/09/26 00:25:02.318, 0, 13599, 97871, 1, 116.54
2026/09/26 00:25:02.318, 1, 13597, 97871, 5, 123.65
2026/09/26 00:25:02.318, 2, 13607, 97871, 2, 118.48
2026/09/26 00:25:02.318, 3, 13615, 97871, 1, 122.20
2026/09/26 00:25:02.518, 0, 13599, 97871, 1, 116.56
2026/09/26 00:25:02.518, 1, 13597, 97871, 2, 123.62
2026/09/26 00:25:02.518, 2, 13607, 97871, 2, 118.47
2026/09/26 00:25:02.518, 3, 13615, 97871, 2, 122.16
2026/09/26 00:25:02.719, 0, 13599, 97871, 2, 116.55
2026/09/26 00:25:02.719, 1, 13597, 97871, 2, 123.65
2026/09/26 00:25:02.719, 2, 13607, 97871, 1, 118.48
2026/09/26 00:25:02.719, 3, 13615, 97871, 4, 122.18
2026/09/26 00:25:02.919, 0, 13599, 97871, 2, 116.51
2026/09/26 00:25:02.919, 1, 13597, 97871, 1, 123.66
2026/09/26 00:25:02.919, 2, 13607, 97871, 1, 118.50
2026/09/26 00:25:02.919, 3, 13615, 97871, 1, 122.21
2026/09/26 00:25:03.119, 0, 13599, 97871, 2, 116.49
2026/09/26 00:25:03.119, 1, 13597, 97871, 1, 123.63
2026/09/26 00:25:03.119, 2, 13607, 97871, 1, 118.47
2026/09/26 00:25:03.119, 3, 13615, 97871, 1, 122.23
2026/09/26 00:25:03.319, 0, 13599, 97871, 1, 116.49
2026/09/26 00:25:03.319, 1, 13597, 97871, 1, 123.58
2026/09/26 00:25:03.319, 2, 13607, 97871, 2, 118.47
2026/09/26 00:25:03.319, 3, 13615, 97871, 2, 122.26
2026/09/26 00:25:03.519, 0, 13599, 97871, 1, 116.49
2026/09/26 00:25:03.519, 1, 13597, 97871, 1, 123.60
2026/09/26 00:25:03.519, 2, 13607, 97871, 1, 118.44
2026/09/26 00:25:03.519, 3, 13615, 97871, 1, 122.29
2026/09/26 00:25:03.719, 0, 13599, 97871, 2, 116.51
2026/09/26 00:25:03.719, 1, 13597, 97871, 1, 123.56
2026/09/26 00:25:03.719, 2, 13607, 97871, 1, 118.43
2026/09/26 00:25:03.719, 3, 13615, 97871, 1, 122.26
2026/09/26 00:25:03.919, 0, 13599, 97871, 1, 116.49
2026/09/26 00:25:03.919, 1, 13597, 97871, 2, 123.52
2026/09/26 00:25:03.919, 2, 13607, 97871, 1, 118.39
2026/09/26 00:25:03.920, 3, 13615, 97871, 2, 122.25
2026/09/26 00:25:04.120, 0, 13599, 97871, 1, 116.48
2026/09/26 00:25:04.120, 1, 13597, 97871, 2, 123.53
2026/09/26 00:25:04.120, 2, 13607, 97871, 4, 118.42
2026/09/26 00:25:04.120, 3, 13615, 97871, 1, 122.22
2026/09/26 00:25:04.320, 0, 13599, 97871, 2, 116.48
2026/09/26 00:25:04.320, 1, 13597, 97871, 1, 123.50
2026/09/26 00:25:04.320, 2, 13607, 97871, 2, 118.45
2026/09/26 00:25:04.320, 3, 13615, 97871, 1, 122.18
2026/09/26 00:25:04.520, 0, 13599, 97871, 2, 116.48
2026/09/26 00:25:04.520, 1, 13597, 97871, 2, 123.49
2026/09/26 00:25:04.520, 2, 13607, 97871, 1, 118.45
2026/09/26 00:25:04.520, 3, 13615, 97871, 1, 122.18
2026/09/26 00:25:04.720, 0, 13599, 97871, 1, 116.46
2026/09/26 00:25:04.720, 1, 13597, 97871, 1, 123.48
2026/09/26 00:25:04.720, 2, 13607, 97871, 2, 118.44
2026/09/26 00:25:04.720, 3, 13615, 97871, 4, 122.18
2026/09/26 00:25:04.920, 0, 13599, 97871, 1, 116.48
2026/09/26 00:25:04.920, 1, 13597, 97871, 2, 123.46
2026/09/26 00:25:04.920, 2, 13607, 97871, 2, 118.46
2026/09/26 00:25:04.920, 3, 13615, 97871, 2, 122.16
2026/09/26 00:25:05.120, 0, 13599, 97871, 2, 116.50
2026/09/26 00:25:05.120, 1, 13597, 97871, 2, 123.41
2026/09/26 00:25:05.120, 2, 13607, 97871, 2, 118.47
2026/09/26 00:25:05.120, 3, 13615, 97871, 2, 122.16
2026/09/26 00:25:05.321, 0, 13599, 97871, 1, 116.46
2026/09/26 00:25:05.321, 1, 13597, 97871, 1, 123.42
2026/09/26 00:25:05.321, 2, 13607, 97871, 2, 118.42
2026/09/26 00:25:05.321, 3, 13615, 97871, 1, 122.16
2026/09/26 00:25:05.521, 0, 13599, 97871, 1, 116.48
2026/09/26 00:25:05.521, 1, 13597, 97871, 2, 123.42
2026/09/26 00:25:05.521, 2, 13607, 97871, 1, 118.41
2026/09/26 00:25:05.521, 3, 13615, 97871, 2, 122.14
2026/09/26 00:25:05.721, 0, 13599, 97871, 1, 116.48
2026/09/26 00:25:05.721, 1, 13597, 97871, 2, 123.45
2026/09/26 00:25:05.721, 2, 13607, 97871, 1, 118.41
2026/09/26 00:25:05.721, 3, 13615, 97871, 2, 122.11
2026/09/26 00:25:05.921, 0, 13599, 97871, 1, 116.48
2026/09/26 00:25:05.921, 1, 13597, 97871, 1, 123.46
2026/09/26 00:25:05.921, 2, 13607, 97871, 1, 118.43
2026/09/26 00:25:05.921, 3, 13615, 97871, 1, 122.08
2026/09/26 00:25:06.121, 0, 13599, 97871, 1, 116.49
2026/09/26 00:25:06.121, 1, 13597, 97871, 1, 123.47
2026/09/26 00:25:06.121, 2, 13607, 97871, 1, 118.35
2026/09/26 00:25:06.121, 3, 13615, 97871, 1, 122.04
2026/09/26 00:25:06.321, 0, 13599, 97871, 1, 116.52
2026/09/26 00:25:06.321, 1, 13597, 97871, 2, 123.48
2026/09/26 00:25:06.321, 2, 13607, 97871, 2, 118.39
2026/09/26 00:25:06.321, 3, 13615, 97871, 1, 122.04
2026/09/26 00:25:06.521, 0, 13599, 97871, 1, 116.52
2026/09/26 00:25:06.521, 1, 13597, 97871, 1, 123.48
2026/09/26 00:25:06.521, 2, 13607, 97871, 2, 118.40
2026/09/26 00:25:06.522, 3, 13615, 97871, 1, 122.00
2026/09/26 00:25:06.722, 0, 13599, 97871, 1, 116.50
2026/09/26 00:25:06.722, 1, 13597, 97871, 1, 123.48
2026/09/26 00:25:06.722, 2, 13607, 97871, 1, 118.43
2026/09/26 00:25:06.722, 3, 13615, 97871, 1, 121.99
2026/09/26 00:25:06.922, 0, 13599, 97871, 2, 116.51
2026/09/26 00:25:06.922, 1, 13597, 97871, 1, 123.49
2026/09/26 00:25:06.922, 2, 13607, 97871, 1, 118.36
2026/09/26 00:25:06.922, 3, 13615, 97871, 2, 121.99
2026/09/26 00:25:07.122, 0, 13599, 97871, 2, 116.47
2026/09/26 00:25:07.122, 1, 13597, 97871, 2, 123.50
2026/09/26 00:25:07.122, 2, 13607, 97871, 1, 118.43
2026/09/26 00:25:07.122, 3, 13615, 97871, 1, 121.99
2026/09/26 00:25:07.322, 0, 13599, 97871, 2, 116.47
2026/09/26 00:25:07.322, 1, 13597, 97871, 1, 123.49
2026/09/26 00:25:07.322, 2, 13607, 97871, 1, 118.44
2026/09/26 00:25:07.322, 3, 13615, 97871, 1, 121.98
2026/09/26 00:25:07.522, 0, 13599, 97871, 2, 116.50
2026/09/26 00:25:07.522, 1, 13597, 97871, 1, 123.47
2026/09/26 00:25:07.522, 2, 13607, 97871, 2, 118.40
2026/09/26 00:25:07.522, 3, 13615, 97871, 2, 121.99
2026/09/26 00:25:07.722, 0, 13599, 97871, 2, 116.49
2026/09/26 00:25:07.722, 1, 13597, 97871, 2, 123.48
2026/09/26 00:25:07.722, 2, 13607, 97871, 1, 118.38
2026/09/26 00:25:07.722, 3, 13615, 97871, 1, 122.01
2026/09/26 00:25:07.923, 0, 13599, 97871, 1, 116.48
2026/09/26 00:25:07.923, 1, 13597, 97871, 1, 123.46
2026/09/26 00:25:07.923, 2, 13607, 97871, 1, 118.42
2026/09/26 00:25:07.923, 3, 13615, 97871, 1, 122.02
2026/09/26 00:25:08.123, 0, 13599, 97871, 1, 116.47
2026/09/26 00:25:08.123, 1, 13597, 97871, 1, 123.43
2026/09/26 00:25:08.123, 2, 13607, 97871, 1, 118.42
2026/09/26 00:25:08.123, 3, 13615, 97871, 1, 122.03
2026/09/26 00:25:08.323, 0, 13599, 97871, 2, 116.48
2026/09/26 00:25:08.323, 1, 13597, 97871, 1, 123.42
2026/09/26 00:25:08.323, 2, 13607, 97871, 2, 118.35
2026/09/26 00:25:08.323, 3, 13615, 97871, 1, 122.02
2026/09/26 00:25:08.523, 0, 13599, 97871, 1, 116.42
2026/09/26 00:25:08.523, 1, 13597, 97871, 2, 123.41
2026/09/26 00:25:08.523, 2, 13607, 97871, 1, 118.39
2026/09/26 00:25:08.523, 3, 13615, 97871, 1, 122.02
2026/09/26 00:25:08.723, 0, 13599, 97871, 1, 116.42
2026/09/26 00:25:08.723, 1, 13597, 97871, 1, 123.39
2026/09/26 00:25:08.723, 2, 13607, 97871, 1, 118.36
2026/09/26 00:25:08.723, 3, 13615, 97871, 1, 122.01
2026/09/26 00:25:08.923, 0, 13599, 97871, 1, 116.40
2026/09/26 00:25:08.923, 1, 13597, 97871, 1, 123.36
2026/09/26 00:25:08.923, 2, 13607, 97871, 1, 118.33
2026/09/26 00:25:08.923, 3, 13615, 97871, 1, 122.00
2026/09/26 00:25:09.123, 0, 13599, 97871, 1, 116.40
2026/09/26 00:25:09.123, 1, 13597, 97871, 1, 123.33
2026/09/26 00:25:09.123, 2, 13607, 97871, 1, 118.29
2026/09/26 00:25:09.124, 3, 13615, 97871, 1, 122.00
2026/09/26 00:25:09.324, 0, 13599, 97871, 1, 116.38
2026/09/26 00:25:09.324, 1, 13597, 97871, 1, 123.32
2026/09/26 00:25:09.324, 2, 13607, 97871, 1, 118.33
2026/09/26 00:25:09.324, 3, 13615, 97871, 1, 121.98
2026/09/26 00:25:09.524, 0, 13599, 97871, 1, 116.34
2026/09/26 00:25:09.524, 1, 13597, 97871, 1, 123.33
2026/09/26 00:25:09.524, 2, 13607, 97871, 1, 118.34
2026/09/26 00:25:09.524, 3, 13615, 97871, 1, 121.97
2026/09/26 00:25:09.724, 0, 13599, 97871, 1, 116.35
2026/09/26 00:25:09.724, 1, 13597, 97871, 1, 123.33
2026/09/26 00:25:09.724, 2, 13607, 97871, 1, 118.33
2026/09/26 00:25:09.724, 3, 13615, 97871, 1, 121.96
2026/09/26 00:25:09.924, 0, 13599, 97871, 1, 116.36
2026/09/26 00:25:09.924, 1, 13597, 97871, 1, 123.33
2026/09/26 00:25:09.924, 2, 13607, 97871, 1, 118.35
2026/09/26 00:25:09.924, 3, 13615, 97871, 1, 121.97
2026/09/26 00:25:10.124, 0, 13599, 97871, 2, 116.37
2026/09/26 00:25:10.124, 1, 13597, 97871, 2, 123.35
2026/09/26 00:25:10.124, 2, 13607, 97871, 1, 118.33
2026/09/26 00:25:10.124, 3, 13615, 97871, 1, 121.95
2026/09/26 00:25:10.324, 0, 13599, 97871, 1, 116.38
2026/09/26 00:25:10.324, 1, 13597, 97871, 2, 123.33
2026/09/26 00:25:10.324, 2, 13607, 97871, 1, 118.36
2026/09/26 00:25:10.324, 3, 13615, 97871, 1, 121.99
2026/09/26 00:25:10.524, 0, 13599, 97871, 1, 116.40
2026/09/26 00:25:10.525, 1, 13597, 97871, 2, 123.34
2026/09/26 00:25:10.525, 2, 13607, 97871, 2, 118.29
2026/09/26 00:25:10.525, 3, 13615, 97871, 1, 122.00
2026/09/26 00:25:10.725, 0, 13599, 97871, 1, 116.43
2026/09/26 00:25:10.725, 1, 13597, 97871, 1, 123.31
2026/09/26 00:25:10.725, 2, 13607, 97871, 1, 118.30
2026/09/26 00:25:10.725, 3, 13615, 97871, 1, 122.00
2026/09/26 00:25:10.925, 0, 13599, 97871, 1, 116.41
2026/09/26 00:25:10.925, 1, 13597, 97871, 2, 123.32
2026/09/26 00:25:10.925, 2, 13607, 97871, 1, 118.29
2026/09/26 00:25:10.925, 3, 13615, 97871, 1, 121.99
2026/09/26 00:25:11.125, 0, 13599, 97871, 1, 116.42
2026/09/26 00:25:11.125, 1, 13597, 97871, 2, 123.32
2026/09/26 00:25:11.125, 2, 13607, 97871, 2, 118.29
2026/09/26 00:25:11.125, 3, 13615, 97871, 1, 121.97
2026/09/26 00:25:11.325, 0, 13599, 97871, 2, 116.39
2026/09/26 00:25:11.325, 1, 13597, 97871, 2, 123.30
2026/09/26 00:25:11.325, 2, 13607, 97871, 1, 118.22
2026/09/26 00:25:11.325, 3, 13615, 97871, 1, 121.94
2026/09/26 00:25:11.525, 0, 13599, 97871, 1, 116.41
2026/09/26 00:25:11.525, 1, 13597, 97871, 1, 123.27
2026/09/26 00:25:11.525, 2, 13607, 97871, 1, 118.25
2026/09/26 00:25:11.525, 3, 13615, 97871, 1, 121.90
2026/09/26 00:25:11.725, 0, 13599, 97871, 1, 116.42
2026/09/26 00:25:11.725, 1, 13597, 97871, 1, 123.23
2026/09/26 00:25:11.725, 2, 13607, 97871, 1, 118.28
2026/09/26 00:25:11.725, 3, 13615, 97871, 2, 121.88
2026/09/26 00:25:11.926, 0, 13599, 97871, 2, 116.40
2026/09/26 00:25:11.926, 1, 13597, 97871, 2, 123.19
2026/09/26 00:25:11.926, 2, 13607, 97871, 1, 118.25
2026/09/26 00:25:11.926, 3, 13615, 97871, 1, 121.83
2026/09/26 00:25:12.126, 0, 13599, 97871, 1, 116.43
2026/09/26 00:25:12.126, 1, 13597, 97871, 0, 123.15
2026/09/26 00:25:12.126, 2, 13607, 97871, 1, 118.25
2026/09/26 00:25:12.126, 3, 13615, 97871, 1, 121.81
2026/09/26 00:25:12.326, 0, 13599, 97871, 1, 116.42
2026/09/26 00:25:12.326, 1, 13597, 97871, 0, 123.14
2026/09/26 00:25:12.326, 2, 13607, 97871, 1, 118.27
2026/09/26 00:25:12.326, 3, 13615, 97871, 1, 121.78
2026/09/26 00:25:12.526, 0, 13599, 97871, 1, 116.42
2026/09/26 00:25:12.526, 1, 13597, 97871, 0, 123.13
2026/09/26 00:25:12.526, 2, 13607, 97871, 1, 118.28
2026/09/26 00:25:12.526, 3, 13615, 97871, 2, 121.77
2026/09/26 00:25:12.726, 0, 13599, 97871, 1, 116.38
2026/09/26 00:25:12.726, 1, 13597, 97871, 0, 123.14
2026/09/26 00:25:12.726, 2, 13607, 97871, 0, 118.23
2026/09/26 00:25:12.726, 3, 13615, 97871, 0, 121.74
2026/09/26 00:25:12.926, 0, 13599, 97871, 1, 116.38
2026/09/26 00:25:12.926, 1, 13597, 97871, 0, 123.14
2026/09/26 00:25:12.926, 2, 13607, 97871, 0, 118.24
2026/09/26 00:25:12.926, 3, 13615, 97871, 0, 121.71
2026/09/26 00:25:13.126, 0, 13599, 97871, 0, 116.38
2026/09/26 00:25:13.127, 1, 13597, 97871, 0, 123.17
2026/09/26 00:25:13.127, 2, 13607, 97871, 0, 118.24
2026/09/26 00:25:13.127, 3, 13615, 97871, 0, 121.68
2026/09/26 00:25:13.327, 0, 13599, 97871, 0, 116.36
2026/09/26 00:25:13.327, 1, 13597, 97871, 0, 123.15
2026/09/26 00:25:13.327, 2, 13607, 97871, 0, 118.25
2026/09/26 00:25:13.327, 3, 13615, 97871, 0, 121.65
2026/09/26 00:25:13.527, 0, 13599, 97871, 0, 116.39
2026/09/26 00:25:13.527, 1, 13597, 97871, 0, 123.14
2026/09/26 00:25:13.527, 2, 13607, 97871, 0, 118.21
2026/09/26 00:25:13.527, 3, 13615, 97871, 0, 121.62
2026/09/26 00:25:13.727, 0, 13599, 97871, 0, 116.36
2026/09/26 00:25:13.727, 1, 13597, 97871, 0, 123.14
2026/09/26 00:25:13.727, 2, 13607, 97871, 0, 118.24
2026/09/26 00:25:13.727, 3, 13615, 97871, 0, 121.64
2026/09/26 00:25:13.927, 0, 13599, 97871, 0, 116.39
2026/09/26 00:25:13.927, 1, 13597, 97871, 0, 123.13
2026/09/26 00:25:13.927, 2, 13607, 97871, 0, 118.26
2026/09/26 00:25:13.927, 3, 13615, 97871, 0, 121.65
2026/09/26 00:25:14.127, 0, 13599, 97871, 0, 116.36
2026/09/26 00:25:14.127, 1, 13597, 97871, 0, 123.14
2026/09/26 00:25:14.127, 2, 13607, 97871, 0, 118.26
2026/09/26 00:25:14.127, 3, 13615, 97871, 0, 121.70
2026/09/26 00:25:14.327, 0, 13599, 97871, 0, 116.34
2026/09/26 00:25:14.327, 1, 13597, 97871, 0, 123.16
2026/09/26 00:25:14.327, 2, 13607, 97871, 0, 118.22
2026/09/26 00:25:14.327, 3, 13615, 97871, 0, 121.70
2026/09/26 00:25:14.528, 0, 13599, 97871, 0, 116.35
2026/09/26 00:25:14.528, 1, 13597, 97871, 0, 123.16
2026/09/26 00:25:14.528, 2, 13607, 97871, 0, 118.25
2026/09/26 00:25:14.528, 3, 13615, 97871, 0, 121.72
2026/09/26 00:25:14.728, 0, 13599, 97871, 0, 116.31
2026/09/26 00:25:14.728, 1, 13597, 97871, 0, 123.16
2026/09/26 00:25:14.728, 2, 13607, 97871, 0, 118.25
2026/09/26 00:25:14.728, 3, 13615, 97871, 0, 121.71
2026/09/26 00:25:14.928, 0, 13599, 97871, 0, 116.33
2026/09/26 00:25:14.928, 1, 13597, 97871, 0, 123.16
2026/09/26 00:25:14.928, 2, 13607, 97871, 0, 118.22
2026/09/26 00:25:14.928, 3, 13615, 97871, 0, 121.72
2026/09/26 00:25:15.128, 0, 13599, 97871, 0, 116.34
2026/09/26 00:25:15.128, 1, 13597, 97871, 0, 123.14
2026/09/26 00:25:15.128, 2, 13607, 97871, 0, 118.17
2026/09/26 00:25:15.128, 3, 13615, 97871, 0, 121.68
2026/09/26 00:25:15.328, 0, 13599, 97871, 0, 116.33
2026/09/26 00:25:15.328, 1, 13597, 97871, 0, 123.12
2026/09/26 00:25:15.328, 2, 13607, 97871, 0, 118.21
2026/09/26 00:25:15.328, 3, 13615, 97871, 0, 121.69
2026/09/26 00:25:15.528, 0, 13599, 97871, 0, 116.34
2026/09/26 00:25:15.528, 1, 13597, 97871, 0, 123.13
2026/09/26 00:25:15.528, 2, 13607, 97871, 0, 118.21
2026/09/26 00:25:15.528, 3, 13615, 97871, 0, 121.68
2026/09/26 00:25:15.729, 0, 13599, 97871, 0, 116.33
2026/09/26 00:25:15.729, 1, 13597, 97871, 0, 123.14
2026/09/26 00:25:15.729, 2, 13607, 97871, 0, 118.17
2026/09/26 00:25:15.729, 3, 13615, 97871, 0, 121.69
2026/09/26 00:25:15.929, 0, 13599, 97871, 0, 116.33
2026/09/26 00:25:15.929, 1, 13597, 97871, 0, 123.14
2026/09/26 00:25:15.929, 2, 13607, 97871, 0, 118.16
2026/09/26 00:25:15.929, 3, 13615, 97871, 0, 121.67
2026/09/26 00:25:16.129, 0, 13599, 97871, 0, 116.33
2026/09/26 00:25:16.129, 1, 13597, 97871, 0, 123.14
2026/09/26 00:25:16.129, 2, 13607, 97871, 0, 118.19
2026/09/26 00:25:16.129, 3, 13615, 97871, 0, 121.69
2026/09/26 00:25:16.329, 0, 13599, 97871, 0, 116.33
2026/09/26 00:25:16.329, 1, 13597, 97871, 0, 123.14
2026/09/26 00:25:16.329, 2, 13607, 97871, 0, 118.19
2026/09/26 00:25:16.329, 3, 13615, 97871, 0, 121.69
2026/09/26 00:25:16.529, 0, 13599, 97871, 0, 116.34
2026/09/26 00:25:16.529, 1, 13597, 97871, 0, 123.13
2026/09/26 00:25:16.529, 2, 13607, 97871, 0, 118.13
2026/09/26 00:25:16.529, 3, 13615, 97871, 0, 121.67
2026/09/26 00:25:16.729, 0, 13599, 97871, 0, 116.32
2026/09/26 00:25:16.730, 1, 13597, 97871, 0, 123.10
2026/09/26 00:25:16.730, 2, 13607, 97871, 0, 118.17
2026/09/26 00:25:16.730, 3, 13615, 97871, 0, 121.68
2026/09/26 00:25:16.930, 0, 13599, 97871, 0, 116.32
2026/09/26 00:25:16.930, 1, 13597, 97871, 0, 123.09
2026/09/26 00:25:16.930, 2, 13607, 97871, 0, 118.19
2026/09/26 00:25:16.930, 3, 13615, 97871, 0, 121.67
2026/09/26 00:25:17.130, 0, 13599, 97871, 0, 116.32
2026/09/26 00:25:17.130, 1, 13597, 97871, 0, 123.09
2026/09/26 00:25:17.130, 2, 13607, 97871, 0, 118.19
2026/09/26 00:25:17.130, 3, 13615, 97871, 0, 121.65
2026/09/26 00:25:17.330, 0, 13599, 97871, 0, 116.35
2026/09/26 00:25:17.330, 1, 13597, 97871, 0, 123.07
2026/09/26 00:25:17.330, 2, 13607, 97871, 0, 118.16
2026/09/26 00:25:17.330, 3, 13615, 97871, 0, 121.64
2026/09/26 00:25:17.530, 0, 13599, 97871, 0, 116.34
2026/09/26 00:25:17.530, 1, 13597, 97871, 0, 123.04
2026/09/26 00:25:17.530, 2, 13607, 97871, 0, 118.19
2026/09/26 00:25:17.530, 3, 13615, 97871, 0, 121.63
2026/09/26 00:25:17.730, 0, 13599, 97871, 0, 116.36
2026/09/26 00:25:17.730, 1, 13597, 97871, 0, 123.02
2026/09/26 00:25:17.730, 2, 13607, 97871, 0, 118.19
2026/09/26 00:25:17.730, 3, 13615, 97871, 0, 121.62
2026/09/26 00:25:17.930, 0, 13599, 97871, 0, 116.37
2026/09/26 00:25:17.930, 1, 13597, 97871, 0, 123.03
2026/09/26 00:25:17.930, 2, 13607, 97871, 0, 118.17
2026/09/26 00:25:17.930, 3, 13615, 97871, 0, 121.60
2026/09/26 00:25:18.131, 0, 13599, 97871, 0, 116.34
2026/09/26 00:25:18.131, 1, 13597, 97871, 0, 123.01
2026/09/26 00:25:18.131, 2, 13607, 97871, 0, 118.17
2026/09/26 00:25:18.131, 3, 13615, 97871, 0, 121.58
2026/09/26 00:25:18.331, 0, 13599, 97871, 0, 116.35
2026/09/26 00:25:18.331, 1, 13597, 97871, 0, 123.00
2026/09/26 00:25:18.331, 2, 13607, 97871, 0, 118.19
2026/09/26 00:25:18.331, 3, 13615, 97871, 0, 121.56
2026/09/26 00:25:18.531, 0, 13599, 97871, 0, 116.33
2026/09/26 00:25:18.531, 1, 13597, 97871, 0, 123.01
2026/09/26 00:25:18.531, 2, 13607, 97871, 0, 118.23
2026/09/26 00:25:18.531, 3, 13615, 97871, 0, 121.55
2026/09/26 00:25:18.731, 0, 13599, 97871, 0, 116.33
2026/09/26 00:25:18.731, 1, 13597, 97871, 0, 123.03
2026/09/26 00:25:18.731, 2, 13607, 97871, 0, 118.19
2026/09/26 00:25:18.731, 3, 13615, 97871, 0, 121.53
2026/09/26 00:25:18.931, 0, 13599, 97871, 0, 116.33
2026/09/26 00:25:18.931, 1, 13597, 97871, 0, 123.02
2026/09/26 00:25:18.931, 2, 13607, 97871, 0, 118.18
2026/09/26 00:25:18.931, 3, 13615, 97871, 0, 121.53
2026/09/26 00:25:19.131, 0, 13599, 97871, 0, 116.33
2026/09/26 00:25:19.131, 1, 13597, 97871, 0, 123.01
2026/09/26 00:25:19.131, 2, 13607, 97871, 0, 118.19
2026/09/26 00:25:19.131, 3, 13615, 97871, 0, 121.51
2026/09/26 00:25:19.331, 0, 13599, 97871, 0, 116.33
2026/09/26 00:25:19.332, 1, 13597, 97871, 0, 123.01
2026/09/26 00:25:19.332, 2, 13607, 97871, 0, 118.20
2026/09/26 00:25:19.332, 3, 13615, 97871, 0, 121.51
2026/09/26 00:25:19.532, 0, 13599, 97871, 0, 116.33
2026/09/26 00:25:19.532, 1, 13597, 97871, 0, 123.01
2026/09/26 00:25:19.532, 2, 13607, 97871, 0, 118.14
2026/09/26 00:25:19.532, 3, 13615, 97871, 0, 121.48
2026/09/26 00:25:19.732, 0, 13599, 97871, 0, 116.32
2026/09/26 00:25:19.732, 1, 13597, 97871, 0, 122.99
2026/09/26 00:25:19.732, 2, 13607, 97871, 0, 118.16
2026/09/26 00:25:19.732, 3, 13615, 97871, 0, 121.49
2026/09/26 00:25:19.932, 0, 13599, 97871, 0, 116.28
2026/09/26 00:25:19.932, 1, 13597, 97871, 0, 123.00
2026/09/26 00:25:19.932, 2, 13607, 97871, 0, 118.18
2026/09/26 00:25:19.932, 3, 13615, 97871, 0, 121.47
2026/09/26 00:25:20.132, 0, 13599, 97871, 0, 116.29
2026/09/26 00:25:20.132, 1, 13597, 97871, 0, 123.00
2026/09/26 00:25:20.132, 2, 13607, 97871, 0, 118.18
2026/09/26 00:25:20.132, 3, 13615, 97871, 0, 121.47
2026/09/26 00:25:20.332, 0, 13599, 97871, 0, 116.27
2026/09/26 00:25:20.332, 1, 13597, 97871, 0, 123.00
2026/09/26 00:25:20.332, 2, 15655, 97871, 0, 119.45
2026/09/26 00:25:20.332, 3, 13615, 97871, 0, 121.46
2026/09/26 00:25:20.532, 0, 13599, 97871, 0, 116.27
2026/09/26 00:25:20.532, 1, 13597, 97871, 0, 123.97
2026/09/26 00:25:20.532, 2, 15655, 97871, 22, 120.76
2026/09/26 00:25:20.532, 3, 13615, 97871, 0, 123.03
2026/09/26 00:25:20.733, 0, 13599, 97871, 0, 116.28
2026/09/26 00:25:20.733, 1, 13597, 97871, 0, 123.96
2026/09/26 00:25:20.733, 2, 15655, 97871, 100, 121.21
2026/09/26 00:25:20.733, 3, 13615, 97871, 0, 123.00
2026/09/26 00:25:20.933, 0, 13599, 97871, 0, 116.29
2026/09/26 00:25:20.933, 1, 13597, 97871, 0, 123.96
2026/09/26 00:25:20.933, 2, 15655, 97871, 100, 121.71
2026/09/26 00:25:20.933, 3, 13615, 97871, 0, 123.06
2026/09/26 00:25:21.133, 0, 13599, 97871, 0, 116.29
2026/09/26 00:25:21.133, 1, 13597, 97871, 0, 123.99
2026/09/26 00:25:21.133, 2, 15655, 97871, 100, 122.16
2026/09/26 00:25:21.133, 3, 13615, 97871, 0, 123.06
2026/09/26 00:25:21.333, 0, 13599, 97871, 0, 116.26
2026/09/26 00:25:21.333, 1, 13597, 97871, 0, 123.95
2026/09/26 00:25:21.333, 2, 15655, 97871, 100, 121.87
2026/09/26 00:25:21.333, 3, 13615, 97871, 0, 123.07
2026/09/26 00:25:21.533, 0, 13599, 97871, 0, 116.27
2026/09/26 00:25:21.533, 1, 13597, 97871, 0, 123.00
2026/09/26 00:25:21.533, 2, 15655, 97871, 100, 120.48
2026/09/26 00:25:21.533, 3, 13615, 97871, 0, 121.53
2026/09/26 00:25:21.733, 0, 13599, 97871, 0, 116.26
2026/09/26 00:25:21.733, 1, 13597, 97871, 0, 123.00
2026/09/26 00:25:21.733, 2, 15655, 97871, 100, 120.43
2026/09/26 00:25:21.733, 3, 13615, 97871, 0, 121.53
2026/09/26 00:25:21.933, 0, 13599, 97871, 0, 116.26
2026/09/26 00:25:21.934, 1, 13597, 97871, 0, 122.99
2026/09/26 00:25:21.934, 2, 15655, 97871, 100, 120.45
2026/09/26 00:25:21.934, 3, 13615, 97871, 0, 121.52
2026/09/26 00:25:22.134, 0, 13599, 97871, 0, 116.27
2026/09/26 00:25:22.134, 1, 13597, 97871, 0, 122.97
2026/09/26 00:25:22.134, 2, 15655, 97871, 100, 120.45
2026/09/26 00:25:22.134, 3, 13615, 97871, 0, 121.54
2026/09/26 00:25:22.334, 0, 13599, 97871, 0, 116.26
2026/09/26 00:25:22.334, 1, 13597, 97871, 0, 122.94
2026/09/26 00:25:22.334, 2, 15655, 97871, 100, 120.45
2026/09/26 00:25:22.334, 3, 13615, 97871, 0, 121.54
2026/09/26 00:25:22.534, 0, 13599, 97871, 0, 117.08
2026/09/26 00:25:22.534, 1, 15645, 97871, 0, 122.94
2026/09/26 00:25:22.534, 2, 15655, 97871, 100, 121.36
2026/09/26 00:25:22.534, 3, 13615, 97871, 0, 121.65
2026/09/26 00:25:22.734, 0, 13599, 97871, 0, 117.26
2026/09/26 00:25:22.734, 1, 15645, 97871, 71, 125.35
2026/09/26 00:25:22.734, 2, 15655, 97871, 100, 121.96
2026/09/26 00:25:22.734, 3, 13615, 97871, 0, 122.93
2026/09/26 00:25:22.934, 0, 13599, 97871, 0, 117.28
2026/09/26 00:25:22.934, 1, 15645, 97871, 100, 125.84
2026/09/26 00:25:22.934, 2, 15655, 97871, 100, 122.02
2026/09/26 00:25:22.934, 3, 13615, 97871, 0, 122.94
2026/09/26 00:25:23.134, 0, 13599, 97871, 0, 117.28
2026/09/26 00:25:23.134, 1, 15645, 97871, 100, 126.25
2026/09/26 00:25:23.135, 2, 15655, 97871, 100, 122.09
2026/09/26 00:25:23.135, 3, 13615, 97871, 0, 122.91
2026/09/26 00:25:23.335, 0, 13599, 97871, 0, 117.27
2026/09/26 00:25:23.335, 1, 15645, 97871, 100, 126.72
2026/09/26 00:25:23.335, 2, 15655, 97871, 100, 122.17
2026/09/26 00:25:23.335, 3, 13615, 97871, 0, 122.92
2026/09/26 00:25:23.535, 0, 13599, 97871, 0, 116.51
2026/09/26 00:25:23.535, 1, 15645, 97871, 100, 127.18
2026/09/26 00:25:23.535, 2, 15655, 97871, 100, 121.87
2026/09/26 00:25:23.535, 3, 13615, 97871, 0, 122.92
2026/09/26 00:25:23.735, 0, 13599, 97871, 0, 116.28
2026/09/26 00:25:23.735, 1, 15645, 97871, 100, 125.32
2026/09/26 00:25:23.735, 2, 15655, 97871, 100, 120.87
2026/09/26 00:25:23.735, 3, 13615, 97871, 0, 121.47
2026/09/26 00:25:23.935, 0, 13599, 97871, 0, 116.29
2026/09/26 00:25:23.935, 1, 15645, 97871, 100, 125.28
2026/09/26 00:25:23.935, 2, 15655, 97871, 100, 120.87
2026/09/26 00:25:23.935, 3, 13615, 97871, 0, 121.47
2026/09/26 00:25:24.135, 0, 13599, 97871, 0, 116.27
2026/09/26 00:25:24.135, 1, 15645, 97871, 100, 125.28
2026/09/26 00:25:24.135, 2, 15655, 97871, 100, 120.86
2026/09/26 00:25:24.135, 3, 13615, 97871, 0, 121.44
2026/09/26 00:25:24.335, 0, 13599, 97871, 0, 116.30
2026/09/26 00:25:24.335, 1, 15645, 97871, 100, 125.25
2026/09/26 00:25:24.335, 2, 15655, 97871, 100, 120.90
2026/09/26 00:25:24.336, 3, 13615, 97871, 0, 121.41
2026/09/26 00:25:24.536, 0, 13599, 97871, 0, 116.29
2026/09/26 00:25:24.536, 1, 15645, 97871, 100, 125.25
2026/09/26 00:25:24.536, 2, 15655, 97871, 100, 120.90
2026/09/26 00:25:24.536, 3, 13615, 97871, 0, 121.39
2026/09/26 00:25:24.736, 0, 13599, 97871, 0, 117.69
2026/09/26 00:25:24.736, 1, 15645, 97871, 100, 125.26
2026/09/26 00:25:24.736, 2, 15655, 97871, 100, 122.20
2026/09/26 00:25:24.736, 3, 15663, 97871, 44, 123.36
2026/09/26 00:25:24.936, 0, 13599, 97871, 0, 117.72
2026/09/26 00:25:24.936, 1, 15645, 97871, 100, 125.33
2026/09/26 00:25:24.936, 2, 15655, 97871, 100, 122.11
2026/09/26 00:25:24.936, 3, 15663, 97871, 100, 124.03
2026/09/26 00:25:25.136, 0, 13599, 97871, 0, 117.70
2026/09/26 00:25:25.136, 1, 15645, 97871, 100, 125.32
2026/09/26 00:25:25.136, 2, 15655, 97871, 100, 122.02
2026/09/26 00:25:25.136, 3, 15663, 97871, 100, 124.49
2026/09/26 00:25:25.336, 0, 13599, 97871, 0, 117.69
2026/09/26 00:25:25.336, 1, 15645, 97871, 100, 125.40
2026/09/26 00:25:25.336, 2, 15655, 97871, 100, 121.95
2026/09/26 00:25:25.336, 3, 15663, 97871, 100, 125.04
2026/09/26 00:25:25.536, 0, 13599, 97871, 0, 117.69
2026/09/26 00:25:25.536, 1, 15645, 97871, 100, 125.51
2026/09/26 00:25:25.536, 2, 15655, 97871, 100, 121.82
2026/09/26 00:25:25.536, 3, 15663, 97871, 100, 125.51
2026/09/26 00:25:25.737, 0, 13599, 97871, 0, 116.34
2026/09/26 00:25:25.737, 1, 15645, 97871, 100, 125.62
2026/09/26 00:25:25.737, 2, 15655, 97871, 100, 120.44
2026/09/26 00:25:25.737, 3, 15663, 97871, 100, 124.58
2026/09/26 00:25:25.937, 0, 13599, 97871, 0, 116.29
2026/09/26 00:25:25.937, 1, 15645, 97871, 100, 125.70
2026/09/26 00:25:25.937, 2, 15655, 97871, 100, 120.43
2026/09/26 00:25:25.937, 3, 15663, 97871, 100, 123.77
2026/09/26 00:25:26.137, 0, 13599, 97871, 0, 116.30
2026/09/26 00:25:26.137, 1, 15645, 97871, 100, 125.75
2026/09/26 00:25:26.137, 2, 15655, 97871, 100, 120.43
2026/09/26 00:25:26.137, 3, 15663, 97871, 100, 123.77
2026/09/26 00:25:26.337, 0, 13599, 97871, 0, 116.30
2026/09/26 00:25:26.337, 1, 15645, 97871, 100, 125.75
2026/09/26 00:25:26.337, 2, 15655, 97871, 100, 120.37
2026/09/26 00:25:26.337, 3, 15663, 97871, 100, 123.75
2026/09/26 00:25:26.537, 0, 13599, 97871, 0, 116.26
2026/09/26 00:25:26.537, 1, 15645, 97871, 100, 125.75
2026/09/26 00:25:26.537, 2, 15655, 97871, 100, 120.40
2026/09/26 00:25:26.537, 3, 15663, 97871, 100, 123.76
2026/09/26 00:25:26.737, 0, 13599, 97871, 0, 116.29
2026/09/26 00:25:26.737, 1, 15645, 97871, 100, 125.74
2026/09/26 00:25:26.737, 2, 15655, 97871, 100, 120.41
2026/09/26 00:25:26.737, 3, 15663, 97871, 100, 123.78
2026/09/26 00:25:26.937, 0, 19969, 97871, 0, 121.30
2026/09/26 00:25:26.937, 1, 17407, 97871, 100, 130.00
2026/09/26 00:25:26.938, 2, 17417, 97871, 0, 122.67
2026/09/26 00:25:26.938, 3, 18961, 97871, 30, 125.81
2026/09/26 00:25:27.138, 0, 20993, 97871, 7, 151.44
2026/09/26 00:25:27.138, 1, 20991, 97871, 15, 165.46
2026/09/26 00:25:27.138, 2, 21001, 97871, 100, 165.81
2026/09/26 00:25:27.138, 3, 21009, 97871, 92, 153.41
2026/09/26 00:25:27.338, 0, 20993, 97871, 100, 182.74
2026/09/26 00:25:27.338, 1, 20991, 97871, 100, 190.32
2026/09/26 00:25:27.338, 2, 21001, 97871, 100, 226.18
2026/09/26 00:25:27.338, 3, 21009, 97871, 100, 200.63
2026/09/26 00:25:27.538, 0, 20993, 97871, 100, 221.14
2026/09/26 00:25:27.538, 1, 20991, 97871, 100, 231.04
2026/09/26 00:25:27.538, 2, 21001, 97871, 100, 286.35
2026/09/26 00:25:27.538, 3, 21009, 97871, 100, 236.63
2026/09/26 00:25:27.738, 0, 20993, 97871, 100, 266.15
2026/09/26 00:25:27.738, 1, 20991, 97871, 100, 268.83
2026/09/26 00:25:27.738, 2, 21001, 97871, 100, 320.51
2026/09/26 00:25:27.738, 3, 21009, 97871, 100, 274.95
2026/09/26 00:25:27.938, 0, 20993, 97871, 100, 288.46
2026/09/26 00:25:27.939, 1, 20991, 97871, 100, 305.11
2026/09/26 00:25:27.939, 2, 21001, 97871, 100, 364.52
2026/09/26 00:25:27.939, 3, 21009, 97871, 100, 322.99
2026/09/26 00:25:28.139, 0, 20993, 97871, 100, 299.75
2026/09/26 00:25:28.139, 1, 20991, 97871, 100, 290.95
2026/09/26 00:25:28.139, 2, 21001, 97871, 100, 359.25
2026/09/26 00:25:28.139, 3, 21009, 97871, 100, 345.66
2026/09/26 00:25:28.339, 0, 20993, 97871, 100, 323.68
2026/09/26 00:25:28.339, 1, 20991, 97871, 100, 299.79
2026/09/26 00:25:28.339, 2, 21001, 97871, 100, 334.98
2026/09/26 00:25:28.339, 3, 21009, 97871, 100, 347.58
2026/09/26 00:25:28.539, 0, 20993, 97871, 100, 332.93
2026/09/26 00:25:28.539, 1, 20991, 97871, 100, 319.29
2026/09/26 00:25:28.539, 2, 21001, 97871, 100, 312.60
2026/09/26 00:25:28.539, 3, 21009, 97871, 100, 355.33
2026/09/26 00:25:28.739, 0, 20993, 97871, 100, 331.17
2026/09/26 00:25:28.739, 1, 20991, 97871, 100, 331.05
2026/09/26 00:25:28.739, 2, 21001, 97871, 100, 318.64
2026/09/26 00:25:28.739, 3, 21009, 97871, 100, 367.10
2026/09/26 00:25:28.939, 0, 20993, 97871, 100, 335.87
2026/09/26 00:25:28.939, 1, 20991, 97871, 100, 358.83
2026/09/26 00:25:28.939, 2, 21001, 97871, 100, 306.43
2026/09/26 00:25:28.939, 3, 21009, 97871, 100, 339.76
2026/09/26 00:25:29.139, 0, 20993, 97871, 100, 331.44
2026/09/26 00:25:29.139, 1, 20991, 97871, 100, 372.86
2026/09/26 00:25:29.139, 2, 21001, 97871, 100, 314.25
2026/09/26 00:25:29.139, 3, 21009, 97871, 100, 344.91
2026/09/26 00:25:29.339, 0, 20993, 97871, 100, 317.90
2026/09/26 00:25:29.340, 1, 20991, 97871, 100, 365.95
2026/09/26 00:25:29.340, 2, 21001, 97871, 100, 321.78
2026/09/26 00:25:29.340, 3, 21009, 97871, 100, 350.94
2026/09/26 00:25:29.540, 0, 20993, 97871, 100, 309.90
2026/09/26 00:25:29.540, 1, 20991, 97871, 100, 341.53
2026/09/26 00:25:29.540, 2, 21001, 97871, 100, 320.35
2026/09/26 00:25:29.540, 3, 21009, 97871, 100, 368.68
2026/09/26 00:25:29.740, 0, 20993, 97871, 100, 312.07
2026/09/26 00:25:29.740, 1, 20991, 97871, 100, 323.79
2026/09/26 00:25:29.740, 2, 21001, 97871, 100, 316.94
2026/09/26 00:25:29.740, 3, 21009, 97871, 100, 357.42
2026/09/26 00:25:29.940, 0, 20993, 97871, 100, 330.02
2026/09/26 00:25:29.940, 1, 20991, 97871, 100, 312.02
2026/09/26 00:25:29.940, 2, 21001, 97871, 100, 330.24
2026/09/26 00:25:29.940, 3, 21009, 97871, 100, 355.04
2026/09/26 00:25:30.140, 0, 20993, 97871, 100, 316.33
2026/09/26 00:25:30.140, 1, 20991, 97871, 100, 310.97
2026/09/26 00:25:30.140, 2, 21001, 97871, 100, 329.73
2026/09/26 00:25:30.140, 3, 21009, 97871, 100, 344.76
2026/09/26 00:25:30.340, 0, 20993, 97871, 100, 332.62
2026/09/26 00:25:30.340, 1, 20991, 97871, 100, 329.03
2026/09/26 00:25:30.340, 2, 21001, 97871, 100, 329.78
2026/09/26 00:25:30.340, 3, 21009, 97871, 100, 318.88
2026/09/26 00:25:30.540, 0, 20993, 97871, 100, 326.81
2026/09/26 00:25:30.540, 1, 20991, 97871, 100, 341.76
2026/09/26 00:25:30.540, 2, 21001, 97871, 100, 346.26
2026/09/26 00:25:30.540, 3, 21009, 97871, 100, 296.33
2026/09/26 00:25:30.740, 0, 20993, 97871, 100, 329.80
2026/09/26 00:25:30.740, 1, 20991, 97871, 100, 339.54
2026/09/26 00:25:30.741, 2, 21001, 97871, 100, 336.16
2026/09/26 00:25:30.741, 3, 21009, 97871, 100, 309.90
2026/09/26 00:25:30.941, 0, 20993, 97871, 100, 338.32
2026/09/26 00:25:30.941, 1, 20991, 97871, 100, 315.94
2026/09/26 00:25:30.941, 2, 21001, 97871, 100, 325.97
2026/09/26 00:25:30.941, 3, 21009, 97871, 100, 335.45
2026/09/26 00:25:31.141, 0, 20993, 97871, 100, 352.86
2026/09/26 00:25:31.141, 1, 20991, 97871, 100, 324.14
2026/09/26 00:25:31.141, 2, 21001, 97871, 100, 331.20
2026/09/26 00:25:31.141, 3, 21009, 97871, 100, 324.60
2026/09/26 00:25:31.341, 0, 20993, 97871, 100, 350.70
2026/09/26 00:25:31.341, 1, 20991, 97871, 100, 316.83
2026/09/26 00:25:31.341, 2, 21001, 97871, 100, 331.00
2026/09/26 00:25:31.341, 3, 21009, 97871, 100, 315.73
2026/09/26 00:25:31.541, 0, 20993, 97871, 100, 371.57
2026/09/26 00:25:31.541, 1, 20991, 97871, 100, 326.13
2026/09/26 00:25:31.541, 2, 21001, 97871, 100, 313.80
2026/09/26 00:25:31.541, 3, 21009, 97871, 100, 311.34
2026/09/26 00:25:31.741, 0, 20993, 97871, 100, 339.82
2026/09/26 00:25:31.741, 1, 20991, 97871, 100, 349.42
2026/09/26 00:25:31.741, 2, 21001, 97871, 100, 323.47
2026/09/26 00:25:31.741, 3, 21009, 97871, 100, 298.17
2026/09/26 00:25:31.941, 0, 20993, 97871, 100, 335.80
2026/09/26 00:25:31.941, 1, 20991, 97871, 100, 374.30
2026/09/26 00:25:31.942, 2, 21001, 97871, 100, 331.90
2026/09/26 00:25:31.942, 3, 21009, 97871, 100, 300.64
2026/09/26 00:25:32.142, 0, 21237, 97871, 100, 307.50
2026/09/26 00:25:32.142, 1, 21235, 97871, 100, 356.80
2026/09/26 00:25:32.142, 2, 21245, 97871, 100, 330.24
2026/09/26 00:25:32.142, 3, 21253, 97871, 19, 294.75
2026/09/26 00:25:32.342, 0, 21529, 97871, 1, 251.23
2026/09/26 00:25:32.342, 1, 21527, 97871, 0, 317.14
2026/09/26 00:25:32.344, 2, 21537, 97871, 1, 265.65
2026/09/26 00:25:32.344, 3, 21545, 97871, 1, 268.34
2026/09/26 00:25:32.544, 0, 21531, 97871, 0, 203.03
2026/09/26 00:25:32.544, 1, 21529, 97871, 0, 264.12
2026/09/26 00:25:32.544, 2, 21539, 97871, 0, 227.03
2026/09/26 00:25:32.544, 3, 21547, 97871, 0, 232.38
2026/09/26 00:25:32.744, 0, 21531, 97871, 2, 185.92
2026/09/26 00:25:32.744, 1, 21529, 97871, 12, 210.37
2026/09/26 00:25:32.744, 2, 21539, 97871, 15, 188.54
2026/09/26 00:25:32.745, 3, 21547, 97871, 0, 203.35
2026/09/26 00:25:32.945, 0, 22555, 97871, 0, 153.54
2026/09/26 00:25:32.945, 1, 22553, 97871, 0, 180.27
2026/09/26 00:25:32.945, 2, 22563, 97871, 0, 153.28
2026/09/26 00:25:32.945, 3, 22571, 97871, 15, 154.90
2026/09/26 00:25:33.145, 0, 22555, 97871, 55, 172.58
2026/09/26 00:25:33.145, 1, 22553, 97871, 86, 182.75
2026/09/26 00:25:33.145, 2, 22563, 97871, 100, 191.13
2026/09/26 00:25:33.145, 3, 22571, 97871, 100, 182.08
2026/09/26 00:25:33.345, 0, 22555, 97871, 100, 201.16
2026/09/26 00:25:33.345, 1, 22553, 97871, 100, 210.88
2026/09/26 00:25:33.345, 2, 22563, 97871, 100, 253.47
2026/09/26 00:25:33.345, 3, 22571, 97871, 100, 214.42
2026/09/26 00:25:33.545, 0, 22555, 97871, 100, 243.48
2026/09/26 00:25:33.545, 1, 22553, 97871, 100, 252.86
2026/09/26 00:25:33.545, 2, 22563, 97871, 100, 304.74
2026/09/26 00:25:33.545, 3, 22571, 97871, 100, 266.48
2026/09/26 00:25:33.745, 0, 22555, 97871, 100, 276.15
2026/09/26 00:25:33.745, 1, 22553, 97871, 100, 285.29
2026/09/26 00:25:33.745, 2, 22563, 97871, 100, 326.40
2026/09/26 00:25:33.745, 3, 22571, 97871, 100, 309.10
2026/09/26 00:25:33.945, 0, 22555, 97871, 100, 309.40
2026/09/26 00:25:33.945, 1, 22553, 97871, 100, 305.98
2026/09/26 00:25:33.945, 2, 22563, 97871, 100, 376.19
2026/09/26 00:25:33.945, 3, 22571, 97871, 100, 350.63
2026/09/26 00:25:34.145, 0, 22555, 97871, 100, 309.74
2026/09/26 00:25:34.145, 1, 22553, 97871, 100, 291.82
2026/09/26 00:25:34.145, 2, 22563, 97871, 100, 355.61
2026/09/26 00:25:34.146, 3, 22571, 97871, 100, 358.65
2026/09/26 00:25:34.346, 0, 22555, 97871, 100, 328.99
2026/09/26 00:25:34.346, 1, 22553, 97871, 100, 311.26
2026/09/26 00:25:34.346, 2, 22563, 97871, 100, 331.93
2026/09/26 00:25:34.346, 3, 22571, 97871, 100, 369.03
2026/09/26 00:25:34.546, 0, 22555, 97871, 100, 330.14
2026/09/26 00:25:34.546, 1, 22553, 97871, 100, 328.03
2026/09/26 00:25:34.546, 2, 22563, 97871, 100, 312.49
2026/09/26 00:25:34.546, 3, 22571, 97871, 100, 362.04
2026/09/26 00:25:34.746, 0, 22555, 97871, 100, 327.55
2026/09/26 00:25:34.746, 1, 22553, 97871, 100, 347.31
2026/09/26 00:25:34.746, 2, 22563, 97871, 100, 324.72
2026/09/26 00:25:34.746, 3, 22571, 97871, 100, 357.35
2026/09/26 00:25:34.946, 0, 22555, 97871, 100, 322.91
2026/09/26 00:25:34.946, 1, 22553, 97871, 100, 369.90
2026/09/26 00:25:34.946, 2, 22563, 97871, 100, 312.03
2026/09/26 00:25:34.946, 3, 22571, 97871, 100, 340.74
2026/09/26 00:25:35.146, 0, 22555, 97871, 100, 324.03
2026/09/26 00:25:35.146, 1, 22553, 97871, 100, 372.28
2026/09/26 00:25:35.146, 2, 22563, 97871, 100, 323.95
2026/09/26 00:25:35.146, 3, 22571, 97871, 100, 347.94
2026/09/26 00:25:35.346, 0, 22555, 97871, 100, 308.92
2026/09/26 00:25:35.346, 1, 22553, 97871, 100, 353.97
2026/09/26 00:25:35.346, 2, 22563, 97871, 100, 327.57
2026/09/26 00:25:35.346, 3, 22571, 97871, 100, 364.47
2026/09/26 00:25:35.546, 0, 22555, 97871, 100, 314.45
2026/09/26 00:25:35.546, 1, 22553, 97871, 100, 327.68
2026/09/26 00:25:35.546, 2, 22563, 97871, 100, 329.44
2026/09/26 00:25:35.547, 3, 22571, 97871, 100, 371.13
2026/09/26 00:25:35.747, 0, 22555, 97871, 100, 318.77
2026/09/26 00:25:35.747, 1, 22553, 97871, 100, 313.07
2026/09/26 00:25:35.747, 2, 22563, 97871, 100, 333.42
2026/09/26 00:25:35.747, 3, 22571, 97871, 100, 353.55
2026/09/26 00:25:35.947, 0, 22555, 97871, 100, 324.66
2026/09/26 00:25:35.947, 1, 22553, 97871, 100, 316.27
2026/09/26 00:25:35.947, 2, 22563, 97871, 100, 318.93
2026/09/26 00:25:35.947, 3, 22571, 97871, 100, 358.87
2026/09/26 00:25:36.147, 0, 22555, 97871, 100, 318.33
2026/09/26 00:25:36.147, 1, 22553, 97871, 100, 324.64
2026/09/26 00:25:36.147, 2, 22563, 97871, 100, 333.43
2026/09/26 00:25:36.147, 3, 22571, 97871, 100, 336.51
2026/09/26 00:25:36.347, 0, 22555, 97871, 100, 336.23
2026/09/26 00:25:36.347, 1, 22553, 97871, 100, 328.27
2026/09/26 00:25:36.347, 2, 22563, 97871, 100, 335.07
2026/09/26 00:25:36.347, 3, 22571, 97871, 100, 316.10
2026/09/26 00:25:36.547, 0, 22555, 97871, 100, 329.43
2026/09/26 00:25:36.547, 1, 22553, 97871, 100, 348.62
2026/09/26 00:25:36.547, 2, 22563, 97871, 100, 346.10
2026/09/26 00:25:36.547, 3, 22571, 97871, 100, 301.79
2026/09/26 00:25:36.747, 0, 22555, 97871, 100, 339.25
2026/09/26 00:25:36.747, 1, 22553, 97871, 100, 342.06
2026/09/26 00:25:36.747, 2, 22563, 97871, 100, 330.14
2026/09/26 00:25:36.747, 3, 22571, 97871, 100, 329.16
2026/09/26 00:25:36.947, 0, 22555, 97871, 100, 344.65
2026/09/26 00:25:36.947, 1, 22553, 97871, 100, 317.51
2026/09/26 00:25:36.947, 2, 22563, 97871, 100, 331.87
2026/09/26 00:25:36.948, 3, 22571, 97871, 100, 330.55
2026/09/26 00:25:37.148, 0, 22555, 97871, 100, 350.95
2026/09/26 00:25:37.148, 1, 22553, 97871, 100, 322.16
2026/09/26 00:25:37.148, 2, 22563, 97871, 100, 333.31
2026/09/26 00:25:37.148, 3, 22571, 97871, 100, 324.62
2026/09/26 00:25:37.348, 0, 22555, 97871, 100, 363.18
2026/09/26 00:25:37.348, 1, 22553, 97871, 100, 326.22
2026/09/26 00:25:37.348, 2, 22563, 97871, 100, 327.47
2026/09/26 00:25:37.348, 3, 22571, 97871, 100, 316.66
2026/09/26 00:25:37.548, 0, 22555, 97871, 100, 350.32
2026/09/26 00:25:37.548, 1, 22553, 97871, 100, 337.95
2026/09/26 00:25:37.548, 2, 22563, 97871, 100, 306.80
2026/09/26 00:25:37.548, 3, 22571, 97871, 100, 317.81
2026/09/26 00:25:37.748, 0, 22555, 97871, 100, 344.74
2026/09/26 00:25:37.748, 1, 22553, 97871, 100, 354.15
2026/09/26 00:25:37.748, 2, 22563, 97871, 100, 326.74
2026/09/26 00:25:37.748, 3, 22571, 97871, 100, 309.21
2026/09/26 00:25:37.948, 0, 22555, 97871, 100, 326.06
2026/09/26 00:25:37.948, 1, 22553, 97871, 100, 380.05
2026/09/26 00:25:37.948, 2, 22563, 97871, 100, 334.73
2026/09/26 00:25:37.948, 3, 22571, 97871, 100, 314.03
2026/09/26 00:25:38.148, 0, 22557, 97871, 83, 290.48
2026/09/26 00:25:38.148, 1, 22555, 97871, 53, 345.61
2026/09/26 00:25:38.148, 2, 22565, 97871, 16, 287.28
2026/09/26 00:25:38.148, 3, 22573, 97871, 71, 301.14
2026/09/26 00:25:38.349, 0, 22557, 97871, 47, 225.92
2026/09/26 00:25:38.349, 1, 22555, 97871, 15, 306.34
2026/09/26 00:25:38.349, 2, 22565, 97871, 0, 250.31
2026/09/26 00:25:38.349, 3, 22573, 97871, 0, 269.17
2026/09/26 00:25:38.549, 0, 22557, 97871, 0, 203.95
2026/09/26 00:25:38.549, 1, 22555, 97871, 0, 242.23
2026/09/26 00:25:38.549, 2, 22565, 97871, 0, 217.34
2026/09/26 00:25:38.549, 3, 22573, 97871, 0, 232.08
2026/09/26 00:25:38.749, 0, 22557, 97871, 0, 165.29
2026/09/26 00:25:38.749, 1, 22555, 97871, 0, 194.34
2026/09/26 00:25:38.749, 2, 22565, 97871, 0, 170.98
2026/09/26 00:25:38.749, 3, 22573, 97871, 0, 184.94
2026/09/26 00:25:38.949, 0, 22557, 97871, 0, 128.63
2026/09/26 00:25:38.949, 1, 22555, 97871, 0, 136.73
2026/09/26 00:25:38.949, 2, 22565, 97871, 0, 132.48
2026/09/26 00:25:38.949, 3, 22573, 97871, 0, 139.99
2026/09/26 00:25:39.149, 0, 22557, 97871, 0, 117.80
2026/09/26 00:25:39.149, 1, 22555, 97871, 0, 125.50
2026/09/26 00:25:39.149, 2, 22565, 97871, 0, 120.83
2026/09/26 00:25:39.149, 3, 22573, 97871, 0, 124.26
2026/09/26 00:25:39.349, 0, 22557, 97871, 0, 117.78
2026/09/26 00:25:39.349, 1, 22555, 97871, 0, 125.25
2026/09/26 00:25:39.349, 2, 22565, 97871, 0, 120.35
2026/09/26 00:25:39.349, 3, 22573, 97871, 0, 123.26
2026/09/26 00:25:39.549, 0, 22557, 97871, 0, 117.74
2026/09/26 00:25:39.550, 1, 22555, 97871, 0, 125.17
2026/09/26 00:25:39.550, 2, 22565, 97871, 0, 120.21
2026/09/26 00:25:39.550, 3, 22573, 97871, 0, 123.09
2026/09/26 00:25:39.750, 0, 22557, 97871, 0, 133.14
2026/09/26 00:25:39.750, 1, 22555, 97871, 0, 138.88
2026/09/26 00:25:39.750, 2, 22565, 97871, 1, 127.91
2026/09/26 00:25:39.750, 3, 22573, 97871, 17, 128.41
2026/09/26 00:25:39.950, 0, 22557, 97871, 75, 174.97
2026/09/26 00:25:39.950, 1, 22555, 97871, 75, 188.17
2026/09/26 00:25:39.950, 2, 22565, 97871, 100, 174.74
2026/09/26 00:25:39.950, 3, 22573, 97871, 100, 181.12
2026/09/26 00:25:40.150, 0, 22557, 97871, 100, 223.46
2026/09/26 00:25:40.150, 1, 22555, 97871, 100, 227.68
2026/09/26 00:25:40.150, 2, 22565, 97871, 100, 219.66
2026/09/26 00:25:40.150, 3, 22573, 97871, 100, 221.80
2026/09/26 00:25:40.350, 0, 22557, 97871, 100, 272.56
2026/09/26 00:25:40.350, 1, 22555, 97871, 100, 277.10
2026/09/26 00:25:40.350, 2, 22565, 97871, 100, 269.01
2026/09/26 00:25:40.350, 3, 22573, 97871, 100, 264.64
2026/09/26 00:25:40.550, 0, 22557, 97871, 100, 307.82
2026/09/26 00:25:40.550, 1, 22555, 97871, 100, 318.40
2026/09/26 00:25:40.550, 2, 22565, 97871, 100, 306.11
2026/09/26 00:25:40.550, 3, 22573, 97871, 100, 317.38
2026/09/26 00:25:40.750, 0, 22557, 97871, 100, 340.96
2026/09/26 00:25:40.750, 1, 22555, 97871, 100, 358.99
2026/09/26 00:25:40.750, 2, 22565, 97871, 100, 349.10
2026/09/26 00:25:40.750, 3, 22573, 97871, 100, 351.94
2026/09/26 00:25:40.950, 0, 22557, 97871, 100, 344.00
2026/09/26 00:25:40.951, 1, 22555, 97871, 100, 358.68
2026/09/26 00:25:40.951, 2, 22565, 97871, 100, 350.49
2026/09/26 00:25:40.951, 3, 22573, 97871, 100, 344.82
2026/09/26 00:25:41.151, 0, 22557, 97871, 100, 340.51
2026/09/26 00:25:41.151, 1, 22555, 97871, 100, 364.87
2026/09/26 00:25:41.151, 2, 22565, 97871, 100, 349.49
2026/09/26 00:25:41.151, 3, 22573, 97871, 100, 351.99
2026/09/26 00:25:41.351, 0, 22557, 97871, 100, 334.94
2026/09/26 00:25:41.351, 1, 22555, 97871, 100, 369.52
2026/09/26 00:25:41.351, 2, 22565, 97871, 100, 346.91
2026/09/26 00:25:41.351, 3, 22573, 97871, 100, 348.31
2026/09/26 00:25:41.551, 0, 22557, 97871, 100, 329.91
2026/09/26 00:25:41.551, 1, 22555, 97871, 100, 371.07
2026/09/26 00:25:41.551, 2, 22565, 97871, 81, 341.14
2026/09/26 00:25:41.551, 3, 22573, 97871, 76, 343.96
2026/09/26 00:25:41.751, 0, 22557, 97871, 100, 324.16
2026/09/26 00:25:41.751, 1, 22555, 97871, 100, 370.97
2026/09/26 00:25:41.751, 2, 22565, 97871, 100, 338.81
2026/09/26 00:25:41.751, 3, 22573, 97871, 100, 346.80
2026/09/26 00:25:41.951, 0, 22557, 97871, 100, 332.57
2026/09/26 00:25:41.951, 1, 22555, 97871, 100, 360.02
2026/09/26 00:25:41.951, 2, 22565, 97871, 100, 345.67
2026/09/26 00:25:41.951, 3, 22573, 97871, 100, 346.09
2026/09/26 00:25:42.151, 0, 22557, 97871, 100, 330.33
2026/09/26 00:25:42.151, 1, 22555, 97871, 100, 374.95
2026/09/26 00:25:42.151, 2, 22565, 97871, 100, 342.45
2026/09/26 00:25:42.151, 3, 22573, 97871, 100, 334.24
2026/09/26 00:25:42.352, 0, 22557, 97871, 100, 331.23
2026/09/26 00:25:42.352, 1, 22555, 97871, 100, 356.21
2026/09/26 00:25:42.352, 2, 22565, 97871, 100, 338.94
2026/09/26 00:25:42.352, 3, 22573, 97871, 100, 353.06
2026/09/26 00:25:42.552, 0, 22557, 97871, 100, 339.32
2026/09/26 00:25:42.552, 1, 22555, 97871, 100, 361.15
2026/09/26 00:25:42.552, 2, 22565, 97871, 100, 355.00
2026/09/26 00:25:42.552, 3, 22573, 97871, 100, 347.80
2026/09/26 00:25:42.752, 0, 22557, 97871, 100, 346.50
2026/09/26 00:25:42.752, 1, 22555, 97871, 100, 354.55
2026/09/26 00:25:42.752, 2, 22565, 97871, 100, 349.10
2026/09/26 00:25:42.752, 3, 22573, 97871, 100, 343.45
2026/09/26 00:25:42.952, 0, 22557, 97871, 100, 341.57
2026/09/26 00:25:42.952, 1, 22555, 97871, 100, 370.95
2026/09/26 00:25:42.952, 2, 22565, 97871, 100, 348.13
2026/09/26 00:25:42.952, 3, 22573, 97871, 100, 348.12
2026/09/26 00:25:43.152, 0, 22557, 97871, 100, 330.34
2026/09/26 00:25:43.152, 1, 22555, 97871, 100, 371.25
2026/09/26 00:25:43.152, 2, 22565, 97871, 100, 349.04
2026/09/26 00:25:43.152, 3, 22573, 97871, 100, 358.26
2026/09/26 00:25:43.352, 0, 22557, 97871, 100, 325.82
2026/09/26 00:25:43.352, 1, 22555, 97871, 77, 377.98
2026/09/26 00:25:43.352, 2, 22565, 97871, 77, 342.82
2026/09/26 00:25:43.352, 3, 22573, 97871, 100, 342.14
2026/09/26 00:25:43.552, 0, 22557, 97871, 100, 329.29
2026/09/26 00:25:43.552, 1, 22555, 97871, 100, 372.72
2026/09/26 00:25:43.552, 2, 22565, 97871, 100, 345.39
2026/09/26 00:25:43.552, 3, 22573, 97871, 100, 354.36
2026/09/26 00:25:43.753, 0, 22557, 97871, 100, 331.49
2026/09/26 00:25:43.753, 1, 22555, 97871, 100, 374.40
2026/09/26 00:25:43.753, 2, 22565, 97871, 100, 351.53
2026/09/26 00:25:43.753, 3, 22573, 97871, 100, 352.80
2026/09/26 00:25:43.953, 0, 22557, 97871, 100, 325.36
2026/09/26 00:25:43.953, 1, 22555, 97871, 100, 373.46
2026/09/26 00:25:43.953, 2, 22565, 97871, 100, 339.23
2026/09/26 00:25:43.953, 3, 22573, 97871, 100, 347.57
2026/09/26 00:25:44.153, 0, 22557, 97871, 100, 332.18
2026/09/26 00:25:44.153, 1, 22555, 97871, 100, 359.68
2026/09/26 00:25:44.153, 2, 22565, 97871, 100, 338.03
2026/09/26 00:25:44.153, 3, 22573, 97871, 100, 354.62
2026/09/26 00:25:44.353, 0, 22557, 97871, 100, 340.43
2026/09/26 00:25:44.353, 1, 22555, 97871, 100, 364.36
2026/09/26 00:25:44.353, 2, 22565, 97871, 100, 353.61
2026/09/26 00:25:44.353, 3, 22573, 97871, 100, 349.08
2026/09/26 00:25:44.553, 0, 22557, 97871, 100, 340.75
2026/09/26 00:25:44.553, 1, 22555, 97871, 100, 364.78
2026/09/26 00:25:44.553, 2, 22565, 97871, 100, 345.80
2026/09/26 00:25:44.553, 3, 22573, 97871, 100, 350.70
2026/09/26 00:25:44.753, 0, 22557, 97871, 100, 331.37
2026/09/26 00:25:44.753, 1, 22555, 97871, 100, 373.91
2026/09/26 00:25:44.753, 2, 22565, 97871, 100, 347.71
2026/09/26 00:25:44.753, 3, 22573, 97871, 100, 351.75
2026/09/26 00:25:44.953, 0, 22557, 97871, 100, 322.96
2026/09/26 00:25:44.953, 1, 22555, 97871, 100, 362.99
2026/09/26 00:25:44.953, 2, 22565, 97871, 100, 343.74
2026/09/26 00:25:44.953, 3, 22573, 97871, 88, 351.09
2026/09/26 00:25:45.154, 0, 22557, 97871, 85, 315.24
2026/09/26 00:25:45.154, 1, 22555, 97871, 68, 357.27
2026/09/26 00:25:45.154, 2, 22565, 97871, 73, 329.88
2026/09/26 00:25:45.154, 3, 22573, 97871, 98, 335.02
2026/09/26 00:25:45.354, 0, 22557, 97871, 100, 315.37
2026/09/26 00:25:45.354, 1, 22555, 97871, 100, 351.00
2026/09/26 00:25:45.354, 2, 22565, 97871, 100, 329.24
2026/09/26 00:25:45.354, 3, 22573, 97871, 100, 344.33
2026/09/26 00:25:45.554, 0, 22557, 97871, 100, 320.71
2026/09/26 00:25:45.554, 1, 22555, 97871, 100, 352.16
2026/09/26 00:25:45.554, 2, 22565, 97871, 100, 339.62
2026/09/26 00:25:45.554, 3, 22573, 97871, 100, 334.66
2026/09/26 00:25:45.754, 0, 22557, 97871, 100, 319.46
2026/09/26 00:25:45.754, 1, 22555, 97871, 100, 346.75
2026/09/26 00:25:45.754, 2, 22565, 97871, 100, 326.43
2026/09/26 00:25:45.754, 3, 22573, 97871, 100, 331.41
2026/09/26 00:25:45.954, 0, 22557, 97871, 100, 330.40
2026/09/26 00:25:45.954, 1, 22555, 97871, 100, 347.76
2026/09/26 00:25:45.954, 2, 22565, 97871, 100, 338.11
2026/09/26 00:25:45.954, 3, 22573, 97871, 100, 349.80
2026/09/26 00:25:46.154, 0, 22557, 97871, 100, 347.47
2026/09/26 00:25:46.154, 1, 22555, 97871, 100, 363.00
2026/09/26 00:25:46.154, 2, 22565, 97871, 100, 356.51
2026/09/26 00:25:46.154, 3, 22573, 97871, 100, 345.06
2026/09/26 00:25:46.354, 0, 22557, 97871, 100, 349.44
2026/09/26 00:25:46.354, 1, 22555, 97871, 100, 354.47
2026/09/26 00:25:46.354, 2, 22565, 97871, 100, 349.70
2026/09/26 00:25:46.354, 3, 22573, 97871, 100, 345.85
2026/09/26 00:25:46.555, 0, 22557, 97871, 100, 337.75
2026/09/26 00:25:46.555, 1, 22555, 97871, 100, 373.19
2026/09/26 00:25:46.555, 2, 22565, 97871, 100, 345.12
2026/09/26 00:25:46.555, 3, 22573, 97871, 100, 350.65
2026/09/26 00:25:46.755, 0, 22557, 97871, 100, 334.06
2026/09/26 00:25:46.755, 1, 22555, 97871, 100, 366.85
2026/09/26 00:25:46.755, 2, 22565, 97871, 100, 343.54
2026/09/26 00:25:46.755, 3, 22573, 97871, 100, 355.00
2026/09/26 00:25:46.955, 0, 22557, 97871, 76, 326.70
2026/09/26 00:25:46.955, 1, 22555, 97871, 77, 374.94
2026/09/26 00:25:46.955, 2, 22565, 97871, 96, 338.70
2026/09/26 00:25:46.955, 3, 22573, 97871, 100, 339.58
2026/09/26 00:25:47.155, 0, 22557, 97871, 100, 331.48
2026/09/26 00:25:47.155, 1, 22555, 97871, 100, 363.34
2026/09/26 00:25:47.155, 2, 22565, 97871, 100, 338.82
2026/09/26 00:25:47.155, 3, 22573, 97871, 100, 345.83
2026/09/26 00:25:47.355, 0, 22557, 97871, 100, 334.95
2026/09/26 00:25:47.355, 1, 22555, 97871, 100, 372.14
2026/09/26 00:25:47.355, 2, 22565, 97871, 100, 346.04
2026/09/26 00:25:47.355, 3, 22573, 97871, 100, 343.25
2026/09/26 00:25:47.555, 0, 22557, 97871, 100, 334.34
2026/09/26 00:25:47.555, 1, 22555, 97871, 100, 362.51
2026/09/26 00:25:47.555, 2, 22565, 97871, 100, 336.47
2026/09/26 00:25:47.555, 3, 22573, 97871, 100, 344.82
2026/09/26 00:25:47.755, 0, 22557, 97871, 100, 339.27
2026/09/26 00:25:47.756, 1, 22555, 97871, 100, 355.45
2026/09/26 00:25:47.756, 2, 22565, 97871, 100, 348.33
2026/09/26 00:25:47.756, 3, 22573, 97871, 100, 350.27
2026/09/26 00:25:47.956, 0, 22557, 97871, 100, 344.34
2026/09/26 00:25:47.956, 1, 22555, 97871, 100, 360.63
2026/09/26 00:25:47.956, 2, 22565, 97871, 100, 354.42
2026/09/26 00:25:47.956, 3, 22573, 97871, 100, 347.55
2026/09/26 00:25:48.156, 0, 22557, 97871, 100, 341.63
2026/09/26 00:25:48.156, 1, 22555, 97871, 100, 362.68
2026/09/26 00:25:48.156, 2, 22565, 97871, 100, 346.55
2026/09/26 00:25:48.156, 3, 22573, 97871, 100, 356.92
2026/09/26 00:25:48.356, 0, 22557, 97871, 100, 331.92
2026/09/26 00:25:48.356, 1, 22555, 97871, 100, 373.81
2026/09/26 00:25:48.356, 2, 22565, 97871, 100, 347.12
2026/09/26 00:25:48.356, 3, 22573, 97871, 100, 354.08
2026/09/26 00:25:48.556, 0, 22557, 97871, 100, 325.42
2026/09/26 00:25:48.556, 1, 22555, 97871, 100, 370.17
2026/09/26 00:25:48.556, 2, 22565, 97871, 100, 339.73
2026/09/26 00:25:48.556, 3, 22573, 97871, 77, 347.79
2026/09/26 00:25:48.756, 0, 22557, 97871, 78, 328.33
2026/09/26 00:25:48.756, 1, 22555, 97871, 99, 378.20
2026/09/26 00:25:48.756, 2, 22565, 97871, 100, 341.25
2026/09/26 00:25:48.756, 3, 22573, 97871, 100, 352.02
2026/09/26 00:25:48.956, 0, 22557, 97871, 100, 330.86
2026/09/26 00:25:48.956, 1, 22555, 97871, 100, 368.14
2026/09/26 00:25:48.956, 2, 22565, 97871, 100, 342.99
2026/09/26 00:25:48.956, 3, 22573, 97871, 100, 354.66
2026/09/26 00:25:49.156, 0, 22557, 97871, 100, 328.95
2026/09/26 00:25:49.157, 1, 22555, 97871, 100, 381.80
2026/09/26 00:25:49.157, 2, 22565, 97871, 100, 346.16
2026/09/26 00:25:49.157, 3, 22573, 97871, 100, 343.60
2026/09/26 00:25:49.357, 0, 22557, 97871, 100, 331.34
2026/09/26 00:25:49.357, 1, 22555, 97871, 100, 361.80
2026/09/26 00:25:49.357, 2, 22565, 97871, 100, 337.54
2026/09/26 00:25:49.357, 3, 22573, 97871, 100, 358.88
2026/09/26 00:25:49.557, 0, 22557, 97871, 100, 339.05
2026/09/26 00:25:49.557, 1, 22555, 97871, 100, 366.49
2026/09/26 00:25:49.557, 2, 22565, 97871, 100, 345.05
2026/09/26 00:25:49.557, 3, 22573, 97871, 100, 354.55
2026/09/26 00:25:49.757, 0, 22557, 97871, 100, 342.86
2026/09/26 00:25:49.757, 1, 22555, 97871, 100, 364.27
2026/09/26 00:25:49.757, 2, 22565, 97871, 100, 344.62
2026/09/26 00:25:49.757, 3, 22573, 97871, 100, 348.52
2026/09/26 00:25:49.957, 0, 22557, 97871, 100, 343.30
2026/09/26 00:25:49.957, 1, 22555, 97871, 100, 371.36
2026/09/26 00:25:49.957, 2, 22565, 97871, 100, 344.87
2026/09/26 00:25:49.957, 3, 22573, 97871, 100, 351.57
2026/09/26 00:25:50.157, 0, 22557, 97871, 100, 337.04
2026/09/26 00:25:50.157, 1, 22555, 97871, 100, 369.54
2026/09/26 00:25:50.157, 2, 22565, 97871, 100, 349.90
2026/09/26 00:25:50.157, 3, 22573, 97871, 100, 360.68
2026/09/26 00:25:50.357, 0, 22557, 97871, 100, 317.92
2026/09/26 00:25:50.357, 1, 22555, 97871, 100, 357.56
2026/09/26 00:25:50.357, 2, 22565, 97871, 88, 328.47
2026/09/26 00:25:50.357, 3, 22573, 97871, 29, 326.72
2026/09/26 00:25:50.557, 0, 22557, 97871, 76, 315.53
2026/09/26 00:25:50.558, 1, 22555, 97871, 80, 358.23
2026/09/26 00:25:50.558, 2, 22565, 97871, 100, 332.70
2026/09/26 00:25:50.558, 3, 22573, 97871, 100, 341.86
2026/09/26 00:25:50.758, 0, 22557, 97871, 100, 317.16
2026/09/26 00:25:50.758, 1, 22555, 97871, 100, 349.51
2026/09/26 00:25:50.758, 2, 22565, 97871, 100, 332.83
2026/09/26 00:25:50.758, 3, 22573, 97871, 100, 342.10
2026/09/26 00:25:50.958, 0, 22557, 97871, 100, 315.11
2026/09/26 00:25:50.958, 1, 22555, 97871, 100, 356.33
2026/09/26 00:25:50.958, 2, 22565, 97871, 100, 338.28
2026/09/26 00:25:50.958, 3, 22573, 97871, 100, 334.40
2026/09/26 00:25:51.158, 0, 22557, 97871, 100, 316.55
2026/09/26 00:25:51.158, 1, 22555, 97871, 100, 343.80
2026/09/26 00:25:51.158, 2, 22565, 97871, 100, 325.14
2026/09/26 00:25:51.158, 3, 22573, 97871, 100, 336.31
2026/09/26 00:25:51.358, 0, 22557, 97871, 100, 340.92
2026/09/26 00:25:51.358, 1, 22555, 97871, 100, 363.12
2026/09/26 00:25:51.358, 2, 22565, 97871, 100, 352.83
2026/09/26 00:25:51.358, 3, 22573, 97871, 100, 356.19
2026/09/26 00:25:51.558, 0, 22557, 97871, 100, 346.26
2026/09/26 00:25:51.558, 1, 22555, 97871, 100, 365.39
2026/09/26 00:25:51.558, 2, 22565, 97871, 100, 353.08
2026/09/26 00:25:51.558, 3, 22573, 97871, 100, 342.14
2026/09/26 00:25:51.758, 0, 22557, 97871, 100, 342.79
2026/09/26 00:25:51.758, 1, 22555, 97871, 100, 370.30
2026/09/26 00:25:51.758, 2, 22565, 97871, 100, 351.80
2026/09/26 00:25:51.758, 3, 22573, 97871, 100, 350.00
2026/09/26 00:25:51.958, 0, 22557, 97871, 100, 336.84
2026/09/26 00:25:51.959, 1, 22555, 97871, 100, 372.20
2026/09/26 00:25:51.959, 2, 22565, 97871, 100, 348.00
2026/09/26 00:25:51.959, 3, 22573, 97871, 100, 353.76
2026/09/26 00:25:52.159, 0, 22557, 97871, 100, 332.80
2026/09/26 00:25:52.159, 1, 22555, 97871, 100, 375.85
2026/09/26 00:25:52.159, 2, 22565, 97871, 82, 342.88
2026/09/26 00:25:52.159, 3, 22573, 97871, 78, 345.71
2026/09/26 00:25:52.359, 0, 22557, 97871, 100, 326.17
2026/09/26 00:25:52.359, 1, 22555, 97871, 100, 375.77
2026/09/26 00:25:52.359, 2, 22565, 97871, 100, 338.72
2026/09/26 00:25:52.359, 3, 22573, 97871, 100, 351.22
2026/09/26 00:25:52.559, 0, 22557, 97871, 100, 334.46
2026/09/26 00:25:52.559, 1, 22555, 97871, 100, 364.22
2026/09/26 00:25:52.559, 2, 22565, 97871, 100, 344.59
2026/09/26 00:25:52.559, 3, 22573, 97871, 100, 350.81
2026/09/26 00:25:52.759, 0, 22557, 97871, 100, 333.10
2026/09/26 00:25:52.759, 1, 22555, 97871, 100, 375.23
2026/09/26 00:25:52.759, 2, 22565, 97871, 100, 341.27
2026/09/26 00:25:52.759, 3, 22573, 97871, 100, 337.86
2026/09/26 00:25:52.959, 0, 22557, 97871, 100, 332.49
2026/09/26 00:25:52.959, 1, 22555, 97871, 100, 359.79
2026/09/26 00:25:52.959, 2, 22565, 97871, 100, 339.43
2026/09/26 00:25:52.959, 3, 22573, 97871, 100, 354.67
2026/09/26 00:25:53.159, 0, 22557, 97871, 100, 342.07
2026/09/26 00:25:53.159, 1, 22555, 97871, 100, 367.34
2026/09/26 00:25:53.159, 2, 22565, 97871, 100, 351.19
2026/09/26 00:25:53.159, 3, 22573, 97871, 100, 348.25
2026/09/26 00:25:53.360, 0, 22557, 97871, 100, 349.12
2026/09/26 00:25:53.360, 1, 22555, 97871, 100, 359.36
2026/09/26 00:25:53.360, 2, 22565, 97871, 100, 345.52
2026/09/26 00:25:53.360, 3, 22573, 97871, 100, 348.26
2026/09/26 00:25:53.560, 0, 22557, 97871, 100, 342.72
2026/09/26 00:25:53.560, 1, 22555, 97871, 100, 375.42
2026/09/26 00:25:53.560, 2, 22565, 97871, 100, 345.57
2026/09/26 00:25:53.560, 3, 22573, 97871, 100, 352.63
2026/09/26 00:25:53.760, 0, 22557, 97871, 100, 331.52
2026/09/26 00:25:53.760, 1, 22555, 97871, 100, 371.48
2026/09/26 00:25:53.760, 2, 22565, 97871, 100, 345.55
2026/09/26 00:25:53.760, 3, 22573, 97871, 100, 362.90
2026/09/26 00:25:53.960, 0, 22557, 97871, 100, 325.57
2026/09/26 00:25:53.960, 1, 22555, 97871, 78, 381.42
2026/09/26 00:25:53.960, 2, 22565, 97871, 78, 335.89
2026/09/26 00:25:53.960, 3, 22573, 97871, 100, 345.51
2026/09/26 00:25:54.160, 0, 22557, 97871, 100, 330.07
2026/09/26 00:25:54.160, 1, 22555, 97871, 100, 370.59
2026/09/26 00:25:54.160, 2, 22565, 97871, 100, 344.85
2026/09/26 00:25:54.160, 3, 22573, 97871, 100, 355.63
2026/09/26 00:25:54.360, 0, 22557, 97871, 100, 330.35
2026/09/26 00:25:54.360, 1, 22555, 97871, 100, 376.26
2026/09/26 00:25:54.360, 2, 22565, 97871, 100, 350.56
2026/09/26 00:25:54.360, 3, 22573, 97871, 100, 352.18
2026/09/26 00:25:54.560, 0, 22557, 97871, 100, 324.61
2026/09/26 00:25:54.560, 1, 22555, 97871, 100, 371.72
2026/09/26 00:25:54.560, 2, 22565, 97871, 100, 338.93
2026/09/26 00:25:54.560, 3, 22573, 97871, 100, 350.51
2026/09/26 00:25:54.761, 0, 22557, 97871, 100, 332.77
2026/09/26 00:25:54.761, 1, 22555, 97871, 100, 362.04
2026/09/26 00:25:54.761, 2, 22565, 97871, 100, 337.88
2026/09/26 00:25:54.761, 3, 22573, 97871, 100, 355.07
2026/09/26 00:25:54.961, 0, 22557, 97871, 100, 341.57
2026/09/26 00:25:54.961, 1, 22555, 97871, 100, 364.41
2026/09/26 00:25:54.961, 2, 22565, 97871, 100, 352.48
2026/09/26 00:25:54.961, 3, 22573, 97871, 100, 352.12
2026/09/26 00:25:55.161, 0, 22557, 97871, 100, 340.41
2026/09/26 00:25:55.161, 1, 22555, 97871, 100, 363.13
2026/09/26 00:25:55.161, 2, 22565, 97871, 100, 346.05
2026/09/26 00:25:55.161, 3, 22573, 97871, 100, 355.57
2026/09/26 00:25:55.361, 0, 22557, 97871, 100, 334.66
2026/09/26 00:25:55.361, 1, 22555, 97871, 100, 372.11
2026/09/26 00:25:55.361, 2, 22565, 97871, 100, 348.33
2026/09/26 00:25:55.361, 3, 22573, 97871, 100, 356.01
2026/09/26 00:25:55.561, 0, 22557, 97871, 100, 325.09
2026/09/26 00:25:55.561, 1, 22555, 97871, 100, 362.76
2026/09/26 00:25:55.561, 2, 22565, 97871, 100, 344.04
2026/09/26 00:25:55.561, 3, 22573, 97871, 88, 350.50
2026/09/26 00:25:55.761, 0, 22557, 97871, 83, 315.73
2026/09/26 00:25:55.761, 1, 22555, 97871, 84, 358.00
2026/09/26 00:25:55.761, 2, 22565, 97871, 73, 330.49
2026/09/26 00:25:55.761, 3, 22573, 97871, 98, 338.79
2026/09/26 00:25:55.961, 0, 22557, 97871, 100, 314.80
2026/09/26 00:25:55.961, 1, 22555, 97871, 100, 349.55
2026/09/26 00:25:55.961, 2, 22565, 97871, 100, 331.86
2026/09/26 00:25:55.961, 3, 22573, 97871, 100, 341.70
2026/09/26 00:25:56.162, 0, 22557, 97871, 100, 320.07
2026/09/26 00:25:56.162, 1, 22555, 97871, 100, 356.67
2026/09/26 00:25:56.162, 2, 22565, 97871, 100, 341.40
2026/09/26 00:25:56.162, 3, 22573, 97871, 100, 334.10
2026/09/26 00:25:56.362, 0, 22557, 97871, 100, 322.79
2026/09/26 00:25:56.362, 1, 22555, 97871, 100, 348.67
2026/09/26 00:25:56.362, 2, 22565, 97871, 100, 328.65
2026/09/26 00:25:56.362, 3, 22573, 97871, 100, 332.82
2026/09/26 00:25:56.562, 0, 22557, 97871, 100, 334.19
2026/09/26 00:25:56.562, 1, 22555, 97871, 100, 351.91
2026/09/26 00:25:56.562, 2, 22565, 97871, 100, 339.31
2026/09/26 00:25:56.562, 3, 22573, 97871, 100, 347.31
2026/09/26 00:25:56.762, 0, 22557, 97871, 100, 349.68
2026/09/26 00:25:56.762, 1, 22555, 97871, 100, 363.55
2026/09/26 00:25:56.762, 2, 22565, 97871, 100, 358.54
2026/09/26 00:25:56.762, 3, 22573, 97871, 100, 346.79
2026/09/26 00:25:56.962, 0, 22557, 97871, 100, 351.18
2026/09/26 00:25:56.962, 1, 22555, 97871, 100, 360.36
2026/09/26 00:25:56.962, 2, 22565, 97871, 100, 348.05
2026/09/26 00:25:56.962, 3, 22573, 97871, 100, 350.61
2026/09/26 00:25:57.162, 0, 22557, 97871, 100, 340.23
2026/09/26 00:25:57.162, 1, 22555, 97871, 100, 372.97
2026/09/26 00:25:57.162, 2, 22565, 97871, 100, 346.75
2026/09/26 00:25:57.162, 3, 22573, 97871, 100, 351.60
2026/09/26 00:25:57.362, 0, 22557, 97871, 100, 333.43
2026/09/26 00:25:57.362, 1, 22555, 97871, 100, 369.29
2026/09/26 00:25:57.362, 2, 22565, 97871, 100, 345.51
2026/09/26 00:25:57.363, 3, 22573, 97871, 100, 352.23
2026/09/26 00:25:57.563, 0, 22557, 97871, 78, 329.03
2026/09/26 00:25:57.563, 1, 22555, 97871, 78, 375.95
2026/09/26 00:25:57.563, 2, 22565, 97871, 98, 341.98
2026/09/26 00:25:57.563, 3, 22573, 97871, 100, 345.87
2026/09/26 00:25:57.763, 0, 22557, 97871, 100, 331.98
2026/09/26 00:25:57.763, 1, 22555, 97871, 100, 364.90
2026/09/26 00:25:57.763, 2, 22565, 97871, 100, 341.02
2026/09/26 00:25:57.763, 3, 22573, 97871, 100, 351.79
2026/09/26 00:25:57.963, 0, 22557, 97871, 100, 334.05
2026/09/26 00:25:57.963, 1, 22555, 97871, 100, 379.82
2026/09/26 00:25:57.963, 2, 22565, 97871, 100, 350.05
2026/09/26 00:25:57.963, 3, 22573, 97871, 100, 347.39
2026/09/26 00:25:58.163, 0, 22557, 97871, 100, 331.20
2026/09/26 00:25:58.163, 1, 22555, 97871, 100, 366.76
2026/09/26 00:25:58.163, 2, 22565, 97871, 100, 338.87
2026/09/26 00:25:58.163, 3, 22573, 97871, 100, 351.94
2026/09/26 00:25:58.363, 0, 22557, 97871, 100, 340.44
2026/09/26 00:25:58.363, 1, 22555, 97871, 100, 366.27
2026/09/26 00:25:58.363, 2, 22565, 97871, 100, 351.26
2026/09/26 00:25:58.363, 3, 22573, 97871, 100, 356.26
2026/09/26 00:25:58.563, 0, 22557, 97871, 100, 343.61
2026/09/26 00:25:58.564, 1, 22555, 97871, 100, 371.01
2026/09/26 00:25:58.564, 2, 22565, 97871, 100, 357.49
2026/09/26 00:25:58.564, 3, 22573, 97871, 100, 348.64
2026/09/26 00:25:58.764, 0, 22557, 97871, 100, 340.60
2026/09/26 00:25:58.764, 1, 22555, 97871, 100, 374.78
2026/09/26 00:25:58.764, 2, 22565, 97871, 100, 348.99
2026/09/26 00:25:58.764, 3, 22573, 97871, 100, 355.44
2026/09/26 00:25:58.964, 0, 22557, 97871, 100, 331.94
2026/09/26 00:25:58.964, 1, 22555, 97871, 100, 379.45
2026/09/26 00:25:58.964, 2, 22565, 97871, 100, 350.73
2026/09/26 00:25:58.964, 3, 22573, 97871, 100, 354.17
2026/09/26 00:25:59.164, 0, 22557, 97871, 100, 325.64
2026/09/26 00:25:59.164, 1, 22555, 97871, 100, 377.63
2026/09/26 00:25:59.164, 2, 22565, 97871, 100, 340.27
2026/09/26 00:25:59.164, 3, 22573, 97871, 76, 348.64
2026/09/26 00:25:59.364, 0, 22557, 97871, 76, 328.71
2026/09/26 00:25:59.364, 1, 22555, 97871, 99, 384.42
2026/09/26 00:25:59.364, 2, 22565, 97871, 100, 342.43
2026/09/26 00:25:59.364, 3, 22573, 97871, 100, 351.32
2026/09/26 00:25:59.564, 0, 22557, 97871, 100, 333.23
2026/09/26 00:25:59.564, 1, 22555, 97871, 100, 368.48
2026/09/26 00:25:59.564, 2, 22565, 97871, 100, 344.05
2026/09/26 00:25:59.564, 3, 22573, 97871, 100, 353.87
2026/09/26 00:25:59.764, 0, 22557, 97871, 100, 329.83
2026/09/26 00:25:59.764, 1, 22555, 97871, 100, 386.40
2026/09/26 00:25:59.764, 2, 22565, 97871, 100, 349.52
2026/09/26 00:25:59.764, 3, 22573, 97871, 100, 344.51
2026/09/26 00:25:59.965, 0, 22557, 97871, 100, 333.37
2026/09/26 00:25:59.965, 1, 22555, 97871, 100, 363.32
2026/09/26 00:25:59.965, 2, 22565, 97871, 100, 339.87
2026/09/26 00:25:59.965, 3, 22573, 97871, 100, 359.26
2026/09/26 00:26:00.165, 0, 22557, 97871, 100, 341.64
2026/09/26 00:26:00.165, 1, 22555, 97871, 100, 372.11
2026/09/26 00:26:00.165, 2, 22565, 97871, 100, 348.72
2026/09/26 00:26:00.165, 3, 22573, 97871, 100, 356.45
2026/09/26 00:26:00.365, 0, 22557, 97871, 100, 343.33
2026/09/26 00:26:00.365, 1, 22555, 97871, 100, 364.20
2026/09/26 00:26:00.365, 2, 22565, 97871, 100, 347.50
2026/09/26 00:26:00.365, 3, 22573, 97871, 100, 350.05
2026/09/26 00:26:00.565, 0, 22557, 97871, 100, 344.99
2026/09/26 00:26:00.565, 1, 22555, 97871, 100, 374.27
2026/09/26 00:26:00.565, 2, 22565, 97871, 100, 349.36
2026/09/26 00:26:00.565, 3, 22573, 97871, 100, 354.26
2026/09/26 00:26:00.765, 0, 22557, 97871, 100, 337.06
2026/09/26 00:26:00.765, 1, 22555, 97871, 100, 374.60
2026/09/26 00:26:00.765, 2, 22565, 97871, 100, 351.56
2026/09/26 00:26:00.765, 3, 22573, 97871, 100, 363.74
2026/09/26 00:26:00.965, 0, 22557, 97871, 100, 306.74
2026/09/26 00:26:00.965, 1, 22555, 97871, 100, 349.45
2026/09/26 00:26:00.965, 2, 22565, 97871, 83, 327.48
2026/09/26 00:26:00.965, 3, 22573, 97871, 63, 324.93
2026/09/26 00:26:01.165, 0, 22557, 97871, 14, 271.01
2026/09/26 00:26:01.165, 1, 22555, 97871, 80, 309.11
2026/09/26 00:26:01.165, 2, 22565, 97871, 63, 286.56
2026/09/26 00:26:01.166, 3, 22573, 97871, 90, 291.29
2026/09/26 00:26:01.366, 0, 22557, 97871, 2, 269.65
2026/09/26 00:26:01.366, 1, 22555, 97871, 100, 308.06
2026/09/26 00:26:01.366, 2, 22565, 97871, 100, 280.13
2026/09/26 00:26:01.366, 3, 22573, 97871, 100, 286.90
2026/09/26 00:26:01.566, 0, 22557, 97871, 100, 248.32
2026/09/26 00:26:01.566, 1, 22555, 97871, 100, 291.69
2026/09/26 00:26:01.566, 2, 22565, 97871, 100, 263.63
2026/09/26 00:26:01.566, 3, 22573, 97871, 70, 271.26
2026/09/26 00:26:01.766, 0, 22557, 97871, 69, 223.52
2026/09/26 00:26:01.766, 1, 22555, 97871, 81, 254.52
2026/09/26 00:26:01.766, 2, 22565, 97871, 69, 232.17
2026/09/26 00:26:01.766, 3, 22573, 97871, 32, 239.13
2026/09/26 00:26:01.966, 0, 22557, 97871, 75, 229.54
2026/09/26 00:26:01.966, 1, 22555, 97871, 72, 250.94
2026/09/26 00:26:01.966, 2, 22565, 97871, 74, 236.12
2026/09/26 00:26:01.966, 3, 22573, 97871, 34, 233.51
2026/09/26 00:26:02.166, 0, 22557, 97871, 74, 237.23
2026/09/26 00:26:02.166, 1, 22555, 97871, 74, 258.68
2026/09/26 00:26:02.166, 2, 22565, 97871, 74, 246.57
2026/09/26 00:26:02.166, 3, 22573, 97871, 33, 240.65
2026/09/26 00:26:02.366, 0, 22557, 97871, 72, 210.01
2026/09/26 00:26:02.366, 1, 22555, 97871, 74, 227.37
2026/09/26 00:26:02.366, 2, 22565, 97871, 74, 217.07
2026/09/26 00:26:02.366, 3, 22573, 97871, 33, 221.04
2026/09/26 00:26:02.567, 0, 22557, 97871, 67, 196.96
2026/09/26 00:26:02.567, 1, 22555, 97871, 65, 208.99
2026/09/26 00:26:02.567, 2, 22565, 97871, 80, 201.27
2026/09/26 00:26:02.567, 3, 22573, 97871, 33, 201.97
2026/09/26 00:26:02.767, 0, 22557, 97871, 70, 197.78
2026/09/26 00:26:02.767, 1, 22555, 97871, 74, 208.05
2026/09/26 00:26:02.767, 2, 22565, 97871, 77, 202.22
2026/09/26 00:26:02.767, 3, 22573, 97871, 32, 204.87
2026/09/26 00:26:02.967, 0, 22557, 97871, 66, 197.58
2026/09/26 00:26:02.967, 1, 22555, 97871, 65, 208.44
2026/09/26 00:26:02.967, 2, 22565, 97871, 76, 201.81
2026/09/26 00:26:02.967, 3, 22573, 97871, 33, 203.82
2026/09/26 00:26:03.167, 0, 22557, 97871, 73, 197.29
2026/09/26 00:26:03.167, 1, 22555, 97871, 78, 209.53
2026/09/26 00:26:03.167, 2, 22565, 97871, 75, 201.41
2026/09/26 00:26:03.167, 3, 22573, 97871, 34, 204.18
2026/09/26 00:26:03.367, 0, 22557, 97871, 65, 198.13
2026/09/26 00:26:03.367, 1, 22555, 97871, 73, 209.18
2026/09/26 00:26:03.367, 2, 22565, 97871, 71, 200.41
2026/09/26 00:26:03.367, 3, 22573, 97871, 34, 203.78
2026/09/26 00:26:03.567, 0, 22557, 97871, 70, 197.85
2026/09/26 00:26:03.567, 1, 22555, 97871, 74, 208.73
2026/09/26 00:26:03.567, 2, 22565, 97871, 77, 200.37
2026/09/26 00:26:03.567, 3, 22573, 97871, 32, 204.38
2026/09/26 00:26:03.767, 0, 22557, 97871, 72, 198.00
2026/09/26 00:26:03.767, 1, 22555, 97871, 74, 209.13
2026/09/26 00:26:03.767, 2, 22565, 97871, 73, 198.93
2026/09/26 00:26:03.768, 3, 22573, 97871, 32, 202.79
2026/09/26 00:26:03.968, 0, 22557, 97871, 75, 198.30
2026/09/26 00:26:03.968, 1, 22555, 97871, 71, 210.05
2026/09/26 00:26:03.968, 2, 22565, 97871, 75, 198.85
2026/09/26 00:26:03.968, 3, 22573, 97871, 33, 204.37
2026/09/26 00:26:04.168, 0, 22557, 97871, 70, 198.74
2026/09/26 00:26:04.168, 1, 22555, 97871, 59, 209.96
2026/09/26 00:26:04.168, 2, 22565, 97871, 77, 198.43
2026/09/26 00:26:04.168, 3, 22573, 97871, 32, 205.36
2026/09/26 00:26:04.368, 0, 22557, 97871, 74, 198.91
2026/09/26 00:26:04.368, 1, 22555, 97871, 72, 210.40
2026/09/26 00:26:04.368, 2, 22565, 97871, 74, 199.22
2026/09/26 00:26:04.368, 3, 22573, 97871, 33, 205.94
2026/09/26 00:26:04.568, 0, 22557, 97871, 72, 198.73
2026/09/26 00:26:04.568, 1, 22555, 97871, 77, 210.83
2026/09/26 00:26:04.568, 2, 22565, 97871, 80, 199.42
2026/09/26 00:26:04.568, 3, 22573, 97871, 33, 204.51
2026/09/26 00:26:04.768, 0, 22557, 97871, 70, 199.08
2026/09/26 00:26:04.768, 1, 22555, 97871, 63, 210.79
2026/09/26 00:26:04.768, 2, 22565, 97871, 55, 198.96
2026/09/26 00:26:04.768, 3, 22573, 97871, 34, 204.79
2026/09/26 00:26:04.968, 0, 22557, 97871, 75, 199.41
2026/09/26 00:26:04.968, 1, 22555, 97871, 69, 209.92
2026/09/26 00:26:04.968, 2, 22565, 97871, 71, 198.67
2026/09/26 00:26:04.968, 3, 22573, 97871, 33, 204.26
2026/09/26 00:26:05.168, 0, 22557, 97871, 72, 198.52
2026/09/26 00:26:05.168, 1, 22555, 97871, 60, 209.48
2026/09/26 00:26:05.168, 2, 22565, 97871, 77, 198.11
2026/09/26 00:26:05.169, 3, 22573, 97871, 32, 204.78
2026/09/26 00:26:05.369, 0, 22557, 97871, 79, 198.06
2026/09/26 00:26:05.369, 1, 22555, 97871, 67, 210.17
2026/09/26 00:26:05.369, 2, 22565, 97871, 78, 197.60
2026/09/26 00:26:05.369, 3, 22573, 97871, 33, 205.13
2026/09/26 00:26:05.569, 0, 22557, 97871, 77, 198.72
2026/09/26 00:26:05.569, 1, 22555, 97871, 69, 209.16
2026/09/26 00:26:05.569, 2, 22565, 97871, 73, 197.73
2026/09/26 00:26:05.569, 3, 22573, 97871, 33, 204.43
2026/09/26 00:26:05.769, 0, 22557, 97871, 72, 198.00
2026/09/26 00:26:05.769, 1, 22555, 97871, 77, 209.85
2026/09/26 00:26:05.769, 2, 22565, 97871, 72, 199.10
2026/09/26 00:26:05.769, 3, 22573, 97871, 33, 205.29
2026/09/26 00:26:05.969, 0, 22557, 97871, 73, 198.06
2026/09/26 00:26:05.969, 1, 22555, 97871, 75, 210.21
2026/09/26 00:26:05.969, 2, 22565, 97871, 78, 199.10
2026/09/26 00:26:05.969, 3, 22573, 97871, 33, 205.50
2026/09/26 00:26:06.169, 0, 22557, 97871, 78, 198.36
2026/09/26 00:26:06.169, 1, 22555, 97871, 60, 210.73
2026/09/26 00:26:06.169, 2, 22565, 97871, 74, 199.86
2026/09/26 00:26:06.169, 3, 22573, 97871, 35, 204.81
2026/09/26 00:26:06.369, 0, 22557, 97871, 72, 199.92
2026/09/26 00:26:06.369, 1, 22555, 97871, 67, 209.88
2026/09/26 00:26:06.369, 2, 22565, 97871, 76, 200.25
2026/09/26 00:26:06.369, 3, 22573, 97871, 33, 204.65
2026/09/26 00:26:06.569, 0, 22557, 97871, 71, 199.14
2026/09/26 00:26:06.569, 1, 22555, 97871, 69, 208.85
2026/09/26 00:26:06.570, 2, 22565, 97871, 77, 200.29
2026/09/26 00:26:06.570, 3, 22573, 97871, 32, 205.72
2026/09/26 00:26:06.770, 0, 22557, 97871, 75, 199.34
2026/09/26 00:26:06.770, 1, 22555, 97871, 59, 208.02
2026/09/26 00:26:06.770, 2, 22565, 97871, 80, 199.70
2026/09/26 00:26:06.770, 3, 22573, 97871, 33, 205.35
2026/09/26 00:26:06.970, 0, 22557, 97871, 80, 199.42
2026/09/26 00:26:06.970, 1, 22555, 97871, 66, 208.67
2026/09/26 00:26:06.970, 2, 22565, 97871, 77, 200.34
2026/09/26 00:26:06.970, 3, 22573, 97871, 34, 205.74
2026/09/26 00:26:07.170, 0, 22557, 97871, 74, 200.15
2026/09/26 00:26:07.170, 1, 22555, 97871, 67, 208.84
2026/09/26 00:26:07.170, 2, 22565, 97871, 73, 200.70
2026/09/26 00:26:07.170, 3, 22573, 97871, 34, 206.10
2026/09/26 00:26:07.370, 0, 22557, 97871, 73, 200.01
2026/09/26 00:26:07.370, 1, 22555, 97871, 68, 209.12
2026/09/26 00:26:07.370, 2, 22565, 97871, 79, 201.93
2026/09/26 00:26:07.370, 3, 22573, 97871, 34, 206.89
2026/09/26 00:26:07.570, 0, 22557, 97871, 76, 200.78
2026/09/26 00:26:07.570, 1, 22555, 97871, 53, 209.20
2026/09/26 00:26:07.570, 2, 22565, 97871, 74, 202.00
2026/09/26 00:26:07.570, 3, 22573, 97871, 34, 207.88
2026/09/26 00:26:07.770, 0, 22557, 97871, 73, 202.19
2026/09/26 00:26:07.770, 1, 22555, 97871, 70, 209.26
2026/09/26 00:26:07.770, 2, 22565, 97871, 74, 202.27
2026/09/26 00:26:07.770, 3, 22573, 97871, 34, 208.13
2026/09/26 00:26:07.970, 0, 22557, 97871, 72, 201.65
2026/09/26 00:26:07.971, 1, 22555, 97871, 74, 208.88
2026/09/26 00:26:07.971, 2, 22565, 97871, 77, 202.22
2026/09/26 00:26:07.971, 3, 22573, 97871, 34, 207.38
2026/09/26 00:26:08.171, 0, 22557, 97871, 80, 201.72
2026/09/26 00:26:08.171, 1, 22555, 97871, 81, 208.44
2026/09/26 00:26:08.171, 2, 22565, 97871, 85, 202.37
2026/09/26 00:26:08.171, 3, 22573, 97871, 34, 206.90
2026/09/26 00:26:08.371, 0, 22557, 97871, 81, 198.98
2026/09/26 00:26:08.371, 1, 22555, 97871, 71, 205.82
2026/09/26 00:26:08.371, 2, 22565, 97871, 74, 201.38
2026/09/26 00:26:08.371, 3, 22573, 97871, 48, 206.25
2026/09/26 00:26:08.571, 0, 22557, 97871, 58, 214.52
2026/09/26 00:26:08.571, 1, 22555, 97871, 59, 224.56
2026/09/26 00:26:08.571, 2, 22565, 97871, 42, 214.65
2026/09/26 00:26:08.571, 3, 22573, 97871, 78, 214.78
2026/09/26 00:26:08.771, 0, 22557, 97871, 100, 233.01
2026/09/26 00:26:08.771, 1, 22555, 97871, 100, 248.38
2026/09/26 00:26:08.771, 2, 22565, 97871, 100, 238.03
2026/09/26 00:26:08.771, 3, 22573, 97871, 92, 239.37
2026/09/26 00:26:08.971, 0, 22557, 97871, 60, 237.65
2026/09/26 00:26:08.971, 1, 22555, 97871, 76, 251.64
2026/09/26 00:26:08.971, 2, 22565, 97871, 85, 244.17
2026/09/26 00:26:08.971, 3, 22573, 97871, 38, 245.81
2026/09/26 00:26:09.171, 0, 22557, 97871, 79, 236.71
2026/09/26 00:26:09.171, 1, 22555, 97871, 84, 251.31
2026/09/26 00:26:09.171, 2, 22565, 97871, 91, 242.88
2026/09/26 00:26:09.171, 3, 22573, 97871, 31, 243.61
2026/09/26 00:26:09.372, 0, 22557, 97871, 81, 236.20
2026/09/26 00:26:09.372, 1, 22555, 97871, 69, 254.19
2026/09/26 00:26:09.372, 2, 22565, 97871, 72, 241.21
2026/09/26 00:26:09.372, 3, 22573, 97871, 32, 243.35
2026/09/26 00:26:09.572, 0, 22557, 97871, 70, 223.75
2026/09/26 00:26:09.572, 1, 22555, 97871, 71, 237.94
2026/09/26 00:26:09.572, 2, 22565, 97871, 75, 229.44
2026/09/26 00:26:09.572, 3, 22573, 97871, 32, 236.04
2026/09/26 00:26:09.772, 0, 22557, 97871, 75, 200.09
2026/09/26 00:26:09.772, 1, 22555, 97871, 73, 214.24
2026/09/26 00:26:09.772, 2, 22565, 97871, 74, 206.21
2026/09/26 00:26:09.772, 3, 22573, 97871, 32, 210.41
2026/09/26 00:26:09.972, 0, 22557, 97871, 80, 193.80
2026/09/26 00:26:09.972, 1, 22555, 97871, 60, 207.61
2026/09/26 00:26:09.972, 2, 22565, 97871, 75, 199.27
2026/09/26 00:26:09.972, 3, 22573, 97871, 35, 203.32
2026/09/26 00:26:10.172, 0, 22557, 97871, 75, 195.54
2026/09/26 00:26:10.172, 1, 22555, 97871, 75, 207.77
2026/09/26 00:26:10.172, 2, 22565, 97871, 75, 199.87
2026/09/26 00:26:10.172, 3, 22573, 97871, 33, 204.84
2026/09/26 00:26:10.372, 0, 22557, 97871, 73, 195.99
2026/09/26 00:26:10.372, 1, 22555, 97871, 78, 207.33
2026/09/26 00:26:10.372, 2, 22565, 97871, 77, 199.15
2026/09/26 00:26:10.372, 3, 22573, 97871, 33, 203.62
2026/09/26 00:26:10.572, 0, 22557, 97871, 69, 194.95
2026/09/26 00:26:10.572, 1, 22555, 97871, 74, 206.29
2026/09/26 00:26:10.572, 2, 22565, 97871, 82, 197.89
2026/09/26 00:26:10.572, 3, 22573, 97871, 32, 203.44
2026/09/26 00:26:10.773, 0, 22557, 97871, 74, 196.14
2026/09/26 00:26:10.773, 1, 22555, 97871, 67, 205.51
2026/09/26 00:26:10.773, 2, 22565, 97871, 76, 197.37
2026/09/26 00:26:10.773, 3, 22573, 97871, 33, 203.16
2026/09/26 00:26:10.973, 0, 22557, 97871, 65, 197.13
2026/09/26 00:26:10.973, 1, 22555, 97871, 74, 205.93
2026/09/26 00:26:10.973, 2, 22565, 97871, 79, 196.69
2026/09/26 00:26:10.973, 3, 22573, 97871, 32, 203.15
2026/09/26 00:26:11.173, 0, 22557, 97871, 73, 196.68
2026/09/26 00:26:11.173, 1, 22555, 97871, 73, 206.39
2026/09/26 00:26:11.173, 2, 22565, 97871, 82, 195.71
2026/09/26 00:26:11.173, 3, 22573, 97871, 32, 201.21
2026/09/26 00:26:11.373, 0, 22557, 97871, 84, 196.74
2026/09/26 00:26:11.373, 1, 22555, 97871, 76, 206.94
2026/09/26 00:26:11.373, 2, 22565, 97871, 70, 196.59
2026/09/26 00:26:11.373, 3, 22573, 97871, 32, 202.27
2026/09/26 00:26:11.573, 0, 22557, 97871, 71, 197.43
2026/09/26 00:26:11.573, 1, 22555, 97871, 72, 208.27
2026/09/26 00:26:11.573, 2, 22565, 97871, 73, 197.99
2026/09/26 00:26:11.573, 3, 22573, 97871, 33, 202.45
2026/09/26 00:26:11.773, 0, 22557, 97871, 73, 196.09
2026/09/26 00:26:11.773, 1, 22555, 97871, 71, 209.30
2026/09/26 00:26:11.773, 2, 22565, 97871, 81, 199.38
2026/09/26 00:26:11.773, 3, 22573, 97871, 32, 202.91
2026/09/26 00:26:11.973, 0, 22557, 97871, 82, 195.19
2026/09/26 00:26:11.973, 1, 22555, 97871, 74, 208.04
2026/09/26 00:26:11.973, 2, 22565, 97871, 76, 200.04
2026/09/26 00:26:11.973, 3, 22573, 97871, 36, 203.25
2026/09/26 00:26:12.174, 0, 22557, 97871, 72, 194.59
2026/09/26 00:26:12.174, 1, 22555, 97871, 74, 207.79
2026/09/26 00:26:12.174, 2, 22565, 97871, 75, 201.85
2026/09/26 00:26:12.174, 3, 22573, 97871, 32, 204.68
2026/09/26 00:26:12.374, 0, 22557, 97871, 76, 194.77
2026/09/26 00:26:12.374, 1, 22555, 97871, 84, 208.71
2026/09/26 00:26:12.374, 2, 22565, 97871, 79, 202.60
2026/09/26 00:26:12.374, 3, 22573, 97871, 31, 204.29
2026/09/26 00:26:12.574, 0, 22557, 97871, 80, 194.52
2026/09/26 00:26:12.574, 1, 22555, 97871, 74, 208.66
2026/09/26 00:26:12.574, 2, 22565, 97871, 77, 200.39
2026/09/26 00:26:12.574, 3, 22573, 97871, 59, 202.58
2026/09/26 00:26:12.774, 0, 22557, 97871, 34, 195.38
2026/09/26 00:26:12.774, 1, 22555, 97871, 81, 208.93
2026/09/26 00:26:12.774, 2, 22565, 97871, 77, 199.08
2026/09/26 00:26:12.774, 3, 22573, 97871, 51, 201.95
2026/09/26 00:26:12.974, 0, 22557, 97871, 56, 195.84
2026/09/26 00:26:12.974, 1, 22555, 97871, 82, 210.71
2026/09/26 00:26:12.974, 2, 22565, 97871, 80, 198.76
2026/09/26 00:26:12.974, 3, 22573, 97871, 32, 202.35
2026/09/26 00:26:13.174, 0, 22557, 97871, 80, 195.51
2026/09/26 00:26:13.174, 1, 22555, 97871, 73, 210.60
2026/09/26 00:26:13.174, 2, 22565, 97871, 74, 197.66
2026/09/26 00:26:13.174, 3, 22573, 97871, 34, 201.28
2026/09/26 00:26:13.374, 0, 22557, 97871, 61, 195.51
2026/09/26 00:26:13.374, 1, 22555, 97871, 77, 210.15
2026/09/26 00:26:13.374, 2, 22565, 97871, 77, 197.45
2026/09/26 00:26:13.375, 3, 22573, 97871, 51, 202.98
2026/09/26 00:26:13.575, 0, 22557, 97871, 44, 195.63
2026/09/26 00:26:13.575, 1, 22555, 97871, 77, 209.03
2026/09/26 00:26:13.575, 2, 22565, 97871, 84, 198.44
2026/09/26 00:26:13.575, 3, 22573, 97871, 32, 202.30
2026/09/26 00:26:13.775, 0, 22557, 97871, 77, 194.79
2026/09/26 00:26:13.775, 1, 22555, 97871, 76, 208.00
2026/09/26 00:26:13.775, 2, 22565, 97871, 74, 199.54
2026/09/26 00:26:13.775, 3, 22573, 97871, 33, 203.26
2026/09/26 00:26:13.975, 0, 22557, 97871, 70, 194.92
2026/09/26 00:26:13.975, 1, 22555, 97871, 73, 207.70
2026/09/26 00:26:13.975, 2, 22565, 97871, 80, 199.70
2026/09/26 00:26:13.975, 3, 22573, 97871, 30, 203.30
2026/09/26 00:26:14.175, 0, 22557, 97871, 78, 195.54
2026/09/26 00:26:14.175, 1, 22555, 97871, 76, 208.24
2026/09/26 00:26:14.175, 2, 22565, 97871, 79, 199.71
2026/09/26 00:26:14.175, 3, 22573, 97871, 33, 204.54
2026/09/26 00:26:14.375, 0, 22557, 97871, 79, 195.59
2026/09/26 00:26:14.375, 1, 22555, 97871, 75, 207.77
2026/09/26 00:26:14.375, 2, 22565, 97871, 72, 198.40
2026/09/26 00:26:14.375, 3, 22573, 97871, 32, 205.83
2026/09/26 00:26:14.575, 0, 22557, 97871, 70, 196.42
2026/09/26 00:26:14.575, 1, 22555, 97871, 67, 208.92
2026/09/26 00:26:14.575, 2, 22565, 97871, 74, 198.49
2026/09/26 00:26:14.575, 3, 22573, 97871, 45, 207.70
2026/09/26 00:26:14.775, 0, 22557, 97871, 48, 197.44
2026/09/26 00:26:14.776, 1, 22555, 97871, 77, 208.48
2026/09/26 00:26:14.776, 2, 22565, 97871, 81, 198.99
2026/09/26 00:26:14.776, 3, 22573, 97871, 46, 207.25
2026/09/26 00:26:14.976, 0, 22557, 97871, 60, 197.57
2026/09/26 00:26:14.976, 1, 22555, 97871, 75, 208.98
2026/09/26 00:26:14.976, 2, 22565, 97871, 75, 198.27
2026/09/26 00:26:14.976, 3, 22573, 97871, 31, 207.46
2026/09/26 00:26:15.176, 0, 22557, 97871, 77, 198.82
2026/09/26 00:26:15.176, 1, 22555, 97871, 80, 208.30
2026/09/26 00:26:15.176, 2, 22565, 97871, 82, 199.00
2026/09/26 00:26:15.176, 3, 22573, 97871, 33, 208.25
2026/09/26 00:26:15.376, 0, 22557, 97871, 79, 199.49
2026/09/26 00:26:15.376, 1, 22555, 97871, 71, 208.00
2026/09/26 00:26:15.376, 2, 22565, 97871, 78, 200.36
2026/09/26 00:26:15.376, 3, 22573, 97871, 35, 205.16
2026/09/26 00:26:15.576, 0, 22557, 97871, 75, 198.92
2026/09/26 00:26:15.576, 1, 22555, 97871, 73, 208.31
2026/09/26 00:26:15.576, 2, 22565, 97871, 78, 200.61
2026/09/26 00:26:15.576, 3, 22573, 97871, 34, 205.32
2026/09/26 00:26:15.776, 0, 22557, 97871, 73, 195.32
2026/09/26 00:26:15.776, 1, 22555, 97871, 77, 206.32
2026/09/26 00:26:15.776, 2, 22565, 97871, 79, 198.66
2026/09/26 00:26:15.776, 3, 22573, 97871, 30, 203.54
2026/09/26 00:26:15.976, 0, 22557, 97871, 62, 211.78
2026/09/26 00:26:15.976, 1, 22555, 97871, 52, 221.14
2026/09/26 00:26:15.976, 2, 22565, 97871, 41, 208.85
2026/09/26 00:26:15.976, 3, 22573, 97871, 64, 210.41
2026/09/26 00:26:16.177, 0, 22557, 97871, 99, 233.48
2026/09/26 00:26:16.177, 1, 22555, 97871, 100, 253.93
2026/09/26 00:26:16.177, 2, 22565, 97871, 100, 233.83
2026/09/26 00:26:16.177, 3, 22573, 97871, 100, 237.14
2026/09/26 00:26:16.377, 0, 22557, 97871, 100, 232.34
2026/09/26 00:26:16.377, 1, 22555, 97871, 95, 253.93
2026/09/26 00:26:16.377, 2, 22565, 97871, 80, 237.12
2026/09/26 00:26:16.377, 3, 22573, 97871, 40, 244.44
2026/09/26 00:26:16.577, 0, 22557, 97871, 82, 231.74
2026/09/26 00:26:16.577, 1, 22555, 97871, 76, 253.70
2026/09/26 00:26:16.577, 2, 22565, 97871, 73, 236.54
2026/09/26 00:26:16.577, 3, 22573, 97871, 34, 243.58
2026/09/26 00:26:16.777, 0, 22557, 97871, 65, 235.73
2026/09/26 00:26:16.777, 1, 22555, 97871, 66, 254.61
2026/09/26 00:26:16.777, 2, 22565, 97871, 72, 238.12
2026/09/26 00:26:16.777, 3, 22573, 97871, 31, 246.33
2026/09/26 00:26:16.977, 0, 22557, 97871, 73, 218.27
2026/09/26 00:26:16.977, 1, 22555, 97871, 57, 244.34
2026/09/26 00:26:16.977, 2, 22565, 97871, 74, 232.02
2026/09/26 00:26:16.977, 3, 22573, 97871, 33, 240.70
2026/09/26 00:26:17.177, 0, 22557, 97871, 66, 194.42
2026/09/26 00:26:17.177, 1, 22555, 97871, 66, 209.07
2026/09/26 00:26:17.177, 2, 22565, 97871, 79, 202.90
2026/09/26 00:26:17.177, 3, 22573, 97871, 33, 212.43
2026/09/26 00:26:17.377, 0, 22557, 97871, 63, 194.91
2026/09/26 00:26:17.377, 1, 22555, 97871, 63, 208.04
2026/09/26 00:26:17.377, 2, 22565, 97871, 62, 199.05
2026/09/26 00:26:17.377, 3, 22573, 97871, 35, 203.98
2026/09/26 00:26:17.578, 0, 22557, 97871, 71, 195.69
2026/09/26 00:26:17.578, 1, 22555, 97871, 80, 207.66
2026/09/26 00:26:17.578, 2, 22565, 97871, 74, 199.75
2026/09/26 00:26:17.578, 3, 22573, 97871, 33, 202.16
2026/09/26 00:26:17.778, 0, 22557, 97871, 66, 196.51
2026/09/26 00:26:17.778, 1, 22555, 97871, 81, 207.57
2026/09/26 00:26:17.778, 2, 22565, 97871, 76, 199.92
2026/09/26 00:26:17.778, 3, 22573, 97871, 32, 201.68
2026/09/26 00:26:17.978, 0, 22557, 97871, 78, 196.10
2026/09/26 00:26:17.978, 1, 22555, 97871, 63, 206.47
2026/09/26 00:26:17.978, 2, 22565, 97871, 69, 199.54
2026/09/26 00:26:17.978, 3, 22573, 97871, 33, 200.90
2026/09/26 00:26:18.178, 0, 22557, 97871, 72, 197.23
2026/09/26 00:26:18.178, 1, 22555, 97871, 72, 206.98
2026/09/26 00:26:18.178, 2, 22565, 97871, 74, 198.80
2026/09/26 00:26:18.178, 3, 22573, 97871, 32, 199.84
2026/09/26 00:26:18.378, 0, 22557, 97871, 71, 197.34
2026/09/26 00:26:18.378, 1, 22555, 97871, 79, 206.66
2026/09/26 00:26:18.378, 2, 22565, 97871, 75, 199.60
2026/09/26 00:26:18.378, 3, 22573, 97871, 33, 200.10
2026/09/26 00:26:18.578, 0, 22557, 97871, 74, 196.43
2026/09/26 00:26:18.578, 1, 22555, 97871, 73, 206.18
2026/09/26 00:26:18.578, 2, 22565, 97871, 87, 199.82
2026/09/26 00:26:18.578, 3, 22573, 97871, 32, 200.93
2026/09/26 00:26:18.778, 0, 22557, 97871, 82, 195.52
2026/09/26 00:26:18.778, 1, 22555, 97871, 75, 207.81
2026/09/26 00:26:18.778, 2, 22565, 97871, 75, 199.16
2026/09/26 00:26:18.778, 3, 22573, 97871, 33, 200.34
2026/09/26 00:26:18.979, 0, 22557, 97871, 69, 196.02
2026/09/26 00:26:18.979, 1, 22555, 97871, 73, 208.79
2026/09/26 00:26:18.979, 2, 22565, 97871, 73, 198.62
2026/09/26 00:26:18.979, 3, 22573, 97871, 33, 201.45
2026/09/26 00:26:19.179, 0, 22557, 97871, 75, 196.44
2026/09/26 00:26:19.179, 1, 22555, 97871, 81, 207.94
2026/09/26 00:26:19.179, 2, 22565, 97871, 79, 199.02
2026/09/26 00:26:19.179, 3, 22573, 97871, 33, 202.84
2026/09/26 00:26:19.379, 0, 22557, 97871, 81, 195.49
2026/09/26 00:26:19.379, 1, 22555, 97871, 74, 207.21
2026/09/26 00:26:19.379, 2, 22565, 97871, 64, 198.05
2026/09/26 00:26:19.379, 3, 22573, 97871, 35, 203.47
2026/09/26 00:26:19.579, 0, 22557, 97871, 57, 196.76
2026/09/26 00:26:19.579, 1, 22555, 97871, 59, 207.64
2026/09/26 00:26:19.579, 2, 22565, 97871, 67, 197.61
2026/09/26 00:26:19.579, 3, 22573, 97871, 33, 204.07
2026/09/26 00:26:19.779, 0, 22557, 97871, 67, 196.00
2026/09/26 00:26:19.779, 1, 22555, 97871, 81, 206.69
2026/09/26 00:26:19.779, 2, 22565, 97871, 76, 197.09
2026/09/26 00:26:19.779, 3, 22573, 97871, 32, 204.99
2026/09/26 00:26:19.979, 0, 22557, 97871, 71, 197.20
2026/09/26 00:26:19.979, 1, 22555, 97871, 73, 206.05
2026/09/26 00:26:19.979, 2, 22565, 97871, 77, 197.29
2026/09/26 00:26:19.979, 3, 22573, 97871, 32, 207.09
2026/09/26 00:26:20.179, 0, 22557, 97871, 75, 195.39
2026/09/26 00:26:20.179, 1, 22555, 97871, 71, 207.37
2026/09/26 00:26:20.179, 2, 22565, 97871, 74, 199.12
2026/09/26 00:26:20.179, 3, 22573, 97871, 31, 207.72
2026/09/26 00:26:20.380, 0, 22557, 97871, 75, 196.06
2026/09/26 00:26:20.380, 1, 22555, 97871, 78, 208.38
2026/09/26 00:26:20.380, 2, 22565, 97871, 76, 200.06
2026/09/26 00:26:20.380, 3, 22573, 97871, 32, 207.23
2026/09/26 00:26:20.580, 0, 22557, 97871, 73, 196.16
2026/09/26 00:26:20.580, 1, 22555, 97871, 72, 207.96
2026/09/26 00:26:20.580, 2, 22565, 97871, 82, 199.43
2026/09/26 00:26:20.580, 3, 22573, 97871, 32, 205.75
2026/09/26 00:26:20.780, 0, 22557, 97871, 80, 196.63
2026/09/26 00:26:20.780, 1, 22555, 97871, 70, 208.68
2026/09/26 00:26:20.780, 2, 22565, 97871, 70, 198.60
2026/09/26 00:26:20.780, 3, 22573, 97871, 33, 206.67
2026/09/26 00:26:20.980, 0, 22557, 97871, 73, 195.86
2026/09/26 00:26:20.980, 1, 22555, 97871, 74, 208.58
2026/09/26 00:26:20.980, 2, 22565, 97871, 72, 198.65
2026/09/26 00:26:20.980, 3, 22573, 97871, 33, 204.79
2026/09/26 00:26:21.180, 0, 22557, 97871, 68, 197.56
2026/09/26 00:26:21.180, 1, 22555, 97871, 60, 207.44
2026/09/26 00:26:21.180, 2, 22565, 97871, 73, 197.93
2026/09/26 00:26:21.180, 3, 22573, 97871, 34, 204.30
2026/09/26 00:26:21.380, 0, 22557, 97871, 72, 197.54
2026/09/26 00:26:21.380, 1, 22555, 97871, 69, 207.67
2026/09/26 00:26:21.380, 2, 22565, 97871, 65, 197.61
2026/09/26 00:26:21.380, 3, 22573, 97871, 34, 205.33
2026/09/26 00:26:21.580, 0, 22557, 97871, 68, 197.44
2026/09/26 00:26:21.580, 1, 22555, 97871, 74, 208.32
2026/09/26 00:26:21.580, 2, 22565, 97871, 75, 199.10
2026/09/26 00:26:21.580, 3, 22573, 97871, 34, 205.51
2026/09/26 00:26:21.781, 0, 22557, 97871, 71, 197.51
2026/09/26 00:26:21.781, 1, 22555, 97871, 79, 208.21
2026/09/26 00:26:21.781, 2, 22565, 97871, 74, 201.58
2026/09/26 00:26:21.781, 3, 22573, 97871, 34, 206.43
2026/09/26 00:26:21.981, 0, 22557, 97871, 77, 198.58
2026/09/26 00:26:21.981, 1, 22555, 97871, 74, 209.29
2026/09/26 00:26:21.981, 2, 22565, 97871, 76, 203.51
2026/09/26 00:26:21.981, 3, 22573, 97871, 34, 207.98
2026/09/26 00:26:22.181, 0, 22557, 97871, 73, 198.19
2026/09/26 00:26:22.181, 1, 22555, 97871, 75, 210.64
2026/09/26 00:26:22.181, 2, 22565, 97871, 72, 203.99
2026/09/26 00:26:22.181, 3, 22573, 97871, 34, 208.88
2026/09/26 00:26:22.381, 0, 22557, 97871, 72, 199.22
2026/09/26 00:26:22.381, 1, 22555, 97871, 75, 210.19
2026/09/26 00:26:22.381, 2, 22565, 97871, 74, 203.46
2026/09/26 00:26:22.381, 3, 22573, 97871, 34, 207.67
2026/09/26 00:26:22.581, 0, 22557, 97871, 68, 199.43
2026/09/26 00:26:22.581, 1, 22555, 97871, 63, 211.56
2026/09/26 00:26:22.581, 2, 22565, 97871, 81, 204.75
2026/09/26 00:26:22.581, 3, 22573, 97871, 34, 207.94
2026/09/26 00:26:22.781, 0, 22557, 97871, 77, 199.79
2026/09/26 00:26:22.781, 1, 22555, 97871, 73, 212.86
2026/09/26 00:26:22.781, 2, 22565, 97871, 73, 203.06
2026/09/26 00:26:22.781, 3, 22573, 97871, 35, 208.30
2026/09/26 00:26:22.981, 0, 22557, 97871, 65, 199.26
2026/09/26 00:26:22.981, 1, 22555, 97871, 64, 212.72
2026/09/26 00:26:22.981, 2, 22565, 97871, 69, 203.15
2026/09/26 00:26:22.981, 3, 22573, 97871, 35, 207.76
2026/09/26 00:26:23.182, 0, 22557, 97871, 68, 203.87
2026/09/26 00:26:23.182, 1, 22555, 97871, 79, 214.18
2026/09/26 00:26:23.182, 2, 22565, 97871, 76, 200.33
2026/09/26 00:26:23.182, 3, 22573, 97871, 19, 206.74
2026/09/26 00:26:23.382, 0, 22557, 97871, 54, 230.33
2026/09/26 00:26:23.382, 1, 22555, 97871, 63, 244.88
2026/09/26 00:26:23.382, 2, 22565, 97871, 100, 229.02
2026/09/26 00:26:23.382, 3, 22573, 97871, 100, 233.08
2026/09/26 00:26:23.582, 0, 22557, 97871, 100, 237.40
2026/09/26 00:26:23.582, 1, 22555, 97871, 100, 257.89
2026/09/26 00:26:23.582, 2, 22565, 97871, 100, 239.99
2026/09/26 00:26:23.582, 3, 22573, 97871, 62, 247.76
2026/09/26 00:26:23.782, 0, 22557, 97871, 57, 236.09
2026/09/26 00:26:23.782, 1, 22555, 97871, 82, 256.04
2026/09/26 00:26:23.782, 2, 22565, 97871, 77, 240.62
2026/09/26 00:26:23.782, 3, 22573, 97871, 44, 245.48
2026/09/26 00:26:23.982, 0, 22557, 97871, 42, 234.14
2026/09/26 00:26:23.982, 1, 22555, 97871, 79, 255.10
2026/09/26 00:26:23.982, 2, 22565, 97871, 71, 237.49
2026/09/26 00:26:23.982, 3, 22573, 97871, 33, 245.67
2026/09/26 00:26:24.182, 0, 22557, 97871, 77, 230.65
2026/09/26 00:26:24.182, 1, 22555, 97871, 64, 252.48
2026/09/26 00:26:24.182, 2, 22565, 97871, 68, 240.07
2026/09/26 00:26:24.182, 3, 22573, 97871, 34, 246.94
2026/09/26 00:26:24.382, 0, 22557, 97871, 73, 206.06
2026/09/26 00:26:24.382, 1, 22555, 97871, 72, 222.43
2026/09/26 00:26:24.383, 2, 22565, 97871, 69, 213.41
2026/09/26 00:26:24.383, 3, 22573, 97871, 33, 219.57
2026/09/26 00:26:24.583, 0, 22557, 97871, 69, 195.98
2026/09/26 00:26:24.583, 1, 22555, 97871, 76, 205.93
2026/09/26 00:26:24.583, 2, 22565, 97871, 59, 197.77
2026/09/26 00:26:24.583, 3, 22573, 97871, 33, 202.04
2026/09/26 00:26:24.783, 0, 22557, 97871, 72, 196.65
2026/09/26 00:26:24.783, 1, 22555, 97871, 61, 206.39
2026/09/26 00:26:24.783, 2, 22565, 97871, 49, 197.63
2026/09/26 00:26:24.783, 3, 22573, 97871, 34, 202.79
2026/09/26 00:26:24.983, 0, 22557, 97871, 73, 197.05
2026/09/26 00:26:24.983, 1, 22555, 97871, 61, 206.90
2026/09/26 00:26:24.983, 2, 22565, 97871, 66, 198.00
2026/09/26 00:26:24.983, 3, 22573, 97871, 33, 202.55
2026/09/26 00:26:25.183, 0, 22557, 97871, 71, 196.47
2026/09/26 00:26:25.183, 1, 22555, 97871, 71, 207.38
2026/09/26 00:26:25.183, 2, 22565, 97871, 62, 199.53
2026/09/26 00:26:25.183, 3, 22573, 97871, 33, 202.90
2026/09/26 00:26:25.383, 0, 22557, 97871, 72, 195.11
2026/09/26 00:26:25.383, 1, 22555, 97871, 80, 208.90
2026/09/26 00:26:25.383, 2, 22565, 97871, 65, 199.26
2026/09/26 00:26:25.383, 3, 22573, 97871, 33, 203.91
2026/09/26 00:26:25.583, 0, 22557, 97871, 72, 194.91
2026/09/26 00:26:25.583, 1, 22555, 97871, 76, 208.32
2026/09/26 00:26:25.583, 2, 22565, 97871, 72, 198.91
2026/09/26 00:26:25.583, 3, 22573, 97871, 34, 203.75
2026/09/26 00:26:25.783, 0, 22557, 97871, 70, 195.46
2026/09/26 00:26:25.784, 1, 22555, 97871, 75, 208.43
2026/09/26 00:26:25.784, 2, 22565, 97871, 72, 198.27
2026/09/26 00:26:25.784, 3, 22573, 97871, 32, 203.19
2026/09/26 00:26:25.984, 0, 22557, 97871, 68, 196.01
2026/09/26 00:26:25.984, 1, 22555, 97871, 77, 208.31
2026/09/26 00:26:25.984, 2, 22565, 97871, 74, 198.82
2026/09/26 00:26:25.984, 3, 22573, 97871, 32, 202.90
2026/09/26 00:26:26.184, 0, 22557, 97871, 73, 196.06
2026/09/26 00:26:26.184, 1, 22555, 97871, 72, 208.43
2026/09/26 00:26:26.184, 2, 22565, 97871, 75, 198.73
2026/09/26 00:26:26.184, 3, 22573, 97871, 32, 201.53
2026/09/26 00:26:26.384, 0, 22557, 97871, 68, 197.18
2026/09/26 00:26:26.384, 1, 22555, 97871, 69, 208.94
2026/09/26 00:26:26.384, 2, 22565, 97871, 57, 199.00
2026/09/26 00:26:26.384, 3, 22573, 97871, 33, 200.51
2026/09/26 00:26:26.584, 0, 22557, 97871, 65, 197.37
2026/09/26 00:26:26.584, 1, 22555, 97871, 72, 208.81
2026/09/26 00:26:26.584, 2, 22565, 97871, 63, 199.99
2026/09/26 00:26:26.584, 3, 22573, 97871, 33, 200.03
2026/09/26 00:26:26.784, 0, 22557, 97871, 70, 197.56
2026/09/26 00:26:26.784, 1, 22555, 97871, 68, 209.39
2026/09/26 00:26:26.784, 2, 22565, 97871, 76, 200.64
2026/09/26 00:26:26.784, 3, 22573, 97871, 33, 200.92
2026/09/26 00:26:26.984, 0, 22557, 97871, 71, 197.48
2026/09/26 00:26:26.984, 1, 22555, 97871, 59, 208.32
2026/09/26 00:26:26.984, 2, 22565, 97871, 52, 200.44
2026/09/26 00:26:26.984, 3, 22573, 97871, 35, 202.48
2026/09/26 00:26:27.184, 0, 22557, 97871, 63, 197.33
2026/09/26 00:26:27.185, 1, 22555, 97871, 57, 208.53
2026/09/26 00:26:27.185, 2, 22565, 97871, 53, 200.18
2026/09/26 00:26:27.185, 3, 22573, 97871, 33, 203.06
2026/09/26 00:26:27.385, 0, 22557, 97871, 70, 196.75
2026/09/26 00:26:27.385, 1, 22555, 97871, 81, 207.99
2026/09/26 00:26:27.385, 2, 22565, 97871, 66, 199.35
2026/09/26 00:26:27.385, 3, 22573, 97871, 33, 204.83
2026/09/26 00:26:27.585, 0, 22557, 97871, 70, 197.25
2026/09/26 00:26:27.585, 1, 22555, 97871, 70, 208.40
2026/09/26 00:26:27.585, 2, 22565, 97871, 64, 199.34
2026/09/26 00:26:27.585, 3, 22573, 97871, 33, 206.45
2026/09/26 00:26:27.785, 0, 22557, 97871, 71, 196.44
2026/09/26 00:26:27.785, 1, 22555, 97871, 68, 207.63
2026/09/26 00:26:27.785, 2, 22565, 97871, 62, 199.05
2026/09/26 00:26:27.785, 3, 22573, 97871, 32, 205.65
2026/09/26 00:26:27.985, 0, 22557, 97871, 72, 195.55
2026/09/26 00:26:27.985, 1, 22555, 97871, 76, 208.85
2026/09/26 00:26:27.985, 2, 22565, 97871, 70, 198.62
2026/09/26 00:26:27.985, 3, 22573, 97871, 33, 203.85
2026/09/26 00:26:28.185, 0, 22557, 97871, 72, 196.06
2026/09/26 00:26:28.185, 1, 22555, 97871, 67, 209.57
2026/09/26 00:26:28.185, 2, 22565, 97871, 75, 199.64
2026/09/26 00:26:28.185, 3, 22573, 97871, 33, 204.68
2026/09/26 00:26:28.385, 0, 22557, 97871, 70, 197.10
2026/09/26 00:26:28.385, 1, 22555, 97871, 66, 209.38
2026/09/26 00:26:28.386, 2, 22565, 97871, 75, 200.24
2026/09/26 00:26:28.386, 3, 22573, 97871, 37, 204.37
2026/09/26 00:26:28.586, 0, 22557, 97871, 45, 196.69
2026/09/26 00:26:28.586, 1, 22555, 97871, 57, 208.70
2026/09/26 00:26:28.586, 2, 22565, 97871, 78, 201.32
2026/09/26 00:26:28.586, 3, 22573, 97871, 36, 203.45
2026/09/26 00:26:28.786, 0, 22557, 97871, 53, 197.89
2026/09/26 00:26:28.786, 1, 22555, 97871, 65, 208.77
2026/09/26 00:26:28.786, 2, 22565, 97871, 75, 200.98
2026/09/26 00:26:28.786, 3, 22573, 97871, 33, 203.82
2026/09/26 00:26:28.986, 0, 22557, 97871, 69, 199.31
2026/09/26 00:26:28.986, 1, 22555, 97871, 70, 208.29
2026/09/26 00:26:28.986, 2, 22565, 97871, 71, 201.43
2026/09/26 00:26:28.986, 3, 22573, 97871, 35, 207.13
2026/09/26 00:26:29.186, 0, 22557, 97871, 72, 200.44
2026/09/26 00:26:29.186, 1, 22555, 97871, 68, 208.58
2026/09/26 00:26:29.186, 2, 22565, 97871, 74, 200.91
2026/09/26 00:26:29.186, 3, 22573, 97871, 34, 207.48
2026/09/26 00:26:29.386, 0, 22557, 97871, 70, 200.49
2026/09/26 00:26:29.386, 1, 22555, 97871, 72, 207.67
2026/09/26 00:26:29.386, 2, 22565, 97871, 77, 200.32
2026/09/26 00:26:29.386, 3, 22573, 97871, 33, 209.01
2026/09/26 00:26:29.586, 0, 22557, 97871, 74, 201.39
2026/09/26 00:26:29.586, 1, 22555, 97871, 69, 209.05
2026/09/26 00:26:29.586, 2, 22565, 97871, 79, 200.12
2026/09/26 00:26:29.586, 3, 22573, 97871, 33, 208.84
2026/09/26 00:26:29.787, 0, 22557, 97871, 68, 201.04
2026/09/26 00:26:29.787, 1, 22555, 97871, 61, 210.60
2026/09/26 00:26:29.787, 2, 22565, 97871, 71, 200.68
2026/09/26 00:26:29.787, 3, 22573, 97871, 33, 208.27
2026/09/26 00:26:29.987, 0, 22557, 97871, 69, 200.51
2026/09/26 00:26:29.987, 1, 22555, 97871, 74, 210.26
2026/09/26 00:26:29.987, 2, 22565, 97871, 67, 200.67
2026/09/26 00:26:29.987, 3, 22573, 97871, 35, 207.24
2026/09/26 00:26:30.187, 0, 22557, 97871, 69, 199.64
2026/09/26 00:26:30.187, 1, 22555, 97871, 74, 209.77
2026/09/26 00:26:30.187, 2, 22565, 97871, 77, 200.69
2026/09/26 00:26:30.187, 3, 22573, 97871, 35, 206.53
2026/09/26 00:26:30.387, 0, 22557, 97871, 73, 195.14
2026/09/26 00:26:30.387, 1, 22555, 97871, 71, 205.53
2026/09/26 00:26:30.387, 2, 22565, 97871, 68, 199.33
2026/09/26 00:26:30.387, 3, 22573, 97871, 37, 205.20
2026/09/26 00:26:30.587, 0, 22023, 97871, 44, 176.95
2026/09/26 00:26:30.587, 1, 22071, 97871, 29, 188.43
2026/09/26 00:26:30.587, 2, 22031, 97871, 0, 183.95
2026/09/26 00:26:30.587, 3, 22049, 97871, 0, 190.56
2026/09/26 00:26:30.787, 0, 21989, 97871, 2, 166.80
2026/09/26 00:26:30.787, 1, 21987, 97871, 1, 171.05
2026/09/26 00:26:30.787, 2, 21997, 97871, 2, 168.32
2026/09/26 00:26:30.787, 3, 22005, 97871, 1, 174.07
2026/09/26 00:26:30.988, 0, 21989, 97871, 0, 149.65
2026/09/26 00:26:30.988, 1, 21987, 97871, 0, 154.73
2026/09/26 00:26:30.988, 2, 21997, 97871, 0, 152.11
2026/09/26 00:26:30.988, 3, 22005, 97871, 0, 157.90
2026/09/26 00:26:31.188, 0, 21989, 97871, 0, 134.42
2026/09/26 00:26:31.188, 1, 21987, 97871, 0, 139.88
2026/09/26 00:26:31.188, 2, 21997, 97871, 0, 136.16
2026/09/26 00:26:31.188, 3, 22005, 97871, 0, 142.78
2026/09/26 00:26:31.388, 0, 21989, 97871, 0, 119.88
2026/09/26 00:26:31.388, 1, 21987, 97871, 0, 127.30
2026/09/26 00:26:31.388, 2, 21997, 97871, 0, 122.62
2026/09/26 00:26:31.388, 3, 22005, 97871, 0, 126.45
2026/09/26 00:26:31.588, 0, 21989, 97871, 0, 119.04
2026/09/26 00:26:31.588, 1, 21987, 97871, 0, 127.22
2026/09/26 00:26:31.588, 2, 21997, 97871, 0, 121.38
2026/09/26 00:26:31.588, 3, 22005, 97871, 0, 125.46
2026/09/26 00:26:31.788, 0, 21989, 97871, 0, 118.83
2026/09/26 00:26:31.788, 1, 21987, 97871, 0, 127.10
2026/09/26 00:26:31.788, 2, 21997, 97871, 0, 121.25
2026/09/26 00:26:31.788, 3, 22005, 97871, 0, 125.35
2026/09/26 00:26:31.988, 0, 21989, 97871, 0, 118.78
2026/09/26 00:26:31.988, 1, 21987, 97871, 0, 127.07
2026/09/26 00:26:31.988, 2, 21997, 97871, 0, 121.24
2026/09/26 00:26:31.988, 3, 22005, 97871, 0, 125.33
2026/09/26 00:26:32.188, 0, 21989, 97871, 0, 118.75
2026/09/26 00:26:32.189, 1, 21987, 97871, 0, 127.02
2026/09/26 00:26:32.189, 2, 21997, 97871, 0, 121.20
2026/09/26 00:26:32.189, 3, 22005, 97871, 0, 125.30
2026/09/26 00:26:32.389, 0, 21987, 97871, 0, 118.78
2026/09/26 00:26:32.389, 1, 21985, 97871, 0, 127.16
2026/09/26 00:26:32.390, 2, 21995, 97871, 0, 121.13
2026/09/26 00:26:32.391, 3, 22003, 97871, 0, 125.27
2026/09/26 00:26:32.591, 0, 498, 97871, 0, 120.77
2026/09/26 00:26:32.848, 1, 18, 97871, 0, 130.02
2026/09/26 00:26:32.849, 2, 118, 97871, 0, 123.93
2026/09/26 00:26:32.849, 3, 21985, 97871, 0, 126.47
2026/09/26 00:26:33.050, 0, 0, 97871, 0, 121.97
2026/09/26 00:26:33.120, 1, 0, 97871, 0, 130.78
2026/09/26 00:26:33.120, 2, 0, 97871, 0, 124.38
2026/09/26 00:26:33.120, 3, 0, 97871, 0, 127.83
2026/09/26 00:26:33.320, 0, 0, 97871, 0, 122.66
2026/09/26 00:26:33.320, 1, 0, 97871, 0, 131.34
2026/09/26 00:26:33.320, 2, 0, 97871, 0, 124.89
2026/09/26 00:26:33.320, 3, 0, 97871, 43, 129.11
2026/09/26 00:26:33.520, 0, 0, 97871, 0, 122.74
2026/09/26 00:26:33.520, 1, 0, 97871, 0, 131.35
2026/09/26 00:26:33.520, 2, 0, 97871, 0, 125.07
2026/09/26 00:26:33.520, 3, 0, 97871, 0, 129.35
2026/09/26 00:26:33.721, 0, 0, 97871, 0, 122.73
2026/09/26 00:26:33.721, 1, 0, 97871, 0, 129.42
2026/09/26 00:26:33.721, 2, 0, 97871, 0, 125.05
2026/09/26 00:26:33.721, 3, 0, 97871, 0, 129.28
2026/09/26 00:26:33.921, 0, 0, 97871, 0, 121.88
2026/09/26 00:26:33.921, 1, 0, 97871, 0, 129.36
2026/09/26 00:26:33.921, 2, 0, 97871, 0, 123.47
2026/09/26 00:26:33.921, 3, 0, 97871, 0, 129.25
2026/09/26 00:26:34.121, 0, 0, 97871, 0, 121.16
2026/09/26 00:26:34.121, 1, 0, 97871, 0, 129.29
2026/09/26 00:26:34.121, 2, 0, 97871, 0, 123.40
2026/09/26 00:26:34.121, 3, 0, 97871, 0, 128.30
2026/09/26 00:26:34.321, 0, 0, 97871, 0, 115.50
2026/09/26 00:26:34.321, 1, 0, 97871, 0, 120.52
2026/09/26 00:26:34.321, 2, 0, 97871, 0, 123.40
2026/09/26 00:26:34.321, 3, 0, 97871, 0, 127.52
2026/09/26 00:26:34.521, 0, 0, 97871, 0, 106.87
2026/09/26 00:26:34.521, 1, 0, 97871, 0, 110.31
2026/09/26 00:26:34.521, 2, 0, 97871, 0, 117.51
2026/09/26 00:26:34.521, 3, 0, 97871, 0, 124.39
2026/09/26 00:26:34.721, 0, 0, 97871, 0, 98.15
2026/09/26 00:26:34.721, 1, 0, 97871, 0, 100.05
2026/09/26 00:26:34.721, 2, 0, 97871, 0, 108.29
2026/09/26 00:26:34.721, 3, 0, 97871, 0, 115.24
