timestamp,gpu_index,memory_used_mib,memory_total_mib,gpu_utilization_percent,power_watts
2026/09/22 23:27:26.104, 0, 0, 97871, 0, 74.12
2026/09/22 23:27:26.108, 1, 0, 97871, 0, 78.10
2026/09/22 23:27:26.111, 2, 0, 97871, 0, 75.22
2026/09/22 23:27:26.115, 3, 0, 97871, 0, 74.90
2026/09/22 23:27:26.318, 0, 0, 97871, 0, 74.12
2026/09/22 23:27:26.318, 1, 0, 97871, 0, 78.08
2026/09/22 23:27:26.318, 2, 0, 97871, 0, 75.20
2026/09/22 23:27:26.318, 3, 0, 97871, 0, 74.89
2026/09/22 23:27:26.518, 0, 0, 97871, 0, 74.12
2026/09/22 23:27:26.519, 1, 0, 97871, 0, 78.04
2026/09/22 23:27:26.519, 2, 0, 97871, 0, 75.18
2026/09/22 23:27:26.519, 3, 0, 97871, 0, 74.86
2026/09/22 23:27:26.719, 0, 0, 97871, 0, 74.14
2026/09/22 23:27:26.719, 1, 0, 97871, 0, 78.05
2026/09/22 23:27:26.719, 2, 0, 97871, 0, 75.17
2026/09/22 23:27:26.719, 3, 0, 97871, 0, 74.82
2026/09/22 23:27:26.919, 0, 0, 97871, 0, 74.11
2026/09/22 23:27:26.919, 1, 0, 97871, 0, 78.02
2026/09/22 23:27:26.919, 2, 0, 97871, 0, 75.15
2026/09/22 23:27:26.919, 3, 0, 97871, 0, 74.82
2026/09/22 23:27:27.119, 0, 0, 97871, 0, 74.10
2026/09/22 23:27:27.119, 1, 0, 97871, 0, 78.01
2026/09/22 23:27:27.119, 2, 0, 97871, 0, 75.16
2026/09/22 23:27:27.119, 3, 0, 97871, 0, 74.83
2026/09/22 23:27:27.319, 0, 0, 97871, 0, 74.09
2026/09/22 23:27:27.319, 1, 0, 97871, 0, 78.01
2026/09/22 23:27:27.319, 2, 0, 97871, 0, 75.14
2026/09/22 23:27:27.319, 3, 0, 97871, 0, 74.83
2026/09/22 23:27:27.519, 0, 0, 97871, 0, 74.08
2026/09/22 23:27:27.519, 1, 0, 97871, 0, 78.01
2026/09/22 23:27:27.519, 2, 0, 97871, 0, 75.14
2026/09/22 23:27:27.519, 3, 0, 97871, 0, 74.83
2026/09/22 23:27:27.720, 0, 0, 97871, 0, 74.07
2026/09/22 23:27:27.720, 1, 0, 97871, 0, 77.97
2026/09/22 23:27:27.720, 2, 0, 97871, 0, 75.13
2026/09/22 23:27:27.720, 3, 0, 97871, 0, 74.83
2026/09/22 23:27:27.920, 0, 0, 97871, 0, 74.09
2026/09/22 23:27:27.920, 1, 0, 97871, 0, 77.99
2026/09/22 23:27:27.920, 2, 0, 97871, 0, 75.14
2026/09/22 23:27:27.920, 3, 0, 97871, 0, 74.84
2026/09/22 23:27:28.120, 0, 0, 97871, 0, 74.09
2026/09/22 23:27:28.120, 1, 0, 97871, 0, 77.98
2026/09/22 23:27:28.120, 2, 0, 97871, 0, 75.12
2026/09/22 23:27:28.120, 3, 0, 97871, 0, 74.82
2026/09/22 23:27:28.320, 0, 0, 97871, 0, 74.07
2026/09/22 23:27:28.320, 1, 0, 97871, 0, 77.94
2026/09/22 23:27:28.320, 2, 0, 97871, 0, 75.12
2026/09/22 23:27:28.320, 3, 0, 97871, 0, 74.82
2026/09/22 23:27:28.520, 0, 0, 97871, 0, 74.07
2026/09/22 23:27:28.520, 1, 0, 97871, 0, 77.93
2026/09/22 23:27:28.520, 2, 0, 97871, 0, 75.10
2026/09/22 23:27:28.520, 3, 0, 97871, 0, 74.83
2026/09/22 23:27:28.721, 0, 0, 97871, 0, 74.08
2026/09/22 23:27:28.721, 1, 0, 97871, 0, 77.94
2026/09/22 23:27:28.721, 2, 0, 97871, 0, 75.11
2026/09/22 23:27:28.721, 3, 0, 97871, 0, 74.84
2026/09/22 23:27:28.921, 0, 0, 97871, 0, 74.06
2026/09/22 23:27:28.921, 1, 0, 97871, 0, 77.90
2026/09/22 23:27:28.921, 2, 0, 97871, 0, 75.10
2026/09/22 23:27:28.921, 3, 0, 97871, 0, 74.81
2026/09/22 23:27:29.121, 0, 0, 97871, 0, 74.04
2026/09/22 23:27:29.121, 1, 0, 97871, 0, 77.89
2026/09/22 23:27:29.121, 2, 0, 97871, 0, 75.09
2026/09/22 23:27:29.121, 3, 0, 97871, 0, 74.84
2026/09/22 23:27:29.321, 0, 0, 97871, 0, 74.06
2026/09/22 23:27:29.321, 1, 0, 97871, 0, 77.89
2026/09/22 23:27:29.321, 2, 0, 97871, 0, 75.07
2026/09/22 23:27:29.321, 3, 0, 97871, 0, 74.84
2026/09/22 23:27:29.521, 0, 0, 97871, 0, 74.06
2026/09/22 23:27:29.521, 1, 0, 97871, 0, 77.88
2026/09/22 23:27:29.521, 2, 0, 97871, 0, 75.06
2026/09/22 23:27:29.521, 3, 0, 97871, 0, 74.84
2026/09/22 23:27:29.722, 0, 0, 97871, 0, 74.04
2026/09/22 23:27:29.722, 1, 0, 97871, 0, 77.85
2026/09/22 23:27:29.722, 2, 0, 97871, 0, 75.03
2026/09/22 23:27:29.722, 3, 0, 97871, 0, 74.82
2026/09/22 23:27:29.922, 0, 0, 97871, 0, 74.04
2026/09/22 23:27:29.922, 1, 0, 97871, 0, 77.85
2026/09/22 23:27:29.922, 2, 0, 97871, 0, 75.01
2026/09/22 23:27:29.922, 3, 0, 97871, 0, 74.84
2026/09/22 23:27:30.122, 0, 0, 97871, 0, 74.06
2026/09/22 23:27:30.122, 1, 0, 97871, 0, 77.83
2026/09/22 23:27:30.122, 2, 0, 97871, 0, 75.01
2026/09/22 23:27:30.122, 3, 0, 97871, 0, 74.81
2026/09/22 23:27:30.322, 0, 0, 97871, 0, 74.01
2026/09/22 23:27:30.322, 1, 0, 97871, 0, 77.81
2026/09/22 23:27:30.322, 2, 0, 97871, 0, 74.99
2026/09/22 23:27:30.322, 3, 0, 97871, 0, 74.79
2026/09/22 23:27:30.522, 0, 0, 97871, 0, 73.99
2026/09/22 23:27:30.523, 1, 0, 97871, 0, 77.80
2026/09/22 23:27:30.523, 2, 0, 97871, 0, 74.97
2026/09/22 23:27:30.523, 3, 0, 97871, 0, 74.77
2026/09/22 23:27:30.723, 0, 0, 97871, 0, 74.00
2026/09/22 23:27:30.723, 1, 0, 97871, 0, 77.79
2026/09/22 23:27:30.723, 2, 0, 97871, 0, 74.95
2026/09/22 23:27:30.723, 3, 0, 97871, 0, 74.77
2026/09/22 23:27:30.923, 0, 0, 97871, 0, 73.97
2026/09/22 23:27:30.923, 1, 0, 97871, 0, 77.76
2026/09/22 23:27:30.923, 2, 0, 97871, 0, 74.93
2026/09/22 23:27:30.923, 3, 0, 97871, 0, 74.75
2026/09/22 23:27:31.123, 0, 0, 97871, 0, 73.96
2026/09/22 23:27:31.123, 1, 0, 97871, 0, 77.78
2026/09/22 23:27:31.123, 2, 0, 97871, 0, 74.91
2026/09/22 23:27:31.123, 3, 0, 97871, 0, 74.73
2026/09/22 23:27:31.323, 0, 0, 97871, 0, 73.95
2026/09/22 23:27:31.324, 1, 0, 97871, 0, 77.75
2026/09/22 23:27:31.324, 2, 0, 97871, 0, 74.91
2026/09/22 23:27:31.324, 3, 0, 97871, 0, 74.73
2026/09/22 23:27:31.524, 0, 0, 97871, 0, 73.95
2026/09/22 23:27:31.524, 1, 0, 97871, 0, 77.72
2026/09/22 23:27:31.524, 2, 0, 97871, 0, 74.90
2026/09/22 23:27:31.524, 3, 0, 97871, 0, 74.74
2026/09/22 23:27:31.724, 0, 0, 97871, 0, 73.92
2026/09/22 23:27:31.724, 1, 0, 97871, 0, 77.71
2026/09/22 23:27:31.724, 2, 0, 97871, 0, 74.90
2026/09/22 23:27:31.724, 3, 0, 97871, 0, 74.72
2026/09/22 23:27:31.924, 0, 0, 97871, 0, 73.94
2026/09/22 23:27:31.924, 1, 0, 97871, 0, 77.68
2026/09/22 23:27:31.924, 2, 0, 97871, 0, 74.90
2026/09/22 23:27:31.924, 3, 0, 97871, 0, 74.69
2026/09/22 23:27:32.124, 0, 0, 97871, 0, 73.93
2026/09/22 23:27:32.124, 1, 0, 97871, 0, 77.65
2026/09/22 23:27:32.124, 2, 0, 97871, 0, 74.92
2026/09/22 23:27:32.124, 3, 0, 97871, 0, 74.70
2026/09/22 23:27:32.325, 0, 0, 97871, 0, 73.93
2026/09/22 23:27:32.325, 1, 0, 97871, 0, 77.65
2026/09/22 23:27:32.325, 2, 0, 97871, 0, 74.89
2026/09/22 23:27:32.325, 3, 0, 97871, 0, 74.68
2026/09/22 23:27:32.525, 0, 0, 97871, 0, 73.93
2026/09/22 23:27:32.525, 1, 0, 97871, 0, 77.64
2026/09/22 23:27:32.525, 2, 0, 97871, 0, 74.89
2026/09/22 23:27:32.525, 3, 0, 97871, 0, 74.66
2026/09/22 23:27:32.725, 0, 0, 97871, 0, 73.91
2026/09/22 23:27:32.725, 1, 0, 97871, 0, 77.61
2026/09/22 23:27:32.725, 2, 0, 97871, 0, 74.89
2026/09/22 23:27:32.725, 3, 0, 97871, 0, 74.62
2026/09/22 23:27:32.925, 0, 0, 97871, 0, 73.88
2026/09/22 23:27:32.925, 1, 0, 97871, 0, 77.62
2026/09/22 23:27:32.925, 2, 0, 97871, 0, 74.84
2026/09/22 23:27:32.925, 3, 0, 97871, 0, 74.61
2026/09/22 23:27:33.125, 0, 0, 97871, 0, 73.86
2026/09/22 23:27:33.126, 1, 0, 97871, 0, 77.62
2026/09/22 23:27:33.126, 2, 0, 97871, 0, 74.83
2026/09/22 23:27:33.126, 3, 0, 97871, 0, 74.60
2026/09/22 23:27:33.326, 0, 0, 97871, 0, 73.85
2026/09/22 23:27:33.326, 1, 0, 97871, 0, 77.59
2026/09/22 23:27:33.326, 2, 0, 97871, 0, 74.82
2026/09/22 23:27:33.326, 3, 0, 97871, 0, 74.41
2026/09/22 23:27:33.526, 0, 0, 97871, 0, 73.83
2026/09/22 23:27:33.526, 1, 0, 97871, 0, 77.60
2026/09/22 23:27:33.526, 2, 0, 97871, 0, 74.81
2026/09/22 23:27:33.526, 3, 0, 97871, 0, 74.58
2026/09/22 23:27:33.726, 0, 0, 97871, 0, 73.81
2026/09/22 23:27:33.726, 1, 0, 97871, 0, 77.61
2026/09/22 23:27:33.726, 2, 0, 97871, 0, 74.81
2026/09/22 23:27:33.726, 3, 0, 97871, 0, 74.59
2026/09/22 23:27:33.926, 0, 0, 97871, 0, 73.81
2026/09/22 23:27:33.926, 1, 0, 97871, 0, 77.58
2026/09/22 23:27:33.926, 2, 0, 97871, 0, 74.83
2026/09/22 23:27:33.927, 3, 0, 97871, 0, 74.57
2026/09/22 23:27:34.127, 0, 0, 97871, 0, 73.82
2026/09/22 23:27:34.127, 1, 0, 97871, 0, 77.55
2026/09/22 23:27:34.127, 2, 0, 97871, 0, 74.82
2026/09/22 23:27:34.127, 3, 0, 97871, 0, 74.58
2026/09/22 23:27:34.327, 0, 0, 97871, 0, 73.81
2026/09/22 23:27:34.327, 1, 0, 97871, 0, 77.57
2026/09/22 23:27:34.327, 2, 0, 97871, 0, 74.82
2026/09/22 23:27:34.327, 3, 0, 97871, 0, 74.59
2026/09/22 23:27:34.527, 0, 0, 97871, 0, 73.81
2026/09/22 23:27:34.527, 1, 0, 97871, 0, 77.55
2026/09/22 23:27:34.527, 2, 0, 97871, 0, 74.81
2026/09/22 23:27:34.527, 3, 0, 97871, 0, 74.57
2026/09/22 23:27:34.727, 0, 0, 97871, 0, 73.84
2026/09/22 23:27:34.727, 1, 0, 97871, 0, 77.54
2026/09/22 23:27:34.727, 2, 0, 97871, 0, 74.78
2026/09/22 23:27:34.727, 3, 0, 97871, 0, 74.56
2026/09/22 23:27:34.927, 0, 0, 97871, 0, 73.83
2026/09/22 23:27:34.928, 1, 0, 97871, 0, 77.53
2026/09/22 23:27:34.928, 2, 0, 97871, 0, 74.78
2026/09/22 23:27:34.928, 3, 0, 97871, 0, 74.56
2026/09/22 23:27:35.128, 0, 0, 97871, 0, 73.79
2026/09/22 23:27:35.128, 1, 0, 97871, 0, 77.52
2026/09/22 23:27:35.128, 2, 0, 97871, 0, 74.76
2026/09/22 23:27:35.128, 3, 0, 97871, 0, 74.57
2026/09/22 23:27:35.328, 0, 0, 97871, 0, 73.81
2026/09/22 23:27:35.328, 1, 0, 97871, 0, 77.49
2026/09/22 23:27:35.328, 2, 0, 97871, 0, 74.76
2026/09/22 23:27:35.328, 3, 0, 97871, 0, 74.58
2026/09/22 23:27:35.528, 0, 0, 97871, 0, 73.82
2026/09/22 23:27:35.528, 1, 0, 97871, 0, 77.49
2026/09/22 23:27:35.528, 2, 0, 97871, 0, 74.74
2026/09/22 23:27:35.528, 3, 0, 97871, 0, 74.59
2026/09/22 23:27:35.728, 0, 0, 97871, 0, 73.80
2026/09/22 23:27:35.728, 1, 0, 97871, 0, 77.49
2026/09/22 23:27:35.728, 2, 0, 97871, 0, 74.74
2026/09/22 23:27:35.728, 3, 0, 97871, 0, 74.60
2026/09/22 23:27:35.928, 0, 0, 97871, 0, 73.79
2026/09/22 23:27:35.928, 1, 0, 97871, 0, 77.47
2026/09/22 23:27:35.928, 2, 0, 97871, 0, 74.71
2026/09/22 23:27:35.928, 3, 0, 97871, 0, 74.63
2026/09/22 23:27:36.128, 0, 0, 97871, 0, 73.82
2026/09/22 23:27:36.129, 1, 0, 97871, 0, 77.47
2026/09/22 23:27:36.129, 2, 0, 97871, 0, 74.70
2026/09/22 23:27:36.129, 3, 0, 97871, 0, 74.62
2026/09/22 23:27:36.329, 0, 0, 97871, 0, 73.78
2026/09/22 23:27:36.329, 1, 0, 97871, 0, 77.48
2026/09/22 23:27:36.329, 2, 0, 97871, 0, 74.69
2026/09/22 23:27:36.329, 3, 0, 97871, 0, 74.61
2026/09/22 23:27:36.529, 0, 0, 97871, 0, 73.76
2026/09/22 23:27:36.529, 1, 0, 97871, 0, 77.46
2026/09/22 23:27:36.529, 2, 0, 97871, 0, 74.68
2026/09/22 23:27:36.529, 3, 0, 97871, 0, 74.61
2026/09/22 23:27:36.729, 0, 0, 97871, 0, 73.74
2026/09/22 23:27:36.729, 1, 0, 97871, 0, 77.44
2026/09/22 23:27:36.729, 2, 0, 97871, 0, 74.66
2026/09/22 23:27:36.729, 3, 0, 97871, 0, 74.61
2026/09/22 23:27:36.929, 0, 0, 97871, 0, 73.75
2026/09/22 23:27:36.929, 1, 0, 97871, 0, 77.42
2026/09/22 23:27:36.929, 2, 0, 97871, 0, 74.66
2026/09/22 23:27:36.929, 3, 0, 97871, 0, 74.57
2026/09/22 23:27:37.129, 0, 0, 97871, 0, 73.72
2026/09/22 23:27:37.129, 1, 0, 97871, 0, 77.40
2026/09/22 23:27:37.129, 2, 0, 97871, 0, 74.65
2026/09/22 23:27:37.129, 3, 0, 97871, 0, 74.54
2026/09/22 23:27:37.329, 0, 0, 97871, 0, 73.72
2026/09/22 23:27:37.330, 1, 0, 97871, 0, 77.37
2026/09/22 23:27:37.330, 2, 0, 97871, 0, 74.64
2026/09/22 23:27:37.330, 3, 0, 97871, 0, 74.55
2026/09/22 23:27:37.530, 0, 0, 97871, 0, 73.71
2026/09/22 23:27:37.530, 1, 0, 97871, 0, 77.34
2026/09/22 23:27:37.530, 2, 0, 97871, 0, 74.62
2026/09/22 23:27:37.530, 3, 0, 97871, 0, 74.53
2026/09/22 23:27:37.730, 0, 0, 97871, 0, 73.69
2026/09/22 23:27:37.730, 1, 0, 97871, 0, 77.32
2026/09/22 23:27:37.730, 2, 0, 97871, 0, 74.62
2026/09/22 23:27:37.730, 3, 0, 97871, 0, 74.55
2026/09/22 23:27:37.930, 0, 0, 97871, 0, 73.68
2026/09/22 23:27:37.930, 1, 0, 97871, 0, 77.33
2026/09/22 23:27:37.930, 2, 0, 97871, 0, 74.59
2026/09/22 23:27:37.930, 3, 0, 97871, 0, 74.53
2026/09/22 23:27:38.130, 0, 0, 97871, 0, 73.69
2026/09/22 23:27:38.130, 1, 0, 97871, 0, 77.33
2026/09/22 23:27:38.130, 2, 0, 97871, 0, 74.56
2026/09/22 23:27:38.130, 3, 0, 97871, 0, 74.51
2026/09/22 23:27:38.330, 0, 0, 97871, 0, 73.69
2026/09/22 23:27:38.330, 1, 0, 97871, 0, 77.30
2026/09/22 23:27:38.330, 2, 0, 97871, 0, 74.55
2026/09/22 23:27:38.330, 3, 0, 97871, 0, 74.48
2026/09/22 23:27:38.531, 0, 0, 97871, 0, 73.68
2026/09/22 23:27:38.531, 1, 0, 97871, 0, 77.31
2026/09/22 23:27:38.531, 2, 0, 97871, 0, 74.55
2026/09/22 23:27:38.531, 3, 0, 97871, 0, 74.49
2026/09/22 23:27:38.731, 0, 0, 97871, 0, 73.67
2026/09/22 23:27:38.731, 1, 0, 97871, 0, 77.32
2026/09/22 23:27:38.731, 2, 0, 97871, 0, 74.53
2026/09/22 23:27:38.731, 3, 0, 97871, 0, 74.45
2026/09/22 23:27:38.931, 0, 0, 97871, 0, 73.66
2026/09/22 23:27:38.931, 1, 0, 97871, 0, 77.29
2026/09/22 23:27:38.931, 2, 0, 97871, 0, 74.52
2026/09/22 23:27:38.931, 3, 0, 97871, 0, 74.44
2026/09/22 23:27:39.131, 0, 0, 97871, 0, 73.63
2026/09/22 23:27:39.131, 1, 0, 97871, 0, 77.28
2026/09/22 23:27:39.131, 2, 0, 97871, 0, 74.54
2026/09/22 23:27:39.131, 3, 0, 97871, 0, 74.43
2026/09/22 23:27:39.331, 0, 0, 97871, 0, 73.61
2026/09/22 23:27:39.331, 1, 0, 97871, 0, 77.29
2026/09/22 23:27:39.331, 2, 0, 97871, 0, 74.53
2026/09/22 23:27:39.331, 3, 0, 97871, 0, 74.46
2026/09/22 23:27:39.531, 0, 0, 97871, 0, 73.63
2026/09/22 23:27:39.531, 1, 0, 97871, 0, 77.27
2026/09/22 23:27:39.531, 2, 0, 97871, 0, 74.53
2026/09/22 23:27:39.531, 3, 0, 97871, 0, 74.46
2026/09/22 23:27:39.731, 0, 0, 97871, 0, 73.64
2026/09/22 23:27:39.731, 1, 0, 97871, 0, 77.25
2026/09/22 23:27:39.731, 2, 0, 97871, 0, 74.52
2026/09/22 23:27:39.731, 3, 0, 97871, 0, 74.47
2026/09/22 23:27:39.932, 0, 0, 97871, 0, 73.64
2026/09/22 23:27:39.932, 1, 0, 97871, 0, 77.25
2026/09/22 23:27:39.932, 2, 0, 97871, 0, 74.52
2026/09/22 23:27:39.932, 3, 0, 97871, 0, 74.47
2026/09/22 23:27:40.132, 0, 0, 97871, 0, 73.63
2026/09/22 23:27:40.132, 1, 0, 97871, 0, 77.24
2026/09/22 23:27:40.132, 2, 0, 97871, 0, 74.52
2026/09/22 23:27:40.132, 3, 0, 97871, 0, 74.49
2026/09/22 23:27:40.332, 0, 0, 97871, 0, 73.65
2026/09/22 23:27:40.332, 1, 0, 97871, 0, 77.22
2026/09/22 23:27:40.332, 2, 0, 97871, 0, 74.50
2026/09/22 23:27:40.332, 3, 0, 97871, 0, 74.47
2026/09/22 23:27:40.532, 0, 0, 97871, 0, 73.64
2026/09/22 23:27:40.532, 1, 0, 97871, 0, 77.22
2026/09/22 23:27:40.532, 2, 0, 97871, 0, 74.50
2026/09/22 23:27:40.532, 3, 0, 97871, 0, 74.45
2026/09/22 23:27:40.732, 0, 0, 97871, 0, 73.63
2026/09/22 23:27:40.732, 1, 0, 97871, 0, 77.24
2026/09/22 23:27:40.732, 2, 0, 97871, 0, 74.49
2026/09/22 23:27:40.732, 3, 0, 97871, 0, 74.46
2026/09/22 23:27:40.932, 0, 0, 97871, 0, 73.64
2026/09/22 23:27:40.932, 1, 0, 97871, 0, 77.22
2026/09/22 23:27:40.932, 2, 0, 97871, 0, 74.47
2026/09/22 23:27:40.932, 3, 0, 97871, 0, 74.45
2026/09/22 23:27:41.132, 0, 0, 97871, 0, 73.68
2026/09/22 23:27:41.132, 1, 0, 97871, 0, 77.21
2026/09/22 23:27:41.132, 2, 0, 97871, 0, 74.46
2026/09/22 23:27:41.132, 3, 0, 97871, 0, 74.43
2026/09/22 23:27:41.333, 0, 0, 97871, 0, 73.67
2026/09/22 23:27:41.333, 1, 0, 97871, 0, 77.23
2026/09/22 23:27:41.333, 2, 0, 97871, 0, 74.46
2026/09/22 23:27:41.333, 3, 0, 97871, 0, 74.44
2026/09/22 23:27:41.533, 0, 0, 97871, 0, 73.66
2026/09/22 23:27:41.533, 1, 0, 97871, 0, 77.20
2026/09/22 23:27:41.533, 2, 0, 97871, 0, 74.46
2026/09/22 23:27:41.533, 3, 0, 97871, 0, 74.45
2026/09/22 23:27:41.733, 0, 0, 97871, 0, 73.64
2026/09/22 23:27:41.733, 1, 0, 97871, 0, 77.20
2026/09/22 23:27:41.733, 2, 0, 97871, 0, 74.45
2026/09/22 23:27:41.733, 3, 0, 97871, 0, 74.44
2026/09/22 23:27:41.933, 0, 0, 97871, 0, 73.64
2026/09/22 23:27:41.933, 1, 0, 97871, 0, 77.23
2026/09/22 23:27:41.933, 2, 0, 97871, 0, 74.45
2026/09/22 23:27:41.933, 3, 0, 97871, 0, 74.44
2026/09/22 23:27:42.133, 0, 0, 97871, 0, 73.61
2026/09/22 23:27:42.133, 1, 0, 97871, 0, 77.22
2026/09/22 23:27:42.133, 2, 0, 97871, 0, 74.45
2026/09/22 23:27:42.133, 3, 0, 97871, 0, 74.45
2026/09/22 23:27:42.333, 0, 0, 97871, 0, 73.63
2026/09/22 23:27:42.333, 1, 0, 97871, 0, 77.21
2026/09/22 23:27:42.333, 2, 0, 97871, 0, 74.43
2026/09/22 23:27:42.333, 3, 0, 97871, 0, 74.43
2026/09/22 23:27:42.533, 0, 0, 97871, 0, 73.64
2026/09/22 23:27:42.533, 1, 0, 97871, 0, 77.20
2026/09/22 23:27:42.533, 2, 0, 97871, 0, 74.40
2026/09/22 23:27:42.533, 3, 0, 97871, 0, 74.42
2026/09/22 23:27:42.734, 0, 0, 97871, 0, 73.64
2026/09/22 23:27:42.734, 1, 0, 97871, 0, 77.18
2026/09/22 23:27:42.734, 2, 0, 97871, 0, 74.42
2026/09/22 23:27:42.734, 3, 0, 97871, 0, 74.39
2026/09/22 23:27:42.934, 0, 0, 97871, 0, 73.61
2026/09/22 23:27:42.934, 1, 0, 97871, 0, 77.14
2026/09/22 23:27:42.934, 2, 0, 97871, 0, 74.40
2026/09/22 23:27:42.934, 3, 0, 97871, 0, 74.40
2026/09/22 23:27:43.134, 0, 0, 97871, 0, 73.61
2026/09/22 23:27:43.134, 1, 0, 97871, 0, 77.14
2026/09/22 23:27:43.134, 2, 0, 97871, 0, 74.39
2026/09/22 23:27:43.134, 3, 0, 97871, 0, 74.40
2026/09/22 23:27:43.334, 0, 0, 97871, 0, 73.59
2026/09/22 23:27:43.334, 1, 0, 97871, 0, 77.12
2026/09/22 23:27:43.334, 2, 0, 97871, 0, 74.38
2026/09/22 23:27:43.334, 3, 0, 97871, 0, 74.41
2026/09/22 23:27:43.534, 0, 0, 97871, 0, 73.57
2026/09/22 23:27:43.534, 1, 0, 97871, 0, 77.10
2026/09/22 23:27:43.534, 2, 0, 97871, 0, 74.39
2026/09/22 23:27:43.534, 3, 0, 97871, 0, 74.39
2026/09/22 23:27:43.734, 0, 0, 97871, 0, 73.55
2026/09/22 23:27:43.734, 1, 0, 97871, 0, 77.09
2026/09/22 23:27:43.734, 2, 0, 97871, 0, 74.38
2026/09/22 23:27:43.734, 3, 0, 97871, 0, 74.39
2026/09/22 23:27:43.934, 0, 0, 97871, 0, 73.53
2026/09/22 23:27:43.934, 1, 0, 97871, 0, 77.07
2026/09/22 23:27:43.934, 2, 0, 97871, 0, 74.38
2026/09/22 23:27:43.934, 3, 0, 97871, 0, 74.38
2026/09/22 23:27:44.135, 0, 0, 97871, 0, 73.51
2026/09/22 23:27:44.135, 1, 0, 97871, 0, 77.05
2026/09/22 23:27:44.135, 2, 0, 97871, 0, 74.34
2026/09/22 23:27:44.135, 3, 0, 97871, 0, 74.34
2026/09/22 23:27:44.335, 0, 0, 97871, 0, 73.49
2026/09/22 23:27:44.335, 1, 0, 97871, 0, 77.04
2026/09/22 23:27:44.335, 2, 0, 97871, 0, 74.36
2026/09/22 23:27:44.335, 3, 0, 97871, 0, 74.31
2026/09/22 23:27:44.535, 0, 0, 97871, 0, 73.47
2026/09/22 23:27:44.535, 1, 0, 97871, 0, 77.01
2026/09/22 23:27:44.535, 2, 0, 97871, 0, 74.34
2026/09/22 23:27:44.535, 3, 0, 97871, 0, 74.32
2026/09/22 23:27:44.735, 0, 0, 97871, 0, 73.48
2026/09/22 23:27:44.735, 1, 0, 97871, 0, 77.00
2026/09/22 23:27:44.735, 2, 0, 97871, 0, 74.32
2026/09/22 23:27:44.735, 3, 0, 97871, 0, 74.31
2026/09/22 23:27:44.935, 0, 0, 97871, 0, 73.49
2026/09/22 23:27:44.935, 1, 0, 97871, 0, 76.99
2026/09/22 23:27:44.935, 2, 0, 97871, 0, 74.29
2026/09/22 23:27:44.935, 3, 0, 97871, 0, 74.29
2026/09/22 23:27:45.135, 0, 0, 97871, 0, 73.49
2026/09/22 23:27:45.135, 1, 0, 97871, 0, 76.99
2026/09/22 23:27:45.135, 2, 0, 97871, 0, 74.30
2026/09/22 23:27:45.135, 3, 0, 97871, 0, 74.29
2026/09/22 23:27:45.335, 0, 0, 97871, 0, 73.50
2026/09/22 23:27:45.336, 1, 0, 97871, 0, 76.98
2026/09/22 23:27:45.336, 2, 0, 97871, 0, 74.26
2026/09/22 23:27:45.336, 3, 0, 97871, 0, 74.29
2026/09/22 23:27:45.536, 0, 0, 97871, 0, 73.49
2026/09/22 23:27:45.536, 1, 0, 97871, 0, 77.00
2026/09/22 23:27:45.536, 2, 0, 97871, 0, 74.27
2026/09/22 23:27:45.536, 3, 0, 97871, 0, 74.27
2026/09/22 23:27:45.736, 0, 0, 97871, 0, 73.49
2026/09/22 23:27:45.736, 1, 0, 97871, 0, 77.00
2026/09/22 23:27:45.736, 2, 0, 97871, 0, 74.28
2026/09/22 23:27:45.736, 3, 0, 97871, 0, 74.25
2026/09/22 23:27:45.936, 0, 0, 97871, 0, 73.50
2026/09/22 23:27:45.936, 1, 0, 97871, 0, 77.01
2026/09/22 23:27:45.936, 2, 0, 97871, 0, 74.27
2026/09/22 23:27:45.936, 3, 0, 97871, 0, 74.27
2026/09/22 23:27:46.136, 0, 0, 97871, 0, 73.49
2026/09/22 23:27:46.136, 1, 0, 97871, 0, 76.99
2026/09/22 23:27:46.136, 2, 0, 97871, 0, 74.26
2026/09/22 23:27:46.136, 3, 0, 97871, 0, 74.25
2026/09/22 23:27:46.336, 0, 0, 97871, 0, 73.46
2026/09/22 23:27:46.336, 1, 0, 97871, 0, 77.00
2026/09/22 23:27:46.336, 2, 0, 97871, 0, 74.27
2026/09/22 23:27:46.336, 3, 0, 97871, 0, 74.23
2026/09/22 23:27:46.536, 0, 0, 97871, 0, 73.45
2026/09/22 23:27:46.537, 1, 0, 97871, 0, 76.95
2026/09/22 23:27:46.537, 2, 0, 97871, 0, 74.25
2026/09/22 23:27:46.537, 3, 0, 97871, 0, 74.22
2026/09/22 23:27:46.737, 0, 0, 97871, 0, 73.47
2026/09/22 23:27:46.737, 1, 0, 97871, 0, 76.94
2026/09/22 23:27:46.737, 2, 0, 97871, 0, 74.22
2026/09/22 23:27:46.737, 3, 0, 97871, 0, 74.22
2026/09/22 23:27:46.937, 0, 0, 97871, 0, 73.45
2026/09/22 23:27:46.937, 1, 0, 97871, 0, 76.93
2026/09/22 23:27:46.937, 2, 0, 97871, 0, 74.20
2026/09/22 23:27:46.937, 3, 0, 97871, 0, 74.20
2026/09/22 23:27:47.137, 0, 0, 97871, 0, 73.43
2026/09/22 23:27:47.137, 1, 0, 97871, 0, 76.92
2026/09/22 23:27:47.137, 2, 0, 97871, 0, 74.21
2026/09/22 23:27:47.137, 3, 0, 97871, 0, 74.21
2026/09/22 23:27:47.337, 0, 0, 97871, 0, 73.47
2026/09/22 23:27:47.337, 1, 0, 97871, 0, 76.92
2026/09/22 23:27:47.337, 2, 0, 97871, 0, 74.20
2026/09/22 23:27:47.337, 3, 0, 97871, 0, 74.24
2026/09/22 23:27:47.537, 0, 0, 97871, 0, 73.49
2026/09/22 23:27:47.537, 1, 0, 97871, 0, 76.92
2026/09/22 23:27:47.537, 2, 0, 97871, 0, 74.22
2026/09/22 23:27:47.537, 3, 0, 97871, 0, 74.23
2026/09/22 23:27:47.737, 0, 0, 97871, 0, 73.48
2026/09/22 23:27:47.737, 1, 0, 97871, 0, 76.93
2026/09/22 23:27:47.737, 2, 0, 97871, 0, 74.21
2026/09/22 23:27:47.737, 3, 0, 97871, 0, 74.25
2026/09/22 23:27:47.937, 0, 0, 97871, 0, 73.48
2026/09/22 23:27:47.938, 1, 0, 97871, 0, 76.91
2026/09/22 23:27:47.938, 2, 0, 97871, 0, 74.20
2026/09/22 23:27:47.938, 3, 0, 97871, 0, 74.24
2026/09/22 23:27:48.138, 0, 0, 97871, 0, 73.50
2026/09/22 23:27:48.138, 1, 0, 97871, 0, 76.90
2026/09/22 23:27:48.138, 2, 0, 97871, 0, 74.18
2026/09/22 23:27:48.138, 3, 0, 97871, 0, 74.25
2026/09/22 23:27:48.338, 0, 0, 97871, 0, 73.48
2026/09/22 23:27:48.338, 1, 0, 97871, 0, 76.93
2026/09/22 23:27:48.338, 2, 0, 97871, 0, 74.18
2026/09/22 23:27:48.338, 3, 0, 97871, 0, 74.24
2026/09/22 23:27:48.538, 0, 0, 97871, 0, 73.47
2026/09/22 23:27:48.538, 1, 0, 97871, 0, 76.91
2026/09/22 23:27:48.538, 2, 0, 97871, 0, 74.17
2026/09/22 23:27:48.538, 3, 0, 97871, 0, 74.23
2026/09/22 23:27:48.738, 0, 0, 97871, 0, 73.46
2026/09/22 23:27:48.738, 1, 0, 97871, 0, 76.88
2026/09/22 23:27:48.738, 2, 0, 97871, 0, 74.16
2026/09/22 23:27:48.738, 3, 0, 97871, 0, 74.23
2026/09/22 23:27:48.938, 0, 0, 97871, 0, 73.47
2026/09/22 23:27:48.938, 1, 0, 97871, 0, 76.89
2026/09/22 23:27:48.938, 2, 0, 97871, 0, 74.15
2026/09/22 23:27:48.938, 3, 0, 97871, 0, 74.26
2026/09/22 23:27:49.138, 0, 0, 97871, 0, 73.45
2026/09/22 23:27:49.138, 1, 0, 97871, 0, 76.86
2026/09/22 23:27:49.138, 2, 0, 97871, 0, 74.14
2026/09/22 23:27:49.138, 3, 0, 97871, 0, 74.25
2026/09/22 23:27:49.338, 0, 0, 97871, 0, 73.42
2026/09/22 23:27:49.338, 1, 0, 97871, 0, 76.81
2026/09/22 23:27:49.338, 2, 0, 97871, 0, 74.13
2026/09/22 23:27:49.338, 3, 0, 97871, 0, 74.23
2026/09/22 23:27:49.539, 0, 0, 97871, 0, 73.38
2026/09/22 23:27:49.539, 1, 0, 97871, 0, 76.83
2026/09/22 23:27:49.539, 2, 0, 97871, 0, 74.11
2026/09/22 23:27:49.539, 3, 0, 97871, 0, 74.23
2026/09/22 23:27:49.739, 0, 0, 97871, 0, 73.40
2026/09/22 23:27:49.739, 1, 0, 97871, 0, 76.82
2026/09/22 23:27:49.739, 2, 0, 97871, 0, 74.11
2026/09/22 23:27:49.739, 3, 0, 97871, 0, 74.19
2026/09/22 23:27:49.939, 0, 0, 97871, 0, 73.37
2026/09/22 23:27:49.939, 1, 0, 97871, 0, 76.80
2026/09/22 23:27:49.939, 2, 0, 97871, 0, 74.09
2026/09/22 23:27:49.939, 3, 0, 97871, 0, 74.17
2026/09/22 23:27:50.139, 0, 0, 97871, 0, 73.36
2026/09/22 23:27:50.139, 1, 0, 97871, 0, 76.82
2026/09/22 23:27:50.139, 2, 0, 97871, 0, 74.09
2026/09/22 23:27:50.139, 3, 0, 97871, 0, 74.14
2026/09/22 23:27:50.339, 0, 0, 97871, 0, 73.38
2026/09/22 23:27:50.339, 1, 0, 97871, 0, 76.81
2026/09/22 23:27:50.339, 2, 0, 97871, 0, 74.07
2026/09/22 23:27:50.339, 3, 0, 97871, 0, 74.16
2026/09/22 23:27:50.539, 0, 0, 97871, 0, 73.38
2026/09/22 23:27:50.539, 1, 0, 97871, 0, 76.78
2026/09/22 23:27:50.539, 2, 0, 97871, 0, 74.07
2026/09/22 23:27:50.539, 3, 0, 97871, 0, 74.15
2026/09/22 23:27:50.739, 0, 0, 97871, 0, 73.34
2026/09/22 23:27:50.739, 1, 0, 97871, 0, 76.76
2026/09/22 23:27:50.739, 2, 0, 97871, 0, 74.06
2026/09/22 23:27:50.739, 3, 0, 97871, 0, 74.14
2026/09/22 23:27:50.940, 0, 0, 97871, 0, 73.34
2026/09/22 23:27:50.940, 1, 0, 97871, 0, 76.74
2026/09/22 23:27:50.940, 2, 0, 97871, 0, 74.05
2026/09/22 23:27:50.940, 3, 0, 97871, 0, 74.11
2026/09/22 23:27:51.140, 0, 0, 97871, 0, 73.34
2026/09/22 23:27:51.140, 1, 0, 97871, 0, 76.72
2026/09/22 23:27:51.140, 2, 0, 97871, 0, 74.05
2026/09/22 23:27:51.140, 3, 0, 97871, 0, 74.14
2026/09/22 23:27:51.340, 0, 0, 97871, 0, 73.36
2026/09/22 23:27:51.340, 1, 0, 97871, 0, 76.72
2026/09/22 23:27:51.340, 2, 0, 97871, 0, 74.04
2026/09/22 23:27:51.340, 3, 0, 97871, 0, 74.13
2026/09/22 23:27:51.540, 0, 0, 97871, 0, 73.35
2026/09/22 23:27:51.540, 1, 0, 97871, 0, 76.73
2026/09/22 23:27:51.540, 2, 0, 97871, 0, 74.03
2026/09/22 23:27:51.540, 3, 0, 97871, 0, 74.11
2026/09/22 23:27:51.740, 0, 0, 97871, 0, 73.36
2026/09/22 23:27:51.740, 1, 0, 97871, 0, 76.72
2026/09/22 23:27:51.740, 2, 0, 97871, 0, 74.04
2026/09/22 23:27:51.740, 3, 0, 97871, 0, 74.10
2026/09/22 23:27:51.940, 0, 0, 97871, 0, 73.38
2026/09/22 23:27:51.940, 1, 0, 97871, 0, 76.73
2026/09/22 23:27:51.940, 2, 0, 97871, 0, 74.04
2026/09/22 23:27:51.940, 3, 0, 97871, 0, 74.11
2026/09/22 23:27:52.140, 0, 0, 97871, 0, 73.39
2026/09/22 23:27:52.140, 1, 0, 97871, 0, 76.72
2026/09/22 23:27:52.140, 2, 0, 97871, 0, 74.03
2026/09/22 23:27:52.140, 3, 0, 97871, 0, 74.07
2026/09/22 23:27:52.341, 0, 0, 97871, 0, 73.38
2026/09/22 23:27:52.341, 1, 0, 97871, 0, 76.72
2026/09/22 23:27:52.341, 2, 0, 97871, 0, 74.03
2026/09/22 23:27:52.341, 3, 0, 97871, 0, 74.05
2026/09/22 23:27:52.541, 0, 0, 97871, 0, 73.38
2026/09/22 23:27:52.541, 1, 0, 97871, 0, 76.71
2026/09/22 23:27:52.541, 2, 0, 97871, 0, 74.01
2026/09/22 23:27:52.541, 3, 0, 97871, 0, 74.09
2026/09/22 23:27:52.741, 0, 0, 97871, 0, 73.37
2026/09/22 23:27:52.741, 1, 0, 97871, 0, 76.72
2026/09/22 23:27:52.741, 2, 0, 97871, 0, 73.99
2026/09/22 23:27:52.741, 3, 0, 97871, 0, 74.08
2026/09/22 23:27:52.941, 0, 0, 97871, 0, 73.35
2026/09/22 23:27:52.941, 1, 0, 97871, 0, 76.71
2026/09/22 23:27:52.941, 2, 0, 97871, 0, 74.00
2026/09/22 23:27:52.941, 3, 0, 97871, 0, 74.07
2026/09/22 23:27:53.141, 0, 0, 97871, 0, 73.32
2026/09/22 23:27:53.141, 1, 0, 97871, 0, 76.72
2026/09/22 23:27:53.141, 2, 0, 97871, 0, 73.99
2026/09/22 23:27:53.141, 3, 0, 97871, 0, 74.11
2026/09/22 23:27:53.341, 0, 0, 97871, 0, 73.32
2026/09/22 23:27:53.341, 1, 0, 97871, 0, 76.71
2026/09/22 23:27:53.341, 2, 0, 97871, 0, 74.00
2026/09/22 23:27:53.341, 3, 0, 97871, 0, 74.14
2026/09/22 23:27:53.541, 0, 0, 97871, 0, 73.33
2026/09/22 23:27:53.541, 1, 0, 97871, 0, 76.72
2026/09/22 23:27:53.541, 2, 0, 97871, 0, 74.01
2026/09/22 23:27:53.541, 3, 0, 97871, 0, 74.12
2026/09/22 23:27:53.742, 0, 0, 97871, 0, 73.33
2026/09/22 23:27:53.742, 1, 0, 97871, 0, 76.71
2026/09/22 23:27:53.742, 2, 0, 97871, 0, 74.01
2026/09/22 23:27:53.742, 3, 0, 97871, 0, 74.14
2026/09/22 23:27:53.942, 0, 0, 97871, 0, 73.33
2026/09/22 23:27:53.942, 1, 0, 97871, 0, 76.70
2026/09/22 23:27:53.942, 2, 0, 97871, 0, 73.99
2026/09/22 23:27:53.942, 3, 0, 97871, 0, 74.18
2026/09/22 23:27:54.142, 0, 0, 97871, 0, 73.36
2026/09/22 23:27:54.142, 1, 0, 97871, 0, 76.69
2026/09/22 23:27:54.142, 2, 0, 97871, 0, 73.99
2026/09/22 23:27:54.142, 3, 0, 97871, 0, 74.16
2026/09/22 23:27:54.342, 0, 0, 97871, 0, 73.37
2026/09/22 23:27:54.342, 1, 0, 97871, 0, 76.68
2026/09/22 23:27:54.342, 2, 0, 97871, 0, 73.97
2026/09/22 23:27:54.342, 3, 0, 97871, 0, 74.13
2026/09/22 23:27:54.542, 0, 0, 97871, 0, 73.36
2026/09/22 23:27:54.542, 1, 0, 97871, 0, 76.68
2026/09/22 23:27:54.542, 2, 0, 97871, 0, 73.98
2026/09/22 23:27:54.542, 3, 0, 97871, 0, 74.14
2026/09/22 23:27:54.742, 0, 0, 97871, 0, 73.34
2026/09/22 23:27:54.742, 1, 0, 97871, 0, 76.69
2026/09/22 23:27:54.742, 2, 0, 97871, 0, 73.96
2026/09/22 23:27:54.742, 3, 0, 97871, 0, 74.13
2026/09/22 23:27:54.942, 0, 0, 97871, 0, 73.32
2026/09/22 23:27:54.942, 1, 0, 97871, 0, 76.69
2026/09/22 23:27:54.942, 2, 0, 97871, 0, 73.97
2026/09/22 23:27:54.942, 3, 0, 97871, 0, 74.12
2026/09/22 23:27:55.143, 0, 0, 97871, 0, 73.31
2026/09/22 23:27:55.143, 1, 0, 97871, 0, 76.66
2026/09/22 23:27:55.143, 2, 0, 97871, 0, 73.97
2026/09/22 23:27:55.143, 3, 0, 97871, 0, 74.08
2026/09/22 23:27:55.343, 0, 0, 97871, 0, 73.30
2026/09/22 23:27:55.343, 1, 0, 97871, 0, 76.64
2026/09/22 23:27:55.343, 2, 0, 97871, 0, 73.96
2026/09/22 23:27:55.343, 3, 0, 97871, 0, 74.10
2026/09/22 23:27:55.543, 0, 0, 97871, 0, 73.29
2026/09/22 23:27:55.543, 1, 0, 97871, 0, 76.63
2026/09/22 23:27:55.543, 2, 0, 97871, 0, 73.95
2026/09/22 23:27:55.543, 3, 0, 97871, 0, 74.10
2026/09/22 23:27:55.743, 0, 0, 97871, 0, 73.29
2026/09/22 23:27:55.743, 1, 0, 97871, 0, 76.58
2026/09/22 23:27:55.743, 2, 0, 97871, 0, 73.94
2026/09/22 23:27:55.743, 3, 0, 97871, 0, 74.09
2026/09/22 23:27:55.943, 0, 0, 97871, 0, 73.29
2026/09/22 23:27:55.943, 1, 0, 97871, 0, 76.58
2026/09/22 23:27:55.943, 2, 0, 97871, 0, 73.90
2026/09/22 23:27:55.943, 3, 0, 97871, 0, 74.05
2026/09/22 23:27:56.143, 0, 0, 97871, 0, 73.26
2026/09/22 23:27:56.143, 1, 0, 97871, 0, 76.58
2026/09/22 23:27:56.143, 2, 0, 97871, 0, 73.88
2026/09/22 23:27:56.144, 3, 0, 97871, 0, 74.07
2026/09/22 23:27:56.344, 0, 0, 97871, 0, 73.28
2026/09/22 23:27:56.344, 1, 0, 97871, 0, 76.55
2026/09/22 23:27:56.344, 2, 0, 97871, 0, 73.88
2026/09/22 23:27:56.344, 3, 0, 97871, 0, 74.01
2026/09/22 23:27:56.544, 0, 0, 97871, 0, 73.29
2026/09/22 23:27:56.544, 1, 0, 97871, 0, 76.55
2026/09/22 23:27:56.544, 2, 0, 97871, 0, 73.85
2026/09/22 23:27:56.544, 3, 0, 97871, 0, 73.98
2026/09/22 23:27:56.744, 0, 0, 97871, 0, 73.29
2026/09/22 23:27:56.744, 1, 0, 97871, 0, 76.54
2026/09/22 23:27:56.744, 2, 0, 97871, 0, 73.83
2026/09/22 23:27:56.744, 3, 0, 97871, 0, 73.98
2026/09/22 23:27:56.944, 0, 0, 97871, 0, 73.28
2026/09/22 23:27:56.944, 1, 0, 97871, 0, 76.52
2026/09/22 23:27:56.944, 2, 0, 97871, 0, 73.82
2026/09/22 23:27:56.944, 3, 0, 97871, 0, 74.00
2026/09/22 23:27:57.144, 0, 0, 97871, 0, 73.28
2026/09/22 23:27:57.145, 1, 0, 97871, 0, 76.51
2026/09/22 23:27:57.145, 2, 0, 97871, 0, 73.81
2026/09/22 23:27:57.145, 3, 0, 97871, 0, 73.98
2026/09/22 23:27:57.345, 0, 0, 97871, 0, 73.27
2026/09/22 23:27:57.345, 1, 0, 97871, 0, 76.55
2026/09/22 23:27:57.345, 2, 0, 97871, 0, 73.81
2026/09/22 23:27:57.345, 3, 0, 97871, 0, 73.98
2026/09/22 23:27:57.545, 0, 0, 97871, 0, 73.26
2026/09/22 23:27:57.545, 1, 0, 97871, 0, 76.52
2026/09/22 23:27:57.545, 2, 0, 97871, 0, 73.82
2026/09/22 23:27:57.545, 3, 0, 97871, 0, 73.99
2026/09/22 23:27:57.745, 0, 0, 97871, 0, 73.24
2026/09/22 23:27:57.745, 1, 0, 97871, 0, 76.54
2026/09/22 23:27:57.745, 2, 0, 97871, 0, 73.82
2026/09/22 23:27:57.745, 3, 0, 97871, 0, 74.00
2026/09/22 23:27:57.945, 0, 0, 97871, 0, 73.27
2026/09/22 23:27:57.945, 1, 0, 97871, 0, 76.52
2026/09/22 23:27:57.945, 2, 0, 97871, 0, 73.83
2026/09/22 23:27:57.945, 3, 0, 97871, 0, 73.98
2026/09/22 23:27:58.145, 0, 0, 97871, 0, 73.28
2026/09/22 23:27:58.145, 1, 0, 97871, 0, 76.51
2026/09/22 23:27:58.145, 2, 0, 97871, 0, 73.81
2026/09/22 23:27:58.145, 3, 0, 97871, 0, 73.98
2026/09/22 23:27:58.345, 0, 0, 97871, 0, 73.28
2026/09/22 23:27:58.345, 1, 0, 97871, 0, 76.47
2026/09/22 23:27:58.345, 2, 0, 97871, 0, 73.80
2026/09/22 23:27:58.346, 3, 0, 97871, 0, 74.01
2026/09/22 23:27:58.546, 0, 0, 97871, 0, 73.27
2026/09/22 23:27:58.546, 1, 0, 97871, 0, 76.50
2026/09/22 23:27:58.546, 2, 0, 97871, 0, 73.81
2026/09/22 23:27:58.546, 3, 0, 97871, 0, 74.04
2026/09/22 23:27:58.746, 0, 0, 97871, 0, 73.27
2026/09/22 23:27:58.746, 1, 0, 97871, 0, 76.49
2026/09/22 23:27:58.746, 2, 0, 97871, 0, 73.82
2026/09/22 23:27:58.746, 3, 0, 97871, 0, 74.03
2026/09/22 23:27:58.946, 0, 0, 97871, 0, 73.26
2026/09/22 23:27:58.946, 1, 0, 97871, 0, 76.47
2026/09/22 23:27:58.946, 2, 0, 97871, 0, 73.79
2026/09/22 23:27:58.946, 3, 0, 97871, 0, 74.04
2026/09/22 23:27:59.146, 0, 0, 97871, 0, 73.25
2026/09/22 23:27:59.146, 1, 0, 97871, 0, 76.48
2026/09/22 23:27:59.146, 2, 0, 97871, 0, 73.80
2026/09/22 23:27:59.146, 3, 0, 97871, 0, 74.07
2026/09/22 23:27:59.346, 0, 0, 97871, 0, 73.25
2026/09/22 23:27:59.346, 1, 0, 97871, 0, 76.53
2026/09/22 23:27:59.346, 2, 0, 97871, 0, 73.79
2026/09/22 23:27:59.346, 3, 0, 97871, 0, 74.06
2026/09/22 23:27:59.546, 0, 0, 97871, 0, 73.28
2026/09/22 23:27:59.547, 1, 0, 97871, 0, 76.51
2026/09/22 23:27:59.547, 2, 0, 97871, 0, 73.78
2026/09/22 23:27:59.547, 3, 0, 97871, 0, 74.05
2026/09/22 23:27:59.747, 0, 0, 97871, 0, 73.29
2026/09/22 23:27:59.747, 1, 0, 97871, 0, 76.53
2026/09/22 23:27:59.747, 2, 0, 97871, 0, 73.76
2026/09/22 23:27:59.747, 3, 0, 97871, 0, 74.08
2026/09/22 23:27:59.947, 0, 0, 97871, 0, 73.31
2026/09/22 23:27:59.947, 1, 0, 97871, 0, 76.54
2026/09/22 23:27:59.947, 2, 0, 97871, 0, 73.77
2026/09/22 23:27:59.947, 3, 0, 97871, 0, 74.07
2026/09/22 23:28:00.147, 0, 0, 97871, 0, 73.28
2026/09/22 23:28:00.147, 1, 0, 97871, 0, 76.55
2026/09/22 23:28:00.147, 2, 0, 97871, 0, 73.76
2026/09/22 23:28:00.147, 3, 0, 97871, 0, 74.05
2026/09/22 23:28:00.347, 0, 1, 97871, 0, 73.28
2026/09/22 23:28:00.349, 1, 0, 97871, 0, 76.52
2026/09/22 23:28:00.349, 2, 0, 97871, 0, 73.78
2026/09/22 23:28:00.351, 3, 0, 97871, 0, 74.04
2026/09/22 23:28:00.551, 0, 1, 97871, 0, 73.27
2026/09/22 23:28:00.551, 1, 1, 97871, 0, 76.50
2026/09/22 23:28:00.553, 2, 1, 97871, 0, 73.78
2026/09/22 23:28:00.557, 3, 1, 97871, 0, 73.99
2026/09/22 23:28:00.758, 0, 1, 97871, 0, 73.27
2026/09/22 23:28:00.760, 1, 1, 97871, 0, 76.52
2026/09/22 23:28:00.762, 2, 1, 97871, 0, 73.79
2026/09/22 23:28:00.769, 3, 1, 97871, 0, 73.99
2026/09/22 23:28:00.971, 0, 4, 97871, 0, 73.28
2026/09/22 23:28:00.973, 1, 1, 97871, 0, 76.50
2026/09/22 23:28:00.973, 2, 1, 97871, 0, 73.79
2026/09/22 23:28:00.973, 3, 1, 97871, 0, 73.97
2026/09/22 23:28:01.173, 0, 4, 97871, 0, 73.31
2026/09/22 23:28:01.173, 1, 4, 97871, 0, 76.50
2026/09/22 23:28:01.173, 2, 1, 97871, 0, 73.81
2026/09/22 23:28:01.173, 3, 1, 97871, 0, 73.95
2026/09/22 23:28:01.373, 0, 4, 97871, 0, 73.35
2026/09/22 23:28:01.407, 1, 4, 97871, 0, 76.50
2026/09/22 23:28:01.407, 2, 4, 97871, 0, 74.10
2026/09/22 23:28:01.407, 3, 1, 97871, 0, 73.97
2026/09/22 23:28:01.607, 0, 4, 97871, 0, 73.33
2026/09/22 23:28:01.607, 1, 4, 97871, 0, 76.49
2026/09/22 23:28:01.608, 2, 4, 97871, 0, 74.56
2026/09/22 23:28:01.608, 3, 4, 97871, 0, 73.99
2026/09/22 23:28:01.808, 0, 4, 97871, 0, 73.31
2026/09/22 23:28:01.808, 1, 4, 97871, 0, 76.46
2026/09/22 23:28:01.808, 2, 4, 97871, 0, 75.03
2026/09/22 23:28:01.808, 3, 4, 97871, 0, 73.99
2026/09/22 23:28:02.008, 0, 4, 97871, 0, 73.29
2026/09/22 23:28:02.008, 1, 4, 97871, 0, 76.50
2026/09/22 23:28:02.008, 2, 4, 97871, 0, 75.55
2026/09/22 23:28:02.008, 3, 4, 97871, 0, 73.99
2026/09/22 23:28:02.209, 0, 4, 97871, 0, 73.29
2026/09/22 23:28:02.209, 1, 4, 97871, 0, 76.45
2026/09/22 23:28:02.209, 2, 4, 97871, 0, 75.99
2026/09/22 23:28:02.209, 3, 4, 97871, 0, 73.99
2026/09/22 23:28:02.409, 0, 20, 97871, 0, 75.45
2026/09/22 23:28:02.434, 1, 21, 97871, 0, 76.98
2026/09/22 23:28:02.434, 2, 20, 97871, 0, 76.22
2026/09/22 23:28:02.434, 3, 20, 97871, 0, 73.99
2026/09/22 23:28:02.635, 0, 21, 97871, 0, 80.22
2026/09/22 23:28:02.639, 1, 21, 97871, 0, 86.41
2026/09/22 23:28:02.645, 2, 21, 97871, 0, 85.13
2026/09/22 23:28:02.648, 3, 21, 97871, 0, 82.25
2026/09/22 23:28:02.849, 0, 385, 97871, 1, 95.28
2026/09/22 23:28:02.849, 1, 385, 97871, 1, 95.77
2026/09/22 23:28:02.849, 2, 385, 97871, 2, 93.89
2026/09/22 23:28:02.849, 3, 385, 97871, 3, 91.66
2026/09/22 23:28:03.049, 0, 385, 97871, 0, 103.71
2026/09/22 23:28:03.049, 1, 385, 97871, 0, 104.84
2026/09/22 23:28:03.049, 2, 385, 97871, 0, 103.01
2026/09/22 23:28:03.049, 3, 385, 97871, 0, 100.67
2026/09/22 23:28:03.249, 0, 385, 97871, 0, 112.62
2026/09/22 23:28:03.249, 1, 385, 97871, 0, 114.69
2026/09/22 23:28:03.249, 2, 385, 97871, 0, 111.04
2026/09/22 23:28:03.249, 3, 385, 97871, 0, 108.98
2026/09/22 23:28:03.449, 0, 385, 97871, 0, 119.35
2026/09/22 23:28:03.450, 1, 385, 97871, 0, 123.39
2026/09/22 23:28:03.450, 2, 385, 97871, 0, 119.63
2026/09/22 23:28:03.451, 3, 385, 97871, 0, 117.82
2026/09/22 23:28:03.651, 0, 483, 97871, 0, 118.85
2026/09/22 23:28:03.660, 1, 483, 97871, 0, 122.81
2026/09/22 23:28:03.668, 2, 483, 97871, 0, 120.38
2026/09/22 23:28:03.670, 3, 475, 97871, 0, 119.19
2026/09/22 23:28:03.876, 0, 727, 97871, 0, 118.65
2026/09/22 23:28:03.877, 1, 727, 97871, 0, 122.79
2026/09/22 23:28:03.884, 2, 729, 97871, 3, 119.95
2026/09/22 23:28:03.885, 3, 727, 97871, 3, 119.00
2026/09/22 23:28:04.085, 0, 1019, 97871, 1, 118.69
2026/09/22 23:28:04.085, 1, 1019, 97871, 1, 122.82
2026/09/22 23:28:04.086, 2, 1019, 97871, 1, 120.08
2026/09/22 23:28:04.086, 3, 1019, 97871, 1, 119.02
2026/09/22 23:28:04.287, 0, 1163, 97871, 0, 118.94
2026/09/22 23:28:04.287, 1, 1163, 97871, 0, 123.15
2026/09/22 23:28:04.288, 2, 1163, 97871, 0, 120.17
2026/09/22 23:28:04.290, 3, 1163, 97871, 0, 119.00
2026/09/22 23:28:04.490, 0, 1443, 97871, 0, 118.97
2026/09/22 23:28:04.490, 1, 1443, 97871, 0, 123.23
2026/09/22 23:28:04.490, 2, 1443, 97871, 0, 120.60
2026/09/22 23:28:04.491, 3, 1443, 97871, 0, 119.40
2026/09/22 23:28:04.691, 0, 1735, 97871, 1, 118.99
2026/09/22 23:28:04.691, 1, 1735, 97871, 1, 123.33
2026/09/22 23:28:04.691, 2, 1735, 97871, 1, 120.61
2026/09/22 23:28:04.691, 3, 1735, 97871, 1, 119.41
2026/09/22 23:28:04.891, 0, 1735, 97871, 0, 119.31
2026/09/22 23:28:04.891, 1, 1735, 97871, 1, 123.62
2026/09/22 23:28:04.891, 2, 1735, 97871, 0, 120.83
2026/09/22 23:28:04.891, 3, 1735, 97871, 1, 119.57
2026/09/22 23:28:05.092, 0, 1807, 97871, 0, 119.33
2026/09/22 23:28:05.092, 1, 1807, 97871, 0, 123.60
2026/09/22 23:28:05.092, 2, 1807, 97871, 0, 120.84
2026/09/22 23:28:05.092, 3, 1807, 97871, 0, 119.82
2026/09/22 23:28:05.292, 0, 2319, 97871, 0, 119.18
2026/09/22 23:28:05.292, 1, 2319, 97871, 1, 123.30
2026/09/22 23:28:05.292, 2, 2319, 97871, 1, 120.83
2026/09/22 23:28:05.292, 3, 2319, 97871, 1, 119.82
2026/09/22 23:28:05.492, 0, 2319, 97871, 0, 119.13
2026/09/22 23:28:05.492, 1, 2319, 97871, 0, 123.26
2026/09/22 23:28:05.492, 2, 2319, 97871, 0, 120.46
2026/09/22 23:28:05.492, 3, 2319, 97871, 0, 119.41
2026/09/22 23:28:05.692, 0, 2319, 97871, 0, 119.11
2026/09/22 23:28:05.692, 1, 2319, 97871, 0, 123.17
2026/09/22 23:28:05.692, 2, 2319, 97871, 0, 120.44
2026/09/22 23:28:05.692, 3, 2319, 97871, 0, 119.40
2026/09/22 23:28:05.892, 0, 2319, 97871, 0, 118.80
2026/09/22 23:28:05.892, 1, 2319, 97871, 0, 122.86
2026/09/22 23:28:05.892, 2, 2319, 97871, 0, 120.24
2026/09/22 23:28:05.892, 3, 2319, 97871, 0, 119.38
2026/09/22 23:28:06.092, 0, 2319, 97871, 0, 118.79
2026/09/22 23:28:06.092, 1, 2319, 97871, 0, 122.87
2026/09/22 23:28:06.093, 2, 2319, 97871, 0, 120.11
2026/09/22 23:28:06.093, 3, 2319, 97871, 0, 118.99
2026/09/22 23:28:06.293, 0, 2319, 97871, 0, 118.76
2026/09/22 23:28:06.293, 1, 2319, 97871, 0, 122.85
2026/09/22 23:28:06.293, 2, 2319, 97871, 0, 120.11
2026/09/22 23:28:06.293, 3, 2319, 97871, 0, 119.00
2026/09/22 23:28:06.493, 0, 2319, 97871, 0, 118.75
2026/09/22 23:28:06.493, 1, 2319, 97871, 0, 122.82
2026/09/22 23:28:06.493, 2, 2319, 97871, 0, 119.99
2026/09/22 23:28:06.493, 3, 2319, 97871, 0, 119.03
2026/09/22 23:28:06.693, 0, 2319, 97871, 0, 118.81
2026/09/22 23:28:06.693, 1, 2319, 97871, 0, 122.85
2026/09/22 23:28:06.693, 2, 2319, 97871, 0, 119.99
2026/09/22 23:28:06.693, 3, 2319, 97871, 0, 119.05
2026/09/22 23:28:06.893, 0, 2319, 97871, 0, 118.83
2026/09/22 23:28:06.893, 1, 2319, 97871, 0, 122.84
2026/09/22 23:28:06.893, 2, 2319, 97871, 0, 119.99
2026/09/22 23:28:06.893, 3, 2319, 97871, 0, 119.03
2026/09/22 23:28:07.093, 0, 2319, 97871, 0, 118.81
2026/09/22 23:28:07.093, 1, 2319, 97871, 0, 122.81
2026/09/22 23:28:07.093, 2, 2319, 97871, 0, 119.97
2026/09/22 23:28:07.093, 3, 2319, 97871, 0, 119.01
2026/09/22 23:28:07.293, 0, 2319, 97871, 0, 118.78
2026/09/22 23:28:07.294, 1, 2319, 97871, 0, 122.82
2026/09/22 23:28:07.294, 2, 2319, 97871, 0, 119.96
2026/09/22 23:28:07.294, 3, 2319, 97871, 0, 119.02
2026/09/22 23:28:07.494, 0, 2319, 97871, 0, 118.79
2026/09/22 23:28:07.494, 1, 2319, 97871, 0, 122.84
2026/09/22 23:28:07.494, 2, 2319, 97871, 0, 119.96
2026/09/22 23:28:07.494, 3, 2319, 97871, 0, 119.03
2026/09/22 23:28:07.694, 0, 2319, 97871, 0, 118.77
2026/09/22 23:28:07.694, 1, 2319, 97871, 0, 122.82
2026/09/22 23:28:07.694, 2, 2319, 97871, 0, 119.97
2026/09/22 23:28:07.694, 3, 2319, 97871, 0, 119.00
2026/09/22 23:28:07.894, 0, 2699, 97871, 0, 118.78
2026/09/22 23:28:07.894, 1, 2799, 97871, 0, 122.84
2026/09/22 23:28:07.894, 2, 2319, 97871, 0, 119.96
2026/09/22 23:28:07.894, 3, 2319, 97871, 0, 119.04
2026/09/22 23:28:08.094, 0, 6645, 97871, 1, 118.82
2026/09/22 23:28:08.094, 1, 7101, 97871, 1, 122.83
2026/09/22 23:28:08.094, 2, 4637, 97871, 1, 119.95
2026/09/22 23:28:08.094, 3, 3569, 97871, 1, 119.06
2026/09/22 23:28:08.294, 0, 8891, 97871, 4, 118.82
2026/09/22 23:28:08.294, 1, 8937, 97871, 3, 122.83
2026/09/22 23:28:08.294, 2, 8965, 97871, 3, 119.96
2026/09/22 23:28:08.294, 3, 9017, 97871, 3, 119.06
2026/09/22 23:28:08.495, 0, 8891, 97871, 4, 118.86
2026/09/22 23:28:08.495, 1, 8937, 97871, 4, 122.85
2026/09/22 23:28:08.495, 2, 8965, 97871, 4, 120.02
2026/09/22 23:28:08.495, 3, 9017, 97871, 4, 119.09
2026/09/22 23:28:08.695, 0, 8891, 97871, 4, 118.91
2026/09/22 23:28:08.695, 1, 8937, 97871, 4, 122.85
2026/09/22 23:28:08.695, 2, 8965, 97871, 4, 120.04
2026/09/22 23:28:08.695, 3, 9017, 97871, 4, 119.14
2026/09/22 23:28:08.895, 0, 8891, 97871, 4, 118.91
2026/09/22 23:28:08.895, 1, 8937, 97871, 3, 122.88
2026/09/22 23:28:08.895, 2, 8965, 97871, 4, 120.07
2026/09/22 23:28:08.895, 3, 9017, 97871, 3, 119.16
2026/09/22 23:28:09.095, 0, 8891, 97871, 4, 118.93
2026/09/22 23:28:09.095, 1, 8937, 97871, 4, 122.90
2026/09/22 23:28:09.095, 2, 8965, 97871, 4, 120.11
2026/09/22 23:28:09.095, 3, 9017, 97871, 4, 119.19
2026/09/22 23:28:09.295, 0, 8891, 97871, 3, 119.00
2026/09/22 23:28:09.295, 1, 8937, 97871, 4, 122.94
2026/09/22 23:28:09.295, 2, 8965, 97871, 4, 120.11
2026/09/22 23:28:09.295, 3, 9017, 97871, 4, 119.24
2026/09/22 23:28:09.495, 0, 8891, 97871, 4, 118.96
2026/09/22 23:28:09.496, 1, 8937, 97871, 6, 122.93
2026/09/22 23:28:09.496, 2, 8965, 97871, 6, 120.09
2026/09/22 23:28:09.496, 3, 9017, 97871, 4, 119.27
2026/09/22 23:28:09.696, 0, 8891, 97871, 6, 119.03
2026/09/22 23:28:09.696, 1, 8937, 97871, 4, 122.94
2026/09/22 23:28:09.696, 2, 8965, 97871, 4, 120.10
2026/09/22 23:28:09.696, 3, 9017, 97871, 4, 119.27
2026/09/22 23:28:09.896, 0, 8891, 97871, 5, 119.06
2026/09/22 23:28:09.896, 1, 8937, 97871, 14, 123.06
2026/09/22 23:28:09.896, 2, 8965, 97871, 13, 120.20
2026/09/22 23:28:09.896, 3, 9017, 97871, 7, 119.38
2026/09/22 23:28:10.096, 0, 8891, 97871, 4, 119.07
2026/09/22 23:28:10.096, 1, 8937, 97871, 4, 123.07
2026/09/22 23:28:10.096, 2, 8965, 97871, 4, 120.18
2026/09/22 23:28:10.096, 3, 9017, 97871, 4, 119.39
2026/09/22 23:28:10.296, 0, 8891, 97871, 4, 119.06
2026/09/22 23:28:10.296, 1, 8937, 97871, 3, 123.05
2026/09/22 23:28:10.296, 2, 8965, 97871, 3, 120.19
2026/09/22 23:28:10.296, 3, 9017, 97871, 3, 119.40
2026/09/22 23:28:10.496, 0, 8891, 97871, 4, 119.06
2026/09/22 23:28:10.496, 1, 8937, 97871, 4, 123.05
2026/09/22 23:28:10.496, 2, 8965, 97871, 4, 120.15
2026/09/22 23:28:10.496, 3, 9017, 97871, 4, 119.39
2026/09/22 23:28:10.696, 0, 8891, 97871, 3, 119.00
2026/09/22 23:28:10.696, 1, 8937, 97871, 4, 123.04
2026/09/22 23:28:10.697, 2, 8965, 97871, 4, 120.14
2026/09/22 23:28:10.697, 3, 9017, 97871, 4, 119.38
2026/09/22 23:28:10.897, 0, 8891, 97871, 4, 119.00
2026/09/22 23:28:10.897, 1, 8937, 97871, 4, 122.94
2026/09/22 23:28:10.897, 2, 8965, 97871, 4, 120.06
2026/09/22 23:28:10.897, 3, 9017, 97871, 4, 119.28
2026/09/22 23:28:11.097, 0, 8891, 97871, 4, 118.99
2026/09/22 23:28:11.097, 1, 8937, 97871, 4, 122.93
2026/09/22 23:28:11.097, 2, 8965, 97871, 4, 120.07
2026/09/22 23:28:11.097, 3, 9017, 97871, 4, 119.29
2026/09/22 23:28:11.297, 0, 8891, 97871, 4, 118.97
2026/09/22 23:28:11.297, 1, 8937, 97871, 4, 122.93
2026/09/22 23:28:11.297, 2, 8965, 97871, 3, 120.09
2026/09/22 23:28:11.297, 3, 9017, 97871, 4, 119.26
2026/09/22 23:28:11.497, 0, 8891, 97871, 4, 118.98
2026/09/22 23:28:11.497, 1, 8937, 97871, 4, 122.94
2026/09/22 23:28:11.497, 2, 8965, 97871, 4, 120.11
2026/09/22 23:28:11.497, 3, 9017, 97871, 4, 119.29
2026/09/22 23:28:11.697, 0, 8891, 97871, 2, 118.95
2026/09/22 23:28:11.697, 1, 8937, 97871, 4, 122.92
2026/09/22 23:28:11.697, 2, 8965, 97871, 4, 120.11
2026/09/22 23:28:11.697, 3, 9017, 97871, 4, 119.32
2026/09/22 23:28:11.898, 0, 8891, 97871, 0, 118.89
2026/09/22 23:28:11.898, 1, 8937, 97871, 1, 122.88
2026/09/22 23:28:11.898, 2, 8965, 97871, 0, 120.04
2026/09/22 23:28:11.898, 3, 9017, 97871, 0, 119.30
2026/09/22 23:28:12.098, 0, 8891, 97871, 0, 118.86
2026/09/22 23:28:12.098, 1, 8937, 97871, 0, 122.86
2026/09/22 23:28:12.098, 2, 8965, 97871, 0, 120.01
2026/09/22 23:28:12.098, 3, 9017, 97871, 0, 119.24
2026/09/22 23:28:12.298, 0, 8891, 97871, 0, 118.85
2026/09/22 23:28:12.298, 1, 8937, 97871, 0, 122.84
2026/09/22 23:28:12.298, 2, 8965, 97871, 0, 119.96
2026/09/22 23:28:12.298, 3, 9017, 97871, 0, 119.22
2026/09/22 23:28:12.498, 0, 8891, 97871, 0, 118.84
2026/09/22 23:28:12.498, 1, 8937, 97871, 0, 122.77
2026/09/22 23:28:12.498, 2, 8965, 97871, 0, 119.94
2026/09/22 23:28:12.498, 3, 9017, 97871, 0, 119.17
2026/09/22 23:28:12.698, 0, 8891, 97871, 0, 118.83
2026/09/22 23:28:12.701, 1, 8939, 97871, 0, 122.79
2026/09/22 23:28:12.713, 2, 8965, 97871, 0, 119.89
2026/09/22 23:28:12.713, 3, 9019, 97871, 0, 119.11
2026/09/22 23:28:12.913, 0, 12209, 97871, 3, 118.95
2026/09/22 23:28:12.913, 1, 12255, 97871, 14, 122.89
2026/09/22 23:28:12.913, 2, 12283, 97871, 3, 120.62
2026/09/22 23:28:12.914, 3, 12335, 97871, 14, 119.66
2026/09/22 23:28:13.114, 0, 14509, 97871, 45, 130.55
2026/09/22 23:28:13.114, 1, 14555, 97871, 91, 133.84
2026/09/22 23:28:13.114, 2, 14583, 97871, 56, 131.46
2026/09/22 23:28:13.114, 3, 14635, 97871, 87, 131.22
2026/09/22 23:28:13.314, 0, 14509, 97871, 100, 131.32
2026/09/22 23:28:13.314, 1, 14555, 97871, 100, 134.54
2026/09/22 23:28:13.314, 2, 14583, 97871, 100, 132.16
2026/09/22 23:28:13.314, 3, 14635, 97871, 100, 131.96
2026/09/22 23:28:13.514, 0, 14509, 97871, 100, 132.02
2026/09/22 23:28:13.514, 1, 14555, 97871, 100, 135.48
2026/09/22 23:28:13.514, 2, 14583, 97871, 100, 132.83
2026/09/22 23:28:13.514, 3, 14635, 97871, 100, 132.92
2026/09/22 23:28:13.714, 0, 14509, 97871, 100, 132.46
2026/09/22 23:28:13.714, 1, 14555, 97871, 100, 136.13
2026/09/22 23:28:13.714, 2, 14583, 97871, 100, 133.50
2026/09/22 23:28:13.714, 3, 14635, 97871, 100, 133.61
2026/09/22 23:28:13.914, 0, 14509, 97871, 100, 133.06
2026/09/22 23:28:13.914, 1, 14555, 97871, 100, 136.49
2026/09/22 23:28:13.914, 2, 14583, 97871, 100, 133.60
2026/09/22 23:28:13.914, 3, 14635, 97871, 100, 133.73
2026/09/22 23:28:14.114, 0, 14515, 97871, 100, 122.48
2026/09/22 23:28:14.114, 1, 14559, 97871, 100, 126.27
2026/09/22 23:28:14.114, 2, 14587, 97871, 100, 125.58
2026/09/22 23:28:14.114, 3, 14639, 97871, 100, 122.65
2026/09/22 23:28:14.315, 0, 28367, 97871, 59, 126.41
2026/09/22 23:28:14.315, 1, 28413, 97871, 13, 136.20
2026/09/22 23:28:14.315, 2, 28441, 97871, 47, 137.08
2026/09/22 23:28:14.315, 3, 28493, 97871, 18, 132.80
2026/09/22 23:28:14.515, 0, 28367, 97871, 36, 162.24
2026/09/22 23:28:14.515, 1, 28413, 97871, 29, 177.81
2026/09/22 23:28:14.515, 2, 28441, 97871, 30, 183.48
2026/09/22 23:28:14.515, 3, 28493, 97871, 16, 175.21
2026/09/22 23:28:14.715, 0, 28367, 97871, 100, 235.79
2026/09/22 23:28:14.715, 1, 28413, 97871, 100, 248.25
2026/09/22 23:28:14.715, 2, 28441, 97871, 100, 257.73
2026/09/22 23:28:14.715, 3, 28493, 97871, 100, 247.70
2026/09/22 23:28:14.915, 0, 32659, 97871, 100, 304.96
2026/09/22 23:28:14.915, 1, 32705, 97871, 100, 320.25
2026/09/22 23:28:14.915, 2, 32733, 97871, 100, 330.71
2026/09/22 23:28:14.915, 3, 32785, 97871, 100, 324.68
2026/09/22 23:28:15.115, 0, 32659, 97871, 100, 381.75
2026/09/22 23:28:15.115, 1, 32705, 97871, 100, 398.07
2026/09/22 23:28:15.115, 2, 32733, 97871, 100, 401.29
2026/09/22 23:28:15.115, 3, 32785, 97871, 100, 398.71
2026/09/22 23:28:15.315, 0, 32659, 97871, 100, 451.15
2026/09/22 23:28:15.315, 1, 32705, 97871, 100, 460.52
2026/09/22 23:28:15.315, 2, 32733, 97871, 100, 463.07
2026/09/22 23:28:15.315, 3, 32785, 97871, 100, 459.09
2026/09/22 23:28:15.515, 0, 36951, 97871, 100, 487.81
2026/09/22 23:28:15.515, 1, 36997, 97871, 100, 492.20
2026/09/22 23:28:15.515, 2, 37025, 97871, 100, 484.33
2026/09/22 23:28:15.515, 3, 37077, 97871, 100, 492.17
2026/09/22 23:28:15.716, 0, 36951, 97871, 100, 469.54
2026/09/22 23:28:15.716, 1, 36997, 97871, 100, 475.41
2026/09/22 23:28:15.716, 2, 37025, 97871, 100, 467.74
2026/09/22 23:28:15.716, 3, 37077, 97871, 100, 475.69
2026/09/22 23:28:15.916, 0, 36951, 97871, 100, 469.26
2026/09/22 23:28:15.916, 1, 36997, 97871, 100, 475.21
2026/09/22 23:28:15.916, 2, 37025, 97871, 100, 468.51
2026/09/22 23:28:15.916, 3, 37077, 97871, 100, 475.32
2026/09/22 23:28:16.116, 0, 36951, 97871, 100, 469.21
2026/09/22 23:28:16.116, 1, 36997, 97871, 100, 475.49
2026/09/22 23:28:16.116, 2, 37025, 97871, 100, 468.25
2026/09/22 23:28:16.116, 3, 37077, 97871, 100, 475.89
2026/09/22 23:28:16.316, 0, 36951, 97871, 100, 469.67
2026/09/22 23:28:16.316, 1, 36997, 97871, 100, 475.69
2026/09/22 23:28:16.316, 2, 37025, 97871, 100, 468.16
2026/09/22 23:28:16.316, 3, 37077, 97871, 100, 475.92
2026/09/22 23:28:16.516, 0, 36951, 97871, 100, 470.17
2026/09/22 23:28:16.516, 1, 36997, 97871, 100, 477.23
2026/09/22 23:28:16.516, 2, 37025, 97871, 100, 475.33
2026/09/22 23:28:16.516, 3, 37077, 97871, 100, 480.22
2026/09/22 23:28:16.716, 0, 36951, 97871, 100, 488.82
2026/09/22 23:28:16.716, 1, 36997, 97871, 100, 496.49
2026/09/22 23:28:16.716, 2, 37025, 97871, 100, 488.27
2026/09/22 23:28:16.716, 3, 37077, 97871, 100, 494.82
2026/09/22 23:28:16.916, 0, 36951, 97871, 100, 471.57
2026/09/22 23:28:16.916, 1, 36997, 97871, 100, 477.05
2026/09/22 23:28:16.916, 2, 37025, 97871, 100, 469.83
2026/09/22 23:28:16.916, 3, 37077, 97871, 100, 477.13
2026/09/22 23:28:17.116, 0, 36951, 97871, 100, 471.73
2026/09/22 23:28:17.117, 1, 36997, 97871, 100, 477.47
2026/09/22 23:28:17.117, 2, 37025, 97871, 100, 470.64
2026/09/22 23:28:17.117, 3, 37077, 97871, 100, 477.85
2026/09/22 23:28:17.317, 0, 36951, 97871, 100, 472.45
2026/09/22 23:28:17.317, 1, 36997, 97871, 100, 478.99
2026/09/22 23:28:17.317, 2, 37025, 97871, 100, 471.72
2026/09/22 23:28:17.317, 3, 37077, 97871, 100, 478.17
2026/09/22 23:28:17.517, 0, 36951, 97871, 100, 473.31
2026/09/22 23:28:17.517, 1, 36997, 97871, 100, 480.54
2026/09/22 23:28:17.517, 2, 37025, 97871, 100, 472.67
2026/09/22 23:28:17.517, 3, 37077, 97871, 100, 480.10
2026/09/22 23:28:17.717, 0, 36951, 97871, 100, 475.06
2026/09/22 23:28:17.717, 1, 36997, 97871, 100, 480.93
2026/09/22 23:28:17.717, 2, 37025, 97871, 100, 475.16
2026/09/22 23:28:17.717, 3, 37077, 97871, 100, 480.15
2026/09/22 23:28:17.917, 0, 36951, 97871, 100, 494.36
2026/09/22 23:28:17.917, 1, 36997, 97871, 100, 499.44
2026/09/22 23:28:17.917, 2, 37025, 97871, 100, 494.60
2026/09/22 23:28:17.917, 3, 37077, 97871, 100, 499.00
2026/09/22 23:28:18.117, 0, 36951, 97871, 100, 482.26
2026/09/22 23:28:18.117, 1, 36997, 97871, 100, 478.95
2026/09/22 23:28:18.117, 2, 37025, 97871, 100, 474.50
2026/09/22 23:28:18.117, 3, 37077, 97871, 100, 478.76
2026/09/22 23:28:18.317, 0, 36951, 97871, 100, 477.80
2026/09/22 23:28:18.317, 1, 36997, 97871, 100, 476.95
2026/09/22 23:28:18.317, 2, 37025, 97871, 100, 474.50
2026/09/22 23:28:18.317, 3, 37077, 97871, 100, 478.39
2026/09/22 23:28:18.517, 0, 36951, 97871, 100, 477.81
2026/09/22 23:28:18.517, 1, 36997, 97871, 100, 476.96
2026/09/22 23:28:18.517, 2, 37025, 97871, 100, 474.87
2026/09/22 23:28:18.517, 3, 37077, 97871, 100, 477.59
2026/09/22 23:28:18.718, 0, 36951, 97871, 100, 478.36
2026/09/22 23:28:18.718, 1, 36997, 97871, 100, 477.59
2026/09/22 23:28:18.718, 2, 37025, 97871, 100, 475.67
2026/09/22 23:28:18.718, 3, 37077, 97871, 100, 477.81
2026/09/22 23:28:18.918, 0, 36951, 97871, 100, 478.79
2026/09/22 23:28:18.918, 1, 36997, 97871, 100, 480.83
2026/09/22 23:28:18.918, 2, 37025, 97871, 100, 475.74
2026/09/22 23:28:18.918, 3, 37077, 97871, 100, 477.76
2026/09/22 23:28:19.118, 0, 36951, 97871, 100, 489.87
2026/09/22 23:28:19.118, 1, 36997, 97871, 100, 498.69
2026/09/22 23:28:19.118, 2, 37025, 97871, 100, 496.55
2026/09/22 23:28:19.118, 3, 37077, 97871, 100, 499.13
2026/09/22 23:28:19.318, 0, 36951, 97871, 100, 491.10
2026/09/22 23:28:19.318, 1, 36997, 97871, 100, 488.56
2026/09/22 23:28:19.318, 2, 37025, 97871, 100, 477.33
2026/09/22 23:28:19.318, 3, 37077, 97871, 100, 481.17
2026/09/22 23:28:19.518, 0, 36951, 97871, 100, 479.07
2026/09/22 23:28:19.518, 1, 36997, 97871, 100, 479.46
2026/09/22 23:28:19.518, 2, 37025, 97871, 100, 476.65
2026/09/22 23:28:19.518, 3, 37077, 97871, 100, 475.19
2026/09/22 23:28:19.718, 0, 36951, 97871, 100, 478.57
2026/09/22 23:28:19.718, 1, 36997, 97871, 100, 479.53
2026/09/22 23:28:19.718, 2, 37025, 97871, 100, 476.19
2026/09/22 23:28:19.718, 3, 37077, 97871, 100, 475.44
2026/09/22 23:28:19.918, 0, 36951, 97871, 100, 477.67
2026/09/22 23:28:19.918, 1, 36997, 97871, 100, 478.79
2026/09/22 23:28:19.918, 2, 37025, 97871, 100, 476.80
2026/09/22 23:28:19.918, 3, 37077, 97871, 100, 475.66
2026/09/22 23:28:20.118, 0, 36951, 97871, 100, 477.63
2026/09/22 23:28:20.118, 1, 36997, 97871, 100, 481.93
2026/09/22 23:28:20.118, 2, 37025, 97871, 100, 476.13
2026/09/22 23:28:20.119, 3, 37077, 97871, 100, 474.78
2026/09/22 23:28:20.319, 0, 36951, 97871, 100, 485.36
2026/09/22 23:28:20.319, 1, 36997, 97871, 100, 492.42
2026/09/22 23:28:20.319, 2, 37025, 97871, 100, 496.28
2026/09/22 23:28:20.319, 3, 37077, 97871, 100, 493.19
2026/09/22 23:28:20.519, 0, 36951, 97871, 100, 495.55
2026/09/22 23:28:20.519, 1, 36997, 97871, 100, 495.40
2026/09/22 23:28:20.519, 2, 37025, 97871, 100, 483.93
2026/09/22 23:28:20.519, 3, 37077, 97871, 100, 488.33
2026/09/22 23:28:20.719, 0, 36951, 97871, 100, 479.15
2026/09/22 23:28:20.719, 1, 36997, 97871, 100, 481.36
2026/09/22 23:28:20.719, 2, 37025, 97871, 100, 477.42
2026/09/22 23:28:20.719, 3, 37077, 97871, 100, 476.31
2026/09/22 23:28:20.919, 0, 36951, 97871, 100, 479.28
2026/09/22 23:28:20.919, 1, 36997, 97871, 100, 481.49
2026/09/22 23:28:20.919, 2, 37025, 97871, 100, 477.35
2026/09/22 23:28:20.919, 3, 37077, 97871, 100, 476.24
2026/09/22 23:28:21.119, 0, 36951, 97871, 100, 479.12
2026/09/22 23:28:21.119, 1, 36997, 97871, 100, 481.34
2026/09/22 23:28:21.119, 2, 37025, 97871, 100, 477.77
2026/09/22 23:28:21.119, 3, 37077, 97871, 100, 476.92
2026/09/22 23:28:21.319, 0, 36951, 97871, 100, 479.30
2026/09/22 23:28:21.319, 1, 36997, 97871, 100, 483.32
2026/09/22 23:28:21.319, 2, 37025, 97871, 100, 478.06
2026/09/22 23:28:21.319, 3, 37077, 97871, 100, 476.52
2026/09/22 23:28:21.519, 0, 36951, 97871, 100, 479.68
2026/09/22 23:28:21.519, 1, 36997, 97871, 100, 488.38
2026/09/22 23:28:21.519, 2, 37025, 97871, 100, 490.63
2026/09/22 23:28:21.519, 3, 37077, 97871, 100, 486.83
2026/09/22 23:28:21.719, 0, 36951, 97871, 100, 498.36
2026/09/22 23:28:21.719, 1, 36997, 97871, 100, 497.70
2026/09/22 23:28:21.720, 2, 37025, 97871, 100, 490.68
2026/09/22 23:28:21.720, 3, 37077, 97871, 100, 494.41
2026/09/22 23:28:21.920, 0, 36951, 97871, 100, 479.18
2026/09/22 23:28:21.920, 1, 36997, 97871, 100, 477.39
2026/09/22 23:28:21.920, 2, 37025, 97871, 100, 478.68
2026/09/22 23:28:21.920, 3, 37077, 97871, 100, 476.61
2026/09/22 23:28:22.120, 0, 36951, 97871, 100, 479.42
2026/09/22 23:28:22.120, 1, 36997, 97871, 100, 476.77
2026/09/22 23:28:22.120, 2, 37025, 97871, 100, 479.00
2026/09/22 23:28:22.120, 3, 37077, 97871, 100, 476.44
2026/09/22 23:28:22.320, 0, 36951, 97871, 100, 479.81
2026/09/22 23:28:22.320, 1, 36997, 97871, 100, 477.92
2026/09/22 23:28:22.320, 2, 37025, 97871, 100, 478.67
2026/09/22 23:28:22.320, 3, 37077, 97871, 100, 476.48
2026/09/22 23:28:22.520, 0, 36951, 97871, 100, 480.31
2026/09/22 23:28:22.520, 1, 36997, 97871, 100, 479.67
2026/09/22 23:28:22.520, 2, 37025, 97871, 100, 478.97
2026/09/22 23:28:22.520, 3, 37077, 97871, 100, 477.13
2026/09/22 23:28:22.720, 0, 36951, 97871, 100, 480.73
2026/09/22 23:28:22.720, 1, 36997, 97871, 100, 484.47
2026/09/22 23:28:22.720, 2, 37025, 97871, 100, 483.78
2026/09/22 23:28:22.720, 3, 37077, 97871, 100, 482.27
2026/09/22 23:28:22.920, 0, 36951, 97871, 100, 499.41
2026/09/22 23:28:22.920, 1, 36997, 97871, 100, 498.67
2026/09/22 23:28:22.920, 2, 37025, 97871, 100, 495.38
2026/09/22 23:28:22.920, 3, 37077, 97871, 100, 498.24
2026/09/22 23:28:23.120, 0, 36951, 97871, 100, 479.71
2026/09/22 23:28:23.120, 1, 36997, 97871, 100, 479.21
2026/09/22 23:28:23.120, 2, 37025, 97871, 100, 477.10
2026/09/22 23:28:23.120, 3, 37077, 97871, 100, 478.52
2026/09/22 23:28:23.321, 0, 36951, 97871, 100, 479.77
2026/09/22 23:28:23.321, 1, 36997, 97871, 100, 478.78
2026/09/22 23:28:23.321, 2, 37025, 97871, 100, 477.86
2026/09/22 23:28:23.321, 3, 37077, 97871, 100, 478.11
2026/09/22 23:28:23.521, 0, 36951, 97871, 100, 480.38
2026/09/22 23:28:23.521, 1, 36997, 97871, 100, 478.30
2026/09/22 23:28:23.521, 2, 37025, 97871, 100, 477.76
2026/09/22 23:28:23.521, 3, 37077, 97871, 100, 478.01
2026/09/22 23:28:23.721, 0, 36951, 97871, 100, 481.25
2026/09/22 23:28:23.721, 1, 36997, 97871, 100, 478.82
2026/09/22 23:28:23.721, 2, 37025, 97871, 100, 478.69
2026/09/22 23:28:23.721, 3, 37077, 97871, 100, 477.77
2026/09/22 23:28:23.921, 0, 36951, 97871, 100, 483.29
2026/09/22 23:28:23.921, 1, 36997, 97871, 100, 486.17
2026/09/22 23:28:23.921, 2, 37025, 97871, 100, 480.50
2026/09/22 23:28:23.921, 3, 37077, 97871, 100, 480.17
2026/09/22 23:28:24.121, 0, 36951, 97871, 100, 497.43
2026/09/22 23:28:24.121, 1, 36997, 97871, 100, 499.51
2026/09/22 23:28:24.121, 2, 37025, 97871, 100, 499.43
2026/09/22 23:28:24.121, 3, 37077, 97871, 100, 499.50
2026/09/22 23:28:24.321, 0, 36951, 97871, 100, 485.49
2026/09/22 23:28:24.321, 1, 36997, 97871, 100, 482.17
2026/09/22 23:28:24.321, 2, 37025, 97871, 100, 477.75
2026/09/22 23:28:24.321, 3, 37077, 97871, 100, 480.79
2026/09/22 23:28:24.521, 0, 36951, 97871, 100, 476.04
2026/09/22 23:28:24.521, 1, 36997, 97871, 100, 478.01
2026/09/22 23:28:24.521, 2, 37025, 97871, 100, 477.65
2026/09/22 23:28:24.521, 3, 37077, 97871, 100, 479.75
2026/09/22 23:28:24.721, 0, 36951, 97871, 100, 476.66
2026/09/22 23:28:24.721, 1, 36997, 97871, 100, 476.59
2026/09/22 23:28:24.721, 2, 37025, 97871, 100, 476.82
2026/09/22 23:28:24.721, 3, 37077, 97871, 100, 479.09
2026/09/22 23:28:24.922, 0, 36951, 97871, 100, 475.88
2026/09/22 23:28:24.922, 1, 36997, 97871, 100, 476.62
2026/09/22 23:28:24.922, 2, 37025, 97871, 100, 477.02
2026/09/22 23:28:24.922, 3, 37077, 97871, 100, 479.52
2026/09/22 23:28:25.122, 0, 36951, 97871, 100, 479.46
2026/09/22 23:28:25.122, 1, 36997, 97871, 100, 482.64
2026/09/22 23:28:25.122, 2, 37025, 97871, 100, 477.66
2026/09/22 23:28:25.122, 3, 37077, 97871, 100, 479.95
2026/09/22 23:28:25.322, 0, 36951, 97871, 100, 495.51
2026/09/22 23:28:25.322, 1, 36997, 97871, 100, 496.04
2026/09/22 23:28:25.322, 2, 37025, 97871, 100, 498.15
2026/09/22 23:28:25.322, 3, 37077, 97871, 100, 496.57
2026/09/22 23:28:25.522, 0, 36951, 97871, 100, 490.96
2026/09/22 23:28:25.522, 1, 36997, 97871, 100, 491.20
2026/09/22 23:28:25.522, 2, 37025, 97871, 100, 476.34
2026/09/22 23:28:25.522, 3, 37077, 97871, 100, 485.95
2026/09/22 23:28:25.722, 0, 36951, 97871, 100, 477.25
2026/09/22 23:28:25.722, 1, 36997, 97871, 100, 479.65
2026/09/22 23:28:25.722, 2, 37025, 97871, 100, 475.56
2026/09/22 23:28:25.722, 3, 37077, 97871, 100, 476.21
2026/09/22 23:28:25.922, 0, 36951, 97871, 100, 477.45
2026/09/22 23:28:25.922, 1, 36997, 97871, 100, 479.02
2026/09/22 23:28:25.922, 2, 37025, 97871, 100, 475.14
2026/09/22 23:28:25.922, 3, 37077, 97871, 100, 475.93
2026/09/22 23:28:26.122, 0, 36951, 97871, 100, 477.21
2026/09/22 23:28:26.122, 1, 36997, 97871, 100, 478.41
2026/09/22 23:28:26.122, 2, 37025, 97871, 100, 476.06
2026/09/22 23:28:26.122, 3, 37077, 97871, 100, 474.99
2026/09/22 23:28:26.322, 0, 36951, 97871, 100, 479.87
2026/09/22 23:28:26.322, 1, 36997, 97871, 100, 482.83
2026/09/22 23:28:26.323, 2, 37025, 97871, 100, 477.22
2026/09/22 23:28:26.323, 3, 37077, 97871, 100, 476.18
2026/09/22 23:28:26.523, 0, 36951, 97871, 100, 489.44
2026/09/22 23:28:26.523, 1, 36997, 97871, 100, 490.13
2026/09/22 23:28:26.523, 2, 37025, 97871, 100, 498.84
2026/09/22 23:28:26.523, 3, 37077, 97871, 100, 486.43
2026/09/22 23:28:26.723, 0, 36951, 97871, 100, 497.73
2026/09/22 23:28:26.723, 1, 36997, 97871, 100, 496.48
2026/09/22 23:28:26.723, 2, 37025, 97871, 100, 485.45
2026/09/22 23:28:26.723, 3, 37077, 97871, 100, 491.21
2026/09/22 23:28:26.923, 0, 36951, 97871, 100, 479.61
2026/09/22 23:28:26.923, 1, 36997, 97871, 100, 477.36
2026/09/22 23:28:26.923, 2, 37025, 97871, 100, 477.78
2026/09/22 23:28:26.923, 3, 37077, 97871, 100, 476.34
2026/09/22 23:28:27.123, 0, 36951, 97871, 100, 480.12
2026/09/22 23:28:27.123, 1, 36997, 97871, 100, 477.14
2026/09/22 23:28:27.123, 2, 37025, 97871, 100, 477.17
2026/09/22 23:28:27.123, 3, 37077, 97871, 100, 476.70
2026/09/22 23:28:27.323, 0, 36951, 97871, 100, 480.38
2026/09/22 23:28:27.323, 1, 36997, 97871, 100, 478.21
2026/09/22 23:28:27.323, 2, 37025, 97871, 100, 477.56
2026/09/22 23:28:27.323, 3, 37077, 97871, 100, 476.90
2026/09/22 23:28:27.523, 0, 36951, 97871, 100, 481.37
2026/09/22 23:28:27.523, 1, 36997, 97871, 100, 482.55
2026/09/22 23:28:27.523, 2, 37025, 97871, 100, 477.84
2026/09/22 23:28:27.523, 3, 37077, 97871, 100, 478.04
2026/09/22 23:28:27.723, 0, 36951, 97871, 100, 486.24
2026/09/22 23:28:27.723, 1, 36997, 97871, 100, 485.52
2026/09/22 23:28:27.723, 2, 37025, 97871, 100, 491.23
2026/09/22 23:28:27.723, 3, 37077, 97871, 100, 486.52
2026/09/22 23:28:27.924, 0, 36951, 97871, 100, 499.70
2026/09/22 23:28:27.924, 1, 36997, 97871, 100, 499.59
2026/09/22 23:28:27.924, 2, 37025, 97871, 100, 492.04
2026/09/22 23:28:27.924, 3, 37077, 97871, 100, 499.37
2026/09/22 23:28:28.124, 0, 36951, 97871, 100, 477.34
2026/09/22 23:28:28.124, 1, 36997, 97871, 100, 480.96
2026/09/22 23:28:28.124, 2, 37025, 97871, 100, 477.82
2026/09/22 23:28:28.124, 3, 37077, 97871, 100, 479.18
2026/09/22 23:28:28.324, 0, 36951, 97871, 100, 475.52
2026/09/22 23:28:28.324, 1, 36997, 97871, 100, 478.27
2026/09/22 23:28:28.324, 2, 37025, 97871, 100, 477.05
2026/09/22 23:28:28.324, 3, 37077, 97871, 100, 477.06
2026/09/22 23:28:28.524, 0, 36951, 97871, 100, 475.86
2026/09/22 23:28:28.524, 1, 36997, 97871, 100, 477.49
2026/09/22 23:28:28.524, 2, 37025, 97871, 100, 478.17
2026/09/22 23:28:28.524, 3, 37077, 97871, 100, 477.53
2026/09/22 23:28:28.724, 0, 36951, 97871, 100, 475.98
2026/09/22 23:28:28.724, 1, 36997, 97871, 100, 479.95
2026/09/22 23:28:28.724, 2, 37025, 97871, 100, 478.17
2026/09/22 23:28:28.724, 3, 37077, 97871, 100, 477.37
2026/09/22 23:28:28.924, 0, 36951, 97871, 100, 481.24
2026/09/22 23:28:28.924, 1, 36997, 97871, 100, 489.19
2026/09/22 23:28:28.924, 2, 37025, 97871, 100, 480.80
2026/09/22 23:28:28.924, 3, 37077, 97871, 100, 480.65
2026/09/22 23:28:29.124, 0, 36951, 97871, 100, 499.02
2026/09/22 23:28:29.124, 1, 36997, 97871, 100, 500.01
2026/09/22 23:28:29.124, 2, 37025, 97871, 100, 499.41
2026/09/22 23:28:29.124, 3, 37077, 97871, 100, 498.78
2026/09/22 23:28:29.324, 0, 36951, 97871, 100, 481.22
2026/09/22 23:28:29.324, 1, 36997, 97871, 100, 484.33
2026/09/22 23:28:29.324, 2, 37025, 97871, 100, 485.18
2026/09/22 23:28:29.325, 3, 37077, 97871, 100, 480.59
2026/09/22 23:28:29.525, 0, 36951, 97871, 100, 477.71
2026/09/22 23:28:29.525, 1, 36997, 97871, 100, 478.34
2026/09/22 23:28:29.525, 2, 37025, 97871, 100, 478.83
2026/09/22 23:28:29.525, 3, 37077, 97871, 100, 479.85
2026/09/22 23:28:29.725, 0, 36951, 97871, 100, 477.85
2026/09/22 23:28:29.725, 1, 36997, 97871, 100, 478.07
2026/09/22 23:28:29.725, 2, 37025, 97871, 100, 478.77
2026/09/22 23:28:29.725, 3, 37077, 97871, 100, 480.47
2026/09/22 23:28:29.925, 0, 36951, 97871, 100, 478.48
2026/09/22 23:28:29.925, 1, 36997, 97871, 100, 478.65
2026/09/22 23:28:29.925, 2, 37025, 97871, 100, 479.15
2026/09/22 23:28:29.925, 3, 37077, 97871, 100, 480.55
2026/09/22 23:28:30.125, 0, 36951, 97871, 100, 484.35
2026/09/22 23:28:30.125, 1, 36997, 97871, 100, 488.58
2026/09/22 23:28:30.125, 2, 37025, 97871, 100, 481.71
2026/09/22 23:28:30.125, 3, 37077, 97871, 100, 482.55
2026/09/22 23:28:30.325, 0, 36951, 97871, 100, 494.89
2026/09/22 23:28:30.325, 1, 36997, 97871, 100, 498.64
2026/09/22 23:28:30.325, 2, 37025, 97871, 100, 492.17
2026/09/22 23:28:30.325, 3, 37077, 97871, 100, 500.54
2026/09/22 23:28:30.525, 0, 36951, 97871, 100, 489.68
2026/09/22 23:28:30.525, 1, 36997, 97871, 100, 492.78
2026/09/22 23:28:30.525, 2, 37025, 97871, 100, 492.24
2026/09/22 23:28:30.525, 3, 37077, 97871, 100, 482.64
2026/09/22 23:28:30.725, 0, 36951, 97871, 100, 476.61
2026/09/22 23:28:30.725, 1, 36997, 97871, 100, 478.31
2026/09/22 23:28:30.725, 2, 37025, 97871, 100, 480.15
2026/09/22 23:28:30.726, 3, 37077, 97871, 100, 476.59
2026/09/22 23:28:30.926, 0, 36951, 97871, 100, 476.95
2026/09/22 23:28:30.926, 1, 36997, 97871, 100, 476.97
2026/09/22 23:28:30.926, 2, 37025, 97871, 100, 479.26
2026/09/22 23:28:30.926, 3, 37077, 97871, 100, 476.53
2026/09/22 23:28:31.126, 0, 36951, 97871, 100, 476.11
2026/09/22 23:28:31.126, 1, 36997, 97871, 100, 476.95
2026/09/22 23:28:31.126, 2, 37025, 97871, 100, 479.04
2026/09/22 23:28:31.126, 3, 37077, 97871, 100, 475.91
2026/09/22 23:28:31.326, 0, 36951, 97871, 100, 482.08
2026/09/22 23:28:31.326, 1, 36997, 97871, 100, 485.91
2026/09/22 23:28:31.326, 2, 37025, 97871, 100, 480.65
2026/09/22 23:28:31.326, 3, 37077, 97871, 100, 479.15
2026/09/22 23:28:31.526, 0, 36951, 97871, 100, 488.68
2026/09/22 23:28:31.526, 1, 36997, 97871, 100, 492.08
2026/09/22 23:28:31.526, 2, 37025, 97871, 100, 487.33
2026/09/22 23:28:31.526, 3, 37077, 97871, 100, 492.03
2026/09/22 23:28:31.726, 0, 36951, 97871, 100, 496.76
2026/09/22 23:28:31.726, 1, 36997, 97871, 100, 499.38
2026/09/22 23:28:31.726, 2, 37025, 97871, 100, 497.56
2026/09/22 23:28:31.726, 3, 37077, 97871, 100, 492.03
2026/09/22 23:28:31.926, 0, 36951, 97871, 100, 478.11
2026/09/22 23:28:31.926, 1, 36997, 97871, 100, 478.56
2026/09/22 23:28:31.926, 2, 37025, 97871, 100, 479.90
2026/09/22 23:28:31.926, 3, 37077, 97871, 100, 479.85
2026/09/22 23:28:32.126, 0, 36951, 97871, 100, 477.61
2026/09/22 23:28:32.126, 1, 36997, 97871, 100, 477.38
2026/09/22 23:28:32.126, 2, 37025, 97871, 100, 479.12
2026/09/22 23:28:32.127, 3, 37077, 97871, 100, 480.32
2026/09/22 23:28:32.327, 0, 36951, 97871, 100, 477.11
2026/09/22 23:28:32.327, 1, 36997, 97871, 100, 476.45
2026/09/22 23:28:32.327, 2, 37025, 97871, 100, 479.39
2026/09/22 23:28:32.327, 3, 37077, 97871, 100, 479.94
2026/09/22 23:28:32.527, 0, 36951, 97871, 100, 480.98
2026/09/22 23:28:32.527, 1, 36997, 97871, 100, 483.34
2026/09/22 23:28:32.527, 2, 37025, 97871, 100, 480.00
2026/09/22 23:28:32.527, 3, 37077, 97871, 100, 483.68
2026/09/22 23:28:32.727, 0, 36951, 97871, 100, 485.23
2026/09/22 23:28:32.727, 1, 36997, 97871, 100, 489.51
2026/09/22 23:28:32.727, 2, 37025, 97871, 100, 484.75
2026/09/22 23:28:32.727, 3, 37077, 97871, 100, 490.34
2026/09/22 23:28:32.927, 0, 36951, 97871, 100, 500.08
2026/09/22 23:28:32.927, 1, 36997, 97871, 100, 498.98
2026/09/22 23:28:32.927, 2, 37025, 97871, 100, 499.46
2026/09/22 23:28:32.927, 3, 37077, 97871, 100, 498.17
2026/09/22 23:28:33.127, 0, 36951, 97871, 100, 479.41
2026/09/22 23:28:33.127, 1, 36997, 97871, 100, 479.86
2026/09/22 23:28:33.127, 2, 37025, 97871, 100, 477.67
2026/09/22 23:28:33.127, 3, 37077, 97871, 100, 476.98
2026/09/22 23:28:33.327, 0, 36951, 97871, 100, 478.54
2026/09/22 23:28:33.327, 1, 36997, 97871, 100, 477.53
2026/09/22 23:28:33.327, 2, 37025, 97871, 100, 476.45
2026/09/22 23:28:33.327, 3, 37077, 97871, 100, 476.48
2026/09/22 23:28:33.527, 0, 36951, 97871, 100, 478.26
2026/09/22 23:28:33.527, 1, 36997, 97871, 100, 476.98
2026/09/22 23:28:33.527, 2, 37025, 97871, 100, 475.09
2026/09/22 23:28:33.527, 3, 37077, 97871, 100, 475.92
2026/09/22 23:28:33.727, 0, 36951, 97871, 100, 478.86
2026/09/22 23:28:33.727, 1, 36997, 97871, 100, 479.12
2026/09/22 23:28:33.728, 2, 37025, 97871, 100, 474.76
2026/09/22 23:28:33.728, 3, 37077, 97871, 100, 479.69
2026/09/22 23:28:33.928, 0, 36951, 97871, 100, 485.27
2026/09/22 23:28:33.928, 1, 36997, 97871, 100, 492.08
2026/09/22 23:28:33.928, 2, 37025, 97871, 100, 478.28
2026/09/22 23:28:33.928, 3, 37077, 97871, 100, 483.15
2026/09/22 23:28:34.128, 0, 36951, 97871, 100, 499.50
2026/09/22 23:28:34.128, 1, 36997, 97871, 100, 501.09
2026/09/22 23:28:34.128, 2, 37025, 97871, 100, 497.77
2026/09/22 23:28:34.128, 3, 37077, 97871, 100, 499.13
2026/09/22 23:28:34.328, 0, 36951, 97871, 100, 480.78
2026/09/22 23:28:34.328, 1, 36997, 97871, 100, 489.60
2026/09/22 23:28:34.328, 2, 37025, 97871, 100, 479.76
2026/09/22 23:28:34.328, 3, 37077, 97871, 100, 480.23
2026/09/22 23:28:34.528, 0, 36951, 97871, 100, 477.68
2026/09/22 23:28:34.528, 1, 36997, 97871, 100, 478.66
2026/09/22 23:28:34.528, 2, 37025, 97871, 100, 478.43
2026/09/22 23:28:34.528, 3, 37077, 97871, 100, 479.28
2026/09/22 23:28:34.728, 0, 36951, 97871, 100, 477.32
2026/09/22 23:28:34.728, 1, 36997, 97871, 100, 478.14
2026/09/22 23:28:34.728, 2, 37025, 97871, 100, 479.15
2026/09/22 23:28:34.728, 3, 37077, 97871, 100, 478.78
2026/09/22 23:28:34.928, 0, 36951, 97871, 100, 477.74
2026/09/22 23:28:34.928, 1, 36997, 97871, 100, 478.71
2026/09/22 23:28:34.928, 2, 37025, 97871, 100, 478.80
2026/09/22 23:28:34.928, 3, 37077, 97871, 100, 479.87
2026/09/22 23:28:35.128, 0, 36951, 97871, 100, 485.83
2026/09/22 23:28:35.128, 1, 36997, 97871, 100, 489.94
2026/09/22 23:28:35.128, 2, 37025, 97871, 100, 481.63
2026/09/22 23:28:35.129, 3, 37077, 97871, 100, 486.93
2026/09/22 23:28:35.329, 0, 36951, 97871, 100, 499.18
2026/09/22 23:28:35.329, 1, 36997, 97871, 100, 496.00
2026/09/22 23:28:35.329, 2, 37025, 97871, 100, 499.05
2026/09/22 23:28:35.329, 3, 37077, 97871, 100, 499.06
2026/09/22 23:28:35.529, 0, 36951, 97871, 100, 489.30
2026/09/22 23:28:35.529, 1, 36997, 97871, 100, 498.08
2026/09/22 23:28:35.529, 2, 37025, 97871, 100, 485.84
2026/09/22 23:28:35.529, 3, 37077, 97871, 100, 481.63
2026/09/22 23:28:35.729, 0, 36951, 97871, 100, 475.82
2026/09/22 23:28:35.729, 1, 36997, 97871, 100, 479.89
2026/09/22 23:28:35.729, 2, 37025, 97871, 100, 480.10
2026/09/22 23:28:35.729, 3, 37077, 97871, 100, 475.74
2026/09/22 23:28:35.929, 0, 36951, 97871, 100, 475.96
2026/09/22 23:28:35.929, 1, 36997, 97871, 100, 479.68
2026/09/22 23:28:35.929, 2, 37025, 97871, 100, 480.19
2026/09/22 23:28:35.929, 3, 37077, 97871, 100, 474.84
2026/09/22 23:28:36.129, 0, 36951, 97871, 100, 476.20
2026/09/22 23:28:36.129, 1, 36997, 97871, 100, 478.65
2026/09/22 23:28:36.129, 2, 37025, 97871, 100, 480.07
2026/09/22 23:28:36.129, 3, 37077, 97871, 100, 475.42
2026/09/22 23:28:36.329, 0, 36951, 97871, 100, 481.88
2026/09/22 23:28:36.329, 1, 36997, 97871, 100, 488.44
2026/09/22 23:28:36.329, 2, 37025, 97871, 100, 482.60
2026/09/22 23:28:36.329, 3, 37077, 97871, 100, 483.39
2026/09/22 23:28:36.529, 0, 36951, 97871, 100, 492.00
2026/09/22 23:28:36.529, 1, 36997, 97871, 100, 490.87
2026/09/22 23:28:36.529, 2, 37025, 97871, 100, 495.02
2026/09/22 23:28:36.529, 3, 37077, 97871, 100, 495.52
2026/09/22 23:28:36.730, 0, 36951, 97871, 100, 497.93
2026/09/22 23:28:36.730, 1, 36997, 97871, 100, 499.15
2026/09/22 23:28:36.730, 2, 37025, 97871, 100, 492.90
2026/09/22 23:28:36.730, 3, 37077, 97871, 100, 491.91
2026/09/22 23:28:36.930, 0, 36951, 97871, 100, 478.85
2026/09/22 23:28:36.930, 1, 36997, 97871, 100, 477.26
2026/09/22 23:28:36.930, 2, 37025, 97871, 100, 479.53
2026/09/22 23:28:36.930, 3, 37077, 97871, 100, 480.62
2026/09/22 23:28:37.130, 0, 36951, 97871, 100, 478.70
2026/09/22 23:28:37.130, 1, 36997, 97871, 100, 475.29
2026/09/22 23:28:37.130, 2, 37025, 97871, 100, 480.48
2026/09/22 23:28:37.130, 3, 37077, 97871, 100, 479.57
2026/09/22 23:28:37.330, 0, 36951, 97871, 100, 478.74
2026/09/22 23:28:37.330, 1, 36997, 97871, 100, 476.26
2026/09/22 23:28:37.330, 2, 37025, 97871, 100, 480.13
2026/09/22 23:28:37.330, 3, 37077, 97871, 100, 479.80
2026/09/22 23:28:37.530, 0, 36951, 97871, 100, 481.93
2026/09/22 23:28:37.530, 1, 36997, 97871, 100, 482.68
2026/09/22 23:28:37.530, 2, 37025, 97871, 100, 482.19
2026/09/22 23:28:37.530, 3, 37077, 97871, 100, 486.87
2026/09/22 23:28:37.730, 0, 36951, 97871, 100, 486.22
2026/09/22 23:28:37.730, 1, 36997, 97871, 100, 492.24
2026/09/22 23:28:37.730, 2, 37025, 97871, 100, 487.39
2026/09/22 23:28:37.730, 3, 37077, 97871, 100, 490.92
2026/09/22 23:28:37.930, 0, 36951, 97871, 100, 499.56
2026/09/22 23:28:37.930, 1, 36997, 97871, 100, 498.84
2026/09/22 23:28:37.930, 2, 37025, 97871, 100, 499.80
2026/09/22 23:28:37.930, 3, 37077, 97871, 100, 495.49
2026/09/22 23:28:38.131, 0, 36951, 97871, 100, 477.46
2026/09/22 23:28:38.131, 1, 36997, 97871, 100, 482.59
2026/09/22 23:28:38.131, 2, 37025, 97871, 100, 479.48
2026/09/22 23:28:38.131, 3, 37077, 97871, 100, 477.21
2026/09/22 23:28:38.331, 0, 36951, 97871, 100, 475.46
2026/09/22 23:28:38.331, 1, 36997, 97871, 100, 477.05
2026/09/22 23:28:38.331, 2, 37025, 97871, 100, 479.72
2026/09/22 23:28:38.331, 3, 37077, 97871, 100, 476.43
2026/09/22 23:28:38.531, 0, 36951, 97871, 100, 475.37
2026/09/22 23:28:38.531, 1, 36997, 97871, 100, 477.01
2026/09/22 23:28:38.531, 2, 37025, 97871, 100, 479.36
2026/09/22 23:28:38.531, 3, 37077, 97871, 100, 476.54
2026/09/22 23:28:38.731, 0, 36951, 97871, 100, 477.32
2026/09/22 23:28:38.731, 1, 36997, 97871, 100, 477.49
2026/09/22 23:28:38.731, 2, 37025, 97871, 100, 479.94
2026/09/22 23:28:38.731, 3, 37077, 97871, 100, 481.58
2026/09/22 23:28:38.931, 0, 36951, 97871, 100, 485.71
2026/09/22 23:28:38.931, 1, 36997, 97871, 100, 494.18
2026/09/22 23:28:38.931, 2, 37025, 97871, 100, 483.34
2026/09/22 23:28:38.931, 3, 37077, 97871, 100, 486.82
2026/09/22 23:28:39.131, 0, 36951, 97871, 100, 500.14
2026/09/22 23:28:39.131, 1, 36997, 97871, 100, 493.93
2026/09/22 23:28:39.131, 2, 37025, 97871, 100, 500.09
2026/09/22 23:28:39.131, 3, 37077, 97871, 100, 499.54
2026/09/22 23:28:39.331, 0, 36951, 97871, 100, 482.17
2026/09/22 23:28:39.331, 1, 36997, 97871, 100, 490.99
2026/09/22 23:28:39.331, 2, 37025, 97871, 100, 480.22
2026/09/22 23:28:39.331, 3, 37077, 97871, 100, 479.87
2026/09/22 23:28:39.531, 0, 36951, 97871, 100, 478.34
2026/09/22 23:28:39.531, 1, 36997, 97871, 100, 474.57
2026/09/22 23:28:39.531, 2, 37025, 97871, 100, 479.82
2026/09/22 23:28:39.531, 3, 37077, 97871, 100, 478.91
2026/09/22 23:28:39.732, 0, 36951, 97871, 100, 478.38
2026/09/22 23:28:39.732, 1, 36997, 97871, 100, 473.50
2026/09/22 23:28:39.732, 2, 37025, 97871, 100, 480.59
2026/09/22 23:28:39.732, 3, 37077, 97871, 100, 478.90
2026/09/22 23:28:39.932, 0, 36951, 97871, 100, 478.71
2026/09/22 23:28:39.932, 1, 36997, 97871, 100, 474.12
2026/09/22 23:28:39.932, 2, 37025, 97871, 100, 480.25
2026/09/22 23:28:39.932, 3, 37077, 97871, 100, 481.64
2026/09/22 23:28:40.132, 0, 36951, 97871, 100, 487.71
2026/09/22 23:28:40.132, 1, 36997, 97871, 100, 489.36
2026/09/22 23:28:40.132, 2, 37025, 97871, 100, 484.18
2026/09/22 23:28:40.132, 3, 37077, 97871, 100, 487.77
2026/09/22 23:28:40.332, 0, 36951, 97871, 100, 496.43
2026/09/22 23:28:40.332, 1, 36997, 97871, 100, 489.68
2026/09/22 23:28:40.332, 2, 37025, 97871, 100, 499.35
2026/09/22 23:28:40.332, 3, 37077, 97871, 100, 499.61
2026/09/22 23:28:40.532, 0, 36951, 97871, 100, 491.95
2026/09/22 23:28:40.532, 1, 36997, 97871, 100, 499.39
2026/09/22 23:28:40.532, 2, 37025, 97871, 100, 481.95
2026/09/22 23:28:40.532, 3, 37077, 97871, 100, 478.86
2026/09/22 23:28:40.732, 0, 36951, 97871, 100, 477.69
2026/09/22 23:28:40.732, 1, 36997, 97871, 100, 476.86
2026/09/22 23:28:40.732, 2, 37025, 97871, 100, 478.98
2026/09/22 23:28:40.732, 3, 37077, 97871, 100, 477.66
2026/09/22 23:28:40.932, 0, 36951, 97871, 100, 477.37
2026/09/22 23:28:40.932, 1, 36997, 97871, 100, 474.95
2026/09/22 23:28:40.932, 2, 37025, 97871, 100, 478.88
2026/09/22 23:28:40.932, 3, 37077, 97871, 100, 477.47
2026/09/22 23:28:41.132, 0, 36951, 97871, 100, 477.12
2026/09/22 23:28:41.132, 1, 36997, 97871, 100, 476.16
2026/09/22 23:28:41.133, 2, 37025, 97871, 100, 478.11
2026/09/22 23:28:41.133, 3, 37077, 97871, 100, 477.70
2026/09/22 23:28:41.333, 0, 36951, 97871, 100, 484.47
2026/09/22 23:28:41.333, 1, 36997, 97871, 100, 483.64
2026/09/22 23:28:41.333, 2, 37025, 97871, 100, 483.81
2026/09/22 23:28:41.333, 3, 37077, 97871, 100, 485.87
2026/09/22 23:28:41.533, 0, 36951, 97871, 100, 491.02
2026/09/22 23:28:41.533, 1, 36997, 97871, 100, 491.95
2026/09/22 23:28:41.533, 2, 37025, 97871, 100, 497.95
2026/09/22 23:28:41.533, 3, 37077, 97871, 100, 497.60
2026/09/22 23:28:41.733, 0, 36951, 97871, 100, 498.61
2026/09/22 23:28:41.733, 1, 36997, 97871, 100, 499.77
2026/09/22 23:28:41.733, 2, 37025, 97871, 100, 489.05
2026/09/22 23:28:41.733, 3, 37077, 97871, 100, 488.76
2026/09/22 23:28:41.933, 0, 36951, 97871, 100, 475.51
2026/09/22 23:28:41.933, 1, 36997, 97871, 100, 478.05
2026/09/22 23:28:41.933, 2, 37025, 97871, 100, 476.36
2026/09/22 23:28:41.933, 3, 37077, 97871, 100, 476.62
2026/09/22 23:28:42.133, 0, 36951, 97871, 100, 473.90
2026/09/22 23:28:42.133, 1, 36997, 97871, 100, 476.29
2026/09/22 23:28:42.133, 2, 37025, 97871, 100, 477.62
2026/09/22 23:28:42.133, 3, 37077, 97871, 100, 477.20
2026/09/22 23:28:42.333, 0, 36951, 97871, 100, 473.71
2026/09/22 23:28:42.333, 1, 36997, 97871, 100, 474.89
2026/09/22 23:28:42.333, 2, 37025, 97871, 100, 478.36
2026/09/22 23:28:42.333, 3, 37077, 97871, 100, 478.43
2026/09/22 23:28:42.533, 0, 36951, 97871, 100, 479.75
2026/09/22 23:28:42.533, 1, 36997, 97871, 100, 478.27
2026/09/22 23:28:42.533, 2, 37025, 97871, 100, 482.39
2026/09/22 23:28:42.533, 3, 37077, 97871, 100, 484.58
2026/09/22 23:28:42.734, 0, 36951, 97871, 100, 485.35
2026/09/22 23:28:42.734, 1, 36997, 97871, 100, 494.85
2026/09/22 23:28:42.734, 2, 37025, 97871, 100, 487.17
2026/09/22 23:28:42.734, 3, 37077, 97871, 100, 488.74
2026/09/22 23:28:42.934, 0, 36951, 97871, 100, 499.02
2026/09/22 23:28:42.934, 1, 36997, 97871, 100, 500.70
2026/09/22 23:28:42.934, 2, 37025, 97871, 100, 497.17
2026/09/22 23:28:42.934, 3, 37077, 97871, 100, 497.71
2026/09/22 23:28:43.134, 0, 36951, 97871, 100, 478.70
2026/09/22 23:28:43.134, 1, 36997, 97871, 100, 489.64
2026/09/22 23:28:43.134, 2, 37025, 97871, 100, 477.02
2026/09/22 23:28:43.134, 3, 37077, 97871, 100, 476.58
2026/09/22 23:28:43.334, 0, 36951, 97871, 100, 477.16
2026/09/22 23:28:43.334, 1, 36997, 97871, 100, 475.18
2026/09/22 23:28:43.334, 2, 37025, 97871, 100, 476.50
2026/09/22 23:28:43.334, 3, 37077, 97871, 100, 476.04
2026/09/22 23:28:43.534, 0, 36951, 97871, 100, 476.87
2026/09/22 23:28:43.534, 1, 36997, 97871, 100, 473.66
2026/09/22 23:28:43.534, 2, 37025, 97871, 100, 477.45
2026/09/22 23:28:43.534, 3, 37077, 97871, 100, 476.25
2026/09/22 23:28:43.734, 0, 36951, 97871, 100, 478.90
2026/09/22 23:28:43.734, 1, 36997, 97871, 100, 473.14
2026/09/22 23:28:43.734, 2, 37025, 97871, 100, 483.29
2026/09/22 23:28:43.734, 3, 37077, 97871, 100, 482.89
2026/09/22 23:28:43.934, 0, 36951, 97871, 100, 488.86
2026/09/22 23:28:43.934, 1, 36997, 97871, 100, 487.09
2026/09/22 23:28:43.934, 2, 37025, 97871, 100, 487.30
2026/09/22 23:28:43.934, 3, 37077, 97871, 100, 485.35
2026/09/22 23:28:44.134, 0, 36951, 97871, 100, 501.45
2026/09/22 23:28:44.135, 1, 36997, 97871, 100, 491.23
2026/09/22 23:28:44.135, 2, 37025, 97871, 100, 500.79
2026/09/22 23:28:44.135, 3, 37077, 97871, 100, 500.31
2026/09/22 23:28:44.335, 0, 36951, 97871, 100, 482.66
2026/09/22 23:28:44.335, 1, 36997, 97871, 100, 498.09
2026/09/22 23:28:44.335, 2, 37025, 97871, 100, 477.24
2026/09/22 23:28:44.335, 3, 37077, 97871, 100, 477.04
2026/09/22 23:28:44.535, 0, 36951, 97871, 100, 477.10
2026/09/22 23:28:44.535, 1, 36997, 97871, 100, 476.06
2026/09/22 23:28:44.535, 2, 37025, 97871, 100, 474.95
2026/09/22 23:28:44.535, 3, 37077, 97871, 100, 476.71
2026/09/22 23:28:44.735, 0, 36951, 97871, 100, 476.49
2026/09/22 23:28:44.735, 1, 36997, 97871, 100, 476.45
2026/09/22 23:28:44.735, 2, 37025, 97871, 100, 474.70
2026/09/22 23:28:44.735, 3, 37077, 97871, 100, 476.53
2026/09/22 23:28:44.935, 0, 36951, 97871, 100, 477.73
2026/09/22 23:28:44.935, 1, 36997, 97871, 100, 476.52
2026/09/22 23:28:44.935, 2, 37025, 97871, 100, 478.19
2026/09/22 23:28:44.935, 3, 37077, 97871, 100, 479.47
2026/09/22 23:28:45.135, 0, 36951, 97871, 100, 487.37
2026/09/22 23:28:45.135, 1, 36997, 97871, 100, 484.71
2026/09/22 23:28:45.135, 2, 37025, 97871, 100, 486.48
2026/09/22 23:28:45.135, 3, 37077, 97871, 100, 487.61
2026/09/22 23:28:45.335, 0, 36951, 97871, 100, 499.44
2026/09/22 23:28:45.335, 1, 36997, 97871, 100, 487.96
2026/09/22 23:28:45.335, 2, 37025, 97871, 100, 499.70
2026/09/22 23:28:45.335, 3, 37077, 97871, 100, 501.80
2026/09/22 23:28:45.535, 0, 36951, 97871, 100, 494.15
2026/09/22 23:28:45.535, 1, 36997, 97871, 100, 498.93
2026/09/22 23:28:45.535, 2, 37025, 97871, 100, 480.60
2026/09/22 23:28:45.535, 3, 37077, 97871, 100, 481.80
2026/09/22 23:28:45.736, 0, 36951, 97871, 100, 477.14
2026/09/22 23:28:45.736, 1, 36997, 97871, 100, 475.49
2026/09/22 23:28:45.736, 2, 37025, 97871, 100, 476.31
2026/09/22 23:28:45.736, 3, 37077, 97871, 100, 477.11
2026/09/22 23:28:45.936, 0, 36951, 97871, 100, 475.36
2026/09/22 23:28:45.936, 1, 36997, 97871, 100, 474.11
2026/09/22 23:28:45.936, 2, 37025, 97871, 100, 476.08
2026/09/22 23:28:45.936, 3, 37077, 97871, 100, 476.06
2026/09/22 23:28:46.136, 0, 36951, 97871, 100, 475.35
2026/09/22 23:28:46.136, 1, 36997, 97871, 100, 475.25
2026/09/22 23:28:46.136, 2, 37025, 97871, 100, 476.22
2026/09/22 23:28:46.136, 3, 37077, 97871, 100, 477.25
2026/09/22 23:28:46.336, 0, 36951, 97871, 100, 483.74
2026/09/22 23:28:46.336, 1, 36997, 97871, 100, 479.36
2026/09/22 23:28:46.336, 2, 37025, 97871, 100, 487.48
2026/09/22 23:28:46.336, 3, 37077, 97871, 100, 486.52
2026/09/22 23:28:46.536, 0, 36951, 97871, 100, 489.27
2026/09/22 23:28:46.536, 1, 36997, 97871, 100, 491.95
2026/09/22 23:28:46.536, 2, 37025, 97871, 100, 498.12
2026/09/22 23:28:46.536, 3, 37077, 97871, 100, 497.75
2026/09/22 23:28:46.736, 0, 36951, 97871, 100, 498.80
2026/09/22 23:28:46.736, 1, 36997, 97871, 100, 500.91
2026/09/22 23:28:46.737, 2, 37025, 97871, 100, 487.62
2026/09/22 23:28:46.737, 3, 37077, 97871, 100, 491.92
2026/09/22 23:28:46.937, 0, 36951, 97871, 100, 477.68
2026/09/22 23:28:46.937, 1, 36997, 97871, 100, 486.56
2026/09/22 23:28:46.937, 2, 37025, 97871, 100, 476.45
2026/09/22 23:28:46.937, 3, 37077, 97871, 100, 476.22
2026/09/22 23:28:47.137, 0, 36951, 97871, 100, 477.69
2026/09/22 23:28:47.137, 1, 36997, 97871, 100, 476.40
2026/09/22 23:28:47.137, 2, 37025, 97871, 100, 476.38
2026/09/22 23:28:47.137, 3, 37077, 97871, 100, 476.06
2026/09/22 23:28:47.337, 0, 36951, 97871, 100, 477.62
2026/09/22 23:28:47.337, 1, 36997, 97871, 100, 475.45
2026/09/22 23:28:47.337, 2, 37025, 97871, 100, 475.25
2026/09/22 23:28:47.337, 3, 37077, 97871, 100, 476.22
2026/09/22 23:28:47.537, 0, 36951, 97871, 100, 483.43
2026/09/22 23:28:47.537, 1, 36997, 97871, 100, 475.57
2026/09/22 23:28:47.537, 2, 37025, 97871, 100, 486.94
2026/09/22 23:28:47.537, 3, 37077, 97871, 100, 485.86
2026/09/22 23:28:47.737, 0, 36951, 97871, 100, 489.60
2026/09/22 23:28:47.737, 1, 36997, 97871, 100, 490.95
2026/09/22 23:28:47.737, 2, 37025, 97871, 100, 494.25
2026/09/22 23:28:47.737, 3, 37077, 97871, 100, 490.00
2026/09/22 23:28:47.938, 0, 36951, 97871, 100, 501.43
2026/09/22 23:28:47.938, 1, 36997, 97871, 100, 497.98
2026/09/22 23:28:47.938, 2, 37025, 97871, 100, 497.32
2026/09/22 23:28:47.938, 3, 37077, 97871, 100, 500.85
2026/09/22 23:28:48.138, 0, 78487, 97871, 100, 478.53
2026/09/22 23:28:48.138, 1, 36997, 97871, 100, 494.90
2026/09/22 23:28:48.138, 2, 78561, 97871, 96, 456.75
2026/09/22 23:28:48.138, 3, 78613, 97871, 100, 466.55
2026/09/22 23:28:48.338, 0, 78487, 97871, 96, 414.50
2026/09/22 23:28:48.338, 1, 78533, 97871, 100, 455.81
2026/09/22 23:28:48.338, 2, 78561, 97871, 100, 385.50
2026/09/22 23:28:48.338, 3, 78613, 97871, 96, 399.64
2026/09/22 23:28:48.538, 0, 78487, 97871, 65, 345.74
2026/09/22 23:28:48.538, 1, 78533, 97871, 18, 381.82
2026/09/22 23:28:48.538, 2, 78561, 97871, 0, 318.01
2026/09/22 23:28:48.538, 3, 78613, 97871, 17, 327.13
2026/09/22 23:28:48.738, 0, 78487, 97871, 0, 267.71
2026/09/22 23:28:48.738, 1, 78533, 97871, 0, 313.00
2026/09/22 23:28:48.738, 2, 78561, 97871, 0, 248.99
2026/09/22 23:28:48.738, 3, 78613, 97871, 0, 255.77
2026/09/22 23:28:48.938, 0, 78487, 97871, 0, 201.70
2026/09/22 23:28:48.938, 1, 78533, 97871, 0, 244.17
2026/09/22 23:28:48.938, 2, 78561, 97871, 0, 180.68
2026/09/22 23:28:48.938, 3, 78613, 97871, 0, 186.52
2026/09/22 23:28:49.138, 0, 78487, 97871, 0, 145.95
2026/09/22 23:28:49.138, 1, 78533, 97871, 0, 175.07
2026/09/22 23:28:49.138, 2, 78561, 97871, 0, 141.28
2026/09/22 23:28:49.138, 3, 78613, 97871, 0, 138.98
2026/09/22 23:28:49.339, 0, 78487, 97871, 0, 135.42
2026/09/22 23:28:49.339, 1, 78533, 97871, 0, 139.53
2026/09/22 23:28:49.339, 2, 78561, 97871, 0, 136.88
2026/09/22 23:28:49.339, 3, 78613, 97871, 0, 127.95
2026/09/22 23:28:49.539, 0, 78487, 97871, 0, 126.86
2026/09/22 23:28:49.539, 1, 78533, 97871, 0, 134.51
2026/09/22 23:28:49.539, 2, 78561, 97871, 0, 127.98
2026/09/22 23:28:49.539, 3, 78613, 97871, 0, 125.91
2026/09/22 23:28:49.739, 0, 78487, 97871, 0, 126.56
2026/09/22 23:28:49.739, 1, 78533, 97871, 0, 134.08
2026/09/22 23:28:49.739, 2, 78561, 97871, 0, 127.53
2026/09/22 23:28:49.739, 3, 78613, 97871, 0, 125.75
2026/09/22 23:28:49.939, 0, 78487, 97871, 0, 126.38
2026/09/22 23:28:49.939, 1, 78533, 97871, 0, 133.65
2026/09/22 23:28:49.939, 2, 78561, 97871, 0, 127.21
2026/09/22 23:28:49.939, 3, 78613, 97871, 0, 125.64
2026/09/22 23:28:50.139, 0, 78487, 97871, 0, 126.30
2026/09/22 23:28:50.139, 1, 78533, 97871, 0, 133.34
2026/09/22 23:28:50.139, 2, 78561, 97871, 0, 126.99
2026/09/22 23:28:50.139, 3, 78613, 97871, 0, 125.54
2026/09/22 23:28:50.339, 0, 78487, 97871, 0, 126.22
2026/09/22 23:28:50.339, 1, 78533, 97871, 0, 133.11
2026/09/22 23:28:50.339, 2, 78561, 97871, 0, 126.84
2026/09/22 23:28:50.339, 3, 78613, 97871, 0, 125.43
2026/09/22 23:28:50.539, 0, 78487, 97871, 0, 126.07
2026/09/22 23:28:50.540, 1, 78533, 97871, 0, 132.93
2026/09/22 23:28:50.540, 2, 78561, 97871, 0, 126.69
2026/09/22 23:28:50.540, 3, 78613, 97871, 0, 125.35
2026/09/22 23:28:50.740, 0, 78487, 97871, 0, 125.96
2026/09/22 23:28:50.740, 1, 78533, 97871, 0, 132.76
2026/09/22 23:28:50.740, 2, 78561, 97871, 0, 126.56
2026/09/22 23:28:50.740, 3, 78613, 97871, 0, 125.28
2026/09/22 23:28:50.940, 0, 78487, 97871, 0, 125.83
2026/09/22 23:28:50.940, 1, 78533, 97871, 0, 132.62
2026/09/22 23:28:50.940, 2, 78561, 97871, 0, 126.41
2026/09/22 23:28:50.940, 3, 78613, 97871, 0, 125.22
2026/09/22 23:28:51.140, 0, 78487, 97871, 0, 125.71
2026/09/22 23:28:51.140, 1, 78533, 97871, 0, 132.47
2026/09/22 23:28:51.140, 2, 78561, 97871, 0, 126.32
2026/09/22 23:28:51.140, 3, 78613, 97871, 0, 125.15
2026/09/22 23:28:51.340, 0, 78487, 97871, 0, 125.62
2026/09/22 23:28:51.340, 1, 78533, 97871, 0, 132.34
2026/09/22 23:28:51.340, 2, 78561, 97871, 0, 126.19
2026/09/22 23:28:51.340, 3, 78613, 97871, 0, 125.09
2026/09/22 23:28:51.540, 0, 78487, 97871, 0, 125.49
2026/09/22 23:28:51.540, 1, 78533, 97871, 0, 132.22
2026/09/22 23:28:51.540, 2, 78561, 97871, 0, 126.10
2026/09/22 23:28:51.540, 3, 78613, 97871, 0, 125.05
2026/09/22 23:28:51.740, 0, 78487, 97871, 0, 125.42
2026/09/22 23:28:51.740, 1, 78533, 97871, 0, 132.10
2026/09/22 23:28:51.740, 2, 78561, 97871, 0, 126.01
2026/09/22 23:28:51.740, 3, 78613, 97871, 0, 125.00
2026/09/22 23:28:51.941, 0, 78487, 97871, 0, 125.34
2026/09/22 23:28:51.941, 1, 78533, 97871, 0, 132.02
2026/09/22 23:28:51.941, 2, 78561, 97871, 0, 125.96
2026/09/22 23:28:51.941, 3, 78613, 97871, 0, 124.95
2026/09/22 23:28:52.141, 0, 78487, 97871, 0, 125.25
2026/09/22 23:28:52.141, 1, 78533, 97871, 0, 131.96
2026/09/22 23:28:52.141, 2, 78561, 97871, 0, 125.89
2026/09/22 23:28:52.141, 3, 78613, 97871, 0, 124.89
2026/09/22 23:28:52.341, 0, 78487, 97871, 0, 125.19
2026/09/22 23:28:52.341, 1, 78533, 97871, 0, 131.86
2026/09/22 23:28:52.341, 2, 78561, 97871, 0, 125.85
2026/09/22 23:28:52.341, 3, 78613, 97871, 0, 124.86
2026/09/22 23:28:52.541, 0, 78487, 97871, 0, 125.15
2026/09/22 23:28:52.541, 1, 78533, 97871, 0, 131.83
2026/09/22 23:28:52.541, 2, 78561, 97871, 0, 125.78
2026/09/22 23:28:52.541, 3, 78613, 97871, 0, 124.81
2026/09/22 23:28:52.741, 0, 78487, 97871, 0, 125.09
2026/09/22 23:28:52.741, 1, 78533, 97871, 0, 131.77
2026/09/22 23:28:52.741, 2, 78561, 97871, 0, 125.73
2026/09/22 23:28:52.741, 3, 78613, 97871, 0, 124.78
2026/09/22 23:28:52.941, 0, 78487, 97871, 0, 125.04
2026/09/22 23:28:52.941, 1, 78533, 97871, 0, 131.70
2026/09/22 23:28:52.941, 2, 78561, 97871, 0, 125.66
2026/09/22 23:28:52.941, 3, 78613, 97871, 0, 124.73
2026/09/22 23:28:53.141, 0, 78487, 97871, 0, 125.00
2026/09/22 23:28:53.141, 1, 78533, 97871, 0, 131.66
2026/09/22 23:28:53.142, 2, 78561, 97871, 0, 125.62
2026/09/22 23:28:53.142, 3, 78613, 97871, 0, 124.71
2026/09/22 23:28:53.342, 0, 78487, 97871, 0, 124.94
2026/09/22 23:28:53.342, 1, 78533, 97871, 0, 131.62
2026/09/22 23:28:53.342, 2, 78561, 97871, 0, 125.54
2026/09/22 23:28:53.342, 3, 78613, 97871, 0, 124.67
2026/09/22 23:28:53.542, 0, 78487, 97871, 0, 124.74
2026/09/22 23:28:53.542, 1, 78533, 97871, 0, 131.50
2026/09/22 23:28:53.542, 2, 78561, 97871, 0, 125.50
2026/09/22 23:28:53.542, 3, 78613, 97871, 0, 124.58
2026/09/22 23:28:53.742, 0, 78487, 97871, 0, 124.57
2026/09/22 23:28:53.742, 1, 78533, 97871, 0, 131.46
2026/09/22 23:28:53.742, 2, 78561, 97871, 0, 125.46
2026/09/22 23:28:53.742, 3, 78613, 97871, 0, 124.28
2026/09/22 23:28:53.942, 0, 78487, 97871, 0, 124.44
2026/09/22 23:28:53.942, 1, 78533, 97871, 0, 131.42
2026/09/22 23:28:53.942, 2, 78561, 97871, 0, 125.43
2026/09/22 23:28:53.942, 3, 78613, 97871, 0, 124.04
2026/09/22 23:28:54.142, 0, 78487, 97871, 0, 124.30
2026/09/22 23:28:54.142, 1, 78533, 97871, 0, 131.37
2026/09/22 23:28:54.142, 2, 78561, 97871, 0, 125.40
2026/09/22 23:28:54.142, 3, 78613, 97871, 0, 123.75
2026/09/22 23:28:54.342, 0, 78487, 97871, 0, 124.14
2026/09/22 23:28:54.342, 1, 78533, 97871, 0, 131.23
2026/09/22 23:28:54.342, 2, 78561, 97871, 0, 125.39
2026/09/22 23:28:54.342, 3, 78613, 97871, 0, 123.50
2026/09/22 23:28:54.543, 0, 78487, 97871, 0, 124.16
2026/09/22 23:28:54.543, 1, 78533, 97871, 0, 131.11
2026/09/22 23:28:54.543, 2, 78561, 97871, 0, 125.34
2026/09/22 23:28:54.543, 3, 78613, 97871, 0, 123.25
2026/09/22 23:28:54.743, 0, 78487, 97871, 0, 124.13
2026/09/22 23:28:54.743, 1, 78533, 97871, 0, 130.92
2026/09/22 23:28:54.743, 2, 78561, 97871, 0, 125.31
2026/09/22 23:28:54.743, 3, 78613, 97871, 0, 123.23
2026/09/22 23:28:54.943, 0, 78487, 97871, 0, 124.06
2026/09/22 23:28:54.943, 1, 78533, 97871, 0, 130.73
2026/09/22 23:28:54.943, 2, 78561, 97871, 0, 125.26
2026/09/22 23:28:54.943, 3, 78613, 97871, 0, 123.18
2026/09/22 23:28:55.143, 0, 78487, 97871, 0, 124.02
2026/09/22 23:28:55.143, 1, 78533, 97871, 0, 130.57
2026/09/22 23:28:55.143, 2, 78561, 97871, 0, 125.24
2026/09/22 23:28:55.143, 3, 78613, 97871, 0, 123.13
2026/09/22 23:28:55.343, 0, 78487, 97871, 0, 123.99
2026/09/22 23:28:55.343, 1, 78533, 97871, 0, 130.45
2026/09/22 23:28:55.343, 2, 78561, 97871, 0, 125.20
2026/09/22 23:28:55.343, 3, 78613, 97871, 0, 123.09
2026/09/22 23:28:55.543, 0, 78487, 97871, 0, 123.95
2026/09/22 23:28:55.543, 1, 78533, 97871, 0, 130.41
2026/09/22 23:28:55.543, 2, 78561, 97871, 0, 125.17
2026/09/22 23:28:55.543, 3, 78613, 97871, 0, 123.08
2026/09/22 23:28:55.743, 0, 78487, 97871, 0, 123.90
2026/09/22 23:28:55.743, 1, 78533, 97871, 0, 130.38
2026/09/22 23:28:55.743, 2, 78561, 97871, 0, 125.14
2026/09/22 23:28:55.743, 3, 78613, 97871, 0, 123.01
2026/09/22 23:28:55.944, 0, 78487, 97871, 0, 123.86
2026/09/22 23:28:55.944, 1, 78533, 97871, 0, 130.32
2026/09/22 23:28:55.944, 2, 78561, 97871, 0, 125.11
2026/09/22 23:28:55.944, 3, 78613, 97871, 0, 122.98
2026/09/22 23:28:56.144, 0, 78487, 97871, 0, 123.79
2026/09/22 23:28:56.144, 1, 78533, 97871, 0, 130.27
2026/09/22 23:28:56.144, 2, 78561, 97871, 0, 125.08
2026/09/22 23:28:56.144, 3, 78613, 97871, 0, 122.92
2026/09/22 23:28:56.344, 0, 78487, 97871, 0, 123.75
2026/09/22 23:28:56.344, 1, 78533, 97871, 0, 130.25
2026/09/22 23:28:56.344, 2, 78561, 97871, 0, 125.05
2026/09/22 23:28:56.344, 3, 78613, 97871, 0, 122.89
2026/09/22 23:28:56.544, 0, 78487, 97871, 0, 123.68
2026/09/22 23:28:56.544, 1, 78533, 97871, 0, 130.22
2026/09/22 23:28:56.544, 2, 78561, 97871, 0, 125.02
2026/09/22 23:28:56.544, 3, 78613, 97871, 0, 122.83
2026/09/22 23:28:56.744, 0, 78487, 97871, 0, 123.62
2026/09/22 23:28:56.744, 1, 78533, 97871, 0, 130.16
2026/09/22 23:28:56.744, 2, 78561, 97871, 0, 124.97
2026/09/22 23:28:56.744, 3, 78613, 97871, 0, 122.79
2026/09/22 23:28:56.944, 0, 78487, 97871, 0, 123.61
2026/09/22 23:28:56.944, 1, 78533, 97871, 0, 130.15
2026/09/22 23:28:56.944, 2, 78561, 97871, 0, 124.90
2026/09/22 23:28:56.944, 3, 78613, 97871, 0, 122.74
2026/09/22 23:28:57.144, 0, 78487, 97871, 0, 123.58
2026/09/22 23:28:57.144, 1, 78533, 97871, 0, 130.10
2026/09/22 23:28:57.144, 2, 78561, 97871, 0, 124.83
2026/09/22 23:28:57.144, 3, 78613, 97871, 0, 122.74
2026/09/22 23:28:57.345, 0, 78487, 97871, 0, 123.53
2026/09/22 23:28:57.345, 1, 78533, 97871, 0, 130.06
2026/09/22 23:28:57.345, 2, 78561, 97871, 0, 124.78
2026/09/22 23:28:57.345, 3, 78613, 97871, 0, 122.70
2026/09/22 23:28:57.545, 0, 78487, 97871, 0, 123.49
2026/09/22 23:28:57.545, 1, 78533, 97871, 0, 130.04
2026/09/22 23:28:57.545, 2, 78561, 97871, 0, 124.75
2026/09/22 23:28:57.545, 3, 78613, 97871, 0, 122.66
2026/09/22 23:28:57.745, 0, 78487, 97871, 0, 123.45
2026/09/22 23:28:57.745, 1, 78533, 97871, 0, 129.99
2026/09/22 23:28:57.745, 2, 78561, 97871, 0, 124.71
2026/09/22 23:28:57.745, 3, 78613, 97871, 0, 122.66
2026/09/22 23:28:57.945, 0, 78487, 97871, 0, 123.41
2026/09/22 23:28:57.945, 1, 78533, 97871, 0, 129.97
2026/09/22 23:28:57.945, 2, 78561, 97871, 0, 124.69
2026/09/22 23:28:57.945, 3, 78613, 97871, 0, 122.64
2026/09/22 23:28:58.145, 0, 78487, 97871, 0, 123.39
2026/09/22 23:28:58.145, 1, 78533, 97871, 0, 129.94
2026/09/22 23:28:58.145, 2, 78561, 97871, 0, 124.68
2026/09/22 23:28:58.145, 3, 78613, 97871, 0, 122.61
2026/09/22 23:28:58.345, 0, 78487, 97871, 0, 123.36
2026/09/22 23:28:58.345, 1, 78533, 97871, 0, 129.89
2026/09/22 23:28:58.345, 2, 78561, 97871, 0, 124.64
2026/09/22 23:28:58.345, 3, 78613, 97871, 0, 122.59
2026/09/22 23:28:58.546, 0, 78487, 97871, 0, 123.33
2026/09/22 23:28:58.546, 1, 78533, 97871, 0, 129.86
2026/09/22 23:28:58.546, 2, 78561, 97871, 0, 124.60
2026/09/22 23:28:58.546, 3, 78613, 97871, 0, 122.58
2026/09/22 23:28:58.746, 0, 78487, 97871, 0, 123.31
2026/09/22 23:28:58.746, 1, 78533, 97871, 0, 129.82
2026/09/22 23:28:58.746, 2, 78561, 97871, 0, 124.57
2026/09/22 23:28:58.746, 3, 78613, 97871, 0, 122.58
2026/09/22 23:28:58.946, 0, 78487, 97871, 0, 123.27
2026/09/22 23:28:58.946, 1, 78533, 97871, 0, 129.79
2026/09/22 23:28:58.946, 2, 78561, 97871, 0, 124.56
2026/09/22 23:28:58.946, 3, 78613, 97871, 0, 122.55
2026/09/22 23:28:59.146, 0, 78487, 97871, 0, 123.24
2026/09/22 23:28:59.146, 1, 78533, 97871, 0, 129.77
2026/09/22 23:28:59.146, 2, 78561, 97871, 0, 124.51
2026/09/22 23:28:59.146, 3, 78613, 97871, 0, 122.52
2026/09/22 23:28:59.346, 0, 78487, 97871, 0, 123.20
2026/09/22 23:28:59.346, 1, 78533, 97871, 0, 129.75
2026/09/22 23:28:59.346, 2, 78561, 97871, 0, 124.50
2026/09/22 23:28:59.346, 3, 78613, 97871, 0, 122.50
2026/09/22 23:28:59.546, 0, 78487, 97871, 0, 123.16
2026/09/22 23:28:59.546, 1, 78533, 97871, 0, 129.71
2026/09/22 23:28:59.546, 2, 78561, 97871, 0, 124.49
2026/09/22 23:28:59.546, 3, 78613, 97871, 0, 122.48
2026/09/22 23:28:59.747, 0, 78487, 97871, 0, 123.16
2026/09/22 23:28:59.747, 1, 78533, 97871, 0, 129.71
2026/09/22 23:28:59.747, 2, 78561, 97871, 0, 124.46
2026/09/22 23:28:59.747, 3, 78613, 97871, 0, 122.46
2026/09/22 23:28:59.947, 0, 78487, 97871, 0, 123.14
2026/09/22 23:28:59.947, 1, 78533, 97871, 0, 129.69
2026/09/22 23:28:59.947, 2, 78561, 97871, 0, 124.43
2026/09/22 23:28:59.947, 3, 78613, 97871, 0, 122.43
2026/09/22 23:29:00.147, 0, 78487, 97871, 0, 123.10
2026/09/22 23:29:00.147, 1, 78533, 97871, 0, 129.65
2026/09/22 23:29:00.147, 2, 78561, 97871, 0, 124.40
2026/09/22 23:29:00.147, 3, 78613, 97871, 0, 122.43
2026/09/22 23:29:00.347, 0, 78487, 97871, 0, 123.08
2026/09/22 23:29:00.347, 1, 78533, 97871, 0, 129.63
2026/09/22 23:29:00.347, 2, 78561, 97871, 0, 124.39
2026/09/22 23:29:00.347, 3, 78613, 97871, 0, 122.41
2026/09/22 23:29:00.547, 0, 78487, 97871, 0, 123.07
2026/09/22 23:29:00.547, 1, 78533, 97871, 0, 129.59
2026/09/22 23:29:00.547, 2, 78561, 97871, 0, 124.35
2026/09/22 23:29:00.547, 3, 78613, 97871, 0, 122.36
2026/09/22 23:29:00.747, 0, 78487, 97871, 0, 123.01
2026/09/22 23:29:00.747, 1, 78533, 97871, 0, 129.58
2026/09/22 23:29:00.747, 2, 78561, 97871, 0, 124.34
2026/09/22 23:29:00.747, 3, 78613, 97871, 0, 122.32
2026/09/22 23:29:00.947, 0, 78487, 97871, 0, 123.02
2026/09/22 23:29:00.947, 1, 78533, 97871, 0, 129.55
2026/09/22 23:29:00.947, 2, 78561, 97871, 0, 124.31
2026/09/22 23:29:00.947, 3, 78613, 97871, 0, 122.30
2026/09/22 23:29:01.148, 0, 78487, 97871, 0, 123.01
2026/09/22 23:29:01.148, 1, 78533, 97871, 0, 129.55
2026/09/22 23:29:01.148, 2, 78561, 97871, 0, 124.29
2026/09/22 23:29:01.148, 3, 78613, 97871, 0, 122.26
2026/09/22 23:29:01.348, 0, 78487, 97871, 0, 122.98
2026/09/22 23:29:01.348, 1, 78533, 97871, 0, 129.52
2026/09/22 23:29:01.348, 2, 78561, 97871, 0, 124.25
2026/09/22 23:29:01.348, 3, 78613, 97871, 0, 122.22
2026/09/22 23:29:01.548, 0, 78487, 97871, 0, 122.95
2026/09/22 23:29:01.548, 1, 78533, 97871, 0, 129.49
2026/09/22 23:29:01.548, 2, 78561, 97871, 0, 124.23
2026/09/22 23:29:01.548, 3, 78613, 97871, 0, 122.21
2026/09/22 23:29:01.748, 0, 78487, 97871, 0, 122.94
2026/09/22 23:29:01.748, 1, 78533, 97871, 0, 129.46
2026/09/22 23:29:01.748, 2, 78561, 97871, 0, 124.20
2026/09/22 23:29:01.748, 3, 78613, 97871, 0, 122.21
2026/09/22 23:29:01.948, 0, 78487, 97871, 0, 122.89
2026/09/22 23:29:01.948, 1, 78533, 97871, 0, 129.42
2026/09/22 23:29:01.948, 2, 78561, 97871, 0, 124.17
2026/09/22 23:29:01.948, 3, 78613, 97871, 0, 122.18
2026/09/22 23:29:02.148, 0, 78487, 97871, 0, 122.84
2026/09/22 23:29:02.148, 1, 78533, 97871, 0, 129.38
2026/09/22 23:29:02.148, 2, 78561, 97871, 0, 124.15
2026/09/22 23:29:02.148, 3, 78613, 97871, 0, 122.14
2026/09/22 23:29:02.348, 0, 78487, 97871, 0, 122.80
2026/09/22 23:29:02.348, 1, 78533, 97871, 0, 129.34
2026/09/22 23:29:02.349, 2, 78561, 97871, 0, 124.13
2026/09/22 23:29:02.349, 3, 78613, 97871, 0, 122.12
2026/09/22 23:29:02.549, 0, 78487, 97871, 0, 122.79
2026/09/22 23:29:02.549, 1, 78533, 97871, 0, 129.29
2026/09/22 23:29:02.549, 2, 78561, 97871, 0, 124.12
2026/09/22 23:29:02.549, 3, 78613, 97871, 0, 122.12
2026/09/22 23:29:02.749, 0, 78487, 97871, 0, 122.78
2026/09/22 23:29:02.749, 1, 78533, 97871, 0, 129.26
2026/09/22 23:29:02.749, 2, 78561, 97871, 0, 124.09
2026/09/22 23:29:02.749, 3, 78613, 97871, 0, 122.07
2026/09/22 23:29:02.949, 0, 78487, 97871, 0, 122.75
2026/09/22 23:29:02.949, 1, 78533, 97871, 0, 129.21
2026/09/22 23:29:02.949, 2, 78561, 97871, 0, 124.08
2026/09/22 23:29:02.949, 3, 78613, 97871, 0, 122.03
2026/09/22 23:29:03.149, 0, 78487, 97871, 0, 122.74
2026/09/22 23:29:03.149, 1, 78533, 97871, 0, 129.16
2026/09/22 23:29:03.149, 2, 78561, 97871, 0, 124.07
2026/09/22 23:29:03.149, 3, 78613, 97871, 0, 122.03
2026/09/22 23:29:03.349, 0, 78487, 97871, 0, 122.72
2026/09/22 23:29:03.349, 1, 78533, 97871, 0, 129.13
2026/09/22 23:29:03.349, 2, 78561, 97871, 0, 124.05
2026/09/22 23:29:03.349, 3, 78613, 97871, 0, 122.02
2026/09/22 23:29:03.549, 0, 78487, 97871, 0, 122.69
2026/09/22 23:29:03.549, 1, 78533, 97871, 0, 129.10
2026/09/22 23:29:03.549, 2, 78561, 97871, 0, 124.02
2026/09/22 23:29:03.549, 3, 78613, 97871, 0, 121.98
2026/09/22 23:29:03.749, 0, 78487, 97871, 0, 122.64
2026/09/22 23:29:03.750, 1, 78533, 97871, 0, 129.07
2026/09/22 23:29:03.750, 2, 78561, 97871, 0, 124.00
2026/09/22 23:29:03.750, 3, 78613, 97871, 0, 121.96
2026/09/22 23:29:03.950, 0, 78487, 97871, 0, 122.62
2026/09/22 23:29:03.950, 1, 78533, 97871, 0, 129.06
2026/09/22 23:29:03.950, 2, 78561, 97871, 0, 123.96
2026/09/22 23:29:03.950, 3, 78613, 97871, 0, 121.96
2026/09/22 23:29:04.150, 0, 78487, 97871, 0, 122.62
2026/09/22 23:29:04.150, 1, 78533, 97871, 0, 129.03
2026/09/22 23:29:04.150, 2, 78561, 97871, 0, 123.93
2026/09/22 23:29:04.150, 3, 78613, 97871, 0, 121.97
2026/09/22 23:29:04.350, 0, 78487, 97871, 0, 122.60
2026/09/22 23:29:04.350, 1, 78533, 97871, 0, 129.00
2026/09/22 23:29:04.350, 2, 78561, 97871, 0, 123.90
2026/09/22 23:29:04.350, 3, 78613, 97871, 0, 121.91
2026/09/22 23:29:04.550, 0, 78487, 97871, 0, 122.59
2026/09/22 23:29:04.550, 1, 78533, 97871, 0, 128.98
2026/09/22 23:29:04.550, 2, 78561, 97871, 0, 123.88
2026/09/22 23:29:04.550, 3, 78613, 97871, 0, 121.89
2026/09/22 23:29:04.750, 0, 78487, 97871, 0, 122.57
2026/09/22 23:29:04.750, 1, 78533, 97871, 0, 128.95
2026/09/22 23:29:04.750, 2, 78561, 97871, 0, 123.88
2026/09/22 23:29:04.750, 3, 78613, 97871, 0, 121.92
2026/09/22 23:29:04.950, 0, 78487, 97871, 0, 122.55
2026/09/22 23:29:04.951, 1, 78533, 97871, 0, 128.92
2026/09/22 23:29:04.951, 2, 79089, 97871, 0, 123.85
2026/09/22 23:29:04.951, 3, 78613, 97871, 0, 122.10
2026/09/22 23:29:05.151, 0, 78487, 97871, 0, 122.52
2026/09/22 23:29:05.151, 1, 78533, 97871, 0, 130.00
2026/09/22 23:29:05.151, 2, 79089, 97871, 100, 129.57
2026/09/22 23:29:05.151, 3, 78613, 97871, 0, 123.36
2026/09/22 23:29:05.351, 0, 78487, 97871, 0, 122.50
2026/09/22 23:29:05.351, 1, 78533, 97871, 0, 129.97
2026/09/22 23:29:05.351, 2, 79089, 97871, 100, 129.93
2026/09/22 23:29:05.351, 3, 78613, 97871, 0, 123.34
2026/09/22 23:29:05.551, 0, 78487, 97871, 0, 122.49
2026/09/22 23:29:05.551, 1, 78533, 97871, 0, 129.94
2026/09/22 23:29:05.551, 2, 79089, 97871, 100, 130.36
2026/09/22 23:29:05.551, 3, 78613, 97871, 0, 123.38
2026/09/22 23:29:05.751, 0, 78487, 97871, 0, 122.47
2026/09/22 23:29:05.751, 1, 78533, 97871, 0, 129.91
2026/09/22 23:29:05.751, 2, 79089, 97871, 100, 130.95
2026/09/22 23:29:05.751, 3, 78613, 97871, 0, 123.31
2026/09/22 23:29:05.951, 0, 78487, 97871, 0, 122.44
2026/09/22 23:29:05.951, 1, 78533, 97871, 0, 129.92
2026/09/22 23:29:05.951, 2, 79089, 97871, 100, 131.38
2026/09/22 23:29:05.951, 3, 78613, 97871, 0, 123.11
2026/09/22 23:29:06.151, 0, 78487, 97871, 0, 122.44
2026/09/22 23:29:06.152, 1, 78533, 97871, 0, 128.81
2026/09/22 23:29:06.152, 2, 79089, 97871, 100, 126.12
2026/09/22 23:29:06.152, 3, 78613, 97871, 0, 121.78
2026/09/22 23:29:06.352, 0, 78487, 97871, 0, 122.45
2026/09/22 23:29:06.352, 1, 78533, 97871, 0, 128.82
2026/09/22 23:29:06.352, 2, 79089, 97871, 100, 126.07
2026/09/22 23:29:06.352, 3, 78613, 97871, 0, 121.81
2026/09/22 23:29:06.552, 0, 78487, 97871, 0, 122.43
2026/09/22 23:29:06.552, 1, 78533, 97871, 0, 128.79
2026/09/22 23:29:06.552, 2, 79089, 97871, 100, 126.04
2026/09/22 23:29:06.552, 3, 78613, 97871, 0, 121.79
2026/09/22 23:29:06.752, 0, 78487, 97871, 0, 122.40
2026/09/22 23:29:06.752, 1, 78533, 97871, 0, 128.77
2026/09/22 23:29:06.752, 2, 79089, 97871, 100, 126.02
2026/09/22 23:29:06.752, 3, 78613, 97871, 0, 121.79
2026/09/22 23:29:06.952, 0, 78487, 97871, 0, 122.39
2026/09/22 23:29:06.952, 1, 78533, 97871, 0, 128.74
2026/09/22 23:29:06.952, 2, 79089, 97871, 100, 125.99
2026/09/22 23:29:06.952, 3, 78613, 97871, 0, 121.78
2026/09/22 23:29:07.152, 0, 78487, 97871, 0, 122.36
2026/09/22 23:29:07.152, 1, 78533, 97871, 0, 128.73
2026/09/22 23:29:07.152, 2, 79089, 97871, 100, 125.97
2026/09/22 23:29:07.152, 3, 78613, 97871, 0, 121.78
2026/09/22 23:29:07.352, 0, 78487, 97871, 0, 122.31
2026/09/22 23:29:07.353, 1, 78533, 97871, 0, 128.69
2026/09/22 23:29:07.353, 2, 79089, 97871, 100, 125.96
2026/09/22 23:29:07.353, 3, 78613, 97871, 0, 121.74
2026/09/22 23:29:07.553, 0, 78487, 97871, 0, 122.33
2026/09/22 23:29:07.553, 1, 78533, 97871, 0, 128.68
2026/09/22 23:29:07.553, 2, 79089, 97871, 100, 125.94
2026/09/22 23:29:07.553, 3, 78613, 97871, 0, 121.68
2026/09/22 23:29:07.753, 0, 78487, 97871, 0, 122.31
2026/09/22 23:29:07.753, 1, 78533, 97871, 0, 128.65
2026/09/22 23:29:07.753, 2, 79089, 97871, 100, 125.93
2026/09/22 23:29:07.753, 3, 78613, 97871, 0, 121.67
2026/09/22 23:29:07.953, 0, 78487, 97871, 0, 122.27
2026/09/22 23:29:07.953, 1, 78533, 97871, 0, 128.61
2026/09/22 23:29:07.953, 2, 79089, 97871, 100, 125.92
2026/09/22 23:29:07.953, 3, 78613, 97871, 0, 121.67
2026/09/22 23:29:08.153, 0, 78487, 97871, 0, 122.26
2026/09/22 23:29:08.153, 1, 78533, 97871, 0, 128.58
2026/09/22 23:29:08.153, 2, 79089, 97871, 100, 125.90
2026/09/22 23:29:08.153, 3, 78613, 97871, 0, 121.65
2026/09/22 23:29:08.353, 0, 78487, 97871, 0, 122.25
2026/09/22 23:29:08.353, 1, 78533, 97871, 0, 128.57
2026/09/22 23:29:08.353, 2, 79089, 97871, 100, 125.87
2026/09/22 23:29:08.353, 3, 78613, 97871, 0, 121.64
2026/09/22 23:29:08.553, 0, 78487, 97871, 0, 122.18
2026/09/22 23:29:08.553, 1, 78533, 97871, 0, 128.52
2026/09/22 23:29:08.553, 2, 79089, 97871, 100, 125.84
2026/09/22 23:29:08.553, 3, 78613, 97871, 0, 121.64
2026/09/22 23:29:08.754, 0, 78487, 97871, 0, 122.19
2026/09/22 23:29:08.754, 1, 78533, 97871, 0, 128.51
2026/09/22 23:29:08.754, 2, 79089, 97871, 100, 125.83
2026/09/22 23:29:08.754, 3, 78613, 97871, 0, 121.61
2026/09/22 23:29:08.954, 0, 78487, 97871, 0, 122.14
2026/09/22 23:29:08.954, 1, 78533, 97871, 0, 128.50
2026/09/22 23:29:08.954, 2, 79089, 97871, 100, 125.93
2026/09/22 23:29:08.954, 3, 78613, 97871, 0, 121.58
2026/09/22 23:29:09.154, 0, 78487, 97871, 0, 122.10
2026/09/22 23:29:09.154, 1, 78533, 97871, 0, 128.47
2026/09/22 23:29:09.154, 2, 79089, 97871, 100, 125.97
2026/09/22 23:29:09.154, 3, 78613, 97871, 0, 121.56
2026/09/22 23:29:09.354, 0, 78487, 97871, 0, 122.08
2026/09/22 23:29:09.354, 1, 78533, 97871, 0, 128.42
2026/09/22 23:29:09.354, 2, 79089, 97871, 100, 126.04
2026/09/22 23:29:09.354, 3, 78613, 97871, 0, 121.57
2026/09/22 23:29:09.554, 0, 78487, 97871, 0, 122.07
2026/09/22 23:29:09.554, 1, 78533, 97871, 0, 128.41
2026/09/22 23:29:09.554, 2, 79089, 97871, 100, 126.13
2026/09/22 23:29:09.554, 3, 78613, 97871, 0, 121.55
2026/09/22 23:29:09.754, 0, 78487, 97871, 0, 122.02
2026/09/22 23:29:09.754, 1, 78533, 97871, 0, 128.35
2026/09/22 23:29:09.754, 2, 79089, 97871, 100, 126.18
2026/09/22 23:29:09.754, 3, 78613, 97871, 0, 121.54
2026/09/22 23:29:09.954, 0, 78487, 97871, 0, 122.03
2026/09/22 23:29:09.955, 1, 78533, 97871, 0, 128.34
2026/09/22 23:29:09.955, 2, 79089, 97871, 100, 126.13
2026/09/22 23:29:09.955, 3, 78613, 97871, 0, 121.54
2026/09/22 23:29:10.155, 0, 78487, 97871, 0, 122.02
2026/09/22 23:29:10.155, 1, 78533, 97871, 0, 128.31
2026/09/22 23:29:10.155, 2, 79089, 97871, 100, 126.14
2026/09/22 23:29:10.155, 3, 78613, 97871, 0, 121.54
2026/09/22 23:29:10.355, 0, 78487, 97871, 0, 122.01
2026/09/22 23:29:10.355, 1, 78533, 97871, 0, 128.37
2026/09/22 23:29:10.355, 2, 79089, 97871, 100, 126.12
2026/09/22 23:29:10.355, 3, 78613, 97871, 0, 121.51
2026/09/22 23:29:10.555, 0, 78487, 97871, 0, 123.10
2026/09/22 23:29:10.555, 1, 79061, 97871, 34, 134.06
2026/09/22 23:29:10.555, 2, 79089, 97871, 100, 127.66
2026/09/22 23:29:10.555, 3, 78613, 97871, 0, 122.94
2026/09/22 23:29:10.755, 0, 78487, 97871, 0, 123.10
2026/09/22 23:29:10.755, 1, 79061, 97871, 100, 134.56
2026/09/22 23:29:10.755, 2, 79089, 97871, 100, 127.75
2026/09/22 23:29:10.755, 3, 78613, 97871, 0, 122.94
2026/09/22 23:29:10.955, 0, 78487, 97871, 0, 123.08
2026/09/22 23:29:10.955, 1, 79061, 97871, 100, 135.16
2026/09/22 23:29:10.955, 2, 79089, 97871, 100, 127.86
2026/09/22 23:29:10.955, 3, 78613, 97871, 0, 122.89
2026/09/22 23:29:11.155, 0, 78487, 97871, 0, 123.09
2026/09/22 23:29:11.156, 1, 79061, 97871, 100, 135.51
2026/09/22 23:29:11.156, 2, 79089, 97871, 100, 127.93
2026/09/22 23:29:11.156, 3, 78613, 97871, 0, 122.85
2026/09/22 23:29:11.356, 0, 78487, 97871, 0, 123.08
2026/09/22 23:29:11.356, 1, 79061, 97871, 100, 135.97
2026/09/22 23:29:11.356, 2, 79089, 97871, 100, 127.97
2026/09/22 23:29:11.356, 3, 78613, 97871, 0, 122.81
2026/09/22 23:29:11.556, 0, 78487, 97871, 0, 121.97
2026/09/22 23:29:11.556, 1, 79061, 97871, 100, 130.68
2026/09/22 23:29:11.556, 2, 79089, 97871, 100, 126.54
2026/09/22 23:29:11.556, 3, 78613, 97871, 0, 121.36
2026/09/22 23:29:11.756, 0, 78487, 97871, 0, 121.96
2026/09/22 23:29:11.756, 1, 79061, 97871, 100, 130.65
2026/09/22 23:29:11.756, 2, 79089, 97871, 100, 126.50
2026/09/22 23:29:11.756, 3, 78613, 97871, 0, 121.34
2026/09/22 23:29:11.956, 0, 78487, 97871, 0, 121.96
2026/09/22 23:29:11.956, 1, 79061, 97871, 100, 130.63
2026/09/22 23:29:11.956, 2, 79089, 97871, 100, 126.46
2026/09/22 23:29:11.956, 3, 78613, 97871, 0, 121.33
2026/09/22 23:29:12.156, 0, 78487, 97871, 0, 121.94
2026/09/22 23:29:12.156, 1, 79061, 97871, 100, 130.58
2026/09/22 23:29:12.156, 2, 79089, 97871, 100, 126.45
2026/09/22 23:29:12.156, 3, 78613, 97871, 0, 121.29
2026/09/22 23:29:12.356, 0, 78487, 97871, 0, 121.92
2026/09/22 23:29:12.357, 1, 79061, 97871, 100, 130.55
2026/09/22 23:29:12.357, 2, 79089, 97871, 100, 126.42
2026/09/22 23:29:12.357, 3, 78613, 97871, 0, 121.30
2026/09/22 23:29:12.557, 0, 78487, 97871, 0, 121.90
2026/09/22 23:29:12.557, 1, 79061, 97871, 100, 130.55
2026/09/22 23:29:12.557, 2, 79089, 97871, 100, 126.39
2026/09/22 23:29:12.557, 3, 78613, 97871, 0, 121.27
2026/09/22 23:29:12.757, 0, 78487, 97871, 0, 121.85
2026/09/22 23:29:12.757, 1, 79061, 97871, 100, 130.51
2026/09/22 23:29:12.757, 2, 79089, 97871, 100, 126.36
2026/09/22 23:29:12.757, 3, 78613, 97871, 0, 121.25
2026/09/22 23:29:12.957, 0, 78487, 97871, 0, 121.83
2026/09/22 23:29:12.957, 1, 79061, 97871, 100, 130.48
2026/09/22 23:29:12.957, 2, 79089, 97871, 100, 126.35
2026/09/22 23:29:12.957, 3, 78613, 97871, 0, 121.25
2026/09/22 23:29:13.157, 0, 78487, 97871, 0, 121.84
2026/09/22 23:29:13.157, 1, 79061, 97871, 100, 130.51
2026/09/22 23:29:13.157, 2, 79089, 97871, 100, 126.31
2026/09/22 23:29:13.157, 3, 78613, 97871, 0, 121.26
2026/09/22 23:29:13.357, 0, 78487, 97871, 0, 121.83
2026/09/22 23:29:13.357, 1, 79061, 97871, 100, 130.49
2026/09/22 23:29:13.357, 2, 79089, 97871, 100, 126.30
2026/09/22 23:29:13.357, 3, 78613, 97871, 0, 121.24
2026/09/22 23:29:13.557, 0, 78487, 97871, 0, 121.81
2026/09/22 23:29:13.557, 1, 79061, 97871, 100, 130.45
2026/09/22 23:29:13.557, 2, 79089, 97871, 100, 126.28
2026/09/22 23:29:13.557, 3, 78613, 97871, 0, 121.21
2026/09/22 23:29:13.757, 0, 78487, 97871, 0, 121.81
2026/09/22 23:29:13.758, 1, 79061, 97871, 100, 130.44
2026/09/22 23:29:13.758, 2, 79089, 97871, 100, 126.25
2026/09/22 23:29:13.758, 3, 78613, 97871, 0, 121.19
2026/09/22 23:29:13.958, 0, 78487, 97871, 0, 121.79
2026/09/22 23:29:13.958, 1, 79061, 97871, 100, 130.40
2026/09/22 23:29:13.958, 2, 79089, 97871, 100, 126.23
2026/09/22 23:29:13.958, 3, 78613, 97871, 0, 121.19
2026/09/22 23:29:14.158, 0, 78487, 97871, 0, 121.77
2026/09/22 23:29:14.158, 1, 79061, 97871, 100, 130.35
2026/09/22 23:29:14.158, 2, 79089, 97871, 100, 126.21
2026/09/22 23:29:14.158, 3, 78613, 97871, 0, 121.18
2026/09/22 23:29:14.358, 0, 78487, 97871, 0, 121.74
2026/09/22 23:29:14.358, 1, 79061, 97871, 100, 130.34
2026/09/22 23:29:14.358, 2, 79089, 97871, 100, 126.20
2026/09/22 23:29:14.358, 3, 78613, 97871, 0, 121.17
2026/09/22 23:29:14.558, 0, 78487, 97871, 0, 121.75
2026/09/22 23:29:14.558, 1, 79061, 97871, 100, 130.31
2026/09/22 23:29:14.558, 2, 79089, 97871, 100, 126.19
2026/09/22 23:29:14.558, 3, 78613, 97871, 0, 121.17
2026/09/22 23:29:14.758, 0, 78487, 97871, 0, 121.71
2026/09/22 23:29:14.758, 1, 79061, 97871, 100, 130.28
2026/09/22 23:29:14.758, 2, 79089, 97871, 100, 126.17
2026/09/22 23:29:14.758, 3, 78613, 97871, 0, 121.18
2026/09/22 23:29:14.958, 0, 78487, 97871, 0, 121.72
2026/09/22 23:29:14.958, 1, 79061, 97871, 100, 130.27
2026/09/22 23:29:14.958, 2, 79089, 97871, 100, 126.14
2026/09/22 23:29:14.959, 3, 78613, 97871, 0, 121.16
2026/09/22 23:29:15.159, 0, 78487, 97871, 0, 121.68
2026/09/22 23:29:15.159, 1, 79061, 97871, 100, 130.23
2026/09/22 23:29:15.159, 2, 79089, 97871, 100, 126.12
2026/09/22 23:29:15.159, 3, 78613, 97871, 0, 121.15
2026/09/22 23:29:15.359, 0, 78487, 97871, 0, 121.65
2026/09/22 23:29:15.359, 1, 79061, 97871, 100, 130.20
2026/09/22 23:29:15.359, 2, 79089, 97871, 100, 126.11
2026/09/22 23:29:15.359, 3, 78613, 97871, 0, 121.17
2026/09/22 23:29:15.559, 0, 78487, 97871, 0, 121.64
2026/09/22 23:29:15.559, 1, 79061, 97871, 100, 130.17
2026/09/22 23:29:15.559, 2, 79089, 97871, 100, 126.07
2026/09/22 23:29:15.559, 3, 78613, 97871, 0, 121.15
2026/09/22 23:29:15.759, 0, 78487, 97871, 0, 121.80
2026/09/22 23:29:15.759, 1, 79061, 97871, 100, 130.15
2026/09/22 23:29:15.759, 2, 79089, 97871, 100, 126.12
2026/09/22 23:29:15.759, 3, 79669, 97871, 0, 137.02
2026/09/22 23:29:15.959, 0, 78487, 97871, 0, 123.02
2026/09/22 23:29:15.959, 1, 79061, 97871, 100, 130.14
2026/09/22 23:29:15.959, 2, 79089, 97871, 100, 126.96
2026/09/22 23:29:15.960, 3, 79669, 97871, 100, 137.29
2026/09/22 23:29:16.160, 0, 78487, 97871, 0, 123.00
2026/09/22 23:29:16.160, 1, 79061, 97871, 100, 130.12
2026/09/22 23:29:16.160, 2, 79089, 97871, 100, 126.85
2026/09/22 23:29:16.160, 3, 79669, 97871, 100, 138.11
2026/09/22 23:29:16.360, 0, 78487, 97871, 0, 123.01
2026/09/22 23:29:16.360, 1, 79061, 97871, 100, 130.09
2026/09/22 23:29:16.360, 2, 79089, 97871, 100, 126.72
2026/09/22 23:29:16.360, 3, 79669, 97871, 100, 138.58
2026/09/22 23:29:16.560, 0, 78487, 97871, 0, 122.98
2026/09/22 23:29:16.560, 1, 79061, 97871, 100, 130.09
2026/09/22 23:29:16.560, 2, 79089, 97871, 100, 126.62
2026/09/22 23:29:16.560, 3, 79669, 97871, 100, 138.71
2026/09/22 23:29:16.760, 0, 78487, 97871, 0, 122.98
2026/09/22 23:29:16.760, 1, 79061, 97871, 100, 130.06
2026/09/22 23:29:16.760, 2, 79089, 97871, 100, 126.49
2026/09/22 23:29:16.760, 3, 79669, 97871, 100, 123.65
2026/09/22 23:29:16.960, 0, 78487, 97871, 0, 121.56
2026/09/22 23:29:16.960, 1, 79061, 97871, 100, 130.04
2026/09/22 23:29:16.960, 2, 79089, 97871, 100, 125.46
2026/09/22 23:29:16.960, 3, 79669, 97871, 100, 123.54
2026/09/22 23:29:17.160, 0, 78487, 97871, 0, 121.53
2026/09/22 23:29:17.161, 1, 79061, 97871, 100, 130.01
2026/09/22 23:29:17.161, 2, 79089, 97871, 100, 125.44
2026/09/22 23:29:17.161, 3, 79669, 97871, 100, 123.53
2026/09/22 23:29:17.361, 0, 78487, 97871, 0, 121.53
2026/09/22 23:29:17.361, 1, 79061, 97871, 100, 130.00
2026/09/22 23:29:17.361, 2, 79089, 97871, 100, 125.40
2026/09/22 23:29:17.361, 3, 79669, 97871, 100, 123.49
2026/09/22 23:29:17.561, 0, 78487, 97871, 0, 121.52
2026/09/22 23:29:17.561, 1, 79061, 97871, 100, 130.00
2026/09/22 23:29:17.561, 2, 79089, 97871, 100, 125.40
2026/09/22 23:29:17.561, 3, 79669, 97871, 100, 123.49
2026/09/22 23:29:17.761, 0, 78487, 97871, 0, 121.51
2026/09/22 23:29:17.761, 1, 79061, 97871, 100, 129.98
2026/09/22 23:29:17.761, 2, 79089, 97871, 100, 125.39
2026/09/22 23:29:17.761, 3, 79669, 97871, 100, 123.49
2026/09/22 23:29:17.961, 0, 78487, 97871, 0, 121.51
2026/09/22 23:29:17.961, 1, 79061, 97871, 100, 129.96
2026/09/22 23:29:17.961, 2, 79089, 97871, 100, 125.37
2026/09/22 23:29:17.961, 3, 79669, 97871, 100, 123.47
2026/09/22 23:29:18.161, 0, 78487, 97871, 0, 121.52
2026/09/22 23:29:18.161, 1, 79061, 97871, 100, 129.97
2026/09/22 23:29:18.161, 2, 79089, 97871, 100, 125.35
2026/09/22 23:29:18.161, 3, 79669, 97871, 100, 123.45
2026/09/22 23:29:18.361, 0, 78487, 97871, 0, 121.52
2026/09/22 23:29:18.361, 1, 79061, 97871, 100, 129.94
2026/09/22 23:29:18.361, 2, 79089, 97871, 100, 125.33
2026/09/22 23:29:18.362, 3, 79669, 97871, 100, 123.47
2026/09/22 23:29:18.562, 0, 78487, 97871, 0, 121.52
2026/09/22 23:29:18.562, 1, 79061, 97871, 100, 129.95
2026/09/22 23:29:18.562, 2, 79089, 97871, 100, 125.32
2026/09/22 23:29:18.562, 3, 79669, 97871, 100, 123.45
2026/09/22 23:29:18.762, 0, 78487, 97871, 0, 121.55
2026/09/22 23:29:18.762, 1, 79061, 97871, 100, 129.94
2026/09/22 23:29:18.762, 2, 79089, 97871, 100, 125.31
2026/09/22 23:29:18.762, 3, 79669, 97871, 100, 123.40
2026/09/22 23:29:18.962, 0, 78487, 97871, 0, 121.55
2026/09/22 23:29:18.962, 1, 79061, 97871, 100, 129.92
2026/09/22 23:29:18.962, 2, 79089, 97871, 100, 125.31
2026/09/22 23:29:18.962, 3, 79669, 97871, 100, 123.37
2026/09/22 23:29:19.162, 0, 78487, 97871, 0, 121.52
2026/09/22 23:29:19.162, 1, 79061, 97871, 100, 129.90
2026/09/22 23:29:19.162, 2, 79089, 97871, 100, 125.31
2026/09/22 23:29:19.162, 3, 79669, 97871, 100, 123.35
2026/09/22 23:29:19.362, 0, 78487, 97871, 0, 121.52
2026/09/22 23:29:19.362, 1, 79061, 97871, 100, 129.91
2026/09/22 23:29:19.362, 2, 79089, 97871, 100, 125.30
2026/09/22 23:29:19.362, 3, 79669, 97871, 100, 123.34
2026/09/22 23:29:19.562, 0, 78487, 97871, 0, 121.51
2026/09/22 23:29:19.562, 1, 79061, 97871, 100, 129.86
2026/09/22 23:29:19.562, 2, 79089, 97871, 100, 125.28
2026/09/22 23:29:19.562, 3, 79669, 97871, 100, 123.30
2026/09/22 23:29:19.762, 0, 78487, 97871, 0, 121.50
2026/09/22 23:29:19.763, 1, 79061, 97871, 100, 129.84
2026/09/22 23:29:19.763, 2, 79089, 97871, 100, 125.26
2026/09/22 23:29:19.763, 3, 79669, 97871, 100, 123.28
2026/09/22 23:29:19.963, 0, 78487, 97871, 0, 121.47
2026/09/22 23:29:19.963, 1, 79061, 97871, 100, 129.82
2026/09/22 23:29:19.963, 2, 79089, 97871, 100, 125.24
2026/09/22 23:29:19.963, 3, 79669, 97871, 100, 123.29
2026/09/22 23:29:20.163, 0, 78487, 97871, 0, 121.47
2026/09/22 23:29:20.163, 1, 79061, 97871, 100, 129.79
2026/09/22 23:29:20.163, 2, 79089, 97871, 100, 125.23
2026/09/22 23:29:20.163, 3, 79669, 97871, 100, 123.29
2026/09/22 23:29:20.363, 0, 78487, 97871, 0, 121.44
2026/09/22 23:29:20.363, 1, 79061, 97871, 100, 129.76
2026/09/22 23:29:20.363, 2, 79089, 97871, 100, 125.24
2026/09/22 23:29:20.363, 3, 79669, 97871, 100, 123.28
2026/09/22 23:29:20.563, 0, 78487, 97871, 0, 121.43
2026/09/22 23:29:20.563, 1, 79061, 97871, 100, 129.72
2026/09/22 23:29:20.563, 2, 79089, 97871, 100, 125.21
2026/09/22 23:29:20.563, 3, 79669, 97871, 100, 123.26
2026/09/22 23:29:20.763, 0, 79543, 97871, 0, 138.15
2026/09/22 23:29:20.763, 1, 79061, 97871, 100, 144.39
2026/09/22 23:29:20.763, 2, 79089, 97871, 100, 135.11
2026/09/22 23:29:20.763, 3, 79669, 97871, 100, 148.55
2026/09/22 23:29:20.964, 0, 79543, 97871, 100, 170.43
2026/09/22 23:29:20.964, 1, 79061, 97871, 100, 187.11
2026/09/22 23:29:20.964, 2, 79089, 97871, 100, 171.84
2026/09/22 23:29:20.964, 3, 79669, 97871, 100, 182.66
2026/09/22 23:29:21.164, 0, 79543, 97871, 100, 200.51
2026/09/22 23:29:21.164, 1, 79061, 97871, 100, 217.48
2026/09/22 23:29:21.164, 2, 79089, 97871, 100, 208.68
2026/09/22 23:29:21.164, 3, 79669, 97871, 100, 220.68
2026/09/22 23:29:21.364, 0, 79543, 97871, 100, 240.07
2026/09/22 23:29:21.364, 1, 79061, 97871, 100, 233.54
2026/09/22 23:29:21.364, 2, 79089, 97871, 100, 231.05
2026/09/22 23:29:21.364, 3, 79669, 97871, 100, 251.58
2026/09/22 23:29:21.564, 0, 79543, 97871, 100, 281.96
2026/09/22 23:29:21.564, 1, 79061, 97871, 100, 269.49
2026/09/22 23:29:21.564, 2, 79089, 97871, 100, 257.85
2026/09/22 23:29:21.564, 3, 79669, 97871, 100, 292.25
2026/09/22 23:29:21.764, 0, 79543, 97871, 100, 305.09
2026/09/22 23:29:21.764, 1, 79061, 97871, 100, 292.31
2026/09/22 23:29:21.764, 2, 79089, 97871, 100, 290.79
2026/09/22 23:29:21.764, 3, 79669, 97871, 100, 308.08
2026/09/22 23:29:21.964, 0, 79543, 97871, 100, 300.57
2026/09/22 23:29:21.964, 1, 79061, 97871, 100, 287.43
2026/09/22 23:29:21.964, 2, 79089, 97871, 100, 291.74
2026/09/22 23:29:21.964, 3, 79669, 97871, 100, 311.86
2026/09/22 23:29:22.164, 0, 79543, 97871, 100, 302.71
2026/09/22 23:29:22.164, 1, 79061, 97871, 100, 286.36
2026/09/22 23:29:22.164, 2, 79089, 97871, 100, 282.21
2026/09/22 23:29:22.164, 3, 79669, 97871, 100, 311.14
2026/09/22 23:29:22.364, 0, 79543, 97871, 100, 298.67
2026/09/22 23:29:22.364, 1, 79061, 97871, 100, 296.61
2026/09/22 23:29:22.365, 2, 79089, 97871, 100, 292.51
2026/09/22 23:29:22.365, 3, 79669, 97871, 100, 320.57
2026/09/22 23:29:22.565, 0, 80049, 97871, 100, 286.55
2026/09/22 23:29:22.565, 1, 79569, 97871, 100, 285.32
2026/09/22 23:29:22.565, 2, 79597, 97871, 81, 300.18
2026/09/22 23:29:22.565, 3, 80177, 97871, 100, 291.15
2026/09/22 23:29:22.765, 0, 80079, 97871, 1, 245.77
2026/09/22 23:29:22.766, 1, 79597, 97871, 1, 248.50
2026/09/22 23:29:22.767, 2, 79625, 97871, 1, 258.64
2026/09/22 23:29:22.767, 3, 80205, 97871, 1, 249.55
2026/09/22 23:29:22.967, 0, 80081, 97871, 0, 224.81
2026/09/22 23:29:22.967, 1, 80559, 97871, 0, 219.73
2026/09/22 23:29:22.967, 2, 80587, 97871, 2, 219.76
2026/09/22 23:29:22.967, 3, 80205, 97871, 0, 220.94
2026/09/22 23:29:23.167, 0, 80081, 97871, 19, 190.33
2026/09/22 23:29:23.167, 1, 80559, 97871, 7, 182.71
2026/09/22 23:29:23.167, 2, 80587, 97871, 0, 194.12
2026/09/22 23:29:23.167, 3, 80205, 97871, 7, 183.63
2026/09/22 23:29:23.367, 0, 80081, 97871, 0, 157.95
2026/09/22 23:29:23.368, 1, 80559, 97871, 0, 157.54
2026/09/22 23:29:23.368, 2, 80587, 97871, 0, 164.23
2026/09/22 23:29:23.368, 3, 80205, 97871, 0, 139.98
2026/09/22 23:29:23.568, 0, 10659, 97871, 0, 130.44
2026/09/22 23:29:23.568, 1, 10703, 97871, 0, 138.16
2026/09/22 23:29:23.568, 2, 10731, 97871, 39, 131.18
2026/09/22 23:29:23.568, 3, 10783, 97871, 0, 132.90
2026/09/22 23:29:23.768, 0, 11161, 97871, 100, 133.00
2026/09/22 23:29:23.775, 1, 11205, 97871, 100, 140.75
2026/09/22 23:29:23.776, 2, 11735, 97871, 100, 133.92
2026/09/22 23:29:23.776, 3, 11285, 97871, 100, 134.16
2026/09/22 23:29:23.976, 0, 29313, 97871, 10, 145.37
2026/09/22 23:29:23.976, 1, 29357, 97871, 0, 150.49
2026/09/22 23:29:23.976, 2, 29385, 97871, 68, 146.23
2026/09/22 23:29:23.976, 3, 29437, 97871, 0, 161.30
2026/09/22 23:29:24.176, 0, 29313, 97871, 100, 174.23
2026/09/22 23:29:24.176, 1, 29357, 97871, 100, 184.22
2026/09/22 23:29:24.176, 2, 29385, 97871, 100, 183.16
2026/09/22 23:29:24.176, 3, 29437, 97871, 100, 200.51
2026/09/22 23:29:24.376, 0, 29313, 97871, 100, 200.70
2026/09/22 23:29:24.376, 1, 29357, 97871, 100, 220.07
2026/09/22 23:29:24.376, 2, 29385, 97871, 100, 222.17
2026/09/22 23:29:24.376, 3, 29437, 97871, 100, 229.76
2026/09/22 23:29:24.576, 0, 29313, 97871, 100, 232.63
2026/09/22 23:29:24.576, 1, 29357, 97871, 100, 242.40
2026/09/22 23:29:24.576, 2, 29385, 97871, 100, 238.75
2026/09/22 23:29:24.576, 3, 29437, 97871, 100, 266.32
2026/09/22 23:29:24.776, 0, 29313, 97871, 100, 277.07
2026/09/22 23:29:24.776, 1, 29357, 97871, 100, 268.31
2026/09/22 23:29:24.776, 2, 29385, 97871, 100, 267.22
2026/09/22 23:29:24.776, 3, 29437, 97871, 100, 298.45
2026/09/22 23:29:24.977, 0, 29313, 97871, 100, 296.49
2026/09/22 23:29:24.977, 1, 29357, 97871, 100, 287.07
2026/09/22 23:29:24.977, 2, 29385, 97871, 100, 288.90
2026/09/22 23:29:24.977, 3, 29437, 97871, 100, 306.30
2026/09/22 23:29:25.177, 0, 29313, 97871, 100, 300.78
2026/09/22 23:29:25.177, 1, 29357, 97871, 100, 294.06
2026/09/22 23:29:25.177, 2, 29385, 97871, 100, 284.47
2026/09/22 23:29:25.177, 3, 29437, 97871, 100, 308.12
2026/09/22 23:29:25.377, 0, 29313, 97871, 100, 300.87
2026/09/22 23:29:25.377, 1, 29357, 97871, 100, 289.50
2026/09/22 23:29:25.377, 2, 29385, 97871, 100, 283.57
2026/09/22 23:29:25.377, 3, 29437, 97871, 100, 316.41
2026/09/22 23:29:25.577, 0, 29313, 97871, 100, 308.41
2026/09/22 23:29:25.577, 1, 29357, 97871, 100, 292.07
2026/09/22 23:29:25.577, 2, 29385, 97871, 100, 288.70
2026/09/22 23:29:25.577, 3, 29437, 97871, 100, 315.98
2026/09/22 23:29:25.777, 0, 29313, 97871, 100, 289.33
2026/09/22 23:29:25.777, 1, 29357, 97871, 100, 297.35
2026/09/22 23:29:25.777, 2, 29385, 97871, 100, 305.89
2026/09/22 23:29:25.777, 3, 29437, 97871, 100, 305.22
2026/09/22 23:29:25.977, 0, 29313, 97871, 89, 275.11
2026/09/22 23:29:25.977, 1, 29357, 97871, 68, 272.12
2026/09/22 23:29:25.977, 2, 29385, 97871, 27, 280.56
2026/09/22 23:29:25.977, 3, 29437, 97871, 85, 273.24
2026/09/22 23:29:26.177, 0, 29313, 97871, 0, 239.79
2026/09/22 23:29:26.178, 1, 29357, 97871, 0, 231.03
2026/09/22 23:29:26.178, 2, 29385, 97871, 0, 246.67
2026/09/22 23:29:26.178, 3, 29437, 97871, 0, 234.78
2026/09/22 23:29:26.378, 0, 29313, 97871, 0, 210.32
2026/09/22 23:29:26.378, 1, 29357, 97871, 0, 198.35
2026/09/22 23:29:26.378, 2, 29385, 97871, 0, 209.37
2026/09/22 23:29:26.378, 3, 29437, 97871, 0, 195.18
2026/09/22 23:29:26.578, 0, 29313, 97871, 0, 171.40
2026/09/22 23:29:26.578, 1, 29357, 97871, 0, 166.65
2026/09/22 23:29:26.578, 2, 29385, 97871, 0, 181.02
2026/09/22 23:29:26.578, 3, 29437, 97871, 0, 152.79
2026/09/22 23:29:26.778, 0, 29313, 97871, 0, 141.90
2026/09/22 23:29:26.778, 1, 29357, 97871, 0, 138.29
2026/09/22 23:29:26.778, 2, 29385, 97871, 0, 135.36
2026/09/22 23:29:26.778, 3, 29437, 97871, 0, 129.33
2026/09/22 23:29:26.978, 0, 29313, 97871, 0, 122.17
2026/09/22 23:29:26.978, 1, 29357, 97871, 0, 128.01
2026/09/22 23:29:26.978, 2, 29385, 97871, 0, 123.62
2026/09/22 23:29:26.978, 3, 29437, 97871, 0, 121.29
2026/09/22 23:29:27.178, 0, 29313, 97871, 0, 121.99
2026/09/22 23:29:27.178, 1, 29357, 97871, 0, 127.86
2026/09/22 23:29:27.178, 2, 29385, 97871, 0, 123.43
2026/09/22 23:29:27.178, 3, 29437, 97871, 0, 121.22
2026/09/22 23:29:27.378, 0, 29313, 97871, 0, 121.89
2026/09/22 23:29:27.378, 1, 29357, 97871, 0, 127.73
2026/09/22 23:29:27.378, 2, 29385, 97871, 0, 123.31
2026/09/22 23:29:27.378, 3, 29437, 97871, 0, 121.17
2026/09/22 23:29:27.579, 0, 29313, 97871, 0, 121.82
2026/09/22 23:29:27.579, 1, 29357, 97871, 0, 127.64
2026/09/22 23:29:27.579, 2, 29385, 97871, 0, 123.22
2026/09/22 23:29:27.579, 3, 29437, 97871, 0, 121.18
2026/09/22 23:29:27.779, 0, 29313, 97871, 0, 121.74
2026/09/22 23:29:27.779, 1, 29357, 97871, 0, 127.55
2026/09/22 23:29:27.779, 2, 29385, 97871, 0, 123.16
2026/09/22 23:29:27.779, 3, 29437, 97871, 0, 121.16
2026/09/22 23:29:27.979, 0, 29313, 97871, 0, 121.68
2026/09/22 23:29:27.979, 1, 29357, 97871, 0, 127.48
2026/09/22 23:29:27.979, 2, 29385, 97871, 0, 123.11
2026/09/22 23:29:27.979, 3, 29437, 97871, 0, 121.16
2026/09/22 23:29:28.179, 0, 29313, 97871, 0, 121.67
2026/09/22 23:29:28.179, 1, 29357, 97871, 0, 127.42
2026/09/22 23:29:28.179, 2, 29385, 97871, 0, 123.04
2026/09/22 23:29:28.179, 3, 29437, 97871, 0, 121.14
2026/09/22 23:29:28.379, 0, 29313, 97871, 0, 121.65
2026/09/22 23:29:28.379, 1, 29357, 97871, 0, 127.40
2026/09/22 23:29:28.379, 2, 29385, 97871, 0, 123.00
2026/09/22 23:29:28.379, 3, 29437, 97871, 0, 121.14
2026/09/22 23:29:28.579, 0, 29313, 97871, 0, 121.61
2026/09/22 23:29:28.579, 1, 29357, 97871, 0, 127.34
2026/09/22 23:29:28.579, 2, 29385, 97871, 0, 122.93
2026/09/22 23:29:28.579, 3, 29437, 97871, 0, 121.11
2026/09/22 23:29:28.779, 0, 29313, 97871, 0, 121.60
2026/09/22 23:29:28.780, 1, 29357, 97871, 0, 127.32
2026/09/22 23:29:28.780, 2, 29385, 97871, 0, 122.88
2026/09/22 23:29:28.780, 3, 29437, 97871, 0, 121.08
2026/09/22 23:29:28.980, 0, 29313, 97871, 0, 121.57
2026/09/22 23:29:28.980, 1, 29357, 97871, 0, 127.30
2026/09/22 23:29:28.980, 2, 29385, 97871, 0, 122.82
2026/09/22 23:29:28.980, 3, 29437, 97871, 0, 121.05
2026/09/22 23:29:29.180, 0, 29313, 97871, 0, 121.54
2026/09/22 23:29:29.180, 1, 29357, 97871, 0, 127.25
2026/09/22 23:29:29.180, 2, 29385, 97871, 0, 122.80
2026/09/22 23:29:29.180, 3, 29437, 97871, 0, 121.03
2026/09/22 23:29:29.380, 0, 29313, 97871, 0, 121.49
2026/09/22 23:29:29.380, 1, 29357, 97871, 0, 127.22
2026/09/22 23:29:29.380, 2, 29385, 97871, 0, 122.79
2026/09/22 23:29:29.380, 3, 29437, 97871, 0, 121.03
2026/09/22 23:29:29.580, 0, 29313, 97871, 0, 121.48
2026/09/22 23:29:29.580, 1, 29357, 97871, 0, 127.21
2026/09/22 23:29:29.580, 2, 29385, 97871, 0, 122.76
2026/09/22 23:29:29.580, 3, 29437, 97871, 0, 121.00
2026/09/22 23:29:29.780, 0, 29313, 97871, 0, 121.45
2026/09/22 23:29:29.780, 1, 29357, 97871, 0, 127.16
2026/09/22 23:29:29.780, 2, 29385, 97871, 0, 122.74
2026/09/22 23:29:29.780, 3, 29437, 97871, 0, 121.02
2026/09/22 23:29:29.981, 0, 29313, 97871, 0, 121.44
2026/09/22 23:29:29.981, 1, 29357, 97871, 0, 127.12
2026/09/22 23:29:29.981, 2, 29385, 97871, 0, 122.73
2026/09/22 23:29:29.981, 3, 29437, 97871, 0, 121.00
2026/09/22 23:29:30.181, 0, 29313, 97871, 0, 121.43
2026/09/22 23:29:30.181, 1, 29357, 97871, 0, 127.11
2026/09/22 23:29:30.181, 2, 29385, 97871, 0, 122.69
2026/09/22 23:29:30.181, 3, 29437, 97871, 0, 120.95
2026/09/22 23:29:30.381, 0, 29313, 97871, 0, 121.43
2026/09/22 23:29:30.381, 1, 29357, 97871, 0, 127.10
2026/09/22 23:29:30.381, 2, 29385, 97871, 0, 122.67
2026/09/22 23:29:30.381, 3, 29437, 97871, 0, 120.91
2026/09/22 23:29:30.581, 0, 29313, 97871, 0, 121.43
2026/09/22 23:29:30.581, 1, 29357, 97871, 0, 127.07
2026/09/22 23:29:30.581, 2, 29385, 97871, 0, 122.66
2026/09/22 23:29:30.581, 3, 29437, 97871, 0, 120.90
2026/09/22 23:29:30.781, 0, 29313, 97871, 0, 121.43
2026/09/22 23:29:30.781, 1, 29357, 97871, 0, 127.09
2026/09/22 23:29:30.781, 2, 29385, 97871, 0, 122.65
2026/09/22 23:29:30.781, 3, 29437, 97871, 0, 120.87
2026/09/22 23:29:30.981, 0, 29313, 97871, 0, 121.41
2026/09/22 23:29:30.981, 1, 29357, 97871, 0, 127.05
2026/09/22 23:29:30.981, 2, 29385, 97871, 0, 122.63
2026/09/22 23:29:30.981, 3, 29437, 97871, 0, 120.86
2026/09/22 23:29:31.181, 0, 29313, 97871, 0, 121.41
2026/09/22 23:29:31.182, 1, 29357, 97871, 0, 127.01
2026/09/22 23:29:31.182, 2, 29385, 97871, 0, 122.64
2026/09/22 23:29:31.182, 3, 29437, 97871, 0, 120.85
2026/09/22 23:29:31.382, 0, 29313, 97871, 0, 121.41
2026/09/22 23:29:31.382, 1, 29357, 97871, 0, 126.99
2026/09/22 23:29:31.382, 2, 29385, 97871, 0, 122.63
2026/09/22 23:29:31.382, 3, 29437, 97871, 0, 120.86
2026/09/22 23:29:31.582, 0, 29313, 97871, 0, 121.37
2026/09/22 23:29:31.582, 1, 29357, 97871, 0, 126.99
2026/09/22 23:29:31.582, 2, 29385, 97871, 0, 122.62
2026/09/22 23:29:31.582, 3, 29437, 97871, 0, 120.83
2026/09/22 23:29:31.782, 0, 29313, 97871, 0, 121.34
2026/09/22 23:29:31.783, 1, 29357, 97871, 0, 126.94
2026/09/22 23:29:31.783, 2, 29385, 97871, 0, 122.60
2026/09/22 23:29:31.783, 3, 29437, 97871, 0, 120.79
2026/09/22 23:29:31.983, 0, 29313, 97871, 0, 121.33
2026/09/22 23:29:31.983, 1, 29357, 97871, 0, 126.93
2026/09/22 23:29:31.983, 2, 29385, 97871, 0, 122.57
2026/09/22 23:29:31.983, 3, 29437, 97871, 0, 120.76
2026/09/22 23:29:32.183, 0, 29313, 97871, 0, 121.30
2026/09/22 23:29:32.183, 1, 29357, 97871, 0, 126.93
2026/09/22 23:29:32.183, 2, 29385, 97871, 0, 122.55
2026/09/22 23:29:32.183, 3, 29437, 97871, 0, 120.76
2026/09/22 23:29:32.383, 0, 29313, 97871, 0, 121.27
2026/09/22 23:29:32.383, 1, 29357, 97871, 0, 126.90
2026/09/22 23:29:32.383, 2, 29385, 97871, 0, 122.52
2026/09/22 23:29:32.383, 3, 29437, 97871, 0, 120.74
2026/09/22 23:29:32.584, 0, 29313, 97871, 0, 121.27
2026/09/22 23:29:32.584, 1, 29357, 97871, 0, 126.88
2026/09/22 23:29:32.584, 2, 29385, 97871, 0, 122.50
2026/09/22 23:29:32.584, 3, 29437, 97871, 0, 120.74
2026/09/22 23:29:32.784, 0, 29313, 97871, 0, 121.24
2026/09/22 23:29:32.784, 1, 29357, 97871, 0, 126.88
2026/09/22 23:29:32.784, 2, 29385, 97871, 0, 122.49
2026/09/22 23:29:32.784, 3, 29437, 97871, 0, 120.72
2026/09/22 23:29:32.984, 0, 29313, 97871, 0, 121.23
2026/09/22 23:29:32.984, 1, 29357, 97871, 0, 126.83
2026/09/22 23:29:32.984, 2, 29385, 97871, 0, 122.48
2026/09/22 23:29:32.984, 3, 29437, 97871, 0, 120.73
2026/09/22 23:29:33.184, 0, 29313, 97871, 0, 121.23
2026/09/22 23:29:33.184, 1, 29357, 97871, 0, 126.81
2026/09/22 23:29:33.184, 2, 29385, 97871, 0, 122.47
2026/09/22 23:29:33.184, 3, 29437, 97871, 0, 120.72
2026/09/22 23:29:33.384, 0, 29313, 97871, 0, 121.22
2026/09/22 23:29:33.384, 1, 29357, 97871, 0, 126.79
2026/09/22 23:29:33.384, 2, 29385, 97871, 0, 122.46
2026/09/22 23:29:33.384, 3, 29437, 97871, 0, 120.72
2026/09/22 23:29:33.584, 0, 29313, 97871, 0, 121.19
2026/09/22 23:29:33.584, 1, 29357, 97871, 0, 126.75
2026/09/22 23:29:33.584, 2, 29385, 97871, 0, 122.46
2026/09/22 23:29:33.584, 3, 29437, 97871, 0, 120.72
2026/09/22 23:29:33.784, 0, 29313, 97871, 0, 121.17
2026/09/22 23:29:33.784, 1, 29357, 97871, 0, 126.71
2026/09/22 23:29:33.784, 2, 29385, 97871, 0, 122.43
2026/09/22 23:29:33.785, 3, 29437, 97871, 0, 120.72
2026/09/22 23:29:33.985, 0, 29313, 97871, 0, 121.15
2026/09/22 23:29:33.985, 1, 29357, 97871, 0, 126.71
2026/09/22 23:29:33.985, 2, 29385, 97871, 0, 122.42
2026/09/22 23:29:33.985, 3, 29437, 97871, 0, 120.71
2026/09/22 23:29:34.185, 0, 29313, 97871, 0, 121.13
2026/09/22 23:29:34.185, 1, 29357, 97871, 0, 126.69
2026/09/22 23:29:34.185, 2, 29385, 97871, 0, 122.38
2026/09/22 23:29:34.185, 3, 29437, 97871, 0, 120.68
2026/09/22 23:29:34.385, 0, 29313, 97871, 0, 121.09
2026/09/22 23:29:34.385, 1, 29357, 97871, 0, 126.69
2026/09/22 23:29:34.385, 2, 29385, 97871, 0, 122.33
2026/09/22 23:29:34.385, 3, 29437, 97871, 0, 120.67
2026/09/22 23:29:34.585, 0, 29313, 97871, 0, 121.11
2026/09/22 23:29:34.585, 1, 29357, 97871, 0, 126.68
2026/09/22 23:29:34.585, 2, 29385, 97871, 0, 122.31
2026/09/22 23:29:34.585, 3, 29437, 97871, 0, 120.65
2026/09/22 23:29:34.785, 0, 29313, 97871, 0, 121.12
2026/09/22 23:29:34.785, 1, 29357, 97871, 0, 126.66
2026/09/22 23:29:34.785, 2, 29385, 97871, 0, 122.30
2026/09/22 23:29:34.785, 3, 29437, 97871, 0, 120.63
2026/09/22 23:29:34.985, 0, 29313, 97871, 0, 121.11
2026/09/22 23:29:34.985, 1, 29357, 97871, 0, 126.67
2026/09/22 23:29:34.985, 2, 29385, 97871, 0, 122.29
2026/09/22 23:29:34.985, 3, 29437, 97871, 0, 120.61
2026/09/22 23:29:35.185, 0, 29313, 97871, 0, 121.11
2026/09/22 23:29:35.186, 1, 29357, 97871, 0, 126.65
2026/09/22 23:29:35.186, 2, 29385, 97871, 0, 122.26
2026/09/22 23:29:35.186, 3, 29437, 97871, 0, 120.61
2026/09/22 23:29:35.386, 0, 29313, 97871, 0, 121.14
2026/09/22 23:29:35.386, 1, 29357, 97871, 0, 126.63
2026/09/22 23:29:35.386, 2, 29385, 97871, 0, 122.24
2026/09/22 23:29:35.386, 3, 29437, 97871, 0, 120.59
2026/09/22 23:29:35.586, 0, 29313, 97871, 0, 121.10
2026/09/22 23:29:35.586, 1, 29357, 97871, 0, 126.62
2026/09/22 23:29:35.586, 2, 29385, 97871, 0, 122.22
2026/09/22 23:29:35.586, 3, 29437, 97871, 0, 120.57
2026/09/22 23:29:35.786, 0, 29313, 97871, 0, 121.11
2026/09/22 23:29:35.786, 1, 29357, 97871, 0, 126.62
2026/09/22 23:29:35.786, 2, 29385, 97871, 0, 122.19
2026/09/22 23:29:35.786, 3, 29437, 97871, 0, 120.56
2026/09/22 23:29:35.986, 0, 29313, 97871, 0, 121.09
2026/09/22 23:29:35.986, 1, 29357, 97871, 0, 126.59
2026/09/22 23:29:35.986, 2, 29385, 97871, 0, 122.17
2026/09/22 23:29:35.986, 3, 29437, 97871, 0, 120.58
2026/09/22 23:29:36.186, 0, 29313, 97871, 0, 121.08
2026/09/22 23:29:36.186, 1, 29357, 97871, 0, 126.59
2026/09/22 23:29:36.186, 2, 29385, 97871, 0, 122.16
2026/09/22 23:29:36.186, 3, 29437, 97871, 0, 120.59
2026/09/22 23:29:36.386, 0, 29313, 97871, 0, 121.01
2026/09/22 23:29:36.386, 1, 29357, 97871, 0, 126.60
2026/09/22 23:29:36.386, 2, 29385, 97871, 0, 122.16
2026/09/22 23:29:36.386, 3, 29437, 97871, 0, 120.59
2026/09/22 23:29:36.587, 0, 29313, 97871, 0, 120.94
2026/09/22 23:29:36.587, 1, 29357, 97871, 0, 126.61
2026/09/22 23:29:36.587, 2, 29385, 97871, 0, 122.15
2026/09/22 23:29:36.587, 3, 29437, 97871, 0, 120.60
2026/09/22 23:29:36.787, 0, 29313, 97871, 0, 120.82
2026/09/22 23:29:36.787, 1, 29357, 97871, 0, 126.58
2026/09/22 23:29:36.787, 2, 29385, 97871, 0, 122.16
2026/09/22 23:29:36.787, 3, 29437, 97871, 0, 120.58
2026/09/22 23:29:36.987, 0, 29313, 97871, 0, 120.73
2026/09/22 23:29:36.987, 1, 29357, 97871, 0, 126.59
2026/09/22 23:29:36.987, 2, 29385, 97871, 0, 122.15
2026/09/22 23:29:36.987, 3, 29437, 97871, 0, 120.56
2026/09/22 23:29:37.187, 0, 29313, 97871, 0, 120.65
2026/09/22 23:29:37.187, 1, 29357, 97871, 0, 126.58
2026/09/22 23:29:37.187, 2, 29385, 97871, 0, 122.17
2026/09/22 23:29:37.187, 3, 29437, 97871, 0, 120.53
2026/09/22 23:29:37.387, 0, 29313, 97871, 0, 120.60
2026/09/22 23:29:37.387, 1, 29357, 97871, 0, 126.53
2026/09/22 23:29:37.387, 2, 29385, 97871, 0, 122.16
2026/09/22 23:29:37.387, 3, 29437, 97871, 0, 120.52
2026/09/22 23:29:37.587, 0, 29313, 97871, 0, 120.58
2026/09/22 23:29:37.587, 1, 29357, 97871, 0, 126.52
2026/09/22 23:29:37.587, 2, 29385, 97871, 0, 122.16
2026/09/22 23:29:37.587, 3, 29437, 97871, 0, 120.51
2026/09/22 23:29:37.787, 0, 29313, 97871, 0, 120.57
2026/09/22 23:29:37.787, 1, 29357, 97871, 0, 126.52
2026/09/22 23:29:37.787, 2, 29385, 97871, 0, 122.14
2026/09/22 23:29:37.787, 3, 29437, 97871, 0, 120.49
2026/09/22 23:29:37.988, 0, 29313, 97871, 0, 120.56
2026/09/22 23:29:37.988, 1, 29357, 97871, 0, 126.50
2026/09/22 23:29:37.988, 2, 29385, 97871, 0, 122.15
2026/09/22 23:29:37.988, 3, 29437, 97871, 0, 120.48
2026/09/22 23:29:38.188, 0, 29313, 97871, 0, 120.53
2026/09/22 23:29:38.188, 1, 29357, 97871, 0, 126.47
2026/09/22 23:29:38.188, 2, 29385, 97871, 0, 122.12
2026/09/22 23:29:38.188, 3, 29437, 97871, 0, 120.46
2026/09/22 23:29:38.388, 0, 29313, 97871, 0, 120.51
2026/09/22 23:29:38.388, 1, 29357, 97871, 0, 126.46
2026/09/22 23:29:38.388, 2, 29385, 97871, 0, 122.12
2026/09/22 23:29:38.388, 3, 29437, 97871, 0, 120.44
2026/09/22 23:29:38.588, 0, 29313, 97871, 0, 120.51
2026/09/22 23:29:38.588, 1, 29357, 97871, 0, 126.43
2026/09/22 23:29:38.588, 2, 29385, 97871, 0, 122.11
2026/09/22 23:29:38.588, 3, 29437, 97871, 0, 120.42
2026/09/22 23:29:38.788, 0, 29313, 97871, 0, 120.51
2026/09/22 23:29:38.788, 1, 29357, 97871, 0, 126.41
2026/09/22 23:29:38.788, 2, 29385, 97871, 0, 122.09
2026/09/22 23:29:38.788, 3, 29437, 97871, 0, 120.41
2026/09/22 23:29:38.988, 0, 29313, 97871, 0, 120.48
2026/09/22 23:29:38.988, 1, 29357, 97871, 0, 126.41
2026/09/22 23:29:38.988, 2, 29385, 97871, 0, 122.07
2026/09/22 23:29:38.988, 3, 29437, 97871, 0, 120.40
2026/09/22 23:29:39.188, 0, 29313, 97871, 0, 120.47
2026/09/22 23:29:39.188, 1, 29357, 97871, 0, 126.37
2026/09/22 23:29:39.188, 2, 29385, 97871, 0, 122.04
2026/09/22 23:29:39.188, 3, 29437, 97871, 0, 120.42
2026/09/22 23:29:39.389, 0, 29319, 97871, 0, 123.99
2026/09/22 23:29:39.389, 1, 29365, 97871, 0, 130.03
2026/09/22 23:29:39.389, 2, 29393, 97871, 22, 125.49
2026/09/22 23:29:39.389, 3, 29445, 97871, 23, 124.93
2026/09/22 23:29:39.589, 0, 29353, 97871, 5, 129.75
2026/09/22 23:29:39.589, 1, 29399, 97871, 0, 135.89
2026/09/22 23:29:39.589, 2, 29429, 97871, 77, 132.40
2026/09/22 23:29:39.589, 3, 29483, 97871, 54, 131.83
2026/09/22 23:29:39.789, 0, 29353, 97871, 20, 130.02
2026/09/22 23:29:39.789, 1, 29399, 97871, 0, 136.25
2026/09/22 23:29:39.789, 2, 29429, 97871, 0, 132.79
2026/09/22 23:29:39.789, 3, 29483, 97871, 0, 133.79
2026/09/22 23:29:39.989, 0, 29353, 97871, 0, 132.12
2026/09/22 23:29:39.989, 1, 29399, 97871, 40, 138.11
2026/09/22 23:29:39.989, 2, 29429, 97871, 100, 134.88
2026/09/22 23:29:39.989, 3, 29483, 97871, 100, 134.41
2026/09/22 23:29:40.190, 0, 29353, 97871, 100, 132.57
2026/09/22 23:29:40.190, 1, 29399, 97871, 100, 139.04
2026/09/22 23:29:40.190, 2, 29429, 97871, 100, 135.92
2026/09/22 23:29:40.190, 3, 29483, 97871, 100, 135.09
2026/09/22 23:29:40.390, 0, 29369, 97871, 100, 151.86
2026/09/22 23:29:40.390, 1, 29415, 97871, 100, 163.32
2026/09/22 23:29:40.390, 2, 29443, 97871, 97, 159.34
2026/09/22 23:29:40.390, 3, 29495, 97871, 98, 174.72
2026/09/22 23:29:40.590, 0, 29369, 97871, 100, 210.19
2026/09/22 23:29:40.590, 1, 29415, 97871, 100, 222.16
2026/09/22 23:29:40.590, 2, 29443, 97871, 100, 218.17
2026/09/22 23:29:40.590, 3, 29495, 97871, 100, 230.86
2026/09/22 23:29:40.790, 0, 29369, 97871, 100, 274.24
2026/09/22 23:29:40.790, 1, 29415, 97871, 100, 290.51
2026/09/22 23:29:40.790, 2, 29443, 97871, 100, 278.85
2026/09/22 23:29:40.791, 3, 29495, 97871, 100, 293.01
2026/09/22 23:29:40.991, 0, 29369, 97871, 100, 334.76
2026/09/22 23:29:40.991, 1, 29415, 97871, 100, 353.93
2026/09/22 23:29:40.991, 2, 29443, 97871, 100, 344.30
2026/09/22 23:29:40.991, 3, 29495, 97871, 100, 361.56
2026/09/22 23:29:41.191, 0, 29369, 97871, 100, 403.10
2026/09/22 23:29:41.191, 1, 29415, 97871, 100, 418.42
2026/09/22 23:29:41.191, 2, 29443, 97871, 100, 404.60
2026/09/22 23:29:41.191, 3, 29495, 97871, 100, 425.26
2026/09/22 23:29:41.391, 0, 29369, 97871, 100, 445.74
2026/09/22 23:29:41.391, 1, 29415, 97871, 100, 453.93
2026/09/22 23:29:41.391, 2, 29443, 97871, 100, 447.19
2026/09/22 23:29:41.391, 3, 29495, 97871, 100, 445.99
2026/09/22 23:29:41.591, 0, 29369, 97871, 100, 446.88
2026/09/22 23:29:41.591, 1, 29415, 97871, 100, 453.82
2026/09/22 23:29:41.591, 2, 29443, 97871, 100, 447.07
2026/09/22 23:29:41.591, 3, 29495, 97871, 100, 448.68
2026/09/22 23:29:41.791, 0, 29369, 97871, 100, 447.58
2026/09/22 23:29:41.791, 1, 29415, 97871, 100, 453.93
2026/09/22 23:29:41.791, 2, 29443, 97871, 100, 449.50
2026/09/22 23:29:41.791, 3, 29495, 97871, 100, 449.79
2026/09/22 23:29:41.992, 0, 29369, 97871, 100, 445.64
2026/09/22 23:29:41.992, 1, 29415, 97871, 100, 453.54
2026/09/22 23:29:41.992, 2, 29443, 97871, 100, 448.21
2026/09/22 23:29:41.992, 3, 29495, 97871, 100, 449.44
2026/09/22 23:29:42.192, 0, 29369, 97871, 100, 446.13
2026/09/22 23:29:42.192, 1, 29415, 97871, 100, 452.14
2026/09/22 23:29:42.192, 2, 29443, 97871, 100, 447.58
2026/09/22 23:29:42.192, 3, 29495, 97871, 100, 448.16
2026/09/22 23:29:42.392, 0, 29369, 97871, 100, 441.00
2026/09/22 23:29:42.392, 1, 29415, 97871, 100, 445.40
2026/09/22 23:29:42.392, 2, 29443, 97871, 100, 439.36
2026/09/22 23:29:42.392, 3, 29495, 97871, 97, 432.32
2026/09/22 23:29:42.592, 0, 29369, 97871, 89, 428.42
2026/09/22 23:29:42.592, 1, 29415, 97871, 93, 431.02
2026/09/22 23:29:42.592, 2, 29443, 97871, 100, 424.65
2026/09/22 23:29:42.592, 3, 29495, 97871, 100, 418.82
2026/09/22 23:29:42.792, 0, 29369, 97871, 100, 386.92
2026/09/22 23:29:42.792, 1, 29415, 97871, 100, 382.64
2026/09/22 23:29:42.792, 2, 29443, 97871, 28, 379.70
2026/09/22 23:29:42.792, 3, 29495, 97871, 0, 361.40
2026/09/22 23:29:42.992, 0, 29369, 97871, 0, 322.56
2026/09/22 23:29:42.992, 1, 29415, 97871, 0, 319.24
2026/09/22 23:29:42.992, 2, 29443, 97871, 0, 313.77
2026/09/22 23:29:42.992, 3, 29495, 97871, 0, 297.25
2026/09/22 23:29:43.193, 0, 29369, 97871, 0, 257.78
2026/09/22 23:29:43.193, 1, 29415, 97871, 0, 256.01
2026/09/22 23:29:43.193, 2, 29443, 97871, 0, 249.02
2026/09/22 23:29:43.193, 3, 29495, 97871, 0, 229.19
2026/09/22 23:29:43.393, 0, 29369, 97871, 0, 200.10
2026/09/22 23:29:43.393, 1, 29415, 97871, 0, 199.65
2026/09/22 23:29:43.393, 2, 29443, 97871, 0, 196.70
2026/09/22 23:29:43.393, 3, 29495, 97871, 0, 181.17
2026/09/22 23:29:43.593, 0, 29369, 97871, 0, 145.96
2026/09/22 23:29:43.593, 1, 29415, 97871, 0, 149.34
2026/09/22 23:29:43.593, 2, 29443, 97871, 0, 147.54
2026/09/22 23:29:43.593, 3, 29495, 97871, 0, 128.05
2026/09/22 23:29:43.793, 0, 29371, 97871, 0, 124.25
2026/09/22 23:29:43.793, 1, 29417, 97871, 0, 133.12
2026/09/22 23:29:43.793, 2, 29445, 97871, 1, 127.71
2026/09/22 23:29:43.793, 3, 29497, 97871, 1, 127.77
2026/09/22 23:29:43.993, 0, 29371, 97871, 56, 129.34
2026/09/22 23:29:43.993, 1, 29417, 97871, 100, 134.81
2026/09/22 23:29:43.993, 2, 29445, 97871, 100, 130.56
2026/09/22 23:29:43.993, 3, 29497, 97871, 100, 128.30
2026/09/22 23:29:44.193, 0, 29371, 97871, 100, 129.76
2026/09/22 23:29:44.193, 1, 29417, 97871, 100, 135.45
2026/09/22 23:29:44.193, 2, 29445, 97871, 100, 131.26
2026/09/22 23:29:44.193, 3, 29497, 97871, 100, 128.97
2026/09/22 23:29:44.394, 0, 29371, 97871, 100, 130.49
2026/09/22 23:29:44.394, 1, 29417, 97871, 100, 135.90
2026/09/22 23:29:44.394, 2, 29445, 97871, 100, 131.87
2026/09/22 23:29:44.394, 3, 29497, 97871, 100, 129.51
2026/09/22 23:29:44.594, 0, 29371, 97871, 100, 130.92
2026/09/22 23:29:44.594, 1, 29417, 97871, 100, 136.47
2026/09/22 23:29:44.594, 2, 29445, 97871, 100, 132.45
2026/09/22 23:29:44.594, 3, 29497, 97871, 100, 129.90
2026/09/22 23:29:44.794, 0, 29371, 97871, 100, 129.76
2026/09/22 23:29:44.794, 1, 29417, 97871, 100, 134.50
2026/09/22 23:29:44.794, 2, 29445, 97871, 100, 131.07
2026/09/22 23:29:44.794, 3, 29497, 97871, 100, 124.50
2026/09/22 23:29:44.994, 0, 29371, 97871, 100, 125.13
2026/09/22 23:29:44.994, 1, 29417, 97871, 100, 130.70
2026/09/22 23:29:44.994, 2, 29445, 97871, 100, 126.24
2026/09/22 23:29:44.994, 3, 29497, 97871, 100, 124.45
2026/09/22 23:29:45.194, 0, 29371, 97871, 100, 125.09
2026/09/22 23:29:45.194, 1, 29417, 97871, 100, 130.58
2026/09/22 23:29:45.194, 2, 29445, 97871, 100, 126.12
2026/09/22 23:29:45.194, 3, 29497, 97871, 100, 124.40
2026/09/22 23:29:45.394, 0, 29371, 97871, 100, 125.01
2026/09/22 23:29:45.394, 1, 29417, 97871, 100, 130.47
2026/09/22 23:29:45.394, 2, 29445, 97871, 100, 126.01
2026/09/22 23:29:45.394, 3, 29497, 97871, 100, 124.37
2026/09/22 23:29:45.594, 0, 36371, 97871, 100, 124.96
2026/09/22 23:29:45.594, 1, 36417, 97871, 100, 130.44
2026/09/22 23:29:45.594, 2, 36445, 97871, 100, 125.98
2026/09/22 23:29:45.594, 3, 36497, 97871, 100, 124.38
2026/09/22 23:29:45.795, 0, 38727, 97871, 100, 160.48
2026/09/22 23:29:45.795, 1, 38773, 97871, 100, 175.31
2026/09/22 23:29:45.795, 2, 38801, 97871, 92, 167.36
2026/09/22 23:29:45.795, 3, 38853, 97871, 92, 181.90
2026/09/22 23:29:45.995, 0, 41083, 97871, 100, 218.86
2026/09/22 23:29:45.995, 1, 41129, 97871, 100, 234.15
2026/09/22 23:29:45.995, 2, 41157, 97871, 100, 228.57
2026/09/22 23:29:45.995, 3, 41209, 97871, 100, 244.79
2026/09/22 23:29:46.195, 0, 41083, 97871, 100, 290.11
2026/09/22 23:29:46.195, 1, 41129, 97871, 100, 306.65
2026/09/22 23:29:46.195, 2, 41157, 97871, 100, 300.38
2026/09/22 23:29:46.195, 3, 41209, 97871, 100, 308.60
2026/09/22 23:29:46.395, 0, 41083, 97871, 100, 350.54
2026/09/22 23:29:46.395, 1, 41129, 97871, 100, 369.65
2026/09/22 23:29:46.395, 2, 41157, 97871, 100, 361.66
2026/09/22 23:29:46.395, 3, 41209, 97871, 100, 371.01
2026/09/22 23:29:46.595, 0, 41083, 97871, 100, 405.41
2026/09/22 23:29:46.595, 1, 41129, 97871, 100, 426.99
2026/09/22 23:29:46.595, 2, 41157, 97871, 100, 422.95
2026/09/22 23:29:46.595, 3, 41209, 97871, 100, 437.15
2026/09/22 23:29:46.795, 0, 41083, 97871, 100, 446.18
2026/09/22 23:29:46.795, 1, 41129, 97871, 100, 456.83
2026/09/22 23:29:46.795, 2, 41157, 97871, 100, 450.06
2026/09/22 23:29:46.795, 3, 41209, 97871, 100, 441.72
2026/09/22 23:29:46.995, 0, 41083, 97871, 100, 445.61
2026/09/22 23:29:46.995, 1, 41129, 97871, 100, 461.31
2026/09/22 23:29:46.995, 2, 41157, 97871, 100, 454.73
2026/09/22 23:29:46.995, 3, 41209, 97871, 100, 449.94
2026/09/22 23:29:47.195, 0, 41083, 97871, 100, 441.67
2026/09/22 23:29:47.196, 1, 41129, 97871, 100, 451.78
2026/09/22 23:29:47.196, 2, 41157, 97871, 100, 445.98
2026/09/22 23:29:47.196, 3, 41209, 97871, 100, 444.86
2026/09/22 23:29:47.396, 0, 41083, 97871, 100, 450.60
2026/09/22 23:29:47.396, 1, 41129, 97871, 100, 456.52
2026/09/22 23:29:47.396, 2, 41157, 97871, 100, 449.06
2026/09/22 23:29:47.396, 3, 41209, 97871, 100, 440.87
2026/09/22 23:29:47.596, 0, 41083, 97871, 100, 453.41
2026/09/22 23:29:47.596, 1, 41129, 97871, 100, 460.58
2026/09/22 23:29:47.596, 2, 41157, 97871, 100, 455.57
2026/09/22 23:29:47.596, 3, 41209, 97871, 100, 452.00
2026/09/22 23:29:47.796, 0, 41083, 97871, 100, 444.02
2026/09/22 23:29:47.796, 1, 41129, 97871, 100, 450.60
2026/09/22 23:29:47.796, 2, 41157, 97871, 100, 449.20
2026/09/22 23:29:47.796, 3, 41209, 97871, 100, 450.83
2026/09/22 23:29:47.996, 0, 41083, 97871, 100, 447.82
2026/09/22 23:29:47.996, 1, 41129, 97871, 100, 450.28
2026/09/22 23:29:47.996, 2, 41157, 97871, 100, 447.89
2026/09/22 23:29:47.996, 3, 41209, 97871, 100, 441.93
2026/09/22 23:29:48.196, 0, 41083, 97871, 100, 452.41
2026/09/22 23:29:48.196, 1, 41129, 97871, 100, 460.19
2026/09/22 23:29:48.196, 2, 41157, 97871, 100, 456.37
2026/09/22 23:29:48.196, 3, 41209, 97871, 100, 450.24
2026/09/22 23:29:48.396, 0, 41083, 97871, 100, 446.26
2026/09/22 23:29:48.396, 1, 41129, 97871, 100, 454.55
2026/09/22 23:29:48.396, 2, 41157, 97871, 100, 450.93
2026/09/22 23:29:48.396, 3, 41209, 97871, 100, 452.28
2026/09/22 23:29:48.596, 0, 41083, 97871, 100, 445.04
2026/09/22 23:29:48.596, 1, 41129, 97871, 100, 449.98
2026/09/22 23:29:48.596, 2, 41157, 97871, 100, 448.04
2026/09/22 23:29:48.596, 3, 41209, 97871, 100, 443.22
2026/09/22 23:29:48.797, 0, 41083, 97871, 100, 453.74
2026/09/22 23:29:48.797, 1, 41129, 97871, 100, 461.36
2026/09/22 23:29:48.797, 2, 41157, 97871, 100, 455.27
2026/09/22 23:29:48.797, 3, 41209, 97871, 100, 448.33
2026/09/22 23:29:48.997, 0, 41083, 97871, 100, 447.11
2026/09/22 23:29:48.997, 1, 41129, 97871, 100, 459.18
2026/09/22 23:29:48.997, 2, 41157, 97871, 100, 451.47
2026/09/22 23:29:48.997, 3, 41209, 97871, 100, 454.15
2026/09/22 23:29:49.197, 0, 41083, 97871, 100, 444.25
2026/09/22 23:29:49.197, 1, 41129, 97871, 100, 452.93
2026/09/22 23:29:49.197, 2, 41157, 97871, 100, 447.45
2026/09/22 23:29:49.197, 3, 41209, 97871, 100, 444.46
2026/09/22 23:29:49.397, 0, 41083, 97871, 100, 453.91
2026/09/22 23:29:49.397, 1, 41129, 97871, 100, 459.84
2026/09/22 23:29:49.397, 2, 41157, 97871, 100, 454.26
2026/09/22 23:29:49.397, 3, 41209, 97871, 100, 446.14
2026/09/22 23:29:49.597, 0, 41083, 97871, 100, 451.25
2026/09/22 23:29:49.597, 1, 41129, 97871, 100, 463.85
2026/09/22 23:29:49.597, 2, 41157, 97871, 100, 456.42
2026/09/22 23:29:49.597, 3, 41209, 97871, 100, 453.59
2026/09/22 23:29:49.797, 0, 41083, 97871, 100, 444.73
2026/09/22 23:29:49.797, 1, 41129, 97871, 100, 455.29
2026/09/22 23:29:49.797, 2, 41157, 97871, 100, 448.17
2026/09/22 23:29:49.797, 3, 41209, 97871, 100, 445.25
2026/09/22 23:29:49.997, 0, 41083, 97871, 100, 454.66
2026/09/22 23:29:49.997, 1, 41129, 97871, 100, 458.50
2026/09/22 23:29:49.997, 2, 41157, 97871, 100, 451.08
2026/09/22 23:29:49.997, 3, 41209, 97871, 100, 443.55
2026/09/22 23:29:50.198, 0, 41083, 97871, 100, 456.77
2026/09/22 23:29:50.198, 1, 41129, 97871, 100, 466.05
2026/09/22 23:29:50.198, 2, 41157, 97871, 100, 456.89
2026/09/22 23:29:50.198, 3, 41209, 97871, 100, 454.17
2026/09/22 23:29:50.398, 0, 41083, 97871, 100, 447.60
2026/09/22 23:29:50.398, 1, 41129, 97871, 100, 459.05
2026/09/22 23:29:50.398, 2, 41157, 97871, 100, 451.63
2026/09/22 23:29:50.398, 3, 41209, 97871, 100, 451.65
2026/09/22 23:29:50.598, 0, 41083, 97871, 100, 452.80
2026/09/22 23:29:50.598, 1, 41129, 97871, 100, 458.52
2026/09/22 23:29:50.598, 2, 41157, 97871, 100, 450.99
2026/09/22 23:29:50.598, 3, 41209, 97871, 100, 445.40
2026/09/22 23:29:50.798, 0, 41083, 97871, 100, 460.20
2026/09/22 23:29:50.798, 1, 41129, 97871, 100, 467.59
2026/09/22 23:29:50.798, 2, 41157, 97871, 100, 460.17
2026/09/22 23:29:50.798, 3, 41209, 97871, 100, 454.79
2026/09/22 23:29:50.998, 0, 41083, 97871, 100, 451.51
2026/09/22 23:29:50.998, 1, 41129, 97871, 100, 464.84
2026/09/22 23:29:50.998, 2, 41157, 97871, 100, 453.89
2026/09/22 23:29:50.998, 3, 41209, 97871, 100, 452.29
2026/09/22 23:29:51.198, 0, 41083, 97871, 100, 453.54
2026/09/22 23:29:51.198, 1, 41129, 97871, 100, 458.97
2026/09/22 23:29:51.198, 2, 41157, 97871, 100, 450.32
2026/09/22 23:29:51.198, 3, 41209, 97871, 100, 445.66
2026/09/22 23:29:51.398, 0, 41083, 97871, 100, 462.24
2026/09/22 23:29:51.398, 1, 41129, 97871, 100, 466.85
2026/09/22 23:29:51.398, 2, 41157, 97871, 100, 456.83
2026/09/22 23:29:51.398, 3, 41209, 97871, 100, 452.35
2026/09/22 23:29:51.598, 0, 41083, 97871, 100, 454.57
2026/09/22 23:29:51.598, 1, 41129, 97871, 100, 464.34
2026/09/22 23:29:51.598, 2, 41157, 97871, 100, 454.53
2026/09/22 23:29:51.599, 3, 41209, 97871, 100, 454.52
2026/09/22 23:29:51.799, 0, 41083, 97871, 100, 451.42
2026/09/22 23:29:51.799, 1, 41129, 97871, 100, 457.27
2026/09/22 23:29:51.799, 2, 41157, 97871, 100, 446.61
2026/09/22 23:29:51.799, 3, 41209, 97871, 100, 445.39
2026/09/22 23:29:51.999, 0, 41083, 97871, 100, 460.67
2026/09/22 23:29:51.999, 1, 41129, 97871, 100, 464.82
2026/09/22 23:29:51.999, 2, 41157, 97871, 100, 453.15
2026/09/22 23:29:51.999, 3, 41209, 97871, 100, 449.11
2026/09/22 23:29:52.199, 0, 41083, 97871, 100, 454.75
2026/09/22 23:29:52.199, 1, 41129, 97871, 100, 466.52
2026/09/22 23:29:52.199, 2, 41157, 97871, 100, 454.36
2026/09/22 23:29:52.199, 3, 41209, 97871, 100, 453.41
2026/09/22 23:29:52.399, 0, 41083, 97871, 100, 447.96
2026/09/22 23:29:52.400, 1, 41129, 97871, 100, 455.71
2026/09/22 23:29:52.400, 2, 41157, 97871, 100, 445.90
2026/09/22 23:29:52.400, 3, 41209, 97871, 100, 444.27
2026/09/22 23:29:52.600, 0, 41083, 97871, 100, 457.35
2026/09/22 23:29:52.600, 1, 41129, 97871, 100, 458.36
2026/09/22 23:29:52.600, 2, 41157, 97871, 100, 449.56
2026/09/22 23:29:52.600, 3, 41209, 97871, 100, 444.05
2026/09/22 23:29:52.800, 0, 41083, 97871, 100, 457.91
2026/09/22 23:29:52.800, 1, 41129, 97871, 100, 463.95
2026/09/22 23:29:52.800, 2, 41157, 97871, 100, 455.21
2026/09/22 23:29:52.800, 3, 41209, 97871, 100, 452.23
2026/09/22 23:29:53.000, 0, 41083, 97871, 100, 448.75
2026/09/22 23:29:53.000, 1, 41129, 97871, 100, 456.83
2026/09/22 23:29:53.000, 2, 41157, 97871, 100, 444.36
2026/09/22 23:29:53.000, 3, 41209, 97871, 100, 448.57
2026/09/22 23:29:53.200, 0, 41083, 97871, 100, 452.37
2026/09/22 23:29:53.200, 1, 41129, 97871, 100, 457.13
2026/09/22 23:29:53.200, 2, 41157, 97871, 100, 445.55
2026/09/22 23:29:53.200, 3, 41209, 97871, 100, 440.63
2026/09/22 23:29:53.401, 0, 41083, 97871, 100, 460.14
2026/09/22 23:29:53.401, 1, 41129, 97871, 100, 467.57
2026/09/22 23:29:53.401, 2, 41157, 97871, 100, 457.10
2026/09/22 23:29:53.401, 3, 41209, 97871, 100, 451.77
2026/09/22 23:29:53.601, 0, 41083, 97871, 100, 436.05
2026/09/22 23:29:53.601, 1, 41129, 97871, 100, 443.08
2026/09/22 23:29:53.601, 2, 41157, 97871, 96, 426.10
2026/09/22 23:29:53.601, 3, 41209, 97871, 96, 437.81
2026/09/22 23:29:53.801, 0, 41083, 97871, 100, 417.62
2026/09/22 23:29:53.801, 1, 41129, 97871, 100, 429.00
2026/09/22 23:29:53.801, 2, 41157, 97871, 100, 415.84
2026/09/22 23:29:53.801, 3, 41209, 97871, 100, 418.65
2026/09/22 23:29:54.001, 0, 41083, 97871, 100, 403.35
2026/09/22 23:29:54.001, 1, 41129, 97871, 100, 415.78
2026/09/22 23:29:54.001, 2, 41157, 97871, 100, 405.21
2026/09/22 23:29:54.001, 3, 41209, 97871, 100, 408.61
2026/09/22 23:29:54.201, 0, 41083, 97871, 100, 396.57
2026/09/22 23:29:54.201, 1, 41129, 97871, 100, 400.39
2026/09/22 23:29:54.201, 2, 41157, 97871, 100, 388.48
2026/09/22 23:29:54.201, 3, 41209, 97871, 100, 399.42
2026/09/22 23:29:54.402, 0, 41083, 97871, 100, 377.53
2026/09/22 23:29:54.402, 1, 41129, 97871, 100, 389.08
2026/09/22 23:29:54.402, 2, 41157, 97871, 100, 371.34
2026/09/22 23:29:54.402, 3, 41209, 97871, 100, 381.12
2026/09/22 23:29:54.602, 0, 41083, 97871, 100, 383.79
2026/09/22 23:29:54.602, 1, 41129, 97871, 100, 396.85
2026/09/22 23:29:54.602, 2, 41157, 97871, 100, 383.02
2026/09/22 23:29:54.602, 3, 41209, 97871, 100, 383.76
2026/09/22 23:29:54.802, 0, 41083, 97871, 100, 385.00
2026/09/22 23:29:54.802, 1, 41129, 97871, 100, 391.70
2026/09/22 23:29:54.802, 2, 41157, 97871, 44, 379.57
2026/09/22 23:29:54.802, 3, 41209, 97871, 100, 370.20
2026/09/22 23:29:55.002, 0, 41083, 97871, 0, 339.93
2026/09/22 23:29:55.002, 1, 41129, 97871, 16, 341.19
2026/09/22 23:29:55.002, 2, 41157, 97871, 0, 331.14
2026/09/22 23:29:55.002, 3, 41209, 97871, 0, 318.31
2026/09/22 23:29:55.202, 0, 41083, 97871, 0, 283.39
2026/09/22 23:29:55.203, 1, 41129, 97871, 0, 290.22
2026/09/22 23:29:55.203, 2, 41157, 97871, 0, 284.83
2026/09/22 23:29:55.203, 3, 41209, 97871, 0, 266.47
2026/09/22 23:29:55.403, 0, 41083, 97871, 0, 232.18
2026/09/22 23:29:55.403, 1, 41129, 97871, 0, 235.73
2026/09/22 23:29:55.403, 2, 41157, 97871, 0, 233.03
2026/09/22 23:29:55.403, 3, 41209, 97871, 0, 213.33
2026/09/22 23:29:55.603, 0, 41083, 97871, 0, 176.46
2026/09/22 23:29:55.603, 1, 41129, 97871, 0, 177.42
2026/09/22 23:29:55.603, 2, 41157, 97871, 0, 180.95
2026/09/22 23:29:55.603, 3, 41209, 97871, 0, 159.28
2026/09/22 23:29:55.803, 0, 41083, 97871, 0, 127.25
2026/09/22 23:29:55.803, 1, 41129, 97871, 0, 132.08
2026/09/22 23:29:55.803, 2, 41157, 97871, 0, 126.89
2026/09/22 23:29:55.803, 3, 41209, 97871, 0, 122.66
2026/09/22 23:29:56.003, 0, 41083, 97871, 0, 124.28
2026/09/22 23:29:56.003, 1, 41129, 97871, 0, 130.50
2026/09/22 23:29:56.004, 2, 41157, 97871, 0, 125.33
2026/09/22 23:29:56.004, 3, 41209, 97871, 0, 122.39
2026/09/22 23:29:56.204, 0, 41083, 97871, 0, 123.87
2026/09/22 23:29:56.204, 1, 41129, 97871, 0, 129.91
2026/09/22 23:29:56.204, 2, 41157, 97871, 0, 124.98
2026/09/22 23:29:56.204, 3, 41209, 97871, 0, 122.24
2026/09/22 23:29:56.404, 0, 41083, 97871, 0, 123.49
2026/09/22 23:29:56.404, 1, 41129, 97871, 0, 129.55
2026/09/22 23:29:56.404, 2, 41157, 97871, 0, 124.73
2026/09/22 23:29:56.404, 3, 41209, 97871, 0, 122.15
2026/09/22 23:29:56.604, 0, 41083, 97871, 0, 123.32
2026/09/22 23:29:56.604, 1, 41129, 97871, 0, 129.30
2026/09/22 23:29:56.604, 2, 41157, 97871, 0, 124.54
2026/09/22 23:29:56.604, 3, 41209, 97871, 0, 122.06
2026/09/22 23:29:56.804, 0, 41083, 97871, 0, 123.19
2026/09/22 23:29:56.804, 1, 41129, 97871, 0, 129.12
2026/09/22 23:29:56.804, 2, 41157, 97871, 0, 124.41
2026/09/22 23:29:56.804, 3, 41209, 97871, 0, 122.00
2026/09/22 23:29:57.004, 0, 41083, 97871, 0, 123.07
2026/09/22 23:29:57.004, 1, 41129, 97871, 0, 128.96
2026/09/22 23:29:57.004, 2, 41157, 97871, 0, 124.26
2026/09/22 23:29:57.004, 3, 41209, 97871, 0, 121.93
2026/09/22 23:29:57.205, 0, 41083, 97871, 0, 122.98
2026/09/22 23:29:57.205, 1, 41129, 97871, 0, 128.85
2026/09/22 23:29:57.205, 2, 41157, 97871, 0, 124.17
2026/09/22 23:29:57.205, 3, 41209, 97871, 0, 121.90
2026/09/22 23:29:57.405, 0, 41083, 97871, 0, 122.90
2026/09/22 23:29:57.405, 1, 41129, 97871, 0, 128.74
2026/09/22 23:29:57.405, 2, 41157, 97871, 0, 124.09
2026/09/22 23:29:57.405, 3, 41209, 97871, 0, 121.84
2026/09/22 23:29:57.605, 0, 41083, 97871, 0, 122.81
2026/09/22 23:29:57.605, 1, 41129, 97871, 0, 128.65
2026/09/22 23:29:57.605, 2, 41157, 97871, 0, 124.02
2026/09/22 23:29:57.605, 3, 41209, 97871, 0, 121.80
2026/09/22 23:29:57.805, 0, 41083, 97871, 0, 122.70
2026/09/22 23:29:57.805, 1, 41129, 97871, 0, 128.56
2026/09/22 23:29:57.805, 2, 41157, 97871, 0, 123.94
2026/09/22 23:29:57.805, 3, 41209, 97871, 0, 121.75
2026/09/22 23:29:58.005, 0, 41083, 97871, 0, 122.65
2026/09/22 23:29:58.005, 1, 41129, 97871, 0, 128.47
2026/09/22 23:29:58.005, 2, 41157, 97871, 0, 123.89
2026/09/22 23:29:58.005, 3, 41209, 97871, 0, 121.72
2026/09/22 23:29:58.205, 0, 41083, 97871, 0, 122.57
2026/09/22 23:29:58.205, 1, 41129, 97871, 0, 128.40
2026/09/22 23:29:58.206, 2, 41157, 97871, 0, 123.83
2026/09/22 23:29:58.206, 3, 41209, 97871, 0, 121.66
2026/09/22 23:29:58.406, 0, 41083, 97871, 0, 122.49
2026/09/22 23:29:58.406, 1, 41129, 97871, 0, 128.34
2026/09/22 23:29:58.406, 2, 41157, 97871, 0, 123.77
2026/09/22 23:29:58.406, 3, 41209, 97871, 0, 121.62
2026/09/22 23:29:58.606, 0, 41083, 97871, 0, 122.46
2026/09/22 23:29:58.606, 1, 41129, 97871, 0, 128.30
2026/09/22 23:29:58.606, 2, 41157, 97871, 0, 123.72
2026/09/22 23:29:58.606, 3, 41209, 97871, 0, 121.61
2026/09/22 23:29:58.806, 0, 41083, 97871, 0, 122.42
2026/09/22 23:29:58.806, 1, 41129, 97871, 0, 128.27
2026/09/22 23:29:58.806, 2, 41157, 97871, 0, 123.68
2026/09/22 23:29:58.806, 3, 41209, 97871, 0, 121.57
2026/09/22 23:29:59.006, 0, 41083, 97871, 0, 122.36
2026/09/22 23:29:59.006, 1, 41129, 97871, 0, 128.24
2026/09/22 23:29:59.006, 2, 41157, 97871, 0, 123.63
2026/09/22 23:29:59.006, 3, 41209, 97871, 0, 121.55
2026/09/22 23:29:59.206, 0, 41083, 97871, 0, 122.35
2026/09/22 23:29:59.206, 1, 41129, 97871, 0, 128.19
2026/09/22 23:29:59.206, 2, 41157, 97871, 0, 123.58
2026/09/22 23:29:59.206, 3, 41209, 97871, 0, 121.54
2026/09/22 23:29:59.407, 0, 41083, 97871, 0, 122.32
2026/09/22 23:29:59.407, 1, 41129, 97871, 0, 128.15
2026/09/22 23:29:59.407, 2, 41157, 97871, 0, 123.53
2026/09/22 23:29:59.407, 3, 41209, 97871, 0, 121.53
2026/09/22 23:29:59.607, 0, 41083, 97871, 0, 122.26
2026/09/22 23:29:59.607, 1, 41129, 97871, 0, 128.10
2026/09/22 23:29:59.607, 2, 41157, 97871, 0, 123.48
2026/09/22 23:29:59.607, 3, 41209, 97871, 0, 121.49
2026/09/22 23:29:59.807, 0, 41083, 97871, 0, 122.26
2026/09/22 23:29:59.807, 1, 41129, 97871, 0, 128.08
2026/09/22 23:29:59.807, 2, 41157, 97871, 0, 123.41
2026/09/22 23:29:59.807, 3, 41209, 97871, 0, 121.45
2026/09/22 23:30:00.007, 0, 41083, 97871, 0, 122.26
2026/09/22 23:30:00.007, 1, 41129, 97871, 0, 128.04
2026/09/22 23:30:00.007, 2, 41157, 97871, 0, 123.33
2026/09/22 23:30:00.007, 3, 41209, 97871, 0, 121.43
2026/09/22 23:30:00.207, 0, 41083, 97871, 0, 125.95
2026/09/22 23:30:00.207, 1, 41129, 97871, 0, 131.68
2026/09/22 23:30:00.207, 2, 41157, 97871, 42, 127.74
2026/09/22 23:30:00.207, 3, 41209, 97871, 19, 126.29
2026/09/22 23:30:00.407, 0, 41083, 97871, 68, 146.36
2026/09/22 23:30:00.408, 1, 41129, 97871, 17, 154.22
2026/09/22 23:30:00.408, 2, 41157, 97871, 98, 152.41
2026/09/22 23:30:00.408, 3, 41209, 97871, 99, 159.38
2026/09/22 23:30:00.608, 0, 41083, 97871, 99, 207.07
2026/09/22 23:30:00.608, 1, 41129, 97871, 99, 215.08
2026/09/22 23:30:00.608, 2, 41157, 97871, 99, 214.13
2026/09/22 23:30:00.608, 3, 41209, 97871, 99, 221.22
2026/09/22 23:30:00.808, 0, 41083, 97871, 86, 243.53
2026/09/22 23:30:00.808, 1, 41129, 97871, 95, 247.63
2026/09/22 23:30:00.808, 2, 41157, 97871, 12, 241.82
2026/09/22 23:30:00.808, 3, 41209, 97871, 66, 241.95
2026/09/22 23:30:01.008, 0, 41083, 97871, 0, 243.80
2026/09/22 23:30:01.008, 1, 41129, 97871, 0, 250.26
2026/09/22 23:30:01.008, 2, 41157, 97871, 0, 241.99
2026/09/22 23:30:01.008, 3, 41209, 97871, 0, 242.06
2026/09/22 23:30:01.208, 0, 41083, 97871, 0, 238.55
2026/09/22 23:30:01.209, 1, 41129, 97871, 0, 245.05
2026/09/22 23:30:01.209, 2, 41157, 97871, 0, 238.25
2026/09/22 23:30:01.209, 3, 41209, 97871, 0, 237.13
2026/09/22 23:30:01.409, 0, 41083, 97871, 0, 224.15
2026/09/22 23:30:01.409, 1, 41129, 97871, 0, 223.75
2026/09/22 23:30:01.409, 2, 41157, 97871, 0, 219.43
2026/09/22 23:30:01.409, 3, 41209, 97871, 0, 205.68
2026/09/22 23:30:01.609, 0, 41083, 97871, 75, 165.65
2026/09/22 23:30:01.609, 1, 41129, 97871, 22, 170.56
2026/09/22 23:30:01.609, 2, 41157, 97871, 100, 158.32
2026/09/22 23:30:01.609, 3, 41209, 97871, 100, 145.90
2026/09/22 23:30:01.809, 0, 41083, 97871, 100, 126.43
2026/09/22 23:30:01.809, 1, 41129, 97871, 100, 133.05
2026/09/22 23:30:01.809, 2, 41157, 97871, 100, 129.01
2026/09/22 23:30:01.809, 3, 41209, 97871, 100, 125.84
2026/09/22 23:30:02.009, 0, 41083, 97871, 100, 126.79
2026/09/22 23:30:02.009, 1, 41129, 97871, 100, 133.41
2026/09/22 23:30:02.009, 2, 41157, 97871, 100, 129.56
2026/09/22 23:30:02.009, 3, 41209, 97871, 100, 134.74
2026/09/22 23:30:02.209, 0, 41083, 97871, 99, 181.60
2026/09/22 23:30:02.209, 1, 41129, 97871, 99, 191.68
2026/09/22 23:30:02.209, 2, 41157, 97871, 100, 188.22
2026/09/22 23:30:02.210, 3, 41209, 97871, 100, 197.43
2026/09/22 23:30:02.410, 0, 41083, 97871, 100, 244.79
2026/09/22 23:30:02.410, 1, 41129, 97871, 100, 256.21
2026/09/22 23:30:02.410, 2, 41157, 97871, 100, 250.62
2026/09/22 23:30:02.410, 3, 41209, 97871, 100, 262.27
2026/09/22 23:30:02.610, 0, 41083, 97871, 100, 307.85
2026/09/22 23:30:02.610, 1, 41129, 97871, 100, 317.83
2026/09/22 23:30:02.610, 2, 41157, 97871, 100, 310.28
2026/09/22 23:30:02.610, 3, 41209, 97871, 100, 322.01
2026/09/22 23:30:02.810, 0, 41083, 97871, 100, 367.10
2026/09/22 23:30:02.810, 1, 41129, 97871, 100, 377.07
2026/09/22 23:30:02.810, 2, 41157, 97871, 100, 373.33
2026/09/22 23:30:02.810, 3, 41209, 97871, 100, 391.28
2026/09/22 23:30:03.010, 0, 41083, 97871, 100, 436.07
2026/09/22 23:30:03.010, 1, 41129, 97871, 100, 441.99
2026/09/22 23:30:03.010, 2, 41157, 97871, 100, 435.95
2026/09/22 23:30:03.010, 3, 41209, 97871, 100, 448.14
2026/09/22 23:30:03.210, 0, 41083, 97871, 100, 446.19
2026/09/22 23:30:03.210, 1, 41129, 97871, 100, 457.52
2026/09/22 23:30:03.210, 2, 41157, 97871, 100, 448.99
2026/09/22 23:30:03.210, 3, 41209, 97871, 100, 449.54
2026/09/22 23:30:03.410, 0, 41083, 97871, 100, 445.46
2026/09/22 23:30:03.410, 1, 41129, 97871, 100, 458.40
2026/09/22 23:30:03.410, 2, 41157, 97871, 100, 450.60
2026/09/22 23:30:03.410, 3, 41209, 97871, 100, 447.78
2026/09/22 23:30:03.610, 0, 41083, 97871, 100, 448.14
2026/09/22 23:30:03.610, 1, 41129, 97871, 100, 458.48
2026/09/22 23:30:03.610, 2, 41157, 97871, 100, 451.46
2026/09/22 23:30:03.610, 3, 41209, 97871, 100, 446.96
2026/09/22 23:30:03.811, 0, 41083, 97871, 100, 448.56
2026/09/22 23:30:03.811, 1, 41129, 97871, 100, 461.98
2026/09/22 23:30:03.811, 2, 41157, 97871, 100, 454.02
2026/09/22 23:30:03.811, 3, 41209, 97871, 100, 447.04
2026/09/22 23:30:04.011, 0, 41083, 97871, 100, 450.73
2026/09/22 23:30:04.011, 1, 41129, 97871, 100, 463.24
2026/09/22 23:30:04.011, 2, 41157, 97871, 100, 455.11
2026/09/22 23:30:04.011, 3, 41209, 97871, 100, 446.72
2026/09/22 23:30:04.211, 0, 41083, 97871, 100, 453.23
2026/09/22 23:30:04.211, 1, 41129, 97871, 100, 463.46
2026/09/22 23:30:04.211, 2, 41157, 97871, 100, 453.55
2026/09/22 23:30:04.211, 3, 41209, 97871, 100, 446.15
2026/09/22 23:30:04.411, 0, 41083, 97871, 100, 452.46
2026/09/22 23:30:04.411, 1, 41129, 97871, 100, 463.75
2026/09/22 23:30:04.411, 2, 41157, 97871, 100, 452.47
2026/09/22 23:30:04.411, 3, 41209, 97871, 100, 445.64
2026/09/22 23:30:04.611, 0, 41083, 97871, 100, 451.54
2026/09/22 23:30:04.611, 1, 41129, 97871, 100, 462.20
2026/09/22 23:30:04.611, 2, 41157, 97871, 99, 451.16
2026/09/22 23:30:04.611, 3, 41209, 97871, 100, 441.93
2026/09/22 23:30:04.811, 0, 41083, 97871, 98, 436.22
2026/09/22 23:30:04.811, 1, 41129, 97871, 98, 439.01
2026/09/22 23:30:04.811, 2, 41157, 97871, 100, 437.74
2026/09/22 23:30:04.811, 3, 41209, 97871, 100, 424.54
2026/09/22 23:30:05.011, 0, 41083, 97871, 100, 422.14
2026/09/22 23:30:05.011, 1, 41129, 97871, 100, 423.16
2026/09/22 23:30:05.011, 2, 41157, 97871, 100, 428.30
2026/09/22 23:30:05.011, 3, 41209, 97871, 100, 407.24
2026/09/22 23:30:05.212, 0, 41083, 97871, 100, 400.17
2026/09/22 23:30:05.212, 1, 41129, 97871, 100, 398.29
2026/09/22 23:30:05.212, 2, 41157, 97871, 17, 397.04
2026/09/22 23:30:05.212, 3, 41209, 97871, 90, 375.82
2026/09/22 23:30:05.412, 0, 41083, 97871, 0, 338.00
2026/09/22 23:30:05.412, 1, 41129, 97871, 0, 331.31
2026/09/22 23:30:05.412, 2, 41157, 97871, 0, 332.27
2026/09/22 23:30:05.412, 3, 41209, 97871, 0, 314.35
2026/09/22 23:30:05.612, 0, 41083, 97871, 3, 270.81
2026/09/22 23:30:05.612, 1, 41129, 97871, 0, 270.68
2026/09/22 23:30:05.612, 2, 41157, 97871, 100, 271.64
2026/09/22 23:30:05.612, 3, 41209, 97871, 48, 253.82
2026/09/22 23:30:05.812, 0, 41083, 97871, 100, 245.09
2026/09/22 23:30:05.812, 1, 41129, 97871, 100, 266.51
2026/09/22 23:30:05.812, 2, 41157, 97871, 100, 261.52
2026/09/22 23:30:05.812, 3, 41209, 97871, 99, 245.01
2026/09/22 23:30:06.012, 0, 41083, 97871, 100, 258.80
2026/09/22 23:30:06.012, 1, 41129, 97871, 100, 278.67
2026/09/22 23:30:06.012, 2, 41157, 97871, 100, 268.14
2026/09/22 23:30:06.012, 3, 41209, 97871, 100, 260.90
2026/09/22 23:30:06.212, 0, 41083, 97871, 100, 276.35
2026/09/22 23:30:06.212, 1, 41129, 97871, 100, 298.72
2026/09/22 23:30:06.212, 2, 41157, 97871, 100, 291.87
2026/09/22 23:30:06.212, 3, 41209, 97871, 100, 289.28
2026/09/22 23:30:06.413, 0, 41083, 97871, 100, 337.65
2026/09/22 23:30:06.413, 1, 41129, 97871, 100, 363.46
2026/09/22 23:30:06.413, 2, 41157, 97871, 100, 355.81
2026/09/22 23:30:06.413, 3, 41209, 97871, 100, 351.81
2026/09/22 23:30:06.613, 0, 41083, 97871, 95, 390.48
2026/09/22 23:30:06.613, 1, 41129, 97871, 99, 402.31
2026/09/22 23:30:06.613, 2, 41157, 97871, 100, 401.03
2026/09/22 23:30:06.613, 3, 41209, 97871, 95, 408.30
2026/09/22 23:30:06.813, 0, 41083, 97871, 87, 400.84
2026/09/22 23:30:06.813, 1, 41129, 97871, 100, 388.28
2026/09/22 23:30:06.813, 2, 41157, 97871, 0, 383.52
2026/09/22 23:30:06.813, 3, 41209, 97871, 42, 386.27
2026/09/22 23:30:07.013, 0, 41083, 97871, 0, 335.89
2026/09/22 23:30:07.013, 1, 41129, 97871, 0, 327.68
2026/09/22 23:30:07.013, 2, 41157, 97871, 0, 321.47
2026/09/22 23:30:07.013, 3, 41209, 97871, 0, 324.27
2026/09/22 23:30:07.213, 0, 41083, 97871, 0, 272.30
2026/09/22 23:30:07.213, 1, 41129, 97871, 0, 260.35
2026/09/22 23:30:07.213, 2, 41157, 97871, 0, 259.34
2026/09/22 23:30:07.213, 3, 41209, 97871, 0, 260.98
2026/09/22 23:30:07.414, 0, 41083, 97871, 0, 213.59
2026/09/22 23:30:07.414, 1, 41129, 97871, 0, 203.32
2026/09/22 23:30:07.414, 2, 41157, 97871, 0, 198.44
2026/09/22 23:30:07.414, 3, 41209, 97871, 0, 193.57
2026/09/22 23:30:07.614, 0, 41083, 97871, 0, 158.15
2026/09/22 23:30:07.614, 1, 41129, 97871, 0, 161.84
2026/09/22 23:30:07.614, 2, 41157, 97871, 0, 150.29
2026/09/22 23:30:07.614, 3, 41209, 97871, 0, 140.51
2026/09/22 23:30:07.814, 0, 41083, 97871, 0, 123.96
2026/09/22 23:30:07.814, 1, 41129, 97871, 0, 130.25
2026/09/22 23:30:07.814, 2, 41157, 97871, 0, 125.26
2026/09/22 23:30:07.814, 3, 41209, 97871, 0, 122.42
2026/09/22 23:30:08.015, 0, 41083, 97871, 0, 123.68
2026/09/22 23:30:08.015, 1, 41129, 97871, 0, 129.79
2026/09/22 23:30:08.015, 2, 41157, 97871, 0, 124.93
2026/09/22 23:30:08.015, 3, 41209, 97871, 0, 122.22
2026/09/22 23:30:08.215, 0, 41083, 97871, 0, 123.42
2026/09/22 23:30:08.215, 1, 41129, 97871, 0, 129.50
2026/09/22 23:30:08.215, 2, 41157, 97871, 0, 124.66
2026/09/22 23:30:08.215, 3, 41209, 97871, 0, 122.13
2026/09/22 23:30:08.415, 0, 41083, 97871, 0, 123.22
2026/09/22 23:30:08.415, 1, 41129, 97871, 0, 129.26
2026/09/22 23:30:08.415, 2, 41157, 97871, 0, 124.51
2026/09/22 23:30:08.415, 3, 41209, 97871, 0, 122.04
2026/09/22 23:30:08.615, 0, 41083, 97871, 0, 123.08
2026/09/22 23:30:08.615, 1, 41129, 97871, 0, 129.09
2026/09/22 23:30:08.615, 2, 41157, 97871, 0, 124.37
2026/09/22 23:30:08.615, 3, 41209, 97871, 0, 122.00
2026/09/22 23:30:08.815, 0, 41083, 97871, 0, 122.95
2026/09/22 23:30:08.815, 1, 41129, 97871, 0, 128.95
2026/09/22 23:30:08.815, 2, 41157, 97871, 0, 124.26
2026/09/22 23:30:08.815, 3, 41209, 97871, 0, 121.92
2026/09/22 23:30:09.016, 0, 41083, 97871, 0, 122.87
2026/09/22 23:30:09.016, 1, 41129, 97871, 0, 128.84
2026/09/22 23:30:09.016, 2, 41157, 97871, 0, 124.17
2026/09/22 23:30:09.016, 3, 41209, 97871, 0, 121.85
2026/09/22 23:30:09.216, 0, 41083, 97871, 0, 122.81
2026/09/22 23:30:09.216, 1, 41129, 97871, 0, 128.75
2026/09/22 23:30:09.216, 2, 41157, 97871, 0, 124.11
2026/09/22 23:30:09.216, 3, 41209, 97871, 0, 121.78
2026/09/22 23:30:09.416, 0, 41083, 97871, 0, 122.72
2026/09/22 23:30:09.416, 1, 41129, 97871, 0, 128.67
2026/09/22 23:30:09.416, 2, 41157, 97871, 0, 124.03
2026/09/22 23:30:09.416, 3, 41209, 97871, 0, 121.77
2026/09/22 23:30:09.616, 0, 41083, 97871, 0, 122.66
2026/09/22 23:30:09.616, 1, 41129, 97871, 0, 128.60
2026/09/22 23:30:09.616, 2, 41157, 97871, 0, 123.96
2026/09/22 23:30:09.616, 3, 41209, 97871, 0, 121.72
2026/09/22 23:30:09.816, 0, 41083, 97871, 0, 122.60
2026/09/22 23:30:09.816, 1, 41129, 97871, 0, 128.51
2026/09/22 23:30:09.816, 2, 41157, 97871, 0, 123.90
2026/09/22 23:30:09.816, 3, 41209, 97871, 0, 121.68
2026/09/22 23:30:10.016, 0, 41083, 97871, 0, 122.52
2026/09/22 23:30:10.016, 1, 41129, 97871, 0, 128.45
2026/09/22 23:30:10.016, 2, 41157, 97871, 0, 123.86
2026/09/22 23:30:10.016, 3, 41209, 97871, 0, 121.67
2026/09/22 23:30:10.216, 0, 41083, 97871, 0, 122.49
2026/09/22 23:30:10.216, 1, 41129, 97871, 0, 128.40
2026/09/22 23:30:10.217, 2, 41157, 97871, 0, 123.79
2026/09/22 23:30:10.217, 3, 41209, 97871, 0, 121.66
2026/09/22 23:30:10.417, 0, 41083, 97871, 0, 122.47
2026/09/22 23:30:10.417, 1, 41129, 97871, 0, 128.35
2026/09/22 23:30:10.417, 2, 41157, 97871, 0, 123.74
2026/09/22 23:30:10.417, 3, 41209, 97871, 0, 121.63
2026/09/22 23:30:10.617, 0, 41083, 97871, 0, 122.38
2026/09/22 23:30:10.617, 1, 41129, 97871, 0, 128.28
2026/09/22 23:30:10.617, 2, 41157, 97871, 0, 123.70
2026/09/22 23:30:10.617, 3, 41209, 97871, 0, 121.59
2026/09/22 23:30:10.817, 0, 41083, 97871, 0, 122.35
2026/09/22 23:30:10.817, 1, 41129, 97871, 0, 128.27
2026/09/22 23:30:10.817, 2, 41157, 97871, 0, 123.64
2026/09/22 23:30:10.817, 3, 41209, 97871, 0, 121.57
2026/09/22 23:30:11.017, 0, 41083, 97871, 0, 122.33
2026/09/22 23:30:11.017, 1, 41129, 97871, 0, 128.21
2026/09/22 23:30:11.017, 2, 41157, 97871, 0, 123.57
2026/09/22 23:30:11.017, 3, 41209, 97871, 0, 121.55
2026/09/22 23:30:11.217, 0, 41083, 97871, 0, 122.26
2026/09/22 23:30:11.217, 1, 41129, 97871, 0, 128.17
2026/09/22 23:30:11.217, 2, 41157, 97871, 0, 123.54
2026/09/22 23:30:11.217, 3, 41209, 97871, 0, 121.52
2026/09/22 23:30:11.417, 0, 41083, 97871, 0, 122.23
2026/09/22 23:30:11.418, 1, 41129, 97871, 0, 128.13
2026/09/22 23:30:11.418, 2, 41157, 97871, 0, 123.52
2026/09/22 23:30:11.418, 3, 41209, 97871, 0, 121.49
2026/09/22 23:30:11.618, 0, 41083, 97871, 0, 122.23
2026/09/22 23:30:11.618, 1, 41129, 97871, 0, 128.11
2026/09/22 23:30:11.618, 2, 41157, 97871, 0, 123.49
2026/09/22 23:30:11.618, 3, 41209, 97871, 0, 121.49
2026/09/22 23:30:11.818, 0, 41083, 97871, 0, 122.21
2026/09/22 23:30:11.818, 1, 41129, 97871, 0, 128.06
2026/09/22 23:30:11.818, 2, 41157, 97871, 0, 123.44
2026/09/22 23:30:11.818, 3, 41209, 97871, 0, 121.47
2026/09/22 23:30:12.018, 0, 41083, 97871, 0, 122.17
2026/09/22 23:30:12.018, 1, 41129, 97871, 0, 128.06
2026/09/22 23:30:12.018, 2, 41157, 97871, 0, 123.42
2026/09/22 23:30:12.018, 3, 41209, 97871, 0, 121.45
2026/09/22 23:30:12.219, 0, 41083, 97871, 0, 122.15
2026/09/22 23:30:12.219, 1, 41129, 97871, 0, 128.02
2026/09/22 23:30:12.219, 2, 41157, 97871, 0, 123.40
2026/09/22 23:30:12.219, 3, 41209, 97871, 0, 121.42
2026/09/22 23:30:12.419, 0, 41083, 97871, 0, 123.74
2026/09/22 23:30:12.419, 1, 41129, 97871, 0, 130.03
2026/09/22 23:30:12.419, 2, 41157, 97871, 41, 125.57
2026/09/22 23:30:12.419, 3, 41209, 97871, 0, 124.86
2026/09/22 23:30:12.619, 0, 41083, 97871, 0, 131.36
2026/09/22 23:30:12.619, 1, 41129, 97871, 7, 139.95
2026/09/22 23:30:12.619, 2, 41157, 97871, 92, 138.50
2026/09/22 23:30:12.619, 3, 41209, 97871, 21, 146.04
2026/09/22 23:30:12.819, 0, 41085, 97871, 99, 189.05
2026/09/22 23:30:12.819, 1, 41131, 97871, 96, 195.60
2026/09/22 23:30:12.819, 2, 41159, 97871, 90, 194.13
2026/09/22 23:30:12.819, 3, 41211, 97871, 99, 197.94
2026/09/22 23:30:13.019, 0, 41085, 97871, 22, 200.42
2026/09/22 23:30:13.019, 1, 41131, 97871, 64, 206.32
2026/09/22 23:30:13.019, 2, 41159, 97871, 0, 201.09
2026/09/22 23:30:13.019, 3, 41211, 97871, 0, 198.47
2026/09/22 23:30:13.220, 0, 41085, 97871, 0, 200.54
2026/09/22 23:30:13.220, 1, 41131, 97871, 0, 204.93
2026/09/22 23:30:13.220, 2, 41159, 97871, 0, 202.65
2026/09/22 23:30:13.220, 3, 41211, 97871, 0, 198.65
2026/09/22 23:30:13.420, 0, 41085, 97871, 0, 198.29
2026/09/22 23:30:13.420, 1, 41131, 97871, 0, 203.89
2026/09/22 23:30:13.420, 2, 41159, 97871, 0, 199.76
2026/09/22 23:30:13.420, 3, 41211, 97871, 0, 196.79
2026/09/22 23:30:13.620, 0, 41085, 97871, 3, 196.24
2026/09/22 23:30:13.620, 1, 41131, 97871, 0, 199.29
2026/09/22 23:30:13.620, 2, 41159, 97871, 100, 193.94
2026/09/22 23:30:13.620, 3, 41211, 97871, 43, 177.36
2026/09/22 23:30:13.820, 0, 41085, 97871, 100, 159.96
2026/09/22 23:30:13.820, 1, 41131, 97871, 100, 169.74
2026/09/22 23:30:13.820, 2, 41159, 97871, 98, 166.06
2026/09/22 23:30:13.820, 3, 41211, 97871, 98, 165.15
2026/09/22 23:30:14.020, 0, 41085, 97871, 100, 213.12
2026/09/22 23:30:14.020, 1, 41131, 97871, 100, 222.02
2026/09/22 23:30:14.020, 2, 41159, 97871, 100, 221.10
2026/09/22 23:30:14.020, 3, 41211, 97871, 100, 224.96
2026/09/22 23:30:14.220, 0, 41085, 97871, 100, 278.06
2026/09/22 23:30:14.220, 1, 41131, 97871, 100, 287.68
2026/09/22 23:30:14.220, 2, 41159, 97871, 100, 282.95
2026/09/22 23:30:14.220, 3, 41211, 97871, 100, 290.66
2026/09/22 23:30:14.420, 0, 41085, 97871, 100, 341.93
2026/09/22 23:30:14.420, 1, 41131, 97871, 100, 352.21
2026/09/22 23:30:14.420, 2, 41159, 97871, 100, 349.41
2026/09/22 23:30:14.420, 3, 41211, 97871, 100, 355.80
2026/09/22 23:30:14.621, 0, 41085, 97871, 100, 395.48
2026/09/22 23:30:14.621, 1, 41131, 97871, 100, 405.11
2026/09/22 23:30:14.621, 2, 41159, 97871, 99, 404.36
2026/09/22 23:30:14.621, 3, 41211, 97871, 96, 403.58
2026/09/22 23:30:14.821, 0, 41085, 97871, 100, 421.06
2026/09/22 23:30:14.821, 1, 41131, 97871, 100, 428.25
2026/09/22 23:30:14.821, 2, 41159, 97871, 100, 424.83
2026/09/22 23:30:14.821, 3, 41211, 97871, 100, 422.27
2026/09/22 23:30:15.021, 0, 41085, 97871, 72, 383.22
2026/09/22 23:30:15.021, 1, 41131, 97871, 100, 387.29
2026/09/22 23:30:15.021, 2, 41159, 97871, 0, 380.31
2026/09/22 23:30:15.021, 3, 41211, 97871, 26, 374.14
2026/09/22 23:30:15.221, 0, 41085, 97871, 13, 339.09
2026/09/22 23:30:15.221, 1, 41131, 97871, 0, 343.42
2026/09/22 23:30:15.221, 2, 41159, 97871, 89, 337.73
2026/09/22 23:30:15.221, 3, 41211, 97871, 53, 339.74
2026/09/22 23:30:15.421, 0, 41085, 97871, 29, 286.00
2026/09/22 23:30:15.421, 1, 41131, 97871, 79, 290.66
2026/09/22 23:30:15.422, 2, 41159, 97871, 0, 286.57
2026/09/22 23:30:15.422, 3, 41211, 97871, 0, 274.84
2026/09/22 23:30:15.622, 0, 41085, 97871, 0, 232.99
2026/09/22 23:30:15.622, 1, 41131, 97871, 0, 234.22
2026/09/22 23:30:15.622, 2, 41159, 97871, 0, 229.82
2026/09/22 23:30:15.622, 3, 41211, 97871, 0, 220.09
2026/09/22 23:30:15.822, 0, 41085, 97871, 0, 179.64
2026/09/22 23:30:15.822, 1, 41131, 97871, 0, 182.82
2026/09/22 23:30:15.822, 2, 41159, 97871, 0, 180.41
2026/09/22 23:30:15.822, 3, 41211, 97871, 0, 168.82
2026/09/22 23:30:16.022, 0, 41085, 97871, 0, 155.47
2026/09/22 23:30:16.022, 1, 41131, 97871, 0, 160.32
2026/09/22 23:30:16.022, 2, 41159, 97871, 0, 156.45
2026/09/22 23:30:16.022, 3, 41211, 97871, 0, 154.70
2026/09/22 23:30:16.222, 0, 41085, 97871, 0, 139.67
2026/09/22 23:30:16.223, 1, 41131, 97871, 0, 139.74
2026/09/22 23:30:16.223, 2, 41159, 97871, 0, 136.34
2026/09/22 23:30:16.223, 3, 41211, 97871, 0, 123.57
2026/09/22 23:30:16.423, 0, 41085, 97871, 0, 122.83
2026/09/22 23:30:16.423, 1, 41131, 97871, 0, 128.76
2026/09/22 23:30:16.423, 2, 41159, 97871, 0, 124.15
2026/09/22 23:30:16.423, 3, 41211, 97871, 0, 122.34
2026/09/22 23:30:16.623, 0, 41085, 97871, 0, 122.64
2026/09/22 23:30:16.623, 1, 41131, 97871, 0, 128.55
2026/09/22 23:30:16.623, 2, 41159, 97871, 0, 123.96
2026/09/22 23:30:16.623, 3, 41211, 97871, 0, 122.25
2026/09/22 23:30:16.823, 0, 41085, 97871, 0, 122.51
2026/09/22 23:30:16.823, 1, 41131, 97871, 0, 128.43
2026/09/22 23:30:16.823, 2, 41159, 97871, 0, 123.84
2026/09/22 23:30:16.823, 3, 41211, 97871, 0, 122.19
2026/09/22 23:30:17.023, 0, 41085, 97871, 0, 122.45
2026/09/22 23:30:17.023, 1, 41131, 97871, 0, 128.35
2026/09/22 23:30:17.023, 2, 41159, 97871, 0, 123.76
2026/09/22 23:30:17.023, 3, 41211, 97871, 0, 122.15
2026/09/22 23:30:17.224, 0, 41085, 97871, 0, 122.35
2026/09/22 23:30:17.224, 1, 41131, 97871, 0, 128.23
2026/09/22 23:30:17.224, 2, 41159, 97871, 0, 123.68
2026/09/22 23:30:17.224, 3, 41211, 97871, 0, 122.12
2026/09/22 23:30:17.424, 0, 41085, 97871, 0, 122.28
2026/09/22 23:30:17.424, 1, 41131, 97871, 0, 128.19
2026/09/22 23:30:17.424, 2, 41159, 97871, 0, 123.61
2026/09/22 23:30:17.424, 3, 41211, 97871, 0, 122.07
2026/09/22 23:30:17.624, 0, 41085, 97871, 0, 122.23
2026/09/22 23:30:17.624, 1, 41131, 97871, 0, 128.13
2026/09/22 23:30:17.624, 2, 41159, 97871, 0, 123.57
2026/09/22 23:30:17.624, 3, 41211, 97871, 0, 122.06
2026/09/22 23:30:17.824, 0, 41085, 97871, 0, 122.20
2026/09/22 23:30:17.824, 1, 41131, 97871, 0, 128.05
2026/09/22 23:30:17.824, 2, 41159, 97871, 0, 123.52
2026/09/22 23:30:17.824, 3, 41211, 97871, 0, 122.01
2026/09/22 23:30:18.024, 0, 41085, 97871, 0, 122.14
2026/09/22 23:30:18.024, 1, 41131, 97871, 0, 128.01
2026/09/22 23:30:18.024, 2, 41159, 97871, 0, 123.46
2026/09/22 23:30:18.024, 3, 41211, 97871, 0, 121.98
2026/09/22 23:30:18.224, 0, 41085, 97871, 0, 122.17
2026/09/22 23:30:18.224, 1, 41131, 97871, 0, 127.99
2026/09/22 23:30:18.224, 2, 41159, 97871, 0, 123.39
2026/09/22 23:30:18.224, 3, 41211, 97871, 0, 121.92
2026/09/22 23:30:18.424, 0, 41085, 97871, 0, 122.13
2026/09/22 23:30:18.424, 1, 41131, 97871, 0, 127.94
2026/09/22 23:30:18.424, 2, 41159, 97871, 0, 123.37
2026/09/22 23:30:18.424, 3, 41211, 97871, 0, 121.93
2026/09/22 23:30:18.624, 0, 41085, 97871, 0, 122.10
2026/09/22 23:30:18.624, 1, 41131, 97871, 0, 127.94
2026/09/22 23:30:18.624, 2, 41159, 97871, 0, 123.31
2026/09/22 23:30:18.625, 3, 41211, 97871, 0, 121.89
2026/09/22 23:30:18.825, 0, 41085, 97871, 0, 122.08
2026/09/22 23:30:18.825, 1, 41131, 97871, 0, 127.91
2026/09/22 23:30:18.825, 2, 41159, 97871, 0, 123.25
2026/09/22 23:30:18.825, 3, 41211, 97871, 0, 121.86
2026/09/22 23:30:19.025, 0, 41085, 97871, 0, 122.07
2026/09/22 23:30:19.025, 1, 41131, 97871, 0, 127.88
2026/09/22 23:30:19.025, 2, 41159, 97871, 0, 123.22
2026/09/22 23:30:19.025, 3, 41211, 97871, 0, 121.84
2026/09/22 23:30:19.225, 0, 41085, 97871, 0, 122.00
2026/09/22 23:30:19.225, 1, 41131, 97871, 0, 127.83
2026/09/22 23:30:19.225, 2, 41159, 97871, 0, 123.18
2026/09/22 23:30:19.225, 3, 41211, 97871, 0, 121.83
2026/09/22 23:30:19.425, 0, 41085, 97871, 0, 121.97
2026/09/22 23:30:19.425, 1, 41131, 97871, 0, 127.81
2026/09/22 23:30:19.425, 2, 41159, 97871, 0, 123.16
2026/09/22 23:30:19.425, 3, 41211, 97871, 0, 121.77
2026/09/22 23:30:19.625, 0, 41085, 97871, 0, 121.96
2026/09/22 23:30:19.625, 1, 41131, 97871, 0, 127.79
2026/09/22 23:30:19.625, 2, 41159, 97871, 0, 123.13
2026/09/22 23:30:19.625, 3, 41211, 97871, 0, 121.75
2026/09/22 23:30:19.825, 0, 41085, 97871, 0, 121.92
2026/09/22 23:30:19.825, 1, 41131, 97871, 0, 127.75
2026/09/22 23:30:19.825, 2, 41159, 97871, 0, 123.10
2026/09/22 23:30:19.825, 3, 41211, 97871, 0, 121.74
2026/09/22 23:30:20.025, 0, 41085, 97871, 0, 121.91
2026/09/22 23:30:20.025, 1, 41131, 97871, 0, 127.72
2026/09/22 23:30:20.025, 2, 41159, 97871, 0, 123.07
2026/09/22 23:30:20.025, 3, 41211, 97871, 0, 121.73
2026/09/22 23:30:20.226, 0, 41085, 97871, 0, 121.92
2026/09/22 23:30:20.226, 1, 41131, 97871, 0, 127.70
2026/09/22 23:30:20.226, 2, 41159, 97871, 0, 123.06
2026/09/22 23:30:20.226, 3, 41211, 97871, 0, 121.71
2026/09/22 23:30:20.426, 0, 41085, 97871, 0, 121.88
2026/09/22 23:30:20.426, 1, 41131, 97871, 0, 127.70
2026/09/22 23:30:20.426, 2, 41159, 97871, 0, 122.99
2026/09/22 23:30:20.426, 3, 41211, 97871, 0, 121.71
2026/09/22 23:30:20.626, 0, 41085, 97871, 26, 126.27
2026/09/22 23:30:20.626, 1, 41131, 97871, 0, 131.58
2026/09/22 23:30:20.626, 2, 41159, 97871, 0, 126.88
2026/09/22 23:30:20.626, 3, 41211, 97871, 8, 125.79
2026/09/22 23:30:20.826, 0, 41085, 97871, 56, 149.25
2026/09/22 23:30:20.826, 1, 41131, 97871, 1, 157.02
2026/09/22 23:30:20.826, 2, 41159, 97871, 47, 151.34
2026/09/22 23:30:20.826, 3, 41211, 97871, 81, 151.94
2026/09/22 23:30:21.026, 0, 41085, 97871, 0, 150.82
2026/09/22 23:30:21.026, 1, 41131, 97871, 20, 157.35
2026/09/22 23:30:21.026, 2, 41159, 97871, 0, 151.78
2026/09/22 23:30:21.026, 3, 41211, 97871, 0, 151.30
2026/09/22 23:30:21.226, 0, 41085, 97871, 0, 150.87
2026/09/22 23:30:21.227, 1, 41131, 97871, 0, 157.32
2026/09/22 23:30:21.227, 2, 41159, 97871, 66, 153.04
2026/09/22 23:30:21.227, 3, 41211, 97871, 0, 151.89
2026/09/22 23:30:21.427, 0, 41085, 97871, 97, 182.63
2026/09/22 23:30:21.427, 1, 41131, 97871, 93, 196.12
2026/09/22 23:30:21.427, 2, 41159, 97871, 100, 186.95
2026/09/22 23:30:21.427, 3, 41211, 97871, 95, 203.29
2026/09/22 23:30:21.627, 0, 41085, 97871, 100, 241.39
2026/09/22 23:30:21.627, 1, 41131, 97871, 100, 255.66
2026/09/22 23:30:21.627, 2, 41159, 97871, 100, 244.16
2026/09/22 23:30:21.627, 3, 41211, 97871, 100, 262.64
2026/09/22 23:30:21.827, 0, 41085, 97871, 100, 280.40
2026/09/22 23:30:21.827, 1, 41131, 97871, 100, 288.62
2026/09/22 23:30:21.827, 2, 41159, 97871, 100, 285.35
2026/09/22 23:30:21.827, 3, 41211, 97871, 100, 298.68
2026/09/22 23:30:22.028, 0, 41085, 97871, 95, 334.53
2026/09/22 23:30:22.028, 1, 41131, 97871, 100, 338.29
2026/09/22 23:30:22.028, 2, 41159, 97871, 100, 333.73
2026/09/22 23:30:22.028, 3, 41211, 97871, 95, 348.36
2026/09/22 23:30:22.228, 0, 41085, 97871, 77, 358.67
2026/09/22 23:30:22.228, 1, 41131, 97871, 100, 355.65
2026/09/22 23:30:22.228, 2, 41159, 97871, 0, 354.78
2026/09/22 23:30:22.228, 3, 41211, 97871, 32, 352.06
2026/09/22 23:30:22.428, 0, 41085, 97871, 0, 330.32
2026/09/22 23:30:22.428, 1, 41131, 97871, 0, 325.07
2026/09/22 23:30:22.428, 2, 41159, 97871, 0, 324.36
2026/09/22 23:30:22.428, 3, 41211, 97871, 0, 305.84
2026/09/22 23:30:22.628, 0, 41085, 97871, 0, 262.95
2026/09/22 23:30:22.628, 1, 41131, 97871, 0, 262.54
2026/09/22 23:30:22.628, 2, 41159, 97871, 54, 265.32
2026/09/22 23:30:22.628, 3, 41211, 97871, 0, 250.54
2026/09/22 23:30:22.828, 0, 41085, 97871, 97, 257.79
2026/09/22 23:30:22.828, 1, 41131, 97871, 89, 259.45
2026/09/22 23:30:22.828, 2, 41159, 97871, 99, 254.36
2026/09/22 23:30:22.828, 3, 41211, 97871, 99, 252.26
2026/09/22 23:30:23.028, 0, 41085, 97871, 95, 251.72
2026/09/22 23:30:23.028, 1, 41131, 97871, 99, 252.33
2026/09/22 23:30:23.028, 2, 41159, 97871, 100, 249.82
2026/09/22 23:30:23.028, 3, 41211, 97871, 94, 252.21
2026/09/22 23:30:23.228, 0, 41085, 97871, 82, 252.19
2026/09/22 23:30:23.229, 1, 41131, 97871, 100, 252.55
2026/09/22 23:30:23.229, 2, 41159, 97871, 0, 250.52
2026/09/22 23:30:23.229, 3, 41211, 97871, 38, 248.43
2026/09/22 23:30:23.429, 0, 41085, 97871, 0, 249.73
2026/09/22 23:30:23.429, 1, 41131, 97871, 0, 255.07
2026/09/22 23:30:23.429, 2, 41159, 97871, 0, 248.11
2026/09/22 23:30:23.429, 3, 41211, 97871, 0, 248.41
2026/09/22 23:30:23.629, 0, 41085, 97871, 0, 251.71
2026/09/22 23:30:23.629, 1, 41131, 97871, 0, 254.74
2026/09/22 23:30:23.629, 2, 41159, 97871, 0, 250.38
2026/09/22 23:30:23.629, 3, 41211, 97871, 0, 248.03
2026/09/22 23:30:23.829, 0, 41085, 97871, 0, 200.65
2026/09/22 23:30:23.829, 1, 41131, 97871, 0, 198.60
2026/09/22 23:30:23.830, 2, 41159, 97871, 0, 194.83
2026/09/22 23:30:23.830, 3, 41211, 97871, 0, 187.90
2026/09/22 23:30:24.030, 0, 41085, 97871, 0, 154.62
2026/09/22 23:30:24.030, 1, 41131, 97871, 0, 154.11
2026/09/22 23:30:24.030, 2, 41159, 97871, 0, 151.39
2026/09/22 23:30:24.030, 3, 41211, 97871, 0, 131.79
2026/09/22 23:30:24.230, 0, 41085, 97871, 0, 122.57
2026/09/22 23:30:24.230, 1, 41131, 97871, 0, 128.29
2026/09/22 23:30:24.230, 2, 41159, 97871, 0, 123.81
2026/09/22 23:30:24.230, 3, 41211, 97871, 0, 121.58
2026/09/22 23:30:24.430, 0, 41085, 97871, 0, 122.39
2026/09/22 23:30:24.430, 1, 41131, 97871, 0, 128.13
2026/09/22 23:30:24.430, 2, 41159, 97871, 0, 123.60
2026/09/22 23:30:24.430, 3, 41211, 97871, 0, 121.49
2026/09/22 23:30:24.630, 0, 41085, 97871, 0, 122.29
2026/09/22 23:30:24.631, 1, 41131, 97871, 0, 128.02
2026/09/22 23:30:24.631, 2, 41159, 97871, 0, 123.49
2026/09/22 23:30:24.631, 3, 41211, 97871, 0, 121.42
2026/09/22 23:30:24.831, 0, 41085, 97871, 0, 122.20
2026/09/22 23:30:24.831, 1, 41131, 97871, 0, 127.95
2026/09/22 23:30:24.831, 2, 41159, 97871, 0, 123.39
2026/09/22 23:30:24.831, 3, 41211, 97871, 0, 121.35
2026/09/22 23:30:25.031, 0, 41085, 97871, 0, 122.10
2026/09/22 23:30:25.031, 1, 41131, 97871, 0, 127.90
2026/09/22 23:30:25.031, 2, 41159, 97871, 0, 123.30
2026/09/22 23:30:25.031, 3, 41211, 97871, 0, 121.29
2026/09/22 23:30:25.231, 0, 41085, 97871, 0, 122.07
2026/09/22 23:30:25.231, 1, 41131, 97871, 0, 127.83
2026/09/22 23:30:25.231, 2, 41159, 97871, 0, 123.25
2026/09/22 23:30:25.231, 3, 41211, 97871, 0, 121.26
2026/09/22 23:30:25.431, 0, 41085, 97871, 0, 122.04
2026/09/22 23:30:25.431, 1, 41131, 97871, 0, 127.80
2026/09/22 23:30:25.431, 2, 41159, 97871, 0, 123.20
2026/09/22 23:30:25.431, 3, 41211, 97871, 0, 121.25
2026/09/22 23:30:25.631, 0, 41085, 97871, 0, 121.98
2026/09/22 23:30:25.631, 1, 41131, 97871, 0, 127.78
2026/09/22 23:30:25.631, 2, 41159, 97871, 0, 123.14
2026/09/22 23:30:25.631, 3, 41211, 97871, 0, 121.23
2026/09/22 23:30:25.831, 0, 41085, 97871, 0, 121.98
2026/09/22 23:30:25.831, 1, 41131, 97871, 0, 127.74
2026/09/22 23:30:25.831, 2, 41159, 97871, 0, 123.10
2026/09/22 23:30:25.831, 3, 41211, 97871, 0, 121.21
2026/09/22 23:30:26.032, 0, 41085, 97871, 0, 121.96
2026/09/22 23:30:26.032, 1, 41131, 97871, 0, 127.70
2026/09/22 23:30:26.032, 2, 41159, 97871, 0, 123.06
2026/09/22 23:30:26.032, 3, 41211, 97871, 0, 121.20
2026/09/22 23:30:26.232, 0, 41085, 97871, 0, 121.93
2026/09/22 23:30:26.232, 1, 41131, 97871, 0, 127.67
2026/09/22 23:30:26.232, 2, 41159, 97871, 0, 123.03
2026/09/22 23:30:26.232, 3, 41211, 97871, 0, 121.19
2026/09/22 23:30:26.432, 0, 41085, 97871, 0, 121.90
2026/09/22 23:30:26.432, 1, 41131, 97871, 0, 127.59
2026/09/22 23:30:26.432, 2, 41159, 97871, 0, 122.99
2026/09/22 23:30:26.432, 3, 41211, 97871, 0, 121.15
2026/09/22 23:30:26.632, 0, 41085, 97871, 0, 121.87
2026/09/22 23:30:26.632, 1, 41131, 97871, 0, 127.57
2026/09/22 23:30:26.632, 2, 41159, 97871, 0, 122.97
2026/09/22 23:30:26.632, 3, 41211, 97871, 0, 121.13
2026/09/22 23:30:26.832, 0, 41085, 97871, 0, 121.81
2026/09/22 23:30:26.832, 1, 41131, 97871, 0, 127.54
2026/09/22 23:30:26.832, 2, 41159, 97871, 0, 122.96
2026/09/22 23:30:26.832, 3, 41211, 97871, 0, 121.11
2026/09/22 23:30:27.032, 0, 41085, 97871, 0, 121.77
2026/09/22 23:30:27.032, 1, 41131, 97871, 0, 127.50
2026/09/22 23:30:27.032, 2, 41159, 97871, 0, 122.93
2026/09/22 23:30:27.032, 3, 41211, 97871, 0, 121.10
2026/09/22 23:30:27.232, 0, 41085, 97871, 0, 121.75
2026/09/22 23:30:27.233, 1, 41131, 97871, 0, 127.47
2026/09/22 23:30:27.233, 2, 41159, 97871, 0, 122.92
2026/09/22 23:30:27.233, 3, 41211, 97871, 0, 121.07
2026/09/22 23:30:27.433, 0, 41085, 97871, 0, 121.70
2026/09/22 23:30:27.433, 1, 41131, 97871, 0, 127.45
2026/09/22 23:30:27.433, 2, 41159, 97871, 0, 122.88
2026/09/22 23:30:27.433, 3, 41211, 97871, 0, 121.08
2026/09/22 23:30:27.633, 0, 41085, 97871, 0, 121.69
2026/09/22 23:30:27.633, 1, 41131, 97871, 0, 127.43
2026/09/22 23:30:27.633, 2, 41159, 97871, 0, 122.86
2026/09/22 23:30:27.633, 3, 41211, 97871, 0, 121.08
2026/09/22 23:30:27.833, 0, 41085, 97871, 0, 121.68
2026/09/22 23:30:27.833, 1, 41131, 97871, 0, 127.39
2026/09/22 23:30:27.833, 2, 41159, 97871, 0, 122.83
2026/09/22 23:30:27.833, 3, 41211, 97871, 0, 121.08
2026/09/22 23:30:28.033, 0, 41085, 97871, 0, 121.64
2026/09/22 23:30:28.033, 1, 41131, 97871, 0, 127.36
2026/09/22 23:30:28.033, 2, 41159, 97871, 0, 122.81
2026/09/22 23:30:28.033, 3, 41211, 97871, 0, 121.04
2026/09/22 23:30:28.233, 0, 41085, 97871, 0, 121.63
2026/09/22 23:30:28.233, 1, 41131, 97871, 0, 127.33
2026/09/22 23:30:28.233, 2, 41159, 97871, 0, 122.78
2026/09/22 23:30:28.233, 3, 41211, 97871, 0, 121.06
2026/09/22 23:30:28.433, 0, 41085, 97871, 17, 125.31
2026/09/22 23:30:28.433, 1, 41131, 97871, 0, 134.73
2026/09/22 23:30:28.434, 2, 41159, 97871, 29, 133.04
2026/09/22 23:30:28.434, 3, 41211, 97871, 24, 133.70
2026/09/22 23:30:28.634, 0, 41085, 97871, 30, 135.27
2026/09/22 23:30:28.634, 1, 41131, 97871, 43, 140.64
2026/09/22 23:30:28.634, 2, 41159, 97871, 0, 136.01
2026/09/22 23:30:28.634, 3, 41211, 97871, 0, 134.79
2026/09/22 23:30:28.834, 0, 41085, 97871, 26, 158.55
2026/09/22 23:30:28.834, 1, 41131, 97871, 0, 169.75
2026/09/22 23:30:28.834, 2, 41159, 97871, 91, 167.32
2026/09/22 23:30:28.834, 3, 41211, 97871, 68, 173.10
2026/09/22 23:30:29.034, 0, 41085, 97871, 82, 183.87
2026/09/22 23:30:29.034, 1, 41131, 97871, 90, 188.16
2026/09/22 23:30:29.034, 2, 41159, 97871, 0, 184.06
2026/09/22 23:30:29.034, 3, 41211, 97871, 38, 182.46
2026/09/22 23:30:29.234, 0, 41085, 97871, 0, 185.18
2026/09/22 23:30:29.234, 1, 41131, 97871, 0, 188.23
2026/09/22 23:30:29.234, 2, 41159, 97871, 0, 185.34
2026/09/22 23:30:29.234, 3, 41211, 97871, 0, 182.52
2026/09/22 23:30:29.434, 0, 41085, 97871, 0, 181.45
2026/09/22 23:30:29.435, 1, 41131, 97871, 0, 180.71
2026/09/22 23:30:29.435, 2, 41159, 97871, 0, 175.10
2026/09/22 23:30:29.435, 3, 41211, 97871, 0, 170.85
2026/09/22 23:30:29.635, 0, 41085, 97871, 38, 190.32
2026/09/22 23:30:29.635, 1, 41131, 97871, 0, 201.90
2026/09/22 23:30:29.635, 2, 41159, 97871, 98, 201.96
2026/09/22 23:30:29.635, 3, 41211, 97871, 55, 200.24
2026/09/22 23:30:29.835, 0, 41085, 97871, 99, 219.82
2026/09/22 23:30:29.835, 1, 41131, 97871, 99, 225.75
2026/09/22 23:30:29.835, 2, 41159, 97871, 94, 222.05
2026/09/22 23:30:29.835, 3, 41211, 97871, 99, 217.68
2026/09/22 23:30:30.035, 0, 41085, 97871, 100, 244.29
2026/09/22 23:30:30.035, 1, 41131, 97871, 98, 252.63
2026/09/22 23:30:30.035, 2, 41159, 97871, 100, 251.91
2026/09/22 23:30:30.035, 3, 41211, 97871, 100, 256.04
2026/09/22 23:30:30.235, 0, 41085, 97871, 38, 258.36
2026/09/22 23:30:30.235, 1, 41131, 97871, 93, 261.22
2026/09/22 23:30:30.235, 2, 41159, 97871, 0, 257.34
2026/09/22 23:30:30.235, 3, 41211, 97871, 0, 257.88
2026/09/22 23:30:30.435, 0, 41085, 97871, 0, 261.17
2026/09/22 23:30:30.435, 1, 41131, 97871, 0, 261.34
2026/09/22 23:30:30.435, 2, 41159, 97871, 0, 254.80
2026/09/22 23:30:30.435, 3, 41211, 97871, 0, 258.04
2026/09/22 23:30:30.635, 0, 41085, 97871, 0, 240.93
2026/09/22 23:30:30.635, 1, 41131, 97871, 0, 240.85
2026/09/22 23:30:30.635, 2, 41159, 97871, 0, 231.73
2026/09/22 23:30:30.635, 3, 41211, 97871, 0, 231.51
2026/09/22 23:30:30.836, 0, 41085, 97871, 0, 191.50
2026/09/22 23:30:30.836, 1, 41131, 97871, 0, 186.30
2026/09/22 23:30:30.836, 2, 41159, 97871, 0, 178.20
2026/09/22 23:30:30.836, 3, 41211, 97871, 0, 171.27
2026/09/22 23:30:31.036, 0, 41085, 97871, 0, 143.59
2026/09/22 23:30:31.036, 1, 41131, 97871, 0, 136.50
2026/09/22 23:30:31.036, 2, 41159, 97871, 0, 133.84
2026/09/22 23:30:31.036, 3, 41211, 97871, 0, 125.61
2026/09/22 23:30:31.236, 0, 41085, 97871, 0, 121.98
2026/09/22 23:30:31.236, 1, 41131, 97871, 0, 127.73
2026/09/22 23:30:31.236, 2, 41159, 97871, 0, 123.11
2026/09/22 23:30:31.236, 3, 41211, 97871, 0, 121.70
2026/09/22 23:30:31.436, 0, 40551, 97871, 0, 121.88
2026/09/22 23:30:31.436, 1, 40597, 97871, 0, 127.62
2026/09/22 23:30:31.436, 2, 40625, 97871, 0, 122.99
2026/09/22 23:30:31.436, 3, 40677, 97871, 0, 121.65
2026/09/22 23:30:31.636, 0, 40517, 97871, 2, 121.91
2026/09/22 23:30:31.636, 1, 40563, 97871, 0, 127.58
2026/09/22 23:30:31.636, 2, 40591, 97871, 0, 122.94
2026/09/22 23:30:31.636, 3, 40643, 97871, 2, 121.62
2026/09/22 23:30:31.836, 0, 40517, 97871, 0, 121.86
2026/09/22 23:30:31.836, 1, 40563, 97871, 0, 127.48
2026/09/22 23:30:31.836, 2, 40591, 97871, 0, 122.86
2026/09/22 23:30:31.836, 3, 40643, 97871, 0, 121.55
2026/09/22 23:30:32.036, 0, 40517, 97871, 0, 121.82
2026/09/22 23:30:32.036, 1, 40563, 97871, 0, 127.44
2026/09/22 23:30:32.037, 2, 40591, 97871, 0, 122.81
2026/09/22 23:30:32.037, 3, 40643, 97871, 0, 121.53
2026/09/22 23:30:32.237, 0, 40517, 97871, 0, 121.76
2026/09/22 23:30:32.237, 1, 40563, 97871, 0, 127.39
2026/09/22 23:30:32.237, 2, 40591, 97871, 0, 122.77
2026/09/22 23:30:32.237, 3, 40643, 97871, 0, 121.49
2026/09/22 23:30:32.437, 0, 40517, 97871, 0, 121.70
2026/09/22 23:30:32.437, 1, 40563, 97871, 0, 127.32
2026/09/22 23:30:32.437, 2, 40591, 97871, 0, 122.73
2026/09/22 23:30:32.437, 3, 40643, 97871, 0, 121.44
2026/09/22 23:30:32.637, 0, 40517, 97871, 0, 121.58
2026/09/22 23:30:32.637, 1, 40563, 97871, 0, 127.22
2026/09/22 23:30:32.637, 2, 40591, 97871, 0, 122.65
2026/09/22 23:30:32.637, 3, 40643, 97871, 0, 121.37
2026/09/22 23:30:32.837, 0, 40517, 97871, 0, 121.55
2026/09/22 23:30:32.837, 1, 40563, 97871, 0, 127.21
2026/09/22 23:30:32.837, 2, 40591, 97871, 0, 122.64
2026/09/22 23:30:32.837, 3, 40643, 97871, 0, 121.38
2026/09/22 23:30:33.037, 0, 40517, 97871, 0, 121.50
2026/09/22 23:30:33.037, 1, 40563, 97871, 0, 127.16
2026/09/22 23:30:33.037, 2, 40591, 97871, 0, 122.61
2026/09/22 23:30:33.037, 3, 40643, 97871, 0, 121.36
2026/09/22 23:30:33.237, 0, 40510, 97871, 0, 121.73
2026/09/22 23:30:33.238, 1, 40556, 97871, 0, 127.25
2026/09/22 23:30:33.238, 2, 40584, 97871, 4, 122.89
2026/09/22 23:30:33.238, 3, 40639, 97871, 0, 121.64
2026/09/22 23:30:33.438, 0, 114, 97871, 0, 124.92
2026/09/22 23:30:33.827, 1, 40538, 97871, 0, 128.75
2026/09/22 23:30:33.828, 2, 498, 97871, 0, 127.45
2026/09/22 23:30:33.828, 3, 21, 97871, 47, 126.28
2026/09/22 23:30:34.028, 0, 0, 97871, 0, 127.16
2026/09/22 23:30:34.133, 1, 0, 97871, 34, 131.16
2026/09/22 23:30:34.133, 2, 0, 97871, 1, 128.32
2026/09/22 23:30:34.133, 3, 0, 97871, 0, 127.10
2026/09/22 23:30:34.334, 0, 0, 97871, 0, 127.10
2026/09/22 23:30:34.334, 1, 0, 97871, 46, 132.60
2026/09/22 23:30:34.334, 2, 0, 97871, 0, 128.27
2026/09/22 23:30:34.334, 3, 0, 97871, 0, 127.01
2026/09/22 23:30:34.534, 0, 0, 97871, 0, 127.11
2026/09/22 23:30:34.534, 1, 0, 97871, 0, 132.57
2026/09/22 23:30:34.534, 2, 0, 97871, 0, 126.02
2026/09/22 23:30:34.534, 3, 0, 97871, 0, 126.81
2026/09/22 23:30:34.734, 0, 0, 97871, 0, 127.08
2026/09/22 23:30:34.734, 1, 0, 97871, 0, 132.58
2026/09/22 23:30:34.734, 2, 0, 97871, 0, 125.07
2026/09/22 23:30:34.734, 3, 0, 97871, 0, 123.80
2026/09/22 23:30:34.934, 0, 0, 97871, 0, 124.24
2026/09/22 23:30:34.934, 1, 0, 97871, 0, 132.50
2026/09/22 23:30:34.934, 2, 0, 97871, 0, 125.04
2026/09/22 23:30:34.934, 3, 0, 97871, 0, 121.73
2026/09/22 23:30:35.134, 0, 0, 97871, 0, 123.94
2026/09/22 23:30:35.134, 1, 0, 97871, 0, 130.85
2026/09/22 23:30:35.134, 2, 0, 97871, 0, 120.89
2026/09/22 23:30:35.134, 3, 0, 97871, 0, 112.67
2026/09/22 23:30:35.334, 0, 0, 97871, 0, 123.89
2026/09/22 23:30:35.335, 1, 0, 97871, 0, 129.37
2026/09/22 23:30:35.335, 2, 0, 97871, 0, 111.96
2026/09/22 23:30:35.335, 3, 0, 97871, 0, 103.52
2026/09/22 23:30:35.535, 0, 0, 97871, 0, 123.88
2026/09/22 23:30:35.535, 1, 0, 97871, 0, 129.36
2026/09/22 23:30:35.535, 2, 0, 97871, 0, 102.78
2026/09/22 23:30:35.535, 3, 0, 97871, 0, 94.81
2026/09/22 23:30:35.735, 0, 0, 97871, 0, 123.86
2026/09/22 23:30:35.735, 1, 0, 97871, 0, 129.33
2026/09/22 23:30:35.735, 2, 0, 97871, 0, 93.47
2026/09/22 23:30:35.735, 3, 0, 97871, 0, 85.62
2026/09/22 23:30:35.935, 0, 0, 97871, 0, 116.68
2026/09/22 23:30:35.935, 1, 0, 97871, 0, 129.19
2026/09/22 23:30:35.935, 2, 0, 97871, 0, 83.25
2026/09/22 23:30:35.935, 3, 0, 97871, 0, 77.40
2026/09/22 23:30:36.135, 0, 0, 97871, 0, 107.34
2026/09/22 23:30:36.135, 1, 0, 97871, 0, 119.75
2026/09/22 23:30:36.135, 2, 0, 97871, 0, 77.67
2026/09/22 23:30:36.135, 3, 0, 97871, 0, 76.91
2026/09/22 23:30:36.335, 0, 0, 97871, 0, 96.91
2026/09/22 23:30:36.335, 1, 0, 97871, 0, 110.35
2026/09/22 23:30:36.335, 2, 0, 97871, 0, 77.20
2026/09/22 23:30:36.335, 3, 0, 97871, 0, 76.46
2026/09/22 23:30:36.536, 0, 0, 97871, 0, 87.36
2026/09/22 23:30:36.536, 1, 0, 97871, 0, 100.64
2026/09/22 23:30:36.536, 2, 0, 97871, 0, 76.79
2026/09/22 23:30:36.536, 3, 0, 97871, 0, 76.14
2026/09/22 23:30:36.736, 0, 0, 97871, 0, 77.75
2026/09/22 23:30:36.736, 1, 0, 97871, 0, 90.12
2026/09/22 23:30:36.736, 2, 0, 97871, 0, 76.47
2026/09/22 23:30:36.736, 3, 0, 97871, 0, 75.82
