timestamp,gpu_index,memory_used_mib,memory_total_mib,gpu_utilization_percent,power_watts
2026/09/11 15:32:54.067, 0, 0, 97871, 0, 74.43
2026/09/11 15:32:54.071, 1, 0, 97871, 0, 76.29
2026/09/11 15:32:54.075, 2, 0, 97871, 0, 74.84
2026/09/11 15:32:54.079, 3, 0, 97871, 0, 75.30
2026/09/11 15:32:54.282, 0, 0, 97871, 0, 74.42
2026/09/11 15:32:54.282, 1, 0, 97871, 0, 76.17
2026/09/11 15:32:54.282, 2, 0, 97871, 0, 74.85
2026/09/11 15:32:54.282, 3, 0, 97871, 0, 75.33
2026/09/11 15:32:54.482, 0, 0, 97871, 0, 74.41
2026/09/11 15:32:54.482, 1, 0, 97871, 0, 76.09
2026/09/11 15:32:54.482, 2, 0, 97871, 0, 74.86
2026/09/11 15:32:54.482, 3, 0, 97871, 0, 75.30
2026/09/11 15:32:54.683, 0, 0, 97871, 0, 74.42
2026/09/11 15:32:54.683, 1, 0, 97871, 0, 76.05
2026/09/11 15:32:54.683, 2, 0, 97871, 0, 74.88
2026/09/11 15:32:54.683, 3, 0, 97871, 0, 75.23
2026/09/11 15:32:54.883, 0, 0, 97871, 0, 74.39
2026/09/11 15:32:54.883, 1, 0, 97871, 0, 76.06
2026/09/11 15:32:54.883, 2, 0, 97871, 0, 74.87
2026/09/11 15:32:54.883, 3, 0, 97871, 0, 75.25
2026/09/11 15:32:55.083, 0, 0, 97871, 0, 74.37
2026/09/11 15:32:55.083, 1, 0, 97871, 0, 76.05
2026/09/11 15:32:55.083, 2, 0, 97871, 0, 74.86
2026/09/11 15:32:55.083, 3, 0, 97871, 0, 75.28
2026/09/11 15:32:55.283, 0, 0, 97871, 0, 74.36
2026/09/11 15:32:55.283, 1, 0, 97871, 0, 76.08
2026/09/11 15:32:55.283, 2, 0, 97871, 0, 74.83
2026/09/11 15:32:55.283, 3, 0, 97871, 0, 75.21
2026/09/11 15:32:55.483, 0, 0, 97871, 0, 74.34
2026/09/11 15:32:55.483, 1, 0, 97871, 0, 76.08
2026/09/11 15:32:55.483, 2, 0, 97871, 0, 74.81
2026/09/11 15:32:55.483, 3, 0, 97871, 0, 75.20
2026/09/11 15:32:55.683, 0, 0, 97871, 0, 74.35
2026/09/11 15:32:55.684, 1, 0, 97871, 0, 76.08
2026/09/11 15:32:55.684, 2, 0, 97871, 0, 74.81
2026/09/11 15:32:55.684, 3, 0, 97871, 0, 75.25
2026/09/11 15:32:55.884, 0, 0, 97871, 0, 74.39
2026/09/11 15:32:55.884, 1, 0, 97871, 0, 76.07
2026/09/11 15:32:55.884, 2, 0, 97871, 0, 74.79
2026/09/11 15:32:55.884, 3, 0, 97871, 0, 75.28
2026/09/11 15:32:56.084, 0, 0, 97871, 0, 74.37
2026/09/11 15:32:56.084, 1, 0, 97871, 0, 76.08
2026/09/11 15:32:56.084, 2, 0, 97871, 0, 74.80
2026/09/11 15:32:56.084, 3, 0, 97871, 0, 75.18
2026/09/11 15:32:56.284, 0, 0, 97871, 0, 74.37
2026/09/11 15:32:56.284, 1, 0, 97871, 0, 76.04
2026/09/11 15:32:56.284, 2, 0, 97871, 0, 74.78
2026/09/11 15:32:56.284, 3, 0, 97871, 0, 75.23
2026/09/11 15:32:56.484, 0, 0, 97871, 0, 74.38
2026/09/11 15:32:56.484, 1, 0, 97871, 0, 76.04
2026/09/11 15:32:56.484, 2, 0, 97871, 0, 74.77
2026/09/11 15:32:56.484, 3, 0, 97871, 0, 75.25
2026/09/11 15:32:56.684, 0, 0, 97871, 0, 74.35
2026/09/11 15:32:56.684, 1, 0, 97871, 0, 76.01
2026/09/11 15:32:56.684, 2, 0, 97871, 0, 74.79
2026/09/11 15:32:56.684, 3, 0, 97871, 0, 75.21
2026/09/11 15:32:56.884, 0, 0, 97871, 0, 74.35
2026/09/11 15:32:56.885, 1, 0, 97871, 0, 76.01
2026/09/11 15:32:56.885, 2, 0, 97871, 0, 74.80
2026/09/11 15:32:56.885, 3, 0, 97871, 0, 75.13
2026/09/11 15:32:57.085, 0, 0, 97871, 0, 74.34
2026/09/11 15:32:57.085, 1, 0, 97871, 0, 76.01
2026/09/11 15:32:57.085, 2, 0, 97871, 0, 74.81
2026/09/11 15:32:57.085, 3, 0, 97871, 0, 75.17
2026/09/11 15:32:57.285, 0, 0, 97871, 0, 74.32
2026/09/11 15:32:57.285, 1, 0, 97871, 0, 76.05
2026/09/11 15:32:57.285, 2, 0, 97871, 0, 74.78
2026/09/11 15:32:57.285, 3, 0, 97871, 0, 75.17
2026/09/11 15:32:57.485, 0, 0, 97871, 0, 74.32
2026/09/11 15:32:57.485, 1, 0, 97871, 0, 76.04
2026/09/11 15:32:57.485, 2, 0, 97871, 0, 74.77
2026/09/11 15:32:57.485, 3, 0, 97871, 0, 75.12
2026/09/11 15:32:57.685, 0, 0, 97871, 0, 74.33
2026/09/11 15:32:57.685, 1, 0, 97871, 0, 76.04
2026/09/11 15:32:57.685, 2, 0, 97871, 0, 74.75
2026/09/11 15:32:57.685, 3, 0, 97871, 0, 75.13
2026/09/11 15:32:57.885, 0, 0, 97871, 0, 74.27
2026/09/11 15:32:57.885, 1, 0, 97871, 0, 76.04
2026/09/11 15:32:57.885, 2, 0, 97871, 0, 74.71
2026/09/11 15:32:57.885, 3, 0, 97871, 0, 75.18
2026/09/11 15:32:58.086, 0, 0, 97871, 0, 74.26
2026/09/11 15:32:58.086, 1, 0, 97871, 0, 76.03
2026/09/11 15:32:58.086, 2, 0, 97871, 0, 74.69
2026/09/11 15:32:58.086, 3, 0, 97871, 0, 75.18
2026/09/11 15:32:58.286, 0, 0, 97871, 0, 74.26
2026/09/11 15:32:58.286, 1, 0, 97871, 0, 76.00
2026/09/11 15:32:58.286, 2, 0, 97871, 0, 74.69
2026/09/11 15:32:58.286, 3, 0, 97871, 0, 75.11
2026/09/11 15:32:58.486, 0, 0, 97871, 0, 74.24
2026/09/11 15:32:58.486, 1, 0, 97871, 0, 75.99
2026/09/11 15:32:58.486, 2, 0, 97871, 0, 74.70
2026/09/11 15:32:58.486, 3, 0, 97871, 0, 75.15
2026/09/11 15:32:58.686, 0, 0, 97871, 0, 74.21
2026/09/11 15:32:58.686, 1, 0, 97871, 0, 75.95
2026/09/11 15:32:58.686, 2, 0, 97871, 0, 74.69
2026/09/11 15:32:58.686, 3, 0, 97871, 0, 75.17
2026/09/11 15:32:58.886, 0, 0, 97871, 0, 74.23
2026/09/11 15:32:58.886, 1, 0, 97871, 0, 75.94
2026/09/11 15:32:58.886, 2, 0, 97871, 0, 74.68
2026/09/11 15:32:58.886, 3, 0, 97871, 0, 75.12
2026/09/11 15:32:59.086, 0, 0, 97871, 0, 74.20
2026/09/11 15:32:59.086, 1, 0, 97871, 0, 75.94
2026/09/11 15:32:59.086, 2, 0, 97871, 0, 74.69
2026/09/11 15:32:59.086, 3, 0, 97871, 0, 75.11
2026/09/11 15:32:59.286, 0, 0, 97871, 0, 74.20
2026/09/11 15:32:59.286, 1, 0, 97871, 0, 75.95
2026/09/11 15:32:59.287, 2, 0, 97871, 0, 74.70
2026/09/11 15:32:59.287, 3, 0, 97871, 0, 75.15
2026/09/11 15:32:59.487, 0, 0, 97871, 0, 74.21
2026/09/11 15:32:59.487, 1, 0, 97871, 0, 75.94
2026/09/11 15:32:59.487, 2, 0, 97871, 0, 74.72
2026/09/11 15:32:59.487, 3, 0, 97871, 0, 75.15
2026/09/11 15:32:59.687, 0, 0, 97871, 0, 74.20
2026/09/11 15:32:59.687, 1, 0, 97871, 0, 75.93
2026/09/11 15:32:59.687, 2, 0, 97871, 0, 74.70
2026/09/11 15:32:59.687, 3, 0, 97871, 0, 75.06
2026/09/11 15:32:59.887, 0, 0, 97871, 0, 74.21
2026/09/11 15:32:59.887, 1, 0, 97871, 0, 75.90
2026/09/11 15:32:59.887, 2, 0, 97871, 0, 74.70
2026/09/11 15:32:59.887, 3, 0, 97871, 0, 75.09
2026/09/11 15:33:00.087, 0, 0, 97871, 0, 74.26
2026/09/11 15:33:00.087, 1, 0, 97871, 0, 75.90
2026/09/11 15:33:00.087, 2, 0, 97871, 0, 74.70
2026/09/11 15:33:00.087, 3, 0, 97871, 0, 75.11
2026/09/11 15:33:00.287, 0, 0, 97871, 0, 74.24
2026/09/11 15:33:00.287, 1, 0, 97871, 0, 75.90
2026/09/11 15:33:00.287, 2, 0, 97871, 0, 74.65
2026/09/11 15:33:00.287, 3, 0, 97871, 0, 75.10
2026/09/11 15:33:00.488, 0, 0, 97871, 0, 74.23
2026/09/11 15:33:00.488, 1, 0, 97871, 0, 75.90
2026/09/11 15:33:00.488, 2, 0, 97871, 0, 74.63
2026/09/11 15:33:00.488, 3, 0, 97871, 0, 75.04
2026/09/11 15:33:00.688, 0, 0, 97871, 0, 74.25
2026/09/11 15:33:00.688, 1, 0, 97871, 0, 75.87
2026/09/11 15:33:00.688, 2, 0, 97871, 0, 74.61
2026/09/11 15:33:00.688, 3, 0, 97871, 0, 75.10
2026/09/11 15:33:00.888, 0, 0, 97871, 0, 74.24
2026/09/11 15:33:00.888, 1, 0, 97871, 0, 75.87
2026/09/11 15:33:00.888, 2, 0, 97871, 0, 74.63
2026/09/11 15:33:00.888, 3, 0, 97871, 0, 75.14
2026/09/11 15:33:01.088, 0, 0, 97871, 0, 74.22
2026/09/11 15:33:01.088, 1, 0, 97871, 0, 75.86
2026/09/11 15:33:01.088, 2, 0, 97871, 0, 74.60
2026/09/11 15:33:01.088, 3, 0, 97871, 0, 75.07
2026/09/11 15:33:01.288, 0, 0, 97871, 0, 74.26
2026/09/11 15:33:01.288, 1, 0, 97871, 0, 75.86
2026/09/11 15:33:01.288, 2, 0, 97871, 0, 74.63
2026/09/11 15:33:01.288, 3, 0, 97871, 0, 75.06
2026/09/11 15:33:01.488, 0, 0, 97871, 0, 74.24
2026/09/11 15:33:01.488, 1, 0, 97871, 0, 75.86
2026/09/11 15:33:01.488, 2, 0, 97871, 0, 74.63
2026/09/11 15:33:01.488, 3, 0, 97871, 0, 75.10
2026/09/11 15:33:01.688, 0, 0, 97871, 0, 74.24
2026/09/11 15:33:01.688, 1, 0, 97871, 0, 75.87
2026/09/11 15:33:01.688, 2, 0, 97871, 0, 74.60
2026/09/11 15:33:01.689, 3, 0, 97871, 0, 75.11
2026/09/11 15:33:01.889, 0, 0, 97871, 0, 74.23
2026/09/11 15:33:01.889, 1, 0, 97871, 0, 75.88
2026/09/11 15:33:01.889, 2, 0, 97871, 0, 74.58
2026/09/11 15:33:01.889, 3, 0, 97871, 0, 75.11
2026/09/11 15:33:02.089, 0, 0, 97871, 0, 74.22
2026/09/11 15:33:02.089, 1, 0, 97871, 0, 75.87
2026/09/11 15:33:02.089, 2, 0, 97871, 0, 74.57
2026/09/11 15:33:02.089, 3, 0, 97871, 0, 75.12
2026/09/11 15:33:02.289, 0, 0, 97871, 0, 74.19
2026/09/11 15:33:02.289, 1, 0, 97871, 0, 75.88
2026/09/11 15:33:02.289, 2, 0, 97871, 0, 74.56
2026/09/11 15:33:02.289, 3, 0, 97871, 0, 75.13
2026/09/11 15:33:02.489, 0, 0, 97871, 0, 74.20
2026/09/11 15:33:02.489, 1, 0, 97871, 0, 75.87
2026/09/11 15:33:02.489, 2, 0, 97871, 0, 74.55
2026/09/11 15:33:02.489, 3, 0, 97871, 0, 75.10
2026/09/11 15:33:02.689, 0, 0, 97871, 0, 74.16
2026/09/11 15:33:02.689, 1, 0, 97871, 0, 75.87
2026/09/11 15:33:02.689, 2, 0, 97871, 0, 74.56
2026/09/11 15:33:02.689, 3, 0, 97871, 0, 75.14
2026/09/11 15:33:02.890, 0, 0, 97871, 0, 74.14
2026/09/11 15:33:02.890, 1, 0, 97871, 0, 75.86
2026/09/11 15:33:02.890, 2, 0, 97871, 0, 74.60
2026/09/11 15:33:02.890, 3, 0, 97871, 0, 75.12
2026/09/11 15:33:03.090, 0, 0, 97871, 0, 74.15
2026/09/11 15:33:03.090, 1, 0, 97871, 0, 75.83
2026/09/11 15:33:03.090, 2, 0, 97871, 0, 74.60
2026/09/11 15:33:03.090, 3, 0, 97871, 0, 75.04
2026/09/11 15:33:03.290, 0, 0, 97871, 0, 74.13
2026/09/11 15:33:03.290, 1, 0, 97871, 0, 75.82
2026/09/11 15:33:03.290, 2, 0, 97871, 0, 74.63
2026/09/11 15:33:03.290, 3, 0, 97871, 0, 75.09
2026/09/11 15:33:03.490, 0, 0, 97871, 0, 74.11
2026/09/11 15:33:03.490, 1, 0, 97871, 0, 75.85
2026/09/11 15:33:03.490, 2, 0, 97871, 0, 74.63
2026/09/11 15:33:03.490, 3, 0, 97871, 0, 75.10
2026/09/11 15:33:03.690, 0, 0, 97871, 0, 74.13
2026/09/11 15:33:03.690, 1, 0, 97871, 0, 75.84
2026/09/11 15:33:03.690, 2, 0, 97871, 0, 74.64
2026/09/11 15:33:03.690, 3, 0, 97871, 0, 75.06
2026/09/11 15:33:03.890, 0, 0, 97871, 0, 74.12
2026/09/11 15:33:03.890, 1, 0, 97871, 0, 75.85
2026/09/11 15:33:03.890, 2, 0, 97871, 0, 74.62
2026/09/11 15:33:03.890, 3, 0, 97871, 0, 75.01
2026/09/11 15:33:04.091, 0, 0, 97871, 0, 74.12
2026/09/11 15:33:04.091, 1, 0, 97871, 0, 75.87
2026/09/11 15:33:04.091, 2, 0, 97871, 0, 74.60
2026/09/11 15:33:04.091, 3, 0, 97871, 0, 75.06
2026/09/11 15:33:04.291, 0, 0, 97871, 0, 74.11
2026/09/11 15:33:04.291, 1, 0, 97871, 0, 75.86
2026/09/11 15:33:04.291, 2, 0, 97871, 0, 74.55
2026/09/11 15:33:04.291, 3, 0, 97871, 0, 75.06
2026/09/11 15:33:04.491, 0, 0, 97871, 0, 74.11
2026/09/11 15:33:04.491, 1, 0, 97871, 0, 75.85
2026/09/11 15:33:04.491, 2, 0, 97871, 0, 74.53
2026/09/11 15:33:04.491, 3, 0, 97871, 0, 74.99
2026/09/11 15:33:04.691, 0, 0, 97871, 0, 74.10
2026/09/11 15:33:04.691, 1, 0, 97871, 0, 75.83
2026/09/11 15:33:04.691, 2, 0, 97871, 0, 74.50
2026/09/11 15:33:04.691, 3, 0, 97871, 0, 75.00
2026/09/11 15:33:04.891, 0, 0, 97871, 0, 74.13
2026/09/11 15:33:04.891, 1, 0, 97871, 0, 75.83
2026/09/11 15:33:04.891, 2, 0, 97871, 0, 74.49
2026/09/11 15:33:04.891, 3, 0, 97871, 0, 75.02
2026/09/11 15:33:05.092, 0, 0, 97871, 0, 74.08
2026/09/11 15:33:05.092, 1, 0, 97871, 0, 75.81
2026/09/11 15:33:05.092, 2, 0, 97871, 0, 74.47
2026/09/11 15:33:05.092, 3, 0, 97871, 0, 75.01
2026/09/11 15:33:05.292, 0, 0, 97871, 0, 74.09
2026/09/11 15:33:05.292, 1, 0, 97871, 0, 75.80
2026/09/11 15:33:05.292, 2, 0, 97871, 0, 74.50
2026/09/11 15:33:05.292, 3, 0, 97871, 0, 74.95
2026/09/11 15:33:05.492, 0, 0, 97871, 0, 74.13
2026/09/11 15:33:05.492, 1, 0, 97871, 0, 75.78
2026/09/11 15:33:05.492, 2, 0, 97871, 0, 74.50
2026/09/11 15:33:05.492, 3, 0, 97871, 0, 74.99
2026/09/11 15:33:05.692, 0, 0, 97871, 0, 74.12
2026/09/11 15:33:05.692, 1, 0, 97871, 0, 75.77
2026/09/11 15:33:05.692, 2, 0, 97871, 0, 74.50
2026/09/11 15:33:05.692, 3, 0, 97871, 0, 75.02
2026/09/11 15:33:05.892, 0, 0, 97871, 0, 74.11
2026/09/11 15:33:05.892, 1, 0, 97871, 0, 75.78
2026/09/11 15:33:05.892, 2, 0, 97871, 0, 74.48
2026/09/11 15:33:05.892, 3, 0, 97871, 0, 74.98
2026/09/11 15:33:06.092, 0, 0, 97871, 0, 74.11
2026/09/11 15:33:06.092, 1, 0, 97871, 0, 75.79
2026/09/11 15:33:06.092, 2, 0, 97871, 0, 74.48
2026/09/11 15:33:06.093, 3, 0, 97871, 0, 74.93
2026/09/11 15:33:06.293, 0, 0, 97871, 0, 74.10
2026/09/11 15:33:06.293, 1, 0, 97871, 0, 75.77
2026/09/11 15:33:06.293, 2, 0, 97871, 0, 74.52
2026/09/11 15:33:06.293, 3, 0, 97871, 0, 74.99
2026/09/11 15:33:06.493, 0, 0, 97871, 0, 74.09
2026/09/11 15:33:06.493, 1, 0, 97871, 0, 75.78
2026/09/11 15:33:06.493, 2, 0, 97871, 0, 74.58
2026/09/11 15:33:06.493, 3, 0, 97871, 0, 75.02
2026/09/11 15:33:06.693, 0, 0, 97871, 0, 74.13
2026/09/11 15:33:06.693, 1, 0, 97871, 0, 75.78
2026/09/11 15:33:06.693, 2, 0, 97871, 0, 74.65
2026/09/11 15:33:06.693, 3, 0, 97871, 0, 74.97
2026/09/11 15:33:06.893, 0, 0, 97871, 0, 74.10
2026/09/11 15:33:06.893, 1, 0, 97871, 0, 75.75
2026/09/11 15:33:06.893, 2, 0, 97871, 0, 74.72
2026/09/11 15:33:06.893, 3, 0, 97871, 0, 74.98
2026/09/11 15:33:07.093, 0, 0, 97871, 0, 74.11
2026/09/11 15:33:07.093, 1, 0, 97871, 0, 75.75
2026/09/11 15:33:07.093, 2, 0, 97871, 0, 74.79
2026/09/11 15:33:07.093, 3, 0, 97871, 0, 75.03
2026/09/11 15:33:07.294, 0, 0, 97871, 0, 74.14
2026/09/11 15:33:07.294, 1, 0, 97871, 0, 75.73
2026/09/11 15:33:07.294, 2, 0, 97871, 0, 74.82
2026/09/11 15:33:07.294, 3, 0, 97871, 0, 75.02
2026/09/11 15:33:07.494, 0, 0, 97871, 0, 74.13
2026/09/11 15:33:07.494, 1, 0, 97871, 0, 75.71
2026/09/11 15:33:07.494, 2, 0, 97871, 0, 74.83
2026/09/11 15:33:07.494, 3, 0, 97871, 0, 74.93
2026/09/11 15:33:07.694, 0, 0, 97871, 0, 74.12
2026/09/11 15:33:07.694, 1, 0, 97871, 0, 75.69
2026/09/11 15:33:07.694, 2, 0, 97871, 0, 74.86
2026/09/11 15:33:07.694, 3, 0, 97871, 0, 74.98
2026/09/11 15:33:07.894, 0, 0, 97871, 0, 74.17
2026/09/11 15:33:07.894, 1, 0, 97871, 0, 75.70
2026/09/11 15:33:07.894, 2, 0, 97871, 0, 74.86
2026/09/11 15:33:07.894, 3, 0, 97871, 0, 75.00
2026/09/11 15:33:08.094, 0, 0, 97871, 0, 74.15
2026/09/11 15:33:08.094, 1, 0, 97871, 0, 75.69
2026/09/11 15:33:08.094, 2, 0, 97871, 0, 74.86
2026/09/11 15:33:08.094, 3, 0, 97871, 0, 75.01
2026/09/11 15:33:08.294, 0, 0, 97871, 0, 74.10
2026/09/11 15:33:08.295, 1, 0, 97871, 0, 75.72
2026/09/11 15:33:08.295, 2, 0, 97871, 0, 74.84
2026/09/11 15:33:08.295, 3, 0, 97871, 0, 74.92
2026/09/11 15:33:08.495, 0, 0, 97871, 0, 74.10
2026/09/11 15:33:08.495, 1, 0, 97871, 0, 75.70
2026/09/11 15:33:08.495, 2, 0, 97871, 0, 74.84
2026/09/11 15:33:08.495, 3, 0, 97871, 0, 74.98
2026/09/11 15:33:08.695, 0, 0, 97871, 0, 74.08
2026/09/11 15:33:08.695, 1, 0, 97871, 0, 75.71
2026/09/11 15:33:08.695, 2, 0, 97871, 0, 74.83
2026/09/11 15:33:08.695, 3, 0, 97871, 0, 74.99
2026/09/11 15:33:08.895, 0, 0, 97871, 0, 74.05
2026/09/11 15:33:08.895, 1, 0, 97871, 0, 75.72
2026/09/11 15:33:08.895, 2, 0, 97871, 0, 74.82
2026/09/11 15:33:08.895, 3, 0, 97871, 0, 74.97
2026/09/11 15:33:09.095, 0, 0, 97871, 0, 74.03
2026/09/11 15:33:09.095, 1, 0, 97871, 0, 75.74
2026/09/11 15:33:09.095, 2, 0, 97871, 0, 74.82
2026/09/11 15:33:09.095, 3, 0, 97871, 0, 74.90
2026/09/11 15:33:09.295, 0, 0, 97871, 0, 74.04
2026/09/11 15:33:09.295, 1, 0, 97871, 0, 75.72
2026/09/11 15:33:09.295, 2, 0, 97871, 0, 74.81
2026/09/11 15:33:09.295, 3, 0, 97871, 0, 74.98
2026/09/11 15:33:09.496, 0, 0, 97871, 0, 74.02
2026/09/11 15:33:09.496, 1, 0, 97871, 0, 75.72
2026/09/11 15:33:09.496, 2, 0, 97871, 0, 74.82
2026/09/11 15:33:09.496, 3, 0, 97871, 0, 74.97
2026/09/11 15:33:09.696, 0, 0, 97871, 0, 74.02
2026/09/11 15:33:09.696, 1, 0, 97871, 0, 75.71
2026/09/11 15:33:09.696, 2, 0, 97871, 0, 74.82
2026/09/11 15:33:09.696, 3, 0, 97871, 0, 74.90
2026/09/11 15:33:09.896, 0, 1, 97871, 0, 74.01
2026/09/11 15:33:09.919, 1, 1, 97871, 0, 75.71
2026/09/11 15:33:09.919, 2, 1, 97871, 0, 74.83
2026/09/11 15:33:09.920, 3, 1, 97871, 0, 74.91
2026/09/11 15:33:10.121, 0, 4, 97871, 0, 74.02
2026/09/11 15:33:10.124, 1, 1, 97871, 0, 75.69
2026/09/11 15:33:10.232, 2, 1, 97871, 0, 74.85
2026/09/11 15:33:10.232, 3, 1, 97871, 0, 74.91
2026/09/11 15:33:10.432, 0, 4, 97871, 0, 74.05
2026/09/11 15:33:10.439, 1, 4, 97871, 0, 75.75
2026/09/11 15:33:10.439, 2, 1, 97871, 0, 74.86
2026/09/11 15:33:10.439, 3, 1, 97871, 0, 74.86
2026/09/11 15:33:10.639, 0, 4, 97871, 0, 74.04
2026/09/11 15:33:10.668, 1, 4, 97871, 0, 75.76
2026/09/11 15:33:10.668, 2, 4, 97871, 0, 74.84
2026/09/11 15:33:10.668, 3, 1, 97871, 0, 74.91
2026/09/11 15:33:10.868, 0, 4, 97871, 0, 74.05
2026/09/11 15:33:10.868, 1, 4, 97871, 0, 75.74
2026/09/11 15:33:10.868, 2, 4, 97871, 0, 74.82
2026/09/11 15:33:10.868, 3, 4, 97871, 0, 74.96
2026/09/11 15:33:11.068, 0, 4, 97871, 0, 74.07
2026/09/11 15:33:11.069, 1, 4, 97871, 0, 75.72
2026/09/11 15:33:11.069, 2, 4, 97871, 0, 74.81
2026/09/11 15:33:11.069, 3, 4, 97871, 0, 74.90
2026/09/11 15:33:11.269, 0, 4, 97871, 0, 74.06
2026/09/11 15:33:11.269, 1, 4, 97871, 0, 75.70
2026/09/11 15:33:11.269, 2, 4, 97871, 0, 74.80
2026/09/11 15:33:11.269, 3, 4, 97871, 0, 74.91
2026/09/11 15:33:11.469, 0, 4, 97871, 0, 74.04
2026/09/11 15:33:11.469, 1, 4, 97871, 0, 75.71
2026/09/11 15:33:11.469, 2, 4, 97871, 0, 74.79
2026/09/11 15:33:11.469, 3, 4, 97871, 0, 74.98
2026/09/11 15:33:11.669, 0, 4, 97871, 0, 74.06
2026/09/11 15:33:11.669, 1, 4, 97871, 0, 75.70
2026/09/11 15:33:11.669, 2, 4, 97871, 0, 74.76
2026/09/11 15:33:11.669, 3, 4, 97871, 0, 74.99
2026/09/11 15:33:11.869, 0, 4, 97871, 0, 74.02
2026/09/11 15:33:11.869, 1, 4, 97871, 0, 75.70
2026/09/11 15:33:11.869, 2, 4, 97871, 0, 74.78
2026/09/11 15:33:11.869, 3, 4, 97871, 0, 74.93
2026/09/11 15:33:12.069, 0, 4, 97871, 0, 74.02
2026/09/11 15:33:12.069, 1, 4, 97871, 0, 75.68
2026/09/11 15:33:12.069, 2, 4, 97871, 0, 74.75
2026/09/11 15:33:12.069, 3, 4, 97871, 0, 74.97
2026/09/11 15:33:12.269, 0, 4, 97871, 0, 74.05
2026/09/11 15:33:12.269, 1, 4, 97871, 0, 75.69
2026/09/11 15:33:12.269, 2, 4, 97871, 0, 74.73
2026/09/11 15:33:12.270, 3, 4, 97871, 0, 75.00
2026/09/11 15:33:12.470, 0, 4, 97871, 0, 74.07
2026/09/11 15:33:12.470, 1, 4, 97871, 0, 75.67
2026/09/11 15:33:12.470, 2, 4, 97871, 0, 74.73
2026/09/11 15:33:12.470, 3, 4, 97871, 0, 74.99
2026/09/11 15:33:12.670, 0, 4, 97871, 0, 74.05
2026/09/11 15:33:12.670, 1, 4, 97871, 0, 75.65
2026/09/11 15:33:12.670, 2, 4, 97871, 0, 74.75
2026/09/11 15:33:12.670, 3, 4, 97871, 0, 74.93
2026/09/11 15:33:12.870, 0, 4, 97871, 0, 74.08
2026/09/11 15:33:12.870, 1, 4, 97871, 0, 75.62
2026/09/11 15:33:12.870, 2, 4, 97871, 0, 74.74
2026/09/11 15:33:12.870, 3, 4, 97871, 0, 74.97
2026/09/11 15:33:13.070, 0, 4, 97871, 0, 74.07
2026/09/11 15:33:13.070, 1, 4, 97871, 0, 75.61
2026/09/11 15:33:13.070, 2, 4, 97871, 0, 74.74
2026/09/11 15:33:13.070, 3, 4, 97871, 0, 74.98
2026/09/11 15:33:13.270, 0, 4, 97871, 0, 74.03
2026/09/11 15:33:13.270, 1, 4, 97871, 0, 75.60
2026/09/11 15:33:13.270, 2, 4, 97871, 0, 74.75
2026/09/11 15:33:13.270, 3, 4, 97871, 0, 74.95
2026/09/11 15:33:13.470, 0, 4, 97871, 0, 74.03
2026/09/11 15:33:13.470, 1, 4, 97871, 0, 75.60
2026/09/11 15:33:13.470, 2, 4, 97871, 0, 74.75
2026/09/11 15:33:13.470, 3, 4, 97871, 0, 74.89
2026/09/11 15:33:13.671, 0, 4, 97871, 0, 74.04
2026/09/11 15:33:13.671, 1, 4, 97871, 0, 75.60
2026/09/11 15:33:13.671, 2, 4, 97871, 0, 74.74
2026/09/11 15:33:13.671, 3, 4, 97871, 0, 74.96
2026/09/11 15:33:13.871, 0, 4, 97871, 0, 74.01
2026/09/11 15:33:13.871, 1, 4, 97871, 0, 75.63
2026/09/11 15:33:13.871, 2, 4, 97871, 0, 74.75
2026/09/11 15:33:13.871, 3, 4, 97871, 0, 74.97
2026/09/11 15:33:14.071, 0, 4, 97871, 0, 74.02
2026/09/11 15:33:14.071, 1, 4, 97871, 0, 75.63
2026/09/11 15:33:14.071, 2, 4, 97871, 0, 74.74
2026/09/11 15:33:14.071, 3, 4, 97871, 0, 74.90
2026/09/11 15:33:14.271, 0, 4, 97871, 0, 74.00
2026/09/11 15:33:14.271, 1, 4, 97871, 0, 75.63
2026/09/11 15:33:14.271, 2, 4, 97871, 0, 74.75
2026/09/11 15:33:14.271, 3, 4, 97871, 0, 74.92
2026/09/11 15:33:14.471, 0, 4, 97871, 0, 73.99
2026/09/11 15:33:14.471, 1, 4, 97871, 0, 75.63
2026/09/11 15:33:14.471, 2, 4, 97871, 0, 74.73
2026/09/11 15:33:14.471, 3, 4, 97871, 0, 74.95
2026/09/11 15:33:14.672, 0, 4, 97871, 0, 74.01
2026/09/11 15:33:14.672, 1, 4, 97871, 0, 75.65
2026/09/11 15:33:14.672, 2, 4, 97871, 0, 74.72
2026/09/11 15:33:14.672, 3, 4, 97871, 0, 74.94
2026/09/11 15:33:14.872, 0, 4, 97871, 0, 74.01
2026/09/11 15:33:14.872, 1, 4, 97871, 0, 75.61
2026/09/11 15:33:14.872, 2, 4, 97871, 0, 74.71
2026/09/11 15:33:14.872, 3, 4, 97871, 0, 74.86
2026/09/11 15:33:15.072, 0, 4, 97871, 0, 73.98
2026/09/11 15:33:15.072, 1, 4, 97871, 0, 75.61
2026/09/11 15:33:15.072, 2, 4, 97871, 0, 74.72
2026/09/11 15:33:15.072, 3, 4, 97871, 0, 74.92
2026/09/11 15:33:15.272, 0, 4, 97871, 0, 73.99
2026/09/11 15:33:15.272, 1, 4, 97871, 0, 75.60
2026/09/11 15:33:15.272, 2, 4, 97871, 0, 74.71
2026/09/11 15:33:15.272, 3, 4, 97871, 0, 74.93
2026/09/11 15:33:15.472, 0, 4, 97871, 0, 74.00
2026/09/11 15:33:15.472, 1, 4, 97871, 0, 75.62
2026/09/11 15:33:15.472, 2, 4, 97871, 0, 74.74
2026/09/11 15:33:15.472, 3, 4, 97871, 0, 74.89
2026/09/11 15:33:15.673, 0, 4, 97871, 0, 73.97
2026/09/11 15:33:15.673, 1, 4, 97871, 0, 75.60
2026/09/11 15:33:15.673, 2, 4, 97871, 0, 74.74
2026/09/11 15:33:15.673, 3, 4, 97871, 0, 74.81
2026/09/11 15:33:15.873, 0, 4, 97871, 0, 73.96
2026/09/11 15:33:15.873, 1, 4, 97871, 0, 75.62
2026/09/11 15:33:15.873, 2, 4, 97871, 0, 74.75
2026/09/11 15:33:15.873, 3, 4, 97871, 0, 74.88
2026/09/11 15:33:16.073, 0, 4, 97871, 0, 73.97
2026/09/11 15:33:16.073, 1, 4, 97871, 0, 75.62
2026/09/11 15:33:16.073, 2, 4, 97871, 0, 74.75
2026/09/11 15:33:16.073, 3, 4, 97871, 0, 74.88
2026/09/11 15:33:16.273, 0, 4, 97871, 0, 73.94
2026/09/11 15:33:16.273, 1, 4, 97871, 0, 75.62
2026/09/11 15:33:16.273, 2, 4, 97871, 0, 74.78
2026/09/11 15:33:16.273, 3, 4, 97871, 0, 74.82
2026/09/11 15:33:16.473, 0, 4, 97871, 0, 73.94
2026/09/11 15:33:16.473, 1, 4, 97871, 0, 75.62
2026/09/11 15:33:16.473, 2, 4, 97871, 0, 74.78
2026/09/11 15:33:16.474, 3, 4, 97871, 0, 74.83
2026/09/11 15:33:16.674, 0, 4, 97871, 0, 73.95
2026/09/11 15:33:16.674, 1, 4, 97871, 0, 75.61
2026/09/11 15:33:16.674, 2, 4, 97871, 0, 74.77
2026/09/11 15:33:16.674, 3, 4, 97871, 0, 74.89
2026/09/11 15:33:16.874, 0, 4, 97871, 0, 73.92
2026/09/11 15:33:16.874, 1, 4, 97871, 0, 75.59
2026/09/11 15:33:16.874, 2, 4, 97871, 0, 74.74
2026/09/11 15:33:16.874, 3, 4, 97871, 0, 74.88
2026/09/11 15:33:17.074, 0, 4, 97871, 0, 73.92
2026/09/11 15:33:17.074, 1, 4, 97871, 0, 75.58
2026/09/11 15:33:17.074, 2, 4, 97871, 0, 74.72
2026/09/11 15:33:17.074, 3, 4, 97871, 0, 74.81
2026/09/11 15:33:17.274, 0, 4, 97871, 0, 73.92
2026/09/11 15:33:17.274, 1, 4, 97871, 0, 75.55
2026/09/11 15:33:17.274, 2, 4, 97871, 0, 74.72
2026/09/11 15:33:17.274, 3, 4, 97871, 0, 74.85
2026/09/11 15:33:17.474, 0, 4, 97871, 0, 73.92
2026/09/11 15:33:17.474, 1, 4, 97871, 0, 75.54
2026/09/11 15:33:17.474, 2, 4, 97871, 0, 74.69
2026/09/11 15:33:17.474, 3, 4, 97871, 0, 74.88
2026/09/11 15:33:17.675, 0, 4, 97871, 0, 73.92
2026/09/11 15:33:17.675, 1, 4, 97871, 0, 75.55
2026/09/11 15:33:17.675, 2, 4, 97871, 0, 74.69
2026/09/11 15:33:17.675, 3, 4, 97871, 0, 74.88
2026/09/11 15:33:17.875, 0, 4, 97871, 0, 73.97
2026/09/11 15:33:17.875, 1, 4, 97871, 0, 75.55
2026/09/11 15:33:17.875, 2, 4, 97871, 0, 74.72
2026/09/11 15:33:17.875, 3, 4, 97871, 0, 74.84
2026/09/11 15:33:18.075, 0, 4, 97871, 0, 73.95
2026/09/11 15:33:18.075, 1, 4, 97871, 0, 75.55
2026/09/11 15:33:18.075, 2, 4, 97871, 0, 74.70
2026/09/11 15:33:18.075, 3, 4, 97871, 0, 74.90
2026/09/11 15:33:18.275, 0, 4, 97871, 0, 73.96
2026/09/11 15:33:18.275, 1, 4, 97871, 0, 75.55
2026/09/11 15:33:18.275, 2, 4, 97871, 0, 74.69
2026/09/11 15:33:18.275, 3, 4, 97871, 0, 74.91
2026/09/11 15:33:18.475, 0, 4, 97871, 0, 73.97
2026/09/11 15:33:18.475, 1, 4, 97871, 0, 75.54
2026/09/11 15:33:18.475, 2, 4, 97871, 0, 74.67
2026/09/11 15:33:18.475, 3, 4, 97871, 0, 74.86
2026/09/11 15:33:18.675, 0, 4, 97871, 0, 73.96
2026/09/11 15:33:18.675, 1, 4, 97871, 0, 75.53
2026/09/11 15:33:18.675, 2, 4, 97871, 0, 74.65
2026/09/11 15:33:18.675, 3, 4, 97871, 0, 74.84
2026/09/11 15:33:18.876, 0, 4, 97871, 0, 73.95
2026/09/11 15:33:18.876, 1, 4, 97871, 0, 75.54
2026/09/11 15:33:18.876, 2, 4, 97871, 0, 74.62
2026/09/11 15:33:18.876, 3, 4, 97871, 0, 74.88
2026/09/11 15:33:19.076, 0, 4, 97871, 0, 74.00
2026/09/11 15:33:19.076, 1, 4, 97871, 0, 75.52
2026/09/11 15:33:19.076, 2, 4, 97871, 0, 74.61
2026/09/11 15:33:19.076, 3, 4, 97871, 0, 74.88
2026/09/11 15:33:19.276, 0, 4, 97871, 0, 74.00
2026/09/11 15:33:19.276, 1, 4, 97871, 0, 75.53
2026/09/11 15:33:19.276, 2, 4, 97871, 0, 74.62
2026/09/11 15:33:19.276, 3, 4, 97871, 0, 74.85
2026/09/11 15:33:19.476, 0, 4, 97871, 0, 73.97
2026/09/11 15:33:19.476, 1, 4, 97871, 0, 75.50
2026/09/11 15:33:19.476, 2, 4, 97871, 0, 74.62
2026/09/11 15:33:19.476, 3, 4, 97871, 0, 74.86
2026/09/11 15:33:19.676, 0, 4, 97871, 0, 73.98
2026/09/11 15:33:19.676, 1, 4, 97871, 0, 75.50
2026/09/11 15:33:19.676, 2, 4, 97871, 0, 74.62
2026/09/11 15:33:19.676, 3, 4, 97871, 0, 74.91
2026/09/11 15:33:19.876, 0, 4, 97871, 0, 73.98
2026/09/11 15:33:19.876, 1, 4, 97871, 0, 75.50
2026/09/11 15:33:19.876, 2, 4, 97871, 0, 74.62
2026/09/11 15:33:19.876, 3, 4, 97871, 0, 74.90
2026/09/11 15:33:20.077, 0, 4, 97871, 0, 73.96
2026/09/11 15:33:20.077, 1, 4, 97871, 0, 75.50
2026/09/11 15:33:20.077, 2, 4, 97871, 0, 74.65
2026/09/11 15:33:20.077, 3, 4, 97871, 0, 74.86
2026/09/11 15:33:20.277, 0, 4, 97871, 0, 73.98
2026/09/11 15:33:20.277, 1, 4, 97871, 0, 75.50
2026/09/11 15:33:20.277, 2, 4, 97871, 0, 74.66
2026/09/11 15:33:20.277, 3, 4, 97871, 0, 74.89
2026/09/11 15:33:20.477, 0, 4, 97871, 0, 74.00
2026/09/11 15:33:20.477, 1, 4, 97871, 0, 75.52
2026/09/11 15:33:20.477, 2, 4, 97871, 0, 74.64
2026/09/11 15:33:20.477, 3, 4, 97871, 0, 74.92
2026/09/11 15:33:20.677, 0, 4, 97871, 0, 73.97
2026/09/11 15:33:20.677, 1, 4, 97871, 0, 75.52
2026/09/11 15:33:20.677, 2, 4, 97871, 0, 74.65
2026/09/11 15:33:20.677, 3, 4, 97871, 0, 74.86
2026/09/11 15:33:20.877, 0, 4, 97871, 0, 73.95
2026/09/11 15:33:20.877, 1, 4, 97871, 0, 75.53
2026/09/11 15:33:20.877, 2, 4, 97871, 0, 74.65
2026/09/11 15:33:20.877, 3, 4, 97871, 0, 74.83
2026/09/11 15:33:21.078, 0, 4, 97871, 0, 73.93
2026/09/11 15:33:21.078, 1, 4, 97871, 0, 75.53
2026/09/11 15:33:21.078, 2, 4, 97871, 0, 74.63
2026/09/11 15:33:21.078, 3, 4, 97871, 0, 74.86
2026/09/11 15:33:21.278, 0, 4, 97871, 0, 73.88
2026/09/11 15:33:21.278, 1, 4, 97871, 0, 75.51
2026/09/11 15:33:21.278, 2, 4, 97871, 0, 74.61
2026/09/11 15:33:21.278, 3, 4, 97871, 0, 74.84
2026/09/11 15:33:21.478, 0, 4, 97871, 0, 73.84
2026/09/11 15:33:21.478, 1, 4, 97871, 0, 75.50
2026/09/11 15:33:21.478, 2, 4, 97871, 0, 74.60
2026/09/11 15:33:21.478, 3, 4, 97871, 0, 74.79
2026/09/11 15:33:21.678, 0, 4, 97871, 0, 73.85
2026/09/11 15:33:21.678, 1, 4, 97871, 0, 75.49
2026/09/11 15:33:21.678, 2, 4, 97871, 0, 74.61
2026/09/11 15:33:21.678, 3, 4, 97871, 0, 74.78
2026/09/11 15:33:21.878, 0, 4, 97871, 0, 73.83
2026/09/11 15:33:21.886, 1, 4, 97871, 0, 75.47
2026/09/11 15:33:21.887, 2, 4, 97871, 0, 74.60
2026/09/11 15:33:21.887, 3, 4, 97871, 0, 74.83
2026/09/11 15:33:22.087, 0, 4, 97871, 0, 73.87
2026/09/11 15:33:22.087, 1, 4, 97871, 0, 75.49
2026/09/11 15:33:22.087, 2, 4, 97871, 0, 74.61
2026/09/11 15:33:22.087, 3, 4, 97871, 0, 74.81
2026/09/11 15:33:22.287, 0, 4, 97871, 0, 73.86
2026/09/11 15:33:22.287, 1, 4, 97871, 0, 75.51
2026/09/11 15:33:22.287, 2, 4, 97871, 0, 74.64
2026/09/11 15:33:22.287, 3, 4, 97871, 0, 74.76
2026/09/11 15:33:22.487, 0, 4, 97871, 0, 73.86
2026/09/11 15:33:22.487, 1, 4, 97871, 0, 75.55
2026/09/11 15:33:22.487, 2, 4, 97871, 0, 74.65
2026/09/11 15:33:22.487, 3, 4, 97871, 0, 74.79
2026/09/11 15:33:22.687, 0, 4, 97871, 0, 73.83
2026/09/11 15:33:22.687, 1, 4, 97871, 0, 75.59
2026/09/11 15:33:22.688, 2, 4, 97871, 0, 74.68
2026/09/11 15:33:22.688, 3, 4, 97871, 0, 74.84
2026/09/11 15:33:22.888, 0, 4, 97871, 0, 73.84
2026/09/11 15:33:22.888, 1, 4, 97871, 0, 75.64
2026/09/11 15:33:22.888, 2, 4, 97871, 0, 74.67
2026/09/11 15:33:22.888, 3, 4, 97871, 0, 74.85
2026/09/11 15:33:23.088, 0, 4, 97871, 0, 73.80
2026/09/11 15:33:23.088, 1, 4, 97871, 0, 75.67
2026/09/11 15:33:23.088, 2, 4, 97871, 0, 74.67
2026/09/11 15:33:23.088, 3, 4, 97871, 0, 74.78
2026/09/11 15:33:23.288, 0, 4, 97871, 0, 73.81
2026/09/11 15:33:23.288, 1, 4, 97871, 0, 75.67
2026/09/11 15:33:23.288, 2, 4, 97871, 0, 74.63
2026/09/11 15:33:23.288, 3, 4, 97871, 0, 74.82
2026/09/11 15:33:23.488, 0, 4, 97871, 0, 73.86
2026/09/11 15:33:23.488, 1, 4, 97871, 0, 75.65
2026/09/11 15:33:23.488, 2, 4, 97871, 0, 74.61
2026/09/11 15:33:23.488, 3, 4, 97871, 0, 74.84
2026/09/11 15:33:23.688, 0, 4, 97871, 0, 73.88
2026/09/11 15:33:23.689, 1, 4, 97871, 0, 75.65
2026/09/11 15:33:23.689, 2, 4, 97871, 0, 74.59
2026/09/11 15:33:23.689, 3, 4, 97871, 0, 74.81
2026/09/11 15:33:23.889, 0, 4, 97871, 0, 73.89
2026/09/11 15:33:23.889, 1, 4, 97871, 0, 75.64
2026/09/11 15:33:23.889, 2, 4, 97871, 0, 74.56
2026/09/11 15:33:23.889, 3, 4, 97871, 0, 74.77
2026/09/11 15:33:24.089, 0, 4, 97871, 0, 73.92
2026/09/11 15:33:24.089, 1, 4, 97871, 0, 75.63
2026/09/11 15:33:24.089, 2, 4, 97871, 0, 74.58
2026/09/11 15:33:24.089, 3, 4, 97871, 0, 74.81
2026/09/11 15:33:24.289, 0, 4, 97871, 0, 73.89
2026/09/11 15:33:24.289, 1, 4, 97871, 0, 75.64
2026/09/11 15:33:24.289, 2, 4, 97871, 0, 74.57
2026/09/11 15:33:24.289, 3, 4, 97871, 0, 74.82
2026/09/11 15:33:24.489, 0, 4, 97871, 0, 73.90
2026/09/11 15:33:24.489, 1, 4, 97871, 0, 75.66
2026/09/11 15:33:24.489, 2, 4, 97871, 0, 74.58
2026/09/11 15:33:24.489, 3, 4, 97871, 0, 74.79
2026/09/11 15:33:24.690, 0, 4, 97871, 0, 73.92
2026/09/11 15:33:24.690, 1, 4, 97871, 0, 75.61
2026/09/11 15:33:24.690, 2, 4, 97871, 0, 74.57
2026/09/11 15:33:24.690, 3, 4, 97871, 0, 74.78
2026/09/11 15:33:24.890, 0, 4, 97871, 0, 73.93
2026/09/11 15:33:24.890, 1, 4, 97871, 0, 75.62
2026/09/11 15:33:24.890, 2, 4, 97871, 0, 74.57
2026/09/11 15:33:24.890, 3, 4, 97871, 0, 74.84
2026/09/11 15:33:25.090, 0, 4, 97871, 0, 73.91
2026/09/11 15:33:25.090, 1, 4, 97871, 0, 75.63
2026/09/11 15:33:25.090, 2, 4, 97871, 0, 74.56
2026/09/11 15:33:25.090, 3, 4, 97871, 0, 74.86
2026/09/11 15:33:25.290, 0, 4, 97871, 0, 73.93
2026/09/11 15:33:25.314, 1, 4, 97871, 0, 75.58
2026/09/11 15:33:25.314, 2, 4, 97871, 0, 74.53
2026/09/11 15:33:25.316, 3, 4, 97871, 0, 74.85
2026/09/11 15:33:25.518, 0, 4, 97871, 0, 73.93
2026/09/11 15:33:25.518, 1, 4, 97871, 0, 75.61
2026/09/11 15:33:25.520, 2, 4, 97871, 0, 74.54
2026/09/11 15:33:25.520, 3, 4, 97871, 0, 74.81
2026/09/11 15:33:25.722, 0, 4, 97871, 0, 73.90
2026/09/11 15:33:25.722, 1, 4, 97871, 0, 75.63
2026/09/11 15:33:25.722, 2, 4, 97871, 0, 74.52
2026/09/11 15:33:25.722, 3, 4, 97871, 0, 74.77
2026/09/11 15:33:25.922, 0, 4, 97871, 0, 73.89
2026/09/11 15:33:25.922, 1, 4, 97871, 0, 75.65
2026/09/11 15:33:25.922, 2, 4, 97871, 0, 74.54
2026/09/11 15:33:25.922, 3, 4, 97871, 0, 74.80
2026/09/11 15:33:26.122, 0, 4, 97871, 0, 73.91
2026/09/11 15:33:26.122, 1, 4, 97871, 0, 75.64
2026/09/11 15:33:26.123, 2, 4, 97871, 0, 74.54
2026/09/11 15:33:26.123, 3, 4, 97871, 0, 74.82
2026/09/11 15:33:26.323, 0, 21, 97871, 0, 74.40
2026/09/11 15:33:26.328, 1, 4, 97871, 0, 75.64
2026/09/11 15:33:26.338, 2, 14, 97871, 0, 74.82
2026/09/11 15:33:26.341, 3, 8, 97871, 0, 74.77
2026/09/11 15:33:26.546, 0, 21, 97871, 0, 84.39
2026/09/11 15:33:26.550, 1, 21, 97871, 0, 83.58
2026/09/11 15:33:26.553, 2, 21, 97871, 0, 84.08
2026/09/11 15:33:26.554, 3, 21, 97871, 0, 82.39
2026/09/11 15:33:26.756, 0, 385, 97871, 2, 93.73
2026/09/11 15:33:26.756, 1, 385, 97871, 1, 92.93
2026/09/11 15:33:26.757, 2, 385, 97871, 2, 93.04
2026/09/11 15:33:26.757, 3, 385, 97871, 3, 92.07
2026/09/11 15:33:26.957, 0, 483, 97871, 2, 102.11
2026/09/11 15:33:26.958, 1, 483, 97871, 0, 101.89
2026/09/11 15:33:26.959, 2, 483, 97871, 1, 101.87
2026/09/11 15:33:26.959, 3, 483, 97871, 1, 101.12
2026/09/11 15:33:27.160, 0, 727, 97871, 1, 111.71
2026/09/11 15:33:27.161, 1, 727, 97871, 0, 112.56
2026/09/11 15:33:27.182, 2, 727, 97871, 0, 111.40
2026/09/11 15:33:27.188, 3, 727, 97871, 1, 109.39
2026/09/11 15:33:27.388, 0, 1019, 97871, 0, 119.38
2026/09/11 15:33:27.389, 1, 1019, 97871, 1, 120.90
2026/09/11 15:33:27.389, 2, 1019, 97871, 1, 119.50
2026/09/11 15:33:27.391, 3, 1019, 97871, 0, 119.20
2026/09/11 15:33:27.593, 0, 1173, 97871, 1, 119.18
2026/09/11 15:33:27.593, 1, 1173, 97871, 0, 122.16
2026/09/11 15:33:27.593, 2, 1173, 97871, 1, 120.14
2026/09/11 15:33:27.593, 3, 1173, 97871, 1, 120.74
2026/09/11 15:33:27.793, 0, 1443, 97871, 0, 119.28
2026/09/11 15:33:27.794, 1, 1443, 97871, 0, 121.94
2026/09/11 15:33:27.794, 2, 1443, 97871, 0, 120.04
2026/09/11 15:33:27.794, 3, 1443, 97871, 0, 120.53
2026/09/11 15:33:27.994, 0, 1735, 97871, 1, 119.41
2026/09/11 15:33:27.996, 1, 1735, 97871, 1, 121.97
2026/09/11 15:33:27.997, 2, 1735, 97871, 1, 120.06
2026/09/11 15:33:27.998, 3, 1735, 97871, 1, 120.62
2026/09/11 15:33:28.199, 0, 1735, 97871, 0, 119.45
2026/09/11 15:33:28.199, 1, 1735, 97871, 0, 122.10
2026/09/11 15:33:28.199, 2, 1735, 97871, 0, 120.16
2026/09/11 15:33:28.199, 3, 1735, 97871, 0, 120.89
2026/09/11 15:33:28.399, 0, 1805, 97871, 0, 119.71
2026/09/11 15:33:28.399, 1, 1805, 97871, 0, 122.22
2026/09/11 15:33:28.399, 2, 1805, 97871, 0, 120.44
2026/09/11 15:33:28.399, 3, 1805, 97871, 0, 121.07
2026/09/11 15:33:28.599, 0, 1805, 97871, 0, 119.74
2026/09/11 15:33:28.599, 1, 1805, 97871, 0, 121.99
2026/09/11 15:33:28.599, 2, 1805, 97871, 0, 120.22
2026/09/11 15:33:28.599, 3, 1805, 97871, 0, 120.81
2026/09/11 15:33:28.799, 0, 2833, 97871, 3, 119.49
2026/09/11 15:33:28.799, 1, 2833, 97871, 3, 121.92
2026/09/11 15:33:28.799, 2, 2833, 97871, 3, 119.99
2026/09/11 15:33:28.799, 3, 2833, 97871, 3, 120.55
2026/09/11 15:33:29.000, 0, 2833, 97871, 0, 119.57
2026/09/11 15:33:29.000, 1, 2833, 97871, 0, 122.25
2026/09/11 15:33:29.000, 2, 2833, 97871, 0, 119.94
2026/09/11 15:33:29.000, 3, 2833, 97871, 0, 120.50
2026/09/11 15:33:29.200, 0, 2833, 97871, 0, 119.59
2026/09/11 15:33:29.200, 1, 2833, 97871, 0, 122.13
2026/09/11 15:33:29.200, 2, 2833, 97871, 0, 119.96
2026/09/11 15:33:29.200, 3, 2833, 97871, 0, 120.41
2026/09/11 15:33:29.400, 0, 2833, 97871, 0, 119.30
2026/09/11 15:33:29.400, 1, 2833, 97871, 0, 121.94
2026/09/11 15:33:29.400, 2, 2833, 97871, 0, 119.60
2026/09/11 15:33:29.400, 3, 2833, 97871, 0, 120.09
2026/09/11 15:33:29.600, 0, 2833, 97871, 0, 119.27
2026/09/11 15:33:29.600, 1, 2833, 97871, 0, 121.89
2026/09/11 15:33:29.600, 2, 2833, 97871, 0, 119.58
2026/09/11 15:33:29.600, 3, 2833, 97871, 0, 120.01
2026/09/11 15:33:29.800, 0, 2833, 97871, 0, 119.29
2026/09/11 15:33:29.800, 1, 2833, 97871, 0, 121.87
2026/09/11 15:33:29.800, 2, 2833, 97871, 0, 119.53
2026/09/11 15:33:29.800, 3, 2833, 97871, 0, 120.05
2026/09/11 15:33:30.001, 0, 2833, 97871, 0, 119.22
2026/09/11 15:33:30.001, 1, 2833, 97871, 0, 121.53
2026/09/11 15:33:30.001, 2, 2833, 97871, 0, 119.56
2026/09/11 15:33:30.001, 3, 2833, 97871, 0, 120.07
2026/09/11 15:33:30.201, 0, 2833, 97871, 0, 119.21
2026/09/11 15:33:30.201, 1, 2833, 97871, 0, 121.55
2026/09/11 15:33:30.201, 2, 2833, 97871, 0, 119.52
2026/09/11 15:33:30.201, 3, 2833, 97871, 0, 120.06
2026/09/11 15:33:30.401, 0, 2833, 97871, 0, 119.24
2026/09/11 15:33:30.401, 1, 2833, 97871, 0, 121.55
2026/09/11 15:33:30.401, 2, 2833, 97871, 0, 119.56
2026/09/11 15:33:30.401, 3, 2833, 97871, 0, 120.02
2026/09/11 15:33:30.601, 0, 2833, 97871, 0, 119.27
2026/09/11 15:33:30.601, 1, 2833, 97871, 0, 121.59
2026/09/11 15:33:30.601, 2, 2833, 97871, 0, 119.57
2026/09/11 15:33:30.601, 3, 2833, 97871, 0, 120.10
2026/09/11 15:33:30.801, 0, 2833, 97871, 0, 119.27
2026/09/11 15:33:30.801, 1, 2833, 97871, 0, 121.59
2026/09/11 15:33:30.801, 2, 2833, 97871, 0, 119.58
2026/09/11 15:33:30.801, 3, 2833, 97871, 0, 120.14
2026/09/11 15:33:31.001, 0, 2833, 97871, 0, 119.28
2026/09/11 15:33:31.001, 1, 2833, 97871, 0, 121.59
2026/09/11 15:33:31.001, 2, 2833, 97871, 0, 119.57
2026/09/11 15:33:31.001, 3, 2833, 97871, 0, 120.11
2026/09/11 15:33:31.202, 0, 2833, 97871, 0, 119.30
2026/09/11 15:33:31.202, 1, 2833, 97871, 0, 121.58
2026/09/11 15:33:31.202, 2, 2833, 97871, 0, 119.57
2026/09/11 15:33:31.202, 3, 2833, 97871, 0, 120.12
2026/09/11 15:33:31.402, 0, 3273, 97871, 0, 119.29
2026/09/11 15:33:31.402, 1, 3101, 97871, 0, 121.59
2026/09/11 15:33:31.402, 2, 3273, 97871, 0, 119.55
2026/09/11 15:33:31.402, 3, 3273, 97871, 0, 120.18
2026/09/11 15:33:31.602, 0, 6397, 97871, 3, 119.69
2026/09/11 15:33:31.602, 1, 6427, 97871, 3, 122.12
2026/09/11 15:33:31.602, 2, 6257, 97871, 3, 119.98
2026/09/11 15:33:31.602, 3, 6223, 97871, 3, 120.85
2026/09/11 15:33:31.802, 0, 16827, 97871, 5, 119.77
2026/09/11 15:33:31.802, 1, 16613, 97871, 5, 122.17
2026/09/11 15:33:31.802, 2, 16409, 97871, 5, 120.00
2026/09/11 15:33:31.802, 3, 16017, 97871, 5, 120.83
2026/09/11 15:33:32.002, 0, 27321, 97871, 5, 119.74
2026/09/11 15:33:32.002, 1, 27175, 97871, 5, 122.18
2026/09/11 15:33:32.002, 2, 26137, 97871, 5, 120.01
2026/09/11 15:33:32.002, 3, 26165, 97871, 5, 120.86
2026/09/11 15:33:32.202, 0, 27321, 97871, 2, 119.94
2026/09/11 15:33:32.203, 1, 27175, 97871, 2, 122.27
2026/09/11 15:33:32.203, 2, 26137, 97871, 2, 120.21
2026/09/11 15:33:32.203, 3, 26165, 97871, 2, 121.43
2026/09/11 15:33:32.403, 0, 27321, 97871, 2, 119.94
2026/09/11 15:33:32.403, 1, 27175, 97871, 2, 122.26
2026/09/11 15:33:32.403, 2, 26137, 97871, 2, 120.22
2026/09/11 15:33:32.403, 3, 26165, 97871, 2, 121.45
2026/09/11 15:33:32.603, 0, 27321, 97871, 2, 119.54
2026/09/11 15:33:32.603, 1, 27175, 97871, 2, 121.70
2026/09/11 15:33:32.603, 2, 26137, 97871, 2, 119.81
2026/09/11 15:33:32.603, 3, 26165, 97871, 2, 120.71
2026/09/11 15:33:32.803, 0, 27321, 97871, 2, 119.47
2026/09/11 15:33:32.803, 1, 27175, 97871, 2, 121.64
2026/09/11 15:33:32.803, 2, 26137, 97871, 2, 119.81
2026/09/11 15:33:32.803, 3, 26165, 97871, 2, 120.72
2026/09/11 15:33:33.003, 0, 27321, 97871, 2, 119.52
2026/09/11 15:33:33.003, 1, 27175, 97871, 2, 121.64
2026/09/11 15:33:33.003, 2, 26137, 97871, 2, 119.80
2026/09/11 15:33:33.004, 3, 26165, 97871, 2, 120.76
2026/09/11 15:33:33.204, 0, 27321, 97871, 2, 119.29
2026/09/11 15:33:33.204, 1, 27175, 97871, 2, 121.55
2026/09/11 15:33:33.204, 2, 26137, 97871, 3, 119.63
2026/09/11 15:33:33.204, 3, 26165, 97871, 2, 120.18
2026/09/11 15:33:33.404, 0, 27321, 97871, 2, 119.25
2026/09/11 15:33:33.404, 1, 27175, 97871, 2, 121.55
2026/09/11 15:33:33.404, 2, 26137, 97871, 2, 119.62
2026/09/11 15:33:33.404, 3, 26165, 97871, 2, 120.12
2026/09/11 15:33:33.604, 0, 27321, 97871, 2, 119.27
2026/09/11 15:33:33.604, 1, 27175, 97871, 2, 121.53
2026/09/11 15:33:33.604, 2, 26137, 97871, 2, 119.62
2026/09/11 15:33:33.604, 3, 26165, 97871, 2, 120.18
2026/09/11 15:33:33.804, 0, 27321, 97871, 2, 119.25
2026/09/11 15:33:33.804, 1, 27175, 97871, 2, 121.54
2026/09/11 15:33:33.804, 2, 26137, 97871, 2, 119.61
2026/09/11 15:33:33.804, 3, 26165, 97871, 2, 120.17
2026/09/11 15:33:34.004, 0, 27321, 97871, 2, 119.22
2026/09/11 15:33:34.005, 1, 27175, 97871, 2, 121.52
2026/09/11 15:33:34.005, 2, 26137, 97871, 2, 119.61
2026/09/11 15:33:34.005, 3, 26165, 97871, 2, 120.10
2026/09/11 15:33:34.205, 0, 27321, 97871, 2, 119.23
2026/09/11 15:33:34.205, 1, 27175, 97871, 2, 121.51
2026/09/11 15:33:34.205, 2, 26137, 97871, 2, 119.60
2026/09/11 15:33:34.205, 3, 26165, 97871, 2, 120.09
2026/09/11 15:33:34.405, 0, 27321, 97871, 2, 119.24
2026/09/11 15:33:34.405, 1, 27175, 97871, 2, 121.54
2026/09/11 15:33:34.405, 2, 26137, 97871, 2, 119.58
2026/09/11 15:33:34.405, 3, 26165, 97871, 2, 120.13
2026/09/11 15:33:34.605, 0, 27321, 97871, 2, 119.22
2026/09/11 15:33:34.605, 1, 27175, 97871, 2, 121.55
2026/09/11 15:33:34.605, 2, 26137, 97871, 2, 119.56
2026/09/11 15:33:34.605, 3, 26165, 97871, 2, 120.14
2026/09/11 15:33:34.805, 0, 27321, 97871, 2, 119.23
2026/09/11 15:33:34.805, 1, 27175, 97871, 2, 121.54
2026/09/11 15:33:34.805, 2, 26137, 97871, 2, 119.58
2026/09/11 15:33:34.805, 3, 26165, 97871, 2, 120.10
2026/09/11 15:33:35.005, 0, 27321, 97871, 2, 119.26
2026/09/11 15:33:35.006, 1, 27175, 97871, 2, 121.55
2026/09/11 15:33:35.006, 2, 26137, 97871, 2, 119.59
2026/09/11 15:33:35.006, 3, 26165, 97871, 2, 120.13
2026/09/11 15:33:35.206, 0, 27321, 97871, 2, 119.24
2026/09/11 15:33:35.206, 1, 27175, 97871, 2, 121.57
2026/09/11 15:33:35.206, 2, 26137, 97871, 2, 119.64
2026/09/11 15:33:35.206, 3, 26165, 97871, 2, 120.15
2026/09/11 15:33:35.406, 0, 27321, 97871, 2, 119.23
2026/09/11 15:33:35.406, 1, 27175, 97871, 2, 121.56
2026/09/11 15:33:35.406, 2, 26137, 97871, 2, 119.64
2026/09/11 15:33:35.406, 3, 26165, 97871, 2, 120.15
2026/09/11 15:33:35.606, 0, 27321, 97871, 1, 119.25
2026/09/11 15:33:35.606, 1, 27175, 97871, 2, 121.57
2026/09/11 15:33:35.606, 2, 26137, 97871, 2, 119.62
2026/09/11 15:33:35.606, 3, 26165, 97871, 2, 120.07
2026/09/11 15:33:35.806, 0, 27321, 97871, 2, 119.23
2026/09/11 15:33:35.806, 1, 27175, 97871, 2, 121.56
2026/09/11 15:33:35.807, 2, 26137, 97871, 2, 119.61
2026/09/11 15:33:35.807, 3, 26165, 97871, 2, 120.08
2026/09/11 15:33:36.007, 0, 27321, 97871, 2, 119.19
2026/09/11 15:33:36.007, 1, 27175, 97871, 2, 121.55
2026/09/11 15:33:36.007, 2, 26137, 97871, 2, 119.61
2026/09/11 15:33:36.007, 3, 26165, 97871, 2, 120.11
2026/09/11 15:33:36.207, 0, 27321, 97871, 2, 119.26
2026/09/11 15:33:36.207, 1, 27175, 97871, 2, 121.53
2026/09/11 15:33:36.207, 2, 26137, 97871, 2, 119.58
2026/09/11 15:33:36.207, 3, 26165, 97871, 2, 120.12
2026/09/11 15:33:36.407, 0, 27321, 97871, 2, 119.24
2026/09/11 15:33:36.407, 1, 27175, 97871, 2, 121.53
2026/09/11 15:33:36.407, 2, 26137, 97871, 2, 119.57
2026/09/11 15:33:36.407, 3, 26165, 97871, 2, 120.05
2026/09/11 15:33:36.607, 0, 27321, 97871, 2, 119.22
2026/09/11 15:33:36.607, 1, 27175, 97871, 2, 121.51
2026/09/11 15:33:36.607, 2, 26137, 97871, 2, 119.61
2026/09/11 15:33:36.607, 3, 26165, 97871, 2, 120.13
2026/09/11 15:33:36.807, 0, 27321, 97871, 2, 119.21
2026/09/11 15:33:36.807, 1, 27175, 97871, 2, 121.53
2026/09/11 15:33:36.807, 2, 26137, 97871, 2, 119.59
2026/09/11 15:33:36.807, 3, 26165, 97871, 2, 120.15
2026/09/11 15:33:37.008, 0, 27321, 97871, 2, 119.23
2026/09/11 15:33:37.008, 1, 27175, 97871, 2, 121.53
2026/09/11 15:33:37.008, 2, 26137, 97871, 2, 119.61
2026/09/11 15:33:37.008, 3, 26165, 97871, 2, 120.12
2026/09/11 15:33:37.208, 0, 27321, 97871, 2, 119.21
2026/09/11 15:33:37.208, 1, 27175, 97871, 2, 121.53
2026/09/11 15:33:37.208, 2, 26137, 97871, 2, 119.61
2026/09/11 15:33:37.208, 3, 26165, 97871, 2, 120.10
2026/09/11 15:33:37.408, 0, 27321, 97871, 2, 119.27
2026/09/11 15:33:37.408, 1, 27175, 97871, 2, 121.52
2026/09/11 15:33:37.408, 2, 26137, 97871, 2, 119.59
2026/09/11 15:33:37.408, 3, 26165, 97871, 2, 120.17
2026/09/11 15:33:37.608, 0, 27321, 97871, 2, 119.28
2026/09/11 15:33:37.608, 1, 27175, 97871, 2, 121.54
2026/09/11 15:33:37.608, 2, 26137, 97871, 2, 119.56
2026/09/11 15:33:37.608, 3, 26165, 97871, 2, 120.15
2026/09/11 15:33:37.808, 0, 27321, 97871, 2, 119.27
2026/09/11 15:33:37.808, 1, 27175, 97871, 2, 121.50
2026/09/11 15:33:37.809, 2, 26137, 97871, 2, 119.60
2026/09/11 15:33:37.809, 3, 26165, 97871, 2, 120.08
2026/09/11 15:33:38.009, 0, 27321, 97871, 2, 119.27
2026/09/11 15:33:38.009, 1, 27175, 97871, 2, 121.48
2026/09/11 15:33:38.009, 2, 26137, 97871, 2, 119.56
2026/09/11 15:33:38.009, 3, 26165, 97871, 2, 120.06
2026/09/11 15:33:38.209, 0, 27321, 97871, 2, 119.25
2026/09/11 15:33:38.209, 1, 27175, 97871, 2, 121.47
2026/09/11 15:33:38.209, 2, 26137, 97871, 1, 119.58
2026/09/11 15:33:38.209, 3, 26165, 97871, 3, 120.14
2026/09/11 15:33:38.409, 0, 27321, 97871, 2, 119.20
2026/09/11 15:33:38.409, 1, 27175, 97871, 2, 121.47
2026/09/11 15:33:38.409, 2, 26137, 97871, 2, 119.58
2026/09/11 15:33:38.409, 3, 26165, 97871, 2, 120.13
2026/09/11 15:33:38.609, 0, 27321, 97871, 2, 119.23
2026/09/11 15:33:38.609, 1, 27175, 97871, 2, 121.50
2026/09/11 15:33:38.609, 2, 26137, 97871, 2, 119.63
2026/09/11 15:33:38.609, 3, 26165, 97871, 2, 120.07
2026/09/11 15:33:38.810, 0, 27321, 97871, 2, 119.25
2026/09/11 15:33:38.810, 1, 27175, 97871, 2, 121.51
2026/09/11 15:33:38.810, 2, 26137, 97871, 2, 119.62
2026/09/11 15:33:38.810, 3, 26165, 97871, 2, 120.13
2026/09/11 15:33:39.010, 0, 27321, 97871, 2, 119.22
2026/09/11 15:33:39.010, 1, 27175, 97871, 2, 121.53
2026/09/11 15:33:39.010, 2, 26137, 97871, 2, 119.63
2026/09/11 15:33:39.010, 3, 26165, 97871, 2, 120.17
2026/09/11 15:33:39.210, 0, 27321, 97871, 2, 119.26
2026/09/11 15:33:39.210, 1, 27175, 97871, 2, 121.55
2026/09/11 15:33:39.210, 2, 26137, 97871, 2, 119.64
2026/09/11 15:33:39.210, 3, 26165, 97871, 2, 120.12
2026/09/11 15:33:39.410, 0, 27321, 97871, 2, 119.28
2026/09/11 15:33:39.410, 1, 27175, 97871, 2, 121.56
2026/09/11 15:33:39.410, 2, 26137, 97871, 2, 119.65
2026/09/11 15:33:39.410, 3, 26165, 97871, 2, 120.08
2026/09/11 15:33:39.610, 0, 27321, 97871, 2, 119.27
2026/09/11 15:33:39.611, 1, 27175, 97871, 2, 121.55
2026/09/11 15:33:39.611, 2, 26137, 97871, 2, 119.63
2026/09/11 15:33:39.611, 3, 26165, 97871, 2, 120.11
2026/09/11 15:33:39.811, 0, 27321, 97871, 2, 119.25
2026/09/11 15:33:39.811, 1, 27175, 97871, 2, 121.53
2026/09/11 15:33:39.811, 2, 26137, 97871, 2, 119.61
2026/09/11 15:33:39.811, 3, 26165, 97871, 2, 120.11
2026/09/11 15:33:40.011, 0, 27321, 97871, 2, 119.24
2026/09/11 15:33:40.011, 1, 27175, 97871, 2, 121.52
2026/09/11 15:33:40.011, 2, 26137, 97871, 2, 119.60
2026/09/11 15:33:40.011, 3, 26165, 97871, 2, 120.10
2026/09/11 15:33:40.211, 0, 27321, 97871, 2, 119.22
2026/09/11 15:33:40.211, 1, 27175, 97871, 2, 121.50
2026/09/11 15:33:40.211, 2, 26137, 97871, 2, 119.61
2026/09/11 15:33:40.211, 3, 26165, 97871, 2, 120.02
2026/09/11 15:33:40.411, 0, 27321, 97871, 2, 119.21
2026/09/11 15:33:40.411, 1, 27175, 97871, 2, 121.50
2026/09/11 15:33:40.411, 2, 26137, 97871, 2, 119.61
2026/09/11 15:33:40.411, 3, 26165, 97871, 2, 120.07
2026/09/11 15:33:40.611, 0, 27321, 97871, 2, 119.22
2026/09/11 15:33:40.611, 1, 27175, 97871, 2, 121.48
2026/09/11 15:33:40.611, 2, 26137, 97871, 2, 119.65
2026/09/11 15:33:40.611, 3, 26165, 97871, 2, 120.07
2026/09/11 15:33:40.812, 0, 27321, 97871, 2, 119.21
2026/09/11 15:33:40.812, 1, 27175, 97871, 1, 121.50
2026/09/11 15:33:40.812, 2, 26137, 97871, 2, 119.64
2026/09/11 15:33:40.812, 3, 26165, 97871, 2, 120.08
2026/09/11 15:33:41.012, 0, 27321, 97871, 2, 119.22
2026/09/11 15:33:41.012, 1, 27175, 97871, 2, 121.52
2026/09/11 15:33:41.012, 2, 26137, 97871, 2, 119.68
2026/09/11 15:33:41.012, 3, 26165, 97871, 2, 120.06
2026/09/11 15:33:41.212, 0, 27321, 97871, 2, 119.24
2026/09/11 15:33:41.212, 1, 27175, 97871, 2, 121.54
2026/09/11 15:33:41.212, 2, 26137, 97871, 4, 119.71
2026/09/11 15:33:41.212, 3, 26165, 97871, 2, 120.15
2026/09/11 15:33:41.412, 0, 27321, 97871, 2, 119.25
2026/09/11 15:33:41.412, 1, 27175, 97871, 2, 121.55
2026/09/11 15:33:41.412, 2, 26137, 97871, 2, 119.72
2026/09/11 15:33:41.412, 3, 26165, 97871, 3, 120.20
2026/09/11 15:33:41.612, 0, 27321, 97871, 2, 119.23
2026/09/11 15:33:41.612, 1, 27175, 97871, 2, 121.55
2026/09/11 15:33:41.612, 2, 26137, 97871, 2, 119.70
2026/09/11 15:33:41.612, 3, 26165, 97871, 2, 120.16
2026/09/11 15:33:41.813, 0, 27321, 97871, 2, 119.25
2026/09/11 15:33:41.813, 1, 27175, 97871, 2, 121.55
2026/09/11 15:33:41.813, 2, 26137, 97871, 2, 119.71
2026/09/11 15:33:41.813, 3, 26165, 97871, 2, 120.14
2026/09/11 15:33:42.013, 0, 27321, 97871, 2, 119.27
2026/09/11 15:33:42.013, 1, 27175, 97871, 2, 121.55
2026/09/11 15:33:42.013, 2, 26137, 97871, 2, 119.67
2026/09/11 15:33:42.013, 3, 26165, 97871, 2, 120.18
2026/09/11 15:33:42.213, 0, 27321, 97871, 2, 119.23
2026/09/11 15:33:42.213, 1, 27175, 97871, 2, 121.54
2026/09/11 15:33:42.213, 2, 26137, 97871, 2, 119.63
2026/09/11 15:33:42.213, 3, 26165, 97871, 2, 120.15
2026/09/11 15:33:42.413, 0, 27321, 97871, 3, 119.28
2026/09/11 15:33:42.413, 1, 27175, 97871, 2, 121.51
2026/09/11 15:33:42.413, 2, 26137, 97871, 2, 119.64
2026/09/11 15:33:42.413, 3, 26165, 97871, 2, 120.06
2026/09/11 15:33:42.613, 0, 27321, 97871, 2, 119.30
2026/09/11 15:33:42.613, 1, 27175, 97871, 2, 121.52
2026/09/11 15:33:42.613, 2, 26137, 97871, 2, 119.64
2026/09/11 15:33:42.613, 3, 26165, 97871, 2, 120.09
2026/09/11 15:33:42.814, 0, 27321, 97871, 2, 119.26
2026/09/11 15:33:42.814, 1, 27175, 97871, 2, 121.51
2026/09/11 15:33:42.814, 2, 26137, 97871, 4, 119.66
2026/09/11 15:33:42.814, 3, 26165, 97871, 2, 120.16
2026/09/11 15:33:43.014, 0, 27321, 97871, 2, 119.28
2026/09/11 15:33:43.014, 1, 27175, 97871, 2, 121.50
2026/09/11 15:33:43.014, 2, 26137, 97871, 2, 119.68
2026/09/11 15:33:43.014, 3, 26165, 97871, 4, 120.17
2026/09/11 15:33:43.214, 0, 27321, 97871, 2, 119.33
2026/09/11 15:33:43.214, 1, 27175, 97871, 2, 121.50
2026/09/11 15:33:43.214, 2, 26137, 97871, 2, 119.63
2026/09/11 15:33:43.214, 3, 26165, 97871, 2, 120.12
2026/09/11 15:33:43.414, 0, 27321, 97871, 2, 119.30
2026/09/11 15:33:43.414, 1, 27175, 97871, 2, 121.50
2026/09/11 15:33:43.414, 2, 26137, 97871, 2, 119.60
2026/09/11 15:33:43.414, 3, 26165, 97871, 2, 120.18
2026/09/11 15:33:43.614, 0, 27321, 97871, 2, 119.27
2026/09/11 15:33:43.614, 1, 27175, 97871, 2, 121.47
2026/09/11 15:33:43.614, 2, 26137, 97871, 2, 119.59
2026/09/11 15:33:43.614, 3, 26165, 97871, 2, 120.22
2026/09/11 15:33:43.815, 0, 27321, 97871, 5, 119.31
2026/09/11 15:33:43.815, 1, 27175, 97871, 4, 121.50
2026/09/11 15:33:43.815, 2, 26137, 97871, 2, 119.57
2026/09/11 15:33:43.815, 3, 26165, 97871, 2, 120.17
2026/09/11 15:33:44.015, 0, 27321, 97871, 2, 119.28
2026/09/11 15:33:44.015, 1, 27175, 97871, 2, 121.52
2026/09/11 15:33:44.015, 2, 26137, 97871, 2, 119.57
2026/09/11 15:33:44.015, 3, 26165, 97871, 2, 120.10
2026/09/11 15:33:44.215, 0, 27321, 97871, 5, 119.29
2026/09/11 15:33:44.215, 1, 27175, 97871, 3, 121.56
2026/09/11 15:33:44.215, 2, 26137, 97871, 2, 119.57
2026/09/11 15:33:44.215, 3, 26165, 97871, 2, 120.15
2026/09/11 15:33:44.415, 0, 27321, 97871, 2, 119.34
2026/09/11 15:33:44.415, 1, 27175, 97871, 2, 121.56
2026/09/11 15:33:44.415, 2, 26137, 97871, 2, 119.59
2026/09/11 15:33:44.415, 3, 26165, 97871, 2, 120.18
2026/09/11 15:33:44.615, 0, 27321, 97871, 2, 119.35
2026/09/11 15:33:44.616, 1, 27175, 97871, 2, 121.54
2026/09/11 15:33:44.616, 2, 26137, 97871, 2, 119.60
2026/09/11 15:33:44.616, 3, 26165, 97871, 2, 120.09
2026/09/11 15:33:44.816, 0, 27321, 97871, 2, 119.31
2026/09/11 15:33:44.816, 1, 27175, 97871, 2, 121.52
2026/09/11 15:33:44.816, 2, 26137, 97871, 2, 119.57
2026/09/11 15:33:44.816, 3, 26165, 97871, 2, 120.09
2026/09/11 15:33:45.016, 0, 27321, 97871, 2, 119.34
2026/09/11 15:33:45.016, 1, 27175, 97871, 2, 121.51
2026/09/11 15:33:45.016, 2, 26137, 97871, 2, 119.59
2026/09/11 15:33:45.016, 3, 26165, 97871, 2, 120.16
2026/09/11 15:33:45.216, 0, 27321, 97871, 2, 119.30
2026/09/11 15:33:45.216, 1, 27175, 97871, 2, 121.47
2026/09/11 15:33:45.216, 2, 26137, 97871, 2, 119.60
2026/09/11 15:33:45.216, 3, 26165, 97871, 2, 120.13
2026/09/11 15:33:45.416, 0, 27321, 97871, 2, 119.28
2026/09/11 15:33:45.416, 1, 27175, 97871, 2, 121.48
2026/09/11 15:33:45.416, 2, 26137, 97871, 2, 119.61
2026/09/11 15:33:45.416, 3, 26165, 97871, 2, 120.04
2026/09/11 15:33:45.617, 0, 27321, 97871, 2, 119.29
2026/09/11 15:33:45.617, 1, 27175, 97871, 2, 121.50
2026/09/11 15:33:45.617, 2, 26137, 97871, 2, 119.57
2026/09/11 15:33:45.617, 3, 26165, 97871, 2, 120.09
2026/09/11 15:33:45.817, 0, 27321, 97871, 2, 119.30
2026/09/11 15:33:45.817, 1, 27175, 97871, 2, 121.50
2026/09/11 15:33:45.817, 2, 26137, 97871, 2, 119.61
2026/09/11 15:33:45.817, 3, 26165, 97871, 2, 120.14
2026/09/11 15:33:46.017, 0, 27321, 97871, 2, 119.29
2026/09/11 15:33:46.017, 1, 27175, 97871, 2, 121.50
2026/09/11 15:33:46.017, 2, 26137, 97871, 2, 119.59
2026/09/11 15:33:46.017, 3, 26165, 97871, 3, 120.14
2026/09/11 15:33:46.217, 0, 27321, 97871, 2, 119.32
2026/09/11 15:33:46.217, 1, 27175, 97871, 2, 121.50
2026/09/11 15:33:46.217, 2, 26137, 97871, 2, 119.58
2026/09/11 15:33:46.217, 3, 26165, 97871, 2, 120.10
2026/09/11 15:33:46.417, 0, 27321, 97871, 2, 119.29
2026/09/11 15:33:46.417, 1, 27175, 97871, 2, 121.48
2026/09/11 15:33:46.417, 2, 26137, 97871, 3, 119.58
2026/09/11 15:33:46.417, 3, 26165, 97871, 2, 120.15
2026/09/11 15:33:46.618, 0, 27321, 97871, 2, 119.22
2026/09/11 15:33:46.618, 1, 27175, 97871, 2, 121.46
2026/09/11 15:33:46.618, 2, 26137, 97871, 2, 119.61
2026/09/11 15:33:46.618, 3, 26165, 97871, 2, 120.11
2026/09/11 15:33:46.818, 0, 27321, 97871, 2, 119.22
2026/09/11 15:33:46.818, 1, 27175, 97871, 2, 121.44
2026/09/11 15:33:46.818, 2, 26137, 97871, 2, 119.64
2026/09/11 15:33:46.818, 3, 26165, 97871, 2, 120.10
2026/09/11 15:33:47.018, 0, 27321, 97871, 2, 119.21
2026/09/11 15:33:47.018, 1, 27175, 97871, 2, 121.45
2026/09/11 15:33:47.018, 2, 26137, 97871, 2, 119.66
2026/09/11 15:33:47.018, 3, 26165, 97871, 2, 120.04
2026/09/11 15:33:47.218, 0, 27321, 97871, 2, 119.21
2026/09/11 15:33:47.218, 1, 27175, 97871, 2, 121.45
2026/09/11 15:33:47.218, 2, 26137, 97871, 2, 119.70
2026/09/11 15:33:47.218, 3, 26165, 97871, 2, 120.12
2026/09/11 15:33:47.418, 0, 27321, 97871, 2, 119.19
2026/09/11 15:33:47.418, 1, 27175, 97871, 2, 121.47
2026/09/11 15:33:47.418, 2, 26137, 97871, 2, 119.76
2026/09/11 15:33:47.419, 3, 26165, 97871, 2, 120.14
2026/09/11 15:33:47.619, 0, 27321, 97871, 2, 119.26
2026/09/11 15:33:47.619, 1, 27175, 97871, 2, 121.49
2026/09/11 15:33:47.619, 2, 26137, 97871, 2, 119.75
2026/09/11 15:33:47.619, 3, 26165, 97871, 2, 120.12
2026/09/11 15:33:47.819, 0, 27321, 97871, 2, 119.25
2026/09/11 15:33:47.819, 1, 27175, 97871, 2, 121.51
2026/09/11 15:33:47.819, 2, 26137, 97871, 2, 119.69
2026/09/11 15:33:47.819, 3, 26165, 97871, 2, 120.12
2026/09/11 15:33:48.019, 0, 27321, 97871, 2, 119.24
2026/09/11 15:33:48.019, 1, 27175, 97871, 2, 121.51
2026/09/11 15:33:48.019, 2, 26137, 97871, 2, 119.68
2026/09/11 15:33:48.019, 3, 26165, 97871, 2, 120.17
2026/09/11 15:33:48.219, 0, 27321, 97871, 2, 119.27
2026/09/11 15:33:48.219, 1, 27175, 97871, 2, 121.53
2026/09/11 15:33:48.219, 2, 26137, 97871, 2, 119.64
2026/09/11 15:33:48.219, 3, 26165, 97871, 2, 120.13
2026/09/11 15:33:48.419, 0, 27321, 97871, 2, 119.27
2026/09/11 15:33:48.420, 1, 27175, 97871, 2, 121.51
2026/09/11 15:33:48.420, 2, 26137, 97871, 2, 119.61
2026/09/11 15:33:48.420, 3, 26165, 97871, 2, 120.09
2026/09/11 15:33:48.620, 0, 27321, 97871, 2, 119.26
2026/09/11 15:33:48.620, 1, 27175, 97871, 2, 121.50
2026/09/11 15:33:48.620, 2, 26137, 97871, 2, 119.58
2026/09/11 15:33:48.620, 3, 26165, 97871, 3, 120.10
2026/09/11 15:33:48.820, 0, 27321, 97871, 2, 119.31
2026/09/11 15:33:48.820, 1, 27175, 97871, 2, 121.47
2026/09/11 15:33:48.820, 2, 26137, 97871, 2, 119.60
2026/09/11 15:33:48.820, 3, 26165, 97871, 2, 120.13
2026/09/11 15:33:49.020, 0, 27321, 97871, 2, 119.31
2026/09/11 15:33:49.020, 1, 27175, 97871, 2, 121.46
2026/09/11 15:33:49.020, 2, 26137, 97871, 3, 119.60
2026/09/11 15:33:49.020, 3, 26165, 97871, 2, 120.13
2026/09/11 15:33:49.220, 0, 27321, 97871, 2, 119.29
2026/09/11 15:33:49.220, 1, 27175, 97871, 2, 121.46
2026/09/11 15:33:49.220, 2, 26137, 97871, 2, 119.59
2026/09/11 15:33:49.220, 3, 26165, 97871, 2, 120.07
2026/09/11 15:33:49.420, 0, 27321, 97871, 2, 119.29
2026/09/11 15:33:49.420, 1, 27175, 97871, 2, 121.47
2026/09/11 15:33:49.420, 2, 26137, 97871, 2, 119.57
2026/09/11 15:33:49.420, 3, 26165, 97871, 2, 120.13
2026/09/11 15:33:49.620, 0, 27321, 97871, 2, 119.28
2026/09/11 15:33:49.621, 1, 27175, 97871, 2, 121.48
2026/09/11 15:33:49.621, 2, 26137, 97871, 3, 119.57
2026/09/11 15:33:49.621, 3, 26165, 97871, 2, 120.18
2026/09/11 15:33:49.821, 0, 27321, 97871, 2, 119.25
2026/09/11 15:33:49.821, 1, 27175, 97871, 2, 121.49
2026/09/11 15:33:49.821, 2, 26137, 97871, 2, 119.55
2026/09/11 15:33:49.821, 3, 26165, 97871, 2, 120.15
2026/09/11 15:33:50.021, 0, 27321, 97871, 2, 119.27
2026/09/11 15:33:50.021, 1, 27175, 97871, 2, 121.49
2026/09/11 15:33:50.021, 2, 26137, 97871, 2, 119.55
2026/09/11 15:33:50.021, 3, 26165, 97871, 2, 120.11
2026/09/11 15:33:50.221, 0, 27321, 97871, 2, 119.28
2026/09/11 15:33:50.221, 1, 27175, 97871, 2, 121.50
2026/09/11 15:33:50.221, 2, 26137, 97871, 0, 119.57
2026/09/11 15:33:50.221, 3, 26165, 97871, 2, 120.16
2026/09/11 15:33:50.421, 0, 27321, 97871, 2, 119.28
2026/09/11 15:33:50.421, 1, 27175, 97871, 2, 121.48
2026/09/11 15:33:50.421, 2, 26137, 97871, 0, 119.57
2026/09/11 15:33:50.421, 3, 26165, 97871, 2, 120.16
2026/09/11 15:33:50.622, 0, 27321, 97871, 2, 119.29
2026/09/11 15:33:50.622, 1, 27175, 97871, 2, 121.49
2026/09/11 15:33:50.622, 2, 26137, 97871, 0, 119.60
2026/09/11 15:33:50.622, 3, 26165, 97871, 0, 120.11
2026/09/11 15:33:50.822, 0, 27321, 97871, 2, 119.33
2026/09/11 15:33:50.822, 1, 27175, 97871, 2, 121.47
2026/09/11 15:33:50.822, 2, 26137, 97871, 0, 119.65
2026/09/11 15:33:50.822, 3, 26165, 97871, 0, 120.10
2026/09/11 15:33:51.022, 0, 27321, 97871, 2, 119.29
2026/09/11 15:33:51.022, 1, 27175, 97871, 2, 121.47
2026/09/11 15:33:51.022, 2, 26137, 97871, 0, 119.64
2026/09/11 15:33:51.022, 3, 26165, 97871, 0, 120.19
2026/09/11 15:33:51.222, 0, 27321, 97871, 2, 119.32
2026/09/11 15:33:51.222, 1, 27175, 97871, 2, 121.45
2026/09/11 15:33:51.222, 2, 26137, 97871, 0, 119.67
2026/09/11 15:33:51.222, 3, 26165, 97871, 0, 120.22
2026/09/11 15:33:51.422, 0, 27321, 97871, 2, 119.31
2026/09/11 15:33:51.422, 1, 27175, 97871, 2, 121.46
2026/09/11 15:33:51.422, 2, 26137, 97871, 0, 119.69
2026/09/11 15:33:51.422, 3, 26165, 97871, 0, 120.17
2026/09/11 15:33:51.622, 0, 27321, 97871, 2, 119.29
2026/09/11 15:33:51.623, 1, 27175, 97871, 2, 121.46
2026/09/11 15:33:51.623, 2, 26137, 97871, 0, 119.69
2026/09/11 15:33:51.623, 3, 26165, 97871, 0, 120.18
2026/09/11 15:33:51.823, 0, 27321, 97871, 2, 119.29
2026/09/11 15:33:51.823, 1, 27175, 97871, 2, 121.47
2026/09/11 15:33:51.823, 2, 26137, 97871, 0, 119.66
2026/09/11 15:33:51.823, 3, 26165, 97871, 0, 120.20
2026/09/11 15:33:52.023, 0, 27321, 97871, 2, 119.33
2026/09/11 15:33:52.023, 1, 27175, 97871, 2, 121.48
2026/09/11 15:33:52.023, 2, 26137, 97871, 0, 119.68
2026/09/11 15:33:52.023, 3, 26165, 97871, 0, 120.17
2026/09/11 15:33:52.223, 0, 27321, 97871, 2, 119.29
2026/09/11 15:33:52.223, 1, 27175, 97871, 2, 121.48
2026/09/11 15:33:52.223, 2, 26137, 97871, 0, 119.65
2026/09/11 15:33:52.223, 3, 26165, 97871, 0, 120.08
2026/09/11 15:33:52.423, 0, 27321, 97871, 2, 119.25
2026/09/11 15:33:52.423, 1, 27175, 97871, 2, 121.49
2026/09/11 15:33:52.423, 2, 26137, 97871, 0, 119.63
2026/09/11 15:33:52.423, 3, 26165, 97871, 0, 120.13
2026/09/11 15:33:52.623, 0, 27321, 97871, 2, 119.27
2026/09/11 15:33:52.624, 1, 27175, 97871, 0, 121.50
2026/09/11 15:33:52.624, 2, 26137, 97871, 0, 119.62
2026/09/11 15:33:52.624, 3, 26165, 97871, 0, 120.16
2026/09/11 15:33:52.824, 0, 27321, 97871, 0, 119.25
2026/09/11 15:33:52.824, 1, 27175, 97871, 0, 121.50
2026/09/11 15:33:52.824, 2, 26137, 97871, 0, 119.64
2026/09/11 15:33:52.824, 3, 26165, 97871, 0, 120.14
2026/09/11 15:33:53.024, 0, 27321, 97871, 0, 119.24
2026/09/11 15:33:53.024, 1, 27175, 97871, 0, 121.51
2026/09/11 15:33:53.024, 2, 26137, 97871, 0, 119.64
2026/09/11 15:33:53.024, 3, 26165, 97871, 0, 120.10
2026/09/11 15:33:53.224, 0, 27321, 97871, 0, 119.26
2026/09/11 15:33:53.224, 1, 27175, 97871, 0, 121.52
2026/09/11 15:33:53.224, 2, 26137, 97871, 0, 119.67
2026/09/11 15:33:53.224, 3, 26165, 97871, 0, 120.17
2026/09/11 15:33:53.424, 0, 27321, 97871, 0, 119.29
2026/09/11 15:33:53.424, 1, 27175, 97871, 0, 121.54
2026/09/11 15:33:53.424, 2, 26137, 97871, 0, 119.69
2026/09/11 15:33:53.424, 3, 26165, 97871, 0, 120.19
2026/09/11 15:33:53.625, 0, 27321, 97871, 0, 119.29
2026/09/11 15:33:53.625, 1, 27175, 97871, 0, 121.54
2026/09/11 15:33:53.625, 2, 26137, 97871, 0, 119.73
2026/09/11 15:33:53.625, 3, 26165, 97871, 0, 120.12
2026/09/11 15:33:53.825, 0, 27321, 97871, 0, 119.34
2026/09/11 15:33:53.825, 1, 27175, 97871, 0, 121.59
2026/09/11 15:33:53.825, 2, 26137, 97871, 0, 119.73
2026/09/11 15:33:53.825, 3, 26165, 97871, 0, 120.12
2026/09/11 15:33:54.025, 0, 27321, 97871, 0, 119.32
2026/09/11 15:33:54.025, 1, 27175, 97871, 0, 121.60
2026/09/11 15:33:54.025, 2, 26137, 97871, 0, 119.70
2026/09/11 15:33:54.025, 3, 26165, 97871, 0, 120.19
2026/09/11 15:33:54.225, 0, 27321, 97871, 0, 119.33
2026/09/11 15:33:54.225, 1, 27175, 97871, 0, 121.61
2026/09/11 15:33:54.225, 2, 26137, 97871, 0, 119.68
2026/09/11 15:33:54.225, 3, 26165, 97871, 0, 120.21
2026/09/11 15:33:54.425, 0, 27321, 97871, 0, 119.33
2026/09/11 15:33:54.426, 1, 27175, 97871, 0, 121.61
2026/09/11 15:33:54.426, 2, 26137, 97871, 0, 119.65
2026/09/11 15:33:54.426, 3, 26165, 97871, 0, 120.18
2026/09/11 15:33:54.626, 0, 27321, 97871, 0, 119.37
2026/09/11 15:33:54.626, 1, 27175, 97871, 0, 121.60
2026/09/11 15:33:54.626, 2, 26137, 97871, 0, 119.62
2026/09/11 15:33:54.626, 3, 26165, 97871, 0, 120.23
2026/09/11 15:33:54.826, 0, 27321, 97871, 0, 119.33
2026/09/11 15:33:54.826, 1, 27175, 97871, 0, 121.58
2026/09/11 15:33:54.826, 2, 26137, 97871, 0, 119.61
2026/09/11 15:33:54.826, 3, 26165, 97871, 0, 120.29
2026/09/11 15:33:55.026, 0, 27321, 97871, 0, 119.38
2026/09/11 15:33:55.026, 1, 27175, 97871, 0, 121.56
2026/09/11 15:33:55.026, 2, 26137, 97871, 0, 119.63
2026/09/11 15:33:55.026, 3, 26165, 97871, 0, 120.29
2026/09/11 15:33:55.226, 0, 27321, 97871, 0, 119.40
2026/09/11 15:33:55.226, 1, 27175, 97871, 0, 121.55
2026/09/11 15:33:55.226, 2, 26137, 97871, 0, 119.64
2026/09/11 15:33:55.226, 3, 26165, 97871, 0, 120.24
2026/09/11 15:33:55.426, 0, 27321, 97871, 0, 119.36
2026/09/11 15:33:55.426, 1, 27175, 97871, 0, 121.52
2026/09/11 15:33:55.426, 2, 26137, 97871, 0, 119.62
2026/09/11 15:33:55.426, 3, 26165, 97871, 0, 120.28
2026/09/11 15:33:55.627, 0, 27321, 97871, 0, 119.38
2026/09/11 15:33:55.627, 1, 27175, 97871, 0, 121.52
2026/09/11 15:33:55.627, 2, 26137, 97871, 0, 119.61
2026/09/11 15:33:55.627, 3, 26165, 97871, 0, 120.30
2026/09/11 15:33:55.827, 0, 27321, 97871, 0, 119.40
2026/09/11 15:33:55.827, 1, 27175, 97871, 0, 121.51
2026/09/11 15:33:55.827, 2, 26137, 97871, 0, 119.59
2026/09/11 15:33:55.827, 3, 26165, 97871, 0, 120.27
2026/09/11 15:33:56.027, 0, 27321, 97871, 0, 119.38
2026/09/11 15:33:56.027, 1, 27175, 97871, 0, 121.52
2026/09/11 15:33:56.027, 2, 26137, 97871, 0, 119.59
2026/09/11 15:33:56.027, 3, 26165, 97871, 0, 120.18
2026/09/11 15:33:56.227, 0, 28313, 97871, 0, 119.96
2026/09/11 15:33:56.227, 1, 27523, 97871, 0, 121.53
2026/09/11 15:33:56.227, 2, 27129, 97871, 0, 119.61
2026/09/11 15:33:56.227, 3, 27157, 97871, 0, 120.27
2026/09/11 15:33:56.427, 0, 28313, 97871, 1, 120.02
2026/09/11 15:33:56.427, 1, 28167, 97871, 1, 122.24
2026/09/11 15:33:56.427, 2, 27129, 97871, 0, 120.31
2026/09/11 15:33:56.427, 3, 27157, 97871, 1, 121.22
2026/09/11 15:33:56.628, 0, 28313, 97871, 0, 119.95
2026/09/11 15:33:56.628, 1, 28167, 97871, 0, 122.27
2026/09/11 15:33:56.628, 2, 27129, 97871, 0, 120.34
2026/09/11 15:33:56.628, 3, 27157, 97871, 0, 121.18
2026/09/11 15:33:56.828, 0, 28423, 97871, 15, 129.37
2026/09/11 15:33:56.828, 1, 28277, 97871, 0, 122.25
2026/09/11 15:33:56.828, 2, 27239, 97871, 4, 124.49
2026/09/11 15:33:56.828, 3, 27267, 97871, 9, 128.20
2026/09/11 15:33:57.028, 0, 28423, 97871, 97, 164.29
2026/09/11 15:33:57.028, 1, 28277, 97871, 100, 148.95
2026/09/11 15:33:57.028, 2, 27239, 97871, 96, 144.85
2026/09/11 15:33:57.028, 3, 27267, 97871, 92, 155.12
2026/09/11 15:33:57.228, 0, 33867, 97871, 100, 198.96
2026/09/11 15:33:57.228, 1, 33721, 97871, 100, 185.27
2026/09/11 15:33:57.228, 2, 32683, 97871, 100, 182.09
2026/09/11 15:33:57.228, 3, 32711, 97871, 100, 191.34
2026/09/11 15:33:57.428, 0, 33867, 97871, 99, 234.15
2026/09/11 15:33:57.428, 1, 33721, 97871, 100, 223.41
2026/09/11 15:33:57.428, 2, 32683, 97871, 99, 217.68
2026/09/11 15:33:57.428, 3, 32711, 97871, 99, 228.43
2026/09/11 15:33:57.628, 0, 33867, 97871, 100, 272.45
2026/09/11 15:33:57.628, 1, 33721, 97871, 100, 261.29
2026/09/11 15:33:57.628, 2, 32683, 97871, 100, 252.21
2026/09/11 15:33:57.628, 3, 32711, 97871, 100, 265.82
2026/09/11 15:33:57.829, 0, 33867, 97871, 100, 298.65
2026/09/11 15:33:57.829, 1, 33721, 97871, 100, 296.03
2026/09/11 15:33:57.829, 2, 32683, 97871, 100, 287.25
2026/09/11 15:33:57.829, 3, 32711, 97871, 100, 293.92
2026/09/11 15:33:58.029, 0, 33867, 97871, 100, 299.50
2026/09/11 15:33:58.029, 1, 33721, 97871, 100, 309.99
2026/09/11 15:33:58.029, 2, 32683, 97871, 100, 303.57
2026/09/11 15:33:58.029, 3, 32711, 97871, 100, 306.87
2026/09/11 15:33:58.229, 0, 40651, 97871, 96, 305.74
2026/09/11 15:33:58.229, 1, 40505, 97871, 88, 309.72
2026/09/11 15:33:58.229, 2, 39467, 97871, 98, 303.20
2026/09/11 15:33:58.229, 3, 39495, 97871, 97, 304.51
2026/09/11 15:33:58.429, 0, 40651, 97871, 100, 318.99
2026/09/11 15:33:58.429, 1, 40505, 97871, 100, 319.79
2026/09/11 15:33:58.429, 2, 39467, 97871, 100, 306.52
2026/09/11 15:33:58.429, 3, 39495, 97871, 100, 304.67
2026/09/11 15:33:58.629, 0, 40651, 97871, 100, 332.23
2026/09/11 15:33:58.629, 1, 40505, 97871, 100, 330.57
2026/09/11 15:33:58.629, 2, 39467, 97871, 100, 311.64
2026/09/11 15:33:58.629, 3, 39495, 97871, 100, 303.35
2026/09/11 15:33:58.829, 0, 40651, 97871, 100, 342.89
2026/09/11 15:33:58.829, 1, 40505, 97871, 100, 338.04
2026/09/11 15:33:58.829, 2, 39467, 97871, 100, 311.82
2026/09/11 15:33:58.829, 3, 39495, 97871, 100, 300.85
2026/09/11 15:33:59.030, 0, 40651, 97871, 100, 355.78
2026/09/11 15:33:59.030, 1, 40505, 97871, 100, 345.25
2026/09/11 15:33:59.030, 2, 39467, 97871, 100, 314.95
2026/09/11 15:33:59.030, 3, 39495, 97871, 100, 305.43
2026/09/11 15:33:59.230, 0, 40651, 97871, 100, 365.02
2026/09/11 15:33:59.230, 1, 40505, 97871, 100, 355.89
2026/09/11 15:33:59.230, 2, 39467, 97871, 100, 317.87
2026/09/11 15:33:59.230, 3, 39495, 97871, 100, 305.04
2026/09/11 15:33:59.430, 0, 40651, 97871, 100, 364.43
2026/09/11 15:33:59.430, 1, 40505, 97871, 100, 354.52
2026/09/11 15:33:59.430, 2, 39467, 97871, 100, 315.70
2026/09/11 15:33:59.430, 3, 39495, 97871, 100, 306.18
2026/09/11 15:33:59.630, 0, 40651, 97871, 100, 364.08
2026/09/11 15:33:59.630, 1, 40505, 97871, 100, 349.57
2026/09/11 15:33:59.630, 2, 39467, 97871, 100, 315.77
2026/09/11 15:33:59.630, 3, 39495, 97871, 100, 307.79
2026/09/11 15:33:59.830, 0, 40651, 97871, 100, 367.16
2026/09/11 15:33:59.830, 1, 40505, 97871, 100, 347.34
2026/09/11 15:33:59.830, 2, 39467, 97871, 100, 314.37
2026/09/11 15:33:59.830, 3, 39495, 97871, 100, 310.33
2026/09/11 15:34:00.030, 0, 40651, 97871, 100, 368.57
2026/09/11 15:34:00.030, 1, 40505, 97871, 100, 348.23
2026/09/11 15:34:00.030, 2, 39467, 97871, 100, 318.40
2026/09/11 15:34:00.030, 3, 39495, 97871, 100, 309.94
2026/09/11 15:34:00.230, 0, 40651, 97871, 100, 368.32
2026/09/11 15:34:00.230, 1, 40505, 97871, 100, 349.39
2026/09/11 15:34:00.230, 2, 39467, 97871, 100, 313.75
2026/09/11 15:34:00.230, 3, 39495, 97871, 100, 309.98
2026/09/11 15:34:00.431, 0, 40651, 97871, 100, 368.06
2026/09/11 15:34:00.431, 1, 40505, 97871, 100, 348.91
2026/09/11 15:34:00.431, 2, 39467, 97871, 100, 314.84
2026/09/11 15:34:00.431, 3, 39495, 97871, 100, 310.97
2026/09/11 15:34:00.631, 0, 40651, 97871, 100, 366.97
2026/09/11 15:34:00.631, 1, 40505, 97871, 100, 351.46
2026/09/11 15:34:00.631, 2, 39467, 97871, 100, 317.89
2026/09/11 15:34:00.631, 3, 39495, 97871, 100, 313.91
2026/09/11 15:34:00.831, 0, 40651, 97871, 100, 368.45
2026/09/11 15:34:00.831, 1, 40505, 97871, 100, 353.55
2026/09/11 15:34:00.831, 2, 39467, 97871, 100, 318.48
2026/09/11 15:34:00.831, 3, 39495, 97871, 100, 314.00
2026/09/11 15:34:01.031, 0, 40651, 97871, 100, 367.79
2026/09/11 15:34:01.031, 1, 40505, 97871, 100, 345.86
2026/09/11 15:34:01.031, 2, 39467, 97871, 100, 315.41
2026/09/11 15:34:01.031, 3, 39495, 97871, 100, 310.04
2026/09/11 15:34:01.231, 0, 40651, 97871, 100, 366.93
2026/09/11 15:34:01.231, 1, 40505, 97871, 100, 342.46
2026/09/11 15:34:01.231, 2, 39467, 97871, 100, 323.06
2026/09/11 15:34:01.231, 3, 39495, 97871, 100, 313.58
2026/09/11 15:34:01.431, 0, 40651, 97871, 100, 368.33
2026/09/11 15:34:01.431, 1, 40505, 97871, 100, 344.76
2026/09/11 15:34:01.431, 2, 39467, 97871, 100, 323.57
2026/09/11 15:34:01.431, 3, 39495, 97871, 100, 316.93
2026/09/11 15:34:01.631, 0, 40651, 97871, 100, 367.62
2026/09/11 15:34:01.631, 1, 40505, 97871, 100, 342.57
2026/09/11 15:34:01.631, 2, 39467, 97871, 100, 321.19
2026/09/11 15:34:01.632, 3, 39495, 97871, 100, 315.19
2026/09/11 15:34:01.832, 0, 40651, 97871, 100, 366.35
2026/09/11 15:34:01.832, 1, 40505, 97871, 100, 344.59
2026/09/11 15:34:01.832, 2, 39467, 97871, 100, 318.02
2026/09/11 15:34:01.832, 3, 39495, 97871, 100, 313.93
2026/09/11 15:34:02.032, 0, 40651, 97871, 100, 367.06
2026/09/11 15:34:02.032, 1, 40505, 97871, 100, 348.98
2026/09/11 15:34:02.032, 2, 39467, 97871, 100, 319.16
2026/09/11 15:34:02.032, 3, 39495, 97871, 100, 314.68
2026/09/11 15:34:02.232, 0, 40651, 97871, 100, 368.11
2026/09/11 15:34:02.232, 1, 40505, 97871, 100, 342.35
2026/09/11 15:34:02.232, 2, 39467, 97871, 100, 316.34
2026/09/11 15:34:02.232, 3, 39495, 97871, 100, 314.04
2026/09/11 15:34:02.432, 0, 40651, 97871, 100, 368.90
2026/09/11 15:34:02.432, 1, 40505, 97871, 100, 343.83
2026/09/11 15:34:02.432, 2, 39467, 97871, 100, 321.27
2026/09/11 15:34:02.432, 3, 39495, 97871, 100, 310.50
2026/09/11 15:34:02.632, 0, 40651, 97871, 100, 371.29
2026/09/11 15:34:02.632, 1, 40505, 97871, 100, 348.56
2026/09/11 15:34:02.632, 2, 39467, 97871, 100, 322.19
2026/09/11 15:34:02.632, 3, 39495, 97871, 100, 313.64
2026/09/11 15:34:02.832, 0, 40651, 97871, 100, 369.82
2026/09/11 15:34:02.832, 1, 40505, 97871, 100, 352.83
2026/09/11 15:34:02.832, 2, 39467, 97871, 100, 322.69
2026/09/11 15:34:02.832, 3, 39495, 97871, 100, 314.37
2026/09/11 15:34:03.032, 0, 40651, 97871, 100, 367.43
2026/09/11 15:34:03.032, 1, 40505, 97871, 100, 357.07
2026/09/11 15:34:03.032, 2, 39467, 97871, 100, 323.14
2026/09/11 15:34:03.033, 3, 39495, 97871, 100, 315.09
2026/09/11 15:34:03.233, 0, 40651, 97871, 100, 365.08
2026/09/11 15:34:03.233, 1, 40505, 97871, 100, 365.46
2026/09/11 15:34:03.233, 2, 39467, 97871, 100, 324.03
2026/09/11 15:34:03.233, 3, 39495, 97871, 100, 317.63
2026/09/11 15:34:03.433, 0, 40651, 97871, 100, 365.82
2026/09/11 15:34:03.433, 1, 40505, 97871, 100, 358.41
2026/09/11 15:34:03.433, 2, 39467, 97871, 100, 317.39
2026/09/11 15:34:03.433, 3, 39495, 97871, 100, 318.28
2026/09/11 15:34:03.633, 0, 40651, 97871, 100, 364.61
2026/09/11 15:34:03.633, 1, 40505, 97871, 100, 350.80
2026/09/11 15:34:03.633, 2, 39467, 97871, 100, 313.10
2026/09/11 15:34:03.633, 3, 39495, 97871, 100, 317.73
2026/09/11 15:34:03.833, 0, 40651, 97871, 100, 365.62
2026/09/11 15:34:03.833, 1, 40505, 97871, 100, 342.87
2026/09/11 15:34:03.833, 2, 39467, 97871, 100, 316.68
2026/09/11 15:34:03.833, 3, 39495, 97871, 100, 318.36
2026/09/11 15:34:04.033, 0, 40651, 97871, 100, 369.22
2026/09/11 15:34:04.033, 1, 40505, 97871, 100, 336.54
2026/09/11 15:34:04.033, 2, 39467, 97871, 100, 313.45
2026/09/11 15:34:04.033, 3, 39495, 97871, 100, 322.27
2026/09/11 15:34:04.233, 0, 40651, 97871, 100, 368.69
2026/09/11 15:34:04.233, 1, 40505, 97871, 100, 337.46
2026/09/11 15:34:04.233, 2, 39467, 97871, 100, 307.75
2026/09/11 15:34:04.233, 3, 39495, 97871, 100, 321.12
2026/09/11 15:34:04.433, 0, 40651, 97871, 100, 368.70
2026/09/11 15:34:04.434, 1, 40505, 97871, 100, 347.27
2026/09/11 15:34:04.434, 2, 39467, 97871, 100, 314.46
2026/09/11 15:34:04.434, 3, 39495, 97871, 100, 320.26
2026/09/11 15:34:04.634, 0, 40651, 97871, 100, 369.33
2026/09/11 15:34:04.634, 1, 40505, 97871, 100, 351.26
2026/09/11 15:34:04.634, 2, 39467, 97871, 100, 318.92
2026/09/11 15:34:04.634, 3, 39495, 97871, 100, 318.95
2026/09/11 15:34:04.834, 0, 40651, 97871, 100, 368.12
2026/09/11 15:34:04.834, 1, 40505, 97871, 100, 354.97
2026/09/11 15:34:04.834, 2, 39467, 97871, 100, 323.34
2026/09/11 15:34:04.834, 3, 39495, 97871, 100, 323.38
2026/09/11 15:34:05.034, 0, 40651, 97871, 100, 367.08
2026/09/11 15:34:05.034, 1, 40505, 97871, 100, 359.52
2026/09/11 15:34:05.034, 2, 39467, 97871, 100, 329.19
2026/09/11 15:34:05.034, 3, 39495, 97871, 100, 319.27
2026/09/11 15:34:05.234, 0, 40651, 97871, 100, 367.93
2026/09/11 15:34:05.234, 1, 40505, 97871, 100, 356.26
2026/09/11 15:34:05.234, 2, 39467, 97871, 100, 333.45
2026/09/11 15:34:05.234, 3, 39495, 97871, 100, 320.54
2026/09/11 15:34:05.434, 0, 40651, 97871, 100, 368.75
2026/09/11 15:34:05.434, 1, 40505, 97871, 100, 350.30
2026/09/11 15:34:05.434, 2, 39467, 97871, 100, 328.28
2026/09/11 15:34:05.434, 3, 39495, 97871, 100, 319.06
2026/09/11 15:34:05.634, 0, 40651, 97871, 100, 368.12
2026/09/11 15:34:05.634, 1, 40505, 97871, 100, 344.60
2026/09/11 15:34:05.634, 2, 39467, 97871, 100, 323.48
2026/09/11 15:34:05.634, 3, 39495, 97871, 100, 314.80
2026/09/11 15:34:05.835, 0, 40651, 97871, 100, 368.05
2026/09/11 15:34:05.835, 1, 40505, 97871, 100, 349.03
2026/09/11 15:34:05.835, 2, 39467, 97871, 100, 322.72
2026/09/11 15:34:05.835, 3, 39495, 97871, 100, 310.94
2026/09/11 15:34:06.035, 0, 40651, 97871, 100, 368.67
2026/09/11 15:34:06.035, 1, 40505, 97871, 100, 348.78
2026/09/11 15:34:06.035, 2, 39467, 97871, 100, 321.65
2026/09/11 15:34:06.035, 3, 39495, 97871, 100, 310.40
2026/09/11 15:34:06.235, 0, 40651, 97871, 100, 366.94
2026/09/11 15:34:06.235, 1, 40505, 97871, 100, 352.62
2026/09/11 15:34:06.235, 2, 39467, 97871, 100, 325.10
2026/09/11 15:34:06.235, 3, 39495, 97871, 100, 311.60
2026/09/11 15:34:06.435, 0, 40651, 97871, 100, 367.68
2026/09/11 15:34:06.435, 1, 40505, 97871, 100, 355.62
2026/09/11 15:34:06.435, 2, 39467, 97871, 100, 322.63
2026/09/11 15:34:06.435, 3, 39495, 97871, 100, 306.50
2026/09/11 15:34:06.635, 0, 41187, 97871, 74, 334.82
2026/09/11 15:34:06.635, 1, 41041, 97871, 13, 344.15
2026/09/11 15:34:06.636, 2, 40003, 97871, 85, 315.38
2026/09/11 15:34:06.637, 3, 40031, 97871, 2, 289.62
2026/09/11 15:34:06.837, 0, 41187, 97871, 0, 287.73
2026/09/11 15:34:06.838, 1, 41041, 97871, 0, 294.63
2026/09/11 15:34:06.838, 2, 40003, 97871, 1, 270.51
2026/09/11 15:34:06.838, 3, 40031, 97871, 0, 254.01
2026/09/11 15:34:07.040, 0, 41187, 97871, 2, 243.85
2026/09/11 15:34:07.041, 1, 41041, 97871, 14, 252.79
2026/09/11 15:34:07.041, 2, 40003, 97871, 1, 215.34
2026/09/11 15:34:07.041, 3, 40031, 97871, 16, 222.25
2026/09/11 15:34:07.241, 0, 41187, 97871, 0, 195.62
2026/09/11 15:34:07.241, 1, 41041, 97871, 0, 209.50
2026/09/11 15:34:07.241, 2, 40003, 97871, 0, 175.59
2026/09/11 15:34:07.241, 3, 40031, 97871, 0, 183.44
2026/09/11 15:34:07.441, 0, 41187, 97871, 0, 142.24
2026/09/11 15:34:07.441, 1, 41041, 97871, 0, 163.43
2026/09/11 15:34:07.441, 2, 40003, 97871, 0, 136.88
2026/09/11 15:34:07.441, 3, 40031, 97871, 0, 148.87
2026/09/11 15:34:07.641, 0, 27957, 97871, 20, 127.98
2026/09/11 15:34:07.641, 1, 27811, 97871, 65, 131.49
2026/09/11 15:34:07.641, 2, 26773, 97871, 2, 127.95
2026/09/11 15:34:07.641, 3, 26801, 97871, 56, 128.16
2026/09/11 15:34:07.841, 0, 87925, 97871, 0, 137.16
2026/09/11 15:34:07.841, 1, 87779, 97871, 0, 131.39
2026/09/11 15:34:07.841, 2, 86741, 97871, 0, 138.46
2026/09/11 15:34:07.841, 3, 86769, 97871, 18, 132.66
2026/09/11 15:34:08.041, 0, 87925, 97871, 100, 179.90
2026/09/11 15:34:08.041, 1, 87779, 97871, 100, 169.07
2026/09/11 15:34:08.041, 2, 86741, 97871, 97, 171.77
2026/09/11 15:34:08.041, 3, 86769, 97871, 100, 161.71
2026/09/11 15:34:08.242, 0, 87925, 97871, 100, 231.59
2026/09/11 15:34:08.242, 1, 87779, 97871, 100, 212.06
2026/09/11 15:34:08.242, 2, 86741, 97871, 100, 215.04
2026/09/11 15:34:08.242, 3, 86769, 97871, 100, 201.17
2026/09/11 15:34:08.442, 0, 87925, 97871, 100, 279.58
2026/09/11 15:34:08.442, 1, 87779, 97871, 100, 258.03
2026/09/11 15:34:08.442, 2, 86741, 97871, 100, 231.29
2026/09/11 15:34:08.442, 3, 86769, 97871, 100, 236.14
2026/09/11 15:34:08.642, 0, 87925, 97871, 100, 331.22
2026/09/11 15:34:08.642, 1, 87779, 97871, 100, 300.08
2026/09/11 15:34:08.642, 2, 86741, 97871, 100, 266.73
2026/09/11 15:34:08.642, 3, 86769, 97871, 100, 273.19
2026/09/11 15:34:08.842, 0, 87925, 97871, 100, 371.99
2026/09/11 15:34:08.842, 1, 87779, 97871, 100, 345.94
2026/09/11 15:34:08.842, 2, 86741, 97871, 100, 303.95
2026/09/11 15:34:08.842, 3, 86769, 97871, 100, 307.86
2026/09/11 15:34:09.042, 0, 87925, 97871, 100, 371.87
2026/09/11 15:34:09.042, 1, 87779, 97871, 100, 354.22
2026/09/11 15:34:09.042, 2, 86741, 97871, 100, 316.35
2026/09/11 15:34:09.042, 3, 86769, 97871, 100, 307.92
2026/09/11 15:34:09.242, 0, 87925, 97871, 100, 368.32
2026/09/11 15:34:09.242, 1, 87779, 97871, 100, 351.77
2026/09/11 15:34:09.242, 2, 86741, 97871, 100, 309.24
2026/09/11 15:34:09.242, 3, 86769, 97871, 100, 306.18
2026/09/11 15:34:09.443, 0, 87925, 97871, 100, 367.01
2026/09/11 15:34:09.443, 1, 87779, 97871, 100, 347.91
2026/09/11 15:34:09.443, 2, 86741, 97871, 100, 315.92
2026/09/11 15:34:09.443, 3, 86769, 97871, 100, 309.89
2026/09/11 15:34:09.643, 0, 87925, 97871, 100, 367.09
2026/09/11 15:34:09.643, 1, 87779, 97871, 100, 348.14
2026/09/11 15:34:09.643, 2, 86741, 97871, 100, 324.12
2026/09/11 15:34:09.643, 3, 86769, 97871, 100, 311.75
2026/09/11 15:34:09.843, 0, 87925, 97871, 100, 367.02
2026/09/11 15:34:09.843, 1, 87779, 97871, 100, 348.54
2026/09/11 15:34:09.843, 2, 86741, 97871, 100, 318.27
2026/09/11 15:34:09.843, 3, 86769, 97871, 100, 308.92
2026/09/11 15:34:10.043, 0, 87925, 97871, 100, 367.55
2026/09/11 15:34:10.043, 1, 87779, 97871, 100, 348.10
2026/09/11 15:34:10.043, 2, 86741, 97871, 100, 318.31
2026/09/11 15:34:10.043, 3, 86769, 97871, 100, 309.80
2026/09/11 15:34:10.243, 0, 87925, 97871, 100, 370.17
2026/09/11 15:34:10.243, 1, 87779, 97871, 100, 353.17
2026/09/11 15:34:10.243, 2, 86741, 97871, 100, 320.72
2026/09/11 15:34:10.243, 3, 86769, 97871, 100, 313.04
2026/09/11 15:34:10.443, 0, 87925, 97871, 100, 370.43
2026/09/11 15:34:10.443, 1, 87779, 97871, 100, 358.37
2026/09/11 15:34:10.443, 2, 86741, 97871, 100, 321.26
2026/09/11 15:34:10.443, 3, 86769, 97871, 100, 312.99
2026/09/11 15:34:10.643, 0, 87925, 97871, 100, 371.16
2026/09/11 15:34:10.643, 1, 87779, 97871, 100, 352.99
2026/09/11 15:34:10.643, 2, 86741, 97871, 100, 313.47
2026/09/11 15:34:10.643, 3, 86769, 97871, 100, 308.17
2026/09/11 15:34:10.844, 0, 87925, 97871, 100, 369.68
2026/09/11 15:34:10.844, 1, 87779, 97871, 100, 350.66
2026/09/11 15:34:10.844, 2, 86741, 97871, 100, 318.82
2026/09/11 15:34:10.844, 3, 86769, 97871, 100, 316.40
2026/09/11 15:34:11.044, 0, 87925, 97871, 100, 369.43
2026/09/11 15:34:11.044, 1, 87779, 97871, 100, 350.14
2026/09/11 15:34:11.044, 2, 86741, 97871, 100, 322.00
2026/09/11 15:34:11.044, 3, 86769, 97871, 100, 319.74
2026/09/11 15:34:11.244, 0, 87925, 97871, 100, 370.12
2026/09/11 15:34:11.244, 1, 87779, 97871, 100, 351.36
2026/09/11 15:34:11.244, 2, 86741, 97871, 100, 320.14
2026/09/11 15:34:11.244, 3, 86769, 97871, 100, 320.08
2026/09/11 15:34:11.444, 0, 87925, 97871, 100, 369.59
2026/09/11 15:34:11.444, 1, 87779, 97871, 100, 347.62
2026/09/11 15:34:11.444, 2, 86741, 97871, 100, 318.39
2026/09/11 15:34:11.444, 3, 86769, 97871, 100, 316.46
2026/09/11 15:34:11.644, 0, 87925, 97871, 100, 370.34
2026/09/11 15:34:11.644, 1, 87779, 97871, 100, 352.48
2026/09/11 15:34:11.644, 2, 86741, 97871, 100, 319.97
2026/09/11 15:34:11.644, 3, 86769, 97871, 100, 318.14
2026/09/11 15:34:11.844, 0, 87925, 97871, 100, 372.80
2026/09/11 15:34:11.844, 1, 87779, 97871, 100, 351.83
2026/09/11 15:34:11.844, 2, 86741, 97871, 100, 318.36
2026/09/11 15:34:11.844, 3, 86769, 97871, 100, 312.19
2026/09/11 15:34:12.044, 0, 87925, 97871, 100, 371.03
2026/09/11 15:34:12.044, 1, 87779, 97871, 100, 351.71
2026/09/11 15:34:12.044, 2, 86741, 97871, 100, 320.82
2026/09/11 15:34:12.044, 3, 86769, 97871, 100, 307.49
2026/09/11 15:34:12.245, 0, 87925, 97871, 100, 369.58
2026/09/11 15:34:12.245, 1, 87779, 97871, 100, 351.77
2026/09/11 15:34:12.245, 2, 86741, 97871, 100, 323.80
2026/09/11 15:34:12.245, 3, 86769, 97871, 100, 308.30
2026/09/11 15:34:12.445, 0, 87925, 97871, 100, 369.36
2026/09/11 15:34:12.445, 1, 87779, 97871, 100, 355.31
2026/09/11 15:34:12.445, 2, 86741, 97871, 100, 325.70
2026/09/11 15:34:12.445, 3, 86769, 97871, 100, 312.67
2026/09/11 15:34:12.645, 0, 87925, 97871, 100, 368.98
2026/09/11 15:34:12.645, 1, 87779, 97871, 100, 361.15
2026/09/11 15:34:12.645, 2, 86741, 97871, 100, 324.36
2026/09/11 15:34:12.645, 3, 86769, 97871, 100, 312.57
2026/09/11 15:34:12.845, 0, 87925, 97871, 100, 369.12
2026/09/11 15:34:12.845, 1, 87779, 97871, 100, 364.83
2026/09/11 15:34:12.845, 2, 86741, 97871, 100, 323.86
2026/09/11 15:34:12.845, 3, 86769, 97871, 100, 316.79
2026/09/11 15:34:13.045, 0, 87925, 97871, 100, 368.16
2026/09/11 15:34:13.045, 1, 87779, 97871, 100, 364.34
2026/09/11 15:34:13.045, 2, 86741, 97871, 100, 318.20
2026/09/11 15:34:13.045, 3, 86769, 97871, 100, 320.75
2026/09/11 15:34:13.245, 0, 87925, 97871, 100, 369.80
2026/09/11 15:34:13.245, 1, 87779, 97871, 100, 356.67
2026/09/11 15:34:13.245, 2, 86741, 97871, 100, 312.94
2026/09/11 15:34:13.245, 3, 86769, 97871, 100, 322.01
2026/09/11 15:34:13.446, 0, 87925, 97871, 100, 367.31
2026/09/11 15:34:13.446, 1, 87779, 97871, 100, 350.69
2026/09/11 15:34:13.446, 2, 86741, 97871, 100, 314.50
2026/09/11 15:34:13.446, 3, 86769, 97871, 100, 320.31
2026/09/11 15:34:13.646, 0, 87925, 97871, 100, 367.68
2026/09/11 15:34:13.646, 1, 87779, 97871, 100, 344.19
2026/09/11 15:34:13.646, 2, 86741, 97871, 100, 314.07
2026/09/11 15:34:13.646, 3, 86769, 97871, 100, 322.30
2026/09/11 15:34:13.846, 0, 87925, 97871, 100, 366.65
2026/09/11 15:34:13.846, 1, 87779, 97871, 100, 342.11
2026/09/11 15:34:13.846, 2, 86741, 97871, 100, 310.95
2026/09/11 15:34:13.846, 3, 86769, 97871, 100, 318.37
2026/09/11 15:34:14.046, 0, 87925, 97871, 100, 367.75
2026/09/11 15:34:14.046, 1, 87779, 97871, 100, 342.95
2026/09/11 15:34:14.046, 2, 86741, 97871, 100, 315.87
2026/09/11 15:34:14.046, 3, 86769, 97871, 100, 321.48
2026/09/11 15:34:14.246, 0, 87925, 97871, 100, 367.38
2026/09/11 15:34:14.246, 1, 87779, 97871, 100, 353.67
2026/09/11 15:34:14.246, 2, 86741, 97871, 100, 321.32
2026/09/11 15:34:14.246, 3, 86769, 97871, 100, 321.59
2026/09/11 15:34:14.446, 0, 87925, 97871, 100, 369.96
2026/09/11 15:34:14.446, 1, 87779, 97871, 100, 357.28
2026/09/11 15:34:14.446, 2, 86741, 97871, 100, 327.27
2026/09/11 15:34:14.446, 3, 86769, 97871, 100, 322.12
2026/09/11 15:34:14.646, 0, 87925, 97871, 100, 369.28
2026/09/11 15:34:14.646, 1, 87779, 97871, 100, 363.11
2026/09/11 15:34:14.646, 2, 86741, 97871, 100, 329.62
2026/09/11 15:34:14.646, 3, 86769, 97871, 100, 319.97
2026/09/11 15:34:14.847, 0, 87925, 97871, 100, 368.09
2026/09/11 15:34:14.847, 1, 87779, 97871, 100, 359.46
2026/09/11 15:34:14.847, 2, 86741, 97871, 100, 331.76
2026/09/11 15:34:14.847, 3, 86769, 97871, 100, 318.75
2026/09/11 15:34:15.047, 0, 87925, 97871, 100, 368.98
2026/09/11 15:34:15.047, 1, 87779, 97871, 100, 359.13
2026/09/11 15:34:15.047, 2, 86741, 97871, 100, 327.01
2026/09/11 15:34:15.047, 3, 86769, 97871, 100, 317.59
2026/09/11 15:34:15.247, 0, 87925, 97871, 100, 369.63
2026/09/11 15:34:15.247, 1, 87779, 97871, 100, 355.19
2026/09/11 15:34:15.247, 2, 86741, 97871, 100, 323.47
2026/09/11 15:34:15.247, 3, 86769, 97871, 100, 315.88
2026/09/11 15:34:15.447, 0, 87925, 97871, 100, 369.85
2026/09/11 15:34:15.447, 1, 87779, 97871, 100, 351.22
2026/09/11 15:34:15.447, 2, 86741, 97871, 100, 322.75
2026/09/11 15:34:15.447, 3, 86769, 97871, 100, 310.70
2026/09/11 15:34:15.647, 0, 87925, 97871, 100, 369.01
2026/09/11 15:34:15.647, 1, 87779, 97871, 100, 350.98
2026/09/11 15:34:15.647, 2, 86741, 97871, 100, 323.85
2026/09/11 15:34:15.647, 3, 86769, 97871, 100, 313.03
2026/09/11 15:34:15.847, 0, 87925, 97871, 100, 370.41
2026/09/11 15:34:15.847, 1, 87779, 97871, 100, 358.35
2026/09/11 15:34:15.847, 2, 86741, 97871, 100, 327.34
2026/09/11 15:34:15.847, 3, 86769, 97871, 100, 316.59
2026/09/11 15:34:16.047, 0, 87925, 97871, 100, 369.24
2026/09/11 15:34:16.047, 1, 87779, 97871, 100, 358.39
2026/09/11 15:34:16.047, 2, 86741, 97871, 100, 326.04
2026/09/11 15:34:16.048, 3, 86769, 97871, 100, 311.20
2026/09/11 15:34:16.248, 0, 87927, 97871, 100, 363.60
2026/09/11 15:34:16.248, 1, 87781, 97871, 100, 358.15
2026/09/11 15:34:16.248, 2, 86743, 97871, 100, 319.48
2026/09/11 15:34:16.248, 3, 86771, 97871, 88, 311.89
2026/09/11 15:34:16.448, 0, 87927, 97871, 85, 323.68
2026/09/11 15:34:16.448, 1, 87781, 97871, 18, 332.55
2026/09/11 15:34:16.448, 2, 86743, 97871, 95, 282.19
2026/09/11 15:34:16.448, 3, 86771, 97871, 0, 285.00
2026/09/11 15:34:16.648, 0, 87927, 97871, 0, 275.45
2026/09/11 15:34:16.648, 1, 87781, 97871, 0, 283.29
2026/09/11 15:34:16.648, 2, 86743, 97871, 0, 243.27
2026/09/11 15:34:16.648, 3, 86771, 97871, 0, 249.46
2026/09/11 15:34:16.848, 0, 87927, 97871, 0, 226.49
2026/09/11 15:34:16.848, 1, 87781, 97871, 0, 237.65
2026/09/11 15:34:16.848, 2, 86743, 97871, 0, 200.97
2026/09/11 15:34:16.848, 3, 86771, 97871, 0, 209.76
2026/09/11 15:34:17.048, 0, 87927, 97871, 0, 178.24
2026/09/11 15:34:17.048, 1, 87781, 97871, 0, 190.18
2026/09/11 15:34:17.048, 2, 86743, 97871, 0, 164.77
2026/09/11 15:34:17.048, 3, 86771, 97871, 0, 173.28
2026/09/11 15:34:17.248, 0, 87927, 97871, 0, 131.15
2026/09/11 15:34:17.249, 1, 87781, 97871, 0, 148.29
2026/09/11 15:34:17.249, 2, 86743, 97871, 0, 129.98
2026/09/11 15:34:17.249, 3, 86771, 97871, 0, 134.63
2026/09/11 15:34:17.449, 0, 87927, 97871, 0, 121.26
2026/09/11 15:34:17.449, 1, 87781, 97871, 0, 126.15
2026/09/11 15:34:17.449, 2, 86743, 97871, 0, 122.55
2026/09/11 15:34:17.449, 3, 86771, 97871, 0, 122.83
2026/09/11 15:34:17.649, 0, 87927, 97871, 0, 121.06
2026/09/11 15:34:17.649, 1, 87781, 97871, 0, 125.80
2026/09/11 15:34:17.649, 2, 86743, 97871, 0, 122.39
2026/09/11 15:34:17.649, 3, 86771, 97871, 0, 122.81
2026/09/11 15:34:17.849, 0, 87927, 97871, 0, 121.00
2026/09/11 15:34:17.849, 1, 87781, 97871, 0, 125.68
2026/09/11 15:34:17.849, 2, 86743, 97871, 0, 122.27
2026/09/11 15:34:17.849, 3, 86771, 97871, 0, 122.71
2026/09/11 15:34:18.049, 0, 87927, 97871, 0, 120.93
2026/09/11 15:34:18.049, 1, 87781, 97871, 0, 125.62
2026/09/11 15:34:18.049, 2, 86743, 97871, 0, 122.18
2026/09/11 15:34:18.049, 3, 86771, 97871, 0, 122.61
2026/09/11 15:34:18.249, 0, 87927, 97871, 0, 120.85
2026/09/11 15:34:18.249, 1, 87781, 97871, 0, 125.58
2026/09/11 15:34:18.249, 2, 86743, 97871, 0, 122.12
2026/09/11 15:34:18.249, 3, 86771, 97871, 0, 122.62
2026/09/11 15:34:18.450, 0, 87927, 97871, 0, 120.82
2026/09/11 15:34:18.450, 1, 87781, 97871, 0, 125.52
2026/09/11 15:34:18.450, 2, 86743, 97871, 0, 122.06
2026/09/11 15:34:18.450, 3, 86771, 97871, 0, 122.62
2026/09/11 15:34:18.650, 0, 87927, 97871, 0, 120.76
2026/09/11 15:34:18.650, 1, 87781, 97871, 0, 125.48
2026/09/11 15:34:18.650, 2, 86743, 97871, 0, 122.03
2026/09/11 15:34:18.650, 3, 86771, 97871, 0, 122.54
2026/09/11 15:34:18.850, 0, 87927, 97871, 0, 120.68
2026/09/11 15:34:18.850, 1, 87781, 97871, 0, 125.45
2026/09/11 15:34:18.850, 2, 86743, 97871, 0, 122.00
2026/09/11 15:34:18.850, 3, 86771, 97871, 0, 122.51
2026/09/11 15:34:19.050, 0, 87927, 97871, 0, 120.67
2026/09/11 15:34:19.050, 1, 87781, 97871, 0, 125.39
2026/09/11 15:34:19.050, 2, 86743, 97871, 0, 121.99
2026/09/11 15:34:19.050, 3, 86771, 97871, 0, 122.54
2026/09/11 15:34:19.250, 0, 87927, 97871, 0, 120.63
2026/09/11 15:34:19.250, 1, 87781, 97871, 0, 125.35
2026/09/11 15:34:19.250, 2, 86743, 97871, 0, 121.95
2026/09/11 15:34:19.250, 3, 86771, 97871, 0, 122.50
2026/09/11 15:34:19.450, 0, 87927, 97871, 0, 120.58
2026/09/11 15:34:19.451, 1, 87781, 97871, 0, 125.29
2026/09/11 15:34:19.451, 2, 86743, 97871, 0, 121.92
2026/09/11 15:34:19.451, 3, 86771, 97871, 0, 122.42
2026/09/11 15:34:19.651, 0, 87927, 97871, 0, 120.57
2026/09/11 15:34:19.651, 1, 87781, 97871, 0, 125.24
2026/09/11 15:34:19.651, 2, 86743, 97871, 0, 121.89
2026/09/11 15:34:19.651, 3, 86771, 97871, 0, 122.46
2026/09/11 15:34:19.851, 0, 87927, 97871, 0, 120.52
2026/09/11 15:34:19.851, 1, 87781, 97871, 0, 125.20
2026/09/11 15:34:19.851, 2, 86743, 97871, 0, 121.88
2026/09/11 15:34:19.851, 3, 86771, 97871, 0, 122.47
2026/09/11 15:34:20.051, 0, 87927, 97871, 0, 120.50
2026/09/11 15:34:20.051, 1, 87781, 97871, 0, 125.19
2026/09/11 15:34:20.051, 2, 86743, 97871, 0, 121.86
2026/09/11 15:34:20.051, 3, 86771, 97871, 0, 122.41
2026/09/11 15:34:20.251, 0, 87927, 97871, 0, 120.55
2026/09/11 15:34:20.251, 1, 87781, 97871, 0, 125.20
2026/09/11 15:34:20.251, 2, 86743, 97871, 0, 121.85
2026/09/11 15:34:20.251, 3, 86771, 97871, 0, 122.37
2026/09/11 15:34:20.451, 0, 87927, 97871, 0, 120.64
2026/09/11 15:34:20.451, 1, 87781, 97871, 0, 125.20
2026/09/11 15:34:20.451, 2, 86743, 97871, 0, 121.85
2026/09/11 15:34:20.451, 3, 86771, 97871, 0, 122.42
2026/09/11 15:34:20.652, 0, 87927, 97871, 0, 120.72
2026/09/11 15:34:20.652, 1, 87781, 97871, 0, 125.19
2026/09/11 15:34:20.652, 2, 86743, 97871, 0, 121.83
2026/09/11 15:34:20.652, 3, 86771, 97871, 0, 122.41
2026/09/11 15:34:20.852, 0, 87927, 97871, 0, 120.81
2026/09/11 15:34:20.852, 1, 87781, 97871, 0, 125.15
2026/09/11 15:34:20.852, 2, 86743, 97871, 0, 121.81
2026/09/11 15:34:20.852, 3, 86771, 97871, 0, 122.33
2026/09/11 15:34:21.052, 0, 87927, 97871, 0, 120.90
2026/09/11 15:34:21.052, 1, 87781, 97871, 0, 125.05
2026/09/11 15:34:21.052, 2, 86743, 97871, 0, 121.83
2026/09/11 15:34:21.052, 3, 86771, 97871, 0, 122.33
2026/09/11 15:34:21.252, 0, 87927, 97871, 0, 120.97
2026/09/11 15:34:21.252, 1, 87781, 97871, 0, 124.94
2026/09/11 15:34:21.252, 2, 86743, 97871, 0, 121.81
2026/09/11 15:34:21.252, 3, 86771, 97871, 0, 122.39
2026/09/11 15:34:21.452, 0, 87927, 97871, 0, 120.94
2026/09/11 15:34:21.452, 1, 87781, 97871, 0, 124.82
2026/09/11 15:34:21.452, 2, 86743, 97871, 0, 121.82
2026/09/11 15:34:21.452, 3, 86771, 97871, 0, 122.30
2026/09/11 15:34:21.652, 0, 87927, 97871, 0, 120.93
2026/09/11 15:34:21.652, 1, 87781, 97871, 0, 124.72
2026/09/11 15:34:21.652, 2, 86743, 97871, 0, 121.79
2026/09/11 15:34:21.652, 3, 86771, 97871, 0, 122.24
2026/09/11 15:34:21.853, 0, 87927, 97871, 0, 120.93
2026/09/11 15:34:21.853, 1, 87781, 97871, 0, 124.62
2026/09/11 15:34:21.853, 2, 86743, 97871, 0, 121.77
2026/09/11 15:34:21.853, 3, 86771, 97871, 0, 122.29
2026/09/11 15:34:22.053, 0, 87927, 97871, 0, 120.89
2026/09/11 15:34:22.053, 1, 87781, 97871, 0, 124.61
2026/09/11 15:34:22.053, 2, 86743, 97871, 0, 121.75
2026/09/11 15:34:22.053, 3, 86771, 97871, 0, 122.28
2026/09/11 15:34:22.253, 0, 87927, 97871, 0, 120.90
2026/09/11 15:34:22.253, 1, 87781, 97871, 0, 124.60
2026/09/11 15:34:22.253, 2, 86743, 97871, 0, 121.74
2026/09/11 15:34:22.253, 3, 86771, 97871, 0, 122.17
2026/09/11 15:34:22.453, 0, 87927, 97871, 0, 120.89
2026/09/11 15:34:22.454, 1, 87781, 97871, 0, 124.62
2026/09/11 15:34:22.454, 2, 86743, 97871, 0, 121.71
2026/09/11 15:34:22.454, 3, 86771, 97871, 0, 122.21
2026/09/11 15:34:22.654, 0, 87927, 97871, 0, 120.83
2026/09/11 15:34:22.654, 1, 87781, 97871, 0, 124.60
2026/09/11 15:34:22.654, 2, 86743, 97871, 0, 121.72
2026/09/11 15:34:22.654, 3, 86771, 97871, 0, 122.20
2026/09/11 15:34:22.854, 0, 87927, 97871, 0, 120.82
2026/09/11 15:34:22.854, 1, 87781, 97871, 0, 124.60
2026/09/11 15:34:22.854, 2, 86743, 97871, 0, 121.73
2026/09/11 15:34:22.854, 3, 86771, 97871, 0, 122.16
2026/09/11 15:34:23.054, 0, 87927, 97871, 0, 120.81
2026/09/11 15:34:23.054, 1, 87781, 97871, 0, 124.61
2026/09/11 15:34:23.054, 2, 86743, 97871, 0, 121.71
2026/09/11 15:34:23.054, 3, 86771, 97871, 0, 122.10
2026/09/11 15:34:23.255, 0, 87927, 97871, 0, 120.73
2026/09/11 15:34:23.255, 1, 87781, 97871, 0, 124.61
2026/09/11 15:34:23.255, 2, 86743, 97871, 0, 121.73
2026/09/11 15:34:23.255, 3, 86771, 97871, 0, 122.18
2026/09/11 15:34:23.455, 0, 87927, 97871, 0, 120.74
2026/09/11 15:34:23.455, 1, 87781, 97871, 0, 124.61
2026/09/11 15:34:23.455, 2, 86743, 97871, 0, 121.75
2026/09/11 15:34:23.455, 3, 86771, 97871, 0, 122.18
2026/09/11 15:34:23.655, 0, 87927, 97871, 0, 120.76
2026/09/11 15:34:23.655, 1, 87781, 97871, 0, 124.60
2026/09/11 15:34:23.655, 2, 86743, 97871, 0, 121.75
2026/09/11 15:34:23.655, 3, 86771, 97871, 0, 122.12
2026/09/11 15:34:23.855, 0, 87927, 97871, 0, 120.76
2026/09/11 15:34:23.855, 1, 87781, 97871, 0, 124.57
2026/09/11 15:34:23.855, 2, 86743, 97871, 0, 121.77
2026/09/11 15:34:23.855, 3, 86771, 97871, 0, 122.14
2026/09/11 15:34:24.055, 0, 87927, 97871, 0, 120.78
2026/09/11 15:34:24.055, 1, 87781, 97871, 0, 124.54
2026/09/11 15:34:24.055, 2, 86743, 97871, 0, 121.77
2026/09/11 15:34:24.055, 3, 86771, 97871, 0, 122.19
2026/09/11 15:34:24.255, 0, 87927, 97871, 0, 120.79
2026/09/11 15:34:24.255, 1, 87781, 97871, 0, 124.52
2026/09/11 15:34:24.256, 2, 86743, 97871, 0, 121.75
2026/09/11 15:34:24.256, 3, 86771, 97871, 0, 122.15
2026/09/11 15:34:24.456, 0, 87927, 97871, 0, 120.78
2026/09/11 15:34:24.456, 1, 87781, 97871, 0, 124.50
2026/09/11 15:34:24.456, 2, 86743, 97871, 0, 121.70
2026/09/11 15:34:24.456, 3, 86771, 97871, 0, 122.10
2026/09/11 15:34:24.656, 0, 87927, 97871, 0, 120.79
2026/09/11 15:34:24.656, 1, 87781, 97871, 0, 124.50
2026/09/11 15:34:24.656, 2, 86743, 97871, 0, 121.66
2026/09/11 15:34:24.656, 3, 86771, 97871, 0, 122.13
2026/09/11 15:34:24.856, 0, 87927, 97871, 0, 120.74
2026/09/11 15:34:24.856, 1, 87781, 97871, 0, 124.52
2026/09/11 15:34:24.856, 2, 86743, 97871, 0, 121.63
2026/09/11 15:34:24.856, 3, 86771, 97871, 0, 122.16
2026/09/11 15:34:25.056, 0, 87927, 97871, 0, 120.72
2026/09/11 15:34:25.056, 1, 87781, 97871, 0, 124.52
2026/09/11 15:34:25.056, 2, 86743, 97871, 0, 121.59
2026/09/11 15:34:25.056, 3, 86771, 97871, 0, 122.07
2026/09/11 15:34:25.256, 0, 87927, 97871, 0, 120.73
2026/09/11 15:34:25.256, 1, 87781, 97871, 0, 124.53
2026/09/11 15:34:25.256, 2, 86743, 97871, 0, 121.60
2026/09/11 15:34:25.256, 3, 86771, 97871, 0, 122.08
2026/09/11 15:34:25.456, 0, 87927, 97871, 0, 120.69
2026/09/11 15:34:25.456, 1, 87781, 97871, 0, 124.52
2026/09/11 15:34:25.457, 2, 86743, 97871, 0, 121.58
2026/09/11 15:34:25.457, 3, 86771, 97871, 0, 122.12
2026/09/11 15:34:25.657, 0, 87927, 97871, 0, 120.68
2026/09/11 15:34:25.657, 1, 87781, 97871, 0, 124.50
2026/09/11 15:34:25.657, 2, 86743, 97871, 0, 121.61
2026/09/11 15:34:25.657, 3, 86771, 97871, 0, 122.11
2026/09/11 15:34:25.857, 0, 87927, 97871, 0, 120.69
2026/09/11 15:34:25.857, 1, 87781, 97871, 0, 124.49
2026/09/11 15:34:25.857, 2, 86743, 97871, 0, 121.60
2026/09/11 15:34:25.857, 3, 86771, 97871, 0, 122.06
2026/09/11 15:34:26.057, 0, 87927, 97871, 0, 120.66
2026/09/11 15:34:26.057, 1, 87781, 97871, 0, 124.46
2026/09/11 15:34:26.057, 2, 86743, 97871, 0, 121.60
2026/09/11 15:34:26.057, 3, 86771, 97871, 0, 122.11
2026/09/11 15:34:26.257, 0, 87927, 97871, 0, 120.66
2026/09/11 15:34:26.257, 1, 87781, 97871, 0, 124.43
2026/09/11 15:34:26.257, 2, 86743, 97871, 0, 121.58
2026/09/11 15:34:26.257, 3, 86771, 97871, 0, 122.15
2026/09/11 15:34:26.457, 0, 87927, 97871, 0, 120.67
2026/09/11 15:34:26.457, 1, 87781, 97871, 0, 124.41
2026/09/11 15:34:26.457, 2, 86743, 97871, 0, 121.56
2026/09/11 15:34:26.457, 3, 86771, 97871, 0, 122.08
2026/09/11 15:34:26.658, 0, 87927, 97871, 0, 120.66
2026/09/11 15:34:26.658, 1, 87781, 97871, 0, 124.40
2026/09/11 15:34:26.658, 2, 86743, 97871, 0, 121.55
2026/09/11 15:34:26.658, 3, 86771, 97871, 0, 122.06
2026/09/11 15:34:26.858, 0, 87927, 97871, 0, 120.66
2026/09/11 15:34:26.858, 1, 87781, 97871, 0, 124.41
2026/09/11 15:34:26.858, 2, 86743, 97871, 0, 121.53
2026/09/11 15:34:26.858, 3, 86771, 97871, 0, 122.10
2026/09/11 15:34:27.058, 0, 87927, 97871, 0, 120.65
2026/09/11 15:34:27.058, 1, 87781, 97871, 0, 124.38
2026/09/11 15:34:27.058, 2, 86743, 97871, 0, 121.53
2026/09/11 15:34:27.058, 3, 86771, 97871, 0, 122.09
2026/09/11 15:34:27.258, 0, 87927, 97871, 0, 120.62
2026/09/11 15:34:27.258, 1, 87781, 97871, 0, 124.38
2026/09/11 15:34:27.258, 2, 86743, 97871, 0, 121.54
2026/09/11 15:34:27.258, 3, 86771, 97871, 0, 121.99
2026/09/11 15:34:27.458, 0, 87927, 97871, 0, 120.60
2026/09/11 15:34:27.458, 1, 87781, 97871, 0, 124.39
2026/09/11 15:34:27.458, 2, 86743, 97871, 0, 121.53
2026/09/11 15:34:27.458, 3, 86771, 97871, 0, 122.03
2026/09/11 15:34:27.658, 0, 87927, 97871, 0, 120.59
2026/09/11 15:34:27.658, 1, 87781, 97871, 0, 124.39
2026/09/11 15:34:27.658, 2, 86743, 97871, 0, 121.55
2026/09/11 15:34:27.658, 3, 86771, 97871, 0, 122.07
2026/09/11 15:34:27.859, 0, 87927, 97871, 0, 120.57
2026/09/11 15:34:27.859, 1, 87781, 97871, 0, 124.36
2026/09/11 15:34:27.859, 2, 86743, 97871, 0, 121.53
2026/09/11 15:34:27.859, 3, 86771, 97871, 0, 122.00
2026/09/11 15:34:28.059, 0, 87927, 97871, 0, 120.56
2026/09/11 15:34:28.059, 1, 87781, 97871, 0, 124.35
2026/09/11 15:34:28.059, 2, 86743, 97871, 0, 121.55
2026/09/11 15:34:28.059, 3, 86771, 97871, 0, 121.96
2026/09/11 15:34:28.259, 0, 87927, 97871, 0, 120.56
2026/09/11 15:34:28.259, 1, 87781, 97871, 0, 124.31
2026/09/11 15:34:28.259, 2, 86743, 97871, 0, 121.54
2026/09/11 15:34:28.259, 3, 86771, 97871, 0, 122.03
2026/09/11 15:34:28.459, 0, 87927, 97871, 0, 120.54
2026/09/11 15:34:28.459, 1, 87781, 97871, 0, 124.30
2026/09/11 15:34:28.459, 2, 86743, 97871, 0, 121.53
2026/09/11 15:34:28.459, 3, 86771, 97871, 0, 122.01
2026/09/11 15:34:28.659, 0, 87927, 97871, 0, 120.50
2026/09/11 15:34:28.660, 1, 87781, 97871, 0, 124.30
2026/09/11 15:34:28.660, 2, 86743, 97871, 0, 121.53
2026/09/11 15:34:28.660, 3, 86771, 97871, 0, 121.90
2026/09/11 15:34:28.860, 0, 87927, 97871, 0, 120.48
2026/09/11 15:34:28.860, 1, 87781, 97871, 0, 124.31
2026/09/11 15:34:28.860, 2, 86743, 97871, 0, 121.51
2026/09/11 15:34:28.860, 3, 86771, 97871, 0, 121.94
2026/09/11 15:34:29.060, 0, 87927, 97871, 0, 120.48
2026/09/11 15:34:29.060, 1, 87781, 97871, 0, 124.30
2026/09/11 15:34:29.060, 2, 86743, 97871, 0, 121.50
2026/09/11 15:34:29.060, 3, 86771, 97871, 0, 121.96
2026/09/11 15:34:29.260, 0, 87927, 97871, 0, 120.48
2026/09/11 15:34:29.260, 1, 87781, 97871, 0, 124.33
2026/09/11 15:34:29.260, 2, 86743, 97871, 0, 121.49
2026/09/11 15:34:29.260, 3, 86771, 97871, 0, 121.91
2026/09/11 15:34:29.460, 0, 87931, 97871, 0, 121.80
2026/09/11 15:34:29.460, 1, 87785, 97871, 0, 124.32
2026/09/11 15:34:29.460, 2, 86747, 97871, 0, 122.29
2026/09/11 15:34:29.460, 3, 86775, 97871, 0, 121.87
2026/09/11 15:34:29.661, 0, 87931, 97871, 26, 123.38
2026/09/11 15:34:29.661, 1, 87785, 97871, 0, 127.14
2026/09/11 15:34:29.661, 2, 86747, 97871, 20, 124.43
2026/09/11 15:34:29.661, 3, 86775, 97871, 0, 124.74
2026/09/11 15:34:29.861, 0, 87931, 97871, 0, 123.41
2026/09/11 15:34:29.861, 1, 87785, 97871, 0, 127.16
2026/09/11 15:34:29.861, 2, 86747, 97871, 0, 124.44
2026/09/11 15:34:29.861, 3, 86775, 97871, 0, 124.82
2026/09/11 15:34:30.061, 0, 87931, 97871, 0, 123.39
2026/09/11 15:34:30.061, 1, 87785, 97871, 0, 127.24
2026/09/11 15:34:30.061, 2, 86747, 97871, 0, 124.41
2026/09/11 15:34:30.061, 3, 86775, 97871, 0, 124.69
2026/09/11 15:34:30.261, 0, 87931, 97871, 0, 123.45
2026/09/11 15:34:30.261, 1, 87785, 97871, 0, 127.17
2026/09/11 15:34:30.262, 2, 86747, 97871, 0, 124.40
2026/09/11 15:34:30.262, 3, 86775, 97871, 0, 124.75
2026/09/11 15:34:30.462, 0, 87931, 97871, 0, 122.90
2026/09/11 15:34:30.462, 1, 87785, 97871, 0, 127.22
2026/09/11 15:34:30.462, 2, 86747, 97871, 0, 123.68
2026/09/11 15:34:30.462, 3, 86775, 97871, 0, 124.79
2026/09/11 15:34:30.662, 0, 87931, 97871, 0, 120.48
2026/09/11 15:34:30.662, 1, 87785, 97871, 0, 124.31
2026/09/11 15:34:30.662, 2, 86747, 97871, 0, 121.53
2026/09/11 15:34:30.662, 3, 86775, 97871, 0, 121.98
2026/09/11 15:34:30.862, 0, 87931, 97871, 0, 120.46
2026/09/11 15:34:30.862, 1, 87785, 97871, 0, 124.27
2026/09/11 15:34:30.862, 2, 86747, 97871, 0, 121.54
2026/09/11 15:34:30.862, 3, 86775, 97871, 0, 121.89
2026/09/11 15:34:31.062, 0, 87931, 97871, 0, 120.47
2026/09/11 15:34:31.063, 1, 87785, 97871, 0, 124.27
2026/09/11 15:34:31.063, 2, 86747, 97871, 0, 121.52
2026/09/11 15:34:31.063, 3, 86775, 97871, 0, 121.97
2026/09/11 15:34:31.263, 0, 87931, 97871, 0, 120.45
2026/09/11 15:34:31.263, 1, 87785, 97871, 0, 124.27
2026/09/11 15:34:31.263, 2, 86747, 97871, 0, 121.51
2026/09/11 15:34:31.263, 3, 86775, 97871, 0, 121.97
2026/09/11 15:34:31.463, 0, 87931, 97871, 0, 120.47
2026/09/11 15:34:31.463, 1, 87785, 97871, 0, 124.26
2026/09/11 15:34:31.463, 2, 86747, 97871, 0, 121.50
2026/09/11 15:34:31.463, 3, 86775, 97871, 0, 121.92
2026/09/11 15:34:31.663, 0, 87931, 97871, 0, 120.45
2026/09/11 15:34:31.663, 1, 87785, 97871, 0, 124.27
2026/09/11 15:34:31.663, 2, 86747, 97871, 0, 121.46
2026/09/11 15:34:31.663, 3, 86775, 97871, 0, 121.89
2026/09/11 15:34:31.863, 0, 87931, 97871, 0, 120.46
2026/09/11 15:34:31.863, 1, 87785, 97871, 0, 124.28
2026/09/11 15:34:31.863, 2, 86747, 97871, 0, 121.42
2026/09/11 15:34:31.863, 3, 86775, 97871, 0, 121.97
2026/09/11 15:34:32.064, 0, 87931, 97871, 0, 120.44
2026/09/11 15:34:32.064, 1, 87785, 97871, 0, 124.26
2026/09/11 15:34:32.064, 2, 86747, 97871, 0, 121.38
2026/09/11 15:34:32.064, 3, 86775, 97871, 0, 121.96
2026/09/11 15:34:32.264, 0, 87931, 97871, 0, 120.43
2026/09/11 15:34:32.264, 1, 87785, 97871, 0, 124.23
2026/09/11 15:34:32.264, 2, 86747, 97871, 0, 121.38
2026/09/11 15:34:32.264, 3, 86775, 97871, 0, 121.88
2026/09/11 15:34:32.464, 0, 87931, 97871, 0, 120.40
2026/09/11 15:34:32.464, 1, 87785, 97871, 0, 124.22
2026/09/11 15:34:32.464, 2, 86747, 97871, 0, 121.39
2026/09/11 15:34:32.464, 3, 86775, 97871, 0, 121.93
2026/09/11 15:34:32.664, 0, 87931, 97871, 0, 120.41
2026/09/11 15:34:32.664, 1, 87785, 97871, 0, 124.20
2026/09/11 15:34:32.664, 2, 86747, 97871, 0, 121.38
2026/09/11 15:34:32.664, 3, 86775, 97871, 0, 121.95
2026/09/11 15:34:32.864, 0, 87931, 97871, 0, 120.36
2026/09/11 15:34:32.865, 1, 87785, 97871, 0, 124.16
2026/09/11 15:34:32.865, 2, 86747, 97871, 0, 121.41
2026/09/11 15:34:32.865, 3, 86775, 97871, 0, 121.88
2026/09/11 15:34:33.065, 0, 87931, 97871, 0, 120.34
2026/09/11 15:34:33.065, 1, 87785, 97871, 0, 124.14
2026/09/11 15:34:33.065, 2, 86747, 97871, 0, 121.40
2026/09/11 15:34:33.065, 3, 86775, 97871, 0, 121.85
2026/09/11 15:34:33.265, 0, 87931, 97871, 0, 120.34
2026/09/11 15:34:33.265, 1, 87785, 97871, 0, 124.13
2026/09/11 15:34:33.265, 2, 86747, 97871, 0, 121.37
2026/09/11 15:34:33.265, 3, 86775, 97871, 0, 121.90
2026/09/11 15:34:33.465, 0, 87931, 97871, 20, 121.17
2026/09/11 15:34:33.465, 1, 87785, 97871, 0, 124.47
2026/09/11 15:34:33.465, 2, 86747, 97871, 0, 121.64
2026/09/11 15:34:33.465, 3, 86775, 97871, 0, 122.19
2026/09/11 15:34:33.665, 0, 87931, 97871, 100, 121.80
2026/09/11 15:34:33.665, 1, 87785, 97871, 0, 124.46
2026/09/11 15:34:33.665, 2, 86747, 97871, 0, 121.63
2026/09/11 15:34:33.665, 3, 86775, 97871, 0, 122.08
2026/09/11 15:34:33.866, 0, 87931, 97871, 100, 122.45
2026/09/11 15:34:33.866, 1, 87785, 97871, 0, 124.47
2026/09/11 15:34:33.866, 2, 86747, 97871, 0, 121.61
2026/09/11 15:34:33.866, 3, 86775, 97871, 0, 122.14
2026/09/11 15:34:34.066, 0, 87931, 97871, 100, 123.07
2026/09/11 15:34:34.066, 1, 87785, 97871, 0, 124.45
2026/09/11 15:34:34.066, 2, 86747, 97871, 0, 121.59
2026/09/11 15:34:34.066, 3, 86775, 97871, 0, 122.17
2026/09/11 15:34:34.266, 0, 87931, 97871, 100, 123.71
2026/09/11 15:34:34.266, 1, 87785, 97871, 0, 124.46
2026/09/11 15:34:34.266, 2, 86747, 97871, 0, 121.61
2026/09/11 15:34:34.266, 3, 86775, 97871, 0, 122.09
2026/09/11 15:34:34.466, 0, 87931, 97871, 100, 123.49
2026/09/11 15:34:34.466, 1, 87785, 97871, 0, 124.12
2026/09/11 15:34:34.466, 2, 86747, 97871, 0, 121.31
2026/09/11 15:34:34.466, 3, 86775, 97871, 0, 121.76
2026/09/11 15:34:34.667, 0, 87931, 97871, 100, 123.90
2026/09/11 15:34:34.667, 1, 87785, 97871, 0, 124.43
2026/09/11 15:34:34.667, 2, 86747, 97871, 14, 122.44
2026/09/11 15:34:34.667, 3, 86775, 97871, 0, 122.13
2026/09/11 15:34:34.867, 0, 87931, 97871, 100, 123.89
2026/09/11 15:34:34.867, 1, 87785, 97871, 0, 124.42
2026/09/11 15:34:34.867, 2, 86747, 97871, 100, 123.10
2026/09/11 15:34:34.867, 3, 86775, 97871, 0, 122.12
2026/09/11 15:34:35.067, 0, 87931, 97871, 100, 123.88
2026/09/11 15:34:35.067, 1, 87785, 97871, 0, 124.42
2026/09/11 15:34:35.067, 2, 86747, 97871, 100, 123.74
2026/09/11 15:34:35.067, 3, 86775, 97871, 0, 122.05
2026/09/11 15:34:35.267, 0, 87931, 97871, 100, 123.85
2026/09/11 15:34:35.267, 1, 87785, 97871, 0, 124.40
2026/09/11 15:34:35.267, 2, 86747, 97871, 100, 124.36
2026/09/11 15:34:35.267, 3, 86775, 97871, 0, 122.07
2026/09/11 15:34:35.467, 0, 87931, 97871, 100, 123.88
2026/09/11 15:34:35.468, 1, 87785, 97871, 0, 124.39
2026/09/11 15:34:35.468, 2, 86747, 97871, 100, 124.98
2026/09/11 15:34:35.468, 3, 86775, 97871, 0, 122.11
2026/09/11 15:34:35.668, 0, 87931, 97871, 100, 123.42
2026/09/11 15:34:35.668, 1, 87785, 97871, 0, 124.07
2026/09/11 15:34:35.668, 2, 86747, 97871, 100, 124.44
2026/09/11 15:34:35.668, 3, 86775, 97871, 0, 121.76
2026/09/11 15:34:35.868, 0, 87931, 97871, 100, 123.81
2026/09/11 15:34:35.868, 1, 87785, 97871, 5, 125.18
2026/09/11 15:34:35.868, 2, 86747, 97871, 100, 124.71
2026/09/11 15:34:35.868, 3, 86775, 97871, 0, 121.98
2026/09/11 15:34:36.068, 0, 87931, 97871, 100, 123.81
2026/09/11 15:34:36.068, 1, 87785, 97871, 100, 125.85
2026/09/11 15:34:36.068, 2, 86747, 97871, 100, 124.67
2026/09/11 15:34:36.068, 3, 86775, 97871, 0, 122.08
2026/09/11 15:34:36.268, 0, 87931, 97871, 100, 123.78
2026/09/11 15:34:36.268, 1, 87785, 97871, 100, 126.42
2026/09/11 15:34:36.268, 2, 86747, 97871, 100, 124.63
2026/09/11 15:34:36.268, 3, 86775, 97871, 0, 122.10
2026/09/11 15:34:36.469, 0, 87931, 97871, 100, 123.75
2026/09/11 15:34:36.469, 1, 87785, 97871, 100, 127.06
2026/09/11 15:34:36.469, 2, 86747, 97871, 100, 124.61
2026/09/11 15:34:36.469, 3, 86775, 97871, 0, 122.04
2026/09/11 15:34:36.669, 0, 87931, 97871, 100, 123.74
2026/09/11 15:34:36.669, 1, 87785, 97871, 100, 127.75
2026/09/11 15:34:36.669, 2, 86747, 97871, 100, 124.60
2026/09/11 15:34:36.669, 3, 86775, 97871, 0, 122.07
2026/09/11 15:34:36.869, 0, 87931, 97871, 100, 123.33
2026/09/11 15:34:36.869, 1, 87785, 97871, 100, 127.30
2026/09/11 15:34:36.869, 2, 86747, 97871, 100, 124.29
2026/09/11 15:34:36.869, 3, 86775, 97871, 0, 121.86
2026/09/11 15:34:37.069, 0, 87931, 97871, 100, 127.34
2026/09/11 15:34:37.069, 1, 87785, 97871, 100, 132.47
2026/09/11 15:34:37.069, 2, 86747, 97871, 100, 128.60
2026/09/11 15:34:37.069, 3, 86775, 97871, 3, 122.99
2026/09/11 15:34:37.269, 0, 87931, 97871, 80, 130.55
2026/09/11 15:34:37.269, 1, 87785, 97871, 7, 134.33
2026/09/11 15:34:37.269, 2, 86747, 97871, 89, 131.40
2026/09/11 15:34:37.270, 3, 86775, 97871, 0, 129.48
2026/09/11 15:34:37.470, 0, 87931, 97871, 0, 130.08
2026/09/11 15:34:37.470, 1, 87785, 97871, 0, 133.71
2026/09/11 15:34:37.470, 2, 86747, 97871, 0, 130.85
2026/09/11 15:34:37.470, 3, 86775, 97871, 0, 129.57
2026/09/11 15:34:37.670, 0, 87931, 97871, 0, 129.48
2026/09/11 15:34:37.670, 1, 87785, 97871, 0, 133.07
2026/09/11 15:34:37.670, 2, 86747, 97871, 0, 130.12
2026/09/11 15:34:37.670, 3, 86775, 97871, 0, 129.75
2026/09/11 15:34:37.870, 0, 87931, 97871, 0, 128.87
2026/09/11 15:34:37.870, 1, 87785, 97871, 0, 132.32
2026/09/11 15:34:37.870, 2, 86747, 97871, 0, 129.54
2026/09/11 15:34:37.870, 3, 86775, 97871, 0, 129.55
2026/09/11 15:34:38.070, 0, 87931, 97871, 0, 125.52
2026/09/11 15:34:38.070, 1, 87785, 97871, 0, 126.50
2026/09/11 15:34:38.070, 2, 86747, 97871, 0, 125.87
2026/09/11 15:34:38.070, 3, 86775, 97871, 0, 127.28
2026/09/11 15:34:38.270, 0, 87931, 97871, 0, 120.26
2026/09/11 15:34:38.271, 1, 87785, 97871, 0, 124.07
2026/09/11 15:34:38.271, 2, 86747, 97871, 0, 121.32
2026/09/11 15:34:38.271, 3, 86775, 97871, 0, 121.83
2026/09/11 15:34:38.471, 0, 87931, 97871, 0, 120.25
2026/09/11 15:34:38.471, 1, 87785, 97871, 0, 124.02
2026/09/11 15:34:38.471, 2, 86747, 97871, 0, 121.26
2026/09/11 15:34:38.471, 3, 86775, 97871, 0, 121.83
2026/09/11 15:34:38.671, 0, 87931, 97871, 0, 120.22
2026/09/11 15:34:38.671, 1, 87785, 97871, 0, 124.00
2026/09/11 15:34:38.671, 2, 86747, 97871, 0, 121.23
2026/09/11 15:34:38.671, 3, 86775, 97871, 0, 121.77
2026/09/11 15:34:38.871, 0, 87931, 97871, 0, 120.24
2026/09/11 15:34:38.871, 1, 87785, 97871, 0, 124.00
2026/09/11 15:34:38.871, 2, 86747, 97871, 0, 121.24
2026/09/11 15:34:38.871, 3, 86775, 97871, 0, 121.77
2026/09/11 15:34:39.071, 0, 87931, 97871, 0, 120.23
2026/09/11 15:34:39.071, 1, 87785, 97871, 0, 124.00
2026/09/11 15:34:39.071, 2, 86747, 97871, 0, 121.23
2026/09/11 15:34:39.071, 3, 86775, 97871, 0, 121.82
2026/09/11 15:34:39.272, 0, 87931, 97871, 0, 120.21
2026/09/11 15:34:39.272, 1, 87785, 97871, 0, 124.00
2026/09/11 15:34:39.272, 2, 86747, 97871, 0, 121.25
2026/09/11 15:34:39.272, 3, 86775, 97871, 0, 121.82
2026/09/11 15:34:39.472, 0, 87931, 97871, 0, 120.18
2026/09/11 15:34:39.472, 1, 87785, 97871, 0, 123.98
2026/09/11 15:34:39.472, 2, 86747, 97871, 0, 121.27
2026/09/11 15:34:39.472, 3, 86775, 97871, 0, 121.72
2026/09/11 15:34:39.672, 0, 87933, 97871, 0, 123.45
2026/09/11 15:34:39.672, 1, 87787, 97871, 3, 126.31
2026/09/11 15:34:39.672, 2, 86749, 97871, 0, 124.89
2026/09/11 15:34:39.672, 3, 86777, 97871, 3, 121.88
2026/09/11 15:34:39.873, 0, 88509, 97871, 54, 162.22
2026/09/11 15:34:39.873, 1, 88363, 97871, 68, 174.49
2026/09/11 15:34:39.873, 2, 87325, 97871, 55, 165.81
2026/09/11 15:34:39.873, 3, 87353, 97871, 91, 157.29
2026/09/11 15:34:40.073, 0, 93337, 97871, 100, 216.78
2026/09/11 15:34:40.073, 1, 93191, 97871, 100, 231.39
2026/09/11 15:34:40.073, 2, 92153, 97871, 100, 221.57
2026/09/11 15:34:40.073, 3, 92181, 97871, 100, 214.11
2026/09/11 15:34:40.273, 0, 93337, 97871, 100, 271.37
2026/09/11 15:34:40.273, 1, 93191, 97871, 100, 286.99
2026/09/11 15:34:40.273, 2, 92153, 97871, 100, 277.45
2026/09/11 15:34:40.273, 3, 92181, 97871, 100, 273.89
2026/09/11 15:34:40.473, 0, 93337, 97871, 100, 325.32
2026/09/11 15:34:40.473, 1, 93191, 97871, 100, 347.19
2026/09/11 15:34:40.473, 2, 92153, 97871, 100, 332.10
2026/09/11 15:34:40.473, 3, 92181, 97871, 100, 325.66
2026/09/11 15:34:40.673, 0, 93337, 97871, 100, 380.36
2026/09/11 15:34:40.673, 1, 93191, 97871, 100, 401.64
2026/09/11 15:34:40.673, 2, 92153, 97871, 100, 379.30
2026/09/11 15:34:40.673, 3, 92181, 97871, 100, 386.77
2026/09/11 15:34:40.873, 0, 93337, 97871, 100, 397.40
2026/09/11 15:34:40.874, 1, 93191, 97871, 100, 412.54
2026/09/11 15:34:40.874, 2, 92153, 97871, 100, 397.07
2026/09/11 15:34:40.874, 3, 92181, 97871, 100, 407.21
2026/09/11 15:34:41.074, 0, 93337, 97871, 100, 397.29
2026/09/11 15:34:41.074, 1, 93191, 97871, 100, 412.61
2026/09/11 15:34:41.074, 2, 92153, 97871, 100, 397.11
2026/09/11 15:34:41.074, 3, 92181, 97871, 100, 406.20
2026/09/11 15:34:41.274, 0, 93337, 97871, 100, 395.33
2026/09/11 15:34:41.274, 1, 93191, 97871, 100, 410.92
2026/09/11 15:34:41.274, 2, 92153, 97871, 100, 394.19
2026/09/11 15:34:41.274, 3, 92181, 97871, 100, 403.60
2026/09/11 15:34:41.474, 0, 93337, 97871, 100, 396.28
2026/09/11 15:34:41.474, 1, 93191, 97871, 100, 409.86
2026/09/11 15:34:41.474, 2, 92153, 97871, 100, 393.77
2026/09/11 15:34:41.474, 3, 92181, 97871, 100, 405.07
2026/09/11 15:34:41.674, 0, 93337, 97871, 100, 397.09
2026/09/11 15:34:41.674, 1, 93191, 97871, 100, 410.61
2026/09/11 15:34:41.674, 2, 92153, 97871, 100, 393.23
2026/09/11 15:34:41.674, 3, 92181, 97871, 100, 405.25
2026/09/11 15:34:41.874, 0, 93337, 97871, 100, 396.16
2026/09/11 15:34:41.874, 1, 93191, 97871, 100, 409.41
2026/09/11 15:34:41.874, 2, 92153, 97871, 100, 392.63
2026/09/11 15:34:41.874, 3, 92181, 97871, 100, 405.27
2026/09/11 15:34:42.074, 0, 93337, 97871, 100, 394.63
2026/09/11 15:34:42.074, 1, 93191, 97871, 100, 408.80
2026/09/11 15:34:42.074, 2, 92153, 97871, 100, 390.98
2026/09/11 15:34:42.074, 3, 92181, 97871, 100, 404.41
2026/09/11 15:34:42.275, 0, 93337, 97871, 100, 396.85
2026/09/11 15:34:42.275, 1, 93191, 97871, 100, 408.38
2026/09/11 15:34:42.275, 2, 92153, 97871, 100, 390.92
2026/09/11 15:34:42.275, 3, 92181, 97871, 100, 404.48
2026/09/11 15:34:42.475, 0, 93337, 97871, 100, 394.90
2026/09/11 15:34:42.475, 1, 93191, 97871, 100, 413.29
2026/09/11 15:34:42.475, 2, 92153, 97871, 100, 389.25
2026/09/11 15:34:42.475, 3, 92181, 97871, 100, 402.65
2026/09/11 15:34:42.675, 0, 93337, 97871, 100, 394.29
2026/09/11 15:34:42.675, 1, 93191, 97871, 100, 412.61
2026/09/11 15:34:42.675, 2, 92153, 97871, 100, 388.49
2026/09/11 15:34:42.675, 3, 92181, 97871, 100, 400.64
2026/09/11 15:34:42.875, 0, 93337, 97871, 100, 394.10
2026/09/11 15:34:42.875, 1, 93191, 97871, 100, 410.84
2026/09/11 15:34:42.875, 2, 92153, 97871, 100, 391.36
2026/09/11 15:34:42.875, 3, 92181, 97871, 100, 400.28
2026/09/11 15:34:43.075, 0, 93337, 97871, 100, 394.15
2026/09/11 15:34:43.075, 1, 93191, 97871, 100, 412.89
2026/09/11 15:34:43.075, 2, 92153, 97871, 100, 392.07
2026/09/11 15:34:43.075, 3, 92181, 97871, 100, 397.19
2026/09/11 15:34:43.275, 0, 93337, 97871, 83, 352.06
2026/09/11 15:34:43.276, 1, 93191, 97871, 20, 364.52
2026/09/11 15:34:43.276, 2, 92153, 97871, 93, 348.94
2026/09/11 15:34:43.276, 3, 92181, 97871, 0, 360.44
2026/09/11 15:34:43.476, 0, 93337, 97871, 0, 296.84
2026/09/11 15:34:43.476, 1, 93191, 97871, 0, 305.87
2026/09/11 15:34:43.476, 2, 92153, 97871, 0, 298.80
2026/09/11 15:34:43.476, 3, 92181, 97871, 0, 307.70
2026/09/11 15:34:43.676, 0, 93337, 97871, 0, 246.11
2026/09/11 15:34:43.676, 1, 93191, 97871, 0, 250.29
2026/09/11 15:34:43.676, 2, 92153, 97871, 0, 243.14
2026/09/11 15:34:43.676, 3, 92181, 97871, 0, 254.04
2026/09/11 15:34:43.876, 0, 93337, 97871, 0, 187.94
2026/09/11 15:34:43.876, 1, 93191, 97871, 0, 191.27
2026/09/11 15:34:43.876, 2, 92153, 97871, 0, 191.50
2026/09/11 15:34:43.876, 3, 92181, 97871, 0, 198.56
2026/09/11 15:34:44.077, 0, 93337, 97871, 0, 133.94
2026/09/11 15:34:44.077, 1, 93191, 97871, 0, 132.96
2026/09/11 15:34:44.077, 2, 92153, 97871, 0, 136.98
2026/09/11 15:34:44.077, 3, 92181, 97871, 0, 141.67
2026/09/11 15:34:44.277, 0, 93337, 97871, 0, 121.10
2026/09/11 15:34:44.277, 1, 93191, 97871, 0, 125.79
2026/09/11 15:34:44.277, 2, 92153, 97871, 0, 122.87
2026/09/11 15:34:44.277, 3, 92181, 97871, 0, 122.83
2026/09/11 15:34:44.477, 0, 93337, 97871, 0, 120.93
2026/09/11 15:34:44.477, 1, 93191, 97871, 0, 125.60
2026/09/11 15:34:44.477, 2, 92153, 97871, 0, 122.60
2026/09/11 15:34:44.477, 3, 92181, 97871, 0, 122.63
2026/09/11 15:34:44.677, 0, 93337, 97871, 0, 120.83
2026/09/11 15:34:44.678, 1, 93191, 97871, 0, 125.46
2026/09/11 15:34:44.678, 2, 92153, 97871, 0, 122.35
2026/09/11 15:34:44.678, 3, 92181, 97871, 0, 122.59
2026/09/11 15:34:44.878, 0, 93337, 97871, 0, 120.77
2026/09/11 15:34:44.878, 1, 93191, 97871, 0, 125.37
2026/09/11 15:34:44.878, 2, 92153, 97871, 0, 122.22
2026/09/11 15:34:44.878, 3, 92181, 97871, 0, 122.53
2026/09/11 15:34:45.078, 0, 93337, 97871, 0, 120.71
2026/09/11 15:34:45.078, 1, 93191, 97871, 0, 125.28
2026/09/11 15:34:45.078, 2, 92153, 97871, 0, 122.14
2026/09/11 15:34:45.078, 3, 92181, 97871, 0, 122.40
2026/09/11 15:34:45.278, 0, 93337, 97871, 0, 120.71
2026/09/11 15:34:45.278, 1, 93191, 97871, 0, 125.22
2026/09/11 15:34:45.278, 2, 92153, 97871, 0, 122.07
2026/09/11 15:34:45.278, 3, 92181, 97871, 0, 122.39
2026/09/11 15:34:45.478, 0, 93337, 97871, 0, 120.66
2026/09/11 15:34:45.478, 1, 93191, 97871, 0, 125.17
2026/09/11 15:34:45.478, 2, 92153, 97871, 0, 122.02
2026/09/11 15:34:45.478, 3, 92181, 97871, 0, 122.39
2026/09/11 15:34:45.678, 0, 93337, 97871, 0, 120.61
2026/09/11 15:34:45.679, 1, 93191, 97871, 0, 125.04
2026/09/11 15:34:45.679, 2, 92153, 97871, 0, 121.99
2026/09/11 15:34:45.679, 3, 92181, 97871, 0, 122.31
2026/09/11 15:34:45.879, 0, 93337, 97871, 0, 120.59
2026/09/11 15:34:45.879, 1, 93191, 97871, 0, 124.94
2026/09/11 15:34:45.879, 2, 92153, 97871, 0, 121.95
2026/09/11 15:34:45.879, 3, 92181, 97871, 0, 122.23
2026/09/11 15:34:46.079, 0, 93337, 97871, 0, 120.56
2026/09/11 15:34:46.079, 1, 93191, 97871, 0, 124.82
2026/09/11 15:34:46.079, 2, 92153, 97871, 0, 121.94
2026/09/11 15:34:46.079, 3, 92181, 97871, 0, 122.27
2026/09/11 15:34:46.279, 0, 93337, 97871, 0, 120.53
2026/09/11 15:34:46.279, 1, 93191, 97871, 0, 124.74
2026/09/11 15:34:46.279, 2, 92153, 97871, 0, 121.92
2026/09/11 15:34:46.279, 3, 92181, 97871, 0, 122.25
2026/09/11 15:34:46.479, 0, 93337, 97871, 0, 120.50
2026/09/11 15:34:46.479, 1, 93191, 97871, 0, 124.65
2026/09/11 15:34:46.479, 2, 92153, 97871, 0, 121.91
2026/09/11 15:34:46.479, 3, 92181, 97871, 0, 122.13
2026/09/11 15:34:46.679, 0, 93337, 97871, 0, 120.48
2026/09/11 15:34:46.680, 1, 93191, 97871, 0, 124.63
2026/09/11 15:34:46.680, 2, 92153, 97871, 0, 121.89
2026/09/11 15:34:46.680, 3, 92181, 97871, 0, 122.15
2026/09/11 15:34:46.880, 0, 93337, 97871, 0, 120.59
2026/09/11 15:34:46.880, 1, 93191, 97871, 0, 124.59
2026/09/11 15:34:46.880, 2, 92153, 97871, 0, 121.89
2026/09/11 15:34:46.880, 3, 92181, 97871, 0, 122.18
2026/09/11 15:34:47.080, 0, 93337, 97871, 0, 120.68
2026/09/11 15:34:47.080, 1, 93191, 97871, 0, 124.56
2026/09/11 15:34:47.080, 2, 92153, 97871, 0, 121.87
2026/09/11 15:34:47.080, 3, 92181, 97871, 0, 122.14
2026/09/11 15:34:47.280, 0, 93337, 97871, 0, 120.73
2026/09/11 15:34:47.280, 1, 93191, 97871, 0, 124.54
2026/09/11 15:34:47.280, 2, 92153, 97871, 0, 121.84
2026/09/11 15:34:47.280, 3, 92181, 97871, 0, 122.07
2026/09/11 15:34:47.480, 0, 93337, 97871, 0, 120.83
2026/09/11 15:34:47.480, 1, 93191, 97871, 0, 124.52
2026/09/11 15:34:47.480, 2, 92153, 97871, 0, 121.83
2026/09/11 15:34:47.480, 3, 92181, 97871, 0, 122.13
2026/09/11 15:34:47.681, 0, 93337, 97871, 0, 120.96
2026/09/11 15:34:47.681, 1, 93191, 97871, 0, 124.52
2026/09/11 15:34:47.681, 2, 92153, 97871, 0, 121.78
2026/09/11 15:34:47.681, 3, 92181, 97871, 0, 122.11
2026/09/11 15:34:47.881, 0, 93337, 97871, 0, 120.93
2026/09/11 15:34:47.881, 1, 93191, 97871, 0, 124.52
2026/09/11 15:34:47.881, 2, 92153, 97871, 0, 121.75
2026/09/11 15:34:47.881, 3, 92181, 97871, 0, 122.02
2026/09/11 15:34:48.081, 0, 93337, 97871, 0, 120.92
2026/09/11 15:34:48.081, 1, 93191, 97871, 0, 124.52
2026/09/11 15:34:48.081, 2, 92153, 97871, 0, 121.71
2026/09/11 15:34:48.081, 3, 92181, 97871, 0, 122.03
2026/09/11 15:34:48.281, 0, 93337, 97871, 0, 120.91
2026/09/11 15:34:48.281, 1, 93191, 97871, 0, 124.50
2026/09/11 15:34:48.281, 2, 92153, 97871, 0, 121.69
2026/09/11 15:34:48.281, 3, 92181, 97871, 0, 122.06
2026/09/11 15:34:48.481, 0, 93337, 97871, 0, 123.79
2026/09/11 15:34:48.482, 1, 93191, 97871, 0, 128.90
2026/09/11 15:34:48.482, 2, 92153, 97871, 0, 125.23
2026/09/11 15:34:48.482, 3, 92181, 97871, 4, 124.02
2026/09/11 15:34:48.682, 0, 93337, 97871, 79, 126.74
2026/09/11 15:34:48.682, 1, 93191, 97871, 17, 131.26
2026/09/11 15:34:48.682, 2, 92153, 97871, 86, 127.93
2026/09/11 15:34:48.682, 3, 92181, 97871, 0, 128.27
2026/09/11 15:34:48.882, 0, 93337, 97871, 0, 146.09
2026/09/11 15:34:48.882, 1, 93193, 97871, 12, 156.61
2026/09/11 15:34:48.882, 2, 92155, 97871, 0, 149.21
2026/09/11 15:34:48.882, 3, 92183, 97871, 40, 142.09
2026/09/11 15:34:49.082, 0, 93337, 97871, 95, 188.45
2026/09/11 15:34:49.082, 1, 93193, 97871, 100, 194.79
2026/09/11 15:34:49.083, 2, 92155, 97871, 95, 190.18
2026/09/11 15:34:49.083, 3, 92183, 97871, 100, 189.13
2026/09/11 15:34:49.283, 0, 93337, 97871, 18, 189.46
2026/09/11 15:34:49.283, 1, 93193, 97871, 0, 195.18
2026/09/11 15:34:49.283, 2, 92155, 97871, 29, 189.59
2026/09/11 15:34:49.283, 3, 92183, 97871, 0, 193.01
2026/09/11 15:34:49.483, 0, 93337, 97871, 0, 187.86
2026/09/11 15:34:49.483, 1, 93193, 97871, 0, 192.17
2026/09/11 15:34:49.483, 2, 92155, 97871, 0, 187.39
2026/09/11 15:34:49.483, 3, 92183, 97871, 0, 190.49
2026/09/11 15:34:49.683, 0, 93337, 97871, 0, 184.78
2026/09/11 15:34:49.683, 1, 93193, 97871, 0, 189.91
2026/09/11 15:34:49.683, 2, 92155, 97871, 0, 184.82
2026/09/11 15:34:49.683, 3, 92183, 97871, 0, 185.60
2026/09/11 15:34:49.883, 0, 93337, 97871, 0, 169.01
2026/09/11 15:34:49.884, 1, 93193, 97871, 0, 168.90
2026/09/11 15:34:49.884, 2, 92155, 97871, 0, 163.04
2026/09/11 15:34:49.884, 3, 92183, 97871, 0, 172.71
2026/09/11 15:34:50.084, 0, 93337, 97871, 0, 121.67
2026/09/11 15:34:50.084, 1, 93193, 97871, 0, 125.68
2026/09/11 15:34:50.084, 2, 92155, 97871, 0, 123.48
2026/09/11 15:34:50.084, 3, 92183, 97871, 0, 124.68
2026/09/11 15:34:50.284, 0, 93337, 97871, 0, 120.58
2026/09/11 15:34:50.284, 1, 93193, 97871, 0, 124.59
2026/09/11 15:34:50.284, 2, 92155, 97871, 0, 121.90
2026/09/11 15:34:50.284, 3, 92183, 97871, 0, 122.15
2026/09/11 15:34:50.484, 0, 93339, 97871, 26, 159.68
2026/09/11 15:34:50.484, 1, 93193, 97871, 88, 169.55
2026/09/11 15:34:50.484, 2, 92155, 97871, 10, 162.64
2026/09/11 15:34:50.484, 3, 92183, 97871, 95, 154.51
2026/09/11 15:34:50.684, 0, 93339, 97871, 100, 210.70
2026/09/11 15:34:50.684, 1, 93193, 97871, 98, 220.42
2026/09/11 15:34:50.684, 2, 92155, 97871, 100, 211.57
2026/09/11 15:34:50.684, 3, 92183, 97871, 98, 208.72
2026/09/11 15:34:50.885, 0, 93339, 97871, 100, 264.37
2026/09/11 15:34:50.885, 1, 93193, 97871, 100, 280.78
2026/09/11 15:34:50.885, 2, 92155, 97871, 100, 262.92
2026/09/11 15:34:50.885, 3, 92183, 97871, 100, 261.46
2026/09/11 15:34:51.085, 0, 93339, 97871, 100, 323.33
2026/09/11 15:34:51.085, 1, 93193, 97871, 100, 335.52
2026/09/11 15:34:51.085, 2, 92155, 97871, 100, 318.73
2026/09/11 15:34:51.085, 3, 92183, 97871, 100, 315.18
2026/09/11 15:34:51.285, 0, 93339, 97871, 100, 376.38
2026/09/11 15:34:51.285, 1, 93193, 97871, 100, 391.67
2026/09/11 15:34:51.285, 2, 92155, 97871, 100, 373.00
2026/09/11 15:34:51.285, 3, 92183, 97871, 100, 371.98
2026/09/11 15:34:51.485, 0, 93339, 97871, 100, 359.75
2026/09/11 15:34:51.485, 1, 93193, 97871, 57, 362.69
2026/09/11 15:34:51.485, 2, 92155, 97871, 100, 350.91
2026/09/11 15:34:51.485, 3, 92183, 97871, 24, 369.99
2026/09/11 15:34:51.685, 0, 93339, 97871, 0, 307.91
2026/09/11 15:34:51.685, 1, 93193, 97871, 0, 308.26
2026/09/11 15:34:51.686, 2, 92155, 97871, 0, 300.54
2026/09/11 15:34:51.686, 3, 92183, 97871, 0, 315.97
2026/09/11 15:34:51.886, 0, 93339, 97871, 0, 251.82
2026/09/11 15:34:51.886, 1, 93193, 97871, 0, 255.46
2026/09/11 15:34:51.886, 2, 92155, 97871, 0, 250.85
2026/09/11 15:34:51.886, 3, 92183, 97871, 0, 263.27
2026/09/11 15:34:52.086, 0, 93339, 97871, 38, 237.57
2026/09/11 15:34:52.086, 1, 93193, 97871, 93, 249.78
2026/09/11 15:34:52.086, 2, 92155, 97871, 27, 242.71
2026/09/11 15:34:52.086, 3, 92183, 97871, 97, 246.08
2026/09/11 15:34:52.286, 0, 93339, 97871, 100, 233.37
2026/09/11 15:34:52.286, 1, 93193, 97871, 100, 235.73
2026/09/11 15:34:52.286, 2, 92155, 97871, 100, 231.86
2026/09/11 15:34:52.286, 3, 92183, 97871, 100, 244.04
2026/09/11 15:34:52.486, 0, 93339, 97871, 18, 210.20
2026/09/11 15:34:52.486, 1, 93193, 97871, 0, 216.34
2026/09/11 15:34:52.487, 2, 92155, 97871, 30, 210.66
2026/09/11 15:34:52.487, 3, 92183, 97871, 0, 211.39
2026/09/11 15:34:52.687, 0, 93339, 97871, 0, 208.34
2026/09/11 15:34:52.687, 1, 93193, 97871, 0, 215.03
2026/09/11 15:34:52.687, 2, 92155, 97871, 0, 208.80
2026/09/11 15:34:52.687, 3, 92183, 97871, 0, 213.04
2026/09/11 15:34:52.887, 0, 93339, 97871, 0, 208.18
2026/09/11 15:34:52.887, 1, 93193, 97871, 0, 214.48
2026/09/11 15:34:52.887, 2, 92155, 97871, 0, 208.68
2026/09/11 15:34:52.887, 3, 92183, 97871, 0, 212.93
2026/09/11 15:34:53.087, 0, 93339, 97871, 0, 172.60
2026/09/11 15:34:53.087, 1, 93193, 97871, 0, 167.32
2026/09/11 15:34:53.087, 2, 92155, 97871, 0, 169.74
2026/09/11 15:34:53.087, 3, 92183, 97871, 0, 180.11
2026/09/11 15:34:53.287, 0, 93339, 97871, 0, 122.12
2026/09/11 15:34:53.288, 1, 93193, 97871, 0, 125.86
2026/09/11 15:34:53.288, 2, 92155, 97871, 0, 123.05
2026/09/11 15:34:53.288, 3, 92183, 97871, 0, 125.18
2026/09/11 15:34:53.488, 0, 93339, 97871, 0, 120.86
2026/09/11 15:34:53.488, 1, 93193, 97871, 0, 125.31
2026/09/11 15:34:53.488, 2, 92155, 97871, 0, 122.39
2026/09/11 15:34:53.488, 3, 92183, 97871, 0, 122.46
2026/09/11 15:34:53.688, 0, 93339, 97871, 0, 120.72
2026/09/11 15:34:53.688, 1, 93193, 97871, 0, 125.10
2026/09/11 15:34:53.688, 2, 92155, 97871, 0, 122.23
2026/09/11 15:34:53.688, 3, 92183, 97871, 0, 122.37
2026/09/11 15:34:53.888, 0, 93339, 97871, 0, 120.70
2026/09/11 15:34:53.888, 1, 93193, 97871, 0, 124.94
2026/09/11 15:34:53.888, 2, 92155, 97871, 0, 122.16
2026/09/11 15:34:53.888, 3, 92183, 97871, 0, 122.37
2026/09/11 15:34:54.088, 0, 93339, 97871, 0, 120.67
2026/09/11 15:34:54.088, 1, 93193, 97871, 0, 124.82
2026/09/11 15:34:54.089, 2, 92155, 97871, 0, 122.13
2026/09/11 15:34:54.089, 3, 92183, 97871, 0, 122.30
2026/09/11 15:34:54.289, 0, 93339, 97871, 0, 120.64
2026/09/11 15:34:54.289, 1, 93193, 97871, 0, 124.73
2026/09/11 15:34:54.289, 2, 92155, 97871, 0, 122.10
2026/09/11 15:34:54.289, 3, 92183, 97871, 0, 122.19
2026/09/11 15:34:54.489, 0, 93339, 97871, 0, 120.63
2026/09/11 15:34:54.489, 1, 93193, 97871, 0, 124.72
2026/09/11 15:34:54.489, 2, 92155, 97871, 0, 122.07
2026/09/11 15:34:54.489, 3, 92183, 97871, 0, 122.23
2026/09/11 15:34:54.689, 0, 93339, 97871, 0, 120.62
2026/09/11 15:34:54.689, 1, 93193, 97871, 0, 124.71
2026/09/11 15:34:54.689, 2, 92155, 97871, 0, 122.00
2026/09/11 15:34:54.689, 3, 92183, 97871, 0, 122.23
2026/09/11 15:34:54.889, 0, 93339, 97871, 0, 120.61
2026/09/11 15:34:54.889, 1, 93193, 97871, 0, 124.68
2026/09/11 15:34:54.889, 2, 92155, 97871, 0, 121.94
2026/09/11 15:34:54.889, 3, 92183, 97871, 0, 122.15
2026/09/11 15:34:55.089, 0, 93339, 97871, 0, 120.57
2026/09/11 15:34:55.089, 1, 93193, 97871, 0, 124.65
2026/09/11 15:34:55.089, 2, 92155, 97871, 0, 121.88
2026/09/11 15:34:55.089, 3, 92183, 97871, 0, 122.17
2026/09/11 15:34:55.290, 0, 93339, 97871, 0, 120.52
2026/09/11 15:34:55.290, 1, 93193, 97871, 0, 124.65
2026/09/11 15:34:55.290, 2, 92155, 97871, 0, 121.82
2026/09/11 15:34:55.290, 3, 92183, 97871, 0, 122.21
2026/09/11 15:34:55.490, 0, 93339, 97871, 0, 120.50
2026/09/11 15:34:55.490, 1, 93193, 97871, 0, 124.62
2026/09/11 15:34:55.490, 2, 92155, 97871, 0, 121.81
2026/09/11 15:34:55.490, 3, 92183, 97871, 0, 122.16
2026/09/11 15:34:55.690, 0, 93339, 97871, 0, 120.47
2026/09/11 15:34:55.690, 1, 93193, 97871, 0, 124.61
2026/09/11 15:34:55.690, 2, 92155, 97871, 0, 121.77
2026/09/11 15:34:55.690, 3, 92183, 97871, 0, 122.07
2026/09/11 15:34:55.890, 0, 93339, 97871, 0, 120.45
2026/09/11 15:34:55.890, 1, 93193, 97871, 0, 124.58
2026/09/11 15:34:55.890, 2, 92155, 97871, 0, 121.79
2026/09/11 15:34:55.890, 3, 92183, 97871, 0, 122.14
2026/09/11 15:34:56.090, 0, 93339, 97871, 0, 120.47
2026/09/11 15:34:56.090, 1, 93193, 97871, 0, 124.56
2026/09/11 15:34:56.090, 2, 92155, 97871, 0, 121.76
2026/09/11 15:34:56.090, 3, 92183, 97871, 0, 122.15
2026/09/11 15:34:56.290, 0, 93339, 97871, 0, 120.45
2026/09/11 15:34:56.290, 1, 93193, 97871, 0, 124.53
2026/09/11 15:34:56.290, 2, 92155, 97871, 0, 121.77
2026/09/11 15:34:56.290, 3, 92183, 97871, 0, 122.05
2026/09/11 15:34:56.491, 0, 93339, 97871, 0, 120.43
2026/09/11 15:34:56.491, 1, 93193, 97871, 0, 124.50
2026/09/11 15:34:56.491, 2, 92155, 97871, 0, 121.73
2026/09/11 15:34:56.491, 3, 92183, 97871, 0, 122.06
2026/09/11 15:34:56.691, 0, 93339, 97871, 0, 120.45
2026/09/11 15:34:56.691, 1, 93193, 97871, 0, 124.50
2026/09/11 15:34:56.691, 2, 92155, 97871, 0, 121.73
2026/09/11 15:34:56.691, 3, 92183, 97871, 0, 122.11
2026/09/11 15:34:56.891, 0, 93339, 97871, 0, 120.42
2026/09/11 15:34:56.891, 1, 93193, 97871, 0, 124.47
2026/09/11 15:34:56.891, 2, 92155, 97871, 0, 121.71
2026/09/11 15:34:56.891, 3, 92183, 97871, 0, 122.09
2026/09/11 15:34:57.091, 0, 93339, 97871, 0, 120.41
2026/09/11 15:34:57.091, 1, 93193, 97871, 0, 124.43
2026/09/11 15:34:57.091, 2, 92155, 97871, 0, 121.69
2026/09/11 15:34:57.091, 3, 92183, 97871, 0, 122.01
2026/09/11 15:34:57.291, 0, 93339, 97871, 0, 120.42
2026/09/11 15:34:57.291, 1, 93193, 97871, 0, 124.42
2026/09/11 15:34:57.291, 2, 92155, 97871, 0, 121.67
2026/09/11 15:34:57.291, 3, 92183, 97871, 0, 122.08
2026/09/11 15:34:57.491, 0, 93339, 97871, 0, 120.41
2026/09/11 15:34:57.491, 1, 93193, 97871, 0, 124.42
2026/09/11 15:34:57.491, 2, 92155, 97871, 0, 121.65
2026/09/11 15:34:57.491, 3, 92183, 97871, 0, 122.11
2026/09/11 15:34:57.692, 0, 93339, 97871, 0, 123.51
2026/09/11 15:34:57.692, 1, 93193, 97871, 0, 128.20
2026/09/11 15:34:57.692, 2, 92155, 97871, 0, 124.64
2026/09/11 15:34:57.692, 3, 92183, 97871, 3, 123.59
2026/09/11 15:34:57.892, 0, 93339, 97871, 82, 126.79
2026/09/11 15:34:57.892, 1, 93193, 97871, 12, 130.55
2026/09/11 15:34:57.892, 2, 92155, 97871, 27, 127.59
2026/09/11 15:34:57.892, 3, 92183, 97871, 0, 128.24
2026/09/11 15:34:58.092, 0, 93339, 97871, 0, 126.90
2026/09/11 15:34:58.092, 1, 93193, 97871, 0, 130.58
2026/09/11 15:34:58.092, 2, 92155, 97871, 0, 127.61
2026/09/11 15:34:58.092, 3, 92183, 97871, 0, 128.31
2026/09/11 15:34:58.292, 0, 93339, 97871, 1, 154.43
2026/09/11 15:34:58.292, 1, 93193, 97871, 63, 164.05
2026/09/11 15:34:58.293, 2, 92155, 97871, 4, 158.79
2026/09/11 15:34:58.293, 3, 92183, 97871, 93, 151.18
2026/09/11 15:34:58.493, 0, 93339, 97871, 86, 167.41
2026/09/11 15:34:58.493, 1, 93193, 97871, 23, 170.39
2026/09/11 15:34:58.493, 2, 92155, 97871, 96, 166.98
2026/09/11 15:34:58.493, 3, 92183, 97871, 0, 168.73
2026/09/11 15:34:58.693, 0, 93339, 97871, 0, 164.52
2026/09/11 15:34:58.693, 1, 93193, 97871, 0, 167.57
2026/09/11 15:34:58.693, 2, 92155, 97871, 0, 164.91
2026/09/11 15:34:58.693, 3, 92183, 97871, 0, 168.18
2026/09/11 15:34:58.893, 0, 93339, 97871, 0, 160.98
2026/09/11 15:34:58.893, 1, 93193, 97871, 0, 164.43
2026/09/11 15:34:58.894, 2, 92155, 97871, 0, 162.06
2026/09/11 15:34:58.894, 3, 92183, 97871, 0, 163.45
2026/09/11 15:34:59.094, 0, 93339, 97871, 0, 160.17
2026/09/11 15:34:59.094, 1, 93193, 97871, 0, 164.43
2026/09/11 15:34:59.094, 2, 92155, 97871, 0, 162.07
2026/09/11 15:34:59.094, 3, 92183, 97871, 0, 163.36
2026/09/11 15:34:59.294, 0, 93339, 97871, 0, 132.74
2026/09/11 15:34:59.294, 1, 93193, 97871, 0, 130.96
2026/09/11 15:34:59.294, 2, 92155, 97871, 0, 130.90
2026/09/11 15:34:59.294, 3, 92183, 97871, 0, 140.01
2026/09/11 15:34:59.494, 0, 93339, 97871, 0, 120.45
2026/09/11 15:34:59.494, 1, 93193, 97871, 0, 124.48
2026/09/11 15:34:59.494, 2, 92155, 97871, 0, 121.80
2026/09/11 15:34:59.495, 3, 92183, 97871, 0, 122.10
2026/09/11 15:34:59.695, 0, 93339, 97871, 0, 120.36
2026/09/11 15:34:59.695, 1, 93193, 97871, 0, 124.42
2026/09/11 15:34:59.695, 2, 92155, 97871, 0, 121.72
2026/09/11 15:34:59.695, 3, 92183, 97871, 0, 122.04
2026/09/11 15:34:59.895, 0, 93339, 97871, 12, 153.77
2026/09/11 15:34:59.895, 1, 93193, 97871, 61, 165.05
2026/09/11 15:34:59.895, 2, 92155, 97871, 4, 156.83
2026/09/11 15:34:59.895, 3, 92183, 97871, 89, 151.45
2026/09/11 15:35:00.095, 0, 93339, 97871, 100, 207.63
2026/09/11 15:35:00.095, 1, 93193, 97871, 100, 218.62
2026/09/11 15:35:00.095, 2, 92155, 97871, 98, 207.03
2026/09/11 15:35:00.095, 3, 92183, 97871, 100, 203.43
2026/09/11 15:35:00.295, 0, 93339, 97871, 100, 259.10
2026/09/11 15:35:00.295, 1, 93193, 97871, 100, 274.05
2026/09/11 15:35:00.295, 2, 92155, 97871, 100, 258.39
2026/09/11 15:35:00.295, 3, 92183, 97871, 100, 254.43
2026/09/11 15:35:00.495, 0, 93339, 97871, 100, 288.78
2026/09/11 15:35:00.496, 1, 93193, 97871, 93, 299.90
2026/09/11 15:35:00.496, 2, 92155, 97871, 100, 286.33
2026/09/11 15:35:00.496, 3, 92183, 97871, 61, 292.61
2026/09/11 15:35:00.696, 0, 93339, 97871, 0, 289.01
2026/09/11 15:35:00.696, 1, 93193, 97871, 0, 300.12
2026/09/11 15:35:00.696, 2, 92155, 97871, 0, 286.60
2026/09/11 15:35:00.696, 3, 92183, 97871, 0, 292.80
2026/09/11 15:35:00.896, 0, 93339, 97871, 0, 258.34
2026/09/11 15:35:00.896, 1, 93193, 97871, 0, 261.15
2026/09/11 15:35:00.896, 2, 92155, 97871, 0, 254.16
2026/09/11 15:35:00.896, 3, 92183, 97871, 0, 268.87
2026/09/11 15:35:01.096, 0, 93339, 97871, 0, 208.85
2026/09/11 15:35:01.096, 1, 93193, 97871, 0, 210.03
2026/09/11 15:35:01.096, 2, 92155, 97871, 0, 206.24
2026/09/11 15:35:01.096, 3, 92183, 97871, 0, 213.36
2026/09/11 15:35:01.297, 0, 93339, 97871, 0, 155.27
2026/09/11 15:35:01.297, 1, 93193, 97871, 0, 155.37
2026/09/11 15:35:01.297, 2, 92155, 97871, 0, 150.79
2026/09/11 15:35:01.297, 3, 92183, 97871, 0, 161.35
2026/09/11 15:35:01.497, 0, 93339, 97871, 0, 120.78
2026/09/11 15:35:01.497, 1, 93193, 97871, 0, 124.93
2026/09/11 15:35:01.497, 2, 92155, 97871, 0, 122.40
2026/09/11 15:35:01.497, 3, 92183, 97871, 0, 122.45
2026/09/11 15:35:01.697, 0, 93339, 97871, 0, 120.62
2026/09/11 15:35:01.697, 1, 93193, 97871, 0, 124.77
2026/09/11 15:35:01.697, 2, 92155, 97871, 0, 122.20
2026/09/11 15:35:01.697, 3, 92183, 97871, 0, 122.33
2026/09/11 15:35:01.897, 0, 93339, 97871, 0, 120.58
2026/09/11 15:35:01.897, 1, 93193, 97871, 0, 124.69
2026/09/11 15:35:01.897, 2, 92155, 97871, 0, 122.08
2026/09/11 15:35:01.898, 3, 92183, 97871, 0, 122.19
2026/09/11 15:35:02.098, 0, 93339, 97871, 0, 120.52
2026/09/11 15:35:02.098, 1, 93193, 97871, 0, 124.63
2026/09/11 15:35:02.098, 2, 92155, 97871, 0, 122.00
2026/09/11 15:35:02.098, 3, 92183, 97871, 0, 122.15
2026/09/11 15:35:02.298, 0, 93339, 97871, 0, 120.51
2026/09/11 15:35:02.298, 1, 93193, 97871, 0, 124.60
2026/09/11 15:35:02.298, 2, 92155, 97871, 0, 121.90
2026/09/11 15:35:02.298, 3, 92183, 97871, 0, 122.18
2026/09/11 15:35:02.498, 0, 93339, 97871, 0, 120.47
2026/09/11 15:35:02.498, 1, 93193, 97871, 0, 124.56
2026/09/11 15:35:02.498, 2, 92155, 97871, 0, 121.86
2026/09/11 15:35:02.498, 3, 92183, 97871, 0, 122.13
2026/09/11 15:35:02.698, 0, 93339, 97871, 0, 120.45
2026/09/11 15:35:02.698, 1, 93193, 97871, 0, 124.49
2026/09/11 15:35:02.698, 2, 92155, 97871, 0, 121.77
2026/09/11 15:35:02.698, 3, 92183, 97871, 0, 122.04
2026/09/11 15:35:02.898, 0, 93339, 97871, 0, 120.45
2026/09/11 15:35:02.899, 1, 93193, 97871, 0, 124.44
2026/09/11 15:35:02.899, 2, 92155, 97871, 0, 121.74
2026/09/11 15:35:02.899, 3, 92183, 97871, 0, 122.09
2026/09/11 15:35:03.099, 0, 93339, 97871, 0, 120.41
2026/09/11 15:35:03.099, 1, 93193, 97871, 0, 124.42
2026/09/11 15:35:03.099, 2, 92155, 97871, 0, 121.74
2026/09/11 15:35:03.099, 3, 92183, 97871, 0, 122.10
2026/09/11 15:35:03.299, 0, 93339, 97871, 0, 120.39
2026/09/11 15:35:03.299, 1, 93193, 97871, 0, 124.38
2026/09/11 15:35:03.299, 2, 92155, 97871, 0, 121.72
2026/09/11 15:35:03.299, 3, 92183, 97871, 0, 122.03
2026/09/11 15:35:03.499, 0, 93339, 97871, 0, 120.38
2026/09/11 15:35:03.499, 1, 93193, 97871, 0, 124.38
2026/09/11 15:35:03.499, 2, 92155, 97871, 0, 121.72
2026/09/11 15:35:03.499, 3, 92183, 97871, 0, 121.99
2026/09/11 15:35:03.699, 0, 93339, 97871, 0, 120.35
2026/09/11 15:35:03.699, 1, 93193, 97871, 0, 124.37
2026/09/11 15:35:03.699, 2, 92155, 97871, 0, 121.72
2026/09/11 15:35:03.699, 3, 92183, 97871, 0, 122.06
2026/09/11 15:35:03.899, 0, 93339, 97871, 0, 120.35
2026/09/11 15:35:03.899, 1, 93193, 97871, 0, 124.35
2026/09/11 15:35:03.899, 2, 92155, 97871, 0, 121.72
2026/09/11 15:35:03.899, 3, 92183, 97871, 0, 122.01
2026/09/11 15:35:04.100, 0, 93339, 97871, 0, 120.36
2026/09/11 15:35:04.100, 1, 93193, 97871, 0, 124.32
2026/09/11 15:35:04.100, 2, 92155, 97871, 0, 121.68
2026/09/11 15:35:04.100, 3, 92183, 97871, 0, 121.92
2026/09/11 15:35:04.300, 0, 93339, 97871, 0, 120.34
2026/09/11 15:35:04.300, 1, 93193, 97871, 0, 124.33
2026/09/11 15:35:04.300, 2, 92155, 97871, 0, 121.65
2026/09/11 15:35:04.300, 3, 92183, 97871, 0, 121.98
2026/09/11 15:35:04.500, 0, 93339, 97871, 0, 120.34
2026/09/11 15:35:04.500, 1, 93193, 97871, 0, 124.31
2026/09/11 15:35:04.500, 2, 92155, 97871, 0, 121.63
2026/09/11 15:35:04.500, 3, 92183, 97871, 0, 122.00
2026/09/11 15:35:04.700, 0, 93339, 97871, 0, 120.31
2026/09/11 15:35:04.700, 1, 93193, 97871, 0, 124.28
2026/09/11 15:35:04.700, 2, 92155, 97871, 0, 121.61
2026/09/11 15:35:04.700, 3, 92183, 97871, 0, 121.88
2026/09/11 15:35:04.900, 0, 93339, 97871, 0, 120.28
2026/09/11 15:35:04.900, 1, 93193, 97871, 0, 124.26
2026/09/11 15:35:04.900, 2, 92155, 97871, 0, 121.60
2026/09/11 15:35:04.900, 3, 92183, 97871, 0, 121.89
2026/09/11 15:35:05.100, 0, 93339, 97871, 0, 120.27
2026/09/11 15:35:05.100, 1, 93193, 97871, 0, 124.24
2026/09/11 15:35:05.100, 2, 92155, 97871, 0, 121.60
2026/09/11 15:35:05.100, 3, 92183, 97871, 0, 121.93
2026/09/11 15:35:05.301, 0, 93339, 97871, 0, 120.26
2026/09/11 15:35:05.301, 1, 93193, 97871, 0, 124.24
2026/09/11 15:35:05.301, 2, 92155, 97871, 0, 121.60
2026/09/11 15:35:05.301, 3, 92183, 97871, 0, 121.90
2026/09/11 15:35:05.501, 0, 93339, 97871, 0, 120.24
2026/09/11 15:35:05.501, 1, 93193, 97871, 0, 124.24
2026/09/11 15:35:05.501, 2, 92155, 97871, 0, 121.59
2026/09/11 15:35:05.501, 3, 92183, 97871, 0, 121.83
2026/09/11 15:35:05.701, 0, 93339, 97871, 0, 123.42
2026/09/11 15:35:05.701, 1, 93193, 97871, 0, 128.68
2026/09/11 15:35:05.701, 2, 92155, 97871, 0, 124.96
2026/09/11 15:35:05.701, 3, 92183, 97871, 19, 123.78
2026/09/11 15:35:05.901, 0, 93339, 97871, 82, 126.60
2026/09/11 15:35:05.901, 1, 93193, 97871, 20, 131.04
2026/09/11 15:35:05.901, 2, 92155, 97871, 0, 127.58
2026/09/11 15:35:05.901, 3, 92183, 97871, 0, 128.29
2026/09/11 15:35:06.101, 0, 93339, 97871, 0, 126.76
2026/09/11 15:35:06.102, 1, 93193, 97871, 0, 133.99
2026/09/11 15:35:06.102, 2, 92155, 97871, 0, 129.36
2026/09/11 15:35:06.102, 3, 92183, 97871, 0, 128.24
2026/09/11 15:35:06.302, 0, 93339, 97871, 46, 164.15
2026/09/11 15:35:06.302, 1, 93193, 97871, 100, 169.32
2026/09/11 15:35:06.302, 2, 92155, 97871, 100, 166.65
2026/09/11 15:35:06.302, 3, 92183, 97871, 100, 163.08
2026/09/11 15:35:06.502, 0, 93339, 97871, 21, 165.27
2026/09/11 15:35:06.502, 1, 93193, 97871, 0, 168.79
2026/09/11 15:35:06.502, 2, 92155, 97871, 0, 167.37
2026/09/11 15:35:06.502, 3, 92183, 97871, 0, 165.75
2026/09/11 15:35:06.702, 0, 93339, 97871, 0, 162.08
2026/09/11 15:35:06.702, 1, 93193, 97871, 0, 165.29
2026/09/11 15:35:06.702, 2, 92155, 97871, 0, 164.02
2026/09/11 15:35:06.702, 3, 92183, 97871, 0, 164.74
2026/09/11 15:35:06.902, 0, 93339, 97871, 0, 158.94
2026/09/11 15:35:06.903, 1, 93193, 97871, 0, 162.84
2026/09/11 15:35:06.903, 2, 92155, 97871, 0, 161.31
2026/09/11 15:35:06.903, 3, 92183, 97871, 0, 160.22
2026/09/11 15:35:07.103, 0, 93339, 97871, 0, 158.02
2026/09/11 15:35:07.103, 1, 93193, 97871, 0, 161.90
2026/09/11 15:35:07.103, 2, 92155, 97871, 0, 159.63
2026/09/11 15:35:07.103, 3, 92183, 97871, 0, 160.27
2026/09/11 15:35:07.303, 0, 93339, 97871, 0, 120.66
2026/09/11 15:35:07.303, 1, 93193, 97871, 0, 125.44
2026/09/11 15:35:07.303, 2, 92155, 97871, 0, 122.35
2026/09/11 15:35:07.303, 3, 92183, 97871, 0, 129.15
2026/09/11 15:35:07.503, 0, 93339, 97871, 0, 120.25
2026/09/11 15:35:07.503, 1, 93193, 97871, 0, 124.34
2026/09/11 15:35:07.503, 2, 92155, 97871, 0, 121.61
2026/09/11 15:35:07.503, 3, 92183, 97871, 0, 121.94
2026/09/11 15:35:07.703, 0, 93339, 97871, 0, 129.37
2026/09/11 15:35:07.704, 1, 93193, 97871, 0, 134.42
2026/09/11 15:35:07.704, 2, 92155, 97871, 2, 129.34
2026/09/11 15:35:07.704, 3, 92183, 97871, 0, 122.86
2026/09/11 15:35:07.904, 0, 93339, 97871, 94, 182.21
2026/09/11 15:35:07.904, 1, 93193, 97871, 99, 185.37
2026/09/11 15:35:07.904, 2, 92155, 97871, 100, 176.72
2026/09/11 15:35:07.904, 3, 92183, 97871, 100, 170.87
2026/09/11 15:35:08.104, 0, 93339, 97871, 100, 234.51
2026/09/11 15:35:08.104, 1, 93193, 97871, 100, 241.76
2026/09/11 15:35:08.104, 2, 92155, 97871, 100, 226.13
2026/09/11 15:35:08.104, 3, 92183, 97871, 100, 223.10
2026/09/11 15:35:08.304, 0, 93339, 97871, 100, 272.96
2026/09/11 15:35:08.304, 1, 93193, 97871, 100, 281.87
2026/09/11 15:35:08.304, 2, 92155, 97871, 100, 268.98
2026/09/11 15:35:08.304, 3, 92183, 97871, 100, 272.33
2026/09/11 15:35:08.504, 0, 93339, 97871, 9, 273.20
2026/09/11 15:35:08.504, 1, 93193, 97871, 0, 284.95
2026/09/11 15:35:08.504, 2, 92155, 97871, 0, 266.81
2026/09/11 15:35:08.504, 3, 92183, 97871, 0, 274.36
2026/09/11 15:35:08.705, 0, 93339, 97871, 0, 263.82
2026/09/11 15:35:08.705, 1, 93193, 97871, 0, 275.22
2026/09/11 15:35:08.705, 2, 92155, 97871, 0, 262.08
2026/09/11 15:35:08.705, 3, 92183, 97871, 0, 271.44
2026/09/11 15:35:08.905, 0, 93339, 97871, 0, 209.89
2026/09/11 15:35:08.905, 1, 93193, 97871, 0, 226.07
2026/09/11 15:35:08.905, 2, 92155, 97871, 0, 216.99
2026/09/11 15:35:08.905, 3, 92183, 97871, 0, 227.89
2026/09/11 15:35:09.105, 0, 93339, 97871, 0, 163.24
2026/09/11 15:35:09.105, 1, 93193, 97871, 0, 173.39
2026/09/11 15:35:09.105, 2, 92155, 97871, 0, 163.33
2026/09/11 15:35:09.105, 3, 92183, 97871, 0, 176.95
2026/09/11 15:35:09.305, 0, 93339, 97871, 0, 120.26
2026/09/11 15:35:09.306, 1, 93193, 97871, 0, 124.91
2026/09/11 15:35:09.306, 2, 92155, 97871, 0, 123.23
2026/09/11 15:35:09.306, 3, 92183, 97871, 0, 126.80
2026/09/11 15:35:09.506, 0, 93339, 97871, 0, 119.94
2026/09/11 15:35:09.506, 1, 93193, 97871, 0, 124.59
2026/09/11 15:35:09.506, 2, 92155, 97871, 0, 121.97
2026/09/11 15:35:09.506, 3, 92183, 97871, 0, 122.25
2026/09/11 15:35:09.706, 0, 93339, 97871, 0, 119.88
2026/09/11 15:35:09.706, 1, 93193, 97871, 0, 124.48
2026/09/11 15:35:09.706, 2, 92155, 97871, 0, 121.86
2026/09/11 15:35:09.706, 3, 92183, 97871, 0, 122.12
2026/09/11 15:35:09.906, 0, 93339, 97871, 0, 119.82
2026/09/11 15:35:09.906, 1, 93193, 97871, 0, 124.43
2026/09/11 15:35:09.906, 2, 92155, 97871, 0, 121.76
2026/09/11 15:35:09.906, 3, 92183, 97871, 0, 122.13
2026/09/11 15:35:10.106, 0, 93339, 97871, 0, 119.80
2026/09/11 15:35:10.107, 1, 93193, 97871, 0, 124.38
2026/09/11 15:35:10.107, 2, 92155, 97871, 0, 121.71
2026/09/11 15:35:10.107, 3, 92183, 97871, 0, 122.14
2026/09/11 15:35:10.307, 0, 93339, 97871, 0, 119.78
2026/09/11 15:35:10.307, 1, 93193, 97871, 0, 124.39
2026/09/11 15:35:10.307, 2, 92155, 97871, 0, 121.69
2026/09/11 15:35:10.307, 3, 92183, 97871, 0, 122.03
2026/09/11 15:35:10.507, 0, 93339, 97871, 0, 119.77
2026/09/11 15:35:10.507, 1, 93193, 97871, 0, 124.36
2026/09/11 15:35:10.507, 2, 92155, 97871, 0, 121.68
2026/09/11 15:35:10.507, 3, 92183, 97871, 0, 121.97
2026/09/11 15:35:10.707, 0, 93339, 97871, 0, 119.74
2026/09/11 15:35:10.707, 1, 93193, 97871, 0, 124.36
2026/09/11 15:35:10.707, 2, 92155, 97871, 0, 121.66
2026/09/11 15:35:10.707, 3, 92183, 97871, 0, 121.98
2026/09/11 15:35:10.907, 0, 93339, 97871, 0, 119.70
2026/09/11 15:35:10.907, 1, 93193, 97871, 0, 124.34
2026/09/11 15:35:10.907, 2, 92155, 97871, 0, 121.69
2026/09/11 15:35:10.907, 3, 92183, 97871, 0, 121.95
2026/09/11 15:35:11.107, 0, 93339, 97871, 0, 119.68
2026/09/11 15:35:11.108, 1, 93193, 97871, 0, 124.33
2026/09/11 15:35:11.108, 2, 92155, 97871, 0, 121.67
2026/09/11 15:35:11.108, 3, 92183, 97871, 0, 121.86
2026/09/11 15:35:11.308, 0, 93339, 97871, 0, 119.66
2026/09/11 15:35:11.308, 1, 93193, 97871, 0, 124.30
2026/09/11 15:35:11.308, 2, 92155, 97871, 0, 121.67
2026/09/11 15:35:11.308, 3, 92183, 97871, 0, 121.92
2026/09/11 15:35:11.508, 0, 93339, 97871, 0, 119.64
2026/09/11 15:35:11.508, 1, 93193, 97871, 0, 124.29
2026/09/11 15:35:11.508, 2, 92155, 97871, 0, 121.64
2026/09/11 15:35:11.508, 3, 92183, 97871, 0, 121.93
2026/09/11 15:35:11.708, 0, 93339, 97871, 0, 119.64
2026/09/11 15:35:11.708, 1, 93193, 97871, 0, 124.25
2026/09/11 15:35:11.708, 2, 92155, 97871, 0, 121.59
2026/09/11 15:35:11.708, 3, 92183, 97871, 0, 121.88
2026/09/11 15:35:11.908, 0, 93339, 97871, 0, 119.67
2026/09/11 15:35:11.908, 1, 93193, 97871, 0, 124.22
2026/09/11 15:35:11.908, 2, 92155, 97871, 0, 121.57
2026/09/11 15:35:11.908, 3, 92183, 97871, 0, 121.86
2026/09/11 15:35:12.108, 0, 93339, 97871, 0, 119.62
2026/09/11 15:35:12.109, 1, 93193, 97871, 0, 124.20
2026/09/11 15:35:12.109, 2, 92155, 97871, 0, 121.56
2026/09/11 15:35:12.109, 3, 92183, 97871, 0, 121.90
2026/09/11 15:35:12.309, 0, 93339, 97871, 0, 119.60
2026/09/11 15:35:12.309, 1, 93193, 97871, 0, 124.22
2026/09/11 15:35:12.309, 2, 92155, 97871, 0, 121.55
2026/09/11 15:35:12.309, 3, 92183, 97871, 0, 121.89
2026/09/11 15:35:12.509, 0, 93339, 97871, 0, 119.60
2026/09/11 15:35:12.509, 1, 93193, 97871, 0, 124.23
2026/09/11 15:35:12.509, 2, 92155, 97871, 0, 121.55
2026/09/11 15:35:12.509, 3, 92183, 97871, 0, 121.81
2026/09/11 15:35:12.709, 0, 93339, 97871, 0, 119.59
2026/09/11 15:35:12.709, 1, 93193, 97871, 0, 124.23
2026/09/11 15:35:12.709, 2, 92155, 97871, 0, 121.54
2026/09/11 15:35:12.709, 3, 92183, 97871, 0, 121.86
2026/09/11 15:35:12.909, 0, 93339, 97871, 0, 119.55
2026/09/11 15:35:12.909, 1, 93193, 97871, 0, 124.24
2026/09/11 15:35:12.909, 2, 92155, 97871, 0, 121.54
2026/09/11 15:35:12.909, 3, 92183, 97871, 0, 121.89
2026/09/11 15:35:13.109, 0, 93339, 97871, 0, 119.57
2026/09/11 15:35:13.110, 1, 93193, 97871, 0, 124.25
2026/09/11 15:35:13.110, 2, 92155, 97871, 0, 121.53
2026/09/11 15:35:13.110, 3, 92183, 97871, 0, 121.85
2026/09/11 15:35:13.310, 0, 93339, 97871, 0, 119.55
2026/09/11 15:35:13.310, 1, 93193, 97871, 0, 124.23
2026/09/11 15:35:13.310, 2, 92155, 97871, 0, 121.54
2026/09/11 15:35:13.310, 3, 92183, 97871, 0, 121.82
2026/09/11 15:35:13.510, 0, 93339, 97871, 0, 119.56
2026/09/11 15:35:13.510, 1, 93193, 97871, 0, 124.20
2026/09/11 15:35:13.510, 2, 92155, 97871, 0, 121.54
2026/09/11 15:35:13.510, 3, 92183, 97871, 0, 121.86
2026/09/11 15:35:13.710, 0, 93339, 97871, 0, 122.25
2026/09/11 15:35:13.710, 1, 93193, 97871, 0, 126.78
2026/09/11 15:35:13.710, 2, 92155, 97871, 0, 123.66
2026/09/11 15:35:13.710, 3, 92183, 97871, 0, 122.26
2026/09/11 15:35:13.910, 0, 93339, 97871, 91, 125.85
2026/09/11 15:35:13.910, 1, 93193, 97871, 11, 130.26
2026/09/11 15:35:13.910, 2, 92155, 97871, 14, 127.77
2026/09/11 15:35:13.910, 3, 92183, 97871, 8, 127.88
2026/09/11 15:35:14.111, 0, 93339, 97871, 0, 127.37
2026/09/11 15:35:14.111, 1, 93193, 97871, 0, 132.73
2026/09/11 15:35:14.111, 2, 92155, 97871, 0, 128.08
2026/09/11 15:35:14.111, 3, 92183, 97871, 0, 127.83
2026/09/11 15:35:14.311, 0, 93339, 97871, 54, 153.00
2026/09/11 15:35:14.311, 1, 93193, 97871, 100, 157.99
2026/09/11 15:35:14.311, 2, 92155, 97871, 88, 152.39
2026/09/11 15:35:14.311, 3, 92183, 97871, 83, 155.79
2026/09/11 15:35:14.511, 0, 93339, 97871, 0, 153.04
2026/09/11 15:35:14.511, 1, 93193, 97871, 0, 158.77
2026/09/11 15:35:14.511, 2, 92155, 97871, 0, 152.46
2026/09/11 15:35:14.511, 3, 92183, 97871, 0, 155.49
2026/09/11 15:35:14.712, 0, 93339, 97871, 0, 151.42
2026/09/11 15:35:14.712, 1, 93193, 97871, 0, 156.57
2026/09/11 15:35:14.712, 2, 92155, 97871, 0, 151.00
2026/09/11 15:35:14.712, 3, 92183, 97871, 0, 155.49
2026/09/11 15:35:14.912, 0, 93339, 97871, 0, 147.44
2026/09/11 15:35:14.912, 1, 93193, 97871, 0, 152.17
2026/09/11 15:35:14.912, 2, 92155, 97871, 0, 146.88
2026/09/11 15:35:14.912, 3, 92183, 97871, 0, 149.57
2026/09/11 15:35:15.112, 0, 93339, 97871, 0, 145.91
2026/09/11 15:35:15.112, 1, 93193, 97871, 0, 152.13
2026/09/11 15:35:15.112, 2, 92155, 97871, 0, 146.56
2026/09/11 15:35:15.112, 3, 92183, 97871, 0, 150.09
2026/09/11 15:35:15.312, 0, 93339, 97871, 0, 119.64
2026/09/11 15:35:15.313, 1, 93193, 97871, 0, 124.28
2026/09/11 15:35:15.313, 2, 92155, 97871, 0, 121.74
2026/09/11 15:35:15.313, 3, 92183, 97871, 0, 122.19
2026/09/11 15:35:15.513, 0, 93339, 97871, 0, 120.36
2026/09/11 15:35:15.513, 1, 93193, 97871, 0, 125.81
2026/09/11 15:35:15.513, 2, 92155, 97871, 0, 121.58
2026/09/11 15:35:15.513, 3, 92183, 97871, 0, 121.79
2026/09/11 15:35:15.713, 0, 93339, 97871, 37, 168.19
2026/09/11 15:35:15.713, 1, 93193, 97871, 97, 175.58
2026/09/11 15:35:15.713, 2, 92155, 97871, 97, 167.28
2026/09/11 15:35:15.713, 3, 92183, 97871, 97, 160.07
2026/09/11 15:35:15.913, 0, 93339, 97871, 100, 218.09
2026/09/11 15:35:15.913, 1, 93193, 97871, 100, 230.26
2026/09/11 15:35:15.913, 2, 92155, 97871, 100, 216.46
2026/09/11 15:35:15.913, 3, 92183, 97871, 100, 212.08
2026/09/11 15:35:16.113, 0, 93339, 97871, 100, 239.41
2026/09/11 15:35:16.113, 1, 93193, 97871, 86, 255.38
2026/09/11 15:35:16.113, 2, 92155, 97871, 59, 241.99
2026/09/11 15:35:16.113, 3, 92183, 97871, 53, 245.94
2026/09/11 15:35:16.314, 0, 93339, 97871, 0, 241.96
2026/09/11 15:35:16.314, 1, 93193, 97871, 0, 252.96
2026/09/11 15:35:16.314, 2, 92155, 97871, 0, 244.55
2026/09/11 15:35:16.314, 3, 92183, 97871, 0, 246.15
2026/09/11 15:35:16.514, 0, 93339, 97871, 0, 241.23
2026/09/11 15:35:16.514, 1, 93193, 97871, 0, 253.06
2026/09/11 15:35:16.514, 2, 92155, 97871, 0, 242.67
2026/09/11 15:35:16.514, 3, 92183, 97871, 0, 248.73
2026/09/11 15:35:16.714, 0, 93339, 97871, 0, 193.43
2026/09/11 15:35:16.714, 1, 93193, 97871, 0, 207.78
2026/09/11 15:35:16.714, 2, 92155, 97871, 0, 196.56
2026/09/11 15:35:16.714, 3, 92183, 97871, 0, 210.45
2026/09/11 15:35:16.914, 0, 93339, 97871, 0, 141.60
2026/09/11 15:35:16.914, 1, 93193, 97871, 0, 154.38
2026/09/11 15:35:16.914, 2, 92155, 97871, 0, 147.40
2026/09/11 15:35:16.914, 3, 92183, 97871, 0, 163.13
2026/09/11 15:35:17.114, 0, 93339, 97871, 0, 119.89
2026/09/11 15:35:17.114, 1, 93193, 97871, 0, 124.48
2026/09/11 15:35:17.114, 2, 92155, 97871, 0, 121.95
2026/09/11 15:35:17.114, 3, 92183, 97871, 0, 122.18
2026/09/11 15:35:17.315, 0, 93339, 97871, 0, 119.76
2026/09/11 15:35:17.315, 1, 93193, 97871, 0, 124.33
2026/09/11 15:35:17.315, 2, 92155, 97871, 0, 121.79
2026/09/11 15:35:17.315, 3, 92183, 97871, 0, 122.01
2026/09/11 15:35:17.515, 0, 92771, 97871, 0, 119.73
2026/09/11 15:35:17.531, 1, 92659, 97871, 0, 124.30
2026/09/11 15:35:17.531, 2, 91587, 97871, 0, 121.77
2026/09/11 15:35:17.531, 3, 91615, 97871, 0, 121.92
2026/09/11 15:35:17.731, 0, 92771, 97871, 0, 119.73
2026/09/11 15:35:17.731, 1, 92625, 97871, 1, 124.27
2026/09/11 15:35:17.731, 2, 91587, 97871, 0, 121.69
2026/09/11 15:35:17.731, 3, 91615, 97871, 0, 121.97
2026/09/11 15:35:17.931, 0, 92771, 97871, 0, 119.68
2026/09/11 15:35:17.932, 1, 92625, 97871, 0, 124.24
2026/09/11 15:35:17.932, 2, 91587, 97871, 0, 121.66
2026/09/11 15:35:17.932, 3, 91615, 97871, 0, 121.97
2026/09/11 15:35:18.132, 0, 92771, 97871, 0, 119.66
2026/09/11 15:35:18.132, 1, 92625, 97871, 0, 124.20
2026/09/11 15:35:18.132, 2, 91587, 97871, 0, 121.63
2026/09/11 15:35:18.132, 3, 91615, 97871, 0, 121.88
2026/09/11 15:35:18.332, 0, 92771, 97871, 0, 119.61
2026/09/11 15:35:18.332, 1, 92625, 97871, 0, 124.19
2026/09/11 15:35:18.332, 2, 91587, 97871, 0, 121.63
2026/09/11 15:35:18.332, 3, 91615, 97871, 0, 121.88
2026/09/11 15:35:18.532, 0, 92771, 97871, 0, 119.56
2026/09/11 15:35:18.532, 1, 92625, 97871, 0, 124.15
2026/09/11 15:35:18.532, 2, 91587, 97871, 0, 121.57
2026/09/11 15:35:18.532, 3, 91615, 97871, 0, 121.90
2026/09/11 15:35:18.732, 0, 92771, 97871, 0, 119.51
2026/09/11 15:35:18.733, 1, 92625, 97871, 0, 124.12
2026/09/11 15:35:18.733, 2, 91587, 97871, 0, 121.55
2026/09/11 15:35:18.733, 3, 91615, 97871, 0, 121.82
2026/09/11 15:35:18.933, 0, 92771, 97871, 0, 119.49
2026/09/11 15:35:18.933, 1, 92625, 97871, 0, 124.11
2026/09/11 15:35:18.933, 2, 91587, 97871, 0, 121.55
2026/09/11 15:35:18.933, 3, 91615, 97871, 0, 121.76
2026/09/11 15:35:19.133, 0, 92771, 97871, 0, 119.46
2026/09/11 15:35:19.133, 1, 92625, 97871, 0, 124.11
2026/09/11 15:35:19.133, 2, 91587, 97871, 0, 121.53
2026/09/11 15:35:19.133, 3, 91615, 97871, 0, 121.82
2026/09/11 15:35:19.333, 0, 92767, 97871, 0, 119.67
2026/09/11 15:35:19.334, 1, 92621, 97871, 0, 124.25
2026/09/11 15:35:19.340, 2, 91583, 97871, 0, 121.64
2026/09/11 15:35:19.344, 3, 91611, 97871, 0, 122.05
2026/09/11 15:35:19.546, 0, 22, 97871, 100, 127.99
2026/09/11 15:35:20.085, 1, 4, 97871, 100, 134.15
2026/09/11 15:35:20.346, 2, 4, 97871, 56, 125.75
2026/09/11 15:35:20.346, 3, 4, 97871, 1, 131.95
2026/09/11 15:35:20.546, 0, 4, 97871, 0, 129.26
2026/09/11 15:35:20.546, 1, 4, 97871, 0, 133.98
2026/09/11 15:35:20.546, 2, 4, 97871, 100, 131.17
2026/09/11 15:35:20.546, 3, 4, 97871, 0, 130.08
2026/09/11 15:35:20.746, 0, 4, 97871, 0, 128.55
2026/09/11 15:35:20.746, 1, 4, 97871, 0, 133.95
2026/09/11 15:35:20.746, 2, 4, 97871, 0, 131.04
2026/09/11 15:35:20.746, 3, 4, 97871, 0, 126.39
2026/09/11 15:35:20.946, 0, 4, 97871, 0, 126.11
2026/09/11 15:35:20.947, 1, 4, 97871, 0, 134.07
2026/09/11 15:35:20.947, 2, 4, 97871, 0, 130.99
2026/09/11 15:35:20.947, 3, 4, 97871, 0, 124.49
2026/09/11 15:35:21.147, 0, 4, 97871, 0, 122.25
2026/09/11 15:35:21.147, 1, 4, 97871, 0, 132.05
2026/09/11 15:35:21.147, 2, 4, 97871, 0, 131.12
2026/09/11 15:35:21.147, 3, 4, 97871, 0, 124.40
2026/09/11 15:35:21.347, 0, 4, 97871, 0, 122.35
2026/09/11 15:35:21.347, 1, 4, 97871, 0, 126.60
2026/09/11 15:35:21.347, 2, 4, 97871, 0, 129.27
2026/09/11 15:35:21.347, 3, 4, 97871, 0, 124.36
2026/09/11 15:35:21.547, 0, 4, 97871, 0, 122.38
2026/09/11 15:35:21.547, 1, 4, 97871, 0, 126.55
2026/09/11 15:35:21.547, 2, 4, 97871, 0, 123.93
2026/09/11 15:35:21.547, 3, 4, 97871, 0, 124.42
2026/09/11 15:35:21.747, 0, 4, 97871, 0, 122.37
2026/09/11 15:35:21.748, 1, 4, 97871, 0, 126.55
2026/09/11 15:35:21.748, 2, 4, 97871, 0, 123.82
2026/09/11 15:35:21.748, 3, 4, 97871, 0, 123.45
2026/09/11 15:35:21.948, 0, 4, 97871, 0, 117.78
2026/09/11 15:35:21.948, 1, 4, 97871, 0, 126.53
2026/09/11 15:35:21.948, 2, 4, 97871, 0, 123.85
2026/09/11 15:35:21.948, 3, 4, 97871, 0, 113.69
2026/09/11 15:35:22.148, 0, 4, 97871, 0, 108.54
2026/09/11 15:35:22.148, 1, 4, 97871, 0, 125.54
2026/09/11 15:35:22.148, 2, 4, 97871, 0, 123.88
2026/09/11 15:35:22.148, 3, 4, 97871, 0, 104.42
2026/09/11 15:35:22.348, 0, 0, 97871, 0, 99.17
2026/09/11 15:35:22.349, 1, 0, 97871, 0, 115.64
2026/09/11 15:35:22.349, 2, 0, 97871, 0, 120.12
2026/09/11 15:35:22.349, 3, 4, 97871, 0, 94.26
2026/09/11 15:35:22.549, 0, 0, 97871, 0, 89.80
2026/09/11 15:35:22.549, 1, 0, 97871, 0, 105.66
2026/09/11 15:35:22.549, 2, 0, 97871, 0, 110.56
2026/09/11 15:35:22.549, 3, 0, 97871, 0, 84.26
2026/09/11 15:35:22.749, 0, 0, 97871, 0, 79.59
2026/09/11 15:35:22.749, 1, 0, 97871, 0, 96.21
2026/09/11 15:35:22.749, 2, 0, 97871, 0, 100.96
2026/09/11 15:35:22.749, 3, 0, 97871, 0, 75.55
2026/09/11 15:35:22.949, 0, 0, 97871, 0, 74.59
2026/09/11 15:35:22.949, 1, 0, 97871, 0, 86.39
2026/09/11 15:35:22.949, 2, 0, 97871, 0, 91.26
2026/09/11 15:35:22.949, 3, 0, 97871, 0, 75.48
2026/09/11 15:35:23.149, 0, 0, 97871, 0, 74.54
2026/09/11 15:35:23.149, 1, 0, 97871, 0, 76.56
2026/09/11 15:35:23.149, 2, 0, 97871, 0, 81.55
2026/09/11 15:35:23.149, 3, 0, 97871, 0, 75.43
2026/09/11 15:35:23.349, 0, 0, 97871, 0, 74.51
2026/09/11 15:35:23.349, 1, 0, 97871, 0, 76.39
2026/09/11 15:35:23.350, 2, 0, 97871, 0, 75.57
2026/09/11 15:35:23.350, 3, 0, 97871, 0, 75.32
