timestamp,index,memory_used_mib,memory_total_mib,utilization_gpu_percent,power_watts
2026/09/26 00:40:34.733, 0, 0, 97871, 0, 75.21
2026/09/26 00:40:34.737, 1, 0, 97871, 0, 77.02
2026/09/26 00:40:34.741, 2, 0, 97871, 0, 76.78
2026/09/26 00:40:34.744, 3, 0, 97871, 0, 77.46
2026/09/26 00:40:34.948, 0, 0, 97871, 0, 74.90
2026/09/26 00:40:34.948, 1, 0, 97871, 0, 76.87
2026/09/26 00:40:34.948, 2, 0, 97871, 0, 76.47
2026/09/26 00:40:34.948, 3, 0, 97871, 0, 77.25
2026/09/26 00:40:35.148, 0, 0, 97871, 0, 74.66
2026/09/26 00:40:35.148, 1, 0, 97871, 0, 76.76
2026/09/26 00:40:35.148, 2, 0, 97871, 0, 76.21
2026/09/26 00:40:35.148, 3, 0, 97871, 0, 77.08
2026/09/26 00:40:35.348, 0, 0, 97871, 0, 74.42
2026/09/26 00:40:35.348, 1, 0, 97871, 0, 76.67
2026/09/26 00:40:35.348, 2, 0, 97871, 0, 75.93
2026/09/26 00:40:35.348, 3, 0, 97871, 0, 76.93
2026/09/26 00:40:35.548, 0, 0, 97871, 0, 74.19
2026/09/26 00:40:35.548, 1, 0, 97871, 0, 76.62
2026/09/26 00:40:35.548, 2, 0, 97871, 0, 75.73
2026/09/26 00:40:35.548, 3, 0, 97871, 0, 76.84
2026/09/26 00:40:35.748, 0, 0, 97871, 0, 74.00
2026/09/26 00:40:35.748, 1, 0, 97871, 0, 76.61
2026/09/26 00:40:35.748, 2, 0, 97871, 0, 75.56
2026/09/26 00:40:35.748, 3, 0, 97871, 0, 76.78
2026/09/26 00:40:35.948, 0, 0, 97871, 0, 73.85
2026/09/26 00:40:35.949, 1, 0, 97871, 0, 76.59
2026/09/26 00:40:35.949, 2, 0, 97871, 0, 75.38
2026/09/26 00:40:35.949, 3, 0, 97871, 0, 76.73
2026/09/26 00:40:36.149, 0, 0, 97871, 0, 73.74
2026/09/26 00:40:36.149, 1, 0, 97871, 0, 76.56
2026/09/26 00:40:36.149, 2, 0, 97871, 0, 75.27
2026/09/26 00:40:36.149, 3, 0, 97871, 0, 76.71
2026/09/26 00:40:36.349, 0, 0, 97871, 0, 73.65
2026/09/26 00:40:36.349, 1, 0, 97871, 0, 76.54
2026/09/26 00:40:36.349, 2, 0, 97871, 0, 75.24
2026/09/26 00:40:36.349, 3, 0, 97871, 0, 76.69
2026/09/26 00:40:36.549, 0, 0, 97871, 0, 73.59
2026/09/26 00:40:36.549, 1, 0, 97871, 0, 76.51
2026/09/26 00:40:36.549, 2, 0, 97871, 0, 75.24
2026/09/26 00:40:36.549, 3, 0, 97871, 0, 76.68
2026/09/26 00:40:36.749, 0, 0, 97871, 0, 73.57
2026/09/26 00:40:36.749, 1, 0, 97871, 0, 76.49
2026/09/26 00:40:36.749, 2, 0, 97871, 0, 75.16
2026/09/26 00:40:36.749, 3, 0, 97871, 0, 76.67
2026/09/26 00:40:36.949, 0, 0, 97871, 0, 73.57
2026/09/26 00:40:36.949, 1, 0, 97871, 0, 76.48
2026/09/26 00:40:36.949, 2, 0, 97871, 0, 75.18
2026/09/26 00:40:36.949, 3, 0, 97871, 0, 76.64
2026/09/26 00:40:37.149, 0, 0, 97871, 0, 73.56
2026/09/26 00:40:37.150, 1, 0, 97871, 0, 76.48
2026/09/26 00:40:37.150, 2, 0, 97871, 0, 75.18
2026/09/26 00:40:37.150, 3, 0, 97871, 0, 76.63
2026/09/26 00:40:37.350, 0, 0, 97871, 0, 73.55
2026/09/26 00:40:37.350, 1, 0, 97871, 0, 76.46
2026/09/26 00:40:37.350, 2, 0, 97871, 0, 75.16
2026/09/26 00:40:37.350, 3, 0, 97871, 0, 76.61
2026/09/26 00:40:37.550, 0, 0, 97871, 0, 73.56
2026/09/26 00:40:37.550, 1, 0, 97871, 0, 76.45
2026/09/26 00:40:37.550, 2, 0, 97871, 0, 75.11
2026/09/26 00:40:37.550, 3, 0, 97871, 0, 76.60
2026/09/26 00:40:37.750, 0, 0, 97871, 0, 73.55
2026/09/26 00:40:37.750, 1, 0, 97871, 0, 76.44
2026/09/26 00:40:37.750, 2, 0, 97871, 0, 75.16
2026/09/26 00:40:37.750, 3, 0, 97871, 0, 76.59
2026/09/26 00:40:37.950, 0, 0, 97871, 0, 73.53
2026/09/26 00:40:37.950, 1, 0, 97871, 0, 76.44
2026/09/26 00:40:37.950, 2, 0, 97871, 0, 75.17
2026/09/26 00:40:37.950, 3, 0, 97871, 0, 76.59
2026/09/26 00:40:38.150, 0, 0, 97871, 0, 73.51
2026/09/26 00:40:38.150, 1, 0, 97871, 0, 76.43
2026/09/26 00:40:38.150, 2, 0, 97871, 0, 75.13
2026/09/26 00:40:38.150, 3, 0, 97871, 0, 76.57
2026/09/26 00:40:38.350, 0, 0, 97871, 0, 73.48
2026/09/26 00:40:38.350, 1, 0, 97871, 0, 76.40
2026/09/26 00:40:38.350, 2, 0, 97871, 0, 75.14
2026/09/26 00:40:38.350, 3, 0, 97871, 0, 76.55
2026/09/26 00:40:38.551, 0, 0, 97871, 0, 73.46
2026/09/26 00:40:38.551, 1, 0, 97871, 0, 76.40
2026/09/26 00:40:38.551, 2, 0, 97871, 0, 75.16
2026/09/26 00:40:38.551, 3, 0, 97871, 0, 76.54
2026/09/26 00:40:38.751, 0, 0, 97871, 0, 73.47
2026/09/26 00:40:38.751, 1, 0, 97871, 0, 76.42
2026/09/26 00:40:38.751, 2, 0, 97871, 0, 75.12
2026/09/26 00:40:38.751, 3, 0, 97871, 0, 76.52
2026/09/26 00:40:38.951, 0, 0, 97871, 0, 73.47
2026/09/26 00:40:38.951, 1, 0, 97871, 0, 76.41
2026/09/26 00:40:38.951, 2, 0, 97871, 0, 75.09
2026/09/26 00:40:38.951, 3, 0, 97871, 0, 76.52
2026/09/26 00:40:39.151, 0, 0, 97871, 0, 73.46
2026/09/26 00:40:39.151, 1, 0, 97871, 0, 76.40
2026/09/26 00:40:39.151, 2, 0, 97871, 0, 75.11
2026/09/26 00:40:39.151, 3, 0, 97871, 0, 76.52
2026/09/26 00:40:39.351, 0, 0, 97871, 0, 73.47
2026/09/26 00:40:39.351, 1, 0, 97871, 0, 76.37
2026/09/26 00:40:39.351, 2, 0, 97871, 0, 75.13
2026/09/26 00:40:39.351, 3, 0, 97871, 0, 76.52
2026/09/26 00:40:39.551, 0, 0, 97871, 0, 73.44
2026/09/26 00:40:39.551, 1, 0, 97871, 0, 76.36
2026/09/26 00:40:39.551, 2, 0, 97871, 0, 75.09
2026/09/26 00:40:39.551, 3, 0, 97871, 0, 76.52
2026/09/26 00:40:39.751, 0, 0, 97871, 0, 73.42
2026/09/26 00:40:39.752, 1, 0, 97871, 0, 76.34
2026/09/26 00:40:39.752, 2, 0, 97871, 0, 75.09
2026/09/26 00:40:39.752, 3, 0, 97871, 0, 76.51
2026/09/26 00:40:39.952, 0, 0, 97871, 0, 73.40
2026/09/26 00:40:39.952, 1, 0, 97871, 0, 76.31
2026/09/26 00:40:39.952, 2, 0, 97871, 0, 75.12
2026/09/26 00:40:39.952, 3, 0, 97871, 0, 76.48
2026/09/26 00:40:40.152, 0, 0, 97871, 0, 73.42
2026/09/26 00:40:40.152, 1, 0, 97871, 0, 76.27
2026/09/26 00:40:40.152, 2, 0, 97871, 0, 75.11
2026/09/26 00:40:40.152, 3, 0, 97871, 0, 76.48
2026/09/26 00:40:40.352, 0, 0, 97871, 0, 73.41
2026/09/26 00:40:40.352, 1, 0, 97871, 0, 76.26
2026/09/26 00:40:40.352, 2, 0, 97871, 0, 75.05
2026/09/26 00:40:40.352, 3, 0, 97871, 0, 76.47
2026/09/26 00:40:40.552, 0, 0, 97871, 0, 73.42
2026/09/26 00:40:40.552, 1, 0, 97871, 0, 76.22
2026/09/26 00:40:40.552, 2, 0, 97871, 0, 75.07
2026/09/26 00:40:40.552, 3, 0, 97871, 0, 76.45
2026/09/26 00:40:40.752, 0, 0, 97871, 0, 73.42
2026/09/26 00:40:40.752, 1, 0, 97871, 0, 76.21
2026/09/26 00:40:40.752, 2, 0, 97871, 0, 75.08
2026/09/26 00:40:40.752, 3, 0, 97871, 0, 76.44
2026/09/26 00:40:40.953, 0, 0, 97871, 0, 73.41
2026/09/26 00:40:40.953, 1, 0, 97871, 0, 76.19
2026/09/26 00:40:40.953, 2, 0, 97871, 0, 75.02
2026/09/26 00:40:40.953, 3, 0, 97871, 0, 76.45
2026/09/26 00:40:41.153, 0, 0, 97871, 0, 73.40
2026/09/26 00:40:41.153, 1, 0, 97871, 0, 76.18
2026/09/26 00:40:41.153, 2, 0, 97871, 0, 75.00
2026/09/26 00:40:41.153, 3, 0, 97871, 0, 76.42
2026/09/26 00:40:41.353, 0, 0, 97871, 0, 73.41
2026/09/26 00:40:41.353, 1, 0, 97871, 0, 76.18
2026/09/26 00:40:41.353, 2, 0, 97871, 0, 75.03
2026/09/26 00:40:41.353, 3, 0, 97871, 0, 76.43
2026/09/26 00:40:41.553, 0, 0, 97871, 0, 73.40
2026/09/26 00:40:41.553, 1, 0, 97871, 0, 76.18
2026/09/26 00:40:41.553, 2, 0, 97871, 0, 75.02
2026/09/26 00:40:41.553, 3, 0, 97871, 0, 76.41
2026/09/26 00:40:41.753, 0, 0, 97871, 0, 73.41
2026/09/26 00:40:41.753, 1, 0, 97871, 0, 76.15
2026/09/26 00:40:41.753, 2, 0, 97871, 0, 74.97
2026/09/26 00:40:41.753, 3, 0, 97871, 0, 76.41
2026/09/26 00:40:41.953, 0, 0, 97871, 0, 73.41
2026/09/26 00:40:41.954, 1, 0, 97871, 0, 76.16
2026/09/26 00:40:41.954, 2, 0, 97871, 0, 74.98
2026/09/26 00:40:41.954, 3, 0, 97871, 0, 76.39
2026/09/26 00:40:42.154, 0, 0, 97871, 0, 73.40
2026/09/26 00:40:42.154, 1, 0, 97871, 0, 76.14
2026/09/26 00:40:42.154, 2, 0, 97871, 0, 74.99
2026/09/26 00:40:42.154, 3, 0, 97871, 0, 76.40
2026/09/26 00:40:42.354, 0, 0, 97871, 0, 73.38
2026/09/26 00:40:42.354, 1, 0, 97871, 0, 76.14
2026/09/26 00:40:42.354, 2, 0, 97871, 0, 74.99
2026/09/26 00:40:42.354, 3, 0, 97871, 0, 76.40
2026/09/26 00:40:42.554, 0, 0, 97871, 0, 73.37
2026/09/26 00:40:42.554, 1, 0, 97871, 0, 76.13
2026/09/26 00:40:42.554, 2, 0, 97871, 0, 74.94
2026/09/26 00:40:42.554, 3, 0, 97871, 0, 76.39
2026/09/26 00:40:42.754, 0, 0, 97871, 0, 73.35
2026/09/26 00:40:42.755, 1, 0, 97871, 0, 76.14
2026/09/26 00:40:42.755, 2, 0, 97871, 0, 74.96
2026/09/26 00:40:42.755, 3, 0, 97871, 0, 76.36
2026/09/26 00:40:42.955, 0, 0, 97871, 0, 73.35
2026/09/26 00:40:42.955, 1, 0, 97871, 0, 76.12
2026/09/26 00:40:42.955, 2, 0, 97871, 0, 74.96
2026/09/26 00:40:42.955, 3, 0, 97871, 0, 76.34
2026/09/26 00:40:43.155, 0, 0, 97871, 0, 73.33
2026/09/26 00:40:43.155, 1, 0, 97871, 0, 76.13
2026/09/26 00:40:43.155, 2, 0, 97871, 0, 74.92
2026/09/26 00:40:43.155, 3, 0, 97871, 0, 76.32
2026/09/26 00:40:43.355, 0, 0, 97871, 0, 73.32
2026/09/26 00:40:43.355, 1, 0, 97871, 0, 76.12
2026/09/26 00:40:43.355, 2, 0, 97871, 0, 74.91
2026/09/26 00:40:43.355, 3, 0, 97871, 0, 76.28
2026/09/26 00:40:43.555, 0, 0, 97871, 0, 73.32
2026/09/26 00:40:43.555, 1, 0, 97871, 0, 76.10
2026/09/26 00:40:43.555, 2, 0, 97871, 0, 74.94
2026/09/26 00:40:43.555, 3, 0, 97871, 0, 76.26
2026/09/26 00:40:43.755, 0, 0, 97871, 0, 73.32
2026/09/26 00:40:43.755, 1, 0, 97871, 0, 76.08
2026/09/26 00:40:43.755, 2, 0, 97871, 0, 74.96
2026/09/26 00:40:43.755, 3, 0, 97871, 0, 76.26
2026/09/26 00:40:43.955, 0, 0, 97871, 0, 73.29
2026/09/26 00:40:43.955, 1, 0, 97871, 0, 76.07
2026/09/26 00:40:43.955, 2, 0, 97871, 0, 74.93
2026/09/26 00:40:43.956, 3, 0, 97871, 0, 76.24
2026/09/26 00:40:44.156, 0, 0, 97871, 0, 73.29
2026/09/26 00:40:44.156, 1, 0, 97871, 0, 76.06
2026/09/26 00:40:44.156, 2, 0, 97871, 0, 74.94
2026/09/26 00:40:44.156, 3, 0, 97871, 0, 76.22
2026/09/26 00:40:44.356, 0, 0, 97871, 0, 73.27
2026/09/26 00:40:44.356, 1, 0, 97871, 0, 76.08
2026/09/26 00:40:44.356, 2, 0, 97871, 0, 74.94
2026/09/26 00:40:44.356, 3, 0, 97871, 0, 76.23
2026/09/26 00:40:44.556, 0, 0, 97871, 0, 73.26
2026/09/26 00:40:44.556, 1, 0, 97871, 0, 76.06
2026/09/26 00:40:44.556, 2, 0, 97871, 0, 74.93
2026/09/26 00:40:44.556, 3, 0, 97871, 0, 76.22
2026/09/26 00:40:44.756, 0, 0, 97871, 0, 73.25
2026/09/26 00:40:44.756, 1, 0, 97871, 0, 76.05
2026/09/26 00:40:44.756, 2, 0, 97871, 0, 74.89
2026/09/26 00:40:44.756, 3, 0, 97871, 0, 76.22
2026/09/26 00:40:44.956, 0, 0, 97871, 0, 73.24
2026/09/26 00:40:44.956, 1, 0, 97871, 0, 76.06
2026/09/26 00:40:44.956, 2, 0, 97871, 0, 74.90
2026/09/26 00:40:44.956, 3, 0, 97871, 0, 76.21
2026/09/26 00:40:45.156, 0, 0, 97871, 0, 73.23
2026/09/26 00:40:45.156, 1, 0, 97871, 0, 76.04
2026/09/26 00:40:45.156, 2, 0, 97871, 0, 74.92
2026/09/26 00:40:45.156, 3, 0, 97871, 0, 76.22
2026/09/26 00:40:45.356, 0, 0, 97871, 0, 73.23
2026/09/26 00:40:45.357, 1, 0, 97871, 0, 76.04
2026/09/26 00:40:45.357, 2, 0, 97871, 0, 74.89
2026/09/26 00:40:45.357, 3, 0, 97871, 0, 76.19
2026/09/26 00:40:45.557, 0, 0, 97871, 0, 73.24
2026/09/26 00:40:45.557, 1, 0, 97871, 0, 76.04
2026/09/26 00:40:45.557, 2, 0, 97871, 0, 74.89
2026/09/26 00:40:45.557, 3, 0, 97871, 0, 76.19
2026/09/26 00:40:45.757, 0, 0, 97871, 0, 73.21
2026/09/26 00:40:45.757, 1, 0, 97871, 0, 76.03
2026/09/26 00:40:45.757, 2, 0, 97871, 0, 74.92
2026/09/26 00:40:45.757, 3, 0, 97871, 0, 76.17
2026/09/26 00:40:45.957, 0, 0, 97871, 0, 73.21
2026/09/26 00:40:45.957, 1, 0, 97871, 0, 76.02
2026/09/26 00:40:45.957, 2, 0, 97871, 0, 74.95
2026/09/26 00:40:45.957, 3, 0, 97871, 0, 76.19
2026/09/26 00:40:46.157, 0, 0, 97871, 0, 73.22
2026/09/26 00:40:46.157, 1, 0, 97871, 0, 76.00
2026/09/26 00:40:46.157, 2, 0, 97871, 0, 74.89
2026/09/26 00:40:46.157, 3, 0, 97871, 0, 76.16
2026/09/26 00:40:46.357, 0, 0, 97871, 0, 73.20
2026/09/26 00:40:46.357, 1, 0, 97871, 0, 75.99
2026/09/26 00:40:46.357, 2, 0, 97871, 0, 74.90
2026/09/26 00:40:46.357, 3, 0, 97871, 0, 76.18
2026/09/26 00:40:46.557, 0, 0, 97871, 0, 73.22
2026/09/26 00:40:46.557, 1, 0, 97871, 0, 75.94
2026/09/26 00:40:46.557, 2, 0, 97871, 0, 74.94
2026/09/26 00:40:46.558, 3, 0, 97871, 0, 76.17
2026/09/26 00:40:46.758, 0, 0, 97871, 0, 73.21
2026/09/26 00:40:46.758, 1, 0, 97871, 0, 75.92
2026/09/26 00:40:46.758, 2, 0, 97871, 0, 74.91
2026/09/26 00:40:46.758, 3, 0, 97871, 0, 76.18
2026/09/26 00:40:46.958, 0, 0, 97871, 0, 73.22
2026/09/26 00:40:46.958, 1, 0, 97871, 0, 75.89
2026/09/26 00:40:46.958, 2, 0, 97871, 0, 74.83
2026/09/26 00:40:46.958, 3, 0, 97871, 0, 76.17
2026/09/26 00:40:47.158, 0, 0, 97871, 0, 73.22
2026/09/26 00:40:47.158, 1, 0, 97871, 0, 75.88
2026/09/26 00:40:47.158, 2, 0, 97871, 0, 74.86
2026/09/26 00:40:47.158, 3, 0, 97871, 0, 76.17
2026/09/26 00:40:47.358, 0, 0, 97871, 0, 73.22
2026/09/26 00:40:47.358, 1, 0, 97871, 0, 75.86
2026/09/26 00:40:47.358, 2, 0, 97871, 0, 74.86
2026/09/26 00:40:47.358, 3, 0, 97871, 0, 76.14
2026/09/26 00:40:47.558, 0, 0, 97871, 0, 73.20
2026/09/26 00:40:47.558, 1, 0, 97871, 0, 75.87
2026/09/26 00:40:47.558, 2, 0, 97871, 0, 74.79
2026/09/26 00:40:47.558, 3, 0, 97871, 0, 76.15
2026/09/26 00:40:47.758, 0, 0, 97871, 0, 73.18
2026/09/26 00:40:47.758, 1, 0, 97871, 0, 75.88
2026/09/26 00:40:47.758, 2, 0, 97871, 0, 74.79
2026/09/26 00:40:47.758, 3, 0, 97871, 0, 76.14
2026/09/26 00:40:47.959, 0, 0, 97871, 0, 73.20
2026/09/26 00:40:47.959, 1, 0, 97871, 0, 75.88
2026/09/26 00:40:47.959, 2, 0, 97871, 0, 74.81
2026/09/26 00:40:47.959, 3, 0, 97871, 0, 76.11
2026/09/26 00:40:48.159, 0, 0, 97871, 0, 73.18
2026/09/26 00:40:48.159, 1, 0, 97871, 0, 75.86
2026/09/26 00:40:48.159, 2, 0, 97871, 0, 74.81
2026/09/26 00:40:48.159, 3, 0, 97871, 0, 76.08
2026/09/26 00:40:48.359, 0, 0, 97871, 0, 73.20
2026/09/26 00:40:48.359, 1, 0, 97871, 0, 75.86
2026/09/26 00:40:48.359, 2, 0, 97871, 0, 74.77
2026/09/26 00:40:48.359, 3, 0, 97871, 0, 76.11
2026/09/26 00:40:48.559, 0, 0, 97871, 0, 73.19
2026/09/26 00:40:48.559, 1, 0, 97871, 0, 75.84
2026/09/26 00:40:48.559, 2, 0, 97871, 0, 74.79
2026/09/26 00:40:48.559, 3, 0, 97871, 0, 76.06
2026/09/26 00:40:48.759, 0, 0, 97871, 0, 73.17
2026/09/26 00:40:48.759, 1, 0, 97871, 0, 75.82
2026/09/26 00:40:48.759, 2, 0, 97871, 0, 74.80
2026/09/26 00:40:48.759, 3, 0, 97871, 0, 76.06
2026/09/26 00:40:48.959, 0, 0, 97871, 0, 73.17
2026/09/26 00:40:48.959, 1, 0, 97871, 0, 75.83
2026/09/26 00:40:48.959, 2, 0, 97871, 0, 74.80
2026/09/26 00:40:48.959, 3, 0, 97871, 0, 76.04
2026/09/26 00:40:49.160, 0, 0, 97871, 0, 73.15
2026/09/26 00:40:49.160, 1, 0, 97871, 0, 75.83
2026/09/26 00:40:49.160, 2, 0, 97871, 0, 74.77
2026/09/26 00:40:49.160, 3, 0, 97871, 0, 76.02
2026/09/26 00:40:49.360, 0, 0, 97871, 0, 73.15
2026/09/26 00:40:49.360, 1, 0, 97871, 0, 75.82
2026/09/26 00:40:49.360, 2, 0, 97871, 0, 74.80
2026/09/26 00:40:49.360, 3, 0, 97871, 0, 75.99
2026/09/26 00:40:49.560, 0, 0, 97871, 0, 73.17
2026/09/26 00:40:49.560, 1, 0, 97871, 0, 75.82
2026/09/26 00:40:49.560, 2, 0, 97871, 0, 74.81
2026/09/26 00:40:49.560, 3, 0, 97871, 0, 75.99
2026/09/26 00:40:49.760, 0, 0, 97871, 0, 73.17
2026/09/26 00:40:49.760, 1, 0, 97871, 0, 75.81
2026/09/26 00:40:49.760, 2, 0, 97871, 0, 74.76
2026/09/26 00:40:49.760, 3, 0, 97871, 0, 75.96
2026/09/26 00:40:49.960, 0, 0, 97871, 0, 73.15
2026/09/26 00:40:49.960, 1, 0, 97871, 0, 75.79
2026/09/26 00:40:49.960, 2, 0, 97871, 0, 74.75
2026/09/26 00:40:49.960, 3, 0, 97871, 0, 75.96
2026/09/26 00:40:50.160, 0, 0, 97871, 0, 73.11
2026/09/26 00:40:50.160, 1, 0, 97871, 0, 75.78
2026/09/26 00:40:50.160, 2, 0, 97871, 0, 74.76
2026/09/26 00:40:50.160, 3, 0, 97871, 0, 75.96
2026/09/26 00:40:50.361, 0, 0, 97871, 0, 73.12
2026/09/26 00:40:50.361, 1, 0, 97871, 0, 75.78
2026/09/26 00:40:50.361, 2, 0, 97871, 0, 74.75
2026/09/26 00:40:50.361, 3, 0, 97871, 0, 75.96
2026/09/26 00:40:50.561, 0, 0, 97871, 0, 73.07
2026/09/26 00:40:50.561, 1, 0, 97871, 0, 75.76
2026/09/26 00:40:50.561, 2, 0, 97871, 0, 74.72
2026/09/26 00:40:50.561, 3, 0, 97871, 0, 75.93
2026/09/26 00:40:50.761, 0, 0, 97871, 0, 73.08
2026/09/26 00:40:50.761, 1, 0, 97871, 0, 75.76
2026/09/26 00:40:50.761, 2, 0, 97871, 0, 74.75
2026/09/26 00:40:50.761, 3, 0, 97871, 0, 75.92
2026/09/26 00:40:50.961, 0, 0, 97871, 0, 73.09
2026/09/26 00:40:50.961, 1, 0, 97871, 0, 75.78
2026/09/26 00:40:50.961, 2, 0, 97871, 0, 74.80
2026/09/26 00:40:50.961, 3, 0, 97871, 0, 75.90
2026/09/26 00:40:51.161, 0, 0, 97871, 0, 73.07
2026/09/26 00:40:51.161, 1, 0, 97871, 0, 75.78
2026/09/26 00:40:51.161, 2, 0, 97871, 0, 74.77
2026/09/26 00:40:51.161, 3, 0, 97871, 0, 75.91
2026/09/26 00:40:51.361, 0, 0, 97871, 0, 73.08
2026/09/26 00:40:51.361, 1, 0, 97871, 0, 75.76
2026/09/26 00:40:51.361, 2, 0, 97871, 0, 74.75
2026/09/26 00:40:51.361, 3, 0, 97871, 0, 75.90
2026/09/26 00:40:51.561, 0, 0, 97871, 0, 73.07
2026/09/26 00:40:51.561, 1, 0, 97871, 0, 75.75
2026/09/26 00:40:51.561, 2, 0, 97871, 0, 74.78
2026/09/26 00:40:51.562, 3, 0, 97871, 0, 75.92
2026/09/26 00:40:51.762, 0, 0, 97871, 0, 73.08
2026/09/26 00:40:51.762, 1, 0, 97871, 0, 75.73
2026/09/26 00:40:51.762, 2, 0, 97871, 0, 74.78
2026/09/26 00:40:51.762, 3, 0, 97871, 0, 75.91
2026/09/26 00:40:51.962, 0, 0, 97871, 0, 73.08
2026/09/26 00:40:51.962, 1, 0, 97871, 0, 75.71
2026/09/26 00:40:51.962, 2, 0, 97871, 0, 74.73
2026/09/26 00:40:51.962, 3, 0, 97871, 0, 75.91
2026/09/26 00:40:52.162, 0, 0, 97871, 0, 73.07
2026/09/26 00:40:52.162, 1, 0, 97871, 0, 75.69
2026/09/26 00:40:52.162, 2, 0, 97871, 0, 74.75
2026/09/26 00:40:52.162, 3, 0, 97871, 0, 75.90
2026/09/26 00:40:52.362, 0, 0, 97871, 0, 73.08
2026/09/26 00:40:52.362, 1, 0, 97871, 0, 75.67
2026/09/26 00:40:52.362, 2, 0, 97871, 0, 74.78
2026/09/26 00:40:52.362, 3, 0, 97871, 0, 75.89
2026/09/26 00:40:52.562, 0, 0, 97871, 0, 73.07
2026/09/26 00:40:52.562, 1, 0, 97871, 0, 75.68
2026/09/26 00:40:52.562, 2, 0, 97871, 0, 74.79
2026/09/26 00:40:52.562, 3, 0, 97871, 0, 75.86
2026/09/26 00:40:52.762, 0, 0, 97871, 0, 73.07
2026/09/26 00:40:52.762, 1, 0, 97871, 0, 75.66
2026/09/26 00:40:52.762, 2, 0, 97871, 0, 74.72
2026/09/26 00:40:52.762, 3, 0, 97871, 0, 75.87
2026/09/26 00:40:52.963, 0, 0, 97871, 0, 73.07
2026/09/26 00:40:52.963, 1, 0, 97871, 0, 75.65
2026/09/26 00:40:52.963, 2, 0, 97871, 0, 74.74
2026/09/26 00:40:52.963, 3, 0, 97871, 0, 75.87
2026/09/26 00:40:53.163, 0, 0, 97871, 0, 73.09
2026/09/26 00:40:53.163, 1, 0, 97871, 0, 75.63
2026/09/26 00:40:53.163, 2, 0, 97871, 0, 74.72
2026/09/26 00:40:53.163, 3, 0, 97871, 0, 75.87
2026/09/26 00:40:53.363, 0, 0, 97871, 0, 73.08
2026/09/26 00:40:53.363, 1, 0, 97871, 0, 75.64
2026/09/26 00:40:53.363, 2, 0, 97871, 0, 74.71
2026/09/26 00:40:53.363, 3, 0, 97871, 0, 75.86
2026/09/26 00:40:53.563, 0, 0, 97871, 0, 73.07
2026/09/26 00:40:53.563, 1, 0, 97871, 0, 75.62
2026/09/26 00:40:53.563, 2, 0, 97871, 0, 74.66
2026/09/26 00:40:53.563, 3, 0, 97871, 0, 75.87
2026/09/26 00:40:53.763, 0, 0, 97871, 0, 73.08
2026/09/26 00:40:53.763, 1, 0, 97871, 0, 75.64
2026/09/26 00:40:53.763, 2, 0, 97871, 0, 74.71
2026/09/26 00:40:53.763, 3, 0, 97871, 0, 75.86
2026/09/26 00:40:53.963, 0, 0, 97871, 0, 73.07
2026/09/26 00:40:53.963, 1, 0, 97871, 0, 75.61
2026/09/26 00:40:53.963, 2, 0, 97871, 0, 74.71
2026/09/26 00:40:53.963, 3, 0, 97871, 0, 75.85
2026/09/26 00:40:54.163, 0, 0, 97871, 0, 73.07
2026/09/26 00:40:54.163, 1, 0, 97871, 0, 75.61
2026/09/26 00:40:54.163, 2, 0, 97871, 0, 74.69
2026/09/26 00:40:54.164, 3, 0, 97871, 0, 75.82
2026/09/26 00:40:54.364, 0, 0, 97871, 0, 73.05
2026/09/26 00:40:54.364, 1, 0, 97871, 0, 75.62
2026/09/26 00:40:54.364, 2, 0, 97871, 0, 74.68
2026/09/26 00:40:54.364, 3, 0, 97871, 0, 75.82
2026/09/26 00:40:54.564, 0, 0, 97871, 0, 73.04
2026/09/26 00:40:54.564, 1, 0, 97871, 0, 75.60
2026/09/26 00:40:54.564, 2, 0, 97871, 0, 74.67
2026/09/26 00:40:54.564, 3, 0, 97871, 0, 75.81
2026/09/26 00:40:54.764, 0, 0, 97871, 0, 73.04
2026/09/26 00:40:54.764, 1, 0, 97871, 0, 75.59
2026/09/26 00:40:54.764, 2, 0, 97871, 0, 74.67
2026/09/26 00:40:54.764, 3, 0, 97871, 0, 75.80
2026/09/26 00:40:54.964, 0, 0, 97871, 0, 73.02
2026/09/26 00:40:54.964, 1, 0, 97871, 0, 75.61
2026/09/26 00:40:54.964, 2, 0, 97871, 0, 74.62
2026/09/26 00:40:54.964, 3, 0, 97871, 0, 75.78
2026/09/26 00:40:55.164, 0, 0, 97871, 0, 73.04
2026/09/26 00:40:55.164, 1, 0, 97871, 0, 75.60
2026/09/26 00:40:55.164, 2, 0, 97871, 0, 74.63
2026/09/26 00:40:55.164, 3, 0, 97871, 0, 75.77
2026/09/26 00:40:55.364, 0, 0, 97871, 0, 73.02
2026/09/26 00:40:55.364, 1, 0, 97871, 0, 75.58
2026/09/26 00:40:55.364, 2, 0, 97871, 0, 74.66
2026/09/26 00:40:55.364, 3, 0, 97871, 0, 75.74
2026/09/26 00:40:55.564, 0, 0, 97871, 0, 73.02
2026/09/26 00:40:55.565, 1, 0, 97871, 0, 75.60
2026/09/26 00:40:55.565, 2, 0, 97871, 0, 74.68
2026/09/26 00:40:55.565, 3, 0, 97871, 0, 75.73
2026/09/26 00:40:55.765, 0, 0, 97871, 0, 73.01
2026/09/26 00:40:55.765, 1, 0, 97871, 0, 75.61
2026/09/26 00:40:55.765, 2, 0, 97871, 0, 74.64
2026/09/26 00:40:55.765, 3, 0, 97871, 0, 75.71
2026/09/26 00:40:55.965, 0, 0, 97871, 0, 73.01
2026/09/26 00:40:55.965, 1, 0, 97871, 0, 75.59
2026/09/26 00:40:55.965, 2, 0, 97871, 0, 74.64
2026/09/26 00:40:55.965, 3, 0, 97871, 0, 75.69
2026/09/26 00:40:56.165, 0, 1, 97871, 0, 72.98
2026/09/26 00:40:56.171, 1, 1, 97871, 0, 75.61
2026/09/26 00:40:56.172, 2, 1, 97871, 0, 74.66
2026/09/26 00:40:56.174, 3, 1, 97871, 0, 75.68
2026/09/26 00:40:56.377, 0, 1, 97871, 0, 72.99
2026/09/26 00:40:56.378, 1, 1, 97871, 0, 75.62
2026/09/26 00:40:56.380, 2, 1, 97871, 0, 74.63
2026/09/26 00:40:56.380, 3, 1, 97871, 0, 75.66
2026/09/26 00:40:56.588, 0, 4, 97871, 0, 73.02
2026/09/26 00:40:56.641, 1, 1, 97871, 0, 75.61
2026/09/26 00:40:56.641, 2, 1, 97871, 0, 74.59
2026/09/26 00:40:56.641, 3, 1, 97871, 0, 75.67
2026/09/26 00:40:56.841, 0, 4, 97871, 0, 73.02
2026/09/26 00:40:56.877, 1, 4, 97871, 0, 75.64
2026/09/26 00:40:56.877, 2, 1, 97871, 0, 74.63
2026/09/26 00:40:56.877, 3, 1, 97871, 0, 75.67
2026/09/26 00:40:57.078, 0, 4, 97871, 0, 73.01
2026/09/26 00:40:57.112, 1, 4, 97871, 0, 75.63
2026/09/26 00:40:57.112, 2, 4, 97871, 0, 74.68
2026/09/26 00:40:57.112, 3, 1, 97871, 0, 75.68
2026/09/26 00:40:57.312, 0, 4, 97871, 0, 73.01
2026/09/26 00:40:57.314, 1, 4, 97871, 0, 75.60
2026/09/26 00:40:57.314, 2, 4, 97871, 0, 74.68
2026/09/26 00:40:57.314, 3, 4, 97871, 0, 75.73
2026/09/26 00:40:57.517, 0, 4, 97871, 0, 72.96
2026/09/26 00:40:57.517, 1, 4, 97871, 0, 75.60
2026/09/26 00:40:57.517, 2, 4, 97871, 0, 74.69
2026/09/26 00:40:57.517, 3, 4, 97871, 0, 75.71
2026/09/26 00:40:57.717, 0, 4, 97871, 0, 72.97
2026/09/26 00:40:57.717, 1, 4, 97871, 0, 75.57
2026/09/26 00:40:57.717, 2, 4, 97871, 0, 74.68
2026/09/26 00:40:57.717, 3, 4, 97871, 0, 75.76
2026/09/26 00:40:57.917, 0, 21, 97871, 0, 72.97
2026/09/26 00:40:57.923, 1, 8, 97871, 0, 75.53
2026/09/26 00:40:57.940, 2, 10, 97871, 0, 74.70
2026/09/26 00:40:57.948, 3, 4, 97871, 0, 75.82
2026/09/26 00:40:58.151, 0, 29, 97871, 0, 81.65
2026/09/26 00:40:58.157, 1, 21, 97871, 0, 82.03
2026/09/26 00:40:58.164, 2, 21, 97871, 0, 81.68
2026/09/26 00:40:58.168, 3, 21, 97871, 0, 83.48
2026/09/26 00:40:58.369, 0, 385, 97871, 1, 94.60
2026/09/26 00:40:58.377, 1, 385, 97871, 0, 96.64
2026/09/26 00:40:58.377, 2, 385, 97871, 0, 90.63
2026/09/26 00:40:58.377, 3, 385, 97871, 0, 94.34
2026/09/26 00:40:58.577, 0, 483, 97871, 1, 103.12
2026/09/26 00:40:58.578, 1, 481, 97871, 3, 106.73
2026/09/26 00:40:58.579, 2, 483, 97871, 2, 99.12
2026/09/26 00:40:58.579, 3, 481, 97871, 1, 103.12
2026/09/26 00:40:58.780, 0, 727, 97871, 1, 111.63
2026/09/26 00:40:58.780, 1, 727, 97871, 3, 115.58
2026/09/26 00:40:58.781, 2, 727, 97871, 0, 107.68
2026/09/26 00:40:58.781, 3, 727, 97871, 5, 112.18
2026/09/26 00:40:58.981, 0, 1019, 97871, 1, 116.80
2026/09/26 00:40:58.981, 1, 1019, 97871, 1, 124.57
2026/09/26 00:40:58.983, 2, 1019, 97871, 1, 116.22
2026/09/26 00:40:58.983, 3, 1019, 97871, 1, 123.09
2026/09/26 00:40:59.184, 0, 1163, 97871, 0, 116.51
2026/09/26 00:40:59.186, 1, 1163, 97871, 0, 124.17
2026/09/26 00:40:59.186, 2, 1163, 97871, 0, 118.45
2026/09/26 00:40:59.186, 3, 1163, 97871, 0, 122.68
2026/09/26 00:40:59.386, 0, 1201, 97871, 0, 116.71
2026/09/26 00:40:59.386, 1, 1201, 97871, 0, 124.17
2026/09/26 00:40:59.386, 2, 1201, 97871, 1, 118.57
2026/09/26 00:40:59.386, 3, 1201, 97871, 0, 122.72
2026/09/26 00:40:59.586, 0, 1443, 97871, 1, 116.73
2026/09/26 00:40:59.586, 1, 1443, 97871, 1, 124.18
2026/09/26 00:40:59.586, 2, 1441, 97871, 0, 118.59
2026/09/26 00:40:59.588, 3, 1443, 97871, 0, 122.70
2026/09/26 00:40:59.788, 0, 1735, 97871, 1, 116.76
2026/09/26 00:40:59.789, 1, 1735, 97871, 0, 124.21
2026/09/26 00:40:59.789, 2, 1735, 97871, 0, 118.75
2026/09/26 00:40:59.790, 3, 1735, 97871, 1, 122.71
2026/09/26 00:40:59.990, 0, 1735, 97871, 0, 116.89
2026/09/26 00:40:59.990, 1, 1735, 97871, 0, 124.37
2026/09/26 00:40:59.991, 2, 1735, 97871, 0, 118.81
2026/09/26 00:40:59.991, 3, 1735, 97871, 0, 122.60
2026/09/26 00:41:00.191, 0, 1735, 97871, 0, 116.96
2026/09/26 00:41:00.191, 1, 1735, 97871, 0, 124.50
2026/09/26 00:41:00.191, 2, 1735, 97871, 0, 119.01
2026/09/26 00:41:00.191, 3, 1735, 97871, 0, 122.92
2026/09/26 00:41:00.391, 0, 1805, 97871, 0, 116.78
2026/09/26 00:41:00.391, 1, 1805, 97871, 0, 124.19
2026/09/26 00:41:00.391, 2, 1805, 97871, 0, 118.60
2026/09/26 00:41:00.391, 3, 1805, 97871, 0, 122.49
2026/09/26 00:41:00.591, 0, 1807, 97871, 0, 116.76
2026/09/26 00:41:00.591, 1, 1807, 97871, 3, 124.17
2026/09/26 00:41:00.591, 2, 1807, 97871, 0, 118.58
2026/09/26 00:41:00.591, 3, 1807, 97871, 0, 122.45
2026/09/26 00:41:00.791, 0, 2831, 97871, 0, 116.76
2026/09/26 00:41:00.791, 1, 2831, 97871, 0, 124.18
2026/09/26 00:41:00.791, 2, 2831, 97871, 3, 118.79
2026/09/26 00:41:00.791, 3, 2831, 97871, 0, 122.42
2026/09/26 00:41:00.991, 0, 3893, 97871, 0, 116.69
2026/09/26 00:41:00.991, 1, 3893, 97871, 0, 124.13
2026/09/26 00:41:00.991, 2, 3893, 97871, 0, 118.71
2026/09/26 00:41:00.991, 3, 3893, 97871, 0, 122.36
2026/09/26 00:41:01.192, 0, 4087, 97871, 0, 116.56
2026/09/26 00:41:01.192, 1, 4087, 97871, 0, 123.89
2026/09/26 00:41:01.192, 2, 4087, 97871, 1, 118.51
2026/09/26 00:41:01.192, 3, 4087, 97871, 0, 122.07
2026/09/26 00:41:01.392, 0, 8111, 97871, 3, 116.58
2026/09/26 00:41:01.392, 1, 9359, 97871, 3, 123.93
2026/09/26 00:41:01.392, 2, 10295, 97871, 1, 118.57
2026/09/26 00:41:01.392, 3, 11543, 97871, 3, 122.10
2026/09/26 00:41:01.592, 0, 8111, 97871, 4, 116.59
2026/09/26 00:41:01.592, 1, 9359, 97871, 4, 123.99
2026/09/26 00:41:01.592, 2, 10295, 97871, 5, 118.62
2026/09/26 00:41:01.592, 3, 11543, 97871, 3, 122.11
2026/09/26 00:41:01.792, 0, 8111, 97871, 3, 116.61
2026/09/26 00:41:01.792, 1, 9359, 97871, 4, 124.06
2026/09/26 00:41:01.792, 2, 10295, 97871, 7, 118.33
2026/09/26 00:41:01.792, 3, 11543, 97871, 1, 122.14
2026/09/26 00:41:01.992, 0, 8111, 97871, 3, 116.61
2026/09/26 00:41:01.992, 1, 9359, 97871, 6, 124.11
2026/09/26 00:41:01.992, 2, 10295, 97871, 2, 118.40
2026/09/26 00:41:01.992, 3, 11543, 97871, 4, 122.20
2026/09/26 00:41:02.192, 0, 8111, 97871, 2, 116.61
2026/09/26 00:41:02.192, 1, 9359, 97871, 5, 124.16
2026/09/26 00:41:02.192, 2, 10295, 97871, 5, 118.43
2026/09/26 00:41:02.192, 3, 11543, 97871, 6, 122.22
2026/09/26 00:41:02.393, 0, 8111, 97871, 3, 116.60
2026/09/26 00:41:02.393, 1, 9359, 97871, 5, 124.22
2026/09/26 00:41:02.393, 2, 10295, 97871, 4, 118.41
2026/09/26 00:41:02.393, 3, 11543, 97871, 5, 122.24
2026/09/26 00:41:02.593, 0, 8111, 97871, 3, 116.58
2026/09/26 00:41:02.593, 1, 9359, 97871, 4, 124.18
2026/09/26 00:41:02.593, 2, 10295, 97871, 6, 118.43
2026/09/26 00:41:02.593, 3, 11543, 97871, 4, 122.28
2026/09/26 00:41:02.793, 0, 8111, 97871, 6, 116.62
2026/09/26 00:41:02.793, 1, 9359, 97871, 9, 124.19
2026/09/26 00:41:02.793, 2, 10295, 97871, 4, 118.41
2026/09/26 00:41:02.793, 3, 11543, 97871, 6, 122.30
2026/09/26 00:41:02.993, 0, 8111, 97871, 4, 116.64
2026/09/26 00:41:02.993, 1, 9359, 97871, 4, 124.21
2026/09/26 00:41:02.993, 2, 10295, 97871, 8, 118.54
2026/09/26 00:41:02.993, 3, 11543, 97871, 6, 122.34
2026/09/26 00:41:03.193, 0, 8111, 97871, 7, 116.77
2026/09/26 00:41:03.193, 1, 9359, 97871, 1, 124.21
2026/09/26 00:41:03.193, 2, 10295, 97871, 2, 118.48
2026/09/26 00:41:03.193, 3, 11543, 97871, 0, 122.26
2026/09/26 00:41:03.393, 0, 8111, 97871, 4, 116.80
2026/09/26 00:41:03.393, 1, 9359, 97871, 4, 124.14
2026/09/26 00:41:03.393, 2, 10295, 97871, 6, 118.49
2026/09/26 00:41:03.393, 3, 11543, 97871, 10, 122.28
2026/09/26 00:41:03.593, 0, 8111, 97871, 3, 116.80
2026/09/26 00:41:03.593, 1, 9359, 97871, 5, 124.17
2026/09/26 00:41:03.594, 2, 10295, 97871, 1, 118.51
2026/09/26 00:41:03.594, 3, 11543, 97871, 6, 122.32
2026/09/26 00:41:03.794, 0, 8111, 97871, 3, 116.78
2026/09/26 00:41:03.794, 1, 9359, 97871, 2, 124.10
2026/09/26 00:41:03.794, 2, 10295, 97871, 6, 118.53
2026/09/26 00:41:03.794, 3, 11543, 97871, 4, 122.29
2026/09/26 00:41:03.994, 0, 8111, 97871, 2, 116.71
2026/09/26 00:41:03.994, 1, 9359, 97871, 5, 124.05
2026/09/26 00:41:03.994, 2, 10295, 97871, 5, 118.43
2026/09/26 00:41:03.994, 3, 11543, 97871, 6, 122.26
2026/09/26 00:41:04.194, 0, 8111, 97871, 1, 116.61
2026/09/26 00:41:04.194, 1, 9359, 97871, 4, 124.07
2026/09/26 00:41:04.194, 2, 10295, 97871, 6, 118.46
2026/09/26 00:41:04.194, 3, 11543, 97871, 5, 122.29
2026/09/26 00:41:04.394, 0, 8111, 97871, 2, 116.55
2026/09/26 00:41:04.394, 1, 9359, 97871, 5, 124.09
2026/09/26 00:41:04.394, 2, 10295, 97871, 6, 118.44
2026/09/26 00:41:04.394, 3, 11543, 97871, 5, 122.30
2026/09/26 00:41:04.594, 0, 8111, 97871, 5, 116.59
2026/09/26 00:41:04.594, 1, 9359, 97871, 5, 124.07
2026/09/26 00:41:04.594, 2, 10295, 97871, 6, 118.47
2026/09/26 00:41:04.594, 3, 11543, 97871, 3, 122.20
2026/09/26 00:41:04.794, 0, 8111, 97871, 3, 116.55
2026/09/26 00:41:04.794, 1, 9359, 97871, 0, 124.02
2026/09/26 00:41:04.794, 2, 10295, 97871, 5, 118.39
2026/09/26 00:41:04.795, 3, 11543, 97871, 3, 122.22
2026/09/26 00:41:04.995, 0, 8111, 97871, 2, 116.59
2026/09/26 00:41:04.995, 1, 9359, 97871, 0, 123.94
2026/09/26 00:41:04.995, 2, 10295, 97871, 5, 118.37
2026/09/26 00:41:04.995, 3, 11543, 97871, 0, 122.21
2026/09/26 00:41:05.195, 0, 8111, 97871, 0, 116.57
2026/09/26 00:41:05.195, 1, 9359, 97871, 0, 123.85
2026/09/26 00:41:05.195, 2, 10295, 97871, 0, 118.31
2026/09/26 00:41:05.195, 3, 11543, 97871, 1, 122.20
2026/09/26 00:41:05.395, 0, 8111, 97871, 0, 116.56
2026/09/26 00:41:05.395, 1, 9359, 97871, 0, 123.76
2026/09/26 00:41:05.395, 2, 10295, 97871, 0, 118.24
2026/09/26 00:41:05.395, 3, 11543, 97871, 4, 122.17
2026/09/26 00:41:05.595, 0, 8111, 97871, 0, 116.50
2026/09/26 00:41:05.595, 1, 9359, 97871, 0, 123.69
2026/09/26 00:41:05.595, 2, 10295, 97871, 0, 118.17
2026/09/26 00:41:05.595, 3, 11543, 97871, 6, 122.21
2026/09/26 00:41:05.795, 0, 8111, 97871, 0, 116.49
2026/09/26 00:41:05.795, 1, 9359, 97871, 0, 123.71
2026/09/26 00:41:05.795, 2, 10295, 97871, 0, 118.15
2026/09/26 00:41:05.795, 3, 11543, 97871, 3, 122.19
2026/09/26 00:41:05.995, 0, 8111, 97871, 0, 116.48
2026/09/26 00:41:05.995, 1, 9359, 97871, 0, 123.74
2026/09/26 00:41:05.995, 2, 10295, 97871, 0, 118.13
2026/09/26 00:41:05.995, 3, 11543, 97871, 0, 122.18
2026/09/26 00:41:06.196, 0, 8111, 97871, 0, 116.48
2026/09/26 00:41:06.196, 1, 9359, 97871, 0, 123.75
2026/09/26 00:41:06.196, 2, 10295, 97871, 0, 118.12
2026/09/26 00:41:06.196, 3, 11543, 97871, 0, 122.14
2026/09/26 00:41:06.396, 0, 8111, 97871, 0, 116.50
2026/09/26 00:41:06.396, 1, 9359, 97871, 0, 123.76
2026/09/26 00:41:06.396, 2, 10295, 97871, 0, 118.11
2026/09/26 00:41:06.396, 3, 11543, 97871, 0, 122.08
2026/09/26 00:41:06.596, 0, 8111, 97871, 0, 116.52
2026/09/26 00:41:06.596, 1, 9359, 97871, 0, 123.76
2026/09/26 00:41:06.596, 2, 10295, 97871, 0, 118.14
2026/09/26 00:41:06.596, 3, 11543, 97871, 0, 122.00
2026/09/26 00:41:06.796, 0, 8111, 97871, 0, 116.52
2026/09/26 00:41:06.796, 1, 9359, 97871, 0, 123.76
2026/09/26 00:41:06.796, 2, 10295, 97871, 0, 118.15
2026/09/26 00:41:06.796, 3, 11543, 97871, 0, 121.95
2026/09/26 00:41:06.996, 0, 8111, 97871, 0, 116.52
2026/09/26 00:41:06.996, 1, 9359, 97871, 0, 123.76
2026/09/26 00:41:06.996, 2, 10295, 97871, 0, 118.10
2026/09/26 00:41:06.996, 3, 11543, 97871, 0, 121.91
2026/09/26 00:41:07.196, 0, 8111, 97871, 0, 116.51
2026/09/26 00:41:07.197, 1, 9359, 97871, 0, 123.74
2026/09/26 00:41:07.197, 2, 10295, 97871, 0, 118.11
2026/09/26 00:41:07.197, 3, 11543, 97871, 0, 121.91
2026/09/26 00:41:07.397, 0, 8111, 97871, 0, 116.52
2026/09/26 00:41:07.397, 1, 9359, 97871, 0, 123.72
2026/09/26 00:41:07.397, 2, 10295, 97871, 0, 118.11
2026/09/26 00:41:07.397, 3, 11543, 97871, 0, 121.88
2026/09/26 00:41:07.597, 0, 8111, 97871, 0, 116.50
2026/09/26 00:41:07.597, 1, 9359, 97871, 0, 123.72
2026/09/26 00:41:07.597, 2, 10295, 97871, 0, 118.13
2026/09/26 00:41:07.597, 3, 11543, 97871, 0, 121.87
2026/09/26 00:41:07.797, 0, 8111, 97871, 0, 116.48
2026/09/26 00:41:07.797, 1, 9359, 97871, 0, 123.73
2026/09/26 00:41:07.797, 2, 10295, 97871, 0, 118.07
2026/09/26 00:41:07.797, 3, 11543, 97871, 0, 121.87
2026/09/26 00:41:07.998, 0, 8111, 97871, 0, 116.48
2026/09/26 00:41:07.998, 1, 9359, 97871, 0, 123.72
2026/09/26 00:41:07.998, 2, 10295, 97871, 0, 118.11
2026/09/26 00:41:07.998, 3, 11543, 97871, 0, 121.85
2026/09/26 00:41:08.198, 0, 8111, 97871, 0, 116.43
2026/09/26 00:41:08.198, 1, 9359, 97871, 0, 123.72
2026/09/26 00:41:08.198, 2, 10295, 97871, 0, 118.13
2026/09/26 00:41:08.198, 3, 11543, 97871, 0, 121.82
2026/09/26 00:41:08.398, 0, 8111, 97871, 0, 116.44
2026/09/26 00:41:08.398, 1, 9359, 97871, 0, 123.73
2026/09/26 00:41:08.398, 2, 10295, 97871, 0, 118.14
2026/09/26 00:41:08.398, 3, 11543, 97871, 0, 121.82
2026/09/26 00:41:08.598, 0, 8111, 97871, 0, 116.42
2026/09/26 00:41:08.598, 1, 9359, 97871, 0, 123.71
2026/09/26 00:41:08.598, 2, 10295, 97871, 0, 118.10
2026/09/26 00:41:08.598, 3, 11543, 97871, 0, 121.82
2026/09/26 00:41:08.798, 0, 8111, 97871, 0, 116.44
2026/09/26 00:41:08.798, 1, 9359, 97871, 0, 123.68
2026/09/26 00:41:08.798, 2, 10295, 97871, 0, 118.13
2026/09/26 00:41:08.798, 3, 11543, 97871, 0, 121.78
2026/09/26 00:41:08.998, 0, 8111, 97871, 0, 116.44
2026/09/26 00:41:08.998, 1, 9359, 97871, 0, 123.68
2026/09/26 00:41:08.998, 2, 10295, 97871, 0, 118.12
2026/09/26 00:41:08.998, 3, 11543, 97871, 0, 121.79
2026/09/26 00:41:09.198, 0, 8111, 97871, 0, 116.44
2026/09/26 00:41:09.198, 1, 9359, 97871, 0, 123.67
2026/09/26 00:41:09.199, 2, 10295, 97871, 0, 118.12
2026/09/26 00:41:09.199, 3, 11543, 97871, 0, 121.79
2026/09/26 00:41:09.399, 0, 8111, 97871, 0, 116.44
2026/09/26 00:41:09.399, 1, 9359, 97871, 0, 123.66
2026/09/26 00:41:09.399, 2, 10295, 97871, 0, 118.08
2026/09/26 00:41:09.399, 3, 11543, 97871, 0, 121.81
2026/09/26 00:41:09.599, 0, 8111, 97871, 0, 116.42
2026/09/26 00:41:09.599, 1, 9359, 97871, 0, 123.66
2026/09/26 00:41:09.599, 2, 10295, 97871, 0, 118.12
2026/09/26 00:41:09.599, 3, 11543, 97871, 0, 121.83
2026/09/26 00:41:09.799, 0, 8111, 97871, 0, 116.42
2026/09/26 00:41:09.799, 1, 9359, 97871, 0, 123.67
2026/09/26 00:41:09.799, 2, 10295, 97871, 0, 118.15
2026/09/26 00:41:09.799, 3, 11543, 97871, 0, 121.85
2026/09/26 00:41:09.999, 0, 8111, 97871, 0, 116.42
2026/09/26 00:41:09.999, 1, 9359, 97871, 0, 123.64
2026/09/26 00:41:09.999, 2, 10295, 97871, 0, 118.13
2026/09/26 00:41:09.999, 3, 11543, 97871, 0, 121.84
2026/09/26 00:41:10.199, 0, 8111, 97871, 0, 116.42
2026/09/26 00:41:10.199, 1, 9359, 97871, 0, 123.64
2026/09/26 00:41:10.199, 2, 10295, 97871, 0, 118.09
2026/09/26 00:41:10.199, 3, 11543, 97871, 0, 121.85
2026/09/26 00:41:10.399, 0, 8111, 97871, 0, 116.42
2026/09/26 00:41:10.399, 1, 9359, 97871, 0, 123.63
2026/09/26 00:41:10.399, 2, 10295, 97871, 0, 118.14
2026/09/26 00:41:10.399, 3, 11543, 97871, 0, 121.84
2026/09/26 00:41:10.600, 0, 8111, 97871, 0, 116.43
2026/09/26 00:41:10.600, 1, 9359, 97871, 0, 123.63
2026/09/26 00:41:10.600, 2, 10295, 97871, 0, 118.17
2026/09/26 00:41:10.600, 3, 11543, 97871, 0, 121.82
2026/09/26 00:41:10.800, 0, 8111, 97871, 0, 116.46
2026/09/26 00:41:10.800, 1, 9359, 97871, 0, 123.61
2026/09/26 00:41:10.800, 2, 10295, 97871, 0, 118.11
2026/09/26 00:41:10.800, 3, 11543, 97871, 0, 121.79
2026/09/26 00:41:11.000, 0, 8111, 97871, 0, 116.44
2026/09/26 00:41:11.000, 1, 9359, 97871, 0, 123.60
2026/09/26 00:41:11.000, 2, 10295, 97871, 0, 118.11
2026/09/26 00:41:11.000, 3, 11543, 97871, 0, 121.80
2026/09/26 00:41:11.200, 0, 8111, 97871, 0, 116.46
2026/09/26 00:41:11.200, 1, 9359, 97871, 0, 123.57
2026/09/26 00:41:11.200, 2, 10295, 97871, 0, 118.14
2026/09/26 00:41:11.200, 3, 11543, 97871, 0, 121.80
2026/09/26 00:41:11.400, 0, 8111, 97871, 0, 116.46
2026/09/26 00:41:11.400, 1, 9359, 97871, 0, 123.57
2026/09/26 00:41:11.400, 2, 10295, 97871, 0, 118.13
2026/09/26 00:41:11.400, 3, 11543, 97871, 0, 121.78
2026/09/26 00:41:11.600, 0, 8111, 97871, 0, 116.46
2026/09/26 00:41:11.600, 1, 9359, 97871, 0, 123.56
2026/09/26 00:41:11.600, 2, 10295, 97871, 0, 118.07
2026/09/26 00:41:11.600, 3, 11543, 97871, 0, 121.79
2026/09/26 00:41:11.800, 0, 8111, 97871, 0, 116.46
2026/09/26 00:41:11.800, 1, 9359, 97871, 0, 123.58
2026/09/26 00:41:11.800, 2, 10295, 97871, 0, 118.09
2026/09/26 00:41:11.800, 3, 11543, 97871, 0, 121.79
2026/09/26 00:41:12.001, 0, 8111, 97871, 0, 116.47
2026/09/26 00:41:12.001, 1, 9359, 97871, 0, 123.56
2026/09/26 00:41:12.001, 2, 10295, 97871, 0, 118.10
2026/09/26 00:41:12.001, 3, 11543, 97871, 0, 121.78
2026/09/26 00:41:12.201, 0, 8111, 97871, 0, 116.47
2026/09/26 00:41:12.201, 1, 9359, 97871, 0, 123.57
2026/09/26 00:41:12.201, 2, 10295, 97871, 0, 118.09
2026/09/26 00:41:12.201, 3, 11543, 97871, 0, 121.75
2026/09/26 00:41:12.401, 0, 8111, 97871, 0, 116.44
2026/09/26 00:41:12.401, 1, 9359, 97871, 0, 123.58
2026/09/26 00:41:12.401, 2, 10295, 97871, 0, 118.04
2026/09/26 00:41:12.401, 3, 11543, 97871, 0, 121.73
2026/09/26 00:41:12.601, 0, 8111, 97871, 0, 116.44
2026/09/26 00:41:12.601, 1, 9359, 97871, 0, 123.60
2026/09/26 00:41:12.601, 2, 10295, 97871, 0, 118.07
2026/09/26 00:41:12.601, 3, 11543, 97871, 0, 121.73
2026/09/26 00:41:12.801, 0, 8111, 97871, 0, 116.44
2026/09/26 00:41:12.801, 1, 9359, 97871, 0, 123.58
2026/09/26 00:41:12.801, 2, 10295, 97871, 0, 118.09
2026/09/26 00:41:12.801, 3, 11543, 97871, 0, 121.72
2026/09/26 00:41:13.001, 0, 8111, 97871, 0, 116.42
2026/09/26 00:41:13.001, 1, 9359, 97871, 0, 123.60
2026/09/26 00:41:13.001, 2, 10295, 97871, 0, 118.09
2026/09/26 00:41:13.001, 3, 11543, 97871, 0, 121.73
2026/09/26 00:41:13.202, 0, 8111, 97871, 0, 116.42
2026/09/26 00:41:13.202, 1, 9359, 97871, 0, 123.58
2026/09/26 00:41:13.202, 2, 10295, 97871, 0, 118.07
2026/09/26 00:41:13.202, 3, 11543, 97871, 0, 121.73
2026/09/26 00:41:13.402, 0, 8111, 97871, 0, 116.41
2026/09/26 00:41:13.402, 1, 9359, 97871, 0, 123.56
2026/09/26 00:41:13.402, 2, 10295, 97871, 0, 118.08
2026/09/26 00:41:13.402, 3, 11543, 97871, 0, 121.73
2026/09/26 00:41:13.602, 0, 8111, 97871, 0, 116.42
2026/09/26 00:41:13.602, 1, 9359, 97871, 0, 123.54
2026/09/26 00:41:13.602, 2, 10295, 97871, 0, 118.09
2026/09/26 00:41:13.602, 3, 11543, 97871, 0, 121.70
2026/09/26 00:41:13.802, 0, 8111, 97871, 0, 116.38
2026/09/26 00:41:13.802, 1, 9359, 97871, 0, 123.56
2026/09/26 00:41:13.802, 2, 10295, 97871, 0, 118.07
2026/09/26 00:41:13.802, 3, 11543, 97871, 0, 121.67
2026/09/26 00:41:14.002, 0, 8111, 97871, 0, 116.40
2026/09/26 00:41:14.002, 1, 9359, 97871, 0, 123.56
2026/09/26 00:41:14.002, 2, 10295, 97871, 0, 118.03
2026/09/26 00:41:14.002, 3, 11543, 97871, 0, 121.64
2026/09/26 00:41:14.202, 0, 8111, 97871, 0, 116.38
2026/09/26 00:41:14.202, 1, 9359, 97871, 0, 123.56
2026/09/26 00:41:14.202, 2, 10295, 97871, 0, 118.07
2026/09/26 00:41:14.202, 3, 11543, 97871, 0, 121.64
2026/09/26 00:41:14.402, 0, 8111, 97871, 0, 116.39
2026/09/26 00:41:14.402, 1, 9359, 97871, 0, 123.56
2026/09/26 00:41:14.403, 2, 10295, 97871, 0, 118.09
2026/09/26 00:41:14.403, 3, 11543, 97871, 0, 121.61
2026/09/26 00:41:14.603, 0, 8111, 97871, 0, 116.41
2026/09/26 00:41:14.603, 1, 9359, 97871, 0, 123.56
2026/09/26 00:41:14.603, 2, 10295, 97871, 0, 118.06
2026/09/26 00:41:14.603, 3, 11543, 97871, 0, 121.61
2026/09/26 00:41:14.803, 0, 8111, 97871, 0, 116.40
2026/09/26 00:41:14.803, 1, 9359, 97871, 0, 123.54
2026/09/26 00:41:14.803, 2, 10295, 97871, 0, 118.06
2026/09/26 00:41:14.803, 3, 11543, 97871, 0, 121.60
2026/09/26 00:41:15.003, 0, 8111, 97871, 0, 116.40
2026/09/26 00:41:15.003, 1, 9359, 97871, 0, 123.52
2026/09/26 00:41:15.003, 2, 10295, 97871, 0, 118.08
2026/09/26 00:41:15.003, 3, 11543, 97871, 0, 121.59
2026/09/26 00:41:15.203, 0, 8111, 97871, 0, 116.38
2026/09/26 00:41:15.203, 1, 9359, 97871, 0, 123.51
2026/09/26 00:41:15.203, 2, 10295, 97871, 0, 118.09
2026/09/26 00:41:15.203, 3, 11543, 97871, 0, 121.57
2026/09/26 00:41:15.403, 0, 8111, 97871, 0, 116.38
2026/09/26 00:41:15.403, 1, 9359, 97871, 0, 123.50
2026/09/26 00:41:15.403, 2, 10295, 97871, 0, 118.04
2026/09/26 00:41:15.404, 3, 11543, 97871, 0, 121.59
2026/09/26 00:41:15.604, 0, 8111, 97871, 0, 116.37
2026/09/26 00:41:15.604, 1, 9359, 97871, 0, 123.50
2026/09/26 00:41:15.604, 2, 10295, 97871, 0, 118.06
2026/09/26 00:41:15.604, 3, 11543, 97871, 0, 121.59
2026/09/26 00:41:15.804, 0, 8111, 97871, 0, 116.38
2026/09/26 00:41:15.804, 1, 9359, 97871, 0, 123.50
2026/09/26 00:41:15.804, 2, 10295, 97871, 0, 118.06
2026/09/26 00:41:15.804, 3, 11543, 97871, 0, 121.60
2026/09/26 00:41:16.004, 0, 8111, 97871, 0, 116.38
2026/09/26 00:41:16.004, 1, 9359, 97871, 0, 123.48
2026/09/26 00:41:16.004, 2, 10295, 97871, 0, 118.05
2026/09/26 00:41:16.004, 3, 11543, 97871, 0, 121.63
2026/09/26 00:41:16.204, 0, 8111, 97871, 0, 116.35
2026/09/26 00:41:16.204, 1, 9359, 97871, 0, 123.47
2026/09/26 00:41:16.204, 2, 10295, 97871, 0, 118.00
2026/09/26 00:41:16.204, 3, 11543, 97871, 0, 121.64
2026/09/26 00:41:16.404, 0, 8111, 97871, 0, 116.38
2026/09/26 00:41:16.404, 1, 9359, 97871, 0, 123.46
2026/09/26 00:41:16.404, 2, 10295, 97871, 0, 118.03
2026/09/26 00:41:16.404, 3, 11543, 97871, 0, 121.63
2026/09/26 00:41:16.604, 0, 8111, 97871, 0, 116.35
2026/09/26 00:41:16.605, 1, 9359, 97871, 0, 123.46
2026/09/26 00:41:16.605, 2, 10295, 97871, 0, 118.05
2026/09/26 00:41:16.605, 3, 11543, 97871, 0, 121.61
2026/09/26 00:41:16.805, 0, 8111, 97871, 0, 116.36
2026/09/26 00:41:16.805, 1, 9359, 97871, 0, 123.44
2026/09/26 00:41:16.805, 2, 10295, 97871, 0, 118.06
2026/09/26 00:41:16.805, 3, 11543, 97871, 0, 121.59
2026/09/26 00:41:17.005, 0, 8111, 97871, 0, 116.35
2026/09/26 00:41:17.005, 1, 9359, 97871, 0, 123.43
2026/09/26 00:41:17.005, 2, 10295, 97871, 0, 118.02
2026/09/26 00:41:17.005, 3, 11543, 97871, 0, 121.58
2026/09/26 00:41:17.205, 0, 8111, 97871, 0, 116.38
2026/09/26 00:41:17.205, 1, 9359, 97871, 0, 123.43
2026/09/26 00:41:17.205, 2, 10295, 97871, 0, 118.06
2026/09/26 00:41:17.205, 3, 11543, 97871, 0, 121.58
2026/09/26 00:41:17.405, 0, 8111, 97871, 0, 116.37
2026/09/26 00:41:17.405, 1, 9359, 97871, 0, 123.43
2026/09/26 00:41:17.405, 2, 10295, 97871, 0, 118.04
2026/09/26 00:41:17.405, 3, 11543, 97871, 0, 121.57
2026/09/26 00:41:17.605, 0, 8111, 97871, 0, 116.36
2026/09/26 00:41:17.605, 1, 9359, 97871, 0, 123.43
2026/09/26 00:41:17.605, 2, 10295, 97871, 0, 118.02
2026/09/26 00:41:17.605, 3, 11543, 97871, 0, 121.59
2026/09/26 00:41:17.805, 0, 8111, 97871, 0, 116.38
2026/09/26 00:41:17.805, 1, 9359, 97871, 0, 123.44
2026/09/26 00:41:17.805, 2, 10295, 97871, 0, 117.98
2026/09/26 00:41:17.805, 3, 11543, 97871, 0, 121.59
2026/09/26 00:41:18.006, 0, 8111, 97871, 0, 116.36
2026/09/26 00:41:18.006, 1, 9359, 97871, 0, 123.44
2026/09/26 00:41:18.006, 2, 10295, 97871, 0, 118.00
2026/09/26 00:41:18.006, 3, 11543, 97871, 0, 121.57
2026/09/26 00:41:18.206, 0, 8111, 97871, 0, 116.38
2026/09/26 00:41:18.206, 1, 9359, 97871, 0, 123.43
2026/09/26 00:41:18.206, 2, 10295, 97871, 0, 118.00
2026/09/26 00:41:18.206, 3, 11543, 97871, 0, 121.56
2026/09/26 00:41:18.406, 0, 8111, 97871, 0, 116.39
2026/09/26 00:41:18.406, 1, 9359, 97871, 0, 123.42
2026/09/26 00:41:18.406, 2, 10295, 97871, 0, 117.98
2026/09/26 00:41:18.406, 3, 11543, 97871, 0, 121.57
2026/09/26 00:41:18.606, 0, 8111, 97871, 0, 116.40
2026/09/26 00:41:18.606, 1, 9359, 97871, 0, 123.41
2026/09/26 00:41:18.606, 2, 10295, 97871, 0, 117.96
2026/09/26 00:41:18.606, 3, 11543, 97871, 0, 121.55
2026/09/26 00:41:18.806, 0, 8111, 97871, 0, 116.40
2026/09/26 00:41:18.806, 1, 9359, 97871, 0, 123.39
2026/09/26 00:41:18.806, 2, 10295, 97871, 0, 117.97
2026/09/26 00:41:18.806, 3, 11543, 97871, 0, 121.56
2026/09/26 00:41:19.006, 0, 8111, 97871, 0, 116.36
2026/09/26 00:41:19.006, 1, 9359, 97871, 0, 123.39
2026/09/26 00:41:19.006, 2, 10295, 97871, 0, 117.99
2026/09/26 00:41:19.006, 3, 11543, 97871, 0, 121.54
2026/09/26 00:41:19.206, 0, 8111, 97871, 0, 116.37
2026/09/26 00:41:19.207, 1, 9359, 97871, 0, 123.41
2026/09/26 00:41:19.207, 2, 10295, 97871, 0, 117.96
2026/09/26 00:41:19.207, 3, 11543, 97871, 0, 121.54
2026/09/26 00:41:19.407, 0, 8111, 97871, 0, 116.33
2026/09/26 00:41:19.407, 1, 9359, 97871, 0, 123.40
2026/09/26 00:41:19.407, 2, 10295, 97871, 0, 117.99
2026/09/26 00:41:19.407, 3, 11543, 97871, 0, 121.54
2026/09/26 00:41:19.607, 0, 8111, 97871, 0, 116.34
2026/09/26 00:41:19.607, 1, 9359, 97871, 0, 123.42
2026/09/26 00:41:19.607, 2, 10295, 97871, 0, 117.99
2026/09/26 00:41:19.607, 3, 11543, 97871, 0, 121.54
2026/09/26 00:41:19.807, 0, 8111, 97871, 0, 116.33
2026/09/26 00:41:19.807, 1, 9359, 97871, 0, 123.43
2026/09/26 00:41:19.807, 2, 10295, 97871, 0, 118.02
2026/09/26 00:41:19.807, 3, 11543, 97871, 0, 121.50
2026/09/26 00:41:20.007, 0, 8111, 97871, 0, 116.33
2026/09/26 00:41:20.007, 1, 9359, 97871, 0, 123.42
2026/09/26 00:41:20.007, 2, 10295, 97871, 0, 117.97
2026/09/26 00:41:20.007, 3, 11543, 97871, 0, 121.49
2026/09/26 00:41:20.207, 0, 8111, 97871, 0, 116.33
2026/09/26 00:41:20.207, 1, 9359, 97871, 0, 123.40
2026/09/26 00:41:20.207, 2, 10295, 97871, 0, 118.01
2026/09/26 00:41:20.207, 3, 11543, 97871, 0, 121.47
2026/09/26 00:41:20.407, 0, 8111, 97871, 0, 116.32
2026/09/26 00:41:20.407, 1, 9359, 97871, 0, 123.41
2026/09/26 00:41:20.407, 2, 10295, 97871, 0, 118.01
2026/09/26 00:41:20.407, 3, 11543, 97871, 0, 121.46
2026/09/26 00:41:20.608, 0, 8111, 97871, 0, 116.32
2026/09/26 00:41:20.608, 1, 9359, 97871, 0, 123.39
2026/09/26 00:41:20.608, 2, 10295, 97871, 0, 118.03
2026/09/26 00:41:20.608, 3, 11543, 97871, 0, 121.46
2026/09/26 00:41:20.808, 0, 8111, 97871, 0, 116.28
2026/09/26 00:41:20.808, 1, 9359, 97871, 0, 123.37
2026/09/26 00:41:20.808, 2, 10295, 97871, 0, 117.98
2026/09/26 00:41:20.808, 3, 11543, 97871, 0, 121.47
2026/09/26 00:41:21.008, 0, 8111, 97871, 0, 116.33
2026/09/26 00:41:21.008, 1, 9359, 97871, 0, 123.37
2026/09/26 00:41:21.008, 2, 10295, 97871, 0, 118.02
2026/09/26 00:41:21.008, 3, 11543, 97871, 0, 121.47
2026/09/26 00:41:21.208, 0, 8111, 97871, 0, 116.32
2026/09/26 00:41:21.208, 1, 9359, 97871, 0, 123.39
2026/09/26 00:41:21.208, 2, 10295, 97871, 0, 118.01
2026/09/26 00:41:21.208, 3, 11543, 97871, 0, 121.49
2026/09/26 00:41:21.408, 0, 8111, 97871, 0, 116.34
2026/09/26 00:41:21.408, 1, 9359, 97871, 0, 123.33
2026/09/26 00:41:21.408, 2, 10295, 97871, 0, 118.00
2026/09/26 00:41:21.408, 3, 11543, 97871, 0, 121.47
2026/09/26 00:41:21.608, 0, 8111, 97871, 0, 116.36
2026/09/26 00:41:21.608, 1, 9359, 97871, 0, 123.24
2026/09/26 00:41:21.608, 2, 10295, 97871, 0, 117.97
2026/09/26 00:41:21.608, 3, 11543, 97871, 0, 121.45
2026/09/26 00:41:21.808, 0, 8111, 97871, 0, 116.35
2026/09/26 00:41:21.808, 1, 9359, 97871, 0, 123.17
2026/09/26 00:41:21.809, 2, 10295, 97871, 0, 118.02
2026/09/26 00:41:21.809, 3, 11543, 97871, 0, 121.47
2026/09/26 00:41:22.009, 0, 8111, 97871, 0, 116.34
2026/09/26 00:41:22.009, 1, 9359, 97871, 0, 123.06
2026/09/26 00:41:22.009, 2, 10295, 97871, 0, 118.04
2026/09/26 00:41:22.009, 3, 11543, 97871, 0, 121.49
2026/09/26 00:41:22.209, 0, 8111, 97871, 0, 116.32
2026/09/26 00:41:22.209, 1, 9359, 97871, 0, 122.96
2026/09/26 00:41:22.209, 2, 10295, 97871, 0, 118.03
2026/09/26 00:41:22.209, 3, 11543, 97871, 0, 121.49
2026/09/26 00:41:22.409, 0, 8111, 97871, 0, 116.33
2026/09/26 00:41:22.409, 1, 9359, 97871, 0, 122.89
2026/09/26 00:41:22.409, 2, 10295, 97871, 0, 118.00
2026/09/26 00:41:22.409, 3, 11543, 97871, 0, 121.50
2026/09/26 00:41:22.609, 0, 8111, 97871, 0, 116.33
2026/09/26 00:41:22.609, 1, 9359, 97871, 0, 122.87
2026/09/26 00:41:22.609, 2, 10295, 97871, 0, 118.03
2026/09/26 00:41:22.609, 3, 11543, 97871, 0, 121.51
2026/09/26 00:41:22.809, 0, 8111, 97871, 0, 116.33
2026/09/26 00:41:22.809, 1, 9359, 97871, 0, 122.84
2026/09/26 00:41:22.809, 2, 10295, 97871, 0, 118.03
2026/09/26 00:41:22.809, 3, 11543, 97871, 0, 121.50
2026/09/26 00:41:23.009, 0, 8111, 97871, 0, 116.36
2026/09/26 00:41:23.009, 1, 9359, 97871, 0, 122.85
2026/09/26 00:41:23.010, 2, 10295, 97871, 0, 117.98
2026/09/26 00:41:23.010, 3, 11543, 97871, 0, 121.50
2026/09/26 00:41:23.210, 0, 8111, 97871, 0, 116.34
2026/09/26 00:41:23.210, 1, 9359, 97871, 0, 122.86
2026/09/26 00:41:23.210, 2, 10295, 97871, 0, 117.98
2026/09/26 00:41:23.210, 3, 11543, 97871, 0, 121.47
2026/09/26 00:41:23.410, 0, 8111, 97871, 0, 116.36
2026/09/26 00:41:23.410, 1, 9359, 97871, 0, 122.84
2026/09/26 00:41:23.410, 2, 10295, 97871, 0, 117.96
2026/09/26 00:41:23.410, 3, 11543, 97871, 0, 121.46
2026/09/26 00:41:23.610, 0, 8111, 97871, 0, 116.34
2026/09/26 00:41:23.610, 1, 9359, 97871, 0, 122.87
2026/09/26 00:41:23.610, 2, 10295, 97871, 0, 117.95
2026/09/26 00:41:23.610, 3, 11543, 97871, 0, 121.44
2026/09/26 00:41:23.810, 0, 8111, 97871, 0, 116.37
2026/09/26 00:41:23.810, 1, 9359, 97871, 0, 122.85
2026/09/26 00:41:23.810, 2, 10295, 97871, 0, 117.91
2026/09/26 00:41:23.810, 3, 11543, 97871, 0, 121.44
2026/09/26 00:41:24.010, 0, 8111, 97871, 0, 116.35
2026/09/26 00:41:24.010, 1, 9359, 97871, 0, 122.85
2026/09/26 00:41:24.010, 2, 10295, 97871, 0, 117.92
2026/09/26 00:41:24.010, 3, 11543, 97871, 0, 121.40
2026/09/26 00:41:24.210, 0, 8111, 97871, 0, 116.36
2026/09/26 00:41:24.210, 1, 9359, 97871, 0, 122.84
2026/09/26 00:41:24.210, 2, 10295, 97871, 0, 117.93
2026/09/26 00:41:24.210, 3, 11543, 97871, 0, 121.40
2026/09/26 00:41:24.411, 0, 8111, 97871, 0, 116.36
2026/09/26 00:41:24.411, 1, 9359, 97871, 0, 122.83
2026/09/26 00:41:24.411, 2, 10295, 97871, 0, 117.97
2026/09/26 00:41:24.411, 3, 11543, 97871, 0, 121.43
2026/09/26 00:41:24.611, 0, 8111, 97871, 0, 116.33
2026/09/26 00:41:24.611, 1, 9359, 97871, 0, 122.82
2026/09/26 00:41:24.611, 2, 10295, 97871, 0, 117.93
2026/09/26 00:41:24.611, 3, 11543, 97871, 0, 121.43
2026/09/26 00:41:24.811, 0, 8111, 97871, 0, 116.33
2026/09/26 00:41:24.811, 1, 9359, 97871, 0, 122.82
2026/09/26 00:41:24.811, 2, 10295, 97871, 0, 117.94
2026/09/26 00:41:24.811, 3, 11543, 97871, 0, 121.41
2026/09/26 00:41:25.011, 0, 8111, 97871, 0, 116.30
2026/09/26 00:41:25.011, 1, 9359, 97871, 0, 122.84
2026/09/26 00:41:25.011, 2, 10295, 97871, 0, 117.95
2026/09/26 00:41:25.011, 3, 11543, 97871, 0, 121.40
2026/09/26 00:41:25.211, 0, 8111, 97871, 0, 116.30
2026/09/26 00:41:25.211, 1, 9359, 97871, 0, 122.83
2026/09/26 00:41:25.211, 2, 10295, 97871, 0, 117.96
2026/09/26 00:41:25.211, 3, 11543, 97871, 0, 121.40
2026/09/26 00:41:25.411, 0, 8111, 97871, 0, 116.30
2026/09/26 00:41:25.411, 1, 9359, 97871, 0, 122.83
2026/09/26 00:41:25.411, 2, 10295, 97871, 0, 117.91
2026/09/26 00:41:25.411, 3, 11543, 97871, 0, 121.36
2026/09/26 00:41:25.611, 0, 8111, 97871, 0, 117.09
2026/09/26 00:41:25.612, 1, 9359, 97871, 0, 122.85
2026/09/26 00:41:25.612, 2, 10295, 97871, 0, 118.29
2026/09/26 00:41:25.612, 3, 14635, 97871, 0, 123.70
2026/09/26 00:41:25.812, 0, 8111, 97871, 0, 117.79
2026/09/26 00:41:25.812, 1, 9359, 97871, 0, 122.85
2026/09/26 00:41:25.812, 2, 10295, 97871, 0, 118.89
2026/09/26 00:41:25.812, 3, 14635, 97871, 100, 124.14
2026/09/26 00:41:26.012, 0, 8111, 97871, 0, 117.73
2026/09/26 00:41:26.012, 1, 9359, 97871, 0, 122.86
2026/09/26 00:41:26.012, 2, 10295, 97871, 0, 118.93
2026/09/26 00:41:26.012, 3, 14635, 97871, 100, 124.66
2026/09/26 00:41:26.212, 0, 8111, 97871, 0, 117.72
2026/09/26 00:41:26.212, 1, 9359, 97871, 0, 122.86
2026/09/26 00:41:26.212, 2, 10295, 97871, 0, 118.86
2026/09/26 00:41:26.212, 3, 14635, 97871, 100, 125.02
2026/09/26 00:41:26.412, 0, 8111, 97871, 0, 117.66
2026/09/26 00:41:26.412, 1, 9359, 97871, 0, 122.85
2026/09/26 00:41:26.412, 2, 10295, 97871, 0, 118.94
2026/09/26 00:41:26.412, 3, 14635, 97871, 100, 125.24
2026/09/26 00:41:26.612, 0, 8111, 97871, 0, 116.92
2026/09/26 00:41:26.612, 1, 9359, 97871, 0, 122.82
2026/09/26 00:41:26.612, 2, 10295, 97871, 0, 118.59
2026/09/26 00:41:26.612, 3, 14635, 97871, 100, 125.51
2026/09/26 00:41:26.812, 0, 8111, 97871, 0, 116.20
2026/09/26 00:41:26.812, 1, 9359, 97871, 0, 122.81
2026/09/26 00:41:26.812, 2, 10295, 97871, 0, 117.99
2026/09/26 00:41:26.812, 3, 14635, 97871, 100, 123.58
2026/09/26 00:41:27.013, 0, 8111, 97871, 0, 116.23
2026/09/26 00:41:27.013, 1, 9359, 97871, 0, 122.80
2026/09/26 00:41:27.013, 2, 10295, 97871, 0, 117.92
2026/09/26 00:41:27.013, 3, 14635, 97871, 100, 123.58
2026/09/26 00:41:27.213, 0, 8111, 97871, 0, 116.24
2026/09/26 00:41:27.213, 1, 9359, 97871, 0, 122.81
2026/09/26 00:41:27.213, 2, 10295, 97871, 0, 117.96
2026/09/26 00:41:27.213, 3, 14635, 97871, 100, 123.60
2026/09/26 00:41:27.413, 0, 8111, 97871, 0, 116.24
2026/09/26 00:41:27.413, 1, 9359, 97871, 0, 122.80
2026/09/26 00:41:27.413, 2, 10295, 97871, 0, 117.96
2026/09/26 00:41:27.413, 3, 14635, 97871, 100, 123.60
2026/09/26 00:41:27.613, 0, 8111, 97871, 0, 116.26
2026/09/26 00:41:27.613, 1, 9359, 97871, 0, 122.79
2026/09/26 00:41:27.613, 2, 10295, 97871, 0, 117.95
2026/09/26 00:41:27.613, 3, 14635, 97871, 100, 123.60
2026/09/26 00:41:27.813, 0, 8111, 97871, 0, 116.24
2026/09/26 00:41:27.813, 1, 9359, 97871, 0, 122.81
2026/09/26 00:41:27.813, 2, 10295, 97871, 0, 117.92
2026/09/26 00:41:27.813, 3, 14635, 97871, 100, 123.62
2026/09/26 00:41:28.013, 0, 8111, 97871, 0, 116.25
2026/09/26 00:41:28.013, 1, 9359, 97871, 0, 122.79
2026/09/26 00:41:28.013, 2, 10295, 97871, 0, 117.96
2026/09/26 00:41:28.013, 3, 14635, 97871, 100, 123.62
2026/09/26 00:41:28.214, 0, 8111, 97871, 0, 116.25
2026/09/26 00:41:28.214, 1, 9359, 97871, 0, 122.78
2026/09/26 00:41:28.214, 2, 10295, 97871, 0, 117.98
2026/09/26 00:41:28.214, 3, 14635, 97871, 100, 123.62
2026/09/26 00:41:28.414, 0, 8111, 97871, 0, 116.26
2026/09/26 00:41:28.414, 1, 9359, 97871, 0, 122.77
2026/09/26 00:41:28.414, 2, 10295, 97871, 0, 117.96
2026/09/26 00:41:28.414, 3, 14635, 97871, 100, 123.61
2026/09/26 00:41:28.614, 0, 8111, 97871, 0, 116.27
2026/09/26 00:41:28.614, 1, 9359, 97871, 0, 122.77
2026/09/26 00:41:28.614, 2, 10295, 97871, 0, 117.95
2026/09/26 00:41:28.614, 3, 14635, 97871, 100, 123.63
2026/09/26 00:41:28.814, 0, 8111, 97871, 0, 116.27
2026/09/26 00:41:28.814, 1, 9359, 97871, 0, 122.74
2026/09/26 00:41:28.814, 2, 10295, 97871, 0, 117.97
2026/09/26 00:41:28.814, 3, 14635, 97871, 100, 123.65
2026/09/26 00:41:29.014, 0, 8111, 97871, 0, 116.30
2026/09/26 00:41:29.014, 1, 9359, 97871, 0, 122.75
2026/09/26 00:41:29.014, 2, 10295, 97871, 0, 117.97
2026/09/26 00:41:29.014, 3, 14635, 97871, 100, 123.65
2026/09/26 00:41:29.214, 0, 8111, 97871, 0, 116.27
2026/09/26 00:41:29.214, 1, 9359, 97871, 0, 122.72
2026/09/26 00:41:29.214, 2, 10295, 97871, 0, 117.92
2026/09/26 00:41:29.214, 3, 14635, 97871, 100, 123.64
2026/09/26 00:41:29.414, 0, 8111, 97871, 0, 116.30
2026/09/26 00:41:29.415, 1, 9359, 97871, 0, 122.72
2026/09/26 00:41:29.415, 2, 10295, 97871, 0, 117.92
2026/09/26 00:41:29.415, 3, 14635, 97871, 100, 123.63
2026/09/26 00:41:29.615, 0, 8111, 97871, 0, 116.27
2026/09/26 00:41:29.615, 1, 9359, 97871, 0, 122.70
2026/09/26 00:41:29.615, 2, 10295, 97871, 0, 117.93
2026/09/26 00:41:29.615, 3, 14635, 97871, 100, 123.61
2026/09/26 00:41:29.815, 0, 8111, 97871, 0, 116.30
2026/09/26 00:41:29.815, 1, 9359, 97871, 0, 122.71
2026/09/26 00:41:29.815, 2, 10295, 97871, 0, 117.93
2026/09/26 00:41:29.815, 3, 14635, 97871, 100, 123.58
2026/09/26 00:41:30.015, 0, 8111, 97871, 0, 116.30
2026/09/26 00:41:30.015, 1, 9359, 97871, 0, 122.71
2026/09/26 00:41:30.015, 2, 10295, 97871, 0, 117.87
2026/09/26 00:41:30.015, 3, 14635, 97871, 100, 123.57
2026/09/26 00:41:30.215, 0, 8111, 97871, 0, 116.29
2026/09/26 00:41:30.215, 1, 9359, 97871, 0, 122.71
2026/09/26 00:41:30.215, 2, 10295, 97871, 0, 117.89
2026/09/26 00:41:30.215, 3, 14635, 97871, 100, 123.56
2026/09/26 00:41:30.415, 0, 8111, 97871, 0, 116.29
2026/09/26 00:41:30.415, 1, 9359, 97871, 0, 122.71
2026/09/26 00:41:30.415, 2, 10295, 97871, 0, 117.88
2026/09/26 00:41:30.415, 3, 14635, 97871, 100, 123.57
2026/09/26 00:41:30.615, 0, 8111, 97871, 0, 116.27
2026/09/26 00:41:30.615, 1, 9359, 97871, 0, 122.72
2026/09/26 00:41:30.615, 2, 10295, 97871, 0, 117.90
2026/09/26 00:41:30.615, 3, 14635, 97871, 100, 123.56
2026/09/26 00:41:30.816, 0, 8111, 97871, 0, 116.27
2026/09/26 00:41:30.816, 1, 9359, 97871, 0, 122.74
2026/09/26 00:41:30.816, 2, 10295, 97871, 0, 117.86
2026/09/26 00:41:30.816, 3, 14635, 97871, 100, 123.57
2026/09/26 00:41:31.016, 0, 8111, 97871, 0, 116.26
2026/09/26 00:41:31.016, 1, 9359, 97871, 0, 122.76
2026/09/26 00:41:31.016, 2, 10295, 97871, 0, 117.90
2026/09/26 00:41:31.016, 3, 14635, 97871, 100, 123.56
2026/09/26 00:41:31.216, 0, 8111, 97871, 0, 116.25
2026/09/26 00:41:31.216, 1, 9359, 97871, 0, 122.74
2026/09/26 00:41:31.216, 2, 10295, 97871, 0, 117.91
2026/09/26 00:41:31.216, 3, 14635, 97871, 100, 123.55
2026/09/26 00:41:31.416, 0, 8111, 97871, 0, 116.23
2026/09/26 00:41:31.416, 1, 9359, 97871, 0, 122.74
2026/09/26 00:41:31.416, 2, 10295, 97871, 0, 117.91
2026/09/26 00:41:31.416, 3, 14635, 97871, 100, 123.52
2026/09/26 00:41:31.616, 0, 8111, 97871, 0, 116.22
2026/09/26 00:41:31.616, 1, 9359, 97871, 0, 122.74
2026/09/26 00:41:31.616, 2, 10295, 97871, 0, 117.88
2026/09/26 00:41:31.616, 3, 14635, 97871, 100, 123.52
2026/09/26 00:41:31.816, 0, 8111, 97871, 0, 116.21
2026/09/26 00:41:31.816, 1, 9359, 97871, 0, 122.71
2026/09/26 00:41:31.816, 2, 10295, 97871, 0, 117.91
2026/09/26 00:41:31.816, 3, 14635, 97871, 100, 123.51
2026/09/26 00:41:32.016, 0, 8111, 97871, 0, 116.19
2026/09/26 00:41:32.017, 1, 12451, 97871, 0, 122.72
2026/09/26 00:41:32.017, 2, 10295, 97871, 0, 117.90
2026/09/26 00:41:32.017, 3, 14635, 97871, 100, 123.46
2026/09/26 00:41:32.217, 0, 8111, 97871, 0, 117.22
2026/09/26 00:41:32.217, 1, 12451, 97871, 100, 124.85
2026/09/26 00:41:32.217, 2, 10295, 97871, 0, 119.28
2026/09/26 00:41:32.217, 3, 14635, 97871, 100, 123.46
2026/09/26 00:41:32.417, 0, 8111, 97871, 0, 117.21
2026/09/26 00:41:32.417, 1, 12451, 97871, 100, 125.28
2026/09/26 00:41:32.417, 2, 10295, 97871, 0, 119.25
2026/09/26 00:41:32.417, 3, 14635, 97871, 100, 123.45
2026/09/26 00:41:32.617, 0, 8111, 97871, 0, 117.22
2026/09/26 00:41:32.617, 1, 12451, 97871, 100, 125.75
2026/09/26 00:41:32.617, 2, 10295, 97871, 0, 119.24
2026/09/26 00:41:32.617, 3, 14635, 97871, 100, 123.43
2026/09/26 00:41:32.817, 0, 8111, 97871, 0, 117.27
2026/09/26 00:41:32.817, 1, 12451, 97871, 100, 126.13
2026/09/26 00:41:32.817, 2, 10295, 97871, 0, 119.22
2026/09/26 00:41:32.817, 3, 14635, 97871, 100, 123.43
2026/09/26 00:41:33.017, 0, 8111, 97871, 0, 117.24
2026/09/26 00:41:33.017, 1, 12451, 97871, 100, 126.58
2026/09/26 00:41:33.017, 2, 10295, 97871, 0, 119.24
2026/09/26 00:41:33.017, 3, 14635, 97871, 100, 123.46
2026/09/26 00:41:33.217, 0, 8111, 97871, 0, 116.24
2026/09/26 00:41:33.218, 1, 12451, 97871, 100, 124.96
2026/09/26 00:41:33.218, 2, 10295, 97871, 0, 117.84
2026/09/26 00:41:33.218, 3, 14635, 97871, 100, 123.46
2026/09/26 00:41:33.418, 0, 8111, 97871, 0, 116.21
2026/09/26 00:41:33.418, 1, 12451, 97871, 100, 124.97
2026/09/26 00:41:33.418, 2, 10295, 97871, 0, 117.86
2026/09/26 00:41:33.418, 3, 14635, 97871, 100, 123.46
2026/09/26 00:41:33.618, 0, 8111, 97871, 0, 116.24
2026/09/26 00:41:33.618, 1, 12451, 97871, 100, 124.92
2026/09/26 00:41:33.618, 2, 10295, 97871, 0, 117.88
2026/09/26 00:41:33.618, 3, 14635, 97871, 100, 123.46
2026/09/26 00:41:33.818, 0, 8111, 97871, 0, 116.21
2026/09/26 00:41:33.818, 1, 12451, 97871, 100, 124.92
2026/09/26 00:41:33.818, 2, 10295, 97871, 0, 117.88
2026/09/26 00:41:33.818, 3, 14635, 97871, 100, 123.49
2026/09/26 00:41:34.018, 0, 8111, 97871, 0, 116.23
2026/09/26 00:41:34.018, 1, 12451, 97871, 100, 124.91
2026/09/26 00:41:34.018, 2, 10295, 97871, 0, 117.88
2026/09/26 00:41:34.018, 3, 14635, 97871, 100, 123.46
2026/09/26 00:41:34.218, 0, 8111, 97871, 0, 116.22
2026/09/26 00:41:34.218, 1, 12451, 97871, 100, 124.90
2026/09/26 00:41:34.218, 2, 10295, 97871, 0, 117.91
2026/09/26 00:41:34.218, 3, 14635, 97871, 100, 123.48
2026/09/26 00:41:34.418, 0, 8111, 97871, 0, 116.23
2026/09/26 00:41:34.418, 1, 12451, 97871, 100, 124.87
2026/09/26 00:41:34.418, 2, 10295, 97871, 0, 117.92
2026/09/26 00:41:34.418, 3, 14635, 97871, 100, 123.47
2026/09/26 00:41:34.619, 0, 8111, 97871, 0, 116.24
2026/09/26 00:41:34.619, 1, 12451, 97871, 100, 124.89
2026/09/26 00:41:34.620, 2, 10295, 97871, 0, 117.88
2026/09/26 00:41:34.620, 3, 14635, 97871, 100, 123.49
2026/09/26 00:41:34.820, 0, 8111, 97871, 0, 116.23
2026/09/26 00:41:34.820, 1, 12451, 97871, 100, 124.88
2026/09/26 00:41:34.820, 2, 10295, 97871, 0, 117.85
2026/09/26 00:41:34.820, 3, 14635, 97871, 100, 123.48
2026/09/26 00:41:35.020, 0, 8111, 97871, 0, 116.22
2026/09/26 00:41:35.020, 1, 12451, 97871, 100, 124.87
2026/09/26 00:41:35.020, 2, 10295, 97871, 0, 117.86
2026/09/26 00:41:35.020, 3, 14635, 97871, 100, 123.49
2026/09/26 00:41:35.220, 0, 8111, 97871, 0, 116.21
2026/09/26 00:41:35.220, 1, 12451, 97871, 100, 124.85
2026/09/26 00:41:35.220, 2, 10295, 97871, 0, 117.88
2026/09/26 00:41:35.220, 3, 14635, 97871, 100, 123.46
2026/09/26 00:41:35.420, 0, 8111, 97871, 0, 116.21
2026/09/26 00:41:35.420, 1, 12451, 97871, 100, 124.87
2026/09/26 00:41:35.420, 2, 10295, 97871, 0, 117.84
2026/09/26 00:41:35.420, 3, 14635, 97871, 100, 123.49
2026/09/26 00:41:35.620, 0, 8111, 97871, 0, 116.20
2026/09/26 00:41:35.620, 1, 12451, 97871, 100, 124.85
2026/09/26 00:41:35.620, 2, 10295, 97871, 0, 117.84
2026/09/26 00:41:35.620, 3, 14635, 97871, 100, 123.48
2026/09/26 00:41:35.820, 0, 8111, 97871, 0, 116.19
2026/09/26 00:41:35.820, 1, 12451, 97871, 100, 124.85
2026/09/26 00:41:35.820, 2, 10295, 97871, 0, 117.85
2026/09/26 00:41:35.820, 3, 14635, 97871, 100, 123.50
2026/09/26 00:41:36.021, 0, 8111, 97871, 0, 116.20
2026/09/26 00:41:36.021, 1, 12451, 97871, 100, 124.87
2026/09/26 00:41:36.021, 2, 10295, 97871, 0, 117.88
2026/09/26 00:41:36.021, 3, 14635, 97871, 100, 123.47
2026/09/26 00:41:36.221, 0, 8111, 97871, 0, 116.18
2026/09/26 00:41:36.221, 1, 12451, 97871, 100, 124.87
2026/09/26 00:41:36.221, 2, 10295, 97871, 0, 117.84
2026/09/26 00:41:36.221, 3, 14635, 97871, 100, 123.50
2026/09/26 00:41:36.421, 0, 8111, 97871, 0, 116.22
2026/09/26 00:41:36.421, 1, 12451, 97871, 100, 124.85
2026/09/26 00:41:36.421, 2, 10295, 97871, 0, 117.85
2026/09/26 00:41:36.421, 3, 14635, 97871, 100, 123.50
2026/09/26 00:41:36.621, 0, 8111, 97871, 0, 116.20
2026/09/26 00:41:36.621, 1, 12451, 97871, 100, 124.84
2026/09/26 00:41:36.621, 2, 10295, 97871, 0, 117.88
2026/09/26 00:41:36.621, 3, 14635, 97871, 100, 123.47
2026/09/26 00:41:36.821, 0, 8111, 97871, 0, 116.22
2026/09/26 00:41:36.821, 1, 12451, 97871, 100, 124.83
2026/09/26 00:41:36.821, 2, 10295, 97871, 0, 117.88
2026/09/26 00:41:36.821, 3, 14635, 97871, 100, 123.46
2026/09/26 00:41:37.021, 0, 8111, 97871, 0, 116.20
2026/09/26 00:41:37.021, 1, 12451, 97871, 100, 124.82
2026/09/26 00:41:37.021, 2, 10295, 97871, 0, 117.85
2026/09/26 00:41:37.021, 3, 14635, 97871, 100, 123.46
2026/09/26 00:41:37.221, 0, 8111, 97871, 0, 116.22
2026/09/26 00:41:37.221, 1, 12451, 97871, 100, 124.81
2026/09/26 00:41:37.222, 2, 10295, 97871, 0, 117.84
2026/09/26 00:41:37.222, 3, 14635, 97871, 100, 123.44
2026/09/26 00:41:37.422, 0, 8111, 97871, 0, 116.18
2026/09/26 00:41:37.422, 1, 12451, 97871, 100, 124.83
2026/09/26 00:41:37.422, 2, 10295, 97871, 0, 117.88
2026/09/26 00:41:37.422, 3, 14635, 97871, 100, 123.37
2026/09/26 00:41:37.622, 0, 8111, 97871, 0, 116.18
2026/09/26 00:41:37.622, 1, 12451, 97871, 100, 124.84
2026/09/26 00:41:37.622, 2, 10295, 97871, 0, 117.87
2026/09/26 00:41:37.622, 3, 14635, 97871, 100, 123.39
2026/09/26 00:41:37.822, 0, 8111, 97871, 0, 116.17
2026/09/26 00:41:37.822, 1, 12451, 97871, 100, 124.86
2026/09/26 00:41:37.822, 2, 10295, 97871, 0, 117.85
2026/09/26 00:41:37.822, 3, 14635, 97871, 100, 123.36
2026/09/26 00:41:38.022, 0, 8111, 97871, 0, 116.15
2026/09/26 00:41:38.022, 1, 12451, 97871, 100, 124.89
2026/09/26 00:41:38.022, 2, 10295, 97871, 0, 117.86
2026/09/26 00:41:38.022, 3, 14635, 97871, 100, 123.36
2026/09/26 00:41:38.222, 0, 8111, 97871, 0, 116.16
2026/09/26 00:41:38.222, 1, 12451, 97871, 100, 124.89
2026/09/26 00:41:38.222, 2, 10295, 97871, 0, 117.89
2026/09/26 00:41:38.222, 3, 14635, 97871, 100, 123.34
2026/09/26 00:41:38.422, 0, 8111, 97871, 0, 117.44
2026/09/26 00:41:38.422, 1, 12451, 97871, 100, 125.91
2026/09/26 00:41:38.422, 2, 13387, 97871, 0, 119.74
2026/09/26 00:41:38.423, 3, 14635, 97871, 100, 124.71
2026/09/26 00:41:38.623, 0, 8111, 97871, 0, 117.51
2026/09/26 00:41:38.623, 1, 12451, 97871, 100, 125.94
2026/09/26 00:41:38.623, 2, 13387, 97871, 100, 120.34
2026/09/26 00:41:38.623, 3, 14635, 97871, 100, 124.73
2026/09/26 00:41:38.823, 0, 8111, 97871, 0, 117.48
2026/09/26 00:41:38.823, 1, 12451, 97871, 100, 125.95
2026/09/26 00:41:38.823, 2, 13387, 97871, 100, 120.81
2026/09/26 00:41:38.823, 3, 14635, 97871, 100, 124.75
2026/09/26 00:41:39.023, 0, 8111, 97871, 0, 117.46
2026/09/26 00:41:39.023, 1, 12451, 97871, 100, 125.93
2026/09/26 00:41:39.023, 2, 13387, 97871, 100, 121.27
2026/09/26 00:41:39.023, 3, 14635, 97871, 100, 124.75
2026/09/26 00:41:39.223, 0, 8111, 97871, 0, 117.46
2026/09/26 00:41:39.223, 1, 12451, 97871, 100, 125.92
2026/09/26 00:41:39.223, 2, 13387, 97871, 100, 121.80
2026/09/26 00:41:39.223, 3, 14635, 97871, 100, 124.78
2026/09/26 00:41:39.423, 0, 8111, 97871, 0, 116.53
2026/09/26 00:41:39.423, 1, 12451, 97871, 100, 124.86
2026/09/26 00:41:39.423, 2, 13387, 97871, 100, 120.34
2026/09/26 00:41:39.423, 3, 14635, 97871, 100, 123.40
2026/09/26 00:41:39.623, 0, 8111, 97871, 0, 116.11
2026/09/26 00:41:39.623, 1, 12451, 97871, 100, 124.81
2026/09/26 00:41:39.623, 2, 13387, 97871, 100, 120.19
2026/09/26 00:41:39.623, 3, 14635, 97871, 100, 123.39
2026/09/26 00:41:39.824, 0, 8111, 97871, 0, 116.12
2026/09/26 00:41:39.824, 1, 12451, 97871, 100, 124.81
2026/09/26 00:41:39.824, 2, 13387, 97871, 100, 120.21
2026/09/26 00:41:39.824, 3, 14635, 97871, 100, 123.37
2026/09/26 00:41:40.024, 0, 8111, 97871, 0, 116.13
2026/09/26 00:41:40.024, 1, 12451, 97871, 100, 124.82
2026/09/26 00:41:40.024, 2, 13387, 97871, 100, 120.20
2026/09/26 00:41:40.024, 3, 14635, 97871, 100, 123.36
2026/09/26 00:41:40.224, 0, 8111, 97871, 0, 116.14
2026/09/26 00:41:40.224, 1, 12451, 97871, 100, 124.79
2026/09/26 00:41:40.224, 2, 13387, 97871, 100, 120.16
2026/09/26 00:41:40.224, 3, 14635, 97871, 100, 123.38
2026/09/26 00:41:40.424, 0, 8111, 97871, 0, 116.15
2026/09/26 00:41:40.424, 1, 12451, 97871, 100, 124.79
2026/09/26 00:41:40.424, 2, 13387, 97871, 100, 120.19
2026/09/26 00:41:40.424, 3, 14635, 97871, 100, 123.35
2026/09/26 00:41:40.624, 0, 8111, 97871, 0, 116.15
2026/09/26 00:41:40.624, 1, 12451, 97871, 100, 124.78
2026/09/26 00:41:40.624, 2, 13387, 97871, 100, 120.18
2026/09/26 00:41:40.624, 3, 14635, 97871, 100, 123.36
2026/09/26 00:41:40.824, 0, 8111, 97871, 0, 116.15
2026/09/26 00:41:40.824, 1, 12451, 97871, 100, 124.76
2026/09/26 00:41:40.824, 2, 13387, 97871, 100, 120.16
2026/09/26 00:41:40.824, 3, 14635, 97871, 100, 123.34
2026/09/26 00:41:41.024, 0, 8111, 97871, 0, 116.17
2026/09/26 00:41:41.024, 1, 12451, 97871, 100, 124.75
2026/09/26 00:41:41.024, 2, 13387, 97871, 100, 120.13
2026/09/26 00:41:41.024, 3, 14635, 97871, 100, 123.33
2026/09/26 00:41:41.225, 0, 8111, 97871, 0, 116.17
2026/09/26 00:41:41.225, 1, 12451, 97871, 100, 124.74
2026/09/26 00:41:41.225, 2, 13387, 97871, 100, 120.15
2026/09/26 00:41:41.225, 3, 14635, 97871, 100, 123.35
2026/09/26 00:41:41.425, 0, 8111, 97871, 0, 116.17
2026/09/26 00:41:41.425, 1, 12451, 97871, 100, 124.72
2026/09/26 00:41:41.425, 2, 13387, 97871, 100, 120.14
2026/09/26 00:41:41.425, 3, 14635, 97871, 100, 123.37
2026/09/26 00:41:41.625, 0, 8111, 97871, 0, 116.19
2026/09/26 00:41:41.625, 1, 12451, 97871, 100, 124.73
2026/09/26 00:41:41.625, 2, 13387, 97871, 100, 120.12
2026/09/26 00:41:41.625, 3, 14635, 97871, 100, 123.40
2026/09/26 00:41:41.825, 0, 8111, 97871, 0, 116.17
2026/09/26 00:41:41.825, 1, 12451, 97871, 100, 124.72
2026/09/26 00:41:41.825, 2, 13387, 97871, 100, 120.11
2026/09/26 00:41:41.825, 3, 14635, 97871, 100, 123.41
2026/09/26 00:41:42.025, 0, 8111, 97871, 0, 116.18
2026/09/26 00:41:42.025, 1, 12451, 97871, 100, 124.74
2026/09/26 00:41:42.025, 2, 13387, 97871, 100, 120.12
2026/09/26 00:41:42.025, 3, 14635, 97871, 100, 123.41
2026/09/26 00:41:42.225, 0, 8111, 97871, 0, 116.16
2026/09/26 00:41:42.225, 1, 12451, 97871, 100, 124.72
2026/09/26 00:41:42.225, 2, 13387, 97871, 100, 120.14
2026/09/26 00:41:42.225, 3, 14635, 97871, 100, 123.41
2026/09/26 00:41:42.426, 0, 8111, 97871, 0, 116.20
2026/09/26 00:41:42.426, 1, 12451, 97871, 100, 124.75
2026/09/26 00:41:42.426, 2, 13387, 97871, 100, 120.12
2026/09/26 00:41:42.426, 3, 14635, 97871, 100, 123.40
2026/09/26 00:41:42.626, 0, 8111, 97871, 0, 116.19
2026/09/26 00:41:42.626, 1, 12451, 97871, 100, 124.74
2026/09/26 00:41:42.626, 2, 13387, 97871, 100, 120.09
2026/09/26 00:41:42.626, 3, 14635, 97871, 100, 123.38
2026/09/26 00:41:42.826, 0, 8111, 97871, 0, 116.19
2026/09/26 00:41:42.826, 1, 12451, 97871, 100, 124.78
2026/09/26 00:41:42.826, 2, 13387, 97871, 100, 120.13
2026/09/26 00:41:42.826, 3, 14635, 97871, 100, 123.36
2026/09/26 00:41:43.026, 0, 8111, 97871, 0, 116.21
2026/09/26 00:41:43.026, 1, 12451, 97871, 100, 124.79
2026/09/26 00:41:43.026, 2, 13387, 97871, 100, 120.14
2026/09/26 00:41:43.026, 3, 14635, 97871, 100, 123.36
2026/09/26 00:41:43.226, 0, 8111, 97871, 0, 116.19
2026/09/26 00:41:43.226, 1, 12451, 97871, 100, 124.81
2026/09/26 00:41:43.226, 2, 13387, 97871, 100, 120.11
2026/09/26 00:41:43.226, 3, 14635, 97871, 100, 123.35
2026/09/26 00:41:43.426, 0, 8111, 97871, 0, 116.17
2026/09/26 00:41:43.426, 1, 12451, 97871, 100, 124.78
2026/09/26 00:41:43.426, 2, 13387, 97871, 100, 120.12
2026/09/26 00:41:43.426, 3, 14635, 97871, 100, 123.33
2026/09/26 00:41:43.627, 0, 8111, 97871, 0, 116.13
2026/09/26 00:41:43.627, 1, 12451, 97871, 100, 124.77
2026/09/26 00:41:43.627, 2, 13387, 97871, 100, 120.16
2026/09/26 00:41:43.627, 3, 14635, 97871, 100, 123.31
2026/09/26 00:41:43.827, 0, 8111, 97871, 0, 116.15
2026/09/26 00:41:43.827, 1, 12451, 97871, 100, 124.74
2026/09/26 00:41:43.827, 2, 13387, 97871, 100, 120.16
2026/09/26 00:41:43.827, 3, 14635, 97871, 100, 123.31
2026/09/26 00:41:44.027, 0, 8111, 97871, 0, 116.14
2026/09/26 00:41:44.027, 1, 12451, 97871, 100, 124.75
2026/09/26 00:41:44.027, 2, 13387, 97871, 100, 120.12
2026/09/26 00:41:44.027, 3, 14635, 97871, 100, 123.29
2026/09/26 00:41:44.227, 0, 9155, 97871, 0, 116.15
2026/09/26 00:41:44.227, 1, 12451, 97871, 100, 124.73
2026/09/26 00:41:44.227, 2, 13387, 97871, 100, 120.14
2026/09/26 00:41:44.227, 3, 14635, 97871, 100, 123.29
2026/09/26 00:41:44.427, 0, 18885, 97871, 11, 121.72
2026/09/26 00:41:44.427, 1, 20133, 97871, 11, 126.90
2026/09/26 00:41:44.427, 2, 21069, 97871, 100, 122.19
2026/09/26 00:41:44.427, 3, 22317, 97871, 81, 131.90
2026/09/26 00:41:44.627, 0, 18885, 97871, 87, 145.27
2026/09/26 00:41:44.627, 1, 20133, 97871, 55, 152.69
2026/09/26 00:41:44.627, 2, 21069, 97871, 30, 145.92
2026/09/26 00:41:44.627, 3, 22317, 97871, 94, 150.77
2026/09/26 00:41:44.827, 0, 18885, 97871, 0, 144.81
2026/09/26 00:41:44.828, 1, 20133, 97871, 0, 151.83
2026/09/26 00:41:44.828, 2, 21069, 97871, 0, 145.62
2026/09/26 00:41:44.828, 3, 22317, 97871, 0, 150.30
2026/09/26 00:41:45.028, 0, 18885, 97871, 0, 144.94
2026/09/26 00:41:45.028, 1, 20133, 97871, 0, 151.96
2026/09/26 00:41:45.028, 2, 21069, 97871, 0, 145.72
2026/09/26 00:41:45.028, 3, 22317, 97871, 0, 151.29
2026/09/26 00:41:45.228, 0, 18885, 97871, 90, 162.64
2026/09/26 00:41:45.228, 1, 20133, 97871, 72, 176.26
2026/09/26 00:41:45.228, 2, 21069, 97871, 1, 182.46
2026/09/26 00:41:45.228, 3, 22317, 97871, 53, 205.07
2026/09/26 00:41:45.428, 0, 18885, 97871, 100, 183.68
2026/09/26 00:41:45.428, 1, 20133, 97871, 100, 223.74
2026/09/26 00:41:45.428, 2, 21069, 97871, 100, 205.01
2026/09/26 00:41:45.428, 3, 22317, 97871, 100, 255.26
2026/09/26 00:41:45.628, 0, 18885, 97871, 100, 182.94
2026/09/26 00:41:45.628, 1, 20133, 97871, 100, 240.33
2026/09/26 00:41:45.628, 2, 21069, 97871, 100, 240.13
2026/09/26 00:41:45.628, 3, 22317, 97871, 100, 280.30
2026/09/26 00:41:45.828, 0, 18885, 97871, 100, 205.85
2026/09/26 00:41:45.828, 1, 20133, 97871, 100, 295.42
2026/09/26 00:41:45.828, 2, 21069, 97871, 100, 273.09
2026/09/26 00:41:45.828, 3, 22317, 97871, 100, 334.27
2026/09/26 00:41:46.028, 0, 18885, 97871, 100, 255.23
2026/09/26 00:41:46.028, 1, 20133, 97871, 100, 339.96
2026/09/26 00:41:46.028, 2, 21069, 97871, 100, 323.46
2026/09/26 00:41:46.028, 3, 22317, 97871, 100, 392.72
2026/09/26 00:41:46.229, 0, 18885, 97871, 100, 260.08
2026/09/26 00:41:46.229, 1, 20133, 97871, 100, 349.29
2026/09/26 00:41:46.229, 2, 21069, 97871, 100, 329.59
2026/09/26 00:41:46.229, 3, 22317, 97871, 100, 397.89
2026/09/26 00:41:46.429, 0, 18885, 97871, 100, 272.08
2026/09/26 00:41:46.429, 1, 20133, 97871, 100, 336.89
2026/09/26 00:41:46.429, 2, 21069, 97871, 100, 339.71
2026/09/26 00:41:46.429, 3, 22317, 97871, 100, 397.92
2026/09/26 00:41:46.629, 0, 18885, 97871, 100, 279.79
2026/09/26 00:41:46.629, 1, 20133, 97871, 100, 340.01
2026/09/26 00:41:46.629, 2, 21069, 97871, 100, 326.50
2026/09/26 00:41:46.629, 3, 22317, 97871, 100, 408.37
2026/09/26 00:41:46.829, 0, 18885, 97871, 100, 287.22
2026/09/26 00:41:46.829, 1, 20133, 97871, 100, 316.72
2026/09/26 00:41:46.829, 2, 21069, 97871, 100, 350.00
2026/09/26 00:41:46.829, 3, 22317, 97871, 100, 400.12
2026/09/26 00:41:47.029, 0, 18885, 97871, 100, 288.96
2026/09/26 00:41:47.029, 1, 20133, 97871, 100, 328.27
2026/09/26 00:41:47.029, 2, 21069, 97871, 100, 355.25
2026/09/26 00:41:47.029, 3, 22317, 97871, 100, 380.76
2026/09/26 00:41:47.229, 0, 18885, 97871, 100, 318.37
2026/09/26 00:41:47.229, 1, 20133, 97871, 100, 327.61
2026/09/26 00:41:47.229, 2, 21069, 97871, 100, 348.10
2026/09/26 00:41:47.229, 3, 22317, 97871, 100, 380.25
2026/09/26 00:41:47.429, 0, 18885, 97871, 100, 330.26
2026/09/26 00:41:47.429, 1, 20133, 97871, 100, 333.07
2026/09/26 00:41:47.429, 2, 21069, 97871, 100, 349.80
2026/09/26 00:41:47.429, 3, 22317, 97871, 100, 359.58
2026/09/26 00:41:47.630, 0, 18885, 97871, 100, 336.35
2026/09/26 00:41:47.630, 1, 20133, 97871, 100, 308.93
2026/09/26 00:41:47.630, 2, 21069, 97871, 100, 368.02
2026/09/26 00:41:47.630, 3, 22317, 97871, 100, 334.28
2026/09/26 00:41:47.830, 0, 18885, 97871, 100, 341.61
2026/09/26 00:41:47.830, 1, 20133, 97871, 100, 306.91
2026/09/26 00:41:47.830, 2, 21069, 97871, 100, 361.43
2026/09/26 00:41:47.830, 3, 22317, 97871, 100, 341.79
2026/09/26 00:41:48.030, 0, 18885, 97871, 100, 330.74
2026/09/26 00:41:48.030, 1, 20133, 97871, 100, 308.36
2026/09/26 00:41:48.030, 2, 21069, 97871, 100, 357.56
2026/09/26 00:41:48.030, 3, 22317, 97871, 100, 351.85
2026/09/26 00:41:48.230, 0, 18885, 97871, 100, 310.53
2026/09/26 00:41:48.230, 1, 20133, 97871, 100, 311.12
2026/09/26 00:41:48.230, 2, 21069, 97871, 100, 378.14
2026/09/26 00:41:48.230, 3, 22317, 97871, 100, 327.49
2026/09/26 00:41:48.430, 0, 18885, 97871, 100, 298.48
2026/09/26 00:41:48.430, 1, 20133, 97871, 100, 326.30
2026/09/26 00:41:48.430, 2, 21069, 97871, 100, 382.80
2026/09/26 00:41:48.430, 3, 22317, 97871, 100, 326.25
2026/09/26 00:41:48.630, 0, 18885, 97871, 100, 298.30
2026/09/26 00:41:48.630, 1, 20133, 97871, 100, 337.04
2026/09/26 00:41:48.630, 2, 21069, 97871, 100, 369.14
2026/09/26 00:41:48.630, 3, 22317, 97871, 100, 344.06
2026/09/26 00:41:48.830, 0, 19129, 97871, 97, 289.09
2026/09/26 00:41:48.830, 1, 20377, 97871, 65, 341.58
2026/09/26 00:41:48.830, 2, 21313, 97871, 100, 343.28
2026/09/26 00:41:48.831, 3, 22561, 97871, 100, 340.70
2026/09/26 00:41:49.031, 0, 19421, 97871, 0, 249.50
2026/09/26 00:41:49.032, 1, 20669, 97871, 1, 289.59
2026/09/26 00:41:49.032, 2, 21605, 97871, 6, 294.32
2026/09/26 00:41:49.032, 3, 22853, 97871, 1, 290.62
2026/09/26 00:41:49.233, 0, 19421, 97871, 0, 224.26
2026/09/26 00:41:49.233, 1, 20669, 97871, 0, 250.38
2026/09/26 00:41:49.233, 2, 21605, 97871, 1, 243.33
2026/09/26 00:41:49.234, 3, 22853, 97871, 0, 253.94
2026/09/26 00:41:49.434, 0, 19423, 97871, 17, 183.85
2026/09/26 00:41:49.434, 1, 20671, 97871, 16, 197.56
2026/09/26 00:41:49.434, 2, 21607, 97871, 0, 197.10
2026/09/26 00:41:49.434, 3, 22855, 97871, 11, 227.25
2026/09/26 00:41:49.634, 0, 22239, 97871, 0, 150.94
2026/09/26 00:41:49.634, 1, 23487, 97871, 0, 162.88
2026/09/26 00:41:49.634, 2, 24423, 97871, 0, 153.29
2026/09/26 00:41:49.634, 3, 25671, 97871, 0, 175.81
2026/09/26 00:41:49.834, 0, 22239, 97871, 99, 156.51
2026/09/26 00:41:49.834, 1, 23487, 97871, 100, 165.99
2026/09/26 00:41:49.834, 2, 24423, 97871, 0, 159.93
2026/09/26 00:41:49.834, 3, 25671, 97871, 100, 161.30
2026/09/26 00:41:50.034, 0, 22239, 97871, 100, 175.45
2026/09/26 00:41:50.034, 1, 23487, 97871, 100, 212.10
2026/09/26 00:41:50.034, 2, 24423, 97871, 100, 207.67
2026/09/26 00:41:50.034, 3, 25671, 97871, 100, 218.68
2026/09/26 00:41:50.234, 0, 22239, 97871, 100, 201.41
2026/09/26 00:41:50.234, 1, 23487, 97871, 100, 243.49
2026/09/26 00:41:50.234, 2, 24423, 97871, 100, 250.50
2026/09/26 00:41:50.235, 3, 25671, 97871, 100, 273.35
2026/09/26 00:41:50.435, 0, 22239, 97871, 100, 222.84
2026/09/26 00:41:50.435, 1, 23487, 97871, 100, 289.42
2026/09/26 00:41:50.435, 2, 24423, 97871, 100, 292.14
2026/09/26 00:41:50.435, 3, 25671, 97871, 100, 314.97
2026/09/26 00:41:50.635, 0, 22239, 97871, 100, 255.03
2026/09/26 00:41:50.635, 1, 23487, 97871, 100, 350.18
2026/09/26 00:41:50.635, 2, 24423, 97871, 100, 330.90
2026/09/26 00:41:50.635, 3, 25671, 97871, 100, 370.77
2026/09/26 00:41:50.835, 0, 22239, 97871, 100, 256.61
2026/09/26 00:41:50.835, 1, 23487, 97871, 100, 336.15
2026/09/26 00:41:50.835, 2, 24423, 97871, 100, 332.17
2026/09/26 00:41:50.835, 3, 25671, 97871, 100, 399.47
2026/09/26 00:41:51.035, 0, 22239, 97871, 100, 269.34
2026/09/26 00:41:51.035, 1, 23487, 97871, 100, 342.69
2026/09/26 00:41:51.035, 2, 24423, 97871, 100, 334.97
2026/09/26 00:41:51.035, 3, 25671, 97871, 100, 401.03
2026/09/26 00:41:51.235, 0, 22239, 97871, 100, 274.22
2026/09/26 00:41:51.235, 1, 23487, 97871, 100, 347.02
2026/09/26 00:41:51.235, 2, 24423, 97871, 100, 332.72
2026/09/26 00:41:51.235, 3, 25671, 97871, 100, 406.54
2026/09/26 00:41:51.435, 0, 22239, 97871, 100, 281.23
2026/09/26 00:41:51.435, 1, 23487, 97871, 100, 334.20
2026/09/26 00:41:51.435, 2, 24423, 97871, 100, 334.02
2026/09/26 00:41:51.435, 3, 25671, 97871, 100, 411.29
2026/09/26 00:41:51.635, 0, 22239, 97871, 100, 289.88
2026/09/26 00:41:51.635, 1, 23487, 97871, 100, 316.89
2026/09/26 00:41:51.635, 2, 24423, 97871, 100, 360.57
2026/09/26 00:41:51.636, 3, 25671, 97871, 100, 402.01
2026/09/26 00:41:51.836, 0, 22239, 97871, 100, 302.64
2026/09/26 00:41:51.836, 1, 23487, 97871, 100, 346.32
2026/09/26 00:41:51.836, 2, 24423, 97871, 100, 363.58
2026/09/26 00:41:51.836, 3, 25671, 97871, 100, 382.07
2026/09/26 00:41:52.036, 0, 22239, 97871, 100, 327.56
2026/09/26 00:41:52.036, 1, 23487, 97871, 100, 333.51
2026/09/26 00:41:52.036, 2, 24423, 97871, 100, 348.10
2026/09/26 00:41:52.036, 3, 25671, 97871, 100, 383.11
2026/09/26 00:41:52.236, 0, 22239, 97871, 100, 329.95
2026/09/26 00:41:52.236, 1, 23487, 97871, 100, 323.68
2026/09/26 00:41:52.236, 2, 24423, 97871, 100, 363.29
2026/09/26 00:41:52.236, 3, 25671, 97871, 100, 362.80
2026/09/26 00:41:52.436, 0, 22239, 97871, 100, 343.45
2026/09/26 00:41:52.437, 1, 23487, 97871, 100, 318.40
2026/09/26 00:41:52.437, 2, 24423, 97871, 100, 372.59
2026/09/26 00:41:52.437, 3, 25671, 97871, 100, 341.59
2026/09/26 00:41:52.637, 0, 22239, 97871, 100, 333.21
2026/09/26 00:41:52.637, 1, 23487, 97871, 100, 319.70
2026/09/26 00:41:52.637, 2, 24423, 97871, 100, 359.18
2026/09/26 00:41:52.637, 3, 25671, 97871, 100, 340.10
2026/09/26 00:41:52.837, 0, 22239, 97871, 100, 331.07
2026/09/26 00:41:52.837, 1, 23487, 97871, 100, 310.48
2026/09/26 00:41:52.837, 2, 24423, 97871, 100, 363.45
2026/09/26 00:41:52.837, 3, 25671, 97871, 100, 357.11
2026/09/26 00:41:53.037, 0, 22239, 97871, 100, 299.36
2026/09/26 00:41:53.037, 1, 23487, 97871, 100, 328.15
2026/09/26 00:41:53.037, 2, 24423, 97871, 100, 388.94
2026/09/26 00:41:53.037, 3, 25671, 97871, 100, 326.72
2026/09/26 00:41:53.237, 0, 22239, 97871, 100, 310.48
2026/09/26 00:41:53.237, 1, 23487, 97871, 100, 331.89
2026/09/26 00:41:53.237, 2, 24423, 97871, 100, 375.95
2026/09/26 00:41:53.237, 3, 25671, 97871, 100, 330.89
2026/09/26 00:41:53.437, 0, 22239, 97871, 100, 304.52
2026/09/26 00:41:53.437, 1, 23487, 97871, 100, 351.29
2026/09/26 00:41:53.437, 2, 24423, 97871, 100, 368.07
2026/09/26 00:41:53.437, 3, 25671, 97871, 100, 343.48
2026/09/26 00:41:53.637, 0, 22241, 97871, 62, 285.19
2026/09/26 00:41:53.637, 1, 23489, 97871, 8, 321.47
2026/09/26 00:41:53.637, 2, 24425, 97871, 100, 334.07
2026/09/26 00:41:53.637, 3, 25673, 97871, 82, 326.88
2026/09/26 00:41:53.838, 0, 22241, 97871, 0, 247.43
2026/09/26 00:41:53.838, 1, 23489, 97871, 0, 279.85
2026/09/26 00:41:53.838, 2, 24425, 97871, 0, 283.80
2026/09/26 00:41:53.838, 3, 25673, 97871, 0, 277.29
2026/09/26 00:41:54.038, 0, 22241, 97871, 0, 216.77
2026/09/26 00:41:54.038, 1, 23489, 97871, 0, 226.84
2026/09/26 00:41:54.038, 2, 24425, 97871, 0, 226.05
2026/09/26 00:41:54.038, 3, 25673, 97871, 0, 248.77
2026/09/26 00:41:54.238, 0, 22241, 97871, 0, 173.47
2026/09/26 00:41:54.238, 1, 23489, 97871, 0, 187.88
2026/09/26 00:41:54.238, 2, 24425, 97871, 0, 188.85
2026/09/26 00:41:54.238, 3, 25673, 97871, 0, 203.41
2026/09/26 00:41:54.438, 0, 22241, 97871, 0, 131.97
2026/09/26 00:41:54.438, 1, 23489, 97871, 0, 144.27
2026/09/26 00:41:54.438, 2, 24425, 97871, 0, 136.14
2026/09/26 00:41:54.438, 3, 25673, 97871, 0, 154.49
2026/09/26 00:41:54.638, 0, 22241, 97871, 0, 120.22
2026/09/26 00:41:54.638, 1, 23489, 97871, 0, 126.44
2026/09/26 00:41:54.638, 2, 24425, 97871, 0, 125.41
2026/09/26 00:41:54.638, 3, 25673, 97871, 0, 130.04
2026/09/26 00:41:54.838, 0, 22241, 97871, 0, 117.18
2026/09/26 00:41:54.838, 1, 23489, 97871, 0, 124.48
2026/09/26 00:41:54.838, 2, 24425, 97871, 0, 119.66
2026/09/26 00:41:54.838, 3, 25673, 97871, 1, 123.00
2026/09/26 00:41:55.038, 0, 22241, 97871, 86, 149.66
2026/09/26 00:41:55.039, 1, 23489, 97871, 84, 153.61
2026/09/26 00:41:55.039, 2, 24425, 97871, 86, 146.70
2026/09/26 00:41:55.039, 3, 25673, 97871, 100, 147.06
2026/09/26 00:41:55.239, 0, 22241, 97871, 100, 184.08
2026/09/26 00:41:55.239, 1, 23489, 97871, 100, 200.68
2026/09/26 00:41:55.239, 2, 24425, 97871, 100, 196.48
2026/09/26 00:41:55.239, 3, 25673, 97871, 100, 204.98
2026/09/26 00:41:55.439, 0, 22241, 97871, 100, 217.45
2026/09/26 00:41:55.439, 1, 23489, 97871, 100, 237.32
2026/09/26 00:41:55.439, 2, 24425, 97871, 100, 240.85
2026/09/26 00:41:55.439, 3, 25673, 97871, 100, 255.14
2026/09/26 00:41:55.639, 0, 22241, 97871, 100, 257.36
2026/09/26 00:41:55.639, 1, 23489, 97871, 100, 278.48
2026/09/26 00:41:55.639, 2, 24425, 97871, 100, 285.96
2026/09/26 00:41:55.639, 3, 25673, 97871, 100, 307.02
2026/09/26 00:41:55.839, 0, 22241, 97871, 100, 302.20
2026/09/26 00:41:55.839, 1, 23489, 97871, 100, 322.97
2026/09/26 00:41:55.839, 2, 24425, 97871, 100, 329.62
2026/09/26 00:41:55.839, 3, 25673, 97871, 100, 357.35
2026/09/26 00:41:56.039, 0, 22241, 97871, 100, 309.30
2026/09/26 00:41:56.039, 1, 23489, 97871, 84, 333.62
2026/09/26 00:41:56.039, 2, 24425, 97871, 100, 345.00
2026/09/26 00:41:56.039, 3, 25673, 97871, 87, 384.01
2026/09/26 00:41:56.239, 0, 22241, 97871, 100, 314.03
2026/09/26 00:41:56.239, 1, 23489, 97871, 100, 330.92
2026/09/26 00:41:56.239, 2, 24425, 97871, 100, 341.07
2026/09/26 00:41:56.239, 3, 25673, 97871, 100, 377.99
2026/09/26 00:41:56.439, 0, 22241, 97871, 100, 313.57
2026/09/26 00:41:56.440, 1, 23489, 97871, 100, 338.36
2026/09/26 00:41:56.440, 2, 24425, 97871, 100, 349.24
2026/09/26 00:41:56.440, 3, 25673, 97871, 100, 376.39
2026/09/26 00:41:56.640, 0, 22241, 97871, 100, 311.29
2026/09/26 00:41:56.640, 1, 23489, 97871, 100, 339.38
2026/09/26 00:41:56.640, 2, 24425, 97871, 100, 348.74
2026/09/26 00:41:56.640, 3, 25673, 97871, 100, 381.31
2026/09/26 00:41:56.840, 0, 22241, 97871, 100, 307.04
2026/09/26 00:41:56.840, 1, 23489, 97871, 100, 336.44
2026/09/26 00:41:56.840, 2, 24425, 97871, 100, 344.74
2026/09/26 00:41:56.840, 3, 25673, 97871, 100, 382.20
2026/09/26 00:41:57.040, 0, 22241, 97871, 100, 313.81
2026/09/26 00:41:57.040, 1, 23489, 97871, 100, 337.08
2026/09/26 00:41:57.040, 2, 24425, 97871, 100, 351.18
2026/09/26 00:41:57.040, 3, 25673, 97871, 100, 382.05
2026/09/26 00:41:57.240, 0, 22241, 97871, 90, 316.73
2026/09/26 00:41:57.240, 1, 23489, 97871, 100, 340.04
2026/09/26 00:41:57.240, 2, 24425, 97871, 88, 345.49
2026/09/26 00:41:57.240, 3, 25673, 97871, 100, 376.89
2026/09/26 00:41:57.440, 0, 22241, 97871, 100, 316.29
2026/09/26 00:41:57.441, 1, 23489, 97871, 100, 339.24
2026/09/26 00:41:57.441, 2, 24425, 97871, 100, 342.71
2026/09/26 00:41:57.441, 3, 25673, 97871, 100, 386.00
2026/09/26 00:41:57.641, 0, 22241, 97871, 100, 317.56
2026/09/26 00:41:57.641, 1, 23489, 97871, 100, 334.53
2026/09/26 00:41:57.641, 2, 24425, 97871, 100, 341.61
2026/09/26 00:41:57.641, 3, 25673, 97871, 100, 381.22
2026/09/26 00:41:57.841, 0, 22241, 97871, 100, 313.35
2026/09/26 00:41:57.841, 1, 23489, 97871, 100, 338.48
2026/09/26 00:41:57.841, 2, 24425, 97871, 100, 341.39
2026/09/26 00:41:57.841, 3, 25673, 97871, 100, 382.81
2026/09/26 00:41:58.041, 0, 22241, 97871, 100, 313.87
2026/09/26 00:41:58.041, 1, 23489, 97871, 100, 336.55
2026/09/26 00:41:58.041, 2, 24425, 97871, 100, 343.24
2026/09/26 00:41:58.041, 3, 25673, 97871, 100, 379.75
2026/09/26 00:41:58.241, 0, 22241, 97871, 89, 311.45
2026/09/26 00:41:58.241, 1, 23489, 97871, 87, 338.27
2026/09/26 00:41:58.241, 2, 24425, 97871, 89, 346.91
2026/09/26 00:41:58.241, 3, 25673, 97871, 89, 379.42
2026/09/26 00:41:58.442, 0, 22241, 97871, 100, 316.03
2026/09/26 00:41:58.442, 1, 23489, 97871, 100, 337.65
2026/09/26 00:41:58.442, 2, 24425, 97871, 100, 347.00
2026/09/26 00:41:58.442, 3, 25673, 97871, 100, 380.58
2026/09/26 00:41:58.642, 0, 22241, 97871, 100, 317.35
2026/09/26 00:41:58.642, 1, 23489, 97871, 100, 339.17
2026/09/26 00:41:58.642, 2, 24425, 97871, 100, 349.59
2026/09/26 00:41:58.642, 3, 25673, 97871, 100, 378.35
2026/09/26 00:41:58.842, 0, 22241, 97871, 100, 317.81
2026/09/26 00:41:58.842, 1, 23489, 97871, 100, 337.32
2026/09/26 00:41:58.842, 2, 24425, 97871, 100, 351.95
2026/09/26 00:41:58.842, 3, 25673, 97871, 100, 377.55
2026/09/26 00:41:59.042, 0, 22241, 97871, 100, 313.82
2026/09/26 00:41:59.042, 1, 23489, 97871, 100, 338.84
2026/09/26 00:41:59.042, 2, 24425, 97871, 100, 351.29
2026/09/26 00:41:59.042, 3, 25673, 97871, 98, 382.03
2026/09/26 00:41:59.242, 0, 22241, 97871, 90, 309.68
2026/09/26 00:41:59.242, 1, 23489, 97871, 89, 325.40
2026/09/26 00:41:59.242, 2, 24425, 97871, 90, 338.27
2026/09/26 00:41:59.242, 3, 25673, 97871, 100, 362.09
2026/09/26 00:41:59.442, 0, 22241, 97871, 100, 302.77
2026/09/26 00:41:59.442, 1, 23489, 97871, 100, 325.40
2026/09/26 00:41:59.442, 2, 24425, 97871, 100, 340.68
2026/09/26 00:41:59.442, 3, 25673, 97871, 100, 364.01
2026/09/26 00:41:59.642, 0, 22241, 97871, 100, 301.35
2026/09/26 00:41:59.642, 1, 23489, 97871, 100, 322.35
2026/09/26 00:41:59.642, 2, 24425, 97871, 100, 341.65
2026/09/26 00:41:59.642, 3, 25673, 97871, 100, 364.06
2026/09/26 00:41:59.842, 0, 22241, 97871, 100, 299.79
2026/09/26 00:41:59.843, 1, 23489, 97871, 100, 322.13
2026/09/26 00:41:59.843, 2, 24425, 97871, 100, 336.22
2026/09/26 00:41:59.843, 3, 25673, 97871, 100, 366.67
2026/09/26 00:42:00.043, 0, 22241, 97871, 100, 304.76
2026/09/26 00:42:00.043, 1, 23489, 97871, 100, 324.35
2026/09/26 00:42:00.043, 2, 24425, 97871, 100, 342.99
2026/09/26 00:42:00.043, 3, 25673, 97871, 100, 360.10
2026/09/26 00:42:00.243, 0, 22241, 97871, 100, 310.02
2026/09/26 00:42:00.243, 1, 23489, 97871, 86, 334.14
2026/09/26 00:42:00.243, 2, 24425, 97871, 100, 351.16
2026/09/26 00:42:00.243, 3, 25673, 97871, 88, 380.03
2026/09/26 00:42:00.443, 0, 22241, 97871, 100, 318.04
2026/09/26 00:42:00.443, 1, 23489, 97871, 100, 329.87
2026/09/26 00:42:00.443, 2, 24425, 97871, 100, 348.47
2026/09/26 00:42:00.443, 3, 25673, 97871, 100, 375.43
2026/09/26 00:42:00.643, 0, 22241, 97871, 100, 317.07
2026/09/26 00:42:00.643, 1, 23489, 97871, 100, 339.89
2026/09/26 00:42:00.643, 2, 24425, 97871, 100, 357.34
2026/09/26 00:42:00.643, 3, 25673, 97871, 100, 373.69
2026/09/26 00:42:00.843, 0, 22241, 97871, 100, 317.12
2026/09/26 00:42:00.843, 1, 23489, 97871, 100, 341.02
2026/09/26 00:42:00.843, 2, 24425, 97871, 100, 355.97
2026/09/26 00:42:00.843, 3, 25673, 97871, 100, 373.67
2026/09/26 00:42:01.043, 0, 22241, 97871, 100, 312.60
2026/09/26 00:42:01.043, 1, 23489, 97871, 100, 340.29
2026/09/26 00:42:01.043, 2, 24425, 97871, 100, 350.08
2026/09/26 00:42:01.043, 3, 25673, 97871, 100, 377.27
2026/09/26 00:42:01.243, 0, 22241, 97871, 100, 317.40
2026/09/26 00:42:01.244, 1, 23489, 97871, 100, 339.03
2026/09/26 00:42:01.244, 2, 24425, 97871, 100, 355.46
2026/09/26 00:42:01.244, 3, 25673, 97871, 100, 382.92
2026/09/26 00:42:01.444, 0, 22241, 97871, 97, 317.33
2026/09/26 00:42:01.444, 1, 23489, 97871, 100, 341.04
2026/09/26 00:42:01.444, 2, 24425, 97871, 89, 349.33
2026/09/26 00:42:01.444, 3, 25673, 97871, 100, 376.05
2026/09/26 00:42:01.644, 0, 22241, 97871, 100, 317.08
2026/09/26 00:42:01.644, 1, 23489, 97871, 100, 340.98
2026/09/26 00:42:01.644, 2, 24425, 97871, 100, 349.47
2026/09/26 00:42:01.644, 3, 25673, 97871, 100, 381.44
2026/09/26 00:42:01.844, 0, 22241, 97871, 100, 317.47
2026/09/26 00:42:01.844, 1, 23489, 97871, 100, 335.43
2026/09/26 00:42:01.844, 2, 24425, 97871, 100, 347.83
2026/09/26 00:42:01.844, 3, 25673, 97871, 100, 385.20
2026/09/26 00:42:02.044, 0, 22241, 97871, 100, 313.97
2026/09/26 00:42:02.044, 1, 23489, 97871, 100, 338.12
2026/09/26 00:42:02.044, 2, 24425, 97871, 100, 348.24
2026/09/26 00:42:02.044, 3, 25673, 97871, 100, 378.20
2026/09/26 00:42:02.244, 0, 22241, 97871, 100, 313.86
2026/09/26 00:42:02.244, 1, 23489, 97871, 100, 336.85
2026/09/26 00:42:02.244, 2, 24425, 97871, 100, 349.45
2026/09/26 00:42:02.244, 3, 25673, 97871, 100, 380.50
2026/09/26 00:42:02.444, 0, 22241, 97871, 89, 313.29
2026/09/26 00:42:02.444, 1, 23489, 97871, 87, 341.78
2026/09/26 00:42:02.444, 2, 24425, 97871, 89, 351.55
2026/09/26 00:42:02.444, 3, 25673, 97871, 89, 381.02
2026/09/26 00:42:02.644, 0, 22241, 97871, 100, 316.50
2026/09/26 00:42:02.645, 1, 23489, 97871, 100, 338.32
2026/09/26 00:42:02.645, 2, 24425, 97871, 100, 349.71
2026/09/26 00:42:02.645, 3, 25673, 97871, 100, 381.11
2026/09/26 00:42:02.845, 0, 22241, 97871, 100, 315.30
2026/09/26 00:42:02.845, 1, 23489, 97871, 100, 338.74
2026/09/26 00:42:02.845, 2, 24425, 97871, 100, 353.10
2026/09/26 00:42:02.845, 3, 25673, 97871, 100, 379.69
2026/09/26 00:42:03.045, 0, 22241, 97871, 100, 318.96
2026/09/26 00:42:03.045, 1, 23489, 97871, 100, 335.72
2026/09/26 00:42:03.045, 2, 24425, 97871, 100, 352.50
2026/09/26 00:42:03.045, 3, 25673, 97871, 100, 380.97
2026/09/26 00:42:03.245, 0, 22241, 97871, 100, 315.14
2026/09/26 00:42:03.245, 1, 23489, 97871, 100, 333.36
2026/09/26 00:42:03.245, 2, 24425, 97871, 100, 344.58
2026/09/26 00:42:03.245, 3, 25673, 97871, 91, 376.38
2026/09/26 00:42:03.445, 0, 22241, 97871, 88, 312.04
2026/09/26 00:42:03.445, 1, 23489, 97871, 94, 321.25
2026/09/26 00:42:03.445, 2, 24425, 97871, 88, 336.50
2026/09/26 00:42:03.445, 3, 25673, 97871, 100, 363.08
2026/09/26 00:42:03.645, 0, 22241, 97871, 100, 307.71
2026/09/26 00:42:03.645, 1, 23489, 97871, 100, 323.80
2026/09/26 00:42:03.645, 2, 24425, 97871, 100, 337.14
2026/09/26 00:42:03.645, 3, 25673, 97871, 100, 362.20
2026/09/26 00:42:03.845, 0, 22241, 97871, 100, 307.90
2026/09/26 00:42:03.845, 1, 23489, 97871, 100, 320.11
2026/09/26 00:42:03.845, 2, 24425, 97871, 100, 333.36
2026/09/26 00:42:03.845, 3, 25673, 97871, 100, 362.86
2026/09/26 00:42:04.045, 0, 22241, 97871, 100, 303.56
2026/09/26 00:42:04.045, 1, 23489, 97871, 100, 321.31
2026/09/26 00:42:04.046, 2, 24425, 97871, 100, 333.19
2026/09/26 00:42:04.046, 3, 25673, 97871, 100, 363.12
2026/09/26 00:42:04.246, 0, 22241, 97871, 100, 309.17
2026/09/26 00:42:04.246, 1, 23489, 97871, 100, 321.64
2026/09/26 00:42:04.246, 2, 24425, 97871, 100, 340.32
2026/09/26 00:42:04.246, 3, 25673, 97871, 100, 366.17
2026/09/26 00:42:04.446, 0, 22241, 97871, 100, 313.68
2026/09/26 00:42:04.446, 1, 23489, 97871, 86, 334.25
2026/09/26 00:42:04.446, 2, 24425, 97871, 100, 351.02
2026/09/26 00:42:04.446, 3, 25673, 97871, 88, 382.17
2026/09/26 00:42:04.646, 0, 22241, 97871, 100, 319.66
2026/09/26 00:42:04.646, 1, 23489, 97871, 100, 327.87
2026/09/26 00:42:04.646, 2, 24425, 97871, 100, 348.26
2026/09/26 00:42:04.646, 3, 25673, 97871, 100, 377.55
2026/09/26 00:42:04.846, 0, 22241, 97871, 100, 320.64
2026/09/26 00:42:04.846, 1, 23489, 97871, 100, 334.19
2026/09/26 00:42:04.846, 2, 24425, 97871, 100, 354.29
2026/09/26 00:42:04.846, 3, 25673, 97871, 100, 375.20
2026/09/26 00:42:05.046, 0, 22241, 97871, 100, 320.83
2026/09/26 00:42:05.046, 1, 23489, 97871, 100, 338.28
2026/09/26 00:42:05.046, 2, 24425, 97871, 100, 352.72
2026/09/26 00:42:05.046, 3, 25673, 97871, 100, 378.85
2026/09/26 00:42:05.246, 0, 22241, 97871, 100, 319.18
2026/09/26 00:42:05.246, 1, 23489, 97871, 100, 333.20
2026/09/26 00:42:05.246, 2, 24425, 97871, 100, 355.85
2026/09/26 00:42:05.246, 3, 25673, 97871, 100, 378.24
2026/09/26 00:42:05.446, 0, 22241, 97871, 88, 322.22
2026/09/26 00:42:05.446, 1, 23489, 97871, 100, 335.31
2026/09/26 00:42:05.446, 2, 24425, 97871, 100, 356.36
2026/09/26 00:42:05.447, 3, 25673, 97871, 100, 382.66
2026/09/26 00:42:05.647, 0, 22241, 97871, 100, 322.30
2026/09/26 00:42:05.647, 1, 23489, 97871, 100, 332.23
2026/09/26 00:42:05.647, 2, 24425, 97871, 97, 350.51
2026/09/26 00:42:05.647, 3, 25673, 97871, 100, 377.70
2026/09/26 00:42:05.847, 0, 22241, 97871, 100, 321.64
2026/09/26 00:42:05.847, 1, 23489, 97871, 100, 334.42
2026/09/26 00:42:05.847, 2, 24425, 97871, 100, 355.40
2026/09/26 00:42:05.847, 3, 25673, 97871, 100, 380.36
2026/09/26 00:42:06.047, 0, 22241, 97871, 100, 323.65
2026/09/26 00:42:06.047, 1, 23489, 97871, 100, 330.94
2026/09/26 00:42:06.047, 2, 24425, 97871, 100, 349.68
2026/09/26 00:42:06.047, 3, 25673, 97871, 100, 385.77
2026/09/26 00:42:06.247, 0, 22241, 97871, 100, 321.44
2026/09/26 00:42:06.247, 1, 23489, 97871, 100, 338.61
2026/09/26 00:42:06.247, 2, 24425, 97871, 100, 347.08
2026/09/26 00:42:06.247, 3, 25673, 97871, 100, 381.46
2026/09/26 00:42:06.447, 0, 22241, 97871, 100, 323.46
2026/09/26 00:42:06.447, 1, 23489, 97871, 100, 336.31
2026/09/26 00:42:06.447, 2, 24425, 97871, 100, 348.87
2026/09/26 00:42:06.447, 3, 25673, 97871, 100, 382.97
2026/09/26 00:42:06.647, 0, 22241, 97871, 100, 321.92
2026/09/26 00:42:06.647, 1, 23489, 97871, 87, 342.37
2026/09/26 00:42:06.647, 2, 24425, 97871, 90, 346.82
2026/09/26 00:42:06.647, 3, 25673, 97871, 91, 379.33
2026/09/26 00:42:06.847, 0, 22241, 97871, 100, 322.39
2026/09/26 00:42:06.847, 1, 23489, 97871, 100, 339.29
2026/09/26 00:42:06.847, 2, 24425, 97871, 100, 349.18
2026/09/26 00:42:06.848, 3, 25673, 97871, 100, 380.37
2026/09/26 00:42:07.048, 0, 22241, 97871, 100, 320.39
2026/09/26 00:42:07.048, 1, 23489, 97871, 100, 342.84
2026/09/26 00:42:07.048, 2, 24425, 97871, 100, 349.51
2026/09/26 00:42:07.048, 3, 25673, 97871, 100, 379.53
2026/09/26 00:42:07.248, 0, 22241, 97871, 100, 321.15
2026/09/26 00:42:07.248, 1, 23489, 97871, 100, 339.99
2026/09/26 00:42:07.248, 2, 24425, 97871, 100, 351.84
2026/09/26 00:42:07.248, 3, 25673, 97871, 100, 383.12
2026/09/26 00:42:07.448, 0, 22241, 97871, 89, 314.43
2026/09/26 00:42:07.448, 1, 23489, 97871, 100, 337.11
2026/09/26 00:42:07.448, 2, 24425, 97871, 100, 345.48
2026/09/26 00:42:07.448, 3, 25673, 97871, 90, 378.16
2026/09/26 00:42:07.648, 0, 22241, 97871, 100, 310.32
2026/09/26 00:42:07.648, 1, 23489, 97871, 100, 330.07
2026/09/26 00:42:07.648, 2, 24425, 97871, 90, 342.04
2026/09/26 00:42:07.648, 3, 25673, 97871, 100, 368.73
2026/09/26 00:42:07.848, 0, 22241, 97871, 100, 309.20
2026/09/26 00:42:07.848, 1, 23489, 97871, 100, 331.85
2026/09/26 00:42:07.848, 2, 24425, 97871, 100, 343.62
2026/09/26 00:42:07.848, 3, 25673, 97871, 100, 372.77
2026/09/26 00:42:08.048, 0, 22241, 97871, 100, 310.29
2026/09/26 00:42:08.048, 1, 23489, 97871, 100, 326.90
2026/09/26 00:42:08.048, 2, 24425, 97871, 100, 340.27
2026/09/26 00:42:08.048, 3, 25673, 97871, 100, 374.25
2026/09/26 00:42:08.249, 0, 22241, 97871, 100, 307.82
2026/09/26 00:42:08.249, 1, 23489, 97871, 100, 330.65
2026/09/26 00:42:08.249, 2, 24425, 97871, 100, 339.19
2026/09/26 00:42:08.249, 3, 25673, 97871, 100, 370.03
2026/09/26 00:42:08.449, 0, 22241, 97871, 100, 312.09
2026/09/26 00:42:08.449, 1, 23489, 97871, 100, 329.84
2026/09/26 00:42:08.449, 2, 24425, 97871, 100, 343.08
2026/09/26 00:42:08.449, 3, 25673, 97871, 100, 371.15
2026/09/26 00:42:08.649, 0, 22241, 97871, 100, 315.40
2026/09/26 00:42:08.649, 1, 23489, 97871, 86, 343.76
2026/09/26 00:42:08.649, 2, 24425, 97871, 95, 350.20
2026/09/26 00:42:08.649, 3, 25673, 97871, 88, 383.89
2026/09/26 00:42:08.849, 0, 22241, 97871, 100, 319.89
2026/09/26 00:42:08.849, 1, 23489, 97871, 100, 337.62
2026/09/26 00:42:08.849, 2, 24425, 97871, 100, 349.20
2026/09/26 00:42:08.849, 3, 25673, 97871, 100, 383.04
2026/09/26 00:42:09.049, 0, 22241, 97871, 100, 320.73
2026/09/26 00:42:09.049, 1, 23489, 97871, 100, 341.36
2026/09/26 00:42:09.049, 2, 24425, 97871, 100, 354.31
2026/09/26 00:42:09.049, 3, 25673, 97871, 100, 379.27
2026/09/26 00:42:09.249, 0, 22241, 97871, 100, 320.42
2026/09/26 00:42:09.249, 1, 23489, 97871, 100, 342.93
2026/09/26 00:42:09.249, 2, 24425, 97871, 100, 351.28
2026/09/26 00:42:09.249, 3, 25673, 97871, 100, 384.35
2026/09/26 00:42:09.449, 0, 22241, 97871, 100, 322.15
2026/09/26 00:42:09.449, 1, 23489, 97871, 100, 342.79
2026/09/26 00:42:09.449, 2, 24425, 97871, 100, 361.15
2026/09/26 00:42:09.449, 3, 25673, 97871, 100, 379.05
2026/09/26 00:42:09.649, 0, 22241, 97871, 88, 322.48
2026/09/26 00:42:09.650, 1, 23489, 97871, 100, 339.41
2026/09/26 00:42:09.650, 2, 24425, 97871, 100, 356.76
2026/09/26 00:42:09.650, 3, 25673, 97871, 100, 385.90
2026/09/26 00:42:09.850, 0, 22241, 97871, 100, 323.33
2026/09/26 00:42:09.850, 1, 23489, 97871, 100, 339.32
2026/09/26 00:42:09.850, 2, 24425, 97871, 100, 352.74
2026/09/26 00:42:09.850, 3, 25673, 97871, 100, 379.33
2026/09/26 00:42:10.050, 0, 22241, 97871, 100, 321.94
2026/09/26 00:42:10.050, 1, 23489, 97871, 100, 346.49
2026/09/26 00:42:10.050, 2, 24425, 97871, 100, 361.19
2026/09/26 00:42:10.050, 3, 25673, 97871, 100, 379.32
2026/09/26 00:42:10.250, 0, 22241, 97871, 100, 322.18
2026/09/26 00:42:10.250, 1, 23489, 97871, 100, 338.83
2026/09/26 00:42:10.250, 2, 24425, 97871, 100, 354.59
2026/09/26 00:42:10.250, 3, 25673, 97871, 100, 382.50
2026/09/26 00:42:10.450, 0, 22241, 97871, 100, 321.82
2026/09/26 00:42:10.450, 1, 23489, 97871, 100, 345.33
2026/09/26 00:42:10.450, 2, 24425, 97871, 100, 349.93
2026/09/26 00:42:10.450, 3, 25673, 97871, 100, 378.98
2026/09/26 00:42:10.650, 0, 22241, 97871, 100, 322.65
2026/09/26 00:42:10.650, 1, 23489, 97871, 100, 341.69
2026/09/26 00:42:10.650, 2, 24425, 97871, 100, 351.88
2026/09/26 00:42:10.650, 3, 25673, 97871, 100, 379.50
2026/09/26 00:42:10.850, 0, 22241, 97871, 100, 323.58
2026/09/26 00:42:10.850, 1, 23489, 97871, 87, 344.66
2026/09/26 00:42:10.850, 2, 24425, 97871, 90, 350.77
2026/09/26 00:42:10.850, 3, 25673, 97871, 100, 378.48
2026/09/26 00:42:11.050, 0, 22241, 97871, 100, 320.95
2026/09/26 00:42:11.051, 1, 23489, 97871, 100, 341.22
2026/09/26 00:42:11.051, 2, 24425, 97871, 100, 348.50
2026/09/26 00:42:11.051, 3, 25673, 97871, 100, 379.77
2026/09/26 00:42:11.251, 0, 22241, 97871, 100, 318.82
2026/09/26 00:42:11.251, 1, 23489, 97871, 100, 343.56
2026/09/26 00:42:11.251, 2, 24425, 97871, 100, 348.89
2026/09/26 00:42:11.251, 3, 25673, 97871, 100, 374.56
2026/09/26 00:42:11.451, 0, 22241, 97871, 100, 320.26
2026/09/26 00:42:11.451, 1, 23489, 97871, 100, 339.19
2026/09/26 00:42:11.451, 2, 24425, 97871, 100, 348.10
2026/09/26 00:42:11.451, 3, 25673, 97871, 100, 380.81
2026/09/26 00:42:11.651, 0, 22275, 97871, 64, 311.12
2026/09/26 00:42:11.651, 1, 23523, 97871, 91, 332.50
2026/09/26 00:42:11.651, 2, 24461, 97871, 100, 335.38
2026/09/26 00:42:11.651, 3, 25707, 97871, 69, 371.61
2026/09/26 00:42:11.851, 0, 22275, 97871, 100, 295.88
2026/09/26 00:42:11.851, 1, 23523, 97871, 78, 316.57
2026/09/26 00:42:11.851, 2, 24461, 97871, 71, 327.49
2026/09/26 00:42:11.851, 3, 25707, 97871, 97, 361.17
2026/09/26 00:42:12.051, 0, 22275, 97871, 84, 292.22
2026/09/26 00:42:12.051, 1, 23523, 97871, 72, 304.44
2026/09/26 00:42:12.051, 2, 24461, 97871, 100, 309.13
2026/09/26 00:42:12.051, 3, 25707, 97871, 84, 344.23
2026/09/26 00:42:12.251, 0, 22275, 97871, 84, 264.79
2026/09/26 00:42:12.251, 1, 23523, 97871, 27, 276.60
2026/09/26 00:42:12.251, 2, 24461, 97871, 85, 282.91
2026/09/26 00:42:12.251, 3, 25707, 97871, 85, 309.50
2026/09/26 00:42:12.451, 0, 22275, 97871, 28, 238.40
2026/09/26 00:42:12.452, 1, 23523, 97871, 38, 251.70
2026/09/26 00:42:12.452, 2, 24461, 97871, 81, 255.18
2026/09/26 00:42:12.452, 3, 25707, 97871, 64, 275.29
2026/09/26 00:42:12.652, 0, 22275, 97871, 28, 219.46
2026/09/26 00:42:12.652, 1, 23523, 97871, 58, 229.72
2026/09/26 00:42:12.652, 2, 24461, 97871, 69, 235.48
2026/09/26 00:42:12.652, 3, 25707, 97871, 63, 244.65
2026/09/26 00:42:12.852, 0, 22275, 97871, 28, 207.95
2026/09/26 00:42:12.852, 1, 23523, 97871, 56, 218.33
2026/09/26 00:42:12.852, 2, 24461, 97871, 72, 218.88
2026/09/26 00:42:12.852, 3, 25707, 97871, 71, 230.97
2026/09/26 00:42:13.052, 0, 22275, 97871, 26, 190.76
2026/09/26 00:42:13.052, 1, 23523, 97871, 48, 199.32
2026/09/26 00:42:13.052, 2, 24461, 97871, 71, 199.82
2026/09/26 00:42:13.052, 3, 25707, 97871, 61, 204.72
2026/09/26 00:42:13.253, 0, 22275, 97871, 28, 190.08
2026/09/26 00:42:13.253, 1, 23523, 97871, 50, 200.65
2026/09/26 00:42:13.253, 2, 24461, 97871, 67, 199.60
2026/09/26 00:42:13.253, 3, 25707, 97871, 60, 204.61
2026/09/26 00:42:13.453, 0, 22275, 97871, 28, 189.73
2026/09/26 00:42:13.453, 1, 23523, 97871, 48, 200.29
2026/09/26 00:42:13.453, 2, 24461, 97871, 73, 198.45
2026/09/26 00:42:13.453, 3, 25707, 97871, 68, 205.57
2026/09/26 00:42:13.653, 0, 22275, 97871, 30, 189.12
2026/09/26 00:42:13.653, 1, 23523, 97871, 43, 199.74
2026/09/26 00:42:13.653, 2, 24461, 97871, 68, 198.61
2026/09/26 00:42:13.653, 3, 25707, 97871, 58, 206.82
2026/09/26 00:42:13.853, 0, 22275, 97871, 29, 189.26
2026/09/26 00:42:13.853, 1, 23523, 97871, 47, 199.68
2026/09/26 00:42:13.853, 2, 24461, 97871, 73, 198.83
2026/09/26 00:42:13.853, 3, 25707, 97871, 61, 207.30
2026/09/26 00:42:14.053, 0, 22275, 97871, 30, 189.22
2026/09/26 00:42:14.053, 1, 23523, 97871, 44, 200.24
2026/09/26 00:42:14.053, 2, 24461, 97871, 65, 199.47
2026/09/26 00:42:14.053, 3, 25707, 97871, 67, 207.35
2026/09/26 00:42:14.253, 0, 22275, 97871, 29, 190.38
2026/09/26 00:42:14.253, 1, 23523, 97871, 44, 200.43
2026/09/26 00:42:14.253, 2, 24461, 97871, 72, 200.11
2026/09/26 00:42:14.253, 3, 25707, 97871, 70, 208.35
2026/09/26 00:42:14.453, 0, 22275, 97871, 31, 190.02
2026/09/26 00:42:14.453, 1, 23523, 97871, 65, 201.31
2026/09/26 00:42:14.453, 2, 24461, 97871, 75, 200.83
2026/09/26 00:42:14.453, 3, 25707, 97871, 68, 209.04
2026/09/26 00:42:14.654, 0, 22275, 97871, 30, 191.47
2026/09/26 00:42:14.654, 1, 23523, 97871, 64, 202.19
2026/09/26 00:42:14.654, 2, 24461, 97871, 72, 201.82
2026/09/26 00:42:14.654, 3, 25707, 97871, 69, 207.77
2026/09/26 00:42:14.854, 0, 22275, 97871, 29, 191.53
2026/09/26 00:42:14.854, 1, 23523, 97871, 61, 202.79
2026/09/26 00:42:14.854, 2, 24461, 97871, 77, 201.84
2026/09/26 00:42:14.854, 3, 25707, 97871, 75, 208.86
2026/09/26 00:42:15.054, 0, 22275, 97871, 30, 192.60
2026/09/26 00:42:15.054, 1, 23523, 97871, 63, 201.37
2026/09/26 00:42:15.054, 2, 24461, 97871, 79, 203.01
2026/09/26 00:42:15.054, 3, 25707, 97871, 66, 208.90
2026/09/26 00:42:15.254, 0, 22275, 97871, 30, 192.60
2026/09/26 00:42:15.254, 1, 23523, 97871, 55, 201.82
2026/09/26 00:42:15.254, 2, 24461, 97871, 73, 203.41
2026/09/26 00:42:15.254, 3, 25707, 97871, 66, 209.02
2026/09/26 00:42:15.454, 0, 22275, 97871, 30, 193.66
2026/09/26 00:42:15.454, 1, 23523, 97871, 52, 201.10
2026/09/26 00:42:15.454, 2, 24461, 97871, 75, 203.45
2026/09/26 00:42:15.454, 3, 25707, 97871, 65, 209.73
2026/09/26 00:42:15.654, 0, 22275, 97871, 30, 193.38
2026/09/26 00:42:15.654, 1, 23523, 97871, 57, 201.63
2026/09/26 00:42:15.654, 2, 24461, 97871, 70, 203.47
2026/09/26 00:42:15.654, 3, 25707, 97871, 68, 211.88
2026/09/26 00:42:15.854, 0, 22275, 97871, 30, 193.63
2026/09/26 00:42:15.854, 1, 23523, 97871, 57, 202.04
2026/09/26 00:42:15.854, 2, 24461, 97871, 72, 203.81
2026/09/26 00:42:15.854, 3, 25707, 97871, 69, 211.41
2026/09/26 00:42:16.055, 0, 22275, 97871, 29, 193.26
2026/09/26 00:42:16.055, 1, 23523, 97871, 50, 202.90
2026/09/26 00:42:16.055, 2, 24461, 97871, 73, 202.80
2026/09/26 00:42:16.055, 3, 25707, 97871, 64, 212.85
2026/09/26 00:42:16.255, 0, 22275, 97871, 30, 193.69
2026/09/26 00:42:16.255, 1, 23523, 97871, 54, 203.62
2026/09/26 00:42:16.255, 2, 24461, 97871, 71, 203.41
2026/09/26 00:42:16.255, 3, 25707, 97871, 71, 212.79
2026/09/26 00:42:16.455, 0, 22275, 97871, 30, 193.50
2026/09/26 00:42:16.455, 1, 23523, 97871, 52, 204.51
2026/09/26 00:42:16.455, 2, 24461, 97871, 75, 203.91
2026/09/26 00:42:16.455, 3, 25707, 97871, 71, 212.99
2026/09/26 00:42:16.655, 0, 22275, 97871, 27, 191.26
2026/09/26 00:42:16.655, 1, 23523, 97871, 48, 202.54
2026/09/26 00:42:16.655, 2, 24461, 97871, 59, 201.56
2026/09/26 00:42:16.655, 3, 25707, 97871, 68, 209.96
2026/09/26 00:42:16.855, 0, 22275, 97871, 27, 189.41
2026/09/26 00:42:16.855, 1, 23523, 97871, 48, 200.76
2026/09/26 00:42:16.855, 2, 24461, 97871, 77, 199.52
2026/09/26 00:42:16.855, 3, 25707, 97871, 64, 208.04
2026/09/26 00:42:17.055, 0, 22275, 97871, 29, 188.01
2026/09/26 00:42:17.055, 1, 23523, 97871, 51, 199.60
2026/09/26 00:42:17.055, 2, 24461, 97871, 71, 197.50
2026/09/26 00:42:17.055, 3, 25707, 97871, 71, 205.76
2026/09/26 00:42:17.255, 0, 22275, 97871, 27, 186.68
2026/09/26 00:42:17.255, 1, 23523, 97871, 58, 197.26
2026/09/26 00:42:17.255, 2, 24461, 97871, 77, 195.75
2026/09/26 00:42:17.255, 3, 25707, 97871, 64, 204.27
2026/09/26 00:42:17.456, 0, 22275, 97871, 28, 185.55
2026/09/26 00:42:17.456, 1, 23523, 97871, 54, 195.60
2026/09/26 00:42:17.456, 2, 24461, 97871, 72, 194.55
2026/09/26 00:42:17.456, 3, 25707, 97871, 68, 202.15
2026/09/26 00:42:17.656, 0, 22275, 97871, 27, 186.62
2026/09/26 00:42:17.656, 1, 23523, 97871, 57, 196.73
2026/09/26 00:42:17.656, 2, 24461, 97871, 76, 195.46
2026/09/26 00:42:17.656, 3, 25707, 97871, 64, 202.12
2026/09/26 00:42:17.856, 0, 22275, 97871, 22, 186.79
2026/09/26 00:42:17.856, 1, 23523, 97871, 64, 197.39
2026/09/26 00:42:17.856, 2, 24461, 97871, 73, 195.13
2026/09/26 00:42:17.856, 3, 25707, 97871, 75, 203.02
2026/09/26 00:42:18.056, 0, 22275, 97871, 100, 200.79
2026/09/26 00:42:18.056, 1, 23523, 97871, 82, 213.77
2026/09/26 00:42:18.056, 2, 24461, 97871, 74, 216.48
2026/09/26 00:42:18.056, 3, 25707, 97871, 99, 220.50
2026/09/26 00:42:18.256, 0, 22277, 97871, 53, 221.52
2026/09/26 00:42:18.256, 1, 23525, 97871, 100, 234.35
2026/09/26 00:42:18.256, 2, 24461, 97871, 100, 239.79
2026/09/26 00:42:18.256, 3, 25709, 97871, 85, 251.30
2026/09/26 00:42:18.456, 0, 22277, 97871, 18, 218.25
2026/09/26 00:42:18.456, 1, 23525, 97871, 58, 231.69
2026/09/26 00:42:18.456, 2, 24461, 97871, 77, 235.72
2026/09/26 00:42:18.456, 3, 25709, 97871, 68, 246.40
2026/09/26 00:42:18.656, 0, 22277, 97871, 18, 213.34
2026/09/26 00:42:18.656, 1, 23525, 97871, 48, 227.11
2026/09/26 00:42:18.656, 2, 24461, 97871, 72, 232.11
2026/09/26 00:42:18.656, 3, 25709, 97871, 71, 241.77
2026/09/26 00:42:18.857, 0, 22277, 97871, 18, 210.24
2026/09/26 00:42:18.857, 1, 23525, 97871, 52, 223.05
2026/09/26 00:42:18.857, 2, 24461, 97871, 79, 227.47
2026/09/26 00:42:18.857, 3, 25709, 97871, 74, 237.52
2026/09/26 00:42:19.057, 0, 22277, 97871, 18, 193.42
2026/09/26 00:42:19.057, 1, 23525, 97871, 51, 202.27
2026/09/26 00:42:19.057, 2, 24461, 97871, 69, 202.88
2026/09/26 00:42:19.057, 3, 25709, 97871, 65, 217.90
2026/09/26 00:42:19.257, 0, 22277, 97871, 18, 166.32
2026/09/26 00:42:19.257, 1, 23525, 97871, 47, 177.50
2026/09/26 00:42:19.257, 2, 24461, 97871, 75, 174.81
2026/09/26 00:42:19.257, 3, 25709, 97871, 69, 179.91
2026/09/26 00:42:19.457, 0, 22277, 97871, 18, 165.72
2026/09/26 00:42:19.457, 1, 23525, 97871, 50, 177.36
2026/09/26 00:42:19.457, 2, 24461, 97871, 74, 174.37
2026/09/26 00:42:19.457, 3, 25709, 97871, 67, 179.42
2026/09/26 00:42:19.657, 0, 22279, 97871, 23, 165.32
2026/09/26 00:42:19.657, 1, 23527, 97871, 34, 176.26
2026/09/26 00:42:19.657, 2, 24463, 97871, 72, 172.59
2026/09/26 00:42:19.657, 3, 25711, 97871, 52, 178.20
2026/09/26 00:42:19.857, 0, 22279, 97871, 100, 194.47
2026/09/26 00:42:19.857, 1, 23527, 97871, 100, 210.49
2026/09/26 00:42:19.857, 2, 24463, 97871, 100, 207.46
2026/09/26 00:42:19.857, 3, 25711, 97871, 100, 213.38
2026/09/26 00:42:20.057, 0, 22279, 97871, 28, 205.62
2026/09/26 00:42:20.057, 1, 23527, 97871, 66, 220.21
2026/09/26 00:42:20.057, 2, 24463, 97871, 76, 218.42
2026/09/26 00:42:20.057, 3, 25711, 97871, 73, 229.45
2026/09/26 00:42:20.258, 0, 22279, 97871, 29, 209.07
2026/09/26 00:42:20.258, 1, 23527, 97871, 56, 224.79
2026/09/26 00:42:20.258, 2, 24463, 97871, 74, 224.25
2026/09/26 00:42:20.258, 3, 25711, 97871, 67, 234.24
2026/09/26 00:42:20.458, 0, 22279, 97871, 28, 214.78
2026/09/26 00:42:20.458, 1, 23527, 97871, 63, 227.54
2026/09/26 00:42:20.458, 2, 24463, 97871, 77, 227.72
2026/09/26 00:42:20.458, 3, 25711, 97871, 70, 239.18
2026/09/26 00:42:20.658, 0, 22279, 97871, 28, 218.85
2026/09/26 00:42:20.658, 1, 23527, 97871, 60, 232.83
2026/09/26 00:42:20.658, 2, 24463, 97871, 72, 234.10
2026/09/26 00:42:20.658, 3, 25711, 97871, 72, 245.23
2026/09/26 00:42:20.858, 0, 22279, 97871, 28, 196.64
2026/09/26 00:42:20.858, 1, 23527, 97871, 60, 206.47
2026/09/26 00:42:20.858, 2, 24463, 97871, 76, 208.90
2026/09/26 00:42:20.858, 3, 25711, 97871, 71, 218.86
2026/09/26 00:42:21.058, 0, 22279, 97871, 29, 187.46
2026/09/26 00:42:21.058, 1, 23527, 97871, 72, 198.41
2026/09/26 00:42:21.058, 2, 24463, 97871, 77, 198.94
2026/09/26 00:42:21.058, 3, 25711, 97871, 72, 204.59
2026/09/26 00:42:21.258, 0, 22279, 97871, 28, 187.58
2026/09/26 00:42:21.258, 1, 23527, 97871, 59, 198.29
2026/09/26 00:42:21.258, 2, 24463, 97871, 76, 198.92
2026/09/26 00:42:21.258, 3, 25711, 97871, 69, 206.05
2026/09/26 00:42:21.458, 0, 22279, 97871, 28, 186.90
2026/09/26 00:42:21.458, 1, 23527, 97871, 60, 199.66
2026/09/26 00:42:21.458, 2, 24463, 97871, 72, 198.96
2026/09/26 00:42:21.458, 3, 25711, 97871, 72, 206.01
2026/09/26 00:42:21.659, 0, 22279, 97871, 29, 188.86
2026/09/26 00:42:21.659, 1, 23527, 97871, 64, 199.76
2026/09/26 00:42:21.659, 2, 24463, 97871, 76, 198.65
2026/09/26 00:42:21.659, 3, 25711, 97871, 74, 206.96
2026/09/26 00:42:21.859, 0, 22279, 97871, 31, 190.07
2026/09/26 00:42:21.859, 1, 23527, 97871, 56, 200.48
2026/09/26 00:42:21.859, 2, 24463, 97871, 78, 198.89
2026/09/26 00:42:21.859, 3, 25711, 97871, 72, 207.71
2026/09/26 00:42:22.059, 0, 22279, 97871, 30, 191.10
2026/09/26 00:42:22.059, 1, 23527, 97871, 57, 200.56
2026/09/26 00:42:22.059, 2, 24463, 97871, 76, 199.24
2026/09/26 00:42:22.059, 3, 25711, 97871, 67, 208.48
2026/09/26 00:42:22.259, 0, 22279, 97871, 29, 190.97
2026/09/26 00:42:22.259, 1, 23527, 97871, 62, 202.30
2026/09/26 00:42:22.259, 2, 24463, 97871, 73, 199.97
2026/09/26 00:42:22.259, 3, 25711, 97871, 72, 207.88
2026/09/26 00:42:22.459, 0, 22279, 97871, 30, 192.92
2026/09/26 00:42:22.459, 1, 23527, 97871, 60, 203.33
2026/09/26 00:42:22.459, 2, 24463, 97871, 77, 201.29
2026/09/26 00:42:22.459, 3, 25711, 97871, 72, 208.71
2026/09/26 00:42:22.659, 0, 22279, 97871, 30, 192.89
2026/09/26 00:42:22.659, 1, 23527, 97871, 67, 203.13
2026/09/26 00:42:22.659, 2, 24463, 97871, 77, 201.10
2026/09/26 00:42:22.659, 3, 25711, 97871, 72, 209.61
2026/09/26 00:42:22.859, 0, 22279, 97871, 30, 192.50
2026/09/26 00:42:22.859, 1, 23527, 97871, 64, 203.29
2026/09/26 00:42:22.859, 2, 24463, 97871, 77, 202.06
2026/09/26 00:42:22.859, 3, 25711, 97871, 71, 209.97
2026/09/26 00:42:23.060, 0, 22279, 97871, 30, 192.60
2026/09/26 00:42:23.060, 1, 23527, 97871, 63, 203.62
2026/09/26 00:42:23.060, 2, 24463, 97871, 70, 201.63
2026/09/26 00:42:23.060, 3, 25711, 97871, 72, 209.86
2026/09/26 00:42:23.260, 0, 22279, 97871, 30, 193.35
2026/09/26 00:42:23.260, 1, 23527, 97871, 63, 204.08
2026/09/26 00:42:23.260, 2, 24463, 97871, 76, 202.40
2026/09/26 00:42:23.260, 3, 25711, 97871, 71, 210.07
2026/09/26 00:42:23.460, 0, 22279, 97871, 29, 193.01
2026/09/26 00:42:23.460, 1, 23527, 97871, 65, 203.65
2026/09/26 00:42:23.460, 2, 24463, 97871, 78, 201.63
2026/09/26 00:42:23.460, 3, 25711, 97871, 68, 210.85
2026/09/26 00:42:23.660, 0, 22279, 97871, 30, 193.06
2026/09/26 00:42:23.660, 1, 23527, 97871, 66, 203.65
2026/09/26 00:42:23.660, 2, 24463, 97871, 72, 203.16
2026/09/26 00:42:23.660, 3, 25711, 97871, 69, 210.33
2026/09/26 00:42:23.860, 0, 22279, 97871, 30, 193.52
2026/09/26 00:42:23.860, 1, 23527, 97871, 57, 204.30
2026/09/26 00:42:23.860, 2, 24463, 97871, 72, 203.30
2026/09/26 00:42:23.860, 3, 25711, 97871, 72, 210.06
2026/09/26 00:42:24.060, 0, 22279, 97871, 30, 193.65
2026/09/26 00:42:24.060, 1, 23527, 97871, 65, 205.31
2026/09/26 00:42:24.060, 2, 24463, 97871, 75, 204.24
2026/09/26 00:42:24.060, 3, 25711, 97871, 71, 210.15
2026/09/26 00:42:24.260, 0, 22279, 97871, 28, 194.72
2026/09/26 00:42:24.260, 1, 23527, 97871, 63, 204.68
2026/09/26 00:42:24.260, 2, 24463, 97871, 76, 203.79
2026/09/26 00:42:24.260, 3, 25711, 97871, 69, 211.37
2026/09/26 00:42:24.461, 0, 22279, 97871, 28, 194.45
2026/09/26 00:42:24.461, 1, 23527, 97871, 65, 204.83
2026/09/26 00:42:24.461, 2, 24463, 97871, 71, 204.04
2026/09/26 00:42:24.461, 3, 25711, 97871, 66, 210.70
2026/09/26 00:42:24.661, 0, 22279, 97871, 27, 192.07
2026/09/26 00:42:24.661, 1, 23527, 97871, 57, 203.33
2026/09/26 00:42:24.661, 2, 24463, 97871, 76, 200.74
2026/09/26 00:42:24.661, 3, 25711, 97871, 70, 209.30
2026/09/26 00:42:24.861, 0, 22279, 97871, 27, 190.85
2026/09/26 00:42:24.861, 1, 23527, 97871, 66, 201.10
2026/09/26 00:42:24.861, 2, 24463, 97871, 80, 198.17
2026/09/26 00:42:24.861, 3, 25711, 97871, 75, 207.24
2026/09/26 00:42:25.061, 0, 22279, 97871, 27, 188.30
2026/09/26 00:42:25.061, 1, 23527, 97871, 58, 199.16
2026/09/26 00:42:25.061, 2, 24463, 97871, 73, 195.85
2026/09/26 00:42:25.061, 3, 25711, 97871, 74, 205.72
2026/09/26 00:42:25.261, 0, 22279, 97871, 27, 186.82
2026/09/26 00:42:25.261, 1, 23527, 97871, 63, 198.10
2026/09/26 00:42:25.261, 2, 24463, 97871, 78, 193.87
2026/09/26 00:42:25.261, 3, 25711, 97871, 73, 203.70
2026/09/26 00:42:25.461, 0, 22279, 97871, 28, 185.20
2026/09/26 00:42:25.461, 1, 23527, 97871, 63, 197.14
2026/09/26 00:42:25.461, 2, 24463, 97871, 74, 192.37
2026/09/26 00:42:25.461, 3, 25711, 97871, 71, 202.07
2026/09/26 00:42:25.661, 0, 22279, 97871, 27, 186.13
2026/09/26 00:42:25.661, 1, 23527, 97871, 61, 197.12
2026/09/26 00:42:25.661, 2, 24463, 97871, 77, 192.63
2026/09/26 00:42:25.661, 3, 25711, 97871, 71, 201.47
2026/09/26 00:42:25.862, 0, 22279, 97871, 62, 191.37
2026/09/26 00:42:25.862, 1, 23527, 97871, 49, 200.26
2026/09/26 00:42:25.862, 2, 24463, 97871, 66, 196.16
2026/09/26 00:42:25.862, 3, 25711, 97871, 54, 205.46
2026/09/26 00:42:26.062, 0, 22279, 97871, 100, 218.27
2026/09/26 00:42:26.062, 1, 23527, 97871, 100, 227.57
2026/09/26 00:42:26.062, 2, 24463, 97871, 100, 228.91
2026/09/26 00:42:26.062, 3, 25711, 97871, 100, 240.38
2026/09/26 00:42:26.262, 0, 22279, 97871, 18, 225.25
2026/09/26 00:42:26.262, 1, 23527, 97871, 59, 235.10
2026/09/26 00:42:26.262, 2, 24463, 97871, 85, 236.37
2026/09/26 00:42:26.262, 3, 25711, 97871, 68, 247.87
2026/09/26 00:42:26.462, 0, 22279, 97871, 18, 222.24
2026/09/26 00:42:26.462, 1, 23527, 97871, 59, 230.71
2026/09/26 00:42:26.462, 2, 24463, 97871, 78, 232.21
2026/09/26 00:42:26.462, 3, 25711, 97871, 62, 241.97
2026/09/26 00:42:26.662, 0, 22279, 97871, 18, 218.06
2026/09/26 00:42:26.662, 1, 23527, 97871, 53, 226.82
2026/09/26 00:42:26.662, 2, 24463, 97871, 73, 228.85
2026/09/26 00:42:26.662, 3, 25711, 97871, 70, 237.97
2026/09/26 00:42:26.862, 0, 22279, 97871, 18, 211.98
2026/09/26 00:42:26.862, 1, 23527, 97871, 28, 221.50
2026/09/26 00:42:26.862, 2, 24463, 97871, 78, 222.33
2026/09/26 00:42:26.862, 3, 25711, 97871, 66, 230.43
2026/09/26 00:42:27.062, 0, 22279, 97871, 18, 177.83
2026/09/26 00:42:27.062, 1, 23527, 97871, 49, 187.78
2026/09/26 00:42:27.062, 2, 24463, 97871, 76, 184.06
2026/09/26 00:42:27.062, 3, 25711, 97871, 66, 193.97
2026/09/26 00:42:27.263, 0, 22279, 97871, 19, 167.16
2026/09/26 00:42:27.263, 1, 23527, 97871, 46, 176.43
2026/09/26 00:42:27.263, 2, 24463, 97871, 75, 172.77
2026/09/26 00:42:27.263, 3, 25711, 97871, 65, 178.70
2026/09/26 00:42:27.463, 0, 22279, 97871, 16, 167.35
2026/09/26 00:42:27.463, 1, 23527, 97871, 55, 176.30
2026/09/26 00:42:27.463, 2, 24463, 97871, 74, 172.67
2026/09/26 00:42:27.463, 3, 25711, 97871, 71, 178.89
2026/09/26 00:42:27.663, 0, 22279, 97871, 100, 186.39
2026/09/26 00:42:27.663, 1, 23527, 97871, 84, 197.41
2026/09/26 00:42:27.663, 2, 24463, 97871, 69, 194.55
2026/09/26 00:42:27.663, 3, 25711, 97871, 100, 203.60
2026/09/26 00:42:27.863, 0, 22279, 97871, 28, 207.41
2026/09/26 00:42:27.863, 1, 23527, 97871, 81, 218.89
2026/09/26 00:42:27.863, 2, 24463, 97871, 100, 215.80
2026/09/26 00:42:27.863, 3, 25711, 97871, 74, 228.66
2026/09/26 00:42:28.063, 0, 22279, 97871, 28, 211.16
2026/09/26 00:42:28.063, 1, 23527, 97871, 55, 222.60
2026/09/26 00:42:28.063, 2, 24463, 97871, 72, 221.15
2026/09/26 00:42:28.063, 3, 25711, 97871, 70, 232.83
2026/09/26 00:42:28.263, 0, 22279, 97871, 28, 215.59
2026/09/26 00:42:28.263, 1, 23527, 97871, 55, 227.32
2026/09/26 00:42:28.263, 2, 24463, 97871, 76, 226.53
2026/09/26 00:42:28.263, 3, 25711, 97871, 70, 237.48
2026/09/26 00:42:28.463, 0, 22279, 97871, 28, 217.98
2026/09/26 00:42:28.463, 1, 23527, 97871, 61, 232.46
2026/09/26 00:42:28.463, 2, 24463, 97871, 76, 233.38
2026/09/26 00:42:28.463, 3, 25711, 97871, 65, 244.44
2026/09/26 00:42:28.664, 0, 22279, 97871, 28, 204.04
2026/09/26 00:42:28.664, 1, 23527, 97871, 60, 215.70
2026/09/26 00:42:28.664, 2, 24463, 97871, 73, 218.95
2026/09/26 00:42:28.664, 3, 25711, 97871, 67, 224.43
2026/09/26 00:42:28.864, 0, 22279, 97871, 28, 187.64
2026/09/26 00:42:28.864, 1, 23527, 97871, 55, 199.18
2026/09/26 00:42:28.864, 2, 24463, 97871, 74, 200.04
2026/09/26 00:42:28.864, 3, 25711, 97871, 68, 204.27
2026/09/26 00:42:29.064, 0, 22279, 97871, 28, 187.40
2026/09/26 00:42:29.064, 1, 23527, 97871, 59, 200.08
2026/09/26 00:42:29.064, 2, 24463, 97871, 76, 200.21
2026/09/26 00:42:29.064, 3, 25711, 97871, 64, 205.20
2026/09/26 00:42:29.264, 0, 22279, 97871, 27, 188.16
2026/09/26 00:42:29.264, 1, 23527, 97871, 58, 199.59
2026/09/26 00:42:29.264, 2, 24463, 97871, 75, 199.52
2026/09/26 00:42:29.264, 3, 25711, 97871, 68, 206.39
2026/09/26 00:42:29.464, 0, 22279, 97871, 29, 189.53
2026/09/26 00:42:29.464, 1, 23527, 97871, 61, 200.49
2026/09/26 00:42:29.464, 2, 24463, 97871, 73, 200.39
2026/09/26 00:42:29.464, 3, 25711, 97871, 71, 206.70
2026/09/26 00:42:29.664, 0, 22279, 97871, 30, 190.27
2026/09/26 00:42:29.664, 1, 23527, 97871, 58, 200.28
2026/09/26 00:42:29.664, 2, 24463, 97871, 72, 199.18
2026/09/26 00:42:29.664, 3, 25711, 97871, 69, 207.25
2026/09/26 00:42:29.864, 0, 22279, 97871, 30, 191.06
2026/09/26 00:42:29.864, 1, 23527, 97871, 46, 200.47
2026/09/26 00:42:29.864, 2, 24463, 97871, 76, 199.40
2026/09/26 00:42:29.864, 3, 25711, 97871, 66, 208.01
2026/09/26 00:42:30.065, 0, 22279, 97871, 28, 192.76
2026/09/26 00:42:30.065, 1, 23527, 97871, 55, 200.64
2026/09/26 00:42:30.065, 2, 24463, 97871, 76, 199.41
2026/09/26 00:42:30.065, 3, 25711, 97871, 69, 208.94
2026/09/26 00:42:30.265, 0, 22279, 97871, 30, 192.18
2026/09/26 00:42:30.265, 1, 23527, 97871, 56, 200.29
2026/09/26 00:42:30.265, 2, 24463, 97871, 70, 201.01
2026/09/26 00:42:30.265, 3, 25711, 97871, 70, 209.95
2026/09/26 00:42:30.465, 0, 22279, 97871, 30, 192.90
2026/09/26 00:42:30.465, 1, 23527, 97871, 62, 200.51
2026/09/26 00:42:30.465, 2, 24463, 97871, 73, 200.66
2026/09/26 00:42:30.465, 3, 25711, 97871, 74, 211.12
2026/09/26 00:42:30.665, 0, 22279, 97871, 30, 192.07
2026/09/26 00:42:30.665, 1, 23527, 97871, 55, 201.46
2026/09/26 00:42:30.665, 2, 24463, 97871, 74, 202.37
2026/09/26 00:42:30.665, 3, 25711, 97871, 65, 212.17
2026/09/26 00:42:30.865, 0, 22279, 97871, 29, 192.68
2026/09/26 00:42:30.865, 1, 23527, 97871, 55, 202.05
2026/09/26 00:42:30.865, 2, 24463, 97871, 77, 201.66
2026/09/26 00:42:30.865, 3, 25711, 97871, 71, 213.91
2026/09/26 00:42:31.065, 0, 22279, 97871, 30, 191.47
2026/09/26 00:42:31.065, 1, 23527, 97871, 57, 201.82
2026/09/26 00:42:31.065, 2, 24463, 97871, 70, 202.88
2026/09/26 00:42:31.065, 3, 25711, 97871, 71, 213.70
2026/09/26 00:42:31.265, 0, 22279, 97871, 30, 192.62
2026/09/26 00:42:31.265, 1, 23527, 97871, 61, 203.89
2026/09/26 00:42:31.265, 2, 24463, 97871, 75, 201.87
2026/09/26 00:42:31.265, 3, 25711, 97871, 72, 213.61
2026/09/26 00:42:31.466, 0, 22279, 97871, 31, 192.79
2026/09/26 00:42:31.466, 1, 23527, 97871, 64, 204.32
2026/09/26 00:42:31.466, 2, 24463, 97871, 77, 201.77
2026/09/26 00:42:31.466, 3, 25711, 97871, 65, 213.39
2026/09/26 00:42:31.666, 0, 22279, 97871, 30, 194.01
2026/09/26 00:42:31.666, 1, 23527, 97871, 61, 203.79
2026/09/26 00:42:31.666, 2, 24463, 97871, 74, 201.07
2026/09/26 00:42:31.666, 3, 25711, 97871, 72, 212.85
2026/09/26 00:42:31.866, 0, 22279, 97871, 30, 194.04
2026/09/26 00:42:31.866, 1, 23527, 97871, 48, 204.82
2026/09/26 00:42:31.866, 2, 24463, 97871, 70, 202.16
2026/09/26 00:42:31.866, 3, 25711, 97871, 68, 211.54
2026/09/26 00:42:32.066, 0, 22279, 97871, 30, 194.42
2026/09/26 00:42:32.066, 1, 23527, 97871, 51, 205.28
2026/09/26 00:42:32.066, 2, 24463, 97871, 73, 201.14
2026/09/26 00:42:32.066, 3, 25711, 97871, 66, 211.23
2026/09/26 00:42:32.266, 0, 22279, 97871, 28, 194.96
2026/09/26 00:42:32.266, 1, 23527, 97871, 61, 204.74
2026/09/26 00:42:32.266, 2, 24463, 97871, 75, 200.60
2026/09/26 00:42:32.266, 3, 25711, 97871, 71, 211.44
2026/09/26 00:42:32.466, 0, 22279, 97871, 27, 193.03
2026/09/26 00:42:32.467, 1, 23527, 97871, 60, 202.92
2026/09/26 00:42:32.467, 2, 24463, 97871, 70, 199.08
2026/09/26 00:42:32.467, 3, 25711, 97871, 75, 209.04
2026/09/26 00:42:32.667, 0, 22279, 97871, 27, 191.53
2026/09/26 00:42:32.667, 1, 23527, 97871, 49, 201.21
2026/09/26 00:42:32.667, 2, 24463, 97871, 77, 197.60
2026/09/26 00:42:32.667, 3, 25711, 97871, 60, 208.79
2026/09/26 00:42:32.867, 0, 22279, 97871, 28, 189.25
2026/09/26 00:42:32.867, 1, 23527, 97871, 52, 199.16
2026/09/26 00:42:32.867, 2, 24463, 97871, 68, 195.80
2026/09/26 00:42:32.867, 3, 25711, 97871, 68, 207.16
2026/09/26 00:42:33.067, 0, 22279, 97871, 27, 187.60
2026/09/26 00:42:33.067, 1, 23527, 97871, 53, 198.31
2026/09/26 00:42:33.067, 2, 24463, 97871, 73, 195.00
2026/09/26 00:42:33.067, 3, 25711, 97871, 68, 206.51
2026/09/26 00:42:33.267, 0, 22279, 97871, 28, 185.26
2026/09/26 00:42:33.267, 1, 23527, 97871, 53, 196.99
2026/09/26 00:42:33.267, 2, 24463, 97871, 68, 194.45
2026/09/26 00:42:33.267, 3, 25711, 97871, 68, 204.07
2026/09/26 00:42:33.468, 0, 22279, 97871, 27, 185.57
2026/09/26 00:42:33.468, 1, 23527, 97871, 63, 196.68
2026/09/26 00:42:33.468, 2, 24463, 97871, 77, 194.54
2026/09/26 00:42:33.468, 3, 25711, 97871, 70, 203.27
2026/09/26 00:42:33.668, 0, 22279, 97871, 43, 187.46
2026/09/26 00:42:33.668, 1, 23527, 97871, 47, 197.58
2026/09/26 00:42:33.668, 2, 24463, 97871, 68, 196.40
2026/09/26 00:42:33.668, 3, 25711, 97871, 71, 203.30
2026/09/26 00:42:33.868, 0, 22279, 97871, 100, 211.70
2026/09/26 00:42:33.868, 1, 23527, 97871, 100, 226.14
2026/09/26 00:42:33.868, 2, 24463, 97871, 100, 230.84
2026/09/26 00:42:33.868, 3, 25711, 97871, 100, 236.54
2026/09/26 00:42:34.068, 0, 22279, 97871, 18, 222.09
2026/09/26 00:42:34.068, 1, 23527, 97871, 72, 235.73
2026/09/26 00:42:34.068, 2, 24463, 97871, 89, 239.27
2026/09/26 00:42:34.068, 3, 25711, 97871, 74, 249.47
2026/09/26 00:42:34.268, 0, 22279, 97871, 18, 219.24
2026/09/26 00:42:34.268, 1, 23527, 97871, 50, 230.79
2026/09/26 00:42:34.268, 2, 24463, 97871, 76, 234.36
2026/09/26 00:42:34.268, 3, 25711, 97871, 69, 245.83
2026/09/26 00:42:34.468, 0, 22279, 97871, 18, 214.96
2026/09/26 00:42:34.468, 1, 23527, 97871, 51, 226.89
2026/09/26 00:42:34.468, 2, 24463, 97871, 72, 230.51
2026/09/26 00:42:34.468, 3, 25711, 97871, 70, 241.31
2026/09/26 00:42:34.668, 0, 22279, 97871, 18, 209.83
2026/09/26 00:42:34.668, 1, 23527, 97871, 55, 222.49
2026/09/26 00:42:34.668, 2, 24463, 97871, 78, 224.56
2026/09/26 00:42:34.668, 3, 25711, 97871, 68, 235.96
2026/09/26 00:42:34.869, 0, 22279, 97871, 18, 184.86
2026/09/26 00:42:34.869, 1, 23527, 97871, 49, 192.69
2026/09/26 00:42:34.869, 2, 24463, 97871, 73, 189.11
2026/09/26 00:42:34.869, 3, 25711, 97871, 71, 197.59
2026/09/26 00:42:35.069, 0, 22279, 97871, 18, 166.80
2026/09/26 00:42:35.069, 1, 23527, 97871, 48, 176.75
2026/09/26 00:42:35.069, 2, 24463, 97871, 77, 172.88
2026/09/26 00:42:35.069, 3, 25711, 97871, 72, 179.08
2026/09/26 00:42:35.269, 0, 22279, 97871, 18, 166.64
2026/09/26 00:42:35.269, 1, 23527, 97871, 42, 176.63
2026/09/26 00:42:35.269, 2, 24463, 97871, 72, 173.55
2026/09/26 00:42:35.269, 3, 25711, 97871, 69, 179.13
2026/09/26 00:42:35.469, 0, 22279, 97871, 100, 181.34
2026/09/26 00:42:35.469, 1, 23527, 97871, 73, 197.81
2026/09/26 00:42:35.469, 2, 24463, 97871, 65, 196.20
2026/09/26 00:42:35.469, 3, 25711, 97871, 94, 201.24
2026/09/26 00:42:35.669, 0, 22279, 97871, 34, 204.72
2026/09/26 00:42:35.669, 1, 23527, 97871, 86, 218.13
2026/09/26 00:42:35.669, 2, 24463, 97871, 100, 218.33
2026/09/26 00:42:35.669, 3, 25711, 97871, 81, 228.10
2026/09/26 00:42:35.869, 0, 22279, 97871, 26, 209.55
2026/09/26 00:42:35.869, 1, 23527, 97871, 54, 222.67
2026/09/26 00:42:35.869, 2, 24463, 97871, 76, 223.85
2026/09/26 00:42:35.869, 3, 25711, 97871, 71, 232.80
2026/09/26 00:42:36.069, 0, 22279, 97871, 27, 214.59
2026/09/26 00:42:36.069, 1, 23527, 97871, 63, 226.39
2026/09/26 00:42:36.069, 2, 24463, 97871, 70, 230.43
2026/09/26 00:42:36.069, 3, 25711, 97871, 71, 237.99
2026/09/26 00:42:36.270, 0, 22279, 97871, 28, 218.92
2026/09/26 00:42:36.270, 1, 23527, 97871, 49, 229.19
2026/09/26 00:42:36.270, 2, 24463, 97871, 75, 233.61
2026/09/26 00:42:36.270, 3, 25711, 97871, 66, 242.85
2026/09/26 00:42:36.470, 0, 22279, 97871, 28, 210.60
2026/09/26 00:42:36.470, 1, 23527, 97871, 61, 217.34
2026/09/26 00:42:36.470, 2, 24463, 97871, 75, 216.70
2026/09/26 00:42:36.470, 3, 25711, 97871, 66, 229.52
2026/09/26 00:42:36.670, 0, 22279, 97871, 26, 189.85
2026/09/26 00:42:36.670, 1, 23527, 97871, 59, 197.59
2026/09/26 00:42:36.670, 2, 24463, 97871, 75, 198.61
2026/09/26 00:42:36.670, 3, 25711, 97871, 66, 204.44
2026/09/26 00:42:36.870, 0, 22279, 97871, 27, 190.33
2026/09/26 00:42:36.870, 1, 23527, 97871, 55, 198.88
2026/09/26 00:42:36.870, 2, 24463, 97871, 66, 198.73
2026/09/26 00:42:36.870, 3, 25711, 97871, 64, 204.70
2026/09/26 00:42:37.070, 0, 22279, 97871, 28, 190.02
2026/09/26 00:42:37.070, 1, 23527, 97871, 61, 199.09
2026/09/26 00:42:37.070, 2, 24463, 97871, 74, 198.01
2026/09/26 00:42:37.070, 3, 25711, 97871, 70, 204.85
2026/09/26 00:42:37.270, 0, 22279, 97871, 30, 190.40
2026/09/26 00:42:37.270, 1, 23527, 97871, 50, 200.15
2026/09/26 00:42:37.270, 2, 24463, 97871, 70, 198.49
2026/09/26 00:42:37.270, 3, 25711, 97871, 66, 204.75
2026/09/26 00:42:37.470, 0, 22279, 97871, 28, 191.54
2026/09/26 00:42:37.470, 1, 23527, 97871, 57, 199.88
2026/09/26 00:42:37.470, 2, 24463, 97871, 74, 198.35
2026/09/26 00:42:37.470, 3, 25711, 97871, 65, 206.44
2026/09/26 00:42:37.671, 0, 22279, 97871, 29, 191.40
2026/09/26 00:42:37.671, 1, 23527, 97871, 56, 200.26
2026/09/26 00:42:37.671, 2, 24463, 97871, 68, 199.53
2026/09/26 00:42:37.671, 3, 25711, 97871, 67, 207.02
2026/09/26 00:42:37.871, 0, 22279, 97871, 29, 191.12
2026/09/26 00:42:37.871, 1, 23527, 97871, 54, 200.36
2026/09/26 00:42:37.871, 2, 24463, 97871, 70, 199.49
2026/09/26 00:42:37.871, 3, 25711, 97871, 69, 206.84
2026/09/26 00:42:38.071, 0, 22279, 97871, 30, 191.06
2026/09/26 00:42:38.071, 1, 23527, 97871, 57, 201.61
2026/09/26 00:42:38.071, 2, 24463, 97871, 75, 201.33
2026/09/26 00:42:38.071, 3, 25711, 97871, 63, 206.93
2026/09/26 00:42:38.271, 0, 22279, 97871, 28, 191.51
2026/09/26 00:42:38.271, 1, 23527, 97871, 60, 201.87
2026/09/26 00:42:38.271, 2, 24463, 97871, 74, 201.84
2026/09/26 00:42:38.271, 3, 25711, 97871, 70, 208.56
2026/09/26 00:42:38.471, 0, 22279, 97871, 29, 192.04
2026/09/26 00:42:38.471, 1, 23527, 97871, 60, 202.47
2026/09/26 00:42:38.471, 2, 24463, 97871, 68, 201.72
2026/09/26 00:42:38.471, 3, 25711, 97871, 68, 207.91
2026/09/26 00:42:38.671, 0, 22279, 97871, 29, 192.53
2026/09/26 00:42:38.671, 1, 23527, 97871, 48, 202.25
2026/09/26 00:42:38.671, 2, 24463, 97871, 72, 201.99
2026/09/26 00:42:38.671, 3, 25711, 97871, 63, 208.82
2026/09/26 00:42:38.871, 0, 22279, 97871, 30, 192.55
2026/09/26 00:42:38.871, 1, 23527, 97871, 56, 202.05
2026/09/26 00:42:38.871, 2, 24463, 97871, 72, 202.81
2026/09/26 00:42:38.871, 3, 25711, 97871, 62, 208.94
2026/09/26 00:42:39.072, 0, 22279, 97871, 28, 193.93
2026/09/26 00:42:39.072, 1, 23527, 97871, 56, 201.75
2026/09/26 00:42:39.072, 2, 24463, 97871, 73, 202.24
2026/09/26 00:42:39.072, 3, 25711, 97871, 70, 209.20
2026/09/26 00:42:39.272, 0, 22279, 97871, 29, 194.71
2026/09/26 00:42:39.272, 1, 23527, 97871, 49, 202.97
2026/09/26 00:42:39.272, 2, 24463, 97871, 67, 201.92
2026/09/26 00:42:39.272, 3, 25711, 97871, 62, 209.52
2026/09/26 00:42:39.472, 0, 22279, 97871, 30, 194.31
2026/09/26 00:42:39.472, 1, 23527, 97871, 66, 202.61
2026/09/26 00:42:39.472, 2, 24463, 97871, 73, 202.93
2026/09/26 00:42:39.472, 3, 25711, 97871, 70, 210.92
2026/09/26 00:42:39.672, 0, 22279, 97871, 30, 193.76
2026/09/26 00:42:39.672, 1, 23527, 97871, 57, 203.68
2026/09/26 00:42:39.672, 2, 24463, 97871, 74, 203.00
2026/09/26 00:42:39.672, 3, 25711, 97871, 63, 210.82
2026/09/26 00:42:39.872, 0, 22279, 97871, 29, 194.10
2026/09/26 00:42:39.872, 1, 23527, 97871, 56, 204.34
2026/09/26 00:42:39.872, 2, 24463, 97871, 75, 202.56
2026/09/26 00:42:39.872, 3, 25711, 97871, 71, 211.83
2026/09/26 00:42:40.072, 0, 22279, 97871, 30, 193.61
2026/09/26 00:42:40.072, 1, 23527, 97871, 58, 204.79
2026/09/26 00:42:40.072, 2, 24463, 97871, 70, 202.55
2026/09/26 00:42:40.072, 3, 25711, 97871, 68, 211.89
2026/09/26 00:42:40.272, 0, 22279, 97871, 27, 191.74
2026/09/26 00:42:40.272, 1, 23527, 97871, 36, 202.12
2026/09/26 00:42:40.272, 2, 24463, 97871, 66, 200.59
2026/09/26 00:42:40.272, 3, 25711, 97871, 65, 210.64
2026/09/26 00:42:40.473, 0, 22279, 97871, 27, 190.30
2026/09/26 00:42:40.473, 1, 23527, 97871, 54, 200.94
2026/09/26 00:42:40.473, 2, 24463, 97871, 78, 197.97
2026/09/26 00:42:40.473, 3, 25711, 97871, 61, 208.20
2026/09/26 00:42:40.673, 0, 22279, 97871, 27, 188.73
2026/09/26 00:42:40.673, 1, 23527, 97871, 48, 198.23
2026/09/26 00:42:40.673, 2, 24463, 97871, 73, 196.06
2026/09/26 00:42:40.673, 3, 25711, 97871, 68, 206.12
2026/09/26 00:42:40.873, 0, 22279, 97871, 27, 187.81
2026/09/26 00:42:40.873, 1, 23527, 97871, 56, 196.42
2026/09/26 00:42:40.873, 2, 24463, 97871, 77, 194.83
2026/09/26 00:42:40.873, 3, 25711, 97871, 70, 204.48
2026/09/26 00:42:41.073, 0, 22279, 97871, 27, 185.85
2026/09/26 00:42:41.073, 1, 23527, 97871, 51, 194.33
2026/09/26 00:42:41.073, 2, 24463, 97871, 76, 193.39
2026/09/26 00:42:41.073, 3, 25711, 97871, 66, 203.41
2026/09/26 00:42:41.273, 0, 22279, 97871, 27, 185.65
2026/09/26 00:42:41.273, 1, 23527, 97871, 56, 194.77
2026/09/26 00:42:41.273, 2, 24463, 97871, 77, 193.85
2026/09/26 00:42:41.273, 3, 25711, 97871, 64, 202.14
2026/09/26 00:42:41.473, 0, 22279, 97871, 28, 186.19
2026/09/26 00:42:41.473, 1, 23527, 97871, 59, 194.95
2026/09/26 00:42:41.473, 2, 24463, 97871, 74, 195.07
2026/09/26 00:42:41.473, 3, 25711, 97871, 73, 202.01
2026/09/26 00:42:41.673, 0, 22279, 97871, 100, 204.88
2026/09/26 00:42:41.673, 1, 23527, 97871, 100, 222.12
2026/09/26 00:42:41.673, 2, 24463, 97871, 88, 224.13
2026/09/26 00:42:41.673, 3, 25711, 97871, 100, 230.01
2026/09/26 00:42:41.874, 0, 22279, 97871, 31, 222.48
2026/09/26 00:42:41.874, 1, 23527, 97871, 89, 237.15
2026/09/26 00:42:41.874, 2, 24463, 97871, 100, 239.88
2026/09/26 00:42:41.874, 3, 25711, 97871, 85, 252.06
2026/09/26 00:42:42.074, 0, 22279, 97871, 18, 219.85
2026/09/26 00:42:42.074, 1, 23527, 97871, 70, 233.34
2026/09/26 00:42:42.074, 2, 24463, 97871, 80, 237.31
2026/09/26 00:42:42.074, 3, 25711, 97871, 76, 246.05
2026/09/26 00:42:42.274, 0, 22279, 97871, 18, 215.70
2026/09/26 00:42:42.274, 1, 23527, 97871, 36, 229.47
2026/09/26 00:42:42.274, 2, 24463, 97871, 72, 232.36
2026/09/26 00:42:42.274, 3, 25711, 97871, 64, 242.75
2026/09/26 00:42:42.474, 0, 22279, 97871, 18, 211.79
2026/09/26 00:42:42.474, 1, 23527, 97871, 61, 226.22
2026/09/26 00:42:42.474, 2, 24463, 97871, 77, 228.40
2026/09/26 00:42:42.474, 3, 25711, 97871, 74, 238.18
2026/09/26 00:42:42.675, 0, 22279, 97871, 18, 191.24
2026/09/26 00:42:42.675, 1, 23527, 97871, 34, 200.34
2026/09/26 00:42:42.675, 2, 24463, 97871, 64, 194.93
2026/09/26 00:42:42.675, 3, 25711, 97871, 57, 208.49
2026/09/26 00:42:42.875, 0, 22279, 97871, 18, 167.44
2026/09/26 00:42:42.875, 1, 23527, 97871, 40, 177.54
2026/09/26 00:42:42.875, 2, 24463, 97871, 68, 173.36
2026/09/26 00:42:42.875, 3, 25711, 97871, 56, 179.09
2026/09/26 00:42:43.075, 0, 22279, 97871, 18, 167.53
2026/09/26 00:42:43.075, 1, 23527, 97871, 32, 177.41
2026/09/26 00:42:43.075, 2, 24463, 97871, 69, 173.21
2026/09/26 00:42:43.075, 3, 25711, 97871, 60, 179.37
2026/09/26 00:42:43.275, 0, 22279, 97871, 0, 162.64
2026/09/26 00:42:43.275, 1, 23527, 97871, 6, 171.81
2026/09/26 00:42:43.275, 2, 24463, 97871, 44, 166.04
2026/09/26 00:42:43.275, 3, 25711, 97871, 0, 173.51
2026/09/26 00:42:43.475, 0, 21711, 97871, 0, 150.14
2026/09/26 00:42:43.475, 1, 22959, 97871, 1, 161.40
2026/09/26 00:42:43.475, 2, 23895, 97871, 2, 156.24
2026/09/26 00:42:43.475, 3, 25143, 97871, 2, 162.36
2026/09/26 00:42:43.675, 0, 21711, 97871, 0, 141.12
2026/09/26 00:42:43.675, 1, 22959, 97871, 0, 151.31
2026/09/26 00:42:43.675, 2, 23895, 97871, 0, 145.91
2026/09/26 00:42:43.675, 3, 25143, 97871, 0, 151.68
2026/09/26 00:42:43.875, 0, 21711, 97871, 0, 131.62
2026/09/26 00:42:43.875, 1, 22959, 97871, 0, 142.01
2026/09/26 00:42:43.875, 2, 23895, 97871, 0, 135.17
2026/09/26 00:42:43.876, 3, 25143, 97871, 0, 140.78
2026/09/26 00:42:44.076, 0, 21711, 97871, 0, 121.24
2026/09/26 00:42:44.076, 1, 22959, 97871, 0, 132.02
2026/09/26 00:42:44.076, 2, 23895, 97871, 0, 125.74
2026/09/26 00:42:44.076, 3, 25143, 97871, 0, 130.96
2026/09/26 00:42:44.276, 0, 21711, 97871, 0, 118.92
2026/09/26 00:42:44.276, 1, 22959, 97871, 0, 126.51
2026/09/26 00:42:44.276, 2, 23895, 97871, 0, 120.96
2026/09/26 00:42:44.276, 3, 25143, 97871, 0, 124.70
2026/09/26 00:42:44.476, 0, 21711, 97871, 0, 118.69
2026/09/26 00:42:44.476, 1, 22959, 97871, 0, 126.44
2026/09/26 00:42:44.476, 2, 23895, 97871, 0, 120.86
2026/09/26 00:42:44.476, 3, 25143, 97871, 0, 124.52
2026/09/26 00:42:44.676, 0, 21711, 97871, 0, 118.65
2026/09/26 00:42:44.676, 1, 22959, 97871, 0, 126.39
2026/09/26 00:42:44.676, 2, 23895, 97871, 0, 120.82
2026/09/26 00:42:44.676, 3, 25143, 97871, 0, 124.49
2026/09/26 00:42:44.876, 0, 21711, 97871, 0, 118.64
2026/09/26 00:42:44.876, 1, 22959, 97871, 0, 126.37
2026/09/26 00:42:44.876, 2, 23895, 97871, 0, 120.75
2026/09/26 00:42:44.876, 3, 25143, 97871, 0, 124.45
2026/09/26 00:42:45.076, 0, 21711, 97871, 0, 118.52
2026/09/26 00:42:45.076, 1, 22959, 97871, 0, 126.33
2026/09/26 00:42:45.076, 2, 23895, 97871, 0, 120.76
2026/09/26 00:42:45.076, 3, 25143, 97871, 0, 124.42
2026/09/26 00:42:45.277, 0, 21706, 97871, 0, 118.66
2026/09/26 00:42:45.277, 1, 22957, 97871, 0, 126.40
2026/09/26 00:42:45.277, 2, 23893, 97871, 0, 121.03
2026/09/26 00:42:45.277, 3, 25141, 97871, 0, 124.55
2026/09/26 00:42:45.477, 0, 594, 97871, 0, 118.93
2026/09/26 00:42:45.561, 1, 22938, 97871, 0, 127.40
2026/09/26 00:42:45.693, 2, 502, 97871, 32, 123.83
2026/09/26 00:42:45.693, 3, 22, 97871, 0, 126.45
2026/09/26 00:42:45.894, 0, 0, 97871, 0, 121.16
2026/09/26 00:42:45.963, 1, 0, 97871, 0, 129.31
2026/09/26 00:42:45.964, 2, 0, 97871, 0, 124.58
2026/09/26 00:42:45.964, 3, 0, 97871, 28, 128.46
2026/09/26 00:42:46.164, 0, 0, 97871, 0, 121.65
2026/09/26 00:42:46.164, 1, 0, 97871, 32, 130.40
2026/09/26 00:42:46.164, 2, 0, 97871, 1, 125.01
2026/09/26 00:42:46.164, 3, 0, 97871, 0, 128.91
2026/09/26 00:42:46.364, 0, 0, 97871, 0, 121.72
2026/09/26 00:42:46.364, 1, 0, 97871, 0, 130.50
2026/09/26 00:42:46.364, 2, 0, 97871, 0, 125.00
2026/09/26 00:42:46.364, 3, 0, 97871, 0, 128.91
2026/09/26 00:42:46.564, 0, 0, 97871, 0, 121.14
2026/09/26 00:42:46.564, 1, 0, 97871, 0, 130.51
2026/09/26 00:42:46.564, 2, 0, 97871, 0, 123.01
2026/09/26 00:42:46.564, 3, 0, 97871, 0, 128.86
2026/09/26 00:42:46.764, 0, 0, 97871, 0, 119.92
2026/09/26 00:42:46.764, 1, 0, 97871, 0, 130.48
2026/09/26 00:42:46.764, 2, 0, 97871, 0, 123.00
2026/09/26 00:42:46.764, 3, 0, 97871, 0, 126.90
2026/09/26 00:42:46.964, 0, 0, 97871, 0, 119.89
2026/09/26 00:42:46.964, 1, 0, 97871, 0, 129.22
2026/09/26 00:42:46.964, 2, 0, 97871, 0, 122.97
2026/09/26 00:42:46.964, 3, 0, 97871, 0, 126.65
2026/09/26 00:42:47.164, 0, 0, 97871, 0, 119.79
2026/09/26 00:42:47.164, 1, 0, 97871, 0, 128.69
2026/09/26 00:42:47.164, 2, 0, 97871, 0, 122.95
2026/09/26 00:42:47.164, 3, 0, 97871, 0, 126.64
2026/09/26 00:42:47.365, 0, 0, 97871, 0, 114.71
2026/09/26 00:42:47.365, 1, 0, 97871, 0, 119.68
2026/09/26 00:42:47.365, 2, 0, 97871, 0, 122.24
2026/09/26 00:42:47.365, 3, 0, 97871, 0, 126.63
2026/09/26 00:42:47.565, 0, 0, 97871, 0, 105.98
2026/09/26 00:42:47.565, 1, 0, 97871, 0, 110.08
2026/09/26 00:42:47.565, 2, 0, 97871, 0, 113.37
2026/09/26 00:42:47.565, 3, 0, 97871, 0, 120.06
2026/09/26 00:42:47.765, 0, 0, 97871, 0, 97.18
2026/09/26 00:42:47.765, 1, 0, 97871, 0, 100.39
2026/09/26 00:42:47.765, 2, 0, 97871, 0, 104.32
2026/09/26 00:42:47.765, 3, 0, 97871, 0, 110.50
2026/09/26 00:42:47.965, 0, 0, 97871, 0, 87.73
2026/09/26 00:42:47.965, 1, 0, 97871, 0, 90.59
2026/09/26 00:42:47.965, 2, 0, 97871, 0, 95.16
2026/09/26 00:42:47.965, 3, 0, 97871, 0, 101.35
2026/09/26 00:42:48.165, 0, 0, 97871, 0, 79.45
2026/09/26 00:42:48.165, 1, 0, 97871, 0, 79.76
2026/09/26 00:42:48.165, 2, 0, 97871, 0, 86.71
2026/09/26 00:42:48.165, 3, 0, 97871, 0, 91.10
