timestamp,index,memory_used_mib,memory_total_mib,utilization_gpu_percent,power_watts
2026/09/26 00:33:26.369, 0, 0, 97871, 0, 74.73
2026/09/26 00:33:26.373, 1, 0, 97871, 0, 79.22
2026/09/26 00:33:26.376, 2, 0, 97871, 0, 78.37
2026/09/26 00:33:26.380, 3, 0, 97871, 0, 79.61
2026/09/26 00:33:26.583, 0, 0, 97871, 0, 74.52
2026/09/26 00:33:26.583, 1, 0, 97871, 0, 78.75
2026/09/26 00:33:26.583, 2, 0, 97871, 0, 77.98
2026/09/26 00:33:26.583, 3, 0, 97871, 0, 78.94
2026/09/26 00:33:26.783, 0, 0, 97871, 0, 74.34
2026/09/26 00:33:26.784, 1, 0, 97871, 0, 78.42
2026/09/26 00:33:26.784, 2, 0, 97871, 0, 77.59
2026/09/26 00:33:26.784, 3, 0, 97871, 0, 78.69
2026/09/26 00:33:26.984, 0, 0, 97871, 0, 74.20
2026/09/26 00:33:26.984, 1, 0, 97871, 0, 78.12
2026/09/26 00:33:26.984, 2, 0, 97871, 0, 77.22
2026/09/26 00:33:26.984, 3, 0, 97871, 0, 78.43
2026/09/26 00:33:27.184, 0, 0, 97871, 0, 74.07
2026/09/26 00:33:27.184, 1, 0, 97871, 0, 77.82
2026/09/26 00:33:27.184, 2, 0, 97871, 0, 77.01
2026/09/26 00:33:27.184, 3, 0, 97871, 0, 78.23
2026/09/26 00:33:27.384, 0, 0, 97871, 0, 74.01
2026/09/26 00:33:27.384, 1, 0, 97871, 0, 77.53
2026/09/26 00:33:27.384, 2, 0, 97871, 0, 76.79
2026/09/26 00:33:27.384, 3, 0, 97871, 0, 78.04
2026/09/26 00:33:27.584, 0, 0, 97871, 0, 73.97
2026/09/26 00:33:27.584, 1, 0, 97871, 0, 77.33
2026/09/26 00:33:27.584, 2, 0, 97871, 0, 76.51
2026/09/26 00:33:27.584, 3, 0, 97871, 0, 77.88
2026/09/26 00:33:27.784, 0, 0, 97871, 0, 73.93
2026/09/26 00:33:27.784, 1, 0, 97871, 0, 77.14
2026/09/26 00:33:27.784, 2, 0, 97871, 0, 76.31
2026/09/26 00:33:27.784, 3, 0, 97871, 0, 77.77
2026/09/26 00:33:27.984, 0, 0, 97871, 0, 73.91
2026/09/26 00:33:27.984, 1, 0, 97871, 0, 76.99
2026/09/26 00:33:27.984, 2, 0, 97871, 0, 76.21
2026/09/26 00:33:27.985, 3, 0, 97871, 0, 77.71
2026/09/26 00:33:28.185, 0, 0, 97871, 0, 73.91
2026/09/26 00:33:28.185, 1, 0, 97871, 0, 76.89
2026/09/26 00:33:28.185, 2, 0, 97871, 0, 76.05
2026/09/26 00:33:28.185, 3, 0, 97871, 0, 77.68
2026/09/26 00:33:28.385, 0, 0, 97871, 0, 73.89
2026/09/26 00:33:28.385, 1, 0, 97871, 0, 76.84
2026/09/26 00:33:28.385, 2, 0, 97871, 0, 75.96
2026/09/26 00:33:28.385, 3, 0, 97871, 0, 77.67
2026/09/26 00:33:28.585, 0, 0, 97871, 0, 73.88
2026/09/26 00:33:28.585, 1, 0, 97871, 0, 76.80
2026/09/26 00:33:28.585, 2, 0, 97871, 0, 75.98
2026/09/26 00:33:28.585, 3, 0, 97871, 0, 77.65
2026/09/26 00:33:28.785, 0, 0, 97871, 0, 73.87
2026/09/26 00:33:28.785, 1, 0, 97871, 0, 76.77
2026/09/26 00:33:28.785, 2, 0, 97871, 0, 75.96
2026/09/26 00:33:28.785, 3, 0, 97871, 0, 77.66
2026/09/26 00:33:28.985, 0, 0, 97871, 0, 73.85
2026/09/26 00:33:28.985, 1, 0, 97871, 0, 76.75
2026/09/26 00:33:28.985, 2, 0, 97871, 0, 75.90
2026/09/26 00:33:28.985, 3, 0, 97871, 0, 77.67
2026/09/26 00:33:29.185, 0, 0, 97871, 0, 73.84
2026/09/26 00:33:29.185, 1, 0, 97871, 0, 76.74
2026/09/26 00:33:29.185, 2, 0, 97871, 0, 75.90
2026/09/26 00:33:29.185, 3, 0, 97871, 0, 77.64
2026/09/26 00:33:29.385, 0, 0, 97871, 0, 73.82
2026/09/26 00:33:29.386, 1, 0, 97871, 0, 76.72
2026/09/26 00:33:29.386, 2, 0, 97871, 0, 75.90
2026/09/26 00:33:29.386, 3, 0, 97871, 0, 77.65
2026/09/26 00:33:29.586, 0, 0, 97871, 0, 73.80
2026/09/26 00:33:29.586, 1, 0, 97871, 0, 76.69
2026/09/26 00:33:29.586, 2, 0, 97871, 0, 75.83
2026/09/26 00:33:29.586, 3, 0, 97871, 0, 77.63
2026/09/26 00:33:29.786, 0, 0, 97871, 0, 73.80
2026/09/26 00:33:29.786, 1, 0, 97871, 0, 76.67
2026/09/26 00:33:29.786, 2, 0, 97871, 0, 75.83
2026/09/26 00:33:29.786, 3, 0, 97871, 0, 77.62
2026/09/26 00:33:29.986, 0, 0, 97871, 0, 73.78
2026/09/26 00:33:29.986, 1, 0, 97871, 0, 76.65
2026/09/26 00:33:29.986, 2, 0, 97871, 0, 75.88
2026/09/26 00:33:29.986, 3, 0, 97871, 0, 77.58
2026/09/26 00:33:30.186, 0, 0, 97871, 0, 73.79
2026/09/26 00:33:30.186, 1, 0, 97871, 0, 76.64
2026/09/26 00:33:30.186, 2, 0, 97871, 0, 75.84
2026/09/26 00:33:30.186, 3, 0, 97871, 0, 77.59
2026/09/26 00:33:30.386, 0, 0, 97871, 0, 73.80
2026/09/26 00:33:30.386, 1, 0, 97871, 0, 76.62
2026/09/26 00:33:30.386, 2, 0, 97871, 0, 75.81
2026/09/26 00:33:30.386, 3, 0, 97871, 0, 77.55
2026/09/26 00:33:30.586, 0, 0, 97871, 0, 73.84
2026/09/26 00:33:30.586, 1, 0, 97871, 0, 76.63
2026/09/26 00:33:30.586, 2, 0, 97871, 0, 75.86
2026/09/26 00:33:30.586, 3, 0, 97871, 0, 77.54
2026/09/26 00:33:30.787, 0, 0, 97871, 0, 73.90
2026/09/26 00:33:30.787, 1, 0, 97871, 0, 76.60
2026/09/26 00:33:30.787, 2, 0, 97871, 0, 75.83
2026/09/26 00:33:30.787, 3, 0, 97871, 0, 77.50
2026/09/26 00:33:30.987, 0, 0, 97871, 0, 73.94
2026/09/26 00:33:30.987, 1, 0, 97871, 0, 76.61
2026/09/26 00:33:30.987, 2, 0, 97871, 0, 75.76
2026/09/26 00:33:30.987, 3, 0, 97871, 0, 77.47
2026/09/26 00:33:31.187, 0, 0, 97871, 0, 73.96
2026/09/26 00:33:31.187, 1, 0, 97871, 0, 76.60
2026/09/26 00:33:31.187, 2, 0, 97871, 0, 75.79
2026/09/26 00:33:31.187, 3, 0, 97871, 0, 77.45
2026/09/26 00:33:31.387, 0, 0, 97871, 0, 74.00
2026/09/26 00:33:31.387, 1, 0, 97871, 0, 76.59
2026/09/26 00:33:31.387, 2, 0, 97871, 0, 75.80
2026/09/26 00:33:31.387, 3, 0, 97871, 0, 77.43
2026/09/26 00:33:31.587, 0, 0, 97871, 0, 74.00
2026/09/26 00:33:31.587, 1, 0, 97871, 0, 76.57
2026/09/26 00:33:31.587, 2, 0, 97871, 0, 75.75
2026/09/26 00:33:31.587, 3, 0, 97871, 0, 77.41
2026/09/26 00:33:31.787, 0, 0, 97871, 0, 73.99
2026/09/26 00:33:31.787, 1, 0, 97871, 0, 76.58
2026/09/26 00:33:31.787, 2, 0, 97871, 0, 75.77
2026/09/26 00:33:31.787, 3, 0, 97871, 0, 77.39
2026/09/26 00:33:31.987, 0, 0, 97871, 0, 74.00
2026/09/26 00:33:31.987, 1, 0, 97871, 0, 76.54
2026/09/26 00:33:31.987, 2, 0, 97871, 0, 75.82
2026/09/26 00:33:31.987, 3, 0, 97871, 0, 77.40
2026/09/26 00:33:32.188, 0, 0, 97871, 0, 74.00
2026/09/26 00:33:32.188, 1, 0, 97871, 0, 76.56
2026/09/26 00:33:32.188, 2, 0, 97871, 0, 75.78
2026/09/26 00:33:32.188, 3, 0, 97871, 0, 77.39
2026/09/26 00:33:32.388, 0, 0, 97871, 0, 73.99
2026/09/26 00:33:32.388, 1, 0, 97871, 0, 76.53
2026/09/26 00:33:32.388, 2, 0, 97871, 0, 75.77
2026/09/26 00:33:32.388, 3, 0, 97871, 0, 77.36
2026/09/26 00:33:32.588, 0, 0, 97871, 0, 73.98
2026/09/26 00:33:32.589, 1, 0, 97871, 0, 76.50
2026/09/26 00:33:32.589, 2, 0, 97871, 0, 75.81
2026/09/26 00:33:32.589, 3, 0, 97871, 0, 77.35
2026/09/26 00:33:32.789, 0, 0, 97871, 0, 73.98
2026/09/26 00:33:32.789, 1, 0, 97871, 0, 76.48
2026/09/26 00:33:32.789, 2, 0, 97871, 0, 75.79
2026/09/26 00:33:32.789, 3, 0, 97871, 0, 77.34
2026/09/26 00:33:32.989, 0, 0, 97871, 0, 73.97
2026/09/26 00:33:32.989, 1, 0, 97871, 0, 76.47
2026/09/26 00:33:32.989, 2, 0, 97871, 0, 75.72
2026/09/26 00:33:32.989, 3, 0, 97871, 0, 77.31
2026/09/26 00:33:33.189, 0, 0, 97871, 0, 73.97
2026/09/26 00:33:33.189, 1, 0, 97871, 0, 76.43
2026/09/26 00:33:33.189, 2, 0, 97871, 0, 75.72
2026/09/26 00:33:33.189, 3, 0, 97871, 0, 77.29
2026/09/26 00:33:33.389, 0, 0, 97871, 0, 73.96
2026/09/26 00:33:33.389, 1, 0, 97871, 0, 76.43
2026/09/26 00:33:33.389, 2, 0, 97871, 0, 75.72
2026/09/26 00:33:33.389, 3, 0, 97871, 0, 77.29
2026/09/26 00:33:33.589, 0, 0, 97871, 0, 73.96
2026/09/26 00:33:33.589, 1, 0, 97871, 0, 76.45
2026/09/26 00:33:33.589, 2, 0, 97871, 0, 75.65
2026/09/26 00:33:33.589, 3, 0, 97871, 0, 77.29
2026/09/26 00:33:33.790, 0, 0, 97871, 0, 73.96
2026/09/26 00:33:33.790, 1, 0, 97871, 0, 76.48
2026/09/26 00:33:33.790, 2, 0, 97871, 0, 75.65
2026/09/26 00:33:33.790, 3, 0, 97871, 0, 77.29
2026/09/26 00:33:33.990, 0, 0, 97871, 0, 73.95
2026/09/26 00:33:33.990, 1, 0, 97871, 0, 76.45
2026/09/26 00:33:33.990, 2, 0, 97871, 0, 75.65
2026/09/26 00:33:33.990, 3, 0, 97871, 0, 77.28
2026/09/26 00:33:34.190, 0, 0, 97871, 0, 73.95
2026/09/26 00:33:34.190, 1, 0, 97871, 0, 76.46
2026/09/26 00:33:34.190, 2, 0, 97871, 0, 75.64
2026/09/26 00:33:34.190, 3, 0, 97871, 0, 77.27
2026/09/26 00:33:34.390, 0, 0, 97871, 0, 73.94
2026/09/26 00:33:34.390, 1, 0, 97871, 0, 76.45
2026/09/26 00:33:34.390, 2, 0, 97871, 0, 75.60
2026/09/26 00:33:34.390, 3, 0, 97871, 0, 77.26
2026/09/26 00:33:34.590, 0, 0, 97871, 0, 73.93
2026/09/26 00:33:34.590, 1, 0, 97871, 0, 76.41
2026/09/26 00:33:34.590, 2, 0, 97871, 0, 75.61
2026/09/26 00:33:34.590, 3, 0, 97871, 0, 77.25
2026/09/26 00:33:34.790, 0, 0, 97871, 0, 73.90
2026/09/26 00:33:34.790, 1, 0, 97871, 0, 76.37
2026/09/26 00:33:34.790, 2, 0, 97871, 0, 75.61
2026/09/26 00:33:34.790, 3, 0, 97871, 0, 77.21
2026/09/26 00:33:34.990, 0, 0, 97871, 0, 73.89
2026/09/26 00:33:34.991, 1, 0, 97871, 0, 76.39
2026/09/26 00:33:34.991, 2, 0, 97871, 0, 75.55
2026/09/26 00:33:34.991, 3, 0, 97871, 0, 77.21
2026/09/26 00:33:35.191, 0, 0, 97871, 0, 73.88
2026/09/26 00:33:35.191, 1, 0, 97871, 0, 76.31
2026/09/26 00:33:35.191, 2, 0, 97871, 0, 75.53
2026/09/26 00:33:35.191, 3, 0, 97871, 0, 77.21
2026/09/26 00:33:35.391, 0, 0, 97871, 0, 73.87
2026/09/26 00:33:35.391, 1, 0, 97871, 0, 76.29
2026/09/26 00:33:35.391, 2, 0, 97871, 0, 75.56
2026/09/26 00:33:35.391, 3, 0, 97871, 0, 77.19
2026/09/26 00:33:35.591, 0, 0, 97871, 0, 73.86
2026/09/26 00:33:35.591, 1, 0, 97871, 0, 76.29
2026/09/26 00:33:35.591, 2, 0, 97871, 0, 75.52
2026/09/26 00:33:35.591, 3, 0, 97871, 0, 77.17
2026/09/26 00:33:35.791, 0, 0, 97871, 0, 73.85
2026/09/26 00:33:35.791, 1, 0, 97871, 0, 76.28
2026/09/26 00:33:35.791, 2, 0, 97871, 0, 75.50
2026/09/26 00:33:35.791, 3, 0, 97871, 0, 77.18
2026/09/26 00:33:35.991, 0, 0, 97871, 0, 73.84
2026/09/26 00:33:35.991, 1, 0, 97871, 0, 76.29
2026/09/26 00:33:35.991, 2, 0, 97871, 0, 75.54
2026/09/26 00:33:35.991, 3, 0, 97871, 0, 77.14
2026/09/26 00:33:36.191, 0, 0, 97871, 0, 73.82
2026/09/26 00:33:36.192, 1, 0, 97871, 0, 76.38
2026/09/26 00:33:36.192, 2, 0, 97871, 0, 75.55
2026/09/26 00:33:36.192, 3, 0, 97871, 0, 77.13
2026/09/26 00:33:36.392, 0, 0, 97871, 0, 73.81
2026/09/26 00:33:36.392, 1, 0, 97871, 0, 76.45
2026/09/26 00:33:36.392, 2, 0, 97871, 0, 75.52
2026/09/26 00:33:36.392, 3, 0, 97871, 0, 77.09
2026/09/26 00:33:36.592, 0, 0, 97871, 0, 73.80
2026/09/26 00:33:36.592, 1, 0, 97871, 0, 76.49
2026/09/26 00:33:36.592, 2, 0, 97871, 0, 75.57
2026/09/26 00:33:36.592, 3, 0, 97871, 0, 77.07
2026/09/26 00:33:36.792, 0, 0, 97871, 0, 73.82
2026/09/26 00:33:36.792, 1, 0, 97871, 0, 76.55
2026/09/26 00:33:36.792, 2, 0, 97871, 0, 75.58
2026/09/26 00:33:36.792, 3, 0, 97871, 0, 77.03
2026/09/26 00:33:36.992, 0, 0, 97871, 0, 73.80
2026/09/26 00:33:36.992, 1, 0, 97871, 0, 76.58
2026/09/26 00:33:36.992, 2, 0, 97871, 0, 75.58
2026/09/26 00:33:36.992, 3, 0, 97871, 0, 77.04
2026/09/26 00:33:37.192, 0, 0, 97871, 0, 73.81
2026/09/26 00:33:37.192, 1, 0, 97871, 0, 76.56
2026/09/26 00:33:37.192, 2, 0, 97871, 0, 75.59
2026/09/26 00:33:37.192, 3, 0, 97871, 0, 77.01
2026/09/26 00:33:37.392, 0, 0, 97871, 0, 73.80
2026/09/26 00:33:37.393, 1, 0, 97871, 0, 76.55
2026/09/26 00:33:37.393, 2, 0, 97871, 0, 75.60
2026/09/26 00:33:37.393, 3, 0, 97871, 0, 77.02
2026/09/26 00:33:37.593, 0, 0, 97871, 0, 73.79
2026/09/26 00:33:37.593, 1, 0, 97871, 0, 76.54
2026/09/26 00:33:37.593, 2, 0, 97871, 0, 75.58
2026/09/26 00:33:37.593, 3, 0, 97871, 0, 77.01
2026/09/26 00:33:37.793, 0, 0, 97871, 0, 73.79
2026/09/26 00:33:37.793, 1, 0, 97871, 0, 76.54
2026/09/26 00:33:37.793, 2, 0, 97871, 0, 75.56
2026/09/26 00:33:37.793, 3, 0, 97871, 0, 77.01
2026/09/26 00:33:37.993, 0, 0, 97871, 0, 73.77
2026/09/26 00:33:37.993, 1, 0, 97871, 0, 76.52
2026/09/26 00:33:37.993, 2, 0, 97871, 0, 75.57
2026/09/26 00:33:37.994, 3, 0, 97871, 0, 76.99
2026/09/26 00:33:38.194, 0, 0, 97871, 0, 73.75
2026/09/26 00:33:38.194, 1, 0, 97871, 0, 76.51
2026/09/26 00:33:38.194, 2, 0, 97871, 0, 75.59
2026/09/26 00:33:38.194, 3, 0, 97871, 0, 76.99
2026/09/26 00:33:38.394, 0, 0, 97871, 0, 73.75
2026/09/26 00:33:38.394, 1, 0, 97871, 0, 76.51
2026/09/26 00:33:38.394, 2, 0, 97871, 0, 75.53
2026/09/26 00:33:38.394, 3, 0, 97871, 0, 76.97
2026/09/26 00:33:38.594, 0, 0, 97871, 0, 73.75
2026/09/26 00:33:38.594, 1, 0, 97871, 0, 76.53
2026/09/26 00:33:38.594, 2, 0, 97871, 0, 75.52
2026/09/26 00:33:38.594, 3, 0, 97871, 0, 76.95
2026/09/26 00:33:38.794, 0, 0, 97871, 0, 73.75
2026/09/26 00:33:38.794, 1, 0, 97871, 0, 76.49
2026/09/26 00:33:38.794, 2, 0, 97871, 0, 75.55
2026/09/26 00:33:38.794, 3, 0, 97871, 0, 76.95
2026/09/26 00:33:38.994, 0, 0, 97871, 0, 73.74
2026/09/26 00:33:38.994, 1, 0, 97871, 0, 76.48
2026/09/26 00:33:38.994, 2, 0, 97871, 0, 75.53
2026/09/26 00:33:38.994, 3, 0, 97871, 0, 76.94
2026/09/26 00:33:39.194, 0, 0, 97871, 0, 73.75
2026/09/26 00:33:39.194, 1, 0, 97871, 0, 76.50
2026/09/26 00:33:39.194, 2, 0, 97871, 0, 75.46
2026/09/26 00:33:39.195, 3, 0, 97871, 0, 76.93
2026/09/26 00:33:39.395, 0, 0, 97871, 0, 73.74
2026/09/26 00:33:39.395, 1, 0, 97871, 0, 76.50
2026/09/26 00:33:39.395, 2, 0, 97871, 0, 75.51
2026/09/26 00:33:39.395, 3, 0, 97871, 0, 76.92
2026/09/26 00:33:39.595, 0, 0, 97871, 0, 73.73
2026/09/26 00:33:39.595, 1, 0, 97871, 0, 76.45
2026/09/26 00:33:39.595, 2, 0, 97871, 0, 75.51
2026/09/26 00:33:39.595, 3, 0, 97871, 0, 76.91
2026/09/26 00:33:39.795, 0, 0, 97871, 0, 73.73
2026/09/26 00:33:39.795, 1, 0, 97871, 0, 76.44
2026/09/26 00:33:39.795, 2, 0, 97871, 0, 75.43
2026/09/26 00:33:39.795, 3, 0, 97871, 0, 76.90
2026/09/26 00:33:39.995, 0, 0, 97871, 0, 73.72
2026/09/26 00:33:39.995, 1, 0, 97871, 0, 76.44
2026/09/26 00:33:39.995, 2, 0, 97871, 0, 75.44
2026/09/26 00:33:39.995, 3, 0, 97871, 0, 76.89
2026/09/26 00:33:40.195, 0, 0, 97871, 0, 73.70
2026/09/26 00:33:40.195, 1, 0, 97871, 0, 76.41
2026/09/26 00:33:40.195, 2, 0, 97871, 0, 75.45
2026/09/26 00:33:40.195, 3, 0, 97871, 0, 76.89
2026/09/26 00:33:40.395, 0, 0, 97871, 0, 73.68
2026/09/26 00:33:40.395, 1, 0, 97871, 0, 76.39
2026/09/26 00:33:40.395, 2, 0, 97871, 0, 75.42
2026/09/26 00:33:40.395, 3, 0, 97871, 0, 76.87
2026/09/26 00:33:40.595, 0, 0, 97871, 0, 73.69
2026/09/26 00:33:40.596, 1, 0, 97871, 0, 76.38
2026/09/26 00:33:40.596, 2, 0, 97871, 0, 75.37
2026/09/26 00:33:40.596, 3, 0, 97871, 0, 76.88
2026/09/26 00:33:40.796, 0, 0, 97871, 0, 73.66
2026/09/26 00:33:40.796, 1, 0, 97871, 0, 76.37
2026/09/26 00:33:40.796, 2, 0, 97871, 0, 75.42
2026/09/26 00:33:40.796, 3, 0, 97871, 0, 76.85
2026/09/26 00:33:40.996, 0, 0, 97871, 0, 73.68
2026/09/26 00:33:40.996, 1, 0, 97871, 0, 76.35
2026/09/26 00:33:40.996, 2, 0, 97871, 0, 75.43
2026/09/26 00:33:40.996, 3, 0, 97871, 0, 76.84
2026/09/26 00:33:41.196, 0, 0, 97871, 0, 73.68
2026/09/26 00:33:41.196, 1, 0, 97871, 0, 76.34
2026/09/26 00:33:41.196, 2, 0, 97871, 0, 75.41
2026/09/26 00:33:41.196, 3, 0, 97871, 0, 76.82
2026/09/26 00:33:41.396, 0, 0, 97871, 0, 73.67
2026/09/26 00:33:41.396, 1, 0, 97871, 0, 76.31
2026/09/26 00:33:41.396, 2, 0, 97871, 0, 75.42
2026/09/26 00:33:41.396, 3, 0, 97871, 0, 76.82
2026/09/26 00:33:41.596, 0, 0, 97871, 0, 73.65
2026/09/26 00:33:41.596, 1, 0, 97871, 0, 76.30
2026/09/26 00:33:41.596, 2, 0, 97871, 0, 75.46
2026/09/26 00:33:41.596, 3, 0, 97871, 0, 76.80
2026/09/26 00:33:41.797, 0, 0, 97871, 0, 73.64
2026/09/26 00:33:41.797, 1, 0, 97871, 0, 76.30
2026/09/26 00:33:41.797, 2, 0, 97871, 0, 75.43
2026/09/26 00:33:41.797, 3, 0, 97871, 0, 76.79
2026/09/26 00:33:41.997, 0, 0, 97871, 0, 73.62
2026/09/26 00:33:41.997, 1, 0, 97871, 0, 76.28
2026/09/26 00:33:41.997, 2, 0, 97871, 0, 75.38
2026/09/26 00:33:41.997, 3, 0, 97871, 0, 76.77
2026/09/26 00:33:42.197, 0, 0, 97871, 0, 73.63
2026/09/26 00:33:42.197, 1, 0, 97871, 0, 76.26
2026/09/26 00:33:42.197, 2, 0, 97871, 0, 75.37
2026/09/26 00:33:42.197, 3, 0, 97871, 0, 76.77
2026/09/26 00:33:42.397, 0, 0, 97871, 0, 73.62
2026/09/26 00:33:42.398, 1, 0, 97871, 0, 76.24
2026/09/26 00:33:42.398, 2, 0, 97871, 0, 75.38
2026/09/26 00:33:42.398, 3, 0, 97871, 0, 76.73
2026/09/26 00:33:42.598, 0, 0, 97871, 0, 73.63
2026/09/26 00:33:42.598, 1, 0, 97871, 0, 76.23
2026/09/26 00:33:42.598, 2, 0, 97871, 0, 75.31
2026/09/26 00:33:42.598, 3, 0, 97871, 0, 76.73
2026/09/26 00:33:42.798, 0, 0, 97871, 0, 73.62
2026/09/26 00:33:42.798, 1, 0, 97871, 0, 76.23
2026/09/26 00:33:42.798, 2, 0, 97871, 0, 75.34
2026/09/26 00:33:42.798, 3, 0, 97871, 0, 76.71
2026/09/26 00:33:42.998, 0, 0, 97871, 0, 73.62
2026/09/26 00:33:42.998, 1, 0, 97871, 0, 76.21
2026/09/26 00:33:42.998, 2, 0, 97871, 0, 75.36
2026/09/26 00:33:42.998, 3, 0, 97871, 0, 76.68
2026/09/26 00:33:43.198, 0, 0, 97871, 0, 73.61
2026/09/26 00:33:43.198, 1, 0, 97871, 0, 76.22
2026/09/26 00:33:43.198, 2, 0, 97871, 0, 75.36
2026/09/26 00:33:43.198, 3, 0, 97871, 0, 76.66
2026/09/26 00:33:43.398, 0, 0, 97871, 0, 73.61
2026/09/26 00:33:43.398, 1, 0, 97871, 0, 76.25
2026/09/26 00:33:43.398, 2, 0, 97871, 0, 75.32
2026/09/26 00:33:43.398, 3, 0, 97871, 0, 76.67
2026/09/26 00:33:43.598, 0, 0, 97871, 0, 73.62
2026/09/26 00:33:43.598, 1, 0, 97871, 0, 76.22
2026/09/26 00:33:43.598, 2, 0, 97871, 0, 75.37
2026/09/26 00:33:43.599, 3, 0, 97871, 0, 76.66
2026/09/26 00:33:43.799, 0, 0, 97871, 0, 73.61
2026/09/26 00:33:43.799, 1, 0, 97871, 0, 76.21
2026/09/26 00:33:43.799, 2, 0, 97871, 0, 75.36
2026/09/26 00:33:43.799, 3, 0, 97871, 0, 76.65
2026/09/26 00:33:43.999, 0, 0, 97871, 0, 73.60
2026/09/26 00:33:43.999, 1, 0, 97871, 0, 76.22
2026/09/26 00:33:43.999, 2, 0, 97871, 0, 75.33
2026/09/26 00:33:43.999, 3, 0, 97871, 0, 76.64
2026/09/26 00:33:44.199, 0, 0, 97871, 0, 73.59
2026/09/26 00:33:44.199, 1, 0, 97871, 0, 76.20
2026/09/26 00:33:44.199, 2, 0, 97871, 0, 75.34
2026/09/26 00:33:44.199, 3, 0, 97871, 0, 76.62
2026/09/26 00:33:44.399, 0, 0, 97871, 0, 73.59
2026/09/26 00:33:44.399, 1, 0, 97871, 0, 76.19
2026/09/26 00:33:44.399, 2, 0, 97871, 0, 75.36
2026/09/26 00:33:44.399, 3, 0, 97871, 0, 76.61
2026/09/26 00:33:44.599, 0, 0, 97871, 0, 73.58
2026/09/26 00:33:44.599, 1, 0, 97871, 0, 76.19
2026/09/26 00:33:44.599, 2, 0, 97871, 0, 75.32
2026/09/26 00:33:44.599, 3, 0, 97871, 0, 76.61
2026/09/26 00:33:44.799, 0, 0, 97871, 0, 73.58
2026/09/26 00:33:44.799, 1, 0, 97871, 0, 76.17
2026/09/26 00:33:44.799, 2, 0, 97871, 0, 75.28
2026/09/26 00:33:44.799, 3, 0, 97871, 0, 76.58
2026/09/26 00:33:45.000, 0, 0, 97871, 0, 73.60
2026/09/26 00:33:45.000, 1, 0, 97871, 0, 76.15
2026/09/26 00:33:45.000, 2, 0, 97871, 0, 75.29
2026/09/26 00:33:45.000, 3, 0, 97871, 0, 76.57
2026/09/26 00:33:45.200, 0, 0, 97871, 0, 73.57
2026/09/26 00:33:45.200, 1, 0, 97871, 0, 76.15
2026/09/26 00:33:45.200, 2, 0, 97871, 0, 75.29
2026/09/26 00:33:45.200, 3, 0, 97871, 0, 76.57
2026/09/26 00:33:45.400, 0, 0, 97871, 0, 73.57
2026/09/26 00:33:45.400, 1, 0, 97871, 0, 76.11
2026/09/26 00:33:45.400, 2, 0, 97871, 0, 75.23
2026/09/26 00:33:45.400, 3, 0, 97871, 0, 76.57
2026/09/26 00:33:45.600, 0, 0, 97871, 0, 73.53
2026/09/26 00:33:45.600, 1, 0, 97871, 0, 76.10
2026/09/26 00:33:45.600, 2, 0, 97871, 0, 75.26
2026/09/26 00:33:45.600, 3, 0, 97871, 0, 76.56
2026/09/26 00:33:45.800, 0, 0, 97871, 0, 73.53
2026/09/26 00:33:45.800, 1, 0, 97871, 0, 76.10
2026/09/26 00:33:45.800, 2, 0, 97871, 0, 75.27
2026/09/26 00:33:45.800, 3, 0, 97871, 0, 76.56
2026/09/26 00:33:46.000, 0, 0, 97871, 0, 73.53
2026/09/26 00:33:46.000, 1, 0, 97871, 0, 76.08
2026/09/26 00:33:46.000, 2, 0, 97871, 0, 75.24
2026/09/26 00:33:46.000, 3, 0, 97871, 0, 76.55
2026/09/26 00:33:46.200, 0, 0, 97871, 0, 73.53
2026/09/26 00:33:46.200, 1, 0, 97871, 0, 76.09
2026/09/26 00:33:46.200, 2, 0, 97871, 0, 75.19
2026/09/26 00:33:46.200, 3, 0, 97871, 0, 76.54
2026/09/26 00:33:46.401, 0, 0, 97871, 0, 73.51
2026/09/26 00:33:46.401, 1, 0, 97871, 0, 76.09
2026/09/26 00:33:46.401, 2, 0, 97871, 0, 75.22
2026/09/26 00:33:46.401, 3, 0, 97871, 0, 76.53
2026/09/26 00:33:46.601, 0, 0, 97871, 0, 73.53
2026/09/26 00:33:46.601, 1, 0, 97871, 0, 76.07
2026/09/26 00:33:46.601, 2, 0, 97871, 0, 75.21
2026/09/26 00:33:46.601, 3, 0, 97871, 0, 76.52
2026/09/26 00:33:46.801, 0, 0, 97871, 0, 73.52
2026/09/26 00:33:46.801, 1, 0, 97871, 0, 76.04
2026/09/26 00:33:46.801, 2, 0, 97871, 0, 75.14
2026/09/26 00:33:46.801, 3, 0, 97871, 0, 76.51
2026/09/26 00:33:47.001, 0, 0, 97871, 0, 73.52
2026/09/26 00:33:47.001, 1, 0, 97871, 0, 76.04
2026/09/26 00:33:47.001, 2, 0, 97871, 0, 75.16
2026/09/26 00:33:47.001, 3, 0, 97871, 0, 76.50
2026/09/26 00:33:47.201, 0, 1, 97871, 0, 73.53
2026/09/26 00:33:47.204, 1, 1, 97871, 0, 76.00
2026/09/26 00:33:47.205, 2, 1, 97871, 0, 75.18
2026/09/26 00:33:47.206, 3, 1, 97871, 0, 76.50
2026/09/26 00:33:47.430, 0, 1, 97871, 0, 73.56
2026/09/26 00:33:47.433, 1, 1, 97871, 0, 76.00
2026/09/26 00:33:47.434, 2, 1, 97871, 0, 75.17
2026/09/26 00:33:47.435, 3, 1, 97871, 0, 76.50
2026/09/26 00:33:47.635, 0, 4, 97871, 0, 73.54
2026/09/26 00:33:47.664, 1, 1, 97871, 0, 76.00
2026/09/26 00:33:47.664, 2, 1, 97871, 0, 75.13
2026/09/26 00:33:47.664, 3, 1, 97871, 0, 76.50
2026/09/26 00:33:47.864, 0, 4, 97871, 0, 73.53
2026/09/26 00:33:47.869, 1, 4, 97871, 0, 76.11
2026/09/26 00:33:47.869, 2, 1, 97871, 0, 75.18
2026/09/26 00:33:47.869, 3, 1, 97871, 0, 76.50
2026/09/26 00:33:48.070, 0, 4, 97871, 0, 73.50
2026/09/26 00:33:48.112, 1, 4, 97871, 0, 76.83
2026/09/26 00:33:48.112, 2, 4, 97871, 0, 75.18
2026/09/26 00:33:48.112, 3, 1, 97871, 0, 76.49
2026/09/26 00:33:48.312, 0, 4, 97871, 0, 73.45
2026/09/26 00:33:48.312, 1, 4, 97871, 0, 77.34
2026/09/26 00:33:48.313, 2, 4, 97871, 0, 75.19
2026/09/26 00:33:48.313, 3, 4, 97871, 0, 76.51
2026/09/26 00:33:48.513, 0, 4, 97871, 0, 73.45
2026/09/26 00:33:48.513, 1, 4, 97871, 0, 77.84
2026/09/26 00:33:48.513, 2, 4, 97871, 0, 75.17
2026/09/26 00:33:48.513, 3, 4, 97871, 0, 76.52
2026/09/26 00:33:48.713, 0, 4, 97871, 0, 73.44
2026/09/26 00:33:48.713, 1, 4, 97871, 0, 78.27
2026/09/26 00:33:48.713, 2, 4, 97871, 0, 75.18
2026/09/26 00:33:48.713, 3, 4, 97871, 0, 76.49
2026/09/26 00:33:48.913, 0, 4, 97871, 0, 73.44
2026/09/26 00:33:48.919, 1, 20, 97871, 0, 78.87
2026/09/26 00:33:48.919, 2, 4, 97871, 0, 75.20
2026/09/26 00:33:48.929, 3, 20, 97871, 0, 76.55
2026/09/26 00:33:49.129, 0, 21, 97871, 0, 80.12
2026/09/26 00:33:49.131, 1, 21, 97871, 0, 88.25
2026/09/26 00:33:49.140, 2, 21, 97871, 0, 82.60
2026/09/26 00:33:49.145, 3, 21, 97871, 0, 86.96
2026/09/26 00:33:49.351, 0, 385, 97871, 0, 89.41
2026/09/26 00:33:49.351, 1, 385, 97871, 0, 97.73
2026/09/26 00:33:49.351, 2, 385, 97871, 0, 91.89
2026/09/26 00:33:49.351, 3, 385, 97871, 0, 96.89
2026/09/26 00:33:49.551, 0, 385, 97871, 2, 98.09
2026/09/26 00:33:49.551, 1, 385, 97871, 2, 106.81
2026/09/26 00:33:49.552, 2, 385, 97871, 1, 100.16
2026/09/26 00:33:49.552, 3, 385, 97871, 1, 105.67
2026/09/26 00:33:49.752, 0, 385, 97871, 0, 106.80
2026/09/26 00:33:49.752, 1, 385, 97871, 0, 115.89
2026/09/26 00:33:49.752, 2, 385, 97871, 0, 108.75
2026/09/26 00:33:49.752, 3, 385, 97871, 0, 114.92
2026/09/26 00:33:49.952, 0, 385, 97871, 0, 114.67
2026/09/26 00:33:49.952, 1, 385, 97871, 0, 124.99
2026/09/26 00:33:49.952, 2, 385, 97871, 0, 117.31
2026/09/26 00:33:49.952, 3, 385, 97871, 0, 124.23
2026/09/26 00:33:50.152, 0, 385, 97871, 0, 117.41
2026/09/26 00:33:50.152, 1, 385, 97871, 0, 125.22
2026/09/26 00:33:50.152, 2, 385, 97871, 0, 119.29
2026/09/26 00:33:50.152, 3, 385, 97871, 0, 123.82
2026/09/26 00:33:50.352, 0, 485, 97871, 0, 116.91
2026/09/26 00:33:50.353, 1, 485, 97871, 0, 124.81
2026/09/26 00:33:50.353, 2, 485, 97871, 2, 118.89
2026/09/26 00:33:50.353, 3, 485, 97871, 0, 123.44
2026/09/26 00:33:50.553, 0, 727, 97871, 4, 116.90
2026/09/26 00:33:50.553, 1, 727, 97871, 1, 124.87
2026/09/26 00:33:50.553, 2, 727, 97871, 1, 118.90
2026/09/26 00:33:50.553, 3, 727, 97871, 0, 123.47
2026/09/26 00:33:50.754, 0, 1019, 97871, 0, 116.93
2026/09/26 00:33:50.754, 1, 1019, 97871, 1, 124.96
2026/09/26 00:33:50.754, 2, 1019, 97871, 0, 118.85
2026/09/26 00:33:50.756, 3, 1019, 97871, 0, 123.46
2026/09/26 00:33:50.956, 0, 1163, 97871, 1, 116.95
2026/09/26 00:33:50.956, 1, 1163, 97871, 0, 124.97
2026/09/26 00:33:50.956, 2, 1163, 97871, 0, 118.86
2026/09/26 00:33:50.956, 3, 1163, 97871, 0, 123.49
2026/09/26 00:33:51.234, 0, 1233, 97871, 0, 117.13
2026/09/26 00:33:51.234, 1, 1231, 97871, 0, 125.18
2026/09/26 00:33:51.234, 2, 1237, 97871, 0, 119.28
2026/09/26 00:33:51.234, 3, 1231, 97871, 0, 123.92
2026/09/26 00:33:51.435, 0, 1735, 97871, 1, 117.12
2026/09/26 00:33:51.435, 1, 1735, 97871, 0, 125.18
2026/09/26 00:33:51.435, 2, 1735, 97871, 1, 119.28
2026/09/26 00:33:51.436, 3, 1735, 97871, 1, 123.91
2026/09/26 00:33:51.637, 0, 1735, 97871, 0, 117.16
2026/09/26 00:33:51.639, 1, 1735, 97871, 1, 125.05
2026/09/26 00:33:51.639, 2, 1735, 97871, 0, 119.33
2026/09/26 00:33:51.639, 3, 1735, 97871, 1, 123.96
2026/09/26 00:33:51.840, 0, 1735, 97871, 0, 117.30
2026/09/26 00:33:51.840, 1, 1735, 97871, 0, 125.11
2026/09/26 00:33:51.840, 2, 1735, 97871, 0, 119.58
2026/09/26 00:33:51.840, 3, 1735, 97871, 0, 124.27
2026/09/26 00:33:52.040, 0, 1805, 97871, 0, 117.16
2026/09/26 00:33:52.040, 1, 1805, 97871, 0, 124.80
2026/09/26 00:33:52.040, 2, 1805, 97871, 0, 119.37
2026/09/26 00:33:52.040, 3, 1805, 97871, 0, 124.25
2026/09/26 00:33:52.240, 0, 1805, 97871, 0, 117.12
2026/09/26 00:33:52.240, 1, 1805, 97871, 0, 124.75
2026/09/26 00:33:52.240, 2, 1805, 97871, 0, 119.20
2026/09/26 00:33:52.240, 3, 1805, 97871, 0, 123.84
2026/09/26 00:33:52.441, 0, 2831, 97871, 3, 117.12
2026/09/26 00:33:52.441, 1, 2831, 97871, 0, 124.65
2026/09/26 00:33:52.441, 2, 2831, 97871, 0, 119.19
2026/09/26 00:33:52.441, 3, 2831, 97871, 0, 123.85
2026/09/26 00:33:52.641, 0, 2831, 97871, 0, 117.32
2026/09/26 00:33:52.641, 1, 2831, 97871, 0, 124.53
2026/09/26 00:33:52.641, 2, 2831, 97871, 0, 119.24
2026/09/26 00:33:52.641, 3, 2831, 97871, 0, 123.96
2026/09/26 00:33:52.841, 0, 3333, 97871, 1, 117.23
2026/09/26 00:33:52.841, 1, 3333, 97871, 0, 124.42
2026/09/26 00:33:52.841, 2, 3333, 97871, 1, 119.02
2026/09/26 00:33:52.841, 3, 3333, 97871, 0, 123.78
2026/09/26 00:33:53.041, 0, 10479, 97871, 0, 117.22
2026/09/26 00:33:53.041, 1, 9793, 97871, 0, 124.40
2026/09/26 00:33:53.041, 2, 10347, 97871, 5, 119.02
2026/09/26 00:33:53.041, 3, 10685, 97871, 0, 123.78
2026/09/26 00:33:53.241, 0, 13667, 97871, 5, 117.25
2026/09/26 00:33:53.241, 1, 13665, 97871, 6, 124.42
2026/09/26 00:33:53.241, 2, 13685, 97871, 3, 119.02
2026/09/26 00:33:53.241, 3, 13683, 97871, 6, 123.81
2026/09/26 00:33:53.442, 0, 13667, 97871, 3, 117.25
2026/09/26 00:33:53.442, 1, 13665, 97871, 4, 124.44
2026/09/26 00:33:53.442, 2, 13685, 97871, 3, 119.06
2026/09/26 00:33:53.442, 3, 13683, 97871, 3, 123.82
2026/09/26 00:33:53.642, 0, 13667, 97871, 3, 117.09
2026/09/26 00:33:53.642, 1, 13665, 97871, 2, 124.51
2026/09/26 00:33:53.642, 2, 13685, 97871, 3, 119.00
2026/09/26 00:33:53.642, 3, 13683, 97871, 4, 123.69
2026/09/26 00:33:53.842, 0, 13667, 97871, 3, 117.02
2026/09/26 00:33:53.842, 1, 13665, 97871, 3, 124.38
2026/09/26 00:33:53.842, 2, 13685, 97871, 3, 118.96
2026/09/26 00:33:53.842, 3, 13683, 97871, 3, 123.59
2026/09/26 00:33:54.042, 0, 13667, 97871, 3, 117.05
2026/09/26 00:33:54.042, 1, 13665, 97871, 3, 124.36
2026/09/26 00:33:54.042, 2, 13685, 97871, 2, 118.94
2026/09/26 00:33:54.042, 3, 13683, 97871, 3, 123.56
2026/09/26 00:33:54.242, 0, 13667, 97871, 4, 117.04
2026/09/26 00:33:54.242, 1, 13665, 97871, 3, 124.36
2026/09/26 00:33:54.242, 2, 13685, 97871, 3, 118.97
2026/09/26 00:33:54.242, 3, 13683, 97871, 3, 123.54
2026/09/26 00:33:54.442, 0, 13667, 97871, 3, 117.02
2026/09/26 00:33:54.442, 1, 13665, 97871, 3, 124.36
2026/09/26 00:33:54.442, 2, 13685, 97871, 3, 118.96
2026/09/26 00:33:54.442, 3, 13683, 97871, 3, 123.49
2026/09/26 00:33:54.642, 0, 13667, 97871, 4, 117.01
2026/09/26 00:33:54.643, 1, 13665, 97871, 3, 124.36
2026/09/26 00:33:54.643, 2, 13685, 97871, 3, 118.92
2026/09/26 00:33:54.643, 3, 13683, 97871, 3, 123.47
2026/09/26 00:33:54.843, 0, 13667, 97871, 3, 116.98
2026/09/26 00:33:54.843, 1, 13665, 97871, 4, 124.33
2026/09/26 00:33:54.843, 2, 13685, 97871, 3, 118.91
2026/09/26 00:33:54.843, 3, 13683, 97871, 3, 123.46
2026/09/26 00:33:55.043, 0, 13667, 97871, 3, 116.98
2026/09/26 00:33:55.043, 1, 13665, 97871, 3, 124.35
2026/09/26 00:33:55.043, 2, 13685, 97871, 3, 118.92
2026/09/26 00:33:55.043, 3, 13683, 97871, 3, 123.45
2026/09/26 00:33:55.243, 0, 13667, 97871, 3, 116.96
2026/09/26 00:33:55.243, 1, 13665, 97871, 3, 124.35
2026/09/26 00:33:55.243, 2, 13685, 97871, 3, 118.90
2026/09/26 00:33:55.243, 3, 13683, 97871, 4, 123.42
2026/09/26 00:33:55.443, 0, 13667, 97871, 3, 116.96
2026/09/26 00:33:55.443, 1, 13665, 97871, 3, 124.31
2026/09/26 00:33:55.443, 2, 13685, 97871, 3, 118.87
2026/09/26 00:33:55.443, 3, 13683, 97871, 3, 123.40
2026/09/26 00:33:55.643, 0, 13667, 97871, 3, 116.94
2026/09/26 00:33:55.643, 1, 13665, 97871, 3, 124.32
2026/09/26 00:33:55.643, 2, 13685, 97871, 3, 118.89
2026/09/26 00:33:55.643, 3, 13683, 97871, 3, 123.39
2026/09/26 00:33:55.843, 0, 13667, 97871, 4, 116.88
2026/09/26 00:33:55.843, 1, 13665, 97871, 3, 124.32
2026/09/26 00:33:55.843, 2, 13685, 97871, 3, 118.92
2026/09/26 00:33:55.844, 3, 13683, 97871, 3, 123.39
2026/09/26 00:33:56.044, 0, 13667, 97871, 3, 116.91
2026/09/26 00:33:56.044, 1, 13665, 97871, 3, 124.30
2026/09/26 00:33:56.044, 2, 13685, 97871, 3, 118.89
2026/09/26 00:33:56.044, 3, 13683, 97871, 3, 123.35
2026/09/26 00:33:56.244, 0, 13667, 97871, 3, 116.88
2026/09/26 00:33:56.244, 1, 13665, 97871, 3, 124.28
2026/09/26 00:33:56.244, 2, 13685, 97871, 3, 118.87
2026/09/26 00:33:56.244, 3, 13683, 97871, 3, 123.33
2026/09/26 00:33:56.444, 0, 13667, 97871, 3, 116.92
2026/09/26 00:33:56.444, 1, 13665, 97871, 3, 124.28
2026/09/26 00:33:56.444, 2, 13685, 97871, 3, 118.89
2026/09/26 00:33:56.444, 3, 13683, 97871, 4, 123.33
2026/09/26 00:33:56.644, 0, 13667, 97871, 3, 116.96
2026/09/26 00:33:56.644, 1, 13665, 97871, 4, 124.25
2026/09/26 00:33:56.644, 2, 13685, 97871, 3, 118.91
2026/09/26 00:33:56.644, 3, 13683, 97871, 3, 123.35
2026/09/26 00:33:56.844, 0, 13667, 97871, 3, 116.99
2026/09/26 00:33:56.844, 1, 13665, 97871, 3, 124.24
2026/09/26 00:33:56.844, 2, 13685, 97871, 3, 118.82
2026/09/26 00:33:56.844, 3, 13683, 97871, 3, 123.32
2026/09/26 00:33:57.044, 0, 13667, 97871, 3, 116.95
2026/09/26 00:33:57.044, 1, 13665, 97871, 3, 124.25
2026/09/26 00:33:57.044, 2, 13685, 97871, 3, 118.85
2026/09/26 00:33:57.044, 3, 13683, 97871, 3, 123.30
2026/09/26 00:33:57.245, 0, 13667, 97871, 3, 116.97
2026/09/26 00:33:57.245, 1, 13665, 97871, 3, 124.26
2026/09/26 00:33:57.245, 2, 13685, 97871, 3, 118.85
2026/09/26 00:33:57.245, 3, 13683, 97871, 3, 123.33
2026/09/26 00:33:57.445, 0, 13667, 97871, 3, 116.95
2026/09/26 00:33:57.445, 1, 13665, 97871, 3, 124.28
2026/09/26 00:33:57.445, 2, 13685, 97871, 3, 118.83
2026/09/26 00:33:57.445, 3, 13683, 97871, 3, 123.30
2026/09/26 00:33:57.645, 0, 13667, 97871, 8, 116.94
2026/09/26 00:33:57.645, 1, 13665, 97871, 3, 124.29
2026/09/26 00:33:57.645, 2, 13685, 97871, 3, 118.82
2026/09/26 00:33:57.645, 3, 13683, 97871, 5, 123.30
2026/09/26 00:33:57.845, 0, 13667, 97871, 3, 116.96
2026/09/26 00:33:57.845, 1, 13665, 97871, 7, 124.30
2026/09/26 00:33:57.845, 2, 13685, 97871, 3, 118.90
2026/09/26 00:33:57.845, 3, 13683, 97871, 3, 123.29
2026/09/26 00:33:58.045, 0, 13667, 97871, 3, 117.00
2026/09/26 00:33:58.045, 1, 13665, 97871, 3, 124.30
2026/09/26 00:33:58.045, 2, 13685, 97871, 3, 118.89
2026/09/26 00:33:58.045, 3, 13683, 97871, 3, 123.30
2026/09/26 00:33:58.245, 0, 13667, 97871, 3, 116.95
2026/09/26 00:33:58.245, 1, 13665, 97871, 3, 124.28
2026/09/26 00:33:58.245, 2, 13685, 97871, 3, 118.84
2026/09/26 00:33:58.245, 3, 13683, 97871, 3, 123.30
2026/09/26 00:33:58.445, 0, 13667, 97871, 3, 116.95
2026/09/26 00:33:58.446, 1, 13665, 97871, 3, 124.23
2026/09/26 00:33:58.446, 2, 13685, 97871, 6, 118.87
2026/09/26 00:33:58.446, 3, 13683, 97871, 6, 123.34
2026/09/26 00:33:58.646, 0, 13667, 97871, 3, 116.93
2026/09/26 00:33:58.646, 1, 13665, 97871, 3, 124.19
2026/09/26 00:33:58.646, 2, 13685, 97871, 3, 118.88
2026/09/26 00:33:58.646, 3, 13683, 97871, 3, 123.28
2026/09/26 00:33:58.846, 0, 13667, 97871, 2, 116.86
2026/09/26 00:33:58.846, 1, 13665, 97871, 3, 124.16
2026/09/26 00:33:58.846, 2, 13685, 97871, 3, 118.83
2026/09/26 00:33:58.846, 3, 13683, 97871, 3, 123.27
2026/09/26 00:33:59.046, 0, 13667, 97871, 3, 116.86
2026/09/26 00:33:59.046, 1, 13665, 97871, 3, 124.13
2026/09/26 00:33:59.046, 2, 13685, 97871, 3, 118.78
2026/09/26 00:33:59.046, 3, 13683, 97871, 3, 123.25
2026/09/26 00:33:59.246, 0, 13667, 97871, 3, 116.90
2026/09/26 00:33:59.246, 1, 13665, 97871, 3, 124.12
2026/09/26 00:33:59.246, 2, 13685, 97871, 3, 118.79
2026/09/26 00:33:59.246, 3, 13683, 97871, 3, 123.21
2026/09/26 00:33:59.446, 0, 13667, 97871, 3, 116.90
2026/09/26 00:33:59.446, 1, 13665, 97871, 3, 124.13
2026/09/26 00:33:59.446, 2, 13685, 97871, 3, 118.76
2026/09/26 00:33:59.446, 3, 13683, 97871, 3, 123.19
2026/09/26 00:33:59.646, 0, 13667, 97871, 3, 116.86
2026/09/26 00:33:59.646, 1, 13665, 97871, 3, 124.13
2026/09/26 00:33:59.646, 2, 13685, 97871, 3, 118.70
2026/09/26 00:33:59.646, 3, 13683, 97871, 3, 123.19
2026/09/26 00:33:59.847, 0, 13667, 97871, 3, 116.87
2026/09/26 00:33:59.847, 1, 13665, 97871, 3, 124.11
2026/09/26 00:33:59.847, 2, 13685, 97871, 3, 118.73
2026/09/26 00:33:59.847, 3, 13683, 97871, 4, 123.19
2026/09/26 00:34:00.047, 0, 13667, 97871, 3, 116.82
2026/09/26 00:34:00.047, 1, 13665, 97871, 2, 124.11
2026/09/26 00:34:00.047, 2, 13685, 97871, 3, 118.74
2026/09/26 00:34:00.047, 3, 13683, 97871, 3, 123.18
2026/09/26 00:34:00.247, 0, 13667, 97871, 3, 116.81
2026/09/26 00:34:00.247, 1, 13665, 97871, 3, 124.09
2026/09/26 00:34:00.247, 2, 13685, 97871, 3, 118.79
2026/09/26 00:34:00.247, 3, 13683, 97871, 3, 123.19
2026/09/26 00:34:00.447, 0, 13667, 97871, 3, 116.81
2026/09/26 00:34:00.447, 1, 13665, 97871, 3, 124.08
2026/09/26 00:34:00.447, 2, 13685, 97871, 3, 118.78
2026/09/26 00:34:00.447, 3, 13683, 97871, 3, 123.16
2026/09/26 00:34:00.647, 0, 13667, 97871, 3, 116.79
2026/09/26 00:34:00.647, 1, 13665, 97871, 4, 124.06
2026/09/26 00:34:00.647, 2, 13685, 97871, 3, 118.81
2026/09/26 00:34:00.647, 3, 13683, 97871, 3, 123.16
2026/09/26 00:34:00.847, 0, 13667, 97871, 3, 116.83
2026/09/26 00:34:00.847, 1, 13665, 97871, 3, 124.08
2026/09/26 00:34:00.847, 2, 13685, 97871, 3, 118.82
2026/09/26 00:34:00.847, 3, 13683, 97871, 3, 123.12
2026/09/26 00:34:01.047, 0, 13667, 97871, 3, 116.81
2026/09/26 00:34:01.048, 1, 13665, 97871, 4, 124.07
2026/09/26 00:34:01.048, 2, 13685, 97871, 3, 118.81
2026/09/26 00:34:01.048, 3, 13683, 97871, 3, 123.09
2026/09/26 00:34:01.248, 0, 13667, 97871, 4, 116.83
2026/09/26 00:34:01.248, 1, 13665, 97871, 3, 124.11
2026/09/26 00:34:01.248, 2, 13685, 97871, 2, 118.75
2026/09/26 00:34:01.248, 3, 13683, 97871, 3, 123.07
2026/09/26 00:34:01.448, 0, 13667, 97871, 3, 116.84
2026/09/26 00:34:01.448, 1, 13665, 97871, 4, 124.06
2026/09/26 00:34:01.448, 2, 13685, 97871, 3, 118.72
2026/09/26 00:34:01.448, 3, 13683, 97871, 3, 123.06
2026/09/26 00:34:01.648, 0, 13667, 97871, 2, 116.84
2026/09/26 00:34:01.648, 1, 13665, 97871, 3, 124.04
2026/09/26 00:34:01.648, 2, 13685, 97871, 3, 118.74
2026/09/26 00:34:01.648, 3, 13683, 97871, 4, 123.03
2026/09/26 00:34:01.848, 0, 13667, 97871, 0, 116.79
2026/09/26 00:34:01.848, 1, 13665, 97871, 0, 123.98
2026/09/26 00:34:01.848, 2, 13685, 97871, 3, 118.69
2026/09/26 00:34:01.848, 3, 13683, 97871, 0, 123.00
2026/09/26 00:34:02.048, 0, 13667, 97871, 0, 116.76
2026/09/26 00:34:02.048, 1, 13665, 97871, 0, 123.93
2026/09/26 00:34:02.048, 2, 13685, 97871, 3, 118.69
2026/09/26 00:34:02.048, 3, 13683, 97871, 0, 122.95
2026/09/26 00:34:02.248, 0, 13667, 97871, 0, 116.73
2026/09/26 00:34:02.249, 1, 13665, 97871, 0, 123.87
2026/09/26 00:34:02.249, 2, 13685, 97871, 0, 118.69
2026/09/26 00:34:02.249, 3, 13683, 97871, 0, 122.91
2026/09/26 00:34:02.449, 0, 13667, 97871, 0, 116.66
2026/09/26 00:34:02.449, 1, 13665, 97871, 0, 123.86
2026/09/26 00:34:02.449, 2, 13685, 97871, 0, 118.69
2026/09/26 00:34:02.449, 3, 13683, 97871, 0, 122.84
2026/09/26 00:34:02.649, 0, 13667, 97871, 0, 116.64
2026/09/26 00:34:02.649, 1, 13665, 97871, 0, 123.85
2026/09/26 00:34:02.649, 2, 13685, 97871, 0, 118.60
2026/09/26 00:34:02.649, 3, 13683, 97871, 0, 122.81
2026/09/26 00:34:02.849, 0, 13667, 97871, 0, 116.65
2026/09/26 00:34:02.849, 1, 13665, 97871, 0, 123.86
2026/09/26 00:34:02.849, 2, 13685, 97871, 0, 118.58
2026/09/26 00:34:02.849, 3, 13683, 97871, 0, 122.80
2026/09/26 00:34:03.049, 0, 13667, 97871, 0, 116.65
2026/09/26 00:34:03.049, 1, 13665, 97871, 0, 123.85
2026/09/26 00:34:03.049, 2, 13685, 97871, 0, 118.54
2026/09/26 00:34:03.049, 3, 13683, 97871, 0, 122.80
2026/09/26 00:34:03.249, 0, 13667, 97871, 0, 116.65
2026/09/26 00:34:03.249, 1, 13665, 97871, 0, 123.82
2026/09/26 00:34:03.249, 2, 13685, 97871, 0, 118.51
2026/09/26 00:34:03.249, 3, 13683, 97871, 0, 122.78
2026/09/26 00:34:03.450, 0, 13667, 97871, 0, 116.63
2026/09/26 00:34:03.450, 1, 13665, 97871, 0, 123.81
2026/09/26 00:34:03.450, 2, 13685, 97871, 0, 118.46
2026/09/26 00:34:03.450, 3, 13683, 97871, 0, 122.76
2026/09/26 00:34:03.650, 0, 13667, 97871, 0, 116.64
2026/09/26 00:34:03.650, 1, 13665, 97871, 0, 123.77
2026/09/26 00:34:03.650, 2, 13685, 97871, 0, 118.51
2026/09/26 00:34:03.650, 3, 13683, 97871, 0, 122.77
2026/09/26 00:34:03.850, 0, 13667, 97871, 0, 116.63
2026/09/26 00:34:03.850, 1, 13665, 97871, 0, 123.74
2026/09/26 00:34:03.850, 2, 13685, 97871, 0, 118.51
2026/09/26 00:34:03.850, 3, 13683, 97871, 0, 122.76
2026/09/26 00:34:04.050, 0, 13667, 97871, 0, 116.64
2026/09/26 00:34:04.050, 1, 13665, 97871, 0, 123.72
2026/09/26 00:34:04.050, 2, 13685, 97871, 0, 118.47
2026/09/26 00:34:04.050, 3, 13683, 97871, 0, 122.76
2026/09/26 00:34:04.250, 0, 13667, 97871, 0, 116.64
2026/09/26 00:34:04.250, 1, 13665, 97871, 0, 123.73
2026/09/26 00:34:04.250, 2, 13685, 97871, 0, 118.46
2026/09/26 00:34:04.250, 3, 13683, 97871, 0, 122.78
2026/09/26 00:34:04.450, 0, 13667, 97871, 0, 116.64
2026/09/26 00:34:04.450, 1, 13665, 97871, 0, 123.72
2026/09/26 00:34:04.450, 2, 13685, 97871, 0, 118.49
2026/09/26 00:34:04.450, 3, 13683, 97871, 0, 122.78
2026/09/26 00:34:04.650, 0, 13667, 97871, 0, 116.64
2026/09/26 00:34:04.650, 1, 13665, 97871, 0, 123.71
2026/09/26 00:34:04.650, 2, 13685, 97871, 0, 118.48
2026/09/26 00:34:04.651, 3, 13683, 97871, 0, 122.78
2026/09/26 00:34:04.851, 0, 13667, 97871, 0, 116.61
2026/09/26 00:34:04.851, 1, 13665, 97871, 0, 123.68
2026/09/26 00:34:04.851, 2, 13685, 97871, 0, 118.43
2026/09/26 00:34:04.851, 3, 13683, 97871, 0, 122.78
2026/09/26 00:34:05.051, 0, 13667, 97871, 0, 116.60
2026/09/26 00:34:05.051, 1, 13665, 97871, 0, 123.66
2026/09/26 00:34:05.051, 2, 13685, 97871, 0, 118.45
2026/09/26 00:34:05.051, 3, 13683, 97871, 0, 122.78
2026/09/26 00:34:05.251, 0, 13667, 97871, 0, 116.57
2026/09/26 00:34:05.251, 1, 13665, 97871, 0, 123.66
2026/09/26 00:34:05.251, 2, 13685, 97871, 0, 118.47
2026/09/26 00:34:05.251, 3, 13683, 97871, 0, 122.77
2026/09/26 00:34:05.451, 0, 13667, 97871, 0, 116.57
2026/09/26 00:34:05.451, 1, 13665, 97871, 0, 123.65
2026/09/26 00:34:05.451, 2, 13685, 97871, 0, 118.44
2026/09/26 00:34:05.451, 3, 13683, 97871, 0, 122.78
2026/09/26 00:34:05.651, 0, 13667, 97871, 0, 116.55
2026/09/26 00:34:05.651, 1, 13665, 97871, 0, 123.63
2026/09/26 00:34:05.651, 2, 13685, 97871, 0, 118.40
2026/09/26 00:34:05.651, 3, 13683, 97871, 0, 122.76
2026/09/26 00:34:05.851, 0, 13667, 97871, 0, 116.55
2026/09/26 00:34:05.851, 1, 13665, 97871, 0, 123.65
2026/09/26 00:34:05.851, 2, 13685, 97871, 0, 118.43
2026/09/26 00:34:05.851, 3, 13683, 97871, 0, 122.74
2026/09/26 00:34:06.051, 0, 13667, 97871, 0, 116.55
2026/09/26 00:34:06.052, 1, 13665, 97871, 0, 123.64
2026/09/26 00:34:06.052, 2, 13685, 97871, 0, 118.44
2026/09/26 00:34:06.052, 3, 13683, 97871, 0, 122.73
2026/09/26 00:34:06.252, 0, 13667, 97871, 0, 116.55
2026/09/26 00:34:06.252, 1, 13665, 97871, 0, 123.65
2026/09/26 00:34:06.252, 2, 13685, 97871, 0, 118.39
2026/09/26 00:34:06.252, 3, 13683, 97871, 0, 122.71
2026/09/26 00:34:06.452, 0, 13667, 97871, 0, 116.56
2026/09/26 00:34:06.452, 1, 13665, 97871, 0, 123.60
2026/09/26 00:34:06.452, 2, 13685, 97871, 0, 118.41
2026/09/26 00:34:06.452, 3, 13683, 97871, 0, 122.69
2026/09/26 00:34:06.652, 0, 13667, 97871, 0, 116.56
2026/09/26 00:34:06.652, 1, 13665, 97871, 0, 123.61
2026/09/26 00:34:06.652, 2, 13685, 97871, 0, 118.41
2026/09/26 00:34:06.652, 3, 13683, 97871, 0, 122.67
2026/09/26 00:34:06.852, 0, 13667, 97871, 0, 116.56
2026/09/26 00:34:06.852, 1, 13665, 97871, 0, 123.59
2026/09/26 00:34:06.852, 2, 13685, 97871, 0, 118.44
2026/09/26 00:34:06.852, 3, 13683, 97871, 0, 122.68
2026/09/26 00:34:07.052, 0, 13667, 97871, 0, 116.57
2026/09/26 00:34:07.052, 1, 13665, 97871, 0, 123.60
2026/09/26 00:34:07.052, 2, 13685, 97871, 0, 118.40
2026/09/26 00:34:07.052, 3, 13683, 97871, 0, 122.66
2026/09/26 00:34:07.252, 0, 13667, 97871, 0, 116.54
2026/09/26 00:34:07.252, 1, 13665, 97871, 0, 123.59
2026/09/26 00:34:07.252, 2, 13685, 97871, 0, 118.44
2026/09/26 00:34:07.252, 3, 13683, 97871, 0, 122.66
2026/09/26 00:34:07.453, 0, 13667, 97871, 0, 116.55
2026/09/26 00:34:07.453, 1, 13665, 97871, 0, 123.61
2026/09/26 00:34:07.453, 2, 13685, 97871, 0, 118.46
2026/09/26 00:34:07.453, 3, 13683, 97871, 0, 122.62
2026/09/26 00:34:07.653, 0, 13667, 97871, 0, 116.55
2026/09/26 00:34:07.653, 1, 13665, 97871, 0, 123.58
2026/09/26 00:34:07.653, 2, 13685, 97871, 0, 118.43
2026/09/26 00:34:07.653, 3, 13683, 97871, 0, 122.62
2026/09/26 00:34:07.853, 0, 13667, 97871, 0, 116.55
2026/09/26 00:34:07.853, 1, 13665, 97871, 0, 123.61
2026/09/26 00:34:07.853, 2, 13685, 97871, 0, 118.41
2026/09/26 00:34:07.853, 3, 13683, 97871, 0, 122.61
2026/09/26 00:34:08.053, 0, 13667, 97871, 0, 116.54
2026/09/26 00:34:08.053, 1, 13665, 97871, 0, 123.62
2026/09/26 00:34:08.053, 2, 13685, 97871, 0, 118.46
2026/09/26 00:34:08.053, 3, 13683, 97871, 0, 122.59
2026/09/26 00:34:08.253, 0, 13667, 97871, 0, 116.54
2026/09/26 00:34:08.253, 1, 13665, 97871, 0, 123.61
2026/09/26 00:34:08.253, 2, 13685, 97871, 0, 118.46
2026/09/26 00:34:08.253, 3, 13683, 97871, 0, 122.56
2026/09/26 00:34:08.453, 0, 13667, 97871, 0, 116.55
2026/09/26 00:34:08.453, 1, 13665, 97871, 0, 123.61
2026/09/26 00:34:08.453, 2, 13685, 97871, 0, 118.39
2026/09/26 00:34:08.454, 3, 13683, 97871, 0, 122.57
2026/09/26 00:34:08.654, 0, 13667, 97871, 0, 116.52
2026/09/26 00:34:08.654, 1, 13665, 97871, 0, 123.62
2026/09/26 00:34:08.654, 2, 13685, 97871, 0, 118.41
2026/09/26 00:34:08.654, 3, 13683, 97871, 0, 122.55
2026/09/26 00:34:08.854, 0, 13667, 97871, 0, 116.54
2026/09/26 00:34:08.854, 1, 13665, 97871, 0, 123.61
2026/09/26 00:34:08.854, 2, 13685, 97871, 0, 118.42
2026/09/26 00:34:08.854, 3, 13683, 97871, 0, 122.55
2026/09/26 00:34:09.054, 0, 13667, 97871, 0, 116.54
2026/09/26 00:34:09.054, 1, 13665, 97871, 0, 123.60
2026/09/26 00:34:09.054, 2, 13685, 97871, 0, 118.40
2026/09/26 00:34:09.054, 3, 13683, 97871, 0, 122.55
2026/09/26 00:34:09.254, 0, 13667, 97871, 0, 116.53
2026/09/26 00:34:09.254, 1, 13665, 97871, 0, 123.59
2026/09/26 00:34:09.254, 2, 13685, 97871, 0, 118.34
2026/09/26 00:34:09.254, 3, 13683, 97871, 0, 122.56
2026/09/26 00:34:09.454, 0, 13667, 97871, 0, 116.55
2026/09/26 00:34:09.454, 1, 13665, 97871, 0, 123.57
2026/09/26 00:34:09.454, 2, 13685, 97871, 0, 118.38
2026/09/26 00:34:09.454, 3, 13683, 97871, 0, 122.54
2026/09/26 00:34:09.654, 0, 13667, 97871, 0, 117.89
2026/09/26 00:34:09.655, 1, 13665, 97871, 0, 123.58
2026/09/26 00:34:09.655, 2, 13685, 97871, 0, 119.36
2026/09/26 00:34:09.655, 3, 15731, 97871, 0, 125.04
2026/09/26 00:34:09.855, 0, 13667, 97871, 0, 117.89
2026/09/26 00:34:09.855, 1, 13665, 97871, 0, 123.58
2026/09/26 00:34:09.855, 2, 13685, 97871, 0, 119.35
2026/09/26 00:34:09.855, 3, 15731, 97871, 100, 125.50
2026/09/26 00:34:10.055, 0, 13667, 97871, 0, 117.88
2026/09/26 00:34:10.055, 1, 13665, 97871, 0, 123.57
2026/09/26 00:34:10.055, 2, 13685, 97871, 0, 119.32
2026/09/26 00:34:10.055, 3, 15731, 97871, 100, 126.05
2026/09/26 00:34:10.255, 0, 13667, 97871, 0, 117.92
2026/09/26 00:34:10.255, 1, 13665, 97871, 0, 123.55
2026/09/26 00:34:10.255, 2, 13685, 97871, 0, 119.35
2026/09/26 00:34:10.255, 3, 15731, 97871, 100, 126.44
2026/09/26 00:34:10.455, 0, 13667, 97871, 0, 117.89
2026/09/26 00:34:10.455, 1, 13665, 97871, 0, 123.52
2026/09/26 00:34:10.455, 2, 13685, 97871, 0, 119.34
2026/09/26 00:34:10.455, 3, 15731, 97871, 100, 126.93
2026/09/26 00:34:10.655, 0, 13667, 97871, 0, 116.52
2026/09/26 00:34:10.655, 1, 13665, 97871, 0, 123.48
2026/09/26 00:34:10.656, 2, 13685, 97871, 0, 118.30
2026/09/26 00:34:10.656, 3, 15731, 97871, 100, 124.96
2026/09/26 00:34:10.856, 0, 13667, 97871, 0, 116.53
2026/09/26 00:34:10.856, 1, 13665, 97871, 0, 123.48
2026/09/26 00:34:10.856, 2, 13685, 97871, 0, 118.31
2026/09/26 00:34:10.856, 3, 15731, 97871, 100, 124.94
2026/09/26 00:34:11.056, 0, 13667, 97871, 0, 116.51
2026/09/26 00:34:11.056, 1, 13665, 97871, 0, 123.47
2026/09/26 00:34:11.056, 2, 13685, 97871, 0, 118.33
2026/09/26 00:34:11.056, 3, 15731, 97871, 100, 124.93
2026/09/26 00:34:11.256, 0, 13667, 97871, 0, 116.53
2026/09/26 00:34:11.256, 1, 13665, 97871, 0, 123.43
2026/09/26 00:34:11.256, 2, 13685, 97871, 0, 118.32
2026/09/26 00:34:11.256, 3, 15731, 97871, 100, 124.90
2026/09/26 00:34:11.456, 0, 13667, 97871, 0, 116.51
2026/09/26 00:34:11.456, 1, 13665, 97871, 0, 123.44
2026/09/26 00:34:11.456, 2, 13685, 97871, 0, 118.29
2026/09/26 00:34:11.456, 3, 15731, 97871, 100, 124.89
2026/09/26 00:34:11.656, 0, 13667, 97871, 0, 116.54
2026/09/26 00:34:11.656, 1, 14689, 97871, 0, 123.43
2026/09/26 00:34:11.656, 2, 13685, 97871, 0, 118.34
2026/09/26 00:34:11.656, 3, 15731, 97871, 100, 124.87
2026/09/26 00:34:11.856, 0, 13667, 97871, 0, 117.54
2026/09/26 00:34:11.856, 1, 15713, 97871, 0, 125.77
2026/09/26 00:34:11.856, 2, 13685, 97871, 0, 119.82
2026/09/26 00:34:11.856, 3, 15731, 97871, 100, 124.86
2026/09/26 00:34:12.057, 0, 13667, 97871, 0, 117.53
2026/09/26 00:34:12.057, 1, 15713, 97871, 100, 126.26
2026/09/26 00:34:12.057, 2, 13685, 97871, 0, 119.84
2026/09/26 00:34:12.057, 3, 15731, 97871, 100, 124.84
2026/09/26 00:34:12.257, 0, 13667, 97871, 0, 117.55
2026/09/26 00:34:12.257, 1, 15713, 97871, 100, 126.69
2026/09/26 00:34:12.257, 2, 13685, 97871, 0, 119.80
2026/09/26 00:34:12.257, 3, 15731, 97871, 100, 124.83
2026/09/26 00:34:12.457, 0, 13667, 97871, 0, 117.55
2026/09/26 00:34:12.457, 1, 15713, 97871, 100, 127.15
2026/09/26 00:34:12.457, 2, 13685, 97871, 0, 119.84
2026/09/26 00:34:12.457, 3, 15731, 97871, 100, 124.81
2026/09/26 00:34:12.657, 0, 13667, 97871, 0, 117.53
2026/09/26 00:34:12.657, 1, 15713, 97871, 100, 127.70
2026/09/26 00:34:12.657, 2, 13685, 97871, 0, 119.90
2026/09/26 00:34:12.657, 3, 15731, 97871, 100, 124.79
2026/09/26 00:34:12.857, 0, 13667, 97871, 0, 116.57
2026/09/26 00:34:12.857, 1, 15713, 97871, 100, 125.83
2026/09/26 00:34:12.857, 2, 13685, 97871, 0, 118.37
2026/09/26 00:34:12.857, 3, 15731, 97871, 100, 124.77
2026/09/26 00:34:13.057, 0, 13667, 97871, 0, 116.57
2026/09/26 00:34:13.057, 1, 15713, 97871, 100, 125.84
2026/09/26 00:34:13.057, 2, 13685, 97871, 0, 118.41
2026/09/26 00:34:13.057, 3, 15731, 97871, 100, 124.77
2026/09/26 00:34:13.257, 0, 13667, 97871, 0, 116.57
2026/09/26 00:34:13.257, 1, 15713, 97871, 100, 125.81
2026/09/26 00:34:13.258, 2, 13685, 97871, 0, 118.44
2026/09/26 00:34:13.258, 3, 15731, 97871, 100, 124.74
2026/09/26 00:34:13.458, 0, 13667, 97871, 0, 116.56
2026/09/26 00:34:13.458, 1, 15713, 97871, 100, 125.82
2026/09/26 00:34:13.458, 2, 13685, 97871, 0, 118.45
2026/09/26 00:34:13.458, 3, 15731, 97871, 100, 124.72
2026/09/26 00:34:13.658, 0, 13667, 97871, 0, 116.58
2026/09/26 00:34:13.658, 1, 15713, 97871, 100, 125.82
2026/09/26 00:34:13.658, 2, 13685, 97871, 0, 118.40
2026/09/26 00:34:13.658, 3, 15731, 97871, 100, 124.72
2026/09/26 00:34:13.858, 0, 13667, 97871, 0, 116.53
2026/09/26 00:34:13.858, 1, 15713, 97871, 100, 125.83
2026/09/26 00:34:13.858, 2, 15733, 97871, 0, 118.46
2026/09/26 00:34:13.858, 3, 15731, 97871, 100, 124.71
2026/09/26 00:34:14.058, 0, 13667, 97871, 0, 117.96
2026/09/26 00:34:14.058, 1, 15713, 97871, 100, 126.82
2026/09/26 00:34:14.058, 2, 15733, 97871, 100, 120.61
2026/09/26 00:34:14.058, 3, 15731, 97871, 100, 126.28
2026/09/26 00:34:14.258, 0, 13667, 97871, 0, 117.94
2026/09/26 00:34:14.258, 1, 15713, 97871, 100, 126.85
2026/09/26 00:34:14.258, 2, 15733, 97871, 100, 121.04
2026/09/26 00:34:14.258, 3, 15731, 97871, 100, 126.28
2026/09/26 00:34:14.458, 0, 13667, 97871, 0, 117.94
2026/09/26 00:34:14.458, 1, 15713, 97871, 100, 126.81
2026/09/26 00:34:14.458, 2, 15733, 97871, 100, 121.48
2026/09/26 00:34:14.459, 3, 15731, 97871, 100, 126.28
2026/09/26 00:34:14.659, 0, 13667, 97871, 0, 117.91
2026/09/26 00:34:14.659, 1, 15713, 97871, 100, 126.84
2026/09/26 00:34:14.659, 2, 15733, 97871, 100, 122.04
2026/09/26 00:34:14.659, 3, 15731, 97871, 100, 126.27
2026/09/26 00:34:14.859, 0, 13667, 97871, 0, 117.89
2026/09/26 00:34:14.859, 1, 15713, 97871, 100, 126.85
2026/09/26 00:34:14.859, 2, 15733, 97871, 100, 122.50
2026/09/26 00:34:14.859, 3, 15731, 97871, 100, 126.25
2026/09/26 00:34:15.059, 0, 13667, 97871, 0, 116.50
2026/09/26 00:34:15.059, 1, 15713, 97871, 100, 125.82
2026/09/26 00:34:15.059, 2, 15733, 97871, 100, 120.71
2026/09/26 00:34:15.059, 3, 15731, 97871, 100, 124.69
2026/09/26 00:34:15.259, 0, 13667, 97871, 0, 116.51
2026/09/26 00:34:15.259, 1, 15713, 97871, 100, 125.80
2026/09/26 00:34:15.259, 2, 15733, 97871, 100, 120.74
2026/09/26 00:34:15.259, 3, 15731, 97871, 100, 124.68
2026/09/26 00:34:15.459, 0, 13667, 97871, 0, 116.52
2026/09/26 00:34:15.459, 1, 15713, 97871, 100, 125.80
2026/09/26 00:34:15.459, 2, 15733, 97871, 100, 120.75
2026/09/26 00:34:15.459, 3, 15731, 97871, 100, 124.69
2026/09/26 00:34:15.660, 0, 13667, 97871, 0, 116.51
2026/09/26 00:34:15.660, 1, 15713, 97871, 100, 125.79
2026/09/26 00:34:15.660, 2, 15733, 97871, 100, 120.72
2026/09/26 00:34:15.660, 3, 15731, 97871, 100, 124.69
2026/09/26 00:34:15.860, 0, 13667, 97871, 0, 116.50
2026/09/26 00:34:15.860, 1, 15713, 97871, 100, 125.73
2026/09/26 00:34:15.860, 2, 15733, 97871, 100, 120.67
2026/09/26 00:34:15.860, 3, 15731, 97871, 100, 124.70
2026/09/26 00:34:16.060, 0, 20037, 97871, 0, 119.08
2026/09/26 00:34:16.060, 1, 20035, 97871, 100, 128.81
2026/09/26 00:34:16.060, 2, 20055, 97871, 2, 123.51
2026/09/26 00:34:16.060, 3, 20053, 97871, 100, 126.72
2026/09/26 00:34:16.260, 0, 21061, 97871, 100, 145.90
2026/09/26 00:34:16.260, 1, 21059, 97871, 24, 159.69
2026/09/26 00:34:16.260, 2, 21079, 97871, 100, 152.17
2026/09/26 00:34:16.260, 3, 21077, 97871, 32, 155.90
2026/09/26 00:34:16.460, 0, 21061, 97871, 100, 172.87
2026/09/26 00:34:16.460, 1, 21059, 97871, 100, 186.41
2026/09/26 00:34:16.460, 2, 21079, 97871, 100, 203.28
2026/09/26 00:34:16.460, 3, 21077, 97871, 100, 204.04
2026/09/26 00:34:16.660, 0, 21061, 97871, 100, 215.87
2026/09/26 00:34:16.660, 1, 21059, 97871, 100, 227.24
2026/09/26 00:34:16.660, 2, 21079, 97871, 100, 244.33
2026/09/26 00:34:16.660, 3, 21077, 97871, 100, 246.91
2026/09/26 00:34:16.860, 0, 21061, 97871, 100, 249.35
2026/09/26 00:34:16.860, 1, 21059, 97871, 100, 266.89
2026/09/26 00:34:16.860, 2, 21079, 97871, 100, 301.64
2026/09/26 00:34:16.861, 3, 21077, 97871, 100, 282.81
2026/09/26 00:34:17.061, 0, 21061, 97871, 100, 277.64
2026/09/26 00:34:17.061, 1, 21059, 97871, 100, 296.08
2026/09/26 00:34:17.061, 2, 21079, 97871, 100, 336.53
2026/09/26 00:34:17.061, 3, 21077, 97871, 100, 335.70
2026/09/26 00:34:17.261, 0, 21061, 97871, 100, 294.48
2026/09/26 00:34:17.261, 1, 21059, 97871, 100, 297.65
2026/09/26 00:34:17.261, 2, 21079, 97871, 100, 343.63
2026/09/26 00:34:17.261, 3, 21077, 97871, 100, 335.93
2026/09/26 00:34:17.461, 0, 21061, 97871, 100, 305.01
2026/09/26 00:34:17.461, 1, 21059, 97871, 100, 293.59
2026/09/26 00:34:17.461, 2, 21079, 97871, 100, 328.68
2026/09/26 00:34:17.461, 3, 21077, 97871, 100, 343.42
2026/09/26 00:34:17.661, 0, 21061, 97871, 100, 310.80
2026/09/26 00:34:17.661, 1, 21059, 97871, 100, 310.63
2026/09/26 00:34:17.661, 2, 21079, 97871, 100, 326.79
2026/09/26 00:34:17.661, 3, 21077, 97871, 100, 338.26
2026/09/26 00:34:17.861, 0, 21061, 97871, 100, 306.98
2026/09/26 00:34:17.861, 1, 21059, 97871, 100, 326.04
2026/09/26 00:34:17.861, 2, 21079, 97871, 100, 306.55
2026/09/26 00:34:17.861, 3, 21077, 97871, 100, 354.12
2026/09/26 00:34:18.061, 0, 21061, 97871, 100, 318.23
2026/09/26 00:34:18.061, 1, 21059, 97871, 100, 334.26
2026/09/26 00:34:18.061, 2, 21079, 97871, 100, 320.71
2026/09/26 00:34:18.061, 3, 21077, 97871, 100, 340.92
2026/09/26 00:34:18.261, 0, 21061, 97871, 100, 316.79
2026/09/26 00:34:18.261, 1, 21059, 97871, 100, 358.67
2026/09/26 00:34:18.261, 2, 21079, 97871, 100, 319.44
2026/09/26 00:34:18.261, 3, 21077, 97871, 100, 341.80
2026/09/26 00:34:18.462, 0, 21061, 97871, 100, 303.52
2026/09/26 00:34:18.462, 1, 21059, 97871, 100, 361.81
2026/09/26 00:34:18.462, 2, 21079, 97871, 100, 326.79
2026/09/26 00:34:18.462, 3, 21077, 97871, 100, 350.71
2026/09/26 00:34:18.662, 0, 21061, 97871, 100, 298.06
2026/09/26 00:34:18.662, 1, 21059, 97871, 100, 331.38
2026/09/26 00:34:18.662, 2, 21079, 97871, 100, 332.23
2026/09/26 00:34:18.662, 3, 21077, 97871, 100, 373.23
2026/09/26 00:34:18.862, 0, 21061, 97871, 100, 304.80
2026/09/26 00:34:18.862, 1, 21059, 97871, 100, 317.25
2026/09/26 00:34:18.862, 2, 21079, 97871, 100, 338.02
2026/09/26 00:34:18.862, 3, 21077, 97871, 100, 377.75
2026/09/26 00:34:19.062, 0, 21061, 97871, 100, 297.50
2026/09/26 00:34:19.062, 1, 21059, 97871, 100, 295.16
2026/09/26 00:34:19.062, 2, 21079, 97871, 100, 337.46
2026/09/26 00:34:19.062, 3, 21077, 97871, 100, 368.14
2026/09/26 00:34:19.262, 0, 21061, 97871, 100, 313.23
2026/09/26 00:34:19.262, 1, 21059, 97871, 100, 300.88
2026/09/26 00:34:19.262, 2, 21079, 97871, 100, 337.22
2026/09/26 00:34:19.262, 3, 21077, 97871, 100, 369.96
2026/09/26 00:34:19.462, 0, 21061, 97871, 100, 314.46
2026/09/26 00:34:19.462, 1, 21059, 97871, 100, 315.58
2026/09/26 00:34:19.462, 2, 21079, 97871, 100, 342.23
2026/09/26 00:34:19.462, 3, 21077, 97871, 100, 348.85
2026/09/26 00:34:19.662, 0, 21061, 97871, 100, 318.49
2026/09/26 00:34:19.662, 1, 21059, 97871, 100, 329.03
2026/09/26 00:34:19.662, 2, 21079, 97871, 100, 346.40
2026/09/26 00:34:19.662, 3, 21077, 97871, 100, 324.37
2026/09/26 00:34:19.863, 0, 21061, 97871, 100, 321.56
2026/09/26 00:34:19.863, 1, 21059, 97871, 100, 339.88
2026/09/26 00:34:19.863, 2, 21079, 97871, 100, 343.22
2026/09/26 00:34:19.863, 3, 21077, 97871, 100, 306.61
2026/09/26 00:34:20.063, 0, 21061, 97871, 100, 332.03
2026/09/26 00:34:20.063, 1, 21059, 97871, 100, 337.55
2026/09/26 00:34:20.063, 2, 21079, 97871, 100, 328.24
2026/09/26 00:34:20.063, 3, 21077, 97871, 100, 336.77
2026/09/26 00:34:20.263, 0, 21061, 97871, 100, 322.79
2026/09/26 00:34:20.263, 1, 21059, 97871, 100, 321.22
2026/09/26 00:34:20.263, 2, 21079, 97871, 100, 339.18
2026/09/26 00:34:20.263, 3, 21077, 97871, 100, 347.67
2026/09/26 00:34:20.463, 0, 21061, 97871, 100, 345.29
2026/09/26 00:34:20.463, 1, 21059, 97871, 100, 327.32
2026/09/26 00:34:20.463, 2, 21079, 97871, 100, 333.98
2026/09/26 00:34:20.463, 3, 21077, 97871, 100, 334.86
2026/09/26 00:34:20.663, 0, 21061, 97871, 100, 353.20
2026/09/26 00:34:20.663, 1, 21059, 97871, 100, 342.85
2026/09/26 00:34:20.663, 2, 21079, 97871, 100, 321.87
2026/09/26 00:34:20.663, 3, 21077, 97871, 100, 334.70
2026/09/26 00:34:20.863, 0, 21061, 97871, 100, 338.68
2026/09/26 00:34:20.863, 1, 21059, 97871, 100, 351.38
2026/09/26 00:34:20.863, 2, 21079, 97871, 100, 322.65
2026/09/26 00:34:20.863, 3, 21077, 97871, 100, 335.75
2026/09/26 00:34:21.063, 0, 21061, 97871, 100, 333.67
2026/09/26 00:34:21.063, 1, 21059, 97871, 100, 373.77
2026/09/26 00:34:21.063, 2, 21079, 97871, 100, 330.51
2026/09/26 00:34:21.063, 3, 21077, 97871, 100, 339.97
2026/09/26 00:34:21.264, 0, 21305, 97871, 1, 311.41
2026/09/26 00:34:21.264, 1, 21303, 97871, 100, 369.71
2026/09/26 00:34:21.264, 2, 21323, 97871, 1, 307.61
2026/09/26 00:34:21.264, 3, 21321, 97871, 100, 306.53
2026/09/26 00:34:21.464, 0, 21597, 97871, 0, 261.16
2026/09/26 00:34:21.465, 1, 21595, 97871, 0, 315.73
2026/09/26 00:34:21.467, 2, 21615, 97871, 1, 262.01
2026/09/26 00:34:21.467, 3, 21613, 97871, 0, 280.23
2026/09/26 00:34:21.667, 0, 21599, 97871, 2, 209.04
2026/09/26 00:34:21.668, 1, 21597, 97871, 0, 261.33
2026/09/26 00:34:21.668, 2, 21617, 97871, 2, 225.88
2026/09/26 00:34:21.668, 3, 21615, 97871, 0, 243.51
2026/09/26 00:34:21.868, 0, 21599, 97871, 0, 186.88
2026/09/26 00:34:21.868, 1, 21597, 97871, 12, 209.99
2026/09/26 00:34:21.868, 2, 21617, 97871, 0, 191.03
2026/09/26 00:34:21.868, 3, 21615, 97871, 16, 197.09
2026/09/26 00:34:22.068, 0, 22623, 97871, 62, 156.13
2026/09/26 00:34:22.068, 1, 22621, 97871, 0, 175.63
2026/09/26 00:34:22.068, 2, 22641, 97871, 54, 160.74
2026/09/26 00:34:22.068, 3, 22639, 97871, 0, 167.82
2026/09/26 00:34:22.268, 0, 22623, 97871, 100, 165.88
2026/09/26 00:34:22.268, 1, 22621, 97871, 93, 181.45
2026/09/26 00:34:22.268, 2, 22641, 97871, 100, 177.64
2026/09/26 00:34:22.268, 3, 22639, 97871, 100, 208.41
2026/09/26 00:34:22.468, 0, 22623, 97871, 100, 193.92
2026/09/26 00:34:22.468, 1, 22621, 97871, 100, 221.53
2026/09/26 00:34:22.468, 2, 22641, 97871, 100, 236.26
2026/09/26 00:34:22.468, 3, 22639, 97871, 100, 241.08
2026/09/26 00:34:22.668, 0, 22623, 97871, 100, 233.37
2026/09/26 00:34:22.668, 1, 22621, 97871, 100, 250.24
2026/09/26 00:34:22.668, 2, 22641, 97871, 100, 277.67
2026/09/26 00:34:22.668, 3, 22639, 97871, 100, 279.85
2026/09/26 00:34:22.868, 0, 22623, 97871, 100, 263.56
2026/09/26 00:34:22.868, 1, 22621, 97871, 100, 283.97
2026/09/26 00:34:22.868, 2, 22641, 97871, 100, 310.92
2026/09/26 00:34:22.868, 3, 22639, 97871, 100, 323.30
2026/09/26 00:34:23.069, 0, 22623, 97871, 100, 283.17
2026/09/26 00:34:23.069, 1, 22621, 97871, 100, 306.06
2026/09/26 00:34:23.069, 2, 22641, 97871, 100, 357.83
2026/09/26 00:34:23.069, 3, 22639, 97871, 100, 342.14
2026/09/26 00:34:23.269, 0, 22623, 97871, 100, 298.26
2026/09/26 00:34:23.269, 1, 22621, 97871, 100, 289.57
2026/09/26 00:34:23.269, 2, 22641, 97871, 100, 343.28
2026/09/26 00:34:23.269, 3, 22639, 97871, 100, 335.60
2026/09/26 00:34:23.469, 0, 22623, 97871, 100, 322.58
2026/09/26 00:34:23.469, 1, 22621, 97871, 100, 290.16
2026/09/26 00:34:23.469, 2, 22641, 97871, 100, 319.63
2026/09/26 00:34:23.469, 3, 22639, 97871, 100, 353.05
2026/09/26 00:34:23.669, 0, 22623, 97871, 100, 316.59
2026/09/26 00:34:23.669, 1, 22621, 97871, 100, 312.30
2026/09/26 00:34:23.669, 2, 22641, 97871, 100, 314.79
2026/09/26 00:34:23.669, 3, 22639, 97871, 100, 359.60
2026/09/26 00:34:23.869, 0, 22623, 97871, 100, 320.92
2026/09/26 00:34:23.869, 1, 22621, 97871, 100, 323.27
2026/09/26 00:34:23.869, 2, 22641, 97871, 100, 325.26
2026/09/26 00:34:23.869, 3, 22639, 97871, 100, 346.58
2026/09/26 00:34:24.069, 0, 22623, 97871, 100, 330.39
2026/09/26 00:34:24.069, 1, 22621, 97871, 100, 358.99
2026/09/26 00:34:24.069, 2, 22641, 97871, 100, 318.22
2026/09/26 00:34:24.069, 3, 22639, 97871, 100, 338.19
2026/09/26 00:34:24.269, 0, 22623, 97871, 100, 317.48
2026/09/26 00:34:24.270, 1, 22621, 97871, 100, 368.05
2026/09/26 00:34:24.270, 2, 22641, 97871, 100, 330.85
2026/09/26 00:34:24.270, 3, 22639, 97871, 100, 354.88
2026/09/26 00:34:24.470, 0, 22623, 97871, 100, 301.93
2026/09/26 00:34:24.470, 1, 22621, 97871, 100, 352.56
2026/09/26 00:34:24.470, 2, 22641, 97871, 100, 332.34
2026/09/26 00:34:24.470, 3, 22639, 97871, 100, 368.84
2026/09/26 00:34:24.670, 0, 22623, 97871, 100, 302.53
2026/09/26 00:34:24.670, 1, 22621, 97871, 100, 334.63
2026/09/26 00:34:24.670, 2, 22641, 97871, 100, 345.38
2026/09/26 00:34:24.670, 3, 22639, 97871, 100, 377.44
2026/09/26 00:34:24.870, 0, 22623, 97871, 100, 311.11
2026/09/26 00:34:24.870, 1, 22621, 97871, 100, 323.41
2026/09/26 00:34:24.870, 2, 22641, 97871, 100, 335.06
2026/09/26 00:34:24.870, 3, 22639, 97871, 100, 370.28
2026/09/26 00:34:25.070, 0, 22623, 97871, 100, 316.17
2026/09/26 00:34:25.070, 1, 22621, 97871, 100, 298.85
2026/09/26 00:34:25.070, 2, 22641, 97871, 100, 330.83
2026/09/26 00:34:25.070, 3, 22639, 97871, 100, 378.44
2026/09/26 00:34:25.270, 0, 22623, 97871, 100, 317.14
2026/09/26 00:34:25.270, 1, 22621, 97871, 100, 305.44
2026/09/26 00:34:25.270, 2, 22641, 97871, 100, 344.85
2026/09/26 00:34:25.270, 3, 22639, 97871, 100, 354.96
2026/09/26 00:34:25.470, 0, 22623, 97871, 100, 324.33
2026/09/26 00:34:25.470, 1, 22621, 97871, 100, 339.81
2026/09/26 00:34:25.470, 2, 22641, 97871, 100, 342.96
2026/09/26 00:34:25.470, 3, 22639, 97871, 100, 330.32
2026/09/26 00:34:25.670, 0, 22623, 97871, 100, 316.28
2026/09/26 00:34:25.670, 1, 22621, 97871, 100, 351.35
2026/09/26 00:34:25.670, 2, 22641, 97871, 100, 343.90
2026/09/26 00:34:25.671, 3, 22639, 97871, 100, 311.32
2026/09/26 00:34:25.871, 0, 22623, 97871, 100, 320.55
2026/09/26 00:34:25.871, 1, 22621, 97871, 100, 339.45
2026/09/26 00:34:25.871, 2, 22641, 97871, 100, 330.59
2026/09/26 00:34:25.871, 3, 22639, 97871, 100, 329.82
2026/09/26 00:34:26.071, 0, 22623, 97871, 100, 333.68
2026/09/26 00:34:26.071, 1, 22621, 97871, 100, 325.30
2026/09/26 00:34:26.071, 2, 22641, 97871, 100, 326.88
2026/09/26 00:34:26.071, 3, 22639, 97871, 100, 345.12
2026/09/26 00:34:26.271, 0, 22623, 97871, 100, 334.38
2026/09/26 00:34:26.271, 1, 22621, 97871, 100, 342.23
2026/09/26 00:34:26.271, 2, 22641, 97871, 100, 334.45
2026/09/26 00:34:26.271, 3, 22639, 97871, 100, 337.77
2026/09/26 00:34:26.471, 0, 22623, 97871, 100, 349.39
2026/09/26 00:34:26.471, 1, 22621, 97871, 100, 327.50
2026/09/26 00:34:26.471, 2, 22641, 97871, 100, 334.93
2026/09/26 00:34:26.471, 3, 22639, 97871, 100, 339.69
2026/09/26 00:34:26.671, 0, 22623, 97871, 100, 354.35
2026/09/26 00:34:26.671, 1, 22621, 97871, 100, 345.25
2026/09/26 00:34:26.671, 2, 22641, 97871, 100, 318.42
2026/09/26 00:34:26.671, 3, 22639, 97871, 100, 337.27
2026/09/26 00:34:26.871, 0, 22623, 97871, 100, 336.57
2026/09/26 00:34:26.871, 1, 22621, 97871, 100, 361.61
2026/09/26 00:34:26.871, 2, 22641, 97871, 100, 336.33
2026/09/26 00:34:26.871, 3, 22639, 97871, 100, 341.48
2026/09/26 00:34:27.071, 0, 22625, 97871, 66, 323.54
2026/09/26 00:34:27.071, 1, 22623, 97871, 100, 391.60
2026/09/26 00:34:27.071, 2, 22643, 97871, 74, 331.78
2026/09/26 00:34:27.071, 3, 22641, 97871, 100, 325.93
2026/09/26 00:34:27.272, 0, 22625, 97871, 0, 295.34
2026/09/26 00:34:27.272, 1, 22623, 97871, 23, 346.07
2026/09/26 00:34:27.272, 2, 22643, 97871, 0, 284.56
2026/09/26 00:34:27.272, 3, 22641, 97871, 51, 301.48
2026/09/26 00:34:27.472, 0, 22625, 97871, 0, 239.21
2026/09/26 00:34:27.472, 1, 22623, 97871, 0, 299.16
2026/09/26 00:34:27.472, 2, 22643, 97871, 0, 248.54
2026/09/26 00:34:27.472, 3, 22641, 97871, 0, 265.66
2026/09/26 00:34:27.672, 0, 22625, 97871, 0, 203.14
2026/09/26 00:34:27.673, 1, 22623, 97871, 0, 234.29
2026/09/26 00:34:27.673, 2, 22643, 97871, 0, 208.45
2026/09/26 00:34:27.673, 3, 22641, 97871, 0, 228.45
2026/09/26 00:34:27.873, 0, 22625, 97871, 0, 169.21
2026/09/26 00:34:27.873, 1, 22623, 97871, 0, 194.84
2026/09/26 00:34:27.873, 2, 22643, 97871, 0, 169.07
2026/09/26 00:34:27.873, 3, 22641, 97871, 0, 171.17
2026/09/26 00:34:28.073, 0, 22625, 97871, 0, 128.28
2026/09/26 00:34:28.073, 1, 22623, 97871, 0, 135.78
2026/09/26 00:34:28.073, 2, 22643, 97871, 0, 131.31
2026/09/26 00:34:28.073, 3, 22641, 97871, 0, 134.43
2026/09/26 00:34:28.273, 0, 22625, 97871, 0, 118.73
2026/09/26 00:34:28.273, 1, 22623, 97871, 0, 126.42
2026/09/26 00:34:28.273, 2, 22643, 97871, 0, 120.77
2026/09/26 00:34:28.273, 3, 22641, 97871, 0, 123.99
2026/09/26 00:34:28.473, 0, 22625, 97871, 0, 118.41
2026/09/26 00:34:28.473, 1, 22623, 97871, 0, 126.36
2026/09/26 00:34:28.473, 2, 22643, 97871, 0, 120.61
2026/09/26 00:34:28.473, 3, 22641, 97871, 0, 123.86
2026/09/26 00:34:28.673, 0, 22625, 97871, 0, 118.23
2026/09/26 00:34:28.673, 1, 22623, 97871, 0, 126.27
2026/09/26 00:34:28.673, 2, 22643, 97871, 0, 120.52
2026/09/26 00:34:28.673, 3, 22641, 97871, 0, 123.76
2026/09/26 00:34:28.873, 0, 22625, 97871, 22, 122.52
2026/09/26 00:34:28.873, 1, 22623, 97871, 0, 129.69
2026/09/26 00:34:28.873, 2, 22643, 97871, 32, 125.73
2026/09/26 00:34:28.873, 3, 22641, 97871, 0, 135.27
2026/09/26 00:34:29.074, 0, 22625, 97871, 100, 154.35
2026/09/26 00:34:29.074, 1, 22623, 97871, 100, 173.87
2026/09/26 00:34:29.074, 2, 22643, 97871, 100, 172.09
2026/09/26 00:34:29.074, 3, 22641, 97871, 73, 180.61
2026/09/26 00:34:29.274, 0, 22625, 97871, 100, 199.74
2026/09/26 00:34:29.274, 1, 22623, 97871, 100, 214.30
2026/09/26 00:34:29.274, 2, 22643, 97871, 100, 216.13
2026/09/26 00:34:29.274, 3, 22641, 97871, 100, 230.42
2026/09/26 00:34:29.474, 0, 22625, 97871, 100, 237.54
2026/09/26 00:34:29.474, 1, 22623, 97871, 100, 268.24
2026/09/26 00:34:29.474, 2, 22643, 97871, 100, 264.55
2026/09/26 00:34:29.474, 3, 22641, 97871, 100, 272.76
2026/09/26 00:34:29.674, 0, 22625, 97871, 100, 275.58
2026/09/26 00:34:29.674, 1, 22623, 97871, 100, 316.00
2026/09/26 00:34:29.674, 2, 22643, 97871, 100, 305.23
2026/09/26 00:34:29.674, 3, 22641, 97871, 100, 323.53
2026/09/26 00:34:29.874, 0, 22625, 97871, 100, 314.28
2026/09/26 00:34:29.874, 1, 22623, 97871, 100, 350.38
2026/09/26 00:34:29.874, 2, 22643, 97871, 100, 346.81
2026/09/26 00:34:29.874, 3, 22641, 97871, 100, 358.87
2026/09/26 00:34:30.074, 0, 22625, 97871, 100, 330.26
2026/09/26 00:34:30.074, 1, 22623, 97871, 100, 359.92
2026/09/26 00:34:30.074, 2, 22643, 97871, 100, 346.10
2026/09/26 00:34:30.074, 3, 22641, 97871, 100, 354.39
2026/09/26 00:34:30.274, 0, 22625, 97871, 100, 335.93
2026/09/26 00:34:30.274, 1, 22623, 97871, 100, 362.46
2026/09/26 00:34:30.274, 2, 22643, 97871, 100, 341.25
2026/09/26 00:34:30.274, 3, 22641, 97871, 100, 351.87
2026/09/26 00:34:30.474, 0, 22625, 97871, 100, 340.59
2026/09/26 00:34:30.474, 1, 22623, 97871, 100, 364.71
2026/09/26 00:34:30.475, 2, 22643, 97871, 100, 337.24
2026/09/26 00:34:30.475, 3, 22641, 97871, 100, 347.23
2026/09/26 00:34:30.675, 0, 22625, 97871, 83, 339.49
2026/09/26 00:34:30.675, 1, 22623, 97871, 100, 368.33
2026/09/26 00:34:30.675, 2, 22643, 97871, 83, 334.04
2026/09/26 00:34:30.675, 3, 22641, 97871, 100, 345.06
2026/09/26 00:34:30.875, 0, 22625, 97871, 100, 330.51
2026/09/26 00:34:30.875, 1, 22623, 97871, 100, 380.54
2026/09/26 00:34:30.875, 2, 22643, 97871, 100, 334.36
2026/09/26 00:34:30.875, 3, 22641, 97871, 100, 345.15
2026/09/26 00:34:31.075, 0, 22625, 97871, 100, 331.46
2026/09/26 00:34:31.075, 1, 22623, 97871, 100, 367.25
2026/09/26 00:34:31.075, 2, 22643, 97871, 100, 334.12
2026/09/26 00:34:31.075, 3, 22641, 97871, 100, 355.19
2026/09/26 00:34:31.275, 0, 22625, 97871, 100, 322.06
2026/09/26 00:34:31.275, 1, 22623, 97871, 100, 381.67
2026/09/26 00:34:31.275, 2, 22643, 97871, 100, 340.07
2026/09/26 00:34:31.275, 3, 22641, 97871, 100, 347.72
2026/09/26 00:34:31.475, 0, 22625, 97871, 100, 313.94
2026/09/26 00:34:31.475, 1, 22623, 97871, 100, 368.19
2026/09/26 00:34:31.475, 2, 22643, 97871, 100, 339.61
2026/09/26 00:34:31.475, 3, 22641, 97871, 100, 363.61
2026/09/26 00:34:31.675, 0, 22625, 97871, 100, 322.44
2026/09/26 00:34:31.675, 1, 22623, 97871, 100, 354.80
2026/09/26 00:34:31.675, 2, 22643, 97871, 100, 352.93
2026/09/26 00:34:31.675, 3, 22641, 97871, 100, 353.17
2026/09/26 00:34:31.876, 0, 22625, 97871, 100, 338.02
2026/09/26 00:34:31.876, 1, 22623, 97871, 100, 358.41
2026/09/26 00:34:31.876, 2, 22643, 97871, 100, 348.50
2026/09/26 00:34:31.876, 3, 22641, 97871, 100, 353.68
2026/09/26 00:34:32.076, 0, 22625, 97871, 100, 342.76
2026/09/26 00:34:32.076, 1, 22623, 97871, 100, 365.83
2026/09/26 00:34:32.076, 2, 22643, 97871, 100, 346.38
2026/09/26 00:34:32.076, 3, 22641, 97871, 100, 348.01
2026/09/26 00:34:32.276, 0, 22625, 97871, 100, 342.15
2026/09/26 00:34:32.276, 1, 22623, 97871, 100, 365.54
2026/09/26 00:34:32.276, 2, 22643, 97871, 100, 338.76
2026/09/26 00:34:32.276, 3, 22641, 97871, 100, 352.73
2026/09/26 00:34:32.476, 0, 22625, 97871, 86, 345.50
2026/09/26 00:34:32.476, 1, 22623, 97871, 84, 367.46
2026/09/26 00:34:32.476, 2, 22643, 97871, 84, 334.99
2026/09/26 00:34:32.476, 3, 22641, 97871, 84, 344.41
2026/09/26 00:34:32.676, 0, 22625, 97871, 100, 338.96
2026/09/26 00:34:32.676, 1, 22623, 97871, 100, 378.47
2026/09/26 00:34:32.676, 2, 22643, 97871, 100, 335.70
2026/09/26 00:34:32.676, 3, 22641, 97871, 100, 353.36
2026/09/26 00:34:32.876, 0, 22625, 97871, 100, 338.01
2026/09/26 00:34:32.876, 1, 22623, 97871, 100, 369.74
2026/09/26 00:34:32.876, 2, 22643, 97871, 100, 336.29
2026/09/26 00:34:32.876, 3, 22641, 97871, 100, 355.11
2026/09/26 00:34:33.076, 0, 22625, 97871, 100, 325.88
2026/09/26 00:34:33.076, 1, 22623, 97871, 100, 384.90
2026/09/26 00:34:33.076, 2, 22643, 97871, 100, 338.40
2026/09/26 00:34:33.076, 3, 22641, 97871, 100, 346.86
2026/09/26 00:34:33.276, 0, 22625, 97871, 100, 318.37
2026/09/26 00:34:33.277, 1, 22623, 97871, 100, 364.03
2026/09/26 00:34:33.277, 2, 22643, 97871, 100, 341.59
2026/09/26 00:34:33.277, 3, 22641, 97871, 100, 366.29
2026/09/26 00:34:33.477, 0, 22625, 97871, 100, 328.38
2026/09/26 00:34:33.477, 1, 22623, 97871, 100, 362.06
2026/09/26 00:34:33.477, 2, 22643, 97871, 100, 349.37
2026/09/26 00:34:33.477, 3, 22641, 97871, 100, 353.90
2026/09/26 00:34:33.677, 0, 22625, 97871, 100, 333.53
2026/09/26 00:34:33.677, 1, 22623, 97871, 100, 362.03
2026/09/26 00:34:33.677, 2, 22643, 97871, 100, 345.27
2026/09/26 00:34:33.677, 3, 22641, 97871, 100, 352.29
2026/09/26 00:34:33.877, 0, 22625, 97871, 100, 339.33
2026/09/26 00:34:33.877, 1, 22623, 97871, 100, 365.26
2026/09/26 00:34:33.877, 2, 22643, 97871, 100, 344.80
2026/09/26 00:34:33.877, 3, 22641, 97871, 100, 348.60
2026/09/26 00:34:34.077, 0, 22625, 97871, 100, 336.48
2026/09/26 00:34:34.077, 1, 22623, 97871, 100, 364.38
2026/09/26 00:34:34.077, 2, 22643, 97871, 100, 344.47
2026/09/26 00:34:34.077, 3, 22641, 97871, 100, 358.87
2026/09/26 00:34:34.277, 0, 22625, 97871, 69, 330.48
2026/09/26 00:34:34.277, 1, 22623, 97871, 75, 364.17
2026/09/26 00:34:34.277, 2, 22643, 97871, 74, 322.11
2026/09/26 00:34:34.277, 3, 22641, 97871, 40, 331.22
2026/09/26 00:34:34.477, 0, 22625, 97871, 100, 315.55
2026/09/26 00:34:34.477, 1, 22623, 97871, 100, 367.42
2026/09/26 00:34:34.477, 2, 22643, 97871, 100, 326.74
2026/09/26 00:34:34.477, 3, 22641, 97871, 100, 335.45
2026/09/26 00:34:34.677, 0, 22625, 97871, 100, 319.96
2026/09/26 00:34:34.678, 1, 22623, 97871, 100, 356.55
2026/09/26 00:34:34.678, 2, 22643, 97871, 100, 324.85
2026/09/26 00:34:34.678, 3, 22641, 97871, 100, 345.32
2026/09/26 00:34:34.878, 0, 22625, 97871, 100, 309.30
2026/09/26 00:34:34.878, 1, 22623, 97871, 100, 370.18
2026/09/26 00:34:34.878, 2, 22643, 97871, 100, 326.91
2026/09/26 00:34:34.878, 3, 22641, 97871, 100, 338.40
2026/09/26 00:34:35.078, 0, 22625, 97871, 100, 306.87
2026/09/26 00:34:35.078, 1, 22623, 97871, 100, 353.16
2026/09/26 00:34:35.078, 2, 22643, 97871, 100, 326.42
2026/09/26 00:34:35.078, 3, 22641, 97871, 100, 347.50
2026/09/26 00:34:35.278, 0, 22625, 97871, 100, 323.67
2026/09/26 00:34:35.278, 1, 22623, 97871, 100, 359.87
2026/09/26 00:34:35.278, 2, 22643, 97871, 100, 352.05
2026/09/26 00:34:35.278, 3, 22641, 97871, 100, 351.99
2026/09/26 00:34:35.478, 0, 22625, 97871, 100, 338.20
2026/09/26 00:34:35.478, 1, 22623, 97871, 100, 358.27
2026/09/26 00:34:35.478, 2, 22643, 97871, 100, 347.23
2026/09/26 00:34:35.478, 3, 22641, 97871, 100, 353.36
2026/09/26 00:34:35.678, 0, 22625, 97871, 100, 343.29
2026/09/26 00:34:35.678, 1, 22623, 97871, 100, 364.88
2026/09/26 00:34:35.678, 2, 22643, 97871, 100, 343.70
2026/09/26 00:34:35.678, 3, 22641, 97871, 100, 349.22
2026/09/26 00:34:35.878, 0, 22625, 97871, 100, 342.78
2026/09/26 00:34:35.878, 1, 22623, 97871, 100, 363.41
2026/09/26 00:34:35.878, 2, 22643, 97871, 100, 337.42
2026/09/26 00:34:35.878, 3, 22641, 97871, 100, 352.38
2026/09/26 00:34:36.078, 0, 22625, 97871, 84, 344.86
2026/09/26 00:34:36.079, 1, 22623, 97871, 83, 369.20
2026/09/26 00:34:36.079, 2, 22643, 97871, 83, 335.69
2026/09/26 00:34:36.079, 3, 22641, 97871, 83, 344.71
2026/09/26 00:34:36.279, 0, 22625, 97871, 100, 341.18
2026/09/26 00:34:36.279, 1, 22623, 97871, 100, 378.17
2026/09/26 00:34:36.279, 2, 22643, 97871, 100, 334.62
2026/09/26 00:34:36.279, 3, 22641, 97871, 100, 355.18
2026/09/26 00:34:36.479, 0, 22625, 97871, 100, 337.18
2026/09/26 00:34:36.479, 1, 22623, 97871, 100, 369.54
2026/09/26 00:34:36.479, 2, 22643, 97871, 100, 336.19
2026/09/26 00:34:36.479, 3, 22641, 97871, 100, 357.95
2026/09/26 00:34:36.679, 0, 22625, 97871, 100, 324.64
2026/09/26 00:34:36.679, 1, 22623, 97871, 100, 385.85
2026/09/26 00:34:36.679, 2, 22643, 97871, 100, 337.08
2026/09/26 00:34:36.679, 3, 22641, 97871, 100, 349.37
2026/09/26 00:34:36.879, 0, 22625, 97871, 100, 318.05
2026/09/26 00:34:36.879, 1, 22623, 97871, 100, 364.08
2026/09/26 00:34:36.879, 2, 22643, 97871, 100, 342.34
2026/09/26 00:34:36.879, 3, 22641, 97871, 100, 370.11
2026/09/26 00:34:37.079, 0, 22625, 97871, 100, 326.91
2026/09/26 00:34:37.079, 1, 22623, 97871, 100, 360.04
2026/09/26 00:34:37.079, 2, 22643, 97871, 100, 350.61
2026/09/26 00:34:37.079, 3, 22641, 97871, 100, 357.13
2026/09/26 00:34:37.279, 0, 22625, 97871, 100, 332.84
2026/09/26 00:34:37.279, 1, 22623, 97871, 100, 357.89
2026/09/26 00:34:37.279, 2, 22643, 97871, 100, 344.08
2026/09/26 00:34:37.279, 3, 22641, 97871, 100, 354.05
2026/09/26 00:34:37.479, 0, 22625, 97871, 100, 340.56
2026/09/26 00:34:37.480, 1, 22623, 97871, 100, 364.83
2026/09/26 00:34:37.480, 2, 22643, 97871, 100, 342.99
2026/09/26 00:34:37.480, 3, 22641, 97871, 100, 352.82
2026/09/26 00:34:37.680, 0, 22625, 97871, 100, 339.01
2026/09/26 00:34:37.680, 1, 22623, 97871, 100, 364.89
2026/09/26 00:34:37.680, 2, 22643, 97871, 100, 341.99
2026/09/26 00:34:37.680, 3, 22641, 97871, 100, 362.65
2026/09/26 00:34:37.880, 0, 22625, 97871, 100, 342.01
2026/09/26 00:34:37.880, 1, 22623, 97871, 84, 375.71
2026/09/26 00:34:37.880, 2, 22643, 97871, 100, 336.63
2026/09/26 00:34:37.880, 3, 22641, 97871, 88, 340.61
2026/09/26 00:34:38.080, 0, 22625, 97871, 100, 335.33
2026/09/26 00:34:38.080, 1, 22623, 97871, 100, 376.27
2026/09/26 00:34:38.080, 2, 22643, 97871, 100, 336.84
2026/09/26 00:34:38.080, 3, 22641, 97871, 100, 353.57
2026/09/26 00:34:38.280, 0, 22625, 97871, 100, 337.40
2026/09/26 00:34:38.280, 1, 22623, 97871, 100, 373.47
2026/09/26 00:34:38.280, 2, 22643, 97871, 100, 341.21
2026/09/26 00:34:38.280, 3, 22641, 97871, 100, 358.88
2026/09/26 00:34:38.480, 0, 22625, 97871, 100, 325.12
2026/09/26 00:34:38.480, 1, 22623, 97871, 100, 386.35
2026/09/26 00:34:38.480, 2, 22643, 97871, 100, 336.05
2026/09/26 00:34:38.480, 3, 22641, 97871, 100, 354.56
2026/09/26 00:34:38.680, 0, 22625, 97871, 100, 322.62
2026/09/26 00:34:38.680, 1, 22623, 97871, 100, 358.90
2026/09/26 00:34:38.680, 2, 22643, 97871, 100, 338.16
2026/09/26 00:34:38.680, 3, 22641, 97871, 100, 361.57
2026/09/26 00:34:38.881, 0, 22625, 97871, 100, 331.60
2026/09/26 00:34:38.881, 1, 22623, 97871, 100, 364.67
2026/09/26 00:34:38.881, 2, 22643, 97871, 100, 350.33
2026/09/26 00:34:38.881, 3, 22641, 97871, 100, 353.57
2026/09/26 00:34:39.081, 0, 22625, 97871, 100, 338.89
2026/09/26 00:34:39.081, 1, 22623, 97871, 100, 358.48
2026/09/26 00:34:39.081, 2, 22643, 97871, 100, 340.13
2026/09/26 00:34:39.081, 3, 22641, 97871, 100, 351.86
2026/09/26 00:34:39.281, 0, 22625, 97871, 100, 344.61
2026/09/26 00:34:39.281, 1, 22623, 97871, 100, 364.98
2026/09/26 00:34:39.281, 2, 22643, 97871, 100, 335.27
2026/09/26 00:34:39.281, 3, 22641, 97871, 100, 348.59
2026/09/26 00:34:39.481, 0, 22625, 97871, 100, 341.32
2026/09/26 00:34:39.481, 1, 22623, 97871, 100, 366.26
2026/09/26 00:34:39.481, 2, 22643, 97871, 100, 341.13
2026/09/26 00:34:39.481, 3, 22641, 97871, 100, 354.34
2026/09/26 00:34:39.681, 0, 22625, 97871, 86, 334.27
2026/09/26 00:34:39.681, 1, 22623, 97871, 73, 366.86
2026/09/26 00:34:39.681, 2, 22643, 97871, 85, 324.31
2026/09/26 00:34:39.681, 3, 22641, 97871, 72, 334.35
2026/09/26 00:34:39.881, 0, 22625, 97871, 100, 321.89
2026/09/26 00:34:39.881, 1, 22623, 97871, 100, 366.74
2026/09/26 00:34:39.881, 2, 22643, 97871, 100, 323.36
2026/09/26 00:34:39.881, 3, 22641, 97871, 100, 344.13
2026/09/26 00:34:40.081, 0, 22625, 97871, 100, 323.95
2026/09/26 00:34:40.081, 1, 22623, 97871, 100, 361.41
2026/09/26 00:34:40.081, 2, 22643, 97871, 100, 333.13
2026/09/26 00:34:40.081, 3, 22641, 97871, 100, 344.53
2026/09/26 00:34:40.282, 0, 22625, 97871, 100, 309.81
2026/09/26 00:34:40.282, 1, 22623, 97871, 100, 375.54
2026/09/26 00:34:40.282, 2, 22643, 97871, 100, 330.07
2026/09/26 00:34:40.282, 3, 22641, 97871, 100, 342.42
2026/09/26 00:34:40.482, 0, 22625, 97871, 100, 308.08
2026/09/26 00:34:40.482, 1, 22623, 97871, 100, 346.07
2026/09/26 00:34:40.482, 2, 22643, 97871, 100, 331.61
2026/09/26 00:34:40.482, 3, 22641, 97871, 100, 356.53
2026/09/26 00:34:40.682, 0, 22625, 97871, 100, 330.05
2026/09/26 00:34:40.682, 1, 22623, 97871, 100, 360.76
2026/09/26 00:34:40.682, 2, 22643, 97871, 100, 352.96
2026/09/26 00:34:40.682, 3, 22641, 97871, 100, 358.14
2026/09/26 00:34:40.882, 0, 22625, 97871, 100, 335.45
2026/09/26 00:34:40.882, 1, 22623, 97871, 100, 359.73
2026/09/26 00:34:40.882, 2, 22643, 97871, 100, 346.41
2026/09/26 00:34:40.882, 3, 22641, 97871, 100, 355.11
2026/09/26 00:34:41.082, 0, 22625, 97871, 100, 341.46
2026/09/26 00:34:41.083, 1, 22623, 97871, 100, 366.29
2026/09/26 00:34:41.083, 2, 22643, 97871, 100, 339.76
2026/09/26 00:34:41.083, 3, 22641, 97871, 100, 354.40
2026/09/26 00:34:41.283, 0, 22625, 97871, 100, 341.23
2026/09/26 00:34:41.283, 1, 22623, 97871, 100, 365.03
2026/09/26 00:34:41.283, 2, 22643, 97871, 100, 342.24
2026/09/26 00:34:41.283, 3, 22641, 97871, 100, 363.20
2026/09/26 00:34:41.483, 0, 22625, 97871, 100, 343.15
2026/09/26 00:34:41.483, 1, 22623, 97871, 84, 376.45
2026/09/26 00:34:41.483, 2, 22643, 97871, 100, 340.29
2026/09/26 00:34:41.483, 3, 22641, 97871, 89, 343.83
2026/09/26 00:34:41.683, 0, 22625, 97871, 100, 332.72
2026/09/26 00:34:41.683, 1, 22623, 97871, 100, 375.67
2026/09/26 00:34:41.683, 2, 22643, 97871, 100, 341.72
2026/09/26 00:34:41.683, 3, 22641, 97871, 100, 353.63
2026/09/26 00:34:41.883, 0, 22625, 97871, 100, 334.05
2026/09/26 00:34:41.883, 1, 22623, 97871, 100, 371.88
2026/09/26 00:34:41.883, 2, 22643, 97871, 100, 344.34
2026/09/26 00:34:41.883, 3, 22641, 97871, 100, 358.12
2026/09/26 00:34:42.083, 0, 22625, 97871, 100, 320.99
2026/09/26 00:34:42.083, 1, 22623, 97871, 100, 384.63
2026/09/26 00:34:42.083, 2, 22643, 97871, 100, 339.90
2026/09/26 00:34:42.083, 3, 22641, 97871, 100, 358.81
2026/09/26 00:34:42.284, 0, 22625, 97871, 100, 322.09
2026/09/26 00:34:42.284, 1, 22623, 97871, 100, 358.44
2026/09/26 00:34:42.284, 2, 22643, 97871, 100, 343.93
2026/09/26 00:34:42.284, 3, 22641, 97871, 100, 360.68
2026/09/26 00:34:42.484, 0, 22625, 97871, 100, 330.42
2026/09/26 00:34:42.484, 1, 22623, 97871, 100, 361.07
2026/09/26 00:34:42.484, 2, 22643, 97871, 100, 350.00
2026/09/26 00:34:42.484, 3, 22641, 97871, 100, 355.55
2026/09/26 00:34:42.684, 0, 22625, 97871, 100, 340.08
2026/09/26 00:34:42.684, 1, 22623, 97871, 100, 358.33
2026/09/26 00:34:42.684, 2, 22643, 97871, 100, 345.05
2026/09/26 00:34:42.684, 3, 22641, 97871, 100, 355.31
2026/09/26 00:34:42.884, 0, 22625, 97871, 100, 348.52
2026/09/26 00:34:42.884, 1, 22623, 97871, 100, 366.33
2026/09/26 00:34:42.884, 2, 22643, 97871, 100, 341.62
2026/09/26 00:34:42.884, 3, 22641, 97871, 100, 344.14
2026/09/26 00:34:43.084, 0, 22625, 97871, 100, 343.89
2026/09/26 00:34:43.084, 1, 22623, 97871, 100, 365.87
2026/09/26 00:34:43.084, 2, 22643, 97871, 100, 342.85
2026/09/26 00:34:43.084, 3, 22641, 97871, 100, 346.28
2026/09/26 00:34:43.284, 0, 22625, 97871, 100, 337.87
2026/09/26 00:34:43.284, 1, 22623, 97871, 100, 376.91
2026/09/26 00:34:43.284, 2, 22643, 97871, 100, 341.69
2026/09/26 00:34:43.284, 3, 22641, 97871, 100, 341.65
2026/09/26 00:34:43.484, 0, 22625, 97871, 100, 339.43
2026/09/26 00:34:43.484, 1, 22623, 97871, 100, 365.93
2026/09/26 00:34:43.484, 2, 22643, 97871, 100, 340.99
2026/09/26 00:34:43.484, 3, 22641, 97871, 100, 353.27
2026/09/26 00:34:43.685, 0, 22625, 97871, 100, 330.06
2026/09/26 00:34:43.685, 1, 22623, 97871, 100, 374.10
2026/09/26 00:34:43.685, 2, 22643, 97871, 100, 343.89
2026/09/26 00:34:43.685, 3, 22641, 97871, 100, 347.23
2026/09/26 00:34:43.885, 0, 22625, 97871, 100, 313.66
2026/09/26 00:34:43.885, 1, 22623, 97871, 100, 373.76
2026/09/26 00:34:43.885, 2, 22643, 97871, 100, 339.24
2026/09/26 00:34:43.885, 3, 22641, 97871, 100, 359.75
2026/09/26 00:34:44.085, 0, 22625, 97871, 100, 323.39
2026/09/26 00:34:44.085, 1, 22623, 97871, 100, 349.14
2026/09/26 00:34:44.085, 2, 22643, 97871, 100, 346.56
2026/09/26 00:34:44.085, 3, 22641, 97871, 100, 360.58
2026/09/26 00:34:44.285, 0, 22625, 97871, 100, 333.70
2026/09/26 00:34:44.285, 1, 22623, 97871, 100, 357.64
2026/09/26 00:34:44.285, 2, 22643, 97871, 100, 348.00
2026/09/26 00:34:44.285, 3, 22641, 97871, 100, 351.12
2026/09/26 00:34:44.485, 0, 22625, 97871, 100, 339.20
2026/09/26 00:34:44.485, 1, 22623, 97871, 100, 358.03
2026/09/26 00:34:44.485, 2, 22643, 97871, 100, 342.52
2026/09/26 00:34:44.485, 3, 22641, 97871, 100, 354.50
2026/09/26 00:34:44.685, 0, 22625, 97871, 100, 342.17
2026/09/26 00:34:44.685, 1, 22623, 97871, 100, 365.51
2026/09/26 00:34:44.685, 2, 22643, 97871, 100, 343.55
2026/09/26 00:34:44.685, 3, 22641, 97871, 100, 348.61
2026/09/26 00:34:44.885, 0, 22625, 97871, 83, 339.45
2026/09/26 00:34:44.885, 1, 22623, 97871, 100, 365.55
2026/09/26 00:34:44.885, 2, 22643, 97871, 89, 339.81
2026/09/26 00:34:44.885, 3, 22641, 97871, 100, 337.52
2026/09/26 00:34:45.085, 0, 22625, 97871, 100, 323.40
2026/09/26 00:34:45.086, 1, 22623, 97871, 80, 366.92
2026/09/26 00:34:45.086, 2, 22643, 97871, 100, 328.96
2026/09/26 00:34:45.086, 3, 22641, 97871, 90, 334.23
2026/09/26 00:34:45.286, 0, 22625, 97871, 100, 322.96
2026/09/26 00:34:45.286, 1, 22623, 97871, 100, 359.76
2026/09/26 00:34:45.286, 2, 22643, 97871, 100, 333.23
2026/09/26 00:34:45.286, 3, 22641, 97871, 100, 344.01
2026/09/26 00:34:45.486, 0, 22625, 97871, 100, 316.67
2026/09/26 00:34:45.486, 1, 22623, 97871, 100, 362.77
2026/09/26 00:34:45.486, 2, 22643, 97871, 100, 336.27
2026/09/26 00:34:45.486, 3, 22641, 97871, 100, 340.05
2026/09/26 00:34:45.686, 0, 22625, 97871, 100, 304.13
2026/09/26 00:34:45.686, 1, 22623, 97871, 100, 363.27
2026/09/26 00:34:45.686, 2, 22643, 97871, 100, 330.69
2026/09/26 00:34:45.686, 3, 22641, 97871, 100, 349.76
2026/09/26 00:34:45.886, 0, 22625, 97871, 100, 309.85
2026/09/26 00:34:45.886, 1, 22623, 97871, 100, 342.72
2026/09/26 00:34:45.886, 2, 22643, 97871, 100, 341.07
2026/09/26 00:34:45.886, 3, 22641, 97871, 100, 358.06
2026/09/26 00:34:46.086, 0, 22625, 97871, 100, 329.36
2026/09/26 00:34:46.087, 1, 22623, 97871, 100, 358.93
2026/09/26 00:34:46.087, 2, 22643, 97871, 100, 351.25
2026/09/26 00:34:46.087, 3, 22641, 97871, 100, 354.51
2026/09/26 00:34:46.287, 0, 22625, 97871, 100, 338.70
2026/09/26 00:34:46.287, 1, 22623, 97871, 100, 354.92
2026/09/26 00:34:46.287, 2, 22643, 97871, 100, 346.32
2026/09/26 00:34:46.287, 3, 22641, 97871, 100, 355.96
2026/09/26 00:34:46.487, 0, 22625, 97871, 100, 344.88
2026/09/26 00:34:46.487, 1, 22623, 97871, 100, 363.84
2026/09/26 00:34:46.487, 2, 22643, 97871, 100, 343.92
2026/09/26 00:34:46.487, 3, 22641, 97871, 100, 346.74
2026/09/26 00:34:46.687, 0, 22625, 97871, 100, 341.92
2026/09/26 00:34:46.687, 1, 22623, 97871, 100, 364.66
2026/09/26 00:34:46.687, 2, 22643, 97871, 100, 345.41
2026/09/26 00:34:46.687, 3, 22641, 97871, 100, 349.73
2026/09/26 00:34:46.887, 0, 22625, 97871, 100, 334.82
2026/09/26 00:34:46.887, 1, 22623, 97871, 100, 374.75
2026/09/26 00:34:46.887, 2, 22643, 97871, 100, 344.61
2026/09/26 00:34:46.887, 3, 22641, 97871, 100, 343.39
2026/09/26 00:34:47.087, 0, 22625, 97871, 100, 337.05
2026/09/26 00:34:47.087, 1, 22623, 97871, 100, 366.74
2026/09/26 00:34:47.087, 2, 22643, 97871, 100, 341.89
2026/09/26 00:34:47.087, 3, 22641, 97871, 100, 356.62
2026/09/26 00:34:47.288, 0, 22625, 97871, 100, 327.14
2026/09/26 00:34:47.288, 1, 22623, 97871, 100, 375.99
2026/09/26 00:34:47.288, 2, 22643, 97871, 100, 344.57
2026/09/26 00:34:47.288, 3, 22641, 97871, 100, 349.05
2026/09/26 00:34:47.488, 0, 22625, 97871, 100, 311.92
2026/09/26 00:34:47.488, 1, 22623, 97871, 100, 373.89
2026/09/26 00:34:47.488, 2, 22643, 97871, 100, 338.75
2026/09/26 00:34:47.488, 3, 22641, 97871, 100, 361.77
2026/09/26 00:34:47.688, 0, 22625, 97871, 100, 322.34
2026/09/26 00:34:47.688, 1, 22623, 97871, 100, 351.33
2026/09/26 00:34:47.688, 2, 22643, 97871, 100, 348.65
2026/09/26 00:34:47.688, 3, 22641, 97871, 100, 361.11
2026/09/26 00:34:47.888, 0, 22625, 97871, 100, 332.42
2026/09/26 00:34:47.888, 1, 22623, 97871, 100, 358.95
2026/09/26 00:34:47.888, 2, 22643, 97871, 100, 349.42
2026/09/26 00:34:47.888, 3, 22641, 97871, 100, 351.54
2026/09/26 00:34:48.088, 0, 22625, 97871, 100, 338.61
2026/09/26 00:34:48.088, 1, 22623, 97871, 100, 359.08
2026/09/26 00:34:48.088, 2, 22643, 97871, 100, 341.81
2026/09/26 00:34:48.088, 3, 22641, 97871, 100, 352.15
2026/09/26 00:34:48.288, 0, 22625, 97871, 100, 345.74
2026/09/26 00:34:48.288, 1, 22623, 97871, 100, 365.62
2026/09/26 00:34:48.288, 2, 22643, 97871, 100, 343.23
2026/09/26 00:34:48.288, 3, 22641, 97871, 100, 347.33
2026/09/26 00:34:48.488, 0, 22625, 97871, 83, 342.78
2026/09/26 00:34:48.488, 1, 22623, 97871, 100, 368.44
2026/09/26 00:34:48.488, 2, 22643, 97871, 83, 341.07
2026/09/26 00:34:48.488, 3, 22641, 97871, 100, 346.69
2026/09/26 00:34:48.688, 0, 22625, 97871, 100, 332.03
2026/09/26 00:34:48.689, 1, 22623, 97871, 100, 379.61
2026/09/26 00:34:48.689, 2, 22643, 97871, 100, 340.01
2026/09/26 00:34:48.689, 3, 22641, 97871, 100, 345.62
2026/09/26 00:34:48.889, 0, 22625, 97871, 100, 339.05
2026/09/26 00:34:48.889, 1, 22623, 97871, 100, 363.60
2026/09/26 00:34:48.889, 2, 22643, 97871, 100, 339.43
2026/09/26 00:34:48.889, 3, 22641, 97871, 100, 361.22
2026/09/26 00:34:49.089, 0, 22625, 97871, 100, 325.47
2026/09/26 00:34:49.089, 1, 22623, 97871, 100, 378.08
2026/09/26 00:34:49.089, 2, 22643, 97871, 100, 346.23
2026/09/26 00:34:49.089, 3, 22641, 97871, 100, 346.62
2026/09/26 00:34:49.289, 0, 22625, 97871, 100, 318.81
2026/09/26 00:34:49.289, 1, 22623, 97871, 100, 368.69
2026/09/26 00:34:49.289, 2, 22643, 97871, 100, 339.03
2026/09/26 00:34:49.289, 3, 22641, 97871, 100, 368.51
2026/09/26 00:34:49.489, 0, 22625, 97871, 100, 325.22
2026/09/26 00:34:49.489, 1, 22623, 97871, 100, 352.15
2026/09/26 00:34:49.489, 2, 22643, 97871, 100, 352.85
2026/09/26 00:34:49.489, 3, 22641, 97871, 100, 358.18
2026/09/26 00:34:49.689, 0, 22625, 97871, 100, 338.70
2026/09/26 00:34:49.689, 1, 22623, 97871, 100, 357.71
2026/09/26 00:34:49.689, 2, 22643, 97871, 100, 349.67
2026/09/26 00:34:49.689, 3, 22641, 97871, 100, 354.52
2026/09/26 00:34:49.889, 0, 22625, 97871, 100, 340.56
2026/09/26 00:34:49.889, 1, 22623, 97871, 100, 367.11
2026/09/26 00:34:49.889, 2, 22643, 97871, 100, 345.75
2026/09/26 00:34:49.889, 3, 22641, 97871, 100, 352.20
2026/09/26 00:34:50.089, 0, 22625, 97871, 100, 345.30
2026/09/26 00:34:50.089, 1, 22623, 97871, 100, 371.06
2026/09/26 00:34:50.089, 2, 22643, 97871, 100, 341.67
2026/09/26 00:34:50.090, 3, 22641, 97871, 100, 353.55
2026/09/26 00:34:50.290, 0, 22625, 97871, 55, 335.36
2026/09/26 00:34:50.290, 1, 22623, 97871, 97, 360.48
2026/09/26 00:34:50.290, 2, 22643, 97871, 76, 331.46
2026/09/26 00:34:50.290, 3, 22641, 97871, 91, 327.57
2026/09/26 00:34:50.490, 0, 22625, 97871, 100, 327.54
2026/09/26 00:34:50.490, 1, 22623, 97871, 74, 359.15
2026/09/26 00:34:50.490, 2, 22643, 97871, 100, 317.20
2026/09/26 00:34:50.490, 3, 22641, 97871, 100, 327.23
2026/09/26 00:34:50.690, 0, 22625, 97871, 88, 319.24
2026/09/26 00:34:50.690, 1, 22623, 97871, 100, 352.13
2026/09/26 00:34:50.690, 2, 22643, 97871, 94, 310.48
2026/09/26 00:34:50.690, 3, 22641, 97871, 100, 323.54
2026/09/26 00:34:50.890, 0, 22625, 97871, 44, 285.48
2026/09/26 00:34:50.890, 1, 22623, 97871, 50, 322.51
2026/09/26 00:34:50.890, 2, 22643, 97871, 50, 284.33
2026/09/26 00:34:50.890, 3, 22641, 97871, 67, 291.67
2026/09/26 00:34:51.090, 0, 22625, 97871, 42, 256.04
2026/09/26 00:34:51.091, 1, 22623, 97871, 54, 278.00
2026/09/26 00:34:51.091, 2, 22643, 97871, 65, 259.02
2026/09/26 00:34:51.091, 3, 22641, 97871, 74, 265.32
2026/09/26 00:34:51.291, 0, 22625, 97871, 36, 239.90
2026/09/26 00:34:51.291, 1, 22623, 97871, 58, 258.19
2026/09/26 00:34:51.291, 2, 22643, 97871, 77, 244.17
2026/09/26 00:34:51.291, 3, 22641, 97871, 79, 253.51
2026/09/26 00:34:51.491, 0, 22625, 97871, 40, 226.73
2026/09/26 00:34:51.491, 1, 22623, 97871, 50, 239.48
2026/09/26 00:34:51.491, 2, 22643, 97871, 65, 223.64
2026/09/26 00:34:51.491, 3, 22641, 97871, 73, 231.96
2026/09/26 00:34:51.691, 0, 22625, 97871, 35, 202.58
2026/09/26 00:34:51.691, 1, 22623, 97871, 68, 212.44
2026/09/26 00:34:51.691, 2, 22643, 97871, 72, 203.95
2026/09/26 00:34:51.691, 3, 22641, 97871, 80, 213.62
2026/09/26 00:34:51.891, 0, 22625, 97871, 35, 201.15
2026/09/26 00:34:51.891, 1, 22623, 97871, 71, 212.00
2026/09/26 00:34:51.891, 2, 22643, 97871, 72, 206.22
2026/09/26 00:34:51.891, 3, 22641, 97871, 80, 213.37
2026/09/26 00:34:52.091, 0, 22625, 97871, 39, 202.40
2026/09/26 00:34:52.091, 1, 22623, 97871, 48, 216.27
2026/09/26 00:34:52.091, 2, 22643, 97871, 60, 206.65
2026/09/26 00:34:52.091, 3, 22641, 97871, 73, 214.79
2026/09/26 00:34:52.292, 0, 22625, 97871, 35, 201.26
2026/09/26 00:34:52.292, 1, 22623, 97871, 68, 217.35
2026/09/26 00:34:52.292, 2, 22643, 97871, 75, 207.73
2026/09/26 00:34:52.292, 3, 22641, 97871, 80, 214.02
2026/09/26 00:34:52.492, 0, 22625, 97871, 36, 199.43
2026/09/26 00:34:52.492, 1, 22623, 97871, 73, 219.24
2026/09/26 00:34:52.492, 2, 22643, 97871, 64, 204.91
2026/09/26 00:34:52.492, 3, 22641, 97871, 77, 212.49
2026/09/26 00:34:52.692, 0, 22625, 97871, 37, 199.93
2026/09/26 00:34:52.692, 1, 22623, 97871, 60, 219.70
2026/09/26 00:34:52.692, 2, 22643, 97871, 55, 204.26
2026/09/26 00:34:52.692, 3, 22641, 97871, 67, 212.51
2026/09/26 00:34:52.892, 0, 22625, 97871, 40, 200.24
2026/09/26 00:34:52.892, 1, 22623, 97871, 69, 222.22
2026/09/26 00:34:52.892, 2, 22643, 97871, 65, 206.01
2026/09/26 00:34:52.892, 3, 22641, 97871, 74, 212.99
2026/09/26 00:34:53.092, 0, 22625, 97871, 35, 199.67
2026/09/26 00:34:53.092, 1, 22623, 97871, 70, 219.35
2026/09/26 00:34:53.092, 2, 22643, 97871, 73, 207.83
2026/09/26 00:34:53.092, 3, 22641, 97871, 78, 213.39
2026/09/26 00:34:53.292, 0, 22625, 97871, 35, 200.43
2026/09/26 00:34:53.292, 1, 22623, 97871, 75, 221.52
2026/09/26 00:34:53.292, 2, 22643, 97871, 67, 207.64
2026/09/26 00:34:53.292, 3, 22641, 97871, 72, 213.10
2026/09/26 00:34:53.492, 0, 22625, 97871, 36, 200.51
2026/09/26 00:34:53.493, 1, 22623, 97871, 61, 221.17
2026/09/26 00:34:53.493, 2, 22643, 97871, 71, 208.31
2026/09/26 00:34:53.493, 3, 22641, 97871, 81, 214.34
2026/09/26 00:34:53.693, 0, 22625, 97871, 36, 201.55
2026/09/26 00:34:53.693, 1, 22623, 97871, 74, 222.26
2026/09/26 00:34:53.693, 2, 22643, 97871, 73, 206.94
2026/09/26 00:34:53.693, 3, 22641, 97871, 83, 214.32
2026/09/26 00:34:53.893, 0, 22625, 97871, 36, 201.97
2026/09/26 00:34:53.893, 1, 22623, 97871, 66, 221.73
2026/09/26 00:34:53.893, 2, 22643, 97871, 58, 204.07
2026/09/26 00:34:53.893, 3, 22641, 97871, 70, 213.90
2026/09/26 00:34:54.093, 0, 22625, 97871, 40, 203.66
2026/09/26 00:34:54.093, 1, 22623, 97871, 65, 223.34
2026/09/26 00:34:54.093, 2, 22643, 97871, 58, 202.99
2026/09/26 00:34:54.093, 3, 22641, 97871, 74, 212.67
2026/09/26 00:34:54.293, 0, 22625, 97871, 45, 204.45
2026/09/26 00:34:54.293, 1, 22623, 97871, 59, 222.19
2026/09/26 00:34:54.293, 2, 22643, 97871, 48, 204.07
2026/09/26 00:34:54.293, 3, 22641, 97871, 67, 213.30
2026/09/26 00:34:54.493, 0, 22625, 97871, 37, 206.78
2026/09/26 00:34:54.493, 1, 22623, 97871, 58, 221.40
2026/09/26 00:34:54.493, 2, 22643, 97871, 58, 204.55
2026/09/26 00:34:54.493, 3, 22641, 97871, 68, 212.74
2026/09/26 00:34:54.693, 0, 22625, 97871, 36, 206.53
2026/09/26 00:34:54.693, 1, 22623, 97871, 73, 221.52
2026/09/26 00:34:54.693, 2, 22643, 97871, 57, 205.48
2026/09/26 00:34:54.693, 3, 22641, 97871, 75, 212.22
2026/09/26 00:34:54.894, 0, 22625, 97871, 36, 205.55
2026/09/26 00:34:54.894, 1, 22623, 97871, 73, 220.98
2026/09/26 00:34:54.894, 2, 22643, 97871, 69, 205.17
2026/09/26 00:34:54.894, 3, 22641, 97871, 80, 213.31
2026/09/26 00:34:55.094, 0, 22625, 97871, 43, 204.20
2026/09/26 00:34:55.094, 1, 22623, 97871, 77, 219.70
2026/09/26 00:34:55.094, 2, 22643, 97871, 65, 205.82
2026/09/26 00:34:55.094, 3, 22641, 97871, 75, 212.89
2026/09/26 00:34:55.294, 0, 22625, 97871, 34, 201.37
2026/09/26 00:34:55.294, 1, 22623, 97871, 68, 217.99
2026/09/26 00:34:55.294, 2, 22643, 97871, 68, 203.61
2026/09/26 00:34:55.294, 3, 22641, 97871, 74, 212.35
2026/09/26 00:34:55.494, 0, 22625, 97871, 37, 201.91
2026/09/26 00:34:55.494, 1, 22623, 97871, 81, 219.86
2026/09/26 00:34:55.494, 2, 22643, 97871, 73, 204.81
2026/09/26 00:34:55.494, 3, 22641, 97871, 79, 213.40
2026/09/26 00:34:55.694, 0, 22625, 97871, 40, 203.26
2026/09/26 00:34:55.694, 1, 22623, 97871, 80, 219.27
2026/09/26 00:34:55.694, 2, 22643, 97871, 74, 205.06
2026/09/26 00:34:55.694, 3, 22641, 97871, 74, 214.48
2026/09/26 00:34:55.894, 0, 22625, 97871, 37, 203.08
2026/09/26 00:34:55.894, 1, 22623, 97871, 68, 219.63
2026/09/26 00:34:55.894, 2, 22643, 97871, 58, 207.09
2026/09/26 00:34:55.894, 3, 22641, 97871, 77, 213.80
2026/09/26 00:34:56.094, 0, 22625, 97871, 45, 204.62
2026/09/26 00:34:56.094, 1, 22623, 97871, 79, 221.52
2026/09/26 00:34:56.094, 2, 22643, 97871, 73, 206.70
2026/09/26 00:34:56.094, 3, 22641, 97871, 80, 215.02
2026/09/26 00:34:56.295, 0, 22625, 97871, 37, 205.70
2026/09/26 00:34:56.295, 1, 22623, 97871, 80, 223.38
2026/09/26 00:34:56.295, 2, 22643, 97871, 71, 208.39
2026/09/26 00:34:56.295, 3, 22641, 97871, 80, 217.95
2026/09/26 00:34:56.495, 0, 22625, 97871, 37, 203.68
2026/09/26 00:34:56.495, 1, 22623, 97871, 75, 223.42
2026/09/26 00:34:56.495, 2, 22643, 97871, 64, 206.87
2026/09/26 00:34:56.495, 3, 22641, 97871, 77, 216.43
2026/09/26 00:34:56.695, 0, 22625, 97871, 36, 201.17
2026/09/26 00:34:56.695, 1, 22623, 97871, 74, 224.85
2026/09/26 00:34:56.695, 2, 22643, 97871, 78, 208.33
2026/09/26 00:34:56.695, 3, 22641, 97871, 80, 217.60
2026/09/26 00:34:56.895, 0, 22625, 97871, 28, 200.65
2026/09/26 00:34:56.895, 1, 22623, 97871, 50, 223.77
2026/09/26 00:34:56.895, 2, 22643, 97871, 46, 206.72
2026/09/26 00:34:56.895, 3, 22641, 97871, 65, 221.62
2026/09/26 00:34:57.095, 0, 22625, 97871, 100, 227.93
2026/09/26 00:34:57.095, 1, 22623, 97871, 100, 249.96
2026/09/26 00:34:57.095, 2, 22643, 97871, 100, 233.05
2026/09/26 00:34:57.095, 3, 22641, 97871, 100, 246.87
2026/09/26 00:34:57.295, 0, 22625, 97871, 37, 240.65
2026/09/26 00:34:57.295, 1, 22623, 97871, 81, 264.52
2026/09/26 00:34:57.295, 2, 22643, 97871, 65, 240.79
2026/09/26 00:34:57.295, 3, 22641, 97871, 81, 253.00
2026/09/26 00:34:57.495, 0, 22625, 97871, 35, 240.74
2026/09/26 00:34:57.495, 1, 22623, 97871, 69, 262.36
2026/09/26 00:34:57.495, 2, 22643, 97871, 77, 242.57
2026/09/26 00:34:57.495, 3, 22641, 97871, 74, 252.65
2026/09/26 00:34:57.696, 0, 22625, 97871, 36, 240.49
2026/09/26 00:34:57.696, 1, 22623, 97871, 64, 260.69
2026/09/26 00:34:57.696, 2, 22643, 97871, 75, 238.15
2026/09/26 00:34:57.696, 3, 22641, 97871, 79, 250.63
2026/09/26 00:34:57.896, 0, 22625, 97871, 42, 243.31
2026/09/26 00:34:57.896, 1, 22623, 97871, 80, 262.46
2026/09/26 00:34:57.896, 2, 22643, 97871, 75, 240.43
2026/09/26 00:34:57.896, 3, 22641, 97871, 81, 247.56
2026/09/26 00:34:58.096, 0, 22625, 97871, 35, 217.73
2026/09/26 00:34:58.096, 1, 22623, 97871, 56, 234.03
2026/09/26 00:34:58.096, 2, 22643, 97871, 71, 211.59
2026/09/26 00:34:58.096, 3, 22641, 97871, 75, 218.71
2026/09/26 00:34:58.296, 0, 22625, 97871, 36, 201.19
2026/09/26 00:34:58.296, 1, 22623, 97871, 73, 217.05
2026/09/26 00:34:58.296, 2, 22643, 97871, 64, 198.79
2026/09/26 00:34:58.296, 3, 22641, 97871, 79, 210.12
2026/09/26 00:34:58.496, 0, 22625, 97871, 36, 201.90
2026/09/26 00:34:58.496, 1, 22623, 97871, 77, 216.53
2026/09/26 00:34:58.496, 2, 22643, 97871, 73, 198.02
2026/09/26 00:34:58.496, 3, 22641, 97871, 81, 211.39
2026/09/26 00:34:58.696, 0, 22625, 97871, 36, 204.94
2026/09/26 00:34:58.696, 1, 22623, 97871, 73, 215.79
2026/09/26 00:34:58.696, 2, 22643, 97871, 74, 200.65
2026/09/26 00:34:58.696, 3, 22641, 97871, 71, 212.37
2026/09/26 00:34:58.896, 0, 22625, 97871, 33, 204.18
2026/09/26 00:34:58.896, 1, 22623, 97871, 75, 215.86
2026/09/26 00:34:58.896, 2, 22643, 97871, 72, 201.82
2026/09/26 00:34:58.896, 3, 22641, 97871, 79, 211.21
2026/09/26 00:34:59.097, 0, 22625, 97871, 35, 204.42
2026/09/26 00:34:59.097, 1, 22623, 97871, 80, 215.67
2026/09/26 00:34:59.097, 2, 22643, 97871, 72, 203.53
2026/09/26 00:34:59.097, 3, 22641, 97871, 82, 210.95
2026/09/26 00:34:59.297, 0, 22625, 97871, 35, 202.97
2026/09/26 00:34:59.297, 1, 22623, 97871, 71, 216.55
2026/09/26 00:34:59.297, 2, 22643, 97871, 75, 207.13
2026/09/26 00:34:59.297, 3, 22641, 97871, 74, 210.27
2026/09/26 00:34:59.497, 0, 22625, 97871, 35, 202.39
2026/09/26 00:34:59.497, 1, 22623, 97871, 77, 216.37
2026/09/26 00:34:59.497, 2, 22643, 97871, 77, 206.40
2026/09/26 00:34:59.497, 3, 22641, 97871, 82, 209.12
2026/09/26 00:34:59.697, 0, 22625, 97871, 35, 200.64
2026/09/26 00:34:59.697, 1, 22623, 97871, 59, 215.94
2026/09/26 00:34:59.697, 2, 22643, 97871, 76, 205.33
2026/09/26 00:34:59.697, 3, 22641, 97871, 77, 208.23
2026/09/26 00:34:59.897, 0, 22625, 97871, 35, 199.09
2026/09/26 00:34:59.897, 1, 22623, 97871, 73, 216.93
2026/09/26 00:34:59.897, 2, 22643, 97871, 75, 205.96
2026/09/26 00:34:59.897, 3, 22641, 97871, 77, 209.57
2026/09/26 00:35:00.097, 0, 22625, 97871, 34, 200.98
2026/09/26 00:35:00.097, 1, 22623, 97871, 80, 217.12
2026/09/26 00:35:00.097, 2, 22643, 97871, 77, 207.12
2026/09/26 00:35:00.097, 3, 22641, 97871, 78, 209.94
2026/09/26 00:35:00.297, 0, 22625, 97871, 35, 200.94
2026/09/26 00:35:00.297, 1, 22623, 97871, 76, 216.66
2026/09/26 00:35:00.297, 2, 22643, 97871, 60, 203.25
2026/09/26 00:35:00.297, 3, 22641, 97871, 81, 211.80
2026/09/26 00:35:00.498, 0, 22625, 97871, 35, 200.94
2026/09/26 00:35:00.498, 1, 22623, 97871, 67, 218.05
2026/09/26 00:35:00.498, 2, 22643, 97871, 79, 202.47
2026/09/26 00:35:00.498, 3, 22641, 97871, 81, 210.95
2026/09/26 00:35:00.698, 0, 22625, 97871, 36, 200.99
2026/09/26 00:35:00.698, 1, 22623, 97871, 71, 219.19
2026/09/26 00:35:00.698, 2, 22643, 97871, 56, 201.43
2026/09/26 00:35:00.698, 3, 22641, 97871, 80, 209.04
2026/09/26 00:35:00.898, 0, 22625, 97871, 35, 199.10
2026/09/26 00:35:00.898, 1, 22623, 97871, 78, 218.55
2026/09/26 00:35:00.898, 2, 22643, 97871, 72, 198.60
2026/09/26 00:35:00.898, 3, 22641, 97871, 83, 209.24
2026/09/26 00:35:01.098, 0, 22625, 97871, 40, 198.65
2026/09/26 00:35:01.098, 1, 22623, 97871, 77, 220.47
2026/09/26 00:35:01.098, 2, 22643, 97871, 66, 197.15
2026/09/26 00:35:01.098, 3, 22641, 97871, 78, 209.50
2026/09/26 00:35:01.298, 0, 22625, 97871, 34, 200.07
2026/09/26 00:35:01.298, 1, 22623, 97871, 68, 221.10
2026/09/26 00:35:01.298, 2, 22643, 97871, 50, 198.72
2026/09/26 00:35:01.298, 3, 22641, 97871, 73, 208.70
2026/09/26 00:35:01.498, 0, 22625, 97871, 36, 200.51
2026/09/26 00:35:01.498, 1, 22623, 97871, 73, 220.13
2026/09/26 00:35:01.498, 2, 22643, 97871, 76, 200.27
2026/09/26 00:35:01.498, 3, 22641, 97871, 78, 209.83
2026/09/26 00:35:01.699, 0, 22625, 97871, 36, 200.62
2026/09/26 00:35:01.699, 1, 22623, 97871, 73, 220.91
2026/09/26 00:35:01.699, 2, 22643, 97871, 75, 200.76
2026/09/26 00:35:01.699, 3, 22641, 97871, 80, 213.43
2026/09/26 00:35:01.899, 0, 22625, 97871, 39, 203.20
2026/09/26 00:35:01.899, 1, 22623, 97871, 68, 221.26
2026/09/26 00:35:01.899, 2, 22643, 97871, 44, 202.31
2026/09/26 00:35:01.899, 3, 22641, 97871, 76, 212.44
2026/09/26 00:35:02.099, 0, 22625, 97871, 38, 203.18
2026/09/26 00:35:02.099, 1, 22623, 97871, 80, 222.29
2026/09/26 00:35:02.099, 2, 22643, 97871, 68, 202.18
2026/09/26 00:35:02.099, 3, 22641, 97871, 79, 213.32
2026/09/26 00:35:02.299, 0, 22625, 97871, 39, 202.88
2026/09/26 00:35:02.299, 1, 22623, 97871, 76, 222.40
2026/09/26 00:35:02.299, 2, 22643, 97871, 60, 202.75
2026/09/26 00:35:02.299, 3, 22641, 97871, 76, 215.80
2026/09/26 00:35:02.499, 0, 22625, 97871, 36, 205.11
2026/09/26 00:35:02.499, 1, 22623, 97871, 75, 222.13
2026/09/26 00:35:02.499, 2, 22643, 97871, 71, 204.32
2026/09/26 00:35:02.499, 3, 22641, 97871, 81, 216.20
2026/09/26 00:35:02.699, 0, 22625, 97871, 37, 205.95
2026/09/26 00:35:02.699, 1, 22623, 97871, 75, 221.78
2026/09/26 00:35:02.699, 2, 22643, 97871, 68, 207.56
2026/09/26 00:35:02.699, 3, 22641, 97871, 78, 217.73
2026/09/26 00:35:02.899, 0, 22625, 97871, 37, 205.49
2026/09/26 00:35:02.899, 1, 22623, 97871, 55, 221.73
2026/09/26 00:35:02.900, 2, 22643, 97871, 76, 209.10
2026/09/26 00:35:02.900, 3, 22641, 97871, 78, 217.82
2026/09/26 00:35:03.100, 0, 22625, 97871, 41, 207.05
2026/09/26 00:35:03.100, 1, 22623, 97871, 74, 221.75
2026/09/26 00:35:03.100, 2, 22643, 97871, 80, 211.15
2026/09/26 00:35:03.100, 3, 22641, 97871, 82, 216.99
2026/09/26 00:35:03.300, 0, 22625, 97871, 37, 206.31
2026/09/26 00:35:03.300, 1, 22623, 97871, 78, 223.45
2026/09/26 00:35:03.300, 2, 22643, 97871, 64, 212.18
2026/09/26 00:35:03.300, 3, 22641, 97871, 81, 215.12
2026/09/26 00:35:03.500, 0, 22625, 97871, 74, 201.93
2026/09/26 00:35:03.500, 1, 22623, 97871, 74, 221.64
2026/09/26 00:35:03.500, 2, 22643, 97871, 77, 212.11
2026/09/26 00:35:03.500, 3, 22641, 97871, 66, 220.80
2026/09/26 00:35:03.700, 0, 22625, 97871, 100, 229.31
2026/09/26 00:35:03.700, 1, 22623, 97871, 100, 248.58
2026/09/26 00:35:03.700, 2, 22643, 97871, 100, 236.31
2026/09/26 00:35:03.700, 3, 22641, 97871, 100, 243.41
2026/09/26 00:35:03.900, 0, 22625, 97871, 34, 239.28
2026/09/26 00:35:03.900, 1, 22623, 97871, 84, 261.59
2026/09/26 00:35:03.900, 2, 22643, 97871, 68, 245.98
2026/09/26 00:35:03.900, 3, 22641, 97871, 72, 247.75
2026/09/26 00:35:04.100, 0, 22625, 97871, 36, 237.81
2026/09/26 00:35:04.100, 1, 22623, 97871, 53, 259.65
2026/09/26 00:35:04.100, 2, 22643, 97871, 66, 244.49
2026/09/26 00:35:04.100, 3, 22641, 97871, 77, 247.75
2026/09/26 00:35:04.300, 0, 22625, 97871, 36, 237.94
2026/09/26 00:35:04.300, 1, 22623, 97871, 72, 257.30
2026/09/26 00:35:04.301, 2, 22643, 97871, 61, 243.49
2026/09/26 00:35:04.301, 3, 22641, 97871, 78, 246.45
2026/09/26 00:35:04.501, 0, 22625, 97871, 37, 242.54
2026/09/26 00:35:04.501, 1, 22623, 97871, 64, 258.75
2026/09/26 00:35:04.501, 2, 22643, 97871, 57, 242.70
2026/09/26 00:35:04.501, 3, 22641, 97871, 80, 243.80
2026/09/26 00:35:04.701, 0, 22625, 97871, 37, 214.41
2026/09/26 00:35:04.701, 1, 22623, 97871, 66, 231.31
2026/09/26 00:35:04.701, 2, 22643, 97871, 56, 217.06
2026/09/26 00:35:04.701, 3, 22641, 97871, 72, 218.04
2026/09/26 00:35:04.901, 0, 22625, 97871, 35, 201.50
2026/09/26 00:35:04.901, 1, 22623, 97871, 73, 216.41
2026/09/26 00:35:04.901, 2, 22643, 97871, 67, 204.05
2026/09/26 00:35:04.901, 3, 22641, 97871, 79, 208.56
2026/09/26 00:35:05.101, 0, 22625, 97871, 41, 202.09
2026/09/26 00:35:05.101, 1, 22623, 97871, 64, 216.27
2026/09/26 00:35:05.101, 2, 22643, 97871, 54, 202.62
2026/09/26 00:35:05.101, 3, 22641, 97871, 62, 209.06
2026/09/26 00:35:05.301, 0, 22625, 97871, 43, 204.26
2026/09/26 00:35:05.301, 1, 22623, 97871, 58, 213.78
2026/09/26 00:35:05.301, 2, 22643, 97871, 55, 201.50
2026/09/26 00:35:05.301, 3, 22641, 97871, 72, 208.87
2026/09/26 00:35:05.501, 0, 22625, 97871, 35, 203.05
2026/09/26 00:35:05.501, 1, 22623, 97871, 46, 215.23
2026/09/26 00:35:05.501, 2, 22643, 97871, 72, 200.34
2026/09/26 00:35:05.501, 3, 22641, 97871, 78, 209.25
2026/09/26 00:35:05.701, 0, 22625, 97871, 36, 204.75
2026/09/26 00:35:05.702, 1, 22623, 97871, 52, 216.09
2026/09/26 00:35:05.702, 2, 22643, 97871, 57, 200.94
2026/09/26 00:35:05.702, 3, 22641, 97871, 73, 208.70
2026/09/26 00:35:05.902, 0, 22625, 97871, 36, 203.50
2026/09/26 00:35:05.902, 1, 22623, 97871, 61, 214.90
2026/09/26 00:35:05.902, 2, 22643, 97871, 65, 201.21
2026/09/26 00:35:05.902, 3, 22641, 97871, 77, 211.70
2026/09/26 00:35:06.102, 0, 22625, 97871, 38, 203.20
2026/09/26 00:35:06.102, 1, 22623, 97871, 63, 215.57
2026/09/26 00:35:06.102, 2, 22643, 97871, 64, 203.72
2026/09/26 00:35:06.102, 3, 22641, 97871, 76, 210.58
2026/09/26 00:35:06.302, 0, 22625, 97871, 36, 201.91
2026/09/26 00:35:06.302, 1, 22623, 97871, 67, 217.47
2026/09/26 00:35:06.302, 2, 22643, 97871, 72, 203.20
2026/09/26 00:35:06.302, 3, 22641, 97871, 79, 212.30
2026/09/26 00:35:06.502, 0, 22625, 97871, 39, 202.50
2026/09/26 00:35:06.502, 1, 22623, 97871, 65, 217.33
2026/09/26 00:35:06.502, 2, 22643, 97871, 67, 202.10
2026/09/26 00:35:06.502, 3, 22641, 97871, 70, 214.27
2026/09/26 00:35:06.702, 0, 22625, 97871, 36, 201.84
2026/09/26 00:35:06.702, 1, 22623, 97871, 60, 219.59
2026/09/26 00:35:06.702, 2, 22643, 97871, 62, 202.34
2026/09/26 00:35:06.702, 3, 22641, 97871, 81, 214.21
2026/09/26 00:35:06.902, 0, 22625, 97871, 35, 202.12
2026/09/26 00:35:06.902, 1, 22623, 97871, 57, 216.82
2026/09/26 00:35:06.902, 2, 22643, 97871, 63, 201.64
2026/09/26 00:35:06.902, 3, 22641, 97871, 72, 213.64
2026/09/26 00:35:07.103, 0, 22625, 97871, 46, 202.39
2026/09/26 00:35:07.103, 1, 22623, 97871, 48, 216.97
2026/09/26 00:35:07.103, 2, 22643, 97871, 66, 203.02
2026/09/26 00:35:07.103, 3, 22641, 97871, 75, 214.54
2026/09/26 00:35:07.303, 0, 22625, 97871, 36, 202.86
2026/09/26 00:35:07.303, 1, 22623, 97871, 59, 216.38
2026/09/26 00:35:07.303, 2, 22643, 97871, 55, 204.01
2026/09/26 00:35:07.303, 3, 22641, 97871, 80, 212.08
2026/09/26 00:35:07.503, 0, 22625, 97871, 48, 203.54
2026/09/26 00:35:07.503, 1, 22623, 97871, 45, 216.16
2026/09/26 00:35:07.503, 2, 22643, 97871, 59, 204.86
2026/09/26 00:35:07.503, 3, 22641, 97871, 80, 209.63
2026/09/26 00:35:07.703, 0, 22625, 97871, 43, 204.04
2026/09/26 00:35:07.703, 1, 22623, 97871, 59, 214.88
2026/09/26 00:35:07.703, 2, 22643, 97871, 63, 205.56
2026/09/26 00:35:07.703, 3, 22641, 97871, 75, 210.26
2026/09/26 00:35:07.903, 0, 22625, 97871, 41, 204.27
2026/09/26 00:35:07.903, 1, 22623, 97871, 56, 217.91
2026/09/26 00:35:07.903, 2, 22643, 97871, 61, 207.24
2026/09/26 00:35:07.903, 3, 22641, 97871, 81, 211.37
2026/09/26 00:35:08.103, 0, 22625, 97871, 44, 204.09
2026/09/26 00:35:08.103, 1, 22623, 97871, 58, 218.14
2026/09/26 00:35:08.103, 2, 22643, 97871, 64, 205.51
2026/09/26 00:35:08.103, 3, 22641, 97871, 74, 213.26
2026/09/26 00:35:08.303, 0, 22625, 97871, 36, 203.38
2026/09/26 00:35:08.304, 1, 22623, 97871, 69, 219.00
2026/09/26 00:35:08.304, 2, 22643, 97871, 67, 206.08
2026/09/26 00:35:08.304, 3, 22641, 97871, 77, 214.50
2026/09/26 00:35:08.504, 0, 22625, 97871, 40, 204.51
2026/09/26 00:35:08.504, 1, 22623, 97871, 47, 219.68
2026/09/26 00:35:08.504, 2, 22643, 97871, 67, 206.18
2026/09/26 00:35:08.504, 3, 22641, 97871, 72, 214.75
2026/09/26 00:35:08.704, 0, 22625, 97871, 37, 204.19
2026/09/26 00:35:08.704, 1, 22623, 97871, 68, 218.89
2026/09/26 00:35:08.704, 2, 22643, 97871, 70, 205.69
2026/09/26 00:35:08.704, 3, 22641, 97871, 80, 215.78
2026/09/26 00:35:08.904, 0, 22625, 97871, 37, 204.15
2026/09/26 00:35:08.904, 1, 22623, 97871, 72, 218.90
2026/09/26 00:35:08.904, 2, 22643, 97871, 58, 204.39
2026/09/26 00:35:08.904, 3, 22641, 97871, 78, 213.69
2026/09/26 00:35:09.104, 0, 22625, 97871, 45, 205.88
2026/09/26 00:35:09.104, 1, 22623, 97871, 74, 220.16
2026/09/26 00:35:09.104, 2, 22643, 97871, 77, 204.91
2026/09/26 00:35:09.104, 3, 22641, 97871, 80, 209.67
2026/09/26 00:35:09.304, 0, 22625, 97871, 38, 207.97
2026/09/26 00:35:09.304, 1, 22623, 97871, 76, 221.57
2026/09/26 00:35:09.304, 2, 22643, 97871, 64, 206.61
2026/09/26 00:35:09.304, 3, 22641, 97871, 75, 208.92
2026/09/26 00:35:09.504, 0, 22625, 97871, 38, 208.22
2026/09/26 00:35:09.504, 1, 22623, 97871, 64, 222.19
2026/09/26 00:35:09.504, 2, 22643, 97871, 72, 206.74
2026/09/26 00:35:09.505, 3, 22641, 97871, 77, 210.27
2026/09/26 00:35:09.705, 0, 22625, 97871, 35, 207.16
2026/09/26 00:35:09.705, 1, 22623, 97871, 76, 222.23
2026/09/26 00:35:09.705, 2, 22643, 97871, 79, 206.32
2026/09/26 00:35:09.705, 3, 22641, 97871, 81, 211.65
2026/09/26 00:35:09.905, 0, 22625, 97871, 34, 208.51
2026/09/26 00:35:09.905, 1, 22623, 97871, 72, 220.34
2026/09/26 00:35:09.905, 2, 22643, 97871, 76, 206.37
2026/09/26 00:35:09.905, 3, 22641, 97871, 77, 211.33
2026/09/26 00:35:10.105, 0, 22625, 97871, 100, 222.71
2026/09/26 00:35:10.105, 1, 22623, 97871, 71, 238.79
2026/09/26 00:35:10.105, 2, 22643, 97871, 100, 224.81
2026/09/26 00:35:10.105, 3, 22641, 97871, 95, 235.78
2026/09/26 00:35:10.305, 0, 22625, 97871, 89, 244.72
2026/09/26 00:35:10.305, 1, 22623, 97871, 100, 263.71
2026/09/26 00:35:10.305, 2, 22643, 97871, 97, 245.61
2026/09/26 00:35:10.305, 3, 22641, 97871, 100, 254.52
2026/09/26 00:35:10.505, 0, 22625, 97871, 35, 244.20
2026/09/26 00:35:10.505, 1, 22623, 97871, 70, 263.94
2026/09/26 00:35:10.505, 2, 22643, 97871, 71, 246.55
2026/09/26 00:35:10.505, 3, 22641, 97871, 78, 253.80
2026/09/26 00:35:10.705, 0, 22625, 97871, 35, 244.00
2026/09/26 00:35:10.705, 1, 22623, 97871, 74, 263.51
2026/09/26 00:35:10.705, 2, 22643, 97871, 77, 247.81
2026/09/26 00:35:10.705, 3, 22641, 97871, 75, 251.46
2026/09/26 00:35:10.905, 0, 22625, 97871, 34, 242.63
2026/09/26 00:35:10.905, 1, 22623, 97871, 78, 261.34
2026/09/26 00:35:10.906, 2, 22643, 97871, 79, 248.09
2026/09/26 00:35:10.906, 3, 22641, 97871, 81, 254.66
2026/09/26 00:35:11.106, 0, 22625, 97871, 35, 228.06
2026/09/26 00:35:11.106, 1, 22623, 97871, 72, 242.79
2026/09/26 00:35:11.106, 2, 22643, 97871, 76, 225.83
2026/09/26 00:35:11.106, 3, 22641, 97871, 81, 230.06
2026/09/26 00:35:11.306, 0, 22625, 97871, 35, 203.67
2026/09/26 00:35:11.306, 1, 22623, 97871, 76, 213.83
2026/09/26 00:35:11.306, 2, 22643, 97871, 73, 204.64
2026/09/26 00:35:11.306, 3, 22641, 97871, 82, 214.90
2026/09/26 00:35:11.506, 0, 22625, 97871, 35, 203.48
2026/09/26 00:35:11.506, 1, 22623, 97871, 71, 211.38
2026/09/26 00:35:11.506, 2, 22643, 97871, 70, 205.16
2026/09/26 00:35:11.506, 3, 22641, 97871, 82, 212.71
2026/09/26 00:35:11.706, 0, 22625, 97871, 35, 202.02
2026/09/26 00:35:11.706, 1, 22623, 97871, 67, 211.58
2026/09/26 00:35:11.706, 2, 22643, 97871, 76, 204.77
2026/09/26 00:35:11.706, 3, 22641, 97871, 81, 213.09
2026/09/26 00:35:11.906, 0, 22625, 97871, 34, 203.46
2026/09/26 00:35:11.906, 1, 22623, 97871, 68, 212.92
2026/09/26 00:35:11.906, 2, 22643, 97871, 72, 203.70
2026/09/26 00:35:11.906, 3, 22641, 97871, 78, 211.68
2026/09/26 00:35:12.106, 0, 22625, 97871, 39, 202.93
2026/09/26 00:35:12.106, 1, 22623, 97871, 72, 212.63
2026/09/26 00:35:12.106, 2, 22643, 97871, 77, 204.89
2026/09/26 00:35:12.106, 3, 22641, 97871, 79, 212.26
2026/09/26 00:35:12.307, 0, 22625, 97871, 35, 200.88
2026/09/26 00:35:12.307, 1, 22623, 97871, 61, 215.74
2026/09/26 00:35:12.307, 2, 22643, 97871, 75, 206.76
2026/09/26 00:35:12.307, 3, 22641, 97871, 82, 210.38
2026/09/26 00:35:12.507, 0, 22625, 97871, 35, 201.80
2026/09/26 00:35:12.507, 1, 22623, 97871, 75, 218.21
2026/09/26 00:35:12.507, 2, 22643, 97871, 72, 204.67
2026/09/26 00:35:12.507, 3, 22641, 97871, 77, 212.21
2026/09/26 00:35:12.707, 0, 22625, 97871, 35, 201.77
2026/09/26 00:35:12.707, 1, 22623, 97871, 67, 219.60
2026/09/26 00:35:12.707, 2, 22643, 97871, 49, 202.85
2026/09/26 00:35:12.707, 3, 22641, 97871, 72, 211.32
2026/09/26 00:35:12.907, 0, 22625, 97871, 35, 201.19
2026/09/26 00:35:12.907, 1, 22623, 97871, 64, 219.62
2026/09/26 00:35:12.907, 2, 22643, 97871, 69, 203.18
2026/09/26 00:35:12.907, 3, 22641, 97871, 77, 210.30
2026/09/26 00:35:13.107, 0, 22625, 97871, 35, 201.38
2026/09/26 00:35:13.107, 1, 22623, 97871, 77, 220.25
2026/09/26 00:35:13.107, 2, 22643, 97871, 79, 201.76
2026/09/26 00:35:13.107, 3, 22641, 97871, 80, 210.52
2026/09/26 00:35:13.307, 0, 22625, 97871, 35, 203.38
2026/09/26 00:35:13.307, 1, 22623, 97871, 75, 219.58
2026/09/26 00:35:13.307, 2, 22643, 97871, 77, 202.59
2026/09/26 00:35:13.307, 3, 22641, 97871, 77, 210.42
2026/09/26 00:35:13.507, 0, 22625, 97871, 36, 202.99
2026/09/26 00:35:13.507, 1, 22623, 97871, 46, 218.72
2026/09/26 00:35:13.508, 2, 22643, 97871, 57, 201.87
2026/09/26 00:35:13.508, 3, 22641, 97871, 62, 208.82
2026/09/26 00:35:13.708, 0, 22625, 97871, 35, 204.04
2026/09/26 00:35:13.708, 1, 22623, 97871, 78, 219.32
2026/09/26 00:35:13.708, 2, 22643, 97871, 73, 203.68
2026/09/26 00:35:13.708, 3, 22641, 97871, 78, 210.14
2026/09/26 00:35:13.908, 0, 22625, 97871, 37, 206.03
2026/09/26 00:35:13.908, 1, 22623, 97871, 66, 220.54
2026/09/26 00:35:13.908, 2, 22643, 97871, 58, 204.64
2026/09/26 00:35:13.908, 3, 22641, 97871, 81, 210.70
2026/09/26 00:35:14.108, 0, 22625, 97871, 38, 205.57
2026/09/26 00:35:14.108, 1, 22623, 97871, 72, 220.14
2026/09/26 00:35:14.108, 2, 22643, 97871, 64, 206.83
2026/09/26 00:35:14.108, 3, 22641, 97871, 78, 211.05
2026/09/26 00:35:14.308, 0, 22625, 97871, 35, 203.49
2026/09/26 00:35:14.308, 1, 22623, 97871, 68, 220.55
2026/09/26 00:35:14.308, 2, 22643, 97871, 75, 206.22
2026/09/26 00:35:14.308, 3, 22641, 97871, 78, 211.97
2026/09/26 00:35:14.508, 0, 22625, 97871, 36, 204.79
2026/09/26 00:35:14.508, 1, 22623, 97871, 80, 217.26
2026/09/26 00:35:14.508, 2, 22643, 97871, 78, 205.72
2026/09/26 00:35:14.508, 3, 22641, 97871, 82, 213.23
2026/09/26 00:35:14.708, 0, 22625, 97871, 36, 203.51
2026/09/26 00:35:14.708, 1, 22623, 97871, 76, 217.03
2026/09/26 00:35:14.708, 2, 22643, 97871, 68, 204.70
2026/09/26 00:35:14.708, 3, 22641, 97871, 77, 211.10
2026/09/26 00:35:14.909, 0, 22625, 97871, 34, 201.88
2026/09/26 00:35:14.909, 1, 22623, 97871, 70, 215.74
2026/09/26 00:35:14.909, 2, 22643, 97871, 76, 202.62
2026/09/26 00:35:14.909, 3, 22641, 97871, 80, 210.97
2026/09/26 00:35:15.109, 0, 22625, 97871, 36, 202.79
2026/09/26 00:35:15.109, 1, 22623, 97871, 75, 216.16
2026/09/26 00:35:15.109, 2, 22643, 97871, 72, 203.25
2026/09/26 00:35:15.109, 3, 22641, 97871, 78, 212.85
2026/09/26 00:35:15.309, 0, 22625, 97871, 37, 205.52
2026/09/26 00:35:15.309, 1, 22623, 97871, 76, 215.61
2026/09/26 00:35:15.309, 2, 22643, 97871, 73, 204.48
2026/09/26 00:35:15.309, 3, 22641, 97871, 82, 213.48
2026/09/26 00:35:15.509, 0, 22625, 97871, 37, 203.85
2026/09/26 00:35:15.509, 1, 22623, 97871, 75, 217.72
2026/09/26 00:35:15.509, 2, 22643, 97871, 79, 202.43
2026/09/26 00:35:15.509, 3, 22641, 97871, 82, 213.43
2026/09/26 00:35:15.709, 0, 22625, 97871, 37, 204.91
2026/09/26 00:35:15.709, 1, 22623, 97871, 77, 216.76
2026/09/26 00:35:15.709, 2, 22643, 97871, 70, 202.22
2026/09/26 00:35:15.709, 3, 22641, 97871, 81, 214.97
2026/09/26 00:35:15.909, 0, 22625, 97871, 37, 204.58
2026/09/26 00:35:15.909, 1, 22623, 97871, 70, 215.84
2026/09/26 00:35:15.909, 2, 22643, 97871, 74, 204.20
2026/09/26 00:35:15.909, 3, 22641, 97871, 81, 215.42
2026/09/26 00:35:16.109, 0, 22625, 97871, 37, 204.71
2026/09/26 00:35:16.109, 1, 22623, 97871, 80, 216.77
2026/09/26 00:35:16.109, 2, 22643, 97871, 80, 204.85
2026/09/26 00:35:16.110, 3, 22641, 97871, 78, 212.57
2026/09/26 00:35:16.310, 0, 22625, 97871, 36, 204.65
2026/09/26 00:35:16.310, 1, 22623, 97871, 77, 219.10
2026/09/26 00:35:16.310, 2, 22643, 97871, 75, 205.56
2026/09/26 00:35:16.310, 3, 22641, 97871, 80, 211.88
2026/09/26 00:35:16.510, 0, 22625, 97871, 35, 203.56
2026/09/26 00:35:16.510, 1, 22623, 97871, 75, 214.35
2026/09/26 00:35:16.510, 2, 22643, 97871, 57, 203.50
2026/09/26 00:35:16.510, 3, 22641, 97871, 68, 205.36
2026/09/26 00:35:16.710, 0, 22091, 97871, 0, 189.08
2026/09/26 00:35:16.710, 1, 22089, 97871, 0, 198.23
2026/09/26 00:35:16.710, 2, 22109, 97871, 0, 189.40
2026/09/26 00:35:16.710, 3, 22107, 97871, 0, 189.62
2026/09/26 00:35:16.910, 0, 22057, 97871, 0, 167.57
2026/09/26 00:35:16.910, 1, 22055, 97871, 1, 182.06
2026/09/26 00:35:16.910, 2, 22075, 97871, 0, 171.75
2026/09/26 00:35:16.910, 3, 22073, 97871, 1, 171.99
2026/09/26 00:35:17.110, 0, 22057, 97871, 0, 147.62
2026/09/26 00:35:17.110, 1, 22055, 97871, 0, 164.25
2026/09/26 00:35:17.110, 2, 22075, 97871, 0, 153.97
2026/09/26 00:35:17.110, 3, 22073, 97871, 0, 156.50
2026/09/26 00:35:17.311, 0, 22057, 97871, 0, 130.82
2026/09/26 00:35:17.311, 1, 22055, 97871, 0, 145.55
2026/09/26 00:35:17.311, 2, 22075, 97871, 0, 136.85
2026/09/26 00:35:17.311, 3, 22073, 97871, 0, 138.80
2026/09/26 00:35:17.511, 0, 22057, 97871, 0, 120.81
2026/09/26 00:35:17.511, 1, 22055, 97871, 0, 129.67
2026/09/26 00:35:17.511, 2, 22075, 97871, 0, 123.65
2026/09/26 00:35:17.511, 3, 22073, 97871, 0, 126.98
2026/09/26 00:35:17.711, 0, 22057, 97871, 0, 119.75
2026/09/26 00:35:17.711, 1, 22055, 97871, 0, 128.30
2026/09/26 00:35:17.711, 2, 22075, 97871, 0, 121.54
2026/09/26 00:35:17.711, 3, 22073, 97871, 0, 126.03
2026/09/26 00:35:17.911, 0, 22057, 97871, 0, 119.57
2026/09/26 00:35:17.911, 1, 22055, 97871, 0, 128.21
2026/09/26 00:35:17.911, 2, 22075, 97871, 0, 121.49
2026/09/26 00:35:17.911, 3, 22073, 97871, 0, 125.88
2026/09/26 00:35:18.111, 0, 22057, 97871, 0, 119.53
2026/09/26 00:35:18.111, 1, 22055, 97871, 0, 128.17
2026/09/26 00:35:18.111, 2, 22075, 97871, 0, 121.45
2026/09/26 00:35:18.111, 3, 22073, 97871, 0, 125.84
2026/09/26 00:35:18.311, 0, 22057, 97871, 0, 119.50
2026/09/26 00:35:18.311, 1, 22055, 97871, 0, 128.11
2026/09/26 00:35:18.311, 2, 22075, 97871, 0, 121.36
2026/09/26 00:35:18.311, 3, 22073, 97871, 0, 125.80
2026/09/26 00:35:18.511, 0, 22055, 97871, 0, 119.59
2026/09/26 00:35:18.514, 1, 22053, 97871, 0, 128.09
2026/09/26 00:35:18.516, 2, 22073, 97871, 0, 121.48
2026/09/26 00:35:18.517, 3, 22071, 97871, 0, 125.79
2026/09/26 00:35:18.723, 0, 114, 97871, 4, 122.36
2026/09/26 00:35:18.968, 1, 22035, 97871, 0, 129.29
2026/09/26 00:35:18.968, 2, 502, 97871, 31, 124.41
2026/09/26 00:35:18.968, 3, 22, 97871, 0, 127.09
2026/09/26 00:35:19.168, 0, 0, 97871, 1, 123.01
2026/09/26 00:35:19.252, 1, 0, 97871, 32, 130.84
2026/09/26 00:35:19.252, 2, 0, 97871, 0, 124.93
2026/09/26 00:35:19.252, 3, 0, 97871, 0, 129.21
2026/09/26 00:35:19.452, 0, 0, 97871, 0, 123.69
2026/09/26 00:35:19.452, 1, 0, 97871, 0, 132.13
2026/09/26 00:35:19.452, 2, 0, 97871, 0, 125.40
2026/09/26 00:35:19.452, 3, 0, 97871, 0, 129.64
2026/09/26 00:35:19.652, 0, 0, 97871, 0, 123.68
2026/09/26 00:35:19.652, 1, 0, 97871, 0, 132.36
2026/09/26 00:35:19.652, 2, 0, 97871, 0, 125.56
2026/09/26 00:35:19.652, 3, 0, 97871, 0, 129.75
2026/09/26 00:35:19.852, 0, 0, 97871, 0, 121.86
2026/09/26 00:35:19.852, 1, 0, 97871, 0, 132.33
2026/09/26 00:35:19.852, 2, 0, 97871, 0, 125.15
2026/09/26 00:35:19.852, 3, 0, 97871, 0, 129.69
2026/09/26 00:35:20.052, 0, 0, 97871, 0, 121.83
2026/09/26 00:35:20.052, 1, 0, 97871, 0, 132.30
2026/09/26 00:35:20.052, 2, 0, 97871, 0, 123.64
2026/09/26 00:35:20.052, 3, 0, 97871, 0, 127.96
2026/09/26 00:35:20.252, 0, 0, 97871, 0, 120.29
2026/09/26 00:35:20.253, 1, 0, 97871, 0, 131.38
2026/09/26 00:35:20.253, 2, 0, 97871, 0, 123.61
2026/09/26 00:35:20.253, 3, 0, 97871, 0, 127.81
2026/09/26 00:35:20.453, 0, 0, 97871, 0, 111.40
2026/09/26 00:35:20.453, 1, 0, 97871, 0, 130.40
2026/09/26 00:35:20.453, 2, 0, 97871, 0, 121.13
2026/09/26 00:35:20.453, 3, 0, 97871, 0, 127.36
2026/09/26 00:35:20.653, 0, 0, 97871, 0, 102.08
2026/09/26 00:35:20.653, 1, 0, 97871, 0, 130.40
2026/09/26 00:35:20.653, 2, 0, 97871, 0, 112.06
2026/09/26 00:35:20.653, 3, 0, 97871, 0, 118.07
2026/09/26 00:35:20.853, 0, 0, 97871, 0, 92.86
2026/09/26 00:35:20.853, 1, 0, 97871, 0, 130.40
2026/09/26 00:35:20.853, 2, 0, 97871, 0, 103.44
2026/09/26 00:35:20.853, 3, 0, 97871, 0, 108.48
2026/09/26 00:35:21.053, 0, 0, 97871, 0, 84.33
2026/09/26 00:35:21.053, 1, 0, 97871, 0, 130.36
2026/09/26 00:35:21.053, 2, 0, 97871, 0, 93.93
2026/09/26 00:35:21.053, 3, 0, 97871, 0, 98.83
