timestamp,gpu_index,memory_used_mib,memory_total_mib,gpu_utilization_percent,power_watts
2026/09/11 16:13:27.854, 0, 0, 97871, 0, 74.49
2026/09/11 16:13:27.857, 1, 0, 97871, 0, 78.82
2026/09/11 16:13:27.861, 2, 0, 97871, 0, 75.03
2026/09/11 16:13:27.864, 3, 0, 97871, 0, 75.24
2026/09/11 16:13:28.068, 0, 0, 97871, 0, 74.42
2026/09/11 16:13:28.068, 1, 0, 97871, 0, 76.56
2026/09/11 16:13:28.068, 2, 0, 97871, 0, 74.96
2026/09/11 16:13:28.068, 3, 0, 97871, 0, 75.27
2026/09/11 16:13:28.268, 0, 0, 97871, 0, 74.40
2026/09/11 16:13:28.268, 1, 0, 97871, 0, 76.37
2026/09/11 16:13:28.268, 2, 0, 97871, 0, 74.93
2026/09/11 16:13:28.268, 3, 0, 97871, 0, 75.27
2026/09/11 16:13:28.468, 0, 0, 97871, 0, 74.42
2026/09/11 16:13:28.468, 1, 0, 97871, 0, 76.22
2026/09/11 16:13:28.468, 2, 0, 97871, 0, 74.93
2026/09/11 16:13:28.468, 3, 0, 97871, 0, 75.20
2026/09/11 16:13:28.668, 0, 0, 97871, 0, 74.37
2026/09/11 16:13:28.668, 1, 0, 97871, 0, 76.13
2026/09/11 16:13:28.668, 2, 0, 97871, 0, 74.92
2026/09/11 16:13:28.668, 3, 0, 97871, 0, 75.23
2026/09/11 16:13:28.869, 0, 0, 97871, 0, 74.37
2026/09/11 16:13:28.869, 1, 0, 97871, 0, 76.09
2026/09/11 16:13:28.869, 2, 0, 97871, 0, 74.92
2026/09/11 16:13:28.869, 3, 0, 97871, 0, 75.26
2026/09/11 16:13:29.069, 0, 0, 97871, 0, 74.39
2026/09/11 16:13:29.069, 1, 0, 97871, 0, 76.07
2026/09/11 16:13:29.069, 2, 0, 97871, 0, 74.91
2026/09/11 16:13:29.069, 3, 0, 97871, 0, 75.23
2026/09/11 16:13:29.269, 0, 0, 97871, 0, 74.34
2026/09/11 16:13:29.269, 1, 0, 97871, 0, 76.06
2026/09/11 16:13:29.269, 2, 0, 97871, 0, 74.86
2026/09/11 16:13:29.269, 3, 0, 97871, 0, 75.18
2026/09/11 16:13:29.469, 0, 0, 97871, 0, 74.32
2026/09/11 16:13:29.469, 1, 0, 97871, 0, 76.06
2026/09/11 16:13:29.469, 2, 0, 97871, 0, 74.82
2026/09/11 16:13:29.469, 3, 0, 97871, 0, 75.24
2026/09/11 16:13:29.669, 0, 0, 97871, 0, 74.35
2026/09/11 16:13:29.669, 1, 0, 97871, 0, 76.05
2026/09/11 16:13:29.669, 2, 0, 97871, 0, 74.82
2026/09/11 16:13:29.669, 3, 0, 97871, 0, 75.25
2026/09/11 16:13:29.869, 0, 0, 97871, 0, 74.31
2026/09/11 16:13:29.869, 1, 0, 97871, 0, 76.04
2026/09/11 16:13:29.869, 2, 0, 97871, 0, 74.80
2026/09/11 16:13:29.870, 3, 0, 97871, 0, 75.18
2026/09/11 16:13:30.070, 0, 0, 97871, 0, 74.30
2026/09/11 16:13:30.070, 1, 0, 97871, 0, 76.04
2026/09/11 16:13:30.070, 2, 0, 97871, 0, 74.79
2026/09/11 16:13:30.070, 3, 0, 97871, 0, 75.18
2026/09/11 16:13:30.270, 0, 0, 97871, 0, 74.32
2026/09/11 16:13:30.270, 1, 0, 97871, 0, 76.04
2026/09/11 16:13:30.270, 2, 0, 97871, 0, 74.78
2026/09/11 16:13:30.270, 3, 0, 97871, 0, 75.23
2026/09/11 16:13:30.470, 0, 0, 97871, 0, 74.29
2026/09/11 16:13:30.470, 1, 0, 97871, 0, 76.04
2026/09/11 16:13:30.470, 2, 0, 97871, 0, 74.79
2026/09/11 16:13:30.470, 3, 0, 97871, 0, 75.23
2026/09/11 16:13:30.670, 0, 0, 97871, 0, 74.28
2026/09/11 16:13:30.670, 1, 0, 97871, 0, 76.02
2026/09/11 16:13:30.670, 2, 0, 97871, 0, 74.74
2026/09/11 16:13:30.670, 3, 0, 97871, 0, 75.16
2026/09/11 16:13:30.870, 0, 0, 97871, 0, 74.30
2026/09/11 16:13:30.870, 1, 0, 97871, 0, 76.00
2026/09/11 16:13:30.870, 2, 0, 97871, 0, 74.71
2026/09/11 16:13:30.870, 3, 0, 97871, 0, 75.23
2026/09/11 16:13:31.071, 0, 0, 97871, 0, 74.28
2026/09/11 16:13:31.071, 1, 0, 97871, 0, 76.00
2026/09/11 16:13:31.071, 2, 0, 97871, 0, 74.69
2026/09/11 16:13:31.071, 3, 0, 97871, 0, 75.27
2026/09/11 16:13:31.271, 0, 0, 97871, 0, 74.27
2026/09/11 16:13:31.271, 1, 0, 97871, 0, 76.01
2026/09/11 16:13:31.271, 2, 0, 97871, 0, 74.67
2026/09/11 16:13:31.271, 3, 0, 97871, 0, 75.20
2026/09/11 16:13:31.471, 0, 0, 97871, 0, 74.30
2026/09/11 16:13:31.471, 1, 0, 97871, 0, 76.01
2026/09/11 16:13:31.471, 2, 0, 97871, 0, 74.67
2026/09/11 16:13:31.471, 3, 0, 97871, 0, 75.19
2026/09/11 16:13:31.671, 0, 0, 97871, 0, 74.27
2026/09/11 16:13:31.671, 1, 0, 97871, 0, 76.00
2026/09/11 16:13:31.671, 2, 0, 97871, 0, 74.68
2026/09/11 16:13:31.671, 3, 0, 97871, 0, 75.25
2026/09/11 16:13:31.871, 0, 0, 97871, 0, 74.29
2026/09/11 16:13:31.871, 1, 0, 97871, 0, 76.02
2026/09/11 16:13:31.871, 2, 0, 97871, 0, 74.68
2026/09/11 16:13:31.871, 3, 0, 97871, 0, 75.25
2026/09/11 16:13:32.072, 0, 0, 97871, 0, 74.29
2026/09/11 16:13:32.072, 1, 0, 97871, 0, 76.03
2026/09/11 16:13:32.072, 2, 0, 97871, 0, 74.70
2026/09/11 16:13:32.072, 3, 0, 97871, 0, 75.15
2026/09/11 16:13:32.272, 0, 0, 97871, 0, 74.27
2026/09/11 16:13:32.272, 1, 0, 97871, 0, 76.01
2026/09/11 16:13:32.272, 2, 0, 97871, 0, 74.71
2026/09/11 16:13:32.272, 3, 0, 97871, 0, 75.18
2026/09/11 16:13:32.472, 0, 0, 97871, 0, 74.27
2026/09/11 16:13:32.472, 1, 0, 97871, 0, 76.00
2026/09/11 16:13:32.472, 2, 0, 97871, 0, 74.71
2026/09/11 16:13:32.472, 3, 0, 97871, 0, 75.23
2026/09/11 16:13:32.672, 0, 0, 97871, 0, 74.28
2026/09/11 16:13:32.672, 1, 0, 97871, 0, 75.99
2026/09/11 16:13:32.672, 2, 0, 97871, 0, 74.69
2026/09/11 16:13:32.672, 3, 0, 97871, 0, 75.18
2026/09/11 16:13:32.872, 0, 0, 97871, 0, 74.24
2026/09/11 16:13:32.872, 1, 0, 97871, 0, 75.97
2026/09/11 16:13:32.872, 2, 0, 97871, 0, 74.71
2026/09/11 16:13:32.872, 3, 0, 97871, 0, 75.11
2026/09/11 16:13:33.072, 0, 0, 97871, 0, 74.26
2026/09/11 16:13:33.072, 1, 0, 97871, 0, 75.93
2026/09/11 16:13:33.072, 2, 0, 97871, 0, 74.69
2026/09/11 16:13:33.072, 3, 0, 97871, 0, 75.18
2026/09/11 16:13:33.273, 0, 0, 97871, 0, 74.27
2026/09/11 16:13:33.274, 1, 0, 97871, 0, 75.93
2026/09/11 16:13:33.274, 2, 0, 97871, 0, 74.68
2026/09/11 16:13:33.274, 3, 0, 97871, 0, 75.17
2026/09/11 16:13:33.474, 0, 0, 97871, 0, 74.27
2026/09/11 16:13:33.474, 1, 0, 97871, 0, 75.94
2026/09/11 16:13:33.474, 2, 0, 97871, 0, 74.68
2026/09/11 16:13:33.474, 3, 0, 97871, 0, 75.08
2026/09/11 16:13:33.674, 0, 0, 97871, 0, 74.28
2026/09/11 16:13:33.674, 1, 0, 97871, 0, 75.94
2026/09/11 16:13:33.674, 2, 0, 97871, 0, 74.68
2026/09/11 16:13:33.674, 3, 0, 97871, 0, 75.08
2026/09/11 16:13:33.874, 0, 0, 97871, 0, 74.30
2026/09/11 16:13:33.874, 1, 0, 97871, 0, 75.94
2026/09/11 16:13:33.874, 2, 0, 97871, 0, 74.67
2026/09/11 16:13:33.875, 3, 0, 97871, 0, 75.11
2026/09/11 16:13:34.075, 0, 0, 97871, 0, 74.25
2026/09/11 16:13:34.075, 1, 0, 97871, 0, 75.93
2026/09/11 16:13:34.075, 2, 0, 97871, 0, 74.67
2026/09/11 16:13:34.075, 3, 0, 97871, 0, 75.07
2026/09/11 16:13:34.275, 0, 0, 97871, 0, 74.25
2026/09/11 16:13:34.275, 1, 0, 97871, 0, 75.91
2026/09/11 16:13:34.275, 2, 0, 97871, 0, 74.66
2026/09/11 16:13:34.275, 3, 0, 97871, 0, 75.01
2026/09/11 16:13:34.475, 0, 0, 97871, 0, 74.23
2026/09/11 16:13:34.475, 1, 0, 97871, 0, 75.90
2026/09/11 16:13:34.475, 2, 0, 97871, 0, 74.66
2026/09/11 16:13:34.475, 3, 0, 97871, 0, 75.06
2026/09/11 16:13:34.675, 0, 0, 97871, 0, 74.22
2026/09/11 16:13:34.675, 1, 0, 97871, 0, 75.89
2026/09/11 16:13:34.675, 2, 0, 97871, 0, 74.65
2026/09/11 16:13:34.675, 3, 0, 97871, 0, 75.10
2026/09/11 16:13:34.875, 0, 0, 97871, 0, 74.23
2026/09/11 16:13:34.875, 1, 0, 97871, 0, 75.89
2026/09/11 16:13:34.875, 2, 0, 97871, 0, 74.68
2026/09/11 16:13:34.875, 3, 0, 97871, 0, 75.06
2026/09/11 16:13:35.075, 0, 0, 97871, 0, 74.24
2026/09/11 16:13:35.076, 1, 0, 97871, 0, 75.87
2026/09/11 16:13:35.076, 2, 0, 97871, 0, 74.68
2026/09/11 16:13:35.076, 3, 0, 97871, 0, 75.04
2026/09/11 16:13:35.276, 0, 0, 97871, 0, 74.20
2026/09/11 16:13:35.276, 1, 0, 97871, 0, 75.85
2026/09/11 16:13:35.276, 2, 0, 97871, 0, 74.69
2026/09/11 16:13:35.276, 3, 0, 97871, 0, 75.07
2026/09/11 16:13:35.476, 0, 0, 97871, 0, 74.21
2026/09/11 16:13:35.476, 1, 0, 97871, 0, 75.84
2026/09/11 16:13:35.476, 2, 0, 97871, 0, 74.69
2026/09/11 16:13:35.476, 3, 0, 97871, 0, 75.08
2026/09/11 16:13:35.676, 0, 0, 97871, 0, 74.19
2026/09/11 16:13:35.676, 1, 0, 97871, 0, 75.83
2026/09/11 16:13:35.676, 2, 0, 97871, 0, 74.68
2026/09/11 16:13:35.676, 3, 0, 97871, 0, 75.00
2026/09/11 16:13:35.876, 0, 0, 97871, 0, 74.14
2026/09/11 16:13:35.876, 1, 0, 97871, 0, 75.82
2026/09/11 16:13:35.876, 2, 0, 97871, 0, 74.67
2026/09/11 16:13:35.876, 3, 0, 97871, 0, 75.04
2026/09/11 16:13:36.076, 0, 0, 97871, 0, 74.14
2026/09/11 16:13:36.076, 1, 0, 97871, 0, 75.83
2026/09/11 16:13:36.077, 2, 0, 97871, 0, 74.63
2026/09/11 16:13:36.077, 3, 0, 97871, 0, 75.06
2026/09/11 16:13:36.277, 0, 0, 97871, 0, 74.15
2026/09/11 16:13:36.277, 1, 0, 97871, 0, 75.83
2026/09/11 16:13:36.277, 2, 0, 97871, 0, 74.61
2026/09/11 16:13:36.277, 3, 0, 97871, 0, 75.07
2026/09/11 16:13:36.477, 0, 0, 97871, 0, 74.12
2026/09/11 16:13:36.477, 1, 0, 97871, 0, 75.85
2026/09/11 16:13:36.477, 2, 0, 97871, 0, 74.59
2026/09/11 16:13:36.477, 3, 0, 97871, 0, 75.00
2026/09/11 16:13:36.677, 0, 0, 97871, 0, 74.12
2026/09/11 16:13:36.677, 1, 0, 97871, 0, 75.84
2026/09/11 16:13:36.677, 2, 0, 97871, 0, 74.61
2026/09/11 16:13:36.677, 3, 0, 97871, 0, 75.07
2026/09/11 16:13:36.877, 0, 0, 97871, 0, 74.14
2026/09/11 16:13:36.877, 1, 0, 97871, 0, 75.84
2026/09/11 16:13:36.877, 2, 0, 97871, 0, 74.59
2026/09/11 16:13:36.877, 3, 0, 97871, 0, 75.11
2026/09/11 16:13:37.077, 0, 0, 97871, 0, 74.12
2026/09/11 16:13:37.077, 1, 0, 97871, 0, 75.83
2026/09/11 16:13:37.077, 2, 0, 97871, 0, 74.60
2026/09/11 16:13:37.077, 3, 0, 97871, 0, 75.06
2026/09/11 16:13:37.277, 0, 0, 97871, 0, 74.14
2026/09/11 16:13:37.277, 1, 0, 97871, 0, 75.83
2026/09/11 16:13:37.277, 2, 0, 97871, 0, 74.60
2026/09/11 16:13:37.278, 3, 0, 97871, 0, 75.04
2026/09/11 16:13:37.478, 0, 0, 97871, 0, 74.15
2026/09/11 16:13:37.478, 1, 0, 97871, 0, 75.79
2026/09/11 16:13:37.478, 2, 0, 97871, 0, 74.59
2026/09/11 16:13:37.478, 3, 0, 97871, 0, 75.10
2026/09/11 16:13:37.678, 0, 0, 97871, 0, 74.12
2026/09/11 16:13:37.678, 1, 0, 97871, 0, 75.79
2026/09/11 16:13:37.678, 2, 0, 97871, 0, 74.56
2026/09/11 16:13:37.678, 3, 0, 97871, 0, 75.09
2026/09/11 16:13:37.878, 0, 0, 97871, 0, 74.13
2026/09/11 16:13:37.878, 1, 0, 97871, 0, 75.80
2026/09/11 16:13:37.878, 2, 0, 97871, 0, 74.54
2026/09/11 16:13:37.878, 3, 0, 97871, 0, 75.01
2026/09/11 16:13:38.078, 0, 0, 97871, 0, 74.15
2026/09/11 16:13:38.078, 1, 0, 97871, 0, 75.81
2026/09/11 16:13:38.078, 2, 0, 97871, 0, 74.52
2026/09/11 16:13:38.078, 3, 0, 97871, 0, 75.04
2026/09/11 16:13:38.278, 0, 0, 97871, 0, 74.13
2026/09/11 16:13:38.278, 1, 0, 97871, 0, 75.81
2026/09/11 16:13:38.278, 2, 0, 97871, 0, 74.50
2026/09/11 16:13:38.278, 3, 0, 97871, 0, 75.07
2026/09/11 16:13:38.478, 0, 0, 97871, 0, 74.13
2026/09/11 16:13:38.478, 1, 0, 97871, 0, 75.82
2026/09/11 16:13:38.478, 2, 0, 97871, 0, 74.48
2026/09/11 16:13:38.478, 3, 0, 97871, 0, 75.05
2026/09/11 16:13:38.679, 0, 0, 97871, 0, 74.14
2026/09/11 16:13:38.679, 1, 0, 97871, 0, 75.82
2026/09/11 16:13:38.679, 2, 0, 97871, 0, 74.50
2026/09/11 16:13:38.679, 3, 0, 97871, 0, 75.00
2026/09/11 16:13:38.879, 0, 0, 97871, 0, 74.11
2026/09/11 16:13:38.879, 1, 0, 97871, 0, 75.83
2026/09/11 16:13:38.879, 2, 0, 97871, 0, 74.50
2026/09/11 16:13:38.879, 3, 0, 97871, 0, 75.06
2026/09/11 16:13:39.079, 0, 0, 97871, 0, 74.12
2026/09/11 16:13:39.079, 1, 0, 97871, 0, 75.83
2026/09/11 16:13:39.079, 2, 0, 97871, 0, 74.54
2026/09/11 16:13:39.079, 3, 0, 97871, 0, 75.07
2026/09/11 16:13:39.279, 0, 0, 97871, 0, 74.14
2026/09/11 16:13:39.279, 1, 0, 97871, 0, 75.82
2026/09/11 16:13:39.279, 2, 0, 97871, 0, 74.62
2026/09/11 16:13:39.279, 3, 0, 97871, 0, 75.00
2026/09/11 16:13:39.479, 0, 0, 97871, 0, 74.10
2026/09/11 16:13:39.479, 1, 0, 97871, 0, 75.78
2026/09/11 16:13:39.479, 2, 0, 97871, 0, 74.72
2026/09/11 16:13:39.479, 3, 0, 97871, 0, 74.98
2026/09/11 16:13:39.679, 0, 0, 97871, 0, 74.08
2026/09/11 16:13:39.680, 1, 0, 97871, 0, 75.76
2026/09/11 16:13:39.680, 2, 0, 97871, 0, 74.77
2026/09/11 16:13:39.680, 3, 0, 97871, 0, 75.00
2026/09/11 16:13:39.880, 0, 0, 97871, 0, 74.10
2026/09/11 16:13:39.880, 1, 0, 97871, 0, 75.74
2026/09/11 16:13:39.880, 2, 0, 97871, 0, 74.84
2026/09/11 16:13:39.880, 3, 0, 97871, 0, 74.99
2026/09/11 16:13:40.080, 0, 0, 97871, 0, 74.07
2026/09/11 16:13:40.080, 1, 0, 97871, 0, 75.75
2026/09/11 16:13:40.080, 2, 0, 97871, 0, 74.87
2026/09/11 16:13:40.080, 3, 0, 97871, 0, 74.91
2026/09/11 16:13:40.280, 0, 0, 97871, 0, 74.11
2026/09/11 16:13:40.280, 1, 0, 97871, 0, 75.75
2026/09/11 16:13:40.280, 2, 0, 97871, 0, 74.86
2026/09/11 16:13:40.280, 3, 0, 97871, 0, 74.96
2026/09/11 16:13:40.480, 0, 0, 97871, 0, 74.14
2026/09/11 16:13:40.480, 1, 0, 97871, 0, 75.78
2026/09/11 16:13:40.480, 2, 0, 97871, 0, 74.84
2026/09/11 16:13:40.480, 3, 0, 97871, 0, 74.99
2026/09/11 16:13:40.680, 0, 0, 97871, 0, 74.10
2026/09/11 16:13:40.680, 1, 0, 97871, 0, 75.76
2026/09/11 16:13:40.680, 2, 0, 97871, 0, 74.86
2026/09/11 16:13:40.680, 3, 0, 97871, 0, 74.94
2026/09/11 16:13:40.880, 0, 0, 97871, 0, 74.11
2026/09/11 16:13:40.880, 1, 0, 97871, 0, 75.75
2026/09/11 16:13:40.881, 2, 0, 97871, 0, 74.83
2026/09/11 16:13:40.881, 3, 0, 97871, 0, 74.91
2026/09/11 16:13:41.081, 0, 0, 97871, 0, 74.11
2026/09/11 16:13:41.081, 1, 0, 97871, 0, 75.73
2026/09/11 16:13:41.081, 2, 0, 97871, 0, 74.85
2026/09/11 16:13:41.081, 3, 0, 97871, 0, 74.97
2026/09/11 16:13:41.281, 0, 0, 97871, 0, 74.06
2026/09/11 16:13:41.281, 1, 0, 97871, 0, 75.73
2026/09/11 16:13:41.281, 2, 0, 97871, 0, 74.86
2026/09/11 16:13:41.281, 3, 0, 97871, 0, 75.00
2026/09/11 16:13:41.481, 0, 0, 97871, 0, 74.03
2026/09/11 16:13:41.481, 1, 0, 97871, 0, 75.71
2026/09/11 16:13:41.481, 2, 0, 97871, 0, 74.88
2026/09/11 16:13:41.481, 3, 0, 97871, 0, 74.95
2026/09/11 16:13:41.681, 0, 0, 97871, 0, 74.06
2026/09/11 16:13:41.681, 1, 0, 97871, 0, 75.69
2026/09/11 16:13:41.681, 2, 0, 97871, 0, 74.86
2026/09/11 16:13:41.681, 3, 0, 97871, 0, 74.96
2026/09/11 16:13:41.881, 0, 0, 97871, 0, 74.03
2026/09/11 16:13:41.881, 1, 0, 97871, 0, 75.68
2026/09/11 16:13:41.881, 2, 0, 97871, 0, 74.89
2026/09/11 16:13:41.881, 3, 0, 97871, 0, 75.01
2026/09/11 16:13:42.081, 0, 0, 97871, 0, 74.06
2026/09/11 16:13:42.081, 1, 0, 97871, 0, 75.68
2026/09/11 16:13:42.081, 2, 0, 97871, 0, 74.90
2026/09/11 16:13:42.082, 3, 0, 97871, 0, 75.01
2026/09/11 16:13:42.282, 0, 0, 97871, 0, 74.05
2026/09/11 16:13:42.282, 1, 0, 97871, 0, 75.68
2026/09/11 16:13:42.282, 2, 0, 97871, 0, 74.87
2026/09/11 16:13:42.282, 3, 0, 97871, 0, 74.93
2026/09/11 16:13:42.482, 0, 0, 97871, 0, 74.03
2026/09/11 16:13:42.482, 1, 0, 97871, 0, 75.70
2026/09/11 16:13:42.482, 2, 0, 97871, 0, 74.84
2026/09/11 16:13:42.482, 3, 0, 97871, 0, 74.99
2026/09/11 16:13:42.682, 0, 0, 97871, 0, 74.04
2026/09/11 16:13:42.682, 1, 0, 97871, 0, 75.70
2026/09/11 16:13:42.682, 2, 0, 97871, 0, 74.82
2026/09/11 16:13:42.682, 3, 0, 97871, 0, 75.02
2026/09/11 16:13:42.882, 0, 0, 97871, 0, 74.06
2026/09/11 16:13:42.882, 1, 0, 97871, 0, 75.73
2026/09/11 16:13:42.882, 2, 0, 97871, 0, 74.81
2026/09/11 16:13:42.882, 3, 0, 97871, 0, 74.98
2026/09/11 16:13:43.082, 0, 0, 97871, 0, 74.00
2026/09/11 16:13:43.082, 1, 0, 97871, 0, 75.77
2026/09/11 16:13:43.082, 2, 0, 97871, 0, 74.78
2026/09/11 16:13:43.082, 3, 0, 97871, 0, 74.94
2026/09/11 16:13:43.282, 0, 0, 97871, 0, 74.01
2026/09/11 16:13:43.282, 1, 0, 97871, 0, 75.81
2026/09/11 16:13:43.282, 2, 0, 97871, 0, 74.80
2026/09/11 16:13:43.282, 3, 0, 97871, 0, 75.00
2026/09/11 16:13:43.483, 0, 0, 97871, 0, 74.02
2026/09/11 16:13:43.483, 1, 0, 97871, 0, 75.83
2026/09/11 16:13:43.483, 2, 0, 97871, 0, 74.81
2026/09/11 16:13:43.483, 3, 0, 97871, 0, 75.01
2026/09/11 16:13:43.683, 0, 1, 97871, 0, 73.99
2026/09/11 16:13:43.714, 1, 1, 97871, 0, 75.87
2026/09/11 16:13:43.716, 2, 1, 97871, 0, 74.82
2026/09/11 16:13:43.716, 3, 1, 97871, 0, 74.98
2026/09/11 16:13:43.917, 0, 4, 97871, 0, 74.01
2026/09/11 16:13:43.921, 1, 1, 97871, 0, 75.85
2026/09/11 16:13:44.028, 2, 1, 97871, 0, 74.81
2026/09/11 16:13:44.028, 3, 1, 97871, 0, 75.02
2026/09/11 16:13:44.228, 0, 4, 97871, 0, 74.04
2026/09/11 16:13:44.230, 1, 4, 97871, 0, 75.91
2026/09/11 16:13:44.230, 2, 1, 97871, 0, 74.82
2026/09/11 16:13:44.230, 3, 1, 97871, 0, 74.96
2026/09/11 16:13:44.430, 0, 4, 97871, 0, 74.03
2026/09/11 16:13:44.462, 1, 4, 97871, 0, 75.92
2026/09/11 16:13:44.462, 2, 4, 97871, 0, 74.83
2026/09/11 16:13:44.462, 3, 1, 97871, 0, 75.01
2026/09/11 16:13:44.662, 0, 4, 97871, 0, 74.07
2026/09/11 16:13:44.662, 1, 4, 97871, 0, 75.92
2026/09/11 16:13:44.663, 2, 4, 97871, 0, 74.82
2026/09/11 16:13:44.663, 3, 4, 97871, 0, 75.05
2026/09/11 16:13:44.863, 0, 4, 97871, 0, 74.08
2026/09/11 16:13:44.863, 1, 4, 97871, 0, 75.93
2026/09/11 16:13:44.863, 2, 4, 97871, 0, 74.81
2026/09/11 16:13:44.863, 3, 4, 97871, 0, 75.02
2026/09/11 16:13:45.063, 0, 4, 97871, 0, 74.03
2026/09/11 16:13:45.063, 1, 4, 97871, 0, 75.91
2026/09/11 16:13:45.063, 2, 4, 97871, 0, 74.81
2026/09/11 16:13:45.063, 3, 4, 97871, 0, 74.97
2026/09/11 16:13:45.263, 0, 4, 97871, 0, 74.08
2026/09/11 16:13:45.263, 1, 4, 97871, 0, 75.88
2026/09/11 16:13:45.263, 2, 4, 97871, 0, 74.82
2026/09/11 16:13:45.263, 3, 4, 97871, 0, 75.03
2026/09/11 16:13:45.464, 0, 4, 97871, 0, 74.06
2026/09/11 16:13:45.464, 1, 4, 97871, 0, 75.87
2026/09/11 16:13:45.464, 2, 4, 97871, 0, 74.80
2026/09/11 16:13:45.464, 3, 4, 97871, 0, 75.03
2026/09/11 16:13:45.664, 0, 4, 97871, 0, 74.04
2026/09/11 16:13:45.664, 1, 4, 97871, 0, 75.89
2026/09/11 16:13:45.664, 2, 4, 97871, 0, 74.81
2026/09/11 16:13:45.664, 3, 4, 97871, 0, 74.95
2026/09/11 16:13:45.864, 0, 4, 97871, 0, 74.06
2026/09/11 16:13:45.864, 1, 4, 97871, 0, 75.88
2026/09/11 16:13:45.864, 2, 4, 97871, 0, 74.82
2026/09/11 16:13:45.864, 3, 4, 97871, 0, 74.94
2026/09/11 16:13:46.064, 0, 4, 97871, 0, 74.06
2026/09/11 16:13:46.064, 1, 4, 97871, 0, 75.90
2026/09/11 16:13:46.064, 2, 4, 97871, 0, 74.84
2026/09/11 16:13:46.064, 3, 4, 97871, 0, 75.00
2026/09/11 16:13:46.264, 0, 4, 97871, 0, 74.00
2026/09/11 16:13:46.264, 1, 4, 97871, 0, 75.89
2026/09/11 16:13:46.264, 2, 4, 97871, 0, 74.82
2026/09/11 16:13:46.264, 3, 4, 97871, 0, 74.97
2026/09/11 16:13:46.464, 0, 4, 97871, 0, 74.03
2026/09/11 16:13:46.464, 1, 4, 97871, 0, 75.90
2026/09/11 16:13:46.464, 2, 4, 97871, 0, 74.81
2026/09/11 16:13:46.464, 3, 4, 97871, 0, 74.91
2026/09/11 16:13:46.665, 0, 4, 97871, 0, 74.03
2026/09/11 16:13:46.665, 1, 4, 97871, 0, 75.87
2026/09/11 16:13:46.665, 2, 4, 97871, 0, 74.80
2026/09/11 16:13:46.665, 3, 4, 97871, 0, 74.93
2026/09/11 16:13:46.865, 0, 4, 97871, 0, 74.03
2026/09/11 16:13:46.865, 1, 4, 97871, 0, 75.86
2026/09/11 16:13:46.865, 2, 4, 97871, 0, 74.79
2026/09/11 16:13:46.865, 3, 4, 97871, 0, 74.95
2026/09/11 16:13:47.065, 0, 4, 97871, 0, 74.05
2026/09/11 16:13:47.065, 1, 4, 97871, 0, 75.82
2026/09/11 16:13:47.065, 2, 4, 97871, 0, 74.79
2026/09/11 16:13:47.065, 3, 4, 97871, 0, 74.92
2026/09/11 16:13:47.265, 0, 4, 97871, 0, 74.04
2026/09/11 16:13:47.265, 1, 4, 97871, 0, 75.82
2026/09/11 16:13:47.265, 2, 4, 97871, 0, 74.80
2026/09/11 16:13:47.265, 3, 4, 97871, 0, 74.90
2026/09/11 16:13:47.465, 0, 4, 97871, 0, 73.99
2026/09/11 16:13:47.465, 1, 4, 97871, 0, 75.80
2026/09/11 16:13:47.465, 2, 4, 97871, 0, 74.78
2026/09/11 16:13:47.465, 3, 4, 97871, 0, 74.93
2026/09/11 16:13:47.666, 0, 4, 97871, 0, 74.00
2026/09/11 16:13:47.666, 1, 4, 97871, 0, 75.79
2026/09/11 16:13:47.666, 2, 4, 97871, 0, 74.80
2026/09/11 16:13:47.666, 3, 4, 97871, 0, 74.97
2026/09/11 16:13:47.866, 0, 4, 97871, 0, 73.98
2026/09/11 16:13:47.866, 1, 4, 97871, 0, 75.80
2026/09/11 16:13:47.866, 2, 4, 97871, 0, 74.78
2026/09/11 16:13:47.866, 3, 4, 97871, 0, 74.91
2026/09/11 16:13:48.066, 0, 4, 97871, 0, 73.93
2026/09/11 16:13:48.066, 1, 4, 97871, 0, 75.81
2026/09/11 16:13:48.066, 2, 4, 97871, 0, 74.80
2026/09/11 16:13:48.066, 3, 4, 97871, 0, 74.95
2026/09/11 16:13:48.266, 0, 4, 97871, 0, 73.93
2026/09/11 16:13:48.266, 1, 4, 97871, 0, 75.79
2026/09/11 16:13:48.266, 2, 4, 97871, 0, 74.81
2026/09/11 16:13:48.266, 3, 4, 97871, 0, 74.97
2026/09/11 16:13:48.466, 0, 4, 97871, 0, 73.95
2026/09/11 16:13:48.466, 1, 4, 97871, 0, 75.80
2026/09/11 16:13:48.466, 2, 4, 97871, 0, 74.80
2026/09/11 16:13:48.466, 3, 4, 97871, 0, 74.97
2026/09/11 16:13:48.667, 0, 4, 97871, 0, 73.93
2026/09/11 16:13:48.667, 1, 4, 97871, 0, 75.79
2026/09/11 16:13:48.667, 2, 4, 97871, 0, 74.78
2026/09/11 16:13:48.667, 3, 4, 97871, 0, 74.89
2026/09/11 16:13:48.867, 0, 4, 97871, 0, 73.92
2026/09/11 16:13:48.867, 1, 4, 97871, 0, 75.79
2026/09/11 16:13:48.867, 2, 4, 97871, 0, 74.76
2026/09/11 16:13:48.867, 3, 4, 97871, 0, 74.91
2026/09/11 16:13:49.067, 0, 4, 97871, 0, 73.94
2026/09/11 16:13:49.067, 1, 4, 97871, 0, 75.78
2026/09/11 16:13:49.067, 2, 4, 97871, 0, 74.76
2026/09/11 16:13:49.067, 3, 4, 97871, 0, 74.94
2026/09/11 16:13:49.267, 0, 4, 97871, 0, 73.94
2026/09/11 16:13:49.267, 1, 4, 97871, 0, 75.78
2026/09/11 16:13:49.267, 2, 4, 97871, 0, 74.72
2026/09/11 16:13:49.267, 3, 4, 97871, 0, 74.90
2026/09/11 16:13:49.467, 0, 4, 97871, 0, 73.95
2026/09/11 16:13:49.468, 1, 4, 97871, 0, 75.78
2026/09/11 16:13:49.468, 2, 4, 97871, 0, 74.72
2026/09/11 16:13:49.468, 3, 4, 97871, 0, 74.86
2026/09/11 16:13:49.668, 0, 4, 97871, 0, 73.97
2026/09/11 16:13:49.668, 1, 4, 97871, 0, 75.79
2026/09/11 16:13:49.668, 2, 4, 97871, 0, 74.73
2026/09/11 16:13:49.668, 3, 4, 97871, 0, 74.93
2026/09/11 16:13:49.868, 0, 4, 97871, 0, 73.96
2026/09/11 16:13:49.868, 1, 4, 97871, 0, 75.78
2026/09/11 16:13:49.868, 2, 4, 97871, 0, 74.74
2026/09/11 16:13:49.868, 3, 4, 97871, 0, 74.95
2026/09/11 16:13:50.068, 0, 4, 97871, 0, 73.97
2026/09/11 16:13:50.068, 1, 4, 97871, 0, 75.78
2026/09/11 16:13:50.068, 2, 4, 97871, 0, 74.72
2026/09/11 16:13:50.068, 3, 4, 97871, 0, 74.90
2026/09/11 16:13:50.268, 0, 4, 97871, 0, 74.00
2026/09/11 16:13:50.268, 1, 4, 97871, 0, 75.78
2026/09/11 16:13:50.268, 2, 4, 97871, 0, 74.70
2026/09/11 16:13:50.268, 3, 4, 97871, 0, 74.90
2026/09/11 16:13:50.468, 0, 4, 97871, 0, 73.98
2026/09/11 16:13:50.468, 1, 4, 97871, 0, 75.79
2026/09/11 16:13:50.468, 2, 4, 97871, 0, 74.70
2026/09/11 16:13:50.468, 3, 4, 97871, 0, 74.95
2026/09/11 16:13:50.669, 0, 4, 97871, 0, 73.99
2026/09/11 16:13:50.669, 1, 4, 97871, 0, 75.78
2026/09/11 16:13:50.669, 2, 4, 97871, 0, 74.69
2026/09/11 16:13:50.669, 3, 4, 97871, 0, 74.93
2026/09/11 16:13:50.869, 0, 4, 97871, 0, 73.98
2026/09/11 16:13:50.869, 1, 4, 97871, 0, 75.78
2026/09/11 16:13:50.869, 2, 4, 97871, 0, 74.67
2026/09/11 16:13:50.869, 3, 4, 97871, 0, 74.85
2026/09/11 16:13:51.069, 0, 4, 97871, 0, 73.93
2026/09/11 16:13:51.069, 1, 4, 97871, 0, 75.78
2026/09/11 16:13:51.069, 2, 4, 97871, 0, 74.69
2026/09/11 16:13:51.069, 3, 4, 97871, 0, 74.92
2026/09/11 16:13:51.269, 0, 4, 97871, 0, 73.93
2026/09/11 16:13:51.269, 1, 4, 97871, 0, 75.78
2026/09/11 16:13:51.269, 2, 4, 97871, 0, 74.70
2026/09/11 16:13:51.269, 3, 4, 97871, 0, 74.96
2026/09/11 16:13:51.469, 0, 4, 97871, 0, 73.95
2026/09/11 16:13:51.469, 1, 4, 97871, 0, 75.75
2026/09/11 16:13:51.469, 2, 4, 97871, 0, 74.72
2026/09/11 16:13:51.469, 3, 4, 97871, 0, 74.94
2026/09/11 16:13:51.669, 0, 4, 97871, 0, 73.93
2026/09/11 16:13:51.669, 1, 4, 97871, 0, 75.74
2026/09/11 16:13:51.669, 2, 4, 97871, 0, 74.72
2026/09/11 16:13:51.669, 3, 4, 97871, 0, 74.89
2026/09/11 16:13:51.869, 0, 4, 97871, 0, 73.93
2026/09/11 16:13:51.870, 1, 4, 97871, 0, 75.73
2026/09/11 16:13:51.870, 2, 4, 97871, 0, 74.74
2026/09/11 16:13:51.870, 3, 4, 97871, 0, 74.93
2026/09/11 16:13:52.070, 0, 4, 97871, 0, 73.95
2026/09/11 16:13:52.070, 1, 4, 97871, 0, 75.73
2026/09/11 16:13:52.070, 2, 4, 97871, 0, 74.73
2026/09/11 16:13:52.070, 3, 4, 97871, 0, 74.93
2026/09/11 16:13:52.270, 0, 4, 97871, 0, 73.95
2026/09/11 16:13:52.270, 1, 4, 97871, 0, 75.73
2026/09/11 16:13:52.270, 2, 4, 97871, 0, 74.74
2026/09/11 16:13:52.270, 3, 4, 97871, 0, 74.89
2026/09/11 16:13:52.470, 0, 4, 97871, 0, 73.96
2026/09/11 16:13:52.470, 1, 4, 97871, 0, 75.73
2026/09/11 16:13:52.470, 2, 4, 97871, 0, 74.73
2026/09/11 16:13:52.470, 3, 4, 97871, 0, 74.86
2026/09/11 16:13:52.670, 0, 4, 97871, 0, 74.00
2026/09/11 16:13:52.670, 1, 4, 97871, 0, 75.72
2026/09/11 16:13:52.670, 2, 4, 97871, 0, 74.73
2026/09/11 16:13:52.670, 3, 4, 97871, 0, 74.92
2026/09/11 16:13:52.870, 0, 4, 97871, 0, 74.01
2026/09/11 16:13:52.870, 1, 4, 97871, 0, 75.72
2026/09/11 16:13:52.870, 2, 4, 97871, 0, 74.72
2026/09/11 16:13:52.871, 3, 4, 97871, 0, 74.92
2026/09/11 16:13:53.071, 0, 4, 97871, 0, 73.98
2026/09/11 16:13:53.071, 1, 4, 97871, 0, 75.72
2026/09/11 16:13:53.071, 2, 4, 97871, 0, 74.68
2026/09/11 16:13:53.071, 3, 4, 97871, 0, 74.85
2026/09/11 16:13:53.271, 0, 4, 97871, 0, 73.96
2026/09/11 16:13:53.271, 1, 4, 97871, 0, 75.71
2026/09/11 16:13:53.271, 2, 4, 97871, 0, 74.64
2026/09/11 16:13:53.271, 3, 4, 97871, 0, 74.82
2026/09/11 16:13:53.471, 0, 4, 97871, 0, 73.94
2026/09/11 16:13:53.471, 1, 4, 97871, 0, 75.70
2026/09/11 16:13:53.471, 2, 4, 97871, 0, 74.65
2026/09/11 16:13:53.471, 3, 4, 97871, 0, 74.83
2026/09/11 16:13:53.671, 0, 4, 97871, 0, 73.88
2026/09/11 16:13:53.671, 1, 4, 97871, 0, 75.68
2026/09/11 16:13:53.671, 2, 4, 97871, 0, 74.63
2026/09/11 16:13:53.671, 3, 4, 97871, 0, 74.83
2026/09/11 16:13:53.871, 0, 4, 97871, 0, 73.87
2026/09/11 16:13:53.871, 1, 4, 97871, 0, 75.67
2026/09/11 16:13:53.871, 2, 4, 97871, 0, 74.66
2026/09/11 16:13:53.871, 3, 4, 97871, 0, 74.79
2026/09/11 16:13:54.072, 0, 4, 97871, 0, 73.90
2026/09/11 16:13:54.072, 1, 4, 97871, 0, 75.67
2026/09/11 16:13:54.072, 2, 4, 97871, 0, 74.65
2026/09/11 16:13:54.072, 3, 4, 97871, 0, 74.84
2026/09/11 16:13:54.272, 0, 4, 97871, 0, 73.87
2026/09/11 16:13:54.272, 1, 4, 97871, 0, 75.66
2026/09/11 16:13:54.272, 2, 4, 97871, 0, 74.69
2026/09/11 16:13:54.272, 3, 4, 97871, 0, 74.87
2026/09/11 16:13:54.472, 0, 4, 97871, 0, 73.88
2026/09/11 16:13:54.472, 1, 4, 97871, 0, 75.65
2026/09/11 16:13:54.472, 2, 4, 97871, 0, 74.69
2026/09/11 16:13:54.472, 3, 4, 97871, 0, 74.86
2026/09/11 16:13:54.672, 0, 4, 97871, 0, 73.89
2026/09/11 16:13:54.672, 1, 4, 97871, 0, 75.68
2026/09/11 16:13:54.672, 2, 4, 97871, 0, 74.70
2026/09/11 16:13:54.672, 3, 4, 97871, 0, 74.80
2026/09/11 16:13:54.872, 0, 4, 97871, 0, 73.86
2026/09/11 16:13:54.872, 1, 4, 97871, 0, 75.69
2026/09/11 16:13:54.872, 2, 4, 97871, 0, 74.69
2026/09/11 16:13:54.872, 3, 4, 97871, 0, 74.83
2026/09/11 16:13:55.072, 0, 4, 97871, 0, 73.87
2026/09/11 16:13:55.073, 1, 4, 97871, 0, 75.70
2026/09/11 16:13:55.073, 2, 4, 97871, 0, 74.67
2026/09/11 16:13:55.073, 3, 4, 97871, 0, 74.84
2026/09/11 16:13:55.273, 0, 4, 97871, 0, 73.89
2026/09/11 16:13:55.273, 1, 4, 97871, 0, 75.71
2026/09/11 16:13:55.273, 2, 4, 97871, 0, 74.63
2026/09/11 16:13:55.273, 3, 4, 97871, 0, 74.81
2026/09/11 16:13:55.473, 0, 4, 97871, 0, 73.87
2026/09/11 16:13:55.473, 1, 4, 97871, 0, 75.73
2026/09/11 16:13:55.473, 2, 4, 97871, 0, 74.60
2026/09/11 16:13:55.473, 3, 4, 97871, 0, 74.81
2026/09/11 16:13:55.673, 0, 4, 97871, 0, 73.88
2026/09/11 16:13:55.676, 1, 4, 97871, 0, 75.71
2026/09/11 16:13:55.682, 2, 4, 97871, 0, 74.57
2026/09/11 16:13:55.699, 3, 4, 97871, 0, 74.86
2026/09/11 16:13:55.903, 0, 4, 97871, 0, 73.91
2026/09/11 16:13:55.903, 1, 4, 97871, 0, 75.69
2026/09/11 16:13:55.903, 2, 4, 97871, 0, 74.58
2026/09/11 16:13:55.903, 3, 4, 97871, 0, 74.87
2026/09/11 16:13:56.103, 0, 4, 97871, 0, 73.89
2026/09/11 16:13:56.103, 1, 4, 97871, 0, 75.71
2026/09/11 16:13:56.103, 2, 4, 97871, 0, 74.60
2026/09/11 16:13:56.103, 3, 4, 97871, 0, 74.82
2026/09/11 16:13:56.303, 0, 4, 97871, 0, 73.90
2026/09/11 16:13:56.303, 1, 4, 97871, 0, 75.71
2026/09/11 16:13:56.303, 2, 4, 97871, 0, 74.61
2026/09/11 16:13:56.303, 3, 4, 97871, 0, 74.82
2026/09/11 16:13:56.503, 0, 4, 97871, 0, 73.89
2026/09/11 16:13:56.503, 1, 4, 97871, 0, 75.71
2026/09/11 16:13:56.503, 2, 4, 97871, 0, 74.61
2026/09/11 16:13:56.503, 3, 4, 97871, 0, 74.87
2026/09/11 16:13:56.704, 0, 4, 97871, 0, 73.86
2026/09/11 16:13:56.704, 1, 4, 97871, 0, 75.69
2026/09/11 16:13:56.704, 2, 4, 97871, 0, 74.60
2026/09/11 16:13:56.704, 3, 4, 97871, 0, 74.88
2026/09/11 16:13:56.904, 0, 4, 97871, 0, 73.88
2026/09/11 16:13:56.904, 1, 4, 97871, 0, 75.68
2026/09/11 16:13:56.904, 2, 4, 97871, 0, 74.58
2026/09/11 16:13:56.904, 3, 4, 97871, 0, 74.80
2026/09/11 16:13:57.104, 0, 4, 97871, 0, 73.88
2026/09/11 16:13:57.104, 1, 4, 97871, 0, 75.66
2026/09/11 16:13:57.104, 2, 4, 97871, 0, 74.57
2026/09/11 16:13:57.104, 3, 4, 97871, 0, 74.85
2026/09/11 16:13:57.304, 0, 4, 97871, 0, 73.84
2026/09/11 16:13:57.304, 1, 4, 97871, 0, 75.66
2026/09/11 16:13:57.304, 2, 4, 97871, 0, 74.56
2026/09/11 16:13:57.304, 3, 4, 97871, 0, 74.87
2026/09/11 16:13:57.504, 0, 4, 97871, 0, 73.85
2026/09/11 16:13:57.505, 1, 4, 97871, 0, 75.66
2026/09/11 16:13:57.505, 2, 4, 97871, 0, 74.56
2026/09/11 16:13:57.505, 3, 4, 97871, 0, 74.83
2026/09/11 16:13:57.705, 0, 4, 97871, 0, 73.87
2026/09/11 16:13:57.705, 1, 4, 97871, 0, 75.67
2026/09/11 16:13:57.705, 2, 4, 97871, 0, 74.58
2026/09/11 16:13:57.705, 3, 4, 97871, 0, 74.76
2026/09/11 16:13:57.905, 0, 4, 97871, 0, 73.86
2026/09/11 16:13:57.905, 1, 4, 97871, 0, 75.68
2026/09/11 16:13:57.905, 2, 4, 97871, 0, 74.60
2026/09/11 16:13:57.905, 3, 4, 97871, 0, 74.80
2026/09/11 16:13:58.105, 0, 4, 97871, 0, 73.87
2026/09/11 16:13:58.105, 1, 4, 97871, 0, 75.70
2026/09/11 16:13:58.105, 2, 4, 97871, 0, 74.63
2026/09/11 16:13:58.105, 3, 4, 97871, 0, 74.84
2026/09/11 16:13:58.305, 0, 4, 97871, 0, 73.90
2026/09/11 16:13:58.305, 1, 4, 97871, 0, 75.69
2026/09/11 16:13:58.305, 2, 4, 97871, 0, 74.63
2026/09/11 16:13:58.305, 3, 4, 97871, 0, 74.79
2026/09/11 16:13:58.505, 0, 4, 97871, 0, 73.89
2026/09/11 16:13:58.505, 1, 4, 97871, 0, 75.69
2026/09/11 16:13:58.505, 2, 4, 97871, 0, 74.66
2026/09/11 16:13:58.506, 3, 4, 97871, 0, 74.76
2026/09/11 16:13:58.706, 0, 4, 97871, 0, 73.89
2026/09/11 16:13:58.706, 1, 4, 97871, 0, 75.67
2026/09/11 16:13:58.706, 2, 4, 97871, 0, 74.65
2026/09/11 16:13:58.706, 3, 4, 97871, 0, 74.81
2026/09/11 16:13:58.906, 0, 4, 97871, 0, 73.92
2026/09/11 16:13:58.907, 1, 4, 97871, 0, 75.67
2026/09/11 16:13:58.907, 2, 4, 97871, 0, 74.63
2026/09/11 16:13:58.907, 3, 4, 97871, 0, 74.82
2026/09/11 16:13:59.107, 0, 4, 97871, 0, 73.90
2026/09/11 16:13:59.109, 1, 4, 97871, 0, 75.63
2026/09/11 16:13:59.110, 2, 4, 97871, 0, 74.61
2026/09/11 16:13:59.111, 3, 4, 97871, 0, 74.81
2026/09/11 16:13:59.313, 0, 4, 97871, 0, 73.90
2026/09/11 16:13:59.315, 1, 4, 97871, 0, 75.62
2026/09/11 16:13:59.315, 2, 4, 97871, 0, 74.57
2026/09/11 16:13:59.315, 3, 4, 97871, 0, 74.82
2026/09/11 16:13:59.515, 0, 4, 97871, 0, 73.91
2026/09/11 16:13:59.515, 1, 4, 97871, 0, 75.61
2026/09/11 16:13:59.515, 2, 4, 97871, 0, 74.55
2026/09/11 16:13:59.515, 3, 4, 97871, 0, 74.82
2026/09/11 16:13:59.715, 0, 4, 97871, 0, 73.88
2026/09/11 16:13:59.715, 1, 4, 97871, 0, 75.61
2026/09/11 16:13:59.715, 2, 4, 97871, 0, 74.54
2026/09/11 16:13:59.715, 3, 4, 97871, 0, 74.85
2026/09/11 16:13:59.915, 0, 4, 97871, 0, 73.85
2026/09/11 16:13:59.915, 1, 4, 97871, 0, 75.61
2026/09/11 16:13:59.915, 2, 4, 97871, 0, 74.53
2026/09/11 16:13:59.915, 3, 4, 97871, 0, 74.79
2026/09/11 16:14:00.115, 0, 21, 97871, 0, 75.22
2026/09/11 16:14:00.122, 1, 4, 97871, 0, 75.61
2026/09/11 16:14:00.124, 2, 8, 97871, 0, 74.56
2026/09/11 16:14:00.124, 3, 8, 97871, 0, 74.79
2026/09/11 16:14:00.325, 0, 27, 97871, 1, 84.37
2026/09/11 16:14:00.328, 1, 21, 97871, 0, 83.51
2026/09/11 16:14:00.330, 2, 21, 97871, 0, 80.89
2026/09/11 16:14:00.332, 3, 21, 97871, 0, 79.56
2026/09/11 16:14:00.535, 0, 385, 97871, 1, 93.15
2026/09/11 16:14:00.535, 1, 385, 97871, 2, 92.80
2026/09/11 16:14:00.535, 2, 385, 97871, 0, 91.30
2026/09/11 16:14:00.535, 3, 385, 97871, 0, 89.72
2026/09/11 16:14:00.735, 0, 483, 97871, 8, 101.97
2026/09/11 16:14:00.735, 1, 483, 97871, 2, 101.81
2026/09/11 16:14:00.736, 2, 483, 97871, 3, 99.80
2026/09/11 16:14:00.737, 3, 483, 97871, 3, 98.55
2026/09/11 16:14:00.938, 0, 727, 97871, 1, 110.76
2026/09/11 16:14:00.945, 1, 727, 97871, 1, 110.81
2026/09/11 16:14:00.965, 2, 727, 97871, 3, 108.63
2026/09/11 16:14:00.965, 3, 727, 97871, 5, 108.12
2026/09/11 16:14:01.165, 0, 1019, 97871, 0, 119.07
2026/09/11 16:14:01.166, 1, 1019, 97871, 0, 119.79
2026/09/11 16:14:01.167, 2, 1019, 97871, 1, 117.48
2026/09/11 16:14:01.167, 3, 1019, 97871, 1, 118.29
2026/09/11 16:14:01.370, 0, 1173, 97871, 1, 118.77
2026/09/11 16:14:01.370, 1, 1173, 97871, 2, 121.93
2026/09/11 16:14:01.370, 2, 1173, 97871, 0, 120.08
2026/09/11 16:14:01.370, 3, 1173, 97871, 0, 120.82
2026/09/11 16:14:01.570, 0, 1443, 97871, 0, 119.00
2026/09/11 16:14:01.570, 1, 1443, 97871, 0, 121.84
2026/09/11 16:14:01.570, 2, 1443, 97871, 0, 120.08
2026/09/11 16:14:01.570, 3, 1443, 97871, 0, 120.58
2026/09/11 16:14:01.771, 0, 1735, 97871, 0, 118.99
2026/09/11 16:14:01.771, 1, 1735, 97871, 1, 121.84
2026/09/11 16:14:01.773, 2, 1735, 97871, 1, 120.09
2026/09/11 16:14:01.773, 3, 1735, 97871, 1, 120.61
2026/09/11 16:14:01.973, 0, 1735, 97871, 0, 119.01
2026/09/11 16:14:01.973, 1, 1735, 97871, 0, 121.87
2026/09/11 16:14:01.973, 2, 1735, 97871, 0, 120.14
2026/09/11 16:14:01.973, 3, 1735, 97871, 0, 120.71
2026/09/11 16:14:02.173, 0, 1805, 97871, 0, 119.32
2026/09/11 16:14:02.173, 1, 1805, 97871, 0, 122.21
2026/09/11 16:14:02.173, 2, 1805, 97871, 1, 120.41
2026/09/11 16:14:02.173, 3, 1805, 97871, 1, 121.01
2026/09/11 16:14:02.373, 0, 1805, 97871, 0, 119.28
2026/09/11 16:14:02.373, 1, 1805, 97871, 0, 122.21
2026/09/11 16:14:02.373, 2, 1805, 97871, 0, 120.39
2026/09/11 16:14:02.373, 3, 1805, 97871, 0, 120.77
2026/09/11 16:14:02.574, 0, 1807, 97871, 3, 119.05
2026/09/11 16:14:02.574, 1, 1807, 97871, 3, 121.88
2026/09/11 16:14:02.574, 2, 1807, 97871, 0, 119.92
2026/09/11 16:14:02.574, 3, 1807, 97871, 0, 120.58
2026/09/11 16:14:02.774, 0, 2833, 97871, 0, 119.23
2026/09/11 16:14:02.774, 1, 2833, 97871, 0, 121.94
2026/09/11 16:14:02.774, 2, 2833, 97871, 0, 120.27
2026/09/11 16:14:02.774, 3, 2833, 97871, 0, 120.56
2026/09/11 16:14:02.974, 0, 2833, 97871, 0, 119.21
2026/09/11 16:14:02.974, 1, 2833, 97871, 0, 121.91
2026/09/11 16:14:02.974, 2, 2833, 97871, 0, 120.25
2026/09/11 16:14:02.974, 3, 2833, 97871, 0, 120.49
2026/09/11 16:14:03.174, 0, 2833, 97871, 0, 118.89
2026/09/11 16:14:03.174, 1, 2833, 97871, 0, 121.59
2026/09/11 16:14:03.174, 2, 2833, 97871, 0, 119.93
2026/09/11 16:14:03.174, 3, 2833, 97871, 0, 120.08
2026/09/11 16:14:03.374, 0, 2833, 97871, 0, 118.93
2026/09/11 16:14:03.374, 1, 2833, 97871, 0, 121.59
2026/09/11 16:14:03.375, 2, 2833, 97871, 0, 119.93
2026/09/11 16:14:03.375, 3, 2833, 97871, 0, 120.06
2026/09/11 16:14:03.575, 0, 2833, 97871, 0, 118.88
2026/09/11 16:14:03.575, 1, 2833, 97871, 0, 121.58
2026/09/11 16:14:03.575, 2, 2833, 97871, 0, 119.93
2026/09/11 16:14:03.575, 3, 2833, 97871, 0, 120.11
2026/09/11 16:14:03.775, 0, 2833, 97871, 0, 118.74
2026/09/11 16:14:03.775, 1, 2833, 97871, 0, 121.54
2026/09/11 16:14:03.775, 2, 2833, 97871, 0, 119.56
2026/09/11 16:14:03.775, 3, 2833, 97871, 0, 120.13
2026/09/11 16:14:03.975, 0, 2833, 97871, 0, 118.78
2026/09/11 16:14:03.975, 1, 2833, 97871, 0, 121.55
2026/09/11 16:14:03.975, 2, 2833, 97871, 0, 119.59
2026/09/11 16:14:03.975, 3, 2833, 97871, 0, 120.07
2026/09/11 16:14:04.175, 0, 2833, 97871, 0, 118.79
2026/09/11 16:14:04.175, 1, 2833, 97871, 0, 121.58
2026/09/11 16:14:04.175, 2, 2833, 97871, 0, 119.60
2026/09/11 16:14:04.175, 3, 2833, 97871, 0, 120.07
2026/09/11 16:14:04.375, 0, 2833, 97871, 0, 118.78
2026/09/11 16:14:04.376, 1, 2833, 97871, 0, 121.59
2026/09/11 16:14:04.376, 2, 2833, 97871, 0, 119.64
2026/09/11 16:14:04.376, 3, 2833, 97871, 0, 120.13
2026/09/11 16:14:04.576, 0, 2833, 97871, 0, 118.82
2026/09/11 16:14:04.576, 1, 2833, 97871, 0, 121.59
2026/09/11 16:14:04.576, 2, 2833, 97871, 0, 119.67
2026/09/11 16:14:04.576, 3, 2833, 97871, 0, 120.11
2026/09/11 16:14:04.776, 0, 2833, 97871, 0, 118.80
2026/09/11 16:14:04.776, 1, 2833, 97871, 0, 121.61
2026/09/11 16:14:04.776, 2, 2833, 97871, 0, 119.72
2026/09/11 16:14:04.776, 3, 2833, 97871, 0, 120.05
2026/09/11 16:14:04.976, 0, 2833, 97871, 0, 118.80
2026/09/11 16:14:04.976, 1, 2833, 97871, 0, 121.62
2026/09/11 16:14:04.976, 2, 2833, 97871, 0, 119.70
2026/09/11 16:14:04.976, 3, 2833, 97871, 0, 120.11
2026/09/11 16:14:05.176, 0, 2833, 97871, 0, 118.84
2026/09/11 16:14:05.176, 1, 2833, 97871, 0, 121.64
2026/09/11 16:14:05.176, 2, 2833, 97871, 0, 119.67
2026/09/11 16:14:05.176, 3, 2833, 97871, 0, 120.16
2026/09/11 16:14:05.377, 0, 4041, 97871, 3, 118.99
2026/09/11 16:14:05.377, 1, 4041, 97871, 3, 121.99
2026/09/11 16:14:05.377, 2, 4553, 97871, 0, 120.94
2026/09/11 16:14:05.377, 3, 4195, 97871, 0, 121.04
2026/09/11 16:14:05.577, 0, 12193, 97871, 4, 118.98
2026/09/11 16:14:05.577, 1, 11705, 97871, 5, 122.01
2026/09/11 16:14:05.577, 2, 11251, 97871, 2, 121.21
2026/09/11 16:14:05.577, 3, 12003, 97871, 4, 120.99
2026/09/11 16:14:05.777, 0, 22081, 97871, 5, 118.97
2026/09/11 16:14:05.777, 1, 21367, 97871, 4, 121.99
2026/09/11 16:14:05.777, 2, 20985, 97871, 4, 121.26
2026/09/11 16:14:05.777, 3, 21015, 97871, 4, 121.03
2026/09/11 16:14:05.977, 0, 22081, 97871, 2, 119.18
2026/09/11 16:14:05.977, 1, 21367, 97871, 2, 122.17
2026/09/11 16:14:05.977, 2, 20985, 97871, 4, 121.38
2026/09/11 16:14:05.977, 3, 21015, 97871, 3, 121.22
2026/09/11 16:14:06.177, 0, 22081, 97871, 2, 119.13
2026/09/11 16:14:06.177, 1, 21367, 97871, 2, 122.14
2026/09/11 16:14:06.178, 2, 20985, 97871, 2, 121.33
2026/09/11 16:14:06.178, 3, 21015, 97871, 3, 121.14
2026/09/11 16:14:06.378, 0, 22081, 97871, 2, 119.01
2026/09/11 16:14:06.378, 1, 21367, 97871, 2, 121.82
2026/09/11 16:14:06.378, 2, 20985, 97871, 2, 121.36
2026/09/11 16:14:06.378, 3, 21015, 97871, 2, 120.29
2026/09/11 16:14:06.578, 0, 22081, 97871, 2, 119.01
2026/09/11 16:14:06.578, 1, 21367, 97871, 2, 121.75
2026/09/11 16:14:06.578, 2, 20985, 97871, 2, 119.75
2026/09/11 16:14:06.578, 3, 21015, 97871, 2, 120.32
2026/09/11 16:14:06.778, 0, 22081, 97871, 2, 118.99
2026/09/11 16:14:06.778, 1, 21367, 97871, 2, 121.76
2026/09/11 16:14:06.778, 2, 20985, 97871, 2, 119.69
2026/09/11 16:14:06.778, 3, 21015, 97871, 3, 120.35
2026/09/11 16:14:06.978, 0, 22081, 97871, 2, 118.79
2026/09/11 16:14:06.978, 1, 21367, 97871, 3, 121.57
2026/09/11 16:14:06.978, 2, 20985, 97871, 3, 119.59
2026/09/11 16:14:06.978, 3, 21015, 97871, 3, 120.11
2026/09/11 16:14:07.179, 0, 22081, 97871, 2, 118.80
2026/09/11 16:14:07.179, 1, 21367, 97871, 2, 121.60
2026/09/11 16:14:07.179, 2, 20985, 97871, 2, 119.61
2026/09/11 16:14:07.179, 3, 21015, 97871, 2, 120.13
2026/09/11 16:14:07.379, 0, 22081, 97871, 2, 118.77
2026/09/11 16:14:07.379, 1, 21367, 97871, 2, 121.57
2026/09/11 16:14:07.379, 2, 20985, 97871, 3, 119.60
2026/09/11 16:14:07.379, 3, 21015, 97871, 3, 120.16
2026/09/11 16:14:07.579, 0, 22081, 97871, 2, 118.77
2026/09/11 16:14:07.579, 1, 21367, 97871, 2, 121.56
2026/09/11 16:14:07.579, 2, 20985, 97871, 2, 119.59
2026/09/11 16:14:07.579, 3, 21015, 97871, 3, 120.19
2026/09/11 16:14:07.779, 0, 22081, 97871, 2, 118.78
2026/09/11 16:14:07.779, 1, 21367, 97871, 2, 121.53
2026/09/11 16:14:07.779, 2, 20985, 97871, 2, 119.62
2026/09/11 16:14:07.779, 3, 21015, 97871, 2, 120.10
2026/09/11 16:14:07.979, 0, 22081, 97871, 2, 118.78
2026/09/11 16:14:07.980, 1, 21367, 97871, 3, 121.52
2026/09/11 16:14:07.980, 2, 20985, 97871, 3, 119.59
2026/09/11 16:14:07.980, 3, 21015, 97871, 3, 120.16
2026/09/11 16:14:08.180, 0, 22081, 97871, 2, 118.79
2026/09/11 16:14:08.180, 1, 21367, 97871, 3, 121.49
2026/09/11 16:14:08.180, 2, 20985, 97871, 3, 119.60
2026/09/11 16:14:08.180, 3, 21015, 97871, 3, 120.21
2026/09/11 16:14:08.380, 0, 22081, 97871, 2, 118.88
2026/09/11 16:14:08.380, 1, 21367, 97871, 2, 121.52
2026/09/11 16:14:08.380, 2, 20985, 97871, 2, 119.61
2026/09/11 16:14:08.380, 3, 21015, 97871, 2, 120.16
2026/09/11 16:14:08.580, 0, 22081, 97871, 2, 118.97
2026/09/11 16:14:08.580, 1, 21367, 97871, 2, 121.54
2026/09/11 16:14:08.580, 2, 20985, 97871, 2, 119.62
2026/09/11 16:14:08.580, 3, 21015, 97871, 2, 120.10
2026/09/11 16:14:08.780, 0, 22081, 97871, 2, 119.05
2026/09/11 16:14:08.780, 1, 21367, 97871, 2, 121.57
2026/09/11 16:14:08.781, 2, 20985, 97871, 3, 119.64
2026/09/11 16:14:08.781, 3, 21015, 97871, 3, 120.17
2026/09/11 16:14:08.981, 0, 22081, 97871, 2, 119.15
2026/09/11 16:14:08.981, 1, 21367, 97871, 2, 121.57
2026/09/11 16:14:08.981, 2, 20985, 97871, 2, 119.64
2026/09/11 16:14:08.981, 3, 21015, 97871, 2, 120.17
2026/09/11 16:14:09.181, 0, 22081, 97871, 2, 119.22
2026/09/11 16:14:09.181, 1, 21367, 97871, 2, 121.58
2026/09/11 16:14:09.181, 2, 20985, 97871, 2, 119.63
2026/09/11 16:14:09.181, 3, 21015, 97871, 2, 120.12
2026/09/11 16:14:09.381, 0, 22081, 97871, 2, 119.24
2026/09/11 16:14:09.381, 1, 21367, 97871, 3, 121.58
2026/09/11 16:14:09.381, 2, 20985, 97871, 3, 119.62
2026/09/11 16:14:09.381, 3, 21015, 97871, 3, 120.11
2026/09/11 16:14:09.581, 0, 22081, 97871, 2, 119.28
2026/09/11 16:14:09.581, 1, 21367, 97871, 2, 121.57
2026/09/11 16:14:09.581, 2, 20985, 97871, 2, 119.59
2026/09/11 16:14:09.582, 3, 21015, 97871, 2, 120.18
2026/09/11 16:14:09.782, 0, 22081, 97871, 2, 119.29
2026/09/11 16:14:09.782, 1, 21367, 97871, 2, 121.57
2026/09/11 16:14:09.782, 2, 20985, 97871, 2, 119.58
2026/09/11 16:14:09.782, 3, 21015, 97871, 2, 120.16
2026/09/11 16:14:09.982, 0, 22081, 97871, 2, 119.28
2026/09/11 16:14:09.982, 1, 21367, 97871, 2, 121.56
2026/09/11 16:14:09.982, 2, 20985, 97871, 3, 119.59
2026/09/11 16:14:09.982, 3, 21015, 97871, 3, 120.11
2026/09/11 16:14:10.182, 0, 22081, 97871, 2, 119.30
2026/09/11 16:14:10.182, 1, 21367, 97871, 2, 121.56
2026/09/11 16:14:10.182, 2, 20985, 97871, 2, 119.58
2026/09/11 16:14:10.182, 3, 21015, 97871, 2, 120.12
2026/09/11 16:14:10.382, 0, 22081, 97871, 2, 119.30
2026/09/11 16:14:10.382, 1, 21367, 97871, 2, 121.57
2026/09/11 16:14:10.382, 2, 20985, 97871, 2, 119.61
2026/09/11 16:14:10.382, 3, 21015, 97871, 2, 120.14
2026/09/11 16:14:10.583, 0, 22081, 97871, 2, 119.26
2026/09/11 16:14:10.583, 1, 21367, 97871, 3, 121.57
2026/09/11 16:14:10.583, 2, 20985, 97871, 2, 119.63
2026/09/11 16:14:10.583, 3, 21015, 97871, 2, 120.10
2026/09/11 16:14:10.783, 0, 22081, 97871, 2, 119.30
2026/09/11 16:14:10.783, 1, 21367, 97871, 2, 121.58
2026/09/11 16:14:10.783, 2, 20985, 97871, 3, 119.64
2026/09/11 16:14:10.783, 3, 21015, 97871, 3, 120.03
2026/09/11 16:14:10.983, 0, 22081, 97871, 2, 119.31
2026/09/11 16:14:10.983, 1, 21367, 97871, 3, 121.58
2026/09/11 16:14:10.983, 2, 20985, 97871, 2, 119.65
2026/09/11 16:14:10.983, 3, 21015, 97871, 2, 120.07
2026/09/11 16:14:11.183, 0, 22081, 97871, 2, 119.30
2026/09/11 16:14:11.183, 1, 21367, 97871, 3, 121.59
2026/09/11 16:14:11.183, 2, 20985, 97871, 2, 119.62
2026/09/11 16:14:11.183, 3, 21015, 97871, 2, 120.09
2026/09/11 16:14:11.383, 0, 22081, 97871, 2, 119.30
2026/09/11 16:14:11.383, 1, 21367, 97871, 2, 121.57
2026/09/11 16:14:11.383, 2, 20985, 97871, 3, 119.61
2026/09/11 16:14:11.384, 3, 21015, 97871, 3, 120.08
2026/09/11 16:14:11.584, 0, 22081, 97871, 2, 119.33
2026/09/11 16:14:11.584, 1, 21367, 97871, 2, 121.55
2026/09/11 16:14:11.584, 2, 20985, 97871, 2, 119.59
2026/09/11 16:14:11.584, 3, 21015, 97871, 2, 120.07
2026/09/11 16:14:11.784, 0, 22081, 97871, 2, 119.29
2026/09/11 16:14:11.784, 1, 21367, 97871, 2, 121.54
2026/09/11 16:14:11.784, 2, 20985, 97871, 2, 119.58
2026/09/11 16:14:11.784, 3, 21015, 97871, 2, 120.14
2026/09/11 16:14:11.984, 0, 22081, 97871, 2, 119.28
2026/09/11 16:14:11.984, 1, 21367, 97871, 2, 121.53
2026/09/11 16:14:11.984, 2, 20985, 97871, 3, 119.56
2026/09/11 16:14:11.984, 3, 21015, 97871, 3, 120.14
2026/09/11 16:14:12.184, 0, 22081, 97871, 2, 119.28
2026/09/11 16:14:12.184, 1, 21367, 97871, 2, 121.50
2026/09/11 16:14:12.184, 2, 20985, 97871, 2, 119.56
2026/09/11 16:14:12.184, 3, 21015, 97871, 3, 120.10
2026/09/11 16:14:12.384, 0, 22081, 97871, 2, 119.27
2026/09/11 16:14:12.384, 1, 21367, 97871, 3, 121.49
2026/09/11 16:14:12.384, 2, 20985, 97871, 2, 119.55
2026/09/11 16:14:12.384, 3, 21015, 97871, 2, 120.07
2026/09/11 16:14:12.585, 0, 22081, 97871, 2, 119.25
2026/09/11 16:14:12.585, 1, 21367, 97871, 2, 121.48
2026/09/11 16:14:12.585, 2, 20985, 97871, 3, 119.54
2026/09/11 16:14:12.585, 3, 21015, 97871, 3, 120.14
2026/09/11 16:14:12.785, 0, 22081, 97871, 2, 119.26
2026/09/11 16:14:12.785, 1, 21367, 97871, 2, 121.48
2026/09/11 16:14:12.785, 2, 20985, 97871, 2, 119.53
2026/09/11 16:14:12.785, 3, 21015, 97871, 3, 120.15
2026/09/11 16:14:12.985, 0, 22081, 97871, 2, 119.22
2026/09/11 16:14:12.985, 1, 21367, 97871, 3, 121.49
2026/09/11 16:14:12.985, 2, 20985, 97871, 4, 119.55
2026/09/11 16:14:12.985, 3, 21015, 97871, 2, 120.09
2026/09/11 16:14:13.185, 0, 22081, 97871, 2, 119.20
2026/09/11 16:14:13.185, 1, 21367, 97871, 2, 121.54
2026/09/11 16:14:13.185, 2, 20985, 97871, 3, 119.55
2026/09/11 16:14:13.185, 3, 21015, 97871, 2, 120.10
2026/09/11 16:14:13.385, 0, 22081, 97871, 3, 119.24
2026/09/11 16:14:13.386, 1, 21367, 97871, 2, 121.53
2026/09/11 16:14:13.386, 2, 20985, 97871, 3, 119.55
2026/09/11 16:14:13.386, 3, 21015, 97871, 3, 120.15
2026/09/11 16:14:13.586, 0, 22081, 97871, 2, 119.22
2026/09/11 16:14:13.586, 1, 21367, 97871, 3, 121.55
2026/09/11 16:14:13.586, 2, 20985, 97871, 2, 119.54
2026/09/11 16:14:13.586, 3, 21015, 97871, 2, 120.15
2026/09/11 16:14:13.786, 0, 22081, 97871, 3, 119.19
2026/09/11 16:14:13.786, 1, 21367, 97871, 2, 121.55
2026/09/11 16:14:13.786, 2, 20985, 97871, 5, 119.60
2026/09/11 16:14:13.786, 3, 21015, 97871, 5, 120.11
2026/09/11 16:14:13.986, 0, 22081, 97871, 2, 119.26
2026/09/11 16:14:13.986, 1, 21367, 97871, 5, 121.60
2026/09/11 16:14:13.986, 2, 20985, 97871, 3, 119.58
2026/09/11 16:14:13.986, 3, 21015, 97871, 3, 120.23
2026/09/11 16:14:14.186, 0, 22081, 97871, 2, 119.27
2026/09/11 16:14:14.186, 1, 21367, 97871, 3, 121.57
2026/09/11 16:14:14.186, 2, 20985, 97871, 5, 119.62
2026/09/11 16:14:14.186, 3, 21015, 97871, 4, 120.28
2026/09/11 16:14:14.387, 0, 22081, 97871, 2, 119.25
2026/09/11 16:14:14.387, 1, 21367, 97871, 4, 121.60
2026/09/11 16:14:14.387, 2, 20985, 97871, 3, 119.66
2026/09/11 16:14:14.387, 3, 21015, 97871, 2, 120.26
2026/09/11 16:14:14.587, 0, 22081, 97871, 2, 119.30
2026/09/11 16:14:14.587, 1, 21367, 97871, 2, 121.59
2026/09/11 16:14:14.587, 2, 20985, 97871, 2, 119.72
2026/09/11 16:14:14.587, 3, 21015, 97871, 2, 120.22
2026/09/11 16:14:14.787, 0, 22081, 97871, 3, 119.32
2026/09/11 16:14:14.787, 1, 21367, 97871, 2, 121.57
2026/09/11 16:14:14.787, 2, 20985, 97871, 3, 119.66
2026/09/11 16:14:14.787, 3, 21015, 97871, 2, 120.25
2026/09/11 16:14:14.987, 0, 22081, 97871, 2, 119.27
2026/09/11 16:14:14.987, 1, 21367, 97871, 2, 121.55
2026/09/11 16:14:14.987, 2, 20985, 97871, 3, 119.68
2026/09/11 16:14:14.987, 3, 21015, 97871, 3, 120.21
2026/09/11 16:14:15.187, 0, 22081, 97871, 3, 119.30
2026/09/11 16:14:15.187, 1, 21367, 97871, 3, 121.55
2026/09/11 16:14:15.187, 2, 20985, 97871, 2, 119.65
2026/09/11 16:14:15.188, 3, 21015, 97871, 2, 120.17
2026/09/11 16:14:15.388, 0, 22081, 97871, 2, 119.35
2026/09/11 16:14:15.388, 1, 21367, 97871, 2, 121.52
2026/09/11 16:14:15.388, 2, 20985, 97871, 2, 119.63
2026/09/11 16:14:15.388, 3, 21015, 97871, 2, 120.11
2026/09/11 16:14:15.588, 0, 22081, 97871, 3, 119.30
2026/09/11 16:14:15.588, 1, 21367, 97871, 2, 121.52
2026/09/11 16:14:15.588, 2, 20985, 97871, 3, 119.63
2026/09/11 16:14:15.588, 3, 21015, 97871, 3, 120.17
2026/09/11 16:14:15.788, 0, 22081, 97871, 2, 119.31
2026/09/11 16:14:15.788, 1, 21367, 97871, 2, 121.54
2026/09/11 16:14:15.788, 2, 20985, 97871, 2, 119.64
2026/09/11 16:14:15.788, 3, 21015, 97871, 2, 120.15
2026/09/11 16:14:15.988, 0, 22081, 97871, 2, 119.32
2026/09/11 16:14:15.988, 1, 21367, 97871, 2, 121.53
2026/09/11 16:14:15.988, 2, 20985, 97871, 2, 119.65
2026/09/11 16:14:15.988, 3, 21015, 97871, 2, 120.10
2026/09/11 16:14:16.188, 0, 22081, 97871, 2, 119.27
2026/09/11 16:14:16.188, 1, 21367, 97871, 2, 121.55
2026/09/11 16:14:16.188, 2, 20985, 97871, 3, 119.63
2026/09/11 16:14:16.188, 3, 21015, 97871, 3, 120.11
2026/09/11 16:14:16.388, 0, 22081, 97871, 2, 119.23
2026/09/11 16:14:16.389, 1, 21367, 97871, 3, 121.55
2026/09/11 16:14:16.389, 2, 20985, 97871, 2, 119.62
2026/09/11 16:14:16.389, 3, 21015, 97871, 3, 120.17
2026/09/11 16:14:16.589, 0, 22081, 97871, 3, 119.25
2026/09/11 16:14:16.589, 1, 21367, 97871, 3, 121.55
2026/09/11 16:14:16.589, 2, 20985, 97871, 2, 119.60
2026/09/11 16:14:16.589, 3, 21015, 97871, 2, 120.15
2026/09/11 16:14:16.789, 0, 22081, 97871, 2, 119.24
2026/09/11 16:14:16.789, 1, 21367, 97871, 2, 121.55
2026/09/11 16:14:16.789, 2, 20985, 97871, 3, 119.60
2026/09/11 16:14:16.789, 3, 21015, 97871, 2, 120.09
2026/09/11 16:14:16.989, 0, 22081, 97871, 2, 119.23
2026/09/11 16:14:16.989, 1, 21367, 97871, 3, 121.57
2026/09/11 16:14:16.989, 2, 20985, 97871, 3, 119.63
2026/09/11 16:14:16.989, 3, 21015, 97871, 3, 120.14
2026/09/11 16:14:17.189, 0, 22081, 97871, 2, 119.28
2026/09/11 16:14:17.189, 1, 21367, 97871, 3, 121.57
2026/09/11 16:14:17.189, 2, 20985, 97871, 2, 119.64
2026/09/11 16:14:17.189, 3, 21015, 97871, 2, 120.16
2026/09/11 16:14:17.389, 0, 22081, 97871, 2, 119.26
2026/09/11 16:14:17.390, 1, 21367, 97871, 2, 121.57
2026/09/11 16:14:17.390, 2, 20985, 97871, 2, 119.67
2026/09/11 16:14:17.390, 3, 21015, 97871, 2, 120.19
2026/09/11 16:14:17.590, 0, 22081, 97871, 3, 119.29
2026/09/11 16:14:17.590, 1, 21367, 97871, 2, 121.55
2026/09/11 16:14:17.590, 2, 20985, 97871, 3, 119.66
2026/09/11 16:14:17.590, 3, 21015, 97871, 3, 120.18
2026/09/11 16:14:17.790, 0, 22081, 97871, 2, 119.31
2026/09/11 16:14:17.790, 1, 21367, 97871, 3, 121.55
2026/09/11 16:14:17.790, 2, 20985, 97871, 2, 119.63
2026/09/11 16:14:17.790, 3, 21015, 97871, 3, 120.22
2026/09/11 16:14:17.990, 0, 22081, 97871, 2, 119.31
2026/09/11 16:14:17.990, 1, 21367, 97871, 2, 121.54
2026/09/11 16:14:17.990, 2, 20985, 97871, 2, 119.62
2026/09/11 16:14:17.990, 3, 21015, 97871, 2, 120.23
2026/09/11 16:14:18.190, 0, 22081, 97871, 2, 119.28
2026/09/11 16:14:18.190, 1, 21367, 97871, 2, 121.53
2026/09/11 16:14:18.190, 2, 20985, 97871, 3, 119.62
2026/09/11 16:14:18.190, 3, 21015, 97871, 2, 120.19
2026/09/11 16:14:18.391, 0, 22081, 97871, 2, 119.33
2026/09/11 16:14:18.391, 1, 21367, 97871, 3, 121.51
2026/09/11 16:14:18.391, 2, 20985, 97871, 3, 119.62
2026/09/11 16:14:18.391, 3, 21015, 97871, 3, 120.14
2026/09/11 16:14:18.591, 0, 22081, 97871, 3, 119.30
2026/09/11 16:14:18.591, 1, 21367, 97871, 2, 121.50
2026/09/11 16:14:18.591, 2, 20985, 97871, 2, 119.61
2026/09/11 16:14:18.591, 3, 21015, 97871, 3, 120.16
2026/09/11 16:14:18.791, 0, 22081, 97871, 2, 119.24
2026/09/11 16:14:18.791, 1, 21367, 97871, 2, 121.45
2026/09/11 16:14:18.791, 2, 20985, 97871, 2, 119.64
2026/09/11 16:14:18.791, 3, 21015, 97871, 2, 120.19
2026/09/11 16:14:18.991, 0, 22081, 97871, 2, 119.27
2026/09/11 16:14:18.991, 1, 21367, 97871, 3, 121.45
2026/09/11 16:14:18.991, 2, 20985, 97871, 3, 119.62
2026/09/11 16:14:18.991, 3, 21015, 97871, 2, 120.14
2026/09/11 16:14:19.191, 0, 22081, 97871, 3, 119.28
2026/09/11 16:14:19.191, 1, 21367, 97871, 2, 121.45
2026/09/11 16:14:19.191, 2, 20985, 97871, 3, 119.59
2026/09/11 16:14:19.191, 3, 21015, 97871, 3, 120.13
2026/09/11 16:14:19.392, 0, 22081, 97871, 2, 119.26
2026/09/11 16:14:19.392, 1, 21367, 97871, 2, 121.45
2026/09/11 16:14:19.392, 2, 20985, 97871, 2, 119.59
2026/09/11 16:14:19.392, 3, 21015, 97871, 3, 120.17
2026/09/11 16:14:19.592, 0, 22081, 97871, 2, 119.29
2026/09/11 16:14:19.592, 1, 21367, 97871, 3, 121.47
2026/09/11 16:14:19.592, 2, 20985, 97871, 3, 119.60
2026/09/11 16:14:19.592, 3, 21015, 97871, 2, 120.18
2026/09/11 16:14:19.792, 0, 22081, 97871, 3, 119.35
2026/09/11 16:14:19.792, 1, 21367, 97871, 3, 121.48
2026/09/11 16:14:19.792, 2, 20985, 97871, 3, 119.56
2026/09/11 16:14:19.792, 3, 21015, 97871, 2, 120.13
2026/09/11 16:14:19.992, 0, 22081, 97871, 2, 119.30
2026/09/11 16:14:19.992, 1, 21367, 97871, 2, 121.47
2026/09/11 16:14:19.992, 2, 20985, 97871, 0, 119.57
2026/09/11 16:14:19.992, 3, 21015, 97871, 0, 120.17
2026/09/11 16:14:20.192, 0, 22081, 97871, 3, 119.31
2026/09/11 16:14:20.192, 1, 21367, 97871, 2, 121.49
2026/09/11 16:14:20.192, 2, 20985, 97871, 0, 119.57
2026/09/11 16:14:20.192, 3, 21015, 97871, 0, 120.19
2026/09/11 16:14:20.392, 0, 22081, 97871, 2, 119.31
2026/09/11 16:14:20.392, 1, 21367, 97871, 0, 121.50
2026/09/11 16:14:20.393, 2, 20985, 97871, 0, 119.58
2026/09/11 16:14:20.393, 3, 21015, 97871, 0, 120.20
2026/09/11 16:14:20.593, 0, 22081, 97871, 2, 119.30
2026/09/11 16:14:20.593, 1, 21367, 97871, 0, 121.50
2026/09/11 16:14:20.593, 2, 20985, 97871, 0, 119.59
2026/09/11 16:14:20.593, 3, 21015, 97871, 0, 120.12
2026/09/11 16:14:20.793, 0, 22081, 97871, 2, 119.30
2026/09/11 16:14:20.793, 1, 21367, 97871, 0, 121.50
2026/09/11 16:14:20.793, 2, 20985, 97871, 0, 119.64
2026/09/11 16:14:20.793, 3, 21015, 97871, 0, 120.21
2026/09/11 16:14:20.993, 0, 22081, 97871, 2, 119.34
2026/09/11 16:14:20.993, 1, 21367, 97871, 0, 121.52
2026/09/11 16:14:20.993, 2, 20985, 97871, 0, 119.64
2026/09/11 16:14:20.993, 3, 21015, 97871, 0, 120.25
2026/09/11 16:14:21.193, 0, 22081, 97871, 2, 119.32
2026/09/11 16:14:21.193, 1, 21367, 97871, 0, 121.54
2026/09/11 16:14:21.193, 2, 20985, 97871, 0, 119.65
2026/09/11 16:14:21.193, 3, 21015, 97871, 0, 120.27
2026/09/11 16:14:21.393, 0, 22081, 97871, 3, 119.31
2026/09/11 16:14:21.393, 1, 21367, 97871, 0, 121.54
2026/09/11 16:14:21.393, 2, 20985, 97871, 0, 119.65
2026/09/11 16:14:21.393, 3, 21015, 97871, 0, 120.25
2026/09/11 16:14:21.593, 0, 22081, 97871, 2, 119.31
2026/09/11 16:14:21.593, 1, 21367, 97871, 0, 121.57
2026/09/11 16:14:21.593, 2, 20985, 97871, 0, 119.63
2026/09/11 16:14:21.593, 3, 21015, 97871, 0, 120.30
2026/09/11 16:14:21.794, 0, 22081, 97871, 2, 119.30
2026/09/11 16:14:21.794, 1, 21367, 97871, 0, 121.59
2026/09/11 16:14:21.794, 2, 20985, 97871, 0, 119.61
2026/09/11 16:14:21.794, 3, 21015, 97871, 0, 120.30
2026/09/11 16:14:21.994, 0, 22081, 97871, 0, 119.29
2026/09/11 16:14:21.994, 1, 21367, 97871, 0, 121.59
2026/09/11 16:14:21.994, 2, 20985, 97871, 0, 119.61
2026/09/11 16:14:21.994, 3, 21015, 97871, 0, 120.23
2026/09/11 16:14:22.194, 0, 22081, 97871, 0, 119.34
2026/09/11 16:14:22.194, 1, 21367, 97871, 0, 121.59
2026/09/11 16:14:22.194, 2, 20985, 97871, 0, 119.63
2026/09/11 16:14:22.194, 3, 21015, 97871, 0, 120.20
2026/09/11 16:14:22.394, 0, 22081, 97871, 0, 119.33
2026/09/11 16:14:22.394, 1, 21367, 97871, 0, 121.61
2026/09/11 16:14:22.394, 2, 20985, 97871, 0, 119.64
2026/09/11 16:14:22.395, 3, 21015, 97871, 0, 120.22
2026/09/11 16:14:22.595, 0, 22081, 97871, 0, 119.33
2026/09/11 16:14:22.595, 1, 21367, 97871, 0, 121.60
2026/09/11 16:14:22.595, 2, 20985, 97871, 0, 119.65
2026/09/11 16:14:22.595, 3, 21015, 97871, 0, 120.22
2026/09/11 16:14:22.795, 0, 22081, 97871, 0, 119.34
2026/09/11 16:14:22.795, 1, 21367, 97871, 0, 121.59
2026/09/11 16:14:22.795, 2, 20985, 97871, 0, 119.68
2026/09/11 16:14:22.795, 3, 21015, 97871, 0, 120.14
2026/09/11 16:14:22.995, 0, 22081, 97871, 0, 119.34
2026/09/11 16:14:22.995, 1, 21367, 97871, 0, 121.57
2026/09/11 16:14:22.995, 2, 20985, 97871, 0, 119.70
2026/09/11 16:14:22.995, 3, 21015, 97871, 0, 120.21
2026/09/11 16:14:23.195, 0, 22081, 97871, 0, 119.32
2026/09/11 16:14:23.195, 1, 21367, 97871, 0, 121.59
2026/09/11 16:14:23.195, 2, 20985, 97871, 0, 119.72
2026/09/11 16:14:23.195, 3, 21015, 97871, 0, 120.26
2026/09/11 16:14:23.396, 0, 22081, 97871, 0, 119.35
2026/09/11 16:14:23.396, 1, 21367, 97871, 0, 121.59
2026/09/11 16:14:23.396, 2, 20985, 97871, 0, 119.73
2026/09/11 16:14:23.396, 3, 21015, 97871, 0, 120.23
2026/09/11 16:14:23.596, 0, 22081, 97871, 0, 119.35
2026/09/11 16:14:23.596, 1, 21367, 97871, 0, 121.57
2026/09/11 16:14:23.596, 2, 20985, 97871, 0, 119.73
2026/09/11 16:14:23.596, 3, 21015, 97871, 0, 120.17
2026/09/11 16:14:23.796, 0, 22081, 97871, 0, 119.36
2026/09/11 16:14:23.796, 1, 21367, 97871, 0, 121.57
2026/09/11 16:14:23.796, 2, 20985, 97871, 0, 119.71
2026/09/11 16:14:23.796, 3, 21015, 97871, 0, 120.23
2026/09/11 16:14:23.996, 0, 22081, 97871, 0, 119.36
2026/09/11 16:14:23.996, 1, 21367, 97871, 0, 121.57
2026/09/11 16:14:23.996, 2, 20985, 97871, 0, 119.68
2026/09/11 16:14:23.996, 3, 21015, 97871, 0, 120.25
2026/09/11 16:14:24.196, 0, 22081, 97871, 0, 119.39
2026/09/11 16:14:24.196, 1, 21367, 97871, 0, 121.55
2026/09/11 16:14:24.196, 2, 20985, 97871, 0, 119.66
2026/09/11 16:14:24.196, 3, 21015, 97871, 0, 120.22
2026/09/11 16:14:24.396, 0, 22081, 97871, 0, 119.37
2026/09/11 16:14:24.397, 1, 21367, 97871, 0, 121.55
2026/09/11 16:14:24.397, 2, 20985, 97871, 0, 119.64
2026/09/11 16:14:24.397, 3, 21015, 97871, 0, 120.20
2026/09/11 16:14:24.597, 0, 22081, 97871, 0, 119.38
2026/09/11 16:14:24.597, 1, 21367, 97871, 0, 121.56
2026/09/11 16:14:24.597, 2, 20985, 97871, 0, 119.65
2026/09/11 16:14:24.597, 3, 21015, 97871, 0, 120.26
2026/09/11 16:14:24.797, 0, 22081, 97871, 0, 119.38
2026/09/11 16:14:24.797, 1, 21367, 97871, 0, 121.56
2026/09/11 16:14:24.797, 2, 20985, 97871, 0, 119.65
2026/09/11 16:14:24.797, 3, 21015, 97871, 0, 120.27
2026/09/11 16:14:24.997, 0, 22081, 97871, 0, 119.35
2026/09/11 16:14:24.997, 1, 21367, 97871, 0, 121.55
2026/09/11 16:14:24.997, 2, 20985, 97871, 0, 119.65
2026/09/11 16:14:24.997, 3, 21015, 97871, 0, 120.20
2026/09/11 16:14:25.197, 0, 22081, 97871, 0, 119.34
2026/09/11 16:14:25.197, 1, 21367, 97871, 0, 121.53
2026/09/11 16:14:25.197, 2, 20985, 97871, 0, 119.63
2026/09/11 16:14:25.197, 3, 21015, 97871, 0, 120.21
2026/09/11 16:14:25.397, 0, 23073, 97871, 5, 119.38
2026/09/11 16:14:25.398, 1, 22359, 97871, 3, 121.67
2026/09/11 16:14:25.398, 2, 21977, 97871, 0, 119.64
2026/09/11 16:14:25.398, 3, 22007, 97871, 0, 121.13
2026/09/11 16:14:25.598, 0, 23073, 97871, 0, 120.29
2026/09/11 16:14:25.598, 1, 22359, 97871, 0, 122.34
2026/09/11 16:14:25.598, 2, 21977, 97871, 5, 120.54
2026/09/11 16:14:25.598, 3, 22007, 97871, 4, 121.16
2026/09/11 16:14:25.798, 0, 23073, 97871, 0, 120.62
2026/09/11 16:14:25.798, 1, 22359, 97871, 0, 122.51
2026/09/11 16:14:25.798, 2, 21977, 97871, 0, 120.53
2026/09/11 16:14:25.798, 3, 22007, 97871, 0, 121.09
2026/09/11 16:14:25.998, 0, 23183, 97871, 77, 128.70
2026/09/11 16:14:25.998, 1, 22469, 97871, 43, 131.77
2026/09/11 16:14:25.998, 2, 22087, 97871, 0, 130.41
2026/09/11 16:14:25.998, 3, 22117, 97871, 0, 138.84
2026/09/11 16:14:26.198, 0, 23183, 97871, 100, 165.50
2026/09/11 16:14:26.198, 1, 22469, 97871, 100, 168.73
2026/09/11 16:14:26.198, 2, 22087, 97871, 100, 165.50
2026/09/11 16:14:26.198, 3, 22117, 97871, 100, 175.17
2026/09/11 16:14:26.399, 0, 28627, 97871, 99, 201.23
2026/09/11 16:14:26.399, 1, 27913, 97871, 99, 205.51
2026/09/11 16:14:26.399, 2, 27531, 97871, 100, 202.74
2026/09/11 16:14:26.399, 3, 27561, 97871, 100, 212.59
2026/09/11 16:14:26.599, 0, 28627, 97871, 100, 238.48
2026/09/11 16:14:26.599, 1, 27913, 97871, 100, 242.02
2026/09/11 16:14:26.599, 2, 27531, 97871, 100, 238.40
2026/09/11 16:14:26.599, 3, 27561, 97871, 100, 247.24
2026/09/11 16:14:26.799, 0, 28627, 97871, 100, 272.20
2026/09/11 16:14:26.799, 1, 27913, 97871, 100, 276.50
2026/09/11 16:14:26.799, 2, 27531, 97871, 100, 275.17
2026/09/11 16:14:26.799, 3, 27561, 97871, 100, 287.38
2026/09/11 16:14:26.999, 0, 28627, 97871, 100, 303.25
2026/09/11 16:14:26.999, 1, 27913, 97871, 100, 308.03
2026/09/11 16:14:26.999, 2, 27531, 97871, 100, 301.74
2026/09/11 16:14:26.999, 3, 27561, 97871, 100, 307.14
2026/09/11 16:14:27.199, 0, 35411, 97871, 100, 304.80
2026/09/11 16:14:27.199, 1, 34697, 97871, 100, 309.11
2026/09/11 16:14:27.199, 2, 34315, 97871, 100, 303.02
2026/09/11 16:14:27.199, 3, 34345, 97871, 100, 306.68
2026/09/11 16:14:27.399, 0, 35411, 97871, 100, 311.29
2026/09/11 16:14:27.399, 1, 34697, 97871, 95, 313.11
2026/09/11 16:14:27.399, 2, 34315, 97871, 89, 300.05
2026/09/11 16:14:27.399, 3, 34345, 97871, 91, 303.65
2026/09/11 16:14:27.600, 0, 35411, 97871, 100, 322.07
2026/09/11 16:14:27.600, 1, 34697, 97871, 100, 323.60
2026/09/11 16:14:27.600, 2, 34315, 97871, 100, 304.09
2026/09/11 16:14:27.600, 3, 34345, 97871, 100, 310.72
2026/09/11 16:14:27.800, 0, 35411, 97871, 100, 335.08
2026/09/11 16:14:27.800, 1, 34697, 97871, 100, 326.07
2026/09/11 16:14:27.800, 2, 34315, 97871, 100, 302.28
2026/09/11 16:14:27.800, 3, 34345, 97871, 100, 310.35
2026/09/11 16:14:28.000, 0, 35411, 97871, 100, 344.48
2026/09/11 16:14:28.000, 1, 34697, 97871, 100, 337.57
2026/09/11 16:14:28.000, 2, 34315, 97871, 100, 306.17
2026/09/11 16:14:28.000, 3, 34345, 97871, 100, 311.75
2026/09/11 16:14:28.200, 0, 35411, 97871, 100, 356.89
2026/09/11 16:14:28.200, 1, 34697, 97871, 100, 335.25
2026/09/11 16:14:28.200, 2, 34315, 97871, 100, 302.02
2026/09/11 16:14:28.200, 3, 34345, 97871, 100, 310.14
2026/09/11 16:14:28.400, 0, 35411, 97871, 100, 363.56
2026/09/11 16:14:28.400, 1, 34697, 97871, 100, 336.73
2026/09/11 16:14:28.400, 2, 34315, 97871, 100, 304.87
2026/09/11 16:14:28.400, 3, 34345, 97871, 100, 310.29
2026/09/11 16:14:28.600, 0, 35411, 97871, 100, 364.75
2026/09/11 16:14:28.600, 1, 34697, 97871, 100, 328.34
2026/09/11 16:14:28.600, 2, 34315, 97871, 100, 300.64
2026/09/11 16:14:28.600, 3, 34345, 97871, 100, 303.29
2026/09/11 16:14:28.800, 0, 35411, 97871, 100, 364.11
2026/09/11 16:14:28.800, 1, 34697, 97871, 100, 331.19
2026/09/11 16:14:28.800, 2, 34315, 97871, 100, 305.08
2026/09/11 16:14:28.800, 3, 34345, 97871, 100, 310.47
2026/09/11 16:14:29.001, 0, 35411, 97871, 100, 365.12
2026/09/11 16:14:29.001, 1, 34697, 97871, 100, 326.55
2026/09/11 16:14:29.001, 2, 34315, 97871, 100, 305.89
2026/09/11 16:14:29.001, 3, 34345, 97871, 100, 309.52
2026/09/11 16:14:29.201, 0, 35411, 97871, 100, 364.23
2026/09/11 16:14:29.201, 1, 34697, 97871, 100, 339.17
2026/09/11 16:14:29.201, 2, 34315, 97871, 100, 308.28
2026/09/11 16:14:29.201, 3, 34345, 97871, 100, 309.02
2026/09/11 16:14:29.401, 0, 35411, 97871, 100, 362.85
2026/09/11 16:14:29.401, 1, 34697, 97871, 100, 340.93
2026/09/11 16:14:29.401, 2, 34315, 97871, 100, 306.55
2026/09/11 16:14:29.401, 3, 34345, 97871, 100, 311.42
2026/09/11 16:14:29.601, 0, 35411, 97871, 100, 364.72
2026/09/11 16:14:29.601, 1, 34697, 97871, 100, 339.70
2026/09/11 16:14:29.601, 2, 34315, 97871, 100, 304.86
2026/09/11 16:14:29.601, 3, 34345, 97871, 100, 308.65
2026/09/11 16:14:29.801, 0, 35411, 97871, 100, 365.15
2026/09/11 16:14:29.801, 1, 34697, 97871, 100, 343.08
2026/09/11 16:14:29.801, 2, 34315, 97871, 100, 300.80
2026/09/11 16:14:29.801, 3, 34345, 97871, 100, 304.08
2026/09/11 16:14:30.001, 0, 35411, 97871, 100, 365.94
2026/09/11 16:14:30.001, 1, 34697, 97871, 100, 339.80
2026/09/11 16:14:30.001, 2, 34315, 97871, 100, 296.33
2026/09/11 16:14:30.001, 3, 34345, 97871, 100, 303.62
2026/09/11 16:14:30.202, 0, 35411, 97871, 100, 363.89
2026/09/11 16:14:30.202, 1, 34697, 97871, 100, 332.43
2026/09/11 16:14:30.202, 2, 34315, 97871, 100, 303.27
2026/09/11 16:14:30.202, 3, 34345, 97871, 100, 311.03
2026/09/11 16:14:30.402, 0, 35411, 97871, 100, 364.70
2026/09/11 16:14:30.402, 1, 34697, 97871, 100, 330.96
2026/09/11 16:14:30.402, 2, 34315, 97871, 100, 304.08
2026/09/11 16:14:30.402, 3, 34345, 97871, 100, 310.00
2026/09/11 16:14:30.602, 0, 35411, 97871, 100, 364.38
2026/09/11 16:14:30.602, 1, 34697, 97871, 100, 336.50
2026/09/11 16:14:30.602, 2, 34315, 97871, 100, 309.95
2026/09/11 16:14:30.602, 3, 34345, 97871, 100, 315.53
2026/09/11 16:14:30.802, 0, 35411, 97871, 100, 363.99
2026/09/11 16:14:30.802, 1, 34697, 97871, 100, 337.06
2026/09/11 16:14:30.802, 2, 34315, 97871, 100, 315.19
2026/09/11 16:14:30.802, 3, 34345, 97871, 100, 316.33
2026/09/11 16:14:31.002, 0, 35411, 97871, 100, 363.07
2026/09/11 16:14:31.002, 1, 34697, 97871, 100, 337.36
2026/09/11 16:14:31.002, 2, 34315, 97871, 100, 319.66
2026/09/11 16:14:31.002, 3, 34345, 97871, 100, 315.80
2026/09/11 16:14:31.202, 0, 35411, 97871, 100, 365.00
2026/09/11 16:14:31.202, 1, 34697, 97871, 100, 339.85
2026/09/11 16:14:31.202, 2, 34315, 97871, 100, 318.79
2026/09/11 16:14:31.202, 3, 34345, 97871, 100, 309.80
2026/09/11 16:14:31.402, 0, 35411, 97871, 100, 365.63
2026/09/11 16:14:31.402, 1, 34697, 97871, 100, 347.92
2026/09/11 16:14:31.402, 2, 34315, 97871, 100, 319.38
2026/09/11 16:14:31.402, 3, 34345, 97871, 100, 312.92
2026/09/11 16:14:31.603, 0, 35411, 97871, 100, 366.76
2026/09/11 16:14:31.603, 1, 34697, 97871, 100, 352.89
2026/09/11 16:14:31.603, 2, 34315, 97871, 100, 312.54
2026/09/11 16:14:31.603, 3, 34345, 97871, 100, 310.47
2026/09/11 16:14:31.803, 0, 35411, 97871, 100, 367.38
2026/09/11 16:14:31.803, 1, 34697, 97871, 100, 351.72
2026/09/11 16:14:31.803, 2, 34315, 97871, 100, 307.42
2026/09/11 16:14:31.803, 3, 34345, 97871, 100, 307.09
2026/09/11 16:14:32.003, 0, 35411, 97871, 100, 369.00
2026/09/11 16:14:32.003, 1, 34697, 97871, 100, 347.72
2026/09/11 16:14:32.003, 2, 34315, 97871, 100, 304.08
2026/09/11 16:14:32.003, 3, 34345, 97871, 100, 308.73
2026/09/11 16:14:32.203, 0, 35411, 97871, 100, 370.18
2026/09/11 16:14:32.203, 1, 34697, 97871, 100, 346.56
2026/09/11 16:14:32.203, 2, 34315, 97871, 100, 303.23
2026/09/11 16:14:32.203, 3, 34345, 97871, 100, 313.22
2026/09/11 16:14:32.403, 0, 35411, 97871, 100, 368.84
2026/09/11 16:14:32.403, 1, 34697, 97871, 100, 342.90
2026/09/11 16:14:32.403, 2, 34315, 97871, 100, 308.67
2026/09/11 16:14:32.403, 3, 34345, 97871, 100, 314.64
2026/09/11 16:14:32.603, 0, 35411, 97871, 100, 367.11
2026/09/11 16:14:32.603, 1, 34697, 97871, 100, 339.15
2026/09/11 16:14:32.603, 2, 34315, 97871, 100, 316.22
2026/09/11 16:14:32.603, 3, 34345, 97871, 100, 315.73
2026/09/11 16:14:32.804, 0, 35411, 97871, 100, 365.69
2026/09/11 16:14:32.804, 1, 34697, 97871, 100, 339.02
2026/09/11 16:14:32.804, 2, 34315, 97871, 100, 319.10
2026/09/11 16:14:32.804, 3, 34345, 97871, 100, 321.96
2026/09/11 16:14:33.004, 0, 35411, 97871, 100, 365.35
2026/09/11 16:14:33.004, 1, 34697, 97871, 100, 339.43
2026/09/11 16:14:33.004, 2, 34315, 97871, 100, 317.88
2026/09/11 16:14:33.004, 3, 34345, 97871, 100, 317.01
2026/09/11 16:14:33.204, 0, 35411, 97871, 100, 363.24
2026/09/11 16:14:33.204, 1, 34697, 97871, 100, 345.78
2026/09/11 16:14:33.204, 2, 34315, 97871, 100, 313.69
2026/09/11 16:14:33.204, 3, 34345, 97871, 100, 313.01
2026/09/11 16:14:33.404, 0, 35411, 97871, 100, 366.23
2026/09/11 16:14:33.404, 1, 34697, 97871, 100, 350.91
2026/09/11 16:14:33.404, 2, 34315, 97871, 100, 306.15
2026/09/11 16:14:33.404, 3, 34345, 97871, 100, 309.23
2026/09/11 16:14:33.604, 0, 35411, 97871, 100, 366.19
2026/09/11 16:14:33.604, 1, 34697, 97871, 100, 357.02
2026/09/11 16:14:33.604, 2, 34315, 97871, 100, 307.00
2026/09/11 16:14:33.604, 3, 34345, 97871, 100, 309.03
2026/09/11 16:14:33.804, 0, 35411, 97871, 100, 367.64
2026/09/11 16:14:33.805, 1, 34697, 97871, 100, 358.82
2026/09/11 16:14:33.805, 2, 34315, 97871, 100, 303.47
2026/09/11 16:14:33.805, 3, 34345, 97871, 100, 304.32
2026/09/11 16:14:34.005, 0, 35411, 97871, 100, 368.09
2026/09/11 16:14:34.005, 1, 34697, 97871, 100, 358.44
2026/09/11 16:14:34.005, 2, 34315, 97871, 100, 303.16
2026/09/11 16:14:34.005, 3, 34345, 97871, 100, 309.92
2026/09/11 16:14:34.205, 0, 35411, 97871, 100, 367.96
2026/09/11 16:14:34.205, 1, 34697, 97871, 100, 349.95
2026/09/11 16:14:34.205, 2, 34315, 97871, 100, 309.76
2026/09/11 16:14:34.205, 3, 34345, 97871, 100, 316.01
2026/09/11 16:14:34.405, 0, 35411, 97871, 100, 364.05
2026/09/11 16:14:34.405, 1, 34697, 97871, 100, 344.45
2026/09/11 16:14:34.405, 2, 34315, 97871, 100, 316.05
2026/09/11 16:14:34.405, 3, 34345, 97871, 100, 316.34
2026/09/11 16:14:34.605, 0, 35411, 97871, 100, 365.09
2026/09/11 16:14:34.605, 1, 34697, 97871, 100, 335.42
2026/09/11 16:14:34.605, 2, 34315, 97871, 100, 312.19
2026/09/11 16:14:34.605, 3, 34345, 97871, 100, 312.71
2026/09/11 16:14:34.805, 0, 35411, 97871, 100, 364.33
2026/09/11 16:14:34.805, 1, 34697, 97871, 100, 329.17
2026/09/11 16:14:34.805, 2, 34315, 97871, 100, 313.94
2026/09/11 16:14:34.805, 3, 34345, 97871, 100, 311.69
2026/09/11 16:14:35.005, 0, 35411, 97871, 100, 363.76
2026/09/11 16:14:35.006, 1, 34697, 97871, 100, 331.51
2026/09/11 16:14:35.006, 2, 34315, 97871, 100, 310.62
2026/09/11 16:14:35.006, 3, 34345, 97871, 100, 307.46
2026/09/11 16:14:35.206, 0, 35411, 97871, 100, 366.06
2026/09/11 16:14:35.206, 1, 34697, 97871, 100, 337.21
2026/09/11 16:14:35.206, 2, 34315, 97871, 100, 305.22
2026/09/11 16:14:35.206, 3, 34345, 97871, 100, 301.92
2026/09/11 16:14:35.406, 0, 35655, 97871, 84, 368.08
2026/09/11 16:14:35.406, 1, 34941, 97871, 100, 329.83
2026/09/11 16:14:35.406, 2, 34559, 97871, 100, 299.43
2026/09/11 16:14:35.406, 3, 34589, 97871, 91, 284.01
2026/09/11 16:14:35.606, 0, 35947, 97871, 1, 321.33
2026/09/11 16:14:35.607, 1, 35233, 97871, 1, 293.92
2026/09/11 16:14:35.608, 2, 34851, 97871, 1, 262.54
2026/09/11 16:14:35.608, 3, 34881, 97871, 1, 249.94
2026/09/11 16:14:35.808, 0, 35947, 97871, 7, 253.79
2026/09/11 16:14:35.808, 1, 35233, 97871, 0, 252.04
2026/09/11 16:14:35.808, 2, 34851, 97871, 0, 227.27
2026/09/11 16:14:35.808, 3, 34881, 97871, 2, 221.81
2026/09/11 16:14:36.008, 0, 35947, 97871, 0, 204.37
2026/09/11 16:14:36.008, 1, 35233, 97871, 4, 215.70
2026/09/11 16:14:36.009, 2, 34851, 97871, 16, 200.82
2026/09/11 16:14:36.009, 3, 34881, 97871, 0, 188.14
2026/09/11 16:14:36.209, 0, 35947, 97871, 0, 160.06
2026/09/11 16:14:36.209, 1, 35233, 97871, 0, 174.06
2026/09/11 16:14:36.209, 2, 34851, 97871, 0, 164.34
2026/09/11 16:14:36.209, 3, 34881, 97871, 0, 149.89
2026/09/11 16:14:36.409, 0, 22717, 97871, 15, 127.78
2026/09/11 16:14:36.409, 1, 22003, 97871, 0, 134.10
2026/09/11 16:14:36.409, 2, 21621, 97871, 0, 130.72
2026/09/11 16:14:36.409, 3, 21651, 97871, 11, 129.11
2026/09/11 16:14:36.609, 0, 84893, 97871, 0, 130.01
2026/09/11 16:14:36.609, 1, 84179, 97871, 0, 131.58
2026/09/11 16:14:36.609, 2, 83797, 97871, 65, 128.51
2026/09/11 16:14:36.609, 3, 83827, 97871, 0, 130.82
2026/09/11 16:14:36.809, 0, 87965, 97871, 100, 170.34
2026/09/11 16:14:36.809, 1, 87251, 97871, 87, 157.65
2026/09/11 16:14:36.809, 2, 86869, 97871, 16, 149.78
2026/09/11 16:14:36.809, 3, 86899, 97871, 96, 159.65
2026/09/11 16:14:37.009, 0, 87965, 97871, 100, 217.73
2026/09/11 16:14:37.009, 1, 87251, 97871, 100, 196.41
2026/09/11 16:14:37.009, 2, 86869, 97871, 100, 181.88
2026/09/11 16:14:37.009, 3, 86899, 97871, 100, 202.85
2026/09/11 16:14:37.209, 0, 87965, 97871, 100, 265.08
2026/09/11 16:14:37.210, 1, 87251, 97871, 100, 238.76
2026/09/11 16:14:37.210, 2, 86869, 97871, 100, 221.67
2026/09/11 16:14:37.210, 3, 86899, 97871, 100, 239.51
2026/09/11 16:14:37.410, 0, 87965, 97871, 100, 316.63
2026/09/11 16:14:37.410, 1, 87251, 97871, 100, 286.26
2026/09/11 16:14:37.410, 2, 86869, 97871, 100, 262.19
2026/09/11 16:14:37.410, 3, 86899, 97871, 100, 279.03
2026/09/11 16:14:37.610, 0, 87965, 97871, 100, 361.91
2026/09/11 16:14:37.610, 1, 87251, 97871, 100, 328.87
2026/09/11 16:14:37.610, 2, 86869, 97871, 100, 297.87
2026/09/11 16:14:37.610, 3, 86899, 97871, 100, 313.04
2026/09/11 16:14:37.810, 0, 87965, 97871, 100, 368.18
2026/09/11 16:14:37.810, 1, 87251, 97871, 100, 341.22
2026/09/11 16:14:37.810, 2, 86869, 97871, 100, 311.37
2026/09/11 16:14:37.810, 3, 86899, 97871, 100, 314.64
2026/09/11 16:14:38.010, 0, 87965, 97871, 100, 369.21
2026/09/11 16:14:38.010, 1, 87251, 97871, 100, 341.14
2026/09/11 16:14:38.010, 2, 86869, 97871, 100, 309.11
2026/09/11 16:14:38.010, 3, 86899, 97871, 100, 310.26
2026/09/11 16:14:38.210, 0, 87965, 97871, 100, 367.32
2026/09/11 16:14:38.210, 1, 87251, 97871, 100, 336.52
2026/09/11 16:14:38.210, 2, 86869, 97871, 100, 311.93
2026/09/11 16:14:38.210, 3, 86899, 97871, 100, 315.34
2026/09/11 16:14:38.410, 0, 87965, 97871, 100, 368.34
2026/09/11 16:14:38.411, 1, 87251, 97871, 100, 333.10
2026/09/11 16:14:38.411, 2, 86869, 97871, 100, 310.86
2026/09/11 16:14:38.411, 3, 86899, 97871, 100, 310.41
2026/09/11 16:14:38.611, 0, 87965, 97871, 100, 367.62
2026/09/11 16:14:38.611, 1, 87251, 97871, 100, 338.03
2026/09/11 16:14:38.611, 2, 86869, 97871, 100, 311.77
2026/09/11 16:14:38.611, 3, 86899, 97871, 100, 312.96
2026/09/11 16:14:38.811, 0, 87965, 97871, 100, 365.96
2026/09/11 16:14:38.811, 1, 87251, 97871, 100, 345.22
2026/09/11 16:14:38.811, 2, 86869, 97871, 100, 311.09
2026/09/11 16:14:38.811, 3, 86899, 97871, 100, 315.58
2026/09/11 16:14:39.011, 0, 87965, 97871, 100, 366.80
2026/09/11 16:14:39.011, 1, 87251, 97871, 100, 337.71
2026/09/11 16:14:39.011, 2, 86869, 97871, 100, 306.63
2026/09/11 16:14:39.011, 3, 86899, 97871, 100, 312.78
2026/09/11 16:14:39.211, 0, 87965, 97871, 100, 366.67
2026/09/11 16:14:39.211, 1, 87251, 97871, 100, 339.32
2026/09/11 16:14:39.211, 2, 86869, 97871, 100, 302.33
2026/09/11 16:14:39.211, 3, 86899, 97871, 100, 309.44
2026/09/11 16:14:39.411, 0, 87965, 97871, 100, 367.22
2026/09/11 16:14:39.411, 1, 87251, 97871, 100, 338.78
2026/09/11 16:14:39.411, 2, 86869, 97871, 100, 301.17
2026/09/11 16:14:39.411, 3, 86899, 97871, 100, 310.20
2026/09/11 16:14:39.611, 0, 87965, 97871, 100, 366.80
2026/09/11 16:14:39.611, 1, 87251, 97871, 100, 334.99
2026/09/11 16:14:39.611, 2, 86869, 97871, 100, 303.61
2026/09/11 16:14:39.611, 3, 86899, 97871, 100, 312.71
2026/09/11 16:14:39.812, 0, 87965, 97871, 100, 368.92
2026/09/11 16:14:39.812, 1, 87251, 97871, 100, 332.61
2026/09/11 16:14:39.812, 2, 86869, 97871, 100, 304.27
2026/09/11 16:14:39.812, 3, 86899, 97871, 100, 309.86
2026/09/11 16:14:40.012, 0, 87965, 97871, 100, 367.29
2026/09/11 16:14:40.012, 1, 87251, 97871, 100, 338.25
2026/09/11 16:14:40.012, 2, 86869, 97871, 100, 308.95
2026/09/11 16:14:40.012, 3, 86899, 97871, 100, 314.10
2026/09/11 16:14:40.212, 0, 87965, 97871, 100, 367.44
2026/09/11 16:14:40.212, 1, 87251, 97871, 100, 337.25
2026/09/11 16:14:40.212, 2, 86869, 97871, 100, 311.73
2026/09/11 16:14:40.212, 3, 86899, 97871, 100, 314.29
2026/09/11 16:14:40.412, 0, 87965, 97871, 100, 366.81
2026/09/11 16:14:40.412, 1, 87251, 97871, 100, 341.52
2026/09/11 16:14:40.412, 2, 86869, 97871, 100, 316.64
2026/09/11 16:14:40.412, 3, 86899, 97871, 100, 314.53
2026/09/11 16:14:40.612, 0, 87965, 97871, 100, 366.74
2026/09/11 16:14:40.612, 1, 87251, 97871, 100, 343.16
2026/09/11 16:14:40.612, 2, 86869, 97871, 100, 316.03
2026/09/11 16:14:40.612, 3, 86899, 97871, 100, 308.88
2026/09/11 16:14:40.812, 0, 87965, 97871, 100, 366.40
2026/09/11 16:14:40.812, 1, 87251, 97871, 100, 347.20
2026/09/11 16:14:40.812, 2, 86869, 97871, 100, 314.49
2026/09/11 16:14:40.812, 3, 86899, 97871, 100, 310.72
2026/09/11 16:14:41.012, 0, 87965, 97871, 100, 368.99
2026/09/11 16:14:41.013, 1, 87251, 97871, 100, 351.91
2026/09/11 16:14:41.013, 2, 86869, 97871, 100, 311.87
2026/09/11 16:14:41.013, 3, 86899, 97871, 100, 308.54
2026/09/11 16:14:41.213, 0, 87965, 97871, 100, 369.12
2026/09/11 16:14:41.213, 1, 87251, 97871, 100, 356.03
2026/09/11 16:14:41.213, 2, 86869, 97871, 100, 308.52
2026/09/11 16:14:41.213, 3, 86899, 97871, 100, 305.75
2026/09/11 16:14:41.413, 0, 87965, 97871, 100, 368.73
2026/09/11 16:14:41.413, 1, 87251, 97871, 100, 350.59
2026/09/11 16:14:41.413, 2, 86869, 97871, 100, 305.66
2026/09/11 16:14:41.413, 3, 86899, 97871, 100, 304.66
2026/09/11 16:14:41.613, 0, 87965, 97871, 100, 366.76
2026/09/11 16:14:41.613, 1, 87251, 97871, 100, 347.43
2026/09/11 16:14:41.613, 2, 86869, 97871, 100, 303.65
2026/09/11 16:14:41.613, 3, 86899, 97871, 100, 310.00
2026/09/11 16:14:41.813, 0, 87965, 97871, 100, 366.75
2026/09/11 16:14:41.813, 1, 87251, 97871, 100, 348.18
2026/09/11 16:14:41.813, 2, 86869, 97871, 100, 310.96
2026/09/11 16:14:41.813, 3, 86899, 97871, 100, 314.66
2026/09/11 16:14:42.013, 0, 87965, 97871, 100, 366.26
2026/09/11 16:14:42.013, 1, 87251, 97871, 100, 343.00
2026/09/11 16:14:42.013, 2, 86869, 97871, 100, 313.31
2026/09/11 16:14:42.013, 3, 86899, 97871, 100, 317.85
2026/09/11 16:14:42.213, 0, 87965, 97871, 100, 365.36
2026/09/11 16:14:42.213, 1, 87251, 97871, 100, 343.38
2026/09/11 16:14:42.213, 2, 86869, 97871, 100, 319.82
2026/09/11 16:14:42.213, 3, 86899, 97871, 100, 323.72
2026/09/11 16:14:42.414, 0, 87965, 97871, 100, 367.45
2026/09/11 16:14:42.414, 1, 87251, 97871, 100, 343.52
2026/09/11 16:14:42.414, 2, 86869, 97871, 100, 320.27
2026/09/11 16:14:42.414, 3, 86899, 97871, 100, 323.10
2026/09/11 16:14:42.614, 0, 87965, 97871, 100, 368.16
2026/09/11 16:14:42.614, 1, 87251, 97871, 100, 351.62
2026/09/11 16:14:42.614, 2, 86869, 97871, 100, 314.90
2026/09/11 16:14:42.614, 3, 86899, 97871, 100, 319.20
2026/09/11 16:14:42.814, 0, 87965, 97871, 100, 368.02
2026/09/11 16:14:42.814, 1, 87251, 97871, 100, 350.47
2026/09/11 16:14:42.814, 2, 86869, 97871, 100, 307.86
2026/09/11 16:14:42.814, 3, 86899, 97871, 100, 316.36
2026/09/11 16:14:43.014, 0, 87965, 97871, 100, 368.24
2026/09/11 16:14:43.014, 1, 87251, 97871, 100, 355.62
2026/09/11 16:14:43.014, 2, 86869, 97871, 100, 309.23
2026/09/11 16:14:43.014, 3, 86899, 97871, 100, 313.04
2026/09/11 16:14:43.214, 0, 87965, 97871, 100, 369.48
2026/09/11 16:14:43.214, 1, 87251, 97871, 100, 357.51
2026/09/11 16:14:43.214, 2, 86869, 97871, 100, 306.61
2026/09/11 16:14:43.214, 3, 86899, 97871, 100, 309.36
2026/09/11 16:14:43.414, 0, 87965, 97871, 100, 364.97
2026/09/11 16:14:43.414, 1, 87251, 97871, 100, 362.13
2026/09/11 16:14:43.414, 2, 86869, 97871, 100, 305.82
2026/09/11 16:14:43.414, 3, 86899, 97871, 100, 312.86
2026/09/11 16:14:43.614, 0, 87965, 97871, 100, 366.05
2026/09/11 16:14:43.614, 1, 87251, 97871, 100, 354.39
2026/09/11 16:14:43.615, 2, 86869, 97871, 100, 313.79
2026/09/11 16:14:43.615, 3, 86899, 97871, 100, 318.92
2026/09/11 16:14:43.815, 0, 87965, 97871, 100, 365.88
2026/09/11 16:14:43.815, 1, 87251, 97871, 100, 350.36
2026/09/11 16:14:43.815, 2, 86869, 97871, 100, 320.38
2026/09/11 16:14:43.815, 3, 86899, 97871, 100, 319.95
2026/09/11 16:14:44.015, 0, 87965, 97871, 100, 367.91
2026/09/11 16:14:44.015, 1, 87251, 97871, 100, 339.56
2026/09/11 16:14:44.015, 2, 86869, 97871, 100, 314.11
2026/09/11 16:14:44.015, 3, 86899, 97871, 100, 321.65
2026/09/11 16:14:44.215, 0, 87965, 97871, 100, 367.41
2026/09/11 16:14:44.215, 1, 87251, 97871, 100, 337.05
2026/09/11 16:14:44.215, 2, 86869, 97871, 100, 315.93
2026/09/11 16:14:44.215, 3, 86899, 97871, 100, 319.08
2026/09/11 16:14:44.415, 0, 87965, 97871, 100, 370.15
2026/09/11 16:14:44.415, 1, 87251, 97871, 100, 336.23
2026/09/11 16:14:44.415, 2, 86869, 97871, 100, 312.95
2026/09/11 16:14:44.415, 3, 86899, 97871, 100, 314.24
2026/09/11 16:14:44.615, 0, 87965, 97871, 100, 368.28
2026/09/11 16:14:44.615, 1, 87251, 97871, 100, 335.42
2026/09/11 16:14:44.615, 2, 86869, 97871, 100, 304.51
2026/09/11 16:14:44.615, 3, 86899, 97871, 100, 308.91
2026/09/11 16:14:44.815, 0, 87967, 97871, 100, 358.97
2026/09/11 16:14:44.815, 1, 87253, 97871, 100, 335.75
2026/09/11 16:14:44.815, 2, 86871, 97871, 100, 303.03
2026/09/11 16:14:44.815, 3, 86901, 97871, 100, 301.26
2026/09/11 16:14:45.016, 0, 87967, 97871, 26, 315.58
2026/09/11 16:14:45.016, 1, 87253, 97871, 74, 312.37
2026/09/11 16:14:45.016, 2, 86871, 97871, 84, 281.34
2026/09/11 16:14:45.016, 3, 86901, 97871, 50, 273.70
2026/09/11 16:14:45.216, 0, 87967, 97871, 0, 266.27
2026/09/11 16:14:45.216, 1, 87253, 97871, 0, 270.04
2026/09/11 16:14:45.216, 2, 86871, 97871, 0, 244.05
2026/09/11 16:14:45.216, 3, 86901, 97871, 0, 236.22
2026/09/11 16:14:45.416, 0, 87967, 97871, 0, 217.24
2026/09/11 16:14:45.416, 1, 87253, 97871, 0, 227.21
2026/09/11 16:14:45.416, 2, 86871, 97871, 0, 211.80
2026/09/11 16:14:45.416, 3, 86901, 97871, 0, 202.60
2026/09/11 16:14:45.616, 0, 87967, 97871, 0, 171.89
2026/09/11 16:14:45.616, 1, 87253, 97871, 0, 184.20
2026/09/11 16:14:45.616, 2, 86871, 97871, 0, 180.26
2026/09/11 16:14:45.616, 3, 86901, 97871, 0, 164.19
2026/09/11 16:14:45.816, 0, 87967, 97871, 0, 129.44
2026/09/11 16:14:45.816, 1, 87253, 97871, 0, 145.99
2026/09/11 16:14:45.816, 2, 86871, 97871, 0, 142.23
2026/09/11 16:14:45.816, 3, 86901, 97871, 0, 133.18
2026/09/11 16:14:46.016, 0, 87967, 97871, 0, 121.18
2026/09/11 16:14:46.017, 1, 87253, 97871, 0, 125.44
2026/09/11 16:14:46.017, 2, 86871, 97871, 0, 122.40
2026/09/11 16:14:46.017, 3, 86901, 97871, 0, 122.89
2026/09/11 16:14:46.217, 0, 87967, 97871, 0, 120.99
2026/09/11 16:14:46.217, 1, 87253, 97871, 0, 125.14
2026/09/11 16:14:46.217, 2, 86871, 97871, 0, 122.27
2026/09/11 16:14:46.217, 3, 86901, 97871, 0, 122.74
2026/09/11 16:14:46.417, 0, 87967, 97871, 0, 120.89
2026/09/11 16:14:46.417, 1, 87253, 97871, 0, 125.05
2026/09/11 16:14:46.417, 2, 86871, 97871, 0, 122.17
2026/09/11 16:14:46.417, 3, 86901, 97871, 0, 122.68
2026/09/11 16:14:46.617, 0, 87967, 97871, 0, 120.93
2026/09/11 16:14:46.617, 1, 87253, 97871, 0, 124.99
2026/09/11 16:14:46.617, 2, 86871, 97871, 0, 122.10
2026/09/11 16:14:46.617, 3, 86901, 97871, 0, 122.69
2026/09/11 16:14:46.817, 0, 87967, 97871, 0, 121.01
2026/09/11 16:14:46.817, 1, 87253, 97871, 0, 124.93
2026/09/11 16:14:46.817, 2, 86871, 97871, 0, 122.05
2026/09/11 16:14:46.817, 3, 86901, 97871, 0, 122.61
2026/09/11 16:14:47.018, 0, 87967, 97871, 0, 121.03
2026/09/11 16:14:47.018, 1, 87253, 97871, 0, 124.87
2026/09/11 16:14:47.018, 2, 86871, 97871, 0, 122.02
2026/09/11 16:14:47.018, 3, 86901, 97871, 0, 122.50
2026/09/11 16:14:47.218, 0, 87967, 97871, 0, 121.16
2026/09/11 16:14:47.218, 1, 87253, 97871, 0, 124.83
2026/09/11 16:14:47.218, 2, 86871, 97871, 0, 121.99
2026/09/11 16:14:47.218, 3, 86901, 97871, 0, 122.52
2026/09/11 16:14:47.418, 0, 87967, 97871, 0, 121.21
2026/09/11 16:14:47.418, 1, 87253, 97871, 0, 124.77
2026/09/11 16:14:47.418, 2, 86871, 97871, 0, 121.93
2026/09/11 16:14:47.418, 3, 86901, 97871, 0, 122.51
2026/09/11 16:14:47.618, 0, 87967, 97871, 0, 121.17
2026/09/11 16:14:47.618, 1, 87253, 97871, 0, 124.74
2026/09/11 16:14:47.618, 2, 86871, 97871, 0, 121.90
2026/09/11 16:14:47.618, 3, 86901, 97871, 0, 122.43
2026/09/11 16:14:47.818, 0, 87967, 97871, 0, 121.14
2026/09/11 16:14:47.818, 1, 87253, 97871, 0, 124.73
2026/09/11 16:14:47.819, 2, 86871, 97871, 0, 121.84
2026/09/11 16:14:47.819, 3, 86901, 97871, 0, 122.40
2026/09/11 16:14:48.019, 0, 87967, 97871, 0, 121.10
2026/09/11 16:14:48.019, 1, 87253, 97871, 0, 124.72
2026/09/11 16:14:48.019, 2, 86871, 97871, 0, 121.79
2026/09/11 16:14:48.019, 3, 86901, 97871, 0, 122.42
2026/09/11 16:14:48.219, 0, 87967, 97871, 0, 121.07
2026/09/11 16:14:48.219, 1, 87253, 97871, 0, 124.69
2026/09/11 16:14:48.219, 2, 86871, 97871, 0, 121.76
2026/09/11 16:14:48.219, 3, 86901, 97871, 0, 122.42
2026/09/11 16:14:48.419, 0, 87967, 97871, 0, 121.02
2026/09/11 16:14:48.419, 1, 87253, 97871, 0, 124.67
2026/09/11 16:14:48.419, 2, 86871, 97871, 0, 121.76
2026/09/11 16:14:48.419, 3, 86901, 97871, 0, 122.32
2026/09/11 16:14:48.619, 0, 87967, 97871, 0, 120.95
2026/09/11 16:14:48.619, 1, 87253, 97871, 0, 124.65
2026/09/11 16:14:48.619, 2, 86871, 97871, 0, 121.76
2026/09/11 16:14:48.619, 3, 86901, 97871, 0, 122.31
2026/09/11 16:14:48.819, 0, 87967, 97871, 0, 120.93
2026/09/11 16:14:48.819, 1, 87253, 97871, 0, 124.61
2026/09/11 16:14:48.819, 2, 86871, 97871, 0, 121.73
2026/09/11 16:14:48.819, 3, 86901, 97871, 0, 122.34
2026/09/11 16:14:49.020, 0, 87967, 97871, 0, 120.92
2026/09/11 16:14:49.020, 1, 87253, 97871, 0, 124.58
2026/09/11 16:14:49.020, 2, 86871, 97871, 0, 121.75
2026/09/11 16:14:49.020, 3, 86901, 97871, 0, 122.30
2026/09/11 16:14:49.220, 0, 87967, 97871, 0, 120.88
2026/09/11 16:14:49.220, 1, 87253, 97871, 0, 124.56
2026/09/11 16:14:49.220, 2, 86871, 97871, 0, 121.73
2026/09/11 16:14:49.220, 3, 86901, 97871, 0, 122.21
2026/09/11 16:14:49.420, 0, 87967, 97871, 0, 120.87
2026/09/11 16:14:49.420, 1, 87253, 97871, 0, 124.53
2026/09/11 16:14:49.420, 2, 86871, 97871, 0, 121.73
2026/09/11 16:14:49.420, 3, 86901, 97871, 0, 122.28
2026/09/11 16:14:49.620, 0, 87967, 97871, 0, 120.84
2026/09/11 16:14:49.620, 1, 87253, 97871, 0, 124.49
2026/09/11 16:14:49.620, 2, 86871, 97871, 0, 121.72
2026/09/11 16:14:49.620, 3, 86901, 97871, 0, 122.31
2026/09/11 16:14:49.820, 0, 87967, 97871, 0, 120.81
2026/09/11 16:14:49.820, 1, 87253, 97871, 0, 124.47
2026/09/11 16:14:49.820, 2, 86871, 97871, 0, 121.71
2026/09/11 16:14:49.820, 3, 86901, 97871, 0, 122.21
2026/09/11 16:14:50.020, 0, 87967, 97871, 0, 120.81
2026/09/11 16:14:50.021, 1, 87253, 97871, 0, 124.46
2026/09/11 16:14:50.021, 2, 86871, 97871, 0, 121.69
2026/09/11 16:14:50.021, 3, 86901, 97871, 0, 122.23
2026/09/11 16:14:50.221, 0, 87967, 97871, 0, 120.80
2026/09/11 16:14:50.221, 1, 87253, 97871, 0, 124.45
2026/09/11 16:14:50.221, 2, 86871, 97871, 0, 121.62
2026/09/11 16:14:50.221, 3, 86901, 97871, 0, 122.27
2026/09/11 16:14:50.421, 0, 87967, 97871, 0, 120.80
2026/09/11 16:14:50.421, 1, 87253, 97871, 0, 124.47
2026/09/11 16:14:50.421, 2, 86871, 97871, 0, 121.60
2026/09/11 16:14:50.421, 3, 86901, 97871, 0, 122.25
2026/09/11 16:14:50.621, 0, 87967, 97871, 0, 120.81
2026/09/11 16:14:50.621, 1, 87253, 97871, 0, 124.48
2026/09/11 16:14:50.621, 2, 86871, 97871, 0, 121.59
2026/09/11 16:14:50.621, 3, 86901, 97871, 0, 122.16
2026/09/11 16:14:50.821, 0, 87967, 97871, 0, 120.80
2026/09/11 16:14:50.822, 1, 87253, 97871, 0, 124.47
2026/09/11 16:14:50.822, 2, 86871, 97871, 0, 121.58
2026/09/11 16:14:50.822, 3, 86901, 97871, 0, 122.23
2026/09/11 16:14:51.022, 0, 87967, 97871, 0, 120.79
2026/09/11 16:14:51.022, 1, 87253, 97871, 0, 124.46
2026/09/11 16:14:51.022, 2, 86871, 97871, 0, 121.58
2026/09/11 16:14:51.022, 3, 86901, 97871, 0, 122.24
2026/09/11 16:14:51.222, 0, 87967, 97871, 0, 120.78
2026/09/11 16:14:51.222, 1, 87253, 97871, 0, 124.46
2026/09/11 16:14:51.222, 2, 86871, 97871, 0, 121.60
2026/09/11 16:14:51.222, 3, 86901, 97871, 0, 122.17
2026/09/11 16:14:51.422, 0, 87967, 97871, 0, 120.76
2026/09/11 16:14:51.422, 1, 87253, 97871, 0, 124.43
2026/09/11 16:14:51.422, 2, 86871, 97871, 0, 121.61
2026/09/11 16:14:51.422, 3, 86901, 97871, 0, 122.15
2026/09/11 16:14:51.622, 0, 87967, 97871, 0, 120.75
2026/09/11 16:14:51.622, 1, 87253, 97871, 0, 124.39
2026/09/11 16:14:51.622, 2, 86871, 97871, 0, 121.57
2026/09/11 16:14:51.623, 3, 86901, 97871, 0, 122.21
2026/09/11 16:14:51.823, 0, 87967, 97871, 0, 120.75
2026/09/11 16:14:51.823, 1, 87253, 97871, 0, 124.39
2026/09/11 16:14:51.823, 2, 86871, 97871, 0, 121.54
2026/09/11 16:14:51.823, 3, 86901, 97871, 0, 122.17
2026/09/11 16:14:52.023, 0, 87967, 97871, 0, 120.72
2026/09/11 16:14:52.023, 1, 87253, 97871, 0, 124.39
2026/09/11 16:14:52.023, 2, 86871, 97871, 0, 121.52
2026/09/11 16:14:52.023, 3, 86901, 97871, 0, 122.09
2026/09/11 16:14:52.223, 0, 87967, 97871, 0, 120.73
2026/09/11 16:14:52.223, 1, 87253, 97871, 0, 124.38
2026/09/11 16:14:52.223, 2, 86871, 97871, 0, 121.50
2026/09/11 16:14:52.223, 3, 86901, 97871, 0, 122.14
2026/09/11 16:14:52.423, 0, 87967, 97871, 0, 120.71
2026/09/11 16:14:52.423, 1, 87253, 97871, 0, 124.39
2026/09/11 16:14:52.423, 2, 86871, 97871, 0, 121.48
2026/09/11 16:14:52.423, 3, 86901, 97871, 0, 122.18
2026/09/11 16:14:52.623, 0, 87967, 97871, 0, 120.71
2026/09/11 16:14:52.623, 1, 87253, 97871, 0, 124.39
2026/09/11 16:14:52.623, 2, 86871, 97871, 0, 121.50
2026/09/11 16:14:52.623, 3, 86901, 97871, 0, 122.10
2026/09/11 16:14:52.824, 0, 87967, 97871, 0, 120.72
2026/09/11 16:14:52.824, 1, 87253, 97871, 0, 124.41
2026/09/11 16:14:52.824, 2, 86871, 97871, 0, 121.52
2026/09/11 16:14:52.824, 3, 86901, 97871, 0, 122.10
2026/09/11 16:14:53.024, 0, 87967, 97871, 0, 120.72
2026/09/11 16:14:53.024, 1, 87253, 97871, 0, 124.40
2026/09/11 16:14:53.024, 2, 86871, 97871, 0, 121.51
2026/09/11 16:14:53.024, 3, 86901, 97871, 0, 122.13
2026/09/11 16:14:53.224, 0, 87967, 97871, 0, 120.69
2026/09/11 16:14:53.224, 1, 87253, 97871, 0, 124.39
2026/09/11 16:14:53.224, 2, 86871, 97871, 0, 121.51
2026/09/11 16:14:53.224, 3, 86901, 97871, 0, 122.12
2026/09/11 16:14:53.424, 0, 87967, 97871, 0, 120.70
2026/09/11 16:14:53.424, 1, 87253, 97871, 0, 124.36
2026/09/11 16:14:53.424, 2, 86871, 97871, 0, 121.52
2026/09/11 16:14:53.424, 3, 86901, 97871, 0, 122.03
2026/09/11 16:14:53.624, 0, 87967, 97871, 0, 120.67
2026/09/11 16:14:53.624, 1, 87253, 97871, 0, 124.33
2026/09/11 16:14:53.624, 2, 86871, 97871, 0, 121.51
2026/09/11 16:14:53.624, 3, 86901, 97871, 0, 122.07
2026/09/11 16:14:53.824, 0, 87967, 97871, 0, 120.64
2026/09/11 16:14:53.824, 1, 87253, 97871, 0, 124.29
2026/09/11 16:14:53.824, 2, 86871, 97871, 0, 121.51
2026/09/11 16:14:53.824, 3, 86901, 97871, 0, 122.09
2026/09/11 16:14:54.024, 0, 87967, 97871, 0, 120.64
2026/09/11 16:14:54.025, 1, 87253, 97871, 0, 124.27
2026/09/11 16:14:54.025, 2, 86871, 97871, 0, 121.50
2026/09/11 16:14:54.025, 3, 86901, 97871, 0, 122.02
2026/09/11 16:14:54.225, 0, 87967, 97871, 0, 120.62
2026/09/11 16:14:54.225, 1, 87253, 97871, 0, 124.25
2026/09/11 16:14:54.225, 2, 86871, 97871, 0, 121.50
2026/09/11 16:14:54.225, 3, 86901, 97871, 0, 121.97
2026/09/11 16:14:54.425, 0, 87967, 97871, 0, 120.61
2026/09/11 16:14:54.425, 1, 87253, 97871, 0, 124.25
2026/09/11 16:14:54.425, 2, 86871, 97871, 0, 121.46
2026/09/11 16:14:54.425, 3, 86901, 97871, 0, 122.04
2026/09/11 16:14:54.625, 0, 87967, 97871, 0, 120.58
2026/09/11 16:14:54.625, 1, 87253, 97871, 0, 124.26
2026/09/11 16:14:54.625, 2, 86871, 97871, 0, 121.44
2026/09/11 16:14:54.625, 3, 86901, 97871, 0, 122.04
2026/09/11 16:14:54.825, 0, 87967, 97871, 0, 120.55
2026/09/11 16:14:54.825, 1, 87253, 97871, 0, 124.27
2026/09/11 16:14:54.825, 2, 86871, 97871, 0, 121.42
2026/09/11 16:14:54.825, 3, 86901, 97871, 0, 121.95
2026/09/11 16:14:55.025, 0, 87967, 97871, 0, 120.54
2026/09/11 16:14:55.025, 1, 87253, 97871, 0, 124.27
2026/09/11 16:14:55.025, 2, 86871, 97871, 0, 121.39
2026/09/11 16:14:55.025, 3, 86901, 97871, 0, 121.98
2026/09/11 16:14:55.225, 0, 87967, 97871, 0, 120.52
2026/09/11 16:14:55.225, 1, 87253, 97871, 0, 124.25
2026/09/11 16:14:55.225, 2, 86871, 97871, 0, 121.39
2026/09/11 16:14:55.226, 3, 86901, 97871, 0, 122.03
2026/09/11 16:14:55.426, 0, 87967, 97871, 0, 120.50
2026/09/11 16:14:55.426, 1, 87253, 97871, 0, 124.25
2026/09/11 16:14:55.426, 2, 86871, 97871, 0, 121.39
2026/09/11 16:14:55.426, 3, 86901, 97871, 0, 121.98
2026/09/11 16:14:55.626, 0, 87967, 97871, 0, 120.50
2026/09/11 16:14:55.626, 1, 87253, 97871, 0, 124.21
2026/09/11 16:14:55.626, 2, 86871, 97871, 0, 121.40
2026/09/11 16:14:55.626, 3, 86901, 97871, 0, 121.94
2026/09/11 16:14:55.826, 0, 87967, 97871, 0, 120.48
2026/09/11 16:14:55.826, 1, 87253, 97871, 0, 124.19
2026/09/11 16:14:55.826, 2, 86871, 97871, 0, 121.39
2026/09/11 16:14:55.826, 3, 86901, 97871, 0, 122.01
2026/09/11 16:14:56.026, 0, 87967, 97871, 0, 120.46
2026/09/11 16:14:56.026, 1, 87253, 97871, 0, 124.14
2026/09/11 16:14:56.026, 2, 86871, 97871, 0, 121.40
2026/09/11 16:14:56.026, 3, 86901, 97871, 0, 122.03
2026/09/11 16:14:56.226, 0, 87967, 97871, 0, 120.46
2026/09/11 16:14:56.226, 1, 87253, 97871, 0, 124.14
2026/09/11 16:14:56.226, 2, 86871, 97871, 0, 121.39
2026/09/11 16:14:56.226, 3, 86901, 97871, 0, 121.94
2026/09/11 16:14:56.426, 0, 87967, 97871, 0, 120.44
2026/09/11 16:14:56.426, 1, 87253, 97871, 0, 124.12
2026/09/11 16:14:56.426, 2, 86871, 97871, 0, 121.35
2026/09/11 16:14:56.426, 3, 86901, 97871, 0, 121.97
2026/09/11 16:14:56.627, 0, 87967, 97871, 0, 120.43
2026/09/11 16:14:56.627, 1, 87253, 97871, 0, 124.13
2026/09/11 16:14:56.627, 2, 86871, 97871, 0, 121.31
2026/09/11 16:14:56.627, 3, 86901, 97871, 0, 122.00
2026/09/11 16:14:56.827, 0, 87967, 97871, 0, 120.44
2026/09/11 16:14:56.827, 1, 87253, 97871, 0, 124.14
2026/09/11 16:14:56.827, 2, 86871, 97871, 0, 121.31
2026/09/11 16:14:56.827, 3, 86901, 97871, 0, 121.97
2026/09/11 16:14:57.027, 0, 87967, 97871, 0, 120.43
2026/09/11 16:14:57.027, 1, 87253, 97871, 0, 124.11
2026/09/11 16:14:57.027, 2, 86871, 97871, 0, 121.31
2026/09/11 16:14:57.027, 3, 86901, 97871, 0, 121.90
2026/09/11 16:14:57.227, 0, 87967, 97871, 0, 120.42
2026/09/11 16:14:57.227, 1, 87253, 97871, 0, 124.12
2026/09/11 16:14:57.227, 2, 86871, 97871, 0, 121.29
2026/09/11 16:14:57.227, 3, 86901, 97871, 0, 121.98
2026/09/11 16:14:57.427, 0, 87967, 97871, 0, 120.43
2026/09/11 16:14:57.427, 1, 87253, 97871, 0, 124.11
2026/09/11 16:14:57.427, 2, 86871, 97871, 0, 121.30
2026/09/11 16:14:57.427, 3, 86901, 97871, 0, 121.97
2026/09/11 16:14:57.627, 0, 87967, 97871, 0, 120.42
2026/09/11 16:14:57.628, 1, 87253, 97871, 0, 124.11
2026/09/11 16:14:57.628, 2, 86871, 97871, 0, 121.30
2026/09/11 16:14:57.628, 3, 86901, 97871, 0, 121.90
2026/09/11 16:14:57.828, 0, 87967, 97871, 0, 120.43
2026/09/11 16:14:57.828, 1, 87253, 97871, 0, 124.13
2026/09/11 16:14:57.828, 2, 86871, 97871, 0, 121.30
2026/09/11 16:14:57.828, 3, 86901, 97871, 0, 121.91
2026/09/11 16:14:58.028, 0, 87971, 97871, 6, 123.55
2026/09/11 16:14:58.028, 1, 87257, 97871, 14, 127.42
2026/09/11 16:14:58.028, 2, 86875, 97871, 0, 124.03
2026/09/11 16:14:58.028, 3, 86905, 97871, 36, 125.15
2026/09/11 16:14:58.228, 0, 87971, 97871, 0, 123.64
2026/09/11 16:14:58.228, 1, 87257, 97871, 0, 127.52
2026/09/11 16:14:58.228, 2, 86875, 97871, 8, 124.41
2026/09/11 16:14:58.228, 3, 86905, 97871, 0, 125.14
2026/09/11 16:14:58.428, 0, 87971, 97871, 0, 123.66
2026/09/11 16:14:58.429, 1, 87257, 97871, 0, 127.54
2026/09/11 16:14:58.429, 2, 86875, 97871, 0, 124.44
2026/09/11 16:14:58.429, 3, 86905, 97871, 0, 125.01
2026/09/11 16:14:58.629, 0, 87971, 97871, 0, 123.69
2026/09/11 16:14:58.629, 1, 87257, 97871, 0, 127.54
2026/09/11 16:14:58.629, 2, 86875, 97871, 0, 124.50
2026/09/11 16:14:58.629, 3, 86905, 97871, 0, 125.12
2026/09/11 16:14:58.829, 0, 87971, 97871, 0, 123.61
2026/09/11 16:14:58.829, 1, 87257, 97871, 0, 127.54
2026/09/11 16:14:58.829, 2, 86875, 97871, 0, 124.49
2026/09/11 16:14:58.829, 3, 86905, 97871, 0, 125.14
2026/09/11 16:14:59.029, 0, 87971, 97871, 0, 120.50
2026/09/11 16:14:59.029, 1, 87257, 97871, 0, 124.18
2026/09/11 16:14:59.029, 2, 86875, 97871, 0, 121.77
2026/09/11 16:14:59.029, 3, 86905, 97871, 0, 121.90
2026/09/11 16:14:59.229, 0, 87971, 97871, 0, 120.46
2026/09/11 16:14:59.230, 1, 87257, 97871, 0, 124.14
2026/09/11 16:14:59.230, 2, 86875, 97871, 0, 121.33
2026/09/11 16:14:59.230, 3, 86905, 97871, 0, 121.84
2026/09/11 16:14:59.430, 0, 87971, 97871, 0, 120.43
2026/09/11 16:14:59.430, 1, 87257, 97871, 0, 124.11
2026/09/11 16:14:59.430, 2, 86875, 97871, 0, 121.31
2026/09/11 16:14:59.430, 3, 86905, 97871, 0, 121.90
2026/09/11 16:14:59.630, 0, 87971, 97871, 0, 120.41
2026/09/11 16:14:59.630, 1, 87257, 97871, 0, 124.12
2026/09/11 16:14:59.630, 2, 86875, 97871, 0, 121.31
2026/09/11 16:14:59.630, 3, 86905, 97871, 0, 121.88
2026/09/11 16:14:59.830, 0, 87971, 97871, 0, 120.39
2026/09/11 16:14:59.830, 1, 87257, 97871, 0, 124.14
2026/09/11 16:14:59.830, 2, 86875, 97871, 0, 121.31
2026/09/11 16:14:59.830, 3, 86905, 97871, 0, 121.83
2026/09/11 16:15:00.030, 0, 87971, 97871, 0, 120.39
2026/09/11 16:15:00.031, 1, 87257, 97871, 0, 124.12
2026/09/11 16:15:00.031, 2, 86875, 97871, 0, 121.29
2026/09/11 16:15:00.031, 3, 86905, 97871, 0, 121.87
2026/09/11 16:15:00.231, 0, 87971, 97871, 0, 120.40
2026/09/11 16:15:00.231, 1, 87257, 97871, 0, 124.12
2026/09/11 16:15:00.231, 2, 86875, 97871, 0, 121.29
2026/09/11 16:15:00.231, 3, 86905, 97871, 0, 121.90
2026/09/11 16:15:00.431, 0, 87971, 97871, 0, 120.38
2026/09/11 16:15:00.431, 1, 87257, 97871, 0, 124.12
2026/09/11 16:15:00.431, 2, 86875, 97871, 0, 121.31
2026/09/11 16:15:00.431, 3, 86905, 97871, 0, 121.85
2026/09/11 16:15:00.631, 0, 87971, 97871, 0, 120.36
2026/09/11 16:15:00.631, 1, 87257, 97871, 0, 124.10
2026/09/11 16:15:00.631, 2, 86875, 97871, 0, 121.32
2026/09/11 16:15:00.631, 3, 86905, 97871, 0, 121.83
2026/09/11 16:15:00.831, 0, 87971, 97871, 0, 120.39
2026/09/11 16:15:00.831, 1, 87257, 97871, 0, 124.06
2026/09/11 16:15:00.832, 2, 86875, 97871, 0, 121.33
2026/09/11 16:15:00.832, 3, 86905, 97871, 0, 121.86
2026/09/11 16:15:01.032, 0, 87971, 97871, 0, 120.33
2026/09/11 16:15:01.032, 1, 87257, 97871, 0, 124.04
2026/09/11 16:15:01.032, 2, 86875, 97871, 0, 121.35
2026/09/11 16:15:01.032, 3, 86905, 97871, 0, 121.86
2026/09/11 16:15:01.232, 0, 87971, 97871, 0, 120.31
2026/09/11 16:15:01.232, 1, 87257, 97871, 0, 124.02
2026/09/11 16:15:01.232, 2, 86875, 97871, 0, 121.36
2026/09/11 16:15:01.232, 3, 86905, 97871, 0, 121.78
2026/09/11 16:15:01.432, 0, 87971, 97871, 0, 120.29
2026/09/11 16:15:01.432, 1, 87257, 97871, 0, 123.99
2026/09/11 16:15:01.432, 2, 86875, 97871, 0, 121.32
2026/09/11 16:15:01.432, 3, 86905, 97871, 0, 121.83
2026/09/11 16:15:01.633, 0, 87971, 97871, 0, 120.28
2026/09/11 16:15:01.633, 1, 87257, 97871, 0, 123.98
2026/09/11 16:15:01.633, 2, 86875, 97871, 0, 121.30
2026/09/11 16:15:01.633, 3, 86905, 97871, 0, 121.85
2026/09/11 16:15:01.833, 0, 87971, 97871, 0, 120.49
2026/09/11 16:15:01.833, 1, 87257, 97871, 0, 124.20
2026/09/11 16:15:01.833, 2, 86875, 97871, 0, 121.27
2026/09/11 16:15:01.833, 3, 86905, 97871, 0, 122.24
2026/09/11 16:15:02.033, 0, 87971, 97871, 0, 120.66
2026/09/11 16:15:02.033, 1, 87257, 97871, 0, 124.28
2026/09/11 16:15:02.033, 2, 86875, 97871, 0, 121.54
2026/09/11 16:15:02.033, 3, 86905, 97871, 100, 123.18
2026/09/11 16:15:02.233, 0, 87971, 97871, 0, 120.66
2026/09/11 16:15:02.233, 1, 87257, 97871, 0, 124.27
2026/09/11 16:15:02.233, 2, 86875, 97871, 0, 121.55
2026/09/11 16:15:02.233, 3, 86905, 97871, 100, 123.90
2026/09/11 16:15:02.434, 0, 87971, 97871, 0, 120.66
2026/09/11 16:15:02.434, 1, 87257, 97871, 0, 124.26
2026/09/11 16:15:02.434, 2, 86875, 97871, 0, 121.55
2026/09/11 16:15:02.434, 3, 86905, 97871, 100, 124.48
2026/09/11 16:15:02.634, 0, 87971, 97871, 0, 120.64
2026/09/11 16:15:02.634, 1, 87257, 97871, 0, 124.24
2026/09/11 16:15:02.634, 2, 86875, 97871, 0, 121.56
2026/09/11 16:15:02.634, 3, 86905, 97871, 100, 125.05
2026/09/11 16:15:02.834, 0, 87971, 97871, 0, 120.50
2026/09/11 16:15:02.834, 1, 87257, 97871, 0, 124.14
2026/09/11 16:15:02.834, 2, 86875, 97871, 0, 121.57
2026/09/11 16:15:02.834, 3, 86905, 97871, 100, 125.60
2026/09/11 16:15:03.034, 0, 87971, 97871, 0, 120.28
2026/09/11 16:15:03.034, 1, 87257, 97871, 0, 124.21
2026/09/11 16:15:03.034, 2, 86875, 97871, 0, 121.29
2026/09/11 16:15:03.034, 3, 86905, 97871, 100, 125.06
2026/09/11 16:15:03.234, 0, 87971, 97871, 0, 120.60
2026/09/11 16:15:03.234, 1, 87257, 97871, 74, 125.32
2026/09/11 16:15:03.235, 2, 86875, 97871, 0, 121.55
2026/09/11 16:15:03.235, 3, 86905, 97871, 100, 125.32
2026/09/11 16:15:03.435, 0, 87971, 97871, 0, 120.63
2026/09/11 16:15:03.435, 1, 87257, 97871, 100, 125.92
2026/09/11 16:15:03.435, 2, 86875, 97871, 0, 121.53
2026/09/11 16:15:03.435, 3, 86905, 97871, 100, 125.27
2026/09/11 16:15:03.635, 0, 87971, 97871, 0, 120.61
2026/09/11 16:15:03.635, 1, 87257, 97871, 100, 126.63
2026/09/11 16:15:03.635, 2, 86875, 97871, 0, 121.54
2026/09/11 16:15:03.635, 3, 86905, 97871, 100, 125.32
2026/09/11 16:15:03.835, 0, 87971, 97871, 0, 120.61
2026/09/11 16:15:03.835, 1, 87257, 97871, 100, 127.26
2026/09/11 16:15:03.835, 2, 86875, 97871, 0, 121.53
2026/09/11 16:15:03.835, 3, 86905, 97871, 100, 125.33
2026/09/11 16:15:04.035, 0, 87971, 97871, 0, 120.59
2026/09/11 16:15:04.035, 1, 87257, 97871, 100, 127.83
2026/09/11 16:15:04.035, 2, 86875, 97871, 0, 121.51
2026/09/11 16:15:04.035, 3, 86905, 97871, 100, 125.22
2026/09/11 16:15:04.235, 0, 87971, 97871, 0, 120.29
2026/09/11 16:15:04.236, 1, 87257, 97871, 100, 127.31
2026/09/11 16:15:04.236, 2, 86875, 97871, 0, 121.23
2026/09/11 16:15:04.236, 3, 86905, 97871, 100, 124.97
2026/09/11 16:15:04.436, 0, 87971, 97871, 0, 120.57
2026/09/11 16:15:04.436, 1, 87257, 97871, 100, 127.50
2026/09/11 16:15:04.436, 2, 86875, 97871, 0, 122.34
2026/09/11 16:15:04.436, 3, 86905, 97871, 100, 125.29
2026/09/11 16:15:04.636, 0, 87971, 97871, 0, 120.59
2026/09/11 16:15:04.636, 1, 87257, 97871, 100, 127.50
2026/09/11 16:15:04.636, 2, 86875, 97871, 100, 122.94
2026/09/11 16:15:04.636, 3, 86905, 97871, 100, 125.27
2026/09/11 16:15:04.836, 0, 87971, 97871, 0, 120.60
2026/09/11 16:15:04.836, 1, 87257, 97871, 100, 127.48
2026/09/11 16:15:04.836, 2, 86875, 97871, 100, 123.57
2026/09/11 16:15:04.836, 3, 86905, 97871, 100, 125.17
2026/09/11 16:15:05.036, 0, 87971, 97871, 0, 120.61
2026/09/11 16:15:05.036, 1, 87257, 97871, 100, 127.50
2026/09/11 16:15:05.036, 2, 86875, 97871, 100, 124.20
2026/09/11 16:15:05.036, 3, 86905, 97871, 100, 125.25
2026/09/11 16:15:05.237, 0, 87971, 97871, 0, 120.50
2026/09/11 16:15:05.237, 1, 87257, 97871, 100, 127.49
2026/09/11 16:15:05.237, 2, 86875, 97871, 100, 124.89
2026/09/11 16:15:05.237, 3, 86905, 97871, 100, 125.21
2026/09/11 16:15:05.437, 0, 87971, 97871, 0, 121.49
2026/09/11 16:15:05.437, 1, 87257, 97871, 100, 128.81
2026/09/11 16:15:05.437, 2, 86875, 97871, 100, 124.41
2026/09/11 16:15:05.437, 3, 86905, 97871, 100, 125.68
2026/09/11 16:15:05.637, 0, 87971, 97871, 84, 127.24
2026/09/11 16:15:05.637, 1, 87257, 97871, 84, 133.39
2026/09/11 16:15:05.637, 2, 86875, 97871, 83, 130.55
2026/09/11 16:15:05.637, 3, 86905, 97871, 91, 131.11
2026/09/11 16:15:05.837, 0, 87971, 97871, 0, 127.39
2026/09/11 16:15:05.837, 1, 87257, 97871, 0, 132.74
2026/09/11 16:15:05.837, 2, 86875, 97871, 0, 130.08
2026/09/11 16:15:05.837, 3, 86905, 97871, 0, 130.55
2026/09/11 16:15:06.038, 0, 87971, 97871, 0, 127.26
2026/09/11 16:15:06.038, 1, 87257, 97871, 0, 132.01
2026/09/11 16:15:06.038, 2, 86875, 97871, 0, 129.45
2026/09/11 16:15:06.038, 3, 86905, 97871, 0, 130.01
2026/09/11 16:15:06.238, 0, 87971, 97871, 0, 127.40
2026/09/11 16:15:06.238, 1, 87257, 97871, 0, 131.37
2026/09/11 16:15:06.238, 2, 86875, 97871, 0, 128.82
2026/09/11 16:15:06.238, 3, 86905, 97871, 0, 129.23
2026/09/11 16:15:06.438, 0, 87971, 97871, 0, 126.13
2026/09/11 16:15:06.438, 1, 87257, 97871, 0, 130.12
2026/09/11 16:15:06.438, 2, 86875, 97871, 0, 128.21
2026/09/11 16:15:06.438, 3, 86905, 97871, 0, 128.47
2026/09/11 16:15:06.638, 0, 87971, 97871, 0, 120.21
2026/09/11 16:15:06.638, 1, 87257, 97871, 0, 123.96
2026/09/11 16:15:06.638, 2, 86875, 97871, 0, 121.42
2026/09/11 16:15:06.638, 3, 86905, 97871, 0, 121.72
2026/09/11 16:15:06.838, 0, 87971, 97871, 0, 120.18
2026/09/11 16:15:06.839, 1, 87257, 97871, 0, 123.95
2026/09/11 16:15:06.839, 2, 86875, 97871, 0, 121.24
2026/09/11 16:15:06.839, 3, 86905, 97871, 0, 121.69
2026/09/11 16:15:07.039, 0, 87971, 97871, 0, 120.19
2026/09/11 16:15:07.039, 1, 87257, 97871, 0, 123.91
2026/09/11 16:15:07.039, 2, 86875, 97871, 0, 121.23
2026/09/11 16:15:07.039, 3, 86905, 97871, 0, 121.66
2026/09/11 16:15:07.239, 0, 87971, 97871, 0, 120.17
2026/09/11 16:15:07.239, 1, 87257, 97871, 0, 123.91
2026/09/11 16:15:07.239, 2, 86875, 97871, 0, 121.21
2026/09/11 16:15:07.239, 3, 86905, 97871, 0, 121.71
2026/09/11 16:15:07.439, 0, 87971, 97871, 0, 120.11
2026/09/11 16:15:07.440, 1, 87257, 97871, 0, 123.89
2026/09/11 16:15:07.440, 2, 86875, 97871, 0, 121.21
2026/09/11 16:15:07.440, 3, 86905, 97871, 0, 121.72
2026/09/11 16:15:07.640, 0, 87971, 97871, 0, 120.13
2026/09/11 16:15:07.640, 1, 87257, 97871, 0, 123.88
2026/09/11 16:15:07.640, 2, 86875, 97871, 0, 121.23
2026/09/11 16:15:07.640, 3, 86905, 97871, 0, 121.65
2026/09/11 16:15:07.840, 0, 87971, 97871, 0, 120.11
2026/09/11 16:15:07.840, 1, 87257, 97871, 0, 123.83
2026/09/11 16:15:07.840, 2, 86875, 97871, 0, 121.25
2026/09/11 16:15:07.840, 3, 86905, 97871, 0, 121.69
2026/09/11 16:15:08.040, 0, 87973, 97871, 0, 120.06
2026/09/11 16:15:08.041, 1, 87259, 97871, 0, 123.80
2026/09/11 16:15:08.041, 2, 86877, 97871, 0, 121.24
2026/09/11 16:15:08.041, 3, 86907, 97871, 0, 121.72
2026/09/11 16:15:08.241, 0, 88549, 97871, 47, 138.07
2026/09/11 16:15:08.241, 1, 87835, 97871, 35, 144.62
2026/09/11 16:15:08.241, 2, 87453, 97871, 3, 125.04
2026/09/11 16:15:08.241, 3, 87483, 97871, 46, 137.47
2026/09/11 16:15:08.441, 0, 88549, 97871, 100, 193.84
2026/09/11 16:15:08.441, 1, 87835, 97871, 100, 202.11
2026/09/11 16:15:08.441, 2, 87453, 97871, 55, 173.97
2026/09/11 16:15:08.441, 3, 87483, 97871, 100, 195.25
2026/09/11 16:15:08.641, 0, 93377, 97871, 100, 248.87
2026/09/11 16:15:08.641, 1, 92663, 97871, 100, 256.84
2026/09/11 16:15:08.641, 2, 92281, 97871, 100, 228.06
2026/09/11 16:15:08.641, 3, 92311, 97871, 100, 252.07
2026/09/11 16:15:08.842, 0, 93377, 97871, 100, 300.81
2026/09/11 16:15:08.842, 1, 92663, 97871, 100, 316.37
2026/09/11 16:15:08.842, 2, 92281, 97871, 100, 286.43
2026/09/11 16:15:08.842, 3, 92311, 97871, 100, 309.45
2026/09/11 16:15:09.042, 0, 93377, 97871, 100, 359.06
2026/09/11 16:15:09.042, 1, 92663, 97871, 100, 373.08
2026/09/11 16:15:09.042, 2, 92281, 97871, 100, 336.61
2026/09/11 16:15:09.042, 3, 92311, 97871, 100, 360.52
2026/09/11 16:15:09.242, 0, 93377, 97871, 100, 396.89
2026/09/11 16:15:09.242, 1, 92663, 97871, 100, 408.42
2026/09/11 16:15:09.242, 2, 92281, 97871, 100, 391.85
2026/09/11 16:15:09.242, 3, 92311, 97871, 100, 405.17
2026/09/11 16:15:09.442, 0, 93377, 97871, 100, 396.90
2026/09/11 16:15:09.442, 1, 92663, 97871, 100, 405.24
2026/09/11 16:15:09.442, 2, 92281, 97871, 100, 396.01
2026/09/11 16:15:09.442, 3, 92311, 97871, 100, 402.61
2026/09/11 16:15:09.642, 0, 93377, 97871, 100, 395.35
2026/09/11 16:15:09.642, 1, 92663, 97871, 100, 402.87
2026/09/11 16:15:09.642, 2, 92281, 97871, 100, 394.01
2026/09/11 16:15:09.642, 3, 92311, 97871, 100, 400.45
2026/09/11 16:15:09.843, 0, 93377, 97871, 100, 390.86
2026/09/11 16:15:09.843, 1, 92663, 97871, 100, 397.15
2026/09/11 16:15:09.843, 2, 92281, 97871, 100, 389.36
2026/09/11 16:15:09.843, 3, 92311, 97871, 100, 395.89
2026/09/11 16:15:10.043, 0, 93377, 97871, 100, 386.55
2026/09/11 16:15:10.043, 1, 92663, 97871, 100, 391.02
2026/09/11 16:15:10.043, 2, 92281, 97871, 100, 384.27
2026/09/11 16:15:10.043, 3, 92311, 97871, 100, 390.99
2026/09/11 16:15:10.243, 0, 93377, 97871, 100, 381.31
2026/09/11 16:15:10.243, 1, 92663, 97871, 100, 385.84
2026/09/11 16:15:10.243, 2, 92281, 97871, 100, 380.36
2026/09/11 16:15:10.243, 3, 92311, 97871, 100, 387.42
2026/09/11 16:15:10.443, 0, 93377, 97871, 100, 375.58
2026/09/11 16:15:10.443, 1, 92663, 97871, 100, 379.70
2026/09/11 16:15:10.443, 2, 92281, 97871, 100, 375.74
2026/09/11 16:15:10.443, 3, 92311, 97871, 100, 381.62
2026/09/11 16:15:10.643, 0, 93377, 97871, 100, 373.34
2026/09/11 16:15:10.643, 1, 92663, 97871, 100, 376.33
2026/09/11 16:15:10.643, 2, 92281, 97871, 100, 371.04
2026/09/11 16:15:10.643, 3, 92311, 97871, 100, 380.18
2026/09/11 16:15:10.843, 0, 93377, 97871, 100, 372.45
2026/09/11 16:15:10.843, 1, 92663, 97871, 100, 376.61
2026/09/11 16:15:10.843, 2, 92281, 97871, 100, 368.77
2026/09/11 16:15:10.843, 3, 92311, 97871, 100, 376.35
2026/09/11 16:15:11.044, 0, 93377, 97871, 100, 373.12
2026/09/11 16:15:11.044, 1, 92663, 97871, 100, 376.70
2026/09/11 16:15:11.044, 2, 92281, 97871, 100, 368.70
2026/09/11 16:15:11.044, 3, 92311, 97871, 100, 377.43
2026/09/11 16:15:11.244, 0, 93377, 97871, 100, 372.78
2026/09/11 16:15:11.244, 1, 92663, 97871, 100, 376.85
2026/09/11 16:15:11.244, 2, 92281, 97871, 100, 366.83
2026/09/11 16:15:11.244, 3, 92311, 97871, 100, 373.24
2026/09/11 16:15:11.444, 0, 93377, 97871, 100, 372.86
2026/09/11 16:15:11.444, 1, 92663, 97871, 100, 378.45
2026/09/11 16:15:11.444, 2, 92281, 97871, 100, 367.13
2026/09/11 16:15:11.444, 3, 92311, 97871, 100, 374.48
2026/09/11 16:15:11.644, 0, 93377, 97871, 59, 335.85
2026/09/11 16:15:11.644, 1, 92663, 97871, 90, 342.69
2026/09/11 16:15:11.644, 2, 92281, 97871, 100, 350.79
2026/09/11 16:15:11.644, 3, 92311, 97871, 66, 336.04
2026/09/11 16:15:11.844, 0, 93377, 97871, 0, 287.44
2026/09/11 16:15:11.844, 1, 92663, 97871, 0, 290.79
2026/09/11 16:15:11.844, 2, 92281, 97871, 0, 302.56
2026/09/11 16:15:11.844, 3, 92311, 97871, 0, 285.68
2026/09/11 16:15:12.045, 0, 93377, 97871, 0, 237.93
2026/09/11 16:15:12.045, 1, 92663, 97871, 0, 243.35
2026/09/11 16:15:12.045, 2, 92281, 97871, 0, 252.43
2026/09/11 16:15:12.045, 3, 92311, 97871, 0, 237.57
2026/09/11 16:15:12.245, 0, 93377, 97871, 0, 187.69
2026/09/11 16:15:12.245, 1, 92663, 97871, 0, 193.65
2026/09/11 16:15:12.245, 2, 92281, 97871, 0, 207.02
2026/09/11 16:15:12.245, 3, 92311, 97871, 0, 186.76
2026/09/11 16:15:12.445, 0, 93377, 97871, 0, 141.15
2026/09/11 16:15:12.445, 1, 92663, 97871, 0, 144.19
2026/09/11 16:15:12.445, 2, 92281, 97871, 0, 158.88
2026/09/11 16:15:12.445, 3, 92311, 97871, 0, 139.43
2026/09/11 16:15:12.645, 0, 93377, 97871, 0, 120.55
2026/09/11 16:15:12.645, 1, 92663, 97871, 0, 125.06
2026/09/11 16:15:12.645, 2, 92281, 97871, 0, 122.96
2026/09/11 16:15:12.645, 3, 92311, 97871, 0, 122.65
2026/09/11 16:15:12.846, 0, 93377, 97871, 0, 120.37
2026/09/11 16:15:12.846, 1, 92663, 97871, 0, 124.90
2026/09/11 16:15:12.846, 2, 92281, 97871, 0, 122.44
2026/09/11 16:15:12.846, 3, 92311, 97871, 0, 122.55
2026/09/11 16:15:13.046, 0, 93377, 97871, 0, 120.29
2026/09/11 16:15:13.046, 1, 92663, 97871, 0, 124.80
2026/09/11 16:15:13.046, 2, 92281, 97871, 0, 122.20
2026/09/11 16:15:13.046, 3, 92311, 97871, 0, 122.51
2026/09/11 16:15:13.246, 0, 93377, 97871, 0, 120.21
2026/09/11 16:15:13.246, 1, 92663, 97871, 0, 124.75
2026/09/11 16:15:13.246, 2, 92281, 97871, 0, 122.08
2026/09/11 16:15:13.246, 3, 92311, 97871, 0, 122.40
2026/09/11 16:15:13.446, 0, 93377, 97871, 0, 120.19
2026/09/11 16:15:13.446, 1, 92663, 97871, 0, 124.70
2026/09/11 16:15:13.446, 2, 92281, 97871, 0, 121.99
2026/09/11 16:15:13.446, 3, 92311, 97871, 0, 122.30
2026/09/11 16:15:13.646, 0, 93377, 97871, 0, 120.12
2026/09/11 16:15:13.646, 1, 92663, 97871, 0, 124.67
2026/09/11 16:15:13.646, 2, 92281, 97871, 0, 121.91
2026/09/11 16:15:13.646, 3, 92311, 97871, 0, 122.32
2026/09/11 16:15:13.847, 0, 93377, 97871, 0, 120.06
2026/09/11 16:15:13.847, 1, 92663, 97871, 0, 124.63
2026/09/11 16:15:13.847, 2, 92281, 97871, 0, 121.84
2026/09/11 16:15:13.847, 3, 92311, 97871, 0, 122.31
2026/09/11 16:15:14.047, 0, 93377, 97871, 0, 120.04
2026/09/11 16:15:14.047, 1, 92663, 97871, 0, 124.60
2026/09/11 16:15:14.047, 2, 92281, 97871, 0, 121.85
2026/09/11 16:15:14.047, 3, 92311, 97871, 0, 122.19
2026/09/11 16:15:14.247, 0, 93377, 97871, 0, 120.09
2026/09/11 16:15:14.247, 1, 92663, 97871, 0, 124.55
2026/09/11 16:15:14.247, 2, 92281, 97871, 0, 121.81
2026/09/11 16:15:14.247, 3, 92311, 97871, 0, 122.19
2026/09/11 16:15:14.447, 0, 93377, 97871, 0, 120.13
2026/09/11 16:15:14.447, 1, 92663, 97871, 0, 124.50
2026/09/11 16:15:14.447, 2, 92281, 97871, 0, 121.78
2026/09/11 16:15:14.447, 3, 92311, 97871, 0, 122.21
2026/09/11 16:15:14.647, 0, 93377, 97871, 0, 120.24
2026/09/11 16:15:14.647, 1, 92663, 97871, 0, 124.47
2026/09/11 16:15:14.647, 2, 92281, 97871, 0, 121.72
2026/09/11 16:15:14.647, 3, 92311, 97871, 0, 122.17
2026/09/11 16:15:14.847, 0, 93377, 97871, 0, 120.34
2026/09/11 16:15:14.847, 1, 92663, 97871, 0, 124.44
2026/09/11 16:15:14.847, 2, 92281, 97871, 0, 121.70
2026/09/11 16:15:14.847, 3, 92311, 97871, 0, 122.09
2026/09/11 16:15:15.048, 0, 93377, 97871, 0, 120.44
2026/09/11 16:15:15.048, 1, 92663, 97871, 0, 124.43
2026/09/11 16:15:15.048, 2, 92281, 97871, 0, 121.62
2026/09/11 16:15:15.048, 3, 92311, 97871, 0, 122.17
2026/09/11 16:15:15.248, 0, 93377, 97871, 0, 120.47
2026/09/11 16:15:15.248, 1, 92663, 97871, 0, 124.39
2026/09/11 16:15:15.248, 2, 92281, 97871, 0, 121.61
2026/09/11 16:15:15.248, 3, 92311, 97871, 0, 122.17
2026/09/11 16:15:15.448, 0, 93377, 97871, 0, 120.45
2026/09/11 16:15:15.448, 1, 92663, 97871, 0, 124.40
2026/09/11 16:15:15.448, 2, 92281, 97871, 0, 121.60
2026/09/11 16:15:15.448, 3, 92311, 97871, 0, 122.10
2026/09/11 16:15:15.648, 0, 93377, 97871, 0, 120.43
2026/09/11 16:15:15.648, 1, 92663, 97871, 0, 124.37
2026/09/11 16:15:15.648, 2, 92281, 97871, 0, 121.58
2026/09/11 16:15:15.648, 3, 92311, 97871, 0, 122.14
2026/09/11 16:15:15.848, 0, 93377, 97871, 0, 120.41
2026/09/11 16:15:15.848, 1, 92663, 97871, 0, 124.37
2026/09/11 16:15:15.848, 2, 92281, 97871, 0, 121.57
2026/09/11 16:15:15.848, 3, 92311, 97871, 0, 122.17
2026/09/11 16:15:16.048, 0, 93377, 97871, 0, 120.40
2026/09/11 16:15:16.048, 1, 92663, 97871, 0, 124.34
2026/09/11 16:15:16.048, 2, 92281, 97871, 0, 121.57
2026/09/11 16:15:16.048, 3, 92311, 97871, 0, 122.10
2026/09/11 16:15:16.248, 0, 93377, 97871, 0, 120.38
2026/09/11 16:15:16.248, 1, 92663, 97871, 0, 124.35
2026/09/11 16:15:16.249, 2, 92281, 97871, 0, 121.55
2026/09/11 16:15:16.249, 3, 92311, 97871, 0, 122.03
2026/09/11 16:15:16.449, 0, 93377, 97871, 0, 120.36
2026/09/11 16:15:16.449, 1, 92663, 97871, 0, 124.34
2026/09/11 16:15:16.449, 2, 92281, 97871, 0, 121.54
2026/09/11 16:15:16.449, 3, 92311, 97871, 0, 122.09
2026/09/11 16:15:16.649, 0, 93377, 97871, 0, 120.34
2026/09/11 16:15:16.649, 1, 92663, 97871, 0, 124.31
2026/09/11 16:15:16.649, 2, 92281, 97871, 0, 121.55
2026/09/11 16:15:16.649, 3, 92311, 97871, 0, 122.06
2026/09/11 16:15:16.849, 0, 93377, 97871, 0, 122.39
2026/09/11 16:15:16.849, 1, 92663, 97871, 0, 126.68
2026/09/11 16:15:16.849, 2, 92281, 97871, 0, 121.67
2026/09/11 16:15:16.849, 3, 92311, 97871, 0, 124.31
2026/09/11 16:15:17.049, 0, 93377, 97871, 70, 126.62
2026/09/11 16:15:17.049, 1, 92663, 97871, 100, 130.55
2026/09/11 16:15:17.049, 2, 92281, 97871, 5, 127.22
2026/09/11 16:15:17.049, 3, 92311, 97871, 77, 128.06
2026/09/11 16:15:17.249, 0, 93377, 97871, 0, 142.99
2026/09/11 16:15:17.250, 1, 92665, 97871, 0, 148.09
2026/09/11 16:15:17.250, 2, 92283, 97871, 0, 132.26
2026/09/11 16:15:17.250, 3, 92313, 97871, 0, 147.37
2026/09/11 16:15:17.450, 0, 93377, 97871, 98, 185.30
2026/09/11 16:15:17.450, 1, 92665, 97871, 95, 188.28
2026/09/11 16:15:17.450, 2, 92283, 97871, 60, 175.13
2026/09/11 16:15:17.450, 3, 92313, 97871, 96, 185.88
2026/09/11 16:15:17.650, 0, 93377, 97871, 0, 185.44
2026/09/11 16:15:17.650, 1, 92665, 97871, 19, 189.48
2026/09/11 16:15:17.650, 2, 92283, 97871, 97, 184.20
2026/09/11 16:15:17.650, 3, 92313, 97871, 0, 185.48
2026/09/11 16:15:17.850, 0, 93377, 97871, 0, 184.27
2026/09/11 16:15:17.850, 1, 92665, 97871, 0, 187.11
2026/09/11 16:15:17.850, 2, 92283, 97871, 0, 183.06
2026/09/11 16:15:17.850, 3, 92313, 97871, 0, 184.00
2026/09/11 16:15:18.050, 0, 93377, 97871, 0, 179.38
2026/09/11 16:15:18.051, 1, 92665, 97871, 0, 182.18
2026/09/11 16:15:18.051, 2, 92283, 97871, 0, 177.49
2026/09/11 16:15:18.051, 3, 92313, 97871, 0, 180.68
2026/09/11 16:15:18.251, 0, 93377, 97871, 0, 167.07
2026/09/11 16:15:18.251, 1, 92665, 97871, 0, 165.33
2026/09/11 16:15:18.251, 2, 92283, 97871, 0, 173.48
2026/09/11 16:15:18.251, 3, 92313, 97871, 0, 164.55
2026/09/11 16:15:18.451, 0, 93377, 97871, 0, 123.53
2026/09/11 16:15:18.451, 1, 92665, 97871, 0, 126.68
2026/09/11 16:15:18.451, 2, 92283, 97871, 0, 135.05
2026/09/11 16:15:18.451, 3, 92313, 97871, 0, 122.94
2026/09/11 16:15:18.651, 0, 93377, 97871, 0, 120.45
2026/09/11 16:15:18.651, 1, 92665, 97871, 0, 124.45
2026/09/11 16:15:18.651, 2, 92283, 97871, 0, 121.77
2026/09/11 16:15:18.651, 3, 92313, 97871, 0, 122.13
2026/09/11 16:15:18.851, 0, 93379, 97871, 68, 163.67
2026/09/11 16:15:18.851, 1, 92665, 97871, 32, 166.79
2026/09/11 16:15:18.851, 2, 92283, 97871, 0, 147.80
2026/09/11 16:15:18.851, 3, 92313, 97871, 60, 165.28
2026/09/11 16:15:19.051, 0, 93379, 97871, 100, 213.09
2026/09/11 16:15:19.052, 1, 92665, 97871, 100, 221.17
2026/09/11 16:15:19.052, 2, 92283, 97871, 100, 201.35
2026/09/11 16:15:19.052, 3, 92313, 97871, 100, 219.60
2026/09/11 16:15:19.252, 0, 93379, 97871, 100, 263.07
2026/09/11 16:15:19.252, 1, 92665, 97871, 100, 268.18
2026/09/11 16:15:19.252, 2, 92283, 97871, 100, 250.42
2026/09/11 16:15:19.252, 3, 92313, 97871, 100, 270.73
2026/09/11 16:15:19.452, 0, 93379, 97871, 100, 311.32
2026/09/11 16:15:19.452, 1, 92665, 97871, 100, 320.51
2026/09/11 16:15:19.452, 2, 92283, 97871, 100, 299.39
2026/09/11 16:15:19.452, 3, 92313, 97871, 100, 319.93
2026/09/11 16:15:19.652, 0, 93379, 97871, 100, 361.45
2026/09/11 16:15:19.652, 1, 92665, 97871, 100, 364.94
2026/09/11 16:15:19.652, 2, 92283, 97871, 100, 347.41
2026/09/11 16:15:19.652, 3, 92313, 97871, 100, 364.23
2026/09/11 16:15:19.852, 0, 93379, 97871, 27, 328.44
2026/09/11 16:15:19.852, 1, 92665, 97871, 58, 334.14
2026/09/11 16:15:19.852, 2, 92283, 97871, 100, 340.31
2026/09/11 16:15:19.852, 3, 92313, 97871, 35, 331.16
2026/09/11 16:15:20.052, 0, 93379, 97871, 0, 276.66
2026/09/11 16:15:20.052, 1, 92665, 97871, 0, 281.07
2026/09/11 16:15:20.052, 2, 92283, 97871, 0, 289.22
2026/09/11 16:15:20.053, 3, 92313, 97871, 0, 278.30
2026/09/11 16:15:20.253, 0, 93379, 97871, 0, 224.88
2026/09/11 16:15:20.253, 1, 92665, 97871, 0, 231.52
2026/09/11 16:15:20.253, 2, 92283, 97871, 0, 240.65
2026/09/11 16:15:20.253, 3, 92313, 97871, 0, 225.30
2026/09/11 16:15:20.453, 0, 93379, 97871, 87, 223.29
2026/09/11 16:15:20.453, 1, 92665, 97871, 46, 227.10
2026/09/11 16:15:20.453, 2, 92283, 97871, 0, 222.13
2026/09/11 16:15:20.453, 3, 92313, 97871, 72, 225.49
2026/09/11 16:15:20.653, 0, 93379, 97871, 100, 220.57
2026/09/11 16:15:20.653, 1, 92665, 97871, 100, 221.42
2026/09/11 16:15:20.653, 2, 92283, 97871, 96, 221.54
2026/09/11 16:15:20.653, 3, 92313, 97871, 100, 221.51
2026/09/11 16:15:20.853, 0, 93379, 97871, 6, 215.44
2026/09/11 16:15:20.853, 1, 92665, 97871, 37, 217.98
2026/09/11 16:15:20.853, 2, 92283, 97871, 100, 211.32
2026/09/11 16:15:20.853, 3, 92313, 97871, 13, 214.21
2026/09/11 16:15:21.054, 0, 93379, 97871, 0, 213.91
2026/09/11 16:15:21.054, 1, 92665, 97871, 0, 217.95
2026/09/11 16:15:21.054, 2, 92283, 97871, 0, 213.05
2026/09/11 16:15:21.054, 3, 92313, 97871, 0, 216.01
2026/09/11 16:15:21.254, 0, 93379, 97871, 0, 214.96
2026/09/11 16:15:21.254, 1, 92665, 97871, 0, 217.87
2026/09/11 16:15:21.254, 2, 92283, 97871, 0, 213.03
2026/09/11 16:15:21.254, 3, 92313, 97871, 0, 214.20
2026/09/11 16:15:21.454, 0, 93379, 97871, 0, 167.29
2026/09/11 16:15:21.454, 1, 92665, 97871, 0, 177.01
2026/09/11 16:15:21.454, 2, 92283, 97871, 0, 186.02
2026/09/11 16:15:21.454, 3, 92313, 97871, 0, 169.18
2026/09/11 16:15:21.655, 0, 93379, 97871, 0, 121.51
2026/09/11 16:15:21.655, 1, 92665, 97871, 0, 129.59
2026/09/11 16:15:21.655, 2, 92283, 97871, 0, 135.74
2026/09/11 16:15:21.655, 3, 92313, 97871, 0, 124.27
2026/09/11 16:15:21.855, 0, 93379, 97871, 0, 120.18
2026/09/11 16:15:21.855, 1, 92665, 97871, 0, 124.77
2026/09/11 16:15:21.855, 2, 92283, 97871, 0, 122.24
2026/09/11 16:15:21.855, 3, 92313, 97871, 0, 122.40
2026/09/11 16:15:22.055, 0, 93379, 97871, 0, 120.10
2026/09/11 16:15:22.055, 1, 92665, 97871, 0, 124.68
2026/09/11 16:15:22.055, 2, 92283, 97871, 0, 122.07
2026/09/11 16:15:22.055, 3, 92313, 97871, 0, 122.39
2026/09/11 16:15:22.255, 0, 93379, 97871, 0, 120.00
2026/09/11 16:15:22.255, 1, 92665, 97871, 0, 124.65
2026/09/11 16:15:22.255, 2, 92283, 97871, 0, 121.97
2026/09/11 16:15:22.255, 3, 92313, 97871, 0, 122.35
2026/09/11 16:15:22.456, 0, 93379, 97871, 0, 119.95
2026/09/11 16:15:22.456, 1, 92665, 97871, 0, 124.60
2026/09/11 16:15:22.456, 2, 92283, 97871, 0, 121.87
2026/09/11 16:15:22.456, 3, 92313, 97871, 0, 122.22
2026/09/11 16:15:22.656, 0, 93379, 97871, 0, 119.91
2026/09/11 16:15:22.656, 1, 92665, 97871, 0, 124.57
2026/09/11 16:15:22.656, 2, 92283, 97871, 0, 121.83
2026/09/11 16:15:22.656, 3, 92313, 97871, 0, 122.19
2026/09/11 16:15:22.856, 0, 93379, 97871, 0, 119.85
2026/09/11 16:15:22.856, 1, 92665, 97871, 0, 124.55
2026/09/11 16:15:22.856, 2, 92283, 97871, 0, 121.76
2026/09/11 16:15:22.856, 3, 92313, 97871, 0, 122.21
2026/09/11 16:15:23.056, 0, 93379, 97871, 0, 119.85
2026/09/11 16:15:23.056, 1, 92665, 97871, 0, 124.51
2026/09/11 16:15:23.056, 2, 92283, 97871, 0, 121.77
2026/09/11 16:15:23.056, 3, 92313, 97871, 0, 122.15
2026/09/11 16:15:23.256, 0, 93379, 97871, 0, 119.88
2026/09/11 16:15:23.256, 1, 92665, 97871, 0, 124.47
2026/09/11 16:15:23.256, 2, 92283, 97871, 0, 121.74
2026/09/11 16:15:23.256, 3, 92313, 97871, 0, 122.05
2026/09/11 16:15:23.456, 0, 93379, 97871, 0, 119.86
2026/09/11 16:15:23.457, 1, 92665, 97871, 0, 124.43
2026/09/11 16:15:23.457, 2, 92283, 97871, 0, 121.75
2026/09/11 16:15:23.457, 3, 92313, 97871, 0, 122.09
2026/09/11 16:15:23.657, 0, 93379, 97871, 0, 119.86
2026/09/11 16:15:23.657, 1, 92665, 97871, 0, 124.40
2026/09/11 16:15:23.657, 2, 92283, 97871, 0, 121.72
2026/09/11 16:15:23.657, 3, 92313, 97871, 0, 122.09
2026/09/11 16:15:23.857, 0, 93379, 97871, 0, 119.84
2026/09/11 16:15:23.857, 1, 92665, 97871, 0, 124.38
2026/09/11 16:15:23.857, 2, 92283, 97871, 0, 121.74
2026/09/11 16:15:23.857, 3, 92313, 97871, 0, 121.99
2026/09/11 16:15:24.057, 0, 93379, 97871, 0, 119.81
2026/09/11 16:15:24.057, 1, 92665, 97871, 0, 124.36
2026/09/11 16:15:24.057, 2, 92283, 97871, 0, 121.71
2026/09/11 16:15:24.057, 3, 92313, 97871, 0, 121.98
2026/09/11 16:15:24.257, 0, 93379, 97871, 0, 119.82
2026/09/11 16:15:24.257, 1, 92665, 97871, 0, 124.36
2026/09/11 16:15:24.257, 2, 92283, 97871, 0, 121.72
2026/09/11 16:15:24.257, 3, 92313, 97871, 0, 122.02
2026/09/11 16:15:24.457, 0, 93379, 97871, 0, 119.79
2026/09/11 16:15:24.457, 1, 92665, 97871, 0, 124.36
2026/09/11 16:15:24.457, 2, 92283, 97871, 0, 121.71
2026/09/11 16:15:24.457, 3, 92313, 97871, 0, 122.00
2026/09/11 16:15:24.658, 0, 93379, 97871, 0, 119.79
2026/09/11 16:15:24.658, 1, 92665, 97871, 0, 124.33
2026/09/11 16:15:24.658, 2, 92283, 97871, 0, 121.68
2026/09/11 16:15:24.658, 3, 92313, 97871, 0, 121.93
2026/09/11 16:15:24.858, 0, 93379, 97871, 0, 119.79
2026/09/11 16:15:24.858, 1, 92665, 97871, 0, 124.32
2026/09/11 16:15:24.858, 2, 92283, 97871, 0, 121.66
2026/09/11 16:15:24.858, 3, 92313, 97871, 0, 121.98
2026/09/11 16:15:25.058, 0, 93379, 97871, 0, 119.77
2026/09/11 16:15:25.058, 1, 92665, 97871, 0, 124.32
2026/09/11 16:15:25.058, 2, 92283, 97871, 0, 121.61
2026/09/11 16:15:25.058, 3, 92313, 97871, 0, 121.99
2026/09/11 16:15:25.258, 0, 93379, 97871, 0, 119.75
2026/09/11 16:15:25.258, 1, 92665, 97871, 0, 124.29
2026/09/11 16:15:25.258, 2, 92283, 97871, 0, 121.58
2026/09/11 16:15:25.258, 3, 92313, 97871, 0, 121.93
2026/09/11 16:15:25.458, 0, 93379, 97871, 0, 119.74
2026/09/11 16:15:25.458, 1, 92665, 97871, 0, 124.28
2026/09/11 16:15:25.458, 2, 92283, 97871, 0, 121.57
2026/09/11 16:15:25.458, 3, 92313, 97871, 0, 121.91
2026/09/11 16:15:25.658, 0, 93379, 97871, 0, 119.71
2026/09/11 16:15:25.658, 1, 92665, 97871, 0, 124.27
2026/09/11 16:15:25.658, 2, 92283, 97871, 0, 121.54
2026/09/11 16:15:25.659, 3, 92313, 97871, 0, 121.98
2026/09/11 16:15:25.859, 0, 93379, 97871, 0, 119.71
2026/09/11 16:15:25.859, 1, 92665, 97871, 0, 124.24
2026/09/11 16:15:25.859, 2, 92283, 97871, 0, 121.51
2026/09/11 16:15:25.859, 3, 92313, 97871, 0, 121.95
2026/09/11 16:15:26.059, 0, 93379, 97871, 0, 122.30
2026/09/11 16:15:26.059, 1, 92665, 97871, 0, 127.43
2026/09/11 16:15:26.059, 2, 92283, 97871, 0, 121.51
2026/09/11 16:15:26.059, 3, 92313, 97871, 0, 124.25
2026/09/11 16:15:26.259, 0, 93379, 97871, 60, 125.35
2026/09/11 16:15:26.259, 1, 92665, 97871, 91, 130.04
2026/09/11 16:15:26.259, 2, 92283, 97871, 14, 127.03
2026/09/11 16:15:26.259, 3, 92313, 97871, 67, 127.39
2026/09/11 16:15:26.459, 0, 93379, 97871, 0, 125.37
2026/09/11 16:15:26.459, 1, 92665, 97871, 0, 130.15
2026/09/11 16:15:26.459, 2, 92283, 97871, 0, 127.06
2026/09/11 16:15:26.459, 3, 92313, 97871, 0, 127.56
2026/09/11 16:15:26.659, 0, 93379, 97871, 3, 151.21
2026/09/11 16:15:26.660, 1, 92665, 97871, 0, 156.86
2026/09/11 16:15:26.660, 2, 92283, 97871, 0, 136.22
2026/09/11 16:15:26.660, 3, 92313, 97871, 1, 155.74
2026/09/11 16:15:26.860, 0, 93379, 97871, 77, 165.26
2026/09/11 16:15:26.860, 1, 92665, 97871, 100, 167.14
2026/09/11 16:15:26.860, 2, 92283, 97871, 86, 162.85
2026/09/11 16:15:26.860, 3, 92313, 97871, 85, 166.51
2026/09/11 16:15:27.060, 0, 93379, 97871, 0, 162.68
2026/09/11 16:15:27.060, 1, 92665, 97871, 0, 164.85
2026/09/11 16:15:27.060, 2, 92283, 97871, 0, 162.98
2026/09/11 16:15:27.060, 3, 92313, 97871, 0, 163.43
2026/09/11 16:15:27.260, 0, 93379, 97871, 0, 158.92
2026/09/11 16:15:27.260, 1, 92665, 97871, 0, 162.11
2026/09/11 16:15:27.260, 2, 92283, 97871, 0, 157.62
2026/09/11 16:15:27.260, 3, 92313, 97871, 0, 160.34
2026/09/11 16:15:27.460, 0, 93379, 97871, 0, 158.81
2026/09/11 16:15:27.460, 1, 92665, 97871, 0, 161.38
2026/09/11 16:15:27.460, 2, 92283, 97871, 0, 157.58
2026/09/11 16:15:27.460, 3, 92313, 97871, 0, 160.26
2026/09/11 16:15:27.660, 0, 93379, 97871, 0, 133.25
2026/09/11 16:15:27.661, 1, 92665, 97871, 0, 139.60
2026/09/11 16:15:27.661, 2, 92283, 97871, 0, 152.44
2026/09/11 16:15:27.661, 3, 92313, 97871, 0, 132.84
2026/09/11 16:15:27.861, 0, 93379, 97871, 0, 119.81
2026/09/11 16:15:27.861, 1, 92665, 97871, 0, 124.29
2026/09/11 16:15:27.861, 2, 92283, 97871, 0, 121.70
2026/09/11 16:15:27.861, 3, 92313, 97871, 0, 122.09
2026/09/11 16:15:28.061, 0, 93379, 97871, 0, 119.74
2026/09/11 16:15:28.061, 1, 92665, 97871, 0, 124.20
2026/09/11 16:15:28.061, 2, 92283, 97871, 0, 121.58
2026/09/11 16:15:28.061, 3, 92313, 97871, 0, 121.98
2026/09/11 16:15:28.261, 0, 93379, 97871, 2, 147.42
2026/09/11 16:15:28.261, 1, 92665, 97871, 2, 154.08
2026/09/11 16:15:28.261, 2, 92283, 97871, 6, 131.44
2026/09/11 16:15:28.261, 3, 92313, 97871, 0, 153.00
2026/09/11 16:15:28.461, 0, 93379, 97871, 99, 199.40
2026/09/11 16:15:28.461, 1, 92665, 97871, 99, 205.97
2026/09/11 16:15:28.461, 2, 92283, 97871, 99, 179.42
2026/09/11 16:15:28.461, 3, 92313, 97871, 99, 203.65
2026/09/11 16:15:28.661, 0, 93379, 97871, 100, 247.57
2026/09/11 16:15:28.662, 1, 92665, 97871, 100, 256.62
2026/09/11 16:15:28.662, 2, 92283, 97871, 100, 228.26
2026/09/11 16:15:28.662, 3, 92313, 97871, 100, 252.18
2026/09/11 16:15:28.862, 0, 93379, 97871, 100, 277.84
2026/09/11 16:15:28.862, 1, 92665, 97871, 100, 285.39
2026/09/11 16:15:28.862, 2, 92283, 97871, 100, 273.23
2026/09/11 16:15:28.862, 3, 92313, 97871, 100, 279.35
2026/09/11 16:15:29.062, 0, 93379, 97871, 0, 278.04
2026/09/11 16:15:29.062, 1, 92665, 97871, 0, 288.70
2026/09/11 16:15:29.062, 2, 92283, 97871, 0, 272.70
2026/09/11 16:15:29.062, 3, 92313, 97871, 0, 279.59
2026/09/11 16:15:29.262, 0, 93379, 97871, 0, 253.62
2026/09/11 16:15:29.262, 1, 92665, 97871, 0, 258.46
2026/09/11 16:15:29.262, 2, 92283, 97871, 0, 265.80
2026/09/11 16:15:29.262, 3, 92313, 97871, 0, 254.64
2026/09/11 16:15:29.462, 0, 93379, 97871, 0, 201.70
2026/09/11 16:15:29.463, 1, 92665, 97871, 0, 210.38
2026/09/11 16:15:29.463, 2, 92283, 97871, 0, 216.95
2026/09/11 16:15:29.463, 3, 92313, 97871, 0, 201.20
2026/09/11 16:15:29.663, 0, 93379, 97871, 0, 157.85
2026/09/11 16:15:29.663, 1, 92665, 97871, 0, 161.08
2026/09/11 16:15:29.663, 2, 92283, 97871, 0, 172.69
2026/09/11 16:15:29.663, 3, 92313, 97871, 0, 156.57
2026/09/11 16:15:29.863, 0, 93379, 97871, 0, 120.19
2026/09/11 16:15:29.863, 1, 92665, 97871, 0, 124.79
2026/09/11 16:15:29.863, 2, 92283, 97871, 0, 128.02
2026/09/11 16:15:29.863, 3, 92313, 97871, 0, 122.35
2026/09/11 16:15:30.063, 0, 93379, 97871, 0, 119.99
2026/09/11 16:15:30.063, 1, 92665, 97871, 0, 124.62
2026/09/11 16:15:30.063, 2, 92283, 97871, 0, 121.99
2026/09/11 16:15:30.063, 3, 92313, 97871, 0, 122.22
2026/09/11 16:15:30.263, 0, 93379, 97871, 0, 119.89
2026/09/11 16:15:30.264, 1, 92665, 97871, 0, 124.52
2026/09/11 16:15:30.264, 2, 92283, 97871, 0, 121.85
2026/09/11 16:15:30.264, 3, 92313, 97871, 0, 122.08
2026/09/11 16:15:30.464, 0, 93379, 97871, 0, 119.86
2026/09/11 16:15:30.464, 1, 92665, 97871, 0, 124.44
2026/09/11 16:15:30.464, 2, 92283, 97871, 0, 121.79
2026/09/11 16:15:30.464, 3, 92313, 97871, 0, 122.07
2026/09/11 16:15:30.664, 0, 93379, 97871, 0, 119.79
2026/09/11 16:15:30.664, 1, 92665, 97871, 0, 124.38
2026/09/11 16:15:30.664, 2, 92283, 97871, 0, 121.74
2026/09/11 16:15:30.664, 3, 92313, 97871, 0, 122.10
2026/09/11 16:15:30.864, 0, 93379, 97871, 0, 119.77
2026/09/11 16:15:30.864, 1, 92665, 97871, 0, 124.33
2026/09/11 16:15:30.864, 2, 92283, 97871, 0, 121.71
2026/09/11 16:15:30.864, 3, 92313, 97871, 0, 122.05
2026/09/11 16:15:31.064, 0, 93379, 97871, 0, 119.79
2026/09/11 16:15:31.064, 1, 92665, 97871, 0, 124.30
2026/09/11 16:15:31.064, 2, 92283, 97871, 0, 121.70
2026/09/11 16:15:31.064, 3, 92313, 97871, 0, 121.97
2026/09/11 16:15:31.264, 0, 93379, 97871, 0, 119.76
2026/09/11 16:15:31.264, 1, 92665, 97871, 0, 124.26
2026/09/11 16:15:31.264, 2, 92283, 97871, 0, 121.68
2026/09/11 16:15:31.264, 3, 92313, 97871, 0, 121.96
2026/09/11 16:15:31.464, 0, 93379, 97871, 0, 119.72
2026/09/11 16:15:31.465, 1, 92665, 97871, 0, 124.25
2026/09/11 16:15:31.465, 2, 92283, 97871, 0, 121.68
2026/09/11 16:15:31.465, 3, 92313, 97871, 0, 121.96
2026/09/11 16:15:31.665, 0, 93379, 97871, 0, 119.82
2026/09/11 16:15:31.665, 1, 92665, 97871, 0, 124.23
2026/09/11 16:15:31.665, 2, 92283, 97871, 0, 121.69
2026/09/11 16:15:31.665, 3, 92313, 97871, 0, 121.87
2026/09/11 16:15:31.865, 0, 93379, 97871, 0, 119.90
2026/09/11 16:15:31.865, 1, 92665, 97871, 0, 124.23
2026/09/11 16:15:31.865, 2, 92283, 97871, 0, 121.70
2026/09/11 16:15:31.865, 3, 92313, 97871, 0, 121.88
2026/09/11 16:15:32.065, 0, 93379, 97871, 0, 119.98
2026/09/11 16:15:32.065, 1, 92665, 97871, 0, 124.22
2026/09/11 16:15:32.065, 2, 92283, 97871, 0, 121.67
2026/09/11 16:15:32.065, 3, 92313, 97871, 0, 121.93
2026/09/11 16:15:32.265, 0, 93379, 97871, 0, 120.06
2026/09/11 16:15:32.265, 1, 92665, 97871, 0, 124.22
2026/09/11 16:15:32.265, 2, 92283, 97871, 0, 121.64
2026/09/11 16:15:32.265, 3, 92313, 97871, 0, 121.93
2026/09/11 16:15:32.465, 0, 93379, 97871, 0, 120.17
2026/09/11 16:15:32.465, 1, 92665, 97871, 0, 124.18
2026/09/11 16:15:32.465, 2, 92283, 97871, 0, 121.60
2026/09/11 16:15:32.465, 3, 92313, 97871, 0, 121.89
2026/09/11 16:15:32.665, 0, 93379, 97871, 0, 120.17
2026/09/11 16:15:32.666, 1, 92665, 97871, 0, 124.17
2026/09/11 16:15:32.666, 2, 92283, 97871, 0, 121.55
2026/09/11 16:15:32.666, 3, 92313, 97871, 0, 121.95
2026/09/11 16:15:32.866, 0, 93379, 97871, 0, 120.17
2026/09/11 16:15:32.866, 1, 92665, 97871, 0, 124.14
2026/09/11 16:15:32.866, 2, 92283, 97871, 0, 121.52
2026/09/11 16:15:32.866, 3, 92313, 97871, 0, 121.95
2026/09/11 16:15:33.066, 0, 93379, 97871, 0, 120.13
2026/09/11 16:15:33.066, 1, 92665, 97871, 0, 124.13
2026/09/11 16:15:33.066, 2, 92283, 97871, 0, 121.50
2026/09/11 16:15:33.066, 3, 92313, 97871, 0, 121.87
2026/09/11 16:15:33.266, 0, 93379, 97871, 0, 120.17
2026/09/11 16:15:33.266, 1, 92665, 97871, 0, 124.15
2026/09/11 16:15:33.266, 2, 92283, 97871, 0, 121.50
2026/09/11 16:15:33.266, 3, 92313, 97871, 0, 121.91
2026/09/11 16:15:33.466, 0, 93379, 97871, 0, 120.15
2026/09/11 16:15:33.466, 1, 92665, 97871, 0, 124.14
2026/09/11 16:15:33.466, 2, 92283, 97871, 0, 121.50
2026/09/11 16:15:33.466, 3, 92313, 97871, 0, 121.93
2026/09/11 16:15:33.666, 0, 93379, 97871, 0, 120.14
2026/09/11 16:15:33.666, 1, 92665, 97871, 0, 124.14
2026/09/11 16:15:33.666, 2, 92283, 97871, 0, 121.49
2026/09/11 16:15:33.666, 3, 92313, 97871, 0, 121.90
2026/09/11 16:15:33.867, 0, 93379, 97871, 0, 120.15
2026/09/11 16:15:33.867, 1, 92665, 97871, 0, 124.12
2026/09/11 16:15:33.867, 2, 92283, 97871, 0, 121.50
2026/09/11 16:15:33.867, 3, 92313, 97871, 0, 121.84
2026/09/11 16:15:34.067, 0, 93379, 97871, 0, 122.29
2026/09/11 16:15:34.067, 1, 92665, 97871, 0, 126.47
2026/09/11 16:15:34.067, 2, 92283, 97871, 0, 121.47
2026/09/11 16:15:34.067, 3, 92313, 97871, 0, 124.36
2026/09/11 16:15:34.267, 0, 93379, 97871, 15, 125.69
2026/09/11 16:15:34.267, 1, 92665, 97871, 88, 129.79
2026/09/11 16:15:34.267, 2, 92283, 97871, 82, 126.79
2026/09/11 16:15:34.267, 3, 92313, 97871, 80, 127.35
2026/09/11 16:15:34.467, 0, 93379, 97871, 0, 128.20
2026/09/11 16:15:34.467, 1, 92665, 97871, 0, 134.07
2026/09/11 16:15:34.467, 2, 92283, 97871, 0, 126.81
2026/09/11 16:15:34.467, 3, 92313, 97871, 0, 131.59
2026/09/11 16:15:34.668, 0, 93379, 97871, 92, 159.13
2026/09/11 16:15:34.668, 1, 92665, 97871, 53, 163.51
2026/09/11 16:15:34.668, 2, 92283, 97871, 79, 154.64
2026/09/11 16:15:34.668, 3, 92313, 97871, 81, 159.95
2026/09/11 16:15:34.868, 0, 93379, 97871, 0, 159.26
2026/09/11 16:15:34.868, 1, 92665, 97871, 2, 163.70
2026/09/11 16:15:34.868, 2, 92283, 97871, 0, 159.48
2026/09/11 16:15:34.868, 3, 92313, 97871, 0, 160.79
2026/09/11 16:15:35.068, 0, 93379, 97871, 0, 157.81
2026/09/11 16:15:35.068, 1, 92665, 97871, 0, 162.18
2026/09/11 16:15:35.068, 2, 92283, 97871, 0, 158.81
2026/09/11 16:15:35.068, 3, 92313, 97871, 0, 158.32
2026/09/11 16:15:35.268, 0, 93379, 97871, 0, 153.61
2026/09/11 16:15:35.268, 1, 92665, 97871, 0, 158.86
2026/09/11 16:15:35.268, 2, 92283, 97871, 0, 153.58
2026/09/11 16:15:35.268, 3, 92313, 97871, 0, 155.15
2026/09/11 16:15:35.468, 0, 93379, 97871, 0, 151.55
2026/09/11 16:15:35.469, 1, 92665, 97871, 0, 154.38
2026/09/11 16:15:35.469, 2, 92283, 97871, 0, 154.13
2026/09/11 16:15:35.469, 3, 92313, 97871, 0, 153.08
2026/09/11 16:15:35.669, 0, 93379, 97871, 0, 120.35
2026/09/11 16:15:35.669, 1, 92665, 97871, 0, 124.36
2026/09/11 16:15:35.669, 2, 92283, 97871, 0, 130.35
2026/09/11 16:15:35.669, 3, 92313, 97871, 0, 121.92
2026/09/11 16:15:35.869, 0, 93379, 97871, 0, 119.67
2026/09/11 16:15:35.869, 1, 92665, 97871, 0, 124.17
2026/09/11 16:15:35.869, 2, 92283, 97871, 0, 121.58
2026/09/11 16:15:35.869, 3, 92313, 97871, 0, 121.83
2026/09/11 16:15:36.069, 0, 93379, 97871, 0, 122.81
2026/09/11 16:15:36.069, 1, 92665, 97871, 0, 128.45
2026/09/11 16:15:36.069, 2, 92283, 97871, 0, 121.54
2026/09/11 16:15:36.069, 3, 92313, 97871, 0, 126.82
2026/09/11 16:15:36.270, 0, 93379, 97871, 99, 171.18
2026/09/11 16:15:36.270, 1, 92665, 97871, 66, 178.90
2026/09/11 16:15:36.270, 2, 92283, 97871, 74, 158.24
2026/09/11 16:15:36.270, 3, 92313, 97871, 84, 177.25
2026/09/11 16:15:36.470, 0, 93379, 97871, 100, 221.26
2026/09/11 16:15:36.470, 1, 92665, 97871, 100, 225.96
2026/09/11 16:15:36.470, 2, 92283, 97871, 100, 205.21
2026/09/11 16:15:36.470, 3, 92313, 97871, 100, 223.51
2026/09/11 16:15:36.670, 0, 93379, 97871, 100, 264.90
2026/09/11 16:15:36.670, 1, 92665, 97871, 100, 267.84
2026/09/11 16:15:36.670, 2, 92283, 97871, 100, 249.13
2026/09/11 16:15:36.670, 3, 92313, 97871, 100, 263.02
2026/09/11 16:15:36.870, 0, 93379, 97871, 0, 265.58
2026/09/11 16:15:36.870, 1, 92665, 97871, 30, 271.53
2026/09/11 16:15:36.870, 2, 92283, 97871, 7, 256.82
2026/09/11 16:15:36.870, 3, 92313, 97871, 6, 266.40
2026/09/11 16:15:37.070, 0, 93379, 97871, 0, 262.56
2026/09/11 16:15:37.071, 1, 92665, 97871, 0, 267.82
2026/09/11 16:15:37.071, 2, 92283, 97871, 0, 259.65
2026/09/11 16:15:37.071, 3, 92313, 97871, 0, 261.44
2026/09/11 16:15:37.271, 0, 93379, 97871, 0, 216.71
2026/09/11 16:15:37.271, 1, 92665, 97871, 0, 219.87
2026/09/11 16:15:37.271, 2, 92283, 97871, 0, 224.96
2026/09/11 16:15:37.271, 3, 92313, 97871, 0, 214.53
2026/09/11 16:15:37.471, 0, 93379, 97871, 0, 163.00
2026/09/11 16:15:37.471, 1, 92665, 97871, 0, 172.36
2026/09/11 16:15:37.471, 2, 92283, 97871, 0, 178.92
2026/09/11 16:15:37.471, 3, 92313, 97871, 0, 162.89
2026/09/11 16:15:37.671, 0, 93379, 97871, 0, 122.60
2026/09/11 16:15:37.672, 1, 92665, 97871, 0, 125.21
2026/09/11 16:15:37.672, 2, 92283, 97871, 0, 134.01
2026/09/11 16:15:37.672, 3, 92313, 97871, 0, 122.63
2026/09/11 16:15:37.872, 0, 93379, 97871, 0, 120.43
2026/09/11 16:15:37.872, 1, 92665, 97871, 0, 124.45
2026/09/11 16:15:37.872, 2, 92283, 97871, 0, 121.92
2026/09/11 16:15:37.872, 3, 92313, 97871, 0, 122.14
2026/09/11 16:15:38.072, 0, 93379, 97871, 0, 120.35
2026/09/11 16:15:38.072, 1, 92665, 97871, 0, 124.35
2026/09/11 16:15:38.072, 2, 92283, 97871, 0, 121.75
2026/09/11 16:15:38.072, 3, 92313, 97871, 0, 121.97
2026/09/11 16:15:38.272, 0, 93379, 97871, 0, 120.31
2026/09/11 16:15:38.272, 1, 92665, 97871, 0, 124.29
2026/09/11 16:15:38.272, 2, 92283, 97871, 0, 121.71
2026/09/11 16:15:38.272, 3, 92313, 97871, 0, 122.00
2026/09/11 16:15:38.472, 0, 93379, 97871, 0, 120.29
2026/09/11 16:15:38.473, 1, 92665, 97871, 0, 124.24
2026/09/11 16:15:38.473, 2, 92283, 97871, 0, 121.64
2026/09/11 16:15:38.473, 3, 92313, 97871, 0, 121.97
2026/09/11 16:15:38.673, 0, 93379, 97871, 0, 120.25
2026/09/11 16:15:38.673, 1, 92665, 97871, 0, 124.22
2026/09/11 16:15:38.673, 2, 92283, 97871, 0, 121.60
2026/09/11 16:15:38.673, 3, 92313, 97871, 0, 121.89
2026/09/11 16:15:38.873, 0, 93379, 97871, 0, 120.23
2026/09/11 16:15:38.873, 1, 92665, 97871, 0, 124.18
2026/09/11 16:15:38.873, 2, 92283, 97871, 0, 121.54
2026/09/11 16:15:38.873, 3, 92313, 97871, 0, 121.88
2026/09/11 16:15:39.073, 0, 93379, 97871, 0, 120.21
2026/09/11 16:15:39.073, 1, 92665, 97871, 0, 124.14
2026/09/11 16:15:39.073, 2, 92283, 97871, 0, 121.53
2026/09/11 16:15:39.073, 3, 92313, 97871, 0, 121.94
2026/09/11 16:15:39.273, 0, 93379, 97871, 0, 120.17
2026/09/11 16:15:39.273, 1, 92665, 97871, 0, 124.10
2026/09/11 16:15:39.273, 2, 92283, 97871, 0, 121.49
2026/09/11 16:15:39.273, 3, 92313, 97871, 0, 121.91
2026/09/11 16:15:39.473, 0, 93379, 97871, 0, 120.18
2026/09/11 16:15:39.474, 1, 92665, 97871, 0, 124.07
2026/09/11 16:15:39.474, 2, 92283, 97871, 0, 121.47
2026/09/11 16:15:39.474, 3, 92313, 97871, 0, 121.84
2026/09/11 16:15:39.674, 0, 93379, 97871, 0, 120.17
2026/09/11 16:15:39.674, 1, 92665, 97871, 0, 124.04
2026/09/11 16:15:39.674, 2, 92283, 97871, 0, 121.47
2026/09/11 16:15:39.674, 3, 92313, 97871, 0, 121.89
2026/09/11 16:15:39.874, 0, 93379, 97871, 0, 120.14
2026/09/11 16:15:39.874, 1, 92665, 97871, 0, 124.04
2026/09/11 16:15:39.874, 2, 92283, 97871, 0, 121.49
2026/09/11 16:15:39.874, 3, 92313, 97871, 0, 121.93
2026/09/11 16:15:40.074, 0, 93379, 97871, 0, 120.14
2026/09/11 16:15:40.074, 1, 92665, 97871, 0, 124.04
2026/09/11 16:15:40.074, 2, 92283, 97871, 0, 121.48
2026/09/11 16:15:40.074, 3, 92313, 97871, 0, 121.84
2026/09/11 16:15:40.274, 0, 93379, 97871, 0, 120.12
2026/09/11 16:15:40.274, 1, 92665, 97871, 0, 124.06
2026/09/11 16:15:40.274, 2, 92283, 97871, 0, 121.49
2026/09/11 16:15:40.274, 3, 92313, 97871, 0, 121.83
2026/09/11 16:15:40.474, 0, 93379, 97871, 0, 120.12
2026/09/11 16:15:40.474, 1, 92665, 97871, 0, 124.05
2026/09/11 16:15:40.474, 2, 92283, 97871, 0, 121.48
2026/09/11 16:15:40.474, 3, 92313, 97871, 0, 121.90
2026/09/11 16:15:40.675, 0, 93379, 97871, 0, 120.12
2026/09/11 16:15:40.675, 1, 92665, 97871, 0, 124.06
2026/09/11 16:15:40.675, 2, 92283, 97871, 0, 121.50
2026/09/11 16:15:40.675, 3, 92313, 97871, 0, 121.87
2026/09/11 16:15:40.875, 0, 93379, 97871, 0, 120.10
2026/09/11 16:15:40.875, 1, 92665, 97871, 0, 124.05
2026/09/11 16:15:40.875, 2, 92283, 97871, 0, 121.48
2026/09/11 16:15:40.875, 3, 92313, 97871, 0, 121.78
2026/09/11 16:15:41.075, 0, 93379, 97871, 0, 120.10
2026/09/11 16:15:41.075, 1, 92665, 97871, 0, 124.05
2026/09/11 16:15:41.075, 2, 92283, 97871, 0, 121.48
2026/09/11 16:15:41.075, 3, 92313, 97871, 0, 121.84
2026/09/11 16:15:41.275, 0, 93379, 97871, 0, 120.10
2026/09/11 16:15:41.275, 1, 92665, 97871, 0, 124.03
2026/09/11 16:15:41.275, 2, 92283, 97871, 0, 121.47
2026/09/11 16:15:41.275, 3, 92313, 97871, 0, 121.84
2026/09/11 16:15:41.475, 0, 93379, 97871, 0, 120.07
2026/09/11 16:15:41.475, 1, 92665, 97871, 0, 124.02
2026/09/11 16:15:41.475, 2, 92283, 97871, 0, 121.46
2026/09/11 16:15:41.475, 3, 92313, 97871, 0, 121.78
2026/09/11 16:15:41.676, 0, 93379, 97871, 0, 120.07
2026/09/11 16:15:41.676, 1, 92665, 97871, 0, 123.98
2026/09/11 16:15:41.676, 2, 92283, 97871, 0, 121.41
2026/09/11 16:15:41.676, 3, 92313, 97871, 0, 121.74
2026/09/11 16:15:41.876, 0, 93379, 97871, 0, 123.80
2026/09/11 16:15:41.876, 1, 92665, 97871, 0, 128.23
2026/09/11 16:15:41.876, 2, 92283, 97871, 0, 123.14
2026/09/11 16:15:41.876, 3, 92313, 97871, 0, 126.19
2026/09/11 16:15:42.076, 0, 93379, 97871, 40, 125.90
2026/09/11 16:15:42.076, 1, 92665, 97871, 13, 129.99
2026/09/11 16:15:42.076, 2, 92283, 97871, 50, 127.13
2026/09/11 16:15:42.076, 3, 92313, 97871, 47, 127.78
2026/09/11 16:15:42.276, 0, 93379, 97871, 0, 125.71
2026/09/11 16:15:42.276, 1, 92665, 97871, 0, 130.02
2026/09/11 16:15:42.276, 2, 92283, 97871, 0, 127.17
2026/09/11 16:15:42.276, 3, 92313, 97871, 0, 127.83
2026/09/11 16:15:42.476, 0, 93379, 97871, 61, 154.37
2026/09/11 16:15:42.477, 1, 92665, 97871, 21, 159.53
2026/09/11 16:15:42.477, 2, 92283, 97871, 50, 152.97
2026/09/11 16:15:42.477, 3, 92313, 97871, 52, 156.91
2026/09/11 16:15:42.677, 0, 93379, 97871, 0, 155.27
2026/09/11 16:15:42.677, 1, 92665, 97871, 12, 159.76
2026/09/11 16:15:42.677, 2, 92283, 97871, 0, 155.84
2026/09/11 16:15:42.677, 3, 92313, 97871, 0, 157.74
2026/09/11 16:15:42.877, 0, 93379, 97871, 0, 151.59
2026/09/11 16:15:42.877, 1, 92665, 97871, 0, 155.73
2026/09/11 16:15:42.877, 2, 92283, 97871, 0, 154.82
2026/09/11 16:15:42.877, 3, 92313, 97871, 0, 153.33
2026/09/11 16:15:43.077, 0, 93379, 97871, 0, 148.65
2026/09/11 16:15:43.077, 1, 92665, 97871, 0, 153.13
2026/09/11 16:15:43.077, 2, 92283, 97871, 0, 150.92
2026/09/11 16:15:43.077, 3, 92313, 97871, 0, 151.58
2026/09/11 16:15:43.277, 0, 93379, 97871, 0, 148.61
2026/09/11 16:15:43.277, 1, 92665, 97871, 0, 153.69
2026/09/11 16:15:43.277, 2, 92283, 97871, 0, 150.35
2026/09/11 16:15:43.278, 3, 92313, 97871, 0, 151.05
2026/09/11 16:15:43.478, 0, 93379, 97871, 0, 120.56
2026/09/11 16:15:43.478, 1, 92665, 97871, 0, 124.29
2026/09/11 16:15:43.478, 2, 92283, 97871, 0, 128.27
2026/09/11 16:15:43.478, 3, 92313, 97871, 0, 121.92
2026/09/11 16:15:43.678, 0, 93379, 97871, 0, 119.53
2026/09/11 16:15:43.678, 1, 92665, 97871, 0, 124.35
2026/09/11 16:15:43.678, 2, 92283, 97871, 0, 121.62
2026/09/11 16:15:43.678, 3, 92313, 97871, 0, 121.78
2026/09/11 16:15:43.878, 0, 93379, 97871, 56, 160.77
2026/09/11 16:15:43.878, 1, 92665, 97871, 50, 164.44
2026/09/11 16:15:43.878, 2, 92283, 97871, 66, 147.51
2026/09/11 16:15:43.878, 3, 92313, 97871, 37, 162.55
2026/09/11 16:15:44.078, 0, 93379, 97871, 100, 208.65
2026/09/11 16:15:44.078, 1, 92665, 97871, 100, 215.16
2026/09/11 16:15:44.078, 2, 92283, 97871, 100, 194.91
2026/09/11 16:15:44.078, 3, 92313, 97871, 100, 209.71
2026/09/11 16:15:44.278, 0, 93379, 97871, 100, 230.94
2026/09/11 16:15:44.279, 1, 92665, 97871, 100, 235.54
2026/09/11 16:15:44.279, 2, 92283, 97871, 100, 230.07
2026/09/11 16:15:44.279, 3, 92313, 97871, 100, 229.25
2026/09/11 16:15:44.479, 0, 93379, 97871, 0, 233.40
2026/09/11 16:15:44.479, 1, 92665, 97871, 0, 235.71
2026/09/11 16:15:44.479, 2, 92283, 97871, 0, 230.36
2026/09/11 16:15:44.479, 3, 92313, 97871, 0, 229.31
2026/09/11 16:15:44.679, 0, 93379, 97871, 0, 231.35
2026/09/11 16:15:44.679, 1, 92665, 97871, 0, 237.70
2026/09/11 16:15:44.679, 2, 92283, 97871, 0, 230.45
2026/09/11 16:15:44.679, 3, 92313, 97871, 0, 229.40
2026/09/11 16:15:44.879, 0, 93379, 97871, 0, 195.88
2026/09/11 16:15:44.879, 1, 92665, 97871, 0, 196.81
2026/09/11 16:15:44.879, 2, 92283, 97871, 0, 207.44
2026/09/11 16:15:44.879, 3, 92313, 97871, 0, 188.72
2026/09/11 16:15:45.079, 0, 93379, 97871, 0, 148.86
2026/09/11 16:15:45.079, 1, 92665, 97871, 0, 146.91
2026/09/11 16:15:45.079, 2, 92283, 97871, 0, 161.14
2026/09/11 16:15:45.079, 3, 92313, 97871, 0, 143.26
2026/09/11 16:15:45.280, 0, 93379, 97871, 0, 120.33
2026/09/11 16:15:45.280, 1, 92665, 97871, 0, 124.34
2026/09/11 16:15:45.280, 2, 92283, 97871, 0, 122.27
2026/09/11 16:15:45.280, 3, 92313, 97871, 0, 122.00
2026/09/11 16:15:45.480, 0, 93379, 97871, 0, 120.19
2026/09/11 16:15:45.480, 1, 92665, 97871, 0, 124.19
2026/09/11 16:15:45.480, 2, 92283, 97871, 0, 121.69
2026/09/11 16:15:45.480, 3, 92313, 97871, 0, 121.98
2026/09/11 16:15:45.680, 0, 93379, 97871, 0, 120.15
2026/09/11 16:15:45.680, 1, 92665, 97871, 0, 124.12
2026/09/11 16:15:45.680, 2, 92283, 97871, 0, 121.62
2026/09/11 16:15:45.680, 3, 92313, 97871, 0, 121.93
2026/09/11 16:15:45.880, 0, 92811, 97871, 0, 120.22
2026/09/11 16:15:45.880, 1, 92097, 97871, 0, 124.09
2026/09/11 16:15:45.880, 2, 91715, 97871, 0, 121.60
2026/09/11 16:15:45.880, 3, 91745, 97871, 0, 121.85
2026/09/11 16:15:46.080, 0, 92811, 97871, 0, 120.20
2026/09/11 16:15:46.080, 1, 92097, 97871, 1, 124.08
2026/09/11 16:15:46.080, 2, 91715, 97871, 0, 121.54
2026/09/11 16:15:46.080, 3, 91745, 97871, 0, 121.90
2026/09/11 16:15:46.281, 0, 92811, 97871, 0, 120.18
2026/09/11 16:15:46.281, 1, 92097, 97871, 0, 124.04
2026/09/11 16:15:46.281, 2, 91715, 97871, 0, 121.48
2026/09/11 16:15:46.281, 3, 91745, 97871, 0, 121.91
2026/09/11 16:15:46.481, 0, 92811, 97871, 0, 120.17
2026/09/11 16:15:46.481, 1, 92097, 97871, 0, 124.02
2026/09/11 16:15:46.481, 2, 91715, 97871, 0, 121.42
2026/09/11 16:15:46.481, 3, 91745, 97871, 0, 121.83
2026/09/11 16:15:46.681, 0, 92811, 97871, 0, 120.14
2026/09/11 16:15:46.681, 1, 92097, 97871, 0, 124.01
2026/09/11 16:15:46.681, 2, 91715, 97871, 0, 121.38
2026/09/11 16:15:46.681, 3, 91745, 97871, 0, 121.79
2026/09/11 16:15:46.881, 0, 92811, 97871, 0, 120.07
2026/09/11 16:15:46.881, 1, 92097, 97871, 0, 123.97
2026/09/11 16:15:46.881, 2, 91715, 97871, 0, 121.33
2026/09/11 16:15:46.882, 3, 91745, 97871, 0, 121.82
2026/09/11 16:15:47.082, 0, 92811, 97871, 0, 120.04
2026/09/11 16:15:47.082, 1, 92097, 97871, 0, 123.94
2026/09/11 16:15:47.082, 2, 91715, 97871, 0, 121.32
2026/09/11 16:15:47.082, 3, 91745, 97871, 0, 121.77
2026/09/11 16:15:47.282, 0, 92811, 97871, 0, 120.03
2026/09/11 16:15:47.282, 1, 92097, 97871, 0, 123.93
2026/09/11 16:15:47.282, 2, 91715, 97871, 0, 121.31
2026/09/11 16:15:47.282, 3, 91745, 97871, 0, 121.69
2026/09/11 16:15:47.482, 0, 92811, 97871, 0, 120.04
2026/09/11 16:15:47.482, 1, 92097, 97871, 0, 123.92
2026/09/11 16:15:47.482, 2, 91715, 97871, 0, 121.29
2026/09/11 16:15:47.482, 3, 91745, 97871, 0, 121.74
2026/09/11 16:15:47.682, 0, 92807, 97871, 0, 120.20
2026/09/11 16:15:47.682, 1, 92093, 97871, 0, 124.24
2026/09/11 16:15:47.682, 2, 91711, 97871, 0, 121.52
2026/09/11 16:15:47.683, 3, 91741, 97871, 0, 122.13
2026/09/11 16:15:47.883, 0, 118, 97871, 41, 123.34
2026/09/11 16:15:48.380, 1, 4, 97871, 45, 127.89
2026/09/11 16:15:48.643, 2, 4, 97871, 1, 131.18
2026/09/11 16:15:48.643, 3, 4, 97871, 0, 131.68
2026/09/11 16:15:48.843, 0, 4, 97871, 0, 129.72
2026/09/11 16:15:48.843, 1, 4, 97871, 100, 133.37
2026/09/11 16:15:48.843, 2, 4, 97871, 0, 130.17
2026/09/11 16:15:48.843, 3, 4, 97871, 0, 131.67
2026/09/11 16:15:49.043, 0, 4, 97871, 0, 129.72
2026/09/11 16:15:49.043, 1, 4, 97871, 0, 133.85
2026/09/11 16:15:49.043, 2, 4, 97871, 0, 128.03
2026/09/11 16:15:49.043, 3, 4, 97871, 0, 131.54
2026/09/11 16:15:49.243, 0, 4, 97871, 0, 129.70
2026/09/11 16:15:49.243, 1, 4, 97871, 0, 133.98
2026/09/11 16:15:49.243, 2, 4, 97871, 0, 123.85
2026/09/11 16:15:49.244, 3, 4, 97871, 0, 129.60
2026/09/11 16:15:49.444, 0, 4, 97871, 0, 128.34
2026/09/11 16:15:49.444, 1, 4, 97871, 0, 133.80
2026/09/11 16:15:49.444, 2, 4, 97871, 0, 123.82
2026/09/11 16:15:49.444, 3, 4, 97871, 0, 124.25
2026/09/11 16:15:49.644, 0, 4, 97871, 0, 122.79
2026/09/11 16:15:49.644, 1, 4, 97871, 0, 132.45
2026/09/11 16:15:49.644, 2, 4, 97871, 0, 123.75
2026/09/11 16:15:49.644, 3, 4, 97871, 0, 124.22
2026/09/11 16:15:49.844, 0, 4, 97871, 0, 122.43
2026/09/11 16:15:49.844, 1, 4, 97871, 0, 127.67
2026/09/11 16:15:49.844, 2, 4, 97871, 0, 123.72
2026/09/11 16:15:49.844, 3, 4, 97871, 0, 124.16
2026/09/11 16:15:50.044, 0, 4, 97871, 0, 122.38
2026/09/11 16:15:50.044, 1, 4, 97871, 0, 126.37
2026/09/11 16:15:50.044, 2, 4, 97871, 0, 123.73
2026/09/11 16:15:50.045, 3, 4, 97871, 0, 124.23
2026/09/11 16:15:50.245, 0, 4, 97871, 0, 122.38
2026/09/11 16:15:50.245, 1, 4, 97871, 0, 126.37
2026/09/11 16:15:50.245, 2, 4, 97871, 0, 115.12
2026/09/11 16:15:50.245, 3, 4, 97871, 0, 121.37
2026/09/11 16:15:50.445, 0, 4, 97871, 0, 122.38
2026/09/11 16:15:50.445, 1, 4, 97871, 0, 126.33
2026/09/11 16:15:50.445, 2, 4, 97871, 0, 105.46
2026/09/11 16:15:50.445, 3, 4, 97871, 0, 111.83
2026/09/11 16:15:50.645, 0, 0, 97871, 0, 115.87
2026/09/11 16:15:50.646, 1, 0, 97871, 0, 126.33
2026/09/11 16:15:50.646, 2, 0, 97871, 0, 95.75
2026/09/11 16:15:50.646, 3, 1, 97871, 0, 101.82
2026/09/11 16:15:50.846, 0, 0, 97871, 0, 106.15
2026/09/11 16:15:50.846, 1, 0, 97871, 0, 123.41
2026/09/11 16:15:50.846, 2, 0, 97871, 0, 86.75
2026/09/11 16:15:50.846, 3, 0, 97871, 0, 92.75
2026/09/11 16:15:51.046, 0, 0, 97871, 0, 97.08
2026/09/11 16:15:51.046, 1, 0, 97871, 0, 113.72
2026/09/11 16:15:51.046, 2, 0, 97871, 0, 77.20
2026/09/11 16:15:51.046, 3, 0, 97871, 0, 82.34
2026/09/11 16:15:51.246, 0, 0, 97871, 0, 87.62
2026/09/11 16:15:51.246, 1, 0, 97871, 0, 103.51
2026/09/11 16:15:51.246, 2, 0, 97871, 0, 75.14
2026/09/11 16:15:51.246, 3, 0, 97871, 0, 75.40
