timestamp,index,memory_used_mib,memory_total_mib,utilization_gpu_percent,power_watts
2026/09/26 00:16:43.629, 0, 0, 97871, 0, 74.29
2026/09/26 00:16:43.633, 1, 0, 97871, 0, 76.64
2026/09/26 00:16:43.636, 2, 0, 97871, 0, 76.14
2026/09/26 00:16:43.640, 3, 0, 97871, 0, 77.04
2026/09/26 00:16:43.843, 0, 0, 97871, 0, 74.12
2026/09/26 00:16:43.843, 1, 0, 97871, 0, 76.43
2026/09/26 00:16:43.843, 2, 0, 97871, 0, 75.95
2026/09/26 00:16:43.843, 3, 0, 97871, 0, 77.01
2026/09/26 00:16:44.043, 0, 0, 97871, 0, 74.01
2026/09/26 00:16:44.043, 1, 0, 97871, 0, 76.29
2026/09/26 00:16:44.043, 2, 0, 97871, 0, 75.76
2026/09/26 00:16:44.043, 3, 0, 97871, 0, 76.97
2026/09/26 00:16:44.243, 0, 0, 97871, 0, 73.93
2026/09/26 00:16:44.243, 1, 0, 97871, 0, 76.16
2026/09/26 00:16:44.243, 2, 0, 97871, 0, 75.57
2026/09/26 00:16:44.243, 3, 0, 97871, 0, 76.95
2026/09/26 00:16:44.444, 0, 0, 97871, 0, 73.89
2026/09/26 00:16:44.444, 1, 0, 97871, 0, 76.08
2026/09/26 00:16:44.444, 2, 0, 97871, 0, 75.51
2026/09/26 00:16:44.444, 3, 0, 97871, 0, 76.93
2026/09/26 00:16:44.644, 0, 0, 97871, 0, 73.89
2026/09/26 00:16:44.644, 1, 0, 97871, 0, 76.05
2026/09/26 00:16:44.644, 2, 0, 97871, 0, 75.46
2026/09/26 00:16:44.644, 3, 0, 97871, 0, 76.92
2026/09/26 00:16:44.844, 0, 0, 97871, 0, 73.85
2026/09/26 00:16:44.844, 1, 0, 97871, 0, 76.03
2026/09/26 00:16:44.844, 2, 0, 97871, 0, 75.40
2026/09/26 00:16:44.844, 3, 0, 97871, 0, 76.91
2026/09/26 00:16:45.044, 0, 0, 97871, 0, 73.85
2026/09/26 00:16:45.044, 1, 0, 97871, 0, 76.02
2026/09/26 00:16:45.044, 2, 0, 97871, 0, 75.37
2026/09/26 00:16:45.044, 3, 0, 97871, 0, 76.90
2026/09/26 00:16:45.244, 0, 0, 97871, 0, 73.85
2026/09/26 00:16:45.244, 1, 0, 97871, 0, 76.01
2026/09/26 00:16:45.244, 2, 0, 97871, 0, 75.39
2026/09/26 00:16:45.244, 3, 0, 97871, 0, 76.87
2026/09/26 00:16:45.444, 0, 0, 97871, 0, 73.83
2026/09/26 00:16:45.444, 1, 0, 97871, 0, 75.98
2026/09/26 00:16:45.444, 2, 0, 97871, 0, 75.38
2026/09/26 00:16:45.444, 3, 0, 97871, 0, 76.88
2026/09/26 00:16:45.645, 0, 0, 97871, 0, 73.82
2026/09/26 00:16:45.645, 1, 0, 97871, 0, 75.98
2026/09/26 00:16:45.645, 2, 0, 97871, 0, 75.32
2026/09/26 00:16:45.645, 3, 0, 97871, 0, 76.86
2026/09/26 00:16:45.845, 0, 0, 97871, 0, 73.80
2026/09/26 00:16:45.845, 1, 0, 97871, 0, 75.96
2026/09/26 00:16:45.845, 2, 0, 97871, 0, 75.35
2026/09/26 00:16:45.845, 3, 0, 97871, 0, 76.86
2026/09/26 00:16:46.045, 0, 0, 97871, 0, 73.81
2026/09/26 00:16:46.045, 1, 0, 97871, 0, 75.96
2026/09/26 00:16:46.045, 2, 0, 97871, 0, 75.37
2026/09/26 00:16:46.045, 3, 0, 97871, 0, 76.85
2026/09/26 00:16:46.245, 0, 0, 97871, 0, 73.78
2026/09/26 00:16:46.246, 1, 0, 97871, 0, 75.97
2026/09/26 00:16:46.246, 2, 0, 97871, 0, 75.35
2026/09/26 00:16:46.246, 3, 0, 97871, 0, 76.86
2026/09/26 00:16:46.446, 0, 0, 97871, 0, 73.76
2026/09/26 00:16:46.446, 1, 0, 97871, 0, 75.97
2026/09/26 00:16:46.446, 2, 0, 97871, 0, 75.32
2026/09/26 00:16:46.446, 3, 0, 97871, 0, 76.84
2026/09/26 00:16:46.646, 0, 0, 97871, 0, 73.78
2026/09/26 00:16:46.646, 1, 0, 97871, 0, 75.96
2026/09/26 00:16:46.646, 2, 0, 97871, 0, 75.35
2026/09/26 00:16:46.646, 3, 0, 97871, 0, 76.84
2026/09/26 00:16:46.846, 0, 0, 97871, 0, 73.78
2026/09/26 00:16:46.846, 1, 0, 97871, 0, 75.95
2026/09/26 00:16:46.846, 2, 0, 97871, 0, 75.37
2026/09/26 00:16:46.846, 3, 0, 97871, 0, 76.82
2026/09/26 00:16:47.046, 0, 0, 97871, 0, 73.75
2026/09/26 00:16:47.046, 1, 0, 97871, 0, 75.94
2026/09/26 00:16:47.046, 2, 0, 97871, 0, 75.32
2026/09/26 00:16:47.046, 3, 0, 97871, 0, 76.82
2026/09/26 00:16:47.246, 0, 0, 97871, 0, 73.74
2026/09/26 00:16:47.247, 1, 0, 97871, 0, 75.93
2026/09/26 00:16:47.247, 2, 0, 97871, 0, 75.33
2026/09/26 00:16:47.247, 3, 0, 97871, 0, 76.80
2026/09/26 00:16:47.447, 0, 0, 97871, 0, 73.75
2026/09/26 00:16:47.447, 1, 0, 97871, 0, 75.98
2026/09/26 00:16:47.447, 2, 0, 97871, 0, 75.35
2026/09/26 00:16:47.447, 3, 0, 97871, 0, 76.79
2026/09/26 00:16:47.647, 0, 0, 97871, 0, 73.71
2026/09/26 00:16:47.647, 1, 0, 97871, 0, 76.02
2026/09/26 00:16:47.647, 2, 0, 97871, 0, 75.35
2026/09/26 00:16:47.647, 3, 0, 97871, 0, 76.77
2026/09/26 00:16:47.847, 0, 0, 97871, 0, 73.68
2026/09/26 00:16:47.847, 1, 0, 97871, 0, 76.09
2026/09/26 00:16:47.847, 2, 0, 97871, 0, 75.29
2026/09/26 00:16:47.847, 3, 0, 97871, 0, 76.75
2026/09/26 00:16:48.047, 0, 0, 97871, 0, 73.67
2026/09/26 00:16:48.047, 1, 0, 97871, 0, 76.12
2026/09/26 00:16:48.047, 2, 0, 97871, 0, 75.32
2026/09/26 00:16:48.047, 3, 0, 97871, 0, 76.71
2026/09/26 00:16:48.247, 0, 0, 97871, 0, 73.65
2026/09/26 00:16:48.247, 1, 0, 97871, 0, 76.18
2026/09/26 00:16:48.247, 2, 0, 97871, 0, 75.37
2026/09/26 00:16:48.247, 3, 0, 97871, 0, 76.70
2026/09/26 00:16:48.447, 0, 0, 97871, 0, 73.65
2026/09/26 00:16:48.448, 1, 0, 97871, 0, 76.16
2026/09/26 00:16:48.448, 2, 0, 97871, 0, 75.36
2026/09/26 00:16:48.448, 3, 0, 97871, 0, 76.65
2026/09/26 00:16:48.648, 0, 0, 97871, 0, 73.64
2026/09/26 00:16:48.648, 1, 0, 97871, 0, 76.15
2026/09/26 00:16:48.648, 2, 0, 97871, 0, 75.39
2026/09/26 00:16:48.648, 3, 0, 97871, 0, 76.64
2026/09/26 00:16:48.848, 0, 0, 97871, 0, 73.66
2026/09/26 00:16:48.848, 1, 0, 97871, 0, 76.14
2026/09/26 00:16:48.848, 2, 0, 97871, 0, 75.44
2026/09/26 00:16:48.848, 3, 0, 97871, 0, 76.62
2026/09/26 00:16:49.048, 0, 0, 97871, 0, 73.67
2026/09/26 00:16:49.048, 1, 0, 97871, 0, 76.14
2026/09/26 00:16:49.048, 2, 0, 97871, 0, 75.48
2026/09/26 00:16:49.048, 3, 0, 97871, 0, 76.60
2026/09/26 00:16:49.248, 0, 0, 97871, 0, 73.66
2026/09/26 00:16:49.248, 1, 0, 97871, 0, 76.11
2026/09/26 00:16:49.248, 2, 0, 97871, 0, 75.39
2026/09/26 00:16:49.248, 3, 0, 97871, 0, 76.59
2026/09/26 00:16:49.448, 0, 0, 97871, 0, 73.68
2026/09/26 00:16:49.448, 1, 0, 97871, 0, 76.11
2026/09/26 00:16:49.448, 2, 0, 97871, 0, 75.39
2026/09/26 00:16:49.448, 3, 0, 97871, 0, 76.58
2026/09/26 00:16:49.648, 0, 0, 97871, 0, 73.64
2026/09/26 00:16:49.648, 1, 0, 97871, 0, 76.10
2026/09/26 00:16:49.648, 2, 0, 97871, 0, 75.40
2026/09/26 00:16:49.648, 3, 0, 97871, 0, 76.61
2026/09/26 00:16:49.849, 0, 0, 97871, 0, 73.66
2026/09/26 00:16:49.849, 1, 0, 97871, 0, 76.10
2026/09/26 00:16:49.849, 2, 0, 97871, 0, 75.36
2026/09/26 00:16:49.849, 3, 0, 97871, 0, 76.61
2026/09/26 00:16:50.049, 0, 0, 97871, 0, 73.64
2026/09/26 00:16:50.049, 1, 0, 97871, 0, 76.06
2026/09/26 00:16:50.049, 2, 0, 97871, 0, 75.31
2026/09/26 00:16:50.049, 3, 0, 97871, 0, 76.61
2026/09/26 00:16:50.249, 0, 0, 97871, 0, 73.64
2026/09/26 00:16:50.249, 1, 0, 97871, 0, 76.07
2026/09/26 00:16:50.249, 2, 0, 97871, 0, 75.33
2026/09/26 00:16:50.249, 3, 0, 97871, 0, 76.59
2026/09/26 00:16:50.449, 0, 0, 97871, 0, 73.61
2026/09/26 00:16:50.449, 1, 0, 97871, 0, 76.05
2026/09/26 00:16:50.449, 2, 0, 97871, 0, 75.33
2026/09/26 00:16:50.449, 3, 0, 97871, 0, 76.59
2026/09/26 00:16:50.649, 0, 0, 97871, 0, 73.60
2026/09/26 00:16:50.649, 1, 0, 97871, 0, 76.06
2026/09/26 00:16:50.649, 2, 0, 97871, 0, 75.27
2026/09/26 00:16:50.649, 3, 0, 97871, 0, 76.57
2026/09/26 00:16:50.849, 0, 0, 97871, 0, 73.60
2026/09/26 00:16:50.849, 1, 0, 97871, 0, 76.04
2026/09/26 00:16:50.849, 2, 0, 97871, 0, 75.28
2026/09/26 00:16:50.849, 3, 0, 97871, 0, 76.56
2026/09/26 00:16:51.049, 0, 0, 97871, 0, 73.58
2026/09/26 00:16:51.049, 1, 0, 97871, 0, 76.04
2026/09/26 00:16:51.049, 2, 0, 97871, 0, 75.30
2026/09/26 00:16:51.049, 3, 0, 97871, 0, 76.56
2026/09/26 00:16:51.250, 0, 0, 97871, 0, 73.59
2026/09/26 00:16:51.250, 1, 0, 97871, 0, 76.02
2026/09/26 00:16:51.250, 2, 0, 97871, 0, 75.32
2026/09/26 00:16:51.250, 3, 0, 97871, 0, 76.56
2026/09/26 00:16:51.450, 0, 0, 97871, 0, 73.60
2026/09/26 00:16:51.450, 1, 0, 97871, 0, 76.02
2026/09/26 00:16:51.450, 2, 0, 97871, 0, 75.28
2026/09/26 00:16:51.450, 3, 0, 97871, 0, 76.56
2026/09/26 00:16:51.650, 0, 0, 97871, 0, 73.58
2026/09/26 00:16:51.650, 1, 0, 97871, 0, 76.02
2026/09/26 00:16:51.650, 2, 0, 97871, 0, 75.29
2026/09/26 00:16:51.650, 3, 0, 97871, 0, 76.55
2026/09/26 00:16:51.850, 0, 0, 97871, 0, 73.58
2026/09/26 00:16:51.850, 1, 0, 97871, 0, 76.02
2026/09/26 00:16:51.850, 2, 0, 97871, 0, 75.31
2026/09/26 00:16:51.850, 3, 0, 97871, 0, 76.55
2026/09/26 00:16:52.050, 0, 0, 97871, 0, 73.56
2026/09/26 00:16:52.050, 1, 0, 97871, 0, 76.00
2026/09/26 00:16:52.050, 2, 0, 97871, 0, 75.31
2026/09/26 00:16:52.050, 3, 0, 97871, 0, 76.54
2026/09/26 00:16:52.250, 0, 0, 97871, 0, 73.56
2026/09/26 00:16:52.250, 1, 0, 97871, 0, 76.00
2026/09/26 00:16:52.250, 2, 0, 97871, 0, 75.24
2026/09/26 00:16:52.250, 3, 0, 97871, 0, 76.56
2026/09/26 00:16:52.451, 0, 0, 97871, 0, 73.56
2026/09/26 00:16:52.451, 1, 0, 97871, 0, 75.99
2026/09/26 00:16:52.451, 2, 0, 97871, 0, 75.28
2026/09/26 00:16:52.451, 3, 0, 97871, 0, 76.54
2026/09/26 00:16:52.651, 0, 0, 97871, 0, 73.55
2026/09/26 00:16:52.651, 1, 0, 97871, 0, 76.00
2026/09/26 00:16:52.651, 2, 0, 97871, 0, 75.29
2026/09/26 00:16:52.651, 3, 0, 97871, 0, 76.52
2026/09/26 00:16:52.852, 0, 0, 97871, 0, 73.55
2026/09/26 00:16:52.852, 1, 0, 97871, 0, 75.98
2026/09/26 00:16:52.852, 2, 0, 97871, 0, 75.25
2026/09/26 00:16:52.852, 3, 0, 97871, 0, 76.51
2026/09/26 00:16:53.052, 0, 0, 97871, 0, 73.53
2026/09/26 00:16:53.052, 1, 0, 97871, 0, 75.98
2026/09/26 00:16:53.052, 2, 0, 97871, 0, 75.25
2026/09/26 00:16:53.052, 3, 0, 97871, 0, 76.50
2026/09/26 00:16:53.252, 0, 0, 97871, 0, 73.51
2026/09/26 00:16:53.252, 1, 0, 97871, 0, 75.95
2026/09/26 00:16:53.252, 2, 0, 97871, 0, 75.27
2026/09/26 00:16:53.252, 3, 0, 97871, 0, 76.48
2026/09/26 00:16:53.452, 0, 0, 97871, 0, 73.47
2026/09/26 00:16:53.452, 1, 0, 97871, 0, 75.93
2026/09/26 00:16:53.452, 2, 0, 97871, 0, 75.27
2026/09/26 00:16:53.452, 3, 0, 97871, 0, 76.50
2026/09/26 00:16:53.652, 0, 0, 97871, 0, 73.48
2026/09/26 00:16:53.652, 1, 0, 97871, 0, 75.91
2026/09/26 00:16:53.652, 2, 0, 97871, 0, 75.24
2026/09/26 00:16:53.652, 3, 0, 97871, 0, 76.49
2026/09/26 00:16:53.853, 0, 0, 97871, 0, 73.49
2026/09/26 00:16:53.853, 1, 0, 97871, 0, 75.89
2026/09/26 00:16:53.853, 2, 0, 97871, 0, 75.27
2026/09/26 00:16:53.853, 3, 0, 97871, 0, 76.47
2026/09/26 00:16:54.053, 0, 0, 97871, 0, 73.53
2026/09/26 00:16:54.053, 1, 0, 97871, 0, 75.86
2026/09/26 00:16:54.053, 2, 0, 97871, 0, 75.28
2026/09/26 00:16:54.053, 3, 0, 97871, 0, 76.48
2026/09/26 00:16:54.253, 0, 0, 97871, 0, 73.61
2026/09/26 00:16:54.253, 1, 0, 97871, 0, 75.87
2026/09/26 00:16:54.253, 2, 0, 97871, 0, 75.27
2026/09/26 00:16:54.253, 3, 0, 97871, 0, 76.45
2026/09/26 00:16:54.453, 0, 0, 97871, 0, 73.66
2026/09/26 00:16:54.453, 1, 0, 97871, 0, 75.85
2026/09/26 00:16:54.453, 2, 0, 97871, 0, 75.26
2026/09/26 00:16:54.453, 3, 0, 97871, 0, 76.42
2026/09/26 00:16:54.653, 0, 0, 97871, 0, 73.73
2026/09/26 00:16:54.653, 1, 0, 97871, 0, 75.84
2026/09/26 00:16:54.653, 2, 0, 97871, 0, 75.29
2026/09/26 00:16:54.653, 3, 0, 97871, 0, 76.40
2026/09/26 00:16:54.853, 0, 0, 97871, 0, 73.76
2026/09/26 00:16:54.853, 1, 0, 97871, 0, 75.85
2026/09/26 00:16:54.853, 2, 0, 97871, 0, 75.28
2026/09/26 00:16:54.853, 3, 0, 97871, 0, 76.39
2026/09/26 00:16:55.053, 0, 0, 97871, 0, 73.76
2026/09/26 00:16:55.054, 1, 0, 97871, 0, 75.83
2026/09/26 00:16:55.054, 2, 0, 97871, 0, 75.20
2026/09/26 00:16:55.054, 3, 0, 97871, 0, 76.36
2026/09/26 00:16:55.254, 0, 0, 97871, 0, 73.76
2026/09/26 00:16:55.254, 1, 0, 97871, 0, 75.81
2026/09/26 00:16:55.254, 2, 0, 97871, 0, 75.18
2026/09/26 00:16:55.254, 3, 0, 97871, 0, 76.36
2026/09/26 00:16:55.454, 0, 0, 97871, 0, 73.75
2026/09/26 00:16:55.454, 1, 0, 97871, 0, 75.80
2026/09/26 00:16:55.454, 2, 0, 97871, 0, 75.17
2026/09/26 00:16:55.454, 3, 0, 97871, 0, 76.36
2026/09/26 00:16:55.654, 0, 0, 97871, 0, 73.75
2026/09/26 00:16:55.654, 1, 0, 97871, 0, 75.80
2026/09/26 00:16:55.654, 2, 0, 97871, 0, 75.16
2026/09/26 00:16:55.654, 3, 0, 97871, 0, 76.35
2026/09/26 00:16:55.854, 0, 0, 97871, 0, 73.73
2026/09/26 00:16:55.854, 1, 0, 97871, 0, 75.78
2026/09/26 00:16:55.854, 2, 0, 97871, 0, 75.10
2026/09/26 00:16:55.854, 3, 0, 97871, 0, 76.35
2026/09/26 00:16:56.054, 0, 0, 97871, 0, 73.73
2026/09/26 00:16:56.054, 1, 0, 97871, 0, 75.76
2026/09/26 00:16:56.054, 2, 0, 97871, 0, 75.13
2026/09/26 00:16:56.054, 3, 0, 97871, 0, 76.32
2026/09/26 00:16:56.254, 0, 0, 97871, 0, 73.72
2026/09/26 00:16:56.254, 1, 0, 97871, 0, 75.78
2026/09/26 00:16:56.254, 2, 0, 97871, 0, 75.12
2026/09/26 00:16:56.254, 3, 0, 97871, 0, 76.34
2026/09/26 00:16:56.455, 0, 0, 97871, 0, 73.72
2026/09/26 00:16:56.455, 1, 0, 97871, 0, 75.79
2026/09/26 00:16:56.455, 2, 0, 97871, 0, 75.13
2026/09/26 00:16:56.455, 3, 0, 97871, 0, 76.32
2026/09/26 00:16:56.655, 0, 0, 97871, 0, 73.72
2026/09/26 00:16:56.655, 1, 0, 97871, 0, 75.78
2026/09/26 00:16:56.655, 2, 0, 97871, 0, 75.08
2026/09/26 00:16:56.655, 3, 0, 97871, 0, 76.33
2026/09/26 00:16:56.855, 0, 0, 97871, 0, 73.72
2026/09/26 00:16:56.855, 1, 0, 97871, 0, 75.79
2026/09/26 00:16:56.855, 2, 0, 97871, 0, 75.10
2026/09/26 00:16:56.855, 3, 0, 97871, 0, 76.32
2026/09/26 00:16:57.055, 0, 0, 97871, 0, 73.72
2026/09/26 00:16:57.055, 1, 0, 97871, 0, 75.78
2026/09/26 00:16:57.055, 2, 0, 97871, 0, 75.11
2026/09/26 00:16:57.055, 3, 0, 97871, 0, 76.32
2026/09/26 00:16:57.255, 0, 0, 97871, 0, 73.72
2026/09/26 00:16:57.255, 1, 0, 97871, 0, 75.79
2026/09/26 00:16:57.255, 2, 0, 97871, 0, 75.08
2026/09/26 00:16:57.255, 3, 0, 97871, 0, 76.31
2026/09/26 00:16:57.455, 0, 0, 97871, 0, 73.72
2026/09/26 00:16:57.455, 1, 0, 97871, 0, 75.76
2026/09/26 00:16:57.455, 2, 0, 97871, 0, 75.04
2026/09/26 00:16:57.455, 3, 0, 97871, 0, 76.32
2026/09/26 00:16:57.655, 0, 0, 97871, 0, 73.71
2026/09/26 00:16:57.655, 1, 0, 97871, 0, 75.76
2026/09/26 00:16:57.655, 2, 0, 97871, 0, 75.08
2026/09/26 00:16:57.655, 3, 0, 97871, 0, 76.30
2026/09/26 00:16:57.856, 0, 0, 97871, 0, 73.70
2026/09/26 00:16:57.856, 1, 0, 97871, 0, 75.74
2026/09/26 00:16:57.856, 2, 0, 97871, 0, 75.09
2026/09/26 00:16:57.856, 3, 0, 97871, 0, 76.31
2026/09/26 00:16:58.056, 0, 0, 97871, 0, 73.70
2026/09/26 00:16:58.056, 1, 0, 97871, 0, 75.74
2026/09/26 00:16:58.056, 2, 0, 97871, 0, 75.06
2026/09/26 00:16:58.056, 3, 0, 97871, 0, 76.30
2026/09/26 00:16:58.256, 0, 0, 97871, 0, 73.66
2026/09/26 00:16:58.256, 1, 0, 97871, 0, 75.70
2026/09/26 00:16:58.256, 2, 0, 97871, 0, 75.08
2026/09/26 00:16:58.256, 3, 0, 97871, 0, 76.29
2026/09/26 00:16:58.456, 0, 0, 97871, 0, 73.68
2026/09/26 00:16:58.457, 1, 0, 97871, 0, 75.70
2026/09/26 00:16:58.457, 2, 0, 97871, 0, 75.10
2026/09/26 00:16:58.457, 3, 0, 97871, 0, 76.27
2026/09/26 00:16:58.657, 0, 0, 97871, 0, 73.68
2026/09/26 00:16:58.657, 1, 0, 97871, 0, 75.68
2026/09/26 00:16:58.657, 2, 0, 97871, 0, 75.10
2026/09/26 00:16:58.657, 3, 0, 97871, 0, 76.26
2026/09/26 00:16:58.857, 0, 0, 97871, 0, 73.69
2026/09/26 00:16:58.857, 1, 0, 97871, 0, 75.67
2026/09/26 00:16:58.857, 2, 0, 97871, 0, 75.04
2026/09/26 00:16:58.857, 3, 0, 97871, 0, 76.23
2026/09/26 00:16:59.058, 0, 0, 97871, 0, 73.67
2026/09/26 00:16:59.058, 1, 0, 97871, 0, 75.65
2026/09/26 00:16:59.058, 2, 0, 97871, 0, 75.06
2026/09/26 00:16:59.058, 3, 0, 97871, 0, 76.21
2026/09/26 00:16:59.258, 0, 0, 97871, 0, 73.68
2026/09/26 00:16:59.258, 1, 0, 97871, 0, 75.68
2026/09/26 00:16:59.258, 2, 0, 97871, 0, 75.06
2026/09/26 00:16:59.258, 3, 0, 97871, 0, 76.22
2026/09/26 00:16:59.458, 0, 0, 97871, 0, 73.65
2026/09/26 00:16:59.458, 1, 0, 97871, 0, 75.64
2026/09/26 00:16:59.458, 2, 0, 97871, 0, 75.05
2026/09/26 00:16:59.458, 3, 0, 97871, 0, 76.19
2026/09/26 00:16:59.658, 0, 0, 97871, 0, 73.62
2026/09/26 00:16:59.659, 1, 0, 97871, 0, 75.63
2026/09/26 00:16:59.659, 2, 0, 97871, 0, 75.00
2026/09/26 00:16:59.659, 3, 0, 97871, 0, 76.18
2026/09/26 00:16:59.859, 0, 0, 97871, 0, 73.61
2026/09/26 00:16:59.859, 1, 0, 97871, 0, 75.61
2026/09/26 00:16:59.859, 2, 0, 97871, 0, 75.04
2026/09/26 00:16:59.859, 3, 0, 97871, 0, 76.15
2026/09/26 00:17:00.059, 0, 0, 97871, 0, 73.60
2026/09/26 00:17:00.060, 1, 0, 97871, 0, 75.60
2026/09/26 00:17:00.060, 2, 0, 97871, 0, 75.06
2026/09/26 00:17:00.060, 3, 0, 97871, 0, 76.14
2026/09/26 00:17:00.261, 0, 0, 97871, 0, 73.60
2026/09/26 00:17:00.261, 1, 0, 97871, 0, 75.59
2026/09/26 00:17:00.261, 2, 0, 97871, 0, 75.04
2026/09/26 00:17:00.261, 3, 0, 97871, 0, 76.11
2026/09/26 00:17:00.461, 0, 0, 97871, 0, 73.60
2026/09/26 00:17:00.461, 1, 0, 97871, 0, 75.59
2026/09/26 00:17:00.461, 2, 0, 97871, 0, 75.00
2026/09/26 00:17:00.461, 3, 0, 97871, 0, 76.10
2026/09/26 00:17:00.661, 0, 0, 97871, 0, 73.57
2026/09/26 00:17:00.661, 1, 0, 97871, 0, 75.57
2026/09/26 00:17:00.661, 2, 0, 97871, 0, 75.05
2026/09/26 00:17:00.662, 3, 0, 97871, 0, 76.07
2026/09/26 00:17:00.862, 0, 0, 97871, 0, 73.58
2026/09/26 00:17:00.862, 1, 0, 97871, 0, 75.61
2026/09/26 00:17:00.862, 2, 0, 97871, 0, 75.04
2026/09/26 00:17:00.862, 3, 0, 97871, 0, 76.06
2026/09/26 00:17:01.062, 0, 0, 97871, 0, 73.56
2026/09/26 00:17:01.062, 1, 0, 97871, 0, 75.60
2026/09/26 00:17:01.062, 2, 0, 97871, 0, 74.97
2026/09/26 00:17:01.062, 3, 0, 97871, 0, 76.05
2026/09/26 00:17:01.262, 0, 0, 97871, 0, 73.56
2026/09/26 00:17:01.262, 1, 0, 97871, 0, 75.60
2026/09/26 00:17:01.263, 2, 0, 97871, 0, 74.99
2026/09/26 00:17:01.263, 3, 0, 97871, 0, 76.05
2026/09/26 00:17:01.463, 0, 0, 97871, 0, 73.56
2026/09/26 00:17:01.463, 1, 0, 97871, 0, 75.59
2026/09/26 00:17:01.463, 2, 0, 97871, 0, 74.99
2026/09/26 00:17:01.463, 3, 0, 97871, 0, 76.03
2026/09/26 00:17:01.663, 0, 0, 97871, 0, 73.56
2026/09/26 00:17:01.663, 1, 0, 97871, 0, 75.59
2026/09/26 00:17:01.663, 2, 0, 97871, 0, 74.98
2026/09/26 00:17:01.663, 3, 0, 97871, 0, 76.06
2026/09/26 00:17:01.863, 0, 0, 97871, 0, 73.58
2026/09/26 00:17:01.863, 1, 0, 97871, 0, 75.56
2026/09/26 00:17:01.863, 2, 0, 97871, 0, 74.92
2026/09/26 00:17:01.863, 3, 0, 97871, 0, 76.06
2026/09/26 00:17:02.063, 0, 0, 97871, 0, 73.56
2026/09/26 00:17:02.063, 1, 0, 97871, 0, 75.56
2026/09/26 00:17:02.063, 2, 0, 97871, 0, 74.94
2026/09/26 00:17:02.063, 3, 0, 97871, 0, 76.04
2026/09/26 00:17:02.263, 0, 0, 97871, 0, 73.57
2026/09/26 00:17:02.263, 1, 0, 97871, 0, 75.54
2026/09/26 00:17:02.263, 2, 0, 97871, 0, 74.94
2026/09/26 00:17:02.263, 3, 0, 97871, 0, 76.04
2026/09/26 00:17:02.463, 0, 0, 97871, 0, 73.57
2026/09/26 00:17:02.463, 1, 0, 97871, 0, 75.53
2026/09/26 00:17:02.463, 2, 0, 97871, 0, 74.91
2026/09/26 00:17:02.463, 3, 0, 97871, 0, 76.04
2026/09/26 00:17:02.664, 0, 0, 97871, 0, 73.58
2026/09/26 00:17:02.664, 1, 0, 97871, 0, 75.52
2026/09/26 00:17:02.664, 2, 0, 97871, 0, 74.88
2026/09/26 00:17:02.664, 3, 0, 97871, 0, 76.04
2026/09/26 00:17:02.864, 0, 0, 97871, 0, 73.58
2026/09/26 00:17:02.864, 1, 0, 97871, 0, 75.52
2026/09/26 00:17:02.864, 2, 0, 97871, 0, 74.90
2026/09/26 00:17:02.864, 3, 0, 97871, 0, 76.05
2026/09/26 00:17:03.064, 0, 0, 97871, 0, 73.58
2026/09/26 00:17:03.064, 1, 0, 97871, 0, 75.52
2026/09/26 00:17:03.064, 2, 0, 97871, 0, 74.93
2026/09/26 00:17:03.064, 3, 0, 97871, 0, 76.05
2026/09/26 00:17:03.264, 0, 0, 97871, 0, 73.60
2026/09/26 00:17:03.264, 1, 0, 97871, 0, 75.52
2026/09/26 00:17:03.264, 2, 0, 97871, 0, 74.90
2026/09/26 00:17:03.264, 3, 0, 97871, 0, 76.04
2026/09/26 00:17:03.464, 0, 0, 97871, 0, 73.56
2026/09/26 00:17:03.464, 1, 0, 97871, 0, 75.52
2026/09/26 00:17:03.464, 2, 0, 97871, 0, 74.90
2026/09/26 00:17:03.464, 3, 0, 97871, 0, 76.01
2026/09/26 00:17:03.664, 0, 0, 97871, 0, 73.57
2026/09/26 00:17:03.664, 1, 0, 97871, 0, 75.54
2026/09/26 00:17:03.664, 2, 0, 97871, 0, 74.91
2026/09/26 00:17:03.664, 3, 0, 97871, 0, 75.99
2026/09/26 00:17:03.865, 0, 0, 97871, 0, 73.55
2026/09/26 00:17:03.865, 1, 0, 97871, 0, 75.54
2026/09/26 00:17:03.865, 2, 0, 97871, 0, 74.94
2026/09/26 00:17:03.865, 3, 0, 97871, 0, 75.99
2026/09/26 00:17:04.065, 0, 1, 97871, 0, 73.56
2026/09/26 00:17:04.065, 1, 1, 97871, 0, 75.53
2026/09/26 00:17:04.067, 2, 1, 97871, 0, 74.88
2026/09/26 00:17:04.068, 3, 0, 97871, 0, 75.98
2026/09/26 00:17:04.268, 0, 1, 97871, 0, 73.55
2026/09/26 00:17:04.314, 1, 1, 97871, 0, 75.53
2026/09/26 00:17:04.314, 2, 1, 97871, 0, 74.91
2026/09/26 00:17:04.338, 3, 1, 97871, 0, 76.00
2026/09/26 00:17:04.562, 0, 4, 97871, 0, 73.56
2026/09/26 00:17:04.585, 1, 1, 97871, 0, 75.51
2026/09/26 00:17:04.585, 2, 1, 97871, 0, 74.90
2026/09/26 00:17:04.585, 3, 1, 97871, 0, 76.01
2026/09/26 00:17:04.785, 0, 4, 97871, 0, 73.57
2026/09/26 00:17:04.795, 1, 4, 97871, 0, 75.52
2026/09/26 00:17:04.795, 2, 1, 97871, 0, 74.95
2026/09/26 00:17:04.795, 3, 1, 97871, 0, 76.00
2026/09/26 00:17:04.995, 0, 4, 97871, 0, 73.58
2026/09/26 00:17:05.035, 1, 4, 97871, 0, 75.50
2026/09/26 00:17:05.035, 2, 4, 97871, 0, 74.97
2026/09/26 00:17:05.035, 3, 1, 97871, 0, 76.00
2026/09/26 00:17:05.235, 0, 4, 97871, 0, 73.58
2026/09/26 00:17:05.237, 1, 4, 97871, 0, 75.47
2026/09/26 00:17:05.237, 2, 4, 97871, 0, 74.92
2026/09/26 00:17:05.237, 3, 4, 97871, 0, 76.00
2026/09/26 00:17:05.439, 0, 4, 97871, 0, 73.54
2026/09/26 00:17:05.439, 1, 4, 97871, 0, 75.47
2026/09/26 00:17:05.439, 2, 4, 97871, 0, 74.96
2026/09/26 00:17:05.439, 3, 4, 97871, 0, 75.99
2026/09/26 00:17:05.639, 0, 4, 97871, 0, 73.50
2026/09/26 00:17:05.639, 1, 4, 97871, 0, 75.45
2026/09/26 00:17:05.639, 2, 4, 97871, 0, 74.97
2026/09/26 00:17:05.639, 3, 4, 97871, 0, 75.99
2026/09/26 00:17:05.839, 0, 20, 97871, 0, 73.50
2026/09/26 00:17:05.840, 1, 20, 97871, 0, 75.42
2026/09/26 00:17:05.842, 2, 21, 97871, 0, 76.65
2026/09/26 00:17:05.843, 3, 21, 97871, 0, 76.10
2026/09/26 00:17:06.043, 0, 21, 97871, 0, 82.03
2026/09/26 00:17:06.045, 1, 21, 97871, 0, 83.82
2026/09/26 00:17:06.046, 2, 21, 97871, 0, 85.72
2026/09/26 00:17:06.049, 3, 21, 97871, 0, 85.56
2026/09/26 00:17:06.252, 0, 385, 97871, 0, 91.02
2026/09/26 00:17:06.252, 1, 385, 97871, 0, 93.75
2026/09/26 00:17:06.252, 2, 385, 97871, 0, 94.69
2026/09/26 00:17:06.252, 3, 385, 97871, 0, 95.13
2026/09/26 00:17:06.452, 0, 385, 97871, 2, 99.11
2026/09/26 00:17:06.452, 1, 385, 97871, 1, 103.24
2026/09/26 00:17:06.452, 2, 385, 97871, 1, 103.36
2026/09/26 00:17:06.452, 3, 385, 97871, 0, 103.79
2026/09/26 00:17:06.652, 0, 385, 97871, 0, 107.52
2026/09/26 00:17:06.652, 1, 385, 97871, 0, 112.72
2026/09/26 00:17:06.653, 2, 385, 97871, 0, 112.03
2026/09/26 00:17:06.653, 3, 385, 97871, 0, 112.83
2026/09/26 00:17:06.853, 0, 385, 97871, 0, 115.96
2026/09/26 00:17:06.853, 1, 385, 97871, 0, 122.17
2026/09/26 00:17:06.853, 2, 385, 97871, 0, 118.90
2026/09/26 00:17:06.853, 3, 385, 97871, 0, 121.89
2026/09/26 00:17:07.053, 0, 385, 97871, 0, 116.83
2026/09/26 00:17:07.053, 1, 385, 97871, 0, 124.09
2026/09/26 00:17:07.053, 2, 387, 97871, 0, 118.57
2026/09/26 00:17:07.053, 3, 387, 97871, 0, 122.51
2026/09/26 00:17:07.253, 0, 485, 97871, 0, 116.46
2026/09/26 00:17:07.253, 1, 485, 97871, 0, 123.55
2026/09/26 00:17:07.253, 2, 485, 97871, 0, 118.24
2026/09/26 00:17:07.253, 3, 485, 97871, 1, 122.10
2026/09/26 00:17:07.453, 0, 727, 97871, 5, 116.45
2026/09/26 00:17:07.453, 1, 727, 97871, 4, 123.43
2026/09/26 00:17:07.453, 2, 727, 97871, 3, 118.21
2026/09/26 00:17:07.453, 3, 727, 97871, 0, 122.18
2026/09/26 00:17:07.653, 0, 1019, 97871, 0, 116.49
2026/09/26 00:17:07.655, 1, 1019, 97871, 0, 123.32
2026/09/26 00:17:07.656, 2, 1019, 97871, 0, 118.19
2026/09/26 00:17:07.656, 3, 1019, 97871, 0, 122.24
2026/09/26 00:17:07.857, 0, 1163, 97871, 1, 116.53
2026/09/26 00:17:07.859, 1, 1163, 97871, 1, 123.26
2026/09/26 00:17:07.859, 2, 1163, 97871, 1, 118.25
2026/09/26 00:17:07.859, 3, 1163, 97871, 0, 122.26
2026/09/26 00:17:08.059, 0, 1201, 97871, 0, 116.71
2026/09/26 00:17:08.059, 1, 1201, 97871, 0, 123.61
2026/09/26 00:17:08.059, 2, 1201, 97871, 0, 118.64
2026/09/26 00:17:08.059, 3, 1201, 97871, 0, 122.67
2026/09/26 00:17:08.259, 0, 1443, 97871, 0, 116.72
2026/09/26 00:17:08.259, 1, 1443, 97871, 0, 123.64
2026/09/26 00:17:08.259, 2, 1443, 97871, 0, 118.62
2026/09/26 00:17:08.259, 3, 1443, 97871, 0, 122.68
2026/09/26 00:17:08.460, 0, 1735, 97871, 1, 116.74
2026/09/26 00:17:08.460, 1, 1735, 97871, 1, 123.65
2026/09/26 00:17:08.460, 2, 1735, 97871, 0, 118.78
2026/09/26 00:17:08.460, 3, 1735, 97871, 1, 122.63
2026/09/26 00:17:08.661, 0, 1735, 97871, 1, 116.79
2026/09/26 00:17:08.661, 1, 1735, 97871, 0, 123.74
2026/09/26 00:17:08.661, 2, 1735, 97871, 0, 118.80
2026/09/26 00:17:08.661, 3, 1735, 97871, 0, 122.76
2026/09/26 00:17:08.861, 0, 1735, 97871, 0, 116.99
2026/09/26 00:17:08.861, 1, 1735, 97871, 0, 123.95
2026/09/26 00:17:08.861, 2, 1735, 97871, 0, 119.11
2026/09/26 00:17:08.861, 3, 1735, 97871, 0, 122.77
2026/09/26 00:17:09.061, 0, 1805, 97871, 0, 116.82
2026/09/26 00:17:09.061, 1, 1805, 97871, 0, 123.63
2026/09/26 00:17:09.061, 2, 1805, 97871, 0, 118.71
2026/09/26 00:17:09.061, 3, 1805, 97871, 0, 122.42
2026/09/26 00:17:09.261, 0, 1807, 97871, 0, 116.83
2026/09/26 00:17:09.261, 1, 1807, 97871, 0, 123.60
2026/09/26 00:17:09.261, 2, 1807, 97871, 0, 118.66
2026/09/26 00:17:09.261, 3, 1807, 97871, 0, 122.36
2026/09/26 00:17:09.461, 0, 2831, 97871, 0, 116.93
2026/09/26 00:17:09.461, 1, 2831, 97871, 3, 123.76
2026/09/26 00:17:09.461, 2, 2831, 97871, 3, 118.57
2026/09/26 00:17:09.462, 3, 2831, 97871, 0, 122.54
2026/09/26 00:17:09.662, 0, 3001, 97871, 0, 116.93
2026/09/26 00:17:09.662, 1, 3001, 97871, 0, 123.70
2026/09/26 00:17:09.662, 2, 3001, 97871, 0, 118.56
2026/09/26 00:17:09.662, 3, 3001, 97871, 0, 122.32
2026/09/26 00:17:09.862, 0, 4281, 97871, 0, 116.95
2026/09/26 00:17:09.862, 1, 4283, 97871, 0, 124.48
2026/09/26 00:17:09.862, 2, 4763, 97871, 3, 118.51
2026/09/26 00:17:09.862, 3, 4281, 97871, 3, 123.17
2026/09/26 00:17:10.062, 0, 15179, 97871, 0, 116.93
2026/09/26 00:17:10.062, 1, 16371, 97871, 0, 124.48
2026/09/26 00:17:10.062, 2, 17277, 97871, 7, 118.47
2026/09/26 00:17:10.062, 3, 14889, 97871, 10, 123.18
2026/09/26 00:17:10.262, 0, 17717, 97871, 10, 116.93
2026/09/26 00:17:10.262, 1, 17717, 97871, 11, 124.48
2026/09/26 00:17:10.262, 2, 17717, 97871, 7, 118.53
2026/09/26 00:17:10.262, 3, 17717, 97871, 4, 123.23
2026/09/26 00:17:10.462, 0, 17717, 97871, 2, 116.81
2026/09/26 00:17:10.462, 1, 17717, 97871, 2, 124.31
2026/09/26 00:17:10.462, 2, 17717, 97871, 1, 118.51
2026/09/26 00:17:10.462, 3, 17717, 97871, 1, 123.02
2026/09/26 00:17:10.662, 0, 17717, 97871, 1, 116.79
2026/09/26 00:17:10.663, 1, 17717, 97871, 0, 124.32
2026/09/26 00:17:10.663, 2, 17717, 97871, 1, 118.51
2026/09/26 00:17:10.663, 3, 17717, 97871, 1, 122.96
2026/09/26 00:17:10.863, 0, 17717, 97871, 1, 116.50
2026/09/26 00:17:10.863, 1, 17717, 97871, 1, 123.28
2026/09/26 00:17:10.863, 2, 17717, 97871, 2, 118.22
2026/09/26 00:17:10.863, 3, 17717, 97871, 2, 122.06
2026/09/26 00:17:11.063, 0, 17717, 97871, 2, 116.52
2026/09/26 00:17:11.063, 1, 17717, 97871, 2, 123.24
2026/09/26 00:17:11.063, 2, 17717, 97871, 2, 118.25
2026/09/26 00:17:11.063, 3, 17717, 97871, 2, 122.04
2026/09/26 00:17:11.263, 0, 17717, 97871, 2, 116.49
2026/09/26 00:17:11.263, 1, 17717, 97871, 2, 123.21
2026/09/26 00:17:11.263, 2, 17717, 97871, 2, 118.24
2026/09/26 00:17:11.263, 3, 17717, 97871, 1, 122.02
2026/09/26 00:17:11.463, 0, 17717, 97871, 2, 116.49
2026/09/26 00:17:11.463, 1, 17717, 97871, 1, 123.21
2026/09/26 00:17:11.463, 2, 17717, 97871, 1, 118.21
2026/09/26 00:17:11.463, 3, 17717, 97871, 1, 122.00
2026/09/26 00:17:11.663, 0, 17717, 97871, 1, 116.45
2026/09/26 00:17:11.663, 1, 17717, 97871, 0, 123.18
2026/09/26 00:17:11.663, 2, 17717, 97871, 1, 118.19
2026/09/26 00:17:11.663, 3, 17717, 97871, 1, 121.99
2026/09/26 00:17:11.863, 0, 17717, 97871, 1, 116.47
2026/09/26 00:17:11.863, 1, 17717, 97871, 2, 123.19
2026/09/26 00:17:11.863, 2, 17717, 97871, 2, 118.22
2026/09/26 00:17:11.863, 3, 17717, 97871, 2, 121.98
2026/09/26 00:17:12.064, 0, 17717, 97871, 2, 116.48
2026/09/26 00:17:12.064, 1, 17717, 97871, 2, 123.19
2026/09/26 00:17:12.064, 2, 17717, 97871, 2, 118.21
2026/09/26 00:17:12.064, 3, 17717, 97871, 2, 121.95
2026/09/26 00:17:12.264, 0, 17717, 97871, 2, 116.45
2026/09/26 00:17:12.264, 1, 17717, 97871, 2, 123.17
2026/09/26 00:17:12.264, 2, 17717, 97871, 2, 118.17
2026/09/26 00:17:12.264, 3, 17717, 97871, 1, 121.93
2026/09/26 00:17:12.464, 0, 17717, 97871, 1, 116.46
2026/09/26 00:17:12.464, 1, 17717, 97871, 2, 123.17
2026/09/26 00:17:12.464, 2, 17717, 97871, 2, 118.17
2026/09/26 00:17:12.464, 3, 17717, 97871, 1, 121.92
2026/09/26 00:17:12.664, 0, 17717, 97871, 2, 116.44
2026/09/26 00:17:12.664, 1, 17717, 97871, 2, 123.16
2026/09/26 00:17:12.664, 2, 17717, 97871, 1, 118.19
2026/09/26 00:17:12.664, 3, 17717, 97871, 1, 121.90
2026/09/26 00:17:12.864, 0, 17717, 97871, 2, 116.44
2026/09/26 00:17:12.864, 1, 17717, 97871, 1, 123.15
2026/09/26 00:17:12.864, 2, 17717, 97871, 1, 118.19
2026/09/26 00:17:12.864, 3, 17717, 97871, 2, 121.90
2026/09/26 00:17:13.064, 0, 17717, 97871, 2, 116.44
2026/09/26 00:17:13.064, 1, 17717, 97871, 1, 123.15
2026/09/26 00:17:13.064, 2, 17717, 97871, 1, 118.13
2026/09/26 00:17:13.064, 3, 17717, 97871, 2, 121.88
2026/09/26 00:17:13.264, 0, 17717, 97871, 0, 116.45
2026/09/26 00:17:13.265, 1, 17717, 97871, 1, 123.16
2026/09/26 00:17:13.265, 2, 17717, 97871, 2, 118.12
2026/09/26 00:17:13.265, 3, 17717, 97871, 2, 121.87
2026/09/26 00:17:13.465, 0, 17717, 97871, 1, 116.46
2026/09/26 00:17:13.465, 1, 17717, 97871, 2, 123.14
2026/09/26 00:17:13.465, 2, 17717, 97871, 2, 118.15
2026/09/26 00:17:13.465, 3, 17717, 97871, 1, 121.89
2026/09/26 00:17:13.665, 0, 17717, 97871, 2, 116.44
2026/09/26 00:17:13.665, 1, 17717, 97871, 2, 123.12
2026/09/26 00:17:13.665, 2, 17717, 97871, 2, 118.14
2026/09/26 00:17:13.665, 3, 17717, 97871, 1, 121.89
2026/09/26 00:17:13.865, 0, 17717, 97871, 2, 116.45
2026/09/26 00:17:13.865, 1, 17717, 97871, 2, 123.11
2026/09/26 00:17:13.865, 2, 17717, 97871, 2, 118.08
2026/09/26 00:17:13.865, 3, 17717, 97871, 1, 121.91
2026/09/26 00:17:14.065, 0, 17717, 97871, 2, 116.42
2026/09/26 00:17:14.065, 1, 17717, 97871, 1, 123.10
2026/09/26 00:17:14.065, 2, 17717, 97871, 0, 118.10
2026/09/26 00:17:14.065, 3, 17717, 97871, 1, 121.89
2026/09/26 00:17:14.265, 0, 17717, 97871, 1, 116.43
2026/09/26 00:17:14.265, 1, 17717, 97871, 0, 123.10
2026/09/26 00:17:14.265, 2, 17717, 97871, 0, 118.12
2026/09/26 00:17:14.265, 3, 17717, 97871, 2, 121.91
2026/09/26 00:17:14.465, 0, 17717, 97871, 1, 116.41
2026/09/26 00:17:14.465, 1, 17717, 97871, 1, 123.08
2026/09/26 00:17:14.466, 2, 17717, 97871, 0, 118.11
2026/09/26 00:17:14.466, 3, 17717, 97871, 0, 121.87
2026/09/26 00:17:14.666, 0, 17717, 97871, 2, 116.43
2026/09/26 00:17:14.666, 1, 17717, 97871, 1, 123.12
2026/09/26 00:17:14.666, 2, 17717, 97871, 1, 118.08
2026/09/26 00:17:14.666, 3, 17717, 97871, 0, 121.89
2026/09/26 00:17:14.866, 0, 17717, 97871, 1, 116.46
2026/09/26 00:17:14.866, 1, 17717, 97871, 1, 123.12
2026/09/26 00:17:14.866, 2, 17717, 97871, 1, 118.10
2026/09/26 00:17:14.866, 3, 17717, 97871, 1, 121.86
2026/09/26 00:17:15.066, 0, 17717, 97871, 1, 116.43
2026/09/26 00:17:15.066, 1, 17717, 97871, 1, 123.15
2026/09/26 00:17:15.066, 2, 17717, 97871, 1, 118.14
2026/09/26 00:17:15.066, 3, 17717, 97871, 2, 121.88
2026/09/26 00:17:15.266, 0, 17717, 97871, 1, 116.44
2026/09/26 00:17:15.266, 1, 17717, 97871, 1, 123.15
2026/09/26 00:17:15.266, 2, 17717, 97871, 2, 118.14
2026/09/26 00:17:15.266, 3, 17717, 97871, 2, 121.88
2026/09/26 00:17:15.466, 0, 17717, 97871, 1, 116.46
2026/09/26 00:17:15.466, 1, 17717, 97871, 2, 123.15
2026/09/26 00:17:15.466, 2, 17717, 97871, 2, 118.13
2026/09/26 00:17:15.466, 3, 17717, 97871, 2, 121.89
2026/09/26 00:17:15.666, 0, 17717, 97871, 2, 116.47
2026/09/26 00:17:15.666, 1, 17717, 97871, 2, 123.12
2026/09/26 00:17:15.666, 2, 17717, 97871, 2, 118.16
2026/09/26 00:17:15.666, 3, 17717, 97871, 0, 121.88
2026/09/26 00:17:15.867, 0, 17717, 97871, 1, 116.45
2026/09/26 00:17:15.867, 1, 17717, 97871, 1, 123.10
2026/09/26 00:17:15.867, 2, 17717, 97871, 1, 118.18
2026/09/26 00:17:15.867, 3, 17717, 97871, 1, 121.88
2026/09/26 00:17:16.067, 0, 17717, 97871, 1, 116.46
2026/09/26 00:17:16.067, 1, 17717, 97871, 1, 123.10
2026/09/26 00:17:16.067, 2, 17717, 97871, 1, 118.13
2026/09/26 00:17:16.067, 3, 17717, 97871, 2, 121.86
2026/09/26 00:17:16.267, 0, 17717, 97871, 1, 116.45
2026/09/26 00:17:16.267, 1, 17717, 97871, 1, 123.07
2026/09/26 00:17:16.267, 2, 17717, 97871, 1, 118.11
2026/09/26 00:17:16.267, 3, 17717, 97871, 2, 121.86
2026/09/26 00:17:16.467, 0, 17717, 97871, 1, 116.41
2026/09/26 00:17:16.467, 1, 17717, 97871, 1, 123.04
2026/09/26 00:17:16.467, 2, 17717, 97871, 2, 118.12
2026/09/26 00:17:16.467, 3, 17717, 97871, 3, 121.83
2026/09/26 00:17:16.667, 0, 17717, 97871, 1, 116.40
2026/09/26 00:17:16.667, 1, 17717, 97871, 0, 123.04
2026/09/26 00:17:16.667, 2, 17717, 97871, 0, 118.13
2026/09/26 00:17:16.667, 3, 17717, 97871, 2, 121.82
2026/09/26 00:17:16.867, 0, 17717, 97871, 1, 116.38
2026/09/26 00:17:16.867, 1, 17717, 97871, 1, 123.04
2026/09/26 00:17:16.867, 2, 17717, 97871, 1, 118.06
2026/09/26 00:17:16.867, 3, 17717, 97871, 2, 121.81
2026/09/26 00:17:17.067, 0, 17717, 97871, 1, 116.36
2026/09/26 00:17:17.067, 1, 17717, 97871, 1, 123.04
2026/09/26 00:17:17.067, 2, 17717, 97871, 2, 118.08
2026/09/26 00:17:17.068, 3, 17717, 97871, 2, 121.81
2026/09/26 00:17:17.268, 0, 17717, 97871, 2, 116.34
2026/09/26 00:17:17.268, 1, 17717, 97871, 2, 123.04
2026/09/26 00:17:17.268, 2, 17717, 97871, 2, 118.08
2026/09/26 00:17:17.268, 3, 17717, 97871, 1, 121.80
2026/09/26 00:17:17.468, 0, 17717, 97871, 2, 116.34
2026/09/26 00:17:17.468, 1, 17717, 97871, 2, 123.05
2026/09/26 00:17:17.468, 2, 17717, 97871, 2, 118.12
2026/09/26 00:17:17.468, 3, 17717, 97871, 1, 121.81
2026/09/26 00:17:17.668, 0, 17717, 97871, 2, 116.36
2026/09/26 00:17:17.668, 1, 17717, 97871, 2, 123.04
2026/09/26 00:17:17.668, 2, 17717, 97871, 1, 118.07
2026/09/26 00:17:17.668, 3, 17717, 97871, 1, 121.80
2026/09/26 00:17:17.868, 0, 17717, 97871, 1, 116.32
2026/09/26 00:17:17.868, 1, 17717, 97871, 1, 123.01
2026/09/26 00:17:17.868, 2, 17717, 97871, 0, 118.10
2026/09/26 00:17:17.868, 3, 17717, 97871, 1, 121.77
2026/09/26 00:17:18.068, 0, 17717, 97871, 0, 116.36
2026/09/26 00:17:18.068, 1, 17717, 97871, 0, 123.00
2026/09/26 00:17:18.068, 2, 17717, 97871, 1, 118.09
2026/09/26 00:17:18.068, 3, 17717, 97871, 2, 121.80
2026/09/26 00:17:18.268, 0, 17717, 97871, 1, 116.33
2026/09/26 00:17:18.268, 1, 17717, 97871, 2, 123.00
2026/09/26 00:17:18.268, 2, 17717, 97871, 2, 118.11
2026/09/26 00:17:18.268, 3, 17717, 97871, 2, 121.78
2026/09/26 00:17:18.469, 0, 17717, 97871, 2, 116.34
2026/09/26 00:17:18.469, 1, 17717, 97871, 2, 123.00
2026/09/26 00:17:18.469, 2, 17717, 97871, 2, 118.03
2026/09/26 00:17:18.469, 3, 17717, 97871, 2, 121.78
2026/09/26 00:17:18.669, 0, 17717, 97871, 2, 116.32
2026/09/26 00:17:18.669, 1, 17717, 97871, 2, 122.97
2026/09/26 00:17:18.669, 2, 17717, 97871, 2, 118.08
2026/09/26 00:17:18.669, 3, 17717, 97871, 2, 121.75
2026/09/26 00:17:18.869, 0, 17717, 97871, 1, 116.32
2026/09/26 00:17:18.869, 1, 17717, 97871, 1, 122.99
2026/09/26 00:17:18.869, 2, 17717, 97871, 2, 118.09
2026/09/26 00:17:18.869, 3, 17717, 97871, 1, 121.77
2026/09/26 00:17:19.069, 0, 17717, 97871, 2, 116.32
2026/09/26 00:17:19.069, 1, 17717, 97871, 2, 122.98
2026/09/26 00:17:19.069, 2, 17717, 97871, 2, 118.09
2026/09/26 00:17:19.069, 3, 17717, 97871, 1, 121.71
2026/09/26 00:17:19.269, 0, 17717, 97871, 2, 116.30
2026/09/26 00:17:19.269, 1, 17717, 97871, 2, 123.00
2026/09/26 00:17:19.269, 2, 17717, 97871, 2, 118.06
2026/09/26 00:17:19.269, 3, 17717, 97871, 1, 121.70
2026/09/26 00:17:19.469, 0, 17717, 97871, 2, 116.34
2026/09/26 00:17:19.469, 1, 17717, 97871, 1, 123.00
2026/09/26 00:17:19.469, 2, 17717, 97871, 1, 118.10
2026/09/26 00:17:19.469, 3, 17717, 97871, 1, 121.67
2026/09/26 00:17:19.669, 0, 17717, 97871, 0, 116.31
2026/09/26 00:17:19.669, 1, 17717, 97871, 0, 122.99
2026/09/26 00:17:19.669, 2, 17717, 97871, 0, 118.08
2026/09/26 00:17:19.670, 3, 17717, 97871, 1, 121.68
2026/09/26 00:17:19.870, 0, 17717, 97871, 1, 116.33
2026/09/26 00:17:19.870, 1, 17717, 97871, 1, 122.97
2026/09/26 00:17:19.870, 2, 17717, 97871, 1, 118.03
2026/09/26 00:17:19.870, 3, 17717, 97871, 2, 121.67
2026/09/26 00:17:20.070, 0, 17717, 97871, 2, 116.34
2026/09/26 00:17:20.070, 1, 17717, 97871, 2, 122.99
2026/09/26 00:17:20.070, 2, 17717, 97871, 2, 117.99
2026/09/26 00:17:20.070, 3, 17717, 97871, 2, 121.68
2026/09/26 00:17:20.270, 0, 17717, 97871, 2, 116.34
2026/09/26 00:17:20.270, 1, 17717, 97871, 2, 122.95
2026/09/26 00:17:20.270, 2, 17717, 97871, 2, 118.01
2026/09/26 00:17:20.270, 3, 17717, 97871, 2, 121.67
2026/09/26 00:17:20.470, 0, 17717, 97871, 2, 116.34
2026/09/26 00:17:20.470, 1, 17717, 97871, 2, 122.98
2026/09/26 00:17:20.470, 2, 17717, 97871, 1, 118.03
2026/09/26 00:17:20.470, 3, 17717, 97871, 0, 121.65
2026/09/26 00:17:20.670, 0, 17717, 97871, 1, 116.32
2026/09/26 00:17:20.670, 1, 17717, 97871, 1, 122.98
2026/09/26 00:17:20.670, 2, 17717, 97871, 1, 118.00
2026/09/26 00:17:20.670, 3, 17717, 97871, 1, 121.66
2026/09/26 00:17:20.870, 0, 17717, 97871, 1, 116.34
2026/09/26 00:17:20.870, 1, 17717, 97871, 1, 122.98
2026/09/26 00:17:20.870, 2, 17717, 97871, 1, 118.01
2026/09/26 00:17:20.870, 3, 17717, 97871, 0, 121.63
2026/09/26 00:17:21.070, 0, 17717, 97871, 2, 116.32
2026/09/26 00:17:21.071, 1, 17717, 97871, 2, 122.97
2026/09/26 00:17:21.071, 2, 17717, 97871, 1, 118.05
2026/09/26 00:17:21.071, 3, 17717, 97871, 1, 121.62
2026/09/26 00:17:21.271, 0, 17717, 97871, 1, 116.33
2026/09/26 00:17:21.271, 1, 17717, 97871, 1, 122.97
2026/09/26 00:17:21.271, 2, 17717, 97871, 1, 118.07
2026/09/26 00:17:21.271, 3, 17717, 97871, 1, 121.62
2026/09/26 00:17:21.471, 0, 17717, 97871, 1, 116.33
2026/09/26 00:17:21.472, 1, 17717, 97871, 1, 122.93
2026/09/26 00:17:21.472, 2, 17717, 97871, 1, 118.01
2026/09/26 00:17:21.472, 3, 17717, 97871, 2, 121.64
2026/09/26 00:17:21.672, 0, 17717, 97871, 1, 116.32
2026/09/26 00:17:21.672, 1, 17717, 97871, 1, 122.94
2026/09/26 00:17:21.672, 2, 17717, 97871, 2, 118.04
2026/09/26 00:17:21.672, 3, 17717, 97871, 2, 121.65
2026/09/26 00:17:21.872, 0, 17717, 97871, 2, 116.34
2026/09/26 00:17:21.872, 1, 17717, 97871, 2, 122.95
2026/09/26 00:17:21.872, 2, 17717, 97871, 2, 118.05
2026/09/26 00:17:21.872, 3, 17717, 97871, 1, 121.65
2026/09/26 00:17:22.072, 0, 17717, 97871, 2, 116.30
2026/09/26 00:17:22.073, 1, 17717, 97871, 2, 122.95
2026/09/26 00:17:22.073, 2, 17717, 97871, 1, 118.06
2026/09/26 00:17:22.073, 3, 17717, 97871, 1, 121.65
2026/09/26 00:17:22.273, 0, 17717, 97871, 1, 116.32
2026/09/26 00:17:22.273, 1, 17717, 97871, 1, 122.93
2026/09/26 00:17:22.273, 2, 17717, 97871, 1, 117.99
2026/09/26 00:17:22.273, 3, 17717, 97871, 2, 121.64
2026/09/26 00:17:22.473, 0, 17717, 97871, 1, 116.31
2026/09/26 00:17:22.473, 1, 17717, 97871, 1, 122.93
2026/09/26 00:17:22.473, 2, 17717, 97871, 1, 118.03
2026/09/26 00:17:22.473, 3, 17717, 97871, 2, 121.65
2026/09/26 00:17:22.673, 0, 17717, 97871, 1, 116.33
2026/09/26 00:17:22.674, 1, 17717, 97871, 1, 122.89
2026/09/26 00:17:22.674, 2, 17717, 97871, 2, 118.02
2026/09/26 00:17:22.674, 3, 17717, 97871, 1, 121.63
2026/09/26 00:17:22.874, 0, 17717, 97871, 2, 116.32
2026/09/26 00:17:22.874, 1, 17717, 97871, 1, 122.90
2026/09/26 00:17:22.874, 2, 17717, 97871, 2, 118.05
2026/09/26 00:17:22.874, 3, 17717, 97871, 4, 121.64
2026/09/26 00:17:23.074, 0, 17717, 97871, 4, 116.36
2026/09/26 00:17:23.074, 1, 17717, 97871, 4, 122.94
2026/09/26 00:17:23.074, 2, 17717, 97871, 3, 118.01
2026/09/26 00:17:23.074, 3, 17717, 97871, 1, 121.62
2026/09/26 00:17:23.275, 0, 17717, 97871, 1, 116.37
2026/09/26 00:17:23.275, 1, 17717, 97871, 1, 122.95
2026/09/26 00:17:23.275, 2, 17717, 97871, 2, 118.05
2026/09/26 00:17:23.275, 3, 17717, 97871, 1, 121.65
2026/09/26 00:17:23.475, 0, 17717, 97871, 1, 116.32
2026/09/26 00:17:23.475, 1, 17717, 97871, 2, 122.91
2026/09/26 00:17:23.475, 2, 17717, 97871, 2, 118.07
2026/09/26 00:17:23.475, 3, 17717, 97871, 1, 121.62
2026/09/26 00:17:23.675, 0, 17717, 97871, 2, 116.33
2026/09/26 00:17:23.675, 1, 17717, 97871, 2, 122.94
2026/09/26 00:17:23.675, 2, 17717, 97871, 2, 118.08
2026/09/26 00:17:23.676, 3, 17717, 97871, 1, 121.63
2026/09/26 00:17:23.876, 0, 17717, 97871, 1, 116.31
2026/09/26 00:17:23.876, 1, 17717, 97871, 1, 122.89
2026/09/26 00:17:23.876, 2, 17717, 97871, 1, 118.05
2026/09/26 00:17:23.876, 3, 17717, 97871, 2, 121.62
2026/09/26 00:17:24.076, 0, 17717, 97871, 1, 116.27
2026/09/26 00:17:24.076, 1, 17717, 97871, 1, 122.86
2026/09/26 00:17:24.076, 2, 17717, 97871, 1, 118.06
2026/09/26 00:17:24.076, 3, 17717, 97871, 2, 121.65
2026/09/26 00:17:24.276, 0, 17717, 97871, 1, 116.26
2026/09/26 00:17:24.277, 1, 17717, 97871, 1, 122.85
2026/09/26 00:17:24.277, 2, 17717, 97871, 1, 118.07
2026/09/26 00:17:24.277, 3, 17717, 97871, 1, 121.61
2026/09/26 00:17:24.477, 0, 17717, 97871, 1, 116.26
2026/09/26 00:17:24.477, 1, 17717, 97871, 2, 122.88
2026/09/26 00:17:24.477, 2, 17717, 97871, 2, 118.06
2026/09/26 00:17:24.477, 3, 17717, 97871, 3, 121.63
2026/09/26 00:17:24.677, 0, 17717, 97871, 1, 116.31
2026/09/26 00:17:24.677, 1, 17717, 97871, 3, 122.89
2026/09/26 00:17:24.677, 2, 17717, 97871, 3, 118.04
2026/09/26 00:17:24.677, 3, 17717, 97871, 2, 121.61
2026/09/26 00:17:24.877, 0, 17717, 97871, 1, 116.29
2026/09/26 00:17:24.878, 1, 17717, 97871, 1, 122.89
2026/09/26 00:17:24.878, 2, 17717, 97871, 1, 118.07
2026/09/26 00:17:24.878, 3, 17717, 97871, 1, 121.59
2026/09/26 00:17:25.078, 0, 17717, 97871, 1, 116.31
2026/09/26 00:17:25.078, 1, 17717, 97871, 2, 122.87
2026/09/26 00:17:25.078, 2, 17717, 97871, 2, 118.07
2026/09/26 00:17:25.078, 3, 17717, 97871, 1, 121.57
2026/09/26 00:17:25.278, 0, 17717, 97871, 2, 116.28
2026/09/26 00:17:25.278, 1, 17717, 97871, 2, 122.85
2026/09/26 00:17:25.278, 2, 17717, 97871, 2, 118.00
2026/09/26 00:17:25.278, 3, 17717, 97871, 1, 121.59
2026/09/26 00:17:25.479, 0, 17717, 97871, 2, 116.30
2026/09/26 00:17:25.479, 1, 17717, 97871, 2, 122.84
2026/09/26 00:17:25.479, 2, 17717, 97871, 2, 117.98
2026/09/26 00:17:25.479, 3, 17717, 97871, 2, 121.54
2026/09/26 00:17:25.679, 0, 17717, 97871, 1, 116.26
2026/09/26 00:17:25.679, 1, 17717, 97871, 1, 122.82
2026/09/26 00:17:25.679, 2, 17717, 97871, 1, 118.00
2026/09/26 00:17:25.679, 3, 17717, 97871, 2, 121.53
2026/09/26 00:17:25.879, 0, 17717, 97871, 1, 116.29
2026/09/26 00:17:25.879, 1, 17717, 97871, 1, 122.83
2026/09/26 00:17:25.879, 2, 17717, 97871, 1, 118.00
2026/09/26 00:17:25.879, 3, 17717, 97871, 1, 121.55
2026/09/26 00:17:26.080, 0, 17717, 97871, 1, 116.30
2026/09/26 00:17:26.080, 1, 17717, 97871, 1, 122.85
2026/09/26 00:17:26.080, 2, 17717, 97871, 1, 117.98
2026/09/26 00:17:26.080, 3, 17717, 97871, 1, 121.58
2026/09/26 00:17:26.280, 0, 17717, 97871, 2, 116.28
2026/09/26 00:17:26.280, 1, 17717, 97871, 2, 122.85
2026/09/26 00:17:26.280, 2, 17717, 97871, 2, 118.00
2026/09/26 00:17:26.280, 3, 17717, 97871, 1, 121.52
2026/09/26 00:17:26.480, 0, 17717, 97871, 2, 116.28
2026/09/26 00:17:26.481, 1, 17717, 97871, 2, 122.85
2026/09/26 00:17:26.481, 2, 17717, 97871, 2, 118.00
2026/09/26 00:17:26.481, 3, 17717, 97871, 2, 121.54
2026/09/26 00:17:26.681, 0, 17717, 97871, 2, 116.29
2026/09/26 00:17:26.681, 1, 17717, 97871, 1, 122.86
2026/09/26 00:17:26.681, 2, 17717, 97871, 2, 117.99
2026/09/26 00:17:26.681, 3, 17717, 97871, 1, 121.53
2026/09/26 00:17:26.881, 0, 17717, 97871, 1, 116.28
2026/09/26 00:17:26.881, 1, 17717, 97871, 1, 122.83
2026/09/26 00:17:26.881, 2, 17717, 97871, 1, 117.96
2026/09/26 00:17:26.881, 3, 17717, 97871, 1, 121.50
2026/09/26 00:17:27.081, 0, 17717, 97871, 1, 116.26
2026/09/26 00:17:27.082, 1, 17717, 97871, 1, 122.81
2026/09/26 00:17:27.082, 2, 17717, 97871, 0, 117.95
2026/09/26 00:17:27.082, 3, 17717, 97871, 1, 121.47
2026/09/26 00:17:27.282, 0, 17717, 97871, 1, 116.26
2026/09/26 00:17:27.282, 1, 17717, 97871, 1, 122.82
2026/09/26 00:17:27.282, 2, 17717, 97871, 1, 117.97
2026/09/26 00:17:27.282, 3, 17717, 97871, 0, 121.48
2026/09/26 00:17:27.482, 0, 17717, 97871, 1, 116.28
2026/09/26 00:17:27.482, 1, 17717, 97871, 1, 122.84
2026/09/26 00:17:27.482, 2, 17717, 97871, 1, 117.97
2026/09/26 00:17:27.482, 3, 17717, 97871, 1, 121.50
2026/09/26 00:17:27.682, 0, 17717, 97871, 1, 116.22
2026/09/26 00:17:27.683, 1, 17717, 97871, 1, 122.82
2026/09/26 00:17:27.683, 2, 17717, 97871, 1, 117.94
2026/09/26 00:17:27.683, 3, 17717, 97871, 2, 121.50
2026/09/26 00:17:27.883, 0, 17717, 97871, 2, 116.25
2026/09/26 00:17:27.883, 1, 17717, 97871, 2, 122.83
2026/09/26 00:17:27.883, 2, 17717, 97871, 2, 117.96
2026/09/26 00:17:27.883, 3, 17717, 97871, 2, 121.52
2026/09/26 00:17:28.083, 0, 17717, 97871, 1, 116.25
2026/09/26 00:17:28.083, 1, 17717, 97871, 2, 122.83
2026/09/26 00:17:28.083, 2, 17717, 97871, 2, 117.98
2026/09/26 00:17:28.083, 3, 17717, 97871, 2, 121.52
2026/09/26 00:17:28.284, 0, 17717, 97871, 1, 116.28
2026/09/26 00:17:28.284, 1, 17717, 97871, 1, 122.83
2026/09/26 00:17:28.284, 2, 17717, 97871, 2, 118.00
2026/09/26 00:17:28.284, 3, 17717, 97871, 1, 121.53
2026/09/26 00:17:28.484, 0, 17717, 97871, 1, 116.26
2026/09/26 00:17:28.484, 1, 17717, 97871, 1, 122.81
2026/09/26 00:17:28.484, 2, 17717, 97871, 1, 117.98
2026/09/26 00:17:28.484, 3, 17717, 97871, 1, 121.49
2026/09/26 00:17:28.684, 0, 17717, 97871, 1, 116.27
2026/09/26 00:17:28.684, 1, 17717, 97871, 1, 122.81
2026/09/26 00:17:28.685, 2, 17717, 97871, 0, 118.00
2026/09/26 00:17:28.685, 3, 17717, 97871, 2, 121.47
2026/09/26 00:17:28.885, 0, 17717, 97871, 2, 116.30
2026/09/26 00:17:28.885, 1, 17717, 97871, 2, 122.81
2026/09/26 00:17:28.885, 2, 17717, 97871, 2, 118.00
2026/09/26 00:17:28.885, 3, 17717, 97871, 2, 121.45
2026/09/26 00:17:29.085, 0, 17717, 97871, 2, 116.27
2026/09/26 00:17:29.085, 1, 17717, 97871, 2, 122.80
2026/09/26 00:17:29.085, 2, 17717, 97871, 2, 118.00
2026/09/26 00:17:29.085, 3, 17717, 97871, 1, 121.45
2026/09/26 00:17:29.285, 0, 17717, 97871, 2, 116.26
2026/09/26 00:17:29.286, 1, 17717, 97871, 2, 122.77
2026/09/26 00:17:29.286, 2, 17717, 97871, 2, 117.96
2026/09/26 00:17:29.286, 3, 17717, 97871, 1, 121.45
2026/09/26 00:17:29.486, 0, 17717, 97871, 1, 116.22
2026/09/26 00:17:29.486, 1, 17717, 97871, 1, 122.75
2026/09/26 00:17:29.486, 2, 17717, 97871, 2, 117.97
2026/09/26 00:17:29.486, 3, 17717, 97871, 1, 121.46
2026/09/26 00:17:29.686, 0, 17717, 97871, 2, 116.26
2026/09/26 00:17:29.686, 1, 17717, 97871, 1, 122.73
2026/09/26 00:17:29.686, 2, 17717, 97871, 2, 117.96
2026/09/26 00:17:29.686, 3, 17717, 97871, 2, 121.47
2026/09/26 00:17:29.886, 0, 17717, 97871, 2, 116.24
2026/09/26 00:17:29.887, 1, 17717, 97871, 2, 122.71
2026/09/26 00:17:29.887, 2, 17717, 97871, 2, 117.96
2026/09/26 00:17:29.887, 3, 17717, 97871, 2, 121.46
2026/09/26 00:17:30.087, 0, 17717, 97871, 2, 116.25
2026/09/26 00:17:30.087, 1, 17717, 97871, 2, 122.71
2026/09/26 00:17:30.087, 2, 17717, 97871, 1, 117.94
2026/09/26 00:17:30.087, 3, 17717, 97871, 2, 121.44
2026/09/26 00:17:30.287, 0, 17717, 97871, 0, 116.27
2026/09/26 00:17:30.287, 1, 17717, 97871, 2, 122.71
2026/09/26 00:17:30.287, 2, 17717, 97871, 1, 117.96
2026/09/26 00:17:30.287, 3, 17717, 97871, 1, 121.46
2026/09/26 00:17:30.488, 0, 17717, 97871, 1, 116.28
2026/09/26 00:17:30.488, 1, 17717, 97871, 1, 122.73
2026/09/26 00:17:30.488, 2, 17717, 97871, 1, 117.99
2026/09/26 00:17:30.488, 3, 17717, 97871, 1, 121.44
2026/09/26 00:17:30.688, 0, 17717, 97871, 2, 116.26
2026/09/26 00:17:30.688, 1, 17717, 97871, 1, 122.75
2026/09/26 00:17:30.688, 2, 17717, 97871, 1, 117.98
2026/09/26 00:17:30.688, 3, 17717, 97871, 2, 121.41
2026/09/26 00:17:30.888, 0, 17717, 97871, 2, 116.24
2026/09/26 00:17:30.888, 1, 17717, 97871, 1, 122.75
2026/09/26 00:17:30.888, 2, 17717, 97871, 1, 117.97
2026/09/26 00:17:30.888, 3, 17717, 97871, 2, 121.40
2026/09/26 00:17:31.089, 0, 17717, 97871, 2, 116.25
2026/09/26 00:17:31.089, 1, 17717, 97871, 2, 122.74
2026/09/26 00:17:31.089, 2, 17717, 97871, 2, 118.01
2026/09/26 00:17:31.089, 3, 17717, 97871, 2, 121.41
2026/09/26 00:17:31.289, 0, 17717, 97871, 0, 116.27
2026/09/26 00:17:31.289, 1, 17717, 97871, 2, 122.75
2026/09/26 00:17:31.289, 2, 17717, 97871, 2, 118.02
2026/09/26 00:17:31.289, 3, 17717, 97871, 2, 121.39
2026/09/26 00:17:31.489, 0, 17717, 97871, 1, 116.23
2026/09/26 00:17:31.489, 1, 17717, 97871, 2, 122.77
2026/09/26 00:17:31.490, 2, 17717, 97871, 2, 117.97
2026/09/26 00:17:31.490, 3, 17717, 97871, 2, 121.39
2026/09/26 00:17:31.690, 0, 17717, 97871, 1, 116.26
2026/09/26 00:17:31.690, 1, 17717, 97871, 2, 122.74
2026/09/26 00:17:31.690, 2, 17717, 97871, 1, 117.96
2026/09/26 00:17:31.690, 3, 17717, 97871, 2, 121.40
2026/09/26 00:17:31.890, 0, 17717, 97871, 1, 116.25
2026/09/26 00:17:31.890, 1, 17717, 97871, 2, 122.72
2026/09/26 00:17:31.890, 2, 17717, 97871, 2, 117.96
2026/09/26 00:17:31.890, 3, 17717, 97871, 0, 121.39
2026/09/26 00:17:32.090, 0, 17717, 97871, 2, 116.24
2026/09/26 00:17:32.091, 1, 17717, 97871, 1, 122.69
2026/09/26 00:17:32.091, 2, 17717, 97871, 2, 117.96
2026/09/26 00:17:32.091, 3, 17717, 97871, 1, 121.37
2026/09/26 00:17:32.291, 0, 17717, 97871, 2, 116.24
2026/09/26 00:17:32.291, 1, 17717, 97871, 1, 122.69
2026/09/26 00:17:32.291, 2, 17717, 97871, 2, 117.92
2026/09/26 00:17:32.291, 3, 17717, 97871, 2, 121.37
2026/09/26 00:17:32.491, 0, 17717, 97871, 2, 116.22
2026/09/26 00:17:32.491, 1, 17717, 97871, 1, 122.69
2026/09/26 00:17:32.491, 2, 17717, 97871, 1, 117.92
2026/09/26 00:17:32.491, 3, 17717, 97871, 2, 121.38
2026/09/26 00:17:32.691, 0, 17717, 97871, 1, 116.22
2026/09/26 00:17:32.692, 1, 17717, 97871, 2, 122.67
2026/09/26 00:17:32.692, 2, 17717, 97871, 1, 117.93
2026/09/26 00:17:32.692, 3, 17717, 97871, 1, 121.40
2026/09/26 00:17:32.892, 0, 17717, 97871, 1, 116.19
2026/09/26 00:17:32.892, 1, 17717, 97871, 2, 122.69
2026/09/26 00:17:32.892, 2, 17717, 97871, 1, 117.94
2026/09/26 00:17:32.892, 3, 17717, 97871, 1, 121.38
2026/09/26 00:17:33.092, 0, 17717, 97871, 2, 116.20
2026/09/26 00:17:33.092, 1, 17717, 97871, 1, 122.72
2026/09/26 00:17:33.092, 2, 17717, 97871, 2, 117.91
2026/09/26 00:17:33.092, 3, 17717, 97871, 1, 121.39
2026/09/26 00:17:33.293, 0, 17717, 97871, 2, 116.21
2026/09/26 00:17:33.293, 1, 17717, 97871, 1, 122.72
2026/09/26 00:17:33.293, 2, 17717, 97871, 2, 117.90
2026/09/26 00:17:33.293, 3, 17717, 97871, 1, 121.40
2026/09/26 00:17:33.493, 0, 17717, 97871, 2, 116.21
2026/09/26 00:17:33.493, 1, 17717, 97871, 1, 122.71
2026/09/26 00:17:33.493, 2, 17717, 97871, 1, 117.94
2026/09/26 00:17:33.493, 3, 17717, 97871, 1, 121.41
2026/09/26 00:17:33.693, 0, 17717, 97871, 2, 116.24
2026/09/26 00:17:33.693, 1, 17717, 97871, 0, 122.73
2026/09/26 00:17:33.694, 2, 17717, 97871, 1, 117.96
2026/09/26 00:17:33.694, 3, 17717, 97871, 2, 121.39
2026/09/26 00:17:33.894, 0, 17717, 97871, 1, 116.24
2026/09/26 00:17:33.894, 1, 17717, 97871, 2, 122.71
2026/09/26 00:17:33.894, 2, 17717, 97871, 2, 117.93
2026/09/26 00:17:33.894, 3, 17717, 97871, 1, 121.42
2026/09/26 00:17:34.094, 0, 17717, 97871, 1, 116.26
2026/09/26 00:17:34.094, 1, 17717, 97871, 2, 122.70
2026/09/26 00:17:34.094, 2, 17717, 97871, 1, 117.96
2026/09/26 00:17:34.094, 3, 17717, 97871, 1, 121.41
2026/09/26 00:17:34.294, 0, 17717, 97871, 1, 116.25
2026/09/26 00:17:34.295, 1, 17717, 97871, 1, 122.71
2026/09/26 00:17:34.295, 2, 17717, 97871, 1, 117.98
2026/09/26 00:17:34.295, 3, 17717, 97871, 2, 121.39
2026/09/26 00:17:34.495, 0, 17717, 97871, 1, 116.26
2026/09/26 00:17:34.495, 1, 17717, 97871, 0, 122.70
2026/09/26 00:17:34.495, 2, 17717, 97871, 1, 117.98
2026/09/26 00:17:34.495, 3, 17717, 97871, 2, 121.36
2026/09/26 00:17:34.695, 0, 17717, 97871, 2, 116.21
2026/09/26 00:17:34.695, 1, 17717, 97871, 2, 122.68
2026/09/26 00:17:34.695, 2, 17717, 97871, 2, 117.92
2026/09/26 00:17:34.695, 3, 17717, 97871, 2, 121.36
2026/09/26 00:17:34.895, 0, 17717, 97871, 2, 116.20
2026/09/26 00:17:34.896, 1, 17717, 97871, 2, 122.68
2026/09/26 00:17:34.896, 2, 17717, 97871, 2, 117.97
2026/09/26 00:17:34.896, 3, 17717, 97871, 1, 121.35
2026/09/26 00:17:35.096, 0, 17717, 97871, 1, 116.18
2026/09/26 00:17:35.096, 1, 17717, 97871, 2, 122.66
2026/09/26 00:17:35.096, 2, 17717, 97871, 2, 117.97
2026/09/26 00:17:35.096, 3, 17717, 97871, 1, 121.33
2026/09/26 00:17:35.296, 0, 17717, 97871, 1, 116.16
2026/09/26 00:17:35.296, 1, 17717, 97871, 1, 122.63
2026/09/26 00:17:35.296, 2, 17717, 97871, 1, 117.96
2026/09/26 00:17:35.296, 3, 17717, 97871, 0, 121.32
2026/09/26 00:17:35.497, 0, 17717, 97871, 1, 116.15
2026/09/26 00:17:35.497, 1, 17717, 97871, 1, 122.60
2026/09/26 00:17:35.497, 2, 17717, 97871, 1, 117.93
2026/09/26 00:17:35.497, 3, 17717, 97871, 0, 121.31
2026/09/26 00:17:35.697, 0, 17717, 97871, 1, 116.11
2026/09/26 00:17:35.697, 1, 17717, 97871, 0, 122.56
2026/09/26 00:17:35.697, 2, 17717, 97871, 1, 117.96
2026/09/26 00:17:35.697, 3, 17717, 97871, 0, 121.27
2026/09/26 00:17:35.897, 0, 17717, 97871, 0, 116.11
2026/09/26 00:17:35.897, 1, 17717, 97871, 0, 122.52
2026/09/26 00:17:35.897, 2, 17717, 97871, 0, 117.93
2026/09/26 00:17:35.897, 3, 17717, 97871, 0, 121.25
2026/09/26 00:17:36.098, 0, 17717, 97871, 0, 116.06
2026/09/26 00:17:36.098, 1, 17717, 97871, 0, 122.49
2026/09/26 00:17:36.098, 2, 17717, 97871, 0, 117.88
2026/09/26 00:17:36.098, 3, 17717, 97871, 0, 121.24
2026/09/26 00:17:36.298, 0, 17717, 97871, 0, 116.06
2026/09/26 00:17:36.298, 1, 17717, 97871, 0, 122.47
2026/09/26 00:17:36.298, 2, 17717, 97871, 0, 117.84
2026/09/26 00:17:36.298, 3, 17717, 97871, 0, 121.25
2026/09/26 00:17:36.498, 0, 17717, 97871, 0, 116.05
2026/09/26 00:17:36.498, 1, 17717, 97871, 0, 122.47
2026/09/26 00:17:36.498, 2, 17717, 97871, 0, 117.85
2026/09/26 00:17:36.498, 3, 17717, 97871, 0, 121.24
2026/09/26 00:17:36.698, 0, 17717, 97871, 0, 116.06
2026/09/26 00:17:36.698, 1, 17717, 97871, 0, 122.49
2026/09/26 00:17:36.698, 2, 17717, 97871, 0, 117.84
2026/09/26 00:17:36.699, 3, 17717, 97871, 0, 121.25
2026/09/26 00:17:36.899, 0, 17717, 97871, 0, 116.08
2026/09/26 00:17:36.899, 1, 17717, 97871, 0, 122.52
2026/09/26 00:17:36.899, 2, 17717, 97871, 0, 117.81
2026/09/26 00:17:36.899, 3, 17717, 97871, 0, 121.22
2026/09/26 00:17:37.099, 0, 17717, 97871, 0, 116.07
2026/09/26 00:17:37.099, 1, 17717, 97871, 0, 122.51
2026/09/26 00:17:37.099, 2, 17717, 97871, 0, 117.82
2026/09/26 00:17:37.099, 3, 17717, 97871, 0, 121.19
2026/09/26 00:17:37.299, 0, 17717, 97871, 0, 116.11
2026/09/26 00:17:37.299, 1, 17717, 97871, 0, 122.53
2026/09/26 00:17:37.299, 2, 17717, 97871, 0, 117.83
2026/09/26 00:17:37.299, 3, 17717, 97871, 0, 121.16
2026/09/26 00:17:37.499, 0, 17717, 97871, 0, 116.08
2026/09/26 00:17:37.499, 1, 17717, 97871, 0, 122.54
2026/09/26 00:17:37.499, 2, 17717, 97871, 0, 117.82
2026/09/26 00:17:37.499, 3, 17717, 97871, 0, 121.14
2026/09/26 00:17:37.699, 0, 17717, 97871, 0, 116.11
2026/09/26 00:17:37.699, 1, 17717, 97871, 0, 122.52
2026/09/26 00:17:37.699, 2, 17717, 97871, 0, 117.77
2026/09/26 00:17:37.699, 3, 17717, 97871, 0, 121.15
2026/09/26 00:17:37.899, 0, 17717, 97871, 0, 116.09
2026/09/26 00:17:37.899, 1, 17717, 97871, 0, 122.51
2026/09/26 00:17:37.899, 2, 17717, 97871, 0, 117.78
2026/09/26 00:17:37.899, 3, 17717, 97871, 0, 121.17
2026/09/26 00:17:38.099, 0, 17717, 97871, 0, 116.11
2026/09/26 00:17:38.100, 1, 17717, 97871, 0, 122.50
2026/09/26 00:17:38.100, 2, 17717, 97871, 0, 117.79
2026/09/26 00:17:38.100, 3, 17717, 97871, 0, 121.21
2026/09/26 00:17:38.300, 0, 17717, 97871, 0, 116.11
2026/09/26 00:17:38.300, 1, 17717, 97871, 0, 122.50
2026/09/26 00:17:38.300, 2, 17717, 97871, 0, 117.82
2026/09/26 00:17:38.300, 3, 17717, 97871, 0, 121.21
2026/09/26 00:17:38.500, 0, 17717, 97871, 0, 116.11
2026/09/26 00:17:38.500, 1, 17717, 97871, 0, 122.50
2026/09/26 00:17:38.500, 2, 17717, 97871, 0, 117.79
2026/09/26 00:17:38.500, 3, 17717, 97871, 0, 121.22
2026/09/26 00:17:38.700, 0, 17717, 97871, 0, 116.13
2026/09/26 00:17:38.700, 1, 17717, 97871, 0, 122.49
2026/09/26 00:17:38.700, 2, 17717, 97871, 0, 117.81
2026/09/26 00:17:38.700, 3, 17717, 97871, 0, 121.23
2026/09/26 00:17:38.900, 0, 17717, 97871, 0, 116.12
2026/09/26 00:17:38.900, 1, 17717, 97871, 0, 122.49
2026/09/26 00:17:38.900, 2, 17717, 97871, 0, 117.83
2026/09/26 00:17:38.900, 3, 17717, 97871, 0, 121.21
2026/09/26 00:17:39.100, 0, 17717, 97871, 0, 116.14
2026/09/26 00:17:39.100, 1, 17717, 97871, 0, 122.50
2026/09/26 00:17:39.100, 2, 17717, 97871, 0, 117.86
2026/09/26 00:17:39.100, 3, 17717, 97871, 0, 121.19
2026/09/26 00:17:39.300, 0, 17717, 97871, 0, 116.12
2026/09/26 00:17:39.300, 1, 17717, 97871, 0, 122.53
2026/09/26 00:17:39.300, 2, 17717, 97871, 0, 117.82
2026/09/26 00:17:39.300, 3, 17717, 97871, 0, 121.21
2026/09/26 00:17:39.501, 0, 17717, 97871, 0, 116.13
2026/09/26 00:17:39.501, 1, 17717, 97871, 0, 122.53
2026/09/26 00:17:39.501, 2, 17717, 97871, 0, 117.85
2026/09/26 00:17:39.501, 3, 17717, 97871, 0, 121.21
2026/09/26 00:17:39.701, 0, 17717, 97871, 0, 116.14
2026/09/26 00:17:39.701, 1, 17717, 97871, 0, 122.53
2026/09/26 00:17:39.701, 2, 17717, 97871, 0, 117.85
2026/09/26 00:17:39.701, 3, 17717, 97871, 0, 121.21
2026/09/26 00:17:39.901, 0, 17717, 97871, 0, 116.11
2026/09/26 00:17:39.901, 1, 17717, 97871, 0, 122.51
2026/09/26 00:17:39.901, 2, 17717, 97871, 0, 117.88
2026/09/26 00:17:39.901, 3, 17717, 97871, 0, 121.22
2026/09/26 00:17:40.101, 0, 17717, 97871, 0, 116.14
2026/09/26 00:17:40.101, 1, 17717, 97871, 0, 122.51
2026/09/26 00:17:40.101, 2, 17717, 97871, 0, 117.83
2026/09/26 00:17:40.101, 3, 17717, 97871, 0, 121.21
2026/09/26 00:17:40.301, 0, 17717, 97871, 0, 116.11
2026/09/26 00:17:40.301, 1, 17717, 97871, 0, 122.47
2026/09/26 00:17:40.301, 2, 17717, 97871, 0, 117.84
2026/09/26 00:17:40.301, 3, 17717, 97871, 0, 121.21
2026/09/26 00:17:40.501, 0, 17717, 97871, 0, 116.12
2026/09/26 00:17:40.501, 1, 17717, 97871, 0, 122.48
2026/09/26 00:17:40.501, 2, 17717, 97871, 0, 117.84
2026/09/26 00:17:40.501, 3, 17717, 97871, 0, 121.20
2026/09/26 00:17:40.701, 0, 17717, 97871, 0, 116.11
2026/09/26 00:17:40.701, 1, 17717, 97871, 0, 122.46
2026/09/26 00:17:40.701, 2, 17717, 97871, 0, 117.86
2026/09/26 00:17:40.701, 3, 17717, 97871, 0, 121.19
2026/09/26 00:17:40.902, 0, 17717, 97871, 0, 116.11
2026/09/26 00:17:40.902, 1, 17717, 97871, 0, 122.46
2026/09/26 00:17:40.902, 2, 17717, 97871, 0, 117.80
2026/09/26 00:17:40.902, 3, 17717, 97871, 0, 121.21
2026/09/26 00:17:41.102, 0, 17717, 97871, 0, 116.09
2026/09/26 00:17:41.102, 1, 17717, 97871, 0, 122.44
2026/09/26 00:17:41.102, 2, 17717, 97871, 0, 117.84
2026/09/26 00:17:41.102, 3, 17717, 97871, 0, 121.18
2026/09/26 00:17:41.302, 0, 17717, 97871, 0, 116.07
2026/09/26 00:17:41.302, 1, 17717, 97871, 0, 122.44
2026/09/26 00:17:41.302, 2, 17717, 97871, 0, 117.85
2026/09/26 00:17:41.302, 3, 17717, 97871, 0, 121.18
2026/09/26 00:17:41.502, 0, 17717, 97871, 0, 116.09
2026/09/26 00:17:41.502, 1, 17717, 97871, 0, 122.45
2026/09/26 00:17:41.502, 2, 17717, 97871, 0, 117.88
2026/09/26 00:17:41.502, 3, 17717, 97871, 0, 121.17
2026/09/26 00:17:41.702, 0, 17717, 97871, 0, 116.05
2026/09/26 00:17:41.702, 1, 17717, 97871, 0, 122.43
2026/09/26 00:17:41.702, 2, 17717, 97871, 0, 117.84
2026/09/26 00:17:41.702, 3, 17717, 97871, 0, 121.14
2026/09/26 00:17:41.903, 0, 17717, 97871, 0, 116.05
2026/09/26 00:17:41.903, 1, 17717, 97871, 0, 122.42
2026/09/26 00:17:41.903, 2, 17717, 97871, 0, 117.86
2026/09/26 00:17:41.903, 3, 17717, 97871, 0, 121.11
2026/09/26 00:17:42.103, 0, 17717, 97871, 0, 116.01
2026/09/26 00:17:42.103, 1, 17717, 97871, 0, 122.44
2026/09/26 00:17:42.103, 2, 17717, 97871, 0, 117.88
2026/09/26 00:17:42.103, 3, 17717, 97871, 0, 121.09
2026/09/26 00:17:42.303, 0, 17717, 97871, 0, 116.04
2026/09/26 00:17:42.303, 1, 17717, 97871, 0, 122.43
2026/09/26 00:17:42.303, 2, 17717, 97871, 0, 117.88
2026/09/26 00:17:42.303, 3, 17717, 97871, 0, 121.07
2026/09/26 00:17:42.503, 0, 17717, 97871, 0, 116.02
2026/09/26 00:17:42.503, 1, 17717, 97871, 0, 122.43
2026/09/26 00:17:42.503, 2, 17717, 97871, 0, 117.82
2026/09/26 00:17:42.503, 3, 17717, 97871, 0, 121.04
2026/09/26 00:17:42.703, 0, 17717, 97871, 0, 116.04
2026/09/26 00:17:42.703, 1, 17717, 97871, 0, 122.43
2026/09/26 00:17:42.703, 2, 17717, 97871, 0, 117.85
2026/09/26 00:17:42.703, 3, 17717, 97871, 0, 121.05
2026/09/26 00:17:42.903, 0, 17717, 97871, 0, 116.04
2026/09/26 00:17:42.903, 1, 17717, 97871, 0, 122.44
2026/09/26 00:17:42.904, 2, 17717, 97871, 0, 117.86
2026/09/26 00:17:42.904, 3, 17717, 97871, 0, 121.06
2026/09/26 00:17:43.104, 0, 17717, 97871, 0, 116.04
2026/09/26 00:17:43.104, 1, 17717, 97871, 0, 122.43
2026/09/26 00:17:43.104, 2, 17717, 97871, 0, 117.82
2026/09/26 00:17:43.104, 3, 17717, 97871, 0, 121.06
2026/09/26 00:17:43.304, 0, 17717, 97871, 0, 116.06
2026/09/26 00:17:43.304, 1, 18741, 97871, 0, 122.43
2026/09/26 00:17:43.304, 2, 17717, 97871, 0, 117.79
2026/09/26 00:17:43.304, 3, 17717, 97871, 0, 121.06
2026/09/26 00:17:43.504, 0, 17717, 97871, 0, 117.08
2026/09/26 00:17:43.504, 1, 19765, 97871, 0, 124.94
2026/09/26 00:17:43.504, 2, 17717, 97871, 0, 119.21
2026/09/26 00:17:43.504, 3, 17717, 97871, 0, 121.08
2026/09/26 00:17:43.704, 0, 17717, 97871, 0, 117.11
2026/09/26 00:17:43.704, 1, 19765, 97871, 100, 125.47
2026/09/26 00:17:43.704, 2, 17717, 97871, 0, 119.25
2026/09/26 00:17:43.704, 3, 17717, 97871, 0, 121.10
2026/09/26 00:17:43.904, 0, 17717, 97871, 0, 117.10
2026/09/26 00:17:43.904, 1, 19765, 97871, 100, 125.95
2026/09/26 00:17:43.904, 2, 17717, 97871, 0, 119.19
2026/09/26 00:17:43.904, 3, 17717, 97871, 0, 121.08
2026/09/26 00:17:44.104, 0, 17717, 97871, 0, 117.11
2026/09/26 00:17:44.105, 1, 19765, 97871, 100, 126.43
2026/09/26 00:17:44.105, 2, 17717, 97871, 0, 119.18
2026/09/26 00:17:44.105, 3, 17717, 97871, 0, 121.10
2026/09/26 00:17:44.305, 0, 17717, 97871, 0, 117.15
2026/09/26 00:17:44.305, 1, 19765, 97871, 100, 126.90
2026/09/26 00:17:44.305, 2, 17717, 97871, 0, 119.22
2026/09/26 00:17:44.305, 3, 17717, 97871, 0, 121.12
2026/09/26 00:17:44.505, 0, 17717, 97871, 0, 116.06
2026/09/26 00:17:44.505, 1, 19765, 97871, 100, 124.78
2026/09/26 00:17:44.505, 2, 17717, 97871, 0, 117.84
2026/09/26 00:17:44.505, 3, 17717, 97871, 0, 121.11
2026/09/26 00:17:44.705, 0, 17717, 97871, 0, 116.09
2026/09/26 00:17:44.705, 1, 19765, 97871, 100, 124.79
2026/09/26 00:17:44.705, 2, 17717, 97871, 0, 117.82
2026/09/26 00:17:44.705, 3, 17717, 97871, 0, 121.10
2026/09/26 00:17:44.905, 0, 17717, 97871, 0, 116.06
2026/09/26 00:17:44.905, 1, 19765, 97871, 100, 124.79
2026/09/26 00:17:44.905, 2, 17717, 97871, 0, 117.82
2026/09/26 00:17:44.905, 3, 17717, 97871, 0, 121.12
2026/09/26 00:17:45.105, 0, 17717, 97871, 0, 116.09
2026/09/26 00:17:45.105, 1, 19765, 97871, 100, 124.79
2026/09/26 00:17:45.105, 2, 17717, 97871, 0, 117.85
2026/09/26 00:17:45.105, 3, 17717, 97871, 0, 121.11
2026/09/26 00:17:45.305, 0, 17717, 97871, 0, 116.07
2026/09/26 00:17:45.305, 1, 19765, 97871, 100, 124.80
2026/09/26 00:17:45.306, 2, 17717, 97871, 0, 117.87
2026/09/26 00:17:45.306, 3, 17717, 97871, 0, 121.08
2026/09/26 00:17:45.506, 0, 17717, 97871, 0, 116.08
2026/09/26 00:17:45.506, 1, 19765, 97871, 100, 124.85
2026/09/26 00:17:45.506, 2, 17717, 97871, 0, 117.83
2026/09/26 00:17:45.506, 3, 18741, 97871, 0, 121.08
2026/09/26 00:17:45.706, 0, 17717, 97871, 0, 117.51
2026/09/26 00:17:45.706, 1, 19765, 97871, 100, 124.85
2026/09/26 00:17:45.706, 2, 17717, 97871, 0, 118.84
2026/09/26 00:17:45.706, 3, 19765, 97871, 50, 123.57
2026/09/26 00:17:45.906, 0, 17717, 97871, 0, 117.51
2026/09/26 00:17:45.906, 1, 19765, 97871, 100, 124.82
2026/09/26 00:17:45.906, 2, 17717, 97871, 0, 118.88
2026/09/26 00:17:45.906, 3, 19765, 97871, 100, 124.03
2026/09/26 00:17:46.106, 0, 17717, 97871, 0, 117.56
2026/09/26 00:17:46.106, 1, 19765, 97871, 100, 124.80
2026/09/26 00:17:46.106, 2, 17717, 97871, 0, 118.91
2026/09/26 00:17:46.106, 3, 19765, 97871, 100, 124.43
2026/09/26 00:17:46.306, 0, 17717, 97871, 0, 117.52
2026/09/26 00:17:46.306, 1, 19765, 97871, 100, 124.78
2026/09/26 00:17:46.306, 2, 17717, 97871, 0, 118.87
2026/09/26 00:17:46.306, 3, 19765, 97871, 100, 124.91
2026/09/26 00:17:46.506, 0, 17717, 97871, 0, 117.54
2026/09/26 00:17:46.506, 1, 19765, 97871, 100, 124.79
2026/09/26 00:17:46.506, 2, 17717, 97871, 0, 118.90
2026/09/26 00:17:46.507, 3, 19765, 97871, 100, 125.47
2026/09/26 00:17:46.707, 0, 17717, 97871, 0, 116.09
2026/09/26 00:17:46.707, 1, 19765, 97871, 100, 124.77
2026/09/26 00:17:46.707, 2, 17717, 97871, 0, 117.94
2026/09/26 00:17:46.707, 3, 19765, 97871, 100, 123.45
2026/09/26 00:17:46.907, 0, 17717, 97871, 0, 116.09
2026/09/26 00:17:46.907, 1, 19765, 97871, 100, 124.75
2026/09/26 00:17:46.907, 2, 17717, 97871, 0, 117.93
2026/09/26 00:17:46.907, 3, 19765, 97871, 100, 123.45
2026/09/26 00:17:47.107, 0, 17717, 97871, 0, 116.09
2026/09/26 00:17:47.107, 1, 19765, 97871, 100, 124.75
2026/09/26 00:17:47.107, 2, 17717, 97871, 0, 117.88
2026/09/26 00:17:47.107, 3, 19765, 97871, 100, 123.43
2026/09/26 00:17:47.307, 0, 17717, 97871, 0, 116.09
2026/09/26 00:17:47.307, 1, 19765, 97871, 100, 124.74
2026/09/26 00:17:47.307, 2, 17717, 97871, 0, 117.90
2026/09/26 00:17:47.307, 3, 19765, 97871, 100, 123.44
2026/09/26 00:17:47.507, 0, 17717, 97871, 0, 116.11
2026/09/26 00:17:47.507, 1, 19765, 97871, 100, 124.71
2026/09/26 00:17:47.507, 2, 17717, 97871, 0, 117.90
2026/09/26 00:17:47.508, 3, 19765, 97871, 100, 123.44
2026/09/26 00:17:47.708, 0, 17717, 97871, 0, 116.20
2026/09/26 00:17:47.708, 1, 19765, 97871, 100, 124.70
2026/09/26 00:17:47.708, 2, 19765, 97871, 0, 117.92
2026/09/26 00:17:47.708, 3, 19765, 97871, 100, 123.57
2026/09/26 00:17:47.908, 0, 17717, 97871, 0, 117.49
2026/09/26 00:17:47.908, 1, 19765, 97871, 100, 125.79
2026/09/26 00:17:47.908, 2, 19765, 97871, 34, 119.99
2026/09/26 00:17:47.908, 3, 19765, 97871, 100, 124.89
2026/09/26 00:17:48.108, 0, 17717, 97871, 0, 117.47
2026/09/26 00:17:48.108, 1, 19765, 97871, 100, 125.75
2026/09/26 00:17:48.108, 2, 19765, 97871, 100, 120.50
2026/09/26 00:17:48.108, 3, 19765, 97871, 100, 124.87
2026/09/26 00:17:48.308, 0, 17717, 97871, 0, 117.47
2026/09/26 00:17:48.308, 1, 19765, 97871, 100, 125.77
2026/09/26 00:17:48.308, 2, 19765, 97871, 100, 120.91
2026/09/26 00:17:48.308, 3, 19765, 97871, 100, 124.88
2026/09/26 00:17:48.508, 0, 17717, 97871, 0, 117.43
2026/09/26 00:17:48.508, 1, 19765, 97871, 100, 125.76
2026/09/26 00:17:48.508, 2, 19765, 97871, 100, 121.46
2026/09/26 00:17:48.508, 3, 19765, 97871, 100, 124.88
2026/09/26 00:17:48.708, 0, 17717, 97871, 0, 117.32
2026/09/26 00:17:48.708, 1, 19765, 97871, 100, 125.76
2026/09/26 00:17:48.708, 2, 19765, 97871, 100, 121.84
2026/09/26 00:17:48.709, 3, 19765, 97871, 100, 124.87
2026/09/26 00:17:48.909, 0, 17717, 97871, 0, 116.06
2026/09/26 00:17:48.909, 1, 19765, 97871, 100, 124.68
2026/09/26 00:17:48.909, 2, 19765, 97871, 100, 120.18
2026/09/26 00:17:48.909, 3, 19765, 97871, 100, 123.38
2026/09/26 00:17:49.109, 0, 17717, 97871, 0, 116.03
2026/09/26 00:17:49.109, 1, 19765, 97871, 100, 124.68
2026/09/26 00:17:49.109, 2, 19765, 97871, 100, 120.22
2026/09/26 00:17:49.109, 3, 19765, 97871, 100, 123.39
2026/09/26 00:17:49.309, 0, 17717, 97871, 0, 116.05
2026/09/26 00:17:49.309, 1, 19765, 97871, 100, 124.68
2026/09/26 00:17:49.309, 2, 19765, 97871, 100, 120.20
2026/09/26 00:17:49.309, 3, 19765, 97871, 100, 123.39
2026/09/26 00:17:49.509, 0, 17717, 97871, 0, 116.03
2026/09/26 00:17:49.509, 1, 19765, 97871, 100, 124.68
2026/09/26 00:17:49.509, 2, 19765, 97871, 100, 120.18
2026/09/26 00:17:49.509, 3, 19765, 97871, 100, 123.40
2026/09/26 00:17:49.709, 0, 17717, 97871, 0, 116.05
2026/09/26 00:17:49.709, 1, 19765, 97871, 100, 124.67
2026/09/26 00:17:49.709, 2, 19765, 97871, 100, 120.15
2026/09/26 00:17:49.709, 3, 19765, 97871, 100, 123.38
2026/09/26 00:17:49.909, 0, 20503, 97871, 0, 118.67
2026/09/26 00:17:49.910, 1, 20503, 97871, 100, 127.26
2026/09/26 00:17:49.910, 2, 20503, 97871, 100, 120.16
2026/09/26 00:17:49.910, 3, 20503, 97871, 100, 124.88
2026/09/26 00:17:50.110, 0, 25111, 97871, 10, 129.81
2026/09/26 00:17:50.110, 1, 25111, 97871, 45, 145.10
2026/09/26 00:17:50.110, 2, 25111, 97871, 37, 129.04
2026/09/26 00:17:50.110, 3, 25111, 97871, 13, 145.25
2026/09/26 00:17:50.310, 0, 25111, 97871, 85, 162.66
2026/09/26 00:17:50.310, 1, 25111, 97871, 100, 175.87
2026/09/26 00:17:50.310, 2, 25111, 97871, 83, 170.35
2026/09/26 00:17:50.310, 3, 25111, 97871, 100, 196.27
2026/09/26 00:17:50.510, 0, 25111, 97871, 100, 193.28
2026/09/26 00:17:50.510, 1, 25111, 97871, 100, 233.34
2026/09/26 00:17:50.510, 2, 25111, 97871, 100, 224.65
2026/09/26 00:17:50.510, 3, 25111, 97871, 100, 241.84
2026/09/26 00:17:50.710, 0, 25111, 97871, 100, 238.96
2026/09/26 00:17:50.710, 1, 25111, 97871, 100, 263.15
2026/09/26 00:17:50.710, 2, 25111, 97871, 100, 262.76
2026/09/26 00:17:50.710, 3, 25111, 97871, 100, 301.10
2026/09/26 00:17:50.910, 0, 25111, 97871, 100, 273.49
2026/09/26 00:17:50.910, 1, 25111, 97871, 100, 311.36
2026/09/26 00:17:50.910, 2, 25111, 97871, 100, 312.20
2026/09/26 00:17:50.910, 3, 25111, 97871, 100, 350.50
2026/09/26 00:17:51.110, 0, 25111, 97871, 100, 297.99
2026/09/26 00:17:51.110, 1, 25111, 97871, 100, 352.62
2026/09/26 00:17:51.110, 2, 25111, 97871, 100, 344.96
2026/09/26 00:17:51.110, 3, 25111, 97871, 100, 374.89
2026/09/26 00:17:51.311, 0, 25111, 97871, 100, 318.87
2026/09/26 00:17:51.311, 1, 25111, 97871, 100, 368.88
2026/09/26 00:17:51.311, 2, 25111, 97871, 100, 359.90
2026/09/26 00:17:51.311, 3, 25111, 97871, 100, 352.80
2026/09/26 00:17:51.511, 0, 25111, 97871, 100, 343.77
2026/09/26 00:17:51.511, 1, 25111, 97871, 100, 342.76
2026/09/26 00:17:51.511, 2, 25111, 97871, 100, 348.51
2026/09/26 00:17:51.511, 3, 25111, 97871, 100, 346.87
2026/09/26 00:17:51.711, 0, 25111, 97871, 100, 351.21
2026/09/26 00:17:51.711, 1, 25111, 97871, 100, 360.33
2026/09/26 00:17:51.711, 2, 25111, 97871, 100, 347.42
2026/09/26 00:17:51.711, 3, 25111, 97871, 100, 331.66
2026/09/26 00:17:51.911, 0, 25111, 97871, 100, 347.29
2026/09/26 00:17:51.911, 1, 25111, 97871, 100, 364.59
2026/09/26 00:17:51.911, 2, 25111, 97871, 100, 354.57
2026/09/26 00:17:51.911, 3, 25111, 97871, 100, 318.01
2026/09/26 00:17:52.111, 0, 25111, 97871, 100, 356.84
2026/09/26 00:17:52.111, 1, 25111, 97871, 100, 353.16
2026/09/26 00:17:52.111, 2, 25111, 97871, 100, 355.34
2026/09/26 00:17:52.111, 3, 25111, 97871, 100, 318.46
2026/09/26 00:17:52.311, 0, 25111, 97871, 100, 339.37
2026/09/26 00:17:52.311, 1, 25111, 97871, 100, 363.44
2026/09/26 00:17:52.311, 2, 25111, 97871, 100, 343.28
2026/09/26 00:17:52.311, 3, 25111, 97871, 100, 338.84
2026/09/26 00:17:52.511, 0, 25111, 97871, 100, 343.59
2026/09/26 00:17:52.511, 1, 25111, 97871, 100, 367.17
2026/09/26 00:17:52.511, 2, 25111, 97871, 100, 337.19
2026/09/26 00:17:52.512, 3, 25111, 97871, 100, 344.85
2026/09/26 00:17:52.712, 0, 25111, 97871, 100, 337.56
2026/09/26 00:17:52.712, 1, 25111, 97871, 100, 364.18
2026/09/26 00:17:52.712, 2, 25111, 97871, 100, 350.47
2026/09/26 00:17:52.712, 3, 25111, 97871, 100, 337.33
2026/09/26 00:17:52.912, 0, 25111, 97871, 100, 354.18
2026/09/26 00:17:52.912, 1, 25111, 97871, 100, 349.95
2026/09/26 00:17:52.912, 2, 25111, 97871, 100, 342.93
2026/09/26 00:17:52.912, 3, 25111, 97871, 100, 349.53
2026/09/26 00:17:53.112, 0, 25111, 97871, 100, 351.09
2026/09/26 00:17:53.112, 1, 25111, 97871, 100, 358.50
2026/09/26 00:17:53.112, 2, 25111, 97871, 100, 350.19
2026/09/26 00:17:53.112, 3, 25111, 97871, 100, 349.64
2026/09/26 00:17:53.312, 0, 25111, 97871, 100, 356.83
2026/09/26 00:17:53.312, 1, 25111, 97871, 100, 360.75
2026/09/26 00:17:53.312, 2, 25111, 97871, 100, 360.05
2026/09/26 00:17:53.312, 3, 25111, 97871, 100, 341.95
2026/09/26 00:17:53.512, 0, 25111, 97871, 100, 339.00
2026/09/26 00:17:53.512, 1, 25111, 97871, 100, 380.40
2026/09/26 00:17:53.512, 2, 25111, 97871, 100, 372.84
2026/09/26 00:17:53.512, 3, 25111, 97871, 100, 340.02
2026/09/26 00:17:53.712, 0, 25111, 97871, 100, 350.91
2026/09/26 00:17:53.712, 1, 25111, 97871, 100, 384.11
2026/09/26 00:17:53.713, 2, 25111, 97871, 100, 365.14
2026/09/26 00:17:53.713, 3, 25111, 97871, 100, 355.68
2026/09/26 00:17:53.913, 0, 25111, 97871, 100, 348.71
2026/09/26 00:17:53.913, 1, 25111, 97871, 100, 384.39
2026/09/26 00:17:53.913, 2, 25111, 97871, 100, 370.33
2026/09/26 00:17:53.913, 3, 25111, 97871, 100, 341.45
2026/09/26 00:17:54.113, 0, 25111, 97871, 100, 355.10
2026/09/26 00:17:54.113, 1, 25111, 97871, 100, 376.45
2026/09/26 00:17:54.113, 2, 25111, 97871, 100, 369.68
2026/09/26 00:17:54.113, 3, 25111, 97871, 100, 342.62
2026/09/26 00:17:54.313, 0, 25111, 97871, 100, 364.50
2026/09/26 00:17:54.313, 1, 25111, 97871, 100, 360.28
2026/09/26 00:17:54.313, 2, 25111, 97871, 100, 366.65
2026/09/26 00:17:54.313, 3, 25111, 97871, 100, 340.91
2026/09/26 00:17:54.513, 0, 25111, 97871, 100, 367.57
2026/09/26 00:17:54.513, 1, 25111, 97871, 100, 357.75
2026/09/26 00:17:54.513, 2, 25111, 97871, 100, 362.66
2026/09/26 00:17:54.513, 3, 25111, 97871, 100, 343.02
2026/09/26 00:17:54.713, 0, 25111, 97871, 100, 358.31
2026/09/26 00:17:54.713, 1, 25111, 97871, 100, 366.52
2026/09/26 00:17:54.713, 2, 25111, 97871, 100, 358.86
2026/09/26 00:17:54.713, 3, 25111, 97871, 100, 341.31
2026/09/26 00:17:54.913, 0, 25111, 97871, 100, 347.23
2026/09/26 00:17:54.913, 1, 25111, 97871, 100, 383.76
2026/09/26 00:17:54.913, 2, 25111, 97871, 100, 342.80
2026/09/26 00:17:54.913, 3, 25111, 97871, 100, 356.57
2026/09/26 00:17:55.113, 0, 25111, 97871, 100, 343.70
2026/09/26 00:17:55.114, 1, 25111, 97871, 100, 370.99
2026/09/26 00:17:55.114, 2, 25111, 97871, 100, 355.90
2026/09/26 00:17:55.114, 3, 25111, 97871, 100, 341.32
2026/09/26 00:17:55.314, 0, 25111, 97871, 100, 338.68
2026/09/26 00:17:55.314, 1, 25111, 97871, 100, 381.18
2026/09/26 00:17:55.314, 2, 25111, 97871, 100, 357.28
2026/09/26 00:17:55.314, 3, 25111, 97871, 100, 336.51
2026/09/26 00:17:55.514, 0, 25355, 97871, 100, 318.09
2026/09/26 00:17:55.514, 1, 25355, 97871, 27, 352.77
2026/09/26 00:17:55.514, 2, 25355, 97871, 100, 343.64
2026/09/26 00:17:55.514, 3, 25355, 97871, 97, 332.28
2026/09/26 00:17:55.714, 0, 25647, 97871, 1, 274.45
2026/09/26 00:17:55.715, 1, 25647, 97871, 0, 294.74
2026/09/26 00:17:55.715, 2, 25647, 97871, 1, 302.01
2026/09/26 00:17:55.715, 3, 25647, 97871, 1, 283.12
2026/09/26 00:17:55.918, 0, 25649, 97871, 0, 240.40
2026/09/26 00:17:55.918, 1, 25649, 97871, 2, 241.91
2026/09/26 00:17:55.918, 2, 25649, 97871, 0, 263.86
2026/09/26 00:17:55.918, 3, 25649, 97871, 0, 239.37
2026/09/26 00:17:56.118, 0, 25649, 97871, 16, 198.56
2026/09/26 00:17:56.118, 1, 25649, 97871, 0, 205.71
2026/09/26 00:17:56.118, 2, 25649, 97871, 16, 211.44
2026/09/26 00:17:56.118, 3, 25649, 97871, 5, 201.48
2026/09/26 00:17:56.318, 0, 26673, 97871, 0, 161.49
2026/09/26 00:17:56.318, 1, 26673, 97871, 63, 173.11
2026/09/26 00:17:56.318, 2, 26673, 97871, 0, 169.33
2026/09/26 00:17:56.318, 3, 26673, 97871, 0, 172.69
2026/09/26 00:17:56.518, 0, 26673, 97871, 100, 176.67
2026/09/26 00:17:56.518, 1, 26673, 97871, 100, 183.02
2026/09/26 00:17:56.518, 2, 26673, 97871, 100, 179.05
2026/09/26 00:17:56.518, 3, 26673, 97871, 100, 194.08
2026/09/26 00:17:56.718, 0, 26673, 97871, 100, 203.87
2026/09/26 00:17:56.718, 1, 26673, 97871, 100, 239.84
2026/09/26 00:17:56.718, 2, 26673, 97871, 100, 233.94
2026/09/26 00:17:56.718, 3, 26673, 97871, 100, 237.50
2026/09/26 00:17:56.918, 0, 26673, 97871, 100, 243.72
2026/09/26 00:17:56.918, 1, 26673, 97871, 100, 266.76
2026/09/26 00:17:56.918, 2, 26673, 97871, 100, 272.19
2026/09/26 00:17:56.918, 3, 26673, 97871, 100, 288.27
2026/09/26 00:17:57.119, 0, 26673, 97871, 100, 285.02
2026/09/26 00:17:57.119, 1, 26673, 97871, 100, 318.60
2026/09/26 00:17:57.119, 2, 26673, 97871, 100, 311.20
2026/09/26 00:17:57.119, 3, 26673, 97871, 100, 340.89
2026/09/26 00:17:57.319, 0, 26673, 97871, 100, 306.52
2026/09/26 00:17:57.319, 1, 26673, 97871, 100, 354.07
2026/09/26 00:17:57.319, 2, 26673, 97871, 100, 351.16
2026/09/26 00:17:57.319, 3, 26673, 97871, 100, 380.13
2026/09/26 00:17:57.519, 0, 26673, 97871, 100, 320.99
2026/09/26 00:17:57.519, 1, 26673, 97871, 100, 373.61
2026/09/26 00:17:57.519, 2, 26673, 97871, 100, 362.91
2026/09/26 00:17:57.519, 3, 26673, 97871, 100, 358.52
2026/09/26 00:17:57.719, 0, 26673, 97871, 100, 343.45
2026/09/26 00:17:57.719, 1, 26673, 97871, 100, 344.32
2026/09/26 00:17:57.719, 2, 26673, 97871, 100, 355.15
2026/09/26 00:17:57.719, 3, 26673, 97871, 100, 343.91
2026/09/26 00:17:57.919, 0, 26673, 97871, 100, 351.35
2026/09/26 00:17:57.919, 1, 26673, 97871, 100, 362.60
2026/09/26 00:17:57.919, 2, 26673, 97871, 100, 352.38
2026/09/26 00:17:57.919, 3, 26673, 97871, 100, 336.01
2026/09/26 00:17:58.119, 0, 26673, 97871, 100, 350.05
2026/09/26 00:17:58.119, 1, 26673, 97871, 100, 360.92
2026/09/26 00:17:58.119, 2, 26673, 97871, 100, 362.11
2026/09/26 00:17:58.119, 3, 26673, 97871, 100, 321.85
2026/09/26 00:17:58.319, 0, 26673, 97871, 100, 358.24
2026/09/26 00:17:58.319, 1, 26673, 97871, 100, 353.51
2026/09/26 00:17:58.319, 2, 26673, 97871, 100, 359.53
2026/09/26 00:17:58.319, 3, 26673, 97871, 100, 325.29
2026/09/26 00:17:58.520, 0, 26673, 97871, 100, 342.02
2026/09/26 00:17:58.520, 1, 26673, 97871, 100, 360.87
2026/09/26 00:17:58.520, 2, 26673, 97871, 100, 346.72
2026/09/26 00:17:58.520, 3, 26673, 97871, 100, 337.84
2026/09/26 00:17:58.720, 0, 26673, 97871, 100, 341.91
2026/09/26 00:17:58.720, 1, 26673, 97871, 100, 366.36
2026/09/26 00:17:58.720, 2, 26673, 97871, 100, 342.78
2026/09/26 00:17:58.720, 3, 26673, 97871, 100, 356.52
2026/09/26 00:17:58.920, 0, 26673, 97871, 100, 333.28
2026/09/26 00:17:58.920, 1, 26673, 97871, 100, 367.61
2026/09/26 00:17:58.920, 2, 26673, 97871, 100, 358.98
2026/09/26 00:17:58.920, 3, 26673, 97871, 100, 345.12
2026/09/26 00:17:59.120, 0, 26673, 97871, 100, 349.72
2026/09/26 00:17:59.120, 1, 26673, 97871, 100, 355.18
2026/09/26 00:17:59.120, 2, 26673, 97871, 100, 350.46
2026/09/26 00:17:59.120, 3, 26673, 97871, 100, 349.11
2026/09/26 00:17:59.320, 0, 26673, 97871, 100, 347.83
2026/09/26 00:17:59.320, 1, 26673, 97871, 100, 363.45
2026/09/26 00:17:59.320, 2, 26673, 97871, 100, 358.42
2026/09/26 00:17:59.320, 3, 26673, 97871, 100, 351.51
2026/09/26 00:17:59.520, 0, 26673, 97871, 100, 354.35
2026/09/26 00:17:59.520, 1, 26673, 97871, 100, 362.88
2026/09/26 00:17:59.520, 2, 26673, 97871, 100, 369.74
2026/09/26 00:17:59.520, 3, 26673, 97871, 100, 347.64
2026/09/26 00:17:59.720, 0, 26673, 97871, 100, 338.19
2026/09/26 00:17:59.721, 1, 26673, 97871, 100, 382.27
2026/09/26 00:17:59.721, 2, 26673, 97871, 100, 379.83
2026/09/26 00:17:59.721, 3, 26673, 97871, 100, 336.78
2026/09/26 00:17:59.921, 0, 26673, 97871, 100, 350.88
2026/09/26 00:17:59.921, 1, 26673, 97871, 100, 380.10
2026/09/26 00:17:59.921, 2, 26673, 97871, 100, 366.20
2026/09/26 00:17:59.921, 3, 26673, 97871, 100, 348.40
2026/09/26 00:18:00.121, 0, 26673, 97871, 100, 348.44
2026/09/26 00:18:00.121, 1, 26673, 97871, 100, 382.40
2026/09/26 00:18:00.121, 2, 26673, 97871, 100, 372.48
2026/09/26 00:18:00.121, 3, 26673, 97871, 100, 341.33
2026/09/26 00:18:00.321, 0, 26673, 97871, 100, 354.45
2026/09/26 00:18:00.321, 1, 26673, 97871, 100, 376.69
2026/09/26 00:18:00.321, 2, 26673, 97871, 100, 371.76
2026/09/26 00:18:00.321, 3, 26673, 97871, 100, 337.67
2026/09/26 00:18:00.521, 0, 26673, 97871, 100, 362.59
2026/09/26 00:18:00.521, 1, 26673, 97871, 100, 361.23
2026/09/26 00:18:00.521, 2, 26673, 97871, 100, 365.59
2026/09/26 00:18:00.521, 3, 26673, 97871, 100, 339.07
2026/09/26 00:18:00.721, 0, 26673, 97871, 100, 363.99
2026/09/26 00:18:00.721, 1, 26673, 97871, 100, 357.81
2026/09/26 00:18:00.721, 2, 26673, 97871, 100, 363.38
2026/09/26 00:18:00.721, 3, 26673, 97871, 100, 350.50
2026/09/26 00:18:00.921, 0, 26673, 97871, 100, 355.51
2026/09/26 00:18:00.921, 1, 26673, 97871, 100, 368.28
2026/09/26 00:18:00.921, 2, 26673, 97871, 100, 361.22
2026/09/26 00:18:00.921, 3, 26673, 97871, 100, 347.57
2026/09/26 00:18:01.122, 0, 26673, 97871, 100, 344.06
2026/09/26 00:18:01.122, 1, 26673, 97871, 100, 386.04
2026/09/26 00:18:01.122, 2, 26673, 97871, 100, 344.38
2026/09/26 00:18:01.122, 3, 26673, 97871, 100, 352.44
2026/09/26 00:18:01.322, 0, 26673, 97871, 100, 344.16
2026/09/26 00:18:01.322, 1, 26673, 97871, 100, 372.65
2026/09/26 00:18:01.322, 2, 26673, 97871, 100, 356.71
2026/09/26 00:18:01.322, 3, 26673, 97871, 100, 346.68
2026/09/26 00:18:01.522, 0, 26673, 97871, 100, 341.86
2026/09/26 00:18:01.522, 1, 26673, 97871, 100, 382.50
2026/09/26 00:18:01.522, 2, 26673, 97871, 100, 361.62
2026/09/26 00:18:01.522, 3, 26673, 97871, 100, 344.69
2026/09/26 00:18:01.722, 0, 26675, 97871, 100, 326.24
2026/09/26 00:18:01.722, 1, 26675, 97871, 67, 355.61
2026/09/26 00:18:01.722, 2, 26675, 97871, 100, 344.86
2026/09/26 00:18:01.722, 3, 26675, 97871, 89, 326.28
2026/09/26 00:18:01.922, 0, 26675, 97871, 89, 284.17
2026/09/26 00:18:01.922, 1, 26675, 97871, 0, 302.56
2026/09/26 00:18:01.922, 2, 26675, 97871, 49, 309.36
2026/09/26 00:18:01.922, 3, 26675, 97871, 23, 295.62
2026/09/26 00:18:02.122, 0, 26675, 97871, 0, 242.62
2026/09/26 00:18:02.122, 1, 26675, 97871, 0, 248.25
2026/09/26 00:18:02.122, 2, 26675, 97871, 0, 274.40
2026/09/26 00:18:02.122, 3, 26675, 97871, 0, 252.22
2026/09/26 00:18:02.323, 0, 26675, 97871, 0, 200.49
2026/09/26 00:18:02.323, 1, 26675, 97871, 0, 214.31
2026/09/26 00:18:02.323, 2, 26675, 97871, 0, 217.81
2026/09/26 00:18:02.323, 3, 26675, 97871, 0, 208.18
2026/09/26 00:18:02.523, 0, 26675, 97871, 0, 152.84
2026/09/26 00:18:02.523, 1, 26675, 97871, 0, 158.19
2026/09/26 00:18:02.523, 2, 26675, 97871, 0, 164.89
2026/09/26 00:18:02.523, 3, 26675, 97871, 0, 174.81
2026/09/26 00:18:02.723, 0, 26675, 97871, 0, 123.84
2026/09/26 00:18:02.723, 1, 26675, 97871, 0, 132.35
2026/09/26 00:18:02.723, 2, 26675, 97871, 0, 129.68
2026/09/26 00:18:02.723, 3, 26675, 97871, 0, 134.12
2026/09/26 00:18:02.923, 0, 26675, 97871, 0, 117.57
2026/09/26 00:18:02.923, 1, 26675, 97871, 0, 125.29
2026/09/26 00:18:02.923, 2, 26675, 97871, 0, 120.58
2026/09/26 00:18:02.923, 3, 26675, 97871, 0, 123.42
2026/09/26 00:18:03.123, 0, 26675, 97871, 0, 117.57
2026/09/26 00:18:03.123, 1, 26675, 97871, 0, 125.06
2026/09/26 00:18:03.123, 2, 26675, 97871, 0, 120.41
2026/09/26 00:18:03.123, 3, 26675, 97871, 0, 123.23
2026/09/26 00:18:03.323, 0, 26675, 97871, 0, 121.63
2026/09/26 00:18:03.323, 1, 26675, 97871, 0, 128.59
2026/09/26 00:18:03.323, 2, 26675, 97871, 0, 120.26
2026/09/26 00:18:03.323, 3, 26675, 97871, 0, 123.10
2026/09/26 00:18:03.524, 0, 26675, 97871, 40, 158.62
2026/09/26 00:18:03.524, 1, 26675, 97871, 100, 171.24
2026/09/26 00:18:03.524, 2, 26675, 97871, 40, 155.64
2026/09/26 00:18:03.524, 3, 26675, 97871, 63, 145.42
2026/09/26 00:18:03.724, 0, 26675, 97871, 100, 204.13
2026/09/26 00:18:03.724, 1, 26675, 97871, 100, 213.01
2026/09/26 00:18:03.724, 2, 26675, 97871, 100, 204.80
2026/09/26 00:18:03.724, 3, 26675, 97871, 100, 189.63
2026/09/26 00:18:03.924, 0, 26675, 97871, 100, 258.19
2026/09/26 00:18:03.924, 1, 26675, 97871, 100, 259.89
2026/09/26 00:18:03.924, 2, 26675, 97871, 100, 250.62
2026/09/26 00:18:03.924, 3, 26675, 97871, 100, 233.74
2026/09/26 00:18:04.124, 0, 26675, 97871, 100, 306.17
2026/09/26 00:18:04.124, 1, 26675, 97871, 100, 313.31
2026/09/26 00:18:04.124, 2, 26675, 97871, 100, 304.58
2026/09/26 00:18:04.124, 3, 26675, 97871, 100, 278.12
2026/09/26 00:18:04.324, 0, 26675, 97871, 100, 353.27
2026/09/26 00:18:04.324, 1, 26675, 97871, 100, 358.70
2026/09/26 00:18:04.324, 2, 26675, 97871, 100, 361.12
2026/09/26 00:18:04.324, 3, 26675, 97871, 100, 333.08
2026/09/26 00:18:04.524, 0, 26675, 97871, 100, 361.93
2026/09/26 00:18:04.524, 1, 26675, 97871, 100, 365.71
2026/09/26 00:18:04.524, 2, 26675, 97871, 100, 382.60
2026/09/26 00:18:04.524, 3, 26675, 97871, 100, 353.42
2026/09/26 00:18:04.724, 0, 26675, 97871, 100, 365.83
2026/09/26 00:18:04.724, 1, 26675, 97871, 100, 376.15
2026/09/26 00:18:04.724, 2, 26675, 97871, 100, 386.24
2026/09/26 00:18:04.724, 3, 26675, 97871, 100, 352.63
2026/09/26 00:18:04.925, 0, 26675, 97871, 100, 363.44
2026/09/26 00:18:04.925, 1, 26675, 97871, 100, 375.48
2026/09/26 00:18:04.925, 2, 26675, 97871, 100, 395.52
2026/09/26 00:18:04.925, 3, 26675, 97871, 100, 351.60
2026/09/26 00:18:05.125, 0, 26675, 97871, 100, 360.53
2026/09/26 00:18:05.125, 1, 26675, 97871, 100, 376.81
2026/09/26 00:18:05.125, 2, 26675, 97871, 100, 390.14
2026/09/26 00:18:05.125, 3, 26675, 97871, 100, 346.70
2026/09/26 00:18:05.325, 0, 26675, 97871, 100, 357.89
2026/09/26 00:18:05.325, 1, 26675, 97871, 76, 368.65
2026/09/26 00:18:05.325, 2, 26675, 97871, 100, 376.27
2026/09/26 00:18:05.325, 3, 26675, 97871, 100, 334.24
2026/09/26 00:18:05.525, 0, 26675, 97871, 100, 358.35
2026/09/26 00:18:05.525, 1, 26675, 97871, 100, 362.57
2026/09/26 00:18:05.525, 2, 26675, 97871, 95, 371.51
2026/09/26 00:18:05.525, 3, 26675, 97871, 100, 335.63
2026/09/26 00:18:05.725, 0, 26675, 97871, 100, 355.64
2026/09/26 00:18:05.725, 1, 26675, 97871, 100, 361.67
2026/09/26 00:18:05.725, 2, 26675, 97871, 100, 366.55
2026/09/26 00:18:05.725, 3, 26675, 97871, 100, 338.34
2026/09/26 00:18:05.925, 0, 26675, 97871, 100, 353.98
2026/09/26 00:18:05.925, 1, 26675, 97871, 100, 363.68
2026/09/26 00:18:05.925, 2, 26675, 97871, 100, 361.23
2026/09/26 00:18:05.925, 3, 26675, 97871, 100, 339.29
2026/09/26 00:18:06.125, 0, 26675, 97871, 100, 355.23
2026/09/26 00:18:06.125, 1, 26675, 97871, 100, 364.70
2026/09/26 00:18:06.125, 2, 26675, 97871, 100, 367.63
2026/09/26 00:18:06.126, 3, 26675, 97871, 100, 344.95
2026/09/26 00:18:06.326, 0, 26675, 97871, 100, 351.91
2026/09/26 00:18:06.326, 1, 26675, 97871, 100, 370.60
2026/09/26 00:18:06.326, 2, 26675, 97871, 100, 381.50
2026/09/26 00:18:06.326, 3, 26675, 97871, 100, 350.44
2026/09/26 00:18:06.526, 0, 26675, 97871, 100, 350.84
2026/09/26 00:18:06.526, 1, 26675, 97871, 100, 381.25
2026/09/26 00:18:06.526, 2, 26675, 97871, 100, 381.18
2026/09/26 00:18:06.526, 3, 26675, 97871, 100, 348.73
2026/09/26 00:18:06.726, 0, 26675, 97871, 100, 360.10
2026/09/26 00:18:06.726, 1, 26675, 97871, 100, 376.40
2026/09/26 00:18:06.726, 2, 26675, 97871, 100, 384.11
2026/09/26 00:18:06.726, 3, 26675, 97871, 100, 347.78
2026/09/26 00:18:06.926, 0, 26675, 97871, 100, 354.95
2026/09/26 00:18:06.926, 1, 26675, 97871, 100, 384.52
2026/09/26 00:18:06.926, 2, 26675, 97871, 100, 392.22
2026/09/26 00:18:06.926, 3, 26675, 97871, 100, 344.08
2026/09/26 00:18:07.126, 0, 26675, 97871, 100, 358.82
2026/09/26 00:18:07.126, 1, 26675, 97871, 100, 374.98
2026/09/26 00:18:07.126, 2, 26675, 97871, 100, 385.34
2026/09/26 00:18:07.126, 3, 26675, 97871, 100, 339.16
2026/09/26 00:18:07.326, 0, 26675, 97871, 77, 356.41
2026/09/26 00:18:07.326, 1, 26675, 97871, 100, 372.38
2026/09/26 00:18:07.326, 2, 26675, 97871, 77, 370.53
2026/09/26 00:18:07.326, 3, 26675, 97871, 77, 326.43
2026/09/26 00:18:07.526, 0, 26675, 97871, 100, 359.49
2026/09/26 00:18:07.527, 1, 26675, 97871, 100, 359.07
2026/09/26 00:18:07.527, 2, 26675, 97871, 100, 367.22
2026/09/26 00:18:07.527, 3, 26675, 97871, 100, 333.71
2026/09/26 00:18:07.727, 0, 26675, 97871, 100, 360.20
2026/09/26 00:18:07.727, 1, 26675, 97871, 100, 361.86
2026/09/26 00:18:07.727, 2, 26675, 97871, 100, 363.39
2026/09/26 00:18:07.727, 3, 26675, 97871, 100, 331.04
2026/09/26 00:18:07.927, 0, 26675, 97871, 100, 368.11
2026/09/26 00:18:07.927, 1, 26675, 97871, 100, 358.94
2026/09/26 00:18:07.927, 2, 26675, 97871, 100, 361.81
2026/09/26 00:18:07.927, 3, 26675, 97871, 100, 338.36
2026/09/26 00:18:08.127, 0, 26675, 97871, 100, 362.71
2026/09/26 00:18:08.127, 1, 26675, 97871, 100, 363.70
2026/09/26 00:18:08.127, 2, 26675, 97871, 100, 367.25
2026/09/26 00:18:08.127, 3, 26675, 97871, 100, 352.04
2026/09/26 00:18:08.327, 0, 26675, 97871, 100, 368.14
2026/09/26 00:18:08.327, 1, 26675, 97871, 100, 370.65
2026/09/26 00:18:08.327, 2, 26675, 97871, 100, 380.02
2026/09/26 00:18:08.327, 3, 26675, 97871, 100, 349.80
2026/09/26 00:18:08.527, 0, 26675, 97871, 100, 370.47
2026/09/26 00:18:08.528, 1, 26675, 97871, 100, 378.04
2026/09/26 00:18:08.528, 2, 26675, 97871, 100, 382.81
2026/09/26 00:18:08.528, 3, 26675, 97871, 100, 347.74
2026/09/26 00:18:08.728, 0, 26675, 97871, 100, 366.60
2026/09/26 00:18:08.728, 1, 26675, 97871, 100, 380.62
2026/09/26 00:18:08.728, 2, 26675, 97871, 100, 392.28
2026/09/26 00:18:08.728, 3, 26675, 97871, 100, 344.75
2026/09/26 00:18:08.928, 0, 26675, 97871, 100, 362.45
2026/09/26 00:18:08.928, 1, 26675, 97871, 100, 377.15
2026/09/26 00:18:08.928, 2, 26675, 97871, 100, 386.35
2026/09/26 00:18:08.928, 3, 26675, 97871, 100, 336.22
2026/09/26 00:18:09.128, 0, 26675, 97871, 100, 348.05
2026/09/26 00:18:09.128, 1, 26675, 97871, 74, 359.98
2026/09/26 00:18:09.128, 2, 26675, 97871, 100, 371.58
2026/09/26 00:18:09.128, 3, 26675, 97871, 100, 316.38
2026/09/26 00:18:09.328, 0, 26675, 97871, 67, 343.33
2026/09/26 00:18:09.328, 1, 26675, 97871, 100, 356.15
2026/09/26 00:18:09.328, 2, 26675, 97871, 62, 355.88
2026/09/26 00:18:09.328, 3, 26675, 97871, 79, 319.19
2026/09/26 00:18:09.528, 0, 26675, 97871, 100, 340.57
2026/09/26 00:18:09.528, 1, 26675, 97871, 100, 348.48
2026/09/26 00:18:09.528, 2, 26675, 97871, 100, 351.21
2026/09/26 00:18:09.528, 3, 26675, 97871, 100, 319.08
2026/09/26 00:18:09.728, 0, 26675, 97871, 100, 343.20
2026/09/26 00:18:09.728, 1, 26675, 97871, 100, 345.72
2026/09/26 00:18:09.728, 2, 26675, 97871, 100, 343.93
2026/09/26 00:18:09.729, 3, 26675, 97871, 100, 320.96
2026/09/26 00:18:09.929, 0, 26675, 97871, 100, 347.50
2026/09/26 00:18:09.929, 1, 26675, 97871, 100, 348.24
2026/09/26 00:18:09.929, 2, 26675, 97871, 100, 351.69
2026/09/26 00:18:09.929, 3, 26675, 97871, 100, 333.97
2026/09/26 00:18:10.129, 0, 26675, 97871, 100, 360.38
2026/09/26 00:18:10.129, 1, 26675, 97871, 100, 363.24
2026/09/26 00:18:10.129, 2, 26675, 97871, 100, 364.18
2026/09/26 00:18:10.129, 3, 26675, 97871, 100, 355.22
2026/09/26 00:18:10.329, 0, 26675, 97871, 100, 367.36
2026/09/26 00:18:10.329, 1, 26675, 97871, 100, 370.96
2026/09/26 00:18:10.329, 2, 26675, 97871, 100, 382.52
2026/09/26 00:18:10.329, 3, 26675, 97871, 100, 359.25
2026/09/26 00:18:10.529, 0, 26675, 97871, 100, 369.65
2026/09/26 00:18:10.529, 1, 26675, 97871, 100, 378.12
2026/09/26 00:18:10.529, 2, 26675, 97871, 100, 385.61
2026/09/26 00:18:10.529, 3, 26675, 97871, 100, 355.22
2026/09/26 00:18:10.729, 0, 26675, 97871, 100, 365.42
2026/09/26 00:18:10.729, 1, 26675, 97871, 100, 381.75
2026/09/26 00:18:10.729, 2, 26675, 97871, 100, 395.24
2026/09/26 00:18:10.729, 3, 26675, 97871, 100, 354.57
2026/09/26 00:18:10.929, 0, 26675, 97871, 100, 362.65
2026/09/26 00:18:10.929, 1, 26675, 97871, 100, 379.23
2026/09/26 00:18:10.930, 2, 26675, 97871, 100, 389.70
2026/09/26 00:18:10.930, 3, 26675, 97871, 100, 350.34
2026/09/26 00:18:11.130, 0, 26675, 97871, 100, 359.66
2026/09/26 00:18:11.130, 1, 26675, 97871, 75, 373.18
2026/09/26 00:18:11.130, 2, 26675, 97871, 100, 372.87
2026/09/26 00:18:11.130, 3, 26675, 97871, 96, 338.22
2026/09/26 00:18:11.330, 0, 26675, 97871, 100, 359.30
2026/09/26 00:18:11.330, 1, 26675, 97871, 100, 366.23
2026/09/26 00:18:11.330, 2, 26675, 97871, 100, 372.44
2026/09/26 00:18:11.330, 3, 26675, 97871, 100, 338.50
2026/09/26 00:18:11.530, 0, 26675, 97871, 100, 358.52
2026/09/26 00:18:11.530, 1, 26675, 97871, 100, 361.49
2026/09/26 00:18:11.530, 2, 26675, 97871, 100, 367.10
2026/09/26 00:18:11.530, 3, 26675, 97871, 100, 340.20
2026/09/26 00:18:11.730, 0, 26675, 97871, 100, 359.19
2026/09/26 00:18:11.730, 1, 26675, 97871, 100, 364.99
2026/09/26 00:18:11.730, 2, 26675, 97871, 100, 358.65
2026/09/26 00:18:11.730, 3, 26675, 97871, 100, 339.36
2026/09/26 00:18:11.930, 0, 26675, 97871, 100, 359.91
2026/09/26 00:18:11.930, 1, 26675, 97871, 100, 367.43
2026/09/26 00:18:11.930, 2, 26675, 97871, 100, 364.92
2026/09/26 00:18:11.930, 3, 26675, 97871, 100, 346.61
2026/09/26 00:18:12.130, 0, 26675, 97871, 100, 357.82
2026/09/26 00:18:12.131, 1, 26675, 97871, 100, 374.01
2026/09/26 00:18:12.131, 2, 26675, 97871, 100, 382.21
2026/09/26 00:18:12.131, 3, 26675, 97871, 100, 353.83
2026/09/26 00:18:12.331, 0, 26675, 97871, 100, 360.98
2026/09/26 00:18:12.331, 1, 26675, 97871, 100, 384.11
2026/09/26 00:18:12.331, 2, 26675, 97871, 100, 381.70
2026/09/26 00:18:12.331, 3, 26675, 97871, 100, 348.82
2026/09/26 00:18:12.531, 0, 26675, 97871, 100, 363.63
2026/09/26 00:18:12.531, 1, 26675, 97871, 100, 377.16
2026/09/26 00:18:12.531, 2, 26675, 97871, 100, 385.73
2026/09/26 00:18:12.531, 3, 26675, 97871, 100, 346.83
2026/09/26 00:18:12.731, 0, 26675, 97871, 100, 359.76
2026/09/26 00:18:12.731, 1, 26675, 97871, 100, 386.84
2026/09/26 00:18:12.731, 2, 26675, 97871, 100, 390.88
2026/09/26 00:18:12.731, 3, 26675, 97871, 100, 344.68
2026/09/26 00:18:12.931, 0, 26675, 97871, 100, 358.95
2026/09/26 00:18:12.931, 1, 26675, 97871, 100, 375.31
2026/09/26 00:18:12.931, 2, 26675, 97871, 100, 383.73
2026/09/26 00:18:12.931, 3, 26675, 97871, 100, 339.24
2026/09/26 00:18:13.131, 0, 26675, 97871, 78, 359.05
2026/09/26 00:18:13.131, 1, 26675, 97871, 100, 374.29
2026/09/26 00:18:13.131, 2, 26675, 97871, 78, 369.09
2026/09/26 00:18:13.131, 3, 26675, 97871, 84, 334.11
2026/09/26 00:18:13.331, 0, 26675, 97871, 100, 358.70
2026/09/26 00:18:13.332, 1, 26675, 97871, 100, 360.60
2026/09/26 00:18:13.332, 2, 26675, 97871, 100, 364.38
2026/09/26 00:18:13.332, 3, 26675, 97871, 100, 338.45
2026/09/26 00:18:13.532, 0, 26675, 97871, 100, 358.88
2026/09/26 00:18:13.532, 1, 26675, 97871, 100, 364.71
2026/09/26 00:18:13.532, 2, 26675, 97871, 100, 361.98
2026/09/26 00:18:13.532, 3, 26675, 97871, 100, 337.88
2026/09/26 00:18:13.732, 0, 26675, 97871, 100, 364.65
2026/09/26 00:18:13.732, 1, 26675, 97871, 100, 360.14
2026/09/26 00:18:13.732, 2, 26675, 97871, 100, 365.34
2026/09/26 00:18:13.732, 3, 26675, 97871, 100, 347.60
2026/09/26 00:18:13.932, 0, 26675, 97871, 100, 360.75
2026/09/26 00:18:13.932, 1, 26675, 97871, 100, 367.96
2026/09/26 00:18:13.932, 2, 26675, 97871, 100, 372.05
2026/09/26 00:18:13.932, 3, 26675, 97871, 100, 356.39
2026/09/26 00:18:14.132, 0, 26675, 97871, 100, 363.98
2026/09/26 00:18:14.132, 1, 26675, 97871, 100, 371.76
2026/09/26 00:18:14.132, 2, 26675, 97871, 100, 382.19
2026/09/26 00:18:14.132, 3, 26675, 97871, 100, 350.64
2026/09/26 00:18:14.332, 0, 26675, 97871, 100, 369.52
2026/09/26 00:18:14.332, 1, 26675, 97871, 100, 379.68
2026/09/26 00:18:14.332, 2, 26675, 97871, 100, 386.64
2026/09/26 00:18:14.332, 3, 26675, 97871, 100, 349.65
2026/09/26 00:18:14.532, 0, 26675, 97871, 100, 367.25
2026/09/26 00:18:14.532, 1, 26675, 97871, 100, 380.93
2026/09/26 00:18:14.532, 2, 26675, 97871, 100, 394.68
2026/09/26 00:18:14.532, 3, 26675, 97871, 100, 346.22
2026/09/26 00:18:14.733, 0, 26675, 97871, 100, 363.48
2026/09/26 00:18:14.733, 1, 26675, 97871, 100, 379.04
2026/09/26 00:18:14.733, 2, 26675, 97871, 100, 388.64
2026/09/26 00:18:14.733, 3, 26675, 97871, 100, 335.65
2026/09/26 00:18:14.933, 0, 26675, 97871, 100, 347.65
2026/09/26 00:18:14.933, 1, 26675, 97871, 57, 361.19
2026/09/26 00:18:14.933, 2, 26675, 97871, 100, 370.14
2026/09/26 00:18:14.933, 3, 26675, 97871, 91, 314.21
2026/09/26 00:18:15.133, 0, 26675, 97871, 70, 344.53
2026/09/26 00:18:15.133, 1, 26675, 97871, 100, 358.41
2026/09/26 00:18:15.133, 2, 26675, 97871, 70, 359.38
2026/09/26 00:18:15.133, 3, 26675, 97871, 96, 318.22
2026/09/26 00:18:15.333, 0, 26675, 97871, 100, 339.00
2026/09/26 00:18:15.333, 1, 26675, 97871, 100, 349.33
2026/09/26 00:18:15.333, 2, 26675, 97871, 100, 358.23
2026/09/26 00:18:15.333, 3, 26675, 97871, 100, 318.21
2026/09/26 00:18:15.533, 0, 26675, 97871, 100, 340.31
2026/09/26 00:18:15.533, 1, 26675, 97871, 100, 349.10
2026/09/26 00:18:15.533, 2, 26675, 97871, 100, 351.10
2026/09/26 00:18:15.533, 3, 26675, 97871, 100, 322.95
2026/09/26 00:18:15.734, 0, 26675, 97871, 100, 346.32
2026/09/26 00:18:15.734, 1, 26675, 97871, 100, 349.46
2026/09/26 00:18:15.734, 2, 26675, 97871, 100, 355.91
2026/09/26 00:18:15.734, 3, 26675, 97871, 100, 334.83
2026/09/26 00:18:15.934, 0, 26675, 97871, 100, 358.83
2026/09/26 00:18:15.934, 1, 26675, 97871, 100, 368.52
2026/09/26 00:18:15.934, 2, 26675, 97871, 100, 376.09
2026/09/26 00:18:15.934, 3, 26675, 97871, 100, 358.10
2026/09/26 00:18:16.134, 0, 26675, 97871, 100, 365.18
2026/09/26 00:18:16.134, 1, 26675, 97871, 100, 369.40
2026/09/26 00:18:16.134, 2, 26675, 97871, 100, 386.81
2026/09/26 00:18:16.134, 3, 26675, 97871, 100, 353.83
2026/09/26 00:18:16.334, 0, 26675, 97871, 100, 370.83
2026/09/26 00:18:16.334, 1, 26675, 97871, 100, 378.70
2026/09/26 00:18:16.334, 2, 26675, 97871, 100, 389.41
2026/09/26 00:18:16.334, 3, 26675, 97871, 100, 349.92
2026/09/26 00:18:16.535, 0, 26675, 97871, 100, 366.76
2026/09/26 00:18:16.535, 1, 26675, 97871, 100, 383.11
2026/09/26 00:18:16.535, 2, 26675, 97871, 100, 395.28
2026/09/26 00:18:16.535, 3, 26675, 97871, 100, 346.27
2026/09/26 00:18:16.735, 0, 26675, 97871, 100, 363.50
2026/09/26 00:18:16.735, 1, 26675, 97871, 100, 378.01
2026/09/26 00:18:16.735, 2, 26675, 97871, 100, 388.45
2026/09/26 00:18:16.735, 3, 26675, 97871, 100, 340.70
2026/09/26 00:18:16.935, 0, 26675, 97871, 100, 359.42
2026/09/26 00:18:16.935, 1, 26675, 97871, 78, 376.08
2026/09/26 00:18:16.935, 2, 26675, 97871, 100, 372.99
2026/09/26 00:18:16.935, 3, 26675, 97871, 77, 328.46
2026/09/26 00:18:17.135, 0, 26675, 97871, 100, 357.93
2026/09/26 00:18:17.135, 1, 26675, 97871, 100, 368.47
2026/09/26 00:18:17.135, 2, 26675, 97871, 100, 370.51
2026/09/26 00:18:17.135, 3, 26675, 97871, 100, 340.61
2026/09/26 00:18:17.335, 0, 26675, 97871, 100, 356.70
2026/09/26 00:18:17.335, 1, 26675, 97871, 100, 362.70
2026/09/26 00:18:17.335, 2, 26675, 97871, 100, 370.18
2026/09/26 00:18:17.335, 3, 26675, 97871, 100, 338.76
2026/09/26 00:18:17.535, 0, 26675, 97871, 100, 360.23
2026/09/26 00:18:17.535, 1, 26675, 97871, 100, 366.78
2026/09/26 00:18:17.535, 2, 26675, 97871, 100, 365.76
2026/09/26 00:18:17.536, 3, 26675, 97871, 100, 346.28
2026/09/26 00:18:17.736, 0, 26675, 97871, 100, 360.72
2026/09/26 00:18:17.736, 1, 26675, 97871, 100, 370.91
2026/09/26 00:18:17.736, 2, 26675, 97871, 100, 371.26
2026/09/26 00:18:17.736, 3, 26675, 97871, 100, 350.51
2026/09/26 00:18:17.936, 0, 26675, 97871, 100, 358.16
2026/09/26 00:18:17.936, 1, 26675, 97871, 100, 375.73
2026/09/26 00:18:17.936, 2, 26675, 97871, 100, 386.62
2026/09/26 00:18:17.936, 3, 26675, 97871, 100, 362.09
2026/09/26 00:18:18.136, 0, 26675, 97871, 100, 361.96
2026/09/26 00:18:18.136, 1, 26675, 97871, 100, 383.02
2026/09/26 00:18:18.136, 2, 26675, 97871, 100, 384.18
2026/09/26 00:18:18.136, 3, 26675, 97871, 100, 354.38
2026/09/26 00:18:18.336, 0, 26675, 97871, 100, 364.65
2026/09/26 00:18:18.336, 1, 26675, 97871, 100, 379.33
2026/09/26 00:18:18.336, 2, 26675, 97871, 100, 389.28
2026/09/26 00:18:18.336, 3, 26675, 97871, 100, 354.59
2026/09/26 00:18:18.536, 0, 26675, 97871, 100, 359.72
2026/09/26 00:18:18.536, 1, 26675, 97871, 100, 383.72
2026/09/26 00:18:18.536, 2, 26675, 97871, 100, 388.19
2026/09/26 00:18:18.536, 3, 26675, 97871, 100, 351.17
2026/09/26 00:18:18.736, 0, 26675, 97871, 100, 356.23
2026/09/26 00:18:18.736, 1, 26675, 97871, 100, 374.83
2026/09/26 00:18:18.736, 2, 26675, 97871, 100, 380.36
2026/09/26 00:18:18.736, 3, 26675, 97871, 100, 335.39
2026/09/26 00:18:18.936, 0, 26675, 97871, 78, 362.24
2026/09/26 00:18:18.936, 1, 26675, 97871, 100, 371.51
2026/09/26 00:18:18.936, 2, 26675, 97871, 78, 370.09
2026/09/26 00:18:18.937, 3, 26675, 97871, 100, 331.59
2026/09/26 00:18:19.137, 0, 26675, 97871, 100, 362.92
2026/09/26 00:18:19.137, 1, 26675, 97871, 100, 360.02
2026/09/26 00:18:19.137, 2, 26675, 97871, 100, 366.16
2026/09/26 00:18:19.137, 3, 26675, 97871, 100, 336.44
2026/09/26 00:18:19.337, 0, 26675, 97871, 100, 361.85
2026/09/26 00:18:19.337, 1, 26675, 97871, 100, 364.54
2026/09/26 00:18:19.337, 2, 26675, 97871, 100, 360.37
2026/09/26 00:18:19.337, 3, 26675, 97871, 100, 338.37
2026/09/26 00:18:19.537, 0, 26675, 97871, 100, 367.54
2026/09/26 00:18:19.537, 1, 26675, 97871, 100, 358.78
2026/09/26 00:18:19.537, 2, 26675, 97871, 100, 366.23
2026/09/26 00:18:19.537, 3, 26675, 97871, 100, 348.72
2026/09/26 00:18:19.737, 0, 26675, 97871, 100, 367.55
2026/09/26 00:18:19.737, 1, 26675, 97871, 100, 366.51
2026/09/26 00:18:19.737, 2, 26675, 97871, 100, 373.16
2026/09/26 00:18:19.737, 3, 26675, 97871, 100, 357.00
2026/09/26 00:18:19.937, 0, 26675, 97871, 100, 367.74
2026/09/26 00:18:19.937, 1, 26675, 97871, 100, 369.92
2026/09/26 00:18:19.937, 2, 26675, 97871, 100, 381.88
2026/09/26 00:18:19.937, 3, 26675, 97871, 100, 352.93
2026/09/26 00:18:20.137, 0, 26675, 97871, 100, 373.09
2026/09/26 00:18:20.137, 1, 26675, 97871, 100, 380.95
2026/09/26 00:18:20.137, 2, 26675, 97871, 100, 387.65
2026/09/26 00:18:20.137, 3, 26675, 97871, 100, 350.26
2026/09/26 00:18:20.337, 0, 26675, 97871, 100, 370.93
2026/09/26 00:18:20.337, 1, 26675, 97871, 100, 383.40
2026/09/26 00:18:20.337, 2, 26675, 97871, 100, 394.63
2026/09/26 00:18:20.337, 3, 26675, 97871, 100, 346.34
2026/09/26 00:18:20.538, 0, 26675, 97871, 100, 373.77
2026/09/26 00:18:20.538, 1, 26675, 97871, 100, 380.14
2026/09/26 00:18:20.538, 2, 26675, 97871, 100, 386.70
2026/09/26 00:18:20.538, 3, 26675, 97871, 100, 336.93
2026/09/26 00:18:20.738, 0, 26675, 97871, 100, 353.63
2026/09/26 00:18:20.738, 1, 26675, 97871, 61, 362.27
2026/09/26 00:18:20.738, 2, 26675, 97871, 100, 359.41
2026/09/26 00:18:20.738, 3, 26675, 97871, 77, 315.98
2026/09/26 00:18:20.938, 0, 26675, 97871, 75, 354.36
2026/09/26 00:18:20.938, 1, 26675, 97871, 100, 358.14
2026/09/26 00:18:20.938, 2, 26675, 97871, 81, 357.61
2026/09/26 00:18:20.938, 3, 26675, 97871, 100, 318.65
2026/09/26 00:18:21.138, 0, 26675, 97871, 100, 347.02
2026/09/26 00:18:21.138, 1, 26675, 97871, 100, 350.51
2026/09/26 00:18:21.138, 2, 26675, 97871, 100, 354.14
2026/09/26 00:18:21.138, 3, 26675, 97871, 100, 321.35
2026/09/26 00:18:21.338, 0, 26675, 97871, 100, 351.09
2026/09/26 00:18:21.338, 1, 26675, 97871, 100, 349.11
2026/09/26 00:18:21.338, 2, 26675, 97871, 100, 348.08
2026/09/26 00:18:21.338, 3, 26675, 97871, 100, 323.73
2026/09/26 00:18:21.538, 0, 26675, 97871, 100, 349.63
2026/09/26 00:18:21.538, 1, 26675, 97871, 100, 354.73
2026/09/26 00:18:21.538, 2, 26675, 97871, 100, 353.61
2026/09/26 00:18:21.538, 3, 26675, 97871, 100, 333.85
2026/09/26 00:18:21.738, 0, 26675, 97871, 100, 365.52
2026/09/26 00:18:21.738, 1, 26675, 97871, 100, 372.73
2026/09/26 00:18:21.738, 2, 26675, 97871, 100, 378.90
2026/09/26 00:18:21.738, 3, 26675, 97871, 100, 356.61
2026/09/26 00:18:21.939, 0, 26675, 97871, 100, 363.17
2026/09/26 00:18:21.939, 1, 26675, 97871, 100, 382.30
2026/09/26 00:18:21.939, 2, 26675, 97871, 100, 384.13
2026/09/26 00:18:21.939, 3, 26675, 97871, 100, 353.24
2026/09/26 00:18:22.139, 0, 26675, 97871, 100, 372.23
2026/09/26 00:18:22.139, 1, 26675, 97871, 100, 382.75
2026/09/26 00:18:22.139, 2, 26675, 97871, 100, 385.83
2026/09/26 00:18:22.139, 3, 26675, 97871, 100, 351.02
2026/09/26 00:18:22.339, 0, 26675, 97871, 100, 364.65
2026/09/26 00:18:22.339, 1, 26675, 97871, 100, 388.17
2026/09/26 00:18:22.339, 2, 26675, 97871, 100, 395.65
2026/09/26 00:18:22.339, 3, 26675, 97871, 100, 351.28
2026/09/26 00:18:22.539, 0, 26675, 97871, 100, 371.41
2026/09/26 00:18:22.539, 1, 26675, 97871, 100, 381.77
2026/09/26 00:18:22.539, 2, 26675, 97871, 100, 390.31
2026/09/26 00:18:22.539, 3, 26675, 97871, 100, 340.55
2026/09/26 00:18:22.739, 0, 26675, 97871, 100, 363.82
2026/09/26 00:18:22.739, 1, 26675, 97871, 98, 378.83
2026/09/26 00:18:22.739, 2, 26675, 97871, 100, 375.87
2026/09/26 00:18:22.739, 3, 26675, 97871, 78, 332.64
2026/09/26 00:18:22.939, 0, 26675, 97871, 100, 367.92
2026/09/26 00:18:22.939, 1, 26675, 97871, 100, 365.50
2026/09/26 00:18:22.939, 2, 26675, 97871, 100, 371.32
2026/09/26 00:18:22.939, 3, 26675, 97871, 100, 343.73
2026/09/26 00:18:23.139, 0, 26675, 97871, 100, 369.05
2026/09/26 00:18:23.139, 1, 26675, 97871, 100, 362.71
2026/09/26 00:18:23.139, 2, 26675, 97871, 100, 364.81
2026/09/26 00:18:23.139, 3, 26675, 97871, 100, 340.84
2026/09/26 00:18:23.340, 0, 26675, 97871, 100, 377.45
2026/09/26 00:18:23.340, 1, 26675, 97871, 100, 363.19
2026/09/26 00:18:23.340, 2, 26675, 97871, 100, 362.59
2026/09/26 00:18:23.340, 3, 26675, 97871, 100, 348.24
2026/09/26 00:18:23.540, 0, 26675, 97871, 100, 367.82
2026/09/26 00:18:23.540, 1, 26675, 97871, 100, 363.45
2026/09/26 00:18:23.540, 2, 26675, 97871, 100, 366.76
2026/09/26 00:18:23.540, 3, 26675, 97871, 100, 354.38
2026/09/26 00:18:23.740, 0, 26675, 97871, 100, 377.28
2026/09/26 00:18:23.740, 1, 26675, 97871, 100, 366.29
2026/09/26 00:18:23.740, 2, 26675, 97871, 100, 380.61
2026/09/26 00:18:23.740, 3, 26675, 97871, 100, 358.78
2026/09/26 00:18:23.940, 0, 26675, 97871, 100, 377.77
2026/09/26 00:18:23.940, 1, 26675, 97871, 100, 376.92
2026/09/26 00:18:23.940, 2, 26675, 97871, 100, 384.75
2026/09/26 00:18:23.940, 3, 26675, 97871, 100, 357.82
2026/09/26 00:18:24.140, 0, 26675, 97871, 100, 377.58
2026/09/26 00:18:24.140, 1, 26675, 97871, 100, 378.51
2026/09/26 00:18:24.140, 2, 26675, 97871, 100, 392.79
2026/09/26 00:18:24.140, 3, 26675, 97871, 100, 353.57
2026/09/26 00:18:24.340, 0, 26675, 97871, 100, 371.41
2026/09/26 00:18:24.340, 1, 26675, 97871, 100, 380.08
2026/09/26 00:18:24.340, 2, 26675, 97871, 100, 386.44
2026/09/26 00:18:24.340, 3, 26675, 97871, 100, 346.73
2026/09/26 00:18:24.540, 0, 26675, 97871, 100, 370.13
2026/09/26 00:18:24.540, 1, 26675, 97871, 76, 375.34
2026/09/26 00:18:24.540, 2, 26675, 97871, 100, 373.59
2026/09/26 00:18:24.540, 3, 26675, 97871, 100, 332.08
2026/09/26 00:18:24.741, 0, 26675, 97871, 76, 370.30
2026/09/26 00:18:24.741, 1, 26675, 97871, 100, 372.74
2026/09/26 00:18:24.741, 2, 26675, 97871, 76, 369.64
2026/09/26 00:18:24.741, 3, 26675, 97871, 100, 337.01
2026/09/26 00:18:24.941, 0, 26675, 97871, 100, 367.21
2026/09/26 00:18:24.941, 1, 26675, 97871, 100, 369.94
2026/09/26 00:18:24.941, 2, 26675, 97871, 100, 368.82
2026/09/26 00:18:24.941, 3, 26675, 97871, 100, 331.87
2026/09/26 00:18:25.141, 0, 26675, 97871, 100, 365.71
2026/09/26 00:18:25.141, 1, 26675, 97871, 100, 368.17
2026/09/26 00:18:25.141, 2, 26675, 97871, 100, 366.11
2026/09/26 00:18:25.141, 3, 26675, 97871, 100, 341.11
2026/09/26 00:18:25.341, 0, 26675, 97871, 100, 370.30
2026/09/26 00:18:25.341, 1, 26675, 97871, 100, 369.57
2026/09/26 00:18:25.341, 2, 26675, 97871, 100, 372.89
2026/09/26 00:18:25.341, 3, 26675, 97871, 100, 349.49
2026/09/26 00:18:25.541, 0, 26675, 97871, 100, 368.41
2026/09/26 00:18:25.541, 1, 26675, 97871, 100, 372.97
2026/09/26 00:18:25.541, 2, 26675, 97871, 100, 387.68
2026/09/26 00:18:25.541, 3, 26675, 97871, 100, 359.30
2026/09/26 00:18:25.741, 0, 26675, 97871, 100, 368.09
2026/09/26 00:18:25.741, 1, 26675, 97871, 100, 383.07
2026/09/26 00:18:25.741, 2, 26675, 97871, 100, 388.71
2026/09/26 00:18:25.741, 3, 26675, 97871, 100, 358.44
2026/09/26 00:18:25.941, 0, 26675, 97871, 100, 372.76
2026/09/26 00:18:25.941, 1, 26675, 97871, 100, 379.25
2026/09/26 00:18:25.941, 2, 26675, 97871, 100, 390.98
2026/09/26 00:18:25.941, 3, 26675, 97871, 100, 358.55
2026/09/26 00:18:26.141, 0, 26675, 97871, 100, 367.88
2026/09/26 00:18:26.142, 1, 26675, 97871, 100, 388.88
2026/09/26 00:18:26.142, 2, 26675, 97871, 100, 399.89
2026/09/26 00:18:26.142, 3, 26675, 97871, 100, 353.67
2026/09/26 00:18:26.342, 0, 26675, 97871, 100, 370.62
2026/09/26 00:18:26.342, 1, 26675, 97871, 100, 379.37
2026/09/26 00:18:26.342, 2, 26675, 97871, 100, 391.92
2026/09/26 00:18:26.342, 3, 26675, 97871, 100, 339.54
2026/09/26 00:18:26.542, 0, 26675, 97871, 91, 349.73
2026/09/26 00:18:26.542, 1, 26675, 97871, 42, 353.30
2026/09/26 00:18:26.542, 2, 26675, 97871, 97, 355.21
2026/09/26 00:18:26.542, 3, 26675, 97871, 51, 318.50
2026/09/26 00:18:26.742, 0, 26675, 97871, 66, 350.46
2026/09/26 00:18:26.742, 1, 26675, 97871, 100, 349.33
2026/09/26 00:18:26.742, 2, 26675, 97871, 64, 348.47
2026/09/26 00:18:26.742, 3, 26675, 97871, 100, 319.74
2026/09/26 00:18:26.942, 0, 26675, 97871, 100, 328.14
2026/09/26 00:18:26.942, 1, 26675, 97871, 80, 339.17
2026/09/26 00:18:26.942, 2, 26675, 97871, 100, 338.14
2026/09/26 00:18:26.942, 3, 26675, 97871, 100, 297.54
2026/09/26 00:18:27.142, 0, 26675, 97871, 56, 298.77
2026/09/26 00:18:27.142, 1, 26675, 97871, 68, 301.74
2026/09/26 00:18:27.142, 2, 26675, 97871, 68, 299.36
2026/09/26 00:18:27.142, 3, 26675, 97871, 36, 271.92
2026/09/26 00:18:27.342, 0, 26675, 97871, 53, 259.00
2026/09/26 00:18:27.342, 1, 26675, 97871, 55, 271.14
2026/09/26 00:18:27.342, 2, 26675, 97871, 71, 264.77
2026/09/26 00:18:27.342, 3, 26675, 97871, 38, 247.85
2026/09/26 00:18:27.542, 0, 26675, 97871, 56, 252.57
2026/09/26 00:18:27.542, 1, 26675, 97871, 58, 267.24
2026/09/26 00:18:27.543, 2, 26675, 97871, 73, 259.68
2026/09/26 00:18:27.543, 3, 26675, 97871, 40, 239.49
2026/09/26 00:18:27.743, 0, 26675, 97871, 58, 221.12
2026/09/26 00:18:27.743, 1, 26675, 97871, 67, 229.05
2026/09/26 00:18:27.743, 2, 26675, 97871, 72, 230.35
2026/09/26 00:18:27.743, 3, 26675, 97871, 42, 213.10
2026/09/26 00:18:27.943, 0, 26675, 97871, 38, 207.11
2026/09/26 00:18:27.943, 1, 26675, 97871, 66, 214.96
2026/09/26 00:18:27.943, 2, 26675, 97871, 61, 205.31
2026/09/26 00:18:27.943, 3, 26675, 97871, 36, 203.58
2026/09/26 00:18:28.143, 0, 26675, 97871, 49, 207.95
2026/09/26 00:18:28.143, 1, 26675, 97871, 47, 215.40
2026/09/26 00:18:28.143, 2, 26675, 97871, 65, 205.12
2026/09/26 00:18:28.143, 3, 26675, 97871, 48, 203.29
2026/09/26 00:18:28.343, 0, 26675, 97871, 51, 208.22
2026/09/26 00:18:28.343, 1, 26675, 97871, 40, 215.96
2026/09/26 00:18:28.343, 2, 26675, 97871, 75, 206.72
2026/09/26 00:18:28.343, 3, 26675, 97871, 41, 203.17
2026/09/26 00:18:28.543, 0, 26675, 97871, 62, 208.32
2026/09/26 00:18:28.543, 1, 26675, 97871, 52, 216.54
2026/09/26 00:18:28.543, 2, 26675, 97871, 66, 207.03
2026/09/26 00:18:28.543, 3, 26675, 97871, 39, 203.45
2026/09/26 00:18:28.743, 0, 26675, 97871, 58, 209.48
2026/09/26 00:18:28.743, 1, 26675, 97871, 63, 216.03
2026/09/26 00:18:28.743, 2, 26675, 97871, 69, 207.54
2026/09/26 00:18:28.743, 3, 26675, 97871, 38, 204.28
2026/09/26 00:18:28.943, 0, 26675, 97871, 54, 209.33
2026/09/26 00:18:28.944, 1, 26675, 97871, 56, 216.08
2026/09/26 00:18:28.944, 2, 26675, 97871, 61, 208.06
2026/09/26 00:18:28.944, 3, 26675, 97871, 42, 204.19
2026/09/26 00:18:29.144, 0, 26675, 97871, 42, 208.04
2026/09/26 00:18:29.144, 1, 26675, 97871, 54, 216.11
2026/09/26 00:18:29.144, 2, 26675, 97871, 75, 207.58
2026/09/26 00:18:29.144, 3, 26675, 97871, 43, 203.21
2026/09/26 00:18:29.344, 0, 26675, 97871, 61, 208.30
2026/09/26 00:18:29.344, 1, 26675, 97871, 45, 215.62
2026/09/26 00:18:29.344, 2, 26675, 97871, 71, 208.32
2026/09/26 00:18:29.344, 3, 26675, 97871, 40, 203.55
2026/09/26 00:18:29.544, 0, 26675, 97871, 59, 207.98
2026/09/26 00:18:29.544, 1, 26675, 97871, 50, 215.25
2026/09/26 00:18:29.544, 2, 26675, 97871, 69, 207.82
2026/09/26 00:18:29.544, 3, 26675, 97871, 41, 202.25
2026/09/26 00:18:29.744, 0, 26675, 97871, 50, 208.16
2026/09/26 00:18:29.744, 1, 26675, 97871, 50, 215.82
2026/09/26 00:18:29.744, 2, 26675, 97871, 61, 208.21
2026/09/26 00:18:29.744, 3, 26675, 97871, 43, 202.57
2026/09/26 00:18:29.944, 0, 26675, 97871, 46, 207.74
2026/09/26 00:18:29.945, 1, 26675, 97871, 50, 217.10
2026/09/26 00:18:29.945, 2, 26675, 97871, 70, 208.72
2026/09/26 00:18:29.945, 3, 26675, 97871, 42, 202.81
2026/09/26 00:18:30.145, 0, 26675, 97871, 42, 209.04
2026/09/26 00:18:30.145, 1, 26675, 97871, 55, 216.19
2026/09/26 00:18:30.145, 2, 26675, 97871, 60, 209.86
2026/09/26 00:18:30.145, 3, 26675, 97871, 43, 203.68
2026/09/26 00:18:30.345, 0, 26675, 97871, 46, 208.95
2026/09/26 00:18:30.345, 1, 26675, 97871, 66, 217.48
2026/09/26 00:18:30.345, 2, 26675, 97871, 64, 208.46
2026/09/26 00:18:30.345, 3, 26675, 97871, 46, 202.64
2026/09/26 00:18:30.545, 0, 26675, 97871, 61, 209.45
2026/09/26 00:18:30.545, 1, 26675, 97871, 52, 218.77
2026/09/26 00:18:30.545, 2, 26675, 97871, 79, 208.51
2026/09/26 00:18:30.545, 3, 26675, 97871, 46, 203.77
2026/09/26 00:18:30.745, 0, 26675, 97871, 44, 209.56
2026/09/26 00:18:30.745, 1, 26675, 97871, 50, 218.61
2026/09/26 00:18:30.745, 2, 26675, 97871, 66, 206.86
2026/09/26 00:18:30.745, 3, 26675, 97871, 35, 204.72
2026/09/26 00:18:30.945, 0, 26675, 97871, 58, 210.97
2026/09/26 00:18:30.945, 1, 26675, 97871, 40, 218.43
2026/09/26 00:18:30.945, 2, 26675, 97871, 74, 207.72
2026/09/26 00:18:30.945, 3, 26675, 97871, 46, 204.49
2026/09/26 00:18:31.146, 0, 26675, 97871, 61, 210.89
2026/09/26 00:18:31.146, 1, 26675, 97871, 38, 218.75
2026/09/26 00:18:31.146, 2, 26675, 97871, 71, 206.88
2026/09/26 00:18:31.146, 3, 26675, 97871, 63, 203.94
2026/09/26 00:18:31.346, 0, 26675, 97871, 63, 210.38
2026/09/26 00:18:31.346, 1, 26675, 97871, 42, 218.13
2026/09/26 00:18:31.346, 2, 26675, 97871, 54, 208.32
2026/09/26 00:18:31.346, 3, 26675, 97871, 51, 205.29
2026/09/26 00:18:31.546, 0, 26675, 97871, 60, 211.15
2026/09/26 00:18:31.546, 1, 26675, 97871, 65, 217.42
2026/09/26 00:18:31.546, 2, 26675, 97871, 71, 208.92
2026/09/26 00:18:31.546, 3, 26675, 97871, 36, 205.39
2026/09/26 00:18:31.746, 0, 26675, 97871, 59, 210.93
2026/09/26 00:18:31.746, 1, 26675, 97871, 52, 217.37
2026/09/26 00:18:31.746, 2, 26675, 97871, 62, 209.49
2026/09/26 00:18:31.746, 3, 26675, 97871, 38, 204.26
2026/09/26 00:18:31.946, 0, 26675, 97871, 55, 210.33
2026/09/26 00:18:31.946, 1, 26675, 97871, 39, 217.72
2026/09/26 00:18:31.946, 2, 26675, 97871, 70, 207.09
2026/09/26 00:18:31.946, 3, 26675, 97871, 63, 204.32
2026/09/26 00:18:32.146, 0, 26675, 97871, 43, 210.02
2026/09/26 00:18:32.146, 1, 26675, 97871, 45, 218.92
2026/09/26 00:18:32.146, 2, 26675, 97871, 72, 205.60
2026/09/26 00:18:32.146, 3, 26675, 97871, 47, 204.55
2026/09/26 00:18:32.347, 0, 26675, 97871, 46, 209.75
2026/09/26 00:18:32.347, 1, 26675, 97871, 43, 221.42
2026/09/26 00:18:32.347, 2, 26675, 97871, 70, 206.93
2026/09/26 00:18:32.347, 3, 26675, 97871, 43, 204.04
2026/09/26 00:18:32.547, 0, 26675, 97871, 54, 209.55
2026/09/26 00:18:32.547, 1, 26675, 97871, 58, 223.12
2026/09/26 00:18:32.547, 2, 26675, 97871, 76, 206.42
2026/09/26 00:18:32.547, 3, 26675, 97871, 38, 204.23
2026/09/26 00:18:32.747, 0, 26675, 97871, 45, 209.92
2026/09/26 00:18:32.747, 1, 26675, 97871, 51, 222.54
2026/09/26 00:18:32.747, 2, 26675, 97871, 69, 207.05
2026/09/26 00:18:32.747, 3, 26675, 97871, 54, 204.74
2026/09/26 00:18:32.947, 0, 26675, 97871, 61, 211.04
2026/09/26 00:18:32.947, 1, 26675, 97871, 51, 222.80
2026/09/26 00:18:32.947, 2, 26675, 97871, 63, 209.21
2026/09/26 00:18:32.947, 3, 26675, 97871, 42, 205.11
2026/09/26 00:18:33.147, 0, 26675, 97871, 63, 212.13
2026/09/26 00:18:33.147, 1, 26675, 97871, 45, 222.20
2026/09/26 00:18:33.147, 2, 26675, 97871, 79, 212.21
2026/09/26 00:18:33.147, 3, 26675, 97871, 54, 207.05
2026/09/26 00:18:33.347, 0, 26675, 97871, 45, 214.30
2026/09/26 00:18:33.348, 1, 26675, 97871, 40, 220.67
2026/09/26 00:18:33.348, 2, 26675, 97871, 68, 210.32
2026/09/26 00:18:33.348, 3, 26675, 97871, 50, 208.23
2026/09/26 00:18:33.548, 0, 26675, 97871, 67, 213.70
2026/09/26 00:18:33.548, 1, 26675, 97871, 40, 219.29
2026/09/26 00:18:33.548, 2, 26675, 97871, 67, 209.74
2026/09/26 00:18:33.548, 3, 26675, 97871, 61, 208.15
2026/09/26 00:18:33.748, 0, 26675, 97871, 66, 211.43
2026/09/26 00:18:33.748, 1, 26675, 97871, 41, 218.48
2026/09/26 00:18:33.748, 2, 26675, 97871, 69, 209.73
2026/09/26 00:18:33.748, 3, 26675, 97871, 40, 205.77
2026/09/26 00:18:33.948, 0, 26675, 97871, 34, 232.28
2026/09/26 00:18:33.948, 1, 26675, 97871, 82, 240.90
2026/09/26 00:18:33.948, 2, 26675, 97871, 49, 217.00
2026/09/26 00:18:33.948, 3, 26675, 97871, 19, 228.04
2026/09/26 00:18:34.148, 0, 26675, 97871, 100, 262.49
2026/09/26 00:18:34.148, 1, 26675, 97871, 100, 271.99
2026/09/26 00:18:34.148, 2, 26675, 97871, 100, 248.79
2026/09/26 00:18:34.148, 3, 26675, 97871, 100, 246.80
2026/09/26 00:18:34.348, 0, 26675, 97871, 100, 259.00
2026/09/26 00:18:34.348, 1, 26675, 97871, 55, 273.42
2026/09/26 00:18:34.348, 2, 26675, 97871, 100, 257.57
2026/09/26 00:18:34.348, 3, 26675, 97871, 78, 246.22
2026/09/26 00:18:34.548, 0, 26675, 97871, 39, 259.76
2026/09/26 00:18:34.549, 1, 26675, 97871, 79, 272.95
2026/09/26 00:18:34.549, 2, 26675, 97871, 68, 258.26
2026/09/26 00:18:34.549, 3, 26675, 97871, 39, 245.25
2026/09/26 00:18:34.749, 0, 26675, 97871, 43, 261.22
2026/09/26 00:18:34.749, 1, 26675, 97871, 49, 271.84
2026/09/26 00:18:34.749, 2, 26675, 97871, 73, 256.92
2026/09/26 00:18:34.749, 3, 26675, 97871, 45, 246.41
2026/09/26 00:18:34.949, 0, 26675, 97871, 62, 240.93
2026/09/26 00:18:34.949, 1, 26675, 97871, 69, 249.36
2026/09/26 00:18:34.949, 2, 26675, 97871, 76, 250.46
2026/09/26 00:18:34.949, 3, 26675, 97871, 37, 224.30
2026/09/26 00:18:35.149, 0, 26675, 97871, 51, 210.13
2026/09/26 00:18:35.149, 1, 26675, 97871, 53, 218.77
2026/09/26 00:18:35.149, 2, 26675, 97871, 70, 215.42
2026/09/26 00:18:35.149, 3, 26675, 97871, 54, 204.92
2026/09/26 00:18:35.349, 0, 26675, 97871, 39, 207.25
2026/09/26 00:18:35.349, 1, 26675, 97871, 65, 215.02
2026/09/26 00:18:35.349, 2, 26675, 97871, 73, 206.17
2026/09/26 00:18:35.349, 3, 26675, 97871, 44, 204.24
2026/09/26 00:18:35.549, 0, 26675, 97871, 46, 207.32
2026/09/26 00:18:35.549, 1, 26675, 97871, 63, 214.54
2026/09/26 00:18:35.549, 2, 26675, 97871, 71, 205.88
2026/09/26 00:18:35.549, 3, 26675, 97871, 36, 203.93
2026/09/26 00:18:35.749, 0, 26675, 97871, 57, 207.47
2026/09/26 00:18:35.749, 1, 26675, 97871, 59, 213.81
2026/09/26 00:18:35.749, 2, 26675, 97871, 62, 206.10
2026/09/26 00:18:35.749, 3, 26675, 97871, 55, 204.14
2026/09/26 00:18:35.950, 0, 26675, 97871, 53, 205.85
2026/09/26 00:18:35.950, 1, 26675, 97871, 77, 214.75
2026/09/26 00:18:35.950, 2, 26675, 97871, 60, 206.55
2026/09/26 00:18:35.950, 3, 26675, 97871, 38, 203.98
2026/09/26 00:18:36.150, 0, 26675, 97871, 59, 206.17
2026/09/26 00:18:36.150, 1, 26675, 97871, 51, 215.41
2026/09/26 00:18:36.150, 2, 26675, 97871, 60, 206.04
2026/09/26 00:18:36.150, 3, 26675, 97871, 39, 203.88
2026/09/26 00:18:36.350, 0, 26675, 97871, 46, 206.67
2026/09/26 00:18:36.350, 1, 26675, 97871, 68, 216.42
2026/09/26 00:18:36.350, 2, 26675, 97871, 70, 204.94
2026/09/26 00:18:36.350, 3, 26675, 97871, 45, 203.87
2026/09/26 00:18:36.550, 0, 26675, 97871, 47, 206.37
2026/09/26 00:18:36.550, 1, 26675, 97871, 68, 216.59
2026/09/26 00:18:36.550, 2, 26675, 97871, 46, 205.10
2026/09/26 00:18:36.550, 3, 26675, 97871, 60, 203.31
2026/09/26 00:18:36.750, 0, 26675, 97871, 56, 206.41
2026/09/26 00:18:36.750, 1, 26675, 97871, 73, 218.01
2026/09/26 00:18:36.750, 2, 26675, 97871, 67, 204.87
2026/09/26 00:18:36.750, 3, 26675, 97871, 37, 204.11
2026/09/26 00:18:36.950, 0, 26675, 97871, 51, 208.35
2026/09/26 00:18:36.950, 1, 26675, 97871, 73, 218.14
2026/09/26 00:18:36.950, 2, 26675, 97871, 63, 205.79
2026/09/26 00:18:36.950, 3, 26675, 97871, 34, 204.03
2026/09/26 00:18:37.150, 0, 26675, 97871, 71, 208.57
2026/09/26 00:18:37.150, 1, 26675, 97871, 67, 219.79
2026/09/26 00:18:37.150, 2, 26675, 97871, 72, 206.22
2026/09/26 00:18:37.151, 3, 26675, 97871, 35, 203.26
2026/09/26 00:18:37.351, 0, 26675, 97871, 56, 208.88
2026/09/26 00:18:37.351, 1, 26675, 97871, 63, 220.68
2026/09/26 00:18:37.351, 2, 26675, 97871, 59, 207.79
2026/09/26 00:18:37.351, 3, 26675, 97871, 34, 203.24
2026/09/26 00:18:37.551, 0, 26675, 97871, 47, 209.10
2026/09/26 00:18:37.551, 1, 26675, 97871, 59, 220.38
2026/09/26 00:18:37.551, 2, 26675, 97871, 72, 208.08
2026/09/26 00:18:37.551, 3, 26675, 97871, 38, 203.63
2026/09/26 00:18:37.751, 0, 26675, 97871, 44, 208.80
2026/09/26 00:18:37.751, 1, 26675, 97871, 46, 220.37
2026/09/26 00:18:37.751, 2, 26675, 97871, 67, 209.19
2026/09/26 00:18:37.751, 3, 26675, 97871, 37, 203.66
2026/09/26 00:18:37.951, 0, 26675, 97871, 52, 208.94
2026/09/26 00:18:37.951, 1, 26675, 97871, 60, 219.40
2026/09/26 00:18:37.951, 2, 26675, 97871, 60, 208.42
2026/09/26 00:18:37.951, 3, 26675, 97871, 38, 204.14
2026/09/26 00:18:38.151, 0, 26675, 97871, 51, 209.08
2026/09/26 00:18:38.151, 1, 26675, 97871, 48, 218.32
2026/09/26 00:18:38.151, 2, 26675, 97871, 68, 208.31
2026/09/26 00:18:38.151, 3, 26675, 97871, 42, 205.18
2026/09/26 00:18:38.351, 0, 26675, 97871, 50, 209.48
2026/09/26 00:18:38.352, 1, 26675, 97871, 46, 218.03
2026/09/26 00:18:38.352, 2, 26675, 97871, 61, 208.85
2026/09/26 00:18:38.352, 3, 26675, 97871, 38, 206.43
2026/09/26 00:18:38.552, 0, 26675, 97871, 52, 209.87
2026/09/26 00:18:38.552, 1, 26675, 97871, 58, 219.31
2026/09/26 00:18:38.552, 2, 26675, 97871, 61, 209.23
2026/09/26 00:18:38.552, 3, 26675, 97871, 38, 206.19
2026/09/26 00:18:38.752, 0, 26675, 97871, 45, 209.46
2026/09/26 00:18:38.752, 1, 26675, 97871, 60, 220.01
2026/09/26 00:18:38.752, 2, 26675, 97871, 54, 208.09
2026/09/26 00:18:38.752, 3, 26675, 97871, 42, 205.80
2026/09/26 00:18:38.952, 0, 26675, 97871, 62, 210.04
2026/09/26 00:18:38.952, 1, 26675, 97871, 71, 220.19
2026/09/26 00:18:38.952, 2, 26675, 97871, 69, 207.38
2026/09/26 00:18:38.952, 3, 26675, 97871, 34, 204.76
2026/09/26 00:18:39.152, 0, 26675, 97871, 69, 210.82
2026/09/26 00:18:39.152, 1, 26675, 97871, 72, 220.36
2026/09/26 00:18:39.152, 2, 26675, 97871, 77, 207.63
2026/09/26 00:18:39.152, 3, 26675, 97871, 36, 204.43
2026/09/26 00:18:39.352, 0, 26675, 97871, 73, 211.05
2026/09/26 00:18:39.352, 1, 26675, 97871, 73, 220.05
2026/09/26 00:18:39.352, 2, 26675, 97871, 73, 207.71
2026/09/26 00:18:39.352, 3, 26675, 97871, 36, 203.59
2026/09/26 00:18:39.553, 0, 26675, 97871, 40, 211.13
2026/09/26 00:18:39.553, 1, 26675, 97871, 68, 218.98
2026/09/26 00:18:39.553, 2, 26675, 97871, 71, 206.52
2026/09/26 00:18:39.553, 3, 26675, 97871, 37, 204.38
2026/09/26 00:18:39.753, 0, 26675, 97871, 57, 212.11
2026/09/26 00:18:39.753, 1, 26675, 97871, 62, 219.91
2026/09/26 00:18:39.753, 2, 26675, 97871, 69, 208.11
2026/09/26 00:18:39.753, 3, 26675, 97871, 38, 204.34
2026/09/26 00:18:39.953, 0, 26675, 97871, 75, 211.72
2026/09/26 00:18:39.953, 1, 26675, 97871, 63, 221.60
2026/09/26 00:18:39.953, 2, 26675, 97871, 73, 208.90
2026/09/26 00:18:39.953, 3, 26675, 97871, 36, 205.31
2026/09/26 00:18:40.153, 0, 26675, 97871, 54, 211.29
2026/09/26 00:18:40.153, 1, 26675, 97871, 71, 221.95
2026/09/26 00:18:40.153, 2, 26675, 97871, 68, 208.46
2026/09/26 00:18:40.153, 3, 26675, 97871, 36, 205.94
2026/09/26 00:18:40.353, 0, 26675, 97871, 58, 212.71
2026/09/26 00:18:40.353, 1, 26675, 97871, 69, 221.29
2026/09/26 00:18:40.353, 2, 26675, 97871, 68, 208.30
2026/09/26 00:18:40.353, 3, 26675, 97871, 37, 206.38
2026/09/26 00:18:40.553, 0, 26675, 97871, 43, 212.02
2026/09/26 00:18:40.553, 1, 26675, 97871, 63, 221.54
2026/09/26 00:18:40.553, 2, 26675, 97871, 74, 208.62
2026/09/26 00:18:40.553, 3, 26675, 97871, 41, 206.54
2026/09/26 00:18:40.753, 0, 26675, 97871, 63, 212.34
2026/09/26 00:18:40.753, 1, 26675, 97871, 64, 222.17
2026/09/26 00:18:40.753, 2, 26675, 97871, 67, 208.52
2026/09/26 00:18:40.753, 3, 26675, 97871, 40, 206.66
2026/09/26 00:18:40.954, 0, 26675, 97871, 64, 212.91
2026/09/26 00:18:40.954, 1, 26675, 97871, 70, 221.62
2026/09/26 00:18:40.954, 2, 26675, 97871, 76, 209.45
2026/09/26 00:18:40.954, 3, 26675, 97871, 36, 207.15
2026/09/26 00:18:41.154, 0, 26675, 97871, 50, 219.06
2026/09/26 00:18:41.154, 1, 26675, 97871, 32, 228.81
2026/09/26 00:18:41.154, 2, 26675, 97871, 68, 207.03
2026/09/26 00:18:41.154, 3, 26675, 97871, 31, 216.38
2026/09/26 00:18:41.354, 0, 26675, 97871, 71, 248.14
2026/09/26 00:18:41.354, 1, 26675, 97871, 100, 261.79
2026/09/26 00:18:41.354, 2, 26675, 97871, 71, 237.61
2026/09/26 00:18:41.354, 3, 26675, 97871, 100, 241.60
2026/09/26 00:18:41.554, 0, 26675, 97871, 100, 260.53
2026/09/26 00:18:41.554, 1, 26675, 97871, 80, 274.26
2026/09/26 00:18:41.554, 2, 26675, 97871, 100, 261.02
2026/09/26 00:18:41.554, 3, 26675, 97871, 100, 247.19
2026/09/26 00:18:41.754, 0, 26675, 97871, 52, 258.14
2026/09/26 00:18:41.754, 1, 26675, 97871, 50, 274.32
2026/09/26 00:18:41.754, 2, 26675, 97871, 60, 259.83
2026/09/26 00:18:41.754, 3, 26675, 97871, 48, 246.39
2026/09/26 00:18:41.954, 0, 26675, 97871, 52, 257.55
2026/09/26 00:18:41.954, 1, 26675, 97871, 64, 270.92
2026/09/26 00:18:41.954, 2, 26675, 97871, 70, 259.67
2026/09/26 00:18:41.954, 3, 26675, 97871, 58, 246.71
2026/09/26 00:18:42.154, 0, 26675, 97871, 38, 253.52
2026/09/26 00:18:42.154, 1, 26675, 97871, 62, 266.82
2026/09/26 00:18:42.154, 2, 26675, 97871, 75, 261.92
2026/09/26 00:18:42.155, 3, 26675, 97871, 47, 238.76
2026/09/26 00:18:42.355, 0, 26675, 97871, 51, 219.79
2026/09/26 00:18:42.355, 1, 26675, 97871, 71, 229.32
2026/09/26 00:18:42.355, 2, 26675, 97871, 78, 233.89
2026/09/26 00:18:42.355, 3, 26675, 97871, 36, 210.28
2026/09/26 00:18:42.555, 0, 26675, 97871, 52, 207.18
2026/09/26 00:18:42.555, 1, 26675, 97871, 66, 215.22
2026/09/26 00:18:42.555, 2, 26675, 97871, 57, 206.18
2026/09/26 00:18:42.555, 3, 26675, 97871, 36, 203.66
2026/09/26 00:18:42.755, 0, 26675, 97871, 46, 208.03
2026/09/26 00:18:42.755, 1, 26675, 97871, 71, 214.21
2026/09/26 00:18:42.755, 2, 26675, 97871, 64, 206.84
2026/09/26 00:18:42.755, 3, 26675, 97871, 34, 203.46
2026/09/26 00:18:42.955, 0, 26675, 97871, 48, 208.63
2026/09/26 00:18:42.955, 1, 26675, 97871, 57, 214.85
2026/09/26 00:18:42.955, 2, 26675, 97871, 66, 206.98
2026/09/26 00:18:42.955, 3, 26675, 97871, 35, 203.44
2026/09/26 00:18:43.155, 0, 26675, 97871, 41, 207.84
2026/09/26 00:18:43.155, 1, 26675, 97871, 59, 215.87
2026/09/26 00:18:43.155, 2, 26675, 97871, 75, 206.61
2026/09/26 00:18:43.155, 3, 26675, 97871, 42, 203.21
2026/09/26 00:18:43.355, 0, 26675, 97871, 58, 207.86
2026/09/26 00:18:43.355, 1, 26675, 97871, 58, 216.27
2026/09/26 00:18:43.355, 2, 26675, 97871, 70, 206.10
2026/09/26 00:18:43.355, 3, 26675, 97871, 37, 202.76
2026/09/26 00:18:43.556, 0, 26675, 97871, 44, 207.97
2026/09/26 00:18:43.556, 1, 26675, 97871, 59, 217.11
2026/09/26 00:18:43.556, 2, 26675, 97871, 64, 207.52
2026/09/26 00:18:43.556, 3, 26675, 97871, 38, 202.39
2026/09/26 00:18:43.756, 0, 26675, 97871, 58, 208.26
2026/09/26 00:18:43.756, 1, 26675, 97871, 64, 217.72
2026/09/26 00:18:43.756, 2, 26675, 97871, 65, 206.99
2026/09/26 00:18:43.756, 3, 26675, 97871, 38, 202.55
2026/09/26 00:18:43.956, 0, 26675, 97871, 45, 207.41
2026/09/26 00:18:43.956, 1, 26675, 97871, 56, 217.83
2026/09/26 00:18:43.956, 2, 26675, 97871, 80, 207.30
2026/09/26 00:18:43.956, 3, 26675, 97871, 36, 202.69
2026/09/26 00:18:44.156, 0, 26675, 97871, 48, 208.23
2026/09/26 00:18:44.156, 1, 26675, 97871, 64, 216.46
2026/09/26 00:18:44.156, 2, 26675, 97871, 74, 208.33
2026/09/26 00:18:44.156, 3, 26675, 97871, 37, 202.60
2026/09/26 00:18:44.356, 0, 26675, 97871, 59, 209.36
2026/09/26 00:18:44.356, 1, 26675, 97871, 59, 216.73
2026/09/26 00:18:44.356, 2, 26675, 97871, 74, 208.32
2026/09/26 00:18:44.356, 3, 26675, 97871, 38, 203.27
2026/09/26 00:18:44.556, 0, 26675, 97871, 46, 209.97
2026/09/26 00:18:44.556, 1, 26675, 97871, 50, 217.15
2026/09/26 00:18:44.556, 2, 26675, 97871, 75, 209.56
2026/09/26 00:18:44.556, 3, 26675, 97871, 35, 203.48
2026/09/26 00:18:44.756, 0, 26675, 97871, 58, 210.31
2026/09/26 00:18:44.757, 1, 26675, 97871, 74, 217.81
2026/09/26 00:18:44.757, 2, 26675, 97871, 62, 208.55
2026/09/26 00:18:44.757, 3, 26675, 97871, 42, 203.35
2026/09/26 00:18:44.957, 0, 26675, 97871, 60, 212.11
2026/09/26 00:18:44.957, 1, 26675, 97871, 56, 217.62
2026/09/26 00:18:44.957, 2, 26675, 97871, 74, 208.41
2026/09/26 00:18:44.957, 3, 26675, 97871, 36, 202.91
2026/09/26 00:18:45.157, 0, 26675, 97871, 61, 211.94
2026/09/26 00:18:45.157, 1, 26675, 97871, 47, 218.44
2026/09/26 00:18:45.157, 2, 26675, 97871, 70, 208.29
2026/09/26 00:18:45.157, 3, 26675, 97871, 37, 202.80
2026/09/26 00:18:45.357, 0, 26675, 97871, 47, 211.44
2026/09/26 00:18:45.357, 1, 26675, 97871, 61, 218.61
2026/09/26 00:18:45.357, 2, 26675, 97871, 71, 209.51
2026/09/26 00:18:45.357, 3, 26675, 97871, 36, 203.24
2026/09/26 00:18:45.557, 0, 26675, 97871, 61, 210.67
2026/09/26 00:18:45.557, 1, 26675, 97871, 76, 219.75
2026/09/26 00:18:45.557, 2, 26675, 97871, 75, 208.68
2026/09/26 00:18:45.557, 3, 26675, 97871, 35, 203.52
2026/09/26 00:18:45.757, 0, 26675, 97871, 59, 210.79
2026/09/26 00:18:45.757, 1, 26675, 97871, 70, 219.73
2026/09/26 00:18:45.757, 2, 26675, 97871, 74, 208.94
2026/09/26 00:18:45.757, 3, 26675, 97871, 34, 203.73
2026/09/26 00:18:45.957, 0, 26675, 97871, 71, 210.02
2026/09/26 00:18:45.957, 1, 26675, 97871, 68, 220.11
2026/09/26 00:18:45.957, 2, 26675, 97871, 80, 209.25
2026/09/26 00:18:45.957, 3, 26675, 97871, 34, 203.65
2026/09/26 00:18:46.158, 0, 26675, 97871, 68, 210.14
2026/09/26 00:18:46.158, 1, 26675, 97871, 70, 220.29
2026/09/26 00:18:46.158, 2, 26675, 97871, 73, 209.79
2026/09/26 00:18:46.158, 3, 26675, 97871, 35, 204.27
2026/09/26 00:18:46.358, 0, 26675, 97871, 65, 209.84
2026/09/26 00:18:46.358, 1, 26675, 97871, 68, 220.34
2026/09/26 00:18:46.358, 2, 26675, 97871, 75, 209.11
2026/09/26 00:18:46.358, 3, 26675, 97871, 36, 203.68
2026/09/26 00:18:46.558, 0, 26675, 97871, 66, 210.30
2026/09/26 00:18:46.558, 1, 26675, 97871, 63, 219.21
2026/09/26 00:18:46.558, 2, 26675, 97871, 78, 208.63
2026/09/26 00:18:46.558, 3, 26675, 97871, 34, 203.34
2026/09/26 00:18:46.758, 0, 26675, 97871, 67, 209.73
2026/09/26 00:18:46.758, 1, 26675, 97871, 76, 219.08
2026/09/26 00:18:46.758, 2, 26675, 97871, 72, 209.41
2026/09/26 00:18:46.758, 3, 26675, 97871, 36, 203.81
2026/09/26 00:18:46.958, 0, 26675, 97871, 71, 211.25
2026/09/26 00:18:46.958, 1, 26675, 97871, 72, 219.26
2026/09/26 00:18:46.958, 2, 26675, 97871, 73, 210.26
2026/09/26 00:18:46.958, 3, 26675, 97871, 38, 206.37
2026/09/26 00:18:47.158, 0, 26675, 97871, 59, 211.63
2026/09/26 00:18:47.158, 1, 26675, 97871, 67, 219.89
2026/09/26 00:18:47.158, 2, 26675, 97871, 77, 209.19
2026/09/26 00:18:47.158, 3, 26675, 97871, 37, 207.13
2026/09/26 00:18:47.359, 0, 26675, 97871, 41, 211.93
2026/09/26 00:18:47.359, 1, 26675, 97871, 41, 219.98
2026/09/26 00:18:47.359, 2, 26675, 97871, 83, 210.59
2026/09/26 00:18:47.359, 3, 26675, 97871, 38, 207.97
2026/09/26 00:18:47.559, 0, 26675, 97871, 53, 211.54
2026/09/26 00:18:47.559, 1, 26675, 97871, 56, 221.02
2026/09/26 00:18:47.559, 2, 26675, 97871, 75, 210.21
2026/09/26 00:18:47.559, 3, 26675, 97871, 48, 208.09
2026/09/26 00:18:47.759, 0, 26675, 97871, 56, 211.53
2026/09/26 00:18:47.759, 1, 26675, 97871, 65, 221.44
2026/09/26 00:18:47.759, 2, 26675, 97871, 67, 209.41
2026/09/26 00:18:47.759, 3, 26675, 97871, 38, 207.62
2026/09/26 00:18:47.959, 0, 26675, 97871, 42, 212.03
2026/09/26 00:18:47.959, 1, 26675, 97871, 54, 222.36
2026/09/26 00:18:47.959, 2, 26675, 97871, 74, 208.71
2026/09/26 00:18:47.959, 3, 26675, 97871, 54, 206.56
2026/09/26 00:18:48.159, 0, 26675, 97871, 55, 212.61
2026/09/26 00:18:48.159, 1, 26675, 97871, 68, 223.06
2026/09/26 00:18:48.159, 2, 26675, 97871, 70, 208.40
2026/09/26 00:18:48.159, 3, 26675, 97871, 43, 206.33
2026/09/26 00:18:48.359, 0, 26675, 97871, 48, 209.50
2026/09/26 00:18:48.359, 1, 26675, 97871, 36, 220.17
2026/09/26 00:18:48.359, 2, 26675, 97871, 71, 207.86
2026/09/26 00:18:48.359, 3, 26675, 97871, 28, 203.28
2026/09/26 00:18:48.559, 0, 26675, 97871, 100, 238.43
2026/09/26 00:18:48.559, 1, 26675, 97871, 100, 245.29
2026/09/26 00:18:48.560, 2, 26675, 97871, 64, 220.78
2026/09/26 00:18:48.560, 3, 26675, 97871, 100, 230.06
2026/09/26 00:18:48.760, 0, 26675, 97871, 81, 260.90
2026/09/26 00:18:48.760, 1, 26675, 97871, 72, 274.95
2026/09/26 00:18:48.760, 2, 26675, 97871, 100, 255.26
2026/09/26 00:18:48.760, 3, 26675, 97871, 100, 247.92
2026/09/26 00:18:48.960, 0, 26675, 97871, 41, 258.25
2026/09/26 00:18:48.960, 1, 26675, 97871, 65, 275.53
2026/09/26 00:18:48.960, 2, 26675, 97871, 86, 261.16
2026/09/26 00:18:48.960, 3, 26675, 97871, 38, 247.41
2026/09/26 00:18:49.160, 0, 26675, 97871, 46, 256.63
2026/09/26 00:18:49.160, 1, 26675, 97871, 68, 274.23
2026/09/26 00:18:49.160, 2, 26675, 97871, 71, 261.59
2026/09/26 00:18:49.160, 3, 26675, 97871, 51, 247.34
2026/09/26 00:18:49.360, 0, 26675, 97871, 46, 260.12
2026/09/26 00:18:49.360, 1, 26675, 97871, 69, 273.70
2026/09/26 00:18:49.360, 2, 26675, 97871, 74, 257.81
2026/09/26 00:18:49.360, 3, 26675, 97871, 37, 249.82
2026/09/26 00:18:49.560, 0, 26675, 97871, 38, 230.03
2026/09/26 00:18:49.560, 1, 26675, 97871, 56, 249.19
2026/09/26 00:18:49.560, 2, 26675, 97871, 69, 245.87
2026/09/26 00:18:49.560, 3, 26675, 97871, 40, 222.13
2026/09/26 00:18:49.760, 0, 26675, 97871, 79, 206.78
2026/09/26 00:18:49.760, 1, 26675, 97871, 74, 217.27
2026/09/26 00:18:49.760, 2, 26675, 97871, 55, 214.99
2026/09/26 00:18:49.760, 3, 26675, 97871, 40, 204.05
2026/09/26 00:18:49.961, 0, 26675, 97871, 63, 208.08
2026/09/26 00:18:49.961, 1, 26675, 97871, 72, 217.00
2026/09/26 00:18:49.961, 2, 26675, 97871, 81, 205.70
2026/09/26 00:18:49.961, 3, 26675, 97871, 38, 204.01
2026/09/26 00:18:50.161, 0, 26675, 97871, 58, 208.03
2026/09/26 00:18:50.161, 1, 26675, 97871, 68, 216.86
2026/09/26 00:18:50.161, 2, 26675, 97871, 73, 204.50
2026/09/26 00:18:50.161, 3, 26675, 97871, 36, 202.84
2026/09/26 00:18:50.361, 0, 26675, 97871, 66, 207.81
2026/09/26 00:18:50.361, 1, 26675, 97871, 74, 218.06
2026/09/26 00:18:50.361, 2, 26675, 97871, 70, 205.12
2026/09/26 00:18:50.361, 3, 26675, 97871, 35, 202.49
2026/09/26 00:18:50.561, 0, 26675, 97871, 37, 208.37
2026/09/26 00:18:50.561, 1, 26675, 97871, 64, 217.76
2026/09/26 00:18:50.561, 2, 26675, 97871, 78, 205.07
2026/09/26 00:18:50.561, 3, 26675, 97871, 37, 202.62
2026/09/26 00:18:50.761, 0, 26675, 97871, 57, 208.52
2026/09/26 00:18:50.761, 1, 26675, 97871, 68, 217.57
2026/09/26 00:18:50.761, 2, 26675, 97871, 64, 204.93
2026/09/26 00:18:50.761, 3, 26675, 97871, 37, 202.98
2026/09/26 00:18:50.961, 0, 26675, 97871, 69, 209.22
2026/09/26 00:18:50.961, 1, 26675, 97871, 72, 217.68
2026/09/26 00:18:50.961, 2, 26675, 97871, 66, 203.97
2026/09/26 00:18:50.961, 3, 26675, 97871, 35, 202.45
2026/09/26 00:18:51.161, 0, 26675, 97871, 75, 208.89
2026/09/26 00:18:51.161, 1, 26675, 97871, 65, 217.17
2026/09/26 00:18:51.161, 2, 26675, 97871, 76, 204.77
2026/09/26 00:18:51.161, 3, 26675, 97871, 35, 202.51
2026/09/26 00:18:51.362, 0, 26675, 97871, 62, 208.89
2026/09/26 00:18:51.362, 1, 26675, 97871, 73, 216.51
2026/09/26 00:18:51.362, 2, 26675, 97871, 77, 204.86
2026/09/26 00:18:51.362, 3, 26675, 97871, 36, 203.52
2026/09/26 00:18:51.562, 0, 26675, 97871, 66, 208.81
2026/09/26 00:18:51.562, 1, 26675, 97871, 80, 216.64
2026/09/26 00:18:51.562, 2, 26675, 97871, 71, 203.99
2026/09/26 00:18:51.562, 3, 26675, 97871, 35, 204.52
2026/09/26 00:18:51.762, 0, 26675, 97871, 73, 209.98
2026/09/26 00:18:51.762, 1, 26675, 97871, 75, 216.96
2026/09/26 00:18:51.762, 2, 26675, 97871, 75, 203.67
2026/09/26 00:18:51.762, 3, 26675, 97871, 34, 203.88
2026/09/26 00:18:51.962, 0, 26675, 97871, 73, 208.71
2026/09/26 00:18:51.962, 1, 26675, 97871, 67, 217.34
2026/09/26 00:18:51.962, 2, 26675, 97871, 82, 204.38
2026/09/26 00:18:51.962, 3, 26675, 97871, 37, 204.47
2026/09/26 00:18:52.162, 0, 26675, 97871, 56, 208.63
2026/09/26 00:18:52.162, 1, 26675, 97871, 76, 217.42
2026/09/26 00:18:52.162, 2, 26675, 97871, 77, 205.04
2026/09/26 00:18:52.162, 3, 26675, 97871, 39, 204.96
2026/09/26 00:18:52.362, 0, 26675, 97871, 41, 208.30
2026/09/26 00:18:52.362, 1, 26675, 97871, 71, 217.89
2026/09/26 00:18:52.362, 2, 26675, 97871, 74, 205.41
2026/09/26 00:18:52.362, 3, 26675, 97871, 35, 204.99
2026/09/26 00:18:52.562, 0, 26675, 97871, 62, 208.25
2026/09/26 00:18:52.562, 1, 26675, 97871, 67, 218.17
2026/09/26 00:18:52.562, 2, 26675, 97871, 80, 206.87
2026/09/26 00:18:52.563, 3, 26675, 97871, 36, 204.41
2026/09/26 00:18:52.763, 0, 26675, 97871, 60, 207.48
2026/09/26 00:18:52.763, 1, 26675, 97871, 68, 218.28
2026/09/26 00:18:52.763, 2, 26675, 97871, 75, 207.91
2026/09/26 00:18:52.763, 3, 26675, 97871, 37, 205.60
2026/09/26 00:18:52.963, 0, 26675, 97871, 65, 207.96
2026/09/26 00:18:52.963, 1, 26675, 97871, 67, 218.28
2026/09/26 00:18:52.963, 2, 26675, 97871, 73, 208.36
2026/09/26 00:18:52.963, 3, 26675, 97871, 38, 205.35
2026/09/26 00:18:53.163, 0, 26675, 97871, 50, 208.79
2026/09/26 00:18:53.163, 1, 26675, 97871, 55, 218.91
2026/09/26 00:18:53.163, 2, 26675, 97871, 71, 207.82
2026/09/26 00:18:53.163, 3, 26675, 97871, 41, 205.01
2026/09/26 00:18:53.363, 0, 26675, 97871, 64, 209.35
2026/09/26 00:18:53.363, 1, 26675, 97871, 62, 219.18
2026/09/26 00:18:53.363, 2, 26675, 97871, 70, 207.74
2026/09/26 00:18:53.363, 3, 26675, 97871, 44, 204.62
2026/09/26 00:18:53.563, 0, 26675, 97871, 47, 209.55
2026/09/26 00:18:53.563, 1, 26675, 97871, 59, 218.05
2026/09/26 00:18:53.563, 2, 26675, 97871, 65, 208.46
2026/09/26 00:18:53.563, 3, 26675, 97871, 43, 203.96
2026/09/26 00:18:53.764, 0, 26675, 97871, 46, 209.55
2026/09/26 00:18:53.764, 1, 26675, 97871, 60, 218.90
2026/09/26 00:18:53.764, 2, 26675, 97871, 71, 206.78
2026/09/26 00:18:53.764, 3, 26675, 97871, 35, 203.11
2026/09/26 00:18:53.964, 0, 26675, 97871, 56, 208.96
2026/09/26 00:18:53.964, 1, 26675, 97871, 50, 219.52
2026/09/26 00:18:53.964, 2, 26675, 97871, 71, 206.88
2026/09/26 00:18:53.964, 3, 26675, 97871, 35, 203.88
2026/09/26 00:18:54.164, 0, 26675, 97871, 47, 208.97
2026/09/26 00:18:54.164, 1, 26675, 97871, 71, 220.04
2026/09/26 00:18:54.164, 2, 26675, 97871, 72, 206.76
2026/09/26 00:18:54.164, 3, 26675, 97871, 37, 203.98
2026/09/26 00:18:54.364, 0, 26675, 97871, 60, 208.84
2026/09/26 00:18:54.364, 1, 26675, 97871, 46, 220.07
2026/09/26 00:18:54.364, 2, 26675, 97871, 71, 207.23
2026/09/26 00:18:54.364, 3, 26675, 97871, 40, 204.63
2026/09/26 00:18:54.564, 0, 26675, 97871, 58, 210.19
2026/09/26 00:18:54.564, 1, 26675, 97871, 42, 220.98
2026/09/26 00:18:54.564, 2, 26675, 97871, 72, 206.47
2026/09/26 00:18:54.564, 3, 26675, 97871, 38, 205.68
2026/09/26 00:18:54.764, 0, 26675, 97871, 55, 210.75
2026/09/26 00:18:54.764, 1, 26675, 97871, 43, 220.63
2026/09/26 00:18:54.764, 2, 26675, 97871, 74, 206.42
2026/09/26 00:18:54.764, 3, 26675, 97871, 43, 206.09
2026/09/26 00:18:54.964, 0, 26675, 97871, 49, 212.40
2026/09/26 00:18:54.964, 1, 26675, 97871, 57, 220.58
2026/09/26 00:18:54.964, 2, 26675, 97871, 71, 206.91
2026/09/26 00:18:54.964, 3, 26675, 97871, 40, 205.39
2026/09/26 00:18:55.165, 0, 26675, 97871, 63, 213.11
2026/09/26 00:18:55.165, 1, 26675, 97871, 63, 219.42
2026/09/26 00:18:55.165, 2, 26675, 97871, 70, 206.32
2026/09/26 00:18:55.165, 3, 26675, 97871, 36, 205.35
2026/09/26 00:18:55.365, 0, 26675, 97871, 74, 213.62
2026/09/26 00:18:55.365, 1, 26675, 97871, 72, 220.06
2026/09/26 00:18:55.365, 2, 26675, 97871, 74, 207.09
2026/09/26 00:18:55.365, 3, 26675, 97871, 39, 206.02
2026/09/26 00:18:55.565, 0, 26675, 97871, 54, 213.18
2026/09/26 00:18:55.565, 1, 26675, 97871, 73, 220.62
2026/09/26 00:18:55.565, 2, 26675, 97871, 72, 207.51
2026/09/26 00:18:55.565, 3, 26675, 97871, 37, 205.78
2026/09/26 00:18:55.765, 0, 26675, 97871, 63, 197.54
2026/09/26 00:18:55.765, 1, 26675, 97871, 0, 208.42
2026/09/26 00:18:55.765, 2, 26675, 97871, 76, 200.54
2026/09/26 00:18:55.765, 3, 26675, 97871, 0, 192.47
2026/09/26 00:18:55.965, 0, 26107, 97871, 0, 187.43
2026/09/26 00:18:55.990, 1, 26107, 97871, 2, 188.39
2026/09/26 00:18:55.990, 2, 26107, 97871, 0, 174.36
2026/09/26 00:18:55.991, 3, 26107, 97871, 0, 176.50
2026/09/26 00:18:56.191, 0, 26107, 97871, 2, 156.67
2026/09/26 00:18:56.191, 1, 26107, 97871, 0, 169.99
2026/09/26 00:18:56.191, 2, 26107, 97871, 2, 158.54
2026/09/26 00:18:56.191, 3, 26107, 97871, 0, 160.55
2026/09/26 00:18:56.391, 0, 26107, 97871, 0, 136.69
2026/09/26 00:18:56.391, 1, 26107, 97871, 0, 152.20
2026/09/26 00:18:56.391, 2, 26107, 97871, 0, 139.53
2026/09/26 00:18:56.391, 3, 26107, 97871, 0, 144.25
2026/09/26 00:18:56.591, 0, 26107, 97871, 0, 120.80
2026/09/26 00:18:56.591, 1, 26107, 97871, 0, 133.01
2026/09/26 00:18:56.591, 2, 26107, 97871, 0, 122.58
2026/09/26 00:18:56.591, 3, 26107, 97871, 0, 127.93
2026/09/26 00:18:56.791, 0, 26107, 97871, 0, 119.35
2026/09/26 00:18:56.791, 1, 26107, 97871, 0, 127.57
2026/09/26 00:18:56.791, 2, 26107, 97871, 0, 121.64
2026/09/26 00:18:56.791, 3, 26107, 97871, 0, 125.42
2026/09/26 00:18:56.991, 0, 26107, 97871, 0, 119.24
2026/09/26 00:18:56.991, 1, 26107, 97871, 0, 127.46
2026/09/26 00:18:56.991, 2, 26107, 97871, 0, 121.50
2026/09/26 00:18:56.991, 3, 26107, 97871, 0, 125.32
2026/09/26 00:18:57.191, 0, 26107, 97871, 0, 119.13
2026/09/26 00:18:57.192, 1, 26107, 97871, 0, 127.40
2026/09/26 00:18:57.192, 2, 26107, 97871, 0, 121.49
2026/09/26 00:18:57.192, 3, 26107, 97871, 0, 125.25
2026/09/26 00:18:57.392, 0, 26107, 97871, 0, 119.09
2026/09/26 00:18:57.392, 1, 26107, 97871, 0, 127.36
2026/09/26 00:18:57.392, 2, 26107, 97871, 0, 121.44
2026/09/26 00:18:57.392, 3, 26107, 97871, 0, 125.22
2026/09/26 00:18:57.592, 0, 26107, 97871, 0, 119.07
2026/09/26 00:18:57.592, 1, 26107, 97871, 0, 127.32
2026/09/26 00:18:57.592, 2, 26107, 97871, 0, 121.41
2026/09/26 00:18:57.592, 3, 26107, 97871, 0, 125.17
2026/09/26 00:18:57.792, 0, 26102, 97871, 0, 119.35
2026/09/26 00:18:57.792, 1, 26105, 97871, 2, 127.52
2026/09/26 00:18:57.792, 2, 26105, 97871, 0, 121.71
2026/09/26 00:18:57.792, 3, 26105, 97871, 0, 125.34
2026/09/26 00:18:57.993, 0, 498, 97871, 37, 119.90
2026/09/26 00:18:58.070, 1, 19, 97871, 0, 130.65
2026/09/26 00:18:58.205, 2, 118, 97871, 3, 123.84
2026/09/26 00:18:58.205, 3, 26087, 97871, 0, 126.31
2026/09/26 00:18:58.405, 0, 0, 97871, 0, 122.68
2026/09/26 00:18:58.507, 1, 0, 97871, 0, 131.41
2026/09/26 00:18:58.507, 2, 0, 97871, 9, 125.30
2026/09/26 00:18:58.507, 3, 0, 97871, 24, 129.13
2026/09/26 00:18:58.707, 0, 0, 97871, 0, 123.39
2026/09/26 00:18:58.707, 1, 0, 97871, 0, 131.88
2026/09/26 00:18:58.707, 2, 0, 97871, 0, 125.80
2026/09/26 00:18:58.707, 3, 0, 97871, 0, 129.54
2026/09/26 00:18:58.907, 0, 0, 97871, 0, 123.41
2026/09/26 00:18:58.907, 1, 0, 97871, 0, 131.78
2026/09/26 00:18:58.907, 2, 0, 97871, 0, 125.83
2026/09/26 00:18:58.907, 3, 0, 97871, 0, 129.60
2026/09/26 00:18:59.107, 0, 0, 97871, 0, 122.21
2026/09/26 00:18:59.107, 1, 0, 97871, 0, 129.63
2026/09/26 00:18:59.107, 2, 0, 97871, 0, 125.71
2026/09/26 00:18:59.107, 3, 0, 97871, 0, 129.52
2026/09/26 00:18:59.307, 0, 0, 97871, 0, 121.42
2026/09/26 00:18:59.307, 1, 0, 97871, 0, 122.74
2026/09/26 00:18:59.307, 2, 0, 97871, 0, 123.32
2026/09/26 00:18:59.307, 3, 0, 97871, 0, 129.52
2026/09/26 00:18:59.508, 0, 0, 97871, 0, 121.37
2026/09/26 00:18:59.508, 1, 0, 97871, 0, 113.02
2026/09/26 00:18:59.508, 2, 0, 97871, 0, 115.08
2026/09/26 00:18:59.508, 3, 0, 97871, 0, 127.43
2026/09/26 00:18:59.708, 0, 0, 97871, 0, 121.22
2026/09/26 00:18:59.708, 1, 0, 97871, 0, 102.77
2026/09/26 00:18:59.708, 2, 0, 97871, 0, 106.40
2026/09/26 00:18:59.708, 3, 0, 97871, 0, 127.40
2026/09/26 00:18:59.908, 0, 0, 97871, 0, 121.20
2026/09/26 00:18:59.908, 1, 0, 97871, 0, 92.68
2026/09/26 00:18:59.908, 2, 0, 97871, 0, 97.52
2026/09/26 00:18:59.908, 3, 0, 97871, 0, 127.35
2026/09/26 00:19:00.108, 0, 0, 97871, 0, 119.44
2026/09/26 00:19:00.108, 1, 0, 97871, 0, 83.44
2026/09/26 00:19:00.108, 2, 0, 97871, 0, 88.58
2026/09/26 00:19:00.108, 3, 0, 97871, 0, 127.33
