timestamp,index,memory_used_mib,memory_total_mib,utilization_gpu_percent,power_watts
2026/09/26 00:19:00.666, 0, 0, 97871, 0, 91.51
2026/09/26 00:19:00.669, 1, 0, 97871, 0, 78.38
2026/09/26 00:19:00.673, 2, 0, 97871, 0, 78.33
2026/09/26 00:19:00.677, 3, 0, 97871, 0, 108.49
2026/09/26 00:19:00.880, 0, 0, 97871, 0, 82.36
2026/09/26 00:19:00.880, 1, 0, 97871, 0, 78.05
2026/09/26 00:19:00.880, 2, 0, 97871, 0, 77.88
2026/09/26 00:19:00.880, 3, 0, 97871, 0, 98.87
2026/09/26 00:19:01.080, 0, 0, 97871, 0, 75.81
2026/09/26 00:19:01.080, 1, 0, 97871, 0, 77.78
2026/09/26 00:19:01.080, 2, 0, 97871, 0, 77.47
2026/09/26 00:19:01.080, 3, 0, 97871, 0, 89.19
2026/09/26 00:19:01.280, 0, 0, 97871, 0, 75.46
2026/09/26 00:19:01.280, 1, 0, 97871, 0, 77.53
2026/09/26 00:19:01.280, 2, 0, 97871, 0, 77.10
2026/09/26 00:19:01.281, 3, 0, 97871, 0, 80.41
2026/09/26 00:19:01.481, 0, 0, 97871, 0, 75.19
2026/09/26 00:19:01.481, 1, 0, 97871, 0, 77.32
2026/09/26 00:19:01.481, 2, 0, 97871, 0, 76.90
2026/09/26 00:19:01.481, 3, 0, 97871, 0, 78.98
2026/09/26 00:19:01.681, 0, 0, 97871, 0, 74.94
2026/09/26 00:19:01.681, 1, 0, 97871, 0, 77.12
2026/09/26 00:19:01.681, 2, 0, 97871, 0, 76.64
2026/09/26 00:19:01.681, 3, 0, 97871, 0, 78.65
2026/09/26 00:19:01.881, 0, 0, 97871, 0, 74.71
2026/09/26 00:19:01.881, 1, 0, 97871, 0, 76.99
2026/09/26 00:19:01.881, 2, 0, 97871, 0, 76.34
2026/09/26 00:19:01.881, 3, 0, 97871, 0, 78.41
2026/09/26 00:19:02.081, 0, 0, 97871, 0, 74.50
2026/09/26 00:19:02.081, 1, 0, 97871, 0, 76.87
2026/09/26 00:19:02.081, 2, 0, 97871, 0, 76.18
2026/09/26 00:19:02.081, 3, 0, 97871, 0, 78.10
2026/09/26 00:19:02.281, 0, 0, 97871, 0, 74.31
2026/09/26 00:19:02.281, 1, 0, 97871, 0, 76.82
2026/09/26 00:19:02.281, 2, 0, 97871, 0, 76.05
2026/09/26 00:19:02.281, 3, 0, 97871, 0, 77.86
2026/09/26 00:19:02.481, 0, 0, 97871, 0, 74.19
2026/09/26 00:19:02.481, 1, 0, 97871, 0, 76.78
2026/09/26 00:19:02.481, 2, 0, 97871, 0, 75.90
2026/09/26 00:19:02.481, 3, 0, 97871, 0, 77.64
2026/09/26 00:19:02.681, 0, 0, 97871, 0, 74.11
2026/09/26 00:19:02.682, 1, 0, 97871, 0, 76.75
2026/09/26 00:19:02.682, 2, 0, 97871, 0, 75.81
2026/09/26 00:19:02.682, 3, 0, 97871, 0, 77.45
2026/09/26 00:19:02.882, 0, 0, 97871, 0, 74.05
2026/09/26 00:19:02.882, 1, 0, 97871, 0, 76.74
2026/09/26 00:19:02.882, 2, 0, 97871, 0, 75.82
2026/09/26 00:19:02.882, 3, 0, 97871, 0, 77.31
2026/09/26 00:19:03.082, 0, 0, 97871, 0, 74.05
2026/09/26 00:19:03.082, 1, 0, 97871, 0, 76.75
2026/09/26 00:19:03.082, 2, 0, 97871, 0, 75.81
2026/09/26 00:19:03.082, 3, 0, 97871, 0, 77.25
2026/09/26 00:19:03.282, 0, 0, 97871, 0, 74.02
2026/09/26 00:19:03.282, 1, 0, 97871, 0, 76.70
2026/09/26 00:19:03.282, 2, 0, 97871, 0, 75.75
2026/09/26 00:19:03.282, 3, 0, 97871, 0, 77.20
2026/09/26 00:19:03.482, 0, 0, 97871, 0, 74.00
2026/09/26 00:19:03.482, 1, 0, 97871, 0, 76.70
2026/09/26 00:19:03.482, 2, 0, 97871, 0, 75.76
2026/09/26 00:19:03.482, 3, 0, 97871, 0, 77.21
2026/09/26 00:19:03.682, 0, 0, 97871, 0, 73.97
2026/09/26 00:19:03.682, 1, 0, 97871, 0, 76.67
2026/09/26 00:19:03.682, 2, 0, 97871, 0, 75.78
2026/09/26 00:19:03.682, 3, 0, 97871, 0, 77.19
2026/09/26 00:19:03.882, 0, 0, 97871, 0, 73.95
2026/09/26 00:19:03.882, 1, 0, 97871, 0, 76.64
2026/09/26 00:19:03.882, 2, 0, 97871, 0, 75.70
2026/09/26 00:19:03.882, 3, 0, 97871, 0, 77.16
2026/09/26 00:19:04.083, 0, 0, 97871, 0, 73.90
2026/09/26 00:19:04.083, 1, 0, 97871, 0, 76.61
2026/09/26 00:19:04.083, 2, 0, 97871, 0, 75.71
2026/09/26 00:19:04.083, 3, 0, 97871, 0, 77.13
2026/09/26 00:19:04.283, 0, 0, 97871, 0, 73.91
2026/09/26 00:19:04.283, 1, 0, 97871, 0, 76.62
2026/09/26 00:19:04.283, 2, 0, 97871, 0, 75.73
2026/09/26 00:19:04.283, 3, 0, 97871, 0, 77.13
2026/09/26 00:19:04.483, 0, 0, 97871, 0, 73.89
2026/09/26 00:19:04.483, 1, 0, 97871, 0, 76.61
2026/09/26 00:19:04.483, 2, 0, 97871, 0, 75.71
2026/09/26 00:19:04.483, 3, 0, 97871, 0, 77.11
2026/09/26 00:19:04.683, 0, 0, 97871, 0, 73.88
2026/09/26 00:19:04.683, 1, 0, 97871, 0, 76.58
2026/09/26 00:19:04.683, 2, 0, 97871, 0, 75.67
2026/09/26 00:19:04.683, 3, 0, 97871, 0, 77.10
2026/09/26 00:19:04.883, 0, 0, 97871, 0, 73.87
2026/09/26 00:19:04.883, 1, 0, 97871, 0, 76.55
2026/09/26 00:19:04.883, 2, 0, 97871, 0, 75.71
2026/09/26 00:19:04.883, 3, 0, 97871, 0, 77.09
2026/09/26 00:19:05.083, 0, 0, 97871, 0, 73.86
2026/09/26 00:19:05.083, 1, 0, 97871, 0, 76.53
2026/09/26 00:19:05.083, 2, 0, 97871, 0, 75.70
2026/09/26 00:19:05.083, 3, 0, 97871, 0, 77.08
2026/09/26 00:19:05.283, 0, 0, 97871, 0, 73.83
2026/09/26 00:19:05.283, 1, 0, 97871, 0, 76.49
2026/09/26 00:19:05.283, 2, 0, 97871, 0, 75.64
2026/09/26 00:19:05.284, 3, 0, 97871, 0, 77.04
2026/09/26 00:19:05.484, 0, 0, 97871, 0, 73.82
2026/09/26 00:19:05.484, 1, 0, 97871, 0, 76.46
2026/09/26 00:19:05.484, 2, 0, 97871, 0, 75.64
2026/09/26 00:19:05.484, 3, 0, 97871, 0, 77.04
2026/09/26 00:19:05.684, 0, 0, 97871, 0, 73.81
2026/09/26 00:19:05.684, 1, 0, 97871, 0, 76.44
2026/09/26 00:19:05.684, 2, 0, 97871, 0, 75.67
2026/09/26 00:19:05.684, 3, 0, 97871, 0, 77.01
2026/09/26 00:19:05.884, 0, 0, 97871, 0, 73.80
2026/09/26 00:19:05.884, 1, 0, 97871, 0, 76.44
2026/09/26 00:19:05.884, 2, 0, 97871, 0, 75.62
2026/09/26 00:19:05.884, 3, 0, 97871, 0, 76.99
2026/09/26 00:19:06.084, 0, 0, 97871, 0, 73.77
2026/09/26 00:19:06.084, 1, 0, 97871, 0, 76.45
2026/09/26 00:19:06.084, 2, 0, 97871, 0, 75.59
2026/09/26 00:19:06.084, 3, 0, 97871, 0, 76.96
2026/09/26 00:19:06.284, 0, 0, 97871, 0, 73.76
2026/09/26 00:19:06.284, 1, 0, 97871, 0, 76.43
2026/09/26 00:19:06.284, 2, 0, 97871, 0, 75.62
2026/09/26 00:19:06.284, 3, 0, 97871, 0, 76.95
2026/09/26 00:19:06.484, 0, 0, 97871, 0, 73.76
2026/09/26 00:19:06.485, 1, 0, 97871, 0, 76.40
2026/09/26 00:19:06.485, 2, 0, 97871, 0, 75.60
2026/09/26 00:19:06.485, 3, 0, 97871, 0, 76.93
2026/09/26 00:19:06.685, 0, 0, 97871, 0, 73.75
2026/09/26 00:19:06.685, 1, 0, 97871, 0, 76.40
2026/09/26 00:19:06.685, 2, 0, 97871, 0, 75.53
2026/09/26 00:19:06.685, 3, 0, 97871, 0, 76.93
2026/09/26 00:19:06.885, 0, 0, 97871, 0, 73.75
2026/09/26 00:19:06.885, 1, 0, 97871, 0, 76.40
2026/09/26 00:19:06.885, 2, 0, 97871, 0, 75.55
2026/09/26 00:19:06.885, 3, 0, 97871, 0, 76.94
2026/09/26 00:19:07.085, 0, 0, 97871, 0, 73.76
2026/09/26 00:19:07.085, 1, 0, 97871, 0, 76.35
2026/09/26 00:19:07.085, 2, 0, 97871, 0, 75.54
2026/09/26 00:19:07.085, 3, 0, 97871, 0, 76.96
2026/09/26 00:19:07.285, 0, 0, 97871, 0, 73.77
2026/09/26 00:19:07.285, 1, 0, 97871, 0, 76.33
2026/09/26 00:19:07.285, 2, 0, 97871, 0, 75.51
2026/09/26 00:19:07.285, 3, 0, 97871, 0, 77.00
2026/09/26 00:19:07.485, 0, 0, 97871, 0, 73.76
2026/09/26 00:19:07.485, 1, 0, 97871, 0, 76.33
2026/09/26 00:19:07.485, 2, 0, 97871, 0, 75.49
2026/09/26 00:19:07.485, 3, 0, 97871, 0, 77.04
2026/09/26 00:19:07.685, 0, 0, 97871, 0, 73.75
2026/09/26 00:19:07.685, 1, 0, 97871, 0, 76.32
2026/09/26 00:19:07.685, 2, 0, 97871, 0, 75.53
2026/09/26 00:19:07.685, 3, 0, 97871, 0, 77.07
2026/09/26 00:19:07.886, 0, 0, 97871, 0, 73.75
2026/09/26 00:19:07.886, 1, 0, 97871, 0, 76.32
2026/09/26 00:19:07.886, 2, 0, 97871, 0, 75.53
2026/09/26 00:19:07.886, 3, 0, 97871, 0, 77.11
2026/09/26 00:19:08.086, 0, 0, 97871, 0, 73.73
2026/09/26 00:19:08.086, 1, 0, 97871, 0, 76.31
2026/09/26 00:19:08.086, 2, 0, 97871, 0, 75.47
2026/09/26 00:19:08.086, 3, 0, 97871, 0, 77.14
2026/09/26 00:19:08.286, 0, 0, 97871, 0, 73.73
2026/09/26 00:19:08.286, 1, 0, 97871, 0, 76.30
2026/09/26 00:19:08.286, 2, 0, 97871, 0, 75.49
2026/09/26 00:19:08.286, 3, 0, 97871, 0, 77.16
2026/09/26 00:19:08.486, 0, 0, 97871, 0, 73.73
2026/09/26 00:19:08.486, 1, 0, 97871, 0, 76.28
2026/09/26 00:19:08.486, 2, 0, 97871, 0, 75.52
2026/09/26 00:19:08.486, 3, 0, 97871, 0, 77.17
2026/09/26 00:19:08.686, 0, 0, 97871, 0, 73.74
2026/09/26 00:19:08.686, 1, 0, 97871, 0, 76.29
2026/09/26 00:19:08.686, 2, 0, 97871, 0, 75.48
2026/09/26 00:19:08.686, 3, 0, 97871, 0, 77.17
2026/09/26 00:19:08.886, 0, 0, 97871, 0, 73.71
2026/09/26 00:19:08.886, 1, 0, 97871, 0, 76.28
2026/09/26 00:19:08.886, 2, 0, 97871, 0, 75.48
2026/09/26 00:19:08.886, 3, 0, 97871, 0, 77.15
2026/09/26 00:19:09.087, 0, 0, 97871, 0, 73.70
2026/09/26 00:19:09.087, 1, 0, 97871, 0, 76.28
2026/09/26 00:19:09.087, 2, 0, 97871, 0, 75.49
2026/09/26 00:19:09.087, 3, 0, 97871, 0, 77.16
2026/09/26 00:19:09.287, 0, 0, 97871, 0, 73.69
2026/09/26 00:19:09.287, 1, 0, 97871, 0, 76.28
2026/09/26 00:19:09.287, 2, 0, 97871, 0, 75.47
2026/09/26 00:19:09.287, 3, 0, 97871, 0, 77.14
2026/09/26 00:19:09.487, 0, 0, 97871, 0, 73.68
2026/09/26 00:19:09.487, 1, 0, 97871, 0, 76.27
2026/09/26 00:19:09.487, 2, 0, 97871, 0, 75.41
2026/09/26 00:19:09.487, 3, 0, 97871, 0, 77.13
2026/09/26 00:19:09.687, 0, 0, 97871, 0, 73.66
2026/09/26 00:19:09.687, 1, 0, 97871, 0, 76.29
2026/09/26 00:19:09.687, 2, 0, 97871, 0, 75.43
2026/09/26 00:19:09.687, 3, 0, 97871, 0, 77.11
2026/09/26 00:19:09.887, 0, 0, 97871, 0, 73.65
2026/09/26 00:19:09.887, 1, 0, 97871, 0, 76.28
2026/09/26 00:19:09.887, 2, 0, 97871, 0, 75.44
2026/09/26 00:19:09.887, 3, 0, 97871, 0, 77.09
2026/09/26 00:19:10.087, 0, 0, 97871, 0, 73.63
2026/09/26 00:19:10.087, 1, 0, 97871, 0, 76.28
2026/09/26 00:19:10.087, 2, 0, 97871, 0, 75.40
2026/09/26 00:19:10.087, 3, 0, 97871, 0, 77.07
2026/09/26 00:19:10.287, 0, 0, 97871, 0, 73.62
2026/09/26 00:19:10.288, 1, 0, 97871, 0, 76.25
2026/09/26 00:19:10.288, 2, 0, 97871, 0, 75.39
2026/09/26 00:19:10.288, 3, 0, 97871, 0, 77.05
2026/09/26 00:19:10.488, 0, 0, 97871, 0, 73.61
2026/09/26 00:19:10.488, 1, 0, 97871, 0, 76.23
2026/09/26 00:19:10.488, 2, 0, 97871, 0, 75.43
2026/09/26 00:19:10.488, 3, 0, 97871, 0, 77.04
2026/09/26 00:19:10.688, 0, 0, 97871, 0, 73.59
2026/09/26 00:19:10.688, 1, 0, 97871, 0, 76.18
2026/09/26 00:19:10.688, 2, 0, 97871, 0, 75.43
2026/09/26 00:19:10.688, 3, 0, 97871, 0, 77.04
2026/09/26 00:19:10.888, 0, 0, 97871, 0, 73.59
2026/09/26 00:19:10.888, 1, 0, 97871, 0, 76.15
2026/09/26 00:19:10.888, 2, 0, 97871, 0, 75.38
2026/09/26 00:19:10.888, 3, 0, 97871, 0, 77.03
2026/09/26 00:19:11.088, 0, 0, 97871, 0, 73.60
2026/09/26 00:19:11.088, 1, 0, 97871, 0, 76.12
2026/09/26 00:19:11.088, 2, 0, 97871, 0, 75.40
2026/09/26 00:19:11.088, 3, 0, 97871, 0, 77.02
2026/09/26 00:19:11.288, 0, 0, 97871, 0, 73.60
2026/09/26 00:19:11.288, 1, 0, 97871, 0, 76.12
2026/09/26 00:19:11.288, 2, 0, 97871, 0, 75.39
2026/09/26 00:19:11.288, 3, 0, 97871, 0, 77.03
2026/09/26 00:19:11.489, 0, 0, 97871, 0, 73.57
2026/09/26 00:19:11.490, 1, 0, 97871, 0, 76.11
2026/09/26 00:19:11.492, 2, 0, 97871, 0, 75.35
2026/09/26 00:19:11.494, 3, 0, 97871, 0, 77.01
2026/09/26 00:19:11.695, 0, 0, 97871, 0, 73.56
2026/09/26 00:19:11.695, 1, 0, 97871, 0, 76.11
2026/09/26 00:19:11.696, 2, 0, 97871, 0, 75.33
2026/09/26 00:19:11.696, 3, 0, 97871, 0, 76.99
2026/09/26 00:19:11.896, 0, 0, 97871, 0, 73.55
2026/09/26 00:19:11.896, 1, 0, 97871, 0, 76.11
2026/09/26 00:19:11.896, 2, 0, 97871, 0, 75.34
2026/09/26 00:19:11.896, 3, 0, 97871, 0, 76.97
2026/09/26 00:19:12.096, 0, 0, 97871, 0, 73.54
2026/09/26 00:19:12.096, 1, 0, 97871, 0, 76.08
2026/09/26 00:19:12.096, 2, 0, 97871, 0, 75.33
2026/09/26 00:19:12.096, 3, 0, 97871, 0, 76.96
2026/09/26 00:19:12.296, 0, 0, 97871, 0, 73.53
2026/09/26 00:19:12.296, 1, 0, 97871, 0, 76.08
2026/09/26 00:19:12.296, 2, 0, 97871, 0, 75.28
2026/09/26 00:19:12.296, 3, 0, 97871, 0, 76.94
2026/09/26 00:19:12.496, 0, 0, 97871, 0, 73.53
2026/09/26 00:19:12.496, 1, 0, 97871, 0, 76.07
2026/09/26 00:19:12.496, 2, 0, 97871, 0, 75.31
2026/09/26 00:19:12.496, 3, 0, 97871, 0, 76.91
2026/09/26 00:19:12.696, 0, 0, 97871, 0, 73.54
2026/09/26 00:19:12.697, 1, 0, 97871, 0, 76.04
2026/09/26 00:19:12.697, 2, 0, 97871, 0, 75.31
2026/09/26 00:19:12.697, 3, 0, 97871, 0, 76.91
2026/09/26 00:19:12.897, 0, 0, 97871, 0, 73.55
2026/09/26 00:19:12.897, 1, 0, 97871, 0, 76.03
2026/09/26 00:19:12.897, 2, 0, 97871, 0, 75.26
2026/09/26 00:19:12.897, 3, 0, 97871, 0, 76.89
2026/09/26 00:19:13.097, 0, 0, 97871, 0, 73.56
2026/09/26 00:19:13.097, 1, 0, 97871, 0, 76.04
2026/09/26 00:19:13.097, 2, 0, 97871, 0, 75.26
2026/09/26 00:19:13.097, 3, 0, 97871, 0, 76.88
2026/09/26 00:19:13.297, 0, 0, 97871, 0, 73.56
2026/09/26 00:19:13.297, 1, 0, 97871, 0, 76.06
2026/09/26 00:19:13.297, 2, 0, 97871, 0, 75.27
2026/09/26 00:19:13.297, 3, 0, 97871, 0, 76.86
2026/09/26 00:19:13.497, 0, 0, 97871, 0, 73.54
2026/09/26 00:19:13.497, 1, 0, 97871, 0, 76.04
2026/09/26 00:19:13.497, 2, 0, 97871, 0, 75.28
2026/09/26 00:19:13.497, 3, 0, 97871, 0, 76.84
2026/09/26 00:19:13.697, 0, 0, 97871, 0, 73.54
2026/09/26 00:19:13.698, 1, 0, 97871, 0, 76.04
2026/09/26 00:19:13.698, 2, 0, 97871, 0, 75.21
2026/09/26 00:19:13.698, 3, 0, 97871, 0, 76.83
2026/09/26 00:19:13.898, 0, 0, 97871, 0, 73.53
2026/09/26 00:19:13.898, 1, 0, 97871, 0, 76.01
2026/09/26 00:19:13.898, 2, 0, 97871, 0, 75.23
2026/09/26 00:19:13.898, 3, 0, 97871, 0, 76.82
2026/09/26 00:19:14.098, 0, 0, 97871, 0, 73.53
2026/09/26 00:19:14.098, 1, 0, 97871, 0, 76.00
2026/09/26 00:19:14.098, 2, 0, 97871, 0, 75.22
2026/09/26 00:19:14.098, 3, 0, 97871, 0, 76.82
2026/09/26 00:19:14.298, 0, 0, 97871, 0, 73.51
2026/09/26 00:19:14.298, 1, 0, 97871, 0, 75.96
2026/09/26 00:19:14.298, 2, 0, 97871, 0, 75.21
2026/09/26 00:19:14.298, 3, 0, 97871, 0, 76.80
2026/09/26 00:19:14.498, 0, 0, 97871, 0, 73.51
2026/09/26 00:19:14.498, 1, 0, 97871, 0, 75.97
2026/09/26 00:19:14.498, 2, 0, 97871, 0, 75.19
2026/09/26 00:19:14.498, 3, 0, 97871, 0, 76.81
2026/09/26 00:19:14.698, 0, 0, 97871, 0, 73.52
2026/09/26 00:19:14.698, 1, 0, 97871, 0, 75.95
2026/09/26 00:19:14.698, 2, 0, 97871, 0, 75.22
2026/09/26 00:19:14.698, 3, 0, 97871, 0, 76.81
2026/09/26 00:19:14.898, 0, 0, 97871, 0, 73.47
2026/09/26 00:19:14.898, 1, 0, 97871, 0, 75.98
2026/09/26 00:19:14.898, 2, 0, 97871, 0, 75.23
2026/09/26 00:19:14.899, 3, 0, 97871, 0, 76.80
2026/09/26 00:19:15.099, 0, 0, 97871, 0, 73.47
2026/09/26 00:19:15.099, 1, 0, 97871, 0, 76.03
2026/09/26 00:19:15.099, 2, 0, 97871, 0, 75.19
2026/09/26 00:19:15.099, 3, 0, 97871, 0, 76.80
2026/09/26 00:19:15.299, 0, 0, 97871, 0, 73.47
2026/09/26 00:19:15.299, 1, 0, 97871, 0, 76.09
2026/09/26 00:19:15.299, 2, 0, 97871, 0, 75.19
2026/09/26 00:19:15.299, 3, 0, 97871, 0, 76.80
2026/09/26 00:19:15.499, 0, 0, 97871, 0, 73.45
2026/09/26 00:19:15.499, 1, 0, 97871, 0, 76.15
2026/09/26 00:19:15.499, 2, 0, 97871, 0, 75.21
2026/09/26 00:19:15.499, 3, 0, 97871, 0, 76.78
2026/09/26 00:19:15.699, 0, 0, 97871, 0, 73.43
2026/09/26 00:19:15.699, 1, 0, 97871, 0, 76.21
2026/09/26 00:19:15.699, 2, 0, 97871, 0, 75.21
2026/09/26 00:19:15.699, 3, 0, 97871, 0, 76.80
2026/09/26 00:19:15.899, 0, 0, 97871, 0, 73.42
2026/09/26 00:19:15.899, 1, 0, 97871, 0, 76.25
2026/09/26 00:19:15.899, 2, 0, 97871, 0, 75.17
2026/09/26 00:19:15.899, 3, 0, 97871, 0, 76.78
2026/09/26 00:19:16.099, 0, 0, 97871, 0, 73.41
2026/09/26 00:19:16.099, 1, 0, 97871, 0, 76.27
2026/09/26 00:19:16.099, 2, 0, 97871, 0, 75.20
2026/09/26 00:19:16.099, 3, 0, 97871, 0, 76.80
2026/09/26 00:19:16.299, 0, 0, 97871, 0, 73.40
2026/09/26 00:19:16.299, 1, 0, 97871, 0, 76.24
2026/09/26 00:19:16.299, 2, 0, 97871, 0, 75.21
2026/09/26 00:19:16.300, 3, 0, 97871, 0, 76.79
2026/09/26 00:19:16.500, 0, 0, 97871, 0, 73.40
2026/09/26 00:19:16.500, 1, 0, 97871, 0, 76.25
2026/09/26 00:19:16.500, 2, 0, 97871, 0, 75.17
2026/09/26 00:19:16.500, 3, 0, 97871, 0, 76.77
2026/09/26 00:19:16.700, 0, 0, 97871, 0, 73.40
2026/09/26 00:19:16.700, 1, 0, 97871, 0, 76.22
2026/09/26 00:19:16.700, 2, 0, 97871, 0, 75.14
2026/09/26 00:19:16.700, 3, 0, 97871, 0, 76.75
2026/09/26 00:19:16.900, 0, 0, 97871, 0, 73.39
2026/09/26 00:19:16.900, 1, 0, 97871, 0, 76.21
2026/09/26 00:19:16.900, 2, 0, 97871, 0, 75.18
2026/09/26 00:19:16.900, 3, 0, 97871, 0, 76.73
2026/09/26 00:19:17.100, 0, 0, 97871, 0, 73.40
2026/09/26 00:19:17.100, 1, 0, 97871, 0, 76.21
2026/09/26 00:19:17.100, 2, 0, 97871, 0, 75.18
2026/09/26 00:19:17.100, 3, 0, 97871, 0, 76.69
2026/09/26 00:19:17.300, 0, 0, 97871, 0, 73.37
2026/09/26 00:19:17.300, 1, 0, 97871, 0, 76.20
2026/09/26 00:19:17.300, 2, 0, 97871, 0, 75.15
2026/09/26 00:19:17.300, 3, 0, 97871, 0, 76.71
2026/09/26 00:19:17.500, 0, 0, 97871, 0, 73.38
2026/09/26 00:19:17.500, 1, 0, 97871, 0, 76.18
2026/09/26 00:19:17.500, 2, 0, 97871, 0, 75.21
2026/09/26 00:19:17.500, 3, 0, 97871, 0, 76.70
2026/09/26 00:19:17.700, 0, 0, 97871, 0, 73.37
2026/09/26 00:19:17.701, 1, 0, 97871, 0, 76.17
2026/09/26 00:19:17.701, 2, 0, 97871, 0, 75.26
2026/09/26 00:19:17.701, 3, 0, 97871, 0, 76.69
2026/09/26 00:19:17.901, 0, 0, 97871, 0, 73.41
2026/09/26 00:19:17.901, 1, 0, 97871, 0, 76.15
2026/09/26 00:19:17.901, 2, 0, 97871, 0, 75.26
2026/09/26 00:19:17.901, 3, 0, 97871, 0, 76.67
2026/09/26 00:19:18.101, 0, 0, 97871, 0, 73.47
2026/09/26 00:19:18.101, 1, 0, 97871, 0, 76.11
2026/09/26 00:19:18.101, 2, 0, 97871, 0, 75.26
2026/09/26 00:19:18.101, 3, 0, 97871, 0, 76.67
2026/09/26 00:19:18.301, 0, 0, 97871, 0, 73.58
2026/09/26 00:19:18.301, 1, 0, 97871, 0, 76.12
2026/09/26 00:19:18.301, 2, 0, 97871, 0, 75.27
2026/09/26 00:19:18.301, 3, 0, 97871, 0, 76.63
2026/09/26 00:19:18.501, 0, 0, 97871, 0, 73.68
2026/09/26 00:19:18.501, 1, 0, 97871, 0, 76.11
2026/09/26 00:19:18.501, 2, 0, 97871, 0, 75.28
2026/09/26 00:19:18.501, 3, 0, 97871, 0, 76.60
2026/09/26 00:19:18.701, 0, 0, 97871, 0, 73.78
2026/09/26 00:19:18.701, 1, 0, 97871, 0, 76.10
2026/09/26 00:19:18.701, 2, 0, 97871, 0, 75.22
2026/09/26 00:19:18.701, 3, 0, 97871, 0, 76.57
2026/09/26 00:19:18.901, 0, 0, 97871, 0, 73.82
2026/09/26 00:19:18.901, 1, 0, 97871, 0, 76.09
2026/09/26 00:19:18.901, 2, 0, 97871, 0, 75.25
2026/09/26 00:19:18.901, 3, 0, 97871, 0, 76.57
2026/09/26 00:19:19.102, 0, 0, 97871, 0, 73.86
2026/09/26 00:19:19.102, 1, 0, 97871, 0, 76.09
2026/09/26 00:19:19.102, 2, 0, 97871, 0, 75.25
2026/09/26 00:19:19.102, 3, 0, 97871, 0, 76.54
2026/09/26 00:19:19.302, 0, 0, 97871, 0, 73.85
2026/09/26 00:19:19.302, 1, 0, 97871, 0, 76.08
2026/09/26 00:19:19.302, 2, 0, 97871, 0, 75.26
2026/09/26 00:19:19.302, 3, 0, 97871, 0, 76.54
2026/09/26 00:19:19.502, 0, 0, 97871, 0, 73.86
2026/09/26 00:19:19.502, 1, 0, 97871, 0, 76.10
2026/09/26 00:19:19.502, 2, 0, 97871, 0, 75.21
2026/09/26 00:19:19.502, 3, 0, 97871, 0, 76.53
2026/09/26 00:19:19.702, 0, 0, 97871, 0, 73.84
2026/09/26 00:19:19.702, 1, 0, 97871, 0, 76.07
2026/09/26 00:19:19.702, 2, 0, 97871, 0, 75.24
2026/09/26 00:19:19.702, 3, 0, 97871, 0, 76.54
2026/09/26 00:19:19.902, 0, 0, 97871, 0, 73.85
2026/09/26 00:19:19.902, 1, 0, 97871, 0, 76.08
2026/09/26 00:19:19.902, 2, 0, 97871, 0, 75.23
2026/09/26 00:19:19.902, 3, 0, 97871, 0, 76.53
2026/09/26 00:19:20.102, 0, 0, 97871, 0, 73.85
2026/09/26 00:19:20.102, 1, 0, 97871, 0, 76.06
2026/09/26 00:19:20.102, 2, 0, 97871, 0, 75.20
2026/09/26 00:19:20.102, 3, 0, 97871, 0, 76.54
2026/09/26 00:19:20.302, 0, 0, 97871, 0, 73.84
2026/09/26 00:19:20.302, 1, 0, 97871, 0, 76.06
2026/09/26 00:19:20.302, 2, 0, 97871, 0, 75.19
2026/09/26 00:19:20.303, 3, 0, 97871, 0, 76.53
2026/09/26 00:19:20.503, 0, 0, 97871, 0, 73.84
2026/09/26 00:19:20.503, 1, 0, 97871, 0, 76.03
2026/09/26 00:19:20.503, 2, 0, 97871, 0, 75.20
2026/09/26 00:19:20.503, 3, 0, 97871, 0, 76.54
2026/09/26 00:19:20.703, 0, 0, 97871, 0, 73.83
2026/09/26 00:19:20.703, 1, 0, 97871, 0, 76.04
2026/09/26 00:19:20.703, 2, 0, 97871, 0, 75.19
2026/09/26 00:19:20.703, 3, 0, 97871, 0, 76.52
2026/09/26 00:19:20.903, 0, 0, 97871, 0, 73.81
2026/09/26 00:19:20.903, 1, 0, 97871, 0, 76.02
2026/09/26 00:19:20.903, 2, 0, 97871, 0, 75.15
2026/09/26 00:19:20.903, 3, 0, 97871, 0, 76.53
2026/09/26 00:19:21.103, 0, 0, 97871, 0, 73.80
2026/09/26 00:19:21.103, 1, 0, 97871, 0, 76.03
2026/09/26 00:19:21.103, 2, 0, 97871, 0, 75.16
2026/09/26 00:19:21.103, 3, 0, 97871, 0, 76.52
2026/09/26 00:19:21.303, 0, 1, 97871, 0, 73.79
2026/09/26 00:19:21.305, 1, 1, 97871, 0, 76.02
2026/09/26 00:19:21.307, 2, 1, 97871, 0, 75.18
2026/09/26 00:19:21.307, 3, 1, 97871, 0, 76.52
2026/09/26 00:19:21.512, 0, 2, 97871, 0, 73.81
2026/09/26 00:19:21.512, 1, 1, 97871, 0, 76.03
2026/09/26 00:19:21.513, 2, 1, 97871, 0, 75.18
2026/09/26 00:19:21.517, 3, 1, 97871, 0, 76.52
2026/09/26 00:19:21.718, 0, 4, 97871, 0, 74.17
2026/09/26 00:19:21.721, 1, 1, 97871, 0, 76.04
2026/09/26 00:19:21.721, 2, 1, 97871, 0, 75.16
2026/09/26 00:19:21.722, 3, 1, 97871, 0, 76.52
2026/09/26 00:19:21.929, 0, 4, 97871, 0, 74.93
2026/09/26 00:19:22.008, 1, 4, 97871, 0, 76.02
2026/09/26 00:19:22.009, 2, 1, 97871, 0, 75.16
2026/09/26 00:19:22.013, 3, 1, 97871, 0, 76.50
2026/09/26 00:19:22.214, 0, 4, 97871, 0, 75.43
2026/09/26 00:19:22.280, 1, 4, 97871, 0, 76.01
2026/09/26 00:19:22.280, 2, 4, 97871, 0, 75.22
2026/09/26 00:19:22.280, 3, 1, 97871, 0, 76.50
2026/09/26 00:19:22.480, 0, 4, 97871, 0, 75.87
2026/09/26 00:19:22.482, 1, 4, 97871, 0, 76.00
2026/09/26 00:19:22.484, 2, 4, 97871, 0, 75.22
2026/09/26 00:19:22.484, 3, 4, 97871, 0, 76.49
2026/09/26 00:19:22.684, 0, 4, 97871, 0, 76.19
2026/09/26 00:19:22.684, 1, 4, 97871, 0, 75.99
2026/09/26 00:19:22.684, 2, 4, 97871, 0, 75.21
2026/09/26 00:19:22.684, 3, 4, 97871, 0, 76.48
2026/09/26 00:19:22.884, 0, 4, 97871, 0, 76.16
2026/09/26 00:19:22.884, 1, 4, 97871, 0, 75.95
2026/09/26 00:19:22.884, 2, 4, 97871, 0, 75.18
2026/09/26 00:19:22.884, 3, 4, 97871, 0, 76.48
2026/09/26 00:19:23.084, 0, 21, 97871, 0, 76.14
2026/09/26 00:19:23.095, 1, 4, 97871, 0, 75.92
2026/09/26 00:19:23.118, 2, 4, 97871, 0, 75.15
2026/09/26 00:19:23.121, 3, 12, 97871, 0, 76.49
2026/09/26 00:19:23.328, 0, 27, 97871, 1, 86.60
2026/09/26 00:19:23.329, 1, 21, 97871, 0, 85.15
2026/09/26 00:19:23.336, 2, 21, 97871, 0, 83.80
2026/09/26 00:19:23.338, 3, 21, 97871, 0, 85.76
2026/09/26 00:19:23.540, 0, 385, 97871, 1, 94.76
2026/09/26 00:19:23.540, 1, 385, 97871, 1, 95.09
2026/09/26 00:19:23.540, 2, 385, 97871, 3, 92.67
2026/09/26 00:19:23.540, 3, 385, 97871, 2, 95.60
2026/09/26 00:19:23.740, 0, 483, 97871, 3, 102.92
2026/09/26 00:19:23.741, 1, 483, 97871, 0, 104.60
2026/09/26 00:19:23.741, 2, 483, 97871, 2, 101.17
2026/09/26 00:19:23.741, 3, 483, 97871, 0, 104.31
2026/09/26 00:19:23.941, 0, 727, 97871, 1, 110.39
2026/09/26 00:19:23.941, 1, 725, 97871, 0, 114.87
2026/09/26 00:19:23.960, 2, 727, 97871, 1, 110.36
2026/09/26 00:19:23.960, 3, 727, 97871, 0, 113.42
2026/09/26 00:19:24.160, 0, 1019, 97871, 1, 117.37
2026/09/26 00:19:24.163, 1, 1019, 97871, 0, 125.32
2026/09/26 00:19:24.163, 2, 1019, 97871, 1, 118.25
2026/09/26 00:19:24.163, 3, 1019, 97871, 1, 122.50
2026/09/26 00:19:24.365, 0, 1163, 97871, 0, 116.97
2026/09/26 00:19:24.365, 1, 1163, 97871, 0, 124.82
2026/09/26 00:19:24.365, 2, 1163, 97871, 0, 119.02
2026/09/26 00:19:24.365, 3, 1163, 97871, 0, 123.30
2026/09/26 00:19:24.628, 0, 1201, 97871, 0, 117.12
2026/09/26 00:19:24.628, 1, 1201, 97871, 0, 124.75
2026/09/26 00:19:24.628, 2, 1201, 97871, 0, 119.04
2026/09/26 00:19:24.628, 3, 1201, 97871, 0, 123.26
2026/09/26 00:19:24.829, 0, 1443, 97871, 0, 117.12
2026/09/26 00:19:24.829, 1, 1443, 97871, 1, 124.74
2026/09/26 00:19:24.829, 2, 1443, 97871, 0, 119.05
2026/09/26 00:19:24.829, 3, 1443, 97871, 0, 123.27
2026/09/26 00:19:25.029, 0, 1735, 97871, 0, 117.15
2026/09/26 00:19:25.029, 1, 1735, 97871, 0, 124.73
2026/09/26 00:19:25.029, 2, 1735, 97871, 0, 119.21
2026/09/26 00:19:25.029, 3, 1735, 97871, 0, 123.26
2026/09/26 00:19:25.231, 0, 1735, 97871, 0, 117.14
2026/09/26 00:19:25.231, 1, 1735, 97871, 0, 124.60
2026/09/26 00:19:25.231, 2, 1735, 97871, 0, 119.21
2026/09/26 00:19:25.231, 3, 1735, 97871, 0, 123.29
2026/09/26 00:19:25.432, 0, 1735, 97871, 0, 117.28
2026/09/26 00:19:25.432, 1, 1735, 97871, 0, 124.85
2026/09/26 00:19:25.432, 2, 1735, 97871, 1, 119.49
2026/09/26 00:19:25.432, 3, 1735, 97871, 1, 123.58
2026/09/26 00:19:25.632, 0, 1805, 97871, 0, 117.18
2026/09/26 00:19:25.632, 1, 1805, 97871, 0, 124.55
2026/09/26 00:19:25.632, 2, 1805, 97871, 0, 119.10
2026/09/26 00:19:25.632, 3, 1805, 97871, 0, 123.22
2026/09/26 00:19:25.832, 0, 1807, 97871, 0, 117.17
2026/09/26 00:19:25.840, 1, 1807, 97871, 0, 124.54
2026/09/26 00:19:25.840, 2, 1805, 97871, 0, 119.10
2026/09/26 00:19:25.840, 3, 1807, 97871, 0, 123.17
2026/09/26 00:19:26.040, 0, 2831, 97871, 3, 117.31
2026/09/26 00:19:26.040, 1, 2831, 97871, 2, 124.52
2026/09/26 00:19:26.040, 2, 2831, 97871, 3, 118.99
2026/09/26 00:19:26.040, 3, 2831, 97871, 3, 123.18
2026/09/26 00:19:26.240, 0, 3001, 97871, 0, 117.29
2026/09/26 00:19:26.240, 1, 3001, 97871, 0, 124.50
2026/09/26 00:19:26.240, 2, 2981, 97871, 0, 118.91
2026/09/26 00:19:26.240, 3, 2831, 97871, 0, 123.27
2026/09/26 00:19:26.441, 0, 4281, 97871, 3, 117.75
2026/09/26 00:19:26.441, 1, 4281, 97871, 3, 124.68
2026/09/26 00:19:26.441, 2, 4281, 97871, 3, 118.82
2026/09/26 00:19:26.441, 3, 4281, 97871, 0, 123.30
2026/09/26 00:19:26.641, 0, 11473, 97871, 4, 117.82
2026/09/26 00:19:26.641, 1, 11551, 97871, 5, 124.72
2026/09/26 00:19:26.641, 2, 12001, 97871, 4, 118.82
2026/09/26 00:19:26.641, 3, 11187, 97871, 0, 123.28
2026/09/26 00:19:26.841, 0, 22031, 97871, 6, 117.81
2026/09/26 00:19:26.841, 1, 21063, 97871, 5, 124.76
2026/09/26 00:19:26.841, 2, 21413, 97871, 5, 118.83
2026/09/26 00:19:26.841, 3, 20447, 97871, 5, 123.32
2026/09/26 00:19:27.041, 0, 23895, 97871, 4, 117.80
2026/09/26 00:19:27.041, 1, 23629, 97871, 3, 124.78
2026/09/26 00:19:27.041, 2, 23143, 97871, 4, 118.81
2026/09/26 00:19:27.041, 3, 22919, 97871, 5, 123.27
2026/09/26 00:19:27.242, 0, 23895, 97871, 2, 117.67
2026/09/26 00:19:27.242, 1, 23629, 97871, 2, 124.72
2026/09/26 00:19:27.242, 2, 23143, 97871, 2, 118.83
2026/09/26 00:19:27.242, 3, 22919, 97871, 2, 123.14
2026/09/26 00:19:27.442, 0, 23895, 97871, 2, 116.97
2026/09/26 00:19:27.442, 1, 23629, 97871, 2, 124.36
2026/09/26 00:19:27.442, 2, 23143, 97871, 2, 118.66
2026/09/26 00:19:27.442, 3, 22919, 97871, 2, 122.79
2026/09/26 00:19:27.642, 0, 23895, 97871, 2, 116.91
2026/09/26 00:19:27.642, 1, 23629, 97871, 2, 124.22
2026/09/26 00:19:27.642, 2, 23143, 97871, 2, 118.62
2026/09/26 00:19:27.642, 3, 22919, 97871, 2, 122.81
2026/09/26 00:19:27.842, 0, 23895, 97871, 2, 116.90
2026/09/26 00:19:27.842, 1, 23629, 97871, 2, 124.16
2026/09/26 00:19:27.842, 2, 23143, 97871, 2, 118.58
2026/09/26 00:19:27.842, 3, 22919, 97871, 2, 122.75
2026/09/26 00:19:28.042, 0, 23895, 97871, 2, 116.88
2026/09/26 00:19:28.042, 1, 23629, 97871, 2, 124.11
2026/09/26 00:19:28.042, 2, 23143, 97871, 2, 118.59
2026/09/26 00:19:28.042, 3, 22919, 97871, 2, 122.76
2026/09/26 00:19:28.242, 0, 23895, 97871, 2, 116.87
2026/09/26 00:19:28.242, 1, 23629, 97871, 2, 124.13
2026/09/26 00:19:28.242, 2, 23143, 97871, 2, 118.61
2026/09/26 00:19:28.242, 3, 22919, 97871, 2, 122.75
2026/09/26 00:19:28.442, 0, 23895, 97871, 2, 116.86
2026/09/26 00:19:28.442, 1, 23629, 97871, 2, 124.12
2026/09/26 00:19:28.442, 2, 23143, 97871, 2, 118.56
2026/09/26 00:19:28.443, 3, 22919, 97871, 2, 122.74
2026/09/26 00:19:28.643, 0, 23895, 97871, 2, 116.81
2026/09/26 00:19:28.643, 1, 23629, 97871, 2, 124.07
2026/09/26 00:19:28.643, 2, 23143, 97871, 2, 118.61
2026/09/26 00:19:28.643, 3, 22919, 97871, 2, 122.73
2026/09/26 00:19:28.843, 0, 23895, 97871, 2, 116.81
2026/09/26 00:19:28.843, 1, 23629, 97871, 2, 124.05
2026/09/26 00:19:28.843, 2, 23143, 97871, 2, 118.64
2026/09/26 00:19:28.843, 3, 22919, 97871, 2, 122.72
2026/09/26 00:19:29.043, 0, 23895, 97871, 2, 116.79
2026/09/26 00:19:29.043, 1, 23629, 97871, 2, 124.05
2026/09/26 00:19:29.043, 2, 23143, 97871, 2, 118.65
2026/09/26 00:19:29.043, 3, 22919, 97871, 2, 122.71
2026/09/26 00:19:29.243, 0, 23895, 97871, 2, 116.79
2026/09/26 00:19:29.243, 1, 23629, 97871, 2, 124.03
2026/09/26 00:19:29.243, 2, 23143, 97871, 2, 118.56
2026/09/26 00:19:29.243, 3, 22919, 97871, 2, 122.69
2026/09/26 00:19:29.443, 0, 23895, 97871, 2, 116.80
2026/09/26 00:19:29.443, 1, 23629, 97871, 2, 124.02
2026/09/26 00:19:29.443, 2, 23143, 97871, 2, 118.59
2026/09/26 00:19:29.443, 3, 22919, 97871, 2, 122.68
2026/09/26 00:19:29.643, 0, 23895, 97871, 2, 116.81
2026/09/26 00:19:29.643, 1, 23629, 97871, 2, 124.03
2026/09/26 00:19:29.643, 2, 23143, 97871, 2, 118.58
2026/09/26 00:19:29.643, 3, 22919, 97871, 2, 122.66
2026/09/26 00:19:29.844, 0, 23895, 97871, 2, 116.81
2026/09/26 00:19:29.844, 1, 23629, 97871, 2, 123.99
2026/09/26 00:19:29.844, 2, 23143, 97871, 2, 118.51
2026/09/26 00:19:29.844, 3, 22919, 97871, 2, 122.64
2026/09/26 00:19:30.044, 0, 23895, 97871, 2, 116.80
2026/09/26 00:19:30.044, 1, 23629, 97871, 2, 124.00
2026/09/26 00:19:30.044, 2, 23143, 97871, 2, 118.51
2026/09/26 00:19:30.044, 3, 22919, 97871, 2, 122.62
2026/09/26 00:19:30.244, 0, 23895, 97871, 2, 116.82
2026/09/26 00:19:30.244, 1, 23629, 97871, 2, 124.00
2026/09/26 00:19:30.244, 2, 23143, 97871, 2, 118.53
2026/09/26 00:19:30.244, 3, 22919, 97871, 2, 122.61
2026/09/26 00:19:30.444, 0, 23895, 97871, 2, 116.81
2026/09/26 00:19:30.444, 1, 23629, 97871, 2, 124.00
2026/09/26 00:19:30.444, 2, 23143, 97871, 1, 118.51
2026/09/26 00:19:30.444, 3, 22919, 97871, 1, 122.61
2026/09/26 00:19:30.644, 0, 23895, 97871, 2, 116.79
2026/09/26 00:19:30.644, 1, 23629, 97871, 2, 123.97
2026/09/26 00:19:30.644, 2, 23143, 97871, 2, 118.45
2026/09/26 00:19:30.644, 3, 22919, 97871, 2, 122.60
2026/09/26 00:19:30.844, 0, 23895, 97871, 2, 116.79
2026/09/26 00:19:30.844, 1, 23629, 97871, 2, 123.98
2026/09/26 00:19:30.844, 2, 23143, 97871, 2, 118.44
2026/09/26 00:19:30.844, 3, 22919, 97871, 2, 122.61
2026/09/26 00:19:31.044, 0, 23895, 97871, 2, 116.77
2026/09/26 00:19:31.045, 1, 23629, 97871, 2, 123.94
2026/09/26 00:19:31.045, 2, 23143, 97871, 2, 118.47
2026/09/26 00:19:31.045, 3, 22919, 97871, 2, 122.61
2026/09/26 00:19:31.245, 0, 23895, 97871, 2, 116.78
2026/09/26 00:19:31.245, 1, 23629, 97871, 2, 123.95
2026/09/26 00:19:31.245, 2, 23143, 97871, 2, 118.47
2026/09/26 00:19:31.245, 3, 22919, 97871, 2, 122.61
2026/09/26 00:19:31.445, 0, 23895, 97871, 2, 116.77
2026/09/26 00:19:31.445, 1, 23629, 97871, 2, 123.96
2026/09/26 00:19:31.445, 2, 23143, 97871, 2, 118.43
2026/09/26 00:19:31.445, 3, 22919, 97871, 2, 122.61
2026/09/26 00:19:31.645, 0, 23895, 97871, 2, 116.78
2026/09/26 00:19:31.645, 1, 23629, 97871, 2, 123.97
2026/09/26 00:19:31.645, 2, 23143, 97871, 2, 118.46
2026/09/26 00:19:31.645, 3, 22919, 97871, 2, 122.59
2026/09/26 00:19:31.845, 0, 23895, 97871, 2, 116.79
2026/09/26 00:19:31.845, 1, 23629, 97871, 2, 123.94
2026/09/26 00:19:31.845, 2, 23143, 97871, 2, 118.49
2026/09/26 00:19:31.845, 3, 22919, 97871, 2, 122.59
2026/09/26 00:19:32.045, 0, 23895, 97871, 2, 116.78
2026/09/26 00:19:32.045, 1, 23629, 97871, 2, 123.93
2026/09/26 00:19:32.045, 2, 23143, 97871, 2, 118.46
2026/09/26 00:19:32.045, 3, 22919, 97871, 1, 122.56
2026/09/26 00:19:32.245, 0, 23895, 97871, 2, 116.78
2026/09/26 00:19:32.245, 1, 23629, 97871, 2, 123.93
2026/09/26 00:19:32.245, 2, 23143, 97871, 2, 118.42
2026/09/26 00:19:32.245, 3, 22919, 97871, 2, 122.56
2026/09/26 00:19:32.446, 0, 23895, 97871, 2, 116.79
2026/09/26 00:19:32.446, 1, 23629, 97871, 2, 123.90
2026/09/26 00:19:32.446, 2, 23143, 97871, 2, 118.47
2026/09/26 00:19:32.446, 3, 22919, 97871, 2, 122.56
2026/09/26 00:19:32.646, 0, 23895, 97871, 2, 116.79
2026/09/26 00:19:32.646, 1, 23629, 97871, 2, 123.90
2026/09/26 00:19:32.646, 2, 23143, 97871, 2, 118.48
2026/09/26 00:19:32.646, 3, 22919, 97871, 2, 122.54
2026/09/26 00:19:32.846, 0, 23895, 97871, 2, 116.78
2026/09/26 00:19:32.846, 1, 23629, 97871, 2, 123.89
2026/09/26 00:19:32.846, 2, 23143, 97871, 2, 118.43
2026/09/26 00:19:32.846, 3, 22919, 97871, 2, 122.53
2026/09/26 00:19:33.046, 0, 23895, 97871, 2, 116.79
2026/09/26 00:19:33.046, 1, 23629, 97871, 2, 123.88
2026/09/26 00:19:33.046, 2, 23143, 97871, 2, 118.45
2026/09/26 00:19:33.046, 3, 22919, 97871, 2, 122.52
2026/09/26 00:19:33.246, 0, 23895, 97871, 2, 116.79
2026/09/26 00:19:33.246, 1, 23629, 97871, 2, 123.89
2026/09/26 00:19:33.246, 2, 23143, 97871, 2, 118.48
2026/09/26 00:19:33.246, 3, 22919, 97871, 2, 122.50
2026/09/26 00:19:33.446, 0, 23895, 97871, 2, 116.77
2026/09/26 00:19:33.446, 1, 23629, 97871, 2, 123.89
2026/09/26 00:19:33.446, 2, 23143, 97871, 2, 118.47
2026/09/26 00:19:33.446, 3, 22919, 97871, 2, 122.49
2026/09/26 00:19:33.646, 0, 23895, 97871, 2, 116.77
2026/09/26 00:19:33.646, 1, 23629, 97871, 2, 123.89
2026/09/26 00:19:33.647, 2, 23143, 97871, 2, 118.45
2026/09/26 00:19:33.647, 3, 22919, 97871, 2, 122.52
2026/09/26 00:19:33.847, 0, 23895, 97871, 2, 116.74
2026/09/26 00:19:33.847, 1, 23629, 97871, 2, 123.88
2026/09/26 00:19:33.847, 2, 23143, 97871, 2, 118.47
2026/09/26 00:19:33.847, 3, 22919, 97871, 2, 122.50
2026/09/26 00:19:34.047, 0, 23895, 97871, 2, 116.73
2026/09/26 00:19:34.047, 1, 23629, 97871, 2, 123.92
2026/09/26 00:19:34.047, 2, 23143, 97871, 2, 118.50
2026/09/26 00:19:34.047, 3, 22919, 97871, 2, 122.51
2026/09/26 00:19:34.247, 0, 23895, 97871, 2, 116.72
2026/09/26 00:19:34.247, 1, 23629, 97871, 2, 123.90
2026/09/26 00:19:34.247, 2, 23143, 97871, 2, 118.45
2026/09/26 00:19:34.247, 3, 22919, 97871, 2, 122.50
2026/09/26 00:19:34.447, 0, 23895, 97871, 2, 116.72
2026/09/26 00:19:34.447, 1, 23629, 97871, 2, 123.86
2026/09/26 00:19:34.447, 2, 23143, 97871, 2, 118.43
2026/09/26 00:19:34.447, 3, 22919, 97871, 2, 122.51
2026/09/26 00:19:34.647, 0, 23895, 97871, 2, 116.70
2026/09/26 00:19:34.647, 1, 23629, 97871, 2, 123.83
2026/09/26 00:19:34.647, 2, 23143, 97871, 2, 118.45
2026/09/26 00:19:34.647, 3, 22919, 97871, 1, 122.48
2026/09/26 00:19:34.847, 0, 23895, 97871, 2, 116.69
2026/09/26 00:19:34.847, 1, 23629, 97871, 2, 123.82
2026/09/26 00:19:34.847, 2, 23143, 97871, 2, 118.48
2026/09/26 00:19:34.847, 3, 22919, 97871, 2, 122.48
2026/09/26 00:19:35.048, 0, 23895, 97871, 2, 116.69
2026/09/26 00:19:35.048, 1, 23629, 97871, 2, 123.79
2026/09/26 00:19:35.048, 2, 23143, 97871, 2, 118.42
2026/09/26 00:19:35.048, 3, 22919, 97871, 2, 122.49
2026/09/26 00:19:35.248, 0, 23895, 97871, 2, 116.68
2026/09/26 00:19:35.248, 1, 23629, 97871, 2, 123.76
2026/09/26 00:19:35.248, 2, 23143, 97871, 2, 118.43
2026/09/26 00:19:35.248, 3, 22919, 97871, 2, 122.48
2026/09/26 00:19:35.448, 0, 23895, 97871, 2, 116.69
2026/09/26 00:19:35.448, 1, 23629, 97871, 2, 123.75
2026/09/26 00:19:35.448, 2, 23143, 97871, 2, 118.45
2026/09/26 00:19:35.448, 3, 22919, 97871, 1, 122.46
2026/09/26 00:19:35.648, 0, 23895, 97871, 2, 116.69
2026/09/26 00:19:35.648, 1, 23629, 97871, 2, 123.70
2026/09/26 00:19:35.648, 2, 23143, 97871, 2, 118.44
2026/09/26 00:19:35.648, 3, 22919, 97871, 2, 122.45
2026/09/26 00:19:35.848, 0, 23895, 97871, 2, 116.68
2026/09/26 00:19:35.848, 1, 23629, 97871, 2, 123.68
2026/09/26 00:19:35.848, 2, 23143, 97871, 2, 118.35
2026/09/26 00:19:35.848, 3, 22919, 97871, 2, 122.43
2026/09/26 00:19:36.048, 0, 23895, 97871, 1, 116.71
2026/09/26 00:19:36.048, 1, 23629, 97871, 2, 123.67
2026/09/26 00:19:36.048, 2, 23143, 97871, 2, 118.38
2026/09/26 00:19:36.048, 3, 22919, 97871, 2, 122.39
2026/09/26 00:19:36.248, 0, 23895, 97871, 2, 116.68
2026/09/26 00:19:36.249, 1, 23629, 97871, 2, 123.67
2026/09/26 00:19:36.249, 2, 23143, 97871, 2, 118.37
2026/09/26 00:19:36.249, 3, 22919, 97871, 2, 122.39
2026/09/26 00:19:36.449, 0, 23895, 97871, 2, 116.69
2026/09/26 00:19:36.449, 1, 23629, 97871, 2, 123.67
2026/09/26 00:19:36.449, 2, 23143, 97871, 2, 118.35
2026/09/26 00:19:36.449, 3, 22919, 97871, 2, 122.37
2026/09/26 00:19:36.649, 0, 23895, 97871, 2, 116.68
2026/09/26 00:19:36.649, 1, 23629, 97871, 2, 123.68
2026/09/26 00:19:36.649, 2, 23143, 97871, 2, 118.30
2026/09/26 00:19:36.649, 3, 22919, 97871, 2, 122.39
2026/09/26 00:19:36.849, 0, 23895, 97871, 2, 116.69
2026/09/26 00:19:36.849, 1, 23629, 97871, 2, 123.66
2026/09/26 00:19:36.849, 2, 23143, 97871, 2, 118.33
2026/09/26 00:19:36.849, 3, 22919, 97871, 2, 122.37
2026/09/26 00:19:37.049, 0, 23895, 97871, 2, 116.67
2026/09/26 00:19:37.049, 1, 23629, 97871, 2, 123.65
2026/09/26 00:19:37.049, 2, 23143, 97871, 4, 118.37
2026/09/26 00:19:37.049, 3, 22919, 97871, 4, 122.38
2026/09/26 00:19:37.249, 0, 23895, 97871, 2, 116.67
2026/09/26 00:19:37.249, 1, 23629, 97871, 2, 123.64
2026/09/26 00:19:37.249, 2, 23143, 97871, 2, 118.34
2026/09/26 00:19:37.249, 3, 22919, 97871, 2, 122.40
2026/09/26 00:19:37.449, 0, 23895, 97871, 2, 116.68
2026/09/26 00:19:37.449, 1, 23629, 97871, 4, 123.68
2026/09/26 00:19:37.449, 2, 23143, 97871, 2, 118.36
2026/09/26 00:19:37.449, 3, 22919, 97871, 2, 122.39
2026/09/26 00:19:37.650, 0, 23895, 97871, 2, 116.68
2026/09/26 00:19:37.650, 1, 23629, 97871, 2, 123.67
2026/09/26 00:19:37.650, 2, 23143, 97871, 2, 118.36
2026/09/26 00:19:37.650, 3, 22919, 97871, 2, 122.36
2026/09/26 00:19:37.850, 0, 23895, 97871, 4, 116.70
2026/09/26 00:19:37.850, 1, 23629, 97871, 2, 123.66
2026/09/26 00:19:37.850, 2, 23143, 97871, 2, 118.39
2026/09/26 00:19:37.850, 3, 22919, 97871, 2, 122.34
2026/09/26 00:19:38.050, 0, 23895, 97871, 2, 116.72
2026/09/26 00:19:38.050, 1, 23629, 97871, 2, 123.66
2026/09/26 00:19:38.050, 2, 23143, 97871, 2, 118.30
2026/09/26 00:19:38.050, 3, 22919, 97871, 2, 122.32
2026/09/26 00:19:38.250, 0, 23895, 97871, 2, 116.69
2026/09/26 00:19:38.250, 1, 23629, 97871, 2, 123.65
2026/09/26 00:19:38.250, 2, 23143, 97871, 2, 118.34
2026/09/26 00:19:38.250, 3, 22919, 97871, 2, 122.28
2026/09/26 00:19:38.450, 0, 23895, 97871, 2, 116.70
2026/09/26 00:19:38.450, 1, 23629, 97871, 2, 123.60
2026/09/26 00:19:38.450, 2, 23143, 97871, 2, 118.33
2026/09/26 00:19:38.450, 3, 22919, 97871, 4, 122.30
2026/09/26 00:19:38.650, 0, 23895, 97871, 2, 116.66
2026/09/26 00:19:38.650, 1, 23629, 97871, 2, 123.62
2026/09/26 00:19:38.650, 2, 23143, 97871, 2, 118.31
2026/09/26 00:19:38.651, 3, 22919, 97871, 2, 122.31
2026/09/26 00:19:38.851, 0, 23895, 97871, 2, 116.65
2026/09/26 00:19:38.851, 1, 23629, 97871, 4, 123.65
2026/09/26 00:19:38.851, 2, 23143, 97871, 2, 118.32
2026/09/26 00:19:38.851, 3, 22919, 97871, 2, 122.33
2026/09/26 00:19:39.051, 0, 23895, 97871, 2, 116.65
2026/09/26 00:19:39.051, 1, 23629, 97871, 2, 123.66
2026/09/26 00:19:39.051, 2, 23143, 97871, 2, 118.36
2026/09/26 00:19:39.051, 3, 22919, 97871, 2, 122.32
2026/09/26 00:19:39.251, 0, 23895, 97871, 4, 116.66
2026/09/26 00:19:39.251, 1, 23629, 97871, 2, 123.67
2026/09/26 00:19:39.251, 2, 23143, 97871, 2, 118.39
2026/09/26 00:19:39.251, 3, 22919, 97871, 2, 122.32
2026/09/26 00:19:39.451, 0, 23895, 97871, 2, 116.66
2026/09/26 00:19:39.451, 1, 23629, 97871, 2, 123.67
2026/09/26 00:19:39.451, 2, 23143, 97871, 2, 118.36
2026/09/26 00:19:39.451, 3, 22919, 97871, 2, 122.30
2026/09/26 00:19:39.651, 0, 23895, 97871, 2, 116.67
2026/09/26 00:19:39.651, 1, 23629, 97871, 2, 123.64
2026/09/26 00:19:39.651, 2, 23143, 97871, 2, 118.37
2026/09/26 00:19:39.651, 3, 22919, 97871, 2, 122.28
2026/09/26 00:19:39.851, 0, 23895, 97871, 2, 116.65
2026/09/26 00:19:39.851, 1, 23629, 97871, 2, 123.62
2026/09/26 00:19:39.851, 2, 23143, 97871, 2, 118.39
2026/09/26 00:19:39.851, 3, 22919, 97871, 2, 122.25
2026/09/26 00:19:40.052, 0, 23895, 97871, 2, 116.59
2026/09/26 00:19:40.052, 1, 23629, 97871, 2, 123.62
2026/09/26 00:19:40.052, 2, 23143, 97871, 2, 118.39
2026/09/26 00:19:40.052, 3, 22919, 97871, 2, 122.28
2026/09/26 00:19:40.252, 0, 23895, 97871, 2, 116.58
2026/09/26 00:19:40.252, 1, 23629, 97871, 2, 123.60
2026/09/26 00:19:40.252, 2, 23143, 97871, 2, 118.34
2026/09/26 00:19:40.252, 3, 22919, 97871, 2, 122.28
2026/09/26 00:19:40.452, 0, 23895, 97871, 2, 116.54
2026/09/26 00:19:40.452, 1, 23629, 97871, 2, 123.58
2026/09/26 00:19:40.452, 2, 23143, 97871, 2, 118.35
2026/09/26 00:19:40.452, 3, 22919, 97871, 2, 122.28
2026/09/26 00:19:40.652, 0, 23895, 97871, 2, 116.55
2026/09/26 00:19:40.652, 1, 23629, 97871, 2, 123.58
2026/09/26 00:19:40.652, 2, 23143, 97871, 2, 118.35
2026/09/26 00:19:40.652, 3, 22919, 97871, 2, 122.28
2026/09/26 00:19:40.852, 0, 23895, 97871, 2, 116.55
2026/09/26 00:19:40.852, 1, 23629, 97871, 2, 123.57
2026/09/26 00:19:40.852, 2, 23143, 97871, 2, 118.35
2026/09/26 00:19:40.852, 3, 22919, 97871, 2, 122.26
2026/09/26 00:19:41.052, 0, 23895, 97871, 2, 116.57
2026/09/26 00:19:41.052, 1, 23629, 97871, 2, 123.54
2026/09/26 00:19:41.052, 2, 23143, 97871, 2, 118.29
2026/09/26 00:19:41.052, 3, 22919, 97871, 2, 122.22
2026/09/26 00:19:41.252, 0, 23895, 97871, 2, 116.58
2026/09/26 00:19:41.252, 1, 23629, 97871, 2, 123.54
2026/09/26 00:19:41.253, 2, 23143, 97871, 2, 118.31
2026/09/26 00:19:41.253, 3, 22919, 97871, 2, 122.16
2026/09/26 00:19:41.453, 0, 23895, 97871, 2, 116.59
2026/09/26 00:19:41.453, 1, 23629, 97871, 2, 123.52
2026/09/26 00:19:41.453, 2, 23143, 97871, 2, 118.33
2026/09/26 00:19:41.453, 3, 22919, 97871, 2, 122.16
2026/09/26 00:19:41.653, 0, 23895, 97871, 2, 116.61
2026/09/26 00:19:41.653, 1, 23629, 97871, 2, 123.50
2026/09/26 00:19:41.653, 2, 23143, 97871, 2, 118.29
2026/09/26 00:19:41.653, 3, 22919, 97871, 2, 122.12
2026/09/26 00:19:41.853, 0, 23895, 97871, 2, 116.60
2026/09/26 00:19:41.853, 1, 23629, 97871, 2, 123.48
2026/09/26 00:19:41.853, 2, 23143, 97871, 2, 118.25
2026/09/26 00:19:41.853, 3, 22919, 97871, 2, 122.10
2026/09/26 00:19:42.053, 0, 23895, 97871, 2, 116.58
2026/09/26 00:19:42.053, 1, 23629, 97871, 2, 123.48
2026/09/26 00:19:42.053, 2, 23143, 97871, 2, 118.27
2026/09/26 00:19:42.053, 3, 22919, 97871, 2, 122.11
2026/09/26 00:19:42.253, 0, 23895, 97871, 2, 116.59
2026/09/26 00:19:42.253, 1, 23629, 97871, 2, 123.45
2026/09/26 00:19:42.253, 2, 23143, 97871, 2, 118.26
2026/09/26 00:19:42.253, 3, 22919, 97871, 1, 122.11
2026/09/26 00:19:42.453, 0, 23895, 97871, 2, 116.55
2026/09/26 00:19:42.453, 1, 23629, 97871, 2, 123.46
2026/09/26 00:19:42.453, 2, 23143, 97871, 2, 118.19
2026/09/26 00:19:42.453, 3, 22919, 97871, 2, 122.10
2026/09/26 00:19:42.654, 0, 23895, 97871, 2, 116.53
2026/09/26 00:19:42.654, 1, 23629, 97871, 2, 123.46
2026/09/26 00:19:42.654, 2, 23143, 97871, 2, 118.20
2026/09/26 00:19:42.654, 3, 22919, 97871, 2, 122.10
2026/09/26 00:19:42.854, 0, 23895, 97871, 2, 116.50
2026/09/26 00:19:42.854, 1, 23629, 97871, 2, 123.47
2026/09/26 00:19:42.854, 2, 23143, 97871, 2, 118.24
2026/09/26 00:19:42.854, 3, 22919, 97871, 2, 122.10
2026/09/26 00:19:43.054, 0, 23895, 97871, 2, 116.53
2026/09/26 00:19:43.054, 1, 23629, 97871, 2, 123.46
2026/09/26 00:19:43.054, 2, 23143, 97871, 2, 118.23
2026/09/26 00:19:43.054, 3, 22919, 97871, 2, 122.11
2026/09/26 00:19:43.254, 0, 23895, 97871, 1, 116.54
2026/09/26 00:19:43.254, 1, 23629, 97871, 2, 123.48
2026/09/26 00:19:43.254, 2, 23143, 97871, 2, 118.19
2026/09/26 00:19:43.254, 3, 22919, 97871, 2, 122.11
2026/09/26 00:19:43.454, 0, 23895, 97871, 2, 116.55
2026/09/26 00:19:43.454, 1, 23629, 97871, 2, 123.48
2026/09/26 00:19:43.454, 2, 23143, 97871, 2, 118.24
2026/09/26 00:19:43.454, 3, 22919, 97871, 2, 122.09
2026/09/26 00:19:43.654, 0, 23895, 97871, 2, 116.56
2026/09/26 00:19:43.654, 1, 23629, 97871, 2, 123.47
2026/09/26 00:19:43.654, 2, 23143, 97871, 2, 118.24
2026/09/26 00:19:43.654, 3, 22919, 97871, 1, 122.10
2026/09/26 00:19:43.854, 0, 23895, 97871, 2, 116.55
2026/09/26 00:19:43.855, 1, 23629, 97871, 2, 123.46
2026/09/26 00:19:43.855, 2, 23143, 97871, 1, 118.23
2026/09/26 00:19:43.855, 3, 22919, 97871, 1, 122.09
2026/09/26 00:19:44.055, 0, 23895, 97871, 2, 116.56
2026/09/26 00:19:44.055, 1, 23629, 97871, 2, 123.46
2026/09/26 00:19:44.055, 2, 23143, 97871, 2, 118.21
2026/09/26 00:19:44.055, 3, 22919, 97871, 1, 122.08
2026/09/26 00:19:44.255, 0, 23895, 97871, 2, 116.56
2026/09/26 00:19:44.255, 1, 23629, 97871, 2, 123.44
2026/09/26 00:19:44.255, 2, 23143, 97871, 2, 118.22
2026/09/26 00:19:44.255, 3, 22919, 97871, 1, 122.07
2026/09/26 00:19:44.455, 0, 23895, 97871, 2, 116.56
2026/09/26 00:19:44.455, 1, 23629, 97871, 1, 123.44
2026/09/26 00:19:44.455, 2, 23143, 97871, 2, 118.22
2026/09/26 00:19:44.455, 3, 22919, 97871, 2, 122.07
2026/09/26 00:19:44.655, 0, 23895, 97871, 2, 116.58
2026/09/26 00:19:44.655, 1, 23629, 97871, 2, 123.44
2026/09/26 00:19:44.655, 2, 23143, 97871, 2, 118.21
2026/09/26 00:19:44.655, 3, 22919, 97871, 2, 122.07
2026/09/26 00:19:44.855, 0, 23895, 97871, 2, 116.55
2026/09/26 00:19:44.855, 1, 23629, 97871, 2, 123.46
2026/09/26 00:19:44.855, 2, 23143, 97871, 2, 118.18
2026/09/26 00:19:44.855, 3, 22919, 97871, 2, 122.08
2026/09/26 00:19:45.055, 0, 23895, 97871, 1, 116.55
2026/09/26 00:19:45.055, 1, 23629, 97871, 2, 123.43
2026/09/26 00:19:45.055, 2, 23143, 97871, 2, 118.21
2026/09/26 00:19:45.055, 3, 22919, 97871, 2, 122.06
2026/09/26 00:19:45.256, 0, 23895, 97871, 2, 116.50
2026/09/26 00:19:45.256, 1, 23629, 97871, 2, 123.41
2026/09/26 00:19:45.256, 2, 23143, 97871, 2, 118.24
2026/09/26 00:19:45.256, 3, 22919, 97871, 2, 122.05
2026/09/26 00:19:45.456, 0, 23895, 97871, 1, 116.53
2026/09/26 00:19:45.456, 1, 23629, 97871, 2, 123.39
2026/09/26 00:19:45.456, 2, 23143, 97871, 2, 118.19
2026/09/26 00:19:45.456, 3, 22919, 97871, 2, 122.04
2026/09/26 00:19:45.656, 0, 23895, 97871, 2, 116.52
2026/09/26 00:19:45.656, 1, 23629, 97871, 2, 123.41
2026/09/26 00:19:45.656, 2, 23143, 97871, 2, 118.22
2026/09/26 00:19:45.656, 3, 22919, 97871, 2, 122.04
2026/09/26 00:19:45.856, 0, 23895, 97871, 2, 116.52
2026/09/26 00:19:45.856, 1, 23629, 97871, 2, 123.39
2026/09/26 00:19:45.856, 2, 23143, 97871, 1, 118.25
2026/09/26 00:19:45.856, 3, 22919, 97871, 2, 122.01
2026/09/26 00:19:46.056, 0, 23895, 97871, 2, 116.52
2026/09/26 00:19:46.056, 1, 23629, 97871, 2, 123.41
2026/09/26 00:19:46.056, 2, 23143, 97871, 3, 118.27
2026/09/26 00:19:46.056, 3, 22919, 97871, 1, 122.00
2026/09/26 00:19:46.256, 0, 23895, 97871, 2, 116.52
2026/09/26 00:19:46.256, 1, 23629, 97871, 2, 123.42
2026/09/26 00:19:46.256, 2, 23143, 97871, 2, 118.20
2026/09/26 00:19:46.256, 3, 22919, 97871, 3, 122.00
2026/09/26 00:19:46.456, 0, 23895, 97871, 1, 116.49
2026/09/26 00:19:46.456, 1, 23629, 97871, 2, 123.41
2026/09/26 00:19:46.457, 2, 23143, 97871, 2, 118.24
2026/09/26 00:19:46.457, 3, 22919, 97871, 2, 122.01
2026/09/26 00:19:46.657, 0, 23895, 97871, 2, 116.47
2026/09/26 00:19:46.657, 1, 23629, 97871, 2, 123.39
2026/09/26 00:19:46.657, 2, 23143, 97871, 2, 118.26
2026/09/26 00:19:46.657, 3, 22919, 97871, 2, 122.00
2026/09/26 00:19:46.857, 0, 23895, 97871, 2, 116.46
2026/09/26 00:19:46.857, 1, 23629, 97871, 3, 123.38
2026/09/26 00:19:46.857, 2, 23143, 97871, 2, 118.26
2026/09/26 00:19:46.857, 3, 22919, 97871, 2, 122.00
2026/09/26 00:19:47.057, 0, 23895, 97871, 2, 116.44
2026/09/26 00:19:47.057, 1, 23629, 97871, 2, 123.35
2026/09/26 00:19:47.057, 2, 23143, 97871, 2, 118.23
2026/09/26 00:19:47.057, 3, 22919, 97871, 2, 122.00
2026/09/26 00:19:47.257, 0, 23895, 97871, 2, 116.44
2026/09/26 00:19:47.257, 1, 23629, 97871, 2, 123.35
2026/09/26 00:19:47.257, 2, 23143, 97871, 2, 118.27
2026/09/26 00:19:47.257, 3, 22919, 97871, 2, 121.99
2026/09/26 00:19:47.457, 0, 23895, 97871, 3, 116.47
2026/09/26 00:19:47.457, 1, 23629, 97871, 2, 123.32
2026/09/26 00:19:47.457, 2, 23143, 97871, 2, 118.29
2026/09/26 00:19:47.457, 3, 22919, 97871, 2, 122.00
2026/09/26 00:19:47.657, 0, 23895, 97871, 2, 116.44
2026/09/26 00:19:47.657, 1, 23629, 97871, 2, 123.35
2026/09/26 00:19:47.657, 2, 23143, 97871, 0, 118.23
2026/09/26 00:19:47.657, 3, 22919, 97871, 2, 121.98
2026/09/26 00:19:47.858, 0, 23895, 97871, 2, 116.47
2026/09/26 00:19:47.858, 1, 23629, 97871, 2, 123.35
2026/09/26 00:19:47.858, 2, 23143, 97871, 0, 118.21
2026/09/26 00:19:47.858, 3, 22919, 97871, 0, 121.95
2026/09/26 00:19:48.058, 0, 23895, 97871, 2, 116.46
2026/09/26 00:19:48.058, 1, 23629, 97871, 2, 123.35
2026/09/26 00:19:48.058, 2, 23143, 97871, 0, 118.21
2026/09/26 00:19:48.058, 3, 22919, 97871, 0, 121.93
2026/09/26 00:19:48.258, 0, 23895, 97871, 2, 116.46
2026/09/26 00:19:48.258, 1, 23629, 97871, 2, 123.33
2026/09/26 00:19:48.258, 2, 23143, 97871, 0, 118.20
2026/09/26 00:19:48.258, 3, 22919, 97871, 0, 121.90
2026/09/26 00:19:48.458, 0, 23895, 97871, 2, 116.46
2026/09/26 00:19:48.458, 1, 23629, 97871, 0, 123.34
2026/09/26 00:19:48.458, 2, 23143, 97871, 0, 118.13
2026/09/26 00:19:48.458, 3, 22919, 97871, 0, 121.87
2026/09/26 00:19:48.658, 0, 23895, 97871, 2, 116.46
2026/09/26 00:19:48.658, 1, 23629, 97871, 0, 123.32
2026/09/26 00:19:48.658, 2, 23143, 97871, 0, 118.16
2026/09/26 00:19:48.658, 3, 22919, 97871, 0, 121.86
2026/09/26 00:19:48.858, 0, 23895, 97871, 2, 116.48
2026/09/26 00:19:48.858, 1, 23629, 97871, 0, 123.29
2026/09/26 00:19:48.858, 2, 23143, 97871, 0, 118.19
2026/09/26 00:19:48.858, 3, 22919, 97871, 0, 121.84
2026/09/26 00:19:49.058, 0, 23895, 97871, 0, 116.46
2026/09/26 00:19:49.058, 1, 23629, 97871, 0, 123.27
2026/09/26 00:19:49.059, 2, 23143, 97871, 0, 118.21
2026/09/26 00:19:49.059, 3, 22919, 97871, 0, 121.85
2026/09/26 00:19:49.259, 0, 23895, 97871, 0, 116.47
2026/09/26 00:19:49.259, 1, 23629, 97871, 0, 123.28
2026/09/26 00:19:49.259, 2, 23143, 97871, 0, 118.19
2026/09/26 00:19:49.259, 3, 22919, 97871, 0, 121.86
2026/09/26 00:19:49.459, 0, 23895, 97871, 0, 116.45
2026/09/26 00:19:49.459, 1, 23629, 97871, 0, 123.28
2026/09/26 00:19:49.459, 2, 23143, 97871, 0, 118.23
2026/09/26 00:19:49.459, 3, 22919, 97871, 0, 121.86
2026/09/26 00:19:49.659, 0, 23895, 97871, 0, 116.46
2026/09/26 00:19:49.659, 1, 23629, 97871, 0, 123.28
2026/09/26 00:19:49.659, 2, 23143, 97871, 0, 118.25
2026/09/26 00:19:49.659, 3, 22919, 97871, 0, 121.86
2026/09/26 00:19:49.859, 0, 23895, 97871, 0, 116.48
2026/09/26 00:19:49.859, 1, 23629, 97871, 0, 123.29
2026/09/26 00:19:49.859, 2, 23143, 97871, 0, 118.25
2026/09/26 00:19:49.859, 3, 22919, 97871, 0, 121.88
2026/09/26 00:19:50.059, 0, 23895, 97871, 0, 116.47
2026/09/26 00:19:50.059, 1, 23629, 97871, 0, 123.28
2026/09/26 00:19:50.059, 2, 23143, 97871, 0, 118.20
2026/09/26 00:19:50.059, 3, 22919, 97871, 0, 121.90
2026/09/26 00:19:50.259, 0, 23895, 97871, 0, 116.50
2026/09/26 00:19:50.259, 1, 23629, 97871, 0, 123.28
2026/09/26 00:19:50.259, 2, 23143, 97871, 0, 118.25
2026/09/26 00:19:50.259, 3, 22919, 97871, 0, 121.88
2026/09/26 00:19:50.460, 0, 23895, 97871, 0, 116.48
2026/09/26 00:19:50.460, 1, 23629, 97871, 0, 123.29
2026/09/26 00:19:50.460, 2, 23143, 97871, 0, 118.26
2026/09/26 00:19:50.460, 3, 22919, 97871, 0, 121.88
2026/09/26 00:19:50.660, 0, 23895, 97871, 0, 116.50
2026/09/26 00:19:50.660, 1, 23629, 97871, 0, 123.30
2026/09/26 00:19:50.660, 2, 23143, 97871, 0, 118.22
2026/09/26 00:19:50.660, 3, 22919, 97871, 0, 121.89
2026/09/26 00:19:50.860, 0, 23895, 97871, 0, 116.48
2026/09/26 00:19:50.860, 1, 23629, 97871, 0, 123.29
2026/09/26 00:19:50.860, 2, 23143, 97871, 0, 118.20
2026/09/26 00:19:50.860, 3, 22919, 97871, 0, 121.88
2026/09/26 00:19:51.060, 0, 23895, 97871, 0, 116.49
2026/09/26 00:19:51.060, 1, 23629, 97871, 0, 123.29
2026/09/26 00:19:51.060, 2, 23143, 97871, 0, 118.24
2026/09/26 00:19:51.060, 3, 22919, 97871, 0, 121.88
2026/09/26 00:19:51.260, 0, 23895, 97871, 0, 116.48
2026/09/26 00:19:51.260, 1, 23629, 97871, 0, 123.30
2026/09/26 00:19:51.260, 2, 23143, 97871, 0, 118.24
2026/09/26 00:19:51.260, 3, 22919, 97871, 0, 121.89
2026/09/26 00:19:51.460, 0, 23895, 97871, 0, 116.48
2026/09/26 00:19:51.460, 1, 23629, 97871, 0, 123.31
2026/09/26 00:19:51.460, 2, 23143, 97871, 0, 118.19
2026/09/26 00:19:51.460, 3, 22919, 97871, 0, 121.89
2026/09/26 00:19:51.660, 0, 23895, 97871, 0, 116.50
2026/09/26 00:19:51.660, 1, 23629, 97871, 0, 123.32
2026/09/26 00:19:51.660, 2, 23143, 97871, 0, 118.20
2026/09/26 00:19:51.660, 3, 22919, 97871, 0, 121.92
2026/09/26 00:19:51.861, 0, 23895, 97871, 0, 116.47
2026/09/26 00:19:51.861, 1, 23629, 97871, 0, 123.31
2026/09/26 00:19:51.861, 2, 23143, 97871, 0, 118.21
2026/09/26 00:19:51.861, 3, 22919, 97871, 0, 121.91
2026/09/26 00:19:52.061, 0, 23895, 97871, 0, 116.48
2026/09/26 00:19:52.061, 1, 23629, 97871, 0, 123.29
2026/09/26 00:19:52.061, 2, 23143, 97871, 0, 118.22
2026/09/26 00:19:52.061, 3, 22919, 97871, 0, 121.91
2026/09/26 00:19:52.261, 0, 23895, 97871, 0, 116.47
2026/09/26 00:19:52.261, 1, 23629, 97871, 0, 123.27
2026/09/26 00:19:52.261, 2, 23143, 97871, 0, 118.18
2026/09/26 00:19:52.261, 3, 22919, 97871, 0, 121.90
2026/09/26 00:19:52.461, 0, 23895, 97871, 0, 116.49
2026/09/26 00:19:52.461, 1, 23629, 97871, 0, 123.26
2026/09/26 00:19:52.461, 2, 23143, 97871, 0, 118.19
2026/09/26 00:19:52.461, 3, 22919, 97871, 0, 121.90
2026/09/26 00:19:52.661, 0, 23895, 97871, 0, 116.47
2026/09/26 00:19:52.661, 1, 23629, 97871, 0, 123.23
2026/09/26 00:19:52.661, 2, 23143, 97871, 0, 118.23
2026/09/26 00:19:52.661, 3, 22919, 97871, 0, 121.84
2026/09/26 00:19:52.861, 0, 23895, 97871, 0, 116.46
2026/09/26 00:19:52.861, 1, 23629, 97871, 0, 123.22
2026/09/26 00:19:52.861, 2, 23143, 97871, 0, 118.20
2026/09/26 00:19:52.861, 3, 22919, 97871, 0, 121.83
2026/09/26 00:19:53.061, 0, 23895, 97871, 0, 116.47
2026/09/26 00:19:53.061, 1, 23629, 97871, 0, 123.23
2026/09/26 00:19:53.062, 2, 23143, 97871, 0, 118.16
2026/09/26 00:19:53.062, 3, 22919, 97871, 0, 121.81
2026/09/26 00:19:53.262, 0, 23895, 97871, 0, 116.45
2026/09/26 00:19:53.262, 1, 23629, 97871, 0, 123.21
2026/09/26 00:19:53.262, 2, 23143, 97871, 0, 118.19
2026/09/26 00:19:53.262, 3, 22919, 97871, 0, 121.77
2026/09/26 00:19:53.462, 0, 23895, 97871, 0, 116.43
2026/09/26 00:19:53.462, 1, 23629, 97871, 0, 123.20
2026/09/26 00:19:53.462, 2, 23143, 97871, 0, 118.22
2026/09/26 00:19:53.462, 3, 22919, 97871, 0, 121.77
2026/09/26 00:19:53.662, 0, 23895, 97871, 0, 116.46
2026/09/26 00:19:53.662, 1, 23629, 97871, 0, 123.19
2026/09/26 00:19:53.662, 2, 23143, 97871, 0, 118.19
2026/09/26 00:19:53.662, 3, 22919, 97871, 0, 121.76
2026/09/26 00:19:53.862, 0, 23895, 97871, 0, 116.46
2026/09/26 00:19:53.862, 1, 23629, 97871, 0, 123.19
2026/09/26 00:19:53.862, 2, 23143, 97871, 0, 118.19
2026/09/26 00:19:53.862, 3, 22919, 97871, 0, 121.75
2026/09/26 00:19:54.062, 0, 23895, 97871, 0, 116.48
2026/09/26 00:19:54.062, 1, 23629, 97871, 0, 123.17
2026/09/26 00:19:54.062, 2, 23143, 97871, 0, 118.20
2026/09/26 00:19:54.062, 3, 22919, 97871, 0, 121.74
2026/09/26 00:19:54.262, 0, 23895, 97871, 0, 116.46
2026/09/26 00:19:54.262, 1, 23629, 97871, 0, 123.18
2026/09/26 00:19:54.262, 2, 23143, 97871, 0, 118.19
2026/09/26 00:19:54.262, 3, 22919, 97871, 0, 121.77
2026/09/26 00:19:54.463, 0, 23895, 97871, 0, 116.48
2026/09/26 00:19:54.463, 1, 23629, 97871, 0, 123.18
2026/09/26 00:19:54.463, 2, 23143, 97871, 0, 118.14
2026/09/26 00:19:54.463, 3, 22919, 97871, 0, 121.75
2026/09/26 00:19:54.663, 0, 23895, 97871, 0, 116.42
2026/09/26 00:19:54.663, 1, 23629, 97871, 0, 123.17
2026/09/26 00:19:54.663, 2, 23143, 97871, 0, 118.12
2026/09/26 00:19:54.663, 3, 22919, 97871, 0, 121.77
2026/09/26 00:19:54.863, 0, 23895, 97871, 0, 116.44
2026/09/26 00:19:54.863, 1, 23629, 97871, 0, 123.16
2026/09/26 00:19:54.863, 2, 23143, 97871, 0, 118.13
2026/09/26 00:19:54.863, 3, 22919, 97871, 0, 121.76
2026/09/26 00:19:55.063, 0, 23895, 97871, 0, 116.44
2026/09/26 00:19:55.063, 1, 23629, 97871, 0, 123.15
2026/09/26 00:19:55.063, 2, 23143, 97871, 0, 118.14
2026/09/26 00:19:55.063, 3, 22919, 97871, 0, 121.76
2026/09/26 00:19:55.263, 0, 23895, 97871, 0, 116.46
2026/09/26 00:19:55.263, 1, 23629, 97871, 0, 123.15
2026/09/26 00:19:55.263, 2, 23143, 97871, 0, 118.10
2026/09/26 00:19:55.263, 3, 22919, 97871, 0, 121.75
2026/09/26 00:19:55.463, 0, 23895, 97871, 0, 116.47
2026/09/26 00:19:55.463, 1, 23629, 97871, 0, 123.18
2026/09/26 00:19:55.463, 2, 23143, 97871, 0, 118.12
2026/09/26 00:19:55.463, 3, 22919, 97871, 0, 121.73
2026/09/26 00:19:55.663, 0, 23895, 97871, 0, 116.48
2026/09/26 00:19:55.663, 1, 23629, 97871, 0, 123.16
2026/09/26 00:19:55.663, 2, 23143, 97871, 0, 118.14
2026/09/26 00:19:55.663, 3, 22919, 97871, 0, 121.73
2026/09/26 00:19:55.864, 0, 23895, 97871, 0, 116.49
2026/09/26 00:19:55.864, 1, 23629, 97871, 0, 123.17
2026/09/26 00:19:55.864, 2, 23143, 97871, 0, 118.15
2026/09/26 00:19:55.864, 3, 22919, 97871, 0, 121.71
2026/09/26 00:19:56.064, 0, 23895, 97871, 0, 116.47
2026/09/26 00:19:56.064, 1, 23629, 97871, 0, 123.15
2026/09/26 00:19:56.064, 2, 23143, 97871, 0, 118.10
2026/09/26 00:19:56.064, 3, 22919, 97871, 0, 121.71
2026/09/26 00:19:56.264, 0, 24919, 97871, 0, 116.50
2026/09/26 00:19:56.264, 1, 23629, 97871, 0, 123.15
2026/09/26 00:19:56.264, 2, 23143, 97871, 0, 118.14
2026/09/26 00:19:56.264, 3, 22919, 97871, 0, 121.71
2026/09/26 00:19:56.464, 0, 25943, 97871, 43, 118.96
2026/09/26 00:19:56.464, 1, 23629, 97871, 0, 124.63
2026/09/26 00:19:56.464, 2, 23143, 97871, 0, 118.17
2026/09/26 00:19:56.464, 3, 22919, 97871, 0, 122.67
2026/09/26 00:19:56.664, 0, 25943, 97871, 100, 119.38
2026/09/26 00:19:56.664, 1, 23629, 97871, 0, 124.65
2026/09/26 00:19:56.664, 2, 23143, 97871, 0, 118.15
2026/09/26 00:19:56.664, 3, 22919, 97871, 0, 122.65
2026/09/26 00:19:56.864, 0, 25943, 97871, 100, 119.85
2026/09/26 00:19:56.864, 1, 23629, 97871, 0, 124.62
2026/09/26 00:19:56.864, 2, 23143, 97871, 0, 118.12
2026/09/26 00:19:56.864, 3, 22919, 97871, 0, 122.65
2026/09/26 00:19:57.065, 0, 25943, 97871, 100, 120.34
2026/09/26 00:19:57.065, 1, 23629, 97871, 0, 124.65
2026/09/26 00:19:57.065, 2, 23143, 97871, 0, 118.17
2026/09/26 00:19:57.065, 3, 22919, 97871, 0, 122.65
2026/09/26 00:19:57.265, 0, 25943, 97871, 100, 120.71
2026/09/26 00:19:57.265, 1, 23629, 97871, 0, 124.63
2026/09/26 00:19:57.265, 2, 23143, 97871, 0, 118.18
2026/09/26 00:19:57.265, 3, 22919, 97871, 0, 122.67
2026/09/26 00:19:57.465, 0, 25943, 97871, 100, 118.80
2026/09/26 00:19:57.465, 1, 23629, 97871, 0, 123.15
2026/09/26 00:19:57.465, 2, 23143, 97871, 0, 118.14
2026/09/26 00:19:57.465, 3, 22919, 97871, 0, 121.73
2026/09/26 00:19:57.665, 0, 25943, 97871, 100, 118.77
2026/09/26 00:19:57.665, 1, 23629, 97871, 0, 123.13
2026/09/26 00:19:57.665, 2, 23143, 97871, 0, 118.12
2026/09/26 00:19:57.665, 3, 22919, 97871, 0, 121.73
2026/09/26 00:19:57.865, 0, 25943, 97871, 100, 118.76
2026/09/26 00:19:57.865, 1, 23629, 97871, 0, 123.14
2026/09/26 00:19:57.865, 2, 23143, 97871, 0, 118.14
2026/09/26 00:19:57.865, 3, 22919, 97871, 0, 121.75
2026/09/26 00:19:58.065, 0, 25943, 97871, 100, 118.78
2026/09/26 00:19:58.065, 1, 23629, 97871, 0, 123.12
2026/09/26 00:19:58.065, 2, 23143, 97871, 0, 118.15
2026/09/26 00:19:58.065, 3, 22919, 97871, 0, 121.75
2026/09/26 00:19:58.265, 0, 25943, 97871, 100, 118.78
2026/09/26 00:19:58.265, 1, 23629, 97871, 0, 123.14
2026/09/26 00:19:58.265, 2, 23143, 97871, 0, 118.12
2026/09/26 00:19:58.266, 3, 22919, 97871, 0, 121.74
2026/09/26 00:19:58.466, 0, 25943, 97871, 100, 118.75
2026/09/26 00:19:58.466, 1, 23629, 97871, 0, 123.12
2026/09/26 00:19:58.466, 2, 23143, 97871, 0, 118.12
2026/09/26 00:19:58.466, 3, 22919, 97871, 0, 121.74
2026/09/26 00:19:58.666, 0, 25943, 97871, 100, 119.37
2026/09/26 00:19:58.666, 1, 25677, 97871, 0, 125.80
2026/09/26 00:19:58.666, 2, 23143, 97871, 0, 118.34
2026/09/26 00:19:58.666, 3, 22919, 97871, 0, 121.73
2026/09/26 00:19:58.866, 0, 25943, 97871, 100, 119.75
2026/09/26 00:19:58.866, 1, 25677, 97871, 100, 126.36
2026/09/26 00:19:58.866, 2, 23143, 97871, 0, 119.61
2026/09/26 00:19:58.866, 3, 22919, 97871, 0, 121.73
2026/09/26 00:19:59.066, 0, 25943, 97871, 100, 119.76
2026/09/26 00:19:59.066, 1, 25677, 97871, 100, 126.99
2026/09/26 00:19:59.066, 2, 23143, 97871, 0, 119.54
2026/09/26 00:19:59.066, 3, 22919, 97871, 0, 121.71
2026/09/26 00:19:59.266, 0, 25943, 97871, 100, 119.74
2026/09/26 00:19:59.266, 1, 25677, 97871, 100, 127.53
2026/09/26 00:19:59.266, 2, 23143, 97871, 0, 119.53
2026/09/26 00:19:59.266, 3, 22919, 97871, 0, 121.69
2026/09/26 00:19:59.466, 0, 25943, 97871, 100, 119.77
2026/09/26 00:19:59.466, 1, 25677, 97871, 100, 127.99
2026/09/26 00:19:59.466, 2, 23143, 97871, 0, 119.58
2026/09/26 00:19:59.466, 3, 22919, 97871, 0, 121.69
2026/09/26 00:19:59.667, 0, 25943, 97871, 100, 119.49
2026/09/26 00:19:59.667, 1, 25677, 97871, 100, 125.95
2026/09/26 00:19:59.667, 2, 23143, 97871, 0, 119.39
2026/09/26 00:19:59.667, 3, 22919, 97871, 0, 121.66
2026/09/26 00:19:59.867, 0, 25943, 97871, 100, 118.70
2026/09/26 00:19:59.867, 1, 25677, 97871, 100, 125.88
2026/09/26 00:19:59.867, 2, 23143, 97871, 0, 118.08
2026/09/26 00:19:59.867, 3, 22919, 97871, 0, 121.64
2026/09/26 00:20:00.067, 0, 25943, 97871, 100, 118.70
2026/09/26 00:20:00.067, 1, 25677, 97871, 100, 125.87
2026/09/26 00:20:00.067, 2, 23143, 97871, 0, 118.13
2026/09/26 00:20:00.067, 3, 22919, 97871, 0, 121.63
2026/09/26 00:20:00.267, 0, 25943, 97871, 100, 118.68
2026/09/26 00:20:00.267, 1, 25677, 97871, 100, 125.86
2026/09/26 00:20:00.267, 2, 23143, 97871, 0, 118.14
2026/09/26 00:20:00.267, 3, 22919, 97871, 0, 121.62
2026/09/26 00:20:00.467, 0, 25943, 97871, 100, 118.70
2026/09/26 00:20:00.467, 1, 25677, 97871, 100, 125.83
2026/09/26 00:20:00.467, 2, 23143, 97871, 0, 118.13
2026/09/26 00:20:00.467, 3, 22919, 97871, 0, 121.59
2026/09/26 00:20:00.667, 0, 25943, 97871, 100, 118.71
2026/09/26 00:20:00.667, 1, 25677, 97871, 100, 125.84
2026/09/26 00:20:00.667, 2, 24167, 97871, 0, 118.10
2026/09/26 00:20:00.667, 3, 22919, 97871, 0, 121.59
2026/09/26 00:20:00.867, 0, 25943, 97871, 100, 118.80
2026/09/26 00:20:00.867, 1, 25677, 97871, 100, 127.22
2026/09/26 00:20:00.868, 2, 25191, 97871, 17, 119.97
2026/09/26 00:20:00.868, 3, 22919, 97871, 0, 123.05
2026/09/26 00:20:01.068, 0, 25943, 97871, 100, 118.82
2026/09/26 00:20:01.068, 1, 25677, 97871, 100, 127.13
2026/09/26 00:20:01.068, 2, 25191, 97871, 100, 120.43
2026/09/26 00:20:01.068, 3, 22919, 97871, 0, 123.05
2026/09/26 00:20:01.268, 0, 25943, 97871, 100, 118.81
2026/09/26 00:20:01.268, 1, 25677, 97871, 100, 127.04
2026/09/26 00:20:01.268, 2, 25191, 97871, 100, 120.95
2026/09/26 00:20:01.268, 3, 22919, 97871, 0, 123.07
2026/09/26 00:20:01.468, 0, 25943, 97871, 100, 118.84
2026/09/26 00:20:01.468, 1, 25677, 97871, 100, 126.97
2026/09/26 00:20:01.468, 2, 25191, 97871, 100, 121.32
2026/09/26 00:20:01.468, 3, 22919, 97871, 0, 123.11
2026/09/26 00:20:01.668, 0, 25943, 97871, 100, 118.81
2026/09/26 00:20:01.668, 1, 25677, 97871, 100, 126.86
2026/09/26 00:20:01.668, 2, 25191, 97871, 100, 121.89
2026/09/26 00:20:01.668, 3, 22919, 97871, 0, 123.12
2026/09/26 00:20:01.868, 0, 25943, 97871, 100, 118.74
2026/09/26 00:20:01.868, 1, 25677, 97871, 100, 125.41
2026/09/26 00:20:01.868, 2, 25191, 97871, 100, 120.50
2026/09/26 00:20:01.868, 3, 22919, 97871, 0, 121.66
2026/09/26 00:20:02.068, 0, 25943, 97871, 100, 118.70
2026/09/26 00:20:02.068, 1, 25677, 97871, 100, 125.41
2026/09/26 00:20:02.068, 2, 25191, 97871, 100, 120.46
2026/09/26 00:20:02.069, 3, 22919, 97871, 0, 121.67
2026/09/26 00:20:02.269, 0, 25943, 97871, 100, 118.68
2026/09/26 00:20:02.269, 1, 25677, 97871, 100, 125.40
2026/09/26 00:20:02.269, 2, 25191, 97871, 100, 120.44
2026/09/26 00:20:02.269, 3, 22919, 97871, 0, 121.66
2026/09/26 00:20:02.469, 0, 25943, 97871, 100, 118.70
2026/09/26 00:20:02.469, 1, 25677, 97871, 100, 125.40
2026/09/26 00:20:02.469, 2, 25191, 97871, 100, 120.46
2026/09/26 00:20:02.469, 3, 22919, 97871, 0, 121.66
2026/09/26 00:20:02.669, 0, 25943, 97871, 100, 118.68
2026/09/26 00:20:02.669, 1, 25677, 97871, 100, 125.39
2026/09/26 00:20:02.669, 2, 25191, 97871, 100, 120.45
2026/09/26 00:20:02.669, 3, 22919, 97871, 0, 121.66
2026/09/26 00:20:02.869, 0, 26681, 97871, 100, 118.69
2026/09/26 00:20:02.869, 1, 26415, 97871, 100, 127.34
2026/09/26 00:20:02.869, 2, 25929, 97871, 100, 120.42
2026/09/26 00:20:02.869, 3, 25705, 97871, 0, 125.09
2026/09/26 00:20:03.069, 0, 31289, 97871, 0, 128.27
2026/09/26 00:20:03.069, 1, 31023, 97871, 13, 142.61
2026/09/26 00:20:03.069, 2, 30537, 97871, 6, 127.36
2026/09/26 00:20:03.069, 3, 30313, 97871, 33, 144.09
2026/09/26 00:20:03.269, 0, 33337, 97871, 100, 161.63
2026/09/26 00:20:03.269, 1, 33071, 97871, 100, 182.60
2026/09/26 00:20:03.269, 2, 32585, 97871, 100, 175.99
2026/09/26 00:20:03.269, 3, 32361, 97871, 100, 188.64
2026/09/26 00:20:03.469, 0, 33337, 97871, 100, 199.18
2026/09/26 00:20:03.470, 1, 33071, 97871, 100, 225.94
2026/09/26 00:20:03.470, 2, 32585, 97871, 100, 225.08
2026/09/26 00:20:03.470, 3, 32361, 97871, 100, 243.29
2026/09/26 00:20:03.670, 0, 33337, 97871, 100, 241.29
2026/09/26 00:20:03.670, 1, 33071, 97871, 100, 268.10
2026/09/26 00:20:03.670, 2, 32585, 97871, 100, 267.06
2026/09/26 00:20:03.670, 3, 32361, 97871, 100, 289.94
2026/09/26 00:20:03.870, 0, 33337, 97871, 100, 278.02
2026/09/26 00:20:03.870, 1, 33071, 97871, 100, 298.17
2026/09/26 00:20:03.870, 2, 32585, 97871, 100, 312.61
2026/09/26 00:20:03.870, 3, 32361, 97871, 100, 339.00
2026/09/26 00:20:04.070, 0, 33337, 97871, 100, 298.74
2026/09/26 00:20:04.070, 1, 33071, 97871, 100, 331.97
2026/09/26 00:20:04.070, 2, 32585, 97871, 100, 358.44
2026/09/26 00:20:04.070, 3, 32361, 97871, 100, 361.68
2026/09/26 00:20:04.270, 0, 33337, 97871, 100, 307.35
2026/09/26 00:20:04.270, 1, 33071, 97871, 100, 342.74
2026/09/26 00:20:04.270, 2, 32585, 97871, 100, 354.83
2026/09/26 00:20:04.270, 3, 32361, 97871, 100, 366.69
2026/09/26 00:20:04.470, 0, 33337, 97871, 100, 308.33
2026/09/26 00:20:04.470, 1, 33071, 97871, 100, 356.75
2026/09/26 00:20:04.470, 2, 32585, 97871, 100, 349.33
2026/09/26 00:20:04.470, 3, 32361, 97871, 100, 364.96
2026/09/26 00:20:04.670, 0, 33337, 97871, 100, 307.65
2026/09/26 00:20:04.670, 1, 33071, 97871, 100, 360.38
2026/09/26 00:20:04.670, 2, 32585, 97871, 100, 342.75
2026/09/26 00:20:04.670, 3, 32361, 97871, 100, 362.64
2026/09/26 00:20:04.870, 0, 33337, 97871, 100, 310.50
2026/09/26 00:20:04.870, 1, 33071, 97871, 100, 375.19
2026/09/26 00:20:04.871, 2, 32585, 97871, 100, 326.70
2026/09/26 00:20:04.871, 3, 32361, 97871, 100, 358.75
2026/09/26 00:20:05.071, 0, 33337, 97871, 100, 325.63
2026/09/26 00:20:05.071, 1, 33071, 97871, 100, 382.13
2026/09/26 00:20:05.071, 2, 32585, 97871, 100, 322.16
2026/09/26 00:20:05.071, 3, 32361, 97871, 100, 365.59
2026/09/26 00:20:05.271, 0, 33337, 97871, 100, 329.06
2026/09/26 00:20:05.271, 1, 33071, 97871, 100, 380.52
2026/09/26 00:20:05.271, 2, 32585, 97871, 100, 319.49
2026/09/26 00:20:05.271, 3, 32361, 97871, 100, 361.64
2026/09/26 00:20:05.471, 0, 33337, 97871, 100, 323.40
2026/09/26 00:20:05.471, 1, 33071, 97871, 100, 371.31
2026/09/26 00:20:05.471, 2, 32585, 97871, 100, 316.20
2026/09/26 00:20:05.471, 3, 32361, 97871, 100, 364.57
2026/09/26 00:20:05.671, 0, 33337, 97871, 100, 330.84
2026/09/26 00:20:05.671, 1, 33071, 97871, 100, 363.72
2026/09/26 00:20:05.671, 2, 32585, 97871, 100, 325.48
2026/09/26 00:20:05.671, 3, 32361, 97871, 100, 362.05
2026/09/26 00:20:05.871, 0, 33337, 97871, 100, 339.59
2026/09/26 00:20:05.871, 1, 33071, 97871, 100, 363.95
2026/09/26 00:20:05.871, 2, 32585, 97871, 100, 329.91
2026/09/26 00:20:05.871, 3, 32361, 97871, 100, 355.90
2026/09/26 00:20:06.071, 0, 33337, 97871, 100, 338.84
2026/09/26 00:20:06.071, 1, 33071, 97871, 100, 350.05
2026/09/26 00:20:06.071, 2, 32585, 97871, 100, 331.39
2026/09/26 00:20:06.071, 3, 32361, 97871, 100, 353.53
2026/09/26 00:20:06.271, 0, 33337, 97871, 100, 339.90
2026/09/26 00:20:06.271, 1, 33071, 97871, 100, 344.41
2026/09/26 00:20:06.271, 2, 32585, 97871, 100, 337.14
2026/09/26 00:20:06.272, 3, 32361, 97871, 100, 352.77
2026/09/26 00:20:06.472, 0, 33337, 97871, 100, 341.23
2026/09/26 00:20:06.472, 1, 33071, 97871, 100, 338.34
2026/09/26 00:20:06.472, 2, 32585, 97871, 100, 339.20
2026/09/26 00:20:06.472, 3, 32361, 97871, 100, 339.77
2026/09/26 00:20:06.672, 0, 33337, 97871, 100, 342.05
2026/09/26 00:20:06.672, 1, 33071, 97871, 100, 342.86
2026/09/26 00:20:06.672, 2, 32585, 97871, 100, 346.73
2026/09/26 00:20:06.672, 3, 32361, 97871, 100, 355.33
2026/09/26 00:20:06.872, 0, 33337, 97871, 100, 332.56
2026/09/26 00:20:06.872, 1, 33071, 97871, 100, 336.12
2026/09/26 00:20:06.872, 2, 32585, 97871, 100, 351.42
2026/09/26 00:20:06.872, 3, 32361, 97871, 100, 360.54
2026/09/26 00:20:07.072, 0, 33337, 97871, 100, 329.06
2026/09/26 00:20:07.072, 1, 33071, 97871, 100, 347.80
2026/09/26 00:20:07.072, 2, 32585, 97871, 100, 352.59
2026/09/26 00:20:07.072, 3, 32361, 97871, 100, 366.49
2026/09/26 00:20:07.272, 0, 33337, 97871, 100, 328.89
2026/09/26 00:20:07.272, 1, 33071, 97871, 100, 346.24
2026/09/26 00:20:07.272, 2, 32585, 97871, 100, 363.49
2026/09/26 00:20:07.272, 3, 32361, 97871, 100, 364.72
2026/09/26 00:20:07.472, 0, 33337, 97871, 100, 344.65
2026/09/26 00:20:07.472, 1, 33071, 97871, 100, 347.75
2026/09/26 00:20:07.472, 2, 32585, 97871, 100, 353.56
2026/09/26 00:20:07.472, 3, 32361, 97871, 100, 369.96
2026/09/26 00:20:07.672, 0, 33337, 97871, 100, 343.39
2026/09/26 00:20:07.672, 1, 33071, 97871, 100, 352.95
2026/09/26 00:20:07.672, 2, 32585, 97871, 100, 351.97
2026/09/26 00:20:07.673, 3, 32361, 97871, 100, 364.67
2026/09/26 00:20:07.873, 0, 33337, 97871, 100, 347.39
2026/09/26 00:20:07.873, 1, 33071, 97871, 100, 358.82
2026/09/26 00:20:07.873, 2, 32585, 97871, 100, 352.81
2026/09/26 00:20:07.873, 3, 32361, 97871, 100, 368.72
2026/09/26 00:20:08.073, 0, 33337, 97871, 100, 353.62
2026/09/26 00:20:08.073, 1, 33071, 97871, 100, 350.14
2026/09/26 00:20:08.073, 2, 32585, 97871, 100, 345.37
2026/09/26 00:20:08.073, 3, 32361, 97871, 100, 370.74
2026/09/26 00:20:08.273, 0, 33337, 97871, 100, 355.08
2026/09/26 00:20:08.273, 1, 33071, 97871, 100, 353.77
2026/09/26 00:20:08.273, 2, 32585, 97871, 100, 340.36
2026/09/26 00:20:08.273, 3, 32361, 97871, 100, 376.28
2026/09/26 00:20:08.473, 0, 33337, 97871, 100, 352.82
2026/09/26 00:20:08.473, 1, 33071, 97871, 100, 363.13
2026/09/26 00:20:08.473, 2, 32585, 97871, 100, 346.64
2026/09/26 00:20:08.473, 3, 32361, 97871, 100, 380.06
2026/09/26 00:20:08.673, 0, 33337, 97871, 100, 356.07
2026/09/26 00:20:08.673, 1, 33071, 97871, 100, 366.26
2026/09/26 00:20:08.673, 2, 32585, 97871, 100, 347.85
2026/09/26 00:20:08.673, 3, 32361, 97871, 100, 376.85
2026/09/26 00:20:08.873, 0, 33337, 97871, 100, 353.29
2026/09/26 00:20:08.873, 1, 33071, 97871, 100, 356.66
2026/09/26 00:20:08.873, 2, 32585, 97871, 100, 353.69
2026/09/26 00:20:08.873, 3, 32361, 97871, 100, 377.17
2026/09/26 00:20:09.073, 0, 33337, 97871, 100, 360.66
2026/09/26 00:20:09.073, 1, 33071, 97871, 100, 365.33
2026/09/26 00:20:09.073, 2, 32585, 97871, 100, 364.34
2026/09/26 00:20:09.073, 3, 32361, 97871, 100, 368.75
2026/09/26 00:20:09.274, 0, 33337, 97871, 100, 366.39
2026/09/26 00:20:09.274, 1, 33071, 97871, 100, 365.97
2026/09/26 00:20:09.274, 2, 32585, 97871, 100, 362.71
2026/09/26 00:20:09.274, 3, 32361, 97871, 100, 366.27
2026/09/26 00:20:09.474, 0, 33337, 97871, 100, 366.83
2026/09/26 00:20:09.474, 1, 33071, 97871, 100, 360.63
2026/09/26 00:20:09.474, 2, 32585, 97871, 100, 361.68
2026/09/26 00:20:09.474, 3, 32361, 97871, 100, 361.76
2026/09/26 00:20:09.674, 0, 33337, 97871, 100, 369.77
2026/09/26 00:20:09.674, 1, 33071, 97871, 100, 363.34
2026/09/26 00:20:09.674, 2, 32585, 97871, 100, 358.65
2026/09/26 00:20:09.674, 3, 32361, 97871, 100, 356.29
2026/09/26 00:20:09.874, 0, 33337, 97871, 100, 369.76
2026/09/26 00:20:09.874, 1, 33071, 97871, 100, 369.30
2026/09/26 00:20:09.874, 2, 32585, 97871, 100, 351.75
2026/09/26 00:20:09.874, 3, 32361, 97871, 100, 354.84
2026/09/26 00:20:10.074, 0, 33337, 97871, 100, 361.46
2026/09/26 00:20:10.074, 1, 33071, 97871, 100, 368.05
2026/09/26 00:20:10.074, 2, 32585, 97871, 100, 347.35
2026/09/26 00:20:10.074, 3, 32361, 97871, 100, 362.08
2026/09/26 00:20:10.274, 0, 33337, 97871, 100, 351.66
2026/09/26 00:20:10.274, 1, 33071, 97871, 100, 370.22
2026/09/26 00:20:10.274, 2, 32585, 97871, 100, 349.27
2026/09/26 00:20:10.274, 3, 32361, 97871, 100, 365.69
2026/09/26 00:20:10.474, 0, 33337, 97871, 100, 353.66
2026/09/26 00:20:10.474, 1, 33071, 97871, 100, 370.75
2026/09/26 00:20:10.474, 2, 32585, 97871, 100, 350.58
2026/09/26 00:20:10.474, 3, 32361, 97871, 100, 360.55
2026/09/26 00:20:10.675, 0, 33337, 97871, 100, 355.39
2026/09/26 00:20:10.675, 1, 33071, 97871, 100, 368.54
2026/09/26 00:20:10.675, 2, 32585, 97871, 100, 351.01
2026/09/26 00:20:10.675, 3, 32361, 97871, 100, 370.18
2026/09/26 00:20:10.875, 0, 33337, 97871, 100, 357.90
2026/09/26 00:20:10.875, 1, 33071, 97871, 100, 376.67
2026/09/26 00:20:10.875, 2, 32585, 97871, 100, 349.20
2026/09/26 00:20:10.875, 3, 32361, 97871, 100, 369.96
2026/09/26 00:20:11.075, 0, 33337, 97871, 100, 359.64
2026/09/26 00:20:11.075, 1, 33071, 97871, 100, 379.93
2026/09/26 00:20:11.075, 2, 32585, 97871, 100, 351.36
2026/09/26 00:20:11.075, 3, 32361, 97871, 100, 361.07
2026/09/26 00:20:11.275, 0, 33337, 97871, 100, 364.73
2026/09/26 00:20:11.275, 1, 33071, 97871, 100, 380.01
2026/09/26 00:20:11.275, 2, 32585, 97871, 100, 349.89
2026/09/26 00:20:11.275, 3, 32361, 97871, 100, 358.05
2026/09/26 00:20:11.475, 0, 33337, 97871, 100, 357.99
2026/09/26 00:20:11.475, 1, 33071, 97871, 100, 382.93
2026/09/26 00:20:11.475, 2, 32585, 97871, 100, 357.12
2026/09/26 00:20:11.475, 3, 32361, 97871, 100, 360.03
2026/09/26 00:20:11.675, 0, 33581, 97871, 100, 347.09
2026/09/26 00:20:11.675, 1, 33315, 97871, 100, 366.13
2026/09/26 00:20:11.675, 2, 32827, 97871, 57, 358.85
2026/09/26 00:20:11.707, 3, 32605, 97871, 91, 337.87
2026/09/26 00:20:11.907, 0, 33873, 97871, 1, 296.14
2026/09/26 00:20:11.908, 1, 33607, 97871, 0, 314.50
2026/09/26 00:20:11.908, 2, 33121, 97871, 0, 303.32
2026/09/26 00:20:11.908, 3, 32897, 97871, 0, 289.17
2026/09/26 00:20:12.108, 0, 33875, 97871, 0, 253.13
2026/09/26 00:20:12.108, 1, 33609, 97871, 0, 261.29
2026/09/26 00:20:12.108, 2, 33123, 97871, 0, 257.78
2026/09/26 00:20:12.108, 3, 32899, 97871, 0, 245.50
2026/09/26 00:20:12.308, 0, 33875, 97871, 2, 207.72
2026/09/26 00:20:12.308, 1, 33609, 97871, 11, 219.09
2026/09/26 00:20:12.308, 2, 33123, 97871, 14, 214.15
2026/09/26 00:20:12.308, 3, 32899, 97871, 16, 205.29
2026/09/26 00:20:12.508, 0, 34899, 97871, 0, 164.23
2026/09/26 00:20:12.508, 1, 34633, 97871, 0, 170.26
2026/09/26 00:20:12.508, 2, 34147, 97871, 0, 164.68
2026/09/26 00:20:12.508, 3, 33923, 97871, 0, 159.15
2026/09/26 00:20:12.708, 0, 34899, 97871, 63, 151.48
2026/09/26 00:20:12.708, 1, 34633, 97871, 93, 168.51
2026/09/26 00:20:12.708, 2, 34147, 97871, 100, 176.39
2026/09/26 00:20:12.708, 3, 33923, 97871, 100, 169.87
2026/09/26 00:20:12.908, 0, 34899, 97871, 100, 189.36
2026/09/26 00:20:12.909, 1, 34633, 97871, 100, 209.72
2026/09/26 00:20:12.909, 2, 34147, 97871, 100, 225.04
2026/09/26 00:20:12.909, 3, 33923, 97871, 100, 219.63
2026/09/26 00:20:13.109, 0, 34899, 97871, 100, 229.37
2026/09/26 00:20:13.109, 1, 34633, 97871, 100, 248.90
2026/09/26 00:20:13.109, 2, 34147, 97871, 100, 262.14
2026/09/26 00:20:13.109, 3, 33923, 97871, 100, 270.41
2026/09/26 00:20:13.309, 0, 34899, 97871, 100, 266.99
2026/09/26 00:20:13.309, 1, 34633, 97871, 100, 285.03
2026/09/26 00:20:13.309, 2, 34147, 97871, 100, 310.94
2026/09/26 00:20:13.309, 3, 33923, 97871, 100, 320.76
2026/09/26 00:20:13.509, 0, 34899, 97871, 100, 292.06
2026/09/26 00:20:13.509, 1, 34633, 97871, 100, 323.17
2026/09/26 00:20:13.509, 2, 34147, 97871, 100, 359.02
2026/09/26 00:20:13.509, 3, 33923, 97871, 100, 357.71
2026/09/26 00:20:13.709, 0, 34899, 97871, 100, 303.36
2026/09/26 00:20:13.709, 1, 34633, 97871, 100, 344.45
2026/09/26 00:20:13.709, 2, 34147, 97871, 100, 355.04
2026/09/26 00:20:13.709, 3, 33923, 97871, 100, 359.10
2026/09/26 00:20:13.909, 0, 34899, 97871, 100, 308.11
2026/09/26 00:20:13.909, 1, 34633, 97871, 100, 352.22
2026/09/26 00:20:13.909, 2, 34147, 97871, 100, 351.87
2026/09/26 00:20:13.909, 3, 33923, 97871, 100, 365.95
2026/09/26 00:20:14.109, 0, 34899, 97871, 100, 308.29
2026/09/26 00:20:14.109, 1, 34633, 97871, 100, 360.70
2026/09/26 00:20:14.109, 2, 34147, 97871, 100, 348.06
2026/09/26 00:20:14.109, 3, 33923, 97871, 100, 365.17
2026/09/26 00:20:14.309, 0, 34899, 97871, 100, 312.73
2026/09/26 00:20:14.309, 1, 34633, 97871, 100, 373.26
2026/09/26 00:20:14.309, 2, 34147, 97871, 100, 336.57
2026/09/26 00:20:14.310, 3, 33923, 97871, 100, 356.05
2026/09/26 00:20:14.510, 0, 34899, 97871, 100, 322.14
2026/09/26 00:20:14.510, 1, 34633, 97871, 100, 387.98
2026/09/26 00:20:14.510, 2, 34147, 97871, 100, 332.00
2026/09/26 00:20:14.510, 3, 33923, 97871, 100, 364.07
2026/09/26 00:20:14.710, 0, 34899, 97871, 100, 331.20
2026/09/26 00:20:14.710, 1, 34633, 97871, 100, 384.98
2026/09/26 00:20:14.710, 2, 34147, 97871, 100, 324.93
2026/09/26 00:20:14.710, 3, 33923, 97871, 100, 370.11
2026/09/26 00:20:14.910, 0, 34899, 97871, 100, 331.22
2026/09/26 00:20:14.910, 1, 34633, 97871, 100, 386.77
2026/09/26 00:20:14.910, 2, 34147, 97871, 100, 321.72
2026/09/26 00:20:14.910, 3, 33923, 97871, 100, 366.08
2026/09/26 00:20:15.110, 0, 34899, 97871, 100, 335.49
2026/09/26 00:20:15.110, 1, 34633, 97871, 100, 370.25
2026/09/26 00:20:15.110, 2, 34147, 97871, 100, 322.23
2026/09/26 00:20:15.110, 3, 33923, 97871, 100, 360.89
2026/09/26 00:20:15.310, 0, 34899, 97871, 100, 329.74
2026/09/26 00:20:15.310, 1, 34633, 97871, 100, 367.05
2026/09/26 00:20:15.310, 2, 34147, 97871, 100, 328.62
2026/09/26 00:20:15.310, 3, 33923, 97871, 100, 363.84
2026/09/26 00:20:15.510, 0, 34899, 97871, 100, 344.87
2026/09/26 00:20:15.510, 1, 34633, 97871, 100, 352.50
2026/09/26 00:20:15.510, 2, 34147, 97871, 100, 333.01
2026/09/26 00:20:15.510, 3, 33923, 97871, 100, 360.22
2026/09/26 00:20:15.710, 0, 34899, 97871, 100, 342.28
2026/09/26 00:20:15.710, 1, 34633, 97871, 100, 338.51
2026/09/26 00:20:15.710, 2, 34147, 97871, 100, 339.77
2026/09/26 00:20:15.710, 3, 33923, 97871, 100, 362.20
2026/09/26 00:20:15.911, 0, 34899, 97871, 100, 340.11
2026/09/26 00:20:15.911, 1, 34633, 97871, 100, 340.16
2026/09/26 00:20:15.911, 2, 34147, 97871, 100, 343.03
2026/09/26 00:20:15.911, 3, 33923, 97871, 100, 351.25
2026/09/26 00:20:16.111, 0, 34899, 97871, 100, 345.67
2026/09/26 00:20:16.111, 1, 34633, 97871, 100, 343.27
2026/09/26 00:20:16.111, 2, 34147, 97871, 100, 355.18
2026/09/26 00:20:16.111, 3, 33923, 97871, 100, 351.85
2026/09/26 00:20:16.311, 0, 34899, 97871, 100, 340.82
2026/09/26 00:20:16.311, 1, 34633, 97871, 100, 336.99
2026/09/26 00:20:16.311, 2, 34147, 97871, 100, 356.78
2026/09/26 00:20:16.311, 3, 33923, 97871, 100, 355.63
2026/09/26 00:20:16.511, 0, 34899, 97871, 100, 327.45
2026/09/26 00:20:16.511, 1, 34633, 97871, 100, 342.17
2026/09/26 00:20:16.511, 2, 34147, 97871, 100, 352.23
2026/09/26 00:20:16.511, 3, 33923, 97871, 100, 366.30
2026/09/26 00:20:16.711, 0, 34899, 97871, 100, 326.60
2026/09/26 00:20:16.711, 1, 34633, 97871, 100, 350.23
2026/09/26 00:20:16.711, 2, 34147, 97871, 100, 362.12
2026/09/26 00:20:16.711, 3, 33923, 97871, 100, 358.54
2026/09/26 00:20:16.911, 0, 34899, 97871, 100, 338.57
2026/09/26 00:20:16.911, 1, 34633, 97871, 100, 344.33
2026/09/26 00:20:16.911, 2, 34147, 97871, 100, 357.69
2026/09/26 00:20:16.911, 3, 33923, 97871, 100, 368.14
2026/09/26 00:20:17.111, 0, 34899, 97871, 100, 341.03
2026/09/26 00:20:17.111, 1, 34633, 97871, 100, 349.24
2026/09/26 00:20:17.111, 2, 34147, 97871, 100, 350.77
2026/09/26 00:20:17.111, 3, 33923, 97871, 100, 372.28
2026/09/26 00:20:17.312, 0, 34899, 97871, 100, 342.88
2026/09/26 00:20:17.312, 1, 34633, 97871, 100, 358.60
2026/09/26 00:20:17.312, 2, 34147, 97871, 100, 353.87
2026/09/26 00:20:17.312, 3, 33923, 97871, 100, 371.20
2026/09/26 00:20:17.512, 0, 34899, 97871, 100, 353.68
2026/09/26 00:20:17.512, 1, 34633, 97871, 100, 354.72
2026/09/26 00:20:17.512, 2, 34147, 97871, 100, 349.50
2026/09/26 00:20:17.512, 3, 33923, 97871, 100, 371.88
2026/09/26 00:20:17.712, 0, 34899, 97871, 100, 359.08
2026/09/26 00:20:17.712, 1, 34633, 97871, 100, 352.72
2026/09/26 00:20:17.712, 2, 34147, 97871, 100, 344.06
2026/09/26 00:20:17.712, 3, 33923, 97871, 100, 378.08
2026/09/26 00:20:17.912, 0, 34899, 97871, 100, 356.78
2026/09/26 00:20:17.912, 1, 34633, 97871, 100, 359.88
2026/09/26 00:20:17.912, 2, 34147, 97871, 100, 342.78
2026/09/26 00:20:17.912, 3, 33923, 97871, 100, 381.85
2026/09/26 00:20:18.112, 0, 34899, 97871, 100, 355.46
2026/09/26 00:20:18.112, 1, 34633, 97871, 100, 364.16
2026/09/26 00:20:18.112, 2, 34147, 97871, 100, 352.93
2026/09/26 00:20:18.112, 3, 33923, 97871, 100, 380.97
2026/09/26 00:20:18.312, 0, 34899, 97871, 100, 358.96
2026/09/26 00:20:18.312, 1, 34633, 97871, 100, 360.50
2026/09/26 00:20:18.312, 2, 34147, 97871, 100, 351.36
2026/09/26 00:20:18.312, 3, 33923, 97871, 100, 381.37
2026/09/26 00:20:18.512, 0, 34899, 97871, 100, 362.87
2026/09/26 00:20:18.512, 1, 34633, 97871, 100, 364.59
2026/09/26 00:20:18.512, 2, 34147, 97871, 100, 364.60
2026/09/26 00:20:18.512, 3, 33923, 97871, 100, 378.36
2026/09/26 00:20:18.712, 0, 34899, 97871, 100, 360.72
2026/09/26 00:20:18.713, 1, 34633, 97871, 100, 368.20
2026/09/26 00:20:18.713, 2, 34147, 97871, 100, 364.34
2026/09/26 00:20:18.713, 3, 33923, 97871, 100, 371.16
2026/09/26 00:20:18.913, 0, 34899, 97871, 100, 364.39
2026/09/26 00:20:18.913, 1, 34633, 97871, 100, 365.51
2026/09/26 00:20:18.913, 2, 34147, 97871, 100, 362.18
2026/09/26 00:20:18.913, 3, 33923, 97871, 100, 367.08
2026/09/26 00:20:19.113, 0, 34899, 97871, 100, 367.89
2026/09/26 00:20:19.113, 1, 34633, 97871, 100, 365.28
2026/09/26 00:20:19.113, 2, 34147, 97871, 100, 357.51
2026/09/26 00:20:19.113, 3, 33923, 97871, 100, 355.79
2026/09/26 00:20:19.313, 0, 34899, 97871, 100, 364.09
2026/09/26 00:20:19.313, 1, 34633, 97871, 100, 364.98
2026/09/26 00:20:19.313, 2, 34147, 97871, 100, 355.28
2026/09/26 00:20:19.313, 3, 33923, 97871, 100, 358.44
2026/09/26 00:20:19.513, 0, 34899, 97871, 100, 367.19
2026/09/26 00:20:19.513, 1, 34633, 97871, 100, 370.79
2026/09/26 00:20:19.513, 2, 34147, 97871, 100, 346.82
2026/09/26 00:20:19.513, 3, 33923, 97871, 100, 359.73
2026/09/26 00:20:19.713, 0, 34899, 97871, 100, 360.57
2026/09/26 00:20:19.713, 1, 34633, 97871, 100, 373.34
2026/09/26 00:20:19.713, 2, 34147, 97871, 100, 345.00
2026/09/26 00:20:19.713, 3, 33923, 97871, 100, 370.45
2026/09/26 00:20:19.913, 0, 34899, 97871, 100, 357.80
2026/09/26 00:20:19.913, 1, 34633, 97871, 100, 373.35
2026/09/26 00:20:19.913, 2, 34147, 97871, 100, 349.99
2026/09/26 00:20:19.913, 3, 33923, 97871, 100, 362.28
2026/09/26 00:20:20.113, 0, 34899, 97871, 100, 359.46
2026/09/26 00:20:20.113, 1, 34633, 97871, 100, 373.54
2026/09/26 00:20:20.113, 2, 34147, 97871, 100, 351.60
2026/09/26 00:20:20.113, 3, 33923, 97871, 100, 365.40
2026/09/26 00:20:20.314, 0, 34899, 97871, 100, 360.63
2026/09/26 00:20:20.314, 1, 34633, 97871, 100, 381.03
2026/09/26 00:20:20.314, 2, 34147, 97871, 100, 351.77
2026/09/26 00:20:20.314, 3, 33923, 97871, 100, 369.97
2026/09/26 00:20:20.514, 0, 34899, 97871, 100, 360.21
2026/09/26 00:20:20.514, 1, 34633, 97871, 100, 383.88
2026/09/26 00:20:20.514, 2, 34147, 97871, 100, 351.68
2026/09/26 00:20:20.514, 3, 33923, 97871, 100, 368.06
2026/09/26 00:20:20.714, 0, 34899, 97871, 100, 362.21
2026/09/26 00:20:20.714, 1, 34633, 97871, 100, 385.84
2026/09/26 00:20:20.714, 2, 34147, 97871, 100, 351.15
2026/09/26 00:20:20.714, 3, 33923, 97871, 100, 363.22
2026/09/26 00:20:20.914, 0, 34899, 97871, 100, 361.15
2026/09/26 00:20:20.914, 1, 34633, 97871, 100, 383.88
2026/09/26 00:20:20.914, 2, 34147, 97871, 100, 360.56
2026/09/26 00:20:20.914, 3, 33923, 97871, 100, 363.64
2026/09/26 00:20:21.114, 0, 34899, 97871, 100, 359.62
2026/09/26 00:20:21.114, 1, 34633, 97871, 100, 386.65
2026/09/26 00:20:21.114, 2, 34147, 97871, 100, 362.14
2026/09/26 00:20:21.114, 3, 33923, 97871, 100, 367.50
2026/09/26 00:20:21.314, 0, 34901, 97871, 69, 330.92
2026/09/26 00:20:21.314, 1, 34635, 97871, 65, 348.53
2026/09/26 00:20:21.314, 2, 34149, 97871, 95, 329.96
2026/09/26 00:20:21.314, 3, 33925, 97871, 7, 327.18
2026/09/26 00:20:21.514, 0, 34901, 97871, 45, 291.18
2026/09/26 00:20:21.514, 1, 34635, 97871, 16, 295.19
2026/09/26 00:20:21.515, 2, 34149, 97871, 0, 288.02
2026/09/26 00:20:21.515, 3, 33925, 97871, 0, 280.48
2026/09/26 00:20:21.715, 0, 34901, 97871, 0, 242.81
2026/09/26 00:20:21.715, 1, 34635, 97871, 0, 244.64
2026/09/26 00:20:21.715, 2, 34149, 97871, 0, 244.38
2026/09/26 00:20:21.715, 3, 33925, 97871, 0, 233.52
2026/09/26 00:20:21.915, 0, 34901, 97871, 0, 196.95
2026/09/26 00:20:21.915, 1, 34635, 97871, 0, 198.20
2026/09/26 00:20:21.915, 2, 34149, 97871, 0, 190.45
2026/09/26 00:20:21.915, 3, 33925, 97871, 0, 190.46
2026/09/26 00:20:22.115, 0, 34901, 97871, 0, 145.20
2026/09/26 00:20:22.115, 1, 34635, 97871, 0, 143.68
2026/09/26 00:20:22.115, 2, 34149, 97871, 0, 138.04
2026/09/26 00:20:22.115, 3, 33925, 97871, 0, 140.20
2026/09/26 00:20:22.315, 0, 34901, 97871, 0, 127.54
2026/09/26 00:20:22.315, 1, 34635, 97871, 0, 130.33
2026/09/26 00:20:22.315, 2, 34149, 97871, 0, 124.67
2026/09/26 00:20:22.315, 3, 33925, 97871, 0, 126.91
2026/09/26 00:20:22.515, 0, 34901, 97871, 0, 118.76
2026/09/26 00:20:22.515, 1, 34635, 97871, 0, 126.18
2026/09/26 00:20:22.515, 2, 34149, 97871, 0, 121.36
2026/09/26 00:20:22.515, 3, 33925, 97871, 0, 124.47
2026/09/26 00:20:22.715, 0, 34901, 97871, 0, 118.72
2026/09/26 00:20:22.715, 1, 34635, 97871, 0, 126.06
2026/09/26 00:20:22.715, 2, 34149, 97871, 0, 121.21
2026/09/26 00:20:22.715, 3, 33925, 97871, 0, 124.31
2026/09/26 00:20:22.916, 0, 34901, 97871, 0, 118.65
2026/09/26 00:20:22.916, 1, 34635, 97871, 0, 126.64
2026/09/26 00:20:22.916, 2, 34149, 97871, 0, 121.07
2026/09/26 00:20:22.916, 3, 33925, 97871, 0, 124.24
2026/09/26 00:20:23.116, 0, 34901, 97871, 45, 133.86
2026/09/26 00:20:23.116, 1, 34635, 97871, 75, 149.28
2026/09/26 00:20:23.116, 2, 34149, 97871, 75, 141.83
2026/09/26 00:20:23.116, 3, 33925, 97871, 30, 145.87
2026/09/26 00:20:23.316, 0, 34901, 97871, 100, 185.63
2026/09/26 00:20:23.316, 1, 34635, 97871, 100, 196.31
2026/09/26 00:20:23.316, 2, 34149, 97871, 100, 184.69
2026/09/26 00:20:23.316, 3, 33925, 97871, 100, 191.95
2026/09/26 00:20:23.516, 0, 34901, 97871, 100, 229.92
2026/09/26 00:20:23.516, 1, 34635, 97871, 100, 246.61
2026/09/26 00:20:23.516, 2, 34149, 97871, 100, 232.01
2026/09/26 00:20:23.516, 3, 33925, 97871, 100, 239.51
2026/09/26 00:20:23.716, 0, 34901, 97871, 100, 270.78
2026/09/26 00:20:23.716, 1, 34635, 97871, 100, 301.97
2026/09/26 00:20:23.716, 2, 34149, 97871, 100, 273.75
2026/09/26 00:20:23.716, 3, 33925, 97871, 100, 284.12
2026/09/26 00:20:23.916, 0, 34901, 97871, 100, 314.62
2026/09/26 00:20:23.916, 1, 34635, 97871, 100, 350.44
2026/09/26 00:20:23.916, 2, 34149, 97871, 100, 314.45
2026/09/26 00:20:23.916, 3, 33925, 97871, 100, 326.67
2026/09/26 00:20:24.116, 0, 34901, 97871, 100, 354.39
2026/09/26 00:20:24.116, 1, 34635, 97871, 100, 373.94
2026/09/26 00:20:24.116, 2, 34149, 97871, 100, 346.29
2026/09/26 00:20:24.116, 3, 33925, 97871, 100, 351.04
2026/09/26 00:20:24.317, 0, 34901, 97871, 100, 354.53
2026/09/26 00:20:24.317, 1, 34635, 97871, 100, 367.62
2026/09/26 00:20:24.317, 2, 34149, 97871, 100, 343.27
2026/09/26 00:20:24.317, 3, 33925, 97871, 100, 356.22
2026/09/26 00:20:24.517, 0, 34901, 97871, 100, 359.16
2026/09/26 00:20:24.517, 1, 34635, 97871, 100, 359.74
2026/09/26 00:20:24.517, 2, 34149, 97871, 100, 345.59
2026/09/26 00:20:24.517, 3, 33925, 97871, 100, 359.74
2026/09/26 00:20:24.717, 0, 34901, 97871, 100, 363.99
2026/09/26 00:20:24.717, 1, 34635, 97871, 100, 353.04
2026/09/26 00:20:24.717, 2, 34149, 97871, 100, 341.84
2026/09/26 00:20:24.717, 3, 33925, 97871, 100, 363.87
2026/09/26 00:20:24.917, 0, 34901, 97871, 100, 365.36
2026/09/26 00:20:24.917, 1, 34635, 97871, 100, 345.86
2026/09/26 00:20:24.917, 2, 34149, 97871, 100, 347.99
2026/09/26 00:20:24.917, 3, 33925, 97871, 100, 369.66
2026/09/26 00:20:25.117, 0, 34901, 97871, 100, 363.52
2026/09/26 00:20:25.117, 1, 34635, 97871, 100, 346.49
2026/09/26 00:20:25.117, 2, 34149, 97871, 100, 350.43
2026/09/26 00:20:25.117, 3, 33925, 97871, 100, 378.40
2026/09/26 00:20:25.317, 0, 34901, 97871, 100, 363.05
2026/09/26 00:20:25.317, 1, 34635, 97871, 100, 353.31
2026/09/26 00:20:25.317, 2, 34149, 97871, 100, 354.33
2026/09/26 00:20:25.317, 3, 33925, 97871, 100, 373.99
2026/09/26 00:20:25.517, 0, 34901, 97871, 100, 363.84
2026/09/26 00:20:25.517, 1, 34635, 97871, 100, 361.10
2026/09/26 00:20:25.517, 2, 34149, 97871, 100, 354.43
2026/09/26 00:20:25.517, 3, 33925, 97871, 100, 371.48
2026/09/26 00:20:25.718, 0, 34901, 97871, 100, 361.67
2026/09/26 00:20:25.718, 1, 34635, 97871, 100, 360.23
2026/09/26 00:20:25.718, 2, 34149, 97871, 100, 361.62
2026/09/26 00:20:25.718, 3, 33925, 97871, 100, 362.67
2026/09/26 00:20:25.918, 0, 34901, 97871, 100, 361.16
2026/09/26 00:20:25.918, 1, 34635, 97871, 100, 360.39
2026/09/26 00:20:25.918, 2, 34149, 97871, 100, 353.22
2026/09/26 00:20:25.918, 3, 33925, 97871, 100, 361.61
2026/09/26 00:20:26.118, 0, 34901, 97871, 100, 353.33
2026/09/26 00:20:26.118, 1, 34635, 97871, 100, 353.94
2026/09/26 00:20:26.118, 2, 34149, 97871, 92, 346.63
2026/09/26 00:20:26.118, 3, 33925, 97871, 100, 352.53
2026/09/26 00:20:26.318, 0, 34901, 97871, 91, 350.72
2026/09/26 00:20:26.318, 1, 34635, 97871, 100, 353.56
2026/09/26 00:20:26.318, 2, 34149, 97871, 100, 344.83
2026/09/26 00:20:26.318, 3, 33925, 97871, 100, 352.62
2026/09/26 00:20:26.518, 0, 34901, 97871, 100, 345.08
2026/09/26 00:20:26.518, 1, 34635, 97871, 100, 349.10
2026/09/26 00:20:26.518, 2, 34149, 97871, 100, 339.36
2026/09/26 00:20:26.518, 3, 33925, 97871, 100, 354.01
2026/09/26 00:20:26.718, 0, 34901, 97871, 100, 339.31
2026/09/26 00:20:26.718, 1, 34635, 97871, 100, 356.77
2026/09/26 00:20:26.718, 2, 34149, 97871, 100, 335.13
2026/09/26 00:20:26.718, 3, 33925, 97871, 100, 354.44
2026/09/26 00:20:26.918, 0, 34901, 97871, 100, 339.92
2026/09/26 00:20:26.918, 1, 34635, 97871, 100, 364.61
2026/09/26 00:20:26.918, 2, 34149, 97871, 100, 338.29
2026/09/26 00:20:26.918, 3, 33925, 97871, 100, 348.31
2026/09/26 00:20:27.119, 0, 34901, 97871, 100, 343.09
2026/09/26 00:20:27.119, 1, 34635, 97871, 100, 369.18
2026/09/26 00:20:27.119, 2, 34149, 97871, 100, 342.98
2026/09/26 00:20:27.119, 3, 33925, 97871, 100, 346.08
2026/09/26 00:20:27.319, 0, 34901, 97871, 100, 349.53
2026/09/26 00:20:27.319, 1, 34635, 97871, 100, 366.12
2026/09/26 00:20:27.319, 2, 34149, 97871, 100, 340.44
2026/09/26 00:20:27.319, 3, 33925, 97871, 100, 354.06
2026/09/26 00:20:27.519, 0, 34901, 97871, 100, 354.82
2026/09/26 00:20:27.519, 1, 34635, 97871, 100, 365.69
2026/09/26 00:20:27.519, 2, 34149, 97871, 100, 346.12
2026/09/26 00:20:27.519, 3, 33925, 97871, 100, 355.70
2026/09/26 00:20:27.719, 0, 34901, 97871, 100, 363.12
2026/09/26 00:20:27.719, 1, 34635, 97871, 100, 358.67
2026/09/26 00:20:27.719, 2, 34149, 97871, 100, 347.79
2026/09/26 00:20:27.719, 3, 33925, 97871, 100, 362.89
2026/09/26 00:20:27.919, 0, 34901, 97871, 100, 362.30
2026/09/26 00:20:27.919, 1, 34635, 97871, 100, 353.67
2026/09/26 00:20:27.919, 2, 34149, 97871, 100, 347.20
2026/09/26 00:20:27.919, 3, 33925, 97871, 100, 371.45
2026/09/26 00:20:28.119, 0, 34901, 97871, 100, 362.46
2026/09/26 00:20:28.119, 1, 34635, 97871, 100, 355.60
2026/09/26 00:20:28.119, 2, 34149, 97871, 100, 348.79
2026/09/26 00:20:28.119, 3, 33925, 97871, 100, 380.30
2026/09/26 00:20:28.319, 0, 34901, 97871, 100, 361.13
2026/09/26 00:20:28.319, 1, 34635, 97871, 100, 360.38
2026/09/26 00:20:28.319, 2, 34149, 97871, 100, 351.88
2026/09/26 00:20:28.319, 3, 33925, 97871, 100, 372.33
2026/09/26 00:20:28.520, 0, 34901, 97871, 100, 361.67
2026/09/26 00:20:28.520, 1, 34635, 97871, 100, 366.70
2026/09/26 00:20:28.520, 2, 34149, 97871, 100, 356.67
2026/09/26 00:20:28.520, 3, 33925, 97871, 100, 360.00
2026/09/26 00:20:28.720, 0, 34901, 97871, 100, 356.81
2026/09/26 00:20:28.720, 1, 34635, 97871, 100, 365.88
2026/09/26 00:20:28.720, 2, 34149, 97871, 100, 359.06
2026/09/26 00:20:28.720, 3, 33925, 97871, 100, 354.65
2026/09/26 00:20:28.920, 0, 34901, 97871, 100, 359.73
2026/09/26 00:20:28.920, 1, 34635, 97871, 100, 365.74
2026/09/26 00:20:28.920, 2, 34149, 97871, 100, 359.64
2026/09/26 00:20:28.920, 3, 33925, 97871, 100, 355.63
2026/09/26 00:20:29.120, 0, 34901, 97871, 100, 360.41
2026/09/26 00:20:29.120, 1, 34635, 97871, 100, 360.61
2026/09/26 00:20:29.120, 2, 34149, 97871, 100, 353.41
2026/09/26 00:20:29.120, 3, 33925, 97871, 100, 352.84
2026/09/26 00:20:29.320, 0, 34901, 97871, 77, 357.59
2026/09/26 00:20:29.320, 1, 34635, 97871, 88, 356.03
2026/09/26 00:20:29.320, 2, 34149, 97871, 100, 349.03
2026/09/26 00:20:29.320, 3, 33925, 97871, 100, 353.05
2026/09/26 00:20:29.520, 0, 34901, 97871, 100, 349.59
2026/09/26 00:20:29.520, 1, 34635, 97871, 100, 353.24
2026/09/26 00:20:29.520, 2, 34149, 97871, 100, 343.23
2026/09/26 00:20:29.520, 3, 33925, 97871, 100, 356.66
2026/09/26 00:20:29.720, 0, 34901, 97871, 100, 349.53
2026/09/26 00:20:29.720, 1, 34635, 97871, 100, 359.94
2026/09/26 00:20:29.720, 2, 34149, 97871, 100, 334.91
2026/09/26 00:20:29.720, 3, 33925, 97871, 100, 361.25
2026/09/26 00:20:29.920, 0, 34901, 97871, 100, 350.80
2026/09/26 00:20:29.921, 1, 34635, 97871, 100, 368.73
2026/09/26 00:20:29.921, 2, 34149, 97871, 100, 336.24
2026/09/26 00:20:29.921, 3, 33925, 97871, 100, 352.96
2026/09/26 00:20:30.121, 0, 34901, 97871, 100, 348.35
2026/09/26 00:20:30.121, 1, 34635, 97871, 100, 373.57
2026/09/26 00:20:30.121, 2, 34149, 97871, 100, 334.64
2026/09/26 00:20:30.121, 3, 33925, 97871, 100, 352.18
2026/09/26 00:20:30.321, 0, 34901, 97871, 100, 354.06
2026/09/26 00:20:30.321, 1, 34635, 97871, 100, 378.39
2026/09/26 00:20:30.321, 2, 34149, 97871, 100, 342.28
2026/09/26 00:20:30.321, 3, 33925, 97871, 100, 356.47
2026/09/26 00:20:30.521, 0, 34901, 97871, 100, 358.98
2026/09/26 00:20:30.521, 1, 34635, 97871, 100, 370.31
2026/09/26 00:20:30.521, 2, 34149, 97871, 100, 346.39
2026/09/26 00:20:30.521, 3, 33925, 97871, 100, 364.89
2026/09/26 00:20:30.721, 0, 34901, 97871, 100, 359.66
2026/09/26 00:20:30.721, 1, 34635, 97871, 100, 364.86
2026/09/26 00:20:30.721, 2, 34149, 97871, 100, 351.33
2026/09/26 00:20:30.721, 3, 33925, 97871, 100, 361.12
2026/09/26 00:20:30.921, 0, 34901, 97871, 100, 360.19
2026/09/26 00:20:30.921, 1, 34635, 97871, 100, 352.45
2026/09/26 00:20:30.921, 2, 34149, 97871, 100, 345.45
2026/09/26 00:20:30.921, 3, 33925, 97871, 100, 370.33
2026/09/26 00:20:31.121, 0, 34901, 97871, 100, 359.67
2026/09/26 00:20:31.121, 1, 34635, 97871, 100, 353.06
2026/09/26 00:20:31.121, 2, 34149, 97871, 100, 348.88
2026/09/26 00:20:31.121, 3, 33925, 97871, 100, 375.80
2026/09/26 00:20:31.321, 0, 34901, 97871, 100, 357.73
2026/09/26 00:20:31.321, 1, 34635, 97871, 100, 352.76
2026/09/26 00:20:31.321, 2, 34149, 97871, 100, 346.08
2026/09/26 00:20:31.322, 3, 33925, 97871, 100, 373.58
2026/09/26 00:20:31.522, 0, 34901, 97871, 100, 360.44
2026/09/26 00:20:31.522, 1, 34635, 97871, 100, 364.58
2026/09/26 00:20:31.522, 2, 34149, 97871, 100, 347.75
2026/09/26 00:20:31.522, 3, 33925, 97871, 100, 365.85
2026/09/26 00:20:31.722, 0, 34901, 97871, 100, 357.69
2026/09/26 00:20:31.722, 1, 34635, 97871, 100, 367.57
2026/09/26 00:20:31.722, 2, 34149, 97871, 100, 349.60
2026/09/26 00:20:31.722, 3, 33925, 97871, 100, 364.12
2026/09/26 00:20:31.922, 0, 34901, 97871, 100, 357.46
2026/09/26 00:20:31.922, 1, 34635, 97871, 100, 370.25
2026/09/26 00:20:31.922, 2, 34149, 97871, 100, 356.00
2026/09/26 00:20:31.922, 3, 33925, 97871, 100, 359.19
2026/09/26 00:20:32.122, 0, 34901, 97871, 100, 358.57
2026/09/26 00:20:32.122, 1, 34635, 97871, 100, 367.48
2026/09/26 00:20:32.122, 2, 34149, 97871, 100, 355.81
2026/09/26 00:20:32.122, 3, 33925, 97871, 100, 358.89
2026/09/26 00:20:32.322, 0, 34901, 97871, 90, 327.47
2026/09/26 00:20:32.322, 1, 34635, 97871, 89, 337.40
2026/09/26 00:20:32.322, 2, 34149, 97871, 54, 329.93
2026/09/26 00:20:32.322, 3, 33925, 97871, 42, 324.70
2026/09/26 00:20:32.522, 0, 34901, 97871, 81, 317.40
2026/09/26 00:20:32.522, 1, 34635, 97871, 81, 319.12
2026/09/26 00:20:32.522, 2, 34149, 97871, 100, 317.09
2026/09/26 00:20:32.522, 3, 33925, 97871, 80, 322.03
2026/09/26 00:20:32.722, 0, 34901, 97871, 100, 317.99
2026/09/26 00:20:32.723, 1, 34635, 97871, 100, 318.85
2026/09/26 00:20:32.723, 2, 34149, 97871, 100, 311.99
2026/09/26 00:20:32.723, 3, 33925, 97871, 100, 318.94
2026/09/26 00:20:32.923, 0, 34901, 97871, 100, 318.58
2026/09/26 00:20:32.923, 1, 34635, 97871, 100, 325.73
2026/09/26 00:20:32.923, 2, 34149, 97871, 100, 308.34
2026/09/26 00:20:32.923, 3, 33925, 97871, 100, 327.32
2026/09/26 00:20:33.123, 0, 34901, 97871, 100, 313.54
2026/09/26 00:20:33.123, 1, 34635, 97871, 100, 334.69
2026/09/26 00:20:33.123, 2, 34149, 97871, 100, 307.36
2026/09/26 00:20:33.123, 3, 33925, 97871, 100, 317.85
2026/09/26 00:20:33.323, 0, 34901, 97871, 100, 340.15
2026/09/26 00:20:33.323, 1, 34635, 97871, 100, 371.89
2026/09/26 00:20:33.323, 2, 34149, 97871, 100, 335.23
2026/09/26 00:20:33.323, 3, 33925, 97871, 100, 349.18
2026/09/26 00:20:33.523, 0, 34901, 97871, 100, 354.68
2026/09/26 00:20:33.523, 1, 34635, 97871, 100, 380.13
2026/09/26 00:20:33.523, 2, 34149, 97871, 100, 343.88
2026/09/26 00:20:33.523, 3, 33925, 97871, 100, 356.55
2026/09/26 00:20:33.723, 0, 34901, 97871, 100, 356.00
2026/09/26 00:20:33.723, 1, 34635, 97871, 100, 372.93
2026/09/26 00:20:33.723, 2, 34149, 97871, 100, 344.80
2026/09/26 00:20:33.723, 3, 33925, 97871, 100, 364.41
2026/09/26 00:20:33.923, 0, 34901, 97871, 100, 362.40
2026/09/26 00:20:33.923, 1, 34635, 97871, 100, 363.87
2026/09/26 00:20:33.923, 2, 34149, 97871, 100, 346.46
2026/09/26 00:20:33.923, 3, 33925, 97871, 100, 363.00
2026/09/26 00:20:34.123, 0, 34901, 97871, 100, 363.00
2026/09/26 00:20:34.123, 1, 34635, 97871, 100, 353.70
2026/09/26 00:20:34.123, 2, 34149, 97871, 100, 341.27
2026/09/26 00:20:34.124, 3, 33925, 97871, 100, 372.49
2026/09/26 00:20:34.324, 0, 34901, 97871, 100, 363.00
2026/09/26 00:20:34.324, 1, 34635, 97871, 100, 351.93
2026/09/26 00:20:34.324, 2, 34149, 97871, 100, 344.13
2026/09/26 00:20:34.324, 3, 33925, 97871, 100, 375.16
2026/09/26 00:20:34.524, 0, 34901, 97871, 100, 362.21
2026/09/26 00:20:34.524, 1, 34635, 97871, 100, 351.33
2026/09/26 00:20:34.524, 2, 34149, 97871, 100, 346.93
2026/09/26 00:20:34.524, 3, 33925, 97871, 100, 381.79
2026/09/26 00:20:34.724, 0, 34901, 97871, 100, 362.51
2026/09/26 00:20:34.724, 1, 34635, 97871, 100, 360.21
2026/09/26 00:20:34.724, 2, 34149, 97871, 100, 346.78
2026/09/26 00:20:34.724, 3, 33925, 97871, 100, 370.44
2026/09/26 00:20:34.924, 0, 34901, 97871, 100, 360.06
2026/09/26 00:20:34.924, 1, 34635, 97871, 100, 366.67
2026/09/26 00:20:34.924, 2, 34149, 97871, 100, 348.44
2026/09/26 00:20:34.924, 3, 33925, 97871, 100, 366.93
2026/09/26 00:20:35.124, 0, 34901, 97871, 100, 359.28
2026/09/26 00:20:35.124, 1, 34635, 97871, 100, 370.28
2026/09/26 00:20:35.124, 2, 34149, 97871, 100, 352.08
2026/09/26 00:20:35.124, 3, 33925, 97871, 100, 360.89
2026/09/26 00:20:35.324, 0, 34901, 97871, 100, 360.80
2026/09/26 00:20:35.324, 1, 34635, 97871, 100, 369.66
2026/09/26 00:20:35.324, 2, 34149, 97871, 100, 352.29
2026/09/26 00:20:35.324, 3, 33925, 97871, 100, 358.78
2026/09/26 00:20:35.524, 0, 34901, 97871, 89, 356.17
2026/09/26 00:20:35.524, 1, 34635, 97871, 76, 367.35
2026/09/26 00:20:35.524, 2, 34149, 97871, 79, 343.97
2026/09/26 00:20:35.524, 3, 33925, 97871, 76, 352.60
2026/09/26 00:20:35.725, 0, 34901, 97871, 100, 354.56
2026/09/26 00:20:35.725, 1, 34635, 97871, 100, 362.77
2026/09/26 00:20:35.725, 2, 34149, 97871, 100, 343.74
2026/09/26 00:20:35.725, 3, 33925, 97871, 100, 355.69
2026/09/26 00:20:35.925, 0, 34901, 97871, 100, 349.08
2026/09/26 00:20:35.925, 1, 34635, 97871, 100, 365.07
2026/09/26 00:20:35.925, 2, 34149, 97871, 100, 340.85
2026/09/26 00:20:35.925, 3, 33925, 97871, 100, 359.46
2026/09/26 00:20:36.125, 0, 34901, 97871, 100, 346.64
2026/09/26 00:20:36.125, 1, 34635, 97871, 100, 372.70
2026/09/26 00:20:36.125, 2, 34149, 97871, 100, 342.60
2026/09/26 00:20:36.125, 3, 33925, 97871, 100, 358.80
2026/09/26 00:20:36.325, 0, 34901, 97871, 100, 345.68
2026/09/26 00:20:36.325, 1, 34635, 97871, 100, 374.72
2026/09/26 00:20:36.325, 2, 34149, 97871, 100, 341.87
2026/09/26 00:20:36.325, 3, 33925, 97871, 100, 353.44
2026/09/26 00:20:36.525, 0, 34901, 97871, 100, 352.12
2026/09/26 00:20:36.525, 1, 34635, 97871, 100, 376.64
2026/09/26 00:20:36.525, 2, 34149, 97871, 100, 347.05
2026/09/26 00:20:36.525, 3, 33925, 97871, 100, 353.52
2026/09/26 00:20:36.725, 0, 34901, 97871, 100, 355.04
2026/09/26 00:20:36.725, 1, 34635, 97871, 100, 370.03
2026/09/26 00:20:36.725, 2, 34149, 97871, 100, 344.87
2026/09/26 00:20:36.725, 3, 33925, 97871, 100, 358.65
2026/09/26 00:20:36.925, 0, 34901, 97871, 100, 363.66
2026/09/26 00:20:36.925, 1, 34635, 97871, 100, 362.71
2026/09/26 00:20:36.925, 2, 34149, 97871, 100, 349.13
2026/09/26 00:20:36.925, 3, 33925, 97871, 100, 362.07
2026/09/26 00:20:37.126, 0, 34901, 97871, 100, 368.29
2026/09/26 00:20:37.126, 1, 34635, 97871, 100, 354.29
2026/09/26 00:20:37.126, 2, 34149, 97871, 100, 342.97
2026/09/26 00:20:37.126, 3, 33925, 97871, 100, 370.33
2026/09/26 00:20:37.326, 0, 34901, 97871, 100, 369.81
2026/09/26 00:20:37.326, 1, 34635, 97871, 100, 350.19
2026/09/26 00:20:37.326, 2, 34149, 97871, 100, 349.43
2026/09/26 00:20:37.326, 3, 33925, 97871, 100, 381.50
2026/09/26 00:20:37.526, 0, 34901, 97871, 100, 367.06
2026/09/26 00:20:37.526, 1, 34635, 97871, 100, 354.14
2026/09/26 00:20:37.526, 2, 34149, 97871, 100, 355.52
2026/09/26 00:20:37.526, 3, 33925, 97871, 100, 386.30
2026/09/26 00:20:37.726, 0, 34901, 97871, 100, 368.92
2026/09/26 00:20:37.726, 1, 34635, 97871, 100, 363.06
2026/09/26 00:20:37.726, 2, 34149, 97871, 100, 359.87
2026/09/26 00:20:37.726, 3, 33925, 97871, 100, 379.95
2026/09/26 00:20:37.926, 0, 34901, 97871, 100, 367.31
2026/09/26 00:20:37.926, 1, 34635, 97871, 100, 368.78
2026/09/26 00:20:37.926, 2, 34149, 97871, 100, 360.04
2026/09/26 00:20:37.926, 3, 33925, 97871, 100, 375.63
2026/09/26 00:20:38.126, 0, 34901, 97871, 100, 364.28
2026/09/26 00:20:38.126, 1, 34635, 97871, 100, 365.89
2026/09/26 00:20:38.126, 2, 34149, 97871, 100, 367.24
2026/09/26 00:20:38.126, 3, 33925, 97871, 100, 365.37
2026/09/26 00:20:38.326, 0, 34901, 97871, 100, 367.08
2026/09/26 00:20:38.326, 1, 34635, 97871, 100, 362.98
2026/09/26 00:20:38.326, 2, 34149, 97871, 100, 359.36
2026/09/26 00:20:38.326, 3, 33925, 97871, 100, 363.02
2026/09/26 00:20:38.526, 0, 34901, 97871, 100, 363.82
2026/09/26 00:20:38.527, 1, 34635, 97871, 91, 354.92
2026/09/26 00:20:38.527, 2, 34149, 97871, 77, 351.58
2026/09/26 00:20:38.527, 3, 33925, 97871, 78, 359.46
2026/09/26 00:20:38.727, 0, 34901, 97871, 100, 358.35
2026/09/26 00:20:38.727, 1, 34635, 97871, 100, 353.47
2026/09/26 00:20:38.727, 2, 34149, 97871, 100, 347.09
2026/09/26 00:20:38.727, 3, 33925, 97871, 100, 356.49
2026/09/26 00:20:38.927, 0, 34901, 97871, 100, 352.78
2026/09/26 00:20:38.927, 1, 34635, 97871, 100, 354.88
2026/09/26 00:20:38.927, 2, 34149, 97871, 100, 341.18
2026/09/26 00:20:38.927, 3, 33925, 97871, 100, 358.20
2026/09/26 00:20:39.127, 0, 34901, 97871, 100, 354.37
2026/09/26 00:20:39.127, 1, 34635, 97871, 100, 362.39
2026/09/26 00:20:39.127, 2, 34149, 97871, 100, 338.23
2026/09/26 00:20:39.127, 3, 33925, 97871, 100, 358.98
2026/09/26 00:20:39.327, 0, 34901, 97871, 100, 351.04
2026/09/26 00:20:39.327, 1, 34635, 97871, 100, 372.82
2026/09/26 00:20:39.327, 2, 34149, 97871, 100, 341.09
2026/09/26 00:20:39.327, 3, 33925, 97871, 100, 353.88
2026/09/26 00:20:39.527, 0, 34901, 97871, 100, 357.53
2026/09/26 00:20:39.527, 1, 34635, 97871, 100, 380.49
2026/09/26 00:20:39.527, 2, 34149, 97871, 100, 345.46
2026/09/26 00:20:39.527, 3, 33925, 97871, 100, 353.61
2026/09/26 00:20:39.727, 0, 34901, 97871, 100, 362.01
2026/09/26 00:20:39.727, 1, 34635, 97871, 100, 374.43
2026/09/26 00:20:39.727, 2, 34149, 97871, 100, 345.53
2026/09/26 00:20:39.727, 3, 33925, 97871, 100, 362.10
2026/09/26 00:20:39.927, 0, 34901, 97871, 100, 368.55
2026/09/26 00:20:39.928, 1, 34635, 97871, 100, 367.58
2026/09/26 00:20:39.928, 2, 34149, 97871, 100, 348.77
2026/09/26 00:20:39.928, 3, 33925, 97871, 100, 360.10
2026/09/26 00:20:40.128, 0, 34901, 97871, 100, 368.54
2026/09/26 00:20:40.128, 1, 34635, 97871, 100, 359.94
2026/09/26 00:20:40.128, 2, 34149, 97871, 100, 348.04
2026/09/26 00:20:40.128, 3, 33925, 97871, 100, 370.40
2026/09/26 00:20:40.328, 0, 34901, 97871, 100, 369.30
2026/09/26 00:20:40.328, 1, 34635, 97871, 100, 353.97
2026/09/26 00:20:40.328, 2, 34149, 97871, 100, 349.38
2026/09/26 00:20:40.328, 3, 33925, 97871, 100, 374.03
2026/09/26 00:20:40.528, 0, 34901, 97871, 100, 366.93
2026/09/26 00:20:40.528, 1, 34635, 97871, 100, 351.27
2026/09/26 00:20:40.528, 2, 34149, 97871, 100, 352.05
2026/09/26 00:20:40.528, 3, 33925, 97871, 100, 380.64
2026/09/26 00:20:40.728, 0, 34901, 97871, 100, 366.76
2026/09/26 00:20:40.728, 1, 34635, 97871, 100, 359.67
2026/09/26 00:20:40.728, 2, 34149, 97871, 100, 353.81
2026/09/26 00:20:40.728, 3, 33925, 97871, 100, 373.95
2026/09/26 00:20:40.928, 0, 34901, 97871, 100, 366.72
2026/09/26 00:20:40.928, 1, 34635, 97871, 100, 368.20
2026/09/26 00:20:40.928, 2, 34149, 97871, 100, 356.79
2026/09/26 00:20:40.928, 3, 33925, 97871, 100, 374.17
2026/09/26 00:20:41.128, 0, 34901, 97871, 100, 366.65
2026/09/26 00:20:41.128, 1, 34635, 97871, 100, 370.97
2026/09/26 00:20:41.128, 2, 34149, 97871, 100, 361.35
2026/09/26 00:20:41.128, 3, 33925, 97871, 100, 363.35
2026/09/26 00:20:41.328, 0, 34901, 97871, 100, 366.05
2026/09/26 00:20:41.328, 1, 34635, 97871, 100, 374.92
2026/09/26 00:20:41.328, 2, 34149, 97871, 100, 355.61
2026/09/26 00:20:41.329, 3, 33925, 97871, 100, 362.86
2026/09/26 00:20:41.529, 0, 34901, 97871, 100, 350.83
2026/09/26 00:20:41.529, 1, 34635, 97871, 100, 359.64
2026/09/26 00:20:41.529, 2, 34149, 97871, 85, 339.35
2026/09/26 00:20:41.529, 3, 33925, 97871, 92, 344.31
2026/09/26 00:20:41.729, 0, 34901, 97871, 86, 323.69
2026/09/26 00:20:41.729, 1, 34635, 97871, 83, 332.95
2026/09/26 00:20:41.729, 2, 34149, 97871, 77, 317.83
2026/09/26 00:20:41.729, 3, 33925, 97871, 33, 324.59
2026/09/26 00:20:41.929, 0, 34901, 97871, 100, 323.77
2026/09/26 00:20:41.929, 1, 34635, 97871, 100, 330.47
2026/09/26 00:20:41.929, 2, 34149, 97871, 100, 310.58
2026/09/26 00:20:41.929, 3, 33925, 97871, 100, 323.71
2026/09/26 00:20:42.129, 0, 34901, 97871, 100, 321.83
2026/09/26 00:20:42.129, 1, 34635, 97871, 100, 331.19
2026/09/26 00:20:42.129, 2, 34149, 97871, 100, 308.46
2026/09/26 00:20:42.129, 3, 33925, 97871, 100, 323.24
2026/09/26 00:20:42.329, 0, 34901, 97871, 100, 320.03
2026/09/26 00:20:42.329, 1, 34635, 97871, 100, 337.59
2026/09/26 00:20:42.329, 2, 34149, 97871, 100, 311.95
2026/09/26 00:20:42.329, 3, 33925, 97871, 100, 328.30
2026/09/26 00:20:42.529, 0, 34901, 97871, 100, 328.69
2026/09/26 00:20:42.529, 1, 34635, 97871, 100, 361.31
2026/09/26 00:20:42.529, 2, 34149, 97871, 100, 318.76
2026/09/26 00:20:42.529, 3, 33925, 97871, 100, 334.86
2026/09/26 00:20:42.729, 0, 34901, 97871, 100, 359.94
2026/09/26 00:20:42.729, 1, 34635, 97871, 100, 381.22
2026/09/26 00:20:42.729, 2, 34149, 97871, 100, 347.35
2026/09/26 00:20:42.729, 3, 33925, 97871, 100, 354.77
2026/09/26 00:20:42.930, 0, 34901, 97871, 100, 359.42
2026/09/26 00:20:42.930, 1, 34635, 97871, 100, 374.57
2026/09/26 00:20:42.930, 2, 34149, 97871, 100, 345.02
2026/09/26 00:20:42.930, 3, 33925, 97871, 100, 358.83
2026/09/26 00:20:43.130, 0, 34901, 97871, 100, 368.27
2026/09/26 00:20:43.130, 1, 34635, 97871, 100, 368.37
2026/09/26 00:20:43.130, 2, 34149, 97871, 100, 347.79
2026/09/26 00:20:43.130, 3, 33925, 97871, 100, 362.52
2026/09/26 00:20:43.330, 0, 34901, 97871, 100, 371.64
2026/09/26 00:20:43.330, 1, 34635, 97871, 100, 359.69
2026/09/26 00:20:43.330, 2, 34149, 97871, 100, 343.05
2026/09/26 00:20:43.330, 3, 33925, 97871, 100, 368.03
2026/09/26 00:20:43.530, 0, 34901, 97871, 100, 374.89
2026/09/26 00:20:43.530, 1, 34635, 97871, 100, 352.91
2026/09/26 00:20:43.530, 2, 34149, 97871, 100, 347.82
2026/09/26 00:20:43.530, 3, 33925, 97871, 100, 377.74
2026/09/26 00:20:43.730, 0, 34901, 97871, 100, 370.50
2026/09/26 00:20:43.730, 1, 34635, 97871, 100, 353.58
2026/09/26 00:20:43.730, 2, 34149, 97871, 100, 351.28
2026/09/26 00:20:43.730, 3, 33925, 97871, 100, 384.39
2026/09/26 00:20:43.930, 0, 34901, 97871, 100, 371.39
2026/09/26 00:20:43.930, 1, 34635, 97871, 100, 360.82
2026/09/26 00:20:43.930, 2, 34149, 97871, 100, 357.05
2026/09/26 00:20:43.930, 3, 33925, 97871, 100, 381.49
2026/09/26 00:20:44.130, 0, 34901, 97871, 100, 370.80
2026/09/26 00:20:44.130, 1, 34635, 97871, 100, 365.94
2026/09/26 00:20:44.130, 2, 34149, 97871, 100, 358.20
2026/09/26 00:20:44.130, 3, 33925, 97871, 100, 377.64
2026/09/26 00:20:44.331, 0, 34901, 97871, 100, 366.22
2026/09/26 00:20:44.331, 1, 34635, 97871, 100, 365.52
2026/09/26 00:20:44.331, 2, 34149, 97871, 100, 366.02
2026/09/26 00:20:44.331, 3, 33925, 97871, 100, 369.45
2026/09/26 00:20:44.531, 0, 34901, 97871, 100, 365.89
2026/09/26 00:20:44.531, 1, 34635, 97871, 100, 366.99
2026/09/26 00:20:44.531, 2, 34149, 97871, 100, 359.36
2026/09/26 00:20:44.531, 3, 33925, 97871, 100, 367.84
2026/09/26 00:20:44.731, 0, 34901, 97871, 100, 359.80
2026/09/26 00:20:44.731, 1, 34635, 97871, 100, 359.08
2026/09/26 00:20:44.731, 2, 34149, 97871, 88, 352.36
2026/09/26 00:20:44.731, 3, 33925, 97871, 100, 361.79
2026/09/26 00:20:44.931, 0, 34901, 97871, 97, 358.83
2026/09/26 00:20:44.931, 1, 34635, 97871, 100, 358.02
2026/09/26 00:20:44.931, 2, 34149, 97871, 100, 346.66
2026/09/26 00:20:44.931, 3, 33925, 97871, 100, 361.72
2026/09/26 00:20:45.131, 0, 34901, 97871, 100, 352.21
2026/09/26 00:20:45.131, 1, 34635, 97871, 100, 356.07
2026/09/26 00:20:45.131, 2, 34149, 97871, 100, 343.96
2026/09/26 00:20:45.131, 3, 33925, 97871, 100, 361.50
2026/09/26 00:20:45.331, 0, 34901, 97871, 100, 354.63
2026/09/26 00:20:45.331, 1, 34635, 97871, 100, 365.02
2026/09/26 00:20:45.331, 2, 34149, 97871, 100, 337.73
2026/09/26 00:20:45.331, 3, 33925, 97871, 100, 366.66
2026/09/26 00:20:45.531, 0, 34901, 97871, 100, 353.98
2026/09/26 00:20:45.531, 1, 34635, 97871, 100, 371.15
2026/09/26 00:20:45.531, 2, 34149, 97871, 100, 340.59
2026/09/26 00:20:45.531, 3, 33925, 97871, 100, 360.02
2026/09/26 00:20:45.732, 0, 34901, 97871, 100, 362.60
2026/09/26 00:20:45.732, 1, 34635, 97871, 100, 379.64
2026/09/26 00:20:45.732, 2, 34149, 97871, 100, 345.30
2026/09/26 00:20:45.732, 3, 33925, 97871, 100, 357.80
2026/09/26 00:20:45.932, 0, 34901, 97871, 100, 364.33
2026/09/26 00:20:45.932, 1, 34635, 97871, 100, 376.30
2026/09/26 00:20:45.932, 2, 34149, 97871, 100, 343.52
2026/09/26 00:20:45.932, 3, 33925, 97871, 100, 363.74
2026/09/26 00:20:46.132, 0, 34901, 97871, 100, 366.03
2026/09/26 00:20:46.132, 1, 34635, 97871, 100, 371.57
2026/09/26 00:20:46.132, 2, 34149, 97871, 100, 347.45
2026/09/26 00:20:46.132, 3, 33925, 97871, 100, 366.63
2026/09/26 00:20:46.332, 0, 34901, 97871, 100, 370.29
2026/09/26 00:20:46.332, 1, 34635, 97871, 100, 363.31
2026/09/26 00:20:46.332, 2, 34149, 97871, 100, 346.44
2026/09/26 00:20:46.332, 3, 33925, 97871, 100, 370.00
2026/09/26 00:20:46.532, 0, 34901, 97871, 100, 370.56
2026/09/26 00:20:46.532, 1, 34635, 97871, 100, 356.93
2026/09/26 00:20:46.532, 2, 34149, 97871, 100, 345.42
2026/09/26 00:20:46.532, 3, 33925, 97871, 100, 376.52
2026/09/26 00:20:46.732, 0, 34901, 97871, 100, 368.17
2026/09/26 00:20:46.732, 1, 34635, 97871, 100, 357.95
2026/09/26 00:20:46.732, 2, 34149, 97871, 100, 347.09
2026/09/26 00:20:46.732, 3, 33925, 97871, 100, 384.75
2026/09/26 00:20:46.932, 0, 34901, 97871, 100, 367.84
2026/09/26 00:20:46.932, 1, 34635, 97871, 100, 361.16
2026/09/26 00:20:46.932, 2, 34149, 97871, 100, 347.10
2026/09/26 00:20:46.932, 3, 33925, 97871, 100, 380.04
2026/09/26 00:20:47.132, 0, 34901, 97871, 100, 369.85
2026/09/26 00:20:47.133, 1, 34635, 97871, 100, 370.28
2026/09/26 00:20:47.133, 2, 34149, 97871, 100, 349.29
2026/09/26 00:20:47.133, 3, 33925, 97871, 100, 373.18
2026/09/26 00:20:47.333, 0, 34901, 97871, 100, 366.76
2026/09/26 00:20:47.333, 1, 34635, 97871, 100, 373.18
2026/09/26 00:20:47.333, 2, 34149, 97871, 100, 356.13
2026/09/26 00:20:47.333, 3, 33925, 97871, 100, 366.67
2026/09/26 00:20:47.533, 0, 34901, 97871, 100, 366.53
2026/09/26 00:20:47.533, 1, 34635, 97871, 100, 372.97
2026/09/26 00:20:47.533, 2, 34149, 97871, 100, 353.39
2026/09/26 00:20:47.533, 3, 33925, 97871, 100, 364.82
2026/09/26 00:20:47.733, 0, 34901, 97871, 100, 358.92
2026/09/26 00:20:47.733, 1, 34635, 97871, 100, 366.30
2026/09/26 00:20:47.733, 2, 34149, 97871, 100, 346.67
2026/09/26 00:20:47.733, 3, 33925, 97871, 100, 355.10
2026/09/26 00:20:47.933, 0, 34901, 97871, 78, 356.77
2026/09/26 00:20:47.933, 1, 34635, 97871, 100, 365.94
2026/09/26 00:20:47.933, 2, 34149, 97871, 100, 349.65
2026/09/26 00:20:47.933, 3, 33925, 97871, 100, 354.11
2026/09/26 00:20:48.133, 0, 34901, 97871, 100, 354.02
2026/09/26 00:20:48.133, 1, 34635, 97871, 100, 362.03
2026/09/26 00:20:48.133, 2, 34149, 97871, 100, 340.88
2026/09/26 00:20:48.133, 3, 33925, 97871, 100, 359.56
2026/09/26 00:20:48.333, 0, 34901, 97871, 100, 349.56
2026/09/26 00:20:48.333, 1, 34635, 97871, 100, 366.34
2026/09/26 00:20:48.333, 2, 34149, 97871, 100, 337.19
2026/09/26 00:20:48.333, 3, 33925, 97871, 100, 358.73
2026/09/26 00:20:48.533, 0, 34901, 97871, 100, 351.03
2026/09/26 00:20:48.534, 1, 34635, 97871, 100, 373.47
2026/09/26 00:20:48.534, 2, 34149, 97871, 100, 340.15
2026/09/26 00:20:48.534, 3, 33925, 97871, 100, 354.15
2026/09/26 00:20:48.734, 0, 34901, 97871, 100, 352.74
2026/09/26 00:20:48.734, 1, 34635, 97871, 100, 376.74
2026/09/26 00:20:48.734, 2, 34149, 97871, 100, 343.17
2026/09/26 00:20:48.734, 3, 33925, 97871, 100, 352.23
2026/09/26 00:20:48.934, 0, 34901, 97871, 100, 361.48
2026/09/26 00:20:48.934, 1, 34635, 97871, 100, 373.15
2026/09/26 00:20:48.934, 2, 34149, 97871, 100, 346.20
2026/09/26 00:20:48.934, 3, 33925, 97871, 100, 359.33
2026/09/26 00:20:49.134, 0, 34901, 97871, 100, 364.73
2026/09/26 00:20:49.134, 1, 34635, 97871, 100, 367.62
2026/09/26 00:20:49.134, 2, 34149, 97871, 100, 350.04
2026/09/26 00:20:49.134, 3, 33925, 97871, 100, 362.40
2026/09/26 00:20:49.334, 0, 34901, 97871, 100, 368.16
2026/09/26 00:20:49.334, 1, 34635, 97871, 100, 360.36
2026/09/26 00:20:49.334, 2, 34149, 97871, 100, 352.93
2026/09/26 00:20:49.334, 3, 33925, 97871, 100, 368.67
2026/09/26 00:20:49.534, 0, 34901, 97871, 100, 366.89
2026/09/26 00:20:49.534, 1, 34635, 97871, 100, 357.37
2026/09/26 00:20:49.534, 2, 34149, 97871, 100, 349.61
2026/09/26 00:20:49.534, 3, 33925, 97871, 100, 375.12
2026/09/26 00:20:49.734, 0, 34901, 97871, 100, 367.50
2026/09/26 00:20:49.734, 1, 34635, 97871, 100, 355.24
2026/09/26 00:20:49.734, 2, 34149, 97871, 100, 353.61
2026/09/26 00:20:49.734, 3, 33925, 97871, 100, 382.64
2026/09/26 00:20:49.934, 0, 34901, 97871, 100, 364.10
2026/09/26 00:20:49.934, 1, 34635, 97871, 100, 364.84
2026/09/26 00:20:49.934, 2, 34149, 97871, 100, 350.82
2026/09/26 00:20:49.935, 3, 33925, 97871, 100, 374.12
2026/09/26 00:20:50.135, 0, 34901, 97871, 100, 364.32
2026/09/26 00:20:50.135, 1, 34635, 97871, 100, 374.20
2026/09/26 00:20:50.135, 2, 34149, 97871, 100, 355.28
2026/09/26 00:20:50.135, 3, 33925, 97871, 100, 370.11
2026/09/26 00:20:50.335, 0, 34901, 97871, 100, 364.10
2026/09/26 00:20:50.335, 1, 34635, 97871, 100, 377.37
2026/09/26 00:20:50.335, 2, 34149, 97871, 100, 357.32
2026/09/26 00:20:50.335, 3, 33925, 97871, 100, 362.83
2026/09/26 00:20:50.535, 0, 34901, 97871, 100, 364.87
2026/09/26 00:20:50.535, 1, 34635, 97871, 100, 377.91
2026/09/26 00:20:50.535, 2, 34149, 97871, 100, 360.46
2026/09/26 00:20:50.535, 3, 33925, 97871, 100, 363.10
2026/09/26 00:20:50.735, 0, 34901, 97871, 100, 364.19
2026/09/26 00:20:50.735, 1, 34635, 97871, 100, 372.77
2026/09/26 00:20:50.735, 2, 34149, 97871, 100, 358.47
2026/09/26 00:20:50.735, 3, 33925, 97871, 100, 355.80
2026/09/26 00:20:50.935, 0, 34901, 97871, 86, 329.00
2026/09/26 00:20:50.935, 1, 34635, 97871, 77, 338.28
2026/09/26 00:20:50.935, 2, 34149, 97871, 93, 329.70
2026/09/26 00:20:50.935, 3, 33925, 97871, 33, 328.49
2026/09/26 00:20:51.135, 0, 34901, 97871, 81, 323.70
2026/09/26 00:20:51.135, 1, 34635, 97871, 81, 326.16
2026/09/26 00:20:51.135, 2, 34149, 97871, 100, 317.58
2026/09/26 00:20:51.135, 3, 33925, 97871, 99, 330.94
2026/09/26 00:20:51.335, 0, 34901, 97871, 100, 317.77
2026/09/26 00:20:51.335, 1, 34635, 97871, 100, 324.67
2026/09/26 00:20:51.335, 2, 34149, 97871, 100, 315.16
2026/09/26 00:20:51.335, 3, 33925, 97871, 100, 327.77
2026/09/26 00:20:51.536, 0, 34901, 97871, 100, 321.75
2026/09/26 00:20:51.536, 1, 34635, 97871, 100, 332.20
2026/09/26 00:20:51.536, 2, 34149, 97871, 100, 311.67
2026/09/26 00:20:51.536, 3, 33925, 97871, 100, 329.91
2026/09/26 00:20:51.736, 0, 34901, 97871, 100, 318.75
2026/09/26 00:20:51.736, 1, 34635, 97871, 100, 349.21
2026/09/26 00:20:51.736, 2, 34149, 97871, 100, 310.25
2026/09/26 00:20:51.736, 3, 33925, 97871, 100, 331.09
2026/09/26 00:20:51.936, 0, 34901, 97871, 100, 350.39
2026/09/26 00:20:51.936, 1, 34635, 97871, 100, 379.17
2026/09/26 00:20:51.936, 2, 34149, 97871, 100, 342.86
2026/09/26 00:20:51.936, 3, 33925, 97871, 100, 356.32
2026/09/26 00:20:52.136, 0, 34901, 97871, 100, 360.78
2026/09/26 00:20:52.136, 1, 34635, 97871, 100, 380.26
2026/09/26 00:20:52.136, 2, 34149, 97871, 100, 342.69
2026/09/26 00:20:52.136, 3, 33925, 97871, 100, 360.57
2026/09/26 00:20:52.336, 0, 34901, 97871, 100, 366.01
2026/09/26 00:20:52.336, 1, 34635, 97871, 100, 372.41
2026/09/26 00:20:52.336, 2, 34149, 97871, 100, 345.45
2026/09/26 00:20:52.336, 3, 33925, 97871, 100, 369.61
2026/09/26 00:20:52.536, 0, 34901, 97871, 100, 372.62
2026/09/26 00:20:52.536, 1, 34635, 97871, 100, 362.26
2026/09/26 00:20:52.536, 2, 34149, 97871, 100, 345.03
2026/09/26 00:20:52.536, 3, 33925, 97871, 100, 365.83
2026/09/26 00:20:52.736, 0, 34901, 97871, 100, 374.78
2026/09/26 00:20:52.736, 1, 34635, 97871, 100, 351.15
2026/09/26 00:20:52.736, 2, 34149, 97871, 100, 343.15
2026/09/26 00:20:52.736, 3, 33925, 97871, 100, 375.98
2026/09/26 00:20:52.937, 0, 34901, 97871, 100, 371.72
2026/09/26 00:20:52.937, 1, 34635, 97871, 100, 353.26
2026/09/26 00:20:52.937, 2, 34149, 97871, 100, 347.10
2026/09/26 00:20:52.937, 3, 33925, 97871, 100, 382.52
2026/09/26 00:20:53.137, 0, 34901, 97871, 100, 372.92
2026/09/26 00:20:53.137, 1, 34635, 97871, 100, 355.15
2026/09/26 00:20:53.137, 2, 34149, 97871, 100, 351.34
2026/09/26 00:20:53.137, 3, 33925, 97871, 100, 384.50
2026/09/26 00:20:53.337, 0, 34901, 97871, 100, 374.82
2026/09/26 00:20:53.337, 1, 34635, 97871, 100, 363.72
2026/09/26 00:20:53.337, 2, 34149, 97871, 100, 353.11
2026/09/26 00:20:53.337, 3, 33925, 97871, 100, 375.72
2026/09/26 00:20:53.537, 0, 34901, 97871, 100, 369.32
2026/09/26 00:20:53.537, 1, 34635, 97871, 100, 368.37
2026/09/26 00:20:53.537, 2, 34149, 97871, 100, 355.77
2026/09/26 00:20:53.537, 3, 33925, 97871, 100, 373.62
2026/09/26 00:20:53.737, 0, 34901, 97871, 100, 364.85
2026/09/26 00:20:53.737, 1, 34635, 97871, 100, 372.16
2026/09/26 00:20:53.737, 2, 34149, 97871, 100, 358.74
2026/09/26 00:20:53.737, 3, 33925, 97871, 100, 368.60
2026/09/26 00:20:53.937, 0, 34901, 97871, 100, 367.93
2026/09/26 00:20:53.937, 1, 34635, 97871, 100, 366.00
2026/09/26 00:20:53.937, 2, 34149, 97871, 100, 357.07
2026/09/26 00:20:53.937, 3, 33925, 97871, 100, 362.94
2026/09/26 00:20:54.137, 0, 34901, 97871, 78, 359.88
2026/09/26 00:20:54.137, 1, 34635, 97871, 78, 362.75
2026/09/26 00:20:54.137, 2, 34149, 97871, 100, 347.59
2026/09/26 00:20:54.137, 3, 33925, 97871, 78, 356.98
2026/09/26 00:20:54.338, 0, 34901, 97871, 100, 355.12
2026/09/26 00:20:54.338, 1, 34635, 97871, 100, 361.39
2026/09/26 00:20:54.338, 2, 34149, 97871, 100, 345.99
2026/09/26 00:20:54.338, 3, 33925, 97871, 100, 356.43
2026/09/26 00:20:54.538, 0, 34901, 97871, 100, 352.93
2026/09/26 00:20:54.538, 1, 34635, 97871, 100, 365.39
2026/09/26 00:20:54.538, 2, 34149, 97871, 100, 340.70
2026/09/26 00:20:54.538, 3, 33925, 97871, 100, 361.81
2026/09/26 00:20:54.738, 0, 34901, 97871, 100, 355.21
2026/09/26 00:20:54.738, 1, 34635, 97871, 100, 375.09
2026/09/26 00:20:54.738, 2, 34149, 97871, 100, 342.13
2026/09/26 00:20:54.738, 3, 33925, 97871, 100, 355.66
2026/09/26 00:20:54.938, 0, 34901, 97871, 100, 354.18
2026/09/26 00:20:54.938, 1, 34635, 97871, 100, 380.16
2026/09/26 00:20:54.938, 2, 34149, 97871, 100, 338.36
2026/09/26 00:20:54.938, 3, 33925, 97871, 100, 354.80
2026/09/26 00:20:55.138, 0, 34901, 97871, 100, 363.84
2026/09/26 00:20:55.138, 1, 34635, 97871, 100, 383.70
2026/09/26 00:20:55.138, 2, 34149, 97871, 100, 347.20
2026/09/26 00:20:55.138, 3, 33925, 97871, 100, 358.51
2026/09/26 00:20:55.338, 0, 34901, 97871, 100, 368.26
2026/09/26 00:20:55.338, 1, 34635, 97871, 100, 373.98
2026/09/26 00:20:55.338, 2, 34149, 97871, 100, 348.20
2026/09/26 00:20:55.338, 3, 33925, 97871, 100, 366.00
2026/09/26 00:20:55.538, 0, 34901, 97871, 100, 371.10
2026/09/26 00:20:55.538, 1, 34635, 97871, 100, 367.88
2026/09/26 00:20:55.538, 2, 34149, 97871, 100, 353.34
2026/09/26 00:20:55.538, 3, 33925, 97871, 100, 363.87
2026/09/26 00:20:55.739, 0, 34901, 97871, 100, 368.77
2026/09/26 00:20:55.739, 1, 34635, 97871, 100, 357.80
2026/09/26 00:20:55.739, 2, 34149, 97871, 100, 345.18
2026/09/26 00:20:55.739, 3, 33925, 97871, 100, 373.81
2026/09/26 00:20:55.939, 0, 34901, 97871, 100, 369.36
2026/09/26 00:20:55.939, 1, 34635, 97871, 100, 355.27
2026/09/26 00:20:55.939, 2, 34149, 97871, 100, 350.09
2026/09/26 00:20:55.939, 3, 33925, 97871, 100, 379.86
2026/09/26 00:20:56.139, 0, 34901, 97871, 100, 365.00
2026/09/26 00:20:56.139, 1, 34635, 97871, 100, 356.15
2026/09/26 00:20:56.139, 2, 34149, 97871, 100, 347.38
2026/09/26 00:20:56.139, 3, 33925, 97871, 100, 380.35
2026/09/26 00:20:56.339, 0, 34901, 97871, 100, 366.77
2026/09/26 00:20:56.339, 1, 34635, 97871, 100, 368.65
2026/09/26 00:20:56.339, 2, 34149, 97871, 100, 350.80
2026/09/26 00:20:56.339, 3, 33925, 97871, 100, 375.18
2026/09/26 00:20:56.539, 0, 34901, 97871, 100, 361.25
2026/09/26 00:20:56.539, 1, 34635, 97871, 100, 375.72
2026/09/26 00:20:56.539, 2, 34149, 97871, 100, 352.84
2026/09/26 00:20:56.539, 3, 33925, 97871, 100, 372.90
2026/09/26 00:20:56.739, 0, 34901, 97871, 100, 364.31
2026/09/26 00:20:56.739, 1, 34635, 97871, 100, 378.94
2026/09/26 00:20:56.739, 2, 34149, 97871, 100, 359.64
2026/09/26 00:20:56.739, 3, 33925, 97871, 100, 365.91
2026/09/26 00:20:56.939, 0, 34901, 97871, 100, 366.07
2026/09/26 00:20:56.939, 1, 34635, 97871, 100, 375.82
2026/09/26 00:20:56.939, 2, 34149, 97871, 100, 358.09
2026/09/26 00:20:56.939, 3, 33925, 97871, 100, 367.77
2026/09/26 00:20:57.140, 0, 34901, 97871, 90, 361.91
2026/09/26 00:20:57.140, 1, 34635, 97871, 77, 371.99
2026/09/26 00:20:57.140, 2, 34149, 97871, 80, 353.36
2026/09/26 00:20:57.140, 3, 33925, 97871, 77, 359.04
2026/09/26 00:20:57.340, 0, 34901, 97871, 100, 358.48
2026/09/26 00:20:57.340, 1, 34635, 97871, 100, 367.92
2026/09/26 00:20:57.340, 2, 34149, 97871, 100, 348.49
2026/09/26 00:20:57.340, 3, 33925, 97871, 100, 361.55
2026/09/26 00:20:57.540, 0, 34901, 97871, 100, 359.70
2026/09/26 00:20:57.540, 1, 34635, 97871, 100, 369.20
2026/09/26 00:20:57.540, 2, 34149, 97871, 100, 344.21
2026/09/26 00:20:57.540, 3, 33925, 97871, 100, 364.29
2026/09/26 00:20:57.740, 0, 34901, 97871, 100, 355.88
2026/09/26 00:20:57.740, 1, 34635, 97871, 100, 376.20
2026/09/26 00:20:57.740, 2, 34149, 97871, 100, 342.33
2026/09/26 00:20:57.740, 3, 33925, 97871, 100, 361.56
2026/09/26 00:20:57.940, 0, 34901, 97871, 100, 351.47
2026/09/26 00:20:57.940, 1, 34635, 97871, 100, 381.75
2026/09/26 00:20:57.940, 2, 34149, 97871, 100, 340.17
2026/09/26 00:20:57.940, 3, 33925, 97871, 100, 354.23
2026/09/26 00:20:58.140, 0, 34901, 97871, 100, 359.47
2026/09/26 00:20:58.140, 1, 34635, 97871, 100, 382.06
2026/09/26 00:20:58.140, 2, 34149, 97871, 100, 345.58
2026/09/26 00:20:58.140, 3, 33925, 97871, 100, 358.46
2026/09/26 00:20:58.340, 0, 34901, 97871, 100, 361.69
2026/09/26 00:20:58.340, 1, 34635, 97871, 100, 372.12
2026/09/26 00:20:58.340, 2, 34149, 97871, 100, 343.88
2026/09/26 00:20:58.340, 3, 33925, 97871, 100, 362.79
2026/09/26 00:20:58.540, 0, 34901, 97871, 100, 366.44
2026/09/26 00:20:58.541, 1, 34635, 97871, 100, 366.94
2026/09/26 00:20:58.541, 2, 34149, 97871, 100, 349.07
2026/09/26 00:20:58.541, 3, 33925, 97871, 100, 363.71
2026/09/26 00:20:58.741, 0, 34901, 97871, 100, 370.01
2026/09/26 00:20:58.741, 1, 34635, 97871, 100, 357.51
2026/09/26 00:20:58.741, 2, 34149, 97871, 100, 346.41
2026/09/26 00:20:58.741, 3, 33925, 97871, 100, 374.03
2026/09/26 00:20:58.941, 0, 34901, 97871, 100, 371.20
2026/09/26 00:20:58.941, 1, 34635, 97871, 100, 356.11
2026/09/26 00:20:58.941, 2, 34149, 97871, 100, 351.08
2026/09/26 00:20:58.941, 3, 33925, 97871, 100, 382.63
2026/09/26 00:20:59.141, 0, 34901, 97871, 100, 369.58
2026/09/26 00:20:59.141, 1, 34635, 97871, 100, 360.39
2026/09/26 00:20:59.141, 2, 34149, 97871, 100, 352.66
2026/09/26 00:20:59.141, 3, 33925, 97871, 100, 382.15
2026/09/26 00:20:59.341, 0, 34901, 97871, 100, 369.51
2026/09/26 00:20:59.341, 1, 34635, 97871, 100, 371.43
2026/09/26 00:20:59.341, 2, 34149, 97871, 100, 357.14
2026/09/26 00:20:59.341, 3, 33925, 97871, 100, 373.67
2026/09/26 00:20:59.541, 0, 34901, 97871, 100, 367.01
2026/09/26 00:20:59.541, 1, 34635, 97871, 100, 374.39
2026/09/26 00:20:59.541, 2, 34149, 97871, 100, 358.63
2026/09/26 00:20:59.541, 3, 33925, 97871, 100, 370.64
2026/09/26 00:20:59.741, 0, 34901, 97871, 100, 365.36
2026/09/26 00:20:59.741, 1, 34635, 97871, 100, 374.37
2026/09/26 00:20:59.741, 2, 34149, 97871, 100, 362.33
2026/09/26 00:20:59.741, 3, 33925, 97871, 100, 364.11
2026/09/26 00:20:59.941, 0, 34901, 97871, 100, 371.96
2026/09/26 00:20:59.941, 1, 34635, 97871, 100, 369.31
2026/09/26 00:20:59.942, 2, 34149, 97871, 100, 359.55
2026/09/26 00:20:59.942, 3, 33925, 97871, 100, 364.67
2026/09/26 00:21:00.142, 0, 34901, 97871, 100, 350.33
2026/09/26 00:21:00.142, 1, 34635, 97871, 91, 344.76
2026/09/26 00:21:00.142, 2, 34149, 97871, 90, 334.64
2026/09/26 00:21:00.142, 3, 33925, 97871, 69, 339.45
2026/09/26 00:21:00.342, 0, 34901, 97871, 83, 316.20
2026/09/26 00:21:00.342, 1, 34635, 97871, 90, 321.67
2026/09/26 00:21:00.342, 2, 34149, 97871, 62, 312.08
2026/09/26 00:21:00.342, 3, 33925, 97871, 13, 324.58
2026/09/26 00:21:00.542, 0, 34901, 97871, 100, 314.00
2026/09/26 00:21:00.542, 1, 34635, 97871, 100, 317.10
2026/09/26 00:21:00.542, 2, 34149, 97871, 100, 308.83
2026/09/26 00:21:00.542, 3, 33925, 97871, 100, 323.93
2026/09/26 00:21:00.742, 0, 34901, 97871, 100, 319.76
2026/09/26 00:21:00.742, 1, 34635, 97871, 100, 314.80
2026/09/26 00:21:00.742, 2, 34149, 97871, 100, 306.70
2026/09/26 00:21:00.742, 3, 33925, 97871, 100, 320.98
2026/09/26 00:21:00.942, 0, 34901, 97871, 100, 297.43
2026/09/26 00:21:00.942, 1, 34635, 97871, 100, 293.84
2026/09/26 00:21:00.942, 2, 34149, 97871, 77, 289.68
2026/09/26 00:21:00.942, 3, 33925, 97871, 82, 293.60
2026/09/26 00:21:01.142, 0, 34901, 97871, 68, 282.03
2026/09/26 00:21:01.142, 1, 34635, 97871, 74, 288.28
2026/09/26 00:21:01.142, 2, 34149, 97871, 50, 279.81
2026/09/26 00:21:01.142, 3, 33925, 97871, 41, 282.22
2026/09/26 00:21:01.343, 0, 34901, 97871, 77, 276.11
2026/09/26 00:21:01.343, 1, 34635, 97871, 85, 273.89
2026/09/26 00:21:01.343, 2, 34149, 97871, 86, 270.02
2026/09/26 00:21:01.343, 3, 33925, 97871, 30, 268.15
2026/09/26 00:21:01.543, 0, 34901, 97871, 80, 241.92
2026/09/26 00:21:01.543, 1, 34635, 97871, 84, 243.73
2026/09/26 00:21:01.543, 2, 34149, 97871, 88, 235.82
2026/09/26 00:21:01.543, 3, 33925, 97871, 43, 237.10
2026/09/26 00:21:01.743, 0, 34901, 97871, 91, 207.93
2026/09/26 00:21:01.743, 1, 34635, 97871, 88, 211.04
2026/09/26 00:21:01.743, 2, 34149, 97871, 59, 207.16
2026/09/26 00:21:01.743, 3, 33925, 97871, 45, 202.36
2026/09/26 00:21:01.943, 0, 34901, 97871, 72, 186.24
2026/09/26 00:21:01.943, 1, 34635, 97871, 83, 197.81
2026/09/26 00:21:01.943, 2, 34149, 97871, 84, 190.15
2026/09/26 00:21:01.943, 3, 33925, 97871, 30, 193.73
2026/09/26 00:21:02.143, 0, 34901, 97871, 57, 187.20
2026/09/26 00:21:02.143, 1, 34635, 97871, 92, 196.49
2026/09/26 00:21:02.143, 2, 34149, 97871, 82, 187.48
2026/09/26 00:21:02.143, 3, 33925, 97871, 61, 194.38
2026/09/26 00:21:02.343, 0, 34901, 97871, 75, 188.26
2026/09/26 00:21:02.343, 1, 34635, 97871, 80, 195.77
2026/09/26 00:21:02.343, 2, 34149, 97871, 81, 189.69
2026/09/26 00:21:02.343, 3, 33925, 97871, 30, 194.96
2026/09/26 00:21:02.543, 0, 34901, 97871, 82, 189.54
2026/09/26 00:21:02.543, 1, 34635, 97871, 79, 194.05
2026/09/26 00:21:02.543, 2, 34149, 97871, 83, 188.41
2026/09/26 00:21:02.543, 3, 33925, 97871, 31, 195.47
2026/09/26 00:21:02.744, 0, 34901, 97871, 87, 190.63
2026/09/26 00:21:02.744, 1, 34635, 97871, 85, 192.14
2026/09/26 00:21:02.744, 2, 34149, 97871, 87, 187.66
2026/09/26 00:21:02.744, 3, 33925, 97871, 29, 195.61
2026/09/26 00:21:02.944, 0, 34901, 97871, 85, 191.30
2026/09/26 00:21:02.944, 1, 34635, 97871, 73, 193.27
2026/09/26 00:21:02.944, 2, 34149, 97871, 69, 184.39
2026/09/26 00:21:02.944, 3, 33925, 97871, 31, 194.39
2026/09/26 00:21:03.144, 0, 34901, 97871, 81, 191.29
2026/09/26 00:21:03.144, 1, 34635, 97871, 75, 193.25
2026/09/26 00:21:03.144, 2, 34149, 97871, 53, 185.55
2026/09/26 00:21:03.144, 3, 33925, 97871, 57, 193.96
2026/09/26 00:21:03.344, 0, 34901, 97871, 80, 190.73
2026/09/26 00:21:03.344, 1, 34635, 97871, 87, 193.92
2026/09/26 00:21:03.344, 2, 34149, 97871, 79, 184.90
2026/09/26 00:21:03.344, 3, 33925, 97871, 30, 192.73
2026/09/26 00:21:03.544, 0, 34901, 97871, 78, 193.76
2026/09/26 00:21:03.544, 1, 34635, 97871, 56, 195.68
2026/09/26 00:21:03.544, 2, 34149, 97871, 66, 186.44
2026/09/26 00:21:03.544, 3, 33925, 97871, 31, 191.14
2026/09/26 00:21:03.744, 0, 34901, 97871, 82, 193.64
2026/09/26 00:21:03.744, 1, 34635, 97871, 87, 197.26
2026/09/26 00:21:03.744, 2, 34149, 97871, 64, 186.00
2026/09/26 00:21:03.744, 3, 33925, 97871, 32, 190.56
2026/09/26 00:21:03.944, 0, 34901, 97871, 84, 193.22
2026/09/26 00:21:03.944, 1, 34635, 97871, 84, 197.99
2026/09/26 00:21:03.944, 2, 34149, 97871, 84, 187.14
2026/09/26 00:21:03.944, 3, 33925, 97871, 32, 191.57
2026/09/26 00:21:04.145, 0, 34901, 97871, 84, 192.37
2026/09/26 00:21:04.145, 1, 34635, 97871, 84, 198.33
2026/09/26 00:21:04.145, 2, 34149, 97871, 84, 186.84
2026/09/26 00:21:04.145, 3, 33925, 97871, 30, 193.28
2026/09/26 00:21:04.345, 0, 34901, 97871, 82, 190.62
2026/09/26 00:21:04.345, 1, 34635, 97871, 83, 198.15
2026/09/26 00:21:04.345, 2, 34149, 97871, 90, 186.87
2026/09/26 00:21:04.345, 3, 33925, 97871, 30, 194.62
2026/09/26 00:21:04.545, 0, 34901, 97871, 76, 187.86
2026/09/26 00:21:04.545, 1, 34635, 97871, 85, 199.27
2026/09/26 00:21:04.545, 2, 34149, 97871, 84, 186.71
2026/09/26 00:21:04.545, 3, 33925, 97871, 31, 195.57
2026/09/26 00:21:04.745, 0, 34901, 97871, 82, 186.33
2026/09/26 00:21:04.745, 1, 34635, 97871, 77, 199.98
2026/09/26 00:21:04.745, 2, 34149, 97871, 84, 187.03
2026/09/26 00:21:04.745, 3, 33925, 97871, 30, 195.84
2026/09/26 00:21:04.945, 0, 34901, 97871, 87, 186.80
2026/09/26 00:21:04.945, 1, 34635, 97871, 93, 200.06
2026/09/26 00:21:04.945, 2, 34149, 97871, 61, 189.94
2026/09/26 00:21:04.945, 3, 33925, 97871, 30, 196.04
2026/09/26 00:21:05.145, 0, 34901, 97871, 82, 188.08
2026/09/26 00:21:05.145, 1, 34635, 97871, 88, 201.58
2026/09/26 00:21:05.145, 2, 34149, 97871, 88, 190.35
2026/09/26 00:21:05.145, 3, 33925, 97871, 30, 194.47
2026/09/26 00:21:05.345, 0, 34901, 97871, 80, 190.02
2026/09/26 00:21:05.345, 1, 34635, 97871, 83, 200.56
2026/09/26 00:21:05.345, 2, 34149, 97871, 77, 190.30
2026/09/26 00:21:05.345, 3, 33925, 97871, 32, 194.95
2026/09/26 00:21:05.546, 0, 34901, 97871, 78, 190.71
2026/09/26 00:21:05.546, 1, 34635, 97871, 85, 198.75
2026/09/26 00:21:05.546, 2, 34149, 97871, 78, 190.00
2026/09/26 00:21:05.546, 3, 33925, 97871, 30, 194.13
2026/09/26 00:21:05.746, 0, 34901, 97871, 86, 194.15
2026/09/26 00:21:05.746, 1, 34635, 97871, 87, 197.94
2026/09/26 00:21:05.746, 2, 34149, 97871, 84, 191.04
2026/09/26 00:21:05.746, 3, 33925, 97871, 32, 194.85
2026/09/26 00:21:05.946, 0, 34901, 97871, 91, 196.11
2026/09/26 00:21:05.946, 1, 34635, 97871, 81, 196.26
2026/09/26 00:21:05.946, 2, 34149, 97871, 72, 188.27
2026/09/26 00:21:05.946, 3, 33925, 97871, 31, 195.55
2026/09/26 00:21:06.146, 0, 34901, 97871, 80, 195.23
2026/09/26 00:21:06.146, 1, 34635, 97871, 42, 194.94
2026/09/26 00:21:06.146, 2, 34149, 97871, 77, 187.35
2026/09/26 00:21:06.146, 3, 33925, 97871, 37, 194.34
2026/09/26 00:21:06.346, 0, 34901, 97871, 87, 193.15
2026/09/26 00:21:06.346, 1, 34635, 97871, 93, 195.46
2026/09/26 00:21:06.346, 2, 34149, 97871, 55, 186.28
2026/09/26 00:21:06.346, 3, 33925, 97871, 49, 193.56
2026/09/26 00:21:06.546, 0, 34901, 97871, 78, 193.00
2026/09/26 00:21:06.546, 1, 34635, 97871, 71, 195.81
2026/09/26 00:21:06.546, 2, 34149, 97871, 69, 186.76
2026/09/26 00:21:06.546, 3, 33925, 97871, 32, 194.42
2026/09/26 00:21:06.746, 0, 34901, 97871, 73, 190.04
2026/09/26 00:21:06.746, 1, 34635, 97871, 57, 195.50
2026/09/26 00:21:06.746, 2, 34149, 97871, 60, 187.40
2026/09/26 00:21:06.746, 3, 33925, 97871, 43, 194.15
2026/09/26 00:21:06.947, 0, 34901, 97871, 86, 189.74
2026/09/26 00:21:06.947, 1, 34635, 97871, 61, 196.24
2026/09/26 00:21:06.947, 2, 34149, 97871, 87, 187.95
2026/09/26 00:21:06.947, 3, 33925, 97871, 31, 194.06
2026/09/26 00:21:07.147, 0, 34901, 97871, 87, 190.57
2026/09/26 00:21:07.147, 1, 34635, 97871, 68, 196.10
2026/09/26 00:21:07.147, 2, 34149, 97871, 38, 189.71
2026/09/26 00:21:07.147, 3, 33925, 97871, 40, 195.14
2026/09/26 00:21:07.347, 0, 34901, 97871, 87, 191.58
2026/09/26 00:21:07.347, 1, 34635, 97871, 76, 196.20
2026/09/26 00:21:07.347, 2, 34149, 97871, 85, 189.87
2026/09/26 00:21:07.347, 3, 33925, 97871, 31, 194.60
2026/09/26 00:21:07.547, 0, 34901, 97871, 72, 190.57
2026/09/26 00:21:07.547, 1, 34635, 97871, 66, 196.97
2026/09/26 00:21:07.547, 2, 34149, 97871, 70, 189.99
2026/09/26 00:21:07.547, 3, 33925, 97871, 33, 194.63
2026/09/26 00:21:07.747, 0, 34901, 97871, 79, 190.82
2026/09/26 00:21:07.747, 1, 34635, 97871, 71, 197.04
2026/09/26 00:21:07.747, 2, 34149, 97871, 85, 189.20
2026/09/26 00:21:07.747, 3, 33925, 97871, 30, 194.72
2026/09/26 00:21:07.947, 0, 34901, 97871, 86, 190.10
2026/09/26 00:21:07.947, 1, 34635, 97871, 89, 196.84
2026/09/26 00:21:07.947, 2, 34149, 97871, 87, 189.05
2026/09/26 00:21:07.947, 3, 33925, 97871, 30, 195.27
2026/09/26 00:21:08.147, 0, 34901, 97871, 87, 188.55
2026/09/26 00:21:08.147, 1, 34635, 97871, 86, 198.09
2026/09/26 00:21:08.147, 2, 34149, 97871, 86, 188.08
2026/09/26 00:21:08.147, 3, 33925, 97871, 31, 195.00
2026/09/26 00:21:08.348, 0, 34901, 97871, 83, 189.68
2026/09/26 00:21:08.348, 1, 34635, 97871, 85, 196.95
2026/09/26 00:21:08.348, 2, 34149, 97871, 77, 189.10
2026/09/26 00:21:08.348, 3, 33925, 97871, 30, 195.18
2026/09/26 00:21:08.548, 0, 34901, 97871, 86, 190.77
2026/09/26 00:21:08.548, 1, 34635, 97871, 83, 195.21
2026/09/26 00:21:08.548, 2, 34149, 97871, 65, 189.14
2026/09/26 00:21:08.548, 3, 33925, 97871, 30, 195.36
2026/09/26 00:21:08.748, 0, 34901, 97871, 88, 189.56
2026/09/26 00:21:08.748, 1, 34635, 97871, 79, 193.83
2026/09/26 00:21:08.748, 2, 34149, 97871, 88, 187.43
2026/09/26 00:21:08.748, 3, 33925, 97871, 30, 195.17
2026/09/26 00:21:08.948, 0, 34901, 97871, 85, 188.67
2026/09/26 00:21:08.948, 1, 34635, 97871, 87, 194.76
2026/09/26 00:21:08.948, 2, 34149, 97871, 62, 188.87
2026/09/26 00:21:08.948, 3, 33925, 97871, 34, 194.88
2026/09/26 00:21:09.148, 0, 34901, 97871, 84, 187.91
2026/09/26 00:21:09.148, 1, 34635, 97871, 87, 194.53
2026/09/26 00:21:09.148, 2, 34149, 97871, 78, 187.43
2026/09/26 00:21:09.148, 3, 33925, 97871, 31, 195.14
2026/09/26 00:21:09.348, 0, 34901, 97871, 87, 186.40
2026/09/26 00:21:09.348, 1, 34635, 97871, 80, 195.36
2026/09/26 00:21:09.348, 2, 34149, 97871, 73, 186.52
2026/09/26 00:21:09.348, 3, 33925, 97871, 30, 194.99
2026/09/26 00:21:09.548, 0, 34901, 97871, 85, 184.93
2026/09/26 00:21:09.548, 1, 34635, 97871, 87, 195.84
2026/09/26 00:21:09.548, 2, 34149, 97871, 75, 188.24
2026/09/26 00:21:09.548, 3, 33925, 97871, 31, 194.79
2026/09/26 00:21:09.748, 0, 34901, 97871, 85, 185.24
2026/09/26 00:21:09.749, 1, 34635, 97871, 88, 198.15
2026/09/26 00:21:09.749, 2, 34149, 97871, 79, 188.00
2026/09/26 00:21:09.749, 3, 33925, 97871, 30, 194.70
2026/09/26 00:21:09.949, 0, 34901, 97871, 85, 185.62
2026/09/26 00:21:09.949, 1, 34635, 97871, 87, 198.06
2026/09/26 00:21:09.949, 2, 34149, 97871, 92, 188.12
2026/09/26 00:21:09.949, 3, 33925, 97871, 30, 194.72
2026/09/26 00:21:10.149, 0, 34901, 97871, 88, 186.20
2026/09/26 00:21:10.149, 1, 34635, 97871, 50, 197.75
2026/09/26 00:21:10.149, 2, 34149, 97871, 87, 190.78
2026/09/26 00:21:10.149, 3, 33925, 97871, 34, 194.47
2026/09/26 00:21:10.349, 0, 34901, 97871, 79, 186.97
2026/09/26 00:21:10.349, 1, 34635, 97871, 87, 197.13
2026/09/26 00:21:10.349, 2, 34149, 97871, 82, 191.45
2026/09/26 00:21:10.349, 3, 33925, 97871, 30, 194.77
2026/09/26 00:21:10.549, 0, 34901, 97871, 82, 186.46
2026/09/26 00:21:10.549, 1, 34635, 97871, 91, 197.97
2026/09/26 00:21:10.549, 2, 34149, 97871, 88, 188.94
2026/09/26 00:21:10.549, 3, 33925, 97871, 30, 194.37
2026/09/26 00:21:10.749, 0, 34901, 97871, 81, 188.02
2026/09/26 00:21:10.749, 1, 34635, 97871, 72, 197.50
2026/09/26 00:21:10.749, 2, 34149, 97871, 78, 188.23
2026/09/26 00:21:10.749, 3, 33925, 97871, 38, 193.98
2026/09/26 00:21:10.949, 0, 34901, 97871, 85, 189.32
2026/09/26 00:21:10.949, 1, 34635, 97871, 82, 195.90
2026/09/26 00:21:10.949, 2, 34149, 97871, 54, 188.49
2026/09/26 00:21:10.949, 3, 33925, 97871, 32, 193.86
2026/09/26 00:21:11.149, 0, 34901, 97871, 82, 190.71
2026/09/26 00:21:11.150, 1, 34635, 97871, 69, 195.40
2026/09/26 00:21:11.150, 2, 34149, 97871, 56, 187.23
2026/09/26 00:21:11.150, 3, 33925, 97871, 48, 194.51
2026/09/26 00:21:11.350, 0, 34901, 97871, 84, 188.69
2026/09/26 00:21:11.350, 1, 34635, 97871, 84, 196.79
2026/09/26 00:21:11.350, 2, 34149, 97871, 92, 186.94
2026/09/26 00:21:11.350, 3, 33925, 97871, 30, 194.84
2026/09/26 00:21:11.550, 0, 34901, 97871, 90, 188.61
2026/09/26 00:21:11.550, 1, 34635, 97871, 80, 197.45
2026/09/26 00:21:11.550, 2, 34149, 97871, 50, 186.81
2026/09/26 00:21:11.550, 3, 33925, 97871, 31, 194.78
2026/09/26 00:21:11.750, 0, 34901, 97871, 67, 186.83
2026/09/26 00:21:11.750, 1, 34635, 97871, 64, 196.74
2026/09/26 00:21:11.750, 2, 34149, 97871, 47, 187.90
2026/09/26 00:21:11.750, 3, 33925, 97871, 32, 195.85
2026/09/26 00:21:11.950, 0, 34901, 97871, 78, 187.51
2026/09/26 00:21:11.950, 1, 34635, 97871, 73, 198.24
2026/09/26 00:21:11.950, 2, 34149, 97871, 86, 187.48
2026/09/26 00:21:11.950, 3, 33925, 97871, 31, 196.32
2026/09/26 00:21:12.150, 0, 34901, 97871, 86, 186.56
2026/09/26 00:21:12.150, 1, 34635, 97871, 88, 199.42
2026/09/26 00:21:12.150, 2, 34149, 97871, 79, 188.42
2026/09/26 00:21:12.150, 3, 33925, 97871, 31, 196.65
2026/09/26 00:21:12.350, 0, 34901, 97871, 86, 187.11
2026/09/26 00:21:12.350, 1, 34635, 97871, 79, 199.28
2026/09/26 00:21:12.350, 2, 34149, 97871, 74, 188.38
2026/09/26 00:21:12.350, 3, 33925, 97871, 33, 196.17
2026/09/26 00:21:12.550, 0, 34901, 97871, 85, 188.81
2026/09/26 00:21:12.550, 1, 34635, 97871, 73, 197.96
2026/09/26 00:21:12.551, 2, 34149, 97871, 86, 190.41
2026/09/26 00:21:12.551, 3, 33925, 97871, 31, 197.10
2026/09/26 00:21:12.751, 0, 34901, 97871, 87, 188.61
2026/09/26 00:21:12.751, 1, 34635, 97871, 74, 197.23
2026/09/26 00:21:12.751, 2, 34149, 97871, 92, 190.42
2026/09/26 00:21:12.751, 3, 33925, 97871, 31, 195.45
2026/09/26 00:21:12.951, 0, 34901, 97871, 89, 187.57
2026/09/26 00:21:12.951, 1, 34635, 97871, 79, 197.40
2026/09/26 00:21:12.951, 2, 34149, 97871, 85, 189.92
2026/09/26 00:21:12.951, 3, 33925, 97871, 31, 194.27
2026/09/26 00:21:13.151, 0, 34901, 97871, 84, 188.84
2026/09/26 00:21:13.151, 1, 34635, 97871, 88, 195.51
2026/09/26 00:21:13.151, 2, 34149, 97871, 72, 188.72
2026/09/26 00:21:13.151, 3, 33925, 97871, 30, 193.12
2026/09/26 00:21:13.351, 0, 34901, 97871, 77, 186.94
2026/09/26 00:21:13.351, 1, 34635, 97871, 94, 195.38
2026/09/26 00:21:13.351, 2, 34149, 97871, 71, 189.50
2026/09/26 00:21:13.351, 3, 33925, 97871, 32, 193.40
2026/09/26 00:21:13.551, 0, 34901, 97871, 66, 187.42
2026/09/26 00:21:13.551, 1, 34635, 97871, 65, 195.29
2026/09/26 00:21:13.551, 2, 34149, 97871, 38, 189.89
2026/09/26 00:21:13.551, 3, 33925, 97871, 34, 193.22
2026/09/26 00:21:13.751, 0, 34901, 97871, 79, 190.85
2026/09/26 00:21:13.751, 1, 34635, 97871, 65, 197.23
2026/09/26 00:21:13.751, 2, 34149, 97871, 83, 189.31
2026/09/26 00:21:13.751, 3, 33925, 97871, 81, 194.24
2026/09/26 00:21:13.951, 0, 34901, 97871, 83, 191.16
2026/09/26 00:21:13.951, 1, 34635, 97871, 76, 197.42
2026/09/26 00:21:13.952, 2, 34149, 97871, 79, 189.74
2026/09/26 00:21:13.952, 3, 33925, 97871, 31, 195.63
2026/09/26 00:21:14.152, 0, 34901, 97871, 87, 191.15
2026/09/26 00:21:14.152, 1, 34635, 97871, 80, 199.68
2026/09/26 00:21:14.152, 2, 34149, 97871, 86, 190.41
2026/09/26 00:21:14.152, 3, 33925, 97871, 31, 196.44
2026/09/26 00:21:14.352, 0, 34901, 97871, 94, 191.98
2026/09/26 00:21:14.352, 1, 34635, 97871, 87, 199.49
2026/09/26 00:21:14.352, 2, 34149, 97871, 83, 189.50
2026/09/26 00:21:14.352, 3, 33925, 97871, 30, 196.74
2026/09/26 00:21:14.552, 0, 34901, 97871, 41, 192.09
2026/09/26 00:21:14.552, 1, 34635, 97871, 50, 198.15
2026/09/26 00:21:14.552, 2, 34149, 97871, 74, 186.62
2026/09/26 00:21:14.552, 3, 33925, 97871, 50, 195.15
2026/09/26 00:21:14.752, 0, 34901, 97871, 73, 198.54
2026/09/26 00:21:14.752, 1, 34635, 97871, 77, 208.18
2026/09/26 00:21:14.752, 2, 34149, 97871, 100, 193.71
2026/09/26 00:21:14.752, 3, 33925, 97871, 16, 208.50
2026/09/26 00:21:14.952, 0, 34901, 97871, 100, 230.40
2026/09/26 00:21:14.952, 1, 34635, 97871, 100, 242.25
2026/09/26 00:21:14.952, 2, 34149, 97871, 100, 223.03
2026/09/26 00:21:14.952, 3, 33925, 97871, 100, 240.71
2026/09/26 00:21:15.152, 0, 34901, 97871, 100, 264.14
2026/09/26 00:21:15.152, 1, 34635, 97871, 100, 273.40
2026/09/26 00:21:15.152, 2, 34149, 97871, 100, 256.34
2026/09/26 00:21:15.152, 3, 33925, 97871, 100, 271.22
2026/09/26 00:21:15.352, 0, 34901, 97871, 100, 281.50
2026/09/26 00:21:15.352, 1, 34635, 97871, 100, 286.49
2026/09/26 00:21:15.353, 2, 34149, 97871, 78, 270.07
2026/09/26 00:21:15.353, 3, 33925, 97871, 88, 285.17
2026/09/26 00:21:15.553, 0, 34901, 97871, 85, 278.20
2026/09/26 00:21:15.553, 1, 34635, 97871, 84, 287.68
2026/09/26 00:21:15.553, 2, 34149, 97871, 84, 269.70
2026/09/26 00:21:15.553, 3, 33925, 97871, 30, 286.96
2026/09/26 00:21:15.753, 0, 34901, 97871, 84, 271.82
2026/09/26 00:21:15.753, 1, 34635, 97871, 75, 276.49
2026/09/26 00:21:15.753, 2, 34149, 97871, 88, 263.41
2026/09/26 00:21:15.753, 3, 33925, 97871, 30, 273.43
2026/09/26 00:21:15.953, 0, 34901, 97871, 86, 237.16
2026/09/26 00:21:15.953, 1, 34635, 97871, 78, 241.33
2026/09/26 00:21:15.953, 2, 34149, 97871, 60, 236.49
2026/09/26 00:21:15.953, 3, 33925, 97871, 32, 242.05
2026/09/26 00:21:16.153, 0, 34901, 97871, 82, 201.31
2026/09/26 00:21:16.153, 1, 34635, 97871, 84, 206.94
2026/09/26 00:21:16.153, 2, 34149, 97871, 75, 203.66
2026/09/26 00:21:16.153, 3, 33925, 97871, 31, 209.59
2026/09/26 00:21:16.353, 0, 34901, 97871, 84, 185.18
2026/09/26 00:21:16.353, 1, 34635, 97871, 88, 195.34
2026/09/26 00:21:16.353, 2, 34149, 97871, 86, 185.20
2026/09/26 00:21:16.353, 3, 33925, 97871, 30, 193.63
2026/09/26 00:21:16.553, 0, 34901, 97871, 86, 185.96
2026/09/26 00:21:16.553, 1, 34635, 97871, 91, 195.62
2026/09/26 00:21:16.553, 2, 34149, 97871, 41, 187.41
2026/09/26 00:21:16.553, 3, 33925, 97871, 31, 193.60
2026/09/26 00:21:16.753, 0, 34901, 97871, 69, 185.00
2026/09/26 00:21:16.753, 1, 34635, 97871, 46, 193.96
2026/09/26 00:21:16.753, 2, 34149, 97871, 85, 189.90
2026/09/26 00:21:16.754, 3, 33925, 97871, 36, 193.67
2026/09/26 00:21:16.954, 0, 34901, 97871, 71, 184.47
2026/09/26 00:21:16.954, 1, 34635, 97871, 80, 195.48
2026/09/26 00:21:16.954, 2, 34149, 97871, 79, 189.17
2026/09/26 00:21:16.954, 3, 33925, 97871, 31, 193.95
2026/09/26 00:21:17.154, 0, 34901, 97871, 86, 186.26
2026/09/26 00:21:17.154, 1, 34635, 97871, 80, 195.12
2026/09/26 00:21:17.154, 2, 34149, 97871, 43, 188.18
2026/09/26 00:21:17.154, 3, 33925, 97871, 29, 194.50
2026/09/26 00:21:17.354, 0, 34901, 97871, 89, 186.11
2026/09/26 00:21:17.354, 1, 34635, 97871, 75, 195.87
2026/09/26 00:21:17.354, 2, 34149, 97871, 83, 188.97
2026/09/26 00:21:17.354, 3, 33925, 97871, 49, 194.38
2026/09/26 00:21:17.554, 0, 34901, 97871, 84, 185.25
2026/09/26 00:21:17.554, 1, 34635, 97871, 85, 196.34
2026/09/26 00:21:17.554, 2, 34149, 97871, 88, 187.13
2026/09/26 00:21:17.554, 3, 33925, 97871, 31, 193.35
2026/09/26 00:21:17.754, 0, 34901, 97871, 87, 185.82
2026/09/26 00:21:17.754, 1, 34635, 97871, 92, 196.74
2026/09/26 00:21:17.754, 2, 34149, 97871, 85, 185.43
2026/09/26 00:21:17.754, 3, 33925, 97871, 36, 192.92
2026/09/26 00:21:17.954, 0, 34901, 97871, 85, 185.79
2026/09/26 00:21:17.954, 1, 34635, 97871, 85, 195.77
2026/09/26 00:21:17.954, 2, 34149, 97871, 87, 186.45
2026/09/26 00:21:17.954, 3, 33925, 97871, 30, 191.92
2026/09/26 00:21:18.154, 0, 34901, 97871, 84, 184.49
2026/09/26 00:21:18.154, 1, 34635, 97871, 88, 196.93
2026/09/26 00:21:18.154, 2, 34149, 97871, 77, 187.38
2026/09/26 00:21:18.154, 3, 33925, 97871, 31, 191.25
2026/09/26 00:21:18.355, 0, 34901, 97871, 80, 185.52
2026/09/26 00:21:18.355, 1, 34635, 97871, 51, 197.46
2026/09/26 00:21:18.355, 2, 34149, 97871, 85, 185.15
2026/09/26 00:21:18.355, 3, 33925, 97871, 73, 191.37
2026/09/26 00:21:18.555, 0, 34901, 97871, 85, 186.05
2026/09/26 00:21:18.555, 1, 34635, 97871, 85, 196.67
2026/09/26 00:21:18.555, 2, 34149, 97871, 54, 186.52
2026/09/26 00:21:18.555, 3, 33925, 97871, 30, 191.75
2026/09/26 00:21:18.755, 0, 34901, 97871, 88, 186.65
2026/09/26 00:21:18.755, 1, 34635, 97871, 74, 195.27
2026/09/26 00:21:18.755, 2, 34149, 97871, 67, 185.95
2026/09/26 00:21:18.755, 3, 33925, 97871, 30, 192.76
2026/09/26 00:21:18.955, 0, 34901, 97871, 84, 186.83
2026/09/26 00:21:18.955, 1, 34635, 97871, 68, 196.32
2026/09/26 00:21:18.955, 2, 34149, 97871, 82, 186.40
2026/09/26 00:21:18.955, 3, 33925, 97871, 30, 193.99
2026/09/26 00:21:19.155, 0, 34901, 97871, 82, 188.87
2026/09/26 00:21:19.155, 1, 34635, 97871, 88, 196.05
2026/09/26 00:21:19.155, 2, 34149, 97871, 84, 186.31
2026/09/26 00:21:19.155, 3, 33925, 97871, 30, 194.76
2026/09/26 00:21:19.355, 0, 34901, 97871, 79, 187.78
2026/09/26 00:21:19.355, 1, 34635, 97871, 50, 194.11
2026/09/26 00:21:19.355, 2, 34149, 97871, 61, 188.02
2026/09/26 00:21:19.355, 3, 33925, 97871, 39, 194.53
2026/09/26 00:21:19.555, 0, 34901, 97871, 84, 186.51
2026/09/26 00:21:19.555, 1, 34635, 97871, 80, 193.84
2026/09/26 00:21:19.555, 2, 34149, 97871, 86, 186.89
2026/09/26 00:21:19.555, 3, 33925, 97871, 32, 193.90
2026/09/26 00:21:19.756, 0, 34901, 97871, 84, 185.95
2026/09/26 00:21:19.756, 1, 34635, 97871, 84, 196.00
2026/09/26 00:21:19.756, 2, 34149, 97871, 89, 187.64
2026/09/26 00:21:19.756, 3, 33925, 97871, 30, 193.79
2026/09/26 00:21:19.956, 0, 34901, 97871, 87, 188.31
2026/09/26 00:21:19.956, 1, 34635, 97871, 78, 196.32
2026/09/26 00:21:19.956, 2, 34149, 97871, 92, 187.68
2026/09/26 00:21:19.956, 3, 33925, 97871, 35, 193.34
2026/09/26 00:21:20.156, 0, 34901, 97871, 94, 185.65
2026/09/26 00:21:20.156, 1, 34635, 97871, 77, 196.32
2026/09/26 00:21:20.156, 2, 34149, 97871, 85, 186.26
2026/09/26 00:21:20.156, 3, 33925, 97871, 30, 193.06
2026/09/26 00:21:20.356, 0, 34901, 97871, 83, 185.86
2026/09/26 00:21:20.356, 1, 34635, 97871, 85, 196.79
2026/09/26 00:21:20.356, 2, 34149, 97871, 88, 186.68
2026/09/26 00:21:20.356, 3, 33925, 97871, 30, 192.77
2026/09/26 00:21:20.556, 0, 34901, 97871, 87, 187.82
2026/09/26 00:21:20.556, 1, 34635, 97871, 94, 197.91
2026/09/26 00:21:20.556, 2, 34149, 97871, 80, 187.29
2026/09/26 00:21:20.556, 3, 33925, 97871, 29, 193.54
2026/09/26 00:21:20.756, 0, 34901, 97871, 86, 187.93
2026/09/26 00:21:20.756, 1, 34635, 97871, 76, 197.10
2026/09/26 00:21:20.756, 2, 34149, 97871, 79, 187.52
2026/09/26 00:21:20.756, 3, 33925, 97871, 30, 192.95
2026/09/26 00:21:20.956, 0, 34901, 97871, 71, 185.58
2026/09/26 00:21:20.956, 1, 34635, 97871, 81, 197.40
2026/09/26 00:21:20.956, 2, 34149, 97871, 83, 185.53
2026/09/26 00:21:20.956, 3, 33925, 97871, 33, 192.45
2026/09/26 00:21:21.157, 0, 34901, 97871, 86, 187.25
2026/09/26 00:21:21.157, 1, 34635, 97871, 85, 197.21
2026/09/26 00:21:21.157, 2, 34149, 97871, 90, 187.04
2026/09/26 00:21:21.157, 3, 33925, 97871, 30, 193.04
2026/09/26 00:21:21.357, 0, 34901, 97871, 86, 188.10
2026/09/26 00:21:21.357, 1, 34635, 97871, 82, 196.64
2026/09/26 00:21:21.357, 2, 34149, 97871, 89, 187.25
2026/09/26 00:21:21.357, 3, 33925, 97871, 31, 194.21
2026/09/26 00:21:21.557, 0, 34901, 97871, 91, 186.59
2026/09/26 00:21:21.557, 1, 34635, 97871, 84, 195.23
2026/09/26 00:21:21.557, 2, 34149, 97871, 88, 187.18
2026/09/26 00:21:21.557, 3, 33925, 97871, 30, 193.17
2026/09/26 00:21:21.757, 0, 34901, 97871, 83, 186.47
2026/09/26 00:21:21.757, 1, 34635, 97871, 88, 195.21
2026/09/26 00:21:21.757, 2, 34149, 97871, 89, 186.99
2026/09/26 00:21:21.757, 3, 33925, 97871, 30, 193.57
2026/09/26 00:21:21.957, 0, 34901, 97871, 85, 185.39
2026/09/26 00:21:21.957, 1, 34635, 97871, 95, 194.84
2026/09/26 00:21:21.957, 2, 34149, 97871, 80, 187.35
2026/09/26 00:21:21.957, 3, 33925, 97871, 30, 193.57
2026/09/26 00:21:22.157, 0, 34901, 97871, 71, 185.87
2026/09/26 00:21:22.157, 1, 34635, 97871, 80, 193.19
2026/09/26 00:21:22.157, 2, 34149, 97871, 85, 186.36
2026/09/26 00:21:22.157, 3, 33925, 97871, 30, 193.18
2026/09/26 00:21:22.357, 0, 34901, 97871, 69, 186.13
2026/09/26 00:21:22.357, 1, 34635, 97871, 46, 192.80
2026/09/26 00:21:22.357, 2, 34149, 97871, 87, 185.24
2026/09/26 00:21:22.357, 3, 33925, 97871, 31, 193.06
2026/09/26 00:21:22.558, 0, 34901, 97871, 84, 187.61
2026/09/26 00:21:22.558, 1, 34635, 97871, 80, 193.30
2026/09/26 00:21:22.558, 2, 34149, 97871, 91, 185.03
2026/09/26 00:21:22.558, 3, 33925, 97871, 30, 193.25
2026/09/26 00:21:22.758, 0, 34901, 97871, 88, 191.30
2026/09/26 00:21:22.758, 1, 34635, 97871, 71, 192.61
2026/09/26 00:21:22.758, 2, 34149, 97871, 84, 186.00
2026/09/26 00:21:22.758, 3, 33925, 97871, 36, 192.38
2026/09/26 00:21:22.958, 0, 34901, 97871, 94, 193.44
2026/09/26 00:21:22.958, 1, 34635, 97871, 88, 192.65
2026/09/26 00:21:22.958, 2, 34149, 97871, 64, 186.84
2026/09/26 00:21:22.958, 3, 33925, 97871, 30, 193.55
2026/09/26 00:21:23.158, 0, 34901, 97871, 84, 192.32
2026/09/26 00:21:23.158, 1, 34635, 97871, 89, 194.90
2026/09/26 00:21:23.158, 2, 34149, 97871, 82, 187.85
2026/09/26 00:21:23.158, 3, 33925, 97871, 33, 193.50
2026/09/26 00:21:23.358, 0, 34901, 97871, 86, 192.60
2026/09/26 00:21:23.358, 1, 34635, 97871, 93, 196.45
2026/09/26 00:21:23.358, 2, 34149, 97871, 77, 189.59
2026/09/26 00:21:23.358, 3, 33925, 97871, 30, 193.19
2026/09/26 00:21:23.558, 0, 34901, 97871, 86, 190.60
2026/09/26 00:21:23.558, 1, 34635, 97871, 88, 196.91
2026/09/26 00:21:23.558, 2, 34149, 97871, 82, 189.13
2026/09/26 00:21:23.558, 3, 33925, 97871, 30, 192.49
2026/09/26 00:21:23.758, 0, 34901, 97871, 87, 186.95
2026/09/26 00:21:23.758, 1, 34635, 97871, 86, 196.58
2026/09/26 00:21:23.758, 2, 34149, 97871, 87, 187.84
2026/09/26 00:21:23.758, 3, 33925, 97871, 29, 192.62
2026/09/26 00:21:23.958, 0, 34901, 97871, 82, 187.62
2026/09/26 00:21:23.959, 1, 34635, 97871, 83, 196.86
2026/09/26 00:21:23.959, 2, 34149, 97871, 97, 187.66
2026/09/26 00:21:23.959, 3, 33925, 97871, 30, 192.82
2026/09/26 00:21:24.159, 0, 34901, 97871, 92, 188.68
2026/09/26 00:21:24.159, 1, 34635, 97871, 87, 195.29
2026/09/26 00:21:24.159, 2, 34149, 97871, 87, 186.50
2026/09/26 00:21:24.159, 3, 33925, 97871, 31, 194.17
2026/09/26 00:21:24.359, 0, 34901, 97871, 87, 186.20
2026/09/26 00:21:24.359, 1, 34635, 97871, 83, 194.16
2026/09/26 00:21:24.359, 2, 34149, 97871, 88, 185.96
2026/09/26 00:21:24.359, 3, 33925, 97871, 33, 193.67
2026/09/26 00:21:24.559, 0, 34901, 97871, 81, 186.59
2026/09/26 00:21:24.559, 1, 34635, 97871, 89, 193.54
2026/09/26 00:21:24.559, 2, 34149, 97871, 87, 186.89
2026/09/26 00:21:24.559, 3, 33925, 97871, 30, 194.59
2026/09/26 00:21:24.759, 0, 34901, 97871, 86, 185.87
2026/09/26 00:21:24.759, 1, 34635, 97871, 87, 196.44
2026/09/26 00:21:24.759, 2, 34149, 97871, 73, 188.12
2026/09/26 00:21:24.759, 3, 33925, 97871, 30, 195.68
2026/09/26 00:21:24.959, 0, 34901, 97871, 76, 185.17
2026/09/26 00:21:24.959, 1, 34635, 97871, 79, 196.70
2026/09/26 00:21:24.959, 2, 34149, 97871, 88, 187.15
2026/09/26 00:21:24.959, 3, 33925, 97871, 36, 195.33
2026/09/26 00:21:25.159, 0, 34901, 97871, 87, 183.91
2026/09/26 00:21:25.159, 1, 34635, 97871, 84, 196.01
2026/09/26 00:21:25.159, 2, 34149, 97871, 88, 187.83
2026/09/26 00:21:25.159, 3, 33925, 97871, 30, 193.18
2026/09/26 00:21:25.359, 0, 34901, 97871, 86, 185.60
2026/09/26 00:21:25.359, 1, 34635, 97871, 71, 197.81
2026/09/26 00:21:25.360, 2, 34149, 97871, 90, 188.94
2026/09/26 00:21:25.360, 3, 33925, 97871, 30, 193.32
2026/09/26 00:21:25.560, 0, 34901, 97871, 90, 185.62
2026/09/26 00:21:25.560, 1, 34635, 97871, 86, 197.48
2026/09/26 00:21:25.560, 2, 34149, 97871, 88, 187.05
2026/09/26 00:21:25.560, 3, 33925, 97871, 30, 194.66
2026/09/26 00:21:25.760, 0, 34901, 97871, 87, 187.74
2026/09/26 00:21:25.760, 1, 34635, 97871, 86, 195.49
2026/09/26 00:21:25.760, 2, 34149, 97871, 89, 185.74
2026/09/26 00:21:25.760, 3, 33925, 97871, 30, 193.73
2026/09/26 00:21:25.960, 0, 34901, 97871, 88, 186.14
2026/09/26 00:21:25.960, 1, 34635, 97871, 93, 195.30
2026/09/26 00:21:25.960, 2, 34149, 97871, 83, 185.64
2026/09/26 00:21:25.960, 3, 33925, 97871, 31, 192.76
2026/09/26 00:21:26.160, 0, 34901, 97871, 82, 189.96
2026/09/26 00:21:26.160, 1, 34635, 97871, 79, 196.26
2026/09/26 00:21:26.160, 2, 34149, 97871, 88, 187.00
2026/09/26 00:21:26.160, 3, 33925, 97871, 31, 193.13
2026/09/26 00:21:26.360, 0, 34901, 97871, 87, 192.24
2026/09/26 00:21:26.360, 1, 34635, 97871, 85, 196.22
2026/09/26 00:21:26.360, 2, 34149, 97871, 89, 186.94
2026/09/26 00:21:26.360, 3, 33925, 97871, 33, 192.46
2026/09/26 00:21:26.560, 0, 34901, 97871, 83, 192.85
2026/09/26 00:21:26.560, 1, 34635, 97871, 89, 197.23
2026/09/26 00:21:26.560, 2, 34149, 97871, 74, 187.38
2026/09/26 00:21:26.560, 3, 33925, 97871, 30, 192.22
2026/09/26 00:21:26.760, 0, 34901, 97871, 86, 192.68
2026/09/26 00:21:26.760, 1, 34635, 97871, 88, 197.71
2026/09/26 00:21:26.761, 2, 34149, 97871, 71, 187.82
2026/09/26 00:21:26.761, 3, 33925, 97871, 31, 192.89
2026/09/26 00:21:26.961, 0, 34901, 97871, 83, 194.38
2026/09/26 00:21:26.961, 1, 34635, 97871, 87, 197.52
2026/09/26 00:21:26.961, 2, 34149, 97871, 86, 187.96
2026/09/26 00:21:26.961, 3, 33925, 97871, 31, 193.92
2026/09/26 00:21:27.161, 0, 34901, 97871, 86, 191.56
2026/09/26 00:21:27.161, 1, 34635, 97871, 88, 197.64
2026/09/26 00:21:27.161, 2, 34149, 97871, 51, 187.46
2026/09/26 00:21:27.161, 3, 33925, 97871, 31, 193.96
2026/09/26 00:21:27.361, 0, 34901, 97871, 80, 188.29
2026/09/26 00:21:27.361, 1, 34635, 97871, 88, 197.09
2026/09/26 00:21:27.361, 2, 34149, 97871, 83, 185.79
2026/09/26 00:21:27.361, 3, 33925, 97871, 43, 194.46
2026/09/26 00:21:27.561, 0, 34901, 97871, 85, 187.24
2026/09/26 00:21:27.561, 1, 34635, 97871, 83, 195.53
2026/09/26 00:21:27.561, 2, 34149, 97871, 85, 185.16
2026/09/26 00:21:27.561, 3, 33925, 97871, 31, 194.64
2026/09/26 00:21:27.761, 0, 34901, 97871, 84, 186.09
2026/09/26 00:21:27.761, 1, 34635, 97871, 88, 195.59
2026/09/26 00:21:27.761, 2, 34149, 97871, 86, 184.97
2026/09/26 00:21:27.761, 3, 33925, 97871, 33, 194.11
2026/09/26 00:21:27.961, 0, 34901, 97871, 84, 186.04
2026/09/26 00:21:27.961, 1, 34635, 97871, 86, 195.92
2026/09/26 00:21:27.961, 2, 34149, 97871, 71, 184.56
2026/09/26 00:21:27.961, 3, 33925, 97871, 31, 194.45
2026/09/26 00:21:28.161, 0, 34901, 97871, 73, 185.48
2026/09/26 00:21:28.161, 1, 34635, 97871, 82, 196.61
2026/09/26 00:21:28.161, 2, 34149, 97871, 94, 185.53
2026/09/26 00:21:28.162, 3, 33925, 97871, 32, 194.82
2026/09/26 00:21:28.362, 0, 34901, 97871, 91, 185.02
2026/09/26 00:21:28.362, 1, 34635, 97871, 79, 196.75
2026/09/26 00:21:28.362, 2, 34149, 97871, 85, 186.71
2026/09/26 00:21:28.362, 3, 33925, 97871, 31, 195.57
2026/09/26 00:21:28.562, 0, 34901, 97871, 86, 186.28
2026/09/26 00:21:28.562, 1, 34635, 97871, 87, 197.37
2026/09/26 00:21:28.562, 2, 34149, 97871, 61, 186.93
2026/09/26 00:21:28.562, 3, 33925, 97871, 30, 194.77
2026/09/26 00:21:28.762, 0, 34901, 97871, 84, 189.19
2026/09/26 00:21:28.762, 1, 34635, 97871, 69, 197.52
2026/09/26 00:21:28.762, 2, 34149, 97871, 84, 187.74
2026/09/26 00:21:28.762, 3, 33925, 97871, 32, 194.45
2026/09/26 00:21:28.962, 0, 34901, 97871, 76, 190.42
2026/09/26 00:21:28.962, 1, 34635, 97871, 75, 198.73
2026/09/26 00:21:28.962, 2, 34149, 97871, 72, 188.27
2026/09/26 00:21:28.962, 3, 33925, 97871, 30, 193.79
2026/09/26 00:21:29.162, 0, 34901, 97871, 69, 195.91
2026/09/26 00:21:29.162, 1, 34635, 97871, 61, 209.79
2026/09/26 00:21:29.162, 2, 34149, 97871, 92, 194.54
2026/09/26 00:21:29.162, 3, 33925, 97871, 16, 212.52
2026/09/26 00:21:29.362, 0, 34901, 97871, 97, 229.65
2026/09/26 00:21:29.362, 1, 34635, 97871, 100, 243.42
2026/09/26 00:21:29.362, 2, 34149, 97871, 100, 225.38
2026/09/26 00:21:29.362, 3, 33925, 97871, 100, 246.47
2026/09/26 00:21:29.562, 0, 34901, 97871, 100, 265.89
2026/09/26 00:21:29.562, 1, 34635, 97871, 100, 278.41
2026/09/26 00:21:29.562, 2, 34149, 97871, 100, 257.39
2026/09/26 00:21:29.562, 3, 33925, 97871, 100, 277.72
2026/09/26 00:21:29.763, 0, 34901, 97871, 100, 287.53
2026/09/26 00:21:29.763, 1, 34635, 97871, 100, 289.85
2026/09/26 00:21:29.763, 2, 34149, 97871, 86, 271.71
2026/09/26 00:21:29.763, 3, 33925, 97871, 92, 288.50
2026/09/26 00:21:29.963, 0, 34901, 97871, 85, 285.76
2026/09/26 00:21:29.963, 1, 34635, 97871, 76, 284.95
2026/09/26 00:21:29.963, 2, 34149, 97871, 88, 271.13
2026/09/26 00:21:29.963, 3, 33925, 97871, 32, 286.59
2026/09/26 00:21:30.163, 0, 34901, 97871, 88, 282.47
2026/09/26 00:21:30.163, 1, 34635, 97871, 73, 276.91
2026/09/26 00:21:30.163, 2, 34149, 97871, 62, 266.70
2026/09/26 00:21:30.163, 3, 33925, 97871, 32, 272.16
2026/09/26 00:21:30.363, 0, 34901, 97871, 84, 247.19
2026/09/26 00:21:30.363, 1, 34635, 97871, 60, 239.62
2026/09/26 00:21:30.363, 2, 34149, 97871, 86, 234.34
2026/09/26 00:21:30.363, 3, 33925, 97871, 43, 237.73
2026/09/26 00:21:30.563, 0, 34901, 97871, 79, 212.17
2026/09/26 00:21:30.563, 1, 34635, 97871, 70, 206.71
2026/09/26 00:21:30.563, 2, 34149, 97871, 66, 199.57
2026/09/26 00:21:30.563, 3, 33925, 97871, 30, 202.63
2026/09/26 00:21:30.763, 0, 34901, 97871, 82, 188.71
2026/09/26 00:21:30.763, 1, 34635, 97871, 78, 195.22
2026/09/26 00:21:30.763, 2, 34149, 97871, 81, 184.71
2026/09/26 00:21:30.763, 3, 33925, 97871, 31, 193.71
2026/09/26 00:21:30.963, 0, 34901, 97871, 82, 188.07
2026/09/26 00:21:30.963, 1, 34635, 97871, 76, 195.15
2026/09/26 00:21:30.963, 2, 34149, 97871, 88, 185.20
2026/09/26 00:21:30.963, 3, 33925, 97871, 30, 193.54
2026/09/26 00:21:31.164, 0, 34901, 97871, 87, 189.93
2026/09/26 00:21:31.164, 1, 34635, 97871, 73, 194.71
2026/09/26 00:21:31.164, 2, 34149, 97871, 84, 184.95
2026/09/26 00:21:31.164, 3, 33925, 97871, 30, 193.37
2026/09/26 00:21:31.364, 0, 34901, 97871, 83, 189.09
2026/09/26 00:21:31.364, 1, 34635, 97871, 73, 195.71
2026/09/26 00:21:31.364, 2, 34149, 97871, 82, 185.46
2026/09/26 00:21:31.364, 3, 33925, 97871, 30, 193.09
2026/09/26 00:21:31.564, 0, 34901, 97871, 83, 187.68
2026/09/26 00:21:31.564, 1, 34635, 97871, 72, 194.71
2026/09/26 00:21:31.564, 2, 34149, 97871, 79, 184.90
2026/09/26 00:21:31.564, 3, 33925, 97871, 30, 192.98
2026/09/26 00:21:31.764, 0, 34901, 97871, 87, 188.71
2026/09/26 00:21:31.764, 1, 34635, 97871, 87, 192.94
2026/09/26 00:21:31.764, 2, 34149, 97871, 88, 185.07
2026/09/26 00:21:31.764, 3, 33925, 97871, 30, 193.43
2026/09/26 00:21:31.964, 0, 34901, 97871, 84, 187.64
2026/09/26 00:21:31.964, 1, 34635, 97871, 89, 193.47
2026/09/26 00:21:31.964, 2, 34149, 97871, 72, 183.90
2026/09/26 00:21:31.964, 3, 33925, 97871, 31, 194.32
2026/09/26 00:21:32.164, 0, 34901, 97871, 83, 184.70
2026/09/26 00:21:32.164, 1, 34635, 97871, 77, 194.20
2026/09/26 00:21:32.164, 2, 34149, 97871, 89, 183.80
2026/09/26 00:21:32.164, 3, 33925, 97871, 31, 194.62
2026/09/26 00:21:32.364, 0, 34901, 97871, 84, 184.85
2026/09/26 00:21:32.364, 1, 34635, 97871, 89, 193.66
2026/09/26 00:21:32.364, 2, 34149, 97871, 83, 185.34
2026/09/26 00:21:32.364, 3, 33925, 97871, 30, 194.74
2026/09/26 00:21:32.565, 0, 34901, 97871, 83, 181.98
2026/09/26 00:21:32.565, 1, 34635, 97871, 89, 194.07
2026/09/26 00:21:32.565, 2, 34149, 97871, 86, 186.09
2026/09/26 00:21:32.565, 3, 33925, 97871, 30, 194.09
2026/09/26 00:21:32.765, 0, 34901, 97871, 77, 183.44
2026/09/26 00:21:32.765, 1, 34635, 97871, 66, 194.62
2026/09/26 00:21:32.765, 2, 34149, 97871, 91, 185.26
2026/09/26 00:21:32.765, 3, 33925, 97871, 33, 194.11
2026/09/26 00:21:32.965, 0, 34901, 97871, 86, 184.15
2026/09/26 00:21:32.965, 1, 34635, 97871, 78, 194.40
2026/09/26 00:21:32.965, 2, 34149, 97871, 81, 186.03
2026/09/26 00:21:32.965, 3, 33925, 97871, 34, 193.08
2026/09/26 00:21:33.165, 0, 34901, 97871, 94, 186.70
2026/09/26 00:21:33.165, 1, 34635, 97871, 78, 194.59
2026/09/26 00:21:33.165, 2, 34149, 97871, 85, 184.84
2026/09/26 00:21:33.165, 3, 33925, 97871, 33, 192.40
2026/09/26 00:21:33.365, 0, 34901, 97871, 86, 186.10
2026/09/26 00:21:33.365, 1, 34635, 97871, 88, 194.30
2026/09/26 00:21:33.365, 2, 34149, 97871, 90, 183.90
2026/09/26 00:21:33.365, 3, 33925, 97871, 30, 193.52
2026/09/26 00:21:33.565, 0, 34901, 97871, 89, 186.97
2026/09/26 00:21:33.565, 1, 34635, 97871, 94, 192.91
2026/09/26 00:21:33.565, 2, 34149, 97871, 78, 184.41
2026/09/26 00:21:33.565, 3, 33925, 97871, 30, 193.43
2026/09/26 00:21:33.765, 0, 34901, 97871, 81, 186.32
2026/09/26 00:21:33.765, 1, 34635, 97871, 56, 193.16
2026/09/26 00:21:33.765, 2, 34149, 97871, 80, 184.41
2026/09/26 00:21:33.765, 3, 33925, 97871, 30, 193.08
2026/09/26 00:21:33.965, 0, 34901, 97871, 83, 186.33
2026/09/26 00:21:33.966, 1, 34635, 97871, 68, 193.19
2026/09/26 00:21:33.966, 2, 34149, 97871, 59, 184.21
2026/09/26 00:21:33.966, 3, 33925, 97871, 32, 193.20
2026/09/26 00:21:34.166, 0, 34901, 97871, 71, 186.69
2026/09/26 00:21:34.166, 1, 34635, 97871, 62, 193.33
2026/09/26 00:21:34.166, 2, 34149, 97871, 76, 186.10
2026/09/26 00:21:34.166, 3, 33925, 97871, 30, 193.06
2026/09/26 00:21:34.366, 0, 34901, 97871, 81, 188.04
2026/09/26 00:21:34.366, 1, 34635, 97871, 46, 194.10
2026/09/26 00:21:34.366, 2, 34149, 97871, 86, 186.29
2026/09/26 00:21:34.366, 3, 33925, 97871, 31, 193.03
2026/09/26 00:21:34.566, 0, 34901, 97871, 91, 187.91
2026/09/26 00:21:34.566, 1, 34635, 97871, 77, 194.66
2026/09/26 00:21:34.566, 2, 34149, 97871, 89, 186.53
2026/09/26 00:21:34.566, 3, 33925, 97871, 32, 193.79
2026/09/26 00:21:34.766, 0, 34901, 97871, 86, 188.51
2026/09/26 00:21:34.766, 1, 34635, 97871, 88, 194.14
2026/09/26 00:21:34.766, 2, 34149, 97871, 89, 187.35
2026/09/26 00:21:34.766, 3, 33925, 97871, 30, 193.82
2026/09/26 00:21:34.966, 0, 34901, 97871, 85, 187.49
2026/09/26 00:21:34.966, 1, 34635, 97871, 95, 196.73
2026/09/26 00:21:34.966, 2, 34149, 97871, 85, 187.98
2026/09/26 00:21:34.966, 3, 33925, 97871, 29, 193.78
2026/09/26 00:21:35.166, 0, 34901, 97871, 70, 186.78
2026/09/26 00:21:35.166, 1, 34635, 97871, 47, 196.23
2026/09/26 00:21:35.166, 2, 34149, 97871, 88, 189.32
2026/09/26 00:21:35.166, 3, 33925, 97871, 34, 195.60
2026/09/26 00:21:35.366, 0, 34901, 97871, 86, 185.62
2026/09/26 00:21:35.367, 1, 34635, 97871, 88, 197.93
2026/09/26 00:21:35.367, 2, 34149, 97871, 87, 190.04
2026/09/26 00:21:35.367, 3, 33925, 97871, 32, 194.79
2026/09/26 00:21:35.567, 0, 34901, 97871, 86, 186.87
2026/09/26 00:21:35.567, 1, 34635, 97871, 87, 198.99
2026/09/26 00:21:35.567, 2, 34149, 97871, 86, 189.41
2026/09/26 00:21:35.567, 3, 33925, 97871, 30, 193.50
2026/09/26 00:21:35.767, 0, 34901, 97871, 78, 186.48
2026/09/26 00:21:35.767, 1, 34635, 97871, 86, 197.97
2026/09/26 00:21:35.767, 2, 34149, 97871, 81, 187.34
2026/09/26 00:21:35.767, 3, 33925, 97871, 30, 194.12
2026/09/26 00:21:35.967, 0, 34901, 97871, 83, 188.59
2026/09/26 00:21:35.967, 1, 34635, 97871, 71, 196.22
2026/09/26 00:21:35.967, 2, 34149, 97871, 89, 187.32
2026/09/26 00:21:35.967, 3, 33925, 97871, 30, 193.62
2026/09/26 00:21:36.167, 0, 34901, 97871, 86, 189.96
2026/09/26 00:21:36.167, 1, 34635, 97871, 89, 196.12
2026/09/26 00:21:36.167, 2, 34149, 97871, 86, 185.72
2026/09/26 00:21:36.167, 3, 33925, 97871, 30, 192.84
2026/09/26 00:21:36.367, 0, 34901, 97871, 81, 190.00
2026/09/26 00:21:36.367, 1, 34635, 97871, 92, 195.87
2026/09/26 00:21:36.367, 2, 34149, 97871, 89, 186.82
2026/09/26 00:21:36.367, 3, 33925, 97871, 30, 192.11
2026/09/26 00:21:36.567, 0, 34901, 97871, 86, 190.07
2026/09/26 00:21:36.567, 1, 34635, 97871, 85, 194.51
2026/09/26 00:21:36.567, 2, 34149, 97871, 80, 186.41
2026/09/26 00:21:36.567, 3, 33925, 97871, 30, 193.09
2026/09/26 00:21:36.767, 0, 34901, 97871, 82, 189.71
2026/09/26 00:21:36.768, 1, 34635, 97871, 69, 195.86
2026/09/26 00:21:36.768, 2, 34149, 97871, 85, 187.41
2026/09/26 00:21:36.768, 3, 33925, 97871, 30, 190.82
2026/09/26 00:21:36.968, 0, 34901, 97871, 88, 187.86
2026/09/26 00:21:36.968, 1, 34635, 97871, 86, 197.10
2026/09/26 00:21:36.968, 2, 34149, 97871, 91, 186.98
2026/09/26 00:21:36.968, 3, 33925, 97871, 30, 190.87
2026/09/26 00:21:37.168, 0, 34901, 97871, 90, 186.67
2026/09/26 00:21:37.168, 1, 34635, 97871, 78, 196.18
2026/09/26 00:21:37.168, 2, 34149, 97871, 86, 187.74
2026/09/26 00:21:37.168, 3, 33925, 97871, 30, 190.79
2026/09/26 00:21:37.368, 0, 34901, 97871, 87, 186.40
2026/09/26 00:21:37.368, 1, 34635, 97871, 87, 194.99
2026/09/26 00:21:37.368, 2, 34149, 97871, 86, 186.60
2026/09/26 00:21:37.368, 3, 33925, 97871, 30, 190.80
2026/09/26 00:21:37.568, 0, 34901, 97871, 81, 187.60
2026/09/26 00:21:37.568, 1, 34635, 97871, 87, 195.24
2026/09/26 00:21:37.568, 2, 34149, 97871, 88, 188.61
2026/09/26 00:21:37.568, 3, 33925, 97871, 30, 190.60
2026/09/26 00:21:37.768, 0, 34901, 97871, 85, 186.91
2026/09/26 00:21:37.768, 1, 34635, 97871, 88, 194.15
2026/09/26 00:21:37.768, 2, 34149, 97871, 83, 188.78
2026/09/26 00:21:37.768, 3, 33925, 97871, 30, 191.55
2026/09/26 00:21:37.968, 0, 34901, 97871, 84, 188.24
2026/09/26 00:21:37.968, 1, 34635, 97871, 80, 194.48
2026/09/26 00:21:37.968, 2, 34149, 97871, 85, 189.29
2026/09/26 00:21:37.968, 3, 33925, 97871, 30, 191.62
2026/09/26 00:21:38.169, 0, 34901, 97871, 79, 186.45
2026/09/26 00:21:38.169, 1, 34635, 97871, 87, 194.58
2026/09/26 00:21:38.169, 2, 34149, 97871, 87, 188.72
2026/09/26 00:21:38.169, 3, 33925, 97871, 29, 190.06
2026/09/26 00:21:38.369, 0, 34901, 97871, 85, 186.63
2026/09/26 00:21:38.369, 1, 34635, 97871, 88, 195.04
2026/09/26 00:21:38.369, 2, 34149, 97871, 92, 188.36
2026/09/26 00:21:38.369, 3, 33925, 97871, 30, 192.20
2026/09/26 00:21:38.569, 0, 34901, 97871, 91, 183.52
2026/09/26 00:21:38.569, 1, 34635, 97871, 81, 194.91
2026/09/26 00:21:38.569, 2, 34149, 97871, 88, 187.73
2026/09/26 00:21:38.569, 3, 33925, 97871, 30, 193.17
2026/09/26 00:21:38.769, 0, 34901, 97871, 85, 183.99
2026/09/26 00:21:38.769, 1, 34635, 97871, 82, 195.66
2026/09/26 00:21:38.769, 2, 34149, 97871, 58, 187.07
2026/09/26 00:21:38.769, 3, 33925, 97871, 30, 193.70
2026/09/26 00:21:38.969, 0, 34901, 97871, 74, 180.97
2026/09/26 00:21:38.969, 1, 34635, 97871, 85, 194.94
2026/09/26 00:21:38.969, 2, 34149, 97871, 76, 187.21
2026/09/26 00:21:38.969, 3, 33925, 97871, 34, 194.16
2026/09/26 00:21:39.169, 0, 34901, 97871, 75, 182.07
2026/09/26 00:21:39.169, 1, 34635, 97871, 67, 195.04
2026/09/26 00:21:39.169, 2, 34149, 97871, 85, 185.43
2026/09/26 00:21:39.169, 3, 33925, 97871, 32, 195.31
2026/09/26 00:21:39.369, 0, 34901, 97871, 86, 183.51
2026/09/26 00:21:39.369, 1, 34635, 97871, 83, 195.99
2026/09/26 00:21:39.369, 2, 34149, 97871, 83, 185.26
2026/09/26 00:21:39.369, 3, 33925, 97871, 32, 194.24
2026/09/26 00:21:39.569, 0, 34901, 97871, 73, 184.88
2026/09/26 00:21:39.570, 1, 34635, 97871, 78, 195.96
2026/09/26 00:21:39.570, 2, 34149, 97871, 82, 186.00
2026/09/26 00:21:39.570, 3, 33925, 97871, 31, 194.45
2026/09/26 00:21:39.770, 0, 34901, 97871, 87, 185.39
2026/09/26 00:21:39.770, 1, 34635, 97871, 84, 195.75
2026/09/26 00:21:39.770, 2, 34149, 97871, 46, 184.56
2026/09/26 00:21:39.770, 3, 33925, 97871, 30, 194.16
2026/09/26 00:21:39.970, 0, 34901, 97871, 83, 188.71
2026/09/26 00:21:39.970, 1, 34635, 97871, 45, 196.71
2026/09/26 00:21:39.970, 2, 34149, 97871, 57, 183.90
2026/09/26 00:21:39.970, 3, 33925, 97871, 32, 193.36
2026/09/26 00:21:40.170, 0, 34901, 97871, 87, 189.41
2026/09/26 00:21:40.170, 1, 34635, 97871, 76, 197.31
2026/09/26 00:21:40.170, 2, 34149, 97871, 80, 184.09
2026/09/26 00:21:40.170, 3, 33925, 97871, 33, 192.96
2026/09/26 00:21:40.370, 0, 34901, 97871, 68, 188.28
2026/09/26 00:21:40.370, 1, 34635, 97871, 70, 196.86
2026/09/26 00:21:40.370, 2, 34149, 97871, 88, 186.50
2026/09/26 00:21:40.370, 3, 33925, 97871, 31, 193.33
2026/09/26 00:21:40.570, 0, 34901, 97871, 79, 186.57
2026/09/26 00:21:40.570, 1, 34635, 97871, 67, 196.92
2026/09/26 00:21:40.570, 2, 34149, 97871, 84, 185.45
2026/09/26 00:21:40.570, 3, 33925, 97871, 31, 191.53
2026/09/26 00:21:40.770, 0, 34901, 97871, 85, 188.03
2026/09/26 00:21:40.770, 1, 34635, 97871, 87, 197.85
2026/09/26 00:21:40.770, 2, 34149, 97871, 87, 188.09
2026/09/26 00:21:40.770, 3, 33925, 97871, 31, 192.32
2026/09/26 00:21:40.970, 0, 34901, 97871, 78, 185.14
2026/09/26 00:21:40.970, 1, 34635, 97871, 70, 198.12
2026/09/26 00:21:40.970, 2, 34149, 97871, 92, 188.14
2026/09/26 00:21:40.971, 3, 33925, 97871, 34, 191.56
2026/09/26 00:21:41.171, 0, 34901, 97871, 90, 184.90
2026/09/26 00:21:41.171, 1, 34635, 97871, 87, 199.61
2026/09/26 00:21:41.171, 2, 34149, 97871, 83, 188.67
2026/09/26 00:21:41.171, 3, 33925, 97871, 31, 191.80
2026/09/26 00:21:41.371, 0, 34901, 97871, 87, 185.58
2026/09/26 00:21:41.371, 1, 34635, 97871, 83, 199.89
2026/09/26 00:21:41.371, 2, 34149, 97871, 87, 188.20
2026/09/26 00:21:41.371, 3, 33925, 97871, 31, 191.38
2026/09/26 00:21:41.571, 0, 34901, 97871, 86, 186.35
2026/09/26 00:21:41.571, 1, 34635, 97871, 91, 201.80
2026/09/26 00:21:41.571, 2, 34149, 97871, 83, 187.78
2026/09/26 00:21:41.571, 3, 33925, 97871, 31, 190.91
2026/09/26 00:21:41.771, 0, 34901, 97871, 85, 185.86
2026/09/26 00:21:41.771, 1, 34635, 97871, 86, 201.06
2026/09/26 00:21:41.771, 2, 34149, 97871, 86, 187.56
2026/09/26 00:21:41.771, 3, 33925, 97871, 31, 189.74
2026/09/26 00:21:41.971, 0, 34901, 97871, 87, 185.93
2026/09/26 00:21:41.971, 1, 34635, 97871, 86, 200.52
2026/09/26 00:21:41.971, 2, 34149, 97871, 89, 188.32
2026/09/26 00:21:41.971, 3, 33925, 97871, 33, 189.42
2026/09/26 00:21:42.171, 0, 34901, 97871, 88, 186.41
2026/09/26 00:21:42.171, 1, 34635, 97871, 89, 199.79
2026/09/26 00:21:42.171, 2, 34149, 97871, 86, 187.33
2026/09/26 00:21:42.171, 3, 33925, 97871, 30, 190.55
2026/09/26 00:21:42.371, 0, 34901, 97871, 88, 186.77
2026/09/26 00:21:42.371, 1, 34635, 97871, 84, 197.57
2026/09/26 00:21:42.372, 2, 34149, 97871, 80, 186.95
2026/09/26 00:21:42.372, 3, 33925, 97871, 31, 190.45
2026/09/26 00:21:42.572, 0, 34901, 97871, 93, 186.48
2026/09/26 00:21:42.572, 1, 34635, 97871, 82, 196.68
2026/09/26 00:21:42.572, 2, 34149, 97871, 83, 186.53
2026/09/26 00:21:42.572, 3, 33925, 97871, 30, 192.34
2026/09/26 00:21:42.772, 0, 34901, 97871, 86, 186.28
2026/09/26 00:21:42.772, 1, 34635, 97871, 84, 197.04
2026/09/26 00:21:42.772, 2, 34149, 97871, 86, 185.96
2026/09/26 00:21:42.772, 3, 33925, 97871, 31, 194.52
2026/09/26 00:21:42.972, 0, 34901, 97871, 86, 187.79
2026/09/26 00:21:42.972, 1, 34635, 97871, 86, 196.79
2026/09/26 00:21:42.972, 2, 34149, 97871, 88, 186.16
2026/09/26 00:21:42.972, 3, 33925, 97871, 31, 196.68
2026/09/26 00:21:43.172, 0, 34901, 97871, 89, 188.59
2026/09/26 00:21:43.172, 1, 34635, 97871, 88, 194.14
2026/09/26 00:21:43.172, 2, 34149, 97871, 85, 188.57
2026/09/26 00:21:43.172, 3, 33925, 97871, 32, 196.43
2026/09/26 00:21:43.372, 0, 34901, 97871, 86, 187.91
2026/09/26 00:21:43.372, 1, 34635, 97871, 86, 196.74
2026/09/26 00:21:43.372, 2, 34149, 97871, 84, 188.32
2026/09/26 00:21:43.372, 3, 33925, 97871, 30, 195.68
2026/09/26 00:21:43.572, 0, 34901, 97871, 84, 183.60
2026/09/26 00:21:43.572, 1, 34635, 97871, 82, 190.03
2026/09/26 00:21:43.572, 2, 34149, 97871, 86, 182.62
2026/09/26 00:21:43.572, 3, 33925, 97871, 18, 189.26
2026/09/26 00:21:43.772, 0, 34901, 97871, 92, 199.90
2026/09/26 00:21:43.772, 1, 34635, 97871, 72, 216.48
2026/09/26 00:21:43.772, 2, 34149, 97871, 100, 202.77
2026/09/26 00:21:43.773, 3, 33925, 97871, 36, 216.80
2026/09/26 00:21:43.973, 0, 34901, 97871, 100, 233.10
2026/09/26 00:21:43.973, 1, 34635, 97871, 100, 248.65
2026/09/26 00:21:43.973, 2, 34149, 97871, 100, 235.49
2026/09/26 00:21:43.973, 3, 33925, 97871, 100, 249.83
2026/09/26 00:21:44.173, 0, 34901, 97871, 100, 267.72
2026/09/26 00:21:44.173, 1, 34635, 97871, 100, 283.10
2026/09/26 00:21:44.173, 2, 34149, 97871, 100, 267.32
2026/09/26 00:21:44.173, 3, 33925, 97871, 100, 278.10
2026/09/26 00:21:44.373, 0, 34901, 97871, 100, 275.51
2026/09/26 00:21:44.373, 1, 34635, 97871, 85, 282.85
2026/09/26 00:21:44.373, 2, 34149, 97871, 83, 270.22
2026/09/26 00:21:44.373, 3, 33925, 97871, 56, 278.13
2026/09/26 00:21:44.573, 0, 34901, 97871, 83, 279.36
2026/09/26 00:21:44.573, 1, 34635, 97871, 90, 287.63
2026/09/26 00:21:44.573, 2, 34149, 97871, 89, 276.80
2026/09/26 00:21:44.573, 3, 33925, 97871, 30, 280.26
2026/09/26 00:21:44.773, 0, 34901, 97871, 88, 266.65
2026/09/26 00:21:44.773, 1, 34635, 97871, 91, 264.66
2026/09/26 00:21:44.773, 2, 34149, 97871, 90, 256.36
2026/09/26 00:21:44.773, 3, 33925, 97871, 31, 251.84
2026/09/26 00:21:44.973, 0, 34901, 97871, 88, 231.89
2026/09/26 00:21:44.973, 1, 34635, 97871, 88, 228.76
2026/09/26 00:21:44.973, 2, 34149, 97871, 88, 224.55
2026/09/26 00:21:44.973, 3, 33925, 97871, 30, 216.96
2026/09/26 00:21:45.173, 0, 34901, 97871, 77, 200.00
2026/09/26 00:21:45.173, 1, 34635, 97871, 89, 198.90
2026/09/26 00:21:45.173, 2, 34149, 97871, 87, 192.01
2026/09/26 00:21:45.173, 3, 33925, 97871, 30, 189.03
2026/09/26 00:21:45.374, 0, 34901, 97871, 85, 188.25
2026/09/26 00:21:45.374, 1, 34635, 97871, 89, 196.38
2026/09/26 00:21:45.374, 2, 34149, 97871, 93, 183.82
2026/09/26 00:21:45.374, 3, 33925, 97871, 30, 188.35
2026/09/26 00:21:45.574, 0, 34901, 97871, 89, 189.63
2026/09/26 00:21:45.574, 1, 34635, 97871, 86, 196.30
2026/09/26 00:21:45.574, 2, 34149, 97871, 89, 184.34
2026/09/26 00:21:45.574, 3, 33925, 97871, 30, 189.14
2026/09/26 00:21:45.774, 0, 34901, 97871, 84, 189.33
2026/09/26 00:21:45.774, 1, 34635, 97871, 87, 196.78
2026/09/26 00:21:45.774, 2, 34149, 97871, 90, 185.75
2026/09/26 00:21:45.774, 3, 33925, 97871, 30, 190.41
2026/09/26 00:21:45.974, 0, 34901, 97871, 89, 187.88
2026/09/26 00:21:45.974, 1, 34635, 97871, 97, 196.85
2026/09/26 00:21:45.974, 2, 34149, 97871, 84, 185.99
2026/09/26 00:21:45.974, 3, 33925, 97871, 29, 190.74
2026/09/26 00:21:46.174, 0, 34901, 97871, 86, 187.32
2026/09/26 00:21:46.174, 1, 34635, 97871, 87, 198.05
2026/09/26 00:21:46.174, 2, 34149, 97871, 87, 186.30
2026/09/26 00:21:46.174, 3, 33925, 97871, 30, 189.31
2026/09/26 00:21:46.374, 0, 34901, 97871, 84, 186.68
2026/09/26 00:21:46.374, 1, 34635, 97871, 88, 197.68
2026/09/26 00:21:46.374, 2, 34149, 97871, 88, 186.23
2026/09/26 00:21:46.374, 3, 33925, 97871, 30, 189.54
2026/09/26 00:21:46.574, 0, 34901, 97871, 86, 185.95
2026/09/26 00:21:46.574, 1, 34635, 97871, 89, 197.03
2026/09/26 00:21:46.574, 2, 34149, 97871, 88, 187.26
2026/09/26 00:21:46.574, 3, 33925, 97871, 30, 190.78
2026/09/26 00:21:46.775, 0, 34901, 97871, 89, 185.66
2026/09/26 00:21:46.775, 1, 34635, 97871, 88, 195.56
2026/09/26 00:21:46.775, 2, 34149, 97871, 87, 186.61
2026/09/26 00:21:46.775, 3, 33925, 97871, 30, 191.29
2026/09/26 00:21:46.975, 0, 34901, 97871, 86, 185.30
2026/09/26 00:21:46.975, 1, 34635, 97871, 89, 197.15
2026/09/26 00:21:46.975, 2, 34149, 97871, 88, 187.37
2026/09/26 00:21:46.975, 3, 33925, 97871, 30, 191.13
2026/09/26 00:21:47.175, 0, 34901, 97871, 87, 186.04
2026/09/26 00:21:47.175, 1, 34635, 97871, 92, 196.01
2026/09/26 00:21:47.175, 2, 34149, 97871, 79, 187.71
2026/09/26 00:21:47.175, 3, 33925, 97871, 30, 191.49
2026/09/26 00:21:47.375, 0, 34901, 97871, 85, 185.85
2026/09/26 00:21:47.375, 1, 34635, 97871, 86, 196.11
2026/09/26 00:21:47.375, 2, 34149, 97871, 78, 187.64
2026/09/26 00:21:47.375, 3, 33925, 97871, 30, 191.94
2026/09/26 00:21:47.575, 0, 34901, 97871, 84, 185.13
2026/09/26 00:21:47.575, 1, 34635, 97871, 88, 195.27
2026/09/26 00:21:47.575, 2, 34149, 97871, 81, 187.36
2026/09/26 00:21:47.575, 3, 33925, 97871, 29, 190.93
2026/09/26 00:21:47.775, 0, 34901, 97871, 76, 185.05
2026/09/26 00:21:47.775, 1, 34635, 97871, 81, 198.93
2026/09/26 00:21:47.775, 2, 34149, 97871, 83, 187.39
2026/09/26 00:21:47.775, 3, 33925, 97871, 29, 189.93
2026/09/26 00:21:47.975, 0, 34901, 97871, 87, 185.72
2026/09/26 00:21:47.975, 1, 34635, 97871, 89, 198.74
2026/09/26 00:21:47.975, 2, 34149, 97871, 88, 188.06
2026/09/26 00:21:47.975, 3, 33925, 97871, 30, 190.81
2026/09/26 00:21:48.176, 0, 34901, 97871, 90, 185.81
2026/09/26 00:21:48.176, 1, 34635, 97871, 88, 198.09
2026/09/26 00:21:48.176, 2, 34149, 97871, 87, 188.34
2026/09/26 00:21:48.176, 3, 33925, 97871, 30, 191.53
2026/09/26 00:21:48.376, 0, 34901, 97871, 88, 185.65
2026/09/26 00:21:48.376, 1, 34635, 97871, 95, 197.53
2026/09/26 00:21:48.376, 2, 34149, 97871, 85, 188.77
2026/09/26 00:21:48.376, 3, 33925, 97871, 30, 190.99
2026/09/26 00:21:48.576, 0, 34901, 97871, 76, 185.05
2026/09/26 00:21:48.576, 1, 34635, 97871, 89, 197.10
2026/09/26 00:21:48.576, 2, 34149, 97871, 82, 188.04
2026/09/26 00:21:48.576, 3, 33925, 97871, 30, 191.14
2026/09/26 00:21:48.776, 0, 34901, 97871, 79, 185.01
2026/09/26 00:21:48.776, 1, 34635, 97871, 72, 196.16
2026/09/26 00:21:48.776, 2, 34149, 97871, 49, 186.08
2026/09/26 00:21:48.776, 3, 33925, 97871, 36, 192.39
2026/09/26 00:21:48.976, 0, 34901, 97871, 85, 184.73
2026/09/26 00:21:48.976, 1, 34635, 97871, 78, 195.38
2026/09/26 00:21:48.976, 2, 34149, 97871, 86, 186.15
2026/09/26 00:21:48.976, 3, 33925, 97871, 30, 192.09
2026/09/26 00:21:49.176, 0, 34901, 97871, 85, 185.03
2026/09/26 00:21:49.176, 1, 34635, 97871, 87, 195.01
2026/09/26 00:21:49.176, 2, 34149, 97871, 82, 185.54
2026/09/26 00:21:49.176, 3, 33925, 97871, 30, 190.90
2026/09/26 00:21:49.376, 0, 34901, 97871, 88, 186.92
2026/09/26 00:21:49.376, 1, 34635, 97871, 88, 195.46
2026/09/26 00:21:49.376, 2, 34149, 97871, 87, 185.76
2026/09/26 00:21:49.376, 3, 33925, 97871, 30, 190.11
2026/09/26 00:21:49.577, 0, 34901, 97871, 87, 188.47
2026/09/26 00:21:49.577, 1, 34635, 97871, 87, 197.02
2026/09/26 00:21:49.577, 2, 34149, 97871, 89, 185.92
2026/09/26 00:21:49.577, 3, 33925, 97871, 30, 190.24
2026/09/26 00:21:49.777, 0, 34901, 97871, 86, 189.45
2026/09/26 00:21:49.777, 1, 34635, 97871, 89, 195.92
2026/09/26 00:21:49.777, 2, 34149, 97871, 88, 186.69
2026/09/26 00:21:49.777, 3, 33925, 97871, 30, 190.64
2026/09/26 00:21:49.977, 0, 34901, 97871, 81, 189.04
2026/09/26 00:21:49.977, 1, 34635, 97871, 89, 194.43
2026/09/26 00:21:49.977, 2, 34149, 97871, 89, 186.49
2026/09/26 00:21:49.977, 3, 33925, 97871, 32, 190.28
2026/09/26 00:21:50.177, 0, 34901, 97871, 89, 188.28
2026/09/26 00:21:50.177, 1, 34635, 97871, 88, 195.55
2026/09/26 00:21:50.177, 2, 34149, 97871, 86, 186.56
2026/09/26 00:21:50.177, 3, 33925, 97871, 31, 191.58
2026/09/26 00:21:50.377, 0, 34901, 97871, 85, 186.98
2026/09/26 00:21:50.377, 1, 34635, 97871, 89, 197.26
2026/09/26 00:21:50.377, 2, 34149, 97871, 96, 186.52
2026/09/26 00:21:50.377, 3, 33925, 97871, 30, 193.68
2026/09/26 00:21:50.577, 0, 34901, 97871, 91, 185.84
2026/09/26 00:21:50.577, 1, 34635, 97871, 89, 196.38
2026/09/26 00:21:50.577, 2, 34149, 97871, 79, 186.74
2026/09/26 00:21:50.577, 3, 33925, 97871, 30, 194.60
2026/09/26 00:21:50.777, 0, 34901, 97871, 88, 184.31
2026/09/26 00:21:50.777, 1, 34635, 97871, 89, 195.15
2026/09/26 00:21:50.777, 2, 34149, 97871, 87, 186.62
2026/09/26 00:21:50.777, 3, 33925, 97871, 30, 194.71
2026/09/26 00:21:50.977, 0, 34901, 97871, 85, 184.71
2026/09/26 00:21:50.978, 1, 34635, 97871, 95, 196.72
2026/09/26 00:21:50.978, 2, 34149, 97871, 77, 185.39
2026/09/26 00:21:50.978, 3, 33925, 97871, 30, 194.68
2026/09/26 00:21:51.178, 0, 34901, 97871, 80, 185.90
2026/09/26 00:21:51.178, 1, 34635, 97871, 83, 197.53
2026/09/26 00:21:51.178, 2, 34149, 97871, 82, 186.47
2026/09/26 00:21:51.178, 3, 33925, 97871, 29, 194.10
2026/09/26 00:21:51.378, 0, 34901, 97871, 87, 187.68
2026/09/26 00:21:51.378, 1, 34635, 97871, 89, 196.42
2026/09/26 00:21:51.378, 2, 34149, 97871, 86, 186.16
2026/09/26 00:21:51.378, 3, 33925, 97871, 29, 192.29
2026/09/26 00:21:51.578, 0, 34901, 97871, 87, 187.72
2026/09/26 00:21:51.578, 1, 34635, 97871, 90, 197.44
2026/09/26 00:21:51.578, 2, 34149, 97871, 92, 186.18
2026/09/26 00:21:51.578, 3, 33925, 97871, 30, 191.57
2026/09/26 00:21:51.778, 0, 34901, 97871, 89, 189.30
2026/09/26 00:21:51.778, 1, 34635, 97871, 79, 195.97
2026/09/26 00:21:51.778, 2, 34149, 97871, 86, 186.22
2026/09/26 00:21:51.778, 3, 33925, 97871, 30, 190.11
2026/09/26 00:21:51.978, 0, 34901, 97871, 89, 189.38
2026/09/26 00:21:51.978, 1, 34635, 97871, 88, 194.00
2026/09/26 00:21:51.978, 2, 34149, 97871, 86, 186.94
2026/09/26 00:21:51.978, 3, 33925, 97871, 30, 190.83
2026/09/26 00:21:52.178, 0, 34901, 97871, 88, 188.97
2026/09/26 00:21:52.178, 1, 34635, 97871, 93, 193.42
2026/09/26 00:21:52.178, 2, 34149, 97871, 87, 186.80
2026/09/26 00:21:52.178, 3, 33925, 97871, 30, 190.41
2026/09/26 00:21:52.378, 0, 34901, 97871, 86, 188.29
2026/09/26 00:21:52.379, 1, 34635, 97871, 89, 191.25
2026/09/26 00:21:52.379, 2, 34149, 97871, 88, 187.04
2026/09/26 00:21:52.379, 3, 33925, 97871, 30, 192.60
2026/09/26 00:21:52.579, 0, 34901, 97871, 85, 189.08
2026/09/26 00:21:52.579, 1, 34635, 97871, 88, 191.54
2026/09/26 00:21:52.579, 2, 34149, 97871, 85, 187.54
2026/09/26 00:21:52.579, 3, 33925, 97871, 30, 191.55
2026/09/26 00:21:52.779, 0, 34901, 97871, 85, 187.75
2026/09/26 00:21:52.779, 1, 34635, 97871, 88, 194.30
2026/09/26 00:21:52.779, 2, 34149, 97871, 89, 187.27
2026/09/26 00:21:52.779, 3, 33925, 97871, 30, 193.10
2026/09/26 00:21:52.979, 0, 34901, 97871, 87, 186.55
2026/09/26 00:21:52.979, 1, 34635, 97871, 88, 196.59
2026/09/26 00:21:52.979, 2, 34149, 97871, 93, 188.65
2026/09/26 00:21:52.979, 3, 33925, 97871, 29, 193.74
2026/09/26 00:21:53.179, 0, 34901, 97871, 93, 185.63
2026/09/26 00:21:53.179, 1, 34635, 97871, 87, 195.65
2026/09/26 00:21:53.179, 2, 34149, 97871, 79, 188.37
2026/09/26 00:21:53.179, 3, 33925, 97871, 30, 192.69
2026/09/26 00:21:53.379, 0, 34901, 97871, 85, 184.97
2026/09/26 00:21:53.379, 1, 34635, 97871, 92, 195.76
2026/09/26 00:21:53.379, 2, 34149, 97871, 80, 188.11
2026/09/26 00:21:53.379, 3, 33925, 97871, 30, 191.19
2026/09/26 00:21:53.579, 0, 34901, 97871, 85, 186.39
2026/09/26 00:21:53.579, 1, 34635, 97871, 85, 194.42
2026/09/26 00:21:53.579, 2, 34149, 97871, 86, 189.21
2026/09/26 00:21:53.579, 3, 33925, 97871, 30, 191.85
2026/09/26 00:21:53.779, 0, 34901, 97871, 86, 186.40
2026/09/26 00:21:53.780, 1, 34635, 97871, 87, 193.46
2026/09/26 00:21:53.780, 2, 34149, 97871, 82, 189.20
2026/09/26 00:21:53.780, 3, 33925, 97871, 32, 190.72
2026/09/26 00:21:53.980, 0, 34901, 97871, 87, 188.69
2026/09/26 00:21:53.980, 1, 34635, 97871, 88, 193.28
2026/09/26 00:21:53.980, 2, 34149, 97871, 87, 189.81
2026/09/26 00:21:53.980, 3, 33925, 97871, 30, 189.98
2026/09/26 00:21:54.180, 0, 34901, 97871, 86, 190.92
2026/09/26 00:21:54.180, 1, 34635, 97871, 85, 193.51
2026/09/26 00:21:54.180, 2, 34149, 97871, 93, 189.90
2026/09/26 00:21:54.180, 3, 33925, 97871, 30, 190.96
2026/09/26 00:21:54.380, 0, 34901, 97871, 89, 191.09
2026/09/26 00:21:54.380, 1, 34635, 97871, 87, 194.87
2026/09/26 00:21:54.380, 2, 34149, 97871, 84, 190.03
2026/09/26 00:21:54.380, 3, 33925, 97871, 30, 191.39
2026/09/26 00:21:54.580, 0, 34901, 97871, 87, 190.36
2026/09/26 00:21:54.580, 1, 34635, 97871, 88, 194.27
2026/09/26 00:21:54.580, 2, 34149, 97871, 85, 189.40
2026/09/26 00:21:54.580, 3, 33925, 97871, 30, 192.71
2026/09/26 00:21:54.780, 0, 34901, 97871, 87, 191.06
2026/09/26 00:21:54.780, 1, 34635, 97871, 94, 193.09
2026/09/26 00:21:54.780, 2, 34149, 97871, 86, 189.98
2026/09/26 00:21:54.780, 3, 33925, 97871, 30, 192.41
2026/09/26 00:21:54.980, 0, 34901, 97871, 86, 190.25
2026/09/26 00:21:54.980, 1, 34635, 97871, 82, 194.84
2026/09/26 00:21:54.980, 2, 34149, 97871, 88, 188.25
2026/09/26 00:21:54.980, 3, 33925, 97871, 31, 192.58
2026/09/26 00:21:55.180, 0, 34901, 97871, 88, 188.93
2026/09/26 00:21:55.180, 1, 34635, 97871, 89, 194.55
2026/09/26 00:21:55.181, 2, 34149, 97871, 87, 189.07
2026/09/26 00:21:55.181, 3, 33925, 97871, 30, 192.60
2026/09/26 00:21:55.381, 0, 34901, 97871, 86, 189.45
2026/09/26 00:21:55.381, 1, 34635, 97871, 85, 195.15
2026/09/26 00:21:55.381, 2, 34149, 97871, 80, 189.40
2026/09/26 00:21:55.381, 3, 33925, 97871, 31, 192.81
2026/09/26 00:21:55.581, 0, 34901, 97871, 84, 189.22
2026/09/26 00:21:55.581, 1, 34635, 97871, 79, 196.69
2026/09/26 00:21:55.581, 2, 34149, 97871, 88, 190.53
2026/09/26 00:21:55.581, 3, 33925, 97871, 31, 191.74
2026/09/26 00:21:55.781, 0, 34901, 97871, 89, 189.67
2026/09/26 00:21:55.781, 1, 34635, 97871, 68, 197.23
2026/09/26 00:21:55.781, 2, 34149, 97871, 78, 190.61
2026/09/26 00:21:55.781, 3, 33925, 97871, 38, 191.16
2026/09/26 00:21:55.981, 0, 34901, 97871, 81, 189.61
2026/09/26 00:21:55.981, 1, 34635, 97871, 72, 195.55
2026/09/26 00:21:55.981, 2, 34149, 97871, 86, 191.25
2026/09/26 00:21:55.981, 3, 33925, 97871, 31, 191.16
2026/09/26 00:21:56.181, 0, 34901, 97871, 85, 190.57
2026/09/26 00:21:56.181, 1, 34635, 97871, 69, 195.91
2026/09/26 00:21:56.181, 2, 34149, 97871, 84, 188.92
2026/09/26 00:21:56.181, 3, 33925, 97871, 31, 191.37
2026/09/26 00:21:56.381, 0, 34901, 97871, 86, 189.92
2026/09/26 00:21:56.381, 1, 34635, 97871, 80, 195.97
2026/09/26 00:21:56.381, 2, 34149, 97871, 39, 190.14
2026/09/26 00:21:56.381, 3, 33925, 97871, 45, 190.98
2026/09/26 00:21:56.581, 0, 34901, 97871, 83, 191.62
2026/09/26 00:21:56.581, 1, 34635, 97871, 86, 196.54
2026/09/26 00:21:56.582, 2, 34149, 97871, 86, 190.96
2026/09/26 00:21:56.582, 3, 33925, 97871, 31, 191.13
2026/09/26 00:21:56.782, 0, 34901, 97871, 82, 191.04
2026/09/26 00:21:56.782, 1, 34635, 97871, 88, 197.07
2026/09/26 00:21:56.782, 2, 34149, 97871, 90, 189.47
2026/09/26 00:21:56.782, 3, 33925, 97871, 31, 192.26
2026/09/26 00:21:56.982, 0, 34901, 97871, 85, 190.77
2026/09/26 00:21:56.982, 1, 34635, 97871, 89, 197.92
2026/09/26 00:21:56.982, 2, 34149, 97871, 89, 188.38
2026/09/26 00:21:56.982, 3, 33925, 97871, 30, 192.16
2026/09/26 00:21:57.182, 0, 34901, 97871, 88, 188.57
2026/09/26 00:21:57.182, 1, 34635, 97871, 88, 198.90
2026/09/26 00:21:57.182, 2, 34149, 97871, 87, 191.05
2026/09/26 00:21:57.182, 3, 33925, 97871, 31, 192.21
2026/09/26 00:21:57.382, 0, 34901, 97871, 84, 187.01
2026/09/26 00:21:57.382, 1, 34635, 97871, 88, 197.21
2026/09/26 00:21:57.382, 2, 34149, 97871, 89, 189.28
2026/09/26 00:21:57.382, 3, 33925, 97871, 31, 193.17
2026/09/26 00:21:57.582, 0, 34901, 97871, 83, 186.19
2026/09/26 00:21:57.582, 1, 34635, 97871, 87, 197.07
2026/09/26 00:21:57.582, 2, 34149, 97871, 67, 187.78
2026/09/26 00:21:57.582, 3, 33925, 97871, 31, 192.83
2026/09/26 00:21:57.782, 0, 34901, 97871, 87, 185.97
2026/09/26 00:21:57.782, 1, 34635, 97871, 86, 197.48
2026/09/26 00:21:57.782, 2, 34149, 97871, 77, 188.42
2026/09/26 00:21:57.782, 3, 33925, 97871, 32, 193.24
2026/09/26 00:21:57.982, 0, 34901, 97871, 83, 187.29
2026/09/26 00:21:57.983, 1, 34635, 97871, 85, 193.86
2026/09/26 00:21:57.983, 2, 34149, 97871, 85, 190.00
2026/09/26 00:21:57.983, 3, 33925, 97871, 30, 190.91
2026/09/26 00:21:58.183, 0, 34901, 97871, 77, 176.64
2026/09/26 00:21:58.183, 1, 34635, 97871, 0, 180.88
2026/09/26 00:21:58.183, 2, 34149, 97871, 0, 176.43
2026/09/26 00:21:58.183, 3, 33925, 97871, 0, 177.39
2026/09/26 00:21:58.383, 0, 34333, 97871, 0, 160.26
2026/09/26 00:21:58.383, 1, 34067, 97871, 1, 168.32
2026/09/26 00:21:58.383, 2, 33581, 97871, 1, 163.29
2026/09/26 00:21:58.383, 3, 33357, 97871, 2, 164.08
2026/09/26 00:21:58.583, 0, 34333, 97871, 0, 145.69
2026/09/26 00:21:58.583, 1, 34067, 97871, 0, 154.19
2026/09/26 00:21:58.583, 2, 33581, 97871, 0, 150.13
2026/09/26 00:21:58.583, 3, 33357, 97871, 0, 151.02
2026/09/26 00:21:58.783, 0, 34333, 97871, 0, 132.44
2026/09/26 00:21:58.783, 1, 34067, 97871, 0, 140.55
2026/09/26 00:21:58.783, 2, 33581, 97871, 0, 136.64
2026/09/26 00:21:58.783, 3, 33357, 97871, 0, 137.14
2026/09/26 00:21:58.983, 0, 34333, 97871, 0, 119.46
2026/09/26 00:21:58.983, 1, 34067, 97871, 0, 128.11
2026/09/26 00:21:58.983, 2, 33581, 97871, 0, 122.21
2026/09/26 00:21:58.983, 3, 33357, 97871, 0, 125.84
2026/09/26 00:21:59.183, 0, 34333, 97871, 0, 118.59
2026/09/26 00:21:59.183, 1, 34067, 97871, 0, 127.52
2026/09/26 00:21:59.183, 2, 33581, 97871, 0, 121.14
2026/09/26 00:21:59.183, 3, 33357, 97871, 0, 125.63
2026/09/26 00:21:59.384, 0, 34333, 97871, 0, 118.50
2026/09/26 00:21:59.384, 1, 34067, 97871, 0, 127.48
2026/09/26 00:21:59.384, 2, 33581, 97871, 0, 121.02
2026/09/26 00:21:59.384, 3, 33357, 97871, 0, 125.56
2026/09/26 00:21:59.584, 0, 34333, 97871, 0, 118.60
2026/09/26 00:21:59.584, 1, 34067, 97871, 0, 127.41
2026/09/26 00:21:59.584, 2, 33581, 97871, 0, 120.95
2026/09/26 00:21:59.584, 3, 33357, 97871, 0, 125.48
2026/09/26 00:21:59.784, 0, 34333, 97871, 0, 118.68
2026/09/26 00:21:59.784, 1, 34067, 97871, 0, 127.37
2026/09/26 00:21:59.784, 2, 33581, 97871, 0, 120.96
2026/09/26 00:21:59.784, 3, 33357, 97871, 0, 125.44
2026/09/26 00:21:59.984, 0, 34331, 97871, 0, 118.80
2026/09/26 00:21:59.984, 1, 34067, 97871, 0, 127.36
2026/09/26 00:21:59.984, 2, 33581, 97871, 0, 120.97
2026/09/26 00:21:59.984, 3, 33357, 97871, 0, 125.41
2026/09/26 00:22:00.184, 0, 598, 97871, 3, 121.30
2026/09/26 00:22:00.185, 1, 34067, 97871, 0, 127.33
2026/09/26 00:22:00.185, 2, 33581, 97871, 0, 120.92
2026/09/26 00:22:00.186, 3, 33355, 97871, 0, 125.43
2026/09/26 00:22:00.386, 0, 114, 97871, 28, 122.48
2026/09/26 00:22:00.433, 1, 34064, 97871, 3, 127.99
2026/09/26 00:22:00.436, 2, 502, 97871, 36, 122.92
2026/09/26 00:22:00.574, 3, 22, 97871, 40, 129.05
2026/09/26 00:22:00.774, 0, 0, 97871, 0, 123.56
2026/09/26 00:22:00.851, 1, 0, 97871, 0, 131.60
2026/09/26 00:22:00.851, 2, 0, 97871, 1, 125.14
2026/09/26 00:22:00.851, 3, 0, 97871, 0, 129.43
2026/09/26 00:22:01.051, 0, 0, 97871, 0, 124.09
2026/09/26 00:22:01.051, 1, 0, 97871, 39, 132.24
2026/09/26 00:22:01.051, 2, 0, 97871, 0, 125.57
2026/09/26 00:22:01.051, 3, 0, 97871, 0, 129.96
2026/09/26 00:22:01.251, 0, 0, 97871, 0, 122.03
2026/09/26 00:22:01.251, 1, 0, 97871, 0, 132.52
2026/09/26 00:22:01.251, 2, 0, 97871, 0, 125.87
2026/09/26 00:22:01.251, 3, 0, 97871, 0, 130.39
2026/09/26 00:22:01.451, 0, 0, 97871, 0, 121.28
2026/09/26 00:22:01.451, 1, 0, 97871, 0, 132.50
2026/09/26 00:22:01.451, 2, 0, 97871, 0, 125.93
2026/09/26 00:22:01.451, 3, 0, 97871, 0, 129.45
2026/09/26 00:22:01.651, 0, 0, 97871, 0, 121.22
2026/09/26 00:22:01.651, 1, 0, 97871, 0, 132.51
2026/09/26 00:22:01.651, 2, 0, 97871, 0, 123.41
2026/09/26 00:22:01.652, 3, 0, 97871, 0, 127.64
2026/09/26 00:22:01.852, 0, 0, 97871, 0, 121.21
2026/09/26 00:22:01.852, 1, 0, 97871, 0, 129.78
2026/09/26 00:22:01.852, 2, 0, 97871, 0, 123.20
2026/09/26 00:22:01.852, 3, 0, 97871, 0, 127.60
2026/09/26 00:22:02.052, 0, 0, 97871, 0, 121.10
2026/09/26 00:22:02.052, 1, 0, 97871, 0, 129.69
2026/09/26 00:22:02.052, 2, 0, 97871, 0, 123.23
2026/09/26 00:22:02.052, 3, 0, 97871, 0, 127.57
2026/09/26 00:22:02.252, 0, 0, 97871, 0, 114.30
2026/09/26 00:22:02.252, 1, 0, 97871, 0, 122.80
2026/09/26 00:22:02.252, 2, 0, 97871, 0, 123.27
2026/09/26 00:22:02.252, 3, 0, 97871, 0, 127.56
2026/09/26 00:22:02.452, 0, 0, 97871, 0, 105.18
2026/09/26 00:22:02.452, 1, 0, 97871, 0, 112.74
2026/09/26 00:22:02.452, 2, 0, 97871, 0, 116.96
2026/09/26 00:22:02.452, 3, 0, 97871, 0, 124.26
