timestamp,gpu_index,memory_used_mib,memory_total_mib,gpu_utilization_percent,power_watts
2026/09/11 12:10:41.039, 0, 0, 97871, 0, 74.02
2026/09/11 12:10:41.043, 1, 0, 97871, 0, 75.54
2026/09/11 12:10:41.047, 2, 0, 97871, 0, 74.51
2026/09/11 12:10:41.050, 3, 0, 97871, 0, 74.97
2026/09/11 12:10:41.254, 0, 0, 97871, 0, 74.04
2026/09/11 12:10:41.254, 1, 0, 97871, 0, 75.47
2026/09/11 12:10:41.254, 2, 0, 97871, 0, 74.47
2026/09/11 12:10:41.254, 3, 0, 97871, 0, 74.89
2026/09/11 12:10:41.454, 0, 0, 97871, 0, 74.04
2026/09/11 12:10:41.454, 1, 0, 97871, 0, 75.43
2026/09/11 12:10:41.455, 2, 0, 97871, 0, 74.49
2026/09/11 12:10:41.455, 3, 0, 97871, 0, 74.89
2026/09/11 12:10:41.655, 0, 0, 97871, 0, 74.03
2026/09/11 12:10:41.655, 1, 0, 97871, 0, 75.43
2026/09/11 12:10:41.655, 2, 0, 97871, 0, 74.47
2026/09/11 12:10:41.655, 3, 0, 97871, 0, 74.93
2026/09/11 12:10:41.855, 0, 0, 97871, 0, 74.02
2026/09/11 12:10:41.855, 1, 0, 97871, 0, 75.44
2026/09/11 12:10:41.855, 2, 0, 97871, 0, 74.45
2026/09/11 12:10:41.855, 3, 0, 97871, 0, 74.89
2026/09/11 12:10:42.055, 0, 0, 97871, 0, 73.99
2026/09/11 12:10:42.055, 1, 0, 97871, 0, 75.46
2026/09/11 12:10:42.055, 2, 0, 97871, 0, 74.43
2026/09/11 12:10:42.056, 3, 0, 97871, 0, 74.82
2026/09/11 12:10:42.256, 0, 0, 97871, 0, 73.95
2026/09/11 12:10:42.256, 1, 0, 97871, 0, 75.47
2026/09/11 12:10:42.256, 2, 0, 97871, 0, 74.44
2026/09/11 12:10:42.256, 3, 0, 97871, 0, 74.87
2026/09/11 12:10:42.456, 0, 0, 97871, 0, 73.97
2026/09/11 12:10:42.456, 1, 0, 97871, 0, 75.49
2026/09/11 12:10:42.456, 2, 0, 97871, 0, 74.42
2026/09/11 12:10:42.456, 3, 0, 97871, 0, 74.91
2026/09/11 12:10:42.656, 0, 0, 97871, 0, 73.99
2026/09/11 12:10:42.656, 1, 0, 97871, 0, 75.50
2026/09/11 12:10:42.656, 2, 0, 97871, 0, 74.45
2026/09/11 12:10:42.656, 3, 0, 97871, 0, 74.89
2026/09/11 12:10:42.857, 0, 0, 97871, 0, 74.00
2026/09/11 12:10:42.857, 1, 0, 97871, 0, 75.49
2026/09/11 12:10:42.857, 2, 0, 97871, 0, 74.46
2026/09/11 12:10:42.857, 3, 0, 97871, 0, 74.83
2026/09/11 12:10:43.057, 0, 0, 97871, 0, 74.02
2026/09/11 12:10:43.057, 1, 0, 97871, 0, 75.46
2026/09/11 12:10:43.057, 2, 0, 97871, 0, 74.48
2026/09/11 12:10:43.057, 3, 0, 97871, 0, 74.90
2026/09/11 12:10:43.257, 0, 0, 97871, 0, 74.02
2026/09/11 12:10:43.257, 1, 0, 97871, 0, 75.46
2026/09/11 12:10:43.257, 2, 0, 97871, 0, 74.48
2026/09/11 12:10:43.257, 3, 0, 97871, 0, 74.90
2026/09/11 12:10:43.457, 0, 0, 97871, 0, 73.99
2026/09/11 12:10:43.458, 1, 0, 97871, 0, 75.46
2026/09/11 12:10:43.458, 2, 0, 97871, 0, 74.50
2026/09/11 12:10:43.458, 3, 0, 97871, 0, 74.87
2026/09/11 12:10:43.658, 0, 0, 97871, 0, 73.99
2026/09/11 12:10:43.658, 1, 0, 97871, 0, 75.48
2026/09/11 12:10:43.658, 2, 0, 97871, 0, 74.50
2026/09/11 12:10:43.658, 3, 0, 97871, 0, 74.85
2026/09/11 12:10:43.858, 0, 0, 97871, 0, 74.00
2026/09/11 12:10:43.858, 1, 0, 97871, 0, 75.47
2026/09/11 12:10:43.858, 2, 0, 97871, 0, 74.48
2026/09/11 12:10:43.858, 3, 0, 97871, 0, 74.91
2026/09/11 12:10:44.058, 0, 0, 97871, 0, 73.99
2026/09/11 12:10:44.059, 1, 0, 97871, 0, 75.49
2026/09/11 12:10:44.059, 2, 0, 97871, 0, 74.47
2026/09/11 12:10:44.059, 3, 0, 97871, 0, 74.90
2026/09/11 12:10:44.259, 0, 0, 97871, 0, 74.00
2026/09/11 12:10:44.259, 1, 0, 97871, 0, 75.47
2026/09/11 12:10:44.259, 2, 0, 97871, 0, 74.46
2026/09/11 12:10:44.259, 3, 0, 97871, 0, 74.82
2026/09/11 12:10:44.459, 0, 0, 97871, 0, 74.03
2026/09/11 12:10:44.459, 1, 0, 97871, 0, 75.46
2026/09/11 12:10:44.459, 2, 0, 97871, 0, 74.44
2026/09/11 12:10:44.459, 3, 0, 97871, 0, 74.76
2026/09/11 12:10:44.659, 0, 0, 97871, 0, 74.00
2026/09/11 12:10:44.659, 1, 0, 97871, 0, 75.45
2026/09/11 12:10:44.659, 2, 0, 97871, 0, 74.46
2026/09/11 12:10:44.659, 3, 0, 97871, 0, 74.80
2026/09/11 12:10:44.859, 0, 0, 97871, 0, 73.97
2026/09/11 12:10:44.860, 1, 0, 97871, 0, 75.44
2026/09/11 12:10:44.860, 2, 0, 97871, 0, 74.46
2026/09/11 12:10:44.860, 3, 0, 97871, 0, 74.80
2026/09/11 12:10:45.060, 0, 0, 97871, 0, 74.02
2026/09/11 12:10:45.060, 1, 0, 97871, 0, 75.43
2026/09/11 12:10:45.060, 2, 0, 97871, 0, 74.48
2026/09/11 12:10:45.060, 3, 0, 97871, 0, 74.75
2026/09/11 12:10:45.260, 0, 0, 97871, 0, 74.03
2026/09/11 12:10:45.260, 1, 0, 97871, 0, 75.40
2026/09/11 12:10:45.260, 2, 0, 97871, 0, 74.48
2026/09/11 12:10:45.260, 3, 0, 97871, 0, 74.78
2026/09/11 12:10:45.460, 0, 0, 97871, 0, 73.99
2026/09/11 12:10:45.460, 1, 0, 97871, 0, 75.39
2026/09/11 12:10:45.461, 2, 0, 97871, 0, 74.51
2026/09/11 12:10:45.461, 3, 0, 97871, 0, 74.86
2026/09/11 12:10:45.661, 0, 0, 97871, 0, 73.99
2026/09/11 12:10:45.661, 1, 0, 97871, 0, 75.41
2026/09/11 12:10:45.661, 2, 0, 97871, 0, 74.51
2026/09/11 12:10:45.661, 3, 0, 97871, 0, 74.82
2026/09/11 12:10:45.861, 0, 0, 97871, 0, 73.99
2026/09/11 12:10:45.861, 1, 0, 97871, 0, 75.40
2026/09/11 12:10:45.861, 2, 0, 97871, 0, 74.48
2026/09/11 12:10:45.861, 3, 0, 97871, 0, 74.78
2026/09/11 12:10:46.061, 0, 0, 97871, 0, 73.92
2026/09/11 12:10:46.061, 1, 0, 97871, 0, 75.40
2026/09/11 12:10:46.061, 2, 0, 97871, 0, 74.45
2026/09/11 12:10:46.061, 3, 0, 97871, 0, 74.79
2026/09/11 12:10:46.262, 0, 0, 97871, 0, 73.91
2026/09/11 12:10:46.262, 1, 0, 97871, 0, 75.40
2026/09/11 12:10:46.262, 2, 0, 97871, 0, 74.43
2026/09/11 12:10:46.262, 3, 0, 97871, 0, 74.80
2026/09/11 12:10:46.462, 0, 0, 97871, 0, 73.91
2026/09/11 12:10:46.462, 1, 0, 97871, 0, 75.42
2026/09/11 12:10:46.462, 2, 0, 97871, 0, 74.41
2026/09/11 12:10:46.462, 3, 0, 97871, 0, 74.80
2026/09/11 12:10:46.662, 0, 0, 97871, 0, 73.91
2026/09/11 12:10:46.662, 1, 0, 97871, 0, 75.40
2026/09/11 12:10:46.662, 2, 0, 97871, 0, 74.41
2026/09/11 12:10:46.662, 3, 0, 97871, 0, 74.75
2026/09/11 12:10:46.862, 0, 0, 97871, 0, 73.92
2026/09/11 12:10:46.863, 1, 0, 97871, 0, 75.38
2026/09/11 12:10:46.863, 2, 0, 97871, 0, 74.41
2026/09/11 12:10:46.863, 3, 0, 97871, 0, 74.78
2026/09/11 12:10:47.063, 0, 0, 97871, 0, 73.94
2026/09/11 12:10:47.063, 1, 0, 97871, 0, 75.38
2026/09/11 12:10:47.063, 2, 0, 97871, 0, 74.40
2026/09/11 12:10:47.063, 3, 0, 97871, 0, 74.81
2026/09/11 12:10:47.263, 0, 0, 97871, 0, 73.95
2026/09/11 12:10:47.263, 1, 0, 97871, 0, 75.35
2026/09/11 12:10:47.263, 2, 0, 97871, 0, 74.38
2026/09/11 12:10:47.263, 3, 0, 97871, 0, 74.82
2026/09/11 12:10:47.463, 0, 0, 97871, 0, 73.92
2026/09/11 12:10:47.464, 1, 0, 97871, 0, 75.36
2026/09/11 12:10:47.464, 2, 0, 97871, 0, 74.36
2026/09/11 12:10:47.464, 3, 0, 97871, 0, 74.73
2026/09/11 12:10:47.664, 0, 0, 97871, 0, 73.92
2026/09/11 12:10:47.664, 1, 0, 97871, 0, 75.35
2026/09/11 12:10:47.664, 2, 0, 97871, 0, 74.35
2026/09/11 12:10:47.664, 3, 0, 97871, 0, 74.76
2026/09/11 12:10:47.864, 0, 0, 97871, 0, 73.92
2026/09/11 12:10:47.864, 1, 0, 97871, 0, 75.38
2026/09/11 12:10:47.864, 2, 0, 97871, 0, 74.36
2026/09/11 12:10:47.864, 3, 0, 97871, 0, 74.76
2026/09/11 12:10:48.064, 0, 0, 97871, 0, 73.86
2026/09/11 12:10:48.065, 1, 0, 97871, 0, 75.38
2026/09/11 12:10:48.065, 2, 0, 97871, 0, 74.37
2026/09/11 12:10:48.065, 3, 0, 97871, 0, 74.69
2026/09/11 12:10:48.265, 0, 0, 97871, 0, 73.85
2026/09/11 12:10:48.265, 1, 0, 97871, 0, 75.41
2026/09/11 12:10:48.265, 2, 0, 97871, 0, 74.38
2026/09/11 12:10:48.265, 3, 0, 97871, 0, 74.66
2026/09/11 12:10:48.465, 0, 0, 97871, 0, 73.90
2026/09/11 12:10:48.465, 1, 0, 97871, 0, 75.40
2026/09/11 12:10:48.465, 2, 0, 97871, 0, 74.36
2026/09/11 12:10:48.465, 3, 0, 97871, 0, 74.74
2026/09/11 12:10:48.665, 0, 0, 97871, 0, 73.89
2026/09/11 12:10:48.665, 1, 0, 97871, 0, 75.41
2026/09/11 12:10:48.665, 2, 0, 97871, 0, 74.37
2026/09/11 12:10:48.665, 3, 0, 97871, 0, 74.73
2026/09/11 12:10:48.866, 0, 0, 97871, 0, 73.90
2026/09/11 12:10:48.866, 1, 0, 97871, 0, 75.40
2026/09/11 12:10:48.866, 2, 0, 97871, 0, 74.36
2026/09/11 12:10:48.866, 3, 0, 97871, 0, 74.74
2026/09/11 12:10:49.066, 0, 0, 97871, 0, 73.93
2026/09/11 12:10:49.066, 1, 0, 97871, 0, 75.37
2026/09/11 12:10:49.066, 2, 0, 97871, 0, 74.36
2026/09/11 12:10:49.066, 3, 0, 97871, 0, 74.71
2026/09/11 12:10:49.266, 0, 0, 97871, 0, 73.92
2026/09/11 12:10:49.266, 1, 0, 97871, 0, 75.34
2026/09/11 12:10:49.266, 2, 0, 97871, 0, 74.35
2026/09/11 12:10:49.266, 3, 0, 97871, 0, 74.76
2026/09/11 12:10:49.466, 0, 0, 97871, 0, 73.91
2026/09/11 12:10:49.466, 1, 0, 97871, 0, 75.34
2026/09/11 12:10:49.467, 2, 0, 97871, 0, 74.36
2026/09/11 12:10:49.467, 3, 0, 97871, 0, 74.75
2026/09/11 12:10:49.667, 0, 0, 97871, 0, 73.95
2026/09/11 12:10:49.667, 1, 0, 97871, 0, 75.34
2026/09/11 12:10:49.667, 2, 0, 97871, 0, 74.35
2026/09/11 12:10:49.667, 3, 0, 97871, 0, 74.71
2026/09/11 12:10:49.867, 0, 0, 97871, 0, 73.93
2026/09/11 12:10:49.867, 1, 0, 97871, 0, 75.36
2026/09/11 12:10:49.867, 2, 0, 97871, 0, 74.36
2026/09/11 12:10:49.867, 3, 0, 97871, 0, 74.69
2026/09/11 12:10:50.067, 0, 0, 97871, 0, 73.93
2026/09/11 12:10:50.067, 1, 0, 97871, 0, 75.37
2026/09/11 12:10:50.067, 2, 0, 97871, 0, 74.38
2026/09/11 12:10:50.068, 3, 0, 97871, 0, 74.74
2026/09/11 12:10:50.268, 0, 0, 97871, 0, 73.91
2026/09/11 12:10:50.268, 1, 0, 97871, 0, 75.40
2026/09/11 12:10:50.268, 2, 0, 97871, 0, 74.37
2026/09/11 12:10:50.268, 3, 0, 97871, 0, 74.71
2026/09/11 12:10:50.468, 0, 0, 97871, 0, 73.94
2026/09/11 12:10:50.468, 1, 0, 97871, 0, 75.41
2026/09/11 12:10:50.468, 2, 0, 97871, 0, 74.39
2026/09/11 12:10:50.468, 3, 0, 97871, 0, 74.67
2026/09/11 12:10:50.668, 0, 0, 97871, 0, 73.91
2026/09/11 12:10:50.668, 1, 0, 97871, 0, 75.40
2026/09/11 12:10:50.668, 2, 0, 97871, 0, 74.40
2026/09/11 12:10:50.668, 3, 0, 97871, 0, 74.68
2026/09/11 12:10:50.869, 0, 0, 97871, 0, 73.93
2026/09/11 12:10:50.869, 1, 0, 97871, 0, 75.40
2026/09/11 12:10:50.869, 2, 0, 97871, 0, 74.41
2026/09/11 12:10:50.869, 3, 0, 97871, 0, 74.68
2026/09/11 12:10:51.069, 0, 0, 97871, 0, 73.94
2026/09/11 12:10:51.069, 1, 0, 97871, 0, 75.40
2026/09/11 12:10:51.069, 2, 0, 97871, 0, 74.41
2026/09/11 12:10:51.069, 3, 0, 97871, 0, 74.69
2026/09/11 12:10:51.269, 0, 0, 97871, 0, 73.95
2026/09/11 12:10:51.269, 1, 0, 97871, 0, 75.38
2026/09/11 12:10:51.269, 2, 0, 97871, 0, 74.43
2026/09/11 12:10:51.269, 3, 0, 97871, 0, 74.63
2026/09/11 12:10:51.470, 0, 0, 97871, 0, 73.89
2026/09/11 12:10:51.470, 1, 0, 97871, 0, 75.33
2026/09/11 12:10:51.470, 2, 0, 97871, 0, 74.42
2026/09/11 12:10:51.470, 3, 0, 97871, 0, 74.65
2026/09/11 12:10:51.670, 0, 0, 97871, 0, 73.89
2026/09/11 12:10:51.670, 1, 0, 97871, 0, 75.33
2026/09/11 12:10:51.670, 2, 0, 97871, 0, 74.40
2026/09/11 12:10:51.670, 3, 0, 97871, 0, 74.68
2026/09/11 12:10:51.870, 0, 0, 97871, 0, 73.88
2026/09/11 12:10:51.870, 1, 0, 97871, 0, 75.31
2026/09/11 12:10:51.870, 2, 0, 97871, 0, 74.35
2026/09/11 12:10:51.870, 3, 0, 97871, 0, 74.69
2026/09/11 12:10:52.071, 0, 0, 97871, 0, 73.87
2026/09/11 12:10:52.071, 1, 0, 97871, 0, 75.28
2026/09/11 12:10:52.071, 2, 0, 97871, 0, 74.31
2026/09/11 12:10:52.071, 3, 0, 97871, 0, 74.62
2026/09/11 12:10:52.271, 0, 0, 97871, 0, 73.90
2026/09/11 12:10:52.271, 1, 0, 97871, 0, 75.30
2026/09/11 12:10:52.271, 2, 0, 97871, 0, 74.30
2026/09/11 12:10:52.271, 3, 0, 97871, 0, 74.68
2026/09/11 12:10:52.471, 0, 0, 97871, 0, 73.91
2026/09/11 12:10:52.471, 1, 0, 97871, 0, 75.31
2026/09/11 12:10:52.471, 2, 0, 97871, 0, 74.30
2026/09/11 12:10:52.471, 3, 0, 97871, 0, 74.70
2026/09/11 12:10:52.671, 0, 0, 97871, 0, 73.88
2026/09/11 12:10:52.672, 1, 0, 97871, 0, 75.31
2026/09/11 12:10:52.672, 2, 0, 97871, 0, 74.29
2026/09/11 12:10:52.672, 3, 0, 97871, 0, 74.68
2026/09/11 12:10:52.872, 0, 0, 97871, 0, 73.88
2026/09/11 12:10:52.872, 1, 0, 97871, 0, 75.32
2026/09/11 12:10:52.872, 2, 0, 97871, 0, 74.34
2026/09/11 12:10:52.872, 3, 0, 97871, 0, 74.63
2026/09/11 12:10:53.072, 0, 0, 97871, 0, 73.90
2026/09/11 12:10:53.072, 1, 0, 97871, 0, 75.33
2026/09/11 12:10:53.072, 2, 0, 97871, 0, 74.36
2026/09/11 12:10:53.072, 3, 0, 97871, 0, 74.64
2026/09/11 12:10:53.272, 0, 0, 97871, 0, 73.86
2026/09/11 12:10:53.272, 1, 0, 97871, 0, 75.33
2026/09/11 12:10:53.272, 2, 0, 97871, 0, 74.35
2026/09/11 12:10:53.273, 3, 0, 97871, 0, 74.68
2026/09/11 12:10:53.473, 0, 0, 97871, 0, 73.84
2026/09/11 12:10:53.473, 1, 0, 97871, 0, 75.31
2026/09/11 12:10:53.473, 2, 0, 97871, 0, 74.36
2026/09/11 12:10:53.473, 3, 0, 97871, 0, 74.67
2026/09/11 12:10:53.673, 0, 0, 97871, 0, 73.86
2026/09/11 12:10:53.673, 1, 0, 97871, 0, 75.31
2026/09/11 12:10:53.673, 2, 0, 97871, 0, 74.35
2026/09/11 12:10:53.673, 3, 0, 97871, 0, 74.62
2026/09/11 12:10:53.873, 0, 0, 97871, 0, 73.81
2026/09/11 12:10:53.873, 1, 0, 97871, 0, 75.29
2026/09/11 12:10:53.873, 2, 0, 97871, 0, 74.35
2026/09/11 12:10:53.873, 3, 0, 97871, 0, 74.70
2026/09/11 12:10:54.073, 0, 0, 97871, 0, 73.79
2026/09/11 12:10:54.074, 1, 0, 97871, 0, 75.30
2026/09/11 12:10:54.074, 2, 0, 97871, 0, 74.34
2026/09/11 12:10:54.074, 3, 0, 97871, 0, 74.75
2026/09/11 12:10:54.274, 0, 0, 97871, 0, 73.81
2026/09/11 12:10:54.274, 1, 0, 97871, 0, 75.31
2026/09/11 12:10:54.274, 2, 0, 97871, 0, 74.33
2026/09/11 12:10:54.274, 3, 0, 97871, 0, 74.68
2026/09/11 12:10:54.474, 0, 0, 97871, 0, 73.82
2026/09/11 12:10:54.474, 1, 0, 97871, 0, 75.30
2026/09/11 12:10:54.474, 2, 0, 97871, 0, 74.34
2026/09/11 12:10:54.474, 3, 0, 97871, 0, 74.66
2026/09/11 12:10:54.674, 0, 0, 97871, 0, 73.78
2026/09/11 12:10:54.674, 1, 0, 97871, 0, 75.30
2026/09/11 12:10:54.675, 2, 0, 97871, 0, 74.33
2026/09/11 12:10:54.675, 3, 0, 97871, 0, 74.74
2026/09/11 12:10:54.875, 0, 0, 97871, 0, 73.78
2026/09/11 12:10:54.875, 1, 0, 97871, 0, 75.32
2026/09/11 12:10:54.875, 2, 0, 97871, 0, 74.33
2026/09/11 12:10:54.875, 3, 0, 97871, 0, 74.75
2026/09/11 12:10:55.075, 0, 0, 97871, 0, 73.78
2026/09/11 12:10:55.075, 1, 0, 97871, 0, 75.31
2026/09/11 12:10:55.075, 2, 0, 97871, 0, 74.30
2026/09/11 12:10:55.075, 3, 0, 97871, 0, 74.70
2026/09/11 12:10:55.275, 0, 0, 97871, 0, 73.76
2026/09/11 12:10:55.275, 1, 0, 97871, 0, 75.31
2026/09/11 12:10:55.275, 2, 0, 97871, 0, 74.29
2026/09/11 12:10:55.276, 3, 0, 97871, 0, 74.71
2026/09/11 12:10:55.476, 0, 0, 97871, 0, 73.72
2026/09/11 12:10:55.476, 1, 0, 97871, 0, 75.29
2026/09/11 12:10:55.476, 2, 0, 97871, 0, 74.27
2026/09/11 12:10:55.476, 3, 0, 97871, 0, 74.76
2026/09/11 12:10:55.676, 0, 0, 97871, 0, 73.79
2026/09/11 12:10:55.676, 1, 0, 97871, 0, 75.28
2026/09/11 12:10:55.676, 2, 0, 97871, 0, 74.27
2026/09/11 12:10:55.676, 3, 0, 97871, 0, 74.76
2026/09/11 12:10:55.876, 0, 0, 97871, 0, 73.84
2026/09/11 12:10:55.876, 1, 0, 97871, 0, 75.27
2026/09/11 12:10:55.876, 2, 0, 97871, 0, 74.24
2026/09/11 12:10:55.876, 3, 0, 97871, 0, 74.71
2026/09/11 12:10:56.077, 0, 0, 97871, 0, 73.83
2026/09/11 12:10:56.077, 1, 0, 97871, 0, 75.28
2026/09/11 12:10:56.077, 2, 0, 97871, 0, 74.28
2026/09/11 12:10:56.077, 3, 0, 97871, 0, 74.66
2026/09/11 12:10:56.277, 0, 0, 97871, 0, 73.85
2026/09/11 12:10:56.277, 1, 0, 97871, 0, 75.29
2026/09/11 12:10:56.277, 2, 0, 97871, 0, 74.29
2026/09/11 12:10:56.277, 3, 0, 97871, 0, 74.70
2026/09/11 12:10:56.477, 0, 0, 97871, 0, 73.87
2026/09/11 12:10:56.477, 1, 0, 97871, 0, 75.31
2026/09/11 12:10:56.477, 2, 0, 97871, 0, 74.32
2026/09/11 12:10:56.477, 3, 0, 97871, 0, 74.71
2026/09/11 12:10:56.678, 0, 0, 97871, 0, 73.83
2026/09/11 12:10:56.678, 1, 0, 97871, 0, 75.31
2026/09/11 12:10:56.678, 2, 0, 97871, 0, 74.32
2026/09/11 12:10:56.678, 3, 0, 97871, 0, 74.70
2026/09/11 12:10:56.878, 0, 0, 97871, 0, 73.81
2026/09/11 12:10:56.878, 1, 0, 97871, 0, 75.31
2026/09/11 12:10:56.878, 2, 0, 97871, 0, 74.33
2026/09/11 12:10:56.878, 3, 0, 97871, 0, 74.72
2026/09/11 12:10:57.078, 0, 0, 97871, 0, 73.83
2026/09/11 12:10:57.078, 1, 0, 97871, 0, 75.31
2026/09/11 12:10:57.078, 2, 0, 97871, 0, 74.32
2026/09/11 12:10:57.078, 3, 0, 97871, 0, 74.75
2026/09/11 12:10:57.278, 0, 0, 97871, 0, 73.85
2026/09/11 12:10:57.279, 1, 0, 97871, 0, 75.28
2026/09/11 12:10:57.279, 2, 0, 97871, 0, 74.31
2026/09/11 12:10:57.279, 3, 0, 97871, 0, 74.75
2026/09/11 12:10:57.479, 0, 0, 97871, 0, 73.84
2026/09/11 12:10:57.479, 1, 0, 97871, 0, 75.25
2026/09/11 12:10:57.479, 2, 0, 97871, 0, 74.27
2026/09/11 12:10:57.479, 3, 0, 97871, 0, 74.67
2026/09/11 12:10:57.679, 0, 0, 97871, 0, 73.86
2026/09/11 12:10:57.679, 1, 0, 97871, 0, 75.25
2026/09/11 12:10:57.679, 2, 0, 97871, 0, 74.28
2026/09/11 12:10:57.679, 3, 0, 97871, 0, 74.63
2026/09/11 12:10:57.879, 0, 0, 97871, 0, 73.87
2026/09/11 12:10:57.880, 1, 0, 97871, 0, 75.23
2026/09/11 12:10:57.880, 2, 0, 97871, 0, 74.29
2026/09/11 12:10:57.880, 3, 0, 97871, 0, 74.66
2026/09/11 12:10:58.080, 0, 0, 97871, 0, 73.86
2026/09/11 12:10:58.080, 1, 0, 97871, 0, 75.22
2026/09/11 12:10:58.080, 2, 0, 97871, 0, 74.29
2026/09/11 12:10:58.080, 3, 0, 97871, 0, 74.66
2026/09/11 12:10:58.280, 0, 0, 97871, 0, 73.88
2026/09/11 12:10:58.280, 1, 0, 97871, 0, 75.24
2026/09/11 12:10:58.280, 2, 0, 97871, 0, 74.29
2026/09/11 12:10:58.280, 3, 0, 97871, 0, 74.62
2026/09/11 12:10:58.480, 0, 0, 97871, 0, 73.87
2026/09/11 12:10:58.481, 1, 0, 97871, 0, 75.24
2026/09/11 12:10:58.481, 2, 0, 97871, 0, 74.34
2026/09/11 12:10:58.481, 3, 0, 97871, 0, 74.64
2026/09/11 12:10:58.681, 0, 0, 97871, 0, 73.83
2026/09/11 12:10:58.681, 1, 0, 97871, 0, 75.21
2026/09/11 12:10:58.681, 2, 0, 97871, 0, 74.34
2026/09/11 12:10:58.681, 3, 0, 97871, 0, 74.67
2026/09/11 12:10:58.881, 0, 0, 97871, 0, 73.82
2026/09/11 12:10:58.881, 1, 0, 97871, 0, 75.23
2026/09/11 12:10:58.881, 2, 0, 97871, 0, 74.35
2026/09/11 12:10:58.881, 3, 0, 97871, 0, 74.65
2026/09/11 12:10:59.081, 0, 0, 97871, 0, 73.84
2026/09/11 12:10:59.081, 1, 0, 97871, 0, 75.24
2026/09/11 12:10:59.081, 2, 0, 97871, 0, 74.33
2026/09/11 12:10:59.082, 3, 0, 97871, 0, 74.60
2026/09/11 12:10:59.282, 0, 0, 97871, 0, 73.81
2026/09/11 12:10:59.282, 1, 0, 97871, 0, 75.22
2026/09/11 12:10:59.282, 2, 0, 97871, 0, 74.31
2026/09/11 12:10:59.282, 3, 0, 97871, 0, 74.63
2026/09/11 12:10:59.482, 0, 0, 97871, 0, 73.77
2026/09/11 12:10:59.482, 1, 0, 97871, 0, 75.22
2026/09/11 12:10:59.482, 2, 0, 97871, 0, 74.26
2026/09/11 12:10:59.482, 3, 0, 97871, 0, 74.65
2026/09/11 12:10:59.682, 0, 0, 97871, 0, 73.75
2026/09/11 12:10:59.682, 1, 0, 97871, 0, 75.21
2026/09/11 12:10:59.682, 2, 0, 97871, 0, 74.22
2026/09/11 12:10:59.682, 3, 0, 97871, 0, 74.67
2026/09/11 12:10:59.883, 0, 0, 97871, 0, 73.76
2026/09/11 12:10:59.883, 1, 0, 97871, 0, 75.21
2026/09/11 12:10:59.883, 2, 0, 97871, 0, 74.20
2026/09/11 12:10:59.883, 3, 0, 97871, 0, 74.62
2026/09/11 12:11:00.083, 0, 0, 97871, 0, 73.71
2026/09/11 12:11:00.083, 1, 0, 97871, 0, 75.21
2026/09/11 12:11:00.083, 2, 0, 97871, 0, 74.18
2026/09/11 12:11:00.083, 3, 0, 97871, 0, 74.67
2026/09/11 12:11:00.283, 0, 0, 97871, 0, 73.71
2026/09/11 12:11:00.283, 1, 0, 97871, 0, 75.23
2026/09/11 12:11:00.283, 2, 0, 97871, 0, 74.21
2026/09/11 12:11:00.283, 3, 0, 97871, 0, 74.69
2026/09/11 12:11:00.484, 0, 0, 97871, 0, 73.77
2026/09/11 12:11:00.484, 1, 0, 97871, 0, 75.24
2026/09/11 12:11:00.484, 2, 0, 97871, 0, 74.21
2026/09/11 12:11:00.484, 3, 0, 97871, 0, 74.68
2026/09/11 12:11:00.684, 0, 0, 97871, 0, 73.76
2026/09/11 12:11:00.684, 1, 0, 97871, 0, 75.24
2026/09/11 12:11:00.684, 2, 0, 97871, 0, 74.22
2026/09/11 12:11:00.684, 3, 0, 97871, 0, 74.64
2026/09/11 12:11:00.884, 0, 0, 97871, 0, 73.73
2026/09/11 12:11:00.885, 1, 0, 97871, 0, 75.24
2026/09/11 12:11:00.885, 2, 0, 97871, 0, 74.23
2026/09/11 12:11:00.885, 3, 0, 97871, 0, 74.67
2026/09/11 12:11:01.085, 0, 0, 97871, 0, 73.75
2026/09/11 12:11:01.085, 1, 0, 97871, 0, 75.25
2026/09/11 12:11:01.085, 2, 0, 97871, 0, 74.22
2026/09/11 12:11:01.085, 3, 0, 97871, 0, 74.66
2026/09/11 12:11:01.285, 0, 0, 97871, 0, 73.71
2026/09/11 12:11:01.285, 1, 0, 97871, 0, 75.25
2026/09/11 12:11:01.285, 2, 0, 97871, 0, 74.21
2026/09/11 12:11:01.285, 3, 0, 97871, 0, 74.62
2026/09/11 12:11:01.485, 0, 0, 97871, 0, 73.69
2026/09/11 12:11:01.486, 1, 0, 97871, 0, 75.24
2026/09/11 12:11:01.486, 2, 0, 97871, 0, 74.22
2026/09/11 12:11:01.486, 3, 0, 97871, 0, 74.57
2026/09/11 12:11:01.686, 0, 0, 97871, 0, 73.74
2026/09/11 12:11:01.686, 1, 0, 97871, 0, 75.24
2026/09/11 12:11:01.686, 2, 0, 97871, 0, 74.19
2026/09/11 12:11:01.686, 3, 0, 97871, 0, 74.63
2026/09/11 12:11:01.886, 0, 0, 97871, 0, 73.78
2026/09/11 12:11:01.886, 1, 0, 97871, 0, 75.21
2026/09/11 12:11:01.886, 2, 0, 97871, 0, 74.21
2026/09/11 12:11:01.886, 3, 0, 97871, 0, 74.63
2026/09/11 12:11:02.086, 0, 0, 97871, 0, 73.77
2026/09/11 12:11:02.087, 1, 0, 97871, 0, 75.18
2026/09/11 12:11:02.087, 2, 0, 97871, 0, 74.20
2026/09/11 12:11:02.087, 3, 0, 97871, 0, 74.61
2026/09/11 12:11:02.287, 0, 0, 97871, 0, 73.80
2026/09/11 12:11:02.287, 1, 0, 97871, 0, 75.17
2026/09/11 12:11:02.287, 2, 0, 97871, 0, 74.21
2026/09/11 12:11:02.287, 3, 0, 97871, 0, 74.59
2026/09/11 12:11:02.487, 0, 0, 97871, 0, 73.82
2026/09/11 12:11:02.487, 1, 0, 97871, 0, 75.19
2026/09/11 12:11:02.487, 2, 0, 97871, 0, 74.20
2026/09/11 12:11:02.487, 3, 0, 97871, 0, 74.65
2026/09/11 12:11:02.687, 0, 0, 97871, 0, 73.77
2026/09/11 12:11:02.687, 1, 0, 97871, 0, 75.20
2026/09/11 12:11:02.687, 2, 0, 97871, 0, 74.22
2026/09/11 12:11:02.688, 3, 0, 97871, 0, 74.64
2026/09/11 12:11:02.888, 0, 0, 97871, 0, 73.76
2026/09/11 12:11:02.888, 1, 0, 97871, 0, 75.22
2026/09/11 12:11:02.888, 2, 0, 97871, 0, 74.21
2026/09/11 12:11:02.888, 3, 0, 97871, 0, 74.63
2026/09/11 12:11:03.088, 0, 0, 97871, 0, 73.78
2026/09/11 12:11:03.088, 1, 0, 97871, 0, 75.23
2026/09/11 12:11:03.088, 2, 0, 97871, 0, 74.20
2026/09/11 12:11:03.088, 3, 0, 97871, 0, 74.62
2026/09/11 12:11:03.288, 0, 0, 97871, 0, 73.76
2026/09/11 12:11:03.288, 1, 0, 97871, 0, 75.25
2026/09/11 12:11:03.288, 2, 0, 97871, 0, 74.18
2026/09/11 12:11:03.288, 3, 0, 97871, 0, 74.66
2026/09/11 12:11:03.489, 0, 0, 97871, 0, 73.73
2026/09/11 12:11:03.489, 1, 0, 97871, 0, 75.24
2026/09/11 12:11:03.489, 2, 0, 97871, 0, 74.19
2026/09/11 12:11:03.489, 3, 0, 97871, 0, 74.65
2026/09/11 12:11:03.689, 0, 1, 97871, 0, 73.78
2026/09/11 12:11:03.689, 1, 1, 97871, 0, 75.22
2026/09/11 12:11:03.689, 2, 1, 97871, 0, 74.18
2026/09/11 12:11:03.689, 3, 0, 97871, 0, 74.60
2026/09/11 12:11:03.889, 0, 1, 97871, 0, 73.78
2026/09/11 12:11:03.890, 1, 1, 97871, 0, 75.20
2026/09/11 12:11:03.891, 2, 1, 97871, 0, 74.22
2026/09/11 12:11:03.892, 3, 1, 97871, 0, 74.61
2026/09/11 12:11:04.092, 0, 4, 97871, 0, 73.79
2026/09/11 12:11:04.095, 1, 4, 97871, 0, 75.20
2026/09/11 12:11:04.098, 2, 1, 97871, 0, 74.23
2026/09/11 12:11:04.099, 3, 1, 97871, 0, 74.64
2026/09/11 12:11:04.301, 0, 4, 97871, 0, 73.79
2026/09/11 12:11:04.302, 1, 4, 97871, 0, 75.18
2026/09/11 12:11:04.302, 2, 2, 97871, 0, 74.28
2026/09/11 12:11:04.303, 3, 1, 97871, 0, 74.62
2026/09/11 12:11:04.503, 0, 4, 97871, 0, 73.81
2026/09/11 12:11:04.504, 1, 4, 97871, 0, 75.19
2026/09/11 12:11:04.504, 2, 4, 97871, 0, 74.31
2026/09/11 12:11:04.505, 3, 1, 97871, 0, 74.62
2026/09/11 12:11:04.705, 0, 4, 97871, 0, 73.77
2026/09/11 12:11:04.705, 1, 4, 97871, 0, 75.22
2026/09/11 12:11:04.705, 2, 4, 97871, 0, 74.35
2026/09/11 12:11:04.705, 3, 4, 97871, 0, 74.66
2026/09/11 12:11:04.906, 0, 4, 97871, 0, 73.75
2026/09/11 12:11:04.906, 1, 4, 97871, 0, 75.22
2026/09/11 12:11:04.906, 2, 4, 97871, 0, 74.33
2026/09/11 12:11:04.906, 3, 4, 97871, 0, 74.66
2026/09/11 12:11:05.106, 0, 4, 97871, 0, 73.73
2026/09/11 12:11:05.106, 1, 4, 97871, 0, 75.22
2026/09/11 12:11:05.106, 2, 4, 97871, 0, 74.28
2026/09/11 12:11:05.106, 3, 4, 97871, 0, 74.65
2026/09/11 12:11:05.306, 0, 4, 97871, 0, 73.72
2026/09/11 12:11:05.306, 1, 4, 97871, 0, 75.22
2026/09/11 12:11:05.306, 2, 4, 97871, 0, 74.22
2026/09/11 12:11:05.306, 3, 4, 97871, 0, 74.64
2026/09/11 12:11:05.506, 0, 4, 97871, 0, 73.71
2026/09/11 12:11:05.507, 1, 4, 97871, 0, 75.21
2026/09/11 12:11:05.507, 2, 4, 97871, 0, 74.19
2026/09/11 12:11:05.507, 3, 4, 97871, 0, 74.64
2026/09/11 12:11:05.707, 0, 4, 97871, 0, 73.74
2026/09/11 12:11:05.707, 1, 4, 97871, 0, 75.19
2026/09/11 12:11:05.707, 2, 4, 97871, 0, 74.18
2026/09/11 12:11:05.707, 3, 4, 97871, 0, 74.65
2026/09/11 12:11:05.907, 0, 4, 97871, 0, 73.74
2026/09/11 12:11:05.907, 1, 4, 97871, 0, 75.17
2026/09/11 12:11:05.907, 2, 4, 97871, 0, 74.16
2026/09/11 12:11:05.907, 3, 4, 97871, 0, 74.69
2026/09/11 12:11:06.107, 0, 4, 97871, 0, 73.72
2026/09/11 12:11:06.108, 1, 4, 97871, 0, 75.17
2026/09/11 12:11:06.108, 2, 4, 97871, 0, 74.18
2026/09/11 12:11:06.108, 3, 4, 97871, 0, 74.65
2026/09/11 12:11:06.308, 0, 4, 97871, 0, 73.73
2026/09/11 12:11:06.308, 1, 4, 97871, 0, 75.17
2026/09/11 12:11:06.308, 2, 4, 97871, 0, 74.19
2026/09/11 12:11:06.308, 3, 4, 97871, 0, 74.69
2026/09/11 12:11:06.508, 0, 4, 97871, 0, 73.76
2026/09/11 12:11:06.508, 1, 4, 97871, 0, 75.19
2026/09/11 12:11:06.508, 2, 4, 97871, 0, 74.17
2026/09/11 12:11:06.508, 3, 4, 97871, 0, 74.70
2026/09/11 12:11:06.708, 0, 4, 97871, 0, 73.74
2026/09/11 12:11:06.709, 1, 4, 97871, 0, 75.19
2026/09/11 12:11:06.709, 2, 4, 97871, 0, 74.17
2026/09/11 12:11:06.709, 3, 4, 97871, 0, 74.71
2026/09/11 12:11:06.909, 0, 4, 97871, 0, 73.74
2026/09/11 12:11:06.909, 1, 4, 97871, 0, 75.21
2026/09/11 12:11:06.909, 2, 4, 97871, 0, 74.17
2026/09/11 12:11:06.909, 3, 4, 97871, 0, 74.62
2026/09/11 12:11:07.109, 0, 4, 97871, 0, 73.77
2026/09/11 12:11:07.109, 1, 4, 97871, 0, 75.22
2026/09/11 12:11:07.109, 2, 4, 97871, 0, 74.16
2026/09/11 12:11:07.109, 3, 4, 97871, 0, 74.65
2026/09/11 12:11:07.309, 0, 4, 97871, 0, 73.76
2026/09/11 12:11:07.309, 1, 4, 97871, 0, 75.21
2026/09/11 12:11:07.309, 2, 4, 97871, 0, 74.15
2026/09/11 12:11:07.310, 3, 4, 97871, 0, 74.68
2026/09/11 12:11:07.510, 0, 4, 97871, 0, 73.71
2026/09/11 12:11:07.510, 1, 4, 97871, 0, 75.21
2026/09/11 12:11:07.510, 2, 4, 97871, 0, 74.15
2026/09/11 12:11:07.510, 3, 4, 97871, 0, 74.64
2026/09/11 12:11:07.710, 0, 4, 97871, 0, 73.75
2026/09/11 12:11:07.710, 1, 4, 97871, 0, 75.20
2026/09/11 12:11:07.710, 2, 4, 97871, 0, 74.18
2026/09/11 12:11:07.710, 3, 4, 97871, 0, 74.61
2026/09/11 12:11:07.910, 0, 4, 97871, 0, 73.77
2026/09/11 12:11:07.910, 1, 4, 97871, 0, 75.19
2026/09/11 12:11:07.910, 2, 4, 97871, 0, 74.20
2026/09/11 12:11:07.910, 3, 4, 97871, 0, 74.67
2026/09/11 12:11:08.111, 0, 4, 97871, 0, 73.72
2026/09/11 12:11:08.111, 1, 4, 97871, 0, 75.18
2026/09/11 12:11:08.111, 2, 4, 97871, 0, 74.21
2026/09/11 12:11:08.111, 3, 4, 97871, 0, 74.69
2026/09/11 12:11:08.311, 0, 4, 97871, 0, 73.75
2026/09/11 12:11:08.311, 1, 4, 97871, 0, 75.20
2026/09/11 12:11:08.311, 2, 4, 97871, 0, 74.24
2026/09/11 12:11:08.311, 3, 4, 97871, 0, 74.64
2026/09/11 12:11:08.511, 0, 4, 97871, 0, 73.79
2026/09/11 12:11:08.511, 1, 4, 97871, 0, 75.22
2026/09/11 12:11:08.511, 2, 4, 97871, 0, 74.24
2026/09/11 12:11:08.511, 3, 4, 97871, 0, 74.61
2026/09/11 12:11:08.712, 0, 4, 97871, 0, 73.78
2026/09/11 12:11:08.712, 1, 4, 97871, 0, 75.22
2026/09/11 12:11:08.712, 2, 4, 97871, 0, 74.21
2026/09/11 12:11:08.712, 3, 4, 97871, 0, 74.65
2026/09/11 12:11:08.912, 0, 4, 97871, 0, 73.76
2026/09/11 12:11:08.912, 1, 4, 97871, 0, 75.21
2026/09/11 12:11:08.912, 2, 4, 97871, 0, 74.21
2026/09/11 12:11:08.912, 3, 4, 97871, 0, 74.68
2026/09/11 12:11:09.112, 0, 4, 97871, 0, 73.80
2026/09/11 12:11:09.112, 1, 4, 97871, 0, 75.23
2026/09/11 12:11:09.112, 2, 4, 97871, 0, 74.19
2026/09/11 12:11:09.112, 3, 4, 97871, 0, 74.62
2026/09/11 12:11:09.313, 0, 4, 97871, 0, 73.79
2026/09/11 12:11:09.313, 1, 4, 97871, 0, 75.22
2026/09/11 12:11:09.313, 2, 4, 97871, 0, 74.19
2026/09/11 12:11:09.313, 3, 4, 97871, 0, 74.61
2026/09/11 12:11:09.513, 0, 4, 97871, 0, 73.74
2026/09/11 12:11:09.513, 1, 4, 97871, 0, 75.21
2026/09/11 12:11:09.513, 2, 4, 97871, 0, 74.18
2026/09/11 12:11:09.513, 3, 4, 97871, 0, 74.65
2026/09/11 12:11:09.713, 0, 4, 97871, 0, 73.79
2026/09/11 12:11:09.713, 1, 4, 97871, 0, 75.21
2026/09/11 12:11:09.713, 2, 4, 97871, 0, 74.20
2026/09/11 12:11:09.713, 3, 4, 97871, 0, 74.66
2026/09/11 12:11:09.913, 0, 4, 97871, 0, 73.78
2026/09/11 12:11:09.913, 1, 4, 97871, 0, 75.20
2026/09/11 12:11:09.913, 2, 4, 97871, 0, 74.20
2026/09/11 12:11:09.913, 3, 4, 97871, 0, 74.61
2026/09/11 12:11:10.114, 0, 4, 97871, 0, 73.76
2026/09/11 12:11:10.114, 1, 4, 97871, 0, 75.17
2026/09/11 12:11:10.114, 2, 4, 97871, 0, 74.20
2026/09/11 12:11:10.114, 3, 4, 97871, 0, 74.60
2026/09/11 12:11:10.314, 0, 4, 97871, 0, 73.78
2026/09/11 12:11:10.314, 1, 4, 97871, 0, 75.15
2026/09/11 12:11:10.314, 2, 4, 97871, 0, 74.20
2026/09/11 12:11:10.314, 3, 4, 97871, 0, 74.61
2026/09/11 12:11:10.514, 0, 4, 97871, 0, 73.81
2026/09/11 12:11:10.514, 1, 4, 97871, 0, 75.17
2026/09/11 12:11:10.514, 2, 4, 97871, 0, 74.16
2026/09/11 12:11:10.514, 3, 4, 97871, 0, 74.60
2026/09/11 12:11:10.714, 0, 4, 97871, 0, 73.77
2026/09/11 12:11:10.715, 1, 4, 97871, 0, 75.16
2026/09/11 12:11:10.715, 2, 4, 97871, 0, 74.13
2026/09/11 12:11:10.715, 3, 4, 97871, 0, 74.58
2026/09/11 12:11:10.915, 0, 4, 97871, 0, 73.75
2026/09/11 12:11:10.915, 1, 4, 97871, 0, 75.17
2026/09/11 12:11:10.915, 2, 4, 97871, 0, 74.10
2026/09/11 12:11:10.915, 3, 4, 97871, 0, 74.57
2026/09/11 12:11:11.115, 0, 4, 97871, 0, 73.76
2026/09/11 12:11:11.115, 1, 4, 97871, 0, 75.17
2026/09/11 12:11:11.115, 2, 4, 97871, 0, 74.09
2026/09/11 12:11:11.115, 3, 4, 97871, 0, 74.59
2026/09/11 12:11:11.315, 0, 4, 97871, 0, 73.75
2026/09/11 12:11:11.315, 1, 4, 97871, 0, 75.17
2026/09/11 12:11:11.316, 2, 4, 97871, 0, 74.10
2026/09/11 12:11:11.316, 3, 4, 97871, 0, 74.61
2026/09/11 12:11:11.516, 0, 4, 97871, 0, 73.71
2026/09/11 12:11:11.516, 1, 4, 97871, 0, 75.16
2026/09/11 12:11:11.516, 2, 4, 97871, 0, 74.11
2026/09/11 12:11:11.516, 3, 4, 97871, 0, 74.54
2026/09/11 12:11:11.716, 0, 4, 97871, 0, 73.69
2026/09/11 12:11:11.716, 1, 4, 97871, 0, 75.15
2026/09/11 12:11:11.716, 2, 4, 97871, 0, 74.12
2026/09/11 12:11:11.716, 3, 4, 97871, 0, 74.52
2026/09/11 12:11:11.916, 0, 4, 97871, 0, 73.72
2026/09/11 12:11:11.916, 1, 4, 97871, 0, 75.15
2026/09/11 12:11:11.916, 2, 4, 97871, 0, 74.13
2026/09/11 12:11:11.917, 3, 4, 97871, 0, 74.56
2026/09/11 12:11:12.117, 0, 4, 97871, 0, 73.71
2026/09/11 12:11:12.117, 1, 4, 97871, 0, 75.13
2026/09/11 12:11:12.117, 2, 4, 97871, 0, 74.13
2026/09/11 12:11:12.117, 3, 4, 97871, 0, 74.57
2026/09/11 12:11:12.317, 0, 4, 97871, 0, 73.68
2026/09/11 12:11:12.317, 1, 4, 97871, 0, 75.10
2026/09/11 12:11:12.317, 2, 4, 97871, 0, 74.11
2026/09/11 12:11:12.317, 3, 4, 97871, 0, 74.57
2026/09/11 12:11:12.517, 0, 4, 97871, 0, 73.73
2026/09/11 12:11:12.517, 1, 4, 97871, 0, 75.11
2026/09/11 12:11:12.517, 2, 4, 97871, 0, 74.11
2026/09/11 12:11:12.517, 3, 4, 97871, 0, 74.58
2026/09/11 12:11:12.718, 0, 4, 97871, 0, 73.75
2026/09/11 12:11:12.718, 1, 4, 97871, 0, 75.11
2026/09/11 12:11:12.718, 2, 4, 97871, 0, 74.09
2026/09/11 12:11:12.718, 3, 4, 97871, 0, 74.65
2026/09/11 12:11:12.918, 0, 4, 97871, 0, 73.72
2026/09/11 12:11:12.918, 1, 4, 97871, 0, 75.11
2026/09/11 12:11:12.918, 2, 4, 97871, 0, 74.09
2026/09/11 12:11:12.918, 3, 4, 97871, 0, 74.66
2026/09/11 12:11:13.118, 0, 4, 97871, 0, 73.73
2026/09/11 12:11:13.118, 1, 4, 97871, 0, 75.13
2026/09/11 12:11:13.118, 2, 4, 97871, 0, 74.10
2026/09/11 12:11:13.118, 3, 4, 97871, 0, 74.62
2026/09/11 12:11:13.319, 0, 4, 97871, 0, 73.74
2026/09/11 12:11:13.319, 1, 4, 97871, 0, 75.15
2026/09/11 12:11:13.319, 2, 4, 97871, 0, 74.12
2026/09/11 12:11:13.319, 3, 4, 97871, 0, 74.56
2026/09/11 12:11:13.519, 0, 4, 97871, 0, 73.71
2026/09/11 12:11:13.519, 1, 4, 97871, 0, 75.15
2026/09/11 12:11:13.519, 2, 4, 97871, 0, 74.13
2026/09/11 12:11:13.519, 3, 4, 97871, 0, 74.61
2026/09/11 12:11:13.719, 0, 4, 97871, 0, 73.71
2026/09/11 12:11:13.719, 1, 4, 97871, 0, 75.17
2026/09/11 12:11:13.719, 2, 4, 97871, 0, 74.17
2026/09/11 12:11:13.719, 3, 4, 97871, 0, 74.62
2026/09/11 12:11:13.920, 0, 4, 97871, 0, 73.74
2026/09/11 12:11:13.920, 1, 4, 97871, 0, 75.17
2026/09/11 12:11:13.920, 2, 4, 97871, 0, 74.17
2026/09/11 12:11:13.920, 3, 4, 97871, 0, 74.57
2026/09/11 12:11:14.120, 0, 4, 97871, 0, 73.72
2026/09/11 12:11:14.120, 1, 4, 97871, 0, 75.17
2026/09/11 12:11:14.120, 2, 4, 97871, 0, 74.16
2026/09/11 12:11:14.120, 3, 4, 97871, 0, 74.56
2026/09/11 12:11:14.320, 0, 4, 97871, 0, 73.72
2026/09/11 12:11:14.320, 1, 4, 97871, 0, 75.13
2026/09/11 12:11:14.320, 2, 4, 97871, 0, 74.15
2026/09/11 12:11:14.320, 3, 4, 97871, 0, 74.62
2026/09/11 12:11:14.521, 0, 4, 97871, 0, 73.73
2026/09/11 12:11:14.521, 1, 4, 97871, 0, 75.12
2026/09/11 12:11:14.521, 2, 4, 97871, 0, 74.13
2026/09/11 12:11:14.521, 3, 4, 97871, 0, 74.59
2026/09/11 12:11:14.721, 0, 4, 97871, 0, 73.74
2026/09/11 12:11:14.721, 1, 4, 97871, 0, 75.11
2026/09/11 12:11:14.721, 2, 4, 97871, 0, 74.12
2026/09/11 12:11:14.721, 3, 4, 97871, 0, 74.57
2026/09/11 12:11:14.921, 0, 4, 97871, 0, 73.72
2026/09/11 12:11:14.921, 1, 4, 97871, 0, 75.13
2026/09/11 12:11:14.921, 2, 4, 97871, 0, 74.09
2026/09/11 12:11:14.921, 3, 4, 97871, 0, 74.58
2026/09/11 12:11:15.121, 0, 4, 97871, 0, 73.74
2026/09/11 12:11:15.122, 1, 4, 97871, 0, 75.13
2026/09/11 12:11:15.122, 2, 4, 97871, 0, 74.11
2026/09/11 12:11:15.122, 3, 4, 97871, 0, 74.65
2026/09/11 12:11:15.322, 0, 4, 97871, 0, 73.78
2026/09/11 12:11:15.322, 1, 4, 97871, 0, 75.15
2026/09/11 12:11:15.322, 2, 4, 97871, 0, 74.14
2026/09/11 12:11:15.322, 3, 4, 97871, 0, 74.67
2026/09/11 12:11:15.522, 0, 4, 97871, 0, 73.75
2026/09/11 12:11:15.522, 1, 4, 97871, 0, 75.15
2026/09/11 12:11:15.522, 2, 4, 97871, 0, 74.15
2026/09/11 12:11:15.522, 3, 4, 97871, 0, 74.66
2026/09/11 12:11:15.722, 0, 4, 97871, 0, 73.74
2026/09/11 12:11:15.723, 1, 4, 97871, 0, 75.13
2026/09/11 12:11:15.723, 2, 4, 97871, 0, 74.18
2026/09/11 12:11:15.723, 3, 4, 97871, 0, 74.66
2026/09/11 12:11:15.923, 0, 4, 97871, 0, 73.76
2026/09/11 12:11:15.923, 1, 4, 97871, 0, 75.12
2026/09/11 12:11:15.923, 2, 4, 97871, 0, 74.20
2026/09/11 12:11:15.923, 3, 4, 97871, 0, 74.68
2026/09/11 12:11:16.123, 0, 4, 97871, 0, 73.75
2026/09/11 12:11:16.123, 1, 4, 97871, 0, 75.10
2026/09/11 12:11:16.123, 2, 4, 97871, 0, 74.18
2026/09/11 12:11:16.123, 3, 4, 97871, 0, 74.66
2026/09/11 12:11:16.323, 0, 4, 97871, 0, 73.72
2026/09/11 12:11:16.323, 1, 4, 97871, 0, 75.09
2026/09/11 12:11:16.324, 2, 4, 97871, 0, 74.14
2026/09/11 12:11:16.324, 3, 4, 97871, 0, 74.58
2026/09/11 12:11:16.524, 0, 4, 97871, 0, 73.72
2026/09/11 12:11:16.524, 1, 4, 97871, 0, 75.07
2026/09/11 12:11:16.524, 2, 4, 97871, 0, 74.12
2026/09/11 12:11:16.524, 3, 4, 97871, 0, 74.57
2026/09/11 12:11:16.724, 0, 4, 97871, 0, 73.73
2026/09/11 12:11:16.724, 1, 4, 97871, 0, 75.06
2026/09/11 12:11:16.724, 2, 4, 97871, 0, 74.11
2026/09/11 12:11:16.724, 3, 4, 97871, 0, 74.60
2026/09/11 12:11:16.924, 0, 4, 97871, 0, 73.67
2026/09/11 12:11:16.924, 1, 4, 97871, 0, 75.06
2026/09/11 12:11:16.924, 2, 4, 97871, 0, 74.09
2026/09/11 12:11:16.925, 3, 4, 97871, 0, 74.58
2026/09/11 12:11:17.125, 0, 4, 97871, 0, 73.66
2026/09/11 12:11:17.125, 1, 4, 97871, 0, 75.06
2026/09/11 12:11:17.125, 2, 4, 97871, 0, 74.10
2026/09/11 12:11:17.125, 3, 4, 97871, 0, 74.53
2026/09/11 12:11:17.325, 0, 4, 97871, 0, 73.67
2026/09/11 12:11:17.325, 1, 4, 97871, 0, 75.08
2026/09/11 12:11:17.325, 2, 4, 97871, 0, 74.12
2026/09/11 12:11:17.325, 3, 4, 97871, 0, 74.56
2026/09/11 12:11:17.525, 0, 4, 97871, 0, 73.67
2026/09/11 12:11:17.525, 1, 4, 97871, 0, 75.08
2026/09/11 12:11:17.525, 2, 4, 97871, 0, 74.10
2026/09/11 12:11:17.525, 3, 4, 97871, 0, 74.59
2026/09/11 12:11:17.726, 0, 4, 97871, 0, 73.66
2026/09/11 12:11:17.726, 1, 4, 97871, 0, 75.09
2026/09/11 12:11:17.726, 2, 4, 97871, 0, 74.11
2026/09/11 12:11:17.726, 3, 4, 97871, 0, 74.58
2026/09/11 12:11:17.926, 0, 4, 97871, 0, 73.69
2026/09/11 12:11:17.926, 1, 4, 97871, 0, 75.10
2026/09/11 12:11:17.926, 2, 4, 97871, 0, 74.13
2026/09/11 12:11:17.926, 3, 4, 97871, 0, 74.55
2026/09/11 12:11:18.126, 0, 4, 97871, 0, 73.68
2026/09/11 12:11:18.126, 1, 4, 97871, 0, 75.09
2026/09/11 12:11:18.126, 2, 4, 97871, 0, 74.12
2026/09/11 12:11:18.126, 3, 4, 97871, 0, 74.59
2026/09/11 12:11:18.326, 0, 4, 97871, 0, 73.65
2026/09/11 12:11:18.327, 1, 4, 97871, 0, 75.07
2026/09/11 12:11:18.327, 2, 4, 97871, 0, 74.10
2026/09/11 12:11:18.327, 3, 4, 97871, 0, 74.61
2026/09/11 12:11:18.527, 0, 4, 97871, 0, 73.63
2026/09/11 12:11:18.527, 1, 4, 97871, 0, 75.06
2026/09/11 12:11:18.527, 2, 4, 97871, 0, 74.11
2026/09/11 12:11:18.527, 3, 4, 97871, 0, 74.60
2026/09/11 12:11:18.727, 0, 4, 97871, 0, 73.67
2026/09/11 12:11:18.727, 1, 4, 97871, 0, 75.05
2026/09/11 12:11:18.727, 2, 4, 97871, 0, 74.11
2026/09/11 12:11:18.727, 3, 4, 97871, 0, 74.56
2026/09/11 12:11:18.927, 0, 4, 97871, 0, 73.65
2026/09/11 12:11:18.928, 1, 4, 97871, 0, 75.04
2026/09/11 12:11:18.928, 2, 4, 97871, 0, 74.08
2026/09/11 12:11:18.928, 3, 4, 97871, 0, 74.59
2026/09/11 12:11:19.128, 0, 4, 97871, 0, 73.64
2026/09/11 12:11:19.128, 1, 4, 97871, 0, 75.06
2026/09/11 12:11:19.128, 2, 4, 97871, 0, 74.10
2026/09/11 12:11:19.128, 3, 4, 97871, 0, 74.61
2026/09/11 12:11:19.328, 0, 4, 97871, 0, 73.67
2026/09/11 12:11:19.328, 1, 4, 97871, 0, 75.10
2026/09/11 12:11:19.328, 2, 4, 97871, 0, 74.10
2026/09/11 12:11:19.328, 3, 4, 97871, 0, 74.60
2026/09/11 12:11:19.528, 0, 4, 97871, 0, 73.67
2026/09/11 12:11:19.529, 1, 4, 97871, 0, 75.11
2026/09/11 12:11:19.529, 2, 4, 97871, 0, 74.09
2026/09/11 12:11:19.529, 3, 4, 97871, 0, 74.56
2026/09/11 12:11:19.729, 0, 4, 97871, 0, 73.61
2026/09/11 12:11:19.729, 1, 4, 97871, 0, 75.11
2026/09/11 12:11:19.729, 2, 4, 97871, 0, 74.07
2026/09/11 12:11:19.729, 3, 4, 97871, 0, 74.59
2026/09/11 12:11:19.929, 0, 4, 97871, 0, 73.64
2026/09/11 12:11:19.929, 1, 4, 97871, 0, 75.11
2026/09/11 12:11:19.929, 2, 4, 97871, 0, 74.08
2026/09/11 12:11:19.929, 3, 4, 97871, 0, 74.60
2026/09/11 12:11:20.129, 0, 4, 97871, 0, 73.68
2026/09/11 12:11:20.130, 1, 4, 97871, 0, 75.11
2026/09/11 12:11:20.130, 2, 4, 97871, 0, 74.06
2026/09/11 12:11:20.130, 3, 4, 97871, 0, 74.58
2026/09/11 12:11:20.330, 0, 4, 97871, 0, 73.68
2026/09/11 12:11:20.330, 1, 4, 97871, 0, 75.09
2026/09/11 12:11:20.330, 2, 4, 97871, 0, 74.05
2026/09/11 12:11:20.330, 3, 4, 97871, 0, 74.57
2026/09/11 12:11:20.530, 0, 4, 97871, 0, 73.66
2026/09/11 12:11:20.530, 1, 4, 97871, 0, 75.09
2026/09/11 12:11:20.530, 2, 4, 97871, 0, 74.06
2026/09/11 12:11:20.530, 3, 4, 97871, 0, 74.64
2026/09/11 12:11:20.730, 0, 4, 97871, 0, 73.69
2026/09/11 12:11:20.731, 1, 4, 97871, 0, 75.08
2026/09/11 12:11:20.731, 2, 4, 97871, 0, 74.08
2026/09/11 12:11:20.731, 3, 4, 97871, 0, 74.67
2026/09/11 12:11:20.931, 0, 4, 97871, 0, 73.70
2026/09/11 12:11:20.931, 1, 4, 97871, 0, 75.08
2026/09/11 12:11:20.931, 2, 4, 97871, 0, 74.07
2026/09/11 12:11:20.931, 3, 4, 97871, 0, 74.68
2026/09/11 12:11:21.131, 0, 4, 97871, 0, 73.70
2026/09/11 12:11:21.131, 1, 4, 97871, 0, 75.08
2026/09/11 12:11:21.131, 2, 4, 97871, 0, 74.11
2026/09/11 12:11:21.131, 3, 4, 97871, 0, 74.62
2026/09/11 12:11:21.331, 0, 4, 97871, 0, 73.72
2026/09/11 12:11:21.332, 1, 4, 97871, 0, 75.10
2026/09/11 12:11:21.332, 2, 4, 97871, 0, 74.11
2026/09/11 12:11:21.332, 3, 4, 97871, 0, 74.66
2026/09/11 12:11:21.532, 0, 4, 97871, 0, 73.75
2026/09/11 12:11:21.532, 1, 4, 97871, 0, 75.10
2026/09/11 12:11:21.532, 2, 4, 97871, 0, 74.09
2026/09/11 12:11:21.532, 3, 4, 97871, 0, 74.65
2026/09/11 12:11:21.732, 0, 4, 97871, 0, 73.75
2026/09/11 12:11:21.732, 1, 4, 97871, 0, 75.09
2026/09/11 12:11:21.732, 2, 4, 97871, 0, 74.08
2026/09/11 12:11:21.732, 3, 4, 97871, 0, 74.62
2026/09/11 12:11:21.932, 0, 4, 97871, 0, 73.72
2026/09/11 12:11:21.932, 1, 4, 97871, 0, 75.09
2026/09/11 12:11:21.932, 2, 4, 97871, 0, 74.06
2026/09/11 12:11:21.933, 3, 4, 97871, 0, 74.57
2026/09/11 12:11:22.133, 0, 4, 97871, 0, 73.69
2026/09/11 12:11:22.133, 1, 4, 97871, 0, 75.07
2026/09/11 12:11:22.133, 2, 4, 97871, 0, 74.05
2026/09/11 12:11:22.133, 3, 4, 97871, 0, 74.61
2026/09/11 12:11:22.333, 0, 4, 97871, 0, 73.68
2026/09/11 12:11:22.333, 1, 4, 97871, 0, 75.07
2026/09/11 12:11:22.333, 2, 4, 97871, 0, 74.05
2026/09/11 12:11:22.333, 3, 4, 97871, 0, 74.58
2026/09/11 12:11:22.533, 0, 4, 97871, 0, 73.67
2026/09/11 12:11:22.533, 1, 4, 97871, 0, 75.04
2026/09/11 12:11:22.533, 2, 4, 97871, 0, 74.08
2026/09/11 12:11:22.533, 3, 4, 97871, 0, 74.54
2026/09/11 12:11:22.734, 0, 4, 97871, 0, 73.66
2026/09/11 12:11:22.734, 1, 4, 97871, 0, 75.03
2026/09/11 12:11:22.734, 2, 4, 97871, 0, 74.12
2026/09/11 12:11:22.734, 3, 4, 97871, 0, 74.50
2026/09/11 12:11:22.934, 0, 4, 97871, 0, 73.65
2026/09/11 12:11:22.934, 1, 4, 97871, 0, 75.03
2026/09/11 12:11:22.934, 2, 4, 97871, 0, 74.11
2026/09/11 12:11:22.934, 3, 4, 97871, 0, 74.56
2026/09/11 12:11:23.134, 0, 4, 97871, 0, 73.65
2026/09/11 12:11:23.134, 1, 4, 97871, 0, 75.04
2026/09/11 12:11:23.134, 2, 4, 97871, 0, 74.14
2026/09/11 12:11:23.134, 3, 4, 97871, 0, 74.54
2026/09/11 12:11:23.335, 0, 4, 97871, 0, 73.66
2026/09/11 12:11:23.335, 1, 4, 97871, 0, 75.04
2026/09/11 12:11:23.335, 2, 4, 97871, 0, 74.14
2026/09/11 12:11:23.335, 3, 4, 97871, 0, 74.54
2026/09/11 12:11:23.535, 0, 4, 97871, 0, 73.68
2026/09/11 12:11:23.535, 1, 4, 97871, 0, 75.04
2026/09/11 12:11:23.535, 2, 4, 97871, 0, 74.15
2026/09/11 12:11:23.535, 3, 4, 97871, 0, 74.50
2026/09/11 12:11:23.735, 0, 4, 97871, 0, 73.67
2026/09/11 12:11:23.735, 1, 4, 97871, 0, 75.04
2026/09/11 12:11:23.735, 2, 4, 97871, 0, 74.15
2026/09/11 12:11:23.735, 3, 4, 97871, 0, 74.56
2026/09/11 12:11:23.936, 0, 4, 97871, 0, 73.66
2026/09/11 12:11:23.936, 1, 4, 97871, 0, 75.04
2026/09/11 12:11:23.936, 2, 4, 97871, 0, 74.11
2026/09/11 12:11:23.936, 3, 4, 97871, 0, 74.58
2026/09/11 12:11:24.136, 0, 4, 97871, 0, 73.68
2026/09/11 12:11:24.136, 1, 4, 97871, 0, 75.05
2026/09/11 12:11:24.136, 2, 4, 97871, 0, 74.07
2026/09/11 12:11:24.136, 3, 4, 97871, 0, 74.54
2026/09/11 12:11:24.336, 0, 4, 97871, 0, 73.64
2026/09/11 12:11:24.336, 1, 4, 97871, 0, 75.04
2026/09/11 12:11:24.336, 2, 4, 97871, 0, 74.06
2026/09/11 12:11:24.336, 3, 4, 97871, 0, 74.49
2026/09/11 12:11:24.537, 0, 4, 97871, 0, 73.61
2026/09/11 12:11:24.537, 1, 4, 97871, 0, 75.02
2026/09/11 12:11:24.537, 2, 4, 97871, 0, 74.05
2026/09/11 12:11:24.537, 3, 4, 97871, 0, 74.58
2026/09/11 12:11:24.737, 0, 4, 97871, 0, 73.62
2026/09/11 12:11:24.737, 1, 4, 97871, 0, 75.03
2026/09/11 12:11:24.737, 2, 4, 97871, 0, 74.05
2026/09/11 12:11:24.737, 3, 4, 97871, 0, 74.57
2026/09/11 12:11:24.937, 0, 4, 97871, 0, 73.64
2026/09/11 12:11:24.937, 1, 4, 97871, 0, 75.02
2026/09/11 12:11:24.937, 2, 4, 97871, 0, 74.03
2026/09/11 12:11:24.937, 3, 4, 97871, 0, 74.53
2026/09/11 12:11:25.137, 0, 4, 97871, 0, 73.63
2026/09/11 12:11:25.138, 1, 4, 97871, 0, 75.03
2026/09/11 12:11:25.138, 2, 4, 97871, 0, 74.03
2026/09/11 12:11:25.138, 3, 4, 97871, 0, 74.51
2026/09/11 12:11:25.338, 0, 4, 97871, 0, 73.66
2026/09/11 12:11:25.338, 1, 4, 97871, 0, 75.04
2026/09/11 12:11:25.338, 2, 4, 97871, 0, 74.00
2026/09/11 12:11:25.338, 3, 4, 97871, 0, 74.57
2026/09/11 12:11:25.538, 0, 4, 97871, 0, 73.67
2026/09/11 12:11:25.538, 1, 4, 97871, 0, 75.06
2026/09/11 12:11:25.538, 2, 4, 97871, 0, 73.99
2026/09/11 12:11:25.538, 3, 4, 97871, 0, 74.56
2026/09/11 12:11:25.738, 0, 4, 97871, 0, 73.68
2026/09/11 12:11:25.739, 1, 4, 97871, 0, 75.06
2026/09/11 12:11:25.739, 2, 4, 97871, 0, 73.97
2026/09/11 12:11:25.739, 3, 4, 97871, 0, 74.54
2026/09/11 12:11:25.939, 0, 4, 97871, 0, 73.68
2026/09/11 12:11:25.939, 1, 4, 97871, 0, 75.09
2026/09/11 12:11:25.939, 2, 4, 97871, 0, 74.00
2026/09/11 12:11:25.939, 3, 4, 97871, 0, 74.54
2026/09/11 12:11:26.139, 0, 4, 97871, 0, 73.71
2026/09/11 12:11:26.139, 1, 4, 97871, 0, 75.08
2026/09/11 12:11:26.139, 2, 4, 97871, 0, 74.00
2026/09/11 12:11:26.139, 3, 4, 97871, 0, 74.60
2026/09/11 12:11:26.339, 0, 4, 97871, 0, 73.71
2026/09/11 12:11:26.339, 1, 4, 97871, 0, 75.07
2026/09/11 12:11:26.340, 2, 4, 97871, 0, 74.04
2026/09/11 12:11:26.340, 3, 4, 97871, 0, 74.61
2026/09/11 12:11:26.540, 0, 4, 97871, 0, 73.70
2026/09/11 12:11:26.540, 1, 4, 97871, 0, 75.05
2026/09/11 12:11:26.540, 2, 4, 97871, 0, 74.04
2026/09/11 12:11:26.540, 3, 4, 97871, 0, 74.57
2026/09/11 12:11:26.740, 0, 4, 97871, 0, 73.68
2026/09/11 12:11:26.740, 1, 4, 97871, 0, 75.05
2026/09/11 12:11:26.740, 2, 4, 97871, 0, 74.06
2026/09/11 12:11:26.740, 3, 4, 97871, 0, 74.55
2026/09/11 12:11:26.940, 0, 4, 97871, 0, 73.70
2026/09/11 12:11:26.940, 1, 4, 97871, 0, 75.02
2026/09/11 12:11:26.940, 2, 4, 97871, 0, 74.05
2026/09/11 12:11:26.941, 3, 4, 97871, 0, 74.61
2026/09/11 12:11:27.141, 0, 4, 97871, 0, 73.67
2026/09/11 12:11:27.141, 1, 4, 97871, 0, 75.02
2026/09/11 12:11:27.141, 2, 4, 97871, 0, 74.05
2026/09/11 12:11:27.141, 3, 4, 97871, 0, 74.60
2026/09/11 12:11:27.341, 0, 4, 97871, 0, 73.66
2026/09/11 12:11:27.341, 1, 4, 97871, 0, 75.01
2026/09/11 12:11:27.341, 2, 4, 97871, 0, 74.04
2026/09/11 12:11:27.341, 3, 4, 97871, 0, 74.55
2026/09/11 12:11:27.541, 0, 4, 97871, 0, 73.66
2026/09/11 12:11:27.541, 1, 4, 97871, 0, 75.04
2026/09/11 12:11:27.541, 2, 4, 97871, 0, 74.04
2026/09/11 12:11:27.541, 3, 4, 97871, 0, 74.56
2026/09/11 12:11:27.741, 0, 4, 97871, 0, 73.70
2026/09/11 12:11:27.742, 1, 4, 97871, 0, 75.04
2026/09/11 12:11:27.742, 2, 4, 97871, 0, 74.05
2026/09/11 12:11:27.742, 3, 4, 97871, 0, 74.57
2026/09/11 12:11:27.942, 0, 4, 97871, 0, 73.66
2026/09/11 12:11:27.942, 1, 4, 97871, 0, 75.06
2026/09/11 12:11:27.942, 2, 4, 97871, 0, 74.05
2026/09/11 12:11:27.942, 3, 4, 97871, 0, 74.58
2026/09/11 12:11:28.142, 0, 4, 97871, 0, 73.66
2026/09/11 12:11:28.142, 1, 4, 97871, 0, 75.07
2026/09/11 12:11:28.142, 2, 4, 97871, 0, 74.07
2026/09/11 12:11:28.142, 3, 4, 97871, 0, 74.53
2026/09/11 12:11:28.342, 0, 4, 97871, 0, 73.67
2026/09/11 12:11:28.343, 1, 4, 97871, 0, 75.09
2026/09/11 12:11:28.343, 2, 4, 97871, 0, 74.10
2026/09/11 12:11:28.343, 3, 4, 97871, 0, 74.53
2026/09/11 12:11:28.543, 0, 4, 97871, 0, 73.64
2026/09/11 12:11:28.543, 1, 4, 97871, 0, 75.09
2026/09/11 12:11:28.543, 2, 4, 97871, 0, 74.11
2026/09/11 12:11:28.543, 3, 21, 97871, 0, 75.26
2026/09/11 12:11:28.743, 0, 4, 97871, 0, 73.63
2026/09/11 12:11:28.744, 1, 4, 97871, 0, 75.08
2026/09/11 12:11:28.744, 2, 4, 97871, 0, 74.10
2026/09/11 12:11:28.745, 3, 385, 97871, 3, 84.42
2026/09/11 12:11:28.945, 0, 4, 97871, 0, 73.66
2026/09/11 12:11:28.946, 1, 4, 97871, 0, 75.05
2026/09/11 12:11:28.946, 2, 4, 97871, 0, 74.10
2026/09/11 12:11:28.946, 3, 385, 97871, 0, 93.37
2026/09/11 12:11:29.146, 0, 4, 97871, 0, 73.64
2026/09/11 12:11:29.146, 1, 4, 97871, 0, 75.02
2026/09/11 12:11:29.146, 2, 4, 97871, 0, 74.08
2026/09/11 12:11:29.146, 3, 385, 97871, 0, 101.80
2026/09/11 12:11:29.346, 0, 4, 97871, 0, 73.62
2026/09/11 12:11:29.346, 1, 4, 97871, 0, 75.01
2026/09/11 12:11:29.346, 2, 4, 97871, 0, 74.06
2026/09/11 12:11:29.346, 3, 385, 97871, 0, 110.65
2026/09/11 12:11:29.546, 0, 4, 97871, 0, 73.61
2026/09/11 12:11:29.547, 1, 4, 97871, 0, 75.00
2026/09/11 12:11:29.547, 2, 4, 97871, 0, 74.03
2026/09/11 12:11:29.547, 3, 385, 97871, 0, 119.53
2026/09/11 12:11:29.747, 0, 4, 97871, 0, 73.62
2026/09/11 12:11:29.747, 1, 4, 97871, 0, 75.01
2026/09/11 12:11:29.747, 2, 4, 97871, 0, 74.05
2026/09/11 12:11:29.747, 3, 385, 97871, 0, 119.47
2026/09/11 12:11:29.947, 0, 4, 97871, 0, 73.58
2026/09/11 12:11:29.947, 1, 385, 97871, 2, 80.57
2026/09/11 12:11:29.947, 2, 4, 97871, 0, 74.02
2026/09/11 12:11:29.947, 3, 385, 97871, 0, 119.48
2026/09/11 12:11:30.147, 0, 21, 97871, 0, 74.72
2026/09/11 12:11:30.153, 1, 385, 97871, 0, 89.43
2026/09/11 12:11:30.155, 2, 21, 97871, 0, 75.50
2026/09/11 12:11:30.158, 3, 385, 97871, 0, 119.51
2026/09/11 12:11:30.360, 0, 385, 97871, 1, 83.68
2026/09/11 12:11:30.360, 1, 385, 97871, 0, 98.31
2026/09/11 12:11:30.360, 2, 385, 97871, 0, 84.67
2026/09/11 12:11:30.360, 3, 385, 97871, 0, 119.53
2026/09/11 12:11:30.560, 0, 385, 97871, 0, 92.83
2026/09/11 12:11:30.560, 1, 385, 97871, 0, 107.83
2026/09/11 12:11:30.560, 2, 385, 97871, 0, 93.54
2026/09/11 12:11:30.560, 3, 385, 97871, 0, 119.50
2026/09/11 12:11:30.761, 0, 385, 97871, 0, 101.19
2026/09/11 12:11:30.761, 1, 385, 97871, 0, 116.07
2026/09/11 12:11:30.761, 2, 385, 97871, 0, 101.84
2026/09/11 12:11:30.761, 3, 385, 97871, 0, 119.51
2026/09/11 12:11:30.961, 0, 385, 97871, 0, 110.00
2026/09/11 12:11:30.961, 1, 385, 97871, 0, 120.26
2026/09/11 12:11:30.961, 2, 385, 97871, 0, 112.17
2026/09/11 12:11:30.961, 3, 385, 97871, 0, 119.54
2026/09/11 12:11:31.161, 0, 385, 97871, 0, 118.53
2026/09/11 12:11:31.161, 1, 385, 97871, 0, 120.29
2026/09/11 12:11:31.161, 2, 385, 97871, 0, 118.68
2026/09/11 12:11:31.161, 3, 385, 97871, 0, 119.58
2026/09/11 12:11:31.362, 0, 385, 97871, 0, 118.42
2026/09/11 12:11:31.362, 1, 385, 97871, 0, 120.32
2026/09/11 12:11:31.362, 2, 385, 97871, 0, 118.42
2026/09/11 12:11:31.362, 3, 385, 97871, 0, 119.54
2026/09/11 12:11:31.562, 0, 483, 97871, 2, 118.48
2026/09/11 12:11:31.562, 1, 483, 97871, 2, 120.33
2026/09/11 12:11:31.563, 2, 483, 97871, 0, 118.48
2026/09/11 12:11:31.564, 3, 483, 97871, 1, 119.55
2026/09/11 12:11:31.765, 0, 727, 97871, 0, 118.54
2026/09/11 12:11:31.787, 1, 727, 97871, 0, 120.34
2026/09/11 12:11:31.787, 2, 727, 97871, 0, 118.52
2026/09/11 12:11:31.787, 3, 727, 97871, 0, 119.60
2026/09/11 12:11:31.987, 0, 1019, 97871, 1, 118.58
2026/09/11 12:11:31.987, 1, 1019, 97871, 1, 120.37
2026/09/11 12:11:31.990, 2, 1019, 97871, 1, 118.57
2026/09/11 12:11:31.990, 3, 1019, 97871, 1, 119.77
2026/09/11 12:11:32.190, 0, 1163, 97871, 0, 118.56
2026/09/11 12:11:32.190, 1, 1163, 97871, 0, 120.42
2026/09/11 12:11:32.209, 2, 1163, 97871, 0, 118.59
2026/09/11 12:11:32.209, 3, 1163, 97871, 0, 119.77
2026/09/11 12:11:32.409, 0, 1201, 97871, 0, 118.94
2026/09/11 12:11:32.409, 1, 1201, 97871, 0, 120.83
2026/09/11 12:11:32.409, 2, 1201, 97871, 1, 119.12
2026/09/11 12:11:32.409, 3, 1201, 97871, 0, 120.13
2026/09/11 12:11:32.609, 0, 1735, 97871, 1, 118.92
2026/09/11 12:11:32.610, 1, 1647, 97871, 1, 120.86
2026/09/11 12:11:32.610, 2, 1735, 97871, 1, 119.18
2026/09/11 12:11:32.610, 3, 1735, 97871, 1, 120.20
2026/09/11 12:11:32.810, 0, 1735, 97871, 0, 118.92
2026/09/11 12:11:32.810, 1, 1735, 97871, 0, 120.88
2026/09/11 12:11:32.811, 2, 1735, 97871, 0, 119.20
2026/09/11 12:11:32.811, 3, 1735, 97871, 0, 120.25
2026/09/11 12:11:33.011, 0, 1735, 97871, 0, 119.26
2026/09/11 12:11:33.011, 1, 1735, 97871, 0, 120.94
2026/09/11 12:11:33.012, 2, 1735, 97871, 1, 119.41
2026/09/11 12:11:33.012, 3, 1735, 97871, 0, 120.39
2026/09/11 12:11:33.212, 0, 1735, 97871, 0, 119.21
2026/09/11 12:11:33.212, 1, 1735, 97871, 0, 121.19
2026/09/11 12:11:33.212, 2, 1735, 97871, 0, 119.51
2026/09/11 12:11:33.212, 3, 1735, 97871, 0, 120.41
2026/09/11 12:11:33.412, 0, 1869, 97871, 0, 118.95
2026/09/11 12:11:33.412, 1, 1869, 97871, 0, 120.79
2026/09/11 12:11:33.412, 2, 1869, 97871, 0, 119.01
2026/09/11 12:11:33.412, 3, 1869, 97871, 0, 120.07
2026/09/11 12:11:33.612, 0, 1869, 97871, 0, 118.97
2026/09/11 12:11:33.612, 1, 1869, 97871, 0, 120.77
2026/09/11 12:11:33.612, 2, 1869, 97871, 0, 118.94
2026/09/11 12:11:33.613, 3, 1869, 97871, 0, 120.10
2026/09/11 12:11:33.813, 0, 1869, 97871, 0, 118.99
2026/09/11 12:11:33.813, 1, 1869, 97871, 0, 120.78
2026/09/11 12:11:33.813, 2, 1869, 97871, 0, 118.95
2026/09/11 12:11:33.813, 3, 1869, 97871, 0, 120.05
2026/09/11 12:11:34.013, 0, 1869, 97871, 0, 118.68
2026/09/11 12:11:34.013, 1, 1869, 97871, 0, 120.76
2026/09/11 12:11:34.013, 2, 1869, 97871, 0, 118.76
2026/09/11 12:11:34.013, 3, 1869, 97871, 0, 119.85
2026/09/11 12:11:34.213, 0, 1869, 97871, 0, 118.62
2026/09/11 12:11:34.213, 1, 1869, 97871, 0, 120.44
2026/09/11 12:11:34.213, 2, 1869, 97871, 0, 118.66
2026/09/11 12:11:34.213, 3, 1869, 97871, 0, 119.67
2026/09/11 12:11:34.414, 0, 1869, 97871, 0, 118.66
2026/09/11 12:11:34.414, 1, 1869, 97871, 0, 120.47
2026/09/11 12:11:34.414, 2, 1869, 97871, 0, 118.67
2026/09/11 12:11:34.414, 3, 1869, 97871, 0, 119.69
2026/09/11 12:11:34.614, 0, 1869, 97871, 0, 118.67
2026/09/11 12:11:34.614, 1, 1869, 97871, 0, 120.49
2026/09/11 12:11:34.614, 2, 1869, 97871, 0, 118.66
2026/09/11 12:11:34.614, 3, 1869, 97871, 0, 119.66
2026/09/11 12:11:34.814, 0, 1869, 97871, 0, 118.67
2026/09/11 12:11:34.814, 1, 1869, 97871, 0, 120.50
2026/09/11 12:11:34.814, 2, 1869, 97871, 0, 118.63
2026/09/11 12:11:34.815, 3, 1869, 97871, 0, 119.61
2026/09/11 12:11:35.015, 0, 1869, 97871, 0, 118.67
2026/09/11 12:11:35.015, 1, 1869, 97871, 0, 120.51
2026/09/11 12:11:35.015, 2, 1869, 97871, 0, 118.62
2026/09/11 12:11:35.015, 3, 1869, 97871, 0, 119.69
2026/09/11 12:11:35.215, 0, 1869, 97871, 0, 118.71
2026/09/11 12:11:35.215, 1, 1869, 97871, 0, 120.50
2026/09/11 12:11:35.215, 2, 1869, 97871, 0, 118.62
2026/09/11 12:11:35.215, 3, 1869, 97871, 0, 119.68
2026/09/11 12:11:35.415, 0, 1869, 97871, 0, 118.66
2026/09/11 12:11:35.415, 1, 1869, 97871, 0, 120.49
2026/09/11 12:11:35.415, 2, 1869, 97871, 0, 118.64
2026/09/11 12:11:35.415, 3, 1869, 97871, 0, 119.67
2026/09/11 12:11:35.616, 0, 1869, 97871, 0, 118.64
2026/09/11 12:11:35.616, 1, 1869, 97871, 0, 120.46
2026/09/11 12:11:35.616, 2, 1869, 97871, 0, 118.66
2026/09/11 12:11:35.616, 3, 1869, 97871, 0, 119.65
2026/09/11 12:11:35.816, 0, 1869, 97871, 0, 118.66
2026/09/11 12:11:35.816, 1, 1869, 97871, 0, 120.46
2026/09/11 12:11:35.816, 2, 1869, 97871, 0, 118.65
2026/09/11 12:11:35.816, 3, 1869, 97871, 0, 119.71
2026/09/11 12:11:36.016, 0, 1869, 97871, 0, 118.70
2026/09/11 12:11:36.016, 1, 1869, 97871, 0, 120.45
2026/09/11 12:11:36.016, 2, 1869, 97871, 0, 118.68
2026/09/11 12:11:36.016, 3, 1869, 97871, 0, 119.71
2026/09/11 12:11:36.217, 0, 1869, 97871, 0, 118.68
2026/09/11 12:11:36.217, 1, 1869, 97871, 0, 120.49
2026/09/11 12:11:36.217, 2, 1869, 97871, 0, 118.69
2026/09/11 12:11:36.217, 3, 1869, 97871, 0, 119.69
2026/09/11 12:11:36.417, 0, 1869, 97871, 0, 118.71
2026/09/11 12:11:36.417, 1, 1869, 97871, 0, 120.49
2026/09/11 12:11:36.417, 2, 1869, 97871, 0, 118.70
2026/09/11 12:11:36.417, 3, 1869, 97871, 0, 119.65
2026/09/11 12:11:36.617, 0, 1869, 97871, 0, 118.75
2026/09/11 12:11:36.617, 1, 1869, 97871, 0, 120.50
2026/09/11 12:11:36.617, 2, 1869, 97871, 0, 118.69
2026/09/11 12:11:36.617, 3, 1869, 97871, 0, 119.73
2026/09/11 12:11:36.818, 0, 1869, 97871, 0, 118.74
2026/09/11 12:11:36.818, 1, 1869, 97871, 0, 120.51
2026/09/11 12:11:36.818, 2, 1869, 97871, 0, 118.71
2026/09/11 12:11:36.818, 3, 1869, 97871, 0, 119.75
2026/09/11 12:11:37.018, 0, 1869, 97871, 0, 118.71
2026/09/11 12:11:37.019, 1, 1869, 97871, 0, 120.52
2026/09/11 12:11:37.019, 2, 1869, 97871, 0, 118.72
2026/09/11 12:11:37.019, 3, 1869, 97871, 0, 119.75
2026/09/11 12:11:37.219, 0, 2301, 97871, 0, 118.74
2026/09/11 12:11:37.219, 1, 1869, 97871, 0, 120.52
2026/09/11 12:11:37.219, 2, 1869, 97871, 0, 118.73
2026/09/11 12:11:37.219, 3, 1869, 97871, 0, 119.75
2026/09/11 12:11:37.419, 0, 3581, 97871, 3, 119.35
2026/09/11 12:11:37.419, 1, 1869, 97871, 0, 120.51
2026/09/11 12:11:37.419, 2, 1869, 97871, 0, 118.74
2026/09/11 12:11:37.419, 3, 1869, 97871, 0, 119.80
2026/09/11 12:11:37.619, 0, 6355, 97871, 0, 119.42
2026/09/11 12:11:37.619, 1, 1869, 97871, 0, 120.52
2026/09/11 12:11:37.620, 2, 1869, 97871, 0, 118.75
2026/09/11 12:11:37.620, 3, 1869, 97871, 0, 119.81
2026/09/11 12:11:37.820, 0, 11511, 97871, 4, 119.40
2026/09/11 12:11:37.820, 1, 3581, 97871, 0, 120.52
2026/09/11 12:11:37.820, 2, 1869, 97871, 0, 118.77
2026/09/11 12:11:37.820, 3, 1869, 97871, 0, 119.77
2026/09/11 12:11:38.020, 0, 15907, 97871, 3, 119.41
2026/09/11 12:11:38.020, 1, 3603, 97871, 0, 121.22
2026/09/11 12:11:38.020, 2, 1869, 97871, 0, 118.76
2026/09/11 12:11:38.020, 3, 1869, 97871, 0, 119.78
2026/09/11 12:11:38.220, 0, 18225, 97871, 3, 119.38
2026/09/11 12:11:38.220, 1, 8339, 97871, 4, 121.32
2026/09/11 12:11:38.220, 2, 2001, 97871, 0, 118.74
2026/09/11 12:11:38.220, 3, 2109, 97871, 0, 119.82
2026/09/11 12:11:38.420, 0, 18225, 97871, 1, 118.78
2026/09/11 12:11:38.421, 1, 13631, 97871, 3, 121.34
2026/09/11 12:11:38.421, 2, 3581, 97871, 3, 119.46
2026/09/11 12:11:38.421, 3, 3581, 97871, 3, 120.35
2026/09/11 12:11:38.621, 0, 18225, 97871, 2, 118.74
2026/09/11 12:11:38.621, 1, 18159, 97871, 4, 121.35
2026/09/11 12:11:38.621, 2, 7061, 97871, 5, 119.50
2026/09/11 12:11:38.621, 3, 6863, 97871, 0, 120.31
2026/09/11 12:11:38.821, 0, 18225, 97871, 2, 118.74
2026/09/11 12:11:38.821, 1, 18159, 97871, 1, 121.36
2026/09/11 12:11:38.821, 2, 13451, 97871, 4, 119.52
2026/09/11 12:11:38.821, 3, 13261, 97871, 4, 120.32
2026/09/11 12:11:39.021, 0, 18225, 97871, 1, 118.70
2026/09/11 12:11:39.022, 1, 18159, 97871, 2, 120.68
2026/09/11 12:11:39.022, 2, 18153, 97871, 3, 119.56
2026/09/11 12:11:39.022, 3, 17991, 97871, 4, 120.36
2026/09/11 12:11:39.222, 0, 18225, 97871, 1, 118.73
2026/09/11 12:11:39.222, 1, 18159, 97871, 1, 120.57
2026/09/11 12:11:39.222, 2, 18153, 97871, 1, 119.58
2026/09/11 12:11:39.222, 3, 17991, 97871, 1, 120.37
2026/09/11 12:11:39.422, 0, 18225, 97871, 1, 118.72
2026/09/11 12:11:39.422, 1, 18159, 97871, 1, 120.54
2026/09/11 12:11:39.422, 2, 18153, 97871, 1, 118.88
2026/09/11 12:11:39.422, 3, 17991, 97871, 1, 119.77
2026/09/11 12:11:39.622, 0, 18225, 97871, 1, 118.70
2026/09/11 12:11:39.623, 1, 18159, 97871, 2, 120.51
2026/09/11 12:11:39.623, 2, 18153, 97871, 1, 118.80
2026/09/11 12:11:39.623, 3, 17991, 97871, 1, 119.76
2026/09/11 12:11:39.823, 0, 18225, 97871, 2, 118.72
2026/09/11 12:11:39.823, 1, 18159, 97871, 1, 120.47
2026/09/11 12:11:39.823, 2, 18153, 97871, 1, 118.78
2026/09/11 12:11:39.823, 3, 17991, 97871, 1, 119.79
2026/09/11 12:11:40.023, 0, 18225, 97871, 1, 118.78
2026/09/11 12:11:40.023, 1, 18159, 97871, 2, 120.46
2026/09/11 12:11:40.023, 2, 18153, 97871, 1, 118.76
2026/09/11 12:11:40.023, 3, 17991, 97871, 1, 119.79
2026/09/11 12:11:40.223, 0, 18225, 97871, 1, 118.75
2026/09/11 12:11:40.224, 1, 18159, 97871, 2, 120.47
2026/09/11 12:11:40.224, 2, 18153, 97871, 1, 118.73
2026/09/11 12:11:40.224, 3, 17991, 97871, 1, 119.67
2026/09/11 12:11:40.424, 0, 18225, 97871, 1, 118.76
2026/09/11 12:11:40.424, 1, 18159, 97871, 1, 120.50
2026/09/11 12:11:40.424, 2, 18153, 97871, 1, 118.71
2026/09/11 12:11:40.424, 3, 17991, 97871, 1, 119.68
2026/09/11 12:11:40.624, 0, 18225, 97871, 1, 118.76
2026/09/11 12:11:40.624, 1, 18159, 97871, 2, 120.49
2026/09/11 12:11:40.624, 2, 18153, 97871, 1, 118.68
2026/09/11 12:11:40.624, 3, 17991, 97871, 1, 119.71
2026/09/11 12:11:40.824, 0, 18225, 97871, 1, 118.74
2026/09/11 12:11:40.825, 1, 18159, 97871, 1, 120.49
2026/09/11 12:11:40.825, 2, 18153, 97871, 2, 118.67
2026/09/11 12:11:40.825, 3, 17991, 97871, 1, 119.70
2026/09/11 12:11:41.025, 0, 18225, 97871, 2, 118.69
2026/09/11 12:11:41.025, 1, 18159, 97871, 2, 120.50
2026/09/11 12:11:41.025, 2, 18153, 97871, 2, 118.68
2026/09/11 12:11:41.025, 3, 17991, 97871, 2, 119.65
2026/09/11 12:11:41.225, 0, 18225, 97871, 1, 118.68
2026/09/11 12:11:41.225, 1, 18159, 97871, 1, 120.49
2026/09/11 12:11:41.225, 2, 18153, 97871, 2, 118.68
2026/09/11 12:11:41.225, 3, 17991, 97871, 1, 119.69
2026/09/11 12:11:41.425, 0, 18225, 97871, 1, 118.68
2026/09/11 12:11:41.426, 1, 18159, 97871, 1, 120.47
2026/09/11 12:11:41.426, 2, 18153, 97871, 1, 118.74
2026/09/11 12:11:41.426, 3, 17991, 97871, 1, 119.72
2026/09/11 12:11:41.626, 0, 18225, 97871, 1, 118.64
2026/09/11 12:11:41.626, 1, 18159, 97871, 2, 120.44
2026/09/11 12:11:41.626, 2, 18153, 97871, 2, 118.76
2026/09/11 12:11:41.626, 3, 17991, 97871, 1, 119.71
2026/09/11 12:11:41.826, 0, 18225, 97871, 1, 118.66
2026/09/11 12:11:41.826, 1, 18159, 97871, 1, 120.46
2026/09/11 12:11:41.826, 2, 18153, 97871, 1, 118.78
2026/09/11 12:11:41.826, 3, 17991, 97871, 0, 119.64
2026/09/11 12:11:42.027, 0, 18225, 97871, 1, 118.70
2026/09/11 12:11:42.027, 1, 18159, 97871, 2, 120.43
2026/09/11 12:11:42.027, 2, 18153, 97871, 1, 118.76
2026/09/11 12:11:42.027, 3, 17991, 97871, 1, 119.64
2026/09/11 12:11:42.227, 0, 18225, 97871, 1, 118.72
2026/09/11 12:11:42.227, 1, 18159, 97871, 1, 120.43
2026/09/11 12:11:42.227, 2, 18153, 97871, 2, 118.75
2026/09/11 12:11:42.227, 3, 17991, 97871, 1, 119.68
2026/09/11 12:11:42.427, 0, 18225, 97871, 1, 118.67
2026/09/11 12:11:42.427, 1, 18159, 97871, 1, 120.44
2026/09/11 12:11:42.427, 2, 18153, 97871, 1, 118.70
2026/09/11 12:11:42.427, 3, 17991, 97871, 1, 119.67
2026/09/11 12:11:42.627, 0, 18225, 97871, 1, 118.69
2026/09/11 12:11:42.628, 1, 18159, 97871, 2, 120.46
2026/09/11 12:11:42.628, 2, 18153, 97871, 2, 118.68
2026/09/11 12:11:42.628, 3, 17991, 97871, 1, 119.61
2026/09/11 12:11:42.828, 0, 18225, 97871, 1, 118.68
2026/09/11 12:11:42.828, 1, 18159, 97871, 1, 120.47
2026/09/11 12:11:42.828, 2, 18153, 97871, 2, 118.68
2026/09/11 12:11:42.828, 3, 17991, 97871, 1, 119.66
2026/09/11 12:11:43.028, 0, 18225, 97871, 2, 118.66
2026/09/11 12:11:43.028, 1, 18159, 97871, 2, 120.47
2026/09/11 12:11:43.028, 2, 18153, 97871, 2, 118.67
2026/09/11 12:11:43.028, 3, 17991, 97871, 1, 119.71
2026/09/11 12:11:43.229, 0, 18225, 97871, 1, 118.67
2026/09/11 12:11:43.229, 1, 18159, 97871, 2, 120.47
2026/09/11 12:11:43.229, 2, 18153, 97871, 2, 118.66
2026/09/11 12:11:43.229, 3, 17991, 97871, 1, 119.71
2026/09/11 12:11:43.429, 0, 18225, 97871, 2, 118.74
2026/09/11 12:11:43.429, 1, 18159, 97871, 1, 120.48
2026/09/11 12:11:43.429, 2, 18153, 97871, 2, 118.68
2026/09/11 12:11:43.429, 3, 17991, 97871, 2, 119.67
2026/09/11 12:11:43.629, 0, 18225, 97871, 1, 118.72
2026/09/11 12:11:43.629, 1, 18159, 97871, 2, 120.47
2026/09/11 12:11:43.629, 2, 18153, 97871, 2, 118.68
2026/09/11 12:11:43.629, 3, 17991, 97871, 1, 119.72
2026/09/11 12:11:43.829, 0, 18225, 97871, 2, 118.73
2026/09/11 12:11:43.830, 1, 18159, 97871, 1, 120.45
2026/09/11 12:11:43.830, 2, 18153, 97871, 2, 118.68
2026/09/11 12:11:43.830, 3, 17991, 97871, 1, 119.73
2026/09/11 12:11:44.030, 0, 18225, 97871, 2, 118.73
2026/09/11 12:11:44.030, 1, 18159, 97871, 2, 120.46
2026/09/11 12:11:44.030, 2, 18153, 97871, 2, 118.69
2026/09/11 12:11:44.030, 3, 17991, 97871, 2, 119.72
2026/09/11 12:11:44.230, 0, 18225, 97871, 1, 118.70
2026/09/11 12:11:44.230, 1, 18159, 97871, 1, 120.47
2026/09/11 12:11:44.230, 2, 18153, 97871, 2, 118.69
2026/09/11 12:11:44.230, 3, 17991, 97871, 1, 119.68
2026/09/11 12:11:44.431, 0, 18225, 97871, 2, 118.66
2026/09/11 12:11:44.431, 1, 18159, 97871, 2, 120.50
2026/09/11 12:11:44.431, 2, 18153, 97871, 3, 118.71
2026/09/11 12:11:44.431, 3, 17991, 97871, 2, 119.77
2026/09/11 12:11:44.631, 0, 18225, 97871, 2, 118.68
2026/09/11 12:11:44.631, 1, 18159, 97871, 2, 120.53
2026/09/11 12:11:44.631, 2, 18153, 97871, 2, 118.71
2026/09/11 12:11:44.631, 3, 17991, 97871, 1, 119.78
2026/09/11 12:11:44.831, 0, 18225, 97871, 1, 118.71
2026/09/11 12:11:44.831, 1, 18159, 97871, 1, 120.54
2026/09/11 12:11:44.831, 2, 18153, 97871, 2, 118.70
2026/09/11 12:11:44.831, 3, 17991, 97871, 1, 119.76
2026/09/11 12:11:45.031, 0, 18225, 97871, 2, 118.71
2026/09/11 12:11:45.032, 1, 18159, 97871, 2, 120.56
2026/09/11 12:11:45.032, 2, 18153, 97871, 2, 118.73
2026/09/11 12:11:45.032, 3, 17991, 97871, 2, 119.68
2026/09/11 12:11:45.232, 0, 18225, 97871, 1, 118.74
2026/09/11 12:11:45.232, 1, 18159, 97871, 1, 120.55
2026/09/11 12:11:45.232, 2, 18153, 97871, 2, 118.75
2026/09/11 12:11:45.232, 3, 17991, 97871, 1, 119.73
2026/09/11 12:11:45.432, 0, 18225, 97871, 1, 118.79
2026/09/11 12:11:45.432, 1, 18159, 97871, 2, 120.55
2026/09/11 12:11:45.432, 2, 18153, 97871, 2, 118.78
2026/09/11 12:11:45.432, 3, 17991, 97871, 2, 119.72
2026/09/11 12:11:45.632, 0, 18225, 97871, 2, 118.77
2026/09/11 12:11:45.633, 1, 18159, 97871, 2, 120.55
2026/09/11 12:11:45.633, 2, 18153, 97871, 2, 118.78
2026/09/11 12:11:45.633, 3, 17991, 97871, 1, 119.74
2026/09/11 12:11:45.833, 0, 18225, 97871, 1, 118.78
2026/09/11 12:11:45.833, 1, 18159, 97871, 1, 120.55
2026/09/11 12:11:45.833, 2, 18153, 97871, 1, 118.78
2026/09/11 12:11:45.833, 3, 17991, 97871, 2, 119.73
2026/09/11 12:11:46.033, 0, 18225, 97871, 1, 118.78
2026/09/11 12:11:46.033, 1, 18159, 97871, 2, 120.53
2026/09/11 12:11:46.033, 2, 18153, 97871, 2, 118.77
2026/09/11 12:11:46.033, 3, 17991, 97871, 1, 119.77
2026/09/11 12:11:46.233, 0, 18225, 97871, 2, 118.80
2026/09/11 12:11:46.234, 1, 18159, 97871, 1, 120.53
2026/09/11 12:11:46.234, 2, 18153, 97871, 1, 118.74
2026/09/11 12:11:46.234, 3, 17991, 97871, 1, 119.80
2026/09/11 12:11:46.434, 0, 18225, 97871, 1, 118.74
2026/09/11 12:11:46.434, 1, 18159, 97871, 2, 120.51
2026/09/11 12:11:46.434, 2, 18153, 97871, 2, 118.74
2026/09/11 12:11:46.434, 3, 17991, 97871, 2, 119.79
2026/09/11 12:11:46.634, 0, 18225, 97871, 2, 118.78
2026/09/11 12:11:46.634, 1, 18159, 97871, 1, 120.52
2026/09/11 12:11:46.634, 2, 18153, 97871, 2, 118.73
2026/09/11 12:11:46.634, 3, 17991, 97871, 1, 119.71
2026/09/11 12:11:46.835, 0, 18225, 97871, 2, 118.77
2026/09/11 12:11:46.835, 1, 18159, 97871, 2, 120.52
2026/09/11 12:11:46.835, 2, 18153, 97871, 1, 118.75
2026/09/11 12:11:46.835, 3, 17991, 97871, 2, 119.73
2026/09/11 12:11:47.035, 0, 18225, 97871, 1, 118.75
2026/09/11 12:11:47.035, 1, 18159, 97871, 2, 120.57
2026/09/11 12:11:47.035, 2, 18153, 97871, 2, 118.77
2026/09/11 12:11:47.035, 3, 17991, 97871, 2, 119.73
2026/09/11 12:11:47.235, 0, 18225, 97871, 2, 118.74
2026/09/11 12:11:47.235, 1, 18159, 97871, 1, 120.56
2026/09/11 12:11:47.235, 2, 18153, 97871, 1, 118.79
2026/09/11 12:11:47.235, 3, 17991, 97871, 1, 119.72
2026/09/11 12:11:47.435, 0, 18225, 97871, 2, 118.77
2026/09/11 12:11:47.436, 1, 18159, 97871, 2, 120.57
2026/09/11 12:11:47.436, 2, 18153, 97871, 2, 118.80
2026/09/11 12:11:47.436, 3, 17991, 97871, 2, 119.63
2026/09/11 12:11:47.636, 0, 18225, 97871, 1, 118.73
2026/09/11 12:11:47.636, 1, 18159, 97871, 1, 120.51
2026/09/11 12:11:47.636, 2, 18153, 97871, 1, 118.79
2026/09/11 12:11:47.636, 3, 17991, 97871, 1, 119.69
2026/09/11 12:11:47.836, 0, 18225, 97871, 2, 118.70
2026/09/11 12:11:47.836, 1, 18159, 97871, 2, 120.52
2026/09/11 12:11:47.836, 2, 18153, 97871, 2, 118.78
2026/09/11 12:11:47.836, 3, 17991, 97871, 2, 119.71
2026/09/11 12:11:48.036, 0, 18225, 97871, 2, 118.72
2026/09/11 12:11:48.037, 1, 18159, 97871, 1, 120.54
2026/09/11 12:11:48.037, 2, 18153, 97871, 1, 118.75
2026/09/11 12:11:48.037, 3, 17991, 97871, 1, 119.70
2026/09/11 12:11:48.237, 0, 18225, 97871, 1, 118.72
2026/09/11 12:11:48.237, 1, 18159, 97871, 2, 120.55
2026/09/11 12:11:48.237, 2, 18153, 97871, 1, 118.73
2026/09/11 12:11:48.237, 3, 17991, 97871, 2, 119.65
2026/09/11 12:11:48.437, 0, 18225, 97871, 2, 118.70
2026/09/11 12:11:48.437, 1, 18159, 97871, 1, 120.57
2026/09/11 12:11:48.437, 2, 18153, 97871, 2, 118.72
2026/09/11 12:11:48.437, 3, 17991, 97871, 2, 119.72
2026/09/11 12:11:48.637, 0, 18225, 97871, 1, 118.72
2026/09/11 12:11:48.637, 1, 18159, 97871, 1, 120.56
2026/09/11 12:11:48.637, 2, 18153, 97871, 1, 118.72
2026/09/11 12:11:48.637, 3, 17991, 97871, 2, 119.73
2026/09/11 12:11:48.838, 0, 18225, 97871, 1, 118.75
2026/09/11 12:11:48.838, 1, 18159, 97871, 2, 120.55
2026/09/11 12:11:48.838, 2, 18153, 97871, 2, 118.72
2026/09/11 12:11:48.838, 3, 17991, 97871, 2, 119.71
2026/09/11 12:11:49.038, 0, 18225, 97871, 2, 118.73
2026/09/11 12:11:49.038, 1, 18159, 97871, 1, 120.52
2026/09/11 12:11:49.038, 2, 18153, 97871, 1, 118.71
2026/09/11 12:11:49.038, 3, 17991, 97871, 2, 119.69
2026/09/11 12:11:49.238, 0, 18225, 97871, 1, 118.75
2026/09/11 12:11:49.238, 1, 18159, 97871, 2, 120.53
2026/09/11 12:11:49.238, 2, 18153, 97871, 1, 118.72
2026/09/11 12:11:49.238, 3, 17991, 97871, 2, 119.74
2026/09/11 12:11:49.438, 0, 18225, 97871, 2, 118.77
2026/09/11 12:11:49.438, 1, 18159, 97871, 1, 120.53
2026/09/11 12:11:49.439, 2, 18153, 97871, 2, 118.71
2026/09/11 12:11:49.439, 3, 17991, 97871, 2, 119.78
2026/09/11 12:11:49.639, 0, 18225, 97871, 2, 118.75
2026/09/11 12:11:49.639, 1, 18159, 97871, 2, 120.55
2026/09/11 12:11:49.639, 2, 18153, 97871, 1, 118.73
2026/09/11 12:11:49.639, 3, 17991, 97871, 2, 119.74
2026/09/11 12:11:49.839, 0, 18225, 97871, 1, 118.73
2026/09/11 12:11:49.839, 1, 18159, 97871, 1, 120.56
2026/09/11 12:11:49.839, 2, 18153, 97871, 2, 118.73
2026/09/11 12:11:49.839, 3, 17991, 97871, 2, 119.73
2026/09/11 12:11:50.039, 0, 18225, 97871, 2, 118.75
2026/09/11 12:11:50.039, 1, 18159, 97871, 2, 120.59
2026/09/11 12:11:50.039, 2, 18153, 97871, 4, 118.78
2026/09/11 12:11:50.039, 3, 17991, 97871, 2, 119.76
2026/09/11 12:11:50.239, 0, 18225, 97871, 2, 118.74
2026/09/11 12:11:50.240, 1, 18159, 97871, 2, 120.61
2026/09/11 12:11:50.240, 2, 18153, 97871, 2, 118.79
2026/09/11 12:11:50.240, 3, 17991, 97871, 2, 119.79
2026/09/11 12:11:50.440, 0, 18225, 97871, 1, 118.72
2026/09/11 12:11:50.440, 1, 18159, 97871, 2, 120.65
2026/09/11 12:11:50.440, 2, 18153, 97871, 1, 118.80
2026/09/11 12:11:50.440, 3, 17991, 97871, 2, 119.73
2026/09/11 12:11:50.640, 0, 18225, 97871, 2, 118.75
2026/09/11 12:11:50.640, 1, 18159, 97871, 2, 120.65
2026/09/11 12:11:50.640, 2, 18153, 97871, 2, 118.79
2026/09/11 12:11:50.640, 3, 17991, 97871, 1, 119.72
2026/09/11 12:11:50.840, 0, 18225, 97871, 1, 118.81
2026/09/11 12:11:50.841, 1, 18159, 97871, 2, 120.69
2026/09/11 12:11:50.841, 2, 18153, 97871, 1, 118.79
2026/09/11 12:11:50.841, 3, 17991, 97871, 2, 119.75
2026/09/11 12:11:51.041, 0, 18225, 97871, 1, 118.79
2026/09/11 12:11:51.041, 1, 18159, 97871, 2, 120.64
2026/09/11 12:11:51.041, 2, 18153, 97871, 2, 118.77
2026/09/11 12:11:51.041, 3, 17991, 97871, 1, 119.80
2026/09/11 12:11:51.241, 0, 18225, 97871, 2, 118.82
2026/09/11 12:11:51.241, 1, 18159, 97871, 1, 120.62
2026/09/11 12:11:51.241, 2, 18153, 97871, 2, 118.77
2026/09/11 12:11:51.241, 3, 17991, 97871, 2, 119.77
2026/09/11 12:11:51.441, 0, 18225, 97871, 1, 118.83
2026/09/11 12:11:51.442, 1, 18159, 97871, 2, 120.63
2026/09/11 12:11:51.442, 2, 18153, 97871, 1, 118.81
2026/09/11 12:11:51.442, 3, 17991, 97871, 1, 119.79
2026/09/11 12:11:51.642, 0, 18225, 97871, 1, 118.81
2026/09/11 12:11:51.642, 1, 18159, 97871, 1, 120.63
2026/09/11 12:11:51.642, 2, 18153, 97871, 2, 118.81
2026/09/11 12:11:51.642, 3, 17991, 97871, 2, 119.86
2026/09/11 12:11:51.842, 0, 18225, 97871, 2, 118.83
2026/09/11 12:11:51.842, 1, 18159, 97871, 2, 120.61
2026/09/11 12:11:51.842, 2, 18153, 97871, 4, 118.86
2026/09/11 12:11:51.842, 3, 17991, 97871, 1, 119.87
2026/09/11 12:11:52.042, 0, 18225, 97871, 4, 118.87
2026/09/11 12:11:52.043, 1, 18159, 97871, 4, 120.68
2026/09/11 12:11:52.043, 2, 18153, 97871, 2, 118.86
2026/09/11 12:11:52.043, 3, 17991, 97871, 2, 119.79
2026/09/11 12:11:52.243, 0, 18225, 97871, 2, 118.87
2026/09/11 12:11:52.243, 1, 18159, 97871, 1, 120.67
2026/09/11 12:11:52.243, 2, 18153, 97871, 2, 118.87
2026/09/11 12:11:52.243, 3, 17991, 97871, 4, 119.84
2026/09/11 12:11:52.443, 0, 18225, 97871, 1, 118.87
2026/09/11 12:11:52.443, 1, 18159, 97871, 2, 120.65
2026/09/11 12:11:52.443, 2, 18153, 97871, 2, 118.85
2026/09/11 12:11:52.443, 3, 17991, 97871, 2, 119.86
2026/09/11 12:11:52.643, 0, 18225, 97871, 1, 118.86
2026/09/11 12:11:52.644, 1, 18159, 97871, 1, 120.63
2026/09/11 12:11:52.644, 2, 18153, 97871, 2, 118.87
2026/09/11 12:11:52.644, 3, 17991, 97871, 4, 119.87
2026/09/11 12:11:52.844, 0, 18225, 97871, 2, 118.81
2026/09/11 12:11:52.844, 1, 18159, 97871, 1, 120.63
2026/09/11 12:11:52.844, 2, 18153, 97871, 1, 118.86
2026/09/11 12:11:52.844, 3, 17991, 97871, 1, 119.83
2026/09/11 12:11:53.044, 0, 18225, 97871, 1, 118.77
2026/09/11 12:11:53.044, 1, 18159, 97871, 2, 120.56
2026/09/11 12:11:53.044, 2, 18153, 97871, 2, 118.86
2026/09/11 12:11:53.044, 3, 17991, 97871, 2, 119.83
2026/09/11 12:11:53.244, 0, 18225, 97871, 1, 118.77
2026/09/11 12:11:53.245, 1, 18159, 97871, 1, 120.56
2026/09/11 12:11:53.245, 2, 18153, 97871, 1, 118.86
2026/09/11 12:11:53.245, 3, 17991, 97871, 2, 119.81
2026/09/11 12:11:53.445, 0, 18225, 97871, 2, 118.81
2026/09/11 12:11:53.445, 1, 18159, 97871, 2, 120.55
2026/09/11 12:11:53.445, 2, 18153, 97871, 2, 118.84
2026/09/11 12:11:53.445, 3, 17991, 97871, 1, 119.78
2026/09/11 12:11:53.645, 0, 18225, 97871, 1, 118.75
2026/09/11 12:11:53.645, 1, 18159, 97871, 1, 120.56
2026/09/11 12:11:53.645, 2, 18153, 97871, 1, 118.82
2026/09/11 12:11:53.645, 3, 17991, 97871, 2, 119.72
2026/09/11 12:11:53.845, 0, 18225, 97871, 2, 118.74
2026/09/11 12:11:53.846, 1, 18159, 97871, 1, 120.57
2026/09/11 12:11:53.846, 2, 18153, 97871, 2, 118.81
2026/09/11 12:11:53.846, 3, 17991, 97871, 1, 119.73
2026/09/11 12:11:54.046, 0, 18225, 97871, 2, 118.78
2026/09/11 12:11:54.046, 1, 18159, 97871, 2, 120.60
2026/09/11 12:11:54.046, 2, 18153, 97871, 2, 118.79
2026/09/11 12:11:54.046, 3, 17991, 97871, 2, 119.75
2026/09/11 12:11:54.246, 0, 18225, 97871, 2, 118.80
2026/09/11 12:11:54.246, 1, 18159, 97871, 1, 120.60
2026/09/11 12:11:54.246, 2, 18153, 97871, 1, 118.81
2026/09/11 12:11:54.246, 3, 17991, 97871, 2, 119.75
2026/09/11 12:11:54.446, 0, 18225, 97871, 1, 118.74
2026/09/11 12:11:54.446, 1, 18159, 97871, 2, 120.61
2026/09/11 12:11:54.447, 2, 18153, 97871, 2, 118.81
2026/09/11 12:11:54.447, 3, 17991, 97871, 2, 119.69
2026/09/11 12:11:54.647, 0, 18225, 97871, 2, 118.82
2026/09/11 12:11:54.647, 1, 18159, 97871, 1, 120.62
2026/09/11 12:11:54.647, 2, 18153, 97871, 1, 118.81
2026/09/11 12:11:54.647, 3, 17991, 97871, 1, 119.73
2026/09/11 12:11:54.847, 0, 18225, 97871, 1, 118.83
2026/09/11 12:11:54.847, 1, 18159, 97871, 2, 120.62
2026/09/11 12:11:54.847, 2, 18153, 97871, 2, 118.81
2026/09/11 12:11:54.847, 3, 17991, 97871, 1, 119.76
2026/09/11 12:11:55.047, 0, 18225, 97871, 1, 118.77
2026/09/11 12:11:55.047, 1, 18159, 97871, 2, 120.60
2026/09/11 12:11:55.048, 2, 18153, 97871, 1, 118.79
2026/09/11 12:11:55.048, 3, 17991, 97871, 2, 119.79
2026/09/11 12:11:55.248, 0, 18225, 97871, 1, 118.76
2026/09/11 12:11:55.248, 1, 18159, 97871, 2, 120.61
2026/09/11 12:11:55.248, 2, 18153, 97871, 2, 118.78
2026/09/11 12:11:55.248, 3, 17991, 97871, 1, 119.72
2026/09/11 12:11:55.448, 0, 18225, 97871, 1, 118.81
2026/09/11 12:11:55.448, 1, 18159, 97871, 2, 120.61
2026/09/11 12:11:55.448, 2, 18153, 97871, 1, 118.78
2026/09/11 12:11:55.448, 3, 17991, 97871, 2, 119.81
2026/09/11 12:11:55.648, 0, 18225, 97871, 1, 118.83
2026/09/11 12:11:55.648, 1, 18159, 97871, 1, 120.62
2026/09/11 12:11:55.649, 2, 18153, 97871, 2, 118.79
2026/09/11 12:11:55.649, 3, 17991, 97871, 1, 119.83
2026/09/11 12:11:55.849, 0, 18225, 97871, 2, 118.82
2026/09/11 12:11:55.849, 1, 18159, 97871, 2, 120.64
2026/09/11 12:11:55.849, 2, 18153, 97871, 2, 118.81
2026/09/11 12:11:55.849, 3, 17991, 97871, 2, 119.83
2026/09/11 12:11:56.049, 0, 18225, 97871, 1, 118.83
2026/09/11 12:11:56.049, 1, 18159, 97871, 1, 120.64
2026/09/11 12:11:56.049, 2, 18153, 97871, 1, 118.83
2026/09/11 12:11:56.049, 3, 17991, 97871, 2, 119.79
2026/09/11 12:11:56.249, 0, 18225, 97871, 1, 118.83
2026/09/11 12:11:56.249, 1, 18159, 97871, 2, 120.65
2026/09/11 12:11:56.250, 2, 18153, 97871, 2, 118.87
2026/09/11 12:11:56.250, 3, 17991, 97871, 1, 119.85
2026/09/11 12:11:56.450, 0, 18225, 97871, 2, 118.79
2026/09/11 12:11:56.450, 1, 18159, 97871, 1, 120.66
2026/09/11 12:11:56.450, 2, 18153, 97871, 1, 118.86
2026/09/11 12:11:56.450, 3, 17991, 97871, 2, 119.87
2026/09/11 12:11:56.650, 0, 18225, 97871, 1, 118.79
2026/09/11 12:11:56.650, 1, 18159, 97871, 2, 120.68
2026/09/11 12:11:56.650, 2, 18153, 97871, 2, 118.87
2026/09/11 12:11:56.650, 3, 17991, 97871, 1, 119.89
2026/09/11 12:11:56.850, 0, 18225, 97871, 1, 118.81
2026/09/11 12:11:56.850, 1, 18159, 97871, 2, 120.68
2026/09/11 12:11:56.851, 2, 18153, 97871, 1, 118.86
2026/09/11 12:11:56.851, 3, 17991, 97871, 2, 119.86
2026/09/11 12:11:57.051, 0, 18225, 97871, 2, 118.82
2026/09/11 12:11:57.051, 1, 18159, 97871, 1, 120.69
2026/09/11 12:11:57.051, 2, 18153, 97871, 2, 118.85
2026/09/11 12:11:57.051, 3, 17991, 97871, 1, 119.94
2026/09/11 12:11:57.251, 0, 18225, 97871, 1, 118.81
2026/09/11 12:11:57.251, 1, 18159, 97871, 2, 120.67
2026/09/11 12:11:57.251, 2, 18153, 97871, 1, 118.84
2026/09/11 12:11:57.251, 3, 17991, 97871, 1, 119.95
2026/09/11 12:11:57.451, 0, 18225, 97871, 2, 118.86
2026/09/11 12:11:57.452, 1, 18159, 97871, 1, 120.67
2026/09/11 12:11:57.452, 2, 18153, 97871, 2, 118.82
2026/09/11 12:11:57.452, 3, 17991, 97871, 2, 119.93
2026/09/11 12:11:57.652, 0, 18225, 97871, 2, 118.86
2026/09/11 12:11:57.652, 1, 18159, 97871, 2, 120.67
2026/09/11 12:11:57.652, 2, 18153, 97871, 1, 118.82
2026/09/11 12:11:57.652, 3, 17991, 97871, 1, 119.86
2026/09/11 12:11:57.852, 0, 18225, 97871, 1, 118.82
2026/09/11 12:11:57.852, 1, 18159, 97871, 1, 120.68
2026/09/11 12:11:57.852, 2, 18153, 97871, 2, 118.86
2026/09/11 12:11:57.852, 3, 17991, 97871, 2, 119.90
2026/09/11 12:11:58.052, 0, 18225, 97871, 2, 118.84
2026/09/11 12:11:58.052, 1, 18159, 97871, 2, 120.70
2026/09/11 12:11:58.052, 2, 18153, 97871, 2, 118.86
2026/09/11 12:11:58.053, 3, 17991, 97871, 1, 119.88
2026/09/11 12:11:58.253, 0, 18225, 97871, 1, 118.88
2026/09/11 12:11:58.253, 1, 18159, 97871, 2, 120.70
2026/09/11 12:11:58.253, 2, 18153, 97871, 1, 118.86
2026/09/11 12:11:58.253, 3, 17991, 97871, 2, 119.83
2026/09/11 12:11:58.453, 0, 18225, 97871, 2, 118.85
2026/09/11 12:11:58.453, 1, 18159, 97871, 1, 120.72
2026/09/11 12:11:58.453, 2, 18153, 97871, 2, 118.86
2026/09/11 12:11:58.453, 3, 17991, 97871, 2, 119.77
2026/09/11 12:11:58.653, 0, 18225, 97871, 2, 118.85
2026/09/11 12:11:58.653, 1, 18159, 97871, 2, 120.71
2026/09/11 12:11:58.654, 2, 18153, 97871, 1, 118.88
2026/09/11 12:11:58.654, 3, 17991, 97871, 1, 119.85
2026/09/11 12:11:58.854, 0, 18225, 97871, 1, 118.91
2026/09/11 12:11:58.854, 1, 18159, 97871, 1, 120.71
2026/09/11 12:11:58.854, 2, 18153, 97871, 2, 118.85
2026/09/11 12:11:58.854, 3, 17991, 97871, 2, 119.85
2026/09/11 12:11:59.054, 0, 18225, 97871, 2, 118.89
2026/09/11 12:11:59.054, 1, 18159, 97871, 2, 120.70
2026/09/11 12:11:59.054, 2, 18153, 97871, 1, 118.83
2026/09/11 12:11:59.054, 3, 17991, 97871, 1, 119.81
2026/09/11 12:11:59.254, 0, 18225, 97871, 1, 118.90
2026/09/11 12:11:59.254, 1, 18159, 97871, 1, 120.69
2026/09/11 12:11:59.254, 2, 18153, 97871, 2, 118.84
2026/09/11 12:11:59.255, 3, 17991, 97871, 2, 119.83
2026/09/11 12:11:59.455, 0, 18225, 97871, 1, 118.93
2026/09/11 12:11:59.455, 1, 18159, 97871, 2, 120.68
2026/09/11 12:11:59.455, 2, 18153, 97871, 1, 118.81
2026/09/11 12:11:59.455, 3, 17991, 97871, 2, 119.88
2026/09/11 12:11:59.655, 0, 18225, 97871, 2, 118.93
2026/09/11 12:11:59.655, 1, 18159, 97871, 1, 120.65
2026/09/11 12:11:59.655, 2, 18153, 97871, 2, 118.80
2026/09/11 12:11:59.655, 3, 17991, 97871, 1, 119.88
2026/09/11 12:11:59.855, 0, 18225, 97871, 1, 118.90
2026/09/11 12:11:59.855, 1, 18159, 97871, 2, 120.65
2026/09/11 12:11:59.855, 2, 18153, 97871, 2, 118.80
2026/09/11 12:11:59.855, 3, 17991, 97871, 2, 119.83
2026/09/11 12:12:00.056, 0, 18225, 97871, 2, 118.89
2026/09/11 12:12:00.056, 1, 18159, 97871, 2, 120.64
2026/09/11 12:12:00.056, 2, 18153, 97871, 1, 118.81
2026/09/11 12:12:00.056, 3, 17991, 97871, 1, 119.83
2026/09/11 12:12:00.256, 0, 18225, 97871, 2, 118.86
2026/09/11 12:12:00.256, 1, 18159, 97871, 1, 120.65
2026/09/11 12:12:00.256, 2, 18153, 97871, 2, 118.84
2026/09/11 12:12:00.256, 3, 17991, 97871, 2, 119.88
2026/09/11 12:12:00.456, 0, 18225, 97871, 1, 118.82
2026/09/11 12:12:00.456, 1, 18159, 97871, 2, 120.64
2026/09/11 12:12:00.456, 2, 18153, 97871, 1, 118.82
2026/09/11 12:12:00.456, 3, 17991, 97871, 1, 119.88
2026/09/11 12:12:00.657, 0, 18225, 97871, 2, 118.81
2026/09/11 12:12:00.657, 1, 18159, 97871, 1, 120.67
2026/09/11 12:12:00.657, 2, 18153, 97871, 2, 118.83
2026/09/11 12:12:00.657, 3, 17991, 97871, 1, 119.83
2026/09/11 12:12:00.857, 0, 18225, 97871, 1, 118.86
2026/09/11 12:12:00.857, 1, 18159, 97871, 2, 120.67
2026/09/11 12:12:00.857, 2, 18153, 97871, 0, 118.87
2026/09/11 12:12:00.857, 3, 17991, 97871, 2, 119.85
2026/09/11 12:12:01.057, 0, 18225, 97871, 1, 118.87
2026/09/11 12:12:01.057, 1, 18159, 97871, 1, 120.68
2026/09/11 12:12:01.057, 2, 18153, 97871, 0, 118.90
2026/09/11 12:12:01.057, 3, 17991, 97871, 1, 119.90
2026/09/11 12:12:01.258, 0, 18225, 97871, 2, 118.88
2026/09/11 12:12:01.258, 1, 18159, 97871, 2, 120.67
2026/09/11 12:12:01.258, 2, 18153, 97871, 0, 118.90
2026/09/11 12:12:01.258, 3, 17991, 97871, 2, 119.89
2026/09/11 12:12:01.458, 0, 18225, 97871, 1, 118.93
2026/09/11 12:12:01.458, 1, 18159, 97871, 0, 120.69
2026/09/11 12:12:01.458, 2, 18153, 97871, 0, 118.94
2026/09/11 12:12:01.458, 3, 17991, 97871, 1, 119.83
2026/09/11 12:12:01.658, 0, 18225, 97871, 2, 118.94
2026/09/11 12:12:01.658, 1, 18159, 97871, 0, 120.69
2026/09/11 12:12:01.658, 2, 18153, 97871, 0, 118.96
2026/09/11 12:12:01.658, 3, 17991, 97871, 2, 119.83
2026/09/11 12:12:01.859, 0, 18225, 97871, 2, 118.89
2026/09/11 12:12:01.859, 1, 18159, 97871, 0, 120.71
2026/09/11 12:12:01.859, 2, 18153, 97871, 0, 118.98
2026/09/11 12:12:01.859, 3, 17991, 97871, 1, 119.85
2026/09/11 12:12:02.059, 0, 18225, 97871, 2, 118.90
2026/09/11 12:12:02.059, 1, 18159, 97871, 0, 120.74
2026/09/11 12:12:02.059, 2, 18153, 97871, 0, 119.00
2026/09/11 12:12:02.059, 3, 17991, 97871, 2, 119.84
2026/09/11 12:12:02.259, 0, 18225, 97871, 2, 118.92
2026/09/11 12:12:02.259, 1, 18159, 97871, 0, 120.79
2026/09/11 12:12:02.259, 2, 18153, 97871, 0, 119.02
2026/09/11 12:12:02.259, 3, 17991, 97871, 1, 119.79
2026/09/11 12:12:02.460, 0, 18225, 97871, 2, 118.90
2026/09/11 12:12:02.460, 1, 18159, 97871, 0, 120.80
2026/09/11 12:12:02.460, 2, 18153, 97871, 0, 119.01
2026/09/11 12:12:02.460, 3, 17991, 97871, 0, 119.84
2026/09/11 12:12:02.660, 0, 18225, 97871, 2, 118.90
2026/09/11 12:12:02.660, 1, 18159, 97871, 0, 120.80
2026/09/11 12:12:02.660, 2, 18153, 97871, 0, 119.00
2026/09/11 12:12:02.660, 3, 17991, 97871, 0, 119.91
2026/09/11 12:12:02.860, 0, 18225, 97871, 2, 118.93
2026/09/11 12:12:02.860, 1, 18159, 97871, 0, 120.81
2026/09/11 12:12:02.860, 2, 18153, 97871, 0, 119.00
2026/09/11 12:12:02.860, 3, 17991, 97871, 0, 119.95
2026/09/11 12:12:03.061, 0, 18225, 97871, 2, 118.91
2026/09/11 12:12:03.061, 1, 18159, 97871, 0, 120.81
2026/09/11 12:12:03.061, 2, 18153, 97871, 0, 118.98
2026/09/11 12:12:03.061, 3, 17991, 97871, 0, 119.93
2026/09/11 12:12:03.261, 0, 18225, 97871, 2, 118.89
2026/09/11 12:12:03.261, 1, 18159, 97871, 0, 120.79
2026/09/11 12:12:03.261, 2, 18153, 97871, 0, 118.99
2026/09/11 12:12:03.261, 3, 17991, 97871, 0, 120.01
2026/09/11 12:12:03.461, 0, 18225, 97871, 2, 118.93
2026/09/11 12:12:03.461, 1, 18159, 97871, 0, 120.81
2026/09/11 12:12:03.461, 2, 18153, 97871, 0, 119.00
2026/09/11 12:12:03.461, 3, 17991, 97871, 0, 120.05
2026/09/11 12:12:03.661, 0, 18225, 97871, 2, 118.91
2026/09/11 12:12:03.662, 1, 18159, 97871, 0, 120.79
2026/09/11 12:12:03.662, 2, 18153, 97871, 0, 119.03
2026/09/11 12:12:03.662, 3, 17991, 97871, 0, 120.03
2026/09/11 12:12:03.862, 0, 18225, 97871, 2, 118.90
2026/09/11 12:12:03.862, 1, 18159, 97871, 0, 120.81
2026/09/11 12:12:03.862, 2, 18153, 97871, 0, 119.05
2026/09/11 12:12:03.862, 3, 17991, 97871, 0, 119.97
2026/09/11 12:12:04.062, 0, 18225, 97871, 2, 118.94
2026/09/11 12:12:04.062, 1, 18159, 97871, 0, 120.81
2026/09/11 12:12:04.062, 2, 18153, 97871, 0, 119.08
2026/09/11 12:12:04.062, 3, 17991, 97871, 0, 120.03
2026/09/11 12:12:04.262, 0, 18225, 97871, 0, 118.98
2026/09/11 12:12:04.263, 1, 18159, 97871, 0, 120.83
2026/09/11 12:12:04.263, 2, 18153, 97871, 0, 119.09
2026/09/11 12:12:04.263, 3, 17991, 97871, 0, 120.06
2026/09/11 12:12:04.463, 0, 18225, 97871, 0, 118.92
2026/09/11 12:12:04.463, 1, 18159, 97871, 0, 120.84
2026/09/11 12:12:04.463, 2, 18153, 97871, 0, 119.08
2026/09/11 12:12:04.463, 3, 17991, 97871, 0, 120.00
2026/09/11 12:12:04.663, 0, 18225, 97871, 0, 118.94
2026/09/11 12:12:04.663, 1, 18159, 97871, 0, 120.87
2026/09/11 12:12:04.663, 2, 18153, 97871, 0, 119.07
2026/09/11 12:12:04.663, 3, 17991, 97871, 0, 119.96
2026/09/11 12:12:04.863, 0, 18225, 97871, 0, 118.98
2026/09/11 12:12:04.864, 1, 18159, 97871, 0, 120.86
2026/09/11 12:12:04.864, 2, 18153, 97871, 0, 119.04
2026/09/11 12:12:04.864, 3, 17991, 97871, 0, 120.00
2026/09/11 12:12:05.064, 0, 18225, 97871, 0, 118.97
2026/09/11 12:12:05.064, 1, 18159, 97871, 0, 120.85
2026/09/11 12:12:05.064, 2, 18153, 97871, 0, 119.02
2026/09/11 12:12:05.064, 3, 17991, 97871, 0, 119.99
2026/09/11 12:12:05.264, 0, 18225, 97871, 0, 118.98
2026/09/11 12:12:05.264, 1, 18159, 97871, 0, 120.84
2026/09/11 12:12:05.264, 2, 18153, 97871, 0, 119.02
2026/09/11 12:12:05.264, 3, 17991, 97871, 0, 119.92
2026/09/11 12:12:05.464, 0, 18225, 97871, 0, 119.01
2026/09/11 12:12:05.464, 1, 18159, 97871, 0, 120.83
2026/09/11 12:12:05.464, 2, 18153, 97871, 0, 119.03
2026/09/11 12:12:05.465, 3, 17991, 97871, 0, 119.93
2026/09/11 12:12:05.665, 0, 18225, 97871, 0, 119.01
2026/09/11 12:12:05.665, 1, 18159, 97871, 0, 120.81
2026/09/11 12:12:05.665, 2, 18153, 97871, 0, 119.05
2026/09/11 12:12:05.665, 3, 17991, 97871, 0, 119.97
2026/09/11 12:12:05.865, 0, 18225, 97871, 0, 118.99
2026/09/11 12:12:05.865, 1, 18159, 97871, 0, 120.82
2026/09/11 12:12:05.865, 2, 18153, 97871, 0, 119.05
2026/09/11 12:12:05.865, 3, 17991, 97871, 0, 119.96
2026/09/11 12:12:06.065, 0, 18225, 97871, 0, 119.02
2026/09/11 12:12:06.065, 1, 18159, 97871, 0, 120.83
2026/09/11 12:12:06.065, 2, 18153, 97871, 0, 119.07
2026/09/11 12:12:06.065, 3, 17991, 97871, 0, 119.91
2026/09/11 12:12:06.266, 0, 18225, 97871, 0, 119.04
2026/09/11 12:12:06.266, 1, 18159, 97871, 0, 120.82
2026/09/11 12:12:06.266, 2, 18153, 97871, 0, 119.09
2026/09/11 12:12:06.266, 3, 17991, 97871, 0, 119.94
2026/09/11 12:12:06.466, 0, 18225, 97871, 0, 119.02
2026/09/11 12:12:06.466, 1, 18159, 97871, 0, 120.82
2026/09/11 12:12:06.466, 2, 18153, 97871, 0, 119.09
2026/09/11 12:12:06.466, 3, 17991, 97871, 0, 119.88
2026/09/11 12:12:06.666, 0, 18225, 97871, 0, 119.01
2026/09/11 12:12:06.666, 1, 18159, 97871, 0, 120.83
2026/09/11 12:12:06.666, 2, 18153, 97871, 0, 119.07
2026/09/11 12:12:06.666, 3, 17991, 97871, 0, 119.93
2026/09/11 12:12:06.867, 0, 18225, 97871, 0, 119.00
2026/09/11 12:12:06.867, 1, 18159, 97871, 0, 120.83
2026/09/11 12:12:06.867, 2, 18153, 97871, 0, 119.08
2026/09/11 12:12:06.867, 3, 17991, 97871, 0, 119.95
2026/09/11 12:12:07.067, 0, 18225, 97871, 0, 118.95
2026/09/11 12:12:07.067, 1, 18159, 97871, 0, 120.85
2026/09/11 12:12:07.067, 2, 18153, 97871, 0, 119.05
2026/09/11 12:12:07.067, 3, 17991, 97871, 0, 119.94
2026/09/11 12:12:07.267, 0, 18225, 97871, 0, 118.91
2026/09/11 12:12:07.267, 1, 18159, 97871, 0, 120.85
2026/09/11 12:12:07.267, 2, 18153, 97871, 0, 119.04
2026/09/11 12:12:07.267, 3, 17991, 97871, 0, 119.91
2026/09/11 12:12:07.467, 0, 18225, 97871, 0, 118.96
2026/09/11 12:12:07.468, 1, 18159, 97871, 0, 120.84
2026/09/11 12:12:07.468, 2, 18153, 97871, 0, 119.02
2026/09/11 12:12:07.468, 3, 17991, 97871, 0, 119.97
2026/09/11 12:12:07.668, 0, 18225, 97871, 0, 118.99
2026/09/11 12:12:07.668, 1, 18159, 97871, 0, 120.84
2026/09/11 12:12:07.668, 2, 18153, 97871, 0, 119.05
2026/09/11 12:12:07.668, 3, 17991, 97871, 0, 119.97
2026/09/11 12:12:07.868, 0, 18225, 97871, 0, 119.00
2026/09/11 12:12:07.868, 1, 18159, 97871, 0, 120.83
2026/09/11 12:12:07.868, 2, 18153, 97871, 0, 119.04
2026/09/11 12:12:07.868, 3, 17991, 97871, 0, 119.95
2026/09/11 12:12:08.068, 0, 18225, 97871, 0, 119.03
2026/09/11 12:12:08.069, 1, 18159, 97871, 0, 120.82
2026/09/11 12:12:08.069, 2, 18153, 97871, 0, 119.04
2026/09/11 12:12:08.069, 3, 17991, 97871, 0, 119.92
2026/09/11 12:12:08.269, 0, 18225, 97871, 0, 119.04
2026/09/11 12:12:08.269, 1, 18159, 97871, 0, 120.84
2026/09/11 12:12:08.269, 2, 18153, 97871, 0, 119.04
2026/09/11 12:12:08.269, 3, 17991, 97871, 0, 119.97
2026/09/11 12:12:08.469, 0, 18225, 97871, 0, 119.00
2026/09/11 12:12:08.469, 1, 18159, 97871, 0, 120.86
2026/09/11 12:12:08.469, 2, 18153, 97871, 0, 119.02
2026/09/11 12:12:08.469, 3, 17991, 97871, 0, 119.99
2026/09/11 12:12:08.669, 0, 18225, 97871, 0, 118.99
2026/09/11 12:12:08.669, 1, 18159, 97871, 0, 120.88
2026/09/11 12:12:08.670, 2, 18153, 97871, 0, 119.00
2026/09/11 12:12:08.670, 3, 17991, 97871, 0, 120.00
2026/09/11 12:12:08.870, 0, 18225, 97871, 0, 119.03
2026/09/11 12:12:08.870, 1, 18159, 97871, 0, 120.88
2026/09/11 12:12:08.870, 2, 18153, 97871, 0, 119.00
2026/09/11 12:12:08.870, 3, 17991, 97871, 0, 119.95
2026/09/11 12:12:09.070, 0, 18225, 97871, 0, 119.00
2026/09/11 12:12:09.070, 1, 18159, 97871, 0, 120.88
2026/09/11 12:12:09.070, 2, 18153, 97871, 0, 119.02
2026/09/11 12:12:09.070, 3, 17991, 97871, 0, 120.02
2026/09/11 12:12:09.270, 0, 18225, 97871, 0, 119.00
2026/09/11 12:12:09.270, 1, 18159, 97871, 0, 120.88
2026/09/11 12:12:09.271, 2, 18153, 97871, 0, 119.05
2026/09/11 12:12:09.271, 3, 17991, 97871, 0, 120.02
2026/09/11 12:12:09.471, 0, 18225, 97871, 0, 119.03
2026/09/11 12:12:09.471, 1, 18159, 97871, 0, 120.88
2026/09/11 12:12:09.471, 2, 18153, 97871, 0, 119.06
2026/09/11 12:12:09.471, 3, 17991, 97871, 0, 120.02
2026/09/11 12:12:09.671, 0, 18225, 97871, 0, 119.04
2026/09/11 12:12:09.671, 1, 18159, 97871, 0, 120.86
2026/09/11 12:12:09.671, 2, 18153, 97871, 0, 119.10
2026/09/11 12:12:09.671, 3, 17991, 97871, 0, 119.98
2026/09/11 12:12:09.871, 0, 18225, 97871, 0, 119.05
2026/09/11 12:12:09.871, 1, 18159, 97871, 0, 120.88
2026/09/11 12:12:09.871, 2, 18153, 97871, 0, 119.11
2026/09/11 12:12:09.871, 3, 17991, 97871, 0, 120.06
2026/09/11 12:12:10.072, 0, 18225, 97871, 0, 119.07
2026/09/11 12:12:10.072, 1, 18159, 97871, 0, 120.88
2026/09/11 12:12:10.072, 2, 18153, 97871, 0, 119.11
2026/09/11 12:12:10.072, 3, 17991, 97871, 0, 120.09
2026/09/11 12:12:10.272, 0, 18225, 97871, 0, 119.06
2026/09/11 12:12:10.272, 1, 18159, 97871, 0, 120.90
2026/09/11 12:12:10.272, 2, 18153, 97871, 0, 119.10
2026/09/11 12:12:10.272, 3, 17991, 97871, 0, 120.08
2026/09/11 12:12:10.472, 0, 18225, 97871, 0, 119.03
2026/09/11 12:12:10.472, 1, 18159, 97871, 0, 120.92
2026/09/11 12:12:10.472, 2, 18153, 97871, 0, 119.11
2026/09/11 12:12:10.472, 3, 17991, 97871, 0, 120.02
2026/09/11 12:12:10.673, 0, 18225, 97871, 0, 119.03
2026/09/11 12:12:10.673, 1, 18159, 97871, 0, 120.93
2026/09/11 12:12:10.673, 2, 18153, 97871, 0, 119.10
2026/09/11 12:12:10.673, 3, 17991, 97871, 0, 120.03
2026/09/11 12:12:10.873, 0, 18225, 97871, 0, 119.01
2026/09/11 12:12:10.873, 1, 18159, 97871, 0, 120.95
2026/09/11 12:12:10.873, 2, 18153, 97871, 0, 119.11
2026/09/11 12:12:10.873, 3, 17991, 97871, 0, 120.04
2026/09/11 12:12:11.073, 0, 18225, 97871, 0, 119.01
2026/09/11 12:12:11.073, 1, 18159, 97871, 0, 120.95
2026/09/11 12:12:11.073, 2, 18153, 97871, 0, 119.13
2026/09/11 12:12:11.073, 3, 17991, 97871, 0, 119.98
2026/09/11 12:12:11.273, 0, 18225, 97871, 0, 119.03
2026/09/11 12:12:11.274, 1, 18159, 97871, 0, 120.95
2026/09/11 12:12:11.274, 2, 18153, 97871, 0, 119.16
2026/09/11 12:12:11.274, 3, 17991, 97871, 0, 119.95
2026/09/11 12:12:11.474, 0, 18225, 97871, 0, 119.07
2026/09/11 12:12:11.474, 1, 18159, 97871, 0, 120.92
2026/09/11 12:12:11.474, 2, 18153, 97871, 0, 119.16
2026/09/11 12:12:11.474, 3, 17991, 97871, 0, 120.03
2026/09/11 12:12:11.674, 0, 18225, 97871, 0, 119.04
2026/09/11 12:12:11.674, 1, 18159, 97871, 0, 120.92
2026/09/11 12:12:11.674, 2, 18153, 97871, 0, 119.18
2026/09/11 12:12:11.674, 3, 17991, 97871, 0, 120.02
2026/09/11 12:12:11.874, 0, 18225, 97871, 0, 119.04
2026/09/11 12:12:11.875, 1, 18159, 97871, 0, 120.88
2026/09/11 12:12:11.875, 2, 18153, 97871, 0, 119.20
2026/09/11 12:12:11.875, 3, 18339, 97871, 0, 119.98
2026/09/11 12:12:12.075, 0, 18225, 97871, 0, 119.07
2026/09/11 12:12:12.075, 1, 18507, 97871, 0, 120.89
2026/09/11 12:12:12.075, 2, 19037, 97871, 3, 119.35
2026/09/11 12:12:12.075, 3, 18983, 97871, 4, 121.04
2026/09/11 12:12:12.275, 0, 19109, 97871, 0, 119.08
2026/09/11 12:12:12.275, 1, 19151, 97871, 4, 122.02
2026/09/11 12:12:12.275, 2, 19145, 97871, 4, 120.06
2026/09/11 12:12:12.275, 3, 18983, 97871, 0, 121.10
2026/09/11 12:12:12.475, 0, 19217, 97871, 2, 120.15
2026/09/11 12:12:12.476, 1, 19151, 97871, 0, 122.04
2026/09/11 12:12:12.476, 2, 19145, 97871, 0, 120.08
2026/09/11 12:12:12.476, 3, 18983, 97871, 0, 121.05
2026/09/11 12:12:12.676, 0, 19217, 97871, 0, 120.13
2026/09/11 12:12:12.676, 1, 19151, 97871, 0, 121.98
2026/09/11 12:12:12.676, 2, 19145, 97871, 0, 120.10
2026/09/11 12:12:12.676, 3, 18983, 97871, 0, 121.00
2026/09/11 12:12:12.876, 0, 19217, 97871, 0, 120.28
2026/09/11 12:12:12.876, 1, 19151, 97871, 0, 121.98
2026/09/11 12:12:12.876, 2, 19145, 97871, 0, 120.99
2026/09/11 12:12:12.876, 3, 18985, 97871, 7, 128.72
2026/09/11 12:12:13.076, 0, 19217, 97871, 0, 122.96
2026/09/11 12:12:13.077, 1, 19153, 97871, 1, 129.80
2026/09/11 12:12:13.077, 2, 19147, 97871, 44, 128.85
2026/09/11 12:12:13.077, 3, 18985, 97871, 100, 129.93
2026/09/11 12:12:13.277, 0, 19327, 97871, 0, 135.79
2026/09/11 12:12:13.277, 1, 19261, 97871, 100, 142.75
2026/09/11 12:12:13.277, 2, 19255, 97871, 98, 147.07
2026/09/11 12:12:13.277, 3, 19093, 97871, 95, 149.29
2026/09/11 12:12:13.477, 0, 19327, 97871, 100, 171.17
2026/09/11 12:12:13.477, 1, 19261, 97871, 100, 179.82
2026/09/11 12:12:13.477, 2, 19255, 97871, 100, 183.68
2026/09/11 12:12:13.477, 3, 19093, 97871, 100, 185.70
2026/09/11 12:12:13.677, 0, 22015, 97871, 100, 207.53
2026/09/11 12:12:13.677, 1, 21949, 97871, 100, 213.99
2026/09/11 12:12:13.678, 2, 21943, 97871, 97, 217.68
2026/09/11 12:12:13.678, 3, 21781, 97871, 97, 224.56
2026/09/11 12:12:13.878, 0, 22015, 97871, 100, 243.96
2026/09/11 12:12:13.878, 1, 21949, 97871, 100, 252.33
2026/09/11 12:12:13.878, 2, 21943, 97871, 100, 253.22
2026/09/11 12:12:13.878, 3, 21781, 97871, 100, 252.37
2026/09/11 12:12:14.078, 0, 22015, 97871, 100, 277.92
2026/09/11 12:12:14.078, 1, 21949, 97871, 100, 278.92
2026/09/11 12:12:14.078, 2, 21943, 97871, 100, 284.16
2026/09/11 12:12:14.078, 3, 21781, 97871, 100, 289.82
2026/09/11 12:12:14.278, 0, 22015, 97871, 100, 301.74
2026/09/11 12:12:14.278, 1, 21949, 97871, 100, 304.01
2026/09/11 12:12:14.278, 2, 21943, 97871, 100, 301.72
2026/09/11 12:12:14.278, 3, 21781, 97871, 100, 307.37
2026/09/11 12:12:14.479, 0, 22719, 97871, 100, 301.53
2026/09/11 12:12:14.479, 1, 22461, 97871, 100, 302.56
2026/09/11 12:12:14.479, 2, 22455, 97871, 100, 298.61
2026/09/11 12:12:14.479, 3, 22485, 97871, 100, 303.96
2026/09/11 12:12:14.679, 0, 22719, 97871, 72, 306.19
2026/09/11 12:12:14.679, 1, 22461, 97871, 73, 309.51
2026/09/11 12:12:14.679, 2, 22455, 97871, 100, 306.52
2026/09/11 12:12:14.679, 3, 22485, 97871, 100, 312.67
2026/09/11 12:12:14.879, 0, 22719, 97871, 100, 314.90
2026/09/11 12:12:14.879, 1, 22461, 97871, 100, 318.78
2026/09/11 12:12:14.879, 2, 22455, 97871, 100, 315.64
2026/09/11 12:12:14.879, 3, 22485, 97871, 100, 320.75
2026/09/11 12:12:15.079, 0, 23037, 97871, 100, 307.20
2026/09/11 12:12:15.079, 1, 22709, 97871, 100, 302.88
2026/09/11 12:12:15.080, 2, 22703, 97871, 54, 291.91
2026/09/11 12:12:15.080, 3, 22793, 97871, 32, 314.53
2026/09/11 12:12:15.280, 0, 23255, 97871, 1, 270.39
2026/09/11 12:12:15.280, 1, 22779, 97871, 1, 267.36
2026/09/11 12:12:15.280, 2, 22991, 97871, 1, 256.60
2026/09/11 12:12:15.280, 3, 23021, 97871, 0, 277.25
2026/09/11 12:12:15.480, 0, 23255, 97871, 0, 234.41
2026/09/11 12:12:15.480, 1, 22839, 97871, 0, 231.25
2026/09/11 12:12:15.480, 2, 22991, 97871, 0, 223.37
2026/09/11 12:12:15.480, 3, 23021, 97871, 0, 241.00
2026/09/11 12:12:15.683, 0, 23255, 97871, 0, 194.30
2026/09/11 12:12:15.683, 1, 22909, 97871, 0, 191.72
2026/09/11 12:12:15.683, 2, 22991, 97871, 0, 178.29
2026/09/11 12:12:15.683, 3, 23021, 97871, 0, 201.91
2026/09/11 12:12:15.883, 0, 23255, 97871, 0, 152.63
2026/09/11 12:12:15.884, 1, 22997, 97871, 0, 142.43
2026/09/11 12:12:15.885, 2, 22991, 97871, 0, 136.70
2026/09/11 12:12:15.885, 3, 23021, 97871, 0, 155.69
2026/09/11 12:12:16.085, 0, 28899, 97871, 0, 126.08
2026/09/11 12:12:16.085, 1, 28641, 97871, 0, 127.67
2026/09/11 12:12:16.085, 2, 28635, 97871, 2, 128.32
2026/09/11 12:12:16.085, 3, 28665, 97871, 14, 129.87
2026/09/11 12:12:16.285, 0, 28899, 97871, 24, 129.34
2026/09/11 12:12:16.285, 1, 28641, 97871, 11, 130.38
2026/09/11 12:12:16.285, 2, 28635, 97871, 8, 129.44
2026/09/11 12:12:16.285, 3, 28665, 97871, 0, 130.64
2026/09/11 12:12:16.485, 0, 28899, 97871, 0, 129.54
2026/09/11 12:12:16.485, 1, 28641, 97871, 0, 137.10
2026/09/11 12:12:16.485, 2, 28635, 97871, 0, 141.96
2026/09/11 12:12:16.486, 3, 28665, 97871, 0, 143.46
2026/09/11 12:12:16.686, 0, 28899, 97871, 73, 174.04
2026/09/11 12:12:16.686, 1, 28641, 97871, 100, 183.28
2026/09/11 12:12:16.686, 2, 28635, 97871, 100, 186.57
2026/09/11 12:12:16.686, 3, 28665, 97871, 100, 190.50
2026/09/11 12:12:16.886, 0, 28899, 97871, 100, 222.74
2026/09/11 12:12:16.886, 1, 28641, 97871, 100, 228.12
2026/09/11 12:12:16.886, 2, 28635, 97871, 100, 231.28
2026/09/11 12:12:16.887, 3, 28665, 97871, 100, 234.85
2026/09/11 12:12:17.087, 0, 30681, 97871, 91, 239.47
2026/09/11 12:12:17.087, 1, 31611, 97871, 89, 244.24
2026/09/11 12:12:17.087, 2, 31605, 97871, 89, 240.66
2026/09/11 12:12:17.087, 3, 30447, 97871, 100, 246.65
2026/09/11 12:12:17.287, 0, 30681, 97871, 44, 247.67
2026/09/11 12:12:17.287, 1, 31611, 97871, 50, 247.49
2026/09/11 12:12:17.287, 2, 31605, 97871, 0, 239.64
2026/09/11 12:12:17.287, 3, 30447, 97871, 0, 247.44
2026/09/11 12:12:17.487, 0, 30681, 97871, 0, 247.45
2026/09/11 12:12:17.487, 1, 31611, 97871, 0, 243.08
2026/09/11 12:12:17.487, 2, 31605, 97871, 0, 231.51
2026/09/11 12:12:17.487, 3, 30447, 97871, 0, 234.31
2026/09/11 12:12:17.688, 0, 30681, 97871, 0, 202.10
2026/09/11 12:12:17.688, 1, 31611, 97871, 0, 200.71
2026/09/11 12:12:17.688, 2, 31605, 97871, 0, 188.54
2026/09/11 12:12:17.688, 3, 30447, 97871, 0, 187.68
2026/09/11 12:12:17.888, 0, 30681, 97871, 0, 154.47
2026/09/11 12:12:17.888, 1, 31611, 97871, 0, 154.48
2026/09/11 12:12:17.888, 2, 31605, 97871, 0, 140.34
2026/09/11 12:12:17.888, 3, 30447, 97871, 0, 141.25
2026/09/11 12:12:18.088, 0, 30681, 97871, 0, 132.10
2026/09/11 12:12:18.088, 1, 31611, 97871, 0, 132.80
2026/09/11 12:12:18.088, 2, 31605, 97871, 0, 121.43
2026/09/11 12:12:18.088, 3, 30447, 97871, 0, 121.80
2026/09/11 12:12:18.288, 0, 30681, 97871, 0, 119.68
2026/09/11 12:12:18.289, 1, 31611, 97871, 0, 121.49
2026/09/11 12:12:18.289, 2, 31605, 97871, 0, 119.91
2026/09/11 12:12:18.289, 3, 30447, 97871, 0, 120.57
2026/09/11 12:12:18.489, 0, 30681, 97871, 0, 119.55
2026/09/11 12:12:18.489, 1, 31611, 97871, 0, 121.43
2026/09/11 12:12:18.489, 2, 31605, 97871, 0, 119.81
2026/09/11 12:12:18.489, 3, 30447, 97871, 0, 120.53
2026/09/11 12:12:18.689, 0, 30681, 97871, 0, 119.48
2026/09/11 12:12:18.689, 1, 31611, 97871, 0, 121.38
2026/09/11 12:12:18.689, 2, 31605, 97871, 0, 119.71
2026/09/11 12:12:18.689, 3, 30447, 97871, 0, 120.52
2026/09/11 12:12:18.889, 0, 30681, 97871, 0, 119.48
2026/09/11 12:12:18.889, 1, 31611, 97871, 0, 121.38
2026/09/11 12:12:18.890, 2, 31605, 97871, 0, 119.63
2026/09/11 12:12:18.890, 3, 30447, 97871, 0, 120.43
2026/09/11 12:12:19.090, 0, 30681, 97871, 0, 119.44
2026/09/11 12:12:19.090, 1, 31611, 97871, 0, 121.36
2026/09/11 12:12:19.090, 2, 31605, 97871, 0, 119.60
2026/09/11 12:12:19.090, 3, 30447, 97871, 0, 120.43
2026/09/11 12:12:19.290, 0, 30681, 97871, 0, 119.44
2026/09/11 12:12:19.290, 1, 31611, 97871, 0, 121.35
2026/09/11 12:12:19.290, 2, 31605, 97871, 0, 119.57
2026/09/11 12:12:19.290, 3, 30447, 97871, 0, 120.41
2026/09/11 12:12:19.490, 0, 30681, 97871, 0, 119.44
2026/09/11 12:12:19.490, 1, 31611, 97871, 0, 121.33
2026/09/11 12:12:19.490, 2, 31605, 97871, 0, 119.56
2026/09/11 12:12:19.490, 3, 30447, 97871, 0, 120.37
2026/09/11 12:12:19.691, 0, 30681, 97871, 0, 119.44
2026/09/11 12:12:19.691, 1, 31611, 97871, 0, 121.33
2026/09/11 12:12:19.691, 2, 31605, 97871, 0, 119.53
2026/09/11 12:12:19.691, 3, 30447, 97871, 0, 120.31
2026/09/11 12:12:19.891, 0, 30681, 97871, 0, 119.42
2026/09/11 12:12:19.891, 1, 31611, 97871, 0, 121.31
2026/09/11 12:12:19.891, 2, 31605, 97871, 0, 119.51
2026/09/11 12:12:19.891, 3, 30447, 97871, 0, 120.33
2026/09/11 12:12:20.091, 0, 30681, 97871, 0, 119.44
2026/09/11 12:12:20.091, 1, 31611, 97871, 0, 121.30
2026/09/11 12:12:20.091, 2, 31605, 97871, 0, 119.49
2026/09/11 12:12:20.091, 3, 30447, 97871, 0, 120.35
2026/09/11 12:12:20.291, 0, 30681, 97871, 0, 119.42
2026/09/11 12:12:20.292, 1, 31611, 97871, 0, 121.29
2026/09/11 12:12:20.292, 2, 31605, 97871, 0, 119.46
2026/09/11 12:12:20.292, 3, 30447, 97871, 0, 120.35
2026/09/11 12:12:20.492, 0, 30681, 97871, 0, 119.40
2026/09/11 12:12:20.492, 1, 31611, 97871, 0, 121.27
2026/09/11 12:12:20.492, 2, 31605, 97871, 0, 119.45
2026/09/11 12:12:20.492, 3, 30447, 97871, 0, 120.29
2026/09/11 12:12:20.692, 0, 30681, 97871, 0, 119.41
2026/09/11 12:12:20.692, 1, 31611, 97871, 0, 121.25
2026/09/11 12:12:20.692, 2, 31605, 97871, 0, 119.45
2026/09/11 12:12:20.692, 3, 30447, 97871, 0, 120.31
2026/09/11 12:12:20.892, 0, 30681, 97871, 0, 119.42
2026/09/11 12:12:20.892, 1, 31611, 97871, 0, 121.25
2026/09/11 12:12:20.892, 2, 31605, 97871, 0, 119.46
2026/09/11 12:12:20.893, 3, 30447, 97871, 0, 120.32
2026/09/11 12:12:21.093, 0, 30681, 97871, 0, 119.36
2026/09/11 12:12:21.093, 1, 31611, 97871, 0, 121.25
2026/09/11 12:12:21.093, 2, 31605, 97871, 0, 119.48
2026/09/11 12:12:21.093, 3, 30447, 97871, 0, 120.32
2026/09/11 12:12:21.293, 0, 30681, 97871, 0, 119.35
2026/09/11 12:12:21.293, 1, 31611, 97871, 0, 121.27
2026/09/11 12:12:21.293, 2, 31605, 97871, 0, 119.50
2026/09/11 12:12:21.293, 3, 30447, 97871, 0, 120.29
2026/09/11 12:12:21.493, 0, 30681, 97871, 0, 119.35
2026/09/11 12:12:21.493, 1, 31611, 97871, 0, 121.29
2026/09/11 12:12:21.493, 2, 31605, 97871, 0, 119.52
2026/09/11 12:12:21.493, 3, 30447, 97871, 0, 120.35
2026/09/11 12:12:21.693, 0, 30681, 97871, 0, 119.33
2026/09/11 12:12:21.694, 1, 31611, 97871, 0, 121.32
2026/09/11 12:12:21.694, 2, 31605, 97871, 0, 119.49
2026/09/11 12:12:21.694, 3, 30447, 97871, 0, 120.37
2026/09/11 12:12:21.894, 0, 30681, 97871, 0, 119.32
2026/09/11 12:12:21.894, 1, 31611, 97871, 0, 121.30
2026/09/11 12:12:21.894, 2, 31605, 97871, 0, 119.49
2026/09/11 12:12:21.894, 3, 30447, 97871, 0, 120.35
2026/09/11 12:12:22.094, 0, 30681, 97871, 0, 119.35
2026/09/11 12:12:22.094, 1, 31611, 97871, 0, 121.29
2026/09/11 12:12:22.094, 2, 31605, 97871, 0, 119.50
2026/09/11 12:12:22.094, 3, 30447, 97871, 0, 120.29
2026/09/11 12:12:22.294, 0, 30681, 97871, 0, 119.34
2026/09/11 12:12:22.294, 1, 31611, 97871, 0, 121.26
2026/09/11 12:12:22.294, 2, 31605, 97871, 0, 119.48
2026/09/11 12:12:22.294, 3, 30447, 97871, 0, 120.33
2026/09/11 12:12:22.495, 0, 30681, 97871, 0, 119.32
2026/09/11 12:12:22.495, 1, 31611, 97871, 0, 121.25
2026/09/11 12:12:22.495, 2, 31605, 97871, 0, 119.48
2026/09/11 12:12:22.495, 3, 30447, 97871, 0, 120.35
2026/09/11 12:12:22.695, 0, 30681, 97871, 0, 119.33
2026/09/11 12:12:22.695, 1, 31611, 97871, 0, 121.23
2026/09/11 12:12:22.695, 2, 31605, 97871, 0, 119.48
2026/09/11 12:12:22.695, 3, 30447, 97871, 0, 120.33
2026/09/11 12:12:22.895, 0, 30681, 97871, 0, 119.35
2026/09/11 12:12:22.895, 1, 31611, 97871, 0, 121.26
2026/09/11 12:12:22.895, 2, 31605, 97871, 0, 119.50
2026/09/11 12:12:22.895, 3, 30447, 97871, 0, 120.26
2026/09/11 12:12:23.095, 0, 30681, 97871, 0, 119.29
2026/09/11 12:12:23.096, 1, 31611, 97871, 0, 121.26
2026/09/11 12:12:23.096, 2, 31605, 97871, 0, 119.51
2026/09/11 12:12:23.096, 3, 30447, 97871, 0, 120.32
2026/09/11 12:12:23.296, 0, 30681, 97871, 0, 119.32
2026/09/11 12:12:23.296, 1, 31611, 97871, 0, 121.27
2026/09/11 12:12:23.296, 2, 31605, 97871, 0, 119.53
2026/09/11 12:12:23.296, 3, 30447, 97871, 0, 120.32
2026/09/11 12:12:23.496, 0, 30681, 97871, 0, 119.35
2026/09/11 12:12:23.496, 1, 31611, 97871, 0, 121.28
2026/09/11 12:12:23.496, 2, 31605, 97871, 0, 119.55
2026/09/11 12:12:23.496, 3, 30447, 97871, 0, 120.24
2026/09/11 12:12:23.696, 0, 30681, 97871, 0, 119.30
2026/09/11 12:12:23.697, 1, 31611, 97871, 0, 121.29
2026/09/11 12:12:23.697, 2, 31605, 97871, 0, 119.54
2026/09/11 12:12:23.697, 3, 30447, 97871, 0, 120.22
2026/09/11 12:12:23.897, 0, 30681, 97871, 0, 119.31
2026/09/11 12:12:23.897, 1, 31611, 97871, 0, 121.27
2026/09/11 12:12:23.897, 2, 31605, 97871, 0, 119.52
2026/09/11 12:12:23.897, 3, 30447, 97871, 0, 120.29
2026/09/11 12:12:24.097, 0, 30681, 97871, 0, 119.33
2026/09/11 12:12:24.097, 1, 31611, 97871, 0, 121.25
2026/09/11 12:12:24.097, 2, 31605, 97871, 0, 119.48
2026/09/11 12:12:24.097, 3, 30447, 97871, 0, 120.30
2026/09/11 12:12:24.297, 0, 30681, 97871, 0, 119.29
2026/09/11 12:12:24.297, 1, 31611, 97871, 0, 121.23
2026/09/11 12:12:24.297, 2, 31605, 97871, 0, 119.48
2026/09/11 12:12:24.298, 3, 30447, 97871, 0, 120.21
2026/09/11 12:12:24.498, 0, 30681, 97871, 0, 119.23
2026/09/11 12:12:24.498, 1, 31611, 97871, 0, 121.20
2026/09/11 12:12:24.498, 2, 31605, 97871, 0, 119.44
2026/09/11 12:12:24.498, 3, 30447, 97871, 0, 120.26
2026/09/11 12:12:24.698, 0, 30681, 97871, 0, 119.28
2026/09/11 12:12:24.698, 1, 31611, 97871, 0, 121.19
2026/09/11 12:12:24.698, 2, 31605, 97871, 0, 119.44
2026/09/11 12:12:24.698, 3, 30447, 97871, 0, 120.30
2026/09/11 12:12:24.898, 0, 30681, 97871, 0, 119.25
2026/09/11 12:12:24.898, 1, 31611, 97871, 0, 121.19
2026/09/11 12:12:24.898, 2, 31605, 97871, 0, 119.47
2026/09/11 12:12:24.898, 3, 30447, 97871, 0, 120.31
2026/09/11 12:12:25.099, 0, 30681, 97871, 0, 119.22
2026/09/11 12:12:25.099, 1, 31611, 97871, 0, 121.21
2026/09/11 12:12:25.099, 2, 31605, 97871, 0, 119.48
2026/09/11 12:12:25.099, 3, 30447, 97871, 0, 120.25
2026/09/11 12:12:25.299, 0, 30681, 97871, 0, 119.25
2026/09/11 12:12:25.299, 1, 31611, 97871, 0, 121.22
2026/09/11 12:12:25.299, 2, 31605, 97871, 0, 119.46
2026/09/11 12:12:25.299, 3, 30447, 97871, 0, 120.29
2026/09/11 12:12:25.499, 0, 30681, 97871, 0, 119.29
2026/09/11 12:12:25.499, 1, 31611, 97871, 0, 121.23
2026/09/11 12:12:25.499, 2, 31605, 97871, 0, 119.46
2026/09/11 12:12:25.499, 3, 30447, 97871, 0, 120.31
2026/09/11 12:12:25.699, 0, 30681, 97871, 0, 119.27
2026/09/11 12:12:25.700, 1, 31611, 97871, 0, 121.22
2026/09/11 12:12:25.700, 2, 31605, 97871, 0, 119.46
2026/09/11 12:12:25.700, 3, 30447, 97871, 0, 120.29
2026/09/11 12:12:25.900, 0, 30681, 97871, 0, 119.29
2026/09/11 12:12:25.900, 1, 31611, 97871, 0, 121.23
2026/09/11 12:12:25.900, 2, 31605, 97871, 0, 119.43
2026/09/11 12:12:25.900, 3, 30447, 97871, 0, 120.22
2026/09/11 12:12:26.100, 0, 30681, 97871, 0, 119.32
2026/09/11 12:12:26.100, 1, 31611, 97871, 0, 121.23
2026/09/11 12:12:26.100, 2, 31605, 97871, 0, 119.43
2026/09/11 12:12:26.100, 3, 30447, 97871, 0, 120.27
2026/09/11 12:12:26.300, 0, 30681, 97871, 0, 119.30
2026/09/11 12:12:26.301, 1, 31611, 97871, 0, 121.23
2026/09/11 12:12:26.301, 2, 31605, 97871, 0, 119.44
2026/09/11 12:12:26.301, 3, 30447, 97871, 0, 120.30
2026/09/11 12:12:26.501, 0, 30681, 97871, 0, 119.29
2026/09/11 12:12:26.501, 1, 31611, 97871, 0, 121.22
2026/09/11 12:12:26.501, 2, 31605, 97871, 0, 119.46
2026/09/11 12:12:26.501, 3, 30447, 97871, 0, 120.28
2026/09/11 12:12:26.701, 0, 30681, 97871, 0, 119.31
2026/09/11 12:12:26.701, 1, 31611, 97871, 0, 121.20
2026/09/11 12:12:26.701, 2, 31605, 97871, 0, 119.44
2026/09/11 12:12:26.701, 3, 30447, 97871, 0, 120.19
2026/09/11 12:12:26.901, 0, 30681, 97871, 0, 119.29
2026/09/11 12:12:26.901, 1, 31611, 97871, 0, 121.20
2026/09/11 12:12:26.902, 2, 31605, 97871, 0, 119.48
2026/09/11 12:12:26.902, 3, 30447, 97871, 0, 120.28
2026/09/11 12:12:27.102, 0, 30681, 97871, 0, 119.27
2026/09/11 12:12:27.102, 1, 31611, 97871, 0, 121.21
2026/09/11 12:12:27.102, 2, 31605, 97871, 0, 119.48
2026/09/11 12:12:27.102, 3, 30447, 97871, 0, 120.28
2026/09/11 12:12:27.302, 0, 30681, 97871, 0, 119.30
2026/09/11 12:12:27.302, 1, 31611, 97871, 0, 121.21
2026/09/11 12:12:27.302, 2, 31605, 97871, 0, 119.51
2026/09/11 12:12:27.302, 3, 30447, 97871, 0, 120.22
2026/09/11 12:12:27.502, 0, 30681, 97871, 0, 119.28
2026/09/11 12:12:27.502, 1, 31611, 97871, 0, 121.22
2026/09/11 12:12:27.502, 2, 31605, 97871, 0, 119.51
2026/09/11 12:12:27.502, 3, 30447, 97871, 0, 120.22
2026/09/11 12:12:27.703, 0, 30681, 97871, 0, 119.27
2026/09/11 12:12:27.703, 1, 31611, 97871, 0, 121.25
2026/09/11 12:12:27.703, 2, 31605, 97871, 0, 119.52
2026/09/11 12:12:27.703, 3, 30447, 97871, 0, 120.31
2026/09/11 12:12:27.903, 0, 30681, 97871, 0, 119.32
2026/09/11 12:12:27.903, 1, 31611, 97871, 0, 121.25
2026/09/11 12:12:27.903, 2, 31605, 97871, 0, 119.50
2026/09/11 12:12:27.903, 3, 30447, 97871, 0, 120.33
2026/09/11 12:12:28.103, 0, 30681, 97871, 0, 119.34
2026/09/11 12:12:28.103, 1, 31611, 97871, 0, 121.27
2026/09/11 12:12:28.103, 2, 31605, 97871, 0, 119.50
2026/09/11 12:12:28.103, 3, 30447, 97871, 0, 120.27
2026/09/11 12:12:28.304, 0, 30681, 97871, 0, 119.29
2026/09/11 12:12:28.304, 1, 31611, 97871, 0, 121.28
2026/09/11 12:12:28.304, 2, 31605, 97871, 0, 119.48
2026/09/11 12:12:28.304, 3, 30447, 97871, 0, 120.26
2026/09/11 12:12:28.504, 0, 30681, 97871, 0, 119.30
2026/09/11 12:12:28.504, 1, 31611, 97871, 0, 121.28
2026/09/11 12:12:28.504, 2, 31605, 97871, 0, 119.49
2026/09/11 12:12:28.504, 3, 30447, 97871, 0, 120.32
2026/09/11 12:12:28.704, 0, 30681, 97871, 0, 119.29
2026/09/11 12:12:28.704, 1, 31611, 97871, 0, 121.24
2026/09/11 12:12:28.704, 2, 31605, 97871, 0, 119.50
2026/09/11 12:12:28.704, 3, 30447, 97871, 0, 120.30
2026/09/11 12:12:28.905, 0, 30681, 97871, 0, 119.26
2026/09/11 12:12:28.905, 1, 31611, 97871, 0, 121.23
2026/09/11 12:12:28.905, 2, 31605, 97871, 0, 119.51
2026/09/11 12:12:28.905, 3, 30447, 97871, 0, 120.22
2026/09/11 12:12:29.105, 0, 30681, 97871, 0, 119.26
2026/09/11 12:12:29.105, 1, 31611, 97871, 0, 121.23
2026/09/11 12:12:29.105, 2, 31605, 97871, 0, 119.49
2026/09/11 12:12:29.105, 3, 30447, 97871, 0, 120.27
2026/09/11 12:12:29.305, 0, 30681, 97871, 0, 119.30
2026/09/11 12:12:29.305, 1, 31611, 97871, 0, 121.22
2026/09/11 12:12:29.305, 2, 31605, 97871, 0, 119.51
2026/09/11 12:12:29.305, 3, 30447, 97871, 0, 120.32
2026/09/11 12:12:29.505, 0, 30681, 97871, 0, 119.28
2026/09/11 12:12:29.506, 1, 31611, 97871, 0, 121.24
2026/09/11 12:12:29.506, 2, 31605, 97871, 0, 119.49
2026/09/11 12:12:29.506, 3, 30447, 97871, 0, 120.27
2026/09/11 12:12:29.706, 0, 30681, 97871, 0, 119.29
2026/09/11 12:12:29.706, 1, 31611, 97871, 0, 121.26
2026/09/11 12:12:29.706, 2, 31605, 97871, 0, 119.48
2026/09/11 12:12:29.706, 3, 30447, 97871, 0, 120.24
2026/09/11 12:12:29.906, 0, 30681, 97871, 0, 119.31
2026/09/11 12:12:29.906, 1, 31611, 97871, 0, 121.28
2026/09/11 12:12:29.906, 2, 31605, 97871, 0, 119.46
2026/09/11 12:12:29.906, 3, 30447, 97871, 0, 120.27
2026/09/11 12:12:30.106, 0, 30681, 97871, 0, 119.27
2026/09/11 12:12:30.107, 1, 31611, 97871, 0, 121.28
2026/09/11 12:12:30.107, 2, 31605, 97871, 0, 119.46
2026/09/11 12:12:30.107, 3, 30447, 97871, 0, 120.27
2026/09/11 12:12:30.307, 0, 30685, 97871, 0, 122.67
2026/09/11 12:12:30.307, 1, 31615, 97871, 0, 126.15
2026/09/11 12:12:30.307, 2, 31609, 97871, 50, 124.30
2026/09/11 12:12:30.307, 3, 30451, 97871, 69, 125.17
2026/09/11 12:12:30.507, 0, 30685, 97871, 6, 123.92
2026/09/11 12:12:30.507, 1, 31615, 97871, 0, 126.47
2026/09/11 12:12:30.507, 2, 31609, 97871, 0, 124.31
2026/09/11 12:12:30.507, 3, 30451, 97871, 0, 125.27
2026/09/11 12:12:30.707, 0, 30685, 97871, 0, 123.90
2026/09/11 12:12:30.708, 1, 31615, 97871, 0, 126.36
2026/09/11 12:12:30.708, 2, 31609, 97871, 0, 124.33
2026/09/11 12:12:30.708, 3, 30451, 97871, 0, 125.33
2026/09/11 12:12:30.908, 0, 30685, 97871, 0, 123.79
2026/09/11 12:12:30.908, 1, 31615, 97871, 0, 126.34
2026/09/11 12:12:30.908, 2, 31609, 97871, 0, 124.38
2026/09/11 12:12:30.908, 3, 30451, 97871, 0, 125.37
2026/09/11 12:12:31.108, 0, 30685, 97871, 0, 123.92
2026/09/11 12:12:31.108, 1, 31615, 97871, 0, 126.35
2026/09/11 12:12:31.108, 2, 31609, 97871, 0, 124.38
2026/09/11 12:12:31.108, 3, 30451, 97871, 0, 125.22
2026/09/11 12:12:31.308, 0, 30685, 97871, 0, 121.08
2026/09/11 12:12:31.308, 1, 31615, 97871, 0, 121.47
2026/09/11 12:12:31.308, 2, 31609, 97871, 0, 119.93
2026/09/11 12:12:31.308, 3, 30451, 97871, 0, 120.31
2026/09/11 12:12:31.509, 0, 30685, 97871, 0, 119.28
2026/09/11 12:12:31.509, 1, 31615, 97871, 0, 121.26
2026/09/11 12:12:31.509, 2, 31609, 97871, 0, 119.48
2026/09/11 12:12:31.509, 3, 30451, 97871, 0, 120.26
2026/09/11 12:12:31.709, 0, 30685, 97871, 0, 119.28
2026/09/11 12:12:31.709, 1, 31615, 97871, 0, 121.25
2026/09/11 12:12:31.709, 2, 31609, 97871, 0, 119.46
2026/09/11 12:12:31.709, 3, 30451, 97871, 0, 120.25
2026/09/11 12:12:31.909, 0, 30685, 97871, 0, 119.29
2026/09/11 12:12:31.909, 1, 31615, 97871, 0, 121.25
2026/09/11 12:12:31.909, 2, 31609, 97871, 0, 119.44
2026/09/11 12:12:31.909, 3, 30451, 97871, 0, 120.19
2026/09/11 12:12:32.109, 0, 30685, 97871, 0, 119.26
2026/09/11 12:12:32.110, 1, 31615, 97871, 0, 121.26
2026/09/11 12:12:32.110, 2, 31609, 97871, 0, 119.44
2026/09/11 12:12:32.110, 3, 30451, 97871, 0, 120.20
2026/09/11 12:12:32.310, 0, 30685, 97871, 0, 119.25
2026/09/11 12:12:32.310, 1, 31615, 97871, 0, 121.28
2026/09/11 12:12:32.310, 2, 31609, 97871, 0, 119.46
2026/09/11 12:12:32.310, 3, 30451, 97871, 0, 120.26
2026/09/11 12:12:32.510, 0, 30685, 97871, 0, 119.32
2026/09/11 12:12:32.510, 1, 31615, 97871, 0, 121.29
2026/09/11 12:12:32.510, 2, 31609, 97871, 0, 119.47
2026/09/11 12:12:32.510, 3, 30451, 97871, 0, 120.23
2026/09/11 12:12:32.710, 0, 30685, 97871, 0, 119.28
2026/09/11 12:12:32.710, 1, 31615, 97871, 0, 121.27
2026/09/11 12:12:32.711, 2, 31609, 97871, 0, 119.50
2026/09/11 12:12:32.711, 3, 30451, 97871, 0, 120.22
2026/09/11 12:12:32.911, 0, 30685, 97871, 0, 119.27
2026/09/11 12:12:32.911, 1, 31615, 97871, 0, 121.28
2026/09/11 12:12:32.911, 2, 31609, 97871, 0, 119.53
2026/09/11 12:12:32.911, 3, 30451, 97871, 0, 120.24
2026/09/11 12:12:33.111, 0, 30685, 97871, 0, 119.27
2026/09/11 12:12:33.111, 1, 31615, 97871, 0, 121.25
2026/09/11 12:12:33.111, 2, 31609, 97871, 0, 119.51
2026/09/11 12:12:33.111, 3, 30451, 97871, 0, 120.26
2026/09/11 12:12:33.311, 0, 30685, 97871, 0, 119.24
2026/09/11 12:12:33.311, 1, 31615, 97871, 0, 121.25
2026/09/11 12:12:33.311, 2, 31609, 97871, 0, 119.53
2026/09/11 12:12:33.311, 3, 30451, 97871, 0, 120.30
2026/09/11 12:12:33.512, 0, 30685, 97871, 0, 119.20
2026/09/11 12:12:33.512, 1, 31615, 97871, 0, 121.26
2026/09/11 12:12:33.512, 2, 31609, 97871, 0, 119.51
2026/09/11 12:12:33.512, 3, 30451, 97871, 0, 120.25
2026/09/11 12:12:33.712, 0, 30685, 97871, 0, 119.24
2026/09/11 12:12:33.712, 1, 31615, 97871, 0, 121.29
2026/09/11 12:12:33.712, 2, 31609, 97871, 0, 119.48
2026/09/11 12:12:33.712, 3, 30451, 97871, 0, 120.28
2026/09/11 12:12:33.912, 0, 30685, 97871, 0, 119.24
2026/09/11 12:12:33.912, 1, 31615, 97871, 0, 121.29
2026/09/11 12:12:33.912, 2, 31609, 97871, 0, 119.46
2026/09/11 12:12:33.912, 3, 30451, 97871, 0, 120.33
2026/09/11 12:12:34.113, 0, 30685, 97871, 0, 119.24
2026/09/11 12:12:34.113, 1, 31615, 97871, 0, 121.31
2026/09/11 12:12:34.113, 2, 31609, 97871, 0, 119.47
2026/09/11 12:12:34.113, 3, 30451, 97871, 0, 120.32
2026/09/11 12:12:34.313, 0, 30685, 97871, 0, 119.26
2026/09/11 12:12:34.313, 1, 31615, 97871, 0, 121.29
2026/09/11 12:12:34.313, 2, 31609, 97871, 0, 119.46
2026/09/11 12:12:34.313, 3, 30451, 97871, 0, 120.24
2026/09/11 12:12:34.513, 0, 30685, 97871, 0, 119.28
2026/09/11 12:12:34.513, 1, 31615, 97871, 0, 121.28
2026/09/11 12:12:34.513, 2, 31609, 97871, 0, 119.49
2026/09/11 12:12:34.513, 3, 30451, 97871, 0, 120.29
2026/09/11 12:12:34.713, 0, 30685, 97871, 0, 119.25
2026/09/11 12:12:34.714, 1, 31615, 97871, 0, 121.25
2026/09/11 12:12:34.714, 2, 31609, 97871, 0, 119.51
2026/09/11 12:12:34.714, 3, 30451, 97871, 0, 120.29
2026/09/11 12:12:34.914, 0, 30685, 97871, 0, 119.28
2026/09/11 12:12:34.914, 1, 31615, 97871, 0, 121.25
2026/09/11 12:12:34.914, 2, 31609, 97871, 0, 119.51
2026/09/11 12:12:34.914, 3, 30451, 97871, 0, 120.25
2026/09/11 12:12:35.114, 0, 30685, 97871, 0, 119.33
2026/09/11 12:12:35.114, 1, 31615, 97871, 0, 121.25
2026/09/11 12:12:35.114, 2, 31609, 97871, 0, 119.54
2026/09/11 12:12:35.114, 3, 30451, 97871, 0, 120.21
2026/09/11 12:12:35.314, 0, 30685, 97871, 0, 119.31
2026/09/11 12:12:35.315, 1, 31615, 97871, 0, 121.26
2026/09/11 12:12:35.315, 2, 31609, 97871, 0, 119.51
2026/09/11 12:12:35.315, 3, 30451, 97871, 0, 120.27
2026/09/11 12:12:35.515, 0, 30685, 97871, 0, 119.27
2026/09/11 12:12:35.515, 1, 31615, 97871, 0, 121.27
2026/09/11 12:12:35.515, 2, 31609, 97871, 0, 119.51
2026/09/11 12:12:35.515, 3, 30451, 97871, 0, 120.28
2026/09/11 12:12:35.715, 0, 30685, 97871, 0, 119.29
2026/09/11 12:12:35.715, 1, 31615, 97871, 0, 121.29
2026/09/11 12:12:35.715, 2, 31609, 97871, 0, 119.50
2026/09/11 12:12:35.715, 3, 30451, 97871, 0, 120.24
2026/09/11 12:12:35.915, 0, 30685, 97871, 0, 119.26
2026/09/11 12:12:35.915, 1, 31615, 97871, 0, 121.28
2026/09/11 12:12:35.916, 2, 31609, 97871, 0, 119.49
2026/09/11 12:12:35.916, 3, 30451, 97871, 0, 120.20
2026/09/11 12:12:36.116, 0, 30685, 97871, 0, 119.20
2026/09/11 12:12:36.116, 1, 31615, 97871, 0, 121.26
2026/09/11 12:12:36.116, 2, 31609, 97871, 0, 119.47
2026/09/11 12:12:36.116, 3, 30451, 97871, 0, 120.22
2026/09/11 12:12:36.316, 0, 30685, 97871, 0, 119.55
2026/09/11 12:12:36.316, 1, 31615, 97871, 0, 121.59
2026/09/11 12:12:36.316, 2, 31609, 97871, 0, 119.75
2026/09/11 12:12:36.316, 3, 30451, 97871, 39, 121.39
2026/09/11 12:12:36.516, 0, 30685, 97871, 0, 119.57
2026/09/11 12:12:36.516, 1, 31615, 97871, 0, 121.55
2026/09/11 12:12:36.516, 2, 31609, 97871, 0, 119.76
2026/09/11 12:12:36.516, 3, 30451, 97871, 100, 121.98
2026/09/11 12:12:36.717, 0, 30685, 97871, 0, 119.55
2026/09/11 12:12:36.717, 1, 31615, 97871, 0, 121.54
2026/09/11 12:12:36.717, 2, 31609, 97871, 0, 119.79
2026/09/11 12:12:36.717, 3, 30451, 97871, 100, 122.56
2026/09/11 12:12:36.917, 0, 30685, 97871, 0, 119.59
2026/09/11 12:12:36.917, 1, 31615, 97871, 0, 121.54
2026/09/11 12:12:36.917, 2, 31609, 97871, 0, 119.78
2026/09/11 12:12:36.917, 3, 30451, 97871, 100, 123.19
2026/09/11 12:12:37.117, 0, 30685, 97871, 0, 119.64
2026/09/11 12:12:37.117, 1, 31615, 97871, 0, 121.51
2026/09/11 12:12:37.117, 2, 31609, 97871, 0, 119.78
2026/09/11 12:12:37.118, 3, 30451, 97871, 100, 123.83
2026/09/11 12:12:37.318, 0, 30685, 97871, 0, 119.28
2026/09/11 12:12:37.318, 1, 31615, 97871, 0, 121.19
2026/09/11 12:12:37.318, 2, 31609, 97871, 0, 119.47
2026/09/11 12:12:37.318, 3, 30451, 97871, 100, 123.31
2026/09/11 12:12:37.518, 0, 30685, 97871, 0, 119.27
2026/09/11 12:12:37.518, 1, 31615, 97871, 0, 121.20
2026/09/11 12:12:37.518, 2, 31609, 97871, 0, 119.44
2026/09/11 12:12:37.518, 3, 30451, 97871, 100, 123.32
2026/09/11 12:12:37.718, 0, 30685, 97871, 0, 119.28
2026/09/11 12:12:37.718, 1, 31615, 97871, 0, 121.22
2026/09/11 12:12:37.718, 2, 31609, 97871, 0, 119.43
2026/09/11 12:12:37.718, 3, 30451, 97871, 100, 123.36
2026/09/11 12:12:37.919, 0, 30685, 97871, 0, 119.23
2026/09/11 12:12:37.919, 1, 31615, 97871, 0, 121.21
2026/09/11 12:12:37.919, 2, 31609, 97871, 0, 119.44
2026/09/11 12:12:37.919, 3, 30451, 97871, 100, 123.37
2026/09/11 12:12:38.119, 0, 30685, 97871, 0, 119.20
2026/09/11 12:12:38.119, 1, 31615, 97871, 0, 121.24
2026/09/11 12:12:38.119, 2, 31609, 97871, 0, 119.45
2026/09/11 12:12:38.119, 3, 30451, 97871, 100, 123.32
2026/09/11 12:12:38.319, 0, 30685, 97871, 0, 119.71
2026/09/11 12:12:38.319, 1, 31615, 97871, 0, 121.52
2026/09/11 12:12:38.319, 2, 31609, 97871, 0, 119.75
2026/09/11 12:12:38.319, 3, 30451, 97871, 100, 123.69
2026/09/11 12:12:38.520, 0, 30685, 97871, 100, 120.37
2026/09/11 12:12:38.520, 1, 31615, 97871, 0, 121.52
2026/09/11 12:12:38.520, 2, 31609, 97871, 0, 119.76
2026/09/11 12:12:38.520, 3, 30451, 97871, 100, 123.73
2026/09/11 12:12:38.720, 0, 30685, 97871, 100, 120.99
2026/09/11 12:12:38.720, 1, 31615, 97871, 0, 121.50
2026/09/11 12:12:38.720, 2, 31609, 97871, 0, 119.78
2026/09/11 12:12:38.720, 3, 30451, 97871, 100, 123.72
2026/09/11 12:12:38.920, 0, 30685, 97871, 100, 121.65
2026/09/11 12:12:38.920, 1, 31615, 97871, 0, 121.51
2026/09/11 12:12:38.920, 2, 31609, 97871, 0, 119.78
2026/09/11 12:12:38.920, 3, 30451, 97871, 100, 123.67
2026/09/11 12:12:39.121, 0, 30685, 97871, 100, 122.29
2026/09/11 12:12:39.121, 1, 31615, 97871, 0, 121.47
2026/09/11 12:12:39.121, 2, 31609, 97871, 0, 119.78
2026/09/11 12:12:39.121, 3, 30451, 97871, 100, 123.73
2026/09/11 12:12:39.321, 0, 30685, 97871, 100, 122.43
2026/09/11 12:12:39.321, 1, 31615, 97871, 0, 121.18
2026/09/11 12:12:39.321, 2, 31609, 97871, 0, 119.48
2026/09/11 12:12:39.321, 3, 30451, 97871, 100, 123.47
2026/09/11 12:12:39.521, 0, 30685, 97871, 100, 122.46
2026/09/11 12:12:39.521, 1, 31615, 97871, 0, 121.18
2026/09/11 12:12:39.521, 2, 31609, 97871, 0, 119.46
2026/09/11 12:12:39.521, 3, 30451, 97871, 100, 123.46
2026/09/11 12:12:39.721, 0, 30685, 97871, 100, 122.52
2026/09/11 12:12:39.722, 1, 31615, 97871, 0, 121.18
2026/09/11 12:12:39.722, 2, 31609, 97871, 0, 119.45
2026/09/11 12:12:39.722, 3, 30451, 97871, 100, 123.41
2026/09/11 12:12:39.922, 0, 30685, 97871, 100, 122.53
2026/09/11 12:12:39.922, 1, 31615, 97871, 0, 121.20
2026/09/11 12:12:39.922, 2, 31609, 97871, 0, 119.44
2026/09/11 12:12:39.922, 3, 30451, 97871, 100, 123.50
2026/09/11 12:12:40.122, 0, 30685, 97871, 100, 122.53
2026/09/11 12:12:40.122, 1, 31615, 97871, 0, 121.22
2026/09/11 12:12:40.122, 2, 31609, 97871, 0, 119.44
2026/09/11 12:12:40.122, 3, 30451, 97871, 100, 123.51
2026/09/11 12:12:40.322, 0, 30685, 97871, 100, 122.95
2026/09/11 12:12:40.323, 1, 31615, 97871, 0, 121.54
2026/09/11 12:12:40.323, 2, 31609, 97871, 27, 120.62
2026/09/11 12:12:40.323, 3, 30451, 97871, 100, 123.73
2026/09/11 12:12:40.523, 0, 30685, 97871, 100, 122.91
2026/09/11 12:12:40.523, 1, 31615, 97871, 0, 121.54
2026/09/11 12:12:40.523, 2, 31609, 97871, 100, 121.22
2026/09/11 12:12:40.523, 3, 30451, 97871, 100, 123.69
2026/09/11 12:12:40.723, 0, 30685, 97871, 100, 122.88
2026/09/11 12:12:40.723, 1, 31615, 97871, 0, 121.53
2026/09/11 12:12:40.723, 2, 31609, 97871, 100, 121.84
2026/09/11 12:12:40.723, 3, 30451, 97871, 100, 123.75
2026/09/11 12:12:40.923, 0, 30685, 97871, 100, 122.89
2026/09/11 12:12:40.924, 1, 31615, 97871, 0, 121.53
2026/09/11 12:12:40.924, 2, 31609, 97871, 100, 122.51
2026/09/11 12:12:40.924, 3, 30451, 97871, 100, 123.70
2026/09/11 12:12:41.124, 0, 30685, 97871, 100, 122.87
2026/09/11 12:12:41.124, 1, 31615, 97871, 0, 121.51
2026/09/11 12:12:41.124, 2, 31609, 97871, 100, 123.15
2026/09/11 12:12:41.124, 3, 30451, 97871, 100, 123.64
2026/09/11 12:12:41.324, 0, 30685, 97871, 100, 122.41
2026/09/11 12:12:41.324, 1, 31615, 97871, 0, 121.22
2026/09/11 12:12:41.324, 2, 31609, 97871, 100, 122.61
2026/09/11 12:12:41.324, 3, 30451, 97871, 100, 123.36
2026/09/11 12:12:41.524, 0, 30685, 97871, 100, 122.43
2026/09/11 12:12:41.525, 1, 31615, 97871, 0, 121.23
2026/09/11 12:12:41.525, 2, 31609, 97871, 100, 122.62
2026/09/11 12:12:41.525, 3, 30451, 97871, 100, 123.39
2026/09/11 12:12:41.725, 0, 30685, 97871, 100, 122.43
2026/09/11 12:12:41.725, 1, 31615, 97871, 0, 121.24
2026/09/11 12:12:41.725, 2, 31609, 97871, 100, 122.60
2026/09/11 12:12:41.725, 3, 30451, 97871, 100, 123.40
2026/09/11 12:12:41.925, 0, 30685, 97871, 100, 122.38
2026/09/11 12:12:41.925, 1, 31615, 97871, 0, 121.74
2026/09/11 12:12:41.925, 2, 31609, 97871, 100, 124.07
2026/09/11 12:12:41.925, 3, 30451, 97871, 100, 125.24
2026/09/11 12:12:42.125, 0, 30685, 97871, 73, 130.53
2026/09/11 12:12:42.125, 1, 31615, 97871, 8, 129.88
2026/09/11 12:12:42.126, 2, 31609, 97871, 93, 131.50
2026/09/11 12:12:42.126, 3, 30451, 97871, 100, 132.58
2026/09/11 12:12:42.326, 0, 30685, 97871, 37, 140.62
2026/09/11 12:12:42.326, 1, 31615, 97871, 0, 144.65
2026/09/11 12:12:42.326, 2, 31609, 97871, 13, 147.94
2026/09/11 12:12:42.326, 3, 30451, 97871, 44, 149.76
2026/09/11 12:12:42.526, 0, 30685, 97871, 95, 161.00
2026/09/11 12:12:42.526, 1, 31615, 97871, 100, 159.24
2026/09/11 12:12:42.526, 2, 31609, 97871, 43, 158.59
2026/09/11 12:12:42.526, 3, 30451, 97871, 82, 160.90
2026/09/11 12:12:42.726, 0, 30685, 97871, 28, 165.76
2026/09/11 12:12:42.726, 1, 31615, 97871, 81, 165.88
2026/09/11 12:12:42.727, 2, 31609, 97871, 89, 164.21
2026/09/11 12:12:42.727, 3, 30451, 97871, 90, 167.43
2026/09/11 12:12:42.927, 0, 30685, 97871, 9, 162.97
2026/09/11 12:12:42.927, 1, 31615, 97871, 81, 167.68
2026/09/11 12:12:42.927, 2, 31609, 97871, 29, 164.76
2026/09/11 12:12:42.927, 3, 30451, 97871, 8, 166.64
2026/09/11 12:12:43.127, 0, 30685, 97871, 0, 156.40
2026/09/11 12:12:43.127, 1, 31615, 97871, 0, 160.05
2026/09/11 12:12:43.127, 2, 31609, 97871, 0, 156.24
2026/09/11 12:12:43.127, 3, 30451, 97871, 0, 158.04
2026/09/11 12:12:43.327, 0, 30687, 97871, 0, 141.15
2026/09/11 12:12:43.327, 1, 31617, 97871, 0, 151.45
2026/09/11 12:12:43.327, 2, 31611, 97871, 12, 146.73
2026/09/11 12:12:43.328, 3, 30453, 97871, 36, 146.26
2026/09/11 12:12:43.528, 0, 30687, 97871, 8, 140.47
2026/09/11 12:12:43.528, 1, 31617, 97871, 94, 143.68
2026/09/11 12:12:43.528, 2, 31611, 97871, 100, 141.74
2026/09/11 12:12:43.528, 3, 30453, 97871, 100, 142.93
2026/09/11 12:12:43.728, 0, 30687, 97871, 10, 141.10
2026/09/11 12:12:43.728, 1, 31617, 97871, 100, 145.02
2026/09/11 12:12:43.728, 2, 31611, 97871, 64, 143.40
2026/09/11 12:12:43.728, 3, 30453, 97871, 59, 144.55
2026/09/11 12:12:43.928, 0, 30687, 97871, 9, 147.30
2026/09/11 12:12:43.928, 1, 31617, 97871, 100, 150.13
2026/09/11 12:12:43.928, 2, 31611, 97871, 100, 149.29
2026/09/11 12:12:43.928, 3, 30453, 97871, 100, 151.25
2026/09/11 12:12:44.129, 0, 30687, 97871, 10, 154.64
2026/09/11 12:12:44.129, 1, 31617, 97871, 100, 157.94
2026/09/11 12:12:44.129, 2, 31611, 97871, 55, 157.58
2026/09/11 12:12:44.129, 3, 30453, 97871, 46, 157.96
2026/09/11 12:12:44.329, 0, 30687, 97871, 74, 160.71
2026/09/11 12:12:44.329, 1, 31617, 97871, 8, 163.41
2026/09/11 12:12:44.329, 2, 31611, 97871, 93, 163.48
2026/09/11 12:12:44.329, 3, 30453, 97871, 99, 165.19
2026/09/11 12:12:44.529, 0, 30687, 97871, 100, 163.23
2026/09/11 12:12:44.529, 1, 31617, 97871, 20, 165.75
2026/09/11 12:12:44.529, 2, 31611, 97871, 56, 165.97
2026/09/11 12:12:44.529, 3, 30453, 97871, 48, 167.30
2026/09/11 12:12:44.730, 0, 30687, 97871, 99, 163.63
2026/09/11 12:12:44.730, 1, 31617, 97871, 100, 166.42
2026/09/11 12:12:44.730, 2, 31611, 97871, 16, 165.78
2026/09/11 12:12:44.730, 3, 30453, 97871, 93, 167.75
2026/09/11 12:12:44.930, 0, 30687, 97871, 100, 158.02
2026/09/11 12:12:44.930, 1, 31617, 97871, 100, 162.70
2026/09/11 12:12:44.930, 2, 31611, 97871, 6, 160.50
2026/09/11 12:12:44.930, 3, 30453, 97871, 52, 162.49
2026/09/11 12:12:45.130, 0, 30687, 97871, 0, 155.87
2026/09/11 12:12:45.130, 1, 31617, 97871, 0, 158.07
2026/09/11 12:12:45.130, 2, 31611, 97871, 0, 156.54
2026/09/11 12:12:45.130, 3, 30453, 97871, 12, 159.02
2026/09/11 12:12:45.330, 0, 30687, 97871, 99, 151.39
2026/09/11 12:12:45.331, 1, 31617, 97871, 7, 155.19
2026/09/11 12:12:45.331, 2, 31611, 97871, 100, 152.60
2026/09/11 12:12:45.331, 3, 30453, 97871, 100, 153.79
2026/09/11 12:12:45.531, 0, 30687, 97871, 83, 149.14
2026/09/11 12:12:45.531, 1, 31617, 97871, 4, 151.34
2026/09/11 12:12:45.531, 2, 31611, 97871, 10, 148.62
2026/09/11 12:12:45.531, 3, 30453, 97871, 89, 150.75
2026/09/11 12:12:45.731, 0, 30687, 97871, 97, 149.74
2026/09/11 12:12:45.731, 1, 31617, 97871, 100, 151.30
2026/09/11 12:12:45.731, 2, 31611, 97871, 10, 148.55
2026/09/11 12:12:45.731, 3, 30453, 97871, 100, 151.21
2026/09/11 12:12:45.931, 0, 30687, 97871, 100, 157.24
2026/09/11 12:12:45.932, 1, 31617, 97871, 82, 155.50
2026/09/11 12:12:45.932, 2, 31611, 97871, 32, 153.51
2026/09/11 12:12:45.932, 3, 30453, 97871, 60, 156.66
2026/09/11 12:12:46.132, 0, 30687, 97871, 14, 162.06
2026/09/11 12:12:46.132, 1, 31617, 97871, 94, 162.79
2026/09/11 12:12:46.132, 2, 31611, 97871, 100, 159.69
2026/09/11 12:12:46.132, 3, 30453, 97871, 100, 163.38
2026/09/11 12:12:46.332, 0, 30687, 97871, 14, 168.07
2026/09/11 12:12:46.332, 1, 31617, 97871, 100, 168.81
2026/09/11 12:12:46.332, 2, 31611, 97871, 58, 165.66
2026/09/11 12:12:46.332, 3, 30453, 97871, 63, 168.29
2026/09/11 12:12:46.532, 0, 30687, 97871, 90, 169.85
2026/09/11 12:12:46.532, 1, 31617, 97871, 100, 172.01
2026/09/11 12:12:46.532, 2, 31611, 97871, 22, 168.66
2026/09/11 12:12:46.533, 3, 30453, 97871, 74, 170.97
2026/09/11 12:12:46.733, 0, 30687, 97871, 50, 169.40
2026/09/11 12:12:46.733, 1, 31617, 97871, 91, 172.54
2026/09/11 12:12:46.733, 2, 31611, 97871, 100, 168.50
2026/09/11 12:12:46.733, 3, 30453, 97871, 100, 170.96
2026/09/11 12:12:46.933, 0, 30687, 97871, 13, 165.66
2026/09/11 12:12:46.933, 1, 31617, 97871, 89, 169.53
2026/09/11 12:12:46.933, 2, 31611, 97871, 100, 165.09
2026/09/11 12:12:46.933, 3, 30453, 97871, 86, 166.92
2026/09/11 12:12:47.133, 0, 30687, 97871, 1, 161.43
2026/09/11 12:12:47.133, 1, 31617, 97871, 49, 165.55
2026/09/11 12:12:47.133, 2, 31611, 97871, 98, 161.86
2026/09/11 12:12:47.133, 3, 30453, 97871, 100, 163.42
2026/09/11 12:12:47.334, 0, 30687, 97871, 14, 154.76
2026/09/11 12:12:47.334, 1, 31617, 97871, 83, 159.99
2026/09/11 12:12:47.334, 2, 31611, 97871, 100, 155.33
2026/09/11 12:12:47.334, 3, 30453, 97871, 97, 157.55
2026/09/11 12:12:47.534, 0, 30687, 97871, 25, 151.55
2026/09/11 12:12:47.534, 1, 31617, 97871, 100, 154.62
2026/09/11 12:12:47.534, 2, 31611, 97871, 93, 151.79
2026/09/11 12:12:47.534, 3, 30453, 97871, 97, 153.76
2026/09/11 12:12:47.734, 0, 30687, 97871, 51, 149.06
2026/09/11 12:12:47.734, 1, 31617, 97871, 13, 152.23
2026/09/11 12:12:47.734, 2, 31611, 97871, 92, 149.82
2026/09/11 12:12:47.734, 3, 30453, 97871, 97, 150.84
2026/09/11 12:12:47.934, 0, 30687, 97871, 61, 150.21
2026/09/11 12:12:47.935, 1, 31617, 97871, 32, 153.15
2026/09/11 12:12:47.935, 2, 31611, 97871, 100, 150.94
2026/09/11 12:12:47.935, 3, 30453, 97871, 100, 152.02
2026/09/11 12:12:48.135, 0, 30687, 97871, 43, 150.23
2026/09/11 12:12:48.135, 1, 31617, 97871, 82, 153.51
2026/09/11 12:12:48.135, 2, 31611, 97871, 100, 150.95
2026/09/11 12:12:48.135, 3, 30453, 97871, 100, 152.11
2026/09/11 12:12:48.335, 0, 30687, 97871, 7, 150.41
2026/09/11 12:12:48.335, 1, 31617, 97871, 100, 153.46
2026/09/11 12:12:48.335, 2, 31611, 97871, 100, 150.94
2026/09/11 12:12:48.335, 3, 30453, 97871, 100, 151.96
2026/09/11 12:12:48.535, 0, 30687, 97871, 6, 150.41
2026/09/11 12:12:48.536, 1, 31617, 97871, 100, 153.58
2026/09/11 12:12:48.536, 2, 31611, 97871, 100, 150.90
2026/09/11 12:12:48.536, 3, 30453, 97871, 100, 152.07
2026/09/11 12:12:48.736, 0, 30687, 97871, 10, 150.41
2026/09/11 12:12:48.736, 1, 31617, 97871, 100, 153.34
2026/09/11 12:12:48.736, 2, 31611, 97871, 100, 150.82
2026/09/11 12:12:48.736, 3, 30453, 97871, 97, 152.29
2026/09/11 12:12:48.936, 0, 30687, 97871, 98, 150.45
2026/09/11 12:12:48.936, 1, 31617, 97871, 8, 153.45
2026/09/11 12:12:48.936, 2, 31611, 97871, 90, 151.03
2026/09/11 12:12:48.936, 3, 30453, 97871, 97, 152.28
2026/09/11 12:12:49.136, 0, 30687, 97871, 84, 150.49
2026/09/11 12:12:49.137, 1, 31617, 97871, 8, 153.15
2026/09/11 12:12:49.137, 2, 31611, 97871, 86, 151.15
2026/09/11 12:12:49.137, 3, 30453, 97871, 100, 152.21
2026/09/11 12:12:49.337, 0, 30687, 97871, 39, 146.90
2026/09/11 12:12:49.337, 1, 31617, 97871, 14, 151.50
2026/09/11 12:12:49.337, 2, 31611, 97871, 91, 148.47
2026/09/11 12:12:49.337, 3, 30453, 97871, 69, 149.59
2026/09/11 12:12:49.537, 0, 30687, 97871, 0, 145.16
2026/09/11 12:12:49.537, 1, 31617, 97871, 0, 147.58
2026/09/11 12:12:49.537, 2, 31611, 97871, 0, 145.57
2026/09/11 12:12:49.537, 3, 30453, 97871, 0, 146.44
2026/09/11 12:12:49.737, 0, 30687, 97871, 74, 146.27
2026/09/11 12:12:49.737, 1, 31617, 97871, 100, 148.22
2026/09/11 12:12:49.737, 2, 31611, 97871, 15, 146.45
2026/09/11 12:12:49.738, 3, 30453, 97871, 100, 146.83
2026/09/11 12:12:49.938, 0, 30687, 97871, 93, 149.26
2026/09/11 12:12:49.938, 1, 31617, 97871, 91, 150.01
2026/09/11 12:12:49.938, 2, 31611, 97871, 11, 148.34
2026/09/11 12:12:49.938, 3, 30453, 97871, 78, 149.37
2026/09/11 12:12:50.138, 0, 30687, 97871, 100, 152.65
2026/09/11 12:12:50.138, 1, 31617, 97871, 100, 152.51
2026/09/11 12:12:50.138, 2, 31611, 97871, 84, 150.91
2026/09/11 12:12:50.138, 3, 30453, 97871, 12, 151.25
2026/09/11 12:12:50.338, 0, 30687, 97871, 85, 158.57
2026/09/11 12:12:50.338, 1, 31617, 97871, 21, 156.70
2026/09/11 12:12:50.338, 2, 31611, 97871, 100, 155.71
2026/09/11 12:12:50.338, 3, 30453, 97871, 100, 156.51
2026/09/11 12:12:50.539, 0, 30687, 97871, 100, 163.98
2026/09/11 12:12:50.539, 1, 31617, 97871, 10, 161.47
2026/09/11 12:12:50.539, 2, 31611, 97871, 100, 159.94
2026/09/11 12:12:50.539, 3, 30453, 97871, 100, 161.56
2026/09/11 12:12:50.739, 0, 30687, 97871, 69, 168.65
2026/09/11 12:12:50.739, 1, 31617, 97871, 19, 166.08
2026/09/11 12:12:50.739, 2, 31611, 97871, 97, 165.40
2026/09/11 12:12:50.739, 3, 30453, 97871, 97, 167.68
2026/09/11 12:12:50.939, 0, 30687, 97871, 35, 168.24
2026/09/11 12:12:50.939, 1, 31617, 97871, 74, 168.37
2026/09/11 12:12:50.939, 2, 31611, 97871, 61, 167.51
2026/09/11 12:12:50.939, 3, 30453, 97871, 70, 169.50
2026/09/11 12:12:51.139, 0, 30687, 97871, 21, 163.87
2026/09/11 12:12:51.140, 1, 31617, 97871, 70, 166.71
2026/09/11 12:12:51.140, 2, 31611, 97871, 97, 165.07
2026/09/11 12:12:51.140, 3, 30453, 97871, 100, 167.65
2026/09/11 12:12:51.340, 0, 30687, 97871, 65, 154.97
2026/09/11 12:12:51.340, 1, 31617, 97871, 3, 159.14
2026/09/11 12:12:51.340, 2, 31611, 97871, 0, 157.09
2026/09/11 12:12:51.340, 3, 30453, 97871, 0, 159.02
2026/09/11 12:12:51.540, 0, 30687, 97871, 0, 149.39
2026/09/11 12:12:51.540, 1, 31617, 97871, 0, 153.30
2026/09/11 12:12:51.540, 2, 31611, 97871, 0, 151.86
2026/09/11 12:12:51.540, 3, 30453, 97871, 0, 153.52
2026/09/11 12:12:51.740, 0, 30687, 97871, 49, 147.32
2026/09/11 12:12:51.741, 1, 31617, 97871, 82, 150.87
2026/09/11 12:12:51.741, 2, 31611, 97871, 100, 147.73
2026/09/11 12:12:51.741, 3, 30453, 97871, 8, 147.51
2026/09/11 12:12:51.941, 0, 30687, 97871, 100, 147.91
2026/09/11 12:12:51.941, 1, 31617, 97871, 100, 148.32
2026/09/11 12:12:51.941, 2, 31611, 97871, 100, 146.31
2026/09/11 12:12:51.941, 3, 30453, 97871, 8, 146.28
2026/09/11 12:12:52.141, 0, 30687, 97871, 91, 152.77
2026/09/11 12:12:52.141, 1, 31617, 97871, 19, 151.12
2026/09/11 12:12:52.141, 2, 31611, 97871, 100, 150.02
2026/09/11 12:12:52.141, 3, 30453, 97871, 100, 149.63
2026/09/11 12:12:52.341, 0, 30687, 97871, 76, 160.96
2026/09/11 12:12:52.341, 1, 31617, 97871, 32, 158.78
2026/09/11 12:12:52.341, 2, 31611, 97871, 40, 157.88
2026/09/11 12:12:52.342, 3, 30453, 97871, 100, 158.96
2026/09/11 12:12:52.542, 0, 30687, 97871, 96, 168.82
2026/09/11 12:12:52.542, 1, 31617, 97871, 64, 167.80
2026/09/11 12:12:52.542, 2, 31611, 97871, 16, 165.05
2026/09/11 12:12:52.542, 3, 30453, 97871, 77, 166.86
2026/09/11 12:12:52.742, 0, 30687, 97871, 100, 169.67
2026/09/11 12:12:52.742, 1, 31617, 97871, 22, 170.55
2026/09/11 12:12:52.742, 2, 31611, 97871, 100, 166.69
2026/09/11 12:12:52.742, 3, 30453, 97871, 82, 169.82
2026/09/11 12:12:52.942, 0, 30687, 97871, 78, 167.22
2026/09/11 12:12:52.942, 1, 31617, 97871, 90, 170.73
2026/09/11 12:12:52.942, 2, 31611, 97871, 16, 165.31
2026/09/11 12:12:52.942, 3, 30453, 97871, 98, 169.54
2026/09/11 12:12:53.143, 0, 30687, 97871, 70, 163.48
2026/09/11 12:12:53.143, 1, 31617, 97871, 100, 167.42
2026/09/11 12:12:53.143, 2, 31611, 97871, 90, 161.38
2026/09/11 12:12:53.143, 3, 30453, 97871, 55, 165.52
2026/09/11 12:12:53.343, 0, 30687, 97871, 21, 161.10
2026/09/11 12:12:53.343, 1, 31617, 97871, 87, 164.17
2026/09/11 12:12:53.343, 2, 31611, 97871, 24, 159.38
2026/09/11 12:12:53.343, 3, 30453, 97871, 92, 162.34
2026/09/11 12:12:53.543, 0, 30687, 97871, 53, 155.85
2026/09/11 12:12:53.543, 1, 31617, 97871, 97, 160.82
2026/09/11 12:12:53.543, 2, 31611, 97871, 8, 156.34
2026/09/11 12:12:53.543, 3, 30453, 97871, 90, 158.41
2026/09/11 12:12:53.744, 0, 30687, 97871, 17, 152.56
2026/09/11 12:12:53.744, 1, 31617, 97871, 100, 156.16
2026/09/11 12:12:53.744, 2, 31611, 97871, 39, 152.41
2026/09/11 12:12:53.744, 3, 30453, 97871, 96, 154.67
2026/09/11 12:12:53.944, 0, 30687, 97871, 94, 151.09
2026/09/11 12:12:53.944, 1, 31617, 97871, 8, 153.62
2026/09/11 12:12:53.944, 2, 31611, 97871, 71, 151.01
2026/09/11 12:12:53.944, 3, 30453, 97871, 99, 152.35
2026/09/11 12:12:54.144, 0, 30687, 97871, 59, 151.03
2026/09/11 12:12:54.144, 1, 31617, 97871, 39, 153.43
2026/09/11 12:12:54.144, 2, 31611, 97871, 72, 150.97
2026/09/11 12:12:54.144, 3, 30453, 97871, 97, 152.39
2026/09/11 12:12:54.344, 0, 30687, 97871, 77, 146.57
2026/09/11 12:12:54.345, 1, 31617, 97871, 8, 151.07
2026/09/11 12:12:54.345, 2, 31611, 97871, 69, 147.68
2026/09/11 12:12:54.345, 3, 30453, 97871, 47, 148.86
2026/09/11 12:12:54.545, 0, 30687, 97871, 0, 148.18
2026/09/11 12:12:54.545, 1, 31617, 97871, 0, 149.06
2026/09/11 12:12:54.545, 2, 31611, 97871, 4, 146.99
2026/09/11 12:12:54.545, 3, 30453, 97871, 32, 148.03
2026/09/11 12:12:54.745, 0, 30687, 97871, 100, 150.68
2026/09/11 12:12:54.745, 1, 31617, 97871, 100, 150.11
2026/09/11 12:12:54.745, 2, 31611, 97871, 25, 148.29
2026/09/11 12:12:54.745, 3, 30453, 97871, 64, 149.57
2026/09/11 12:12:54.945, 0, 30687, 97871, 96, 153.81
2026/09/11 12:12:54.946, 1, 31617, 97871, 15, 152.94
2026/09/11 12:12:54.946, 2, 31611, 97871, 52, 150.60
2026/09/11 12:12:54.946, 3, 30453, 97871, 100, 152.54
2026/09/11 12:12:55.146, 0, 30687, 97871, 100, 156.99
2026/09/11 12:12:55.146, 1, 31617, 97871, 87, 155.21
2026/09/11 12:12:55.146, 2, 31611, 97871, 15, 153.52
2026/09/11 12:12:55.146, 3, 30453, 97871, 88, 155.15
2026/09/11 12:12:55.346, 0, 30687, 97871, 100, 163.55
2026/09/11 12:12:55.346, 1, 31617, 97871, 100, 160.87
2026/09/11 12:12:55.346, 2, 31611, 97871, 100, 159.42
2026/09/11 12:12:55.346, 3, 30453, 97871, 12, 160.98
2026/09/11 12:12:55.546, 0, 30687, 97871, 89, 166.00
2026/09/11 12:12:55.547, 1, 31617, 97871, 100, 165.28
2026/09/11 12:12:55.547, 2, 31611, 97871, 14, 163.32
2026/09/11 12:12:55.547, 3, 30453, 97871, 98, 164.21
2026/09/11 12:12:55.747, 0, 30687, 97871, 95, 163.74
2026/09/11 12:12:55.747, 1, 31617, 97871, 97, 164.61
2026/09/11 12:12:55.747, 2, 31611, 97871, 49, 162.21
2026/09/11 12:12:55.747, 3, 30453, 97871, 42, 162.88
2026/09/11 12:12:55.947, 0, 30687, 97871, 97, 160.64
2026/09/11 12:12:55.947, 1, 31617, 97871, 96, 161.86
2026/09/11 12:12:55.947, 2, 31611, 97871, 100, 159.83
2026/09/11 12:12:55.947, 3, 30453, 97871, 6, 159.94
2026/09/11 12:12:56.147, 0, 30687, 97871, 47, 154.55
2026/09/11 12:12:56.147, 1, 31617, 97871, 94, 159.01
2026/09/11 12:12:56.147, 2, 31611, 97871, 100, 155.38
2026/09/11 12:12:56.148, 3, 30453, 97871, 100, 155.68
2026/09/11 12:12:56.348, 0, 30687, 97871, 1, 145.42
2026/09/11 12:12:56.348, 1, 31617, 97871, 0, 149.52
2026/09/11 12:12:56.348, 2, 31611, 97871, 0, 146.65
2026/09/11 12:12:56.348, 3, 30453, 97871, 0, 147.46
2026/09/11 12:12:56.548, 0, 30687, 97871, 0, 138.43
2026/09/11 12:12:56.548, 1, 31617, 97871, 0, 140.58
2026/09/11 12:12:56.548, 2, 31611, 97871, 0, 138.59
2026/09/11 12:12:56.548, 3, 30453, 97871, 0, 139.40
2026/09/11 12:12:56.748, 0, 30687, 97871, 13, 140.85
2026/09/11 12:12:56.748, 1, 31617, 97871, 45, 142.38
2026/09/11 12:12:56.748, 2, 31611, 97871, 38, 140.23
2026/09/11 12:12:56.748, 3, 30453, 97871, 73, 141.81
2026/09/11 12:12:56.949, 0, 30687, 97871, 100, 144.76
2026/09/11 12:12:56.949, 1, 31617, 97871, 100, 145.55
2026/09/11 12:12:56.949, 2, 31611, 97871, 9, 143.02
2026/09/11 12:12:56.949, 3, 30453, 97871, 100, 145.42
2026/09/11 12:12:57.149, 0, 30687, 97871, 66, 149.85
2026/09/11 12:12:57.149, 1, 31617, 97871, 68, 148.57
2026/09/11 12:12:57.149, 2, 31611, 97871, 86, 146.28
2026/09/11 12:12:57.149, 3, 30453, 97871, 100, 149.28
2026/09/11 12:12:57.349, 0, 30687, 97871, 80, 158.12
2026/09/11 12:12:57.349, 1, 31617, 97871, 84, 156.63
2026/09/11 12:12:57.349, 2, 31611, 97871, 10, 153.34
2026/09/11 12:12:57.349, 3, 30453, 97871, 100, 157.86
2026/09/11 12:12:57.549, 0, 30687, 97871, 100, 166.69
2026/09/11 12:12:57.550, 1, 31617, 97871, 100, 165.49
2026/09/11 12:12:57.550, 2, 31611, 97871, 9, 161.66
2026/09/11 12:12:57.550, 3, 30453, 97871, 100, 167.22
2026/09/11 12:12:57.750, 0, 30687, 97871, 30, 168.98
2026/09/11 12:12:57.750, 1, 31617, 97871, 95, 170.77
2026/09/11 12:12:57.750, 2, 31611, 97871, 100, 166.35
2026/09/11 12:12:57.750, 3, 30453, 97871, 100, 169.93
2026/09/11 12:12:57.950, 0, 30687, 97871, 21, 168.17
2026/09/11 12:12:57.950, 1, 31617, 97871, 79, 172.64
2026/09/11 12:12:57.950, 2, 31611, 97871, 91, 166.33
2026/09/11 12:12:57.950, 3, 30453, 97871, 100, 169.55
2026/09/11 12:12:58.150, 0, 30687, 97871, 73, 165.51
2026/09/11 12:12:58.151, 1, 31617, 97871, 66, 170.12
2026/09/11 12:12:58.151, 2, 31611, 97871, 40, 164.15
2026/09/11 12:12:58.151, 3, 30453, 97871, 100, 166.70
2026/09/11 12:12:58.351, 0, 30687, 97871, 68, 162.89
2026/09/11 12:12:58.351, 1, 31617, 97871, 98, 168.02
2026/09/11 12:12:58.351, 2, 31611, 97871, 100, 163.37
2026/09/11 12:12:58.351, 3, 30453, 97871, 7, 164.27
2026/09/11 12:12:58.551, 0, 30687, 97871, 23, 158.88
2026/09/11 12:12:58.551, 1, 31617, 97871, 100, 165.36
2026/09/11 12:12:58.551, 2, 31611, 97871, 100, 161.68
2026/09/11 12:12:58.551, 3, 30453, 97871, 100, 160.75
2026/09/11 12:12:58.751, 0, 30687, 97871, 9, 153.95
2026/09/11 12:12:58.752, 1, 31617, 97871, 100, 159.01
2026/09/11 12:12:58.752, 2, 31611, 97871, 94, 154.79
2026/09/11 12:12:58.752, 3, 30453, 97871, 27, 156.06
2026/09/11 12:12:58.952, 0, 30687, 97871, 100, 151.19
2026/09/11 12:12:58.952, 1, 31617, 97871, 91, 154.19
2026/09/11 12:12:58.952, 2, 31611, 97871, 92, 152.25
2026/09/11 12:12:58.952, 3, 30453, 97871, 69, 152.70
2026/09/11 12:12:59.152, 0, 30687, 97871, 91, 151.17
2026/09/11 12:12:59.152, 1, 31617, 97871, 62, 153.85
2026/09/11 12:12:59.152, 2, 31611, 97871, 97, 151.87
2026/09/11 12:12:59.152, 3, 30453, 97871, 13, 152.56
2026/09/11 12:12:59.352, 0, 30687, 97871, 97, 151.20
2026/09/11 12:12:59.352, 1, 31617, 97871, 100, 153.84
2026/09/11 12:12:59.353, 2, 31611, 97871, 7, 151.80
2026/09/11 12:12:59.353, 3, 30453, 97871, 95, 152.62
2026/09/11 12:12:59.553, 0, 30687, 97871, 97, 151.51
2026/09/11 12:12:59.553, 1, 31617, 97871, 48, 153.90
2026/09/11 12:12:59.553, 2, 31611, 97871, 81, 151.75
2026/09/11 12:12:59.553, 3, 30453, 97871, 94, 152.44
2026/09/11 12:12:59.753, 0, 30687, 97871, 74, 151.57
2026/09/11 12:12:59.753, 1, 31617, 97871, 95, 153.88
2026/09/11 12:12:59.753, 2, 31611, 97871, 95, 151.81
2026/09/11 12:12:59.753, 3, 30453, 97871, 8, 152.38
2026/09/11 12:12:59.953, 0, 30687, 97871, 97, 151.37
2026/09/11 12:12:59.953, 1, 31617, 97871, 97, 153.88
2026/09/11 12:12:59.953, 2, 31611, 97871, 9, 151.80
2026/09/11 12:12:59.954, 3, 30453, 97871, 100, 152.19
2026/09/11 12:13:00.154, 0, 30687, 97871, 76, 147.61
2026/09/11 12:13:00.154, 1, 31617, 97871, 22, 152.19
2026/09/11 12:13:00.154, 2, 31611, 97871, 38, 149.13
2026/09/11 12:13:00.154, 3, 30453, 97871, 68, 148.75
2026/09/11 12:13:00.354, 0, 30687, 97871, 0, 141.54
2026/09/11 12:13:00.354, 1, 31617, 97871, 0, 145.72
2026/09/11 12:13:00.354, 2, 31611, 97871, 0, 142.81
2026/09/11 12:13:00.354, 3, 30453, 97871, 0, 142.54
2026/09/11 12:13:00.554, 0, 30687, 97871, 0, 141.92
2026/09/11 12:13:00.554, 1, 31617, 97871, 0, 143.31
2026/09/11 12:13:00.554, 2, 31611, 97871, 0, 141.64
2026/09/11 12:13:00.554, 3, 30453, 97871, 7, 142.45
2026/09/11 12:13:00.755, 0, 30687, 97871, 19, 143.87
2026/09/11 12:13:00.755, 1, 31617, 97871, 100, 146.15
2026/09/11 12:13:00.755, 2, 31611, 97871, 100, 144.42
2026/09/11 12:13:00.755, 3, 30453, 97871, 100, 144.71
2026/09/11 12:13:00.955, 0, 30687, 97871, 12, 145.80
2026/09/11 12:13:00.955, 1, 31617, 97871, 71, 147.37
2026/09/11 12:13:00.955, 2, 31611, 97871, 77, 145.99
2026/09/11 12:13:00.955, 3, 30453, 97871, 98, 147.10
2026/09/11 12:13:01.155, 0, 30687, 97871, 10, 150.55
2026/09/11 12:13:01.155, 1, 31617, 97871, 100, 150.05
2026/09/11 12:13:01.155, 2, 31611, 97871, 100, 150.31
2026/09/11 12:13:01.155, 3, 30453, 97871, 100, 152.33
2026/09/11 12:13:01.355, 0, 30687, 97871, 10, 162.59
2026/09/11 12:13:01.356, 1, 31617, 97871, 85, 159.79
2026/09/11 12:13:01.356, 2, 31611, 97871, 52, 159.99
2026/09/11 12:13:01.356, 3, 30453, 97871, 91, 162.53
2026/09/11 12:13:01.556, 0, 30687, 97871, 93, 165.31
2026/09/11 12:13:01.556, 1, 31617, 97871, 100, 168.19
2026/09/11 12:13:01.556, 2, 31611, 97871, 30, 164.96
2026/09/11 12:13:01.556, 3, 30453, 97871, 91, 168.01
2026/09/11 12:13:01.756, 0, 30687, 97871, 100, 164.20
2026/09/11 12:13:01.756, 1, 31617, 97871, 34, 167.63
2026/09/11 12:13:01.756, 2, 31611, 97871, 100, 163.46
2026/09/11 12:13:01.756, 3, 30453, 97871, 100, 166.96
2026/09/11 12:13:01.956, 0, 30687, 97871, 9, 158.97
2026/09/11 12:13:01.956, 1, 31617, 97871, 100, 164.68
2026/09/11 12:13:01.956, 2, 31611, 97871, 94, 159.53
2026/09/11 12:13:01.957, 3, 30453, 97871, 72, 161.50
2026/09/11 12:13:02.157, 0, 30687, 97871, 0, 151.23
2026/09/11 12:13:02.157, 1, 31617, 97871, 0, 156.74
2026/09/11 12:13:02.157, 2, 31611, 97871, 0, 151.07
2026/09/11 12:13:02.157, 3, 30453, 97871, 0, 153.68
2026/09/11 12:13:02.357, 0, 30687, 97871, 0, 146.75
2026/09/11 12:13:02.357, 1, 31617, 97871, 0, 151.52
2026/09/11 12:13:02.357, 2, 31611, 97871, 7, 147.22
2026/09/11 12:13:02.357, 3, 30453, 97871, 26, 149.16
2026/09/11 12:13:02.557, 0, 30687, 97871, 93, 145.75
2026/09/11 12:13:02.557, 1, 31617, 97871, 100, 150.32
2026/09/11 12:13:02.557, 2, 31611, 97871, 11, 145.57
2026/09/11 12:13:02.557, 3, 30453, 97871, 98, 147.30
2026/09/11 12:13:02.757, 0, 30687, 97871, 100, 146.32
2026/09/11 12:13:02.758, 1, 31617, 97871, 64, 150.07
2026/09/11 12:13:02.758, 2, 31611, 97871, 41, 146.26
2026/09/11 12:13:02.758, 3, 30453, 97871, 9, 147.29
2026/09/11 12:13:02.958, 0, 30687, 97871, 73, 153.91
2026/09/11 12:13:02.958, 1, 31617, 97871, 100, 154.46
2026/09/11 12:13:02.958, 2, 31611, 97871, 90, 151.33
2026/09/11 12:13:02.958, 3, 30453, 97871, 23, 153.58
2026/09/11 12:13:03.158, 0, 30687, 97871, 77, 165.74
2026/09/11 12:13:03.158, 1, 31617, 97871, 71, 167.68
2026/09/11 12:13:03.158, 2, 31611, 97871, 83, 163.71
2026/09/11 12:13:03.158, 3, 30453, 97871, 100, 164.42
2026/09/11 12:13:03.362, 0, 30687, 97871, 47, 164.91
2026/09/11 12:13:03.363, 1, 31617, 97871, 32, 169.94
2026/09/11 12:13:03.363, 2, 31611, 97871, 9, 164.62
2026/09/11 12:13:03.363, 3, 30453, 97871, 100, 164.90
2026/09/11 12:13:03.563, 0, 30687, 97871, 0, 159.04
2026/09/11 12:13:03.563, 1, 31617, 97871, 74, 164.84
2026/09/11 12:13:03.563, 2, 31611, 97871, 10, 159.94
2026/09/11 12:13:03.563, 3, 30453, 97871, 74, 159.33
2026/09/11 12:13:03.763, 0, 30687, 97871, 0, 150.90
2026/09/11 12:13:03.763, 1, 31617, 97871, 0, 156.23
2026/09/11 12:13:03.763, 2, 31611, 97871, 0, 151.85
2026/09/11 12:13:03.763, 3, 30453, 97871, 0, 151.57
2026/09/11 12:13:03.963, 0, 30687, 97871, 0, 140.82
2026/09/11 12:13:03.963, 1, 31617, 97871, 0, 146.88
2026/09/11 12:13:03.963, 2, 31611, 97871, 0, 143.79
2026/09/11 12:13:03.964, 3, 30453, 97871, 0, 142.25
2026/09/11 12:13:04.164, 0, 30447, 97871, 1, 128.78
2026/09/11 12:13:04.164, 1, 31617, 97871, 0, 134.63
2026/09/11 12:13:04.164, 2, 31563, 97871, 0, 131.04
2026/09/11 12:13:04.164, 3, 30207, 97871, 0, 130.28
2026/09/11 12:13:04.364, 0, 30447, 97871, 0, 122.41
2026/09/11 12:13:04.364, 1, 31617, 97871, 0, 126.67
2026/09/11 12:13:04.364, 2, 31563, 97871, 0, 124.04
2026/09/11 12:13:04.364, 3, 30207, 97871, 0, 124.34
2026/09/11 12:13:04.564, 0, 30119, 97871, 0, 119.80
2026/09/11 12:13:04.564, 1, 31049, 97871, 0, 121.77
2026/09/11 12:13:04.564, 2, 31043, 97871, 0, 120.24
2026/09/11 12:13:04.564, 3, 29885, 97871, 0, 120.68
2026/09/11 12:13:04.764, 0, 30119, 97871, 1, 119.77
2026/09/11 12:13:04.764, 1, 31049, 97871, 1, 121.85
2026/09/11 12:13:04.765, 2, 31043, 97871, 2, 120.17
2026/09/11 12:13:04.765, 3, 29885, 97871, 0, 120.60
2026/09/11 12:13:04.965, 0, 30119, 97871, 0, 119.74
2026/09/11 12:13:04.965, 1, 31049, 97871, 0, 121.81
2026/09/11 12:13:04.965, 2, 31043, 97871, 0, 120.15
2026/09/11 12:13:04.965, 3, 29885, 97871, 0, 120.62
2026/09/11 12:13:05.165, 0, 30119, 97871, 0, 119.72
2026/09/11 12:13:05.165, 1, 31049, 97871, 0, 121.81
2026/09/11 12:13:05.165, 2, 31043, 97871, 0, 120.15
2026/09/11 12:13:05.165, 3, 29885, 97871, 0, 120.61
2026/09/11 12:13:05.365, 0, 30119, 97871, 0, 119.70
2026/09/11 12:13:05.365, 1, 31049, 97871, 0, 121.79
2026/09/11 12:13:05.365, 2, 31043, 97871, 0, 120.15
2026/09/11 12:13:05.366, 3, 29885, 97871, 0, 120.58
2026/09/11 12:13:05.566, 0, 30119, 97871, 0, 119.67
2026/09/11 12:13:05.566, 1, 31049, 97871, 0, 121.82
2026/09/11 12:13:05.566, 2, 31043, 97871, 0, 120.13
2026/09/11 12:13:05.566, 3, 29885, 97871, 0, 120.52
2026/09/11 12:13:05.766, 0, 30119, 97871, 0, 119.66
2026/09/11 12:13:05.766, 1, 31049, 97871, 0, 121.77
2026/09/11 12:13:05.766, 2, 31043, 97871, 0, 120.11
2026/09/11 12:13:05.766, 3, 29885, 97871, 0, 120.57
2026/09/11 12:13:05.966, 0, 30119, 97871, 0, 119.64
2026/09/11 12:13:05.966, 1, 31049, 97871, 0, 121.78
2026/09/11 12:13:05.967, 2, 31043, 97871, 0, 120.10
2026/09/11 12:13:05.967, 3, 29885, 97871, 0, 120.57
2026/09/11 12:13:06.167, 0, 30119, 97871, 0, 119.64
2026/09/11 12:13:06.167, 1, 31049, 97871, 0, 121.77
2026/09/11 12:13:06.168, 2, 31043, 97871, 0, 120.05
2026/09/11 12:13:06.168, 3, 29885, 97871, 0, 120.52
2026/09/11 12:13:06.369, 0, 30119, 97871, 0, 119.63
2026/09/11 12:13:06.369, 1, 31049, 97871, 0, 121.76
2026/09/11 12:13:06.369, 2, 31043, 97871, 0, 120.02
2026/09/11 12:13:06.369, 3, 598, 97871, 2, 123.03
2026/09/11 12:13:06.569, 0, 30119, 97871, 0, 119.62
2026/09/11 12:13:06.570, 1, 31049, 97871, 0, 121.71
2026/09/11 12:13:06.570, 2, 31043, 97871, 0, 120.02
2026/09/11 12:13:06.570, 3, 598, 97871, 32, 123.87
2026/09/11 12:13:06.770, 0, 30101, 97871, 0, 120.15
2026/09/11 12:13:06.911, 1, 4, 97871, 46, 125.14
2026/09/11 12:13:07.032, 2, 4, 97871, 1, 123.42
2026/09/11 12:13:07.032, 3, 4, 97871, 1, 125.20
2026/09/11 12:13:07.232, 0, 4, 97871, 0, 123.42
2026/09/11 12:13:07.233, 1, 4, 97871, 0, 125.72
2026/09/11 12:13:07.233, 2, 4, 97871, 0, 123.89
2026/09/11 12:13:07.233, 3, 4, 97871, 0, 125.48
2026/09/11 12:13:07.433, 0, 4, 97871, 0, 123.90
2026/09/11 12:13:07.433, 1, 4, 97871, 0, 126.12
2026/09/11 12:13:07.433, 2, 4, 97871, 0, 124.39
2026/09/11 12:13:07.433, 3, 4, 97871, 0, 123.07
2026/09/11 12:13:07.633, 0, 4, 97871, 0, 124.40
2026/09/11 12:13:07.633, 1, 4, 97871, 0, 126.59
2026/09/11 12:13:07.633, 2, 4, 97871, 0, 124.86
2026/09/11 12:13:07.633, 3, 4, 97871, 0, 123.16
2026/09/11 12:13:07.833, 0, 4, 97871, 0, 124.48
2026/09/11 12:13:07.833, 1, 4, 97871, 0, 126.74
2026/09/11 12:13:07.834, 2, 4, 97871, 0, 124.80
2026/09/11 12:13:07.834, 3, 4, 97871, 0, 123.16
2026/09/11 12:13:08.034, 0, 4, 97871, 0, 124.41
2026/09/11 12:13:08.034, 1, 4, 97871, 0, 124.22
2026/09/11 12:13:08.034, 2, 4, 97871, 0, 122.43
2026/09/11 12:13:08.034, 3, 4, 97871, 0, 123.08
2026/09/11 12:13:08.234, 0, 4, 97871, 0, 122.00
2026/09/11 12:13:08.234, 1, 4, 97871, 0, 124.18
2026/09/11 12:13:08.234, 2, 4, 97871, 0, 122.44
2026/09/11 12:13:08.234, 3, 4, 97871, 0, 117.67
2026/09/11 12:13:08.434, 0, 4, 97871, 0, 115.16
2026/09/11 12:13:08.434, 1, 4, 97871, 0, 124.18
2026/09/11 12:13:08.434, 2, 4, 97871, 0, 122.41
2026/09/11 12:13:08.434, 3, 4, 97871, 0, 108.51
2026/09/11 12:13:08.635, 0, 4, 97871, 0, 106.42
2026/09/11 12:13:08.635, 1, 4, 97871, 0, 124.19
2026/09/11 12:13:08.635, 2, 4, 97871, 0, 116.11
2026/09/11 12:13:08.635, 3, 4, 97871, 0, 99.19
2026/09/11 12:13:08.835, 0, 4, 97871, 0, 97.10
2026/09/11 12:13:08.835, 1, 4, 97871, 0, 124.17
2026/09/11 12:13:08.835, 2, 4, 97871, 0, 107.21
2026/09/11 12:13:08.835, 3, 4, 97871, 0, 90.39
2026/09/11 12:13:09.035, 0, 4, 97871, 0, 87.99
2026/09/11 12:13:09.035, 1, 4, 97871, 0, 118.30
2026/09/11 12:13:09.035, 2, 4, 97871, 0, 98.27
2026/09/11 12:13:09.035, 3, 4, 97871, 0, 80.32
2026/09/11 12:13:09.236, 0, 4, 97871, 0, 79.56
2026/09/11 12:13:09.236, 1, 4, 97871, 0, 109.56
2026/09/11 12:13:09.236, 2, 4, 97871, 0, 89.85
2026/09/11 12:13:09.236, 3, 4, 97871, 0, 76.32
2026/09/11 12:13:09.436, 0, 4, 97871, 0, 76.39
2026/09/11 12:13:09.436, 1, 4, 97871, 0, 100.11
2026/09/11 12:13:09.436, 2, 4, 97871, 0, 80.87
2026/09/11 12:13:09.436, 3, 4, 97871, 0, 76.03
2026/09/11 12:13:09.636, 0, 4, 97871, 0, 75.94
2026/09/11 12:13:09.636, 1, 4, 97871, 0, 90.79
2026/09/11 12:13:09.636, 2, 4, 97871, 0, 77.20
2026/09/11 12:13:09.636, 3, 4, 97871, 0, 75.71
2026/09/11 12:13:09.836, 0, 0, 97871, 0, 75.57
2026/09/11 12:13:09.838, 1, 0, 97871, 0, 82.29
2026/09/11 12:13:09.838, 2, 0, 97871, 0, 76.64
2026/09/11 12:13:09.839, 3, 3, 97871, 0, 75.55
2026/09/11 12:13:10.039, 0, 0, 97871, 0, 75.21
2026/09/11 12:13:10.039, 1, 0, 97871, 0, 77.93
2026/09/11 12:13:10.039, 2, 0, 97871, 0, 76.21
2026/09/11 12:13:10.039, 3, 0, 97871, 0, 75.43
2026/09/11 12:13:10.239, 0, 0, 97871, 0, 75.02
2026/09/11 12:13:10.239, 1, 0, 97871, 0, 77.47
2026/09/11 12:13:10.239, 2, 0, 97871, 0, 75.88
2026/09/11 12:13:10.239, 3, 0, 97871, 0, 75.24
